GeneSymbol	Protein change	ClinicalSignificance	ReviewStatus	VariationID	Name	LastEvaluated
TP53	p.Ala159Asp	Pathogenic/Likely pathogenic	criteria provided, multiple submitters, no conflicts	1026335	NM_000546.6(TP53):c.476C>A (p.Ala159Asp)	Jan 05, 2026
TP53	p.Ala159Val	Pathogenic/Likely pathogenic	criteria provided, multiple submitters, no conflicts	458545	NM_000546.6(TP53):c.476C>T (p.Ala159Val)	Oct 12, 2025
TP53	p.Ala161Thr	Pathogenic/Likely pathogenic	criteria provided, multiple submitters, no conflicts	161518	NM_000546.6(TP53):c.481G>A (p.Ala161Thr)	Jun 09, 2025
TP53	p.Ala276Gly	Pathogenic/Likely pathogenic	criteria provided, multiple submitters, no conflicts	185319	NM_000546.6(TP53):c.827C>G (p.Ala276Gly)	Dec 29, 2025
TP53	p.Arg156Pro	Pathogenic/Likely pathogenic	criteria provided, multiple submitters, no conflicts	634768	NM_000546.6(TP53):c.467G>C (p.Arg156Pro)	Sep 29, 2024
TP53	p.Arg158Gly	Pathogenic	criteria provided, multiple submitters, no conflicts	856171	NM_000546.6(TP53):c.472C>G (p.Arg158Gly)	Mar 31, 2025
TP53	p.Arg158His	Pathogenic/Likely pathogenic	criteria provided, multiple submitters, no conflicts	141963	NM_000546.6(TP53):c.473G>A (p.Arg158His)	Dec 14, 2025
TP53	p.Arg181His	Pathogenic/Likely pathogenic	criteria provided, multiple submitters, no conflicts	142320	NM_000546.6(TP53):c.542G>A (p.Arg181His)	Feb 02, 2026
TP53	p.Arg181Pro	Pathogenic/Likely pathogenic	criteria provided, multiple submitters, no conflicts	825729	NM_000546.6(TP53):c.542G>C (p.Arg181Pro)	Feb 14, 2024
TP53	p.Arg196Pro	Pathogenic/Likely pathogenic	criteria provided, multiple submitters, no conflicts	231165	NM_000546.6(TP53):c.587G>C (p.Arg196Pro)	Dec 11, 2025
TP53	p.Arg213Gln	Pathogenic/Likely pathogenic	criteria provided, multiple submitters, no conflicts	135359	NM_000546.6(TP53):c.638G>A (p.Arg213Gln)	Jan 28, 2026
TP53	p.Arg213Pro	Pathogenic/Likely pathogenic	criteria provided, multiple submitters, no conflicts	231214	NM_000546.6(TP53):c.638G>C (p.Arg213Pro)	Sep 17, 2024
TP53	p.Arg213Trp	Pathogenic/Likely pathogenic	criteria provided, multiple submitters, no conflicts	3460335	NM_000546.6(TP53):c.637_639delinsTGG (p.Arg213Trp)	Nov 20, 2025
TP53	p.Arg248Gly	Pathogenic/Likely pathogenic	criteria provided, multiple submitters, no conflicts	376652	NM_000546.6(TP53):c.742C>G (p.Arg248Gly)	Jan 26, 2026
TP53	p.Arg248Pro	Pathogenic/Likely pathogenic	criteria provided, multiple submitters, no conflicts	237954	NM_000546.6(TP53):c.743G>C (p.Arg248Pro)	Apr 15, 2024
TP53	p.Arg249Ser	Pathogenic/Likely pathogenic	criteria provided, multiple submitters, no conflicts	12352	NM_000546.6(TP53):c.747G>T (p.Arg249Ser)	Oct 11, 2025
TP53	p.Arg249Thr	Pathogenic/Likely pathogenic	criteria provided, multiple submitters, no conflicts	376015	NM_000546.6(TP53):c.746G>C (p.Arg249Thr)	Feb 16, 2024
TP53	p.Arg267Gly	Pathogenic	criteria provided, multiple submitters, no conflicts	1761541	NM_000546.6(TP53):c.799C>G (p.Arg267Gly)	Jul 27, 2023
TP53	p.Arg267Pro	Pathogenic	criteria provided, multiple submitters, no conflicts	428867	NM_000546.6(TP53):c.800G>C (p.Arg267Pro)	Feb 25, 2025
TP53	p.Arg267Trp	Pathogenic/Likely pathogenic	criteria provided, multiple submitters, no conflicts	141764	NM_000546.6(TP53):c.799C>T (p.Arg267Trp)	Dec 29, 2025
TP53	p.Arg273Cys	Pathogenic/Likely pathogenic	criteria provided, multiple submitters, no conflicts	43594	NM_000546.6(TP53):c.817C>T (p.Arg273Cys)	Dec 08, 2025
TP53	p.Arg273Gly	Pathogenic/Likely pathogenic	criteria provided, multiple submitters, no conflicts	634682	NM_000546.6(TP53):c.817C>G (p.Arg273Gly)	Jul 23, 2025
TP53	p.Arg273Leu	Pathogenic	criteria provided, multiple submitters, no conflicts	376655	NM_000546.6(TP53):c.818G>T (p.Arg273Leu)	May 11, 2025
TP53	p.Arg273Pro	Pathogenic/Likely pathogenic	criteria provided, multiple submitters, no conflicts	231060	NM_000546.6(TP53):c.818G>C (p.Arg273Pro)	Nov 10, 2025
TP53	p.Arg273Ser	Pathogenic	criteria provided, multiple submitters, no conflicts	376656	NM_000546.6(TP53):c.817C>A (p.Arg273Ser)	Apr 24, 2025
TP53	p.Arg280Ser	Pathogenic/Likely pathogenic	criteria provided, multiple submitters, no conflicts	634747	NM_000546.6(TP53):c.840A>C (p.Arg280Ser)	Feb 20, 2024
TP53	p.Arg280Thr	Pathogenic/Likely pathogenic	criteria provided, multiple submitters, no conflicts	12368	NM_000546.6(TP53):c.839G>C (p.Arg280Thr)	Aug 27, 2024
TP53	p.Arg282Gly	Pathogenic	criteria provided, multiple submitters, no conflicts	140821	NM_000546.6(TP53):c.844C>G (p.Arg282Gly)	Oct 31, 2025
TP53	p.Arg282Pro	Pathogenic/Likely pathogenic	criteria provided, multiple submitters, no conflicts	376659	NM_000546.6(TP53):c.845G>C (p.Arg282Pro)	Sep 15, 2025
TP53	p.Arg282Trp	Pathogenic/Likely pathogenic	criteria provided, multiple submitters, no conflicts	12364	NM_000546.6(TP53):c.844C>T (p.Arg282Trp)	Feb 18, 2026
TP53	p.Asn131Ile	Pathogenic/Likely pathogenic	criteria provided, multiple submitters, no conflicts	428902	NM_000546.6(TP53):c.392A>T (p.Asn131Ile)	Feb 13, 2024
TP53	p.Asn239Ser	Pathogenic/Likely pathogenic	criteria provided, multiple submitters, no conflicts	376637	NM_000546.6(TP53):c.716A>G (p.Asn239Ser)	Jan 27, 2025
TP53	p.Asp186Glu	Likely benign	criteria provided, multiple submitters, no conflicts	230006	NM_000546.6(TP53):c.558T>A (p.Asp186Glu)	Aug 24, 2025
TP53	p.Asp281Ala	Pathogenic/Likely pathogenic	criteria provided, multiple submitters, no conflicts	376589	NM_000546.6(TP53):c.842A>C (p.Asp281Ala)	Mar 07, 2025
TP53	p.Asp281Asn	Pathogenic/Likely pathogenic	criteria provided, multiple submitters, no conflicts	376586	NM_000546.6(TP53):c.841G>A (p.Asp281Asn)	Dec 29, 2025
TP53	p.Asp281Glu	Pathogenic/Likely pathogenic	criteria provided, multiple submitters, no conflicts	376587	NM_000546.6(TP53):c.843C>G (p.Asp281Glu)	Dec 10, 2025
TP53	p.Asp281Gly	Pathogenic	criteria provided, multiple submitters, no conflicts	141141	NM_000546.6(TP53):c.842A>G (p.Asp281Gly)	Jul 21, 2024
TP53	p.Asp281His	Pathogenic/Likely pathogenic	criteria provided, multiple submitters, no conflicts	376588	NM_000546.6(TP53):c.841G>C (p.Asp281His)	May 22, 2024
TP53	p.Asp281Tyr	Pathogenic/Likely pathogenic	criteria provided, multiple submitters, no conflicts	376585	NM_000546.6(TP53):c.841G>T (p.Asp281Tyr)	Jul 01, 2025
TP53	p.Asp281Val	Pathogenic/Likely pathogenic	criteria provided, multiple submitters, no conflicts	182968	NM_000546.6(TP53):c.842A>T (p.Asp281Val)	Jul 02, 2025
TP53	p.Cys135Arg	Pathogenic/Likely pathogenic	criteria provided, multiple submitters, no conflicts	376560	NM_000546.6(TP53):c.403T>C (p.Cys135Arg)	Jul 29, 2025
TP53	p.Cys135Phe	Pathogenic/Likely pathogenic	criteria provided, multiple submitters, no conflicts	376559	NM_000546.6(TP53):c.404G>T (p.Cys135Phe)	Nov 07, 2025
TP53	p.Cys141Trp	Pathogenic	criteria provided, multiple submitters, no conflicts	376564	NM_000546.6(TP53):c.423C>G (p.Cys141Trp)	Sep 23, 2025
TP53	p.Cys141Tyr	Pathogenic/Likely pathogenic	criteria provided, multiple submitters, no conflicts	140801	NM_000546.6(TP53):c.422G>A (p.Cys141Tyr)	Sep 15, 2025
TP53	p.Cys176Phe	Pathogenic/Likely pathogenic	criteria provided, multiple submitters, no conflicts	376569	NM_000546.6(TP53):c.527G>T (p.Cys176Phe)	Feb 09, 2025
TP53	p.Cys176Tyr	Pathogenic	criteria provided, multiple submitters, no conflicts	186451	NM_000546.6(TP53):c.527G>A (p.Cys176Tyr)	Dec 08, 2025
TP53	p.Cys238Arg	Pathogenic/Likely pathogenic	criteria provided, multiple submitters, no conflicts	376576	NM_000546.6(TP53):c.712T>C (p.Cys238Arg)	May 09, 2024
TP53	p.Cys238Gly	Pathogenic/Likely pathogenic	criteria provided, multiple submitters, no conflicts	376577	NM_000546.6(TP53):c.712T>G (p.Cys238Gly)	Sep 12, 2025
TP53	p.Cys238Phe	Pathogenic/Likely pathogenic	criteria provided, multiple submitters, no conflicts	376574	NM_000546.6(TP53):c.713G>T (p.Cys238Phe)	Oct 27, 2025
TP53	p.Cys238Ser	Pathogenic/Likely pathogenic	criteria provided, multiple submitters, no conflicts	376575	NM_000546.6(TP53):c.713G>C (p.Cys238Ser)	Mar 13, 2025
TP53	p.Cys238Trp	Pathogenic/Likely pathogenic	criteria provided, multiple submitters, no conflicts	161515	NM_000546.6(TP53):c.714T>G (p.Cys238Trp)	Dec 28, 2020
TP53	p.Cys238Tyr	Pathogenic/Likely pathogenic	criteria provided, multiple submitters, no conflicts	182935	NM_000546.6(TP53):c.713G>A (p.Cys238Tyr)	Jan 28, 2026
TP53	p.Cys242Tyr	Pathogenic/Likely pathogenic	criteria provided, multiple submitters, no conflicts	12354	NM_000546.6(TP53):c.725G>A (p.Cys242Tyr)	Nov 10, 2025
TP53	p.Cys275Phe	Pathogenic	criteria provided, multiple submitters, no conflicts	376582	NM_000546.6(TP53):c.824G>T (p.Cys275Phe)	Jan 11, 2026
TP53	p.Cys275Tyr	Pathogenic/Likely pathogenic	criteria provided, multiple submitters, no conflicts	215997	NM_000546.6(TP53):c.824G>A (p.Cys275Tyr)	Sep 07, 2025
TP53	p.Glu258Lys	Pathogenic/Likely pathogenic	criteria provided, multiple submitters, no conflicts	12348	NM_000546.6(TP53):c.772G>A (p.Glu258Lys)	Oct 07, 2025
TP53	p.Glu271Val	Likely pathogenic	criteria provided, multiple submitters, no conflicts	3147994	NM_000546.6(TP53):c.812A>T (p.Glu271Val)	Jun 12, 2024
TP53	p.Glu285Lys	Pathogenic/Likely pathogenic	criteria provided, multiple submitters, no conflicts	420133	NM_000546.6(TP53):c.853G>A (p.Glu285Lys)	Jan 25, 2025
TP53	p.Glu286Lys	Pathogenic/Likely pathogenic	criteria provided, multiple submitters, no conflicts	183752	NM_000546.6(TP53):c.856G>A (p.Glu286Lys)	Jul 03, 2025
TP53	p.Gly105Arg	Pathogenic/Likely pathogenic	criteria provided, multiple submitters, no conflicts	406574	NM_000546.6(TP53):c.313G>C (p.Gly105Arg)	Oct 04, 2023
TP53	p.Gly105Ser	Pathogenic/Likely pathogenic	criteria provided, multiple submitters, no conflicts	428884	NM_000546.6(TP53):c.313G>A (p.Gly105Ser)	Sep 10, 2025
TP53	p.Gly244Ala	Pathogenic/Likely pathogenic	criteria provided, multiple submitters, no conflicts	458560	NM_000546.6(TP53):c.731G>C (p.Gly244Ala)	Dec 02, 2024
TP53	p.Gly244Asp	Pathogenic/Likely pathogenic	criteria provided, multiple submitters, no conflicts	372785	NM_000546.6(TP53):c.731G>A (p.Gly244Asp)	May 01, 2025
TP53	p.Gly244Ser	Pathogenic	criteria provided, multiple submitters, no conflicts	376600	NM_000546.6(TP53):c.730G>A (p.Gly244Ser)	Jun 17, 2025
TP53	p.Gly245Asp	Pathogenic/Likely pathogenic	criteria provided, multiple submitters, no conflicts	12355	NM_000546.6(TP53):c.734G>A (p.Gly245Asp)	May 22, 2025
TP53	p.Gly245Cys	Pathogenic	criteria provided, multiple submitters, no conflicts	12349	NM_000546.6(TP53):c.733G>T (p.Gly245Cys)	May 07, 2025
TP53	p.Gly245Val	Pathogenic	criteria provided, multiple submitters, no conflicts	376603	NM_000546.6(TP53):c.734G>T (p.Gly245Val)	Feb 26, 2025
TP53	p.Gly266Arg	Pathogenic	criteria provided, multiple submitters, no conflicts	458566	NM_000546.6(TP53):c.796G>A (p.Gly266Arg)	Apr 25, 2024
TP53	p.Gly266Glu	Pathogenic/Likely pathogenic	criteria provided, multiple submitters, no conflicts	161516	NM_000546.6(TP53):c.797G>A (p.Gly266Glu)	Dec 12, 2025
TP53	p.Gly334Trp	Likely pathogenic	criteria provided, multiple submitters, no conflicts	428876	NM_000546.6(TP53):c.1000G>T (p.Gly334Trp)	Jun 18, 2022
TP53	p.His178Gln	Pathogenic/Likely pathogenic	criteria provided, multiple submitters, no conflicts	947223	NM_000546.6(TP53):c.534C>G (p.His178Gln)	Sep 13, 2023
TP53	p.His179Arg	Pathogenic/Likely pathogenic	criteria provided, multiple submitters, no conflicts	376606	NM_000546.6(TP53):c.536A>G (p.His179Arg)	Dec 14, 2025
TP53	p.His179Asp	Pathogenic/Likely pathogenic	criteria provided, multiple submitters, no conflicts	376610	NM_000546.6(TP53):c.535C>G (p.His179Asp)	Mar 04, 2025
TP53	p.His179Tyr	Pathogenic/Likely pathogenic	criteria provided, multiple submitters, no conflicts	127815	NM_000546.6(TP53):c.535C>T (p.His179Tyr)	Mar 18, 2025
TP53	p.His193Arg	Pathogenic/Likely pathogenic	criteria provided, multiple submitters, no conflicts	184979	NM_000546.6(TP53):c.578A>G (p.His193Arg)	Jul 24, 2025
TP53	p.His193Asn	Pathogenic/Likely pathogenic	criteria provided, multiple submitters, no conflicts	3460301	NM_000546.6(TP53):c.577C>A (p.His193Asn)	Jul 08, 2024
TP53	p.His193Tyr	Pathogenic/Likely pathogenic	criteria provided, multiple submitters, no conflicts	230256	NM_000546.6(TP53):c.577C>T (p.His193Tyr)	Jun 11, 2025
TP53	p.Ile195Thr	Pathogenic	criteria provided, multiple submitters, no conflicts	216077	NM_000546.6(TP53):c.584T>C (p.Ile195Thr)	Dec 18, 2025
TP53	p.Ile232Asn	Pathogenic/Likely pathogenic	criteria provided, multiple submitters, no conflicts	850008	NM_000546.6(TP53):c.695T>A (p.Ile232Asn)	Jun 02, 2025
TP53	p.Ile232Thr	Pathogenic/Likely pathogenic	criteria provided, multiple submitters, no conflicts	141224	NM_000546.6(TP53):c.695T>C (p.Ile232Thr)	Jan 11, 2025
TP53	p.Ile251Leu	Pathogenic/Likely pathogenic	criteria provided, multiple submitters, no conflicts	182937	NM_000546.6(TP53):c.751A>C (p.Ile251Leu)	May 20, 2025
TP53	p.Leu130Pro	Pathogenic	criteria provided, multiple submitters, no conflicts	428873	NM_000546.6(TP53):c.389T>C (p.Leu130Pro)	May 13, 2022
TP53	p.Leu194Phe	Pathogenic/Likely pathogenic	criteria provided, multiple submitters, no conflicts	127817	NM_000546.6(TP53):c.580C>T (p.Leu194Phe)	Aug 21, 2025
TP53	p.Leu265Gln	Pathogenic/Likely pathogenic	criteria provided, multiple submitters, no conflicts	953467	NM_000546.6(TP53):c.794T>A (p.Leu265Gln)	Aug 28, 2024
TP53	p.Leu265Pro	Pathogenic/Likely pathogenic	criteria provided, multiple submitters, no conflicts	245777	NM_000546.6(TP53):c.794T>C (p.Leu265Pro)	May 20, 2024
TP53	p.Lys132Arg	Pathogenic/Likely pathogenic	criteria provided, multiple submitters, no conflicts	376625	NM_000546.6(TP53):c.395A>G (p.Lys132Arg)	Oct 07, 2025
TP53	p.Met133Thr	Pathogenic	criteria provided, multiple submitters, no conflicts	12357	NM_000546.6(TP53):c.398T>C (p.Met133Thr)	Oct 17, 2024
TP53	p.Met237Lys	Pathogenic/Likely pathogenic	criteria provided, multiple submitters, no conflicts	376636	NM_000546.6(TP53):c.710T>A (p.Met237Lys)	Apr 29, 2025
TP53	p.Met246Ile	Pathogenic/Likely pathogenic	criteria provided, multiple submitters, no conflicts	480961	NM_000546.6(TP53):c.738G>A (p.Met246Ile)	Jul 23, 2025
TP53	p.Met246Lys	Likely pathogenic	criteria provided, multiple submitters, no conflicts	480764	NM_000546.6(TP53):c.737T>A (p.Met246Lys)	Sep 21, 2024
TP53	p.Met246Val	Pathogenic/Likely pathogenic	criteria provided, multiple submitters, no conflicts	100815	NM_000546.6(TP53):c.736A>G (p.Met246Val)	Dec 14, 2025
TP53	p.Phe109Ile	Likely pathogenic	criteria provided, multiple submitters, no conflicts	2627017	NM_000546.6(TP53):c.325T>A (p.Phe109Ile)	Dec 29, 2025
TP53	p.Phe113Ile	Pathogenic/Likely pathogenic	criteria provided, multiple submitters, no conflicts	1469551	NM_000546.6(TP53):c.337T>A (p.Phe113Ile)	Jun 10, 2025
TP53	p.Phe134Cys	Likely pathogenic	criteria provided, multiple submitters, no conflicts	230477	NM_000546.6(TP53):c.401T>G (p.Phe134Cys)	Jan 31, 2024
TP53	p.Phe270Ser	Pathogenic/Likely pathogenic	criteria provided, multiple submitters, no conflicts	376594	NM_000546.6(TP53):c.809T>C (p.Phe270Ser)	May 13, 2025
TP53	p.Pro151Ala	Pathogenic	criteria provided, multiple submitters, no conflicts	376641	NM_000546.6(TP53):c.451C>G (p.Pro151Ala)	Dec 28, 2025
TP53	p.Pro151Arg	Pathogenic/Likely pathogenic	criteria provided, multiple submitters, no conflicts	376640	NM_000546.6(TP53):c.452C>G (p.Pro151Arg)	May 04, 2025
TP53	p.Pro151Ser	Pathogenic/Likely pathogenic	criteria provided, multiple submitters, no conflicts	12370	NM_000546.6(TP53):c.451C>T (p.Pro151Ser)	Jun 17, 2025
TP53	p.Pro151Thr	Pathogenic/Likely pathogenic	criteria provided, multiple submitters, no conflicts	12369	NM_000546.6(TP53):c.451C>A (p.Pro151Thr)	Apr 18, 2025
TP53	p.Pro152Arg	Pathogenic/Likely pathogenic	criteria provided, multiple submitters, no conflicts	824998	NM_000546.6(TP53):c.455C>G (p.Pro152Arg)	Mar 13, 2024
TP53	p.Pro177Arg	Pathogenic/Likely pathogenic	criteria provided, multiple submitters, no conflicts	458547	NM_000546.6(TP53):c.530C>G (p.Pro177Arg)	May 15, 2025
TP53	p.Pro250Leu	Pathogenic/Likely pathogenic	criteria provided, multiple submitters, no conflicts	420136	NM_000546.6(TP53):c.749C>T (p.Pro250Leu)	May 14, 2025
TP53	p.Pro278Leu	Pathogenic	criteria provided, multiple submitters, no conflicts	232497	NM_000546.6(TP53):c.833C>T (p.Pro278Leu)	Oct 17, 2025
TP53	p.Pro278Ser	Pathogenic/Likely pathogenic	criteria provided, multiple submitters, no conflicts	376642	NM_000546.6(TP53):c.832C>T (p.Pro278Ser)	Dec 09, 2025
TP53	p.Pro278Thr	Pathogenic/Likely pathogenic	criteria provided, multiple submitters, no conflicts	376643	NM_000546.6(TP53):c.832C>A (p.Pro278Thr)	Aug 10, 2025
TP53	p.Ser127Phe	Pathogenic/Likely pathogenic	criteria provided, multiple submitters, no conflicts	182928	NM_000546.6(TP53):c.380C>T (p.Ser127Phe)	Jun 30, 2025
TP53	p.Ser127Pro	Pathogenic/Likely pathogenic	criteria provided, multiple submitters, no conflicts	934410	NM_000546.6(TP53):c.379T>C (p.Ser127Pro)	Jan 09, 2025
TP53	p.Ser240Gly	Pathogenic/Likely pathogenic	criteria provided, multiple submitters, no conflicts	584921	NM_000546.6(TP53):c.718A>G (p.Ser240Gly)	Jun 24, 2025
TP53	p.Ser241Ala	Pathogenic/Likely pathogenic	criteria provided, multiple submitters, no conflicts	376665	NM_000546.6(TP53):c.721T>G (p.Ser241Ala)	Feb 05, 2025
TP53	p.Ser241Cys	Pathogenic/Likely pathogenic	criteria provided, multiple submitters, no conflicts	177791	NM_000546.6(TP53):c.722C>G (p.Ser241Cys)	May 23, 2025
TP53	p.Ser241Phe	Pathogenic/Likely pathogenic	criteria provided, multiple submitters, no conflicts	12359	NM_000546.6(TP53):c.722C>T (p.Ser241Phe)	Aug 13, 2025
TP53	p.Ser241Thr	Pathogenic/Likely pathogenic	criteria provided, multiple submitters, no conflicts	959232	NM_000546.6(TP53):c.721T>A (p.Ser241Thr)	Jul 18, 2024
TP53	p.Ser241Tyr	Pathogenic/Likely pathogenic	criteria provided, multiple submitters, no conflicts	376663	NM_000546.6(TP53):c.722C>A (p.Ser241Tyr)	Jun 15, 2025
TP53	p.Thr125Arg	Pathogenic/Likely pathogenic	criteria provided, multiple submitters, no conflicts	376667	NM_000546.6(TP53):c.374C>G (p.Thr125Arg)	Apr 29, 2025
TP53	p.Thr125Lys	Pathogenic	criteria provided, multiple submitters, no conflicts	216465	NM_000546.6(TP53):c.374C>A (p.Thr125Lys)	Nov 13, 2024
TP53	p.Thr155Asn	Pathogenic/Likely pathogenic	criteria provided, multiple submitters, no conflicts	406564	NM_000546.6(TP53):c.464C>A (p.Thr155Asn)	Dec 10, 2025
TP53	p.Thr253Ala	Pathogenic/Likely pathogenic	criteria provided, multiple submitters, no conflicts	827132	NM_000546.6(TP53):c.757A>G (p.Thr253Ala)	Aug 26, 2022
TP53	p.Tyr205Asp	Pathogenic/Likely pathogenic	criteria provided, multiple submitters, no conflicts	376686	NM_000546.6(TP53):c.613T>G (p.Tyr205Asp)	Sep 25, 2025
TP53	p.Tyr205Cys	Pathogenic	criteria provided, multiple submitters, no conflicts	376681	NM_000546.6(TP53):c.614A>G (p.Tyr205Cys)	Jan 10, 2025
TP53	p.Tyr205His	Pathogenic/Likely pathogenic	criteria provided, multiple submitters, no conflicts	376685	NM_000546.6(TP53):c.613T>C (p.Tyr205His)	Feb 07, 2025
TP53	p.Tyr220His	Pathogenic/Likely pathogenic	criteria provided, multiple submitters, no conflicts	376687	NM_000546.6(TP53):c.658T>C (p.Tyr220His)	Aug 07, 2025
TP53	p.Tyr220Ser	Pathogenic	criteria provided, multiple submitters, no conflicts	12383	NM_000546.6(TP53):c.659A>C (p.Tyr220Ser)	Feb 10, 2025
TP53	p.Tyr234Asn	Pathogenic/Likely pathogenic	criteria provided, multiple submitters, no conflicts	376692	NM_000546.6(TP53):c.700T>A (p.Tyr234Asn)	Sep 26, 2024
TP53	p.Tyr234Asp	Pathogenic/Likely pathogenic	criteria provided, multiple submitters, no conflicts	219759	NM_000546.6(TP53):c.700T>G (p.Tyr234Asp)	Dec 10, 2024
TP53	p.Tyr234Cys	Pathogenic/Likely pathogenic	criteria provided, multiple submitters, no conflicts	127820	NM_000546.6(TP53):c.701A>G (p.Tyr234Cys)	Dec 30, 2025
TP53	p.Tyr234His	Pathogenic/Likely pathogenic	criteria provided, multiple submitters, no conflicts	376691	NM_000546.6(TP53):c.700T>C (p.Tyr234His)	Nov 16, 2025
TP53	p.Tyr236Cys	Pathogenic/Likely pathogenic	criteria provided, multiple submitters, no conflicts	376693	NM_000546.6(TP53):c.707A>G (p.Tyr236Cys)	Nov 23, 2025
TP53	p.Tyr236His	Pathogenic/Likely pathogenic	criteria provided, multiple submitters, no conflicts	216469	NM_000546.6(TP53):c.706T>C (p.Tyr236His)	Feb 25, 2025
TP53	p.Val143Met	Pathogenic/Likely pathogenic	criteria provided, multiple submitters, no conflicts	142657	NM_000546.6(TP53):c.427G>A (p.Val143Met)	Jan 06, 2026
TP53	p.Val147Gly	Pathogenic/Likely pathogenic	criteria provided, multiple submitters, no conflicts	3602769	NM_000546.6(TP53):c.440T>G (p.Val147Gly)	Oct 07, 2025
TP53	p.Val157Gly	Pathogenic/Likely pathogenic	criteria provided, multiple submitters, no conflicts	915695	NM_000546.6(TP53):c.470T>G (p.Val157Gly)	Feb 14, 2024
TP53	p.Val157Phe	Pathogenic/Likely pathogenic	criteria provided, multiple submitters, no conflicts	12353	NM_000546.6(TP53):c.469G>T (p.Val157Phe)	Mar 04, 2025
TP53	p.Val173Ala	Pathogenic/Likely pathogenic	criteria provided, multiple submitters, no conflicts	376017	NM_000546.6(TP53):c.518T>C (p.Val173Ala)	Nov 03, 2025
TP53	p.Val173Leu	Pathogenic/Likely pathogenic	criteria provided, multiple submitters, no conflicts	376668	NM_000546.6(TP53):c.517G>T (p.Val173Leu)	May 23, 2025
TP53	p.Val216Met	Pathogenic/Likely pathogenic	criteria provided, multiple submitters, no conflicts	182965	NM_000546.6(TP53):c.646G>A (p.Val216Met)	Nov 05, 2025
TP53	p.Val218Glu	Likely pathogenic	criteria provided, multiple submitters, no conflicts	1754112	NM_000546.6(TP53):c.653T>A (p.Val218Glu)	Aug 15, 2025
TP53	p.Val272Leu	Pathogenic/Likely pathogenic	criteria provided, multiple submitters, no conflicts	12358	NM_000546.6(TP53):c.814G>T (p.Val272Leu)	Jul 27, 2025
TP53	p.Ala138Pro	Likely pathogenic	reviewed by expert panel	12376	NM_000546.6(TP53):c.412G>C (p.Ala138Pro)	Jun 05, 2025
TP53	p.Ala138Val	Likely pathogenic	reviewed by expert panel	184863	NM_000546.6(TP53):c.413C>T (p.Ala138Val)	Jun 05, 2025
TP53	p.Ala347Asp	Pathogenic	reviewed by expert panel	43587	NM_000546.6(TP53):c.1040C>A (p.Ala347Asp)	Aug 05, 2024
TP53	p.Ala63Gly	Likely benign	reviewed by expert panel	229693	NM_000546.6(TP53):c.188C>G (p.Ala63Gly)	Jan 16, 2025
TP53	p.Ala63Val	Benign	reviewed by expert panel	182922	NM_000546.6(TP53):c.188C>T (p.Ala63Val)	Jan 16, 2025
TP53	p.Ala74Val	Likely benign	reviewed by expert panel	141547	NM_000546.6(TP53):c.221C>T (p.Ala74Val)	Jan 16, 2025
TP53	p.Ala84Thr	Likely benign	reviewed by expert panel	140833	NM_000546.6(TP53):c.250G>A (p.Ala84Thr)	Jan 16, 2025
TP53	p.Arg110Gly	Likely pathogenic	reviewed by expert panel	823452	NM_000546.6(TP53):c.328C>G (p.Arg110Gly)	Jun 05, 2025
TP53	p.Arg110His	Likely benign	reviewed by expert panel	127808	NM_000546.6(TP53):c.329G>A (p.Arg110His)	Jan 16, 2025
TP53	p.Arg110Leu	Pathogenic	reviewed by expert panel	406597	NM_000546.6(TP53):c.329G>T (p.Arg110Leu)	Jun 05, 2025
TP53	p.Arg110Pro	Pathogenic	reviewed by expert panel	233627	NM_000546.6(TP53):c.329G>C (p.Arg110Pro)	Jun 05, 2025
TP53	p.Arg158Leu	Pathogenic	reviewed by expert panel	528248	NM_000546.6(TP53):c.473G>T (p.Arg158Leu)	Dec 05, 2025
TP53	p.Arg158Pro	Pathogenic	reviewed by expert panel	246118	NM_000546.6(TP53):c.473G>C (p.Arg158Pro)	Dec 05, 2025
TP53	p.Arg175Gly	Pathogenic	reviewed by expert panel	376649	NM_000546.6(TP53):c.523C>G (p.Arg175Gly)	Sep 06, 2024
TP53	p.Arg175His	Pathogenic	reviewed by expert panel	12374	NM_000546.6(TP53):c.524G>A (p.Arg175His)	Sep 06, 2024
TP53	p.Arg175Leu	Likely pathogenic	reviewed by expert panel	182963	NM_000546.6(TP53):c.524G>T (p.Arg175Leu)	Sep 06, 2024
TP53	p.Arg181Cys	Likely pathogenic	reviewed by expert panel	142624	NM_000546.6(TP53):c.541C>T (p.Arg181Cys)	Dec 05, 2025
TP53	p.Arg248Gln	Pathogenic	reviewed by expert panel	12356	NM_000546.6(TP53):c.743G>A (p.Arg248Gln)	Aug 05, 2024
TP53	p.Arg248Leu	Pathogenic	reviewed by expert panel	230253	NM_000546.6(TP53):c.743G>T (p.Arg248Leu)	Aug 05, 2024
TP53	p.Arg248Trp	Pathogenic	reviewed by expert panel	12347	NM_000546.6(TP53):c.742C>T (p.Arg248Trp)	Aug 05, 2024
TP53	p.Arg267Gln	Likely pathogenic	reviewed by expert panel	127823	NM_000546.6(TP53):c.800G>A (p.Arg267Gln)	Jan 06, 2026
TP53	p.Arg273His	Pathogenic	reviewed by expert panel	12366	NM_000546.6(TP53):c.818G>A (p.Arg273His)	Aug 05, 2024
TP53	p.Arg283Cys	Likely benign	reviewed by expert panel	127824	NM_000546.6(TP53):c.847C>T (p.Arg283Cys)	Aug 05, 2024
TP53	p.Arg290Cys	Likely benign	reviewed by expert panel	216472	NM_000546.6(TP53):c.868C>T (p.Arg290Cys)	May 13, 2021
TP53	p.Arg290His	Benign	reviewed by expert panel	127825	NM_000546.6(TP53):c.869G>A (p.Arg290His)	Aug 05, 2024
TP53	p.Arg333Cys	Likely benign	reviewed by expert panel	184745	NM_000546.6(TP53):c.997C>T (p.Arg333Cys)	Feb 06, 2025
TP53	p.Arg333His	Benign	reviewed by expert panel	142273	NM_000546.6(TP53):c.998G>A (p.Arg333His)	Mar 04, 2025
TP53	p.Arg335Cys	Likely benign	reviewed by expert panel	141159	NM_000546.6(TP53):c.1003C>T (p.Arg335Cys)	Feb 06, 2025
TP53	p.Arg337Cys	Pathogenic	reviewed by expert panel	142536	NM_000546.6(TP53):c.1009C>T (p.Arg337Cys)	May 07, 2025
TP53	p.Arg337Gly	Likely pathogenic	reviewed by expert panel	237938	NM_000546.6(TP53):c.1009C>G (p.Arg337Gly)	May 07, 2025
TP53	p.Arg337Leu	Likely pathogenic	reviewed by expert panel	142828	NM_000546.6(TP53):c.1010G>T (p.Arg337Leu)	May 07, 2025
TP53	p.Arg337Pro	Likely pathogenic	reviewed by expert panel	177879	NM_000546.6(TP53):c.1010G>C (p.Arg337Pro)	May 07, 2025
TP53	p.Arg337Ser	Likely pathogenic	reviewed by expert panel	1019612	NM_000546.6(TP53):c.1009C>A (p.Arg337Ser)	May 07, 2025
TP53	p.Arg342Gln	Likely benign	reviewed by expert panel	233136	NM_000546.6(TP53):c.1025G>A (p.Arg342Gln)	Sep 06, 2024
TP53	p.Arg342Pro	Pathogenic	reviewed by expert panel	215996	NM_000546.6(TP53):c.1025G>C (p.Arg342Pro)	Sep 06, 2024
TP53	p.Arg379His	Likely benign	reviewed by expert panel	246221	NM_000546.6(TP53):c.1136G>A (p.Arg379His)	Jan 16, 2025
TP53	p.Arg379Leu	Likely benign	reviewed by expert panel	216463	NM_000546.6(TP53):c.1136G>T (p.Arg379Leu)	Jan 16, 2025
TP53	p.Arg379Ser	Likely benign	reviewed by expert panel	186762	NM_000546.6(TP53):c.1135C>A (p.Arg379Ser)	Jan 16, 2025
TP53	p.Asn235Ser	Benign	reviewed by expert panel	127821	NM_000546.6(TP53):c.704A>G (p.Asn235Ser)	Aug 05, 2024
TP53	p.Asp186Asn	Likely benign	reviewed by expert panel	406601	NM_000546.6(TP53):c.556G>A (p.Asp186Asn)	Jan 16, 2025
TP53	p.Asp48Glu	Likely benign	reviewed by expert panel	141056	NM_000546.6(TP53):c.144C>A (p.Asp48Glu)	Jan 16, 2025
TP53	p.Asp48Gly	Likely benign	reviewed by expert panel	2795844	NM_000546.6(TP53):c.143A>G (p.Asp48Gly)	Jan 16, 2025
TP53	p.Asp49Asn	Benign	reviewed by expert panel	186363	NM_000546.6(TP53):c.145G>A (p.Asp49Asn)	Aug 05, 2024
TP53	p.Asp49His	Benign	reviewed by expert panel	135948	NM_000546.6(TP53):c.145G>C (p.Asp49His)	Jan 16, 2025
TP53	p.Asp7Glu	Likely benign	reviewed by expert panel	140782	NM_000546.6(TP53):c.21T>A (p.Asp7Glu)	Aug 05, 2024
TP53	p.Cys124Ser	Likely benign	reviewed by expert panel	182926	NM_000546.6(TP53):c.370T>A (p.Cys124Ser)	Feb 06, 2025
TP53	p.Cys135Gly	Pathogenic	reviewed by expert panel	376563	NM_000546.6(TP53):c.403T>G (p.Cys135Gly)	Aug 05, 2024
TP53	p.Cys277Gly	Likely pathogenic	reviewed by expert panel	2757236	NM_000546.6(TP53):c.829T>G (p.Cys277Gly)	Dec 05, 2025
TP53	p.Gln317Lys	Benign	reviewed by expert panel	231008	NM_000546.6(TP53):c.949C>A (p.Gln317Lys)	Jan 16, 2025
TP53	p.Gln354Lys	Benign	reviewed by expert panel	231485	NM_000546.6(TP53):c.1060C>A (p.Gln354Lys)	Sep 06, 2024
TP53	p.Glu171Lys	Likely benign	reviewed by expert panel	141566	NM_000546.6(TP53):c.511G>A (p.Glu171Lys)	Mar 04, 2025
TP53	p.Glu180Lys	Likely pathogenic	reviewed by expert panel	245711	NM_000546.6(TP53):c.538G>A (p.Glu180Lys)	Aug 05, 2024
TP53	p.Glu298Lys	Benign	reviewed by expert panel	141483	NM_000546.6(TP53):c.892G>A (p.Glu298Lys)	Aug 05, 2024
TP53	p.Glu339Gln	Likely benign	reviewed by expert panel	141893	NM_000546.6(TP53):c.1015G>C (p.Glu339Gln)	Sep 06, 2024
TP53	p.Glu388Ala	Likely benign	reviewed by expert panel	141425	NM_000546.6(TP53):c.1163A>C (p.Glu388Ala)	Jan 10, 2022
TP53	p.Gly108Ser	Likely benign	reviewed by expert panel	142431	NM_000546.6(TP53):c.322G>A (p.Gly108Ser)	Jan 16, 2025
TP53	p.Gly245Ser	Pathogenic	reviewed by expert panel	12365	NM_000546.6(TP53):c.733G>A (p.Gly245Ser)	Aug 05, 2024
TP53	p.Gly262Ser	Likely benign	reviewed by expert panel	141228	NM_000546.6(TP53):c.784G>A (p.Gly262Ser)	Apr 03, 2025
TP53	p.Gly293Trp	Likely benign	reviewed by expert panel	127826	NM_000546.6(TP53):c.877G>T (p.Gly293Trp)	Jan 16, 2025
TP53	p.Gly356Arg	Likely benign	reviewed by expert panel	234059	NM_000546.6(TP53):c.1066G>C (p.Gly356Arg)	Sep 06, 2024
TP53	p.Gly360Ala	Benign	reviewed by expert panel	142003	NM_000546.6(TP53):c.1079G>C (p.Gly360Ala)	Aug 05, 2024
TP53	p.Gly374Arg	Benign	reviewed by expert panel	230269	NM_000546.6(TP53):c.1120G>C (p.Gly374Arg)	Aug 05, 2024
TP53	p.His115Arg	Likely benign	reviewed by expert panel	182925	NM_000546.6(TP53):c.344A>G (p.His115Arg)	Jan 16, 2025
TP53	p.His178Asp	Pathogenic	reviewed by expert panel	482223	NM_000546.6(TP53):c.532C>G (p.His178Asp)	Aug 05, 2024
TP53	p.His179Gln	Pathogenic	reviewed by expert panel	406578	NM_000546.6(TP53):c.537T>A (p.His179Gln)	Aug 05, 2024
TP53	p.His193Pro	Pathogenic	reviewed by expert panel	376612	NM_000546.6(TP53):c.578A>C (p.His193Pro)	Aug 05, 2024
TP53	p.His214Arg	Pathogenic	reviewed by expert panel	376615	NM_000546.6(TP53):c.641A>G (p.His214Arg)	Aug 05, 2024
TP53	p.His214Leu	Likely pathogenic	reviewed by expert panel	376616	NM_000546.6(TP53):c.641A>T (p.His214Leu)	May 07, 2025
TP53	p.His296Tyr	Likely benign	reviewed by expert panel	132973	NM_000546.6(TP53):c.886C>T (p.His296Tyr)	Jan 16, 2025
TP53	p.His365Tyr	Likely benign	reviewed by expert panel	80708	NM_000546.6(TP53):c.1093C>T (p.His365Tyr)	Aug 05, 2024
TP53	p.Ile254Asn	Pathogenic	reviewed by expert panel	856299	NM_000546.6(TP53):c.761T>A (p.Ile254Asn)	Dec 05, 2025
TP53	p.Ile254Thr	Pathogenic	reviewed by expert panel	1759844	NM_000546.6(TP53):c.761T>C (p.Ile254Thr)	Jan 06, 2026
TP53	p.Ile254Val	Likely benign	reviewed by expert panel	406605	NM_000546.6(TP53):c.760A>G (p.Ile254Val)	Jan 16, 2025
TP53	p.Ile50Thr	Likely benign	reviewed by expert panel	216464	NM_000546.6(TP53):c.149T>C (p.Ile50Thr)	Jan 16, 2025
TP53	p.Leu111Arg	Pathogenic	reviewed by expert panel	376631	NM_000546.6(TP53):c.332T>G (p.Leu111Arg)	Jan 06, 2026
TP53	p.Leu111Gln	Pathogenic	reviewed by expert panel	376632	NM_000546.6(TP53):c.332T>A (p.Leu111Gln)	Jun 05, 2025
TP53	p.Leu111Pro	Pathogenic	reviewed by expert panel	376630	NM_000546.6(TP53):c.332T>C (p.Leu111Pro)	Dec 05, 2025
TP53	p.Leu111Val	Likely benign	reviewed by expert panel	1730178	NM_000546.6(TP53):c.331C>G (p.Leu111Val)	Jan 06, 2026
TP53	p.Leu194Arg	Pathogenic	reviewed by expert panel	376633	NM_000546.6(TP53):c.581T>G (p.Leu194Arg)	Feb 05, 2026
TP53	p.Leu289Pro	Likely benign	reviewed by expert panel	1172923	NM_000546.6(TP53):c.866T>C (p.Leu289Pro)	Jun 16, 2021
TP53	p.Leu344Arg	Likely pathogenic	reviewed by expert panel	2758378	NM_000546.6(TP53):c.1031T>G (p.Leu344Arg)	Feb 05, 2026
TP53	p.Leu344Pro	Likely pathogenic	reviewed by expert panel	12375	NM_000546.6(TP53):c.1031T>C (p.Leu344Pro)	Aug 05, 2024
TP53	p.Leu35Phe	Likely benign	reviewed by expert panel	142562	NM_000546.6(TP53):c.105G>C (p.Leu35Phe)	Sep 06, 2024
TP53	p.Lys132Asn	Likely pathogenic	reviewed by expert panel	376624	NM_000546.6(TP53):c.396G>C (p.Lys132Asn)	Mar 18, 2022
TP53	p.Lys164Glu	Pathogenic	reviewed by expert panel	246416	NM_000546.6(TP53):c.490A>G (p.Lys164Glu)	Jun 05, 2025
TP53	p.Lys292Arg	Likely benign	reviewed by expert panel	406577	NM_000546.6(TP53):c.875A>G (p.Lys292Arg)	Jan 16, 2025
TP53	p.Met160Ile	Likely benign	reviewed by expert panel	230758	NM_000546.6(TP53):c.480G>A (p.Met160Ile)	Jan 16, 2025
TP53	p.Met237Ile	Pathogenic	reviewed by expert panel	142714	NM_000546.6(TP53):c.711G>A (p.Met237Ile)	Apr 20, 2021
TP53	p.Met384Thr	Benign	reviewed by expert panel	406575	NM_000546.6(TP53):c.1151T>C (p.Met384Thr)	Jan 16, 2025
TP53	p.Met384Val	Likely benign	reviewed by expert panel	182939	NM_000546.6(TP53):c.1150A>G (p.Met384Val)	Jan 16, 2025
TP53	p.Pro152Leu	Pathogenic	reviewed by expert panel	142766	NM_000546.6(TP53):c.455C>T (p.Pro152Leu)	Aug 05, 2024
TP53	p.Pro190Leu	Likely pathogenic	reviewed by expert panel	418517	NM_000546.6(TP53):c.569C>T (p.Pro190Leu)	Jun 27, 2022
TP53	p.Pro191Arg	Likely benign	reviewed by expert panel	127816	NM_000546.6(TP53):c.572C>G (p.Pro191Arg)	Jan 16, 2025
TP53	p.Pro295Ser	Likely benign	reviewed by expert panel	428862	NM_000546.6(TP53):c.883C>T (p.Pro295Ser)	Aug 05, 2024
TP53	p.Pro316Thr	Likely benign	reviewed by expert panel	230382	NM_000546.6(TP53):c.946C>A (p.Pro316Thr)	Mar 04, 2025
TP53	p.Pro36Gln	Benign	reviewed by expert panel	141597	NM_000546.6(TP53):c.107C>A (p.Pro36Gln)	Sep 06, 2024
TP53	p.Pro47Ser	Benign	reviewed by expert panel	43588	NM_000546.6(TP53):c.139C>T (p.Pro47Ser)	Aug 05, 2024
TP53	p.Pro4Leu	Likely benign	reviewed by expert panel	237941	NM_000546.6(TP53):c.11C>T (p.Pro4Leu)	Jan 16, 2025
TP53	p.Pro72Ala	Likely benign	reviewed by expert panel	142854	NM_000546.6(TP53):c.214C>G (p.Pro72Ala)	Feb 06, 2025
TP53	p.Pro72Arg	Benign	reviewed by expert panel	12351	NM_000546.6(TP53):c.215C>G (p.Pro72Arg)	Dec 05, 2025
TP53	p.Pro72His	Benign	reviewed by expert panel	185120	NM_000546.6(TP53):c.215C>A (p.Pro72His)	Jan 16, 2025
TP53	p.Pro82Leu	Likely benign	reviewed by expert panel	182946	NM_000546.6(TP53):c.245C>T (p.Pro82Leu)	Aug 05, 2024
TP53	p.Ser106Arg	Pathogenic	reviewed by expert panel	492752	NM_000546.6(TP53):c.318C>G (p.Ser106Arg)	Dec 05, 2025
TP53	p.Ser127Thr	Likely pathogenic	reviewed by expert panel	824232	NM_000546.6(TP53):c.379T>A (p.Ser127Thr)	Feb 05, 2026
TP53	p.Ser127Tyr	Pathogenic	reviewed by expert panel	656751	NM_000546.6(TP53):c.380C>A (p.Ser127Tyr)	Jan 06, 2026
TP53	p.Ser185Asn	Likely benign	reviewed by expert panel	141359	NM_000546.6(TP53):c.554G>A (p.Ser185Asn)	Jan 16, 2025
TP53	p.Ser260Tyr	Likely benign	reviewed by expert panel	231033	NM_000546.6(TP53):c.779C>A (p.Ser260Tyr)	Jan 16, 2025
TP53	p.Ser303Gly	Likely benign	reviewed by expert panel	142332	NM_000546.6(TP53):c.907A>G (p.Ser303Gly)	Jan 16, 2025
TP53	p.Ser315Thr	Likely benign	reviewed by expert panel	185212	NM_000546.6(TP53):c.943T>A (p.Ser315Thr)	Jan 16, 2025
TP53	p.Ser366Ala	Benign	reviewed by expert panel	135360	NM_000546.6(TP53):c.1096T>G (p.Ser366Ala)	Aug 05, 2024
TP53	p.Thr118Ile	Likely benign	reviewed by expert panel	419837	NM_000546.6(TP53):c.353C>T (p.Thr118Ile)	Mar 04, 2025
TP53	p.Thr170Met	Likely benign	reviewed by expert panel	184014	NM_000546.6(TP53):c.509C>T (p.Thr170Met)	Feb 07, 2025
TP53	p.Thr284Ile	Likely benign	reviewed by expert panel	216471	NM_000546.6(TP53):c.851C>T (p.Thr284Ile)	Jan 16, 2025
TP53	p.Thr312Ser	Benign	reviewed by expert panel	141102	NM_000546.6(TP53):c.935C>G (p.Thr312Ser)	Aug 05, 2024
TP53	p.Tyr107His	Benign	reviewed by expert panel	140786	NM_000546.5(TP53):c.319T>C (p.Tyr107His)	Aug 05, 2024
TP53	p.Tyr163Cys	Pathogenic	reviewed by expert panel	127814	NM_000546.6(TP53):c.488A>G (p.Tyr163Cys)	Aug 05, 2024
TP53	p.Tyr163His	Pathogenic	reviewed by expert panel	376680	NM_000546.6(TP53):c.487T>C (p.Tyr163His)	Dec 05, 2025
TP53	p.Tyr220Cys	Pathogenic	reviewed by expert panel	127819	NM_000546.6(TP53):c.659A>G (p.Tyr220Cys)	Aug 05, 2024
TP53	p.Val10Ile	Benign	reviewed by expert panel	127806	NM_000546.6(TP53):c.28G>A (p.Val10Ile)	Aug 05, 2024
TP53	p.Val10Leu	Likely benign	reviewed by expert panel	231387	NM_000546.6(TP53):c.28G>C (p.Val10Leu)	Aug 02, 2021
TP53	p.Val122Met	Likely benign	reviewed by expert panel	141101	NM_000546.6(TP53):c.364G>A (p.Val122Met)	Jan 16, 2025
TP53	p.Val143Ala	Pathogenic	reviewed by expert panel	804214	NM_000546.6(TP53):c.428T>C (p.Val143Ala)	Aug 05, 2024
TP53	p.Val157Ile	Likely benign	reviewed by expert panel	185404	NM_000546.6(TP53):c.469G>A (p.Val157Ile)	Jan 16, 2025
TP53	p.Val173Met	Pathogenic	reviewed by expert panel	233951	NM_000546.6(TP53):c.517G>A (p.Val173Met)	Aug 05, 2024
TP53	p.Val197Met	Likely pathogenic	reviewed by expert panel	188060	NM_000546.6(TP53):c.589G>A (p.Val197Met)	Dec 05, 2025
TP53	p.Val272Met	Pathogenic	reviewed by expert panel	185814	NM_000546.6(TP53):c.814G>A (p.Val272Met)	Mar 18, 2022
TP53	p.Val73Met	Benign	reviewed by expert panel	142386	NM_000546.6(TP53):c.217G>A (p.Val73Met)	Aug 05, 2024
PTEN	p.Ala126Asp	Likely pathogenic	criteria provided, multiple submitters, no conflicts	2674280	NM_000314.8(PTEN):c.377C>A (p.Ala126Asp)	Jan 07, 2026
PTEN	p.Ala126Pro	Pathogenic	criteria provided, multiple submitters, no conflicts	1067089	NM_000314.8(PTEN):c.376G>C (p.Ala126Pro)	Apr 23, 2024
PTEN	p.Ala126Thr	Likely pathogenic	criteria provided, multiple submitters, no conflicts	468683	NM_000314.8(PTEN):c.376G>A (p.Ala126Thr)	Nov 11, 2024
PTEN	p.Ala126Val	Pathogenic/Likely pathogenic	criteria provided, multiple submitters, no conflicts	428234	NM_000314.8(PTEN):c.377C>T (p.Ala126Val)	Dec 30, 2024
PTEN	p.Arg130Leu	Pathogenic/Likely pathogenic	criteria provided, multiple submitters, no conflicts	376509	NM_000314.8(PTEN):c.389G>T (p.Arg130Leu)	Dec 03, 2025
PTEN	p.Arg159Gly	Pathogenic/Likely pathogenic	criteria provided, multiple submitters, no conflicts	186094	NM_000314.8(PTEN):c.475A>G (p.Arg159Gly)	Mar 03, 2025
PTEN	p.Arg15Ser	Pathogenic/Likely pathogenic	criteria provided, multiple submitters, no conflicts	419769	NM_000314.8(PTEN):c.45A>T (p.Arg15Ser)	Nov 11, 2025
PTEN	p.Arg173Gly	Pathogenic	criteria provided, multiple submitters, no conflicts	1176553	NM_000314.8(PTEN):c.517C>G (p.Arg173Gly)	Apr 08, 2024
PTEN	p.Arg173His	Pathogenic/Likely pathogenic	criteria provided, multiple submitters, no conflicts	376032	NM_000314.8(PTEN):c.518G>A (p.Arg173His)	Sep 11, 2025
PTEN	p.Arg173Pro	Pathogenic	criteria provided, multiple submitters, no conflicts	185195	NM_000314.8(PTEN):c.518G>C (p.Arg173Pro)	May 14, 2025
PTEN	p.Asn276Ser	Pathogenic	criteria provided, multiple submitters, no conflicts	2502345	NM_000314.8(PTEN):c.827A>G (p.Asn276Ser)	Oct 25, 2024
PTEN	p.Asn48Lys	Pathogenic/Likely pathogenic	criteria provided, multiple submitters, no conflicts	231771	NM_000314.8(PTEN):c.144C>G (p.Asn48Lys)	Dec 02, 2025
PTEN	p.Asn48Ser	Pathogenic	criteria provided, multiple submitters, no conflicts	1379224	NM_000314.8(PTEN):c.143A>G (p.Asn48Ser)	Oct 09, 2025
PTEN	p.Asp162Glu	Likely pathogenic	criteria provided, multiple submitters, no conflicts	224544	NM_000314.8(PTEN):c.486C>G (p.Asp162Glu)	May 31, 2022
PTEN	p.Asp24Asn	Pathogenic	criteria provided, multiple submitters, no conflicts	185200	NM_000314.8(PTEN):c.70G>A (p.Asp24Asn)	Apr 17, 2025
PTEN	p.Asp24Gly	Pathogenic/Likely pathogenic	criteria provided, multiple submitters, no conflicts	208723	NM_000314.8(PTEN):c.71A>G (p.Asp24Gly)	Sep 25, 2023
PTEN	p.Asp24Tyr	Pathogenic	criteria provided, multiple submitters, no conflicts	189398	NM_000314.8(PTEN):c.70G>T (p.Asp24Tyr)	Sep 25, 2023
PTEN	p.Asp24Val	Pathogenic/Likely pathogenic	criteria provided, multiple submitters, no conflicts	1511392	NM_000314.8(PTEN):c.71A>T (p.Asp24Val)	Jan 26, 2026
PTEN	p.Asp252Val	Pathogenic/Likely pathogenic	criteria provided, multiple submitters, no conflicts	575811	NM_000314.8(PTEN):c.755A>T (p.Asp252Val)	Nov 10, 2025
PTEN	p.Asp310Gly	Pathogenic/Likely pathogenic	criteria provided, multiple submitters, no conflicts	566673	NM_000314.8(PTEN):c.929A>G (p.Asp310Gly)	Jan 20, 2026
PTEN	p.Asp326Asn	Pathogenic	criteria provided, multiple submitters, no conflicts	2498032	NM_000314.8(PTEN):c.976G>A (p.Asp326Asn)	Jul 19, 2023
PTEN	p.Asp92Ala	Pathogenic/Likely pathogenic	criteria provided, multiple submitters, no conflicts	428196	NM_000314.8(PTEN):c.275A>C (p.Asp92Ala)	Jun 27, 2024
PTEN	p.Asp92Gly	Pathogenic/Likely pathogenic	criteria provided, multiple submitters, no conflicts	565960	NM_000314.8(PTEN):c.275A>G (p.Asp92Gly)	Apr 27, 2025
PTEN	p.Asp92Tyr	Pathogenic/Likely pathogenic	criteria provided, multiple submitters, no conflicts	468679	NM_000314.8(PTEN):c.274G>T (p.Asp92Tyr)	Mar 23, 2023
PTEN	p.Cys105Arg	Likely pathogenic	criteria provided, multiple submitters, no conflicts	2628372	NM_000314.8(PTEN):c.313T>C (p.Cys105Arg)	Dec 10, 2025
PTEN	p.Cys124Gly	Pathogenic	criteria provided, multiple submitters, no conflicts	185817	NM_000314.8(PTEN):c.370T>G (p.Cys124Gly)	May 15, 2025
PTEN	p.Cys124Ser	Pathogenic/Likely pathogenic	criteria provided, multiple submitters, no conflicts	2447220	NM_000314.8(PTEN):c.371G>C (p.Cys124Ser)	Sep 27, 2023
PTEN	p.Cys124Trp	Pathogenic/Likely pathogenic	criteria provided, multiple submitters, no conflicts	1734391	NM_000314.8(PTEN):c.372T>G (p.Cys124Trp)	Oct 07, 2025
PTEN	p.Cys124Tyr	Pathogenic/Likely pathogenic	criteria provided, multiple submitters, no conflicts	233631	NM_000314.8(PTEN):c.371G>A (p.Cys124Tyr)	Jul 24, 2025
PTEN	p.Cys136Arg	Pathogenic/Likely pathogenic	criteria provided, multiple submitters, no conflicts	183726	NM_000314.8(PTEN):c.406T>C (p.Cys136Arg)	Nov 17, 2025
PTEN	p.Cys136Phe	Pathogenic/Likely pathogenic	criteria provided, multiple submitters, no conflicts	1737618	NM_000314.8(PTEN):c.407G>T (p.Cys136Phe)	Apr 18, 2025
PTEN	p.Gly127Arg	Pathogenic/Likely pathogenic	criteria provided, multiple submitters, no conflicts	139568	NM_000314.8(PTEN):c.379G>A (p.Gly127Arg)	Sep 10, 2025
PTEN	p.Gly129Arg	Pathogenic/Likely pathogenic	criteria provided, multiple submitters, no conflicts	189484	NM_000314.8(PTEN):c.385G>A (p.Gly129Arg)	Jul 28, 2025
PTEN	p.Gly129Glu	Pathogenic/Likely pathogenic	criteria provided, multiple submitters, no conflicts	7812	NM_000314.8(PTEN):c.386G>A (p.Gly129Glu)	Mar 24, 2025
PTEN	p.Gly129Val	Pathogenic/Likely pathogenic	criteria provided, multiple submitters, no conflicts	856036	NM_000314.8(PTEN):c.386G>T (p.Gly129Val)	Sep 28, 2023
PTEN	p.Gly132Ser	Pathogenic/Likely pathogenic	criteria provided, multiple submitters, no conflicts	856796	NM_000314.8(PTEN):c.394G>A (p.Gly132Ser)	Aug 27, 2025
PTEN	p.Gly132Val	Pathogenic/Likely pathogenic	criteria provided, multiple submitters, no conflicts	7852	NM_000314.8(PTEN):c.395G>T (p.Gly132Val)	May 26, 2025
PTEN	p.Gly165Val	Pathogenic/Likely pathogenic	criteria provided, multiple submitters, no conflicts	1341516	NM_000314.8(PTEN):c.494G>T (p.Gly165Val)	Mar 28, 2025
PTEN	p.Gly44Asp	Pathogenic/Likely pathogenic	criteria provided, multiple submitters, no conflicts	427582	NM_000314.8(PTEN):c.131G>A (p.Gly44Asp)	Mar 12, 2025
PTEN	p.His123Gln	Pathogenic/Likely pathogenic	criteria provided, multiple submitters, no conflicts	427587	NM_000314.8(PTEN):c.369C>G (p.His123Gln)	Sep 01, 2022
PTEN	p.His123Tyr	Pathogenic/Likely pathogenic	criteria provided, multiple submitters, no conflicts	189486	NM_000314.8(PTEN):c.367C>T (p.His123Tyr)	Jul 08, 2024
PTEN	p.His141Leu	Likely pathogenic	criteria provided, multiple submitters, no conflicts	1708039	NM_000314.8(PTEN):c.422A>T (p.His141Leu)	Jun 19, 2023
PTEN	p.His64Pro	Pathogenic/Likely pathogenic	criteria provided, multiple submitters, no conflicts	2574362	NM_000314.8(PTEN):c.191A>C (p.His64Pro)	Jan 16, 2025
PTEN	p.His93Tyr	Pathogenic/Likely pathogenic	criteria provided, multiple submitters, no conflicts	646993	NM_000314.8(PTEN):c.277C>T (p.His93Tyr)	Jun 26, 2024
PTEN	p.Ile101Asn	Pathogenic/Likely pathogenic	criteria provided, multiple submitters, no conflicts	648578	NM_000314.8(PTEN):c.302T>A (p.Ile101Asn)	Jun 18, 2025
PTEN	p.Ile101Thr	Pathogenic/Likely pathogenic	criteria provided, multiple submitters, no conflicts	822660	NM_000314.8(PTEN):c.302T>C (p.Ile101Thr)	Nov 10, 2025
PTEN	p.Ile135Lys	Pathogenic/Likely pathogenic	criteria provided, multiple submitters, no conflicts	428235	NM_000314.8(PTEN):c.404T>A (p.Ile135Lys)	Sep 13, 2024
PTEN	p.Ile135Val	Pathogenic/Likely pathogenic	criteria provided, multiple submitters, no conflicts	142287	NM_000314.8(PTEN):c.403A>G (p.Ile135Val)	Dec 09, 2025
PTEN	p.Ile253Asn	Pathogenic/Likely pathogenic	criteria provided, multiple submitters, no conflicts	480942	NM_000314.8(PTEN):c.758T>A (p.Ile253Asn)	Jan 26, 2026
PTEN	p.Ile5Thr	Likely pathogenic	criteria provided, multiple submitters, no conflicts	3254879	NM_000314.8(PTEN):c.14T>C (p.Ile5Thr)	Jan 20, 2026
PTEN	p.Leu108Pro	Pathogenic/Likely pathogenic	criteria provided, multiple submitters, no conflicts	418436	NM_000314.8(PTEN):c.323T>C (p.Leu108Pro)	Nov 22, 2024
PTEN	p.Leu112Arg	Pathogenic	criteria provided, multiple submitters, no conflicts	2674303	NM_000314.8(PTEN):c.335T>G (p.Leu112Arg)	Nov 22, 2024
PTEN	p.Leu152Pro	Likely pathogenic	criteria provided, multiple submitters, no conflicts	536551	NM_000314.8(PTEN):c.455T>C (p.Leu152Pro)	Sep 02, 2025
PTEN	p.Leu25Phe	Pathogenic	criteria provided, multiple submitters, no conflicts	1068214	NM_000314.8(PTEN):c.75G>C (p.Leu25Phe)	Jul 17, 2025
PTEN	p.Leu98Arg	Pathogenic/Likely pathogenic	criteria provided, multiple submitters, no conflicts	404143	NM_000314.8(PTEN):c.293T>G (p.Leu98Arg)	Apr 05, 2024
PTEN	p.Lys128Arg	Pathogenic/Likely pathogenic	criteria provided, multiple submitters, no conflicts	864223	NM_000314.8(PTEN):c.383A>G (p.Lys128Arg)	Oct 17, 2025
PTEN	p.Lys128Asn	Likely pathogenic	criteria provided, multiple submitters, no conflicts	428220	NM_000314.8(PTEN):c.384G>C (p.Lys128Asn)	Aug 22, 2024
PTEN	p.Lys128Glu	Likely pathogenic	criteria provided, multiple submitters, no conflicts	958105	NM_000314.8(PTEN):c.382A>G (p.Lys128Glu)	Nov 03, 2023
PTEN	p.Lys13Glu	Pathogenic/Likely pathogenic	criteria provided, multiple submitters, no conflicts	988004	NM_000314.8(PTEN):c.37A>G (p.Lys13Glu)	Jan 29, 2025
PTEN	p.Lys254Thr	Likely pathogenic	criteria provided, multiple submitters, no conflicts	428207	NM_000314.8(PTEN):c.761A>C (p.Lys254Thr)	May 07, 2021
PTEN	p.Met134Thr	Pathogenic/Likely pathogenic	criteria provided, multiple submitters, no conflicts	427588	NM_000314.8(PTEN):c.401T>C (p.Met134Thr)	Oct 02, 2024
PTEN	p.Met1Arg	Pathogenic/Likely pathogenic	criteria provided, multiple submitters, no conflicts	2674279	NM_000314.8(PTEN):c.2T>G (p.Met1Arg)	Oct 05, 2025
PTEN	p.Met35Thr	Likely pathogenic	criteria provided, multiple submitters, no conflicts	428244	NM_000314.8(PTEN):c.104T>C (p.Met35Thr)	Sep 26, 2023
PTEN	p.Phe241Leu	Likely pathogenic	criteria provided, multiple submitters, no conflicts	440220	NM_000314.8(PTEN):c.721T>C (p.Phe241Leu)	Oct 11, 2023
PTEN	p.Phe90Ser	Pathogenic/Likely pathogenic	criteria provided, multiple submitters, no conflicts	976246	NM_000314.8(PTEN):c.269T>C (p.Phe90Ser)	Aug 06, 2025
PTEN	p.Pro96Arg	Pathogenic/Likely pathogenic	criteria provided, multiple submitters, no conflicts	492730	NM_000314.8(PTEN):c.287C>G (p.Pro96Arg)	Oct 10, 2024
PTEN	p.Pro96Gln	Pathogenic/Likely pathogenic	criteria provided, multiple submitters, no conflicts	1457597	NM_000314.8(PTEN):c.287C>A (p.Pro96Gln)	Aug 12, 2024
PTEN	p.Ser170Asn	Likely pathogenic	criteria provided, multiple submitters, no conflicts	951765	NM_000314.8(PTEN):c.509G>A (p.Ser170Asn)	May 22, 2025
PTEN	p.Ser170Ile	Pathogenic	criteria provided, multiple submitters, no conflicts	233590	NM_000314.8(PTEN):c.509G>T (p.Ser170Ile)	Aug 08, 2025
PTEN	p.Thr26Asn	Likely pathogenic	criteria provided, multiple submitters, no conflicts	949068	NM_000314.8(PTEN):c.77C>A (p.Thr26Asn)	Jan 27, 2025
PTEN	p.Thr26Ile	Pathogenic/Likely pathogenic	criteria provided, multiple submitters, no conflicts	189399	NM_000314.8(PTEN):c.77C>T (p.Thr26Ile)	Nov 22, 2024
PTEN	p.Thr26Pro	Pathogenic	criteria provided, multiple submitters, no conflicts	234410	NM_000314.8(PTEN):c.76A>C (p.Thr26Pro)	Dec 19, 2022
PTEN	p.Trp274Leu	Pathogenic/Likely pathogenic	criteria provided, multiple submitters, no conflicts	427600	NM_000314.8(PTEN):c.821G>T (p.Trp274Leu)	Jul 13, 2023
PTEN	p.Tyr155His	Pathogenic/Likely pathogenic	criteria provided, multiple submitters, no conflicts	428237	NM_000314.8(PTEN):c.463T>C (p.Tyr155His)	Aug 16, 2024
PTEN	p.Tyr155Ser	Pathogenic/Likely pathogenic	criteria provided, multiple submitters, no conflicts	547759	NM_000314.8(PTEN):c.464A>C (p.Tyr155Ser)	Feb 25, 2025
PTEN	p.Tyr16Asp	Pathogenic/Likely pathogenic	criteria provided, multiple submitters, no conflicts	422899	NM_000314.8(PTEN):c.46T>G (p.Tyr16Asp)	Nov 25, 2025
PTEN	p.Tyr27Asn	Likely pathogenic	criteria provided, multiple submitters, no conflicts	2735432	NM_000314.8(PTEN):c.79T>A (p.Tyr27Asn)	Aug 22, 2024
PTEN	p.Tyr68Asp	Pathogenic/Likely pathogenic	criteria provided, multiple submitters, no conflicts	536540	NM_000314.8(PTEN):c.202T>G (p.Tyr68Asp)	Oct 18, 2024
PTEN	p.Tyr68Cys	Pathogenic/Likely pathogenic	criteria provided, multiple submitters, no conflicts	233777	NM_000314.8(PTEN):c.203A>G (p.Tyr68Cys)	Nov 30, 2024
PTEN	p.Tyr68His	Pathogenic/Likely pathogenic	criteria provided, multiple submitters, no conflicts	189474	NM_000314.8(PTEN):c.202T>C (p.Tyr68His)	Aug 09, 2025
PTEN	p.Val119Leu	Likely pathogenic	criteria provided, multiple submitters, no conflicts	428226	NM_000314.8(PTEN):c.355G>C (p.Val119Leu)	Oct 13, 2025
PTEN	p.Val175Met	Pathogenic	criteria provided, multiple submitters, no conflicts	1067224	NM_000314.8(PTEN):c.523G>A (p.Val175Met)	Jun 24, 2024
PTEN	p.Val249Gly	Likely pathogenic	criteria provided, multiple submitters, no conflicts	1066565	NM_000314.8(PTEN):c.746T>G (p.Val249Gly)	Feb 20, 2025
PTEN	p.Val255Glu	Likely pathogenic	criteria provided, multiple submitters, no conflicts	623214	NM_000314.8(PTEN):c.764T>A (p.Val255Glu)	Dec 08, 2022
PTEN	p.Ala34Pro	Pathogenic	reviewed by expert panel	822002	NM_000314.8(PTEN):c.100G>C (p.Ala34Pro)	Dec 05, 2025
PTEN	p.Ala79Thr	Likely benign	reviewed by expert panel	41682	NM_000314.8(PTEN):c.235G>A (p.Ala79Thr)	Apr 06, 2018
PTEN	p.Arg130Gln	Pathogenic	reviewed by expert panel	7829	NM_000314.8(PTEN):c.389G>A (p.Arg130Gln)	Oct 18, 2017
PTEN	p.Arg130Gly	Pathogenic	reviewed by expert panel	375958	NM_000314.8(PTEN):c.388C>G (p.Arg130Gly)	Jun 25, 2019
PTEN	p.Arg130Pro	Pathogenic	reviewed by expert panel	142018	NM_000314.8(PTEN):c.389G>C (p.Arg130Pro)	Nov 22, 2019
PTEN	p.Arg159Lys	Pathogenic	reviewed by expert panel	646006	NM_000314.8(PTEN):c.476G>A (p.Arg159Lys)	Oct 03, 2025
PTEN	p.Arg159Ser	Likely pathogenic	reviewed by expert panel	375959	NM_000314.8(PTEN):c.477G>T (p.Arg159Ser)	Dec 05, 2025
PTEN	p.Arg15Lys	Likely pathogenic	reviewed by expert panel	404147	NM_000314.8(PTEN):c.44G>A (p.Arg15Lys)	Apr 05, 2024
PTEN	p.Arg15Thr	Likely pathogenic	reviewed by expert panel	428243	NM_000314.8(PTEN):c.44G>C (p.Arg15Thr)	Aug 04, 2023
PTEN	p.Arg173Cys	Pathogenic	reviewed by expert panel	189500	NM_000314.8(PTEN):c.517C>T (p.Arg173Cys)	Oct 18, 2017
PTEN	p.Arg47Gly	Pathogenic	reviewed by expert panel	189401	NM_000314.8(PTEN):c.139A>G (p.Arg47Gly)	Jun 18, 2020
PTEN	p.Arg47Lys	Likely pathogenic	reviewed by expert panel	373446	NM_000314.8(PTEN):c.140G>A (p.Arg47Lys)	Dec 01, 2023
PTEN	p.Asn31Asp	Likely pathogenic	reviewed by expert panel	943637	NM_000314.8(PTEN):c.91A>G (p.Asn31Asp)	Aug 04, 2023
PTEN	p.Asp107Tyr	Pathogenic	reviewed by expert panel	484614	NM_000314.8(PTEN):c.319G>T (p.Asp107Tyr)	Jun 18, 2020
PTEN	p.Asp107Val	Pathogenic	reviewed by expert panel	372481	NM_000314.8(PTEN):c.320A>T (p.Asp107Val)	Jun 25, 2019
PTEN	p.Asp22His	Likely pathogenic	reviewed by expert panel	233456	NM_000314.8(PTEN):c.64G>C (p.Asp22His)	Aug 04, 2023
PTEN	p.Asp24His	Pathogenic	reviewed by expert panel	186005	NM_000314.8(PTEN):c.70G>C (p.Asp24His)	Apr 04, 2025
PTEN	p.Asp252Gly	Pathogenic	reviewed by expert panel	7849	NM_000314.8(PTEN):c.755A>G (p.Asp252Gly)	Jun 14, 2023
PTEN	p.Cys105Tyr	Pathogenic	reviewed by expert panel	142261	NM_000314.8(PTEN):c.314G>A (p.Cys105Tyr)	Dec 05, 2025
PTEN	p.Cys124Arg	Pathogenic	reviewed by expert panel	7817	NM_000314.8(PTEN):c.370T>C (p.Cys124Arg)	Jun 25, 2019
PTEN	p.Cys136Trp	Pathogenic	reviewed by expert panel	224543	NM_000314.8(PTEN):c.408T>G (p.Cys136Trp)	Apr 04, 2025
PTEN	p.Cys136Tyr	Pathogenic	reviewed by expert panel	189406	NM_000314.8(PTEN):c.407G>A (p.Cys136Tyr)	Oct 18, 2017
PTEN	p.Cys211Trp	Pathogenic	reviewed by expert panel	279878	NM_000314.8(PTEN):c.633C>G (p.Cys211Trp)	Oct 03, 2025
PTEN	p.Cys71Tyr	Pathogenic	reviewed by expert panel	936561	NM_000314.8(PTEN):c.212G>A (p.Cys71Tyr)	Feb 09, 2024
PTEN	p.Gln171Arg	Likely pathogenic	reviewed by expert panel	189412	NM_000314.8(PTEN):c.512A>G (p.Gln171Arg)	Aug 01, 2025
PTEN	p.Gln171Glu	Likely pathogenic	reviewed by expert panel	844941	NM_000314.8(PTEN):c.511C>G (p.Gln171Glu)	Aug 01, 2025
PTEN	p.Gln298Glu	Likely benign	reviewed by expert panel	127695	NM_000314.8(PTEN):c.892C>G (p.Gln298Glu)	Aug 04, 2023
PTEN	p.Gly132Asp	Pathogenic	reviewed by expert panel	92822	NM_000314.8(PTEN):c.395G>A (p.Gly132Asp)	Jun 18, 2020
PTEN	p.Gly165Arg	Pathogenic	reviewed by expert panel	428256	NM_000314.8(PTEN):c.493G>A (p.Gly165Arg)	Nov 22, 2019
PTEN	p.Gly20Val	Likely pathogenic	reviewed by expert panel	428266	NM_000314.8(PTEN):c.59G>T (p.Gly20Val)	Aug 04, 2023
PTEN	p.Gly251Val	Likely pathogenic	reviewed by expert panel	536548	NM_000314.8(PTEN):c.752G>T (p.Gly251Val)	Apr 04, 2025
PTEN	p.Gly36Arg	Likely pathogenic	reviewed by expert panel	189400	NM_000314.8(PTEN):c.106G>C (p.Gly36Arg)	Oct 11, 2023
PTEN	p.Gly36Glu	Pathogenic	reviewed by expert panel	486972	NM_000314.8(PTEN):c.107G>A (p.Gly36Glu)	Oct 11, 2023
PTEN	p.His123Arg	Pathogenic	reviewed by expert panel	7816	NM_000314.8(PTEN):c.368A>G (p.His123Arg)	Jun 18, 2020
PTEN	p.His123Asp	Pathogenic	reviewed by expert panel	428277	NM_000314.8(PTEN):c.367C>G (p.His123Asp)	Nov 22, 2019
PTEN	p.His141Pro	Likely pathogenic	reviewed by expert panel	216422	NM_000314.8(PTEN):c.422A>C (p.His141Pro)	Jun 18, 2020
PTEN	p.His61Arg	Likely pathogenic	reviewed by expert panel	189402	NM_000314.8(PTEN):c.182A>G (p.His61Arg)	Dec 01, 2023
PTEN	p.His61Asp	Likely pathogenic	reviewed by expert panel	7841	NM_000314.8(PTEN):c.181C>G (p.His61Asp)	Jun 04, 2021
PTEN	p.His93Arg	Pathogenic	reviewed by expert panel	7848	NM_000314.8(PTEN):c.278A>G (p.His93Arg)	Nov 28, 2018
PTEN	p.His93Pro	Likely pathogenic	reviewed by expert panel	468680	NM_000314.8(PTEN):c.278A>C (p.His93Pro)	Feb 09, 2024
PTEN	p.Ile50Thr	Pathogenic	reviewed by expert panel	492727	NM_000314.8(PTEN):c.149T>C (p.Ile50Thr)	Feb 09, 2024
PTEN	p.Leu112Val	Likely pathogenic	reviewed by expert panel	1406308	NM_000314.8(PTEN):c.334C>G (p.Leu112Val)	Apr 05, 2024
PTEN	p.Leu181Pro	Pathogenic	reviewed by expert panel	825730	NM_000314.8(PTEN):c.542T>C (p.Leu181Pro)	Jun 04, 2021
PTEN	p.Leu23Val	Likely pathogenic	reviewed by expert panel	234830	NM_000314.8(PTEN):c.67T>G (p.Leu23Val)	Jun 18, 2020
PTEN	p.Leu247Ser	Likely pathogenic	reviewed by expert panel	223142	NM_000314.8(PTEN):c.740T>C (p.Leu247Ser)	Aug 04, 2023
PTEN	p.Leu316Pro	Likely pathogenic	reviewed by expert panel	418653	NM_000314.8(PTEN):c.947T>C (p.Leu316Pro)	Feb 09, 2024
PTEN	p.Leu320Ser	Likely pathogenic	reviewed by expert panel	1043063	NM_000314.8(PTEN):c.959T>C (p.Leu320Ser)	Dec 05, 2025
PTEN	p.Leu345Pro	Pathogenic	reviewed by expert panel	484605	NM_000314.8(PTEN):c.1034T>C (p.Leu345Pro)	Jun 04, 2021
PTEN	p.Leu57Trp	Likely pathogenic	reviewed by expert panel	185713	NM_000314.8(PTEN):c.170T>G (p.Leu57Trp)	Aug 01, 2025
PTEN	p.Leu70Pro	Likely pathogenic	reviewed by expert panel	7826	NM_000314.8(PTEN):c.209T>C (p.Leu70Pro)	Dec 05, 2025
PTEN	p.Lys125Glu	Pathogenic	reviewed by expert panel	1338262	NM_000314.8(PTEN):c.373A>G (p.Lys125Glu)	Apr 04, 2025
PTEN	p.Lys267Asn	Pathogenic	reviewed by expert panel	536549	NM_000314.8(PTEN):c.801G>T (p.Lys267Asn)	Dec 05, 2025
PTEN	p.Lys66Asn	Likely pathogenic	reviewed by expert panel	1691744	NM_000314.8(PTEN):c.198G>T (p.Lys66Asn)	Feb 09, 2024
PTEN	p.Lys6Glu	Pathogenic	reviewed by expert panel	644390	NM_000314.8(PTEN):c.16A>G (p.Lys6Glu)	Jun 04, 2021
PTEN	p.Met134Ile	Likely pathogenic	reviewed by expert panel	619908	NM_000314.8(PTEN):c.402G>C (p.Met134Ile)	Aug 01, 2025
PTEN	p.Met1Val	Pathogenic	reviewed by expert panel	484600	NM_000314.8(PTEN):c.1A>G (p.Met1Val)	Nov 22, 2019
PTEN	p.Met35Arg	Pathogenic	reviewed by expert panel	7825	NM_000314.8(PTEN):c.104T>G (p.Met35Arg)	Jul 25, 2018
PTEN	p.Met35Val	Pathogenic	reviewed by expert panel	231916	NM_000314.8(PTEN):c.103A>G (p.Met35Val)	Feb 09, 2024
PTEN	p.Phe200Ser	Likely pathogenic	reviewed by expert panel	189414	NM_000314.8(PTEN):c.599T>C (p.Phe200Ser)	Dec 05, 2025
PTEN	p.Phe241Ser	Likely pathogenic	reviewed by expert panel	7850	NM_000314.8(PTEN):c.722T>C (p.Phe241Ser)	Jun 14, 2023
PTEN	p.Pro204Ala	Pathogenic	reviewed by expert panel	189415	NM_000314.8(PTEN):c.610C>G (p.Pro204Ala)	Oct 11, 2023
PTEN	p.Pro246Leu	Pathogenic	reviewed by expert panel	142269	NM_000314.8(PTEN):c.737C>T (p.Pro246Leu)	Oct 18, 2017
PTEN	p.Pro354Gln	Likely benign	reviewed by expert panel	143020	NM_000314.8(PTEN):c.1061C>A (p.Pro354Gln)	Jun 14, 2023
PTEN	p.Pro38Leu	Pathogenic	reviewed by expert panel	818421	NM_000314.8(PTEN):c.113C>T (p.Pro38Leu)	Oct 11, 2023
PTEN	p.Pro95Leu	Pathogenic	reviewed by expert panel	189403	NM_000314.8(PTEN):c.284C>T (p.Pro95Leu)	Jun 25, 2019
PTEN	p.Pro96Leu	Likely pathogenic	reviewed by expert panel	449089	NM_000314.8(PTEN):c.287C>T (p.Pro96Leu)	Apr 05, 2024
PTEN	p.Ser170Arg	Pathogenic	reviewed by expert panel	7815	NM_000314.8(PTEN):c.510T>A (p.Ser170Arg)	Jun 18, 2020
PTEN	p.Ser229Thr	Likely benign	reviewed by expert panel	141771	NM_000314.8(PTEN):c.685T>A (p.Ser229Thr)	Dec 05, 2025
PTEN	p.Ser294Arg	Likely benign	reviewed by expert panel	127693	NM_000314.8(PTEN):c.882T>G (p.Ser294Arg)	Aug 04, 2023
PTEN	p.Ser360Gly	Likely benign	reviewed by expert panel	140777	NM_000314.8(PTEN):c.1078A>G (p.Ser360Gly)	Oct 11, 2023
PTEN	p.Thr131Ile	Pathogenic	reviewed by expert panel	39669	NM_000314.8(PTEN):c.392C>T (p.Thr131Ile)	Nov 28, 2018
PTEN	p.Thr167Asn	Likely pathogenic	reviewed by expert panel	39668	NM_000314.8(PTEN):c.500C>A (p.Thr167Asn)	Jun 14, 2023
PTEN	p.Thr277Arg	Likely pathogenic	reviewed by expert panel	428268	NM_000314.8(PTEN):c.830C>G (p.Thr277Arg)	Mar 23, 2020
PTEN	p.Thr277Ile	Pathogenic	reviewed by expert panel	184277	NM_000314.8(PTEN):c.830C>T (p.Thr277Ile)	Jun 14, 2023
PTEN	p.Trp111Arg	Pathogenic	reviewed by expert panel	92820	NM_000314.8(PTEN):c.331T>C (p.Trp111Arg)	Dec 05, 2025
PTEN	p.Tyr155Cys	Pathogenic	reviewed by expert panel	404168	NM_000314.8(PTEN):c.464A>G (p.Tyr155Cys)	Nov 22, 2019
PTEN	p.Tyr174Asn	Likely pathogenic	reviewed by expert panel	142220	NM_000314.8(PTEN):c.520T>A (p.Tyr174Asn)	Oct 03, 2025
PTEN	p.Tyr174Cys	Likely pathogenic	reviewed by expert panel	220007	NM_000314.8(PTEN):c.521A>G (p.Tyr174Cys)	Jun 14, 2023
PTEN	p.Tyr177Cys	Likely pathogenic	reviewed by expert panel	580948	NM_000314.8(PTEN):c.530A>G (p.Tyr177Cys)	Dec 05, 2025
PTEN	p.Tyr27Cys	Likely pathogenic	reviewed by expert panel	404160	NM_000314.8(PTEN):c.80A>G (p.Tyr27Cys)	Oct 11, 2023
PTEN	p.Tyr27Ser	Likely pathogenic	reviewed by expert panel	280724	NM_000314.8(PTEN):c.80A>C (p.Tyr27Ser)	Aug 04, 2023
PTEN	p.Val119Ala	Likely pathogenic	reviewed by expert panel	3256748	NM_000314.8(PTEN):c.356T>C (p.Val119Ala)	Apr 04, 2025
PTEN	p.Val119Phe	Likely pathogenic	reviewed by expert panel	428193	NM_000314.8(PTEN):c.355G>T (p.Val119Phe)	Dec 05, 2025
MSH2	p.Ala207Val	Likely benign	criteria provided, multiple submitters, no conflicts	1417674	NM_000251.3(MSH2):c.620C>T (p.Ala207Val)	Aug 23, 2024
MSH2	p.Ala328Ser	Likely benign	criteria provided, multiple submitters, no conflicts	455631	NM_000251.3(MSH2):c.982G>T (p.Ala328Ser)	Aug 09, 2022
MSH2	p.Ala328Val	Likely benign	criteria provided, multiple submitters, no conflicts	823501	NM_000251.3(MSH2):c.983C>T (p.Ala328Val)	Oct 27, 2025
MSH2	p.Ala45Val	Benign/Likely benign	criteria provided, multiple submitters, no conflicts	90634	NM_000251.3(MSH2):c.134C>T (p.Ala45Val)	Jul 22, 2025
MSH2	p.Ala600Val	Likely pathogenic	criteria provided, multiple submitters, no conflicts	90789	NM_000251.3(MSH2):c.1799C>T (p.Ala600Val)	Oct 29, 2025
MSH2	p.Ala604Asp	Pathogenic/Likely pathogenic	criteria provided, multiple submitters, no conflicts	2673297	NM_000251.3(MSH2):c.1811C>A (p.Ala604Asp)	Aug 19, 2025
MSH2	p.Ala640Ser	Benign/Likely benign	criteria provided, multiple submitters, no conflicts	569189	NM_000251.3(MSH2):c.1918G>T (p.Ala640Ser)	Nov 18, 2025
MSH2	p.Ala689Pro	Likely pathogenic	criteria provided, multiple submitters, no conflicts	428497	NM_000251.3(MSH2):c.2065G>C (p.Ala689Pro)	Aug 07, 2023
MSH2	p.Ala700Glu	Pathogenic/Likely pathogenic	criteria provided, multiple submitters, no conflicts	229885	NM_000251.3(MSH2):c.2099C>A (p.Ala700Glu)	Apr 24, 2024
MSH2	p.Ala763Pro	Pathogenic/Likely pathogenic	criteria provided, multiple submitters, no conflicts	1685955	NM_000251.3(MSH2):c.2287G>C (p.Ala763Pro)	Aug 08, 2023
MSH2	p.Arg359Gly	Likely pathogenic	criteria provided, multiple submitters, no conflicts	1784640	NM_000251.3(MSH2):c.1075A>G (p.Arg359Gly)	Jul 31, 2023
MSH2	p.Arg359Ile	Likely pathogenic	criteria provided, multiple submitters, no conflicts	1066604	NM_000251.3(MSH2):c.1076G>T (p.Arg359Ile)	Aug 08, 2023
MSH2	p.Arg359Thr	Pathogenic/Likely pathogenic	criteria provided, multiple submitters, no conflicts	142767	NM_000251.3(MSH2):c.1076G>C (p.Arg359Thr)	Feb 21, 2025
MSH2	p.Arg621Leu	Pathogenic/Likely pathogenic	criteria provided, multiple submitters, no conflicts	218040	NM_000251.3(MSH2):c.1862G>T (p.Arg621Leu)	Nov 20, 2025
MSH2	p.Arg680Pro	Pathogenic/Likely pathogenic	criteria provided, multiple submitters, no conflicts	483690	NM_000251.3(MSH2):c.2039G>C (p.Arg680Pro)	Apr 10, 2024
MSH2	p.Arg711Pro	Pathogenic/Likely pathogenic	criteria provided, multiple submitters, no conflicts	820781	NM_000251.3(MSH2):c.2132G>C (p.Arg711Pro)	Oct 20, 2025
MSH2	p.Asn109Asp	Likely benign	criteria provided, multiple submitters, no conflicts	1729503	NM_000251.3(MSH2):c.325A>G (p.Asn109Asp)	May 06, 2025
MSH2	p.Asn115Lys	Benign/Likely benign	criteria provided, multiple submitters, no conflicts	1731638	NM_000251.3(MSH2):c.345T>G (p.Asn115Lys)	Apr 17, 2025
MSH2	p.Asn583Thr	Likely benign	criteria provided, multiple submitters, no conflicts	90764	NM_000251.3(MSH2):c.1748A>C (p.Asn583Thr)	Sep 14, 2023
MSH2	p.Asn671Ile	Pathogenic/Likely pathogenic	criteria provided, multiple submitters, no conflicts	1784432	NM_000251.3(MSH2):c.2012A>T (p.Asn671Ile)	Sep 12, 2025
MSH2	p.Asn671Tyr	Likely pathogenic	criteria provided, multiple submitters, no conflicts	1784426	NM_000251.3(MSH2):c.2011A>T (p.Asn671Tyr)	Aug 07, 2023
MSH2	p.Asn798Lys	Likely benign	criteria provided, multiple submitters, no conflicts	936706	NM_000251.3(MSH2):c.2394T>G (p.Asn798Lys)	Dec 06, 2022
MSH2	p.Asp283Tyr	Likely benign	criteria provided, multiple submitters, no conflicts	2447341	NM_000251.3(MSH2):c.847G>T (p.Asp283Tyr)	May 12, 2023
MSH2	p.Asp283Val	Benign/Likely benign	criteria provided, multiple submitters, no conflicts	455620	NM_000251.3(MSH2):c.848A>T (p.Asp283Val)	Jun 23, 2025
MSH2	p.Asp603Tyr	Likely pathogenic	criteria provided, multiple submitters, no conflicts	1780503	NM_000251.3(MSH2):c.1807G>T (p.Asp603Tyr)	Mar 21, 2023
MSH2	p.Asp603Val	Pathogenic/Likely pathogenic	criteria provided, multiple submitters, no conflicts	480909	NM_000251.3(MSH2):c.1808A>T (p.Asp603Val)	Jul 16, 2024
MSH2	p.Asp748His	Likely pathogenic	criteria provided, multiple submitters, no conflicts	237385	NM_000251.3(MSH2):c.2242G>C (p.Asp748His)	Jan 19, 2026
MSH2	p.Cys199Tyr	Likely pathogenic	criteria provided, multiple submitters, no conflicts	91147	NM_000251.3(MSH2):c.596G>A (p.Cys199Tyr)	Dec 15, 2025
MSH2	p.Cys333Arg	Pathogenic	criteria provided, multiple submitters, no conflicts	91272	NM_000251.3(MSH2):c.997T>C (p.Cys333Arg)	Feb 16, 2025
MSH2	p.Cys333Phe	Pathogenic/Likely pathogenic	criteria provided, multiple submitters, no conflicts	638846	NM_000251.3(MSH2):c.998G>T (p.Cys333Phe)	Jul 28, 2023
MSH2	p.Cys333Trp	Pathogenic/Likely pathogenic	criteria provided, multiple submitters, no conflicts	450154	NM_000251.3(MSH2):c.999T>G (p.Cys333Trp)	Jul 28, 2023
MSH2	p.Cys693Tyr	Likely pathogenic	criteria provided, multiple submitters, no conflicts	393457	NM_000251.3(MSH2):c.2078G>A (p.Cys693Tyr)	Jun 27, 2024
MSH2	p.Cys697Trp	Likely pathogenic	criteria provided, multiple submitters, no conflicts	2453475	NM_000251.3(MSH2):c.2091T>G (p.Cys697Trp)	Aug 07, 2023
MSH2	p.Gln419Glu	Benign/Likely benign	criteria provided, multiple submitters, no conflicts	1057949	NM_000251.3(MSH2):c.1255C>G (p.Gln419Glu)	Jul 01, 2025
MSH2	p.Gln855His	Benign/Likely benign	criteria provided, multiple submitters, no conflicts	455571	NM_000251.3(MSH2):c.2565G>T (p.Gln855His)	Oct 27, 2025
MSH2	p.Gly164Trp	Pathogenic/Likely pathogenic	criteria provided, multiple submitters, no conflicts	91110	NM_000251.3(MSH2):c.490G>T (p.Gly164Trp)	Nov 03, 2025
MSH2	p.Gly338Arg	Pathogenic/Likely pathogenic	criteria provided, multiple submitters, no conflicts	232810	NM_000251.3(MSH2):c.1012G>C (p.Gly338Arg)	Nov 15, 2024
MSH2	p.Gly338Val	Pathogenic/Likely pathogenic	criteria provided, multiple submitters, no conflicts	568928	NM_000251.3(MSH2):c.1013G>T (p.Gly338Val)	Jan 21, 2026
MSH2	p.Gly426Arg	Likely pathogenic	criteria provided, multiple submitters, no conflicts	246389	NM_000251.3(MSH2):c.1276G>A (p.Gly426Arg)	Jul 31, 2025
MSH2	p.Gly587Ser	Likely pathogenic	criteria provided, multiple submitters, no conflicts	483724	NM_000251.3(MSH2):c.1759G>A (p.Gly587Ser)	Oct 28, 2022
MSH2	p.Gly674Ser	Likely pathogenic	criteria provided, multiple submitters, no conflicts	820546	NM_000251.3(MSH2):c.2020G>A (p.Gly674Ser)	Apr 29, 2024
MSH2	p.Gly692Trp	Pathogenic/Likely pathogenic	criteria provided, multiple submitters, no conflicts	428464	NM_000251.3(MSH2):c.2074G>T (p.Gly692Trp)	Jan 03, 2025
MSH2	p.Gly71Arg	Pathogenic/Likely pathogenic	criteria provided, multiple submitters, no conflicts	142708	NM_000251.3(MSH2):c.211G>C (p.Gly71Arg)	Nov 03, 2025
MSH2	p.Gly761Arg	Pathogenic/Likely pathogenic	criteria provided, multiple submitters, no conflicts	483671	NM_000251.3(MSH2):c.2281G>C (p.Gly761Arg)	Dec 23, 2024
MSH2	p.His610Pro	Likely pathogenic	criteria provided, multiple submitters, no conflicts	1780893	NM_000251.3(MSH2):c.1829A>C (p.His610Pro)	Dec 29, 2025
MSH2	p.His801Pro	Likely pathogenic	criteria provided, multiple submitters, no conflicts	428545	NM_000251.3(MSH2):c.2402A>C (p.His801Pro)	Aug 08, 2023
MSH2	p.His839Gln	Likely benign	criteria provided, multiple submitters, no conflicts	2587531	NM_000251.3(MSH2):c.2517T>G (p.His839Gln)	Dec 16, 2025
MSH2	p.Ile356Arg	Pathogenic/Likely pathogenic	criteria provided, multiple submitters, no conflicts	433880	NM_000251.3(MSH2):c.1067T>G (p.Ile356Arg)	Jan 27, 2023
MSH2	p.Ile356Lys	Pathogenic/Likely pathogenic	criteria provided, multiple submitters, no conflicts	483753	NM_000251.3(MSH2):c.1067T>A (p.Ile356Lys)	Jan 21, 2026
MSH2	p.Ile584Val	Likely benign	criteria provided, multiple submitters, no conflicts	576261	NM_000251.3(MSH2):c.1750A>G (p.Ile584Val)	Jul 30, 2025
MSH2	p.Ile648Val	Benign/Likely benign	criteria provided, multiple submitters, no conflicts	1783071	NM_000251.3(MSH2):c.1942A>G (p.Ile648Val)	Feb 11, 2025
MSH2	p.Ile685Arg	Pathogenic/Likely pathogenic	criteria provided, multiple submitters, no conflicts	1492933	NM_000251.3(MSH2):c.2054T>G (p.Ile685Arg)	Aug 07, 2023
MSH2	p.Ile708Asn	Likely pathogenic	criteria provided, multiple submitters, no conflicts	1786275	NM_000251.3(MSH2):c.2123T>A (p.Ile708Asn)	Dec 20, 2024
MSH2	p.Ile774Val	Pathogenic/Likely pathogenic	criteria provided, multiple submitters, no conflicts	408475	NM_000251.3(MSH2):c.2320A>G (p.Ile774Val)	Sep 03, 2025
MSH2	p.Leu173Pro	Pathogenic/Likely pathogenic	criteria provided, multiple submitters, no conflicts	91121	NM_000251.3(MSH2):c.518T>C (p.Leu173Pro)	May 05, 2025
MSH2	p.Leu175Pro	Pathogenic/Likely pathogenic	criteria provided, multiple submitters, no conflicts	91125	NM_000251.3(MSH2):c.524T>C (p.Leu175Pro)	Nov 10, 2025
MSH2	p.Leu270Pro	Pathogenic/Likely pathogenic	criteria provided, multiple submitters, no conflicts	827451	NM_000251.3(MSH2):c.809T>C (p.Leu270Pro)	Dec 23, 2025
MSH2	p.Leu310Arg	Pathogenic	criteria provided, multiple submitters, no conflicts	91246	NM_000251.3(MSH2):c.929T>G (p.Leu310Arg)	Oct 20, 2022
MSH2	p.Leu376Ser	Likely benign	criteria provided, multiple submitters, no conflicts	1021004	NM_000251.3(MSH2):c.1127T>C (p.Leu376Ser)	Nov 03, 2024
MSH2	p.Leu440Arg	Likely pathogenic	criteria provided, multiple submitters, no conflicts	1504444	NM_000251.3(MSH2):c.1319T>G (p.Leu440Arg)	Aug 01, 2023
MSH2	p.Leu478Arg	Likely pathogenic	criteria provided, multiple submitters, no conflicts	1772564	NM_000251.3(MSH2):c.1433T>G (p.Leu478Arg)	Jun 28, 2024
MSH2	p.Leu556Ser	Pathogenic/Likely pathogenic	criteria provided, multiple submitters, no conflicts	90737	NM_000251.3(MSH2):c.1667T>C (p.Leu556Ser)	Sep 16, 2025
MSH2	p.Leu595Arg	Pathogenic	criteria provided, multiple submitters, no conflicts	184645	NM_000251.3(MSH2):c.1784T>G (p.Leu595Arg)	Feb 04, 2025
MSH2	p.Leu687Arg	Likely pathogenic	criteria provided, multiple submitters, no conflicts	1785226	NM_000251.3(MSH2):c.2060T>G (p.Leu687Arg)	Aug 07, 2023
MSH2	p.Leu687Pro	Pathogenic/Likely pathogenic	criteria provided, multiple submitters, no conflicts	90873	NM_000251.3(MSH2):c.2060T>C (p.Leu687Pro)	Aug 18, 2025
MSH2	p.Leu787Arg	Pathogenic/Likely pathogenic	criteria provided, multiple submitters, no conflicts	619523	NM_000251.3(MSH2):c.2360T>G (p.Leu787Arg)	Aug 08, 2023
MSH2	p.Lys65Glu	Likely benign	criteria provided, multiple submitters, no conflicts	645314	NM_000251.3(MSH2):c.193A>G (p.Lys65Glu)	Sep 22, 2023
MSH2	p.Lys773Glu	Likely benign	criteria provided, multiple submitters, no conflicts	619522	NM_000251.3(MSH2):c.2317A>G (p.Lys773Glu)	Aug 29, 2025
MSH2	p.Met210Ile	Benign/Likely benign	criteria provided, multiple submitters, no conflicts	577710	NM_000251.3(MSH2):c.630G>A (p.Met210Ile)	Jan 19, 2024
MSH2	p.Met460Ile	Benign/Likely benign	criteria provided, multiple submitters, no conflicts	2819272	NM_000251.3(MSH2):c.1380G>A (p.Met460Ile)	Aug 07, 2025
MSH2	p.Met726Ile	Likely benign	criteria provided, multiple submitters, no conflicts	408484	NM_000251.3(MSH2):c.2178G>A (p.Met726Ile)	Dec 12, 2024
MSH2	p.Phe523Ser	Likely pathogenic	criteria provided, multiple submitters, no conflicts	142614	NM_000251.3(MSH2):c.1568T>C (p.Phe523Ser)	Aug 02, 2023
MSH2	p.Phe58Leu	Likely benign	criteria provided, multiple submitters, no conflicts	570175	NM_000251.3(MSH2):c.172T>C (p.Phe58Leu)	Dec 03, 2024
MSH2	p.Phe694Ile	Likely pathogenic	criteria provided, multiple submitters, no conflicts	820674	NM_000251.3(MSH2):c.2080T>A (p.Phe694Ile)	Dec 26, 2024
MSH2	p.Phe694Ser	Pathogenic/Likely pathogenic	criteria provided, multiple submitters, no conflicts	428522	NM_000251.3(MSH2):c.2081T>C (p.Phe694Ser)	Mar 11, 2025
MSH2	p.Pro349Ser	Likely pathogenic	criteria provided, multiple submitters, no conflicts	489908	NM_000251.3(MSH2):c.1045C>T (p.Pro349Ser)	Oct 07, 2024
MSH2	p.Pro349Thr	Likely pathogenic	criteria provided, multiple submitters, no conflicts	422795	NM_000251.3(MSH2):c.1045C>A (p.Pro349Thr)	Jan 05, 2026
MSH2	p.Pro622Arg	Pathogenic/Likely pathogenic	criteria provided, multiple submitters, no conflicts	265573	NM_000251.3(MSH2):c.1865C>G (p.Pro622Arg)	Nov 19, 2025
MSH2	p.Pro622Gln	Likely pathogenic	criteria provided, multiple submitters, no conflicts	427606	NM_000251.3(MSH2):c.1865C>A (p.Pro622Gln)	Jul 19, 2024
MSH2	p.Pro622Thr	Pathogenic/Likely pathogenic	criteria provided, multiple submitters, no conflicts	90805	NM_000251.3(MSH2):c.1864C>A (p.Pro622Thr)	Aug 04, 2023
MSH2	p.Pro670Arg	Likely benign	criteria provided, multiple submitters, no conflicts	455537	NM_000251.3(MSH2):c.2009C>G (p.Pro670Arg)	Sep 30, 2025
MSH2	p.Pro895Ser	Likely benign	criteria provided, multiple submitters, no conflicts	655967	NM_000251.3(MSH2):c.2683C>T (p.Pro895Ser)	Oct 18, 2023
MSH2	p.Ser281Leu	Likely benign	criteria provided, multiple submitters, no conflicts	2798450	NM_000251.3(MSH2):c.842C>T (p.Ser281Leu)	Jul 17, 2025
MSH2	p.Ser479Asn	Benign/Likely benign	criteria provided, multiple submitters, no conflicts	2073483	NM_000251.3(MSH2):c.1436G>A (p.Ser479Asn)	Nov 11, 2025
MSH2	p.Ser554Asn	Pathogenic/Likely pathogenic	criteria provided, multiple submitters, no conflicts	483664	NM_000251.3(MSH2):c.1661G>A (p.Ser554Asn)	Jan 27, 2026
MSH2	p.Thr594Ala	Benign/Likely benign	criteria provided, multiple submitters, no conflicts	1039589	NM_000251.3(MSH2):c.1780A>G (p.Thr594Ala)	Jul 03, 2024
MSH2	p.Thr677Arg	Pathogenic/Likely pathogenic	criteria provided, multiple submitters, no conflicts	233888	NM_000251.3(MSH2):c.2030C>G (p.Thr677Arg)	Jan 04, 2026
MSH2	p.Thr934Ala	Likely benign	criteria provided, multiple submitters, no conflicts	1796214	NM_000251.3(MSH2):c.2800A>G (p.Thr934Ala)	Jan 15, 2026
MSH2	p.Tyr408Phe	Likely benign	criteria provided, multiple submitters, no conflicts	192221	NM_000251.3(MSH2):c.1223A>T (p.Tyr408Phe)	Jul 28, 2025
MSH2	p.Val317Ile	Benign/Likely benign	criteria provided, multiple submitters, no conflicts	2093480	NM_000251.3(MSH2):c.949G>A (p.Val317Ile)	Sep 21, 2023
MSH2	p.Val367Ile	Benign/Likely benign	criteria provided, multiple submitters, no conflicts	455471	NM_000251.3(MSH2):c.1099G>A (p.Val367Ile)	Oct 14, 2025
MSH2	p.Ala272Val	Benign	reviewed by expert panel	41651	NM_000251.3(MSH2):c.815C>T (p.Ala272Val)	Oct 18, 2018
MSH2	p.Ala2Thr	Likely benign	reviewed by expert panel	41650	NM_000251.3(MSH2):c.4G>A (p.Ala2Thr)	Jun 13, 2018
MSH2	p.Ala636Pro	Pathogenic	reviewed by expert panel	1764	NM_000251.3(MSH2):c.1906G>C (p.Ala636Pro)	Sep 05, 2013
MSH2	p.Ala834Thr	Likely benign	reviewed by expert panel	90986	NM_000251.3(MSH2):c.2500G>A (p.Ala834Thr)	Sep 05, 2013
MSH2	p.Arg106Lys	Benign	reviewed by expert panel	91062	NM_000251.3(MSH2):c.317G>A (p.Arg106Lys)	Sep 05, 2013
MSH2	p.Arg359Ser	Pathogenic	reviewed by expert panel	90539	NM_000251.3(MSH2):c.1077A>T (p.Arg359Ser)	Sep 05, 2013
MSH2	p.Arg524Pro	Likely pathogenic	reviewed by expert panel	1759	NM_000251.3(MSH2):c.1571G>C (p.Arg524Pro)	Jun 21, 2019
MSH2	p.Arg55Gln	Likely benign	reviewed by expert panel	220448	NM_000251.3(MSH2):c.164G>A (p.Arg55Gln)	Dec 19, 2018
MSH2	p.Arg96His	Likely benign	reviewed by expert panel	91053	NM_000251.3(MSH2):c.287G>A (p.Arg96His)	Sep 05, 2013
MSH2	p.Asn127Ser	Benign	reviewed by expert panel	36577	NM_000251.3(MSH2):c.380A>G (p.Asn127Ser)	Sep 05, 2013
MSH2	p.Asp167His	Benign	reviewed by expert panel	91112	NM_000251.3(MSH2):c.499G>C (p.Asp167His)	Jun 13, 2018
MSH2	p.Asp603Gly	Likely pathogenic	reviewed by expert panel	90791	NM_000251.3(MSH2):c.1808A>G (p.Asp603Gly)	Jun 21, 2019
MSH2	p.Asp660Gly	Likely pathogenic	reviewed by expert panel	427603	NM_000251.3(MSH2):c.1979A>G (p.Asp660Gly)	Jun 21, 2019
MSH2	p.Cys199Arg	Pathogenic	reviewed by expert panel	91146	NM_000251.3(MSH2):c.595T>C (p.Cys199Arg)	Sep 05, 2013
MSH2	p.Cys333Tyr	Pathogenic	reviewed by expert panel	91273	NM_000251.3(MSH2):c.998G>A (p.Cys333Tyr)	Nov 03, 2016
MSH2	p.Cys697Arg	Pathogenic	reviewed by expert panel	90882	NM_000251.3(MSH2):c.2089T>C (p.Cys697Arg)	Sep 05, 2013
MSH2	p.Cys697Phe	Pathogenic	reviewed by expert panel	90883	NM_000251.3(MSH2):c.2090G>T (p.Cys697Phe)	Sep 05, 2013
MSH2	p.Cys697Tyr	Likely pathogenic	reviewed by expert panel	187518	NM_000251.3(MSH2):c.2090G>A (p.Cys697Tyr)	Mar 09, 2018
MSH2	p.Gln419Lys	Likely benign	reviewed by expert panel	90583	NM_000251.3(MSH2):c.1255C>A (p.Gln419Lys)	Sep 05, 2013
MSH2	p.Gln629Arg	Benign	reviewed by expert panel	90812	NM_000251.3(MSH2):c.1886A>G (p.Gln629Arg)	Sep 05, 2013
MSH2	p.Glu198Gly	Benign	reviewed by expert panel	91145	NM_000251.3(MSH2):c.593A>G (p.Glu198Gly)	Sep 05, 2013
MSH2	p.Glu749Lys	Likely pathogenic	reviewed by expert panel	90942	NM_000251.3(MSH2):c.2245G>A (p.Glu749Lys)	Jun 21, 2019
MSH2	p.Gly162Arg	Pathogenic	reviewed by expert panel	91105	NM_000251.3(MSH2):c.484G>A (p.Gly162Arg)	Sep 05, 2013
MSH2	p.Gly164Arg	Pathogenic	reviewed by expert panel	91109	NM_000251.3(MSH2):c.490G>A (p.Gly164Arg)	Sep 05, 2013
MSH2	p.Gly164Glu	Likely pathogenic	reviewed by expert panel	188119	NM_000251.3(MSH2):c.491G>A (p.Gly164Glu)	Nov 22, 2018
MSH2	p.Gly315Val	Likely benign	reviewed by expert panel	41652	NM_000251.3(MSH2):c.944G>T (p.Gly315Val)	Dec 19, 2018
MSH2	p.Gly322Asp	Benign	reviewed by expert panel	1762	NM_000251.3(MSH2):c.965G>A (p.Gly322Asp)	Sep 05, 2013
MSH2	p.Gly338Glu	Pathogenic	reviewed by expert panel	90504	NM_000251.3(MSH2):c.1013G>A (p.Gly338Glu)	Sep 05, 2013
MSH2	p.Gly587Arg	Pathogenic	reviewed by expert panel	90771	NM_000251.3(MSH2):c.1759G>C (p.Gly587Arg)	Sep 05, 2013
MSH2	p.Gly669Val	Pathogenic	reviewed by expert panel	90854	NM_000251.3(MSH2):c.2006G>T (p.Gly669Val)	Sep 05, 2013
MSH2	p.Gly674Arg	Likely pathogenic	reviewed by expert panel	90860	NM_000251.3(MSH2):c.2020G>C (p.Gly674Arg)	Jun 21, 2019
MSH2	p.Gly674Asp	Likely pathogenic	reviewed by expert panel	90861	NM_000251.3(MSH2):c.2021G>A (p.Gly674Asp)	Jun 21, 2019
MSH2	p.Gly683Arg	Pathogenic	reviewed by expert panel	90868	NM_000251.3(MSH2):c.2047G>A (p.Gly683Arg)	Sep 05, 2013
MSH2	p.Gly692Arg	Likely pathogenic	reviewed by expert panel	90878	NM_000251.3(MSH2):c.2074G>C (p.Gly692Arg)	Jun 21, 2019
MSH2	p.Gly692Val	Likely pathogenic	reviewed by expert panel	90880	NM_000251.3(MSH2):c.2075G>T (p.Gly692Val)	Mar 09, 2018
MSH2	p.Gly751Arg	Likely pathogenic	reviewed by expert panel	439192	NM_000251.3(MSH2):c.2251G>C (p.Gly751Arg)	Jun 13, 2018
MSH2	p.His46Gln	Likely benign	reviewed by expert panel	90654	NM_000251.3(MSH2):c.138C>G (p.His46Gln)	Dec 19, 2018
MSH2	p.His639Tyr	Pathogenic	reviewed by expert panel	1756	NM_000251.3(MSH2):c.1915C>T (p.His639Tyr)	Sep 05, 2013
MSH2	p.Ile169Val	Likely benign	reviewed by expert panel	91115	NM_000251.3(MSH2):c.505A>G (p.Ile169Val)	Sep 05, 2013
MSH2	p.Ile577Thr	Likely benign	reviewed by expert panel	41644	NM_000251.3(MSH2):c.1730T>C (p.Ile577Thr)	Sep 05, 2013
MSH2	p.Leu173Arg	Pathogenic	reviewed by expert panel	91122	NM_000251.3(MSH2):c.518T>G (p.Leu173Arg)	Mar 09, 2018
MSH2	p.Leu187Arg	Pathogenic	reviewed by expert panel	91135	NM_000251.3(MSH2):c.560T>G (p.Leu187Arg)	Sep 05, 2013
MSH2	p.Leu187Pro	Pathogenic	reviewed by expert panel	91134	NM_000251.3(MSH2):c.560T>C (p.Leu187Pro)	Sep 05, 2013
MSH2	p.Leu310Pro	Pathogenic	reviewed by expert panel	91245	NM_000251.3(MSH2):c.929T>C (p.Leu310Pro)	Sep 05, 2013
MSH2	p.Leu330Pro	Pathogenic	reviewed by expert panel	91270	NM_000251.3(MSH2):c.989T>C (p.Leu330Pro)	Jun 21, 2019
MSH2	p.Leu341Pro	Likely pathogenic	reviewed by expert panel	90507	NM_000251.3(MSH2):c.1022T>C (p.Leu341Pro)	Jun 21, 2019
MSH2	p.Leu390Phe	Benign	reviewed by expert panel	41641	NM_000251.3(MSH2):c.1168C>T (p.Leu390Phe)	Sep 05, 2013
MSH2	p.Leu440Pro	Pathogenic	reviewed by expert panel	90625	NM_000251.3(MSH2):c.1319T>C (p.Leu440Pro)	Sep 05, 2013
MSH2	p.Leu556Trp	Likely pathogenic	reviewed by expert panel	427602	NM_000251.3(MSH2):c.1667T>G (p.Leu556Trp)	Mar 09, 2018
MSH2	p.Leu93Phe	Likely pathogenic	reviewed by expert panel	91044	NM_000251.3(MSH2):c.277C>T (p.Leu93Phe)	Jun 21, 2019
MSH2	p.Met453Lys	Pathogenic	reviewed by expert panel	90638	NM_000251.3(MSH2):c.1358T>A (p.Met453Lys)	Sep 05, 2013
MSH2	p.Met688Arg	Pathogenic	reviewed by expert panel	90874	NM_000251.3(MSH2):c.2063T>G (p.Met688Arg)	Sep 05, 2013
MSH2	p.Met894Arg	Likely benign	reviewed by expert panel	633493	NM_000251.3(MSH2):c.2681T>G (p.Met894Arg)	Dec 19, 2018
MSH2	p.Pro349Arg	Likely pathogenic	reviewed by expert panel	561171	NM_000251.3(MSH2):c.1046_1047delinsGC (p.Pro349Arg)	Jun 13, 2018
MSH2	p.Pro349Leu	Pathogenic	reviewed by expert panel	90514	NM_000251.3(MSH2):c.1046C>T (p.Pro349Leu)	Sep 05, 2013
MSH2	p.Pro622Leu	Pathogenic	reviewed by expert panel	1753	NM_000251.3(MSH2):c.1865C>T (p.Pro622Leu)	Sep 05, 2013
MSH2	p.Pro652His	Likely pathogenic	reviewed by expert panel	90823	NM_000251.3(MSH2):c.1955C>A (p.Pro652His)	Jun 21, 2019
MSH2	p.Pro696Leu	Pathogenic	reviewed by expert panel	90881	NM_000251.3(MSH2):c.2087C>T (p.Pro696Leu)	Jun 21, 2019
MSH2	p.Ser554Cys	Pathogenic	reviewed by expert panel	90718	NM_000251.3(MSH2):c.1660A>T (p.Ser554Cys)	Sep 05, 2013
MSH2	p.Ser554Gly	Pathogenic	reviewed by expert panel	90717	NM_000251.3(MSH2):c.1660A>G (p.Ser554Gly)	Jun 21, 2019
MSH2	p.Ser554Thr	Pathogenic	reviewed by expert panel	90724	NM_000251.3(MSH2):c.1661G>C (p.Ser554Thr)	Sep 05, 2013
MSH2	p.Ser860Leu	Likely benign	reviewed by expert panel	91006	NM_000251.3(MSH2):c.2579C>T (p.Ser860Leu)	Sep 05, 2013
MSH2	p.Thr564Ala	Benign	reviewed by expert panel	90750	NM_000251.3(MSH2):c.1690A>G (p.Thr564Ala)	Sep 05, 2013
MSH2	p.Thr8Met	Benign	reviewed by expert panel	90964	NM_000251.3(MSH2):c.23C>T (p.Thr8Met)	Sep 05, 2013
MSH2	p.Thr905Arg	Likely benign	reviewed by expert panel	91037	NM_000251.3(MSH2):c.2714C>G (p.Thr905Arg)	Nov 24, 2015
MSH2	p.Tyr165Asp	Likely pathogenic	reviewed by expert panel	91111	NM_000251.3(MSH2):c.493T>G (p.Tyr165Asp)	Jun 21, 2019
MSH2	p.Val102Ile	Likely benign	reviewed by expert panel	36575	NM_000251.3(MSH2):c.304G>A (p.Val102Ile)	Sep 05, 2013
MSH2	p.Val161Asp	Pathogenic	reviewed by expert panel	91104	NM_000251.3(MSH2):c.482T>A (p.Val161Asp)	Mar 09, 2018
MSH2	p.Val163Asp	Pathogenic	reviewed by expert panel	91107	NM_000251.3(MSH2):c.488T>A (p.Val163Asp)	Sep 05, 2013
MSH2	p.Val163Gly	Pathogenic	reviewed by expert panel	91108	NM_000251.3(MSH2):c.488T>G (p.Val163Gly)	Mar 18, 2015
MSH2	p.Val200Asp	Pathogenic	reviewed by expert panel	91148	NM_000251.3(MSH2):c.599T>A (p.Val200Asp)	Oct 10, 2014
MSH2	p.Val3Leu	Benign	reviewed by expert panel	630046	NM_000251.3(MSH2):c.7G>T (p.Val3Leu)	Oct 18, 2018
MSH2	p.Val695Met	Pathogenic	reviewed by expert panel	633496	NM_000251.3(MSH2):c.2083G>A (p.Val695Met)	Oct 18, 2018
KRAS	p.Ala146Pro	Pathogenic/Likely pathogenic	criteria provided, multiple submitters, no conflicts	375963	NM_033360.4(KRAS):c.436G>C (p.Ala146Pro)	Feb 05, 2024
KRAS	p.Ala146Val	Pathogenic/Likely pathogenic	criteria provided, multiple submitters, no conflicts	375962	NM_004985.5(KRAS):c.437C>T (p.Ala146Val)	Jun 06, 2025
KRAS	p.Ala59Ser	Pathogenic/Likely pathogenic	criteria provided, multiple submitters, no conflicts	222075	NM_033360.4(KRAS):c.175G>T (p.Ala59Ser)	Oct 01, 2018
KRAS	p.Asp119Asn	Likely pathogenic	criteria provided, multiple submitters, no conflicts	40460	NM_033360.4(KRAS):c.355G>A (p.Asp119Asn)	Sep 23, 2020
KRAS	p.Asp153Gly	Pathogenic/Likely pathogenic	criteria provided, multiple submitters, no conflicts	40465	NM_004985.5(KRAS):c.458A>G (p.Asp153Gly)	Oct 01, 2020
KRAS	p.Gln22Lys	Pathogenic/Likely pathogenic	criteria provided, multiple submitters, no conflicts	376325	NM_033360.4(KRAS):c.64C>A (p.Gln22Lys)	Feb 16, 2025
KRAS	p.Gly12Ala	Pathogenic/Likely pathogenic	criteria provided, multiple submitters, no conflicts	45122	NM_004985.5(KRAS):c.35G>C (p.Gly12Ala)	Oct 12, 2022
KRAS	p.Gly12Arg	Pathogenic/Likely pathogenic	criteria provided, multiple submitters, no conflicts	12579	NM_004985.5(KRAS):c.34G>C (p.Gly12Arg)	Jul 04, 2022
KRAS	p.Gly12Asp	Pathogenic/Likely pathogenic	criteria provided, multiple submitters, no conflicts	12582	NM_004985.5(KRAS):c.35G>A (p.Gly12Asp)	Apr 30, 2025
KRAS	p.Gly12Ser	Pathogenic	criteria provided, multiple submitters, no conflicts	12584	NM_004985.5(KRAS):c.34G>A (p.Gly12Ser)	Jan 13, 2025
KRAS	p.Gly12Val	Pathogenic	criteria provided, multiple submitters, no conflicts	12583	NM_004985.5(KRAS):c.35G>T (p.Gly12Val)	Apr 03, 2025
KRAS	p.Gly13Asp	Pathogenic	criteria provided, multiple submitters, no conflicts	12580	NM_004985.5(KRAS):c.38G>A (p.Gly13Asp)	Nov 04, 2025
KRAS	p.Gly13Cys	Pathogenic/Likely pathogenic	criteria provided, multiple submitters, no conflicts	45123	NM_004985.5(KRAS):c.37G>T (p.Gly13Cys)	Jan 03, 2023
KRAS	p.Gly60Ser	Pathogenic	criteria provided, multiple submitters, no conflicts	12597	NM_033360.4(KRAS):c.178G>A (p.Gly60Ser)	Mar 29, 2024
KRAS	p.Gly60Val	Pathogenic/Likely pathogenic	criteria provided, multiple submitters, no conflicts	163766	NM_004985.5(KRAS):c.179G>T (p.Gly60Val)	Apr 29, 2025
KRAS	p.Ile36Met	Pathogenic/Likely pathogenic	criteria provided, multiple submitters, no conflicts	163768	NM_004985.5(KRAS):c.108A>G (p.Ile36Met)	Jul 09, 2025
KRAS	p.Lys117Asn	Pathogenic	criteria provided, multiple submitters, no conflicts	375965	NM_033360.4(KRAS):c.351A>C (p.Lys117Asn)	Jan 01, 2023
KRAS	p.Lys147Glu	Pathogenic/Likely pathogenic	criteria provided, multiple submitters, no conflicts	31941	NM_033360.4(KRAS):c.439A>G (p.Lys147Glu)	Jul 23, 2024
KRAS	p.Lys5Glu	Pathogenic/Likely pathogenic	criteria provided, multiple submitters, no conflicts	12596	NM_004985.5(KRAS):c.13A>G (p.Lys5Glu)	Sep 24, 2025
KRAS	p.Met72Leu	Pathogenic/Likely pathogenic	criteria provided, multiple submitters, no conflicts	179141	NM_004985.5(KRAS):c.214A>T (p.Met72Leu)	May 17, 2025
KRAS	p.Phe156Ile	Pathogenic	criteria provided, multiple submitters, no conflicts	163758	NM_004985.5(KRAS):c.466T>A (p.Phe156Ile)	Oct 24, 2023
KRAS	p.Phe156Val	Pathogenic/Likely pathogenic	criteria provided, multiple submitters, no conflicts	45127	NM_004985.5(KRAS):c.466T>G (p.Phe156Val)	Aug 14, 2018
KRAS	p.Pro34Arg	Pathogenic/Likely pathogenic	criteria provided, multiple submitters, no conflicts	12590	NM_004985.5(KRAS):c.101C>G (p.Pro34Arg)	Nov 25, 2024
KRAS	p.Tyr71Asp	Likely pathogenic	criteria provided, multiple submitters, no conflicts	228267	NM_004985.5(KRAS):c.211T>G (p.Tyr71Asp)	Mar 07, 2022
KRAS	p.Asp153Val	Pathogenic	reviewed by expert panel	12587	NM_004985.5(KRAS):c.458A>T (p.Asp153Val)	Dec 03, 2024
KRAS	p.Gln22Arg	Pathogenic	reviewed by expert panel	40452	NM_004985.5(KRAS):c.65A>G (p.Gln22Arg)	Dec 03, 2024
KRAS	p.Gly60Arg	Pathogenic	reviewed by expert panel	12586	NM_004985.5(KRAS):c.178G>C (p.Gly60Arg)	Apr 03, 2017
KRAS	p.Lys5Asn	Pathogenic	reviewed by expert panel	12594	NM_033360.4(KRAS):c.15A>T (p.Lys5Asn)	Dec 03, 2024
KRAS	p.Pro34Leu	Pathogenic	reviewed by expert panel	40454	NM_004985.5(KRAS):c.101C>T (p.Pro34Leu)	Sep 17, 2024
KRAS	p.Ser65Ile	Likely pathogenic	reviewed by expert panel	438796	NM_033360.4(KRAS):c.194G>T (p.Ser65Ile)	May 18, 2020
KRAS	p.Thr58Ile	Pathogenic	reviewed by expert panel	12588	NM_004985.5(KRAS):c.173C>T (p.Thr58Ile)	Apr 03, 2017
KRAS	p.Val14Ile	Pathogenic	reviewed by expert panel	12589	NM_004985.5(KRAS):c.40G>A (p.Val14Ile)	Dec 03, 2024
GCK	p.Ala188Thr	Pathogenic	criteria provided, multiple submitters, no conflicts	804849	NM_000162.5(GCK):c.562G>A (p.Ala188Thr)	Jan 10, 2026
GCK	p.Ala450Ser	Pathogenic/Likely pathogenic	criteria provided, multiple submitters, no conflicts	1770532	NM_000162.5(GCK):c.1348G>T (p.Ala450Ser)	Jun 14, 2025
GCK	p.Ala456Val	Pathogenic	criteria provided, multiple submitters, no conflicts	16143	NM_000162.5(GCK):c.1367C>T (p.Ala456Val)	Jan 28, 2023
GCK	p.Arg303Gln	Likely pathogenic	criteria provided, multiple submitters, no conflicts	435301	NM_000162.5(GCK):c.908G>A (p.Arg303Gln)	Sep 05, 2024
GCK	p.Arg303Trp	Likely pathogenic	criteria provided, multiple submitters, no conflicts	36264	NM_000162.5(GCK):c.907C>T (p.Arg303Trp)	Dec 27, 2025
GCK	p.Arg43Ser	Pathogenic/Likely pathogenic	criteria provided, multiple submitters, no conflicts	585910	NM_000162.5(GCK):c.127C>A (p.Arg43Ser)	Sep 01, 2024
GCK	p.Arg447Gln	Pathogenic/Likely pathogenic	criteria provided, multiple submitters, no conflicts	429500	NM_000162.5(GCK):c.1340G>A (p.Arg447Gln)	Jul 20, 2025
GCK	p.Arg447Gly	Pathogenic/Likely pathogenic	criteria provided, multiple submitters, no conflicts	36198	NM_000162.5(GCK):c.1339C>G (p.Arg447Gly)	Jan 26, 2024
GCK	p.Arg447Pro	Likely pathogenic	criteria provided, multiple submitters, no conflicts	804842	NM_000162.5(GCK):c.1340G>C (p.Arg447Pro)	Mar 10, 2025
GCK	p.Cys129Tyr	Likely pathogenic	criteria provided, multiple submitters, no conflicts	1210150	NM_000162.5(GCK):c.386G>A (p.Cys129Tyr)	Sep 01, 2024
GCK	p.Cys220Tyr	Likely pathogenic	criteria provided, multiple submitters, no conflicts	36240	NM_000162.5(GCK):c.659G>A (p.Cys220Tyr)	Mar 20, 2024
GCK	p.Glu256Gln	Likely pathogenic	criteria provided, multiple submitters, no conflicts	421063	NM_000162.5(GCK):c.766G>C (p.Glu256Gln)	Feb 07, 2025
GCK	p.Glu256Lys	Pathogenic	criteria provided, multiple submitters, no conflicts	265175	NM_000162.5(GCK):c.766G>A (p.Glu256Lys)	Oct 23, 2025
GCK	p.Glu265Lys	Pathogenic	criteria provided, multiple submitters, no conflicts	447419	NM_000162.5(GCK):c.793G>A (p.Glu265Lys)	Jan 27, 2025
GCK	p.Glu300Gly	Likely pathogenic	criteria provided, multiple submitters, no conflicts	3068849	NM_000162.5(GCK):c.899A>G (p.Glu300Gly)	Oct 25, 2024
GCK	p.Glu70Lys	Pathogenic/Likely pathogenic	criteria provided, multiple submitters, no conflicts	1679552	NM_000162.5(GCK):c.208G>A (p.Glu70Lys)	Nov 01, 2022
GCK	p.Gly223Arg	Likely pathogenic	criteria provided, multiple submitters, no conflicts	2578075	NM_000162.5(GCK):c.667G>C (p.Gly223Arg)	Nov 13, 2023
GCK	p.Gly223Ser	Pathogenic	criteria provided, multiple submitters, no conflicts	435306	NM_000162.5(GCK):c.667G>A (p.Gly223Ser)	Sep 20, 2025
GCK	p.Gly299Arg	Pathogenic/Likely pathogenic	criteria provided, multiple submitters, no conflicts	16136	NM_000162.5(GCK):c.895G>C (p.Gly299Arg)	Dec 24, 2025
GCK	p.Gly44Asp	Likely pathogenic	criteria provided, multiple submitters, no conflicts	36196	NM_000162.5(GCK):c.131G>A (p.Gly44Asp)	Dec 22, 2020
GCK	p.Gly44Ser	Pathogenic/Likely pathogenic	criteria provided, multiple submitters, no conflicts	76898	NM_000162.5(GCK):c.130G>A (p.Gly44Ser)	Jan 12, 2026
GCK	p.His50Tyr	Pathogenic/Likely pathogenic	criteria provided, multiple submitters, no conflicts	631495	NM_000162.5(GCK):c.148C>T (p.His50Tyr)	Aug 24, 2017
GCK	p.Ile159Val	Pathogenic/Likely pathogenic	criteria provided, multiple submitters, no conflicts	1679549	NM_000162.5(GCK):c.475A>G (p.Ile159Val)	Oct 21, 2024
GCK	p.Ile293Arg	Pathogenic/Likely pathogenic	criteria provided, multiple submitters, no conflicts	1700684	NM_000162.5(GCK):c.878T>G (p.Ile293Arg)	Apr 23, 2025
GCK	p.Leu164Pro	Pathogenic/Likely pathogenic	criteria provided, multiple submitters, no conflicts	997861	NM_000162.5(GCK):c.491T>C (p.Leu164Pro)	Dec 05, 2025
GCK	p.Leu315His	Pathogenic	criteria provided, multiple submitters, no conflicts	36266	NM_000162.5(GCK):c.944T>A (p.Leu315His)	May 05, 2025
GCK	p.Leu324Pro	Pathogenic/Likely pathogenic	criteria provided, multiple submitters, no conflicts	36270	NM_000162.5(GCK):c.971T>C (p.Leu324Pro)	Jan 13, 2026
GCK	p.Lys90Thr	Likely pathogenic	criteria provided, multiple submitters, no conflicts	1676241	NM_000162.5(GCK):c.269A>C (p.Lys90Thr)	Oct 09, 2024
GCK	p.Met251Ile	Pathogenic/Likely pathogenic	criteria provided, multiple submitters, no conflicts	2735006	NM_000162.5(GCK):c.753G>A (p.Met251Ile)	Jan 30, 2026
GCK	p.Met251Val	Pathogenic	criteria provided, multiple submitters, no conflicts	1678597	NM_000162.5(GCK):c.751A>G (p.Met251Val)	Mar 19, 2025
GCK	p.Phe260Ser	Likely pathogenic	criteria provided, multiple submitters, no conflicts	36257	NM_000162.5(GCK):c.779T>C (p.Phe260Ser)	Aug 18, 2011
GCK	p.Pro59Ser	Pathogenic/Likely pathogenic	criteria provided, multiple submitters, no conflicts	36205	NM_000162.5(GCK):c.175C>T (p.Pro59Ser)	Aug 01, 2025
GCK	p.Ser131Pro	Likely pathogenic	criteria provided, multiple submitters, no conflicts	16138	NM_000162.5(GCK):c.391T>C (p.Ser131Pro)	Jun 13, 2023
GCK	p.Ser411Phe	Likely pathogenic	criteria provided, multiple submitters, no conflicts	2136506	NM_000162.5(GCK):c.1232C>T (p.Ser411Phe)	Apr 04, 2024
GCK	p.Ser453Leu	Pathogenic/Likely pathogenic	criteria provided, multiple submitters, no conflicts	36200	NM_000162.5(GCK):c.1358C>T (p.Ser453Leu)	Sep 25, 2024
GCK	p.Ser453Trp	Pathogenic/Likely pathogenic	criteria provided, multiple submitters, no conflicts	2734985	NM_000162.5(GCK):c.1358C>G (p.Ser453Trp)	Apr 01, 2024
GCK	p.Thr206Met	Pathogenic/Likely pathogenic	criteria provided, multiple submitters, no conflicts	1191898	NM_000162.5(GCK):c.617C>T (p.Thr206Met)	Jun 23, 2025
GCK	p.Thr206Pro	Pathogenic/Likely pathogenic	criteria provided, multiple submitters, no conflicts	129145	NM_000162.5(GCK):c.616A>C (p.Thr206Pro)	Jul 22, 2025
GCK	p.Trp257Arg	Pathogenic/Likely pathogenic	criteria provided, multiple submitters, no conflicts	447416	NM_000162.5(GCK):c.769T>C (p.Trp257Arg)	Jul 03, 2017
GCK	p.Tyr289Cys	Pathogenic/Likely pathogenic	criteria provided, multiple submitters, no conflicts	1709898	NM_000162.5(GCK):c.866A>G (p.Tyr289Cys)	Dec 31, 2022
GCK	p.Ala11Thr	Benign	reviewed by expert panel	129141	NM_000162.5(GCK):c.31G>A (p.Ala11Thr)	Oct 28, 2025
GCK	p.Ala201Ser	Pathogenic	reviewed by expert panel	198050	NM_000162.5(GCK):c.601G>T (p.Ala201Ser)	Feb 23, 2024
GCK	p.Ala208Pro	Likely pathogenic	reviewed by expert panel	2691827	NM_000162.5(GCK):c.622G>C (p.Ala208Pro)	Jan 22, 2024
GCK	p.Ala208Thr	Pathogenic	reviewed by expert panel	804344	NM_000162.5(GCK):c.622G>A (p.Ala208Thr)	Feb 11, 2025
GCK	p.Ala208Val	Pathogenic	reviewed by expert panel	447411	NM_000162.5(GCK):c.623C>T (p.Ala208Val)	Jan 18, 2024
GCK	p.Ala259Ser	Likely pathogenic	reviewed by expert panel	2578354	NM_000162.5(GCK):c.775G>T (p.Ala259Ser)	Aug 12, 2023
GCK	p.Ala259Thr	Pathogenic	reviewed by expert panel	435302	NM_000162.5(GCK):c.775G>A (p.Ala259Thr)	Aug 12, 2023
GCK	p.Ala259Val	Pathogenic	reviewed by expert panel	447417	NM_000162.5(GCK):c.776C>T (p.Ala259Val)	Aug 12, 2023
GCK	p.Ala378Asp	Pathogenic	reviewed by expert panel	2664370	NM_000162.5(GCK):c.1133C>A (p.Ala378Asp)	Nov 22, 2023
GCK	p.Ala378Gly	Likely pathogenic	reviewed by expert panel	972776	NM_000162.5(GCK):c.1133C>G (p.Ala378Gly)	Aug 07, 2023
GCK	p.Ala378Pro	Likely pathogenic	reviewed by expert panel	2628365	NM_000162.5(GCK):c.1132G>C (p.Ala378Pro)	Oct 03, 2023
GCK	p.Ala378Thr	Pathogenic	reviewed by expert panel	16145	NM_000162.5(GCK):c.1132G>A (p.Ala378Thr)	Aug 07, 2023
GCK	p.Ala378Val	Pathogenic	reviewed by expert panel	21076	NM_000162.5(GCK):c.1133C>T (p.Ala378Val)	Aug 08, 2023
GCK	p.Ala379Glu	Likely pathogenic	reviewed by expert panel	36177	NM_000162.5(GCK):c.1136C>A (p.Ala379Glu)	Jul 17, 2023
GCK	p.Ala379Gly	Likely pathogenic	reviewed by expert panel	447382	NM_000162.5(GCK):c.1136C>G (p.Ala379Gly)	Mar 31, 2024
GCK	p.Ala379Val	Likely pathogenic	reviewed by expert panel	804834	NM_000162.5(GCK):c.1136C>T (p.Ala379Val)	Aug 01, 2023
GCK	p.Ala384Glu	Pathogenic	reviewed by expert panel	2136509	NM_000162.5(GCK):c.1151C>A (p.Ala384Glu)	Jun 06, 2025
GCK	p.Ala384Thr	Likely pathogenic	reviewed by expert panel	1734018	NM_000162.5(GCK):c.1150G>A (p.Ala384Thr)	Jun 06, 2025
GCK	p.Ala384Val	Likely pathogenic	reviewed by expert panel	804836	NM_000162.5(GCK):c.1151C>T (p.Ala384Val)	Jun 06, 2025
GCK	p.Ala387Glu	Likely pathogenic	reviewed by expert panel	36181	NM_000162.5(GCK):c.1160C>A (p.Ala387Glu)	Feb 28, 2024
GCK	p.Ala387Thr	Pathogenic	reviewed by expert panel	3024417	NM_000162.5(GCK):c.1159G>A (p.Ala387Thr)	Feb 28, 2024
GCK	p.Ala387Val	Pathogenic	reviewed by expert panel	36182	NM_000162.5(GCK):c.1160C>T (p.Ala387Val)	Feb 28, 2024
GCK	p.Ala449Ser	Likely pathogenic	reviewed by expert panel	3233991	NM_000162.5(GCK):c.1345G>T (p.Ala449Ser)	Apr 27, 2024
GCK	p.Ala449Thr	Pathogenic	reviewed by expert panel	36199	NM_000162.5(GCK):c.1345G>A (p.Ala449Thr)	Apr 27, 2024
GCK	p.Ala454Glu	Likely pathogenic	reviewed by expert panel	393447	NM_000162.5(GCK):c.1361C>A (p.Ala454Glu)	Mar 31, 2024
GCK	p.Ala454Val	Likely pathogenic	reviewed by expert panel	3068512	NM_000162.5(GCK):c.1361C>T (p.Ala454Val)	Mar 31, 2024
GCK	p.Arg155Ser	Likely pathogenic	reviewed by expert panel	2628364	NM_000162.5(GCK):c.465G>T (p.Arg155Ser)	Oct 03, 2023
GCK	p.Arg155Thr	Likely pathogenic	reviewed by expert panel	447401	NM_000162.5(GCK):c.464G>C (p.Arg155Thr)	Apr 19, 2024
GCK	p.Arg191Gln	Pathogenic	reviewed by expert panel	283358	NM_000162.5(GCK):c.572G>A (p.Arg191Gln)	Apr 19, 2024
GCK	p.Arg191Trp	Pathogenic	reviewed by expert panel	426122	NM_000162.5(GCK):c.571C>T (p.Arg191Trp)	Jul 23, 2023
GCK	p.Arg250Cys	Pathogenic	reviewed by expert panel	393451	NM_000162.5(GCK):c.748C>T (p.Arg250Cys)	Oct 25, 2023
GCK	p.Arg250His	Likely pathogenic	reviewed by expert panel	435311	NM_000162.5(GCK):c.749G>A (p.Arg250His)	Oct 25, 2023
GCK	p.Arg275Cys	Pathogenic	reviewed by expert panel	585927	NM_000162.5(GCK):c.823C>T (p.Arg275Cys)	Sep 20, 2023
GCK	p.Arg275Gly	Pathogenic	reviewed by expert panel	2664365	NM_000162.5(GCK):c.823C>G (p.Arg275Gly)	Jan 10, 2025
GCK	p.Arg275Leu	Likely pathogenic	reviewed by expert panel	435310	NM_000162.5(GCK):c.824G>T (p.Arg275Leu)	Jan 10, 2025
GCK	p.Arg275Pro	Likely pathogenic	reviewed by expert panel	2581126	NM_000162.5(GCK):c.824G>C (p.Arg275Pro)	Jan 10, 2025
GCK	p.Arg36Trp	Pathogenic	reviewed by expert panel	431973	NM_000162.5(GCK):c.106C>T (p.Arg36Trp)	Feb 11, 2026
GCK	p.Arg377Cys	Pathogenic	reviewed by expert panel	585908	NM_000162.5(GCK):c.1129C>T (p.Arg377Cys)	Aug 08, 2023
GCK	p.Arg377His	Likely pathogenic	reviewed by expert panel	36176	NM_000162.5(GCK):c.1130G>A (p.Arg377His)	Aug 08, 2023
GCK	p.Arg377Leu	Likely pathogenic	reviewed by expert panel	872751	NM_000162.5(GCK):c.1130G>T (p.Arg377Leu)	Nov 24, 2023
GCK	p.Arg377Ser	Likely pathogenic	reviewed by expert panel	1727652	NM_000162.5(GCK):c.1129C>A (p.Arg377Ser)	Sep 20, 2023
GCK	p.Arg392Cys	Pathogenic	reviewed by expert panel	585909	NM_000162.5(GCK):c.1174C>T (p.Arg392Cys)	Jul 16, 2023
GCK	p.Arg392Gly	Likely pathogenic	reviewed by expert panel	1301416	NM_000162.5(GCK):c.1174C>G (p.Arg392Gly)	Nov 26, 2025
GCK	p.Arg392Leu	Pathogenic	reviewed by expert panel	36185	NM_000162.5(GCK):c.1175G>T (p.Arg392Leu)	Oct 17, 2024
GCK	p.Arg392Pro	Likely pathogenic	reviewed by expert panel	2574162	NM_000162.5(GCK):c.1175G>C (p.Arg392Pro)	Sep 29, 2025
GCK	p.Arg392Ser	Pathogenic	reviewed by expert panel	2581305	NM_000162.5(GCK):c.1174C>A (p.Arg392Ser)	Nov 26, 2025
GCK	p.Arg394Leu	Likely pathogenic	reviewed by expert panel	1522625	NM_000162.5(GCK):c.1181G>T (p.Arg394Leu)	Apr 25, 2025
GCK	p.Arg394Pro	Likely pathogenic	reviewed by expert panel	2169517	NM_000162.5(GCK):c.1181G>C (p.Arg394Pro)	Apr 22, 2025
GCK	p.Arg394Ser	Likely pathogenic	reviewed by expert panel	3602130	NM_000162.5(GCK):c.1180C>A (p.Arg394Ser)	Apr 21, 2025
GCK	p.Arg397Cys	Likely pathogenic	reviewed by expert panel	2734991	NM_000162.5(GCK):c.1189C>T (p.Arg397Cys)	Sep 08, 2023
GCK	p.Arg397Gly	Likely pathogenic	reviewed by expert panel	2578359	NM_000162.5(GCK):c.1189C>G (p.Arg397Gly)	Nov 23, 2023
GCK	p.Arg397His	Likely pathogenic	reviewed by expert panel	995102	NM_000162.5(GCK):c.1190G>A (p.Arg397His)	Sep 08, 2023
GCK	p.Arg397Leu	Pathogenic	reviewed by expert panel	21077	NM_000162.5(GCK):c.1190G>T (p.Arg397Leu)	Jul 16, 2023
GCK	p.Arg43Cys	Pathogenic	reviewed by expert panel	585911	NM_000162.5(GCK):c.127C>T (p.Arg43Cys)	Aug 13, 2023
GCK	p.Arg43His	Pathogenic	reviewed by expert panel	393453	NM_000162.5(GCK):c.128G>A (p.Arg43His)	Aug 25, 2023
GCK	p.Asp124Asn	Pathogenic	reviewed by expert panel	211073	NM_000162.5(GCK):c.370G>A (p.Asp124Asn)	Nov 02, 2023
GCK	p.Asp124His	Pathogenic	reviewed by expert panel	447397	NM_000162.5(GCK):c.370G>C (p.Asp124His)	Mar 14, 2024
GCK	p.Asp160Asn	Pathogenic	reviewed by expert panel	447404	NM_000162.5(GCK):c.478G>A (p.Asp160Asn)	Jan 22, 2026
GCK	p.Asp160Glu	Likely pathogenic	reviewed by expert panel	4687871	NM_000162.5(GCK):c.480T>G (p.Asp160Glu)	Jan 22, 2026
GCK	p.Asp160His	Pathogenic	reviewed by expert panel	1743101	NM_000162.5(GCK):c.478G>C (p.Asp160His)	Jan 22, 2026
GCK	p.Asp187His	Likely pathogenic	reviewed by expert panel	3238987	NM_000162.5(GCK):c.559G>C (p.Asp187His)	Jun 09, 2024
GCK	p.Asp187Tyr	Likely pathogenic	reviewed by expert panel	3238986	NM_000162.5(GCK):c.559G>T (p.Asp187Tyr)	Jun 09, 2024
GCK	p.Asp217Asn	Benign	reviewed by expert panel	911631	NM_000162.5(GCK):c.649G>A (p.Asp217Asn)	Aug 13, 2023
GCK	p.Asp274Ala	Pathogenic	reviewed by expert panel	3383925	NM_000162.5(GCK):c.821A>C (p.Asp274Ala)	Nov 04, 2024
GCK	p.Asp274Asn	Likely pathogenic	reviewed by expert panel	3383924	NM_000162.5(GCK):c.820G>A (p.Asp274Asn)	Oct 28, 2025
GCK	p.Asp274Glu	Likely pathogenic	reviewed by expert panel	994611	NM_000162.5(GCK):c.822C>A (p.Asp274Glu)	Sep 08, 2025
GCK	p.Asp274Gly	Likely pathogenic	reviewed by expert panel	3383923	NM_000162.5(GCK):c.821A>G (p.Asp274Gly)	Dec 02, 2024
GCK	p.Asp274Tyr	Likely pathogenic	reviewed by expert panel	3383926	NM_000162.5(GCK):c.820G>T (p.Asp274Tyr)	Nov 04, 2024
GCK	p.Asp344Tyr	Likely pathogenic	reviewed by expert panel	219179	NM_000162.5(GCK):c.1030G>T (p.Asp344Tyr)	Apr 28, 2024
GCK	p.Asp363Asn	Likely pathogenic	reviewed by expert panel	418228	NM_000162.5(GCK):c.1087G>A (p.Asp363Asn)	Jan 22, 2024
GCK	p.Asp363Gly	Pathogenic	reviewed by expert panel	3383915	NM_000162.5(GCK):c.1088A>G (p.Asp363Gly)	Sep 19, 2025
GCK	p.Asp4Asn	Likely benign	reviewed by expert panel	911766	NM_000162.5(GCK):c.10G>A (p.Asp4Asn)	Dec 08, 2023
GCK	p.Asp78Asn	Pathogenic	reviewed by expert panel	3383928	NM_000162.5(GCK):c.232G>A (p.Asp78Asn)	Dec 02, 2024
GCK	p.Asp78Glu	Pathogenic	reviewed by expert panel	3383930	NM_000162.5(GCK):c.234C>G (p.Asp78Glu)	Dec 02, 2024
GCK	p.Asp78Gly	Likely pathogenic	reviewed by expert panel	3383931	NM_000162.5(GCK):c.233A>G (p.Asp78Gly)	Oct 28, 2024
GCK	p.Asp78His	Pathogenic	reviewed by expert panel	3383929	NM_000162.5(GCK):c.232G>C (p.Asp78His)	Dec 02, 2024
GCK	p.Asp78Tyr	Pathogenic	reviewed by expert panel	2500039	NM_000162.5(GCK):c.232G>T (p.Asp78Tyr)	Dec 02, 2024
GCK	p.Cys220Arg	Likely pathogenic	reviewed by expert panel	36239	NM_000162.5(GCK):c.658T>C (p.Cys220Arg)	Dec 01, 2023
GCK	p.Cys230Arg	Likely pathogenic	reviewed by expert panel	198397	NM_000162.5(GCK):c.688T>C (p.Cys230Arg)	Dec 02, 2023
GCK	p.Cys230Tyr	Pathogenic	reviewed by expert panel	2628366	NM_000162.5(GCK):c.689G>A (p.Cys230Tyr)	Nov 22, 2023
GCK	p.Cys371Arg	Likely pathogenic	reviewed by expert panel	2578362	NM_000162.5(GCK):c.1111T>C (p.Cys371Arg)	Aug 09, 2023
GCK	p.Cys371Phe	Pathogenic	reviewed by expert panel	129140	NM_000162.5(GCK):c.1112G>T (p.Cys371Phe)	Aug 09, 2023
GCK	p.Cys371Trp	Likely pathogenic	reviewed by expert panel	447379	NM_000162.5(GCK):c.1113C>G (p.Cys371Trp)	Aug 09, 2023
GCK	p.Cys371Tyr	Likely pathogenic	reviewed by expert panel	2578347	NM_000162.5(GCK):c.1112G>A (p.Cys371Tyr)	Aug 09, 2023
GCK	p.Cys382Arg	Pathogenic	reviewed by expert panel	447384	NM_000162.5(GCK):c.1144T>C (p.Cys382Arg)	Jul 16, 2023
GCK	p.Cys382Gly	Likely pathogenic	reviewed by expert panel	2581125	NM_000162.5(GCK):c.1144T>G (p.Cys382Gly)	Nov 24, 2023
GCK	p.Cys382Tyr	Pathogenic	reviewed by expert panel	1256304	NM_000162.5(GCK):c.1145G>A (p.Cys382Tyr)	Jul 16, 2023
GCK	p.Gln337Pro	Likely pathogenic	reviewed by expert panel	3602116	NM_000162.5(GCK):c.1010A>C (p.Gln337Pro)	Jan 29, 2025
GCK	p.Gln38Leu	Likely pathogenic	reviewed by expert panel	2691828	NM_000162.5(GCK):c.113A>T (p.Gln38Leu)	Jan 05, 2024
GCK	p.Gln38Pro	Pathogenic	reviewed by expert panel	420070	NM_000162.5(GCK):c.113A>C (p.Gln38Pro)	Mar 19, 2024
GCK	p.Glu157Lys	Pathogenic	reviewed by expert panel	447402	NM_000162.5(GCK):c.469G>A (p.Glu157Lys)	Mar 23, 2026
GCK	p.Glu177Asp	Likely pathogenic	reviewed by expert panel	3383919	NM_000162.5(GCK):c.531A>T (p.Glu177Asp)	Nov 16, 2024
GCK	p.Glu221Lys	Pathogenic	reviewed by expert panel	36241	NM_000162.5(GCK):c.661G>A (p.Glu221Lys)	Feb 28, 2024
GCK	p.Glu268Lys	Pathogenic	reviewed by expert panel	447420	NM_000162.5(GCK):c.802G>A (p.Glu268Lys)	Oct 05, 2023
GCK	p.Glu279Gln	Benign	reviewed by expert panel	211076	NM_000162.5(GCK):c.835G>C (p.Glu279Gln)	Oct 03, 2025
GCK	p.Glu300Gln	Pathogenic	reviewed by expert panel	2578349	NM_000162.5(GCK):c.898G>C (p.Glu300Gln)	Oct 13, 2024
GCK	p.Glu300Lys	Likely pathogenic	reviewed by expert panel	1436793	NM_000162.5(GCK):c.898G>A (p.Glu300Lys)	Oct 13, 2024
GCK	p.Glu339Gly	Pathogenic	reviewed by expert panel	393450	NM_000162.5(GCK):c.1016A>G (p.Glu339Gly)	Feb 28, 2024
GCK	p.Glu339Lys	Likely pathogenic	reviewed by expert panel	39759	NM_000162.5(GCK):c.1015G>A (p.Glu339Lys)	Feb 28, 2024
GCK	p.Glu40Lys	Pathogenic	reviewed by expert panel	195024	NM_000162.5(GCK):c.118G>A (p.Glu40Lys)	Jan 29, 2025
GCK	p.Glu48Lys	Likely benign	reviewed by expert panel	1299600	NM_000162.5(GCK):c.142G>A (p.Glu48Lys)	Dec 26, 2024
GCK	p.Gly117Arg	Likely pathogenic	reviewed by expert panel	1496579	NM_000162.5(GCK):c.349G>C (p.Gly117Arg)	Dec 02, 2023
GCK	p.Gly117Val	Likely pathogenic	reviewed by expert panel	2662928	NM_000162.5(GCK):c.350G>T (p.Gly117Val)	Nov 23, 2023
GCK	p.Gly175Arg	Pathogenic	reviewed by expert panel	3024423	NM_000162.5(GCK):c.523G>C (p.Gly175Arg)	Feb 23, 2024
GCK	p.Gly175Glu	Likely pathogenic	reviewed by expert panel	1746350	NM_000162.5(GCK):c.524G>A (p.Gly175Glu)	Feb 23, 2024
GCK	p.Gly178Ala	Likely pathogenic	reviewed by expert panel	4531183	NM_000162.5(GCK):c.533G>C (p.Gly178Ala)	Nov 26, 2025
GCK	p.Gly178Arg	Likely pathogenic	reviewed by expert panel	4814053	NM_000162.5(GCK):c.532G>C (p.Gly178Arg)	Mar 22, 2026
GCK	p.Gly178Glu	Pathogenic	reviewed by expert panel	265174	NM_000162.5(GCK):c.533G>A (p.Gly178Glu)	Nov 24, 2025
GCK	p.Gly178Val	Likely pathogenic	reviewed by expert panel	4814054	NM_000162.5(GCK):c.533G>T (p.Gly178Val)	Mar 22, 2026
GCK	p.Gly227Arg	Pathogenic	reviewed by expert panel	2580859	NM_000162.5(GCK):c.679G>C (p.Gly227Arg)	Sep 26, 2025
GCK	p.Gly227Ser	Pathogenic	reviewed by expert panel	2136518	NM_000162.5(GCK):c.679G>A (p.Gly227Ser)	Sep 26, 2025
GCK	p.Gly246Ala	Likely pathogenic	reviewed by expert panel	804856	NM_000162.5(GCK):c.737G>C (p.Gly246Ala)	Dec 02, 2023
GCK	p.Gly246Arg	Pathogenic	reviewed by expert panel	995372	NM_000162.5(GCK):c.736G>A (p.Gly246Arg)	Dec 02, 2023
GCK	p.Gly246Glu	Likely pathogenic	reviewed by expert panel	995373	NM_000162.5(GCK):c.737G>A (p.Gly246Glu)	Jan 22, 2024
GCK	p.Gly261Arg	Pathogenic	reviewed by expert panel	447418	NM_000162.5(GCK):c.781G>C (p.Gly261Arg)	Aug 12, 2023
GCK	p.Gly261Glu	Pathogenic	reviewed by expert panel	2578353	NM_000162.5(GCK):c.782G>A (p.Gly261Glu)	Aug 12, 2023
GCK	p.Gly264Ser	Pathogenic	reviewed by expert panel	21078	NM_000162.5(GCK):c.790G>A (p.Gly264Ser)	Nov 02, 2023
GCK	p.Gly294Asp	Pathogenic	reviewed by expert panel	3338870	NM_000162.5(GCK):c.881G>A (p.Gly294Asp)	Jan 16, 2025
GCK	p.Gly295Asp	Likely pathogenic	reviewed by expert panel	994613	NM_000162.5(GCK):c.884G>A (p.Gly295Asp)	Nov 23, 2023
GCK	p.Gly295Ser	Likely pathogenic	reviewed by expert panel	447423	NM_000162.5(GCK):c.883G>A (p.Gly295Ser)	Aug 11, 2023
GCK	p.Gly295Val	Likely pathogenic	reviewed by expert panel	2578352	NM_000162.5(GCK):c.884G>T (p.Gly295Val)	Aug 11, 2023
GCK	p.Gly318Arg	Pathogenic	reviewed by expert panel	585929	NM_000162.5(GCK):c.952G>A (p.Gly318Arg)	Jan 16, 2025
GCK	p.Gly385Arg	Likely pathogenic	reviewed by expert panel	2065408	NM_000162.5(GCK):c.1153G>C (p.Gly385Arg)	Sep 29, 2025
GCK	p.Gly385Trp	Likely pathogenic	reviewed by expert panel	3901861	NM_000162.5(GCK):c.1153G>T (p.Gly385Trp)	Jun 02, 2025
GCK	p.Gly385Val	Likely pathogenic	reviewed by expert panel	3901862	NM_000162.5(GCK):c.1154G>T (p.Gly385Val)	Jun 02, 2025
GCK	p.Gly388Asp	Pathogenic	reviewed by expert panel	995101	NM_000162.5(GCK):c.1163G>A (p.Gly388Asp)	Dec 02, 2023
GCK	p.Gly410Arg	Pathogenic	reviewed by expert panel	1472875	NM_000162.5(GCK):c.1228G>C (p.Gly410Arg)	Apr 28, 2024
GCK	p.Gly410Asp	Pathogenic	reviewed by expert panel	447386	NM_000162.5(GCK):c.1229G>A (p.Gly410Asp)	Jun 22, 2024
GCK	p.Gly410Cys	Pathogenic	reviewed by expert panel	3233996	NM_000162.5(GCK):c.1228G>T (p.Gly410Cys)	Apr 28, 2024
GCK	p.Gly410Ser	Pathogenic	reviewed by expert panel	3233995	NM_000162.5(GCK):c.1228G>A (p.Gly410Ser)	Jun 21, 2024
GCK	p.Gly68Asp	Likely benign	reviewed by expert panel	972774	NM_000162.5(GCK):c.203G>A (p.Gly68Asp)	Dec 08, 2023
GCK	p.Gly72Arg	Pathogenic	reviewed by expert panel	36209	NM_000162.5(GCK):c.214G>A (p.Gly72Arg)	Aug 13, 2023
GCK	p.His137Arg	Likely pathogenic	reviewed by expert panel	2136527	NM_000162.5(GCK):c.410A>G (p.His137Arg)	Apr 17, 2025
GCK	p.His137Asp	Likely pathogenic	reviewed by expert panel	3893273	NM_000162.5(GCK):c.409C>G (p.His137Asp)	Apr 17, 2025
GCK	p.His156Tyr	Likely pathogenic	reviewed by expert panel	585921	NM_000162.5(GCK):c.466C>T (p.His156Tyr)	Dec 08, 2023
GCK	p.His317Gln	Likely pathogenic	reviewed by expert panel	447426	NM_000162.5(GCK):c.951C>G (p.His317Gln)	Aug 29, 2025
GCK	p.His380Pro	Pathogenic	reviewed by expert panel	1098819	NM_000162.5(GCK):c.1139A>C (p.His380Pro)	Sep 19, 2023
GCK	p.His416Arg	Pathogenic	reviewed by expert panel	1700674	NM_000162.5(GCK):c.1247A>G (p.His416Arg)	Jan 07, 2026
GCK	p.His416Asp	Likely pathogenic	reviewed by expert panel	4687878	NM_000162.5(GCK):c.1246C>G (p.His416Asp)	Jan 07, 2026
GCK	p.His416Gln	Likely pathogenic	reviewed by expert panel	4687875	NM_000162.5(GCK):c.1248C>G (p.His416Gln)	Jan 28, 2026
GCK	p.His416Pro	Likely pathogenic	reviewed by expert panel	804839	NM_000162.5(GCK):c.1247A>C (p.His416Pro)	Jan 07, 2026
GCK	p.His416Tyr	Likely pathogenic	reviewed by expert panel	4687877	NM_000162.5(GCK):c.1246C>T (p.His416Tyr)	Jan 07, 2026
GCK	p.His424Tyr	Likely pathogenic	reviewed by expert panel	1709730	NM_000162.5(GCK):c.1270C>T (p.His424Tyr)	Nov 23, 2023
GCK	p.Ile130Asn	Likely pathogenic	reviewed by expert panel	3024422	NM_000162.5(GCK):c.389T>A (p.Ile130Asn)	Feb 28, 2024
GCK	p.Ile130Thr	Likely pathogenic	reviewed by expert panel	1704126	NM_000162.5(GCK):c.389T>C (p.Ile130Thr)	Feb 28, 2024
GCK	p.Ile189Met	Likely pathogenic	reviewed by expert panel	2664364	NM_000162.5(GCK):c.567C>G (p.Ile189Met)	Dec 02, 2023
GCK	p.Ile189Thr	Pathogenic	reviewed by expert panel	431972	NM_000162.5(GCK):c.566T>C (p.Ile189Thr)	May 08, 2023
GCK	p.Ile19Asn	Pathogenic	reviewed by expert panel	2136531	NM_000162.5(GCK):c.56T>A (p.Ile19Asn)	Feb 24, 2026
GCK	p.Ile348Phe	Likely pathogenic	reviewed by expert panel	36172	NM_000162.5(GCK):c.1042A>T (p.Ile348Phe)	Jan 28, 2024
GCK	p.Ile436Asn	Pathogenic	reviewed by expert panel	36195	NM_000162.5(GCK):c.1307T>A (p.Ile436Asn)	Apr 27, 2024
GCK	p.Ile436Phe	Likely pathogenic	reviewed by expert panel	2691824	NM_000162.5(GCK):c.1306A>T (p.Ile436Phe)	Jan 22, 2024
GCK	p.Leu122Ile	Likely pathogenic	reviewed by expert panel	435307	NM_000162.5(GCK):c.364C>A (p.Leu122Ile)	Mar 07, 2024
GCK	p.Leu122Phe	Likely pathogenic	reviewed by expert panel	3338654	NM_000162.5(GCK):c.364C>T (p.Leu122Phe)	Aug 01, 2024
GCK	p.Leu122Pro	Likely pathogenic	reviewed by expert panel	2735019	NM_000162.5(GCK):c.365T>C (p.Leu122Pro)	Mar 07, 2024
GCK	p.Leu122Val	Likely pathogenic	reviewed by expert panel	585919	NM_000162.5(GCK):c.364C>G (p.Leu122Val)	Mar 11, 2024
GCK	p.Leu146Arg	Likely pathogenic	reviewed by expert panel	2578355	NM_000162.5(GCK):c.437T>G (p.Leu146Arg)	Aug 13, 2023
GCK	p.Leu146Pro	Pathogenic	reviewed by expert panel	2428681	NM_000162.5(GCK):c.437T>C (p.Leu146Pro)	Aug 13, 2023
GCK	p.Leu271Pro	Likely pathogenic	reviewed by expert panel	36259	NM_000162.5(GCK):c.812T>C (p.Leu271Pro)	Jan 07, 2026
GCK	p.Leu304Pro	Pathogenic	reviewed by expert panel	447425	NM_000162.5(GCK):c.911T>C (p.Leu304Pro)	Aug 09, 2023
GCK	p.Leu30Pro	Likely pathogenic	reviewed by expert panel	235097	NM_000162.5(GCK):c.89T>C (p.Leu30Pro)	Jul 16, 2025
GCK	p.Leu352Arg	Likely pathogenic	reviewed by expert panel	4071499	NM_000162.5(GCK):c.1055T>G (p.Leu352Arg)	Jul 18, 2025
GCK	p.Leu352Pro	Likely pathogenic	reviewed by expert panel	3893306	NM_000162.5(GCK):c.1055T>C (p.Leu352Pro)	Jul 18, 2025
GCK	p.Leu386Arg	Likely pathogenic	reviewed by expert panel	3233999	NM_000162.5(GCK):c.1157T>G (p.Leu386Arg)	Apr 28, 2024
GCK	p.Leu386Pro	Pathogenic	reviewed by expert panel	36180	NM_000162.5(GCK):c.1157T>C (p.Leu386Pro)	Apr 28, 2024
GCK	p.Leu386Val	Pathogenic	reviewed by expert panel	804837	NM_000162.5(GCK):c.1156C>G (p.Leu386Val)	Apr 28, 2024
GCK	p.Leu77Pro	Likely pathogenic	reviewed by expert panel	995367	NM_000162.5(GCK):c.230T>C (p.Leu77Pro)	Jan 22, 2026
GCK	p.Lys414Glu	Pathogenic	reviewed by expert panel	36188	NM_000162.5(GCK):c.1240A>G (p.Lys414Glu)	Jun 26, 2023
GCK	p.Lys56Thr	Likely pathogenic	reviewed by expert panel	1807279	NM_000162.5(GCK):c.167A>C (p.Lys56Thr)	Jan 22, 2024
GCK	p.Met197Lys	Likely pathogenic	reviewed by expert panel	4531182	NM_000162.5(GCK):c.590T>A (p.Met197Lys)	Nov 26, 2025
GCK	p.Met202Arg	Pathogenic	reviewed by expert panel	3234002	NM_000162.5(GCK):c.605T>G (p.Met202Arg)	Apr 19, 2024
GCK	p.Met202Thr	Pathogenic	reviewed by expert panel	36233	NM_000162.5(GCK):c.605T>C (p.Met202Thr)	Dec 01, 2023
GCK	p.Met210Ile	Pathogenic	reviewed by expert panel	36236	NM_000162.5(GCK):c.630G>T (p.Met210Ile)	Jan 22, 2024
GCK	p.Met210Lys	Pathogenic	reviewed by expert panel	16141	NM_000162.5(GCK):c.629T>A (p.Met210Lys)	Jul 30, 2023
GCK	p.Met210Thr	Pathogenic	reviewed by expert panel	804852	NM_000162.5(GCK):c.629T>C (p.Met210Thr)	Jan 18, 2024
GCK	p.Met210Val	Likely pathogenic	reviewed by expert panel	2505486	NM_000162.5(GCK):c.628A>G (p.Met210Val)	May 26, 2023
GCK	p.Met224Thr	Pathogenic	reviewed by expert panel	1464253	NM_000162.5(GCK):c.671T>C (p.Met224Thr)	Jan 22, 2026
GCK	p.Met235Arg	Likely pathogenic	reviewed by expert panel	4687879	NM_000162.5(GCK):c.704T>G (p.Met235Arg)	Jan 22, 2026
GCK	p.Met235Thr	Pathogenic	reviewed by expert panel	36248	NM_000162.5(GCK):c.704T>C (p.Met235Thr)	Sep 17, 2025
GCK	p.Met235Val	Pathogenic	reviewed by expert panel	381599	NM_000162.5(GCK):c.703A>G (p.Met235Val)	Sep 17, 2025
GCK	p.Met37Arg	Pathogenic	reviewed by expert panel	2578357	NM_000162.5(GCK):c.110T>G (p.Met37Arg)	Aug 25, 2023
GCK	p.Met37Thr	Likely pathogenic	reviewed by expert panel	2682651	NM_000162.5(GCK):c.110T>C (p.Met37Thr)	Dec 08, 2023
GCK	p.Met37Val	Likely pathogenic	reviewed by expert panel	2664358	NM_000162.5(GCK):c.109A>G (p.Met37Val)	Nov 22, 2023
GCK	p.Met381Arg	Likely pathogenic	reviewed by expert panel	36178	NM_000162.5(GCK):c.1142T>G (p.Met381Arg)	Jul 17, 2023
GCK	p.Met381Lys	Likely pathogenic	reviewed by expert panel	447383	NM_000162.5(GCK):c.1142T>A (p.Met381Lys)	Sep 09, 2023
GCK	p.Met381Thr	Pathogenic	reviewed by expert panel	2574163	NM_000162.5(GCK):c.1142T>C (p.Met381Thr)	Jul 17, 2023
GCK	p.Met462Ile	Likely benign	reviewed by expert panel	36202	NM_000162.5(GCK):c.1386G>T (p.Met462Ile)	Sep 01, 2023
GCK	p.Met57Arg	Likely pathogenic	reviewed by expert panel	3767143	NM_000162.5(GCK):c.170T>G (p.Met57Arg)	Oct 31, 2024
GCK	p.Met57Ile	Pathogenic	reviewed by expert panel	418225	NM_000162.5(GCK):c.171G>A (p.Met57Ile)	Feb 28, 2025
GCK	p.Met57Lys	Likely pathogenic	reviewed by expert panel	2684202	NM_000162.5(GCK):c.170T>A (p.Met57Lys)	Jun 17, 2025
GCK	p.Met57Thr	Likely pathogenic	reviewed by expert panel	3720746	NM_000162.5(GCK):c.170T>C (p.Met57Thr)	Oct 28, 2025
GCK	p.Phe150Leu	Likely pathogenic	reviewed by expert panel	3068510	NM_000162.5(GCK):c.450C>A (p.Phe150Leu)	Mar 22, 2024
GCK	p.Phe150Ser	Pathogenic	reviewed by expert panel	36218	NM_000162.5(GCK):c.449T>C (p.Phe150Ser)	Mar 22, 2024
GCK	p.Phe150Tyr	Pathogenic	reviewed by expert panel	129142	NM_000162.5(GCK):c.449T>A (p.Phe150Tyr)	Jan 06, 2024
GCK	p.Phe152Ile	Pathogenic	reviewed by expert panel	3233993	NM_000162.5(GCK):c.454T>A (p.Phe152Ile)	Apr 18, 2024
GCK	p.Phe152Leu	Pathogenic	reviewed by expert panel	995370	NM_000162.5(GCK):c.454T>C (p.Phe152Leu)	Apr 18, 2024
GCK	p.Phe152Ser	Pathogenic	reviewed by expert panel	1741488	NM_000162.5(GCK):c.455T>C (p.Phe152Ser)	Apr 18, 2024
GCK	p.Phe419Ser	Likely pathogenic	reviewed by expert panel	2571658	NM_000162.5(GCK):c.1256T>C (p.Phe419Ser)	Oct 10, 2023
GCK	p.Phe423Tyr	Pathogenic	reviewed by expert panel	36189	NM_000162.5(GCK):c.1268T>A (p.Phe423Tyr)	Apr 27, 2024
GCK	p.Pro153His	Likely pathogenic	reviewed by expert panel	2567920	NM_000162.5(GCK):c.458C>A (p.Pro153His)	Apr 28, 2024
GCK	p.Pro153Ser	Likely pathogenic	reviewed by expert panel	36221	NM_000162.5(GCK):c.457C>T (p.Pro153Ser)	Apr 22, 2024
GCK	p.Ser174Leu	Pathogenic	reviewed by expert panel	2691829	NM_000162.5(GCK):c.521C>T (p.Ser174Leu)	Jan 22, 2024
GCK	p.Ser263Pro	Pathogenic	reviewed by expert panel	36258	NM_000162.5(GCK):c.787T>C (p.Ser263Pro)	Jun 27, 2025
GCK	p.Ser340Asn	Pathogenic	reviewed by expert panel	1405403	NM_000162.5(GCK):c.1019G>A (p.Ser340Asn)	Nov 18, 2025
GCK	p.Ser340Thr	Pathogenic	reviewed by expert panel	2580863	NM_000162.5(GCK):c.1019G>C (p.Ser340Thr)	Nov 18, 2025
GCK	p.Ser375Phe	Likely pathogenic	reviewed by expert panel	36175	NM_000162.5(GCK):c.1124C>T (p.Ser375Phe)	Dec 02, 2024
GCK	p.Ser383Leu	Pathogenic	reviewed by expert panel	236014	NM_000162.5(GCK):c.1148C>T (p.Ser383Leu)	Feb 28, 2024
GCK	p.Ser383Pro	Likely pathogenic	reviewed by expert panel	1256306	NM_000162.5(GCK):c.1147T>C (p.Ser383Pro)	Mar 31, 2024
GCK	p.Ser383Thr	Likely pathogenic	reviewed by expert panel	3024419	NM_000162.5(GCK):c.1147T>A (p.Ser383Thr)	Feb 28, 2024
GCK	p.Ser383Trp	Likely pathogenic	reviewed by expert panel	3024418	NM_000162.5(GCK):c.1148C>G (p.Ser383Trp)	Feb 28, 2024
GCK	p.Ser441Trp	Pathogenic	reviewed by expert panel	1320655	NM_000162.5(GCK):c.1322C>G (p.Ser441Trp)	Jun 25, 2023
GCK	p.Ser54Arg	Likely pathogenic	reviewed by expert panel	3383913	NM_000162.5(GCK):c.162T>G (p.Ser54Arg)	Dec 02, 2024
GCK	p.Thr168Ala	Pathogenic	reviewed by expert panel	2574157	NM_000162.5(GCK):c.502A>G (p.Thr168Ala)	Jul 28, 2023
GCK	p.Thr168Asn	Pathogenic	reviewed by expert panel	2682649	NM_000162.5(GCK):c.503C>A (p.Thr168Asn)	Dec 08, 2023
GCK	p.Thr168Ile	Pathogenic	reviewed by expert panel	1490297	NM_000162.5(GCK):c.503C>T (p.Thr168Ile)	Dec 01, 2023
GCK	p.Thr168Pro	Pathogenic	reviewed by expert panel	2574158	NM_000162.5(GCK):c.502A>C (p.Thr168Pro)	Jul 29, 2023
GCK	p.Thr209Ala	Likely pathogenic	reviewed by expert panel	3661587	NM_000162.5(GCK):c.625A>G (p.Thr209Ala)	Jan 28, 2026
GCK	p.Thr209Arg	Likely pathogenic	reviewed by expert panel	4687874	NM_000162.5(GCK):c.626C>G (p.Thr209Arg)	Jan 28, 2026
GCK	p.Thr209Met	Pathogenic	reviewed by expert panel	804851	NM_000162.5(GCK):c.626C>T (p.Thr209Met)	Jun 27, 2025
GCK	p.Thr228Ala	Pathogenic	reviewed by expert panel	447413	NM_000162.5(GCK):c.682A>G (p.Thr228Ala)	Feb 28, 2024
GCK	p.Thr228Arg	Pathogenic	reviewed by expert panel	3024420	NM_000162.5(GCK):c.683C>G (p.Thr228Arg)	Feb 28, 2024
GCK	p.Thr228Lys	Pathogenic	reviewed by expert panel	3024421	NM_000162.5(GCK):c.683C>A (p.Thr228Lys)	Feb 28, 2024
GCK	p.Thr228Met	Pathogenic	reviewed by expert panel	16134	NM_000162.5(GCK):c.683C>T (p.Thr228Met)	Feb 28, 2024
GCK	p.Thr255Ala	Pathogenic	reviewed by expert panel	2735005	NM_000162.5(GCK):c.763A>G (p.Thr255Ala)	Nov 24, 2025
GCK	p.Thr255Ile	Pathogenic	reviewed by expert panel	3720739	NM_000162.5(GCK):c.764C>T (p.Thr255Ile)	Nov 24, 2025
GCK	p.Thr255Ser	Pathogenic	reviewed by expert panel	4531184	NM_000162.5(GCK):c.764C>G (p.Thr255Ser)	Nov 24, 2025
GCK	p.Thr326Pro	Pathogenic	reviewed by expert panel	2664366	NM_000162.5(GCK):c.976A>C (p.Thr326Pro)	Dec 02, 2023
GCK	p.Thr342Pro	Benign	reviewed by expert panel	908615	NM_000162.5(GCK):c.1024A>C (p.Thr342Pro)	Feb 02, 2024
GCK	p.Thr437Ile	Likely pathogenic	reviewed by expert panel	585914	NM_000162.5(GCK):c.1310C>T (p.Thr437Ile)	Jan 28, 2024
GCK	p.Thr49Asn	Likely pathogenic	reviewed by expert panel	36204	NM_000162.5(GCK):c.146C>A (p.Thr49Asn)	Aug 13, 2023
GCK	p.Thr60Ile	Pathogenic	reviewed by expert panel	1343440	NM_000162.5(GCK):c.179C>T (p.Thr60Ile)	Jul 29, 2025
GCK	p.Tyr108His	Pathogenic	reviewed by expert panel	585918	NM_000162.5(GCK):c.322T>C (p.Tyr108His)	Dec 15, 2023
GCK	p.Val154Gly	Likely pathogenic	reviewed by expert panel	2682650	NM_000162.5(GCK):c.461T>G (p.Val154Gly)	Dec 08, 2023
GCK	p.Val182Met	Pathogenic	reviewed by expert panel	129144	NM_000162.5(GCK):c.544G>A (p.Val182Met)	Feb 07, 2025
GCK	p.Val203Ala	Pathogenic	reviewed by expert panel	585923	NM_000162.5(GCK):c.608T>C (p.Val203Ala)	Jul 31, 2023
GCK	p.Val226Ala	Likely pathogenic	reviewed by expert panel	36244	NM_000162.5(GCK):c.677T>C (p.Val226Ala)	Oct 13, 2023
GCK	p.Val226Met	Pathogenic	reviewed by expert panel	36243	NM_000162.5(GCK):c.676G>A (p.Val226Met)	Aug 13, 2023
GCK	p.Val277Gly	Likely pathogenic	reviewed by expert panel	447422	NM_000162.5(GCK):c.830T>G (p.Val277Gly)	Feb 24, 2026
GCK	p.Val33Ala	Likely pathogenic	reviewed by expert panel	585930	NM_000162.5(GCK):c.98T>C (p.Val33Ala)	Jun 27, 2025
GCK	p.Val367Met	Pathogenic	reviewed by expert panel	381598	NM_000162.5(GCK):c.1099G>A (p.Val367Met)	Aug 09, 2023
GCK	p.Val374Glu	Likely pathogenic	reviewed by expert panel	2578348	NM_000162.5(GCK):c.1121T>A (p.Val374Glu)	Aug 09, 2023
GCK	p.Val374Met	Likely pathogenic	reviewed by expert panel	447380	NM_000162.5(GCK):c.1120G>A (p.Val374Met)	Nov 03, 2023
GCK	p.Val389Asp	Likely pathogenic	reviewed by expert panel	3250353	NM_000162.5(GCK):c.1166T>A (p.Val389Asp)	Jun 22, 2024
GCK	p.Val412Ala	Pathogenic	reviewed by expert panel	2734988	NM_000162.5(GCK):c.1235T>C (p.Val412Ala)	Apr 27, 2024
GCK	p.Val412Glu	Pathogenic	reviewed by expert panel	3233992	NM_000162.5(GCK):c.1235T>A (p.Val412Glu)	Apr 27, 2024
GCK	p.Val412Gly	Pathogenic	reviewed by expert panel	447387	NM_000162.5(GCK):c.1235T>G (p.Val412Gly)	Apr 27, 2024
GCK	p.Val412Met	Pathogenic	reviewed by expert panel	3233994	NM_000162.5(GCK):c.1234G>A (p.Val412Met)	Apr 27, 2024
GCK	p.Val455Glu	Likely pathogenic	reviewed by expert panel	585916	NM_000162.5(GCK):c.1364T>A (p.Val455Glu)	Jan 28, 2026
GCK	p.Val62Ala	Pathogenic	reviewed by expert panel	585917	NM_000162.5(GCK):c.185T>C (p.Val62Ala)	Jul 25, 2024
GCK	p.Val62Met	Pathogenic	reviewed by expert panel	419624	NM_000162.5(GCK):c.184G>A (p.Val62Met)	Aug 25, 2023
F9	p.Ala317Val	Pathogenic/Likely pathogenic	criteria provided, multiple submitters, no conflicts	1334561	NM_000133.4(F9):c.950C>T (p.Ala317Val)	Aug 14, 2024
F9	p.Arg191Cys	Pathogenic/Likely pathogenic	criteria provided, multiple submitters, no conflicts	10584	NM_000133.4(F9):c.571C>T (p.Arg191Cys)	Mar 11, 2024
F9	p.Arg226Gln	Pathogenic	criteria provided, multiple submitters, no conflicts	10591	NM_000133.4(F9):c.677G>A (p.Arg226Gln)	Jun 21, 2024
F9	p.Arg226Trp	Pathogenic/Likely pathogenic	criteria provided, multiple submitters, no conflicts	10590	NM_000133.4(F9):c.676C>T (p.Arg226Trp)	Mar 04, 2025
F9	p.Arg379Gln	Pathogenic	criteria provided, multiple submitters, no conflicts	10613	NM_000133.4(F9):c.1136G>A (p.Arg379Gln)	Nov 21, 2024
F9	p.Arg43Gln	Pathogenic	criteria provided, multiple submitters, no conflicts	810864	NM_000133.4(F9):c.128G>A (p.Arg43Gln)	Nov 13, 2024
F9	p.Arg43Trp	Pathogenic	criteria provided, multiple submitters, no conflicts	811505	NM_000133.4(F9):c.127C>T (p.Arg43Trp)	May 02, 2023
F9	p.Asn392Asp	Pathogenic/Likely pathogenic	criteria provided, multiple submitters, no conflicts	810869	NM_000133.4(F9):c.1174A>G (p.Asn392Asp)	Dec 03, 2025
F9	p.Cys102Arg	Pathogenic	criteria provided, multiple submitters, no conflicts	811522	NM_000133.4(F9):c.304T>C (p.Cys102Arg)	Feb 16, 2025
F9	p.Cys252Tyr	Pathogenic	criteria provided, multiple submitters, no conflicts	2138739	NM_000133.4(F9):c.755G>A (p.Cys252Tyr)	Jul 15, 2025
F9	p.Cys64Arg	Likely pathogenic	criteria provided, multiple submitters, no conflicts	811523	NM_000133.4(F9):c.190T>C (p.Cys64Arg)	Apr 10, 2024
F9	p.Glu323Lys	Benign/Likely benign	criteria provided, multiple submitters, no conflicts	695891	NM_000133.4(F9):c.967G>A (p.Glu323Lys)	Jan 31, 2026
F9	p.Glu79Lys	Likely pathogenic	criteria provided, multiple submitters, no conflicts	994019	NM_000133.4(F9):c.235G>A (p.Glu79Lys)	Jan 27, 2023
F9	p.Gly139Asp	Pathogenic/Likely pathogenic	criteria provided, multiple submitters, no conflicts	810876	NM_000133.4(F9):c.416G>A (p.Gly139Asp)	May 08, 2025
F9	p.Gly357Arg	Pathogenic/Likely pathogenic	criteria provided, multiple submitters, no conflicts	10611	NM_000133.4(F9):c.1069G>A (p.Gly357Arg)	Sep 01, 2022
F9	p.Gly50Asp	Likely pathogenic	criteria provided, multiple submitters, no conflicts	3385073	NM_000133.4(F9):c.149G>A (p.Gly50Asp)	Sep 08, 2025
F9	p.His303Tyr	Benign/Likely benign	criteria provided, multiple submitters, no conflicts	10641	NM_000133.4(F9):c.907C>T (p.His303Tyr)	Jan 28, 2026
F9	p.Ile316Thr	Pathogenic/Likely pathogenic	criteria provided, multiple submitters, no conflicts	811502	NM_000133.4(F9):c.947T>C (p.Ile316Thr)	Nov 13, 2023
F9	p.Ile443Thr	Pathogenic/Likely pathogenic	criteria provided, multiple submitters, no conflicts	10627	NM_000133.4(F9):c.1328T>C (p.Ile443Thr)	Sep 25, 2024
F9	p.Leu244Ser	Pathogenic/Likely pathogenic	criteria provided, multiple submitters, no conflicts	811504	NM_000133.4(F9):c.731T>C (p.Leu244Ser)	Jan 12, 2023
F9	p.Phe55Ile	Pathogenic/Likely pathogenic	criteria provided, multiple submitters, no conflicts	1069182	NM_000133.4(F9):c.163T>A (p.Phe55Ile)	Jan 20, 2026
F9	p.Pro101Ala	Pathogenic	criteria provided, multiple submitters, no conflicts	10578	NM_000133.4(F9):c.301C>G (p.Pro101Ala)	Sep 07, 2025
F9	p.Ser220Thr	Benign/Likely benign	criteria provided, multiple submitters, no conflicts	368001	NM_000133.4(F9):c.658T>A (p.Ser220Thr)	Oct 25, 2025
F9	p.Thr342Ala	Likely pathogenic	criteria provided, multiple submitters, no conflicts	812974	NM_000133.4(F9):c.1024A>G (p.Thr342Ala)	Jul 02, 2024
F9	p.Thr461Pro	Benign	criteria provided, multiple submitters, no conflicts	368004	NM_000133.4(F9):c.1381A>C (p.Thr461Pro)	Jan 24, 2026
F9	p.Tyr115Cys	Pathogenic	criteria provided, multiple submitters, no conflicts	810872	NM_000133.4(F9):c.344A>G (p.Tyr115Cys)	Feb 25, 2025
F9	p.Val353Ala	Pathogenic	criteria provided, multiple submitters, no conflicts	10608	NM_000133.4(F9):c.1058T>C (p.Val353Ala)	Mar 07, 2025
F9	p.Ala279Thr	Pathogenic	reviewed by expert panel	216926	NM_000133.4(F9):c.835G>A (p.Ala279Thr)	Feb 19, 2025
F9	p.Ala337Pro	Likely pathogenic	reviewed by expert panel	10606	NM_000133.4(F9):c.1009G>C (p.Ala337Pro)	Sep 30, 2024
F9	p.Ala337Thr	Pathogenic	reviewed by expert panel	626950	NM_000133.4(F9):c.1009G>A (p.Ala337Thr)	Apr 26, 2024
F9	p.Ala337Val	Pathogenic	reviewed by expert panel	3242389	NM_000133.4(F9):c.1010C>T (p.Ala337Val)	Apr 26, 2024
F9	p.Arg191His	Pathogenic	reviewed by expert panel	10585	NM_000133.4(F9):c.572G>A (p.Arg191His)	Feb 09, 2024
F9	p.Arg294Gln	Pathogenic	reviewed by expert panel	10602	NM_000133.4(F9):c.881G>A (p.Arg294Gln)	Nov 01, 2024
F9	p.Arg3His	Benign	reviewed by expert panel	695909	NM_000133.4(F9):c.8G>A (p.Arg3His)	Feb 09, 2024
F9	p.Arg75Gln	Pathogenic	reviewed by expert panel	10573	NM_000133.4(F9):c.224G>A (p.Arg75Gln)	Oct 11, 2024
F9	p.Asp93Asn	Pathogenic	reviewed by expert panel	994410	NM_000133.4(F9):c.277G>A (p.Asp93Asn)	May 02, 2025
F9	p.Cys268Arg	Likely pathogenic	reviewed by expert panel	4686603	NM_000133.4(F9):c.802T>C (p.Cys268Arg)	Oct 03, 2025
F9	p.Cys268Gly	Likely pathogenic	reviewed by expert panel	4686604	NM_000133.4(F9):c.802T>G (p.Cys268Gly)	Oct 03, 2025
F9	p.Cys268Ser	Likely pathogenic	reviewed by expert panel	627143	NM_000133.4(F9):c.802T>A (p.Cys268Ser)	Dec 06, 2024
F9	p.Cys268Tyr	Pathogenic	reviewed by expert panel	4686605	NM_000133.4(F9):c.803G>A (p.Cys268Tyr)	Oct 03, 2025
F9	p.Cys435Gly	Likely pathogenic	reviewed by expert panel	3242385	NM_000133.4(F9):c.1303T>G (p.Cys435Gly)	May 09, 2024
F9	p.Cys435Tyr	Pathogenic	reviewed by expert panel	811512	NM_000133.4(F9):c.1304G>A (p.Cys435Tyr)	May 09, 2024
F9	p.Gly106Ser	Pathogenic	reviewed by expert panel	10579	NM_000133.4(F9):c.316G>A (p.Gly106Ser)	Feb 09, 2024
F9	p.Gly412Glu	Pathogenic	reviewed by expert panel	2775451	NM_000133.4(F9):c.1235G>A (p.Gly412Glu)	Feb 09, 2024
F9	p.Gly442Ala	Likely pathogenic	reviewed by expert panel	3242383	NM_000133.4(F9):c.1325G>C (p.Gly442Ala)	May 09, 2024
F9	p.Gly442Arg	Pathogenic	reviewed by expert panel	10624	NM_000133.4(F9):c.1324G>A (p.Gly442Arg)	Mar 10, 2025
F9	p.Gly442Glu	Likely pathogenic	reviewed by expert panel	811513	NM_000133.4(F9):c.1325G>A (p.Gly442Glu)	May 09, 2024
F9	p.Gly442Val	Likely pathogenic	reviewed by expert panel	3242384	NM_000133.4(F9):c.1325G>T (p.Gly442Val)	May 09, 2024
F9	p.Ile136Thr	Likely pathogenic	reviewed by expert panel	627177	NM_000133.4(F9):c.407T>C (p.Ile136Thr)	Nov 01, 2024
F9	p.Ile7Phe	Benign	reviewed by expert panel	367997	NM_000133.4(F9):c.19A>T (p.Ile7Phe)	Feb 09, 2024
F9	p.Leu318Arg	Likely pathogenic	reviewed by expert panel	3390363	NM_000133.4(F9):c.953T>G (p.Leu318Arg)	Oct 11, 2024
F9	p.Leu318Phe	Pathogenic	reviewed by expert panel	3390362	NM_000133.4(F9):c.952C>T (p.Leu318Phe)	Oct 11, 2024
F9	p.Leu369Pro	Likely pathogenic	reviewed by expert panel	626973	NM_000133.4(F9):c.1106T>C (p.Leu369Pro)	Aug 15, 2025
F9	p.Leu372Pro	Likely pathogenic	reviewed by expert panel	520832	NM_000133.4(F9):c.1115T>C (p.Leu372Pro)	Nov 07, 2025
F9	p.Leu52Ser	Likely pathogenic	reviewed by expert panel	4087781	NM_000133.4(F9):c.155T>C (p.Leu52Ser)	Apr 04, 2025
F9	p.Phe238Val	Benign	reviewed by expert panel	1166447	NM_000133.4(F9):c.712T>G (p.Phe238Val)	Feb 09, 2024
F9	p.Pro44Ser	Likely benign	reviewed by expert panel	1085717	NM_000133.4(F9):c.130C>T (p.Pro44Ser)	Aug 15, 2025
F9	p.Thr194Ala	Benign	reviewed by expert panel	10588	NM_000133.4(F9):c.580A>G (p.Thr194Ala)	Feb 09, 2024
F9	p.Thr29Ile	Likely pathogenic	reviewed by expert panel	2138734	NM_000133.4(F9):c.86C>T (p.Thr29Ile)	Nov 01, 2024
F9	p.Thr342Met	Pathogenic	reviewed by expert panel	10607	NM_000133.4(F9):c.1025C>T (p.Thr342Met)	Feb 09, 2024
F9	p.Val174Met	Likely pathogenic	reviewed by expert panel	811516	NM_000133.4(F9):c.520G>A (p.Val174Met)	Nov 05, 2024
F9	p.Val30Ile	Likely pathogenic	reviewed by expert panel	651569	NM_000133.4(F9):c.88G>A (p.Val30Ile)	May 09, 2024
