position,n_alt,n_detected,max_prob,mean_prob,frac_detected
1,19,10,0.7809,0.4841526315789474,0.5263
2,19,0,0.2295,0.08493157894736841,0.0
3,19,0,0.3574,0.11239473684210526,0.0
4,19,0,0.4711,0.24763157894736842,0.0
5,19,0,0.4354,0.10398947368421052,0.0
6,19,0,0.308,0.16037894736842107,0.0
7,19,0,0.222,0.11650526315789474,0.0
8,19,4,0.6784,0.33858947368421055,0.2105
9,19,0,0.2321,0.08588421052631579,0.0
10,19,0,0.274,0.18029473684210529,0.0
11,19,0,0.3683,0.23983684210526315,0.0
12,19,0,0.371,0.23973684210526314,0.0
13,19,0,0.4111,0.22366842105263157,0.0
14,19,0,0.3309,0.18580000000000002,0.0
15,19,0,0.3669,0.23960000000000004,0.0
16,19,0,0.4298,0.24465263157894734,0.0
17,19,0,0.2681,0.17971052631578946,0.0
18,19,6,0.5635,0.4131263157894737,0.3158
19,19,0,0.2963,0.20055263157894734,0.0
20,19,0,0.2335,0.1257421052631579,0.0
21,19,0,0.4307,0.24118947368421054,0.0
22,19,0,0.4204,0.26143684210526313,0.0
23,19,1,0.5447,0.25285789473684206,0.0526
24,19,0,0.3397,0.18592105263157893,0.0
25,19,0,0.4881,0.3408315789473684,0.0
26,19,0,0.263,0.16457368421052632,0.0
27,19,0,0.3325,0.18616315789473684,0.0
28,19,0,0.3399,0.17746842105263158,0.0
29,19,0,0.3414,0.18599473684210527,0.0
30,19,0,0.2451,0.12726315789473686,0.0
31,19,9,0.6541,0.4839315789473685,0.4737
32,19,0,0.3714,0.24000526315789475,0.0
33,19,0,0.4119,0.22271578947368423,0.0
34,19,0,0.4111,0.22342105263157896,0.0
35,19,0,0.3397,0.18604736842105263,0.0
36,19,0,0.3444,0.17784210526315788,0.0
37,19,0,0.3521,0.17718947368421054,0.0
38,19,0,0.4132,0.22267368421052633,0.0
39,19,0,0.4204,0.26177894736842106,0.0
40,19,0,0.263,0.16364736842105265,0.0
41,19,0,0.2295,0.08684210526315789,0.0
42,19,0,0.2344,0.13580526315789473,0.0
43,19,0,0.1109,0.04092631578947368,0.0
44,19,0,0.4321,0.10337894736842106,0.0
45,19,0,0.2233,0.11776315789473683,0.0
46,19,0,0.2295,0.08495263157894738,0.0
47,19,0,0.4347,0.22119999999999998,0.0
48,19,0,0.2304,0.1212,0.0
49,19,0,0.2266,0.11593684210526316,0.0
50,19,0,0.4321,0.10424210526315789,0.0
51,19,0,0.222,0.11592105263157892,0.0
52,19,0,0.4355,0.21254736842105265,0.0
53,19,0,0.2658,0.1483263157894737,0.0
54,19,0,0.1109,0.040084210526315785,0.0
55,19,0,0.1109,0.040247368421052636,0.0
56,19,0,0.1109,0.041473684210526315,0.0
57,19,0,0.2344,0.13486315789473682,0.0
58,19,0,0.2233,0.11613157894736843,0.0
59,19,0,0.2295,0.085,0.0
60,19,0,0.1238,0.04270526315789474,0.0
61,19,0,0.3604,0.11622105263157896,0.0
62,19,0,0.3337,0.1653,0.0
63,19,0,0.2877,0.16424210526315788,0.0
64,19,0,0.3556,0.1617,0.0
65,19,0,0.3268,0.15184210526315792,0.0
66,19,0,0.1742,0.06542105263157894,0.0
67,19,4,0.6848,0.3450842105263158,0.2105
68,19,0,0.2885,0.16358421052631578,0.0
69,19,0,0.2253,0.08523157894736842,0.0
70,19,0,0.4321,0.1060578947368421,0.0
71,19,0,0.2344,0.13441052631578945,0.0
72,19,0,0.1109,0.041084210526315786,0.0
73,19,0,0.1301,0.060957894736842114,0.0
74,19,0,0.3492,0.1143,0.0
75,19,0,0.4347,0.21674736842105263,0.0
76,19,0,0.406,0.10310526315789474,0.0
77,19,0,0.3422,0.13412631578947368,0.0
78,19,0,0.3825,0.18464736842105264,0.0
79,19,0,0.3461,0.11246842105263159,0.0
80,19,0,0.3432,0.11220000000000001,0.0
81,19,0,0.283,0.1345842105263158,0.0
82,19,0,0.301,0.17231052631578947,0.0
83,19,0,0.2496,0.11933684210526314,0.0
84,19,0,0.1725,0.06148947368421052,0.0
85,19,0,0.4325,0.2518789473684211,0.0
86,19,0,0.3452,0.1098,0.0
87,19,0,0.2377,0.07786842105263159,0.0
88,19,0,0.3452,0.11213684210526315,0.0
89,19,0,0.2253,0.09368947368421053,0.0
90,19,0,0.3499,0.1109578947368421,0.0
91,19,0,0.2327,0.13417894736842104,0.0
92,19,0,0.1528,0.05990000000000001,0.0
93,19,0,0.4064,0.11742105263157894,0.0
94,19,0,0.2313,0.0971,0.0
95,19,0,0.4361,0.2260157894736842,0.0
96,19,0,0.2816,0.15401578947368422,0.0
97,19,0,0.2304,0.11544736842105262,0.0
98,19,0,0.3452,0.1077842105263158,0.0
99,19,0,0.2969,0.14147368421052633,0.0
100,19,0,0.2624,0.14806315789473684,0.0
101,19,0,0.2976,0.13447368421052633,0.0
102,19,0,0.2624,0.14637368421052632,0.0
103,19,0,0.3452,0.10784210526315789,0.0
104,19,0,0.2869,0.13938421052631578,0.0
105,19,0,0.3481,0.11031052631578948,0.0
106,19,0,0.434,0.24837368421052633,0.0
107,19,4,0.6848,0.33920526315789473,0.2105
108,19,0,0.1385,0.04375263157894737,0.0
109,19,0,0.4361,0.21722631578947368,0.0
110,19,0,0.2321,0.08630526315789473,0.0
111,19,0,0.1109,0.041673684210526314,0.0
112,19,0,0.4267,0.10478421052631579,0.0
113,19,4,0.6848,0.3399315789473684,0.2105
114,19,0,0.4351,0.21273684210526314,0.0
115,19,0,0.271,0.1514263157894737,0.0
116,19,0,0.4321,0.10560000000000001,0.0
117,19,0,0.3452,0.10889473684210527,0.0
118,19,4,0.6848,0.3375578947368421,0.2105
119,19,0,0.2447,0.0810578947368421,0.0
120,19,0,0.4361,0.2211421052631579,0.0
121,19,0,0.2719,0.14972105263157895,0.0
122,19,0,0.2377,0.07744736842105264,0.0
123,19,0,0.2679,0.15132631578947367,0.0
124,19,3,0.6222,0.3687578947368421,0.1579
125,19,0,0.2825,0.13676842105263157,0.0
126,19,0,0.1404,0.06123157894736842,0.0
127,19,0,0.4282,0.21964736842105265,0.0
128,19,0,0.2957,0.13998947368421052,0.0
129,19,0,0.3028,0.14294736842105263,0.0
130,19,0,0.4613,0.21274210526315787,0.0
131,19,0,0.4321,0.10580526315789474,0.0
132,19,0,0.2655,0.13348947368421052,0.0
133,19,0,0.2253,0.08610526315789474,0.0
134,19,0,0.3452,0.11157368421052631,0.0
135,19,0,0.3452,0.10988421052631579,0.0
136,19,0,0.1494,0.04344736842105263,0.0
137,19,0,0.4256,0.10546315789473684,0.0
138,19,0,0.2655,0.13253684210526315,0.0
139,19,0,0.3492,0.11308947368421052,0.0
140,19,0,0.4321,0.10515263157894737,0.0
141,19,0,0.2501,0.11942105263157896,0.0
142,19,0,0.4123,0.11919473684210526,0.0
143,19,0,0.2728,0.1008,0.0
144,19,0,0.4933,0.22389473684210529,0.0
145,19,0,0.4321,0.22437894736842107,0.0
146,19,0,0.3452,0.11146315789473683,0.0
147,19,0,0.1726,0.06337894736842105,0.0
148,19,0,0.268,0.1317263157894737,0.0
149,19,0,0.2422,0.0802578947368421,0.0
150,19,0,0.4297,0.21194736842105263,0.0
151,19,0,0.4361,0.22019999999999998,0.0
152,19,0,0.262,0.08884736842105263,0.0
153,19,0,0.2313,0.09711578947368421,0.0
154,19,0,0.1553,0.06019473684210526,0.0
155,19,4,0.6734,0.3421,0.2105
156,19,0,0.3007,0.1397736842105263,0.0
157,19,0,0.2846,0.15278947368421053,0.0
158,19,0,0.4321,0.11158947368421053,0.0
159,19,0,0.4933,0.22342631578947367,0.0
160,19,0,0.4361,0.21895263157894737,0.0
161,19,0,0.2655,0.13149473684210528,0.0
162,19,0,0.4481,0.25721578947368423,0.0
163,19,0,0.406,0.1079736842105263,0.0
164,19,0,0.3534,0.11370526315789474,0.0
165,19,0,0.3106,0.15420526315789473,0.0
166,19,0,0.4351,0.21325263157894736,0.0
167,19,0,0.2649,0.09698947368421053,0.0
168,19,0,0.2728,0.11664210526315791,0.0
169,19,0,0.3097,0.15978421052631578,0.0
170,19,0,0.283,0.1355578947368421,0.0
171,19,0,0.4146,0.2185578947368421,0.0
172,19,0,0.3191,0.16035789473684212,0.0
173,19,0,0.4784,0.2502157894736842,0.0
174,19,4,0.6848,0.34058421052631577,0.2105
175,19,0,0.1396,0.059384210526315796,0.0
176,19,0,0.2662,0.08421052631578947,0.0
177,19,0,0.2276,0.08596315789473684,0.0
178,19,0,0.3138,0.16187894736842104,0.0
179,19,0,0.4197,0.21071052631578946,0.0
180,19,0,0.3432,0.11282631578947368,0.0
181,19,0,0.4267,0.10532631578947367,0.0
182,19,0,0.222,0.11689473684210527,0.0
183,19,0,0.4388,0.10638421052631579,0.0
184,19,0,0.3452,0.11036842105263157,0.0
185,19,0,0.441,0.24710526315789474,0.0
186,19,0,0.4336,0.22063157894736843,0.0
187,19,0,0.2396,0.11829473684210526,0.0
188,19,0,0.4103,0.20816315789473683,0.0
189,19,0,0.2765,0.13660526315789473,0.0
190,19,0,0.2295,0.08620526315789474,0.0
191,19,0,0.2874,0.13720000000000002,0.0
192,19,3,0.6245,0.3692578947368421,0.1579
193,19,0,0.4321,0.10563157894736842,0.0
194,19,0,0.4582,0.27268947368421054,0.0
195,19,0,0.4177,0.10400526315789474,0.0
196,19,0,0.4321,0.1054578947368421,0.0
197,19,0,0.4321,0.10659473684210527,0.0
198,19,0,0.3551,0.11097894736842105,0.0
199,19,0,0.4344,0.21657894736842107,0.0
200,19,0,0.2469,0.08327368421052632,0.0
201,19,0,0.2253,0.08690526315789474,0.0
202,19,0,0.2321,0.08636315789473685,0.0
203,19,0,0.2447,0.0805421052631579,0.0
204,19,0,0.3452,0.11074210526315789,0.0
205,19,0,0.4256,0.10568421052631578,0.0
206,19,0,0.4197,0.11268947368421053,0.0
207,19,0,0.2377,0.07800526315789473,0.0
208,19,0,0.4321,0.21612105263157896,0.0
209,19,0,0.3481,0.1089578947368421,0.0
210,19,0,0.3574,0.1138842105263158,0.0
211,19,0,0.422,0.2225473684210526,0.0
212,19,4,0.6648,0.3375578947368421,0.2105
213,19,0,0.1506,0.047121052631578945,0.0
214,19,0,0.2486,0.12015263157894737,0.0
215,19,0,0.2501,0.12112631578947369,0.0
216,19,0,0.4282,0.22167368421052633,0.0
217,19,0,0.4321,0.1047421052631579,0.0
218,19,0,0.2501,0.12300000000000001,0.0
219,19,0,0.2447,0.08015263157894736,0.0
220,19,0,0.4901,0.2193263157894737,0.0
221,19,0,0.283,0.13540526315789472,0.0
222,19,0,0.2276,0.08617894736842105,0.0
223,19,0,0.4355,0.21269999999999997,0.0
224,19,0,0.2846,0.1373421052631579,0.0
225,19,0,0.2388,0.0804578947368421,0.0
226,19,0,0.2377,0.07997894736842105,0.0
227,19,0,0.4282,0.22066315789473687,0.0
228,19,0,0.1494,0.043789473684210524,0.0
229,19,0,0.4103,0.21766842105263157,0.0
230,19,0,0.2854,0.15132105263157894,0.0
231,19,0,0.4432,0.10549473684210527,0.0
232,19,0,0.2344,0.1340842105263158,0.0
233,19,0,0.283,0.13462631578947368,0.0
234,19,0,0.4292,0.10426842105263158,0.0
235,19,0,0.1109,0.040142105263157896,0.0
236,19,0,0.4355,0.21415263157894737,0.0
237,19,0,0.2846,0.1373578947368421,0.0
238,19,0,0.245,0.1189157894736842,0.0
239,19,0,0.4354,0.10583157894736843,0.0
240,19,0,0.3492,0.11042105263157893,0.0
241,19,0,0.2679,0.14990526315789476,0.0
242,19,0,0.2825,0.1550526315789474,0.0
243,19,0,0.1288,0.04128947368421052,0.0
244,19,0,0.3007,0.14218947368421053,0.0
245,19,4,0.6848,0.34025263157894736,0.2105
246,19,0,0.2976,0.13587894736842107,0.0
247,19,0,0.3432,0.11123157894736842,0.0
248,19,0,0.4282,0.2179894736842105,0.0
249,19,0,0.4256,0.10601052631578946,0.0
250,19,0,0.4901,0.2221684210526316,0.0
251,19,0,0.2447,0.08082631578947369,0.0
252,19,0,0.3028,0.1422,0.0
253,19,0,0.4321,0.10491052631578948,0.0
254,19,0,0.247,0.12536842105263157,0.0
255,19,0,0.1494,0.04456315789473684,0.0
256,19,0,0.2351,0.07776315789473684,0.0
257,19,0,0.1109,0.041036842105263156,0.0
258,19,0,0.1396,0.058589473684210525,0.0
259,19,4,0.6848,0.33864210526315786,0.2105
260,19,0,0.2501,0.1202157894736842,0.0
261,19,0,0.4347,0.22512105263157897,0.0
262,19,0,0.4347,0.22174736842105267,0.0
263,19,0,0.4283,0.10498947368421052,0.0
264,19,0,0.4329,0.2129263157894737,0.0
265,19,0,0.4262,0.2469263157894737,0.0
266,19,0,0.2896,0.13593157894736843,0.0
267,19,0,0.4248,0.24746315789473686,0.0
268,19,0,0.2846,0.1548157894736842,0.0
269,19,0,0.2388,0.08010526315789473,0.0
270,19,0,0.4388,0.10473157894736843,0.0
271,19,0,0.4331,0.24881052631578948,0.0
272,19,0,0.1494,0.04368947368421052,0.0
273,19,0,0.4321,0.10701578947368422,0.0
274,19,0,0.2926,0.13563684210526317,0.0
275,19,0,0.2846,0.15018421052631578,0.0
276,19,0,0.4103,0.21483684210526316,0.0
277,19,0,0.1494,0.04406315789473684,0.0
278,19,0,0.4321,0.10507894736842105,0.0
279,19,0,0.2655,0.13208947368421053,0.0
280,19,0,0.2846,0.15814736842105262,0.0
281,19,0,0.3012,0.14089473684210527,0.0
282,19,0,0.4355,0.21283684210526316,0.0
283,19,0,0.3432,0.11202631578947368,0.0
284,19,0,0.441,0.24801578947368422,0.0
285,19,0,0.2885,0.1582157894736842,0.0
286,19,0,0.4197,0.10376842105263158,0.0
287,19,3,0.6212,0.3708421052631579,0.1579
288,19,0,0.2295,0.08464736842105264,0.0
289,19,0,0.1393,0.0428,0.0
290,19,0,0.4933,0.21643157894736845,0.0
291,19,0,0.3481,0.1113421052631579,0.0
292,19,0,0.2501,0.12094210526315789,0.0
293,19,0,0.3077,0.14613157894736842,0.0
294,19,0,0.2501,0.11818421052631578,0.0
295,19,0,0.4103,0.21167368421052632,0.0
296,19,0,0.2344,0.13511052631578946,0.0
297,19,0,0.2481,0.12375789473684211,0.0
298,19,0,0.2377,0.079,0.0
299,19,0,0.4901,0.22200526315789473,0.0
300,19,0,0.4078,0.21571578947368422,0.0
301,19,0,0.3028,0.14286315789473683,0.0
302,19,0,0.2388,0.07836315789473684,0.0
303,19,0,0.406,0.10326842105263158,0.0
304,19,0,0.247,0.12268947368421053,0.0
305,19,0,0.2496,0.1257473684210526,0.0
306,19,0,0.3077,0.14857894736842106,0.0
307,19,0,0.4197,0.10533684210526315,0.0
308,19,0,0.2943,0.13777894736842106,0.0
309,19,0,0.4389,0.10590526315789474,0.0
310,19,0,0.3481,0.10993157894736844,0.0
311,19,0,0.2668,0.13316842105263157,0.0
312,19,0,0.283,0.13716315789473685,0.0
313,19,0,0.4267,0.1059578947368421,0.0
314,19,0,0.3052,0.16637894736842104,0.0
315,19,0,0.2655,0.13243684210526316,0.0
316,19,4,0.6736,0.33768947368421054,0.2105
317,19,0,0.2388,0.07798947368421053,0.0
318,19,0,0.3052,0.16378947368421054,0.0
319,19,0,0.1393,0.04461578947368421,0.0
320,19,0,0.3452,0.11042105263157893,0.0
321,19,0,0.1446,0.059084210526315795,0.0
322,19,0,0.2885,0.15770526315789474,0.0
323,19,0,0.4103,0.21286315789473687,0.0
324,19,4,0.6784,0.33812105263157893,0.2105
325,19,0,0.2447,0.08087368421052632,0.0
326,19,0,0.4267,0.10538947368421053,0.0
327,19,0,0.3118,0.1631315789473684,0.0
328,19,0,0.2447,0.0804421052631579,0.0
329,19,4,0.6734,0.3389,0.2105
330,19,0,0.3097,0.1646736842105263,0.0
331,19,0,0.2846,0.15602631578947368,0.0
332,19,0,0.3461,0.12121578947368422,0.0
333,19,0,0.2881,0.13754736842105264,0.0
334,19,0,0.4264,0.21122105263157898,0.0
335,19,0,0.2501,0.12266315789473685,0.0
336,19,0,0.4344,0.22124210526315788,0.0
337,19,0,0.1477,0.04444736842105263,0.0
338,19,0,0.4347,0.22214736842105262,0.0
339,19,0,0.3012,0.14112631578947368,0.0
340,19,0,0.247,0.1175,0.0
341,19,0,0.2655,0.13207368421052632,0.0
342,19,0,0.2304,0.12014736842105263,0.0
343,19,0,0.2846,0.15311578947368423,0.0
344,19,0,0.4197,0.10468947368421053,0.0
345,19,0,0.2679,0.1508842105263158,0.0
346,19,0,0.1288,0.04222631578947369,0.0
347,19,0,0.1396,0.0617,0.0
348,19,0,0.4078,0.21318947368421054,0.0
349,19,0,0.2854,0.15237894736842106,0.0
350,19,0,0.2501,0.12496315789473683,0.0
351,19,0,0.2885,0.15740526315789474,0.0
352,19,0,0.2344,0.13396315789473684,0.0
353,19,0,0.4321,0.10499473684210525,0.0
354,19,0,0.2845,0.13560526315789473,0.0
355,19,0,0.4901,0.21832105263157897,0.0
356,19,0,0.4267,0.10447894736842106,0.0
357,19,0,0.2483,0.11988947368421052,0.0
358,19,0,0.4078,0.21186315789473686,0.0
359,19,0,0.2247,0.11621052631578949,0.0
360,19,0,0.2295,0.08874210526315789,0.0
361,19,0,0.1109,0.04263157894736842,0.0
362,19,0,0.2757,0.1368105263157895,0.0
363,19,0,0.2447,0.08153684210526316,0.0
364,19,0,0.2765,0.13782105263157893,0.0
365,19,0,0.2321,0.08705263157894737,0.0
366,19,0,0.3492,0.11217894736842106,0.0
367,19,0,0.2757,0.13577894736842105,0.0
368,19,0,0.4292,0.10553684210526315,0.0
369,19,0,0.1477,0.04398947368421052,0.0
370,19,0,0.4321,0.21472631578947365,0.0
371,19,0,0.433,0.21734736842105262,0.0
372,19,0,0.1159,0.04244736842105263,0.0
373,19,0,0.1404,0.05894736842105264,0.0
374,19,0,0.2846,0.15624736842105263,0.0
375,19,0,0.2321,0.08672631578947368,0.0
376,19,0,0.283,0.13480526315789473,0.0
377,19,0,0.2266,0.11605263157894737,0.0
378,19,0,0.4354,0.10411052631578947,0.0
379,19,0,0.4209,0.24531052631578945,0.0
380,19,0,0.4321,0.1054578947368421,0.0
381,19,0,0.2874,0.13725263157894738,0.0
382,19,0,0.2825,0.1527421052631579,0.0
383,19,0,0.3461,0.1151157894736842,0.0
384,19,0,0.4321,0.10579473684210526,0.0
385,19,0,0.2885,0.15601578947368422,0.0
386,19,0,0.2496,0.12113684210526317,0.0
387,19,0,0.4103,0.20994736842105263,0.0
388,19,0,0.4172,0.2183789473684211,0.0
389,19,0,0.2321,0.0867842105263158,0.0
390,19,0,0.4321,0.1061421052631579,0.0
391,19,0,0.3492,0.11172631578947367,0.0
392,19,0,0.4282,0.21903684210526314,0.0
393,19,0,0.2655,0.13157894736842105,0.0
394,19,0,0.2496,0.12349473684210527,0.0
395,19,0,0.4691,0.2806157894736842,0.0
396,19,0,0.4321,0.10437894736842106,0.0
397,19,0,0.1725,0.06047368421052632,0.0
398,19,0,0.3452,0.10973157894736843,0.0
399,19,0,0.2377,0.07975263157894737,0.0
400,19,0,0.3492,0.10992631578947369,0.0
401,19,0,0.4321,0.10528947368421053,0.0
402,19,0,0.4262,0.24944210526315788,0.0
403,19,0,0.3452,0.11026842105263157,0.0
404,19,0,0.1494,0.042431578947368424,0.0
405,19,0,0.4223,0.24669473684210524,0.0
406,19,0,0.4336,0.21864736842105265,0.0
407,19,0,0.1725,0.06140526315789474,0.0
408,19,3,0.6212,0.3702368421052632,0.1579
409,19,0,0.2496,0.12831578947368422,0.0
410,19,0,0.2946,0.15686315789473684,0.0
411,19,0,0.3432,0.11257368421052631,0.0
412,19,0,0.2253,0.09072105263157895,0.0
413,19,0,0.3492,0.11096842105263158,0.0
414,19,0,0.3452,0.11114736842105263,0.0
415,19,0,0.4145,0.21178947368421053,0.0
416,19,0,0.3432,0.11418947368421052,0.0
417,19,0,0.4321,0.10720526315789475,0.0
418,19,0,0.4389,0.10558947368421054,0.0
419,19,0,0.2655,0.13193684210526316,0.0
420,19,0,0.3028,0.14004736842105261,0.0
421,19,0,0.1649,0.06142105263157895,0.0
422,19,0,0.1506,0.0478,0.0
423,19,0,0.3543,0.11726842105263158,0.0
424,19,0,0.418,0.10426315789473684,0.0
425,19,0,0.2496,0.12522105263157896,0.0
426,19,0,0.2946,0.16001578947368422,0.0
427,19,0,0.3012,0.13792105263157894,0.0
428,19,0,0.3551,0.1103578947368421,0.0
429,19,0,0.3481,0.11148421052631578,0.0
430,19,0,0.2812,0.1366421052631579,0.0
431,19,0,0.2447,0.08081052631578947,0.0
432,19,0,0.2501,0.12597368421052632,0.0
433,19,0,0.1477,0.044526315789473685,0.0
434,19,0,0.2761,0.15101052631578948,0.0
435,19,4,0.6848,0.33828947368421053,0.2105
436,19,0,0.2846,0.15418947368421054,0.0
437,19,0,0.2846,0.1496684210526316,0.0
438,19,0,0.2895,0.14008421052631578,0.0
439,19,0,0.283,0.1356105263157895,0.0
440,19,0,0.3551,0.11225789473684211,0.0
441,19,0,0.2388,0.08082105263157895,0.0
442,19,0,0.4321,0.10424210526315789,0.0
443,19,0,0.2501,0.12652105263157895,0.0
444,19,0,0.1478,0.04469473684210526,0.0
445,19,0,0.4321,0.10575263157894738,0.0
446,19,0,0.3534,0.1139578947368421,0.0
447,19,0,0.2295,0.08488947368421053,0.0
448,19,4,0.6848,0.3401894736842105,0.2105
449,19,0,0.3432,0.11471052631578947,0.0
450,19,0,0.4321,0.10569999999999999,0.0
451,19,0,0.4432,0.1062842105263158,0.0
452,19,0,0.3534,0.11334736842105263,0.0
453,19,0,0.2295,0.08552105263157894,0.0
454,19,0,0.2825,0.15033684210526316,0.0
455,19,0,0.4321,0.10443684210526316,0.0
456,19,0,0.245,0.12293157894736843,0.0
457,19,0,0.2846,0.15492105263157896,0.0
458,19,0,0.2321,0.08760000000000001,0.0
459,19,0,0.3492,0.11158947368421053,0.0
460,19,0,0.1288,0.041689473684210526,0.0
461,19,0,0.2486,0.12040526315789474,0.0
462,19,0,0.2501,0.12221578947368421,0.0
463,19,0,0.2447,0.08089473684210526,0.0
464,19,0,0.4933,0.21873157894736842,0.0
465,19,0,0.4267,0.21605263157894739,0.0
466,19,0,0.1109,0.04082631578947369,0.0
467,19,0,0.2846,0.1571842105263158,0.0
468,19,4,0.6869,0.3399157894736842,0.2105
469,19,0,0.2836,0.1369421052631579,0.0
470,19,0,0.2501,0.11972105263157895,0.0
471,19,0,0.2486,0.11911052631578949,0.0
472,19,0,0.1528,0.06097368421052632,0.0
473,19,0,0.4351,0.2123263157894737,0.0
474,19,0,0.3551,0.1138578947368421,0.0
475,19,0,0.2486,0.11910000000000001,0.0
476,19,0,0.4432,0.10471052631578948,0.0
477,19,0,0.4355,0.2119157894736842,0.0
478,19,0,0.2377,0.08056842105263158,0.0
479,19,0,0.3266,0.15285263157894735,0.0
480,19,0,0.2655,0.13157368421052631,0.0
481,19,0,0.3432,0.1124157894736842,0.0
482,19,0,0.3517,0.11157894736842106,0.0
483,19,0,0.4347,0.22529473684210524,0.0
484,19,0,0.4933,0.22084210526315787,0.0
485,19,0,0.2946,0.15486315789473684,0.0
486,19,0,0.1726,0.06286842105263159,0.0
487,19,0,0.433,0.21885789473684208,0.0
488,19,0,0.3461,0.11342105263157896,0.0
489,19,0,0.4292,0.10503157894736842,0.0
490,19,0,0.4325,0.24719473684210524,0.0
491,19,0,0.2447,0.08088947368421052,0.0
492,19,0,0.4292,0.10510000000000001,0.0
493,19,0,0.2321,0.08737368421052631,0.0
494,19,0,0.4933,0.22403684210526317,0.0
495,19,0,0.4344,0.21909473684210526,0.0
496,19,0,0.4321,0.10549473684210527,0.0
497,19,0,0.4432,0.10705263157894736,0.0
498,19,0,0.283,0.13623157894736843,0.0
499,19,0,0.1396,0.05777894736842106,0.0
500,19,0,0.4455,0.25036315789473684,0.0
501,19,0,0.3461,0.11095263157894736,0.0
502,19,0,0.2676,0.15197894736842105,0.0
503,19,0,0.2918,0.1540736842105263,0.0
504,19,0,0.406,0.10300526315789474,0.0
505,19,0,0.3432,0.11125263157894737,0.0
506,19,0,0.2867,0.13602105263157896,0.0
507,19,4,0.6736,0.3370421052631579,0.2105
508,19,0,0.3461,0.10981578947368421,0.0
509,19,4,0.6848,0.33853684210526314,0.2105
510,19,0,0.2501,0.11845789473684211,0.0
511,19,0,0.4267,0.10527894736842107,0.0
512,19,0,0.2321,0.08541578947368421,0.0
513,19,0,0.2846,0.1603315789473684,0.0
514,19,0,0.2486,0.11985263157894738,0.0
515,19,0,0.2447,0.08031052631578947,0.0
516,19,0,0.2867,0.13537894736842104,0.0
517,19,0,0.1494,0.04248947368421053,0.0
518,19,0,0.4282,0.21775789473684207,0.0
519,19,0,0.4321,0.10632105263157894,0.0
520,19,0,0.2845,0.1359,0.0
521,19,0,0.4321,0.10506842105263157,0.0
522,19,0,0.4223,0.24643157894736842,0.0
523,19,0,0.4329,0.21296842105263158,0.0
524,19,3,0.6222,0.37134736842105265,0.1579
525,19,0,0.2377,0.08026842105263157,0.0
526,19,0,0.2812,0.13693157894736843,0.0
527,19,0,0.2295,0.0883,0.0
528,19,0,0.1385,0.04347368421052631,0.0
529,19,0,0.2845,0.13512631578947368,0.0
530,19,0,0.2624,0.14872105263157895,0.0
531,19,0,0.2846,0.1577157894736842,0.0
532,19,0,0.2486,0.12017368421052632,0.0
533,19,0,0.2447,0.08157894736842106,0.0
534,19,0,0.2486,0.12033157894736841,0.0
535,19,0,0.4282,0.2201578947368421,0.0
536,19,0,0.4267,0.10505263157894737,0.0
537,19,0,0.245,0.11656315789473685,0.0
538,19,0,0.4321,0.10483157894736843,0.0
539,19,0,0.4248,0.2469263157894737,0.0
540,19,0,0.3452,0.11090526315789474,0.0
541,19,0,0.2501,0.1181736842105263,0.0
542,19,0,0.3432,0.11306842105263157,0.0
543,19,0,0.4197,0.2113842105263158,0.0
544,19,0,0.2388,0.07892105263157895,0.0
545,19,0,0.4901,0.22045263157894737,0.0
546,19,0,0.2668,0.13092105263157894,0.0
547,19,0,0.4321,0.10508421052631578,0.0
548,19,0,0.1502,0.06030526315789473,0.0
549,19,0,0.2885,0.1630842105263158,0.0
550,19,0,0.2501,0.12102105263157895,0.0
551,19,0,0.3028,0.1411421052631579,0.0
552,19,0,0.4321,0.10542105263157896,0.0
553,19,0,0.3558,0.11110526315789475,0.0
554,19,0,0.2672,0.13239473684210526,0.0
555,19,0,0.2295,0.08626842105263158,0.0
556,19,0,0.1494,0.044899999999999995,0.0
557,19,0,0.3481,0.11131578947368422,0.0
558,19,0,0.3432,0.11129473684210525,0.0
559,19,0,0.2841,0.13729999999999998,0.0
560,19,0,0.1238,0.04257894736842105,0.0
561,19,0,0.4325,0.24551052631578946,0.0
562,19,0,0.4321,0.10548947368421051,0.0
563,19,0,0.4607,0.2765578947368421,0.0
564,19,0,0.2295,0.08604210526315789,0.0
565,19,0,0.4282,0.21914210526315792,0.0
566,19,0,0.2377,0.07971578947368421,0.0
567,19,0,0.2377,0.07813157894736841,0.0
568,19,0,0.2377,0.07959473684210526,0.0
569,19,0,0.1396,0.05883684210526317,0.0
570,19,0,0.1478,0.044394736842105265,0.0
571,19,0,0.4354,0.10550526315789473,0.0
572,19,0,0.4933,0.21976842105263159,0.0
573,19,0,0.4347,0.21833684210526313,0.0
574,19,0,0.3481,0.10911578947368421,0.0
575,19,0,0.2846,0.15267894736842105,0.0
576,19,0,0.1526,0.04732631578947368,0.0
577,19,0,0.4282,0.2217526315789474,0.0
578,19,0,0.4252,0.2523421052631579,0.0
579,19,0,0.3452,0.10872631578947367,0.0
580,19,0,0.3432,0.10887368421052632,0.0
581,19,0,0.4354,0.10565263157894737,0.0
582,19,0,0.2388,0.07926842105263159,0.0
583,19,0,0.3452,0.10826842105263158,0.0
584,19,0,0.2846,0.14969473684210527,0.0
585,19,0,0.2829,0.14945263157894736,0.0
586,19,0,0.2846,0.15053684210526316,0.0
587,19,0,0.2376,0.0778,0.0
588,19,0,0.1478,0.04657894736842105,0.0
589,19,0,0.2885,0.15230526315789475,0.0
590,19,0,0.2948,0.13662105263157895,0.0
591,19,0,0.3432,0.11072631578947369,0.0
592,19,0,0.2344,0.13490526315789475,0.0
593,19,0,0.4344,0.2196,0.0
594,19,0,0.3432,0.10943684210526315,0.0
595,19,0,0.4197,0.21122631578947368,0.0
596,19,0,0.3028,0.14305263157894738,0.0
597,19,0,0.2501,0.12177894736842106,0.0
598,19,0,0.2447,0.08065789473684211,0.0
599,19,0,0.4404,0.10540526315789474,0.0
600,19,0,0.2344,0.1346315789473684,0.0
601,19,0,0.2829,0.1509263157894737,0.0
602,19,0,0.436,0.24799473684210527,0.0
603,19,0,0.2846,0.1539421052631579,0.0
604,19,0,0.2761,0.14942631578947368,0.0
605,19,0,0.3538,0.11468947368421052,0.0
606,19,0,0.2295,0.08541578947368421,0.0
607,19,0,0.2829,0.15164210526315788,0.0
608,19,0,0.2812,0.13671052631578948,0.0
609,19,0,0.1396,0.060131578947368425,0.0
610,19,0,0.2885,0.15202631578947368,0.0
611,19,0,0.4388,0.10502631578947369,0.0
612,19,0,0.2496,0.12018947368421051,0.0
613,19,0,0.3452,0.11000526315789474,0.0
614,19,0,0.3432,0.11251052631578948,0.0
615,19,0,0.1494,0.04442631578947368,0.0
616,19,0,0.2655,0.1319578947368421,0.0
617,19,0,0.4197,0.10453157894736842,0.0
618,19,0,0.4282,0.21761578947368423,0.0
619,19,0,0.1404,0.060568421052631584,0.0
620,19,0,0.2976,0.13602631578947366,0.0
621,19,0,0.2491,0.12055263157894738,0.0
622,19,0,0.4344,0.22199473684210527,0.0
623,19,0,0.1474,0.04411052631578947,0.0
624,19,0,0.4347,0.22101578947368422,0.0
625,19,0,0.2943,0.13607368421052632,0.0
626,19,0,0.2496,0.12069473684210527,0.0
627,19,0,0.4347,0.2240842105263158,0.0
628,19,0,0.2276,0.08643684210526316,0.0
629,19,0,0.3481,0.11141578947368422,0.0
630,19,0,0.2447,0.07975789473684211,0.0
631,19,0,0.2845,0.13522631578947367,0.0
632,19,0,0.4344,0.21726315789473685,0.0
633,19,0,0.1423,0.04318421052631579,0.0
634,19,0,0.4282,0.21904736842105263,0.0
635,19,0,0.3043,0.14542105263157895,0.0
636,19,0,0.4321,0.1055421052631579,0.0
637,19,0,0.4262,0.24681052631578948,0.0
638,19,0,0.3551,0.11301052631578946,0.0
639,19,0,0.3551,0.11305263157894738,0.0
640,19,0,0.4146,0.2104578947368421,0.0
641,19,0,0.4267,0.10612631578947368,0.0
642,19,0,0.4321,0.10682105263157894,0.0
643,19,0,0.4321,0.21562631578947367,0.0
644,19,0,0.2679,0.15068421052631578,0.0
645,19,4,0.6848,0.3392,0.2105
646,19,0,0.4321,0.10522105263157895,0.0
647,19,0,0.2668,0.13202631578947369,0.0
648,19,0,0.4292,0.10605263157894737,0.0
649,19,0,0.1396,0.0597578947368421,0.0
650,19,0,0.1314,0.04343157894736842,0.0
651,19,0,0.2772,0.1375157894736842,0.0
652,19,0,0.4321,0.10550000000000001,0.0
653,19,0,0.2362,0.12013684210526315,0.0
654,19,0,0.2486,0.11798421052631577,0.0
655,19,0,0.2295,0.08728947368421053,0.0
656,19,0,0.2377,0.07820526315789474,0.0
657,19,0,0.3551,0.11165263157894736,0.0
658,19,0,0.4283,0.1055421052631579,0.0
659,19,0,0.3452,0.11074210526315789,0.0
660,19,0,0.2388,0.07982105263157895,0.0
661,19,0,0.4321,0.1063578947368421,0.0
662,19,0,0.4404,0.10813157894736843,0.0
663,19,0,0.2926,0.13558421052631578,0.0
664,19,0,0.436,0.2553157894736842,0.0
665,19,0,0.2377,0.07814210526315789,0.0
666,19,0,0.3432,0.11026315789473685,0.0
667,19,0,0.3452,0.11022105263157894,0.0
668,19,4,0.6707,0.3355105263157895,0.2105
669,19,0,0.2918,0.15518947368421052,0.0
670,19,0,0.2655,0.13106842105263158,0.0
671,19,0,0.4354,0.10448947368421053,0.0
672,19,4,0.6848,0.33910526315789474,0.2105
673,19,0,0.1474,0.045810526315789475,0.0
674,19,0,0.2501,0.12252631578947368,0.0
675,19,0,0.2447,0.08076842105263157,0.0
676,19,0,0.2655,0.1321421052631579,0.0
677,19,0,0.4354,0.10560000000000001,0.0
678,19,0,0.1444,0.04270526315789474,0.0
679,19,0,0.1494,0.044547368421052634,0.0
680,19,0,0.2422,0.08142631578947368,0.0
681,19,0,0.4933,0.21725263157894736,0.0
682,19,0,0.3543,0.1156578947368421,0.0
683,19,0,0.4267,0.1047157894736842,0.0
684,19,0,0.1742,0.06160526315789474,0.0
685,19,0,0.3028,0.1424263157894737,0.0
686,19,0,0.3492,0.11000526315789474,0.0
687,19,0,0.3007,0.13853157894736842,0.0
688,19,0,0.2344,0.13473157894736842,0.0
689,19,0,0.2846,0.1553315789473684,0.0
690,19,0,0.2481,0.12224736842105265,0.0
691,19,0,0.433,0.2191736842105263,0.0
692,19,0,0.2829,0.15109999999999998,0.0
693,19,0,0.2655,0.13212631578947368,0.0
694,19,0,0.1444,0.04347368421052631,0.0
695,19,0,0.2846,0.15415263157894737,0.0
696,19,0,0.259,0.13051578947368422,0.0
697,19,0,0.2846,0.15225789473684212,0.0
698,19,0,0.3452,0.11064210526315789,0.0
699,19,0,0.1721,0.061578947368421046,0.0
700,19,0,0.3481,0.1092,0.0
701,19,0,0.2976,0.1358421052631579,0.0
702,19,0,0.3432,0.10998947368421053,0.0
703,19,0,0.2447,0.08098421052631578,0.0
704,19,0,0.2295,0.08726315789473685,0.0
705,19,0,0.2496,0.12202631578947368,0.0
706,19,0,0.433,0.2248368421052632,0.0
707,19,0,0.3028,0.13981052631578947,0.0
708,19,0,0.4321,0.10627368421052633,0.0
709,19,0,0.3481,0.11053684210526316,0.0
710,19,0,0.4267,0.10483157894736843,0.0
711,19,0,0.2668,0.1319842105263158,0.0
712,19,0,0.3551,0.11454210526315789,0.0
713,19,0,0.1553,0.05966842105263157,0.0
714,19,0,0.2501,0.11908421052631579,0.0
715,19,0,0.441,0.2464263157894737,0.0
716,19,0,0.1396,0.060726315789473684,0.0
717,19,0,0.2655,0.13216842105263157,0.0
718,19,0,0.2304,0.12004210526315791,0.0
719,19,0,0.1494,0.04540526315789474,0.0
720,19,0,0.279,0.13761578947368422,0.0
721,19,0,0.2295,0.0886,0.0
722,19,0,0.2679,0.1509421052631579,0.0
723,19,0,0.4197,0.1037263157894737,0.0
724,19,0,0.2683,0.14966315789473683,0.0
725,19,0,0.2761,0.14910526315789474,0.0
726,19,0,0.4103,0.21322105263157892,0.0
727,19,0,0.4321,0.10510526315789473,0.0
728,19,0,0.2889,0.13916315789473685,0.0
729,19,0,0.3432,0.11140526315789473,0.0
730,19,0,0.2854,0.15193157894736845,0.0
731,19,0,0.2496,0.12194736842105264,0.0
732,19,0,0.2496,0.11943684210526315,0.0
733,19,0,0.4103,0.21152105263157897,0.0
734,19,0,0.3551,0.11185789473684211,0.0
735,19,0,0.4347,0.22394210526315791,0.0
736,19,0,0.4347,0.23028421052631579,0.0
737,19,0,0.4347,0.2222894736842105,0.0
738,19,0,0.2655,0.13126315789473686,0.0
739,19,0,0.4355,0.21407894736842104,0.0
740,19,0,0.2321,0.08562105263157894,0.0
741,19,0,0.4835,0.22606842105263159,0.0
742,19,0,0.1396,0.05887894736842105,0.0
743,19,0,0.4197,0.21136842105263157,0.0
744,19,0,0.4321,0.10512631578947369,0.0
745,19,0,0.2846,0.15033684210526316,0.0
746,19,0,0.4001,0.21165789473684207,0.0
747,19,0,0.2304,0.11509473684210525,0.0
748,19,0,0.2327,0.13386842105263158,0.0
749,19,0,0.4292,0.10488947368421053,0.0
750,19,0,0.2874,0.13726842105263157,0.0
751,19,0,0.2447,0.08056315789473684,0.0
752,19,0,0.2874,0.14050526315789474,0.0
753,19,0,0.2914,0.13666842105263158,0.0
754,19,0,0.1528,0.05895263157894736,0.0
755,19,0,0.4321,0.10463157894736842,0.0
756,19,0,0.1578,0.05990526315789474,0.0
757,19,0,0.2846,0.15248947368421054,0.0
758,19,0,0.4354,0.10590526315789474,0.0
759,19,0,0.3551,0.11064210526315789,0.0
760,19,0,0.3551,0.11202631578947368,0.0
761,19,0,0.2344,0.13421052631578947,0.0
762,19,0,0.3028,0.1403,0.0
763,19,0,0.4329,0.2138,0.0
764,19,0,0.2501,0.12469473684210527,0.0
765,19,0,0.1478,0.04562631578947368,0.0
766,19,0,0.4282,0.21820526315789474,0.0
767,19,0,0.406,0.10361052631578949,0.0
768,19,0,0.2376,0.07767894736842106,0.0
769,19,0,0.3492,0.10946315789473685,0.0
770,19,0,0.3461,0.11136842105263159,0.0
771,19,0,0.3481,0.11163684210526317,0.0
772,19,0,0.2447,0.0814578947368421,0.0
773,19,0,0.2295,0.08742631578947369,0.0
774,19,0,0.2377,0.08046842105263158,0.0
775,19,0,0.406,0.10182631578947368,0.0
776,19,0,0.2846,0.16096315789473684,0.0
777,19,0,0.3043,0.1437736842105263,0.0
778,19,0,0.4103,0.20638421052631578,0.0
779,19,0,0.3481,0.11023684210526316,0.0
780,19,0,0.4093,0.10273157894736842,0.0
781,19,0,0.1629,0.052089473684210526,0.0
782,19,0,0.3452,0.10828947368421053,0.0
783,19,0,0.4078,0.21595789473684213,0.0
784,19,4,0.6222,0.3722,0.2105
785,19,0,0.3432,0.10996842105263158,0.0
786,19,0,0.4283,0.10375263157894737,0.0
787,19,4,0.6784,0.33856315789473684,0.2105
788,19,0,0.4325,0.2493684210526316,0.0
789,19,0,0.2885,0.15733684210526314,0.0
790,19,0,0.2486,0.11952105263157896,0.0
791,19,0,0.4197,0.10411052631578947,0.0
792,19,0,0.2344,0.1347263157894737,0.0
793,19,0,0.2761,0.15270526315789473,0.0
794,19,3,0.6262,0.37020526315789476,0.1579
795,19,0,0.4379,0.10482105263157895,0.0
796,19,0,0.2875,0.13901578947368423,0.0
797,19,0,0.2624,0.15009473684210525,0.0
798,19,0,0.3481,0.10788421052631578,0.0
799,19,0,0.2679,0.15142105263157896,0.0
800,19,0,0.4325,0.24919473684210527,0.0
801,19,0,0.1385,0.044505263157894735,0.0
802,19,0,0.1385,0.043263157894736844,0.0
803,19,0,0.2327,0.13416842105263158,0.0
804,19,0,0.2247,0.1149157894736842,0.0
805,19,0,0.4321,0.10422105263157895,0.0
806,19,0,0.3028,0.14029473684210525,0.0
807,19,0,0.4078,0.21389473684210528,0.0
808,19,0,0.2266,0.11493157894736843,0.0
809,19,0,0.3481,0.11014736842105263,0.0
810,19,0,0.2377,0.07904736842105263,0.0
811,19,0,0.2676,0.1599263157894737,0.0
812,19,0,0.1477,0.04606315789473684,0.0
813,19,0,0.3526,0.12143157894736842,0.0
814,19,0,0.2295,0.08541052631578948,0.0
815,19,3,0.6262,0.3704631578947368,0.1579
816,19,0,0.247,0.12206842105263159,0.0
817,19,0,0.2846,0.15869999999999998,0.0
818,19,0,0.1288,0.04318947368421053,0.0
819,19,0,0.1396,0.06051052631578947,0.0
820,19,0,0.3028,0.14090526315789473,0.0
821,19,0,0.4103,0.21589473684210528,0.0
822,19,0,0.2668,0.13048947368421052,0.0
823,19,0,0.4282,0.21682105263157894,0.0
824,19,0,0.3481,0.11072631578947369,0.0
825,19,0,0.1477,0.04453157894736842,0.0
826,19,0,0.2486,0.12361052631578946,0.0
827,19,0,0.1478,0.04601578947368421,0.0
828,19,0,0.2327,0.13255263157894737,0.0
829,19,0,0.2846,0.15882105263157895,0.0
830,19,0,0.1506,0.046857894736842105,0.0
831,19,0,0.4078,0.21042631578947368,0.0
832,19,0,0.2486,0.11889473684210526,0.0
833,19,0,0.3551,0.10951052631578949,0.0
834,19,0,0.3534,0.11370526315789474,0.0
835,19,0,0.2321,0.08726842105263158,0.0
836,19,0,0.2295,0.08663157894736843,0.0
837,19,0,0.2362,0.12190000000000001,0.0
838,19,0,0.2885,0.15782105263157895,0.0
839,19,0,0.2327,0.13297368421052633,0.0
840,19,3,0.6212,0.37053684210526316,0.1579
841,19,4,0.6848,0.34091052631578944,0.2105
842,19,0,0.4103,0.20959473684210525,0.0
843,19,0,0.433,0.2167894736842105,0.0
844,19,0,0.4123,0.10583684210526316,0.0
845,19,0,0.2295,0.08504736842105264,0.0
846,19,0,0.4321,0.10536842105263157,0.0
847,19,4,0.6848,0.33878421052631574,0.2105
848,19,0,0.2846,0.15311052631578947,0.0
849,19,0,0.4146,0.21407368421052633,0.0
850,19,0,0.1396,0.05907368421052632,0.0
851,19,0,0.2976,0.1357684210526316,0.0
852,19,0,0.1314,0.04175263157894737,0.0
853,19,0,0.1446,0.059257894736842114,0.0
854,19,0,0.1478,0.045157894736842105,0.0
855,19,0,0.2377,0.07957368421052631,0.0
856,19,0,0.1494,0.04468421052631579,0.0
857,19,0,0.3499,0.10926315789473684,0.0
858,19,4,0.6848,0.3396421052631579,0.2105
859,19,0,0.4103,0.20876842105263158,0.0
860,19,0,0.3538,0.11163157894736842,0.0
861,19,0,0.1396,0.05842105263157895,0.0
862,19,0,0.2829,0.1523578947368421,0.0
863,19,0,0.1393,0.04406842105263158,0.0
864,19,0,0.1396,0.06051578947368421,0.0
865,19,0,0.2501,0.12060526315789474,0.0
866,19,0,0.2501,0.11998947368421052,0.0
867,19,0,0.2377,0.07927368421052632,0.0
868,19,0,0.2377,0.07987368421052632,0.0
869,19,0,0.406,0.10331578947368421,0.0
870,19,0,0.3505,0.11265263157894738,0.0
871,19,0,0.4321,0.10464736842105263,0.0
872,19,0,0.2846,0.152,0.0
873,19,0,0.3461,0.10857368421052631,0.0
874,19,0,0.2447,0.07970526315789474,0.0
875,19,0,0.4361,0.21751052631578946,0.0
876,19,0,0.1109,0.04409473684210526,0.0
877,19,0,0.232,0.0863,0.0
878,19,0,0.3028,0.14777894736842104,0.0
879,19,0,0.418,0.10952105263157894,0.0
880,19,0,0.2483,0.1270421052631579,0.0
881,19,0,0.2304,0.11808947368421052,0.0
882,19,0,0.4291,0.12691052631578947,0.0
883,19,0,0.3072,0.15343684210526315,0.0
884,19,0,0.4321,0.1055421052631579,0.0
885,19,0,0.3074,0.1552578947368421,0.0
886,19,0,0.1056,0.043410526315789476,0.0
887,19,0,0.2529,0.13032105263157895,0.0
888,19,0,0.1494,0.045873684210526317,0.0
889,19,0,0.1478,0.04723157894736842,0.0
890,19,0,0.2948,0.13535263157894736,0.0
891,19,0,0.4103,0.20864736842105264,0.0
892,19,0,0.2867,0.13533684210526317,0.0
893,19,0,0.1753,0.062247368421052635,0.0
894,19,0,0.4001,0.21358421052631577,0.0
895,19,0,0.4282,0.21854736842105263,0.0
896,19,0,0.1506,0.04538947368421053,0.0
897,19,0,0.2496,0.12412631578947368,0.0
898,19,4,0.6869,0.33982105263157897,0.2105
899,19,0,0.1478,0.04602631578947368,0.0
900,19,0,0.1478,0.0458,0.0
901,19,0,0.3524,0.10953684210526315,0.0
902,19,0,0.4347,0.21769473684210525,0.0
903,19,0,0.3551,0.1109,0.0
904,19,0,0.4223,0.24778947368421053,0.0
905,19,0,0.1478,0.04645263157894736,0.0
906,19,0,0.2388,0.0795,0.0
907,19,0,0.2846,0.1568578947368421,0.0
908,19,0,0.2501,0.11984736842105263,0.0
909,19,0,0.3492,0.1100421052631579,0.0
910,19,0,0.4174,0.2106684210526316,0.0
911,19,0,0.2501,0.11966315789473685,0.0
912,19,0,0.2447,0.08073684210526316,0.0
913,19,0,0.3043,0.14241052631578946,0.0
914,19,0,0.3481,0.11107368421052632,0.0
915,19,0,0.2447,0.08037894736842105,0.0
916,19,0,0.2655,0.13181052631578946,0.0
917,19,0,0.4103,0.21465263157894737,0.0
918,19,0,0.1478,0.045989473684210525,0.0
919,19,0,0.2496,0.12235263157894737,0.0
920,19,0,0.2295,0.0859,0.0
921,19,0,0.3538,0.11411578947368421,0.0
922,19,0,0.2926,0.13558947368421054,0.0
923,19,0,0.2885,0.1514894736842105,0.0
924,19,0,0.1595,0.048342105263157895,0.0
925,19,0,0.406,0.10321052631578947,0.0
926,19,0,0.2351,0.07746315789473684,0.0
927,19,4,0.6222,0.372478947368421,0.2105
928,19,0,0.4078,0.21332105263157894,0.0
929,19,0,0.3517,0.11086842105263157,0.0
930,19,0,0.2344,0.13451052631578947,0.0
931,19,0,0.4229,0.2538578947368421,0.0
932,19,0,0.3043,0.14451052631578948,0.0
933,19,0,0.2447,0.08058947368421052,0.0
934,19,0,0.4262,0.24724210526315793,0.0
935,19,0,0.3012,0.1382842105263158,0.0
936,19,0,0.2846,0.1554684210526316,0.0
937,19,0,0.1657,0.060099999999999994,0.0
938,19,0,0.4282,0.21868421052631581,0.0
939,19,0,0.2377,0.07953684210526316,0.0
940,19,0,0.1742,0.06187368421052632,0.0
941,19,0,0.4103,0.21291052631578947,0.0
942,19,0,0.406,0.10348947368421052,0.0
943,19,0,0.3432,0.11056842105263158,0.0
944,19,0,0.2918,0.15162105263157893,0.0
945,19,0,0.3911,0.16643684210526316,0.0
946,19,0,0.4586,0.17011052631578946,0.0
947,19,0,0.3452,0.10890526315789473,0.0
948,19,0,0.4103,0.21564210526315788,0.0
949,19,0,0.2344,0.1359736842105263,0.0
950,19,0,0.4103,0.21245263157894737,0.0
951,19,0,0.3452,0.10974736842105264,0.0
952,19,0,0.4347,0.22579473684210524,0.0
953,19,0,0.2862,0.13227894736842105,0.0
954,19,0,0.3136,0.1348,0.0
955,19,0,0.1533,0.04887894736842105,0.0
956,19,0,0.2846,0.15286842105263157,0.0
957,19,0,0.1478,0.04480526315789474,0.0
958,19,0,0.4177,0.10372105263157895,0.0
959,19,0,0.435,0.2138157894736842,0.0
960,19,0,0.2877,0.15103157894736843,0.0
961,19,0,0.1753,0.06260526315789473,0.0
962,19,0,0.412,0.21224736842105263,0.0
963,19,0,0.3432,0.10956315789473685,0.0
964,19,0,0.2885,0.15151052631578946,0.0
965,19,4,0.6222,0.37163684210526315,0.2105
966,19,0,0.2377,0.07842631578947368,0.0
967,19,0,0.3452,0.10944736842105263,0.0
968,19,0,0.4252,0.25116842105263154,0.0
969,19,0,0.1721,0.06228421052631579,0.0
970,19,0,0.3171,0.14826842105263158,0.0
971,19,0,0.3481,0.11115789473684211,0.0
972,19,0,0.2846,0.15425789473684212,0.0
973,19,0,0.4321,0.10428947368421053,0.0
974,19,0,0.3199,0.1525,0.0
975,19,0,0.3543,0.11777368421052631,0.0
976,19,0,0.4321,0.10498421052631579,0.0
977,19,0,0.3481,0.11258421052631579,0.0
978,19,0,0.1533,0.04771578947368421,0.0
979,19,0,0.3461,0.11385263157894736,0.0
980,19,0,0.3012,0.14056842105263156,0.0
981,19,0,0.2885,0.15830526315789473,0.0
982,19,0,0.3543,0.11576842105263156,0.0
983,19,0,0.2321,0.08629473684210526,0.0
984,19,0,0.2501,0.12789473684210528,0.0
985,19,0,0.2885,0.15689473684210525,0.0
986,19,0,0.1494,0.044636842105263155,0.0
987,19,0,0.1494,0.04459473684210526,0.0
988,19,0,0.3028,0.13954210526315788,0.0
989,19,0,0.2327,0.13332631578947368,0.0
990,19,3,0.6262,0.3702894736842105,0.1579
991,19,0,0.1494,0.04498421052631579,0.0
992,19,0,0.2885,0.15603684210526317,0.0
993,19,0,0.4691,0.28133157894736843,0.0
994,19,0,0.4347,0.22332631578947368,0.0
995,19,0,0.4252,0.24874210526315788,0.0
996,19,0,0.3551,0.10976315789473685,0.0
997,19,0,0.3492,0.1105578947368421,0.0
998,19,0,0.4209,0.24541052631578947,0.0
999,19,0,0.2295,0.08700000000000001,0.0
1000,19,0,0.3498,0.11447894736842106,0.0
1001,19,0,0.4283,0.10432105263157894,0.0
1002,19,0,0.128,0.052547368421052634,0.0
1003,19,0,0.4978,0.21590526315789474,0.0
1004,19,0,0.2262,0.09229473684210526,0.0
1005,19,0,0.262,0.13865789473684212,0.0
1006,19,0,0.4843,0.23956315789473687,0.0
1007,19,0,0.4775,0.23613684210526317,0.0
1008,19,0,0.2195,0.09288421052631579,0.0
1009,19,2,0.5346,0.3545421052631579,0.1053
1010,19,0,0.4664,0.31404736842105263,0.0
1011,19,0,0.4117,0.2917578947368421,0.0
1012,19,3,0.532,0.3872842105263158,0.1579
1013,19,0,0.4064,0.24636842105263157,0.0
1014,19,0,0.3794,0.2108315789473684,0.0
1015,19,0,0.4989,0.24981052631578948,0.0
1016,19,0,0.4395,0.1687842105263158,0.0
1017,19,2,0.5166,0.3311368421052632,0.1053
1018,19,0,0.4495,0.16741052631578948,0.0
1019,19,0,0.4885,0.25990526315789475,0.0
1020,19,0,0.4159,0.28120526315789474,0.0
1021,19,0,0.4165,0.16393684210526316,0.0
1022,19,0,0.4996,0.2179842105263158,0.0
1023,19,0,0.3403,0.20027894736842106,0.0
1024,19,0,0.4888,0.20016315789473685,0.0
1025,19,0,0.3978,0.15402105263157895,0.0
1026,19,0,0.4984,0.25517894736842106,0.0
1027,19,0,0.3744,0.1889263157894737,0.0
1028,19,0,0.4951,0.2538315789473684,0.0
1029,19,0,0.4086,0.23493157894736844,0.0
1030,19,1,0.5015,0.20360526315789473,0.0526
1031,19,2,0.5351,0.35514210526315787,0.1053
1032,19,0,0.4968,0.2617263157894737,0.0
1033,19,0,0.4795,0.36057894736842105,0.0
1034,19,2,0.516,0.3193894736842105,0.1053
1035,19,0,0.4395,0.2694263157894737,0.0
1036,19,0,0.4378,0.2038157894736842,0.0
1037,19,0,0.3281,0.11909473684210525,0.0
1038,19,0,0.4303,0.24918421052631579,0.0
1039,19,0,0.3745,0.1335894736842105,0.0
1040,19,0,0.1513,0.07758947368421053,0.0
1041,19,0,0.2315,0.09347894736842105,0.0
1042,19,0,0.1913,0.08440526315789473,0.0
1043,19,0,0.2759,0.15810526315789475,0.0
1044,19,0,0.1867,0.10178947368421053,0.0
1045,19,0,0.2271,0.12576315789473683,0.0
1046,19,0,0.3695,0.11812105263157895,0.0
1047,19,0,0.1868,0.08143684210526315,0.0
1048,19,0,0.2271,0.1236157894736842,0.0
1049,19,0,0.2793,0.07193684210526316,0.0
1050,19,0,0.1735,0.07940526315789473,0.0
1051,19,0,0.193,0.08249999999999999,0.0
1052,19,0,0.2759,0.15697894736842105,0.0
1053,19,0,0.1959,0.0833842105263158,0.0
1054,19,0,0.294,0.12470526315789475,0.0
1055,19,0,0.1356,0.055378947368421055,0.0
1056,19,0,0.1936,0.09060526315789474,0.0
1057,19,0,0.3034,0.1365157894736842,0.0
1058,19,0,0.2928,0.1337578947368421,0.0
1059,19,0,0.1913,0.08354736842105263,0.0
1060,19,0,0.2236,0.09003157894736842,0.0
1061,19,0,0.3014,0.1374578947368421,0.0
1062,19,0,0.169,0.08136842105263158,0.0
1063,19,0,0.1936,0.09009473684210527,0.0
1064,19,0,0.2149,0.08935263157894736,0.0
1065,19,0,0.1839,0.08148947368421053,0.0
1066,19,0,0.1356,0.055842105263157894,0.0
1067,19,0,0.1433,0.0765157894736842,0.0
1068,19,0,0.2628,0.12863684210526316,0.0
1069,19,0,0.2878,0.0989578947368421,0.0
1070,19,0,0.2879,0.1576842105263158,0.0
1071,19,0,0.4978,0.21716315789473684,0.0
1072,19,0,0.1942,0.08447368421052631,0.0
1073,19,0,0.1976,0.09313684210526316,0.0
1074,19,0,0.3083,0.10062631578947369,0.0
1075,19,0,0.3116,0.10105263157894737,0.0
1076,19,0,0.2604,0.12807894736842104,0.0
1077,19,0,0.2271,0.12363157894736843,0.0
1078,19,0,0.2271,0.12333157894736843,0.0
1079,19,0,0.2324,0.09580526315789474,0.0
1080,19,0,0.3874,0.1337263157894737,0.0
1081,19,0,0.1926,0.10171052631578947,0.0
1082,19,0,0.3135,0.14106842105263157,0.0
1083,19,0,0.1327,0.05472105263157895,0.0
1084,19,0,0.229,0.09113157894736842,0.0
1085,19,0,0.4978,0.2156315789473684,0.0
1086,19,0,0.1839,0.08145263157894737,0.0
1087,19,0,0.1433,0.07901052631578948,0.0
1088,19,0,0.2068,0.08768421052631578,0.0
1089,19,0,0.1942,0.09358947368421053,0.0
1090,19,0,0.396,0.2270157894736842,0.0
1091,19,0,0.193,0.08220526315789474,0.0
1092,19,0,0.2328,0.1199578947368421,0.0
1093,19,0,0.229,0.09186315789473684,0.0
1094,19,0,0.3135,0.14161052631578946,0.0
1095,19,0,0.1884,0.09147894736842105,0.0
1096,19,0,0.2908,0.12102105263157895,0.0
1097,19,0,0.2317,0.1204421052631579,0.0
1098,19,0,0.128,0.05254210526315789,0.0
1099,19,0,0.2262,0.09072105263157895,0.0
1100,19,0,0.1327,0.05312105263157895,0.0
1101,19,0,0.4978,0.21648421052631578,0.0
1102,19,0,0.2757,0.06623684210526315,0.0
1103,19,0,0.4887,0.2602157894736842,0.0
1104,19,0,0.4023,0.26602631578947367,0.0
1105,19,0,0.3767,0.17772105263157895,0.0
1106,19,0,0.407,0.27599473684210524,0.0
1107,19,0,0.4356,0.3153736842105263,0.0
1108,19,1,0.5002,0.30651052631578946,0.0526
1109,19,5,0.532,0.3904157894736842,0.2632
1110,19,0,0.4576,0.3160736842105263,0.0
1111,19,2,0.5157,0.33748421052631583,0.1053
1112,19,0,0.3589,0.22950526315789474,0.0
1113,19,0,0.4601,0.3611578947368421,0.0
1114,19,1,0.5144,0.3389157894736842,0.0526
1115,19,0,0.407,0.2601894736842105,0.0
1116,19,0,0.3589,0.21820000000000003,0.0
1117,19,2,0.5157,0.3489842105263158,0.1053
1118,19,1,0.5153,0.33123684210526316,0.0526
1119,19,0,0.4601,0.35382631578947366,0.0
1120,19,0,0.4601,0.3319736842105263,0.0
1121,19,0,0.4186,0.22710526315789475,0.0
1122,19,4,0.6131,0.38300526315789474,0.2105
1123,19,0,0.3744,0.20130526315789474,0.0
1124,19,0,0.395,0.2593473684210526,0.0
1125,19,2,0.5351,0.343621052631579,0.1053
1126,19,0,0.4601,0.34707894736842104,0.0
1127,19,2,0.5346,0.3247263157894737,0.1053
1128,19,0,0.4023,0.2864947368421053,0.0
1129,19,0,0.4156,0.27923684210526317,0.0
1130,19,2,0.5364,0.3400947368421053,0.1053
1131,19,3,0.5523,0.35997894736842107,0.1579
1132,19,0,0.4824,0.1862578947368421,0.0
1133,19,0,0.4115,0.2243421052631579,0.0
1134,19,0,0.3237,0.10440526315789474,0.0
1135,19,0,0.2716,0.17415263157894736,0.0
1136,19,0,0.1839,0.08230526315789474,0.0
1137,19,0,0.1942,0.08514736842105262,0.0
1138,19,0,0.3173,0.10632631578947369,0.0
1139,19,0,0.4558,0.15441052631578947,0.0
1140,19,0,0.3116,0.10022105263157895,0.0
1141,19,0,0.1548,0.07822105263157894,0.0
1142,19,0,0.2328,0.12045263157894738,0.0
1143,19,0,0.2502,0.10633684210526316,0.0
1144,19,0,0.2283,0.1234842105263158,0.0
1145,19,0,0.1748,0.08321052631578947,0.0
1146,19,0,0.2421,0.10932631578947367,0.0
1147,19,0,0.2597,0.06630526315789474,0.0
1148,19,0,0.1884,0.09179473684210526,0.0
1149,19,0,0.396,0.22665789473684209,0.0
1150,19,0,0.1433,0.07696315789473684,0.0
1151,19,0,0.1839,0.08135263157894737,0.0
1152,19,0,0.193,0.0837421052631579,0.0
1153,19,0,0.3972,0.14860526315789474,0.0
1154,19,0,0.1433,0.07718421052631579,0.0
1155,19,0,0.1433,0.07827894736842106,0.0
1156,19,0,0.229,0.09078947368421053,0.0
1157,19,0,0.2359,0.10640526315789474,0.0
1158,19,0,0.2325,0.10413157894736842,0.0
1159,19,0,0.1941,0.1022421052631579,0.0
1160,19,0,0.4437,0.2881105263157895,0.0
1161,19,0,0.2923,0.12174210526315789,0.0
1162,19,0,0.3007,0.15823684210526315,0.0
1163,19,0,0.3185,0.12865263157894735,0.0
1164,19,0,0.193,0.08276315789473684,0.0
1165,19,0,0.4963,0.21886842105263157,0.0
1166,19,0,0.2271,0.12407894736842105,0.0
1167,19,0,0.1839,0.07994736842105264,0.0
1168,19,0,0.396,0.22686842105263158,0.0
1169,19,0,0.184,0.06071578947368421,0.0
1170,19,0,0.2941,0.15609473684210526,0.0
1171,19,0,0.1697,0.08235263157894737,0.0
1172,19,0,0.2174,0.09012105263157895,0.0
1173,19,0,0.1839,0.08102631578947368,0.0
1174,19,0,0.4763,0.23537368421052632,0.0
1175,19,0,0.1936,0.09012631578947368,0.0
1176,19,0,0.2271,0.12316842105263157,0.0
1177,19,0,0.289,0.11855789473684211,0.0
1178,19,0,0.229,0.0916157894736842,0.0
1179,19,0,0.229,0.09052105263157895,0.0
1180,19,0,0.3103,0.14087894736842105,0.0
1181,19,0,0.1936,0.08971052631578946,0.0
1182,19,0,0.2298,0.11916842105263156,0.0
1183,19,0,0.2325,0.10378947368421053,0.0
1184,19,1,0.5002,0.24133684210526316,0.0526
1185,19,0,0.1492,0.07702105263157895,0.0
1186,19,0,0.2292,0.12636315789473684,0.0
1187,19,0,0.2325,0.10452105263157895,0.0
1188,19,0,0.1839,0.08080000000000001,0.0
1189,19,0,0.3143,0.1387,0.0
1190,19,0,0.4426,0.2880894736842105,0.0
1191,19,0,0.3171,0.1390578947368421,0.0
1192,19,0,0.2299,0.11866315789473685,0.0
1193,19,0,0.2759,0.15673684210526315,0.0
1194,19,1,0.5143,0.24246315789473682,0.0526
1195,19,0,0.1971,0.08272631578947369,0.0
1196,19,0,0.1959,0.08332105263157895,0.0
1197,19,0,0.3135,0.1380842105263158,0.0
1198,19,0,0.1272,0.05398947368421053,0.0
1199,19,0,0.2908,0.12138421052631578,0.0
1200,19,0,0.1931,0.10188421052631579,0.0
1201,19,0,0.1196,0.05183157894736842,0.0
1202,19,0,0.3135,0.14007368421052632,0.0
1203,19,0,0.229,0.09081052631578948,0.0
1204,19,0,0.2941,0.15681578947368421,0.0
1205,19,0,0.229,0.09097894736842105,0.0
1206,19,0,0.4763,0.23786315789473686,0.0
1207,19,0,0.2713,0.1723578947368421,0.0
1208,19,0,0.2048,0.08401052631578948,0.0
1209,19,0,0.1512,0.07946315789473685,0.0
1210,19,0,0.2916,0.1171842105263158,0.0
1211,19,0,0.2335,0.10355263157894737,0.0
1212,19,0,0.1649,0.05937368421052632,0.0
1213,19,0,0.2359,0.10371052631578948,0.0
1214,19,0,0.231,0.12397894736842105,0.0
1215,19,0,0.4929,0.23917368421052632,0.0
1216,19,0,0.4365,0.22852105263157893,0.0
1217,19,0,0.4459,0.2915947368421053,0.0
1218,19,3,0.6192,0.4124842105263158,0.1579
1219,19,2,0.5351,0.3696894736842105,0.1053
1220,19,0,0.4818,0.28524736842105264,0.0
1221,19,0,0.4014,0.21361052631578947,0.0
1222,19,0,0.4946,0.3536263157894737,0.0
1223,19,1,0.5373,0.25457368421052634,0.0526
1224,19,4,0.6131,0.3774526315789474,0.2105
1225,19,0,0.3589,0.1912157894736842,0.0
1226,19,0,0.4968,0.2775526315789474,0.0
1227,19,1,0.5141,0.32071578947368423,0.0526
1228,19,0,0.2847,0.07529473684210526,0.0
1229,19,2,0.5594,0.3547368421052632,0.1053
1230,19,0,0.4064,0.2520315789473684,0.0
1231,19,0,0.2934,0.09747894736842105,0.0
1232,19,0,0.4249,0.14038421052631578,0.0
1233,19,1,0.5114,0.33916315789473683,0.0526
1234,19,0,0.4983,0.26348947368421055,0.0
1235,19,0,0.3933,0.2389736842105263,0.0
1236,19,1,0.5142,0.3419263157894737,0.0526
1237,19,1,0.5045,0.3306052631578947,0.0526
1238,19,0,0.3923,0.1646421052631579,0.0
1239,19,0,0.3581,0.14716315789473686,0.0
1240,19,1,0.5003,0.29266315789473685,0.0526
1241,19,2,0.5364,0.347,0.1053
1242,19,0,0.3861,0.2320684210526316,0.0
1243,19,0,0.4795,0.36243684210526317,0.0
1244,19,0,0.4821,0.24887894736842106,0.0
1245,19,0,0.4416,0.28062631578947367,0.0
1246,19,0,0.288,0.07793684210526315,0.0
1247,19,0,0.2942,0.11232105263157895,0.0
1248,19,0,0.3116,0.10412105263157895,0.0
1249,19,0,0.37,0.12448947368421052,0.0
1250,19,0,0.3697,0.12337894736842105,0.0
1251,19,0,0.1512,0.08008947368421053,0.0
1252,19,0,0.2236,0.09012105263157895,0.0
1253,19,0,0.3039,0.16066315789473684,0.0
1254,19,0,0.2359,0.10408947368421052,0.0
1255,19,0,0.2316,0.12401578947368422,0.0
1256,19,0,0.4963,0.21695263157894734,0.0
1257,19,0,0.1689,0.08201578947368421,0.0
1258,19,0,0.1839,0.08201578947368421,0.0
1259,19,0,0.229,0.09105263157894737,0.0
1260,19,0,0.1959,0.08303684210526316,0.0
1261,19,0,0.229,0.09087368421052631,0.0
1262,19,0,0.229,0.09224210526315789,0.0
1263,19,0,0.2257,0.09023157894736841,0.0
1264,19,0,0.3183,0.14369473684210526,0.0
1265,19,0,0.1941,0.10217368421052632,0.0
1266,19,0,0.4963,0.21636315789473684,0.0
1267,19,0,0.294,0.12421052631578947,0.0
1268,19,0,0.2878,0.09856842105263158,0.0
1269,19,0,0.2325,0.12447894736842105,0.0
1270,19,0,0.2271,0.12234210526315789,0.0
1271,19,0,0.2979,0.09893684210526316,0.0
1272,19,0,0.396,0.22804736842105267,0.0
1273,19,0,0.2299,0.11913157894736842,0.0
1274,19,0,0.3135,0.1407421052631579,0.0
1275,19,0,0.1839,0.08075263157894737,0.0
1276,19,0,0.2359,0.10760526315789475,0.0
1277,19,0,0.1356,0.05728421052631579,0.0
1278,19,0,0.4978,0.2154,0.0
1279,19,0,0.1269,0.05193157894736842,0.0
1280,19,0,0.289,0.11688947368421052,0.0
1281,19,0,0.3014,0.1389263157894737,0.0
1282,19,0,0.1492,0.07965263157894738,0.0
1283,19,0,0.266,0.12453684210526317,0.0
1284,19,0,0.229,0.09085263157894737,0.0
1285,19,0,0.2335,0.10668947368421051,0.0
1286,19,0,0.3135,0.1397842105263158,0.0
1287,19,0,0.13,0.05408947368421053,0.0
1288,19,0,0.128,0.054578947368421046,0.0
1289,19,0,0.3143,0.1402842105263158,0.0
1290,19,0,0.19,0.10106315789473684,0.0
1291,19,0,0.1884,0.09139473684210526,0.0
1292,19,0,0.193,0.08241052631578948,0.0
1293,19,0,0.1839,0.08086315789473685,0.0
1294,19,0,0.1971,0.08373684210526315,0.0
1295,19,0,0.2035,0.09473157894736843,0.0
1296,19,0,0.2757,0.07152105263157894,0.0
1297,19,0,0.2597,0.06737894736842105,0.0
1298,19,0,0.1839,0.0816,0.0
1299,19,0,0.2359,0.10703684210526317,0.0
1300,19,0,0.396,0.2267578947368421,0.0
1301,19,0,0.1433,0.07842631578947368,0.0
1302,19,0,0.1433,0.07687368421052632,0.0
1303,19,1,0.5143,0.24256315789473684,0.0526
1304,19,0,0.1492,0.07897894736842105,0.0
1305,19,0,0.2298,0.12018947368421051,0.0
1306,19,0,0.2283,0.12481578947368421,0.0
1307,19,0,0.2421,0.10741052631578947,0.0
1308,19,0,0.2421,0.10636315789473685,0.0
1309,19,0,0.1967,0.0829,0.0
1310,19,0,0.1492,0.07986315789473684,0.0
1311,19,0,0.2317,0.10730526315789475,0.0
1312,19,0,0.1327,0.05569473684210526,0.0
1313,19,0,0.2716,0.1717157894736842,0.0
1314,19,0,0.2939,0.1359736842105263,0.0
1315,19,0,0.4437,0.28764736842105265,0.0
1316,19,0,0.128,0.05424210526315789,0.0
1317,19,0,0.1492,0.07936315789473684,0.0
1318,19,0,0.2284,0.10629473684210526,0.0
1319,19,0,0.1269,0.05342105263157895,0.0
1320,19,0,0.2251,0.10278947368421053,0.0
1321,19,0,0.2776,0.1157157894736842,0.0
1322,19,0,0.1196,0.05211578947368421,0.0
1323,19,0,0.2946,0.13631052631578947,0.0
1324,19,0,0.2738,0.17289473684210527,0.0
1325,19,0,0.1492,0.08011578947368421,0.0
1326,19,0,0.3062,0.15887894736842104,0.0
1327,19,0,0.3062,0.15808947368421053,0.0
1328,19,0,0.2387,0.09178947368421053,0.0
1329,19,0,0.4437,0.2880894736842105,0.0
1330,19,0,0.1269,0.05383157894736843,0.0
1331,19,0,0.229,0.09142105263157896,0.0
1332,19,0,0.4953,0.2154473684210526,0.0
1333,19,0,0.1252,0.052984210526315786,0.0
1334,19,0,0.2048,0.08591052631578948,0.0
1335,19,0,0.2321,0.10203684210526316,0.0
1336,19,0,0.2283,0.11956842105263157,0.0
1337,19,0,0.2776,0.1153157894736842,0.0
1338,19,0,0.4721,0.23610526315789473,0.0
1339,19,0,0.229,0.09215263157894736,0.0
1340,19,0,0.2718,0.11570526315789473,0.0
1341,19,0,0.2262,0.0916157894736842,0.0
1342,19,0,0.229,0.09135263157894737,0.0
1343,19,0,0.2939,0.13484736842105263,0.0
1344,19,0,0.13,0.053415789473684215,0.0
1345,19,0,0.3019,0.11845263157894736,0.0
1346,19,0,0.1492,0.08042105263157895,0.0
1347,19,0,0.266,0.12645263157894737,0.0
1348,19,0,0.1941,0.1012578947368421,0.0
1349,19,0,0.2014,0.08318421052631579,0.0
1350,19,0,0.4996,0.21586315789473684,0.0
1351,19,0,0.3183,0.14380526315789474,0.0
1352,19,0,0.2908,0.11924736842105262,0.0
1353,19,0,0.2359,0.1048,0.0
1354,19,0,0.1433,0.07784736842105264,0.0
1355,19,0,0.2975,0.12633684210526316,0.0
1356,19,0,0.1959,0.08270526315789473,0.0
1357,19,0,0.1959,0.08325263157894736,0.0
1358,19,0,0.2328,0.11933157894736843,0.0
1359,19,0,0.1433,0.07664210526315789,0.0
1360,19,0,0.2994,0.12777368421052632,0.0
1361,19,0,0.1917,0.09231578947368421,0.0
1362,19,1,0.5068,0.21844736842105264,0.0526
1363,19,0,0.2757,0.0689578947368421,0.0
1364,19,0,0.1839,0.08171578947368421,0.0
1365,19,0,0.1929,0.10163684210526316,0.0
1366,19,0,0.1897,0.0826,0.0
1367,19,0,0.3378,0.1409,0.0
1368,19,0,0.1926,0.08158421052631579,0.0
1369,19,0,0.2474,0.09650526315789475,0.0
1370,19,1,0.5002,0.24147894736842104,0.0526
1371,19,0,0.1936,0.09016315789473685,0.0
1372,19,0,0.2299,0.11916842105263156,0.0
1373,19,0,0.395,0.22615263157894736,0.0
1374,19,0,0.3069,0.13822105263157894,0.0
1375,19,0,0.2359,0.10587368421052631,0.0
1376,19,0,0.4901,0.24004210526315786,0.0
1377,19,0,0.1327,0.055821052631578945,0.0
1378,19,0,0.1492,0.07928421052631579,0.0
1379,19,0,0.1961,0.08982631578947368,0.0
1380,19,0,0.1938,0.08264210526315789,0.0
1381,19,0,0.2989,0.13727894736842106,0.0
1382,19,0,0.2359,0.10585263157894738,0.0
1383,19,0,0.2908,0.12014736842105263,0.0
1384,19,0,0.2048,0.08398421052631579,0.0
1385,19,0,0.2262,0.09073684210526316,0.0
1386,19,0,0.2923,0.1210842105263158,0.0
1387,19,0,0.193,0.0815421052631579,0.0
1388,19,0,0.1492,0.07814736842105263,0.0
1389,19,0,0.2298,0.11951052631578948,0.0
1390,19,0,0.1959,0.08426315789473685,0.0
1391,19,0,0.2421,0.10669999999999999,0.0
1392,19,0,0.2271,0.12226842105263158,0.0
1393,19,0,0.2907,0.15513684210526316,0.0
1394,19,0,0.3034,0.1379157894736842,0.0
1395,19,0,0.2907,0.15382105263157894,0.0
1396,19,0,0.1884,0.08973157894736843,0.0
1397,19,0,0.2325,0.10517894736842105,0.0
1398,19,0,0.2941,0.15403684210526314,0.0
1399,19,0,0.1931,0.10169473684210525,0.0
1400,19,0,0.4978,0.21628421052631577,0.0
1401,19,0,0.4721,0.2368526315789474,0.0
1402,19,0,0.1269,0.0554,0.0
1403,19,0,0.1492,0.07926842105263159,0.0
1404,19,0,0.2338,0.09143157894736842,0.0
1405,19,0,0.1198,0.05273684210526316,0.0
1406,19,0,0.3006,0.13853157894736842,0.0
1407,19,0,0.2225,0.1021157894736842,0.0
1408,19,0,0.1928,0.08911578947368422,0.0
1409,19,0,0.2061,0.08563684210526316,0.0
1410,19,0,0.1492,0.0793,0.0
1411,19,0,0.3039,0.15508947368421053,0.0
1412,19,0,0.1433,0.07842105263157895,0.0
1413,19,0,0.3006,0.13846315789473684,0.0
1414,19,0,0.1512,0.07967894736842106,0.0
1415,19,0,0.2223,0.10185263157894738,0.0
1416,19,0,0.1936,0.08971052631578946,0.0
1417,19,0,0.1269,0.05488947368421052,0.0
1418,19,0,0.2027,0.08425263157894737,0.0
1419,19,0,0.3034,0.1414,0.0
1420,19,0,0.2776,0.11533684210526314,0.0
1421,19,0,0.2377,0.12084210526315789,0.0
1422,19,0,0.2321,0.10486315789473684,0.0
1423,19,0,0.1523,0.07967368421052631,0.0
1424,19,0,0.2195,0.09057894736842105,0.0
1425,19,0,0.2718,0.1147157894736842,0.0
1426,19,0,0.151,0.08033157894736842,0.0
1427,19,0,0.2486,0.1226684210526316,0.0
1428,19,1,0.5127,0.3007157894736842,0.0526
1429,19,0,0.327,0.136,0.0
1430,19,0,0.4075,0.2284,0.0
1431,19,0,0.4575,0.31496842105263156,0.0
1432,19,0,0.3148,0.1293263157894737,0.0
1433,19,3,0.6131,0.33777368421052634,0.1579
1434,19,0,0.4968,0.2304736842105263,0.0
1435,19,0,0.288,0.07640526315789474,0.0
1436,19,0,0.4765,0.27439473684210525,0.0
1437,19,0,0.2211,0.09256315789473683,0.0
1438,19,1,0.5095,0.26915263157894737,0.0526
1439,19,0,0.359,0.18683684210526316,0.0
1440,19,0,0.45,0.16351578947368423,0.0
1441,19,0,0.4198,0.15214210526315788,0.0
1442,19,0,0.2974,0.11258947368421053,0.0
1443,19,0,0.4655,0.16196842105263157,0.0
1444,19,0,0.2005,0.0680578947368421,0.0
1445,19,0,0.4793,0.22643157894736843,0.0
1446,19,0,0.331,0.11916315789473685,0.0
1447,19,0,0.2344,0.12606315789473685,0.0
1448,19,0,0.2793,0.07448421052631579,0.0
1449,19,0,0.3183,0.15963684210526316,0.0
1450,19,0,0.2926,0.16413157894736843,0.0
1451,19,0,0.3874,0.1423684210526316,0.0
1452,19,0,0.2102,0.09261052631578948,0.0
1453,19,0,0.2972,0.13918947368421053,0.0
1454,19,0,0.1672,0.08203157894736841,0.0
1455,19,0,0.2359,0.10930526315789474,0.0
1456,19,0,0.2325,0.10609473684210527,0.0
1457,19,0,0.2016,0.08352105263157894,0.0
1458,19,0,0.4953,0.21667894736842105,0.0
1459,19,0,0.1356,0.05558947368421053,0.0
1460,19,0,0.2377,0.12111052631578947,0.0
1461,19,0,0.2262,0.09123157894736843,0.0
1462,19,0,0.2048,0.08435263157894737,0.0
1463,19,0,0.1327,0.054310526315789476,0.0
1464,19,0,0.2262,0.09195263157894737,0.0
1465,19,0,0.2325,0.10456842105263159,0.0
1466,19,0,0.2016,0.08323157894736842,0.0
1467,19,0,0.4978,0.21897368421052632,0.0
1468,19,0,0.2262,0.0914,0.0
1469,19,0,0.294,0.12693684210526315,0.0
1470,19,0,0.2057,0.08546315789473684,0.0
1471,19,0,0.4437,0.2881315789473684,0.0
1472,19,0,0.3143,0.1417,0.0
1473,19,0,0.1345,0.05432631578947369,0.0
1474,19,0,0.3265,0.1456263157894737,0.0
1475,19,0,0.395,0.22644736842105265,0.0
1476,19,0,0.294,0.12469473684210527,0.0
1477,19,0,0.2014,0.08434736842105263,0.0
1478,19,0,0.1971,0.08394736842105263,0.0
1479,19,0,0.229,0.0908578947368421,0.0
1480,19,0,0.2716,0.17173684210526316,0.0
1481,19,0,0.2359,0.10538947368421053,0.0
1482,19,0,0.2421,0.10665263157894737,0.0
1483,19,0,0.1492,0.07793157894736842,0.0
1484,19,0,0.2923,0.12105263157894736,0.0
1485,19,0,0.2001,0.08485263157894737,0.0
1486,19,0,0.2271,0.12287368421052632,0.0
1487,19,0,0.3123,0.1406,0.0
1488,19,0,0.4978,0.21841052631578947,0.0
1489,19,0,0.3123,0.14052105263157896,0.0
1490,19,0,0.1839,0.08253684210526316,0.0
1491,19,0,0.1971,0.08371052631578947,0.0
1492,19,0,0.3034,0.1383842105263158,0.0
1493,19,0,0.2359,0.10618947368421051,0.0
1494,19,0,0.2236,0.09053157894736842,0.0
1495,19,0,0.266,0.12753157894736844,0.0
1496,19,0,0.1662,0.08148421052631578,0.0
1497,19,0,0.266,0.12782105263157895,0.0
1498,19,0,0.4721,0.2355,0.0
1499,19,0,0.1492,0.07994736842105263,0.0
1500,19,0,0.4843,0.23953157894736843,0.0
1501,19,0,0.1327,0.05607894736842106,0.0
1502,19,0,0.1936,0.08984210526315789,0.0
1503,19,0,0.1959,0.08264736842105264,0.0
1504,19,0,0.2336,0.12375263157894738,0.0
1505,19,0,0.1492,0.07872105263157896,0.0
1506,19,0,0.2317,0.12092105263157894,0.0
1507,19,0,0.1936,0.08998421052631579,0.0
1508,19,0,0.4738,0.23653684210526316,0.0
1509,19,0,0.1936,0.0895421052631579,0.0
1510,19,0,0.1636,0.08035263157894737,0.0
1511,19,0,0.2251,0.10432631578947368,0.0
1512,19,0,0.4437,0.2871368421052632,0.0
1513,19,0,0.2776,0.11599473684210526,0.0
1514,19,0,0.221,0.10228947368421053,0.0
1515,19,0,0.2972,0.13760526315789473,0.0
1516,19,0,0.2001,0.08474736842105264,0.0
1517,19,0,0.2937,0.1324842105263158,0.0
1518,19,0,0.2502,0.11037368421052633,0.0
1519,19,0,0.1697,0.08362631578947369,0.0
1520,19,0,0.1433,0.07745263157894737,0.0
1521,19,0,0.2134,0.08596842105263158,0.0
1522,19,0,0.2224,0.09412631578947368,0.0
1523,19,1,0.5294,0.3097421052631579,0.0526
1524,19,2,0.5364,0.36961578947368423,0.1053
1525,19,1,0.5068,0.24977368421052634,0.0526
1526,19,0,0.4117,0.2568473684210526,0.0
1527,19,2,0.5193,0.36882105263157894,0.1053
1528,19,0,0.3515,0.15275263157894736,0.0
1529,19,4,0.628,0.3785157894736842,0.2105
1530,19,0,0.4968,0.22853684210526315,0.0
1531,19,0,0.4536,0.16279473684210527,0.0
1532,19,3,0.5599,0.36197894736842107,0.1579
1533,19,0,0.2937,0.13662105263157895,0.0
1534,19,0,0.4957,0.27156842105263157,0.0
1535,19,0,0.46,0.20281052631578947,0.0
1536,19,0,0.4495,0.1678157894736842,0.0
1537,19,0,0.3998,0.14889473684210527,0.0
1538,19,0,0.4002,0.1533578947368421,0.0
1539,19,0,0.4882,0.27121052631578946,0.0
1540,19,0,0.2908,0.1227421052631579,0.0
1541,19,0,0.4759,0.22579473684210524,0.0
1542,19,3,0.543,0.30821578947368417,0.1579
1543,19,0,0.4382,0.17035789473684212,0.0
1544,19,0,0.2595,0.06804736842105263,0.0
1545,19,0,0.4945,0.26565789473684215,0.0
1546,19,2,0.5346,0.32361052631578946,0.1053
1547,19,0,0.2923,0.12521052631578947,0.0
1548,19,0,0.3114,0.12497894736842105,0.0
1549,19,0,0.2937,0.13273157894736842,0.0
1550,19,0,0.2359,0.11214210526315789,0.0
1551,19,0,0.1928,0.08983684210526316,0.0
1552,19,0,0.4843,0.23701578947368424,0.0
1553,19,0,0.1523,0.07997368421052631,0.0
1554,19,0,0.2387,0.09067894736842105,0.0
1555,19,0,0.2359,0.10935263157894737,0.0
1556,19,0,0.2057,0.08514736842105262,0.0
1557,19,0,0.1492,0.07940526315789473,0.0
1558,19,0,0.2174,0.09137894736842105,0.0
1559,19,0,0.2283,0.12110526315789474,0.0
1560,19,0,0.229,0.0925,0.0
1561,19,0,0.4978,0.2157947368421053,0.0
1562,19,0,0.1884,0.08985789473684211,0.0
1563,19,0,0.4304,0.30815263157894734,0.0
1564,19,0,0.2941,0.15437894736842103,0.0
1565,19,0,0.3014,0.13666315789473685,0.0
1566,19,0,0.1433,0.0791421052631579,0.0
1567,19,0,0.1942,0.08337894736842105,0.0
1568,19,0,0.3014,0.13691052631578948,0.0
1569,19,0,0.2713,0.17106315789473683,0.0
1570,19,0,0.447,0.28745263157894735,0.0
1571,19,0,0.2502,0.1085157894736842,0.0
1572,19,0,0.2941,0.1565315789473684,0.0
1573,19,0,0.1897,0.10125263157894737,0.0
1574,19,0,0.3135,0.14146315789473685,0.0
1575,19,0,0.294,0.12647368421052632,0.0
1576,19,0,0.193,0.08281578947368422,0.0
1577,19,0,0.2359,0.1052578947368421,0.0
1578,19,0,0.193,0.08301052631578947,0.0
1579,19,0,0.2759,0.1550842105263158,0.0
1580,19,0,0.1926,0.10161052631578948,0.0
1581,19,0,0.3682,0.11737368421052632,0.0
1582,19,0,0.1433,0.07703157894736842,0.0
1583,19,0,0.1839,0.08046842105263158,0.0
1584,19,0,0.2359,0.10693684210526316,0.0
1585,19,0,0.1839,0.0817421052631579,0.0
1586,19,0,0.1492,0.07760526315789473,0.0
1587,19,0,0.3039,0.16027368421052632,0.0
1588,19,0,0.3006,0.15874210526315788,0.0
1589,19,0,0.1662,0.08086842105263158,0.0
1590,19,0,0.2972,0.13576315789473684,0.0
1591,19,0,0.1897,0.10144210526315789,0.0
1592,19,0,0.3171,0.13728947368421052,0.0
1593,19,0,0.2325,0.10736315789473685,0.0
1594,19,0,0.3987,0.22774210526315788,0.0
1595,19,0,0.1942,0.09010526315789473,0.0
1596,19,0,0.128,0.054578947368421046,0.0
1597,19,0,0.2387,0.09256315789473683,0.0
1598,19,0,0.2061,0.08490526315789473,0.0
1599,19,0,0.1252,0.05196842105263158,0.0
1600,19,0,0.128,0.05314736842105263,0.0
1601,19,0,0.2908,0.11967894736842104,0.0
1602,19,0,0.3143,0.1408263157894737,0.0
1603,19,0,0.1327,0.054857894736842105,0.0
1604,19,0,0.1971,0.08292105263157894,0.0
1605,19,0,0.2325,0.12359473684210527,0.0
1606,19,0,0.2174,0.09038421052631579,0.0
1607,19,0,0.1839,0.08012105263157894,0.0
1608,19,0,0.2757,0.1118421052631579,0.0
1609,19,0,0.171,0.07984736842105264,0.0
1610,19,0,0.2628,0.12639473684210525,0.0
1611,19,0,0.2271,0.12406315789473685,0.0
1612,19,0,0.169,0.08277368421052632,0.0
1613,19,0,0.1697,0.08206315789473684,0.0
1614,19,0,0.2972,0.13665263157894736,0.0
1615,19,0,0.193,0.08262105263157896,0.0
1616,19,0,0.193,0.0827578947368421,0.0
1617,19,0,0.2357,0.09187368421052632,0.0
1618,19,0,0.2963,0.12697894736842105,0.0
1619,19,0,0.1599,0.060073684210526314,0.0
1620,19,0,0.1981,0.08352105263157894,0.0
1621,19,0,0.1926,0.10126842105263159,0.0
1622,19,0,0.4437,0.28716315789473684,0.0
1623,19,0,0.2035,0.09222105263157894,0.0
1624,19,0,0.1433,0.07702105263157895,0.0
1625,19,0,0.2502,0.1134157894736842,0.0
1626,19,0,0.1389,0.05695789473684211,0.0
1627,19,0,0.2048,0.08513157894736842,0.0
1628,19,0,0.2989,0.1355684210526316,0.0
1629,19,0,0.1433,0.07821052631578947,0.0
1630,19,0,0.2116,0.09080526315789474,0.0
1631,19,0,0.3673,0.14451052631578948,0.0
1632,19,0,0.2099,0.09265263157894736,0.0
1633,19,0,0.1839,0.08042631578947368,0.0
1634,19,0,0.2299,0.12023157894736841,0.0
1635,19,0,0.193,0.08302631578947368,0.0
1636,19,0,0.4121,0.1459315789473684,0.0
1637,19,0,0.23,0.12374736842105263,0.0
1638,19,0,0.3108,0.1386526315789474,0.0
1639,19,0,0.2271,0.12281052631578948,0.0
1640,19,0,0.4978,0.21543684210526318,0.0
1641,19,0,0.2454,0.11122105263157894,0.0
1642,19,0,0.1599,0.058621052631578956,0.0
1643,19,0,0.2316,0.12369473684210526,0.0
1644,19,0,0.2335,0.10451052631578947,0.0
1645,19,0,0.3171,0.1407421052631579,0.0
1646,19,0,0.2335,0.10598421052631579,0.0
1647,19,0,0.1492,0.08052105263157895,0.0
1648,19,0,0.3007,0.15444736842105264,0.0
1649,19,0,0.2939,0.13588421052631577,0.0
1650,19,0,0.229,0.09186315789473684,0.0
1651,19,0,0.1662,0.08156842105263158,0.0
1652,19,0,0.3039,0.15863684210526316,0.0
1653,19,0,0.1433,0.07948947368421053,0.0
1654,19,0,0.1931,0.10190526315789473,0.0
1655,19,0,0.2716,0.17144736842105265,0.0
1656,19,0,0.1433,0.07927894736842105,0.0
1657,19,0,0.128,0.05383157894736842,0.0
1658,19,0,0.1884,0.0901157894736842,0.0
1659,19,0,0.229,0.09150526315789473,0.0
1660,19,0,0.169,0.08211578947368421,0.0
1661,19,0,0.2716,0.1717421052631579,0.0
1662,19,0,0.2979,0.09966842105263157,0.0
1663,19,0,0.2628,0.12910526315789472,0.0
1664,19,0,0.1868,0.08090526315789473,0.0
1665,19,0,0.37,0.12148421052631578,0.0
1666,19,0,0.2847,0.07119473684210527,0.0
1667,19,0,0.3116,0.10157894736842105,0.0
1668,19,0,0.2759,0.1587842105263158,0.0
1669,19,0,0.1916,0.08383684210526315,0.0
1670,19,0,0.3007,0.16028421052631578,0.0
1671,19,0,0.334,0.1716105263157895,0.0
1672,19,0,0.2823,0.18043157894736842,0.0
1673,19,0,0.3419,0.10571578947368421,0.0
1674,19,0,0.3167,0.10442105263157894,0.0
1675,19,0,0.19,0.10257894736842105,0.0
1676,19,0,0.2174,0.09520526315789474,0.0
1677,19,1,0.549,0.3091315789473684,0.0526
1678,19,0,0.4743,0.16377894736842105,0.0
1679,19,0,0.171,0.08848947368421052,0.0
1680,19,0,0.2262,0.09460526315789475,0.0
1681,19,0,0.4612,0.2565789473684211,0.0
1682,19,0,0.3729,0.1962894736842105,0.0
1683,19,0,0.2235,0.10049473684210526,0.0
1684,19,0,0.2487,0.08789999999999999,0.0
1685,19,0,0.3145,0.11059473684210527,0.0
1686,19,0,0.4875,0.2712052631578947,0.0
1687,19,0,0.2513,0.08855263157894737,0.0
1688,19,0,0.3911,0.1351,0.0
1689,19,0,0.4742,0.2749263157894737,0.0
1690,19,0,0.4558,0.1827421052631579,0.0
1691,19,0,0.4411,0.1633315789473684,0.0
1692,19,0,0.4075,0.30110000000000003,0.0
1693,19,0,0.4256,0.15882105263157895,0.0
1694,19,0,0.4469,0.2892842105263158,0.0
1695,19,0,0.387,0.13026315789473686,0.0
1696,19,1,0.5143,0.24233157894736843,0.0526
1697,19,0,0.2027,0.0832421052631579,0.0
1698,19,0,0.2299,0.12117368421052632,0.0
1699,19,0,0.294,0.12665263157894738,0.0
1700,19,0,0.4721,0.23627894736842106,0.0
1701,19,0,0.1936,0.09089473684210525,0.0
1702,19,0,0.1662,0.08121052631578947,0.0
1703,19,0,0.2359,0.1095157894736842,0.0
1704,19,0,0.4437,0.2870263157894737,0.0
1705,19,0,0.1967,0.08212631578947369,0.0
1706,19,0,0.1327,0.05396842105263158,0.0
1707,19,0,0.1492,0.07730526315789472,0.0
1708,19,0,0.3039,0.15914736842105262,0.0
1709,19,0,0.294,0.12344736842105263,0.0
1710,19,0,0.2716,0.1714684210526316,0.0
1711,19,0,0.2325,0.12233157894736842,0.0
1712,19,1,0.5029,0.24223684210526317,0.0526
1713,19,0,0.2681,0.06774736842105263,0.0
1714,19,0,0.2716,0.1711736842105263,0.0
1715,19,0,0.1959,0.08393157894736843,0.0
1716,19,0,0.2716,0.17132105263157896,0.0
1717,19,0,0.2359,0.10726842105263158,0.0
1718,19,0,0.1345,0.056778947368421054,0.0
1719,19,0,0.1327,0.05446315789473684,0.0
1720,19,0,0.229,0.09133684210526316,0.0
1721,19,0,0.128,0.053242105263157896,0.0
1722,19,0,0.229,0.09148947368421052,0.0
1723,19,0,0.1433,0.07939473684210525,0.0
1724,19,0,0.1938,0.08405789473684211,0.0
1725,19,0,0.2941,0.15598421052631578,0.0
1726,19,0,0.2335,0.10635263157894738,0.0
1727,19,0,0.1307,0.05476842105263158,0.0
1728,19,0,0.284,0.11593157894736843,0.0
1729,19,0,0.3171,0.14079473684210528,0.0
1730,19,0,0.1269,0.05250526315789474,0.0
1731,19,0,0.4978,0.21622631578947368,0.0
1732,19,0,0.2091,0.08637368421052631,0.0
1733,19,0,0.2262,0.09123157894736843,0.0
1734,19,0,0.2321,0.10537894736842106,0.0
1735,19,0,0.3143,0.14214736842105263,0.0
1736,19,0,0.1936,0.09001052631578947,0.0
1737,19,0,0.3019,0.11849473684210525,0.0
1738,19,0,0.1492,0.08026315789473684,0.0
1739,19,0,0.2716,0.1722578947368421,0.0
1740,19,0,0.2048,0.08576315789473683,0.0
1741,19,0,0.229,0.08978947368421053,0.0
1742,19,0,0.128,0.05333684210526316,0.0
1743,19,0,0.229,0.09234210526315789,0.0
1744,19,0,0.2257,0.09147368421052632,0.0
1745,19,0,0.399,0.22620000000000004,0.0
1746,19,0,0.2208,0.08982105263157894,0.0
1747,19,0,0.128,0.05254210526315789,0.0
1748,19,0,0.229,0.0916157894736842,0.0
1749,19,0,0.2716,0.17189473684210527,0.0
1750,19,0,0.2262,0.09128421052631579,0.0
1751,19,0,0.2716,0.1720421052631579,0.0
1752,19,0,0.4978,0.21633684210526316,0.0
1753,19,0,0.2262,0.09126842105263158,0.0
1754,19,0,0.2908,0.11765789473684211,0.0
1755,19,0,0.2325,0.10317894736842106,0.0
1756,19,0,0.2316,0.12417894736842106,0.0
1757,19,0,0.2716,0.17137894736842108,0.0
1758,19,0,0.128,0.05248947368421053,0.0
1759,19,0,0.2919,0.11860526315789473,0.0
1760,19,0,0.229,0.0912421052631579,0.0
1761,19,0,0.4721,0.2359473684210526,0.0
1762,19,0,0.2713,0.1726315789473684,0.0
1763,19,0,0.2061,0.08547894736842106,0.0
1764,19,0,0.229,0.0903,0.0
1765,19,0,0.3034,0.1379157894736842,0.0
1766,19,0,0.1272,0.053621052631578944,0.0
1767,19,0,0.2989,0.1379421052631579,0.0
1768,19,0,0.1959,0.08333684210526315,0.0
1769,19,0,0.2776,0.11648947368421052,0.0
1770,19,0,0.229,0.09221578947368421,0.0
1771,19,0,0.4721,0.23676842105263157,0.0
1772,19,0,0.2014,0.08316842105263159,0.0
1773,19,0,0.2321,0.1030578947368421,0.0
1774,19,0,0.1662,0.08083684210526317,0.0
1775,19,0,0.2628,0.12806842105263158,0.0
1776,19,0,0.2048,0.08526842105263159,0.0
1777,19,0,0.2939,0.13647894736842106,0.0
1778,19,0,0.1307,0.05452105263157895,0.0
1779,19,0,0.2316,0.12176315789473684,0.0
1780,19,0,0.2321,0.10382105263157894,0.0
1781,19,0,0.2776,0.11528421052631578,0.0
1782,19,0,0.1928,0.0895,0.0
1783,19,0,0.2939,0.13674736842105262,0.0
1784,19,0,0.1269,0.05363684210526316,0.0
1785,19,0,0.1492,0.07917894736842106,0.0
1786,19,0,0.2357,0.09280000000000001,0.0
1787,19,0,0.2317,0.12128947368421053,0.0
1788,19,0,0.229,0.09173157894736843,0.0
1789,19,0,0.3034,0.1392578947368421,0.0
1790,19,0,0.2271,0.1209,0.0
1791,19,0,0.1839,0.08234736842105263,0.0
1792,19,0,0.229,0.09151052631578949,0.0
1793,19,0,0.1327,0.053631578947368426,0.0
1794,19,0,0.2336,0.12179473684210525,0.0
1795,19,0,0.2972,0.13782105263157896,0.0
1796,19,0,0.289,0.11749473684210528,0.0
1797,19,0,0.3062,0.15506315789473685,0.0
1798,19,0,0.1252,0.052589473684210526,0.0
1799,19,0,0.3007,0.15468421052631579,0.0
1800,19,0,0.2716,0.1730157894736842,0.0
1801,19,0,0.1636,0.08086842105263158,0.0
1802,19,0,0.1936,0.08984736842105263,0.0
1803,19,0,0.1492,0.08049473684210527,0.0
1804,19,0,0.266,0.12531052631578948,0.0
1805,19,0,0.128,0.05278947368421053,0.0
1806,19,0,0.2359,0.10588421052631579,0.0
1807,19,0,0.2923,0.1219157894736842,0.0
1808,19,0,0.2057,0.08645263157894738,0.0
1809,19,0,0.1926,0.10168947368421052,0.0
1810,19,0,0.2283,0.12312631578947368,0.0
1811,19,0,0.2421,0.10785263157894737,0.0
1812,19,0,0.2421,0.10628947368421052,0.0
1813,19,0,0.193,0.08249473684210527,0.0
1814,19,0,0.2336,0.12341052631578948,0.0
1815,19,0,0.1492,0.07996842105263158,0.0
1816,19,0,0.229,0.09092631578947369,0.0
1817,19,0,0.229,0.0909578947368421,0.0
1818,19,0,0.229,0.09275263157894736,0.0
1819,19,0,0.1662,0.08168421052631579,0.0
1820,19,0,0.1931,0.10138947368421053,0.0
1821,19,0,0.3143,0.13846842105263157,0.0
1822,19,0,0.1269,0.05383157894736842,0.0
1823,19,0,0.3135,0.1381842105263158,0.0
1824,19,0,0.1327,0.05430526315789474,0.0
1825,19,0,0.2941,0.15843684210526315,0.0
1826,19,0,0.2941,0.15943684210526315,0.0
1827,19,0,0.1839,0.0803,0.0
1828,19,0,0.2989,0.13656842105263156,0.0
1829,19,0,0.193,0.08170526315789474,0.0
1830,19,0,0.2149,0.0905842105263158,0.0
1831,19,0,0.1839,0.08166315789473684,0.0
1832,19,0,0.229,0.09084210526315789,0.0
1833,19,0,0.1327,0.055710526315789474,0.0
1834,19,0,0.229,0.09091578947368421,0.0
1835,19,0,0.128,0.05332631578947369,0.0
1836,19,0,0.1327,0.05457368421052631,0.0
1837,19,0,0.2298,0.12037368421052633,0.0
1838,19,0,0.2359,0.10560526315789473,0.0
1839,19,0,0.2271,0.12147894736842106,0.0
1840,19,0,0.4721,0.23562105263157895,0.0
1841,19,0,0.1636,0.08166315789473684,0.0
1842,19,0,0.1697,0.08248421052631578,0.0
1843,19,0,0.3867,0.1717578947368421,0.0
1844,19,2,0.5351,0.34833684210526317,0.1053
1845,19,0,0.4391,0.29555263157894734,0.0
1846,19,0,0.2057,0.09847368421052631,0.0
1847,19,0,0.4397,0.2963842105263158,0.0
1848,19,0,0.3686,0.17622631578947368,0.0
1849,19,4,0.6386,0.3715578947368421,0.2105
1850,19,0,0.4989,0.26086315789473685,0.0
1851,19,0,0.1868,0.08326315789473684,0.0
1852,19,0,0.48,0.23496315789473682,0.0
1853,19,0,0.1867,0.1022578947368421,0.0
1854,19,1,0.5062,0.2617894736842105,0.0526
1855,19,0,0.3686,0.18,0.0
1856,19,1,0.5401,0.22023157894736842,0.0526
1857,19,0,0.4141,0.13261578947368421,0.0
1858,19,0,0.1732,0.0818578947368421,0.0
1859,19,0,0.3963,0.1299578947368421,0.0
1860,19,0,0.3135,0.14566315789473683,0.0
1861,19,0,0.4558,0.1824157894736842,0.0
1862,19,0,0.4443,0.2256842105263158,0.0
1863,19,0,0.4495,0.16428947368421054,0.0
1864,19,0,0.3953,0.14388421052631578,0.0
1865,19,0,0.3948,0.14372105263157894,0.0
1866,19,1,0.5015,0.27270526315789473,0.0526
1867,19,0,0.1433,0.07807894736842105,0.0
1868,19,0,0.4044,0.14933157894736843,0.0
1869,19,0,0.3012,0.09841052631578946,0.0
1870,19,0,0.2328,0.12141578947368421,0.0
1871,19,0,0.2116,0.08988947368421052,0.0
1872,19,0,0.2937,0.13411052631578946,0.0
1873,19,0,0.2385,0.12307368421052632,0.0
1874,19,0,0.1839,0.08047894736842105,0.0
1875,19,0,0.2905,0.13272105263157896,0.0
1876,19,0,0.2359,0.10996315789473685,0.0
1877,19,0,0.1307,0.05545263157894737,0.0
1878,19,0,0.1269,0.05223157894736843,0.0
1879,19,0,0.2335,0.10707894736842105,0.0
1880,19,0,0.128,0.05462631578947369,0.0
1881,19,0,0.2972,0.13595263157894735,0.0
1882,19,0,0.2174,0.09002631578947368,0.0
1883,19,0,0.3135,0.13790526315789475,0.0
1884,19,0,0.1839,0.0837578947368421,0.0
1885,19,0,0.1897,0.10109473684210527,0.0
1886,19,0,0.1917,0.09148947368421052,0.0
1887,19,0,0.1433,0.07784210526315789,0.0
1888,19,0,0.3269,0.14295263157894736,0.0
1889,19,0,0.1872,0.08237894736842105,0.0
1890,19,0,0.396,0.22666315789473687,0.0
1891,19,0,0.2879,0.1598,0.0
1892,19,0,0.4929,0.24145263157894736,0.0
1893,19,0,0.1929,0.10243157894736842,0.0
1894,19,0,0.2716,0.17138947368421054,0.0
1895,19,0,0.2359,0.1062842105263158,0.0
1896,19,0,0.2941,0.1561421052631579,0.0
1897,19,0,0.1959,0.0842,0.0
1898,19,0,0.2916,0.11718947368421052,0.0
1899,19,0,0.289,0.1171315789473684,0.0
1900,19,0,0.2257,0.09188421052631579,0.0
1901,19,0,0.2321,0.10300000000000001,0.0
1902,19,0,0.2908,0.11883684210526317,0.0
1903,19,0,0.2083,0.08716842105263158,0.0
1904,19,0,0.2048,0.08641052631578947,0.0
1905,19,0,0.4978,0.21621052631578946,0.0
1906,19,0,0.1269,0.05223157894736843,0.0
1907,19,0,0.2262,0.09117368421052631,0.0
1908,19,0,0.1981,0.0837842105263158,0.0
1909,19,0,0.289,0.11588947368421054,0.0
1910,19,0,0.1237,0.05230526315789474,0.0
1911,19,0,0.2776,0.11541578947368421,0.0
1912,19,0,0.2251,0.10141052631578948,0.0
1913,19,0,0.1926,0.10197368421052631,0.0
1914,19,0,0.229,0.09214736842105264,0.0
1915,19,0,0.1433,0.07916842105263158,0.0
1916,19,0,0.4996,0.21595789473684213,0.0
1917,19,0,0.2262,0.09158421052631578,0.0
1918,19,0,0.4978,0.21588947368421052,0.0
1919,19,0,0.3135,0.13887894736842105,0.0
1920,19,0,0.2316,0.12248947368421054,0.0
1921,19,0,0.2283,0.12025263157894737,0.0
1922,19,0,0.2784,0.15678421052631578,0.0
1923,19,0,0.2994,0.12624736842105264,0.0
1924,19,0,0.199,0.08405263157894736,0.0
1925,19,0,0.1961,0.09029473684210526,0.0
1926,19,0,0.2262,0.0916157894736842,0.0
1927,19,0,0.2359,0.10528947368421053,0.0
1928,19,0,0.2359,0.10472105263157895,0.0
1929,19,0,0.1839,0.0832157894736842,0.0
1930,19,0,0.1913,0.08576842105263158,0.0
1931,19,0,0.1936,0.09063684210526315,0.0
1932,19,0,0.4978,0.21564736842105262,0.0
1933,19,0,0.1307,0.05333684210526316,0.0
1934,19,0,0.1884,0.08960526315789473,0.0
1935,19,0,0.128,0.05499473684210526,0.0
1936,19,0,0.4002,0.22661052631578948,0.0
1937,19,0,0.229,0.09056315789473683,0.0
1938,19,0,0.4738,0.2374,0.0
1939,19,0,0.193,0.08259473684210526,0.0
1940,19,0,0.2335,0.10532105263157895,0.0
1941,19,0,0.3171,0.13970526315789472,0.0
1942,19,0,0.2357,0.12273157894736843,0.0
1943,19,0,0.229,0.09132105263157896,0.0
1944,19,0,0.3171,0.13986315789473683,0.0
1945,19,0,0.1839,0.0843578947368421,0.0
1946,19,0,0.2262,0.09107894736842105,0.0
1947,19,0,0.1662,0.08188947368421053,0.0
1948,19,0,0.1897,0.10209473684210527,0.0
1949,19,0,0.2908,0.11953684210526315,0.0
1950,19,0,0.266,0.12616315789473684,0.0
1951,19,0,0.2262,0.09033684210526316,0.0
1952,19,0,0.1959,0.08527894736842105,0.0
1953,19,0,0.2325,0.1052578947368421,0.0
1954,19,0,0.1492,0.07803684210526315,0.0
1955,19,0,0.229,0.09133157894736843,0.0
1956,19,0,0.294,0.12351052631578949,0.0
1957,19,0,0.1938,0.08545263157894736,0.0
1958,19,0,0.1867,0.10144210526315789,0.0
1959,19,0,0.3135,0.13937894736842105,0.0
1960,19,0,0.1867,0.10120526315789474,0.0
1961,19,0,0.2174,0.09181578947368421,0.0
1962,19,0,0.1839,0.0823842105263158,0.0
1963,19,1,0.5063,0.24162631578947372,0.0526
1964,19,0,0.3135,0.1379842105263158,0.0
1965,19,0,0.193,0.08389473684210527,0.0
1966,19,0,0.4978,0.2170421052631579,0.0
1967,19,0,0.3006,0.13621052631578948,0.0
1968,19,0,0.2257,0.0924842105263158,0.0
1969,19,0,0.2628,0.12673684210526315,0.0
1970,19,0,0.229,0.09117368421052631,0.0
1971,19,0,0.229,0.09133157894736843,0.0
1972,19,0,0.2941,0.1565263157894737,0.0
1973,19,0,0.128,0.05356842105263158,0.0
1974,19,0,0.1523,0.07903684210526316,0.0
1975,19,0,0.1931,0.10312631578947369,0.0
1976,19,1,0.5063,0.24246315789473682,0.0526
1977,19,0,0.2285,0.08742631578947369,0.0
1978,19,2,0.5346,0.3599421052631579,0.1053
1979,19,0,0.3158,0.10784736842105264,0.0
1980,19,0,0.4075,0.2185578947368421,0.0
1981,19,1,0.5153,0.3525473684210526,0.0526
1982,19,0,0.3582,0.15707894736842107,0.0
1983,19,4,0.6386,0.4007,0.2105
1984,19,0,0.4968,0.2456263157894737,0.0
1985,19,0,0.2856,0.09774736842105262,0.0
1986,19,2,0.5549,0.31843157894736845,0.1053
1987,19,0,0.1957,0.09261052631578948,0.0
1988,19,2,0.5594,0.3308578947368421,0.1053
1989,19,0,0.4056,0.2092736842105263,0.0
1990,19,0,0.2923,0.12307368421052632,0.0
1991,19,0,0.4039,0.17157894736842105,0.0
1992,19,0,0.3598,0.13862631578947368,0.0
1993,19,1,0.5136,0.29485263157894737,0.0526
1994,19,0,0.3577,0.11599473684210526,0.0
1995,19,0,0.2763,0.07096842105263158,0.0
1996,19,5,0.5256,0.3110631578947368,0.2632
1997,19,1,0.5253,0.3131315789473684,0.0526
1998,19,0,0.2528,0.09809473684210526,0.0
1999,19,0,0.4543,0.19102631578947368,0.0
2000,19,2,0.5351,0.2973684210526316,0.1053
2001,19,0,0.229,0.09951052631578948,0.0
2002,19,0,0.4165,0.17559999999999998,0.0
2003,19,0,0.2446,0.10173157894736842,0.0
2004,19,0,0.387,0.13243684210526316,0.0
2005,19,0,0.2963,0.1265842105263158,0.0
2006,19,0,0.2174,0.09101052631578947,0.0
2007,19,0,0.1433,0.07635789473684211,0.0
2008,19,0,0.2946,0.13538421052631577,0.0
2009,19,0,0.1884,0.09090000000000001,0.0
2010,19,0,0.2292,0.12231052631578948,0.0
2011,19,0,0.2328,0.12004736842105262,0.0
2012,19,0,0.2878,0.10141578947368421,0.0
2013,19,0,0.4411,0.15361052631578948,0.0
2014,19,0,0.2292,0.12456842105263158,0.0
2015,19,0,0.193,0.08343684210526316,0.0
2016,19,0,0.2299,0.11843684210526317,0.0
2017,19,0,0.3143,0.1403157894736842,0.0
2018,19,0,0.2174,0.09001052631578947,0.0
2019,19,0,0.128,0.05329473684210526,0.0
2020,19,0,0.2335,0.10437368421052633,0.0
2021,19,0,0.4978,0.2165421052631579,0.0
2022,19,0,0.2262,0.09124736842105263,0.0
2023,19,0,0.289,0.11717368421052632,0.0
2024,19,0,0.1928,0.08976315789473684,0.0
2025,19,0,0.1981,0.08388947368421053,0.0
2026,19,0,0.1492,0.0793157894736842,0.0
2027,19,0,0.4437,0.28734736842105263,0.0
2028,19,0,0.2317,0.10327368421052631,0.0
2029,19,0,0.2335,0.10348421052631579,0.0
2030,19,0,0.1327,0.05613157894736842,0.0
2031,19,0,0.1492,0.07998947368421053,0.0
2032,19,0,0.3007,0.15766315789473684,0.0
2033,19,0,0.1839,0.08143684210526315,0.0
2034,19,0,0.447,0.2884,0.0
2035,19,0,0.1492,0.0804,0.0
2036,19,0,0.1689,0.08257894736842104,0.0
2037,19,0,0.2359,0.10549473684210527,0.0
2038,19,0,0.4978,0.2171315789473684,0.0
2039,19,0,0.1959,0.08390526315789475,0.0
2040,19,0,0.1839,0.08183684210526315,0.0
2041,19,0,0.2262,0.09145789473684211,0.0
2042,19,0,0.1884,0.09185263157894737,0.0
2043,19,0,0.3972,0.1478421052631579,0.0
2044,19,1,0.5015,0.24095263157894736,0.0526
2045,19,0,0.2328,0.12000526315789474,0.0
2046,19,0,0.229,0.09426842105263157,0.0
2047,19,0,0.2716,0.17338947368421054,0.0
2048,19,0,0.2757,0.06770526315789474,0.0
2049,19,0,0.2292,0.12472631578947369,0.0
2050,19,0,0.2292,0.12526842105263158,0.0
2051,19,0,0.2681,0.06572105263157894,0.0
2052,19,0,0.308,0.10123157894736842,0.0
2053,19,0,0.308,0.10057368421052632,0.0
2054,19,0,0.2941,0.15889999999999999,0.0
2055,19,0,0.2694,0.13115263157894735,0.0
2056,19,0,0.2645,0.09943157894736843,0.0
2057,19,0,0.4969,0.3547105263157895,0.0
2058,19,2,0.5351,0.36723684210526314,0.1053
2059,19,0,0.3492,0.11212105263157895,0.0
2060,19,0,0.4023,0.2321578947368421,0.0
2061,19,1,0.5153,0.3515157894736842,0.0526
2062,19,0,0.3398,0.14253157894736843,0.0
2063,19,4,0.6386,0.41226842105263156,0.2105
2064,19,0,0.4989,0.26819473684210526,0.0
2065,19,0,0.327,0.10590526315789474,0.0
2066,19,1,0.5264,0.31858947368421053,0.0526
2067,19,0,0.308,0.09962105263157894,0.0
2068,19,0,0.4768,0.27856315789473685,0.0
2069,19,0,0.2692,0.10905263157894737,0.0
2070,19,0,0.4198,0.17308947368421052,0.0
2071,19,0,0.339,0.11447894736842106,0.0
2072,19,0,0.339,0.11584736842105263,0.0
2073,19,0,0.495,0.28275263157894737,0.0
2074,19,1,0.5373,0.22720526315789477,0.0526
2075,19,0,0.4968,0.21692105263157896,0.0
2076,19,0,0.4485,0.2504684210526316,0.0
2077,19,0,0.4495,0.17726842105263158,0.0
2078,19,0,0.4952,0.24417368421052635,0.0
2079,19,0,0.2771,0.14464210526315788,0.0
2080,19,0,0.4567,0.24409473684210528,0.0
2081,19,0,0.3697,0.12340526315789474,0.0
2082,19,0,0.4395,0.19933157894736842,0.0
2083,19,0,0.2328,0.12132105263157894,0.0
2084,19,0,0.4077,0.14740526315789473,0.0
2085,19,0,0.193,0.0818,0.0
2086,19,0,0.3432,0.11117894736842106,0.0
2087,19,4,0.6707,0.3394526315789474,0.2105
2088,19,0,0.2377,0.07923684210526316,0.0
2089,19,0,0.3478,0.13792105263157894,0.0
2090,19,0,0.4145,0.21279473684210526,0.0
2091,19,0,0.4321,0.10644736842105262,0.0
2092,19,0,0.3517,0.11163157894736842,0.0
2093,19,0,0.4145,0.21179473684210526,0.0
2094,19,0,0.2344,0.13555263157894737,0.0
2095,19,0,0.4292,0.1050578947368421,0.0
2096,19,0,0.2295,0.08653684210526316,0.0
2097,19,0,0.2377,0.07967894736842106,0.0
2098,19,0,0.4197,0.10302105263157894,0.0
2099,19,4,0.6848,0.34171052631578946,0.2105
2100,19,0,0.1742,0.06206842105263158,0.0
2101,19,0,0.1595,0.0487,0.0
2102,19,0,0.4933,0.2150421052631579,0.0
2103,19,0,0.4197,0.10527368421052631,0.0
2104,19,0,0.2918,0.15321052631578946,0.0
2105,19,0,0.3543,0.11505263157894736,0.0
2106,19,0,0.3596,0.11511052631578948,0.0
2107,19,0,0.2321,0.08629473684210526,0.0
2108,19,4,0.6848,0.3403894736842106,0.2105
2109,19,0,0.4103,0.21143157894736841,0.0
2110,19,0,0.3007,0.1411315789473684,0.0
2111,19,0,0.2854,0.1535157894736842,0.0
2112,19,4,0.6848,0.3394736842105263,0.2105
2113,19,0,0.1477,0.04465263157894737,0.0
2114,19,0,0.2295,0.08653157894736843,0.0
2115,19,0,0.2486,0.12338947368421052,0.0
2116,19,0,0.4329,0.2121684210526316,0.0
2117,19,0,0.2658,0.13150526315789474,0.0
2118,19,0,0.4267,0.21527368421052634,0.0
2119,19,0,0.1494,0.04567368421052632,0.0
2120,19,0,0.4267,0.10638421052631579,0.0
2121,19,0,0.2486,0.12102105263157895,0.0
2122,19,3,0.6262,0.3700842105263158,0.1579
2123,19,0,0.245,0.12071052631578946,0.0
2124,19,0,0.2885,0.1573421052631579,0.0
2125,19,0,0.2447,0.08017894736842106,0.0
2126,19,0,0.2668,0.1306842105263158,0.0
2127,19,0,0.4321,0.10639473684210526,0.0
2128,19,0,0.2885,0.15661052631578948,0.0
2129,19,0,0.2501,0.11953157894736843,0.0
2130,19,0,0.2845,0.1354842105263158,0.0
2131,19,0,0.2829,0.14807368421052633,0.0
2132,19,0,0.3481,0.10931052631578948,0.0
2133,19,0,0.4321,0.1047,0.0
2134,19,0,0.1494,0.044589473684210526,0.0
2135,19,0,0.1494,0.04608947368421053,0.0
2136,19,0,0.3452,0.11126315789473684,0.0
2137,19,0,0.1494,0.044636842105263155,0.0
2138,19,0,0.4103,0.21571052631578946,0.0
2139,19,0,0.245,0.11582105263157895,0.0
2140,19,0,0.4455,0.24626842105263158,0.0
2141,19,0,0.4433,0.24601052631578946,0.0
2142,19,0,0.4321,0.10623157894736841,0.0
2143,19,0,0.4267,0.1058578947368421,0.0
2144,19,0,0.2247,0.11911052631578949,0.0
2145,19,0,0.1444,0.044810526315789474,0.0
2146,19,0,0.1288,0.04279473684210526,0.0
2147,19,0,0.4329,0.2129263157894737,0.0
2148,19,0,0.4321,0.10511052631578947,0.0
2149,19,0,0.3432,0.1099842105263158,0.0
2150,19,0,0.2885,0.15305263157894736,0.0
2151,19,0,0.4103,0.20643684210526314,0.0
2152,19,0,0.4321,0.10538947368421053,0.0
2153,19,0,0.2295,0.08713684210526315,0.0
2154,19,0,0.2344,0.13430526315789473,0.0
2155,19,0,0.3481,0.11090526315789474,0.0
2156,19,0,0.4292,0.1057421052631579,0.0
2157,19,0,0.1742,0.06083157894736842,0.0
2158,19,0,0.2845,0.13503157894736842,0.0
2159,19,0,0.1657,0.05931578947368421,0.0
2160,19,0,0.1742,0.06186842105263158,0.0
2161,19,0,0.3028,0.1421736842105263,0.0
2162,19,0,0.2946,0.15597894736842105,0.0
2163,19,0,0.1721,0.06149473684210527,0.0
2164,19,0,0.1726,0.0615421052631579,0.0
2165,19,0,0.3452,0.10850526315789473,0.0
2166,19,0,0.4287,0.21191052631578947,0.0
2167,19,0,0.3452,0.1103,0.0
2168,19,0,0.4252,0.2574105263157895,0.0
2169,19,0,0.2351,0.07818947368421053,0.0
2170,19,0,0.327,0.1603,0.0
2171,19,0,0.4103,0.20813684210526318,0.0
2172,19,0,0.4197,0.10915789473684209,0.0
2173,19,0,0.3452,0.11009473684210527,0.0
2174,19,0,0.4103,0.2176736842105263,0.0
2175,19,0,0.4153,0.14743684210526314,0.0
2176,19,0,0.2904,0.06907368421052631,0.0
2177,19,0,0.3432,0.11237368421052632,0.0
2178,19,0,0.412,0.2116157894736842,0.0
2179,19,0,0.4361,0.21136842105263157,0.0
2180,19,0,0.3481,0.11038947368421052,0.0
2181,19,0,0.4223,0.2534736842105263,0.0
2182,19,0,0.2918,0.1583,0.0
2183,19,0,0.2486,0.11967894736842104,0.0
2184,19,0,0.1396,0.06167894736842105,0.0
2185,19,0,0.4336,0.21701052631578946,0.0
2186,19,0,0.4267,0.10672105263157894,0.0
2187,19,0,0.2295,0.08636315789473685,0.0
2188,19,0,0.2825,0.1514157894736842,0.0
2189,19,0,0.1494,0.04461578947368421,0.0
2190,19,0,0.4103,0.20929473684210526,0.0
2191,19,0,0.2825,0.1502736842105263,0.0
2192,19,3,0.6245,0.36970000000000003,0.1579
2193,19,0,0.2501,0.12052631578947369,0.0
2194,19,0,0.3432,0.11354210526315789,0.0
2195,19,0,0.4248,0.24703684210526314,0.0
2196,19,0,0.2885,0.1593315789473684,0.0
2197,19,0,0.2447,0.0817578947368421,0.0
2198,19,0,0.2501,0.1214,0.0
2199,19,0,0.2469,0.08042631578947368,0.0
2200,19,0,0.2885,0.13593684210526313,0.0
2201,19,0,0.4267,0.10534736842105262,0.0
2202,19,0,0.3028,0.14191052631578946,0.0
2203,19,0,0.4287,0.2141578947368421,0.0
2204,19,0,0.2253,0.08612105263157895,0.0
2205,19,0,0.4321,0.21675263157894734,0.0
2206,19,0,0.2885,0.15669473684210525,0.0
2207,19,0,0.2351,0.07715263157894736,0.0
2208,19,0,0.1526,0.048773684210526316,0.0
2209,19,0,0.3432,0.11405789473684211,0.0
2210,19,0,0.259,0.12194736842105264,0.0
2211,19,0,0.4078,0.2084736842105263,0.0
2212,19,0,0.2668,0.13108947368421053,0.0
2213,19,0,0.4197,0.10355789473684211,0.0
2214,19,0,0.2388,0.07966315789473684,0.0
2215,19,0,0.2344,0.1338578947368421,0.0
2216,19,0,0.4354,0.10482631578947368,0.0
2217,19,0,0.2611,0.14848947368421053,0.0
2218,19,0,0.3028,0.1401736842105263,0.0
2219,19,0,0.4389,0.10383684210526316,0.0
2220,19,0,0.2233,0.12246315789473684,0.0
2221,19,0,0.1494,0.04542631578947368,0.0
2222,19,0,0.2402,0.13407894736842105,0.0
2223,19,0,0.2976,0.1336421052631579,0.0
2224,19,0,0.2501,0.12887894736842107,0.0
2225,19,0,0.2377,0.07857368421052631,0.0
2226,19,0,0.4256,0.15076842105263158,0.0
2227,19,0,0.4592,0.2563578947368421,0.0
2228,19,0,0.4146,0.21556315789473685,0.0
2229,19,0,0.281,0.13871052631578948,0.0
2230,19,0,0.3597,0.13026315789473686,0.0
2231,19,2,0.5263,0.28243684210526315,0.1053
2232,19,0,0.2846,0.1552,0.0
2233,19,0,0.486,0.23969999999999997,0.0
2234,19,0,0.3596,0.1819,0.0
2235,19,4,0.6371,0.37443157894736845,0.2105
2236,19,0,0.2491,0.1333105263157895,0.0
2237,19,0,0.322,0.1622842105263158,0.0
2238,19,0,0.3012,0.1523263157894737,0.0
2239,19,0,0.2213,0.1203421052631579,0.0
2240,19,0,0.3534,0.10893157894736842,0.0
2241,19,0,0.2377,0.07838947368421052,0.0
2242,19,0,0.2812,0.1373842105263158,0.0
2243,19,0,0.4354,0.10514736842105263,0.0
2244,19,0,0.2587,0.1483578947368421,0.0
2245,19,0,0.3534,0.1132315789473684,0.0
2246,19,0,0.2276,0.08447368421052631,0.0
2247,19,0,0.4321,0.1055842105263158,0.0
2248,19,0,0.4355,0.21297894736842105,0.0
2249,19,0,0.4365,0.21755263157894736,0.0
2250,19,0,0.2377,0.07915789473684211,0.0
2251,19,0,0.4197,0.2102105263157895,0.0
2252,19,0,0.4351,0.10566315789473685,0.0
2253,19,0,0.3452,0.10942631578947368,0.0
2254,19,0,0.2976,0.13628947368421054,0.0
2255,19,0,0.2388,0.07863684210526316,0.0
2256,19,0,0.2655,0.13373157894736842,0.0
2257,19,0,0.2295,0.08526842105263159,0.0
2258,19,0,0.2496,0.1277,0.0
2259,19,0,0.1533,0.04883157894736842,0.0
2260,19,0,0.2496,0.12278421052631579,0.0
2261,19,0,0.259,0.12505263157894736,0.0
2262,19,3,0.6272,0.36955789473684214,0.1579
2263,19,0,0.4103,0.2105157894736842,0.0
2264,19,0,0.3551,0.11098947368421053,0.0
2265,19,0,0.4321,0.10481052631578948,0.0
2266,19,0,0.1478,0.04414210526315789,0.0
2267,19,0,0.4123,0.1046421052631579,0.0
2268,19,4,0.6656,0.3405,0.2105
2269,19,0,0.3432,0.1128842105263158,0.0
2270,19,0,0.4784,0.2575842105263158,0.0
2271,19,5,0.5396,0.3947894736842105,0.2632
2272,19,9,0.7514,0.4480315789473684,0.4737
2273,19,4,0.6656,0.3437736842105263,0.2105
2274,19,0,0.4223,0.2573578947368421,0.0
2275,19,0,0.259,0.1260157894736842,0.0
2276,19,0,0.232,0.08612631578947369,0.0
2277,19,0,0.3452,0.10841052631578947,0.0
2278,19,0,0.3432,0.11284736842105263,0.0
2279,19,0,0.3481,0.1096421052631579,0.0
2280,19,0,0.4129,0.21393684210526315,0.0
2281,19,0,0.4252,0.2569105263157895,0.0
2282,19,0,0.4256,0.14841052631578946,0.0
2283,19,0,0.2958,0.10719473684210527,0.0
2284,19,0,0.4123,0.10755263157894736,0.0
2285,19,0,0.3574,0.11557894736842106,0.0
2286,19,1,0.5334,0.2849473684210526,0.0526
2287,19,5,0.682,0.3806105263157895,0.2632
2288,19,0,0.1506,0.046,0.0
2289,19,0,0.3619,0.11536315789473683,0.0
2290,19,0,0.3524,0.1160421052631579,0.0
2291,19,0,0.1478,0.04704210526315789,0.0
2292,19,0,0.2491,0.1241842105263158,0.0
2293,19,0,0.2973,0.13763157894736844,0.0
2294,19,0,0.3326,0.16073157894736842,0.0
2295,19,4,0.6784,0.3378210526315789,0.2105
2296,19,0,0.3432,0.11075263157894737,0.0
2297,19,0,0.3432,0.10896315789473685,0.0
2298,19,0,0.247,0.12621052631578947,0.0
2299,19,0,0.1478,0.0460578947368421,0.0
2300,19,0,0.1742,0.061884210526315785,0.0
2301,19,0,0.2496,0.12641052631578947,0.0
2302,19,0,0.2854,0.15117894736842105,0.0
2303,19,0,0.4256,0.10532631578947367,0.0
2304,19,0,0.3534,0.11108947368421053,0.0
2305,19,0,0.2679,0.14722105263157895,0.0
2306,19,0,0.4282,0.21755263157894736,0.0
2307,19,0,0.4354,0.1055578947368421,0.0
2308,19,0,0.2825,0.15066842105263156,0.0
2309,19,0,0.4321,0.10583684210526316,0.0
2310,19,0,0.2447,0.08074210526315789,0.0
2311,19,0,0.2295,0.0866421052631579,0.0
2312,19,0,0.2757,0.13677368421052633,0.0
2313,19,0,0.441,0.2465157894736842,0.0
2314,19,0,0.2388,0.07978421052631579,0.0
2315,19,0,0.3432,0.11004210526315789,0.0
2316,19,0,0.2885,0.15347894736842105,0.0
2317,19,0,0.3028,0.1449,0.0
2318,19,4,0.6648,0.33700526315789475,0.2105
2319,19,4,0.6656,0.33766842105263156,0.2105
2320,19,0,0.3452,0.10884210526315789,0.0
2321,19,0,0.2948,0.13687368421052631,0.0
2322,19,4,0.6222,0.3722263157894737,0.2105
2323,19,0,0.4192,0.21468947368421054,0.0
2324,19,0,0.4192,0.21496842105263161,0.0
2325,19,0,0.4361,0.2169,0.0
2326,19,0,0.4389,0.10918421052631579,0.0
2327,19,0,0.3452,0.10994210526315791,0.0
2328,19,0,0.2744,0.12288421052631579,0.0
2329,19,0,0.2295,0.09292631578947369,0.0
2330,19,0,0.3461,0.11236842105263156,0.0
2331,19,0,0.2422,0.07849473684210527,0.0
2332,19,0,0.2655,0.13263157894736843,0.0
2333,19,0,0.4103,0.21915263157894738,0.0
2334,19,0,0.2753,0.10167894736842105,0.0
2335,19,0,0.2973,0.13616842105263158,0.0
2336,19,4,0.6869,0.3394473684210526,0.2105
2337,19,0,0.2377,0.08023157894736842,0.0
2338,19,0,0.2377,0.0793842105263158,0.0
2339,19,0,0.2846,0.15622631578947369,0.0
2340,19,0,0.2501,0.12066842105263158,0.0
2341,19,4,0.6869,0.33918947368421054,0.2105
2342,19,0,0.1725,0.06132105263157895,0.0
2343,19,0,0.2273,0.11626315789473685,0.0
2344,19,0,0.3472,0.11585789473684209,0.0
2345,19,0,0.1396,0.05907894736842106,0.0
2346,19,0,0.1494,0.04401578947368421,0.0
2347,19,0,0.2295,0.0865,0.0
2348,19,0,0.1494,0.04401578947368421,0.0
2349,19,0,0.283,0.1354263157894737,0.0
2350,19,0,0.2447,0.08191052631578948,0.0
2351,19,0,0.4347,0.22336842105263158,0.0
2352,19,0,0.2321,0.08613157894736842,0.0
2353,19,0,0.4331,0.25312105263157897,0.0
2354,19,0,0.1726,0.06187368421052632,0.0
2355,19,0,0.2496,0.1153157894736842,0.0
2356,19,0,0.2943,0.13602105263157896,0.0
2357,19,0,0.3452,0.11053157894736841,0.0
2358,19,0,0.4321,0.10532105263157895,0.0
2359,19,0,0.3299,0.16682631578947368,0.0
2360,19,0,0.4354,0.1089157894736842,0.0
2361,19,0,0.4189,0.21196315789473685,0.0
2362,19,0,0.3452,0.11015263157894738,0.0
2363,19,0,0.2394,0.13846842105263157,0.0
2364,19,0,0.2891,0.12863157894736843,0.0
2365,19,0,0.4192,0.2138421052631579,0.0
2366,19,0,0.3503,0.11013684210526316,0.0
2367,19,0,0.2447,0.07815789473684209,0.0
2368,19,0,0.3452,0.10990526315789474,0.0
2369,19,0,0.259,0.12633157894736843,0.0
2370,19,0,0.3639,0.16338947368421053,0.0
2371,19,0,0.4321,0.10812105263157895,0.0
2372,19,0,0.4292,0.1055842105263158,0.0
2373,19,0,0.4267,0.1059,0.0
2374,19,0,0.1533,0.04665263157894737,0.0
2375,19,0,0.3481,0.10999999999999999,0.0
2376,19,0,0.4347,0.22634736842105263,0.0
2377,19,0,0.4901,0.2226421052631579,0.0
2378,19,0,0.4292,0.10716842105263158,0.0
2379,19,0,0.4331,0.2528736842105263,0.0
2380,19,0,0.4197,0.2139105263157895,0.0
2381,19,0,0.2295,0.0869421052631579,0.0
2382,19,0,0.2948,0.13694736842105262,0.0
2383,19,0,0.2344,0.1355578947368421,0.0
2384,19,0,0.1814,0.0629421052631579,0.0
2385,19,0,0.4103,0.20986315789473683,0.0
2386,19,0,0.4321,0.10972105263157894,0.0
2387,19,0,0.4282,0.22406842105263158,0.0
2388,19,0,0.2377,0.0793421052631579,0.0
2389,19,4,0.6656,0.3388736842105263,0.2105
2390,19,0,0.1533,0.046442105263157896,0.0
2391,19,0,0.2496,0.12283684210526315,0.0
2392,19,0,0.327,0.1584157894736842,0.0
2393,19,4,0.6222,0.37157368421052633,0.2105
2394,19,4,0.6707,0.33892105263157896,0.2105
2395,19,0,0.4138,0.21371578947368422,0.0
2396,19,0,0.3481,0.11065789473684211,0.0
2397,19,0,0.3574,0.11296315789473685,0.0
2398,19,0,0.2489,0.08048947368421053,0.0
2399,19,0,0.267,0.08206842105263158,0.0
2400,19,0,0.4433,0.2562263157894737,0.0
2401,19,5,0.6574,0.3588578947368421,0.2632
2402,19,0,0.2253,0.09473157894736843,0.0
2403,19,0,0.2818,0.09091052631578948,0.0
2404,19,1,0.5396,0.29224736842105264,0.0526
2405,19,2,0.6871,0.33348421052631577,0.1053
2406,19,5,0.6476,0.4108421052631579,0.2632
2407,19,5,0.7649,0.4261315789473685,0.2632
2408,19,3,0.5558,0.3465,0.1579
2409,19,3,0.5558,0.37586315789473684,0.1579
2410,19,2,0.6359,0.2386842105263158,0.1053
2411,19,1,0.5376,0.30109473684210525,0.0526
2412,19,0,0.2649,0.0876421052631579,0.0
2413,19,0,0.4852,0.18651578947368422,0.0
2414,19,0,0.4123,0.10814210526315789,0.0
2415,19,0,0.4145,0.21320526315789476,0.0
2416,19,0,0.2948,0.13678421052631579,0.0
2417,19,0,0.4145,0.21319999999999997,0.0
2418,19,4,0.6656,0.3387210526315789,0.2105
2419,19,0,0.4189,0.22337368421052634,0.0
2420,19,0,0.3836,0.13945263157894736,0.0
2421,19,0,0.1968,0.06411578947368421,0.0
2422,19,0,0.268,0.13533684210526317,0.0
2423,19,0,0.4933,0.22093157894736842,0.0
2424,19,4,0.6707,0.3387578947368421,0.2105
2425,19,0,0.2452,0.06019473684210526,0.0
2426,19,0,0.3432,0.11374736842105264,0.0
2427,19,0,0.1526,0.04596315789473684,0.0
2428,19,0,0.3551,0.1111263157894737,0.0
2429,19,0,0.259,0.12942631578947367,0.0
2430,19,0,0.259,0.1316578947368421,0.0
2431,19,0,0.1506,0.04640526315789474,0.0
2432,19,4,0.6848,0.3414421052631579,0.2105
2433,19,0,0.1528,0.059021052631578946,0.0
2434,19,0,0.2854,0.15299473684210527,0.0
2435,19,0,0.1553,0.06055263157894737,0.0
2436,19,0,0.1494,0.044610526315789475,0.0
2437,19,0,0.3498,0.11483157894736842,0.0
2438,19,0,0.2812,0.13676315789473684,0.0
2439,19,0,0.4248,0.24507894736842106,0.0
2440,19,0,0.4197,0.21142631578947368,0.0
2441,19,0,0.4325,0.24470526315789473,0.0
2442,19,0,0.4321,0.10655263157894736,0.0
2443,19,0,0.279,0.1361421052631579,0.0
2444,19,0,0.2757,0.1382157894736842,0.0
2445,19,0,0.4321,0.10633684210526316,0.0
2446,19,0,0.2679,0.15463157894736843,0.0
2447,19,0,0.1263,0.041605263157894735,0.0
2448,19,0,0.2854,0.1537157894736842,0.0
2449,19,0,0.3432,0.11273684210526315,0.0
2450,19,0,0.1263,0.04216842105263158,0.0
2451,19,0,0.2874,0.13743684210526316,0.0
2452,19,0,0.1494,0.0433578947368421,0.0
2453,19,0,0.2501,0.11948947368421053,0.0
2454,19,0,0.3461,0.11507894736842106,0.0
2455,19,0,0.4351,0.2116684210526316,0.0
2456,19,0,0.1649,0.06136842105263157,0.0
2457,19,0,0.2948,0.1359736842105263,0.0
2458,19,0,0.1385,0.04185263157894737,0.0
2459,19,0,0.2854,0.14956842105263157,0.0
2460,19,0,0.1477,0.042305263157894735,0.0
2461,19,0,0.1494,0.043652631578947367,0.0
2462,19,0,0.4197,0.10479473684210527,0.0
2463,19,0,0.1478,0.043742105263157895,0.0
2464,19,0,0.1721,0.061310526315789475,0.0
2465,19,0,0.4347,0.22684736842105266,0.0
2466,19,0,0.4361,0.22118421052631576,0.0
2467,19,0,0.4308,0.2323157894736842,0.0
2468,19,0,0.4835,0.22284736842105263,0.0
2469,19,0,0.2388,0.07890000000000001,0.0
2470,19,0,0.2948,0.13658947368421054,0.0
2471,19,0,0.2377,0.07946842105263158,0.0
2472,19,0,0.2885,0.15204736842105263,0.0
2473,19,0,0.2655,0.13320526315789474,0.0
2474,19,0,0.2496,0.1255736842105263,0.0
2475,19,0,0.259,0.1264473684210526,0.0
2476,19,0,0.2501,0.12431578947368421,0.0
2477,19,0,0.2347,0.08701052631578947,0.0
2478,19,0,0.3481,0.1129421052631579,0.0
2479,19,0,0.3355,0.16498947368421055,0.0
2480,19,0,0.4397,0.15652105263157895,0.0
2481,19,0,0.4914,0.2294157894736842,0.0
2482,19,0,0.3839,0.2310263157894737,0.0
2483,19,0,0.3316,0.20742105263157895,0.0
2484,19,13,0.9491,0.5338263157894737,0.6842
2485,19,1,0.5866,0.2609263157894737,0.0526
2486,19,1,0.5016,0.19347368421052633,0.0526
2487,19,13,0.8371,0.567778947368421,0.6842
2488,19,17,0.8151,0.6678210526315789,0.8947
2489,19,9,0.7108,0.45226315789473687,0.4737
2490,19,4,0.7543,0.3064368421052632,0.2105
2491,19,13,0.7361,0.5773,0.6842
2492,19,3,0.7009,0.32035263157894733,0.1579
2493,19,12,0.8586,0.5477368421052632,0.6316
2494,19,17,0.8243,0.6766421052631578,0.8947
2495,19,10,0.8966,0.4657210526315789,0.5263
2496,19,1,0.6763,0.2738842105263158,0.0526
2497,19,9,0.7121,0.4537052631578947,0.4737
2498,19,11,0.7225,0.508957894736842,0.5789
2499,19,4,0.6507,0.38396315789473684,0.2105
2500,19,7,0.7463,0.46683157894736843,0.3684
2501,19,0,0.4166,0.24318947368421054,0.0
2502,19,3,0.5409,0.4001578947368421,0.1579
2503,19,1,0.6949,0.2852421052631579,0.0526
2504,19,0,0.3922,0.24340526315789474,0.0
2505,19,3,0.6164,0.2658421052631579,0.1579
2506,19,1,0.5611,0.2601473684210526,0.0526
2507,19,8,0.6538,0.41692105263157897,0.4211
2508,19,19,0.876,0.7158842105263158,1.0
2509,19,4,0.6412,0.32186315789473685,0.2105
2510,19,13,0.9594,0.5493947368421054,0.6842
2511,19,15,0.9549,0.6356052631578947,0.7895
2512,19,12,0.9292,0.5334,0.6316
2513,19,2,0.6287,0.30675263157894733,0.1053
2514,19,12,0.7361,0.5148105263157895,0.6316
2515,19,5,0.6135,0.3395105263157895,0.2632
2516,19,5,0.605,0.32808947368421054,0.2632
2517,19,0,0.3842,0.23263684210526314,0.0
2518,19,1,0.5044,0.22757894736842105,0.0526
2519,19,1,0.5658,0.1769,0.0526
2520,19,17,0.8089,0.6627842105263158,0.8947
2521,19,6,0.8845,0.3655052631578947,0.3158
2522,19,6,0.6867,0.3887526315789474,0.3158
2523,19,13,0.9679,0.5732526315789473,0.6842
2524,19,9,0.7263,0.4532684210526316,0.4737
2525,19,2,0.818,0.3071842105263158,0.1053
2526,19,10,0.8381,0.47165789473684216,0.5263
2527,19,12,0.9076,0.5494736842105263,0.6316
2528,19,2,0.7609,0.39665263157894737,0.1053
2529,19,1,0.7168,0.3812263157894737,0.0526
2530,19,0,0.4446,0.24539473684210525,0.0
2531,19,0,0.4571,0.2598842105263158,0.0
2532,19,7,0.6584,0.39442105263157895,0.3684
2533,19,0,0.3633,0.21137894736842103,0.0
2534,19,1,0.5159,0.27833684210526316,0.0526
2535,19,6,0.708,0.3808157894736842,0.3158
2536,19,1,0.5902,0.2373473684210526,0.0526
2537,19,0,0.4448,0.3273421052631579,0.0
2538,19,0,0.4102,0.24157894736842103,0.0
2539,19,10,0.734,0.4693631578947368,0.5263
2540,19,13,0.9684,0.603221052631579,0.6842
2541,19,15,0.9448,0.6459368421052631,0.7895
2542,19,0,0.4186,0.22729473684210527,0.0
2543,19,5,0.7349,0.410321052631579,0.2632
2544,19,16,0.8673,0.6571368421052631,0.8421
2545,19,13,0.9076,0.578421052631579,0.6842
2546,19,0,0.3445,0.20782105263157893,0.0
2547,19,2,0.5358,0.26867368421052634,0.1053
2548,19,0,0.4839,0.32930000000000004,0.0
2549,19,0,0.3779,0.24293157894736844,0.0
2550,19,6,0.7028,0.3364105263157895,0.3158
2551,19,0,0.4109,0.23896315789473685,0.0
2552,19,13,0.9339,0.5727736842105263,0.6842
2553,19,7,0.5899,0.3526578947368421,0.3684
2554,19,9,0.6819,0.4460789473684211,0.4737
2555,19,1,0.7018,0.2671368421052631,0.0526
2556,19,10,0.6231,0.46574736842105263,0.5263
2557,19,14,0.8371,0.5762578947368421,0.7368
2558,19,11,0.6958,0.4986842105263158,0.5789
2559,19,0,0.4896,0.22804210526315788,0.0
2560,19,13,0.7998,0.571657894736842,0.6842
2561,19,0,0.4518,0.24659999999999999,0.0
2562,19,15,0.7998,0.5967052631578947,0.7895
2563,19,0,0.491,0.33196315789473685,0.0
2564,19,1,0.5647,0.2647526315789474,0.0526
2565,19,0,0.3879,0.21980526315789475,0.0
2566,19,0,0.4722,0.27102631578947367,0.0
2567,19,12,0.9369,0.5972947368421052,0.6316
2568,19,11,0.7985,0.5298052631578948,0.5789
2569,19,0,0.4797,0.36591052631578946,0.0
2570,19,0,0.4291,0.25692631578947367,0.0
2571,19,8,0.6377,0.36962105263157896,0.4211
2572,19,0,0.3285,0.20383684210526315,0.0
2573,19,8,0.71,0.3946421052631579,0.4211
2574,19,6,0.5373,0.44373157894736837,0.3158
2575,19,0,0.3867,0.2256157894736842,0.0
2576,19,3,0.7539,0.41171578947368426,0.1579
2577,19,0,0.4085,0.23655263157894738,0.0
2578,19,18,0.8723,0.6927105263157894,0.9474
2579,19,10,0.8779,0.43233684210526313,0.5263
2580,19,10,0.6724,0.4900473684210526,0.5263
2581,19,13,0.962,0.558378947368421,0.6842
2582,19,9,0.7101,0.4419157894736842,0.4737
2583,19,15,0.7164,0.5808526315789474,0.7895
2584,19,19,0.8124,0.6733894736842105,1.0
2585,19,17,0.8704,0.6870631578947368,0.8947
2586,19,15,0.8806,0.6832736842105264,0.7895
2587,19,13,0.9653,0.5753684210526316,0.6842
2588,19,13,0.9335,0.5772736842105263,0.6842
2589,19,10,0.6787,0.4613736842105263,0.5263
2590,19,0,0.4929,0.2279157894736842,0.0
2591,19,2,0.5357,0.21133684210526313,0.1053
2592,19,10,0.705,0.46806315789473685,0.5263
2593,19,7,0.6761,0.4636578947368421,0.3684
2594,19,1,0.6973,0.2922,0.0526
2595,19,12,0.8185,0.5443789473684211,0.6316
2596,19,18,0.8647,0.7043052631578948,0.9474
2597,19,11,0.7361,0.5044736842105263,0.5789
2598,19,11,0.6905,0.49411052631578944,0.5789
2599,19,14,0.6958,0.5435842105263158,0.7368
2600,19,15,0.7998,0.5769157894736842,0.7895
2601,19,17,0.9587,0.7215631578947368,0.8947
2602,19,12,0.8029,0.5405263157894736,0.6316
2603,19,14,0.8459,0.5761684210526316,0.7368
2604,19,13,0.9666,0.5811473684210526,0.6842
2605,19,14,0.7661,0.5654368421052631,0.7368
2606,19,14,0.7123,0.5793631578947368,0.7368
2607,19,11,0.7501,0.5222421052631578,0.5789
2608,19,8,0.6388,0.4293789473684211,0.4211
2609,19,18,0.8382,0.6989473684210527,0.9474
2610,19,14,0.9063,0.6177157894736842,0.7368
2611,19,13,0.7108,0.5617578947368421,0.6842
2612,19,9,0.6733,0.4301789473684211,0.4737
2613,19,10,0.7508,0.4654578947368421,0.5263
2614,19,8,0.9607,0.4854894736842105,0.4211
2615,19,13,0.9339,0.5990368421052632,0.6842
2616,19,7,0.6835,0.35489473684210526,0.3684
2617,19,2,0.5158,0.38261052631578946,0.1053
2618,19,0,0.4585,0.22404736842105263,0.0
2619,19,19,0.8844,0.7866894736842105,1.0
2620,19,14,0.9063,0.6210631578947369,0.7368
2621,19,17,0.822,0.6221631578947369,0.8947
2622,19,12,0.6268,0.512521052631579,0.6316
2623,19,18,0.8259,0.7004947368421053,0.9474
2624,19,18,0.9587,0.7379526315789474,0.9474
2625,19,16,0.8399,0.6532263157894738,0.8421
2626,19,19,0.8844,0.7788421052631579,1.0
2627,19,13,0.9339,0.5893578947368422,0.6842
2628,19,10,0.8845,0.48540526315789473,0.5263
2629,19,19,0.8844,0.7844894736842105,1.0
2630,19,16,0.7508,0.5843947368421053,0.8421
2631,19,12,0.9671,0.5470421052631579,0.6316
2632,19,13,0.8459,0.548257894736842,0.6842
2633,19,14,0.8362,0.5615368421052631,0.7368
2634,19,12,0.8308,0.5501473684210526,0.6316
2635,19,14,0.6958,0.540657894736842,0.7368
2636,19,0,0.3897,0.2486421052631579,0.0
2637,19,1,0.5974,0.2930684210526316,0.0526
2638,19,13,0.7985,0.5729105263157895,0.6842
2639,19,10,0.6746,0.45011578947368425,0.5263
2640,19,1,0.5117,0.25334736842105265,0.0526
2641,19,5,0.649,0.31241052631578947,0.2632
2642,19,15,0.7998,0.5716526315789473,0.7895
2643,19,10,0.7965,0.4808631578947368,0.5263
2644,19,7,0.5579,0.2988842105263158,0.3684
2645,19,12,0.7654,0.5650421052631579,0.6316
2646,19,6,0.7561,0.38873157894736843,0.3158
2647,19,11,0.9467,0.5731526315789474,0.5789
2648,19,3,0.6066,0.29793684210526317,0.1579
2649,19,9,0.6601,0.4358842105263158,0.4737
2650,19,11,0.6889,0.503778947368421,0.5789
2651,19,7,0.7688,0.47327368421052635,0.3684
2652,19,13,0.9068,0.6055263157894737,0.6842
2653,19,13,0.9674,0.5353315789473685,0.6842
2654,19,9,0.9679,0.4835578947368421,0.4737
2655,19,15,0.8131,0.596478947368421,0.7895
2656,19,13,0.9675,0.616621052631579,0.6842
2657,19,16,0.7508,0.5799,0.8421
2658,19,17,0.9549,0.6879473684210526,0.8947
2659,19,19,0.8589,0.7248,1.0
2660,19,18,0.9587,0.7442684210526316,0.9474
2661,19,15,0.7108,0.5806684210526316,0.7895
2662,19,0,0.4189,0.24264210526315788,0.0
2663,19,14,0.6958,0.5580999999999999,0.7368
2664,19,13,0.9339,0.5640052631578948,0.6842
2665,19,16,0.7183,0.598321052631579,0.8421
2666,19,5,0.806,0.47302631578947374,0.2632
2667,19,11,0.7351,0.46600526315789476,0.5789
2668,19,4,0.6829,0.3735157894736842,0.2105
2669,19,12,0.8303,0.5706052631578947,0.6316
2670,19,11,0.7626,0.5063421052631579,0.5789
2671,19,12,0.8467,0.5680315789473684,0.6316
2672,19,13,0.9237,0.5517105263157894,0.6842
2673,19,12,0.7168,0.5352052631578947,0.6316
2674,19,9,0.7168,0.4784210526315789,0.4737
2675,19,13,0.9234,0.5941105263157894,0.6842
2676,19,10,0.8514,0.5504947368421053,0.5263
2677,19,12,0.6897,0.5225947368421052,0.6316
2678,19,15,0.7936,0.5953421052631578,0.7895
2679,19,15,0.7321,0.6001315789473685,0.7895
2680,19,13,0.7163,0.5668105263157894,0.6842
2681,19,8,0.7521,0.41907894736842105,0.4211
2682,19,11,0.8472,0.5332157894736842,0.5789
2683,19,10,0.8126,0.5222421052631578,0.5263
2684,19,12,0.7168,0.5333157894736842,0.6316
2685,19,11,0.7671,0.5156315789473684,0.5789
2686,19,13,0.9613,0.5583473684210526,0.6842
2687,19,14,0.8974,0.6292578947368421,0.7368
2688,19,13,0.9603,0.6092684210526316,0.6842
2689,19,15,0.7689,0.5996736842105264,0.7895
2690,19,14,0.9005,0.6155578947368422,0.7368
2691,19,11,0.7676,0.4962,0.5789
2692,19,4,0.6735,0.31331052631578943,0.2105
2693,19,13,0.9234,0.5662157894736841,0.6842
2694,19,10,0.9225,0.47424736842105264,0.5263
2695,19,4,0.6128,0.30772105263157895,0.2105
2696,19,0,0.4747,0.2248315789473684,0.0
2697,19,0,0.3458,0.21046315789473685,0.0
2698,19,1,0.5029,0.28367894736842103,0.0526
2699,19,1,0.5079,0.16523684210526315,0.0526
2700,19,0,0.4504,0.22584210526315793,0.0
2701,19,1,0.5063,0.21689473684210525,0.0526
2702,19,0,0.3831,0.2100578947368421,0.0
2703,19,0,0.4167,0.22717894736842104,0.0
2704,19,0,0.3457,0.20880526315789472,0.0
2705,19,0,0.3423,0.2059421052631579,0.0
2706,19,0,0.2583,0.14559473684210525,0.0
2707,19,0,0.395,0.21876842105263158,0.0
2708,19,0,0.4393,0.22569473684210525,0.0
2709,19,0,0.3423,0.20684736842105264,0.0
2710,19,0,0.3423,0.20690526315789473,0.0
2711,19,1,0.5046,0.2830157894736842,0.0526
2712,19,0,0.4666,0.2511947368421053,0.0
2713,19,0,0.4405,0.22831578947368422,0.0
2714,19,0,0.3796,0.21746315789473686,0.0
2715,19,0,0.3824,0.21092631578947368,0.0
2716,19,0,0.471,0.26599473684210523,0.0
2717,19,12,0.7924,0.531478947368421,0.6316
2718,19,10,0.9225,0.4506631578947368,0.5263
2719,19,13,0.9239,0.5420368421052632,0.6842
2720,19,1,0.6526,0.2429473684210526,0.0526
2721,19,13,0.9603,0.5533736842105262,0.6842
2722,19,13,0.7842,0.5688473684210527,0.6842
2723,19,15,0.7331,0.6057368421052631,0.7895
2724,19,19,0.9086,0.7435526315789474,1.0
2725,19,19,0.8543,0.7577473684210526,1.0
2726,19,17,0.9257,0.7172263157894737,0.8947
2727,19,7,0.8134,0.4090684210526316,0.3684
2728,19,13,0.9005,0.5935526315789473,0.6842
2729,19,7,0.6595,0.4287263157894737,0.3684
2730,19,14,0.8472,0.5804526315789474,0.7368
2731,19,3,0.6542,0.2961526315789474,0.1579
2732,19,12,0.8062,0.5041894736842105,0.6316
2733,19,15,0.7321,0.5959315789473684,0.7895
2734,19,0,0.2936,0.1664578947368421,0.0
2735,19,5,0.6454,0.3612263157894737,0.2632
2736,19,13,0.9603,0.5659368421052632,0.6842
2737,19,1,0.5367,0.23328421052631582,0.0526
2738,19,1,0.5886,0.2926315789473684,0.0526
2739,19,2,0.6898,0.28847894736842106,0.1053
2740,19,13,0.9607,0.5572263157894737,0.6842
2741,19,3,0.658,0.2726368421052632,0.1579
2742,19,0,0.4164,0.16204736842105263,0.0
2743,19,5,0.7432,0.43934736842105265,0.2632
2744,19,11,0.7647,0.49761052631578945,0.5789
2745,19,13,0.9608,0.5478157894736843,0.6842
2746,19,2,0.6138,0.27548947368421056,0.1053
2747,19,10,0.8296,0.4870421052631579,0.5263
2748,19,19,0.9109,0.7407,1.0
2749,19,6,0.7116,0.37407368421052634,0.3158
2750,19,14,0.7168,0.5693947368421053,0.7368
2751,19,13,0.9225,0.5621105263157894,0.6842
2752,19,10,0.9233,0.4843421052631579,0.5263
2753,19,10,0.9335,0.45111052631578946,0.5263
2754,19,11,0.778,0.5143473684210527,0.5789
2755,19,17,0.8733,0.7271,0.8947
2756,19,15,0.8472,0.6172789473684211,0.7895
2757,19,9,0.679,0.44684210526315793,0.4737
2758,19,13,0.9302,0.5954578947368422,0.6842
2759,19,11,0.8293,0.49778947368421056,0.5789
2760,19,17,0.8547,0.7069,0.8947
2761,19,7,0.6574,0.36146842105263155,0.3684
2762,19,2,0.5364,0.22048421052631575,0.1053
2763,19,10,0.6939,0.5151526315789474,0.5263
2764,19,12,0.7887,0.5389052631578948,0.6316
2765,19,12,0.7689,0.5468631578947368,0.6316
2766,19,4,0.7011,0.33916315789473683,0.2105
2767,19,14,0.6659,0.5280578947368421,0.7368
2768,19,13,0.9479,0.6160736842105262,0.6842
2769,19,11,0.6897,0.5148631578947368,0.5789
2770,19,13,0.8472,0.5813,0.6842
2771,19,10,0.6611,0.4606157894736842,0.5263
2772,19,7,0.6327,0.34226842105263156,0.3684
2773,19,5,0.7244,0.35863684210526314,0.2632
2774,19,12,0.9487,0.5723105263157895,0.6316
2775,19,15,0.8514,0.596478947368421,0.7895
2776,19,13,0.9607,0.5844105263157895,0.6842
2777,19,13,0.7168,0.5479473684210526,0.6842
2778,19,13,0.9225,0.5648315789473685,0.6842
2779,19,7,0.6859,0.36393157894736844,0.3684
2780,19,13,0.8472,0.567,0.6842
2781,19,10,0.5925,0.47889473684210526,0.5263
2782,19,11,0.7921,0.47445263157894735,0.5789
2783,19,13,0.7842,0.5490315789473684,0.6842
2784,19,17,0.8194,0.6564578947368421,0.8947
2785,19,2,0.6008,0.21044736842105263,0.1053
2786,19,12,0.8472,0.5718947368421052,0.6316
2787,19,7,0.7076,0.45719473684210526,0.3684
2788,19,19,0.8543,0.7545578947368421,1.0
2789,19,8,0.762,0.5077736842105264,0.4211
2790,19,7,0.6943,0.40179473684210526,0.3684
2791,19,12,0.7168,0.5259684210526315,0.6316
2792,19,13,0.9592,0.5959105263157894,0.6842
2793,19,19,0.9088,0.7473684210526316,1.0
2794,19,11,0.7796,0.5370315789473684,0.5789
2795,19,4,0.7102,0.32180000000000003,0.2105
2796,19,1,0.5306,0.19196315789473684,0.0526
2797,19,11,0.7011,0.5097842105263158,0.5789
2798,19,9,0.6659,0.3998315789473684,0.4737
2799,19,12,0.7242,0.5411736842105263,0.6316
2800,19,14,0.6659,0.5229157894736842,0.7368
2801,19,12,0.7796,0.5486052631578948,0.6316
2802,19,5,0.6659,0.3408421052631579,0.2632
2803,19,12,0.9608,0.5772105263157895,0.6316
2804,19,1,0.5009,0.17467894736842107,0.0526
2805,19,5,0.7116,0.3468473684210526,0.2632
2806,19,1,0.5334,0.16696315789473684,0.0526
2807,19,2,0.6221,0.26948947368421056,0.1053
2808,19,6,0.7178,0.39248947368421055,0.3158
2809,19,5,0.6359,0.37636315789473684,0.2632
2810,19,6,0.5796,0.33562631578947366,0.3158
2811,19,5,0.6164,0.35407894736842105,0.2632
2812,19,17,0.7495,0.6285315789473684,0.8947
2813,19,17,0.7566,0.6355368421052632,0.8947
2814,19,0,0.4723,0.19374210526315788,0.0
2815,19,10,0.7512,0.4786421052631579,0.5263
2816,19,16,0.7471,0.5915263157894737,0.8421
2817,19,10,0.6784,0.5015736842105263,0.5263
2818,19,11,0.7521,0.46678947368421053,0.5789
2819,19,11,0.6322,0.5021,0.5789
2820,19,12,0.7512,0.48031052631578947,0.6316
2821,19,9,0.7636,0.4385684210526316,0.4737
2822,19,9,0.7636,0.47128421052631575,0.4737
2823,19,4,0.6938,0.3339052631578947,0.2105
2824,19,17,0.7398,0.6091368421052631,0.8947
2825,19,7,0.6831,0.35108421052631583,0.3684
2826,19,16,0.8068,0.6337,0.8421
2827,19,4,0.581,0.39476315789473687,0.2105
2828,19,6,0.6559,0.3566578947368421,0.3158
2829,19,9,0.7416,0.49172631578947373,0.4737
2830,19,18,0.7594,0.6614315789473684,0.9474
2831,19,13,0.7219,0.5617736842105263,0.6842
2832,19,10,0.616,0.48514736842105266,0.5263
2833,19,10,0.6651,0.4965052631578947,0.5263
2834,19,3,0.5822,0.29247368421052633,0.1579
2835,19,1,0.5345,0.21606315789473685,0.0526
2836,19,1,0.5278,0.2277157894736842,0.0526
2837,19,14,0.7062,0.5592368421052631,0.7368
2838,19,0,0.3914,0.17755263157894738,0.0
2839,19,10,0.8068,0.48862631578947363,0.5263
2840,19,9,0.7636,0.45686315789473686,0.4737
2841,19,10,0.6448,0.4897947368421053,0.5263
2842,19,17,0.707,0.6020157894736842,0.8947
2843,19,7,0.5898,0.4114894736842105,0.3684
2844,19,8,0.6068,0.42699473684210526,0.4211
2845,19,15,0.7091,0.5676947368421053,0.7895
2846,19,2,0.5307,0.24792105263157893,0.1053
2847,19,9,0.616,0.47442631578947364,0.4737
2848,19,7,0.616,0.43548947368421054,0.3684
2849,19,7,0.6651,0.4691421052631579,0.3684
2850,19,8,0.616,0.44101578947368425,0.4211
2851,19,10,0.7306,0.4767473684210526,0.5263
2852,19,2,0.718,0.2765736842105263,0.1053
2853,19,4,0.6651,0.33737894736842106,0.2105
2854,19,10,0.7897,0.4628052631578948,0.5263
2855,19,0,0.407,0.2172842105263158,0.0
2856,19,5,0.616,0.32644210526315787,0.2632
2857,19,1,0.7306,0.2616842105263158,0.0526
2858,19,3,0.6852,0.3669631578947368,0.1579
2859,19,9,0.7081,0.5011263157894736,0.4737
2860,19,2,0.6643,0.2877578947368421,0.1053
2861,19,4,0.6903,0.38100526315789474,0.2105
2862,19,3,0.7426,0.29265263157894733,0.1579
2863,19,10,0.616,0.48251052631578945,0.5263
2864,19,2,0.7306,0.2745736842105263,0.1053
2865,19,8,0.7925,0.4371684210526316,0.4211
2866,19,8,0.6448,0.44448421052631576,0.4211
2867,19,2,0.5619,0.2650315789473684,0.1053
2868,19,10,0.6651,0.4779947368421052,0.5263
2869,19,11,0.7636,0.4497315789473684,0.5789
2870,19,3,0.6852,0.3909,0.1579
2871,19,0,0.4316,0.2272157894736842,0.0
2872,19,4,0.6032,0.3517578947368421,0.2105
2873,19,5,0.6352,0.35647894736842106,0.2632
2874,19,3,0.5677,0.30630526315789475,0.1579
2875,19,0,0.4767,0.23383157894736842,0.0
2876,19,0,0.4022,0.28725263157894737,0.0
2877,19,1,0.507,0.23849999999999996,0.0526
2878,19,0,0.4569,0.22510526315789475,0.0
2879,19,0,0.3037,0.16011052631578948,0.0
2880,19,0,0.3498,0.20217894736842107,0.0
2881,19,0,0.3498,0.20139473684210527,0.0
2882,19,0,0.3607,0.21910526315789475,0.0
2883,19,0,0.2681,0.14322105263157894,0.0
2884,19,0,0.4416,0.28643684210526316,0.0
2885,19,0,0.3702,0.17500526315789475,0.0
2886,19,0,0.2698,0.1472,0.0
2887,19,0,0.3311,0.1966,0.0
2888,19,8,0.6711,0.4376052631578948,0.4211
2889,19,0,0.4469,0.25058947368421053,0.0
2890,19,6,0.649,0.3988473684210526,0.3158
2891,19,9,0.6351,0.44882631578947363,0.4737
2892,19,10,0.65,0.4938947368421053,0.5263
2893,19,9,0.6643,0.44692631578947367,0.4737
2894,19,9,0.7504,0.4859105263157895,0.4737
2895,19,11,0.7512,0.4439421052631579,0.5789
2896,19,1,0.64,0.3415157894736842,0.0526
2897,19,1,0.5083,0.24554736842105263,0.0526
2898,19,11,0.7929,0.44898421052631576,0.5789
2899,19,2,0.5154,0.3020263157894737,0.1053
2900,19,11,0.6251,0.4624368421052632,0.5789
2901,19,17,0.7479,0.6296315789473684,0.8947
2902,19,1,0.524,0.252021052631579,0.0526
2903,19,9,0.616,0.43360000000000004,0.4737
2904,19,10,0.7937,0.4545,0.5263
2905,19,14,0.8004,0.5464842105263158,0.7368
2906,19,6,0.616,0.3984315789473684,0.3158
2907,19,9,0.7306,0.4297578947368421,0.4737
2908,19,8,0.7486,0.42100526315789477,0.4211
2909,19,1,0.6194,0.23352631578947367,0.0526
2910,19,0,0.4782,0.1905,0.0
2911,19,10,0.718,0.4581052631578948,0.5263
2912,19,2,0.5707,0.2701631578947368,0.1053
2913,19,11,0.6251,0.5026736842105263,0.5789
2914,19,5,0.5858,0.39766315789473683,0.2632
2915,19,3,0.6796,0.28733684210526317,0.1579
2916,19,13,0.7511,0.5260263157894737,0.6842
2917,19,9,0.723,0.3819947368421053,0.4737
2918,19,8,0.6068,0.4549157894736842,0.4211
2919,19,1,0.6197,0.32892105263157895,0.0526
2920,19,9,0.7477,0.46607894736842104,0.4737
2921,19,8,0.6435,0.41563684210526314,0.4211
2922,19,5,0.6589,0.4175052631578947,0.2632
2923,19,6,0.5884,0.35413684210526314,0.3158
2924,19,6,0.5734,0.37482105263157894,0.3158
2925,19,13,0.7836,0.5378052631578947,0.6842
2926,19,4,0.774,0.2748736842105263,0.2105
2927,19,2,0.6751,0.36557894736842106,0.1053
2928,19,9,0.7193,0.3752473684210526,0.4737
2929,19,11,0.7925,0.4697842105263158,0.5789
2930,19,1,0.5103,0.2593684210526316,0.0526
2931,19,1,0.5257,0.2381842105263158,0.0526
2932,19,13,0.7207,0.4971842105263158,0.6842
2933,19,8,0.7428,0.45798947368421056,0.4211
2934,19,0,0.4079,0.31100526315789473,0.0
2935,19,6,0.6539,0.40112105263157893,0.3158
2936,19,5,0.7144,0.3303105263157895,0.2632
2937,19,0,0.3906,0.26790526315789476,0.0
2938,19,9,0.6079,0.46901052631578954,0.4737
2939,19,3,0.5144,0.30859473684210526,0.1579
2940,19,5,0.5376,0.3923157894736842,0.2632
2941,19,0,0.4243,0.33286842105263154,0.0
2942,19,6,0.6714,0.3605526315789474,0.3158
2943,19,0,0.3838,0.1485157894736842,0.0
2944,19,5,0.6523,0.34770526315789474,0.2632
2945,19,0,0.4204,0.3074368421052631,0.0
2946,19,0,0.4258,0.12493684210526317,0.0
2947,19,4,0.5222,0.36505263157894735,0.2105
2948,19,4,0.6133,0.2529736842105263,0.2105
2949,19,8,0.7688,0.4482842105263158,0.4211
2950,19,3,0.5228,0.30057894736842106,0.1579
2951,19,10,0.6431,0.4409789473684211,0.5263
2952,19,13,0.794,0.5324315789473684,0.6842
2953,19,2,0.5526,0.2534526315789474,0.1053
2954,19,0,0.4256,0.12727894736842105,0.0
2955,19,1,0.5134,0.27353684210526313,0.0526
2956,19,1,0.5127,0.25705263157894737,0.0526
2957,19,0,0.311,0.08535263157894737,0.0
2958,19,0,0.3639,0.16126315789473686,0.0
2959,19,0,0.487,0.18548947368421054,0.0
2960,19,0,0.1721,0.06326842105263157,0.0
2961,19,0,0.4239,0.2519842105263158,0.0
2962,19,0,0.3534,0.1193578947368421,0.0
2963,19,0,0.4842,0.1301578947368421,0.0
2964,19,13,0.8295,0.5516736842105263,0.6842
2965,19,2,0.5653,0.273378947368421,0.1053
2966,19,9,0.7674,0.4891684210526316,0.4737
2967,19,1,0.5525,0.2601894736842105,0.0526
2968,19,0,0.2649,0.09356842105263158,0.0
2969,19,8,0.7674,0.48609473684210525,0.4211
2970,19,11,0.68,0.49380000000000007,0.5789
2971,19,8,0.5491,0.42120526315789475,0.4211
2972,19,6,0.7178,0.37553684210526317,0.3158
2973,19,9,0.8014,0.4980631578947369,0.4737
2974,19,6,0.7082,0.3900157894736842,0.3158
2975,19,4,0.7104,0.3576684210526316,0.2105
2976,19,0,0.4017,0.13041052631578948,0.0
2977,19,0,0.3595,0.2016,0.0
2978,19,0,0.4404,0.10631052631578947,0.0
2979,19,0,0.2885,0.17012105263157895,0.0
2980,19,0,0.3002,0.16619473684210528,0.0
2981,19,0,0.2486,0.12198421052631578,0.0
2982,19,0,0.4425,0.2095578947368421,0.0
2983,19,0,0.435,0.18464210526315789,0.0
2984,19,0,0.4335,0.13643157894736843,0.0
2985,19,3,0.6624,0.3294263157894737,0.1579
2986,19,4,0.6337,0.2824315789473684,0.2105
2987,19,6,0.7178,0.38252631578947366,0.3158
2988,19,2,0.6141,0.2836526315789474,0.1053
2989,19,6,0.7086,0.40243684210526315,0.3158
2990,19,15,0.6804,0.5450421052631579,0.7895
2991,19,13,0.8303,0.5654157894736842,0.6842
2992,19,3,0.5558,0.3605842105263158,0.1579
2993,19,1,0.5089,0.1585578947368421,0.0526
2994,19,0,0.4399,0.14203684210526316,0.0
2995,19,7,0.5701,0.4110157894736842,0.3684
2996,19,6,0.7178,0.38020526315789477,0.3158
2997,19,0,0.2937,0.1661842105263158,0.0
2998,19,0,0.433,0.14155263157894737,0.0
2999,19,5,0.6365,0.30269473684210524,0.2632
3000,19,5,0.7178,0.3822263157894737,0.2632
3001,19,0,0.3075,0.11303684210526316,0.0
3002,19,6,0.5636,0.4350157894736842,0.3158
3003,19,15,0.7353,0.5467157894736843,0.7895
3004,19,0,0.4935,0.18542105263157896,0.0
3005,19,12,0.8216,0.5548526315789474,0.6316
3006,19,5,0.574,0.4153052631578948,0.2632
3007,19,12,0.8229,0.5428526315789474,0.6316
3008,19,6,0.7086,0.38864736842105263,0.3158
3009,19,4,0.574,0.34985263157894736,0.2105
3010,19,2,0.6279,0.3219842105263158,0.1053
3011,19,6,0.7178,0.38727894736842106,0.3158
3012,19,9,0.7137,0.4264052631578947,0.4737
3013,19,1,0.5521,0.2821842105263158,0.0526
3014,19,2,0.6226,0.29917894736842104,0.1053
3015,19,0,0.2791,0.1492,0.0
3016,19,2,0.5847,0.16167368421052633,0.1053
3017,19,7,0.5472,0.4056842105263158,0.3684
3018,19,0,0.4335,0.1168157894736842,0.0
3019,19,0,0.3274,0.1907263157894737,0.0
3020,19,0,0.4105,0.10208947368421052,0.0
3021,19,0,0.4682,0.2229315789473684,0.0
3022,19,4,0.6648,0.3456052631578947,0.2105
3023,19,1,0.5028,0.2897157894736842,0.0526
3024,19,0,0.3079,0.0711421052631579,0.0
3025,19,5,0.7082,0.36703157894736843,0.2632
3026,19,0,0.4035,0.2968263157894737,0.0
3027,19,5,0.7178,0.38008947368421053,0.2632
3028,19,4,0.6714,0.3043105263157895,0.2105
3029,19,10,0.733,0.46149473684210524,0.5263
3030,19,1,0.5525,0.29247368421052633,0.0526
3031,19,7,0.5503,0.4168421052631579,0.3684
3032,19,7,0.5472,0.40592105263157896,0.3684
3033,19,1,0.5525,0.32717894736842107,0.0526
3034,19,0,0.3834,0.25544210526315786,0.0
3035,19,5,0.574,0.39875263157894736,0.2632
3036,19,0,0.4159,0.2643526315789474,0.0
3037,19,0,0.3386,0.10518947368421053,0.0
3038,19,4,0.6799,0.34900000000000003,0.2105
3039,19,0,0.3394,0.1249736842105263,0.0
3040,19,0,0.496,0.26308947368421054,0.0
3041,19,0,0.4335,0.14721052631578946,0.0
3042,19,0,0.4849,0.19592105263157897,0.0
3043,19,1,0.5222,0.28202105263157895,0.0526
3044,19,0,0.4706,0.21520526315789473,0.0
3045,19,0,0.3452,0.12839473684210526,0.0
3046,19,0,0.3106,0.1422578947368421,0.0
3047,19,0,0.2078,0.07034736842105263,0.0
3048,19,5,0.6527,0.3155842105263158,0.2632
3049,19,5,0.574,0.4037157894736842,0.2632
3050,19,0,0.3576,0.14457894736842106,0.0
3051,19,1,0.5376,0.27528421052631574,0.0526
3052,19,18,0.8112,0.6749421052631579,0.9474
3053,19,2,0.5927,0.24946315789473683,0.1053
3054,19,3,0.5733,0.23149473684210525,0.1579
3055,19,8,0.9266,0.4078842105263158,0.4211
3056,19,0,0.4287,0.30136842105263156,0.0
3057,19,11,0.7647,0.5422052631578947,0.5789
3058,19,1,0.5512,0.23726842105263157,0.0526
3059,19,2,0.6474,0.26542105263157895,0.1053
3060,19,4,0.7504,0.3265789473684211,0.2105
3061,19,2,0.5756,0.26096842105263157,0.1053
3062,19,6,0.6509,0.3511578947368421,0.3158
3063,19,2,0.5702,0.23303157894736842,0.1053
3064,19,2,0.6204,0.29145263157894735,0.1053
3065,19,11,0.7634,0.5071842105263158,0.5789
3066,19,7,0.6388,0.4211157894736843,0.3684
3067,19,6,0.6246,0.35295263157894735,0.3158
3068,19,1,0.5529,0.2313736842105263,0.0526
3069,19,11,0.7427,0.5242315789473684,0.5789
3070,19,1,0.5566,0.30759473684210525,0.0526
3071,19,12,0.6627,0.5289052631578947,0.6316
3072,19,11,0.8288,0.49002631578947364,0.5789
3073,19,15,0.6943,0.5641105263157895,0.7895
3074,19,12,0.9407,0.5507684210526316,0.6316
3075,19,11,0.8505,0.42847368421052634,0.5789
3076,19,18,0.8507,0.6837631578947369,0.9474
3077,19,9,0.7632,0.4238368421052631,0.4737
3078,19,14,0.8719,0.5869105263157895,0.7368
3079,19,13,0.8749,0.5767842105263158,0.6842
3080,19,6,0.6517,0.30732105263157894,0.3158
3081,19,11,0.8615,0.523421052631579,0.5789
3082,19,1,0.6964,0.2915315789473684,0.0526
3083,19,0,0.3921,0.2361526315789474,0.0
3084,19,0,0.4898,0.26467894736842107,0.0
3085,19,1,0.5028,0.24424736842105263,0.0526
3086,19,17,0.8009,0.6558947368421052,0.8947
3087,19,4,0.6937,0.29143157894736843,0.2105
3088,19,8,0.7436,0.38584736842105266,0.4211
3089,19,3,0.5742,0.25915789473684214,0.1579
3090,19,1,0.6781,0.28283157894736843,0.0526
3091,19,11,0.8735,0.5244578947368421,0.5789
3092,19,15,0.8889,0.6065947368421053,0.7895
3093,19,12,0.9404,0.5646263157894736,0.6316
3094,19,12,0.7444,0.48377368421052636,0.6316
3095,19,15,0.718,0.5870000000000001,0.7895
3096,19,10,0.6225,0.4147842105263158,0.5263
3097,19,0,0.4822,0.25465263157894735,0.0
3098,19,0,0.4921,0.3235263157894737,0.0
3099,19,8,0.584,0.35297368421052633,0.4211
3100,19,12,0.9286,0.546121052631579,0.6316
3101,19,11,0.9412,0.5233736842105263,0.5789
3102,19,12,0.7929,0.5226631578947368,0.6316
3103,19,12,0.8947,0.5451263157894737,0.6316
3104,19,14,0.6993,0.5380578947368422,0.7368
3105,19,11,0.7647,0.5249684210526316,0.5789
3106,19,18,0.8255,0.6907578947368421,0.9474
3107,19,0,0.4605,0.23212105263157898,0.0
3108,19,10,0.6642,0.45006315789473683,0.5263
3109,19,11,0.8939,0.44326315789473686,0.5789
3110,19,0,0.2962,0.17017894736842107,0.0
3111,19,3,0.5787,0.2646842105263158,0.1579
3112,19,2,0.6093,0.316078947368421,0.1053
3113,19,7,0.7682,0.3795368421052632,0.3684
3114,19,11,0.8745,0.5020210526315789,0.5789
3115,19,9,0.6993,0.45909999999999995,0.4737
3116,19,3,0.5784,0.31590526315789474,0.1579
3117,19,0,0.44,0.3076157894736842,0.0
3118,19,6,0.7384,0.3960421052631579,0.3158
3119,19,12,0.8112,0.5055052631578947,0.6316
3120,19,12,0.8952,0.5299736842105263,0.6316
3121,19,10,0.7524,0.4575736842105263,0.5263
3122,19,10,0.7929,0.4642368421052632,0.5263
3123,19,9,0.7308,0.4803421052631579,0.4737
3124,19,10,0.584,0.47608421052631583,0.5263
3125,19,12,0.9415,0.6002210526315789,0.6316
3126,19,8,0.7065,0.4808473684210527,0.4211
3127,19,10,0.8215,0.5156578947368421,0.5263
3128,19,15,0.7828,0.6266789473684211,0.7895
3129,19,0,0.4184,0.1745421052631579,0.0
3130,19,7,0.6221,0.3897315789473684,0.3684
3131,19,0,0.3601,0.22094210526315788,0.0
3132,19,0,0.3954,0.22926842105263157,0.0
3133,19,0,0.4051,0.22654736842105264,0.0
3134,19,11,0.746,0.5398315789473684,0.5789
3135,19,3,0.7095,0.29826842105263157,0.1579
3136,19,0,0.4764,0.2541473684210526,0.0
3137,19,7,0.6831,0.40506315789473685,0.3684
3138,19,11,0.8737,0.4800947368421053,0.5789
3139,19,5,0.7552,0.3746,0.2632
3140,19,12,0.7827,0.5381473684210526,0.6316
3141,19,13,0.7799,0.6062789473684211,0.6842
3142,19,10,0.6954,0.4981368421052632,0.5263
3143,19,2,0.7021,0.29072631578947367,0.1053
3144,19,11,0.7567,0.4838631578947369,0.5789
3145,19,0,0.4985,0.2746842105263158,0.0
3146,19,11,0.7647,0.5125000000000001,0.5789
3147,19,10,0.7371,0.45993684210526314,0.5263
3148,19,7,0.7298,0.3745842105263158,0.3684
3149,19,11,0.7567,0.4805157894736842,0.5789
3150,19,9,0.6352,0.4921052631578947,0.4737
3151,19,14,0.6993,0.5364210526315789,0.7368
3152,19,10,0.6529,0.46952105263157895,0.5263
3153,19,0,0.4477,0.3526947368421053,0.0
3154,19,15,0.7267,0.5834421052631579,0.7895
3155,19,11,0.7634,0.46648947368421056,0.5789
3156,19,2,0.6418,0.29539473684210527,0.1053
3157,19,2,0.5694,0.24564736842105264,0.1053
3158,19,0,0.4747,0.2425421052631579,0.0
3159,19,5,0.7632,0.3381736842105263,0.2632
3160,19,0,0.4735,0.18365263157894737,0.0
3161,19,1,0.6944,0.2612473684210526,0.0526
3162,19,10,0.8312,0.5091315789473685,0.5263
3163,19,8,0.6954,0.4535578947368421,0.4211
3164,19,0,0.3025,0.17214736842105263,0.0
3165,19,3,0.5921,0.28144210526315794,0.1579
3166,19,6,0.8004,0.3694368421052632,0.3158
3167,19,0,0.3741,0.21793157894736842,0.0
3168,19,4,0.5838,0.2736315789473684,0.2105
3169,19,8,0.7368,0.38910526315789473,0.4211
3170,19,2,0.6185,0.2892578947368421,0.1053
3171,19,1,0.5045,0.22714736842105265,0.0526
3172,19,5,0.8785,0.32667894736842107,0.2632
3173,19,2,0.7142,0.29792631578947365,0.1053
3174,19,0,0.2962,0.17337368421052632,0.0
3175,19,3,0.6455,0.26897894736842104,0.1579
3176,19,10,0.7929,0.5271263157894737,0.5263
3177,19,10,0.6529,0.463178947368421,0.5263
3178,19,0,0.4863,0.1851263157894737,0.0
3179,19,3,0.6819,0.2884842105263158,0.1579
3180,19,10,0.9421,0.4708631578947369,0.5263
3181,19,2,0.5354,0.34236315789473687,0.1053
3182,19,0,0.4333,0.301821052631579,0.0
3183,19,0,0.4849,0.22694210526315792,0.0
3184,19,1,0.5076,0.23730526315789474,0.0526
3185,19,0,0.4366,0.30112105263157896,0.0
3186,19,0,0.4809,0.2683105263157895,0.0
3187,19,0,0.1533,0.04883684210526316,0.0
3188,19,0,0.3137,0.14766315789473686,0.0
3189,19,0,0.2295,0.08675263157894737,0.0
3190,19,0,0.2816,0.1507105263157895,0.0
3191,19,0,0.4533,0.2720736842105263,0.0
3192,19,0,0.4123,0.10603684210526315,0.0
3193,19,0,0.3746,0.1548842105263158,0.0
3194,19,0,0.3575,0.16506842105263156,0.0
3195,19,0,0.2447,0.0819157894736842,0.0
3196,19,0,0.3008,0.1681,0.0
3197,19,0,0.3028,0.13799473684210528,0.0
3198,19,0,0.2668,0.1331736842105263,0.0
3199,19,0,0.2662,0.08312631578947369,0.0
3200,19,0,0.4267,0.10523684210526316,0.0
3201,19,0,0.4455,0.24712105263157894,0.0
3202,19,0,0.2253,0.08558421052631579,0.0
3203,19,0,0.2344,0.13570000000000002,0.0
3204,19,0,0.2662,0.08298947368421053,0.0
3205,19,0,0.4336,0.22557368421052632,0.0
3206,19,0,0.1742,0.06294736842105263,0.0
3207,19,0,0.3574,0.11085789473684211,0.0
3208,19,0,0.3432,0.11673157894736841,0.0
3209,19,0,0.2347,0.0916157894736842,0.0
3210,19,0,0.4248,0.25240526315789474,0.0
3211,19,0,0.2662,0.0837,0.0
3212,19,0,0.4262,0.2558526315789474,0.0
3213,19,0,0.1533,0.050231578947368426,0.0
3214,19,0,0.3639,0.17487368421052632,0.0
3215,19,0,0.3452,0.11152631578947367,0.0
3216,19,0,0.3551,0.11300000000000002,0.0
3217,19,3,0.6247,0.36930526315789475,0.1579
3218,19,0,0.4321,0.10803157894736842,0.0
3219,19,0,0.4105,0.12555789473684212,0.0
3220,19,0,0.2253,0.09384736842105264,0.0
3221,19,0,0.1595,0.04645263157894737,0.0
3222,19,0,0.268,0.13323157894736842,0.0
3223,19,0,0.319,0.12960526315789472,0.0
3224,19,0,0.3432,0.11408947368421052,0.0
3225,19,0,0.242,0.1397421052631579,0.0
3226,19,0,0.2344,0.13585789473684212,0.0
3227,19,0,0.2831,0.07401578947368422,0.0
3228,19,0,0.4261,0.17194736842105263,0.0
3229,19,0,0.3428,0.12342631578947368,0.0
3230,19,0,0.3452,0.11234736842105263,0.0
3231,19,0,0.4321,0.11444736842105263,0.0
3232,19,0,0.3452,0.11109473684210527,0.0
3233,19,0,0.2655,0.1316315789473684,0.0
3234,19,3,0.6222,0.3715052631578947,0.1579
3235,19,0,0.4282,0.22992105263157894,0.0
3236,19,0,0.2946,0.17044736842105263,0.0
3237,19,4,0.6656,0.3382157894736842,0.2105
3238,19,0,0.2854,0.1519842105263158,0.0
3239,19,0,0.4321,0.10555263157894737,0.0
3240,19,0,0.4172,0.21929473684210526,0.0
3241,19,0,0.4292,0.10490000000000001,0.0
3242,19,0,0.2805,0.11031578947368421,0.0
3243,19,0,0.3129,0.1274263157894737,0.0
3244,19,0,0.4521,0.22524736842105264,0.0
3245,19,0,0.4123,0.10720526315789475,0.0
3246,19,0,0.4347,0.22436315789473685,0.0
3247,19,0,0.1528,0.0597,0.0
3248,19,3,0.6222,0.3706421052631579,0.1579
3249,19,0,0.2447,0.08158421052631579,0.0
3250,19,0,0.4267,0.10576315789473685,0.0
3251,19,0,0.2829,0.1542,0.0
3252,19,0,0.4197,0.1046421052631579,0.0
3253,19,0,0.2655,0.1322684210526316,0.0
3254,19,0,0.2679,0.14908947368421052,0.0
3255,19,0,0.4722,0.24776315789473682,0.0
3256,19,0,0.2501,0.12255789473684209,0.0
3257,19,0,0.2846,0.15406315789473685,0.0
3258,19,0,0.2501,0.12361052631578946,0.0
3259,19,0,0.3432,0.11207368421052631,0.0
3260,19,0,0.3028,0.14623684210526317,0.0
3261,19,0,0.2869,0.14368421052631578,0.0
3262,19,0,0.1396,0.05901578947368421,0.0
3263,19,0,0.2794,0.15278421052631577,0.0
3264,19,0,0.1385,0.04415263157894737,0.0
3265,19,0,0.2616,0.1660842105263158,0.0
3266,19,0,0.4114,0.20887894736842105,0.0
3267,19,3,0.6161,0.2699263157894737,0.1579
3268,19,4,0.5878,0.3917052631578947,0.2105
3269,19,6,0.7144,0.42441578947368425,0.3158
3270,19,4,0.5831,0.32786315789473686,0.2105
3271,19,0,0.3533,0.14874736842105263,0.0
3272,19,1,0.5986,0.23799473684210523,0.0526
3273,19,5,0.6589,0.3373894736842105,0.2632
3274,19,3,0.5366,0.299,0.1579
3275,19,0,0.4279,0.1613315789473684,0.0
3276,19,4,0.5404,0.38162631578947365,0.2105
3277,19,0,0.4157,0.17983157894736843,0.0
3278,19,0,0.4469,0.14333684210526318,0.0
3279,19,0,0.3038,0.14716315789473686,0.0
3280,19,0,0.428,0.14092631578947368,0.0
3281,19,0,0.428,0.1411578947368421,0.0
3282,19,0,0.4247,0.1397684210526316,0.0
3283,19,0,0.3332,0.20313157894736844,0.0
3284,19,0,0.437,0.16263684210526316,0.0
3285,19,0,0.4864,0.1613,0.0
3286,19,0,0.2933,0.1467736842105263,0.0
3287,19,0,0.2591,0.1659421052631579,0.0
3288,19,0,0.2555,0.14751052631578945,0.0
3289,19,0,0.3345,0.18972105263157896,0.0
3290,19,0,0.3413,0.20114736842105263,0.0
3291,19,0,0.4283,0.16542631578947367,0.0
3292,19,0,0.4247,0.1463684210526316,0.0
3293,19,0,0.3958,0.23238947368421053,0.0
3294,19,0,0.3802,0.22902631578947366,0.0
3295,19,0,0.2773,0.15753157894736844,0.0
3296,19,0,0.4048,0.20934210526315788,0.0
3297,19,0,0.3777,0.22391578947368423,0.0
3298,19,0,0.3345,0.18908947368421053,0.0
3299,19,0,0.2698,0.15792105263157896,0.0
3300,19,0,0.2321,0.1268421052631579,0.0
3301,19,0,0.2389,0.12851578947368422,0.0
3302,19,4,0.5408,0.3804157894736842,0.2105
3303,19,0,0.3155,0.14466315789473685,0.0
3304,19,0,0.2591,0.16502105263157896,0.0
3305,19,0,0.4492,0.3007894736842105,0.0
3306,19,0,0.2453,0.14584736842105264,0.0
3307,19,0,0.3921,0.19993684210526316,0.0
3308,19,0,0.3461,0.26337894736842105,0.0
3309,19,0,0.3507,0.1757842105263158,0.0
3310,19,0,0.2766,0.16758947368421054,0.0
3311,19,0,0.2744,0.14064736842105263,0.0
3312,19,0,0.2904,0.1465842105263158,0.0
3313,19,0,0.4048,0.21016842105263156,0.0
3314,19,0,0.3975,0.2021736842105263,0.0
3315,19,0,0.3975,0.20257894736842105,0.0
3316,19,0,0.3507,0.17453157894736843,0.0
3317,19,0,0.3006,0.1441578947368421,0.0
3318,19,0,0.1968,0.09179473684210526,0.0
3319,19,0,0.3096,0.14568947368421054,0.0
3320,19,0,0.2337,0.12697368421052632,0.0
3321,19,0,0.2698,0.15612105263157894,0.0
3322,19,2,0.5418,0.32900526315789475,0.1053
3323,19,0,0.2542,0.1554263157894737,0.0
3324,19,0,0.2744,0.1353315789473684,0.0
3325,19,0,0.3279,0.18896315789473683,0.0
3326,19,0,0.4081,0.2110263157894737,0.0
3327,19,0,0.4048,0.20296842105263158,0.0
3328,19,0,0.3306,0.18937368421052633,0.0
3329,19,0,0.2251,0.09646842105263158,0.0
3330,19,0,0.3595,0.17692631578947368,0.0
3331,19,0,0.3432,0.11173684210526318,0.0
3332,19,0,0.4354,0.10878421052631579,0.0
3333,19,0,0.3452,0.10925263157894738,0.0
3334,19,0,0.3452,0.10806842105263159,0.0
3335,19,0,0.2247,0.11926315789473685,0.0
3336,19,0,0.395,0.10097894736842106,0.0
3337,19,0,0.1056,0.04081052631578947,0.0
3338,19,0,0.4001,0.10255263157894738,0.0
3339,19,0,0.3526,0.11658421052631579,0.0
3340,19,0,0.4347,0.2216421052631579,0.0
3341,19,0,0.3388,0.17426315789473684,0.0
3342,19,0,0.281,0.14968421052631578,0.0
3343,19,0,0.319,0.15430526315789472,0.0
3344,19,0,0.3534,0.11357894736842104,0.0
3345,19,0,0.4347,0.23377368421052633,0.0
3346,19,0,0.3452,0.11610526315789474,0.0
3347,19,0,0.3543,0.11926315789473685,0.0
3348,19,0,0.1629,0.05646315789473684,0.0
3349,19,0,0.2351,0.08106315789473684,0.0
3350,19,0,0.2195,0.09243157894736842,0.0
3351,19,0,0.4347,0.2334263157894737,0.0
3352,19,0,0.3562,0.1130578947368421,0.0
3353,19,0,0.3596,0.11088947368421052,0.0
3354,19,0,0.4177,0.10387368421052631,0.0
3355,19,0,0.4262,0.24687894736842103,0.0
3356,19,0,0.4351,0.10331578947368421,0.0
3357,19,0,0.2377,0.07859999999999999,0.0
3358,19,0,0.4262,0.24933157894736843,0.0
3359,19,0,0.2486,0.1206842105263158,0.0
3360,19,0,0.2885,0.1539894736842105,0.0
3361,19,0,0.1725,0.060947368421052625,0.0
3362,19,0,0.2948,0.13647894736842106,0.0
3363,19,0,0.3432,0.11165789473684211,0.0
3364,19,0,0.4267,0.10932105263157896,0.0
3365,19,0,0.4437,0.2146578947368421,0.0
3366,19,0,0.4292,0.10629473684210526,0.0
3367,19,0,0.2496,0.1199421052631579,0.0
3368,19,0,0.4354,0.10451052631578947,0.0
3369,19,0,0.2377,0.07918421052631579,0.0
3370,19,4,0.6848,0.33949999999999997,0.2105
3371,19,0,0.2447,0.08146315789473685,0.0
3372,19,0,0.4347,0.2222894736842105,0.0
3373,19,0,0.2295,0.08575263157894737,0.0
3374,19,0,0.2388,0.0801578947368421,0.0
3375,19,0,0.4321,0.10606315789473685,0.0
3376,19,0,0.4354,0.10496315789473684,0.0
3377,19,0,0.2247,0.12250526315789473,0.0
3378,19,0,0.2984,0.14352631578947367,0.0
3379,19,0,0.2344,0.1344578947368421,0.0
3380,19,0,0.3481,0.10926315789473684,0.0
3381,19,4,0.6869,0.33842631578947363,0.2105
3382,19,0,0.3481,0.10874736842105265,0.0
3383,19,0,0.2885,0.16621052631578948,0.0
3384,19,4,0.6618,0.34516842105263157,0.2105
3385,19,4,0.6734,0.3394578947368421,0.2105
3386,19,0,0.2668,0.13043157894736843,0.0
3387,19,0,0.2447,0.08181052631578947,0.0
3388,19,0,0.2351,0.07888421052631579,0.0
3389,19,0,0.4197,0.10511578947368422,0.0
3390,19,0,0.3481,0.10931052631578948,0.0
3391,19,0,0.3432,0.1108,0.0
3392,19,0,0.2679,0.15156315789473684,0.0
3393,19,0,0.2273,0.12057368421052632,0.0
3394,19,0,0.1287,0.06118947368421053,0.0
3395,19,0,0.2247,0.11822105263157895,0.0
3396,19,0,0.4404,0.10438947368421053,0.0
3397,19,0,0.4267,0.10463684210526315,0.0
3398,19,0,0.1396,0.05944210526315789,0.0
3399,19,0,0.4282,0.21616842105263157,0.0
3400,19,0,0.4321,0.10405789473684211,0.0
3401,19,0,0.2377,0.07855263157894736,0.0
3402,19,0,0.2304,0.12102105263157895,0.0
3403,19,0,0.2304,0.11752105263157894,0.0
3404,19,0,0.2655,0.13203684210526317,0.0
3405,19,0,0.2266,0.11892105263157896,0.0
3406,19,0,0.2679,0.15332105263157894,0.0
3407,19,0,0.1109,0.041236842105263155,0.0
3408,19,0,0.2624,0.15395263157894737,0.0
3409,19,0,0.1396,0.05822105263157895,0.0
3410,19,0,0.2812,0.13632105263157895,0.0
3411,19,0,0.2388,0.07857368421052632,0.0
3412,19,0,0.3432,0.11171052631578948,0.0
3413,19,0,0.2447,0.07993684210526315,0.0
3414,19,0,0.2377,0.07823157894736842,0.0
3415,19,0,0.308,0.1610578947368421,0.0
3416,19,0,0.3138,0.16365263157894736,0.0
3417,19,0,0.2402,0.13543684210526316,0.0
3418,19,0,0.3461,0.11317368421052632,0.0
