gene,domain,hgvs_p,position,aa_ref,aa_alt,esm2_llr,pathogenicity_prob,rsa,lig_dist,interface,mechanism
BRCA1,RING,p.Met1Ala,1,M,A,-8.10409,0.7623,0.8679372832850817,33.087242126464844,True,Interface BARD1
BRCA1,RING,p.Met1Cys,1,M,C,-10.32903,0.7319,0.8679372832850817,33.087242126464844,True,Interface BARD1
BRCA1,RING,p.Met1Asp,1,M,D,-8.22612,0.9475,0.8679372832850817,33.087242126464844,True,Interface BARD1
BRCA1,RING,p.Met1Glu,1,M,E,-7.66291,0.9177,0.8679372832850817,33.087242126464844,True,Interface BARD1
BRCA1,RING,p.Met1Gly,1,M,G,-8.01245,0.8682,0.8679372832850817,33.087242126464844,True,Interface BARD1
BRCA1,RING,p.Met1His,1,M,H,-10.05771,0.942,0.8679372832850817,33.087242126464844,True,Interface BARD1
BRCA1,RING,p.Met1Lys,1,M,K,-8.39083,0.9691,0.8679372832850817,33.087242126464844,True,Interface BARD1
BRCA1,RING,p.Met1Asn,1,M,N,-8.50481,0.9316,0.8679372832850817,33.087242126464844,True,Interface BARD1
BRCA1,RING,p.Met1Pro,1,M,P,-9.41411,0.9493,0.8679372832850817,33.087242126464844,True,Interface BARD1
BRCA1,RING,p.Met1Gln,1,M,Q,-8.47641,0.9473,0.8679372832850817,33.087242126464844,True,Interface BARD1
BRCA1,RING,p.Met1Arg,1,M,R,-8.97957,0.9897,0.8679372832850817,33.087242126464844,True,Interface BARD1
BRCA1,RING,p.Met1Ser,1,M,S,-8.25058,0.8981,0.8679372832850817,33.087242126464844,True,Interface BARD1
BRCA1,RING,p.Met1Thr,1,M,T,-8.46461,0.8954,0.8679372832850817,33.087242126464844,True,Interface BARD1
BRCA1,RING,p.Met1Val,1,M,V,-8.63809,0.8271,0.8679372832850817,33.087242126464844,True,Interface BARD1
BRCA1,RING,p.Met1Trp,1,M,W,-12.15965,0.9201,0.8679372832850817,33.087242126464844,True,Interface BARD1
BRCA1,RING,p.Met1Tyr,1,M,Y,-10.79421,0.9453,0.8679372832850817,33.087242126464844,True,Interface BARD1
BRCA1,RING,p.Asp2Phe,2,D,F,-4.42878,0.6988,0.3654261508218504,31.326204299926758,False,Intermediário
BRCA1,RING,p.Asp2Gly,2,D,G,-2.51438,0.7731,0.3654261508218504,31.326204299926758,False,Intermediário
BRCA1,RING,p.Asp2Val,2,D,V,-2.86423,0.7042,0.3654261508218504,31.326204299926758,False,Intermediário
BRCA1,RING,p.Asp2Trp,2,D,W,-6.64078,0.7359,0.3654261508218504,31.326204299926758,False,Intermediário
BRCA1,RING,p.Ala5Pro,5,A,P,-0.96002,0.7067,0.5516375630918818,33.55203628540039,False,Superfície
BRCA1,RING,p.Arg7Met,7,R,M,-2.21536,0.7274,0.6618506524103811,28.12732696533203,True,Interface BARD1
BRCA1,RING,p.Arg7Trp,7,R,W,-4.16367,0.6998,0.6618506524103811,28.12732696533203,True,Interface BARD1
BRCA1,RING,p.Val11Asp,11,V,D,-6.08191,0.8226,0.3430402516157737,23.99449920654297,True,Interface BARD1
BRCA1,RING,p.Val11Gly,11,V,G,-3.32558,0.697,0.3430402516157737,23.99449920654297,True,Interface BARD1
BRCA1,RING,p.Val14Asp,14,V,D,-6.21917,0.8492,0.42038842936277754,20.394092559814453,True,Interface BARD1
BRCA1,RING,p.Val14Glu,14,V,E,-5.56155,0.6813,0.42038842936277754,20.394092559814453,True,Interface BARD1
BRCA1,RING,p.Val14Gly,14,V,G,-2.97046,0.6796,0.42038842936277754,20.394092559814453,True,Interface BARD1
BRCA1,RING,p.Val14Trp,14,V,W,-7.05818,0.8835,0.42038842936277754,20.394092559814453,True,Interface BARD1
BRCA1,RING,p.Ile15Asp,15,I,D,-8.8692,0.8521,0.044939127400081394,17.71477699279785,True,Interface BARD1
BRCA1,RING,p.Ile15Glu,15,I,E,-7.39306,0.8411,0.044939127400081394,17.71477699279785,True,Interface BARD1
BRCA1,RING,p.Ile15Gly,15,I,G,-6.40202,0.8504,0.044939127400081394,17.71477699279785,True,Interface BARD1
BRCA1,RING,p.Ile15Lys,15,I,K,-6.31384,0.7492,0.044939127400081394,17.71477699279785,True,Interface BARD1
BRCA1,RING,p.Ile15Asn,15,I,N,-6.33237,0.8008,0.044939127400081394,17.71477699279785,True,Interface BARD1
BRCA1,RING,p.Ile15Arg,15,I,R,-5.91728,0.7125,0.044939127400081394,17.71477699279785,True,Interface BARD1
BRCA1,RING,p.Ala17Pro,17,A,P,-2.54682,0.7885,0.39373303098322643,16.671672821044922,True,Interface BARD1
BRCA1,RING,p.Met18Asp,18,M,D,-10.40839,0.9535,0.31940460309309804,14.836530685424805,True,Interface BARD1
BRCA1,RING,p.Met18Glu,18,M,E,-9.52034,0.9511,0.31940460309309804,14.836530685424805,True,Interface BARD1
BRCA1,RING,p.Met18Gly,18,M,G,-8.07976,0.8698,0.31940460309309804,14.836530685424805,True,Interface BARD1
BRCA1,RING,p.Met18His,18,M,H,-7.52052,0.9064,0.31940460309309804,14.836530685424805,True,Interface BARD1
BRCA1,RING,p.Met18Lys,18,M,K,-9.59546,0.9747,0.31940460309309804,14.836530685424805,True,Interface BARD1
BRCA1,RING,p.Met18Asn,18,M,N,-8.54537,0.9324,0.31940460309309804,14.836530685424805,True,Interface BARD1
BRCA1,RING,p.Met18Pro,18,M,P,-7.8446,0.9436,0.31940460309309804,14.836530685424805,True,Interface BARD1
BRCA1,RING,p.Met18Gln,18,M,Q,-7.42927,0.923,0.31940460309309804,14.836530685424805,True,Interface BARD1
BRCA1,RING,p.Met18Arg,18,M,R,-9.40787,0.991,0.31940460309309804,14.836530685424805,True,Interface BARD1
BRCA1,RING,p.Met18Ser,18,M,S,-5.88117,0.8444,0.31940460309309804,14.836530685424805,True,Interface BARD1
BRCA1,RING,p.Met18Thr,18,M,T,-4.39468,0.7583,0.31940460309309804,14.836530685424805,True,Interface BARD1
BRCA1,RING,p.Met18Trp,18,M,W,-4.99631,0.6831,0.31940460309309804,14.836530685424805,True,Interface BARD1
BRCA1,RING,p.Met18Tyr,18,M,Y,-4.77542,0.7367,0.31940460309309804,14.836530685424805,True,Interface BARD1
BRCA1,RING,p.Gln19Pro,19,Q,P,-6.23332,0.7928,0.15998313449783938,10.646293640136719,False,Intermediário
BRCA1,RING,p.Lys20Cys,20,K,C,-6.43423,0.7409,0.5835032855358352,11.640338897705078,False,Superfície
BRCA1,RING,p.Lys20Phe,20,K,F,-8.60208,0.7981,0.5835032855358352,11.640338897705078,False,Superfície
BRCA1,RING,p.Lys20Leu,20,K,L,-6.05962,0.688,0.5835032855358352,11.640338897705078,False,Superfície
BRCA1,RING,p.Lys20Met,20,K,M,-6.02253,0.7094,0.5835032855358352,11.640338897705078,False,Superfície
BRCA1,RING,p.Lys20Pro,20,K,P,-7.57609,0.7766,0.5835032855358352,11.640338897705078,False,Superfície
BRCA1,RING,p.Lys20Val,20,K,V,-5.90979,0.7375,0.5835032855358352,11.640338897705078,False,Superfície
BRCA1,RING,p.Lys20Trp,20,K,W,-9.09394,0.8176,0.5835032855358352,11.640338897705078,False,Superfície
BRCA1,RING,p.Lys20Tyr,20,K,Y,-8.37995,0.7593,0.5835032855358352,11.640338897705078,False,Superfície
BRCA1,RING,p.Ile21Asp,21,I,D,-6.56554,0.7903,0.5475623127875207,11.695514678955078,True,Interface BARD1
BRCA1,RING,p.Ile21Lys,21,I,K,-6.0527,0.7258,0.5475623127875207,11.695514678955078,True,Interface BARD1
BRCA1,RING,p.Ile21Arg,21,I,R,-6.29857,0.7666,0.5475623127875207,11.695514678955078,True,Interface BARD1
BRCA1,RING,p.Ile21Trp,21,I,W,-8.21264,0.8632,0.5475623127875207,11.695514678955078,True,Interface BARD1
BRCA1,RING,p.Leu22Ala,22,L,A,-6.52418,0.7156,0.004226301758859104,9.195002555847168,False,Núcleo estrutural (dobramento)
BRCA1,RING,p.Leu22Asp,22,L,D,-12.02941,0.8964,0.004226301758859104,9.195002555847168,False,Núcleo estrutural (dobramento)
BRCA1,RING,p.Leu22Glu,22,L,E,-11.60926,0.9122,0.004226301758859104,9.195002555847168,False,Núcleo estrutural (dobramento)
BRCA1,RING,p.Leu22Gly,22,L,G,-9.23158,0.9201,0.004226301758859104,9.195002555847168,False,Núcleo estrutural (dobramento)
BRCA1,RING,p.Leu22His,22,L,H,-9.6234,0.8602,0.004226301758859104,9.195002555847168,False,Núcleo estrutural (dobramento)
BRCA1,RING,p.Leu22Lys,22,L,K,-11.32391,0.8768,0.004226301758859104,9.195002555847168,False,Núcleo estrutural (dobramento)
BRCA1,RING,p.Leu22Asn,22,L,N,-10.01274,0.918,0.004226301758859104,9.195002555847168,False,Núcleo estrutural (dobramento)
BRCA1,RING,p.Leu22Pro,22,L,P,-7.08521,0.9731,0.004226301758859104,9.195002555847168,False,Núcleo estrutural (dobramento)
BRCA1,RING,p.Leu22Gln,22,L,Q,-8.90659,0.9113,0.004226301758859104,9.195002555847168,False,Núcleo estrutural (dobramento)
BRCA1,RING,p.Leu22Arg,22,L,R,-10.56012,0.8532,0.004226301758859104,9.195002555847168,False,Núcleo estrutural (dobramento)
BRCA1,RING,p.Leu22Ser,22,L,S,-6.94385,0.8148,0.004226301758859104,9.195002555847168,False,Núcleo estrutural (dobramento)
BRCA1,RING,p.Leu22Trp,22,L,W,-9.97665,0.8676,0.004226301758859104,9.195002555847168,False,Núcleo estrutural (dobramento)
BRCA1,RING,p.Leu22Tyr,22,L,Y,-8.55101,0.9198,0.004226301758859104,9.195002555847168,False,Núcleo estrutural (dobramento)
BRCA1,RING,p.Glu23Pro,23,E,P,-9.62826,0.7664,0.18445268166670337,7.007309913635254,False,Intermediário
BRCA1,RING,p.Glu23Trp,23,E,W,-7.88998,0.7213,0.18445268166670337,7.007309913635254,False,Intermediário
BRCA1,RING,p.Cys24Ala,24,C,A,-12.15188,0.8132,0.040126302564854575,2.4064183235168457,False,Coordenação de zinco
BRCA1,RING,p.Cys24Asp,24,C,D,-8.38518,0.9313,0.040126302564854575,2.4064183235168457,False,Coordenação de zinco
BRCA1,RING,p.Cys24Glu,24,C,E,-11.33409,0.9802,0.040126302564854575,2.4064183235168457,False,Coordenação de zinco
BRCA1,RING,p.Cys24Phe,24,C,F,-9.43592,0.9555,0.040126302564854575,2.4064183235168457,False,Coordenação de zinco
BRCA1,RING,p.Cys24Gly,24,C,G,-7.18036,0.9901,0.040126302564854575,2.4064183235168457,False,Coordenação de zinco
BRCA1,RING,p.Cys24His,24,C,H,-10.84928,0.9508,0.040126302564854575,2.4064183235168457,False,Coordenação de zinco
BRCA1,RING,p.Cys24Lys,24,C,K,-11.85632,0.9721,0.040126302564854575,2.4064183235168457,False,Coordenação de zinco
BRCA1,RING,p.Cys24Met,24,C,M,-13.71929,0.7669,0.040126302564854575,2.4064183235168457,False,Coordenação de zinco
BRCA1,RING,p.Cys24Asn,24,C,N,-11.11026,0.9377,0.040126302564854575,2.4064183235168457,False,Coordenação de zinco
BRCA1,RING,p.Cys24Pro,24,C,P,-14.35725,0.8794,0.040126302564854575,2.4064183235168457,False,Coordenação de zinco
BRCA1,RING,p.Cys24Gln,24,C,Q,-12.436,0.9637,0.040126302564854575,2.4064183235168457,False,Coordenação de zinco
BRCA1,RING,p.Cys24Arg,24,C,R,-7.33377,0.9657,0.040126302564854575,2.4064183235168457,False,Coordenação de zinco
BRCA1,RING,p.Cys24Ser,24,C,S,-8.42492,0.9532,0.040126302564854575,2.4064183235168457,False,Coordenação de zinco
BRCA1,RING,p.Cys24Thr,24,C,T,-12.82833,0.8764,0.040126302564854575,2.4064183235168457,False,Coordenação de zinco
BRCA1,RING,p.Cys24Trp,24,C,W,-8.76975,0.987,0.040126302564854575,2.4064183235168457,False,Coordenação de zinco
BRCA1,RING,p.Cys24Tyr,24,C,Y,-7.14364,0.9911,0.040126302564854575,2.4064183235168457,False,Coordenação de zinco
BRCA1,RING,p.Pro25Asp,25,P,D,-7.41453,0.6922,0.272903317395596,4.431509017944336,False,Intermediário
BRCA1,RING,p.Pro25Phe,25,P,F,-7.92153,0.8151,0.272903317395596,4.431509017944336,False,Intermediário
BRCA1,RING,p.Pro25Ile,25,P,I,-7.91465,0.7198,0.272903317395596,4.431509017944336,False,Intermediário
BRCA1,RING,p.Pro25Lys,25,P,K,-7.32264,0.7489,0.272903317395596,4.431509017944336,False,Intermediário
BRCA1,RING,p.Pro25Met,25,P,M,-9.99605,0.7777,0.272903317395596,4.431509017944336,False,Intermediário
BRCA1,RING,p.Pro25Arg,25,P,R,-6.53723,0.7972,0.272903317395596,4.431509017944336,False,Intermediário
BRCA1,RING,p.Pro25Val,25,P,V,-6.87002,0.6801,0.272903317395596,4.431509017944336,False,Intermediário
BRCA1,RING,p.Pro25Trp,25,P,W,-9.55727,0.8163,0.272903317395596,4.431509017944336,False,Intermediário
BRCA1,RING,p.Pro25Tyr,25,P,Y,-7.57788,0.7643,0.272903317395596,4.431509017944336,False,Intermediário
BRCA1,RING,p.Ile26Ala,26,I,A,-9.67756,0.7512,0.3272823836013695,2.1508681774139404,False,Coordenação de zinco
BRCA1,RING,p.Ile26Asp,26,I,D,-13.28972,0.8521,0.3272823836013695,2.1508681774139404,False,Coordenação de zinco
BRCA1,RING,p.Ile26Glu,26,I,E,-12.45582,0.8703,0.3272823836013695,2.1508681774139404,False,Coordenação de zinco
BRCA1,RING,p.Ile26Phe,26,I,F,-9.32444,0.6866,0.3272823836013695,2.1508681774139404,False,Coordenação de zinco
BRCA1,RING,p.Ile26Gly,26,I,G,-12.21376,0.8992,0.3272823836013695,2.1508681774139404,False,Coordenação de zinco
BRCA1,RING,p.Ile26His,26,I,H,-13.01437,0.8255,0.3272823836013695,2.1508681774139404,False,Coordenação de zinco
BRCA1,RING,p.Ile26Lys,26,I,K,-13.42639,0.8259,0.3272823836013695,2.1508681774139404,False,Coordenação de zinco
BRCA1,RING,p.Ile26Asn,26,I,N,-10.92674,0.8876,0.3272823836013695,2.1508681774139404,False,Coordenação de zinco
BRCA1,RING,p.Ile26Pro,26,I,P,-13.64729,0.9396,0.3272823836013695,2.1508681774139404,False,Coordenação de zinco
BRCA1,RING,p.Ile26Gln,26,I,Q,-12.90562,0.8824,0.3272823836013695,2.1508681774139404,False,Coordenação de zinco
BRCA1,RING,p.Ile26Arg,26,I,R,-14.00285,0.8296,0.3272823836013695,2.1508681774139404,False,Coordenação de zinco
BRCA1,RING,p.Ile26Ser,26,I,S,-10.19964,0.8107,0.3272823836013695,2.1508681774139404,False,Coordenação de zinco
BRCA1,RING,p.Ile26Thr,26,I,T,-9.63698,0.8219,0.3272823836013695,2.1508681774139404,False,Coordenação de zinco
BRCA1,RING,p.Ile26Trp,26,I,W,-13.50762,0.8686,0.3272823836013695,2.1508681774139404,False,Coordenação de zinco
BRCA1,RING,p.Ile26Tyr,26,I,Y,-11.16434,0.8986,0.3272823836013695,2.1508681774139404,False,Coordenação de zinco
BRCA1,RING,p.Cys27Ala,27,C,A,-11.50434,0.8132,0.3628319039052498,2.416367530822754,False,Coordenação de zinco
BRCA1,RING,p.Cys27Asp,27,C,D,-10.12475,0.9352,0.3628319039052498,2.416367530822754,False,Coordenação de zinco
BRCA1,RING,p.Cys27Glu,27,C,E,-11.94003,0.9802,0.3628319039052498,2.416367530822754,False,Coordenação de zinco
BRCA1,RING,p.Cys27Phe,27,C,F,-6.88633,0.9312,0.3628319039052498,2.416367530822754,False,Coordenação de zinco
BRCA1,RING,p.Cys27Gly,27,C,G,-7.81144,0.9922,0.3628319039052498,2.416367530822754,False,Coordenação de zinco
BRCA1,RING,p.Cys27His,27,C,H,-9.71626,0.9508,0.3628319039052498,2.416367530822754,False,Coordenação de zinco
BRCA1,RING,p.Cys27Lys,27,C,K,-12.64632,0.9721,0.3628319039052498,2.416367530822754,False,Coordenação de zinco
BRCA1,RING,p.Cys27Met,27,C,M,-12.30334,0.7669,0.3628319039052498,2.416367530822754,False,Coordenação de zinco
BRCA1,RING,p.Cys27Asn,27,C,N,-11.7238,0.9377,0.3628319039052498,2.416367530822754,False,Coordenação de zinco
BRCA1,RING,p.Cys27Pro,27,C,P,-12.17023,0.8794,0.3628319039052498,2.416367530822754,False,Coordenação de zinco
BRCA1,RING,p.Cys27Gln,27,C,Q,-11.93927,0.9637,0.3628319039052498,2.416367530822754,False,Coordenação de zinco
BRCA1,RING,p.Cys27Arg,27,C,R,-7.16197,0.9649,0.3628319039052498,2.416367530822754,False,Coordenação de zinco
BRCA1,RING,p.Cys27Ser,27,C,S,-7.33407,0.9431,0.3628319039052498,2.416367530822754,False,Coordenação de zinco
BRCA1,RING,p.Cys27Thr,27,C,T,-11.34149,0.8764,0.3628319039052498,2.416367530822754,False,Coordenação de zinco
BRCA1,RING,p.Cys27Trp,27,C,W,-8.01123,0.9847,0.3628319039052498,2.416367530822754,False,Coordenação de zinco
BRCA1,RING,p.Cys27Tyr,27,C,Y,-6.78786,0.985,0.3628319039052498,2.416367530822754,False,Coordenação de zinco
BRCA1,RING,p.Leu28Ala,28,L,A,-9.83013,0.7406,0.5953473751502059,4.76763391494751,False,Superfície
BRCA1,RING,p.Leu28Asp,28,L,D,-11.19571,0.8964,0.5953473751502059,4.76763391494751,False,Superfície
BRCA1,RING,p.Leu28Glu,28,L,E,-10.00803,0.9122,0.5953473751502059,4.76763391494751,False,Superfície
BRCA1,RING,p.Leu28Gly,28,L,G,-10.37818,0.918,0.5953473751502059,4.76763391494751,False,Superfície
BRCA1,RING,p.Leu28His,28,L,H,-8.04446,0.8451,0.5953473751502059,4.76763391494751,False,Superfície
BRCA1,RING,p.Leu28Lys,28,L,K,-8.52956,0.8737,0.5953473751502059,4.76763391494751,False,Superfície
BRCA1,RING,p.Leu28Asn,28,L,N,-9.51594,0.9147,0.5953473751502059,4.76763391494751,False,Superfície
BRCA1,RING,p.Leu28Pro,28,L,P,-8.87063,0.9851,0.5953473751502059,4.76763391494751,False,Superfície
BRCA1,RING,p.Leu28Gln,28,L,Q,-6.56679,0.8513,0.5953473751502059,4.76763391494751,False,Superfície
BRCA1,RING,p.Leu28Arg,28,L,R,-8.49651,0.8498,0.5953473751502059,4.76763391494751,False,Superfície
BRCA1,RING,p.Leu28Ser,28,L,S,-7.92747,0.8284,0.5953473751502059,4.76763391494751,False,Superfície
BRCA1,RING,p.Leu28Thr,28,L,T,-7.8272,0.8381,0.5953473751502059,4.76763391494751,False,Superfície
BRCA1,RING,p.Leu28Trp,28,L,W,-7.14557,0.8505,0.5953473751502059,4.76763391494751,False,Superfície
BRCA1,RING,p.Leu28Tyr,28,L,Y,-7.46936,0.9001,0.5953473751502059,4.76763391494751,False,Superfície
BRCA1,RING,p.Glu29Ala,29,E,A,-6.65936,0.6898,0.5372192186392579,3.6048104763031006,False,Superfície
BRCA1,RING,p.Glu29Cys,29,E,C,-6.34991,0.7355,0.5372192186392579,3.6048104763031006,False,Superfície
BRCA1,RING,p.Glu29Phe,29,E,F,-8.84825,0.761,0.5372192186392579,3.6048104763031006,False,Superfície
BRCA1,RING,p.Glu29Ile,29,E,I,-7.62872,0.7318,0.5372192186392579,3.6048104763031006,False,Superfície
BRCA1,RING,p.Glu29Leu,29,E,L,-7.98999,0.7601,0.5372192186392579,3.6048104763031006,False,Superfície
BRCA1,RING,p.Glu29Met,29,E,M,-8.43475,0.7158,0.5372192186392579,3.6048104763031006,False,Superfície
BRCA1,RING,p.Glu29Pro,29,E,P,-15.72069,0.7676,0.5372192186392579,3.6048104763031006,False,Superfície
BRCA1,RING,p.Glu29Val,29,E,V,-6.21501,0.7913,0.5372192186392579,3.6048104763031006,False,Superfície
BRCA1,RING,p.Glu29Trp,29,E,W,-11.30138,0.7487,0.5372192186392579,3.6048104763031006,False,Superfície
BRCA1,RING,p.Glu29Tyr,29,E,Y,-6.42008,0.6766,0.5372192186392579,3.6048104763031006,False,Superfície
BRCA1,RING,p.Leu30Ala,30,L,A,-6.18285,0.7169,0.2537244005924298,6.334012508392334,False,Intermediário
BRCA1,RING,p.Leu30Asp,30,L,D,-8.70486,0.8964,0.2537244005924298,6.334012508392334,False,Intermediário
BRCA1,RING,p.Leu30Glu,30,L,E,-8.96633,0.9122,0.2537244005924298,6.334012508392334,False,Intermediário
BRCA1,RING,p.Leu30Gly,30,L,G,-8.83969,0.9182,0.2537244005924298,6.334012508392334,False,Intermediário
BRCA1,RING,p.Leu30His,30,L,H,-6.20542,0.7906,0.2537244005924298,6.334012508392334,False,Intermediário
BRCA1,RING,p.Leu30Lys,30,L,K,-8.77284,0.8742,0.2537244005924298,6.334012508392334,False,Intermediário
BRCA1,RING,p.Leu30Asn,30,L,N,-6.59838,0.847,0.2537244005924298,6.334012508392334,False,Intermediário
BRCA1,RING,p.Leu30Pro,30,L,P,-5.40144,0.7683,0.2537244005924298,6.334012508392334,False,Intermediário
BRCA1,RING,p.Leu30Gln,30,L,Q,-6.01743,0.798,0.2537244005924298,6.334012508392334,False,Intermediário
BRCA1,RING,p.Leu30Arg,30,L,R,-8.0033,0.8296,0.2537244005924298,6.334012508392334,False,Intermediário
BRCA1,RING,p.Leu30Ser,30,L,S,-5.84509,0.7144,0.2537244005924298,6.334012508392334,False,Intermediário
BRCA1,RING,p.Leu30Trp,30,L,W,-8.65204,0.8641,0.2537244005924298,6.334012508392334,False,Intermediário
BRCA1,RING,p.Leu30Tyr,30,L,Y,-7.13856,0.9039,0.2537244005924298,6.334012508392334,False,Intermediário
BRCA1,RING,p.Ile31Ala,31,I,A,-7.14739,0.7262,0.004312114992541522,4.381564617156982,False,Núcleo estrutural (dobramento)
BRCA1,RING,p.Ile31Asp,31,I,D,-10.44155,0.8521,0.004312114992541522,4.381564617156982,False,Núcleo estrutural (dobramento)
BRCA1,RING,p.Ile31Glu,31,I,E,-9.7669,0.8703,0.004312114992541522,4.381564617156982,False,Núcleo estrutural (dobramento)
BRCA1,RING,p.Ile31Gly,31,I,G,-9.23235,0.8793,0.004312114992541522,4.381564617156982,False,Núcleo estrutural (dobramento)
BRCA1,RING,p.Ile31His,31,I,H,-6.94468,0.7731,0.004312114992541522,4.381564617156982,False,Núcleo estrutural (dobramento)
BRCA1,RING,p.Ile31Lys,31,I,K,-6.35987,0.7526,0.004312114992541522,4.381564617156982,False,Núcleo estrutural (dobramento)
BRCA1,RING,p.Ile31Asn,31,I,N,-7.37522,0.8496,0.004312114992541522,4.381564617156982,False,Núcleo estrutural (dobramento)
BRCA1,RING,p.Ile31Pro,31,I,P,-5.73837,0.8023,0.004312114992541522,4.381564617156982,False,Núcleo estrutural (dobramento)
BRCA1,RING,p.Ile31Gln,31,I,Q,-6.24381,0.795,0.004312114992541522,4.381564617156982,False,Núcleo estrutural (dobramento)
BRCA1,RING,p.Ile31Arg,31,I,R,-7.42164,0.7889,0.004312114992541522,4.381564617156982,False,Núcleo estrutural (dobramento)
BRCA1,RING,p.Ile31Ser,31,I,S,-6.04741,0.7451,0.004312114992541522,4.381564617156982,False,Núcleo estrutural (dobramento)
BRCA1,RING,p.Ile31Trp,31,I,W,-6.36833,0.8189,0.004312114992541522,4.381564617156982,False,Núcleo estrutural (dobramento)
BRCA1,RING,p.Lys32Ala,32,K,A,-6.39901,0.7466,0.6665056543690048,6.299493789672852,False,Superfície
BRCA1,RING,p.Lys32Phe,32,K,F,-7.80078,0.784,0.6665056543690048,6.299493789672852,False,Superfície
BRCA1,RING,p.Lys32Gly,32,K,G,-7.23529,0.7442,0.6665056543690048,6.299493789672852,False,Superfície
BRCA1,RING,p.Lys32Ile,32,K,I,-5.97352,0.6814,0.6665056543690048,6.299493789672852,False,Superfície
BRCA1,RING,p.Lys32Met,32,K,M,-6.61598,0.7245,0.6665056543690048,6.299493789672852,False,Superfície
BRCA1,RING,p.Lys32Pro,32,K,P,-9.44819,0.7929,0.6665056543690048,6.299493789672852,False,Superfície
BRCA1,RING,p.Lys32Val,32,K,V,-5.8367,0.6979,0.6665056543690048,6.299493789672852,False,Superfície
BRCA1,RING,p.Lys32Trp,32,K,W,-7.77008,0.7912,0.6665056543690048,6.299493789672852,False,Superfície
BRCA1,RING,p.Lys32Tyr,32,K,Y,-6.47125,0.7098,0.6665056543690048,6.299493789672852,False,Superfície
BRCA1,RING,p.Glu33Ala,33,E,A,-6.57452,0.6898,0.42648413537977403,7.484149932861328,False,Superfície
BRCA1,RING,p.Glu33Cys,33,E,C,-7.76454,0.7498,0.42648413537977403,7.484149932861328,False,Superfície
BRCA1,RING,p.Glu33Phe,33,E,F,-7.29094,0.7478,0.42648413537977403,7.484149932861328,False,Superfície
BRCA1,RING,p.Glu33Ile,33,E,I,-7.86003,0.7341,0.42648413537977403,7.484149932861328,False,Superfície
BRCA1,RING,p.Glu33Leu,33,E,L,-7.12755,0.7573,0.42648413537977403,7.484149932861328,False,Superfície
BRCA1,RING,p.Glu33Met,33,E,M,-8.73325,0.7197,0.42648413537977403,7.484149932861328,False,Superfície
BRCA1,RING,p.Glu33Pro,33,E,P,-8.92504,0.7656,0.42648413537977403,7.484149932861328,False,Superfície
BRCA1,RING,p.Glu33Val,33,E,V,-6.51805,0.7938,0.42648413537977403,7.484149932861328,False,Superfície
BRCA1,RING,p.Glu33Trp,33,E,W,-11.62195,0.7487,0.42648413537977403,7.484149932861328,False,Superfície
BRCA1,RING,p.Glu33Tyr,33,E,Y,-7.61409,0.6899,0.42648413537977403,7.484149932861328,False,Superfície
BRCA1,RING,p.Pro34Ala,34,P,A,-7.25298,0.6942,0.04019088877848327,8.50258731842041,False,Núcleo estrutural (dobramento)
BRCA1,RING,p.Pro34Asp,34,P,D,-12.97739,0.7388,0.04019088877848327,8.50258731842041,False,Núcleo estrutural (dobramento)
BRCA1,RING,p.Pro34Glu,34,P,E,-9.45193,0.8026,0.04019088877848327,8.50258731842041,False,Núcleo estrutural (dobramento)
BRCA1,RING,p.Pro34Phe,34,P,F,-13.30747,0.8425,0.04019088877848327,8.50258731842041,False,Núcleo estrutural (dobramento)
BRCA1,RING,p.Pro34Gly,34,P,G,-11.45173,0.7211,0.04019088877848327,8.50258731842041,False,Núcleo estrutural (dobramento)
BRCA1,RING,p.Pro34His,34,P,H,-8.87921,0.782,0.04019088877848327,8.50258731842041,False,Núcleo estrutural (dobramento)
BRCA1,RING,p.Pro34Ile,34,P,I,-11.50317,0.7463,0.04019088877848327,8.50258731842041,False,Núcleo estrutural (dobramento)
BRCA1,RING,p.Pro34Lys,34,P,K,-10.75556,0.8063,0.04019088877848327,8.50258731842041,False,Núcleo estrutural (dobramento)
BRCA1,RING,p.Pro34Leu,34,P,L,-9.50734,0.7216,0.04019088877848327,8.50258731842041,False,Núcleo estrutural (dobramento)
BRCA1,RING,p.Pro34Met,34,P,M,-10.24761,0.7777,0.04019088877848327,8.50258731842041,False,Núcleo estrutural (dobramento)
BRCA1,RING,p.Pro34Gln,34,P,Q,-7.40866,0.7144,0.04019088877848327,8.50258731842041,False,Núcleo estrutural (dobramento)
BRCA1,RING,p.Pro34Arg,34,P,R,-10.50134,0.859,0.04019088877848327,8.50258731842041,False,Núcleo estrutural (dobramento)
BRCA1,RING,p.Pro34Val,34,P,V,-8.89972,0.719,0.04019088877848327,8.50258731842041,False,Núcleo estrutural (dobramento)
BRCA1,RING,p.Pro34Trp,34,P,W,-13.41545,0.8163,0.04019088877848327,8.50258731842041,False,Núcleo estrutural (dobramento)
BRCA1,RING,p.Pro34Tyr,34,P,Y,-13.27773,0.8008,0.04019088877848327,8.50258731842041,False,Núcleo estrutural (dobramento)
BRCA1,RING,p.Val35Ala,35,V,A,-6.12674,0.7129,0.0,8.168176651000977,False,Núcleo estrutural (dobramento)
BRCA1,RING,p.Val35Asp,35,V,D,-13.69078,0.9105,0.0,8.168176651000977,False,Núcleo estrutural (dobramento)
BRCA1,RING,p.Val35Glu,35,V,E,-10.98174,0.9546,0.0,8.168176651000977,False,Núcleo estrutural (dobramento)
BRCA1,RING,p.Val35Phe,35,V,F,-9.61755,0.8141,0.0,8.168176651000977,False,Núcleo estrutural (dobramento)
BRCA1,RING,p.Val35Gly,35,V,G,-10.9899,0.9226,0.0,8.168176651000977,False,Núcleo estrutural (dobramento)
BRCA1,RING,p.Val35His,35,V,H,-12.04236,0.8883,0.0,8.168176651000977,False,Núcleo estrutural (dobramento)
BRCA1,RING,p.Val35Lys,35,V,K,-10.16958,0.9145,0.0,8.168176651000977,False,Núcleo estrutural (dobramento)
BRCA1,RING,p.Val35Asn,35,V,N,-11.27085,0.9241,0.0,8.168176651000977,False,Núcleo estrutural (dobramento)
BRCA1,RING,p.Val35Pro,35,V,P,-13.99548,0.9433,0.0,8.168176651000977,False,Núcleo estrutural (dobramento)
BRCA1,RING,p.Val35Gln,35,V,Q,-9.6618,0.9543,0.0,8.168176651000977,False,Núcleo estrutural (dobramento)
BRCA1,RING,p.Val35Arg,35,V,R,-12.05119,0.8711,0.0,8.168176651000977,False,Núcleo estrutural (dobramento)
BRCA1,RING,p.Val35Ser,35,V,S,-8.6789,0.848,0.0,8.168176651000977,False,Núcleo estrutural (dobramento)
BRCA1,RING,p.Val35Trp,35,V,W,-13.19744,0.9074,0.0,8.168176651000977,False,Núcleo estrutural (dobramento)
BRCA1,RING,p.Val35Tyr,35,V,Y,-10.73994,0.9355,0.0,8.168176651000977,False,Núcleo estrutural (dobramento)
BRCA1,RING,p.Ser36Asp,36,S,D,-10.29436,0.7511,0.14505288634131866,9.714481353759766,True,Interface BARD1
BRCA1,RING,p.Ser36Glu,36,S,E,-7.45913,0.7087,0.14505288634131866,9.714481353759766,True,Interface BARD1
BRCA1,RING,p.Ser36Phe,36,S,F,-6.20327,0.7925,0.14505288634131866,9.714481353759766,True,Interface BARD1
BRCA1,RING,p.Ser36His,36,S,H,-8.3444,0.7349,0.14505288634131866,9.714481353759766,True,Interface BARD1
BRCA1,RING,p.Ser36Lys,36,S,K,-7.25692,0.7726,0.14505288634131866,9.714481353759766,True,Interface BARD1
BRCA1,RING,p.Ser36Trp,36,S,W,-7.94322,0.7385,0.14505288634131866,9.714481353759766,True,Interface BARD1
BRCA1,RING,p.Thr37Asp,37,T,D,-12.22737,0.7,0.024917651722388846,5.9513020515441895,False,Núcleo estrutural (dobramento)
BRCA1,RING,p.Thr37Glu,37,T,E,-11.34921,0.7973,0.024917651722388846,5.9513020515441895,False,Núcleo estrutural (dobramento)
BRCA1,RING,p.Thr37Phe,37,T,F,-11.93054,0.8312,0.024917651722388846,5.9513020515441895,False,Núcleo estrutural (dobramento)
BRCA1,RING,p.Thr37His,37,T,H,-14.33411,0.7918,0.024917651722388846,5.9513020515441895,False,Núcleo estrutural (dobramento)
BRCA1,RING,p.Thr37Ile,37,T,I,-6.61777,0.7607,0.024917651722388846,5.9513020515441895,False,Núcleo estrutural (dobramento)
BRCA1,RING,p.Thr37Lys,37,T,K,-12.11689,0.9007,0.024917651722388846,5.9513020515441895,False,Núcleo estrutural (dobramento)
BRCA1,RING,p.Thr37Leu,37,T,L,-8.76844,0.7779,0.024917651722388846,5.9513020515441895,False,Núcleo estrutural (dobramento)
BRCA1,RING,p.Thr37Met,37,T,M,-8.84066,0.7073,0.024917651722388846,5.9513020515441895,False,Núcleo estrutural (dobramento)
BRCA1,RING,p.Thr37Pro,37,T,P,-10.55341,0.686,0.024917651722388846,5.9513020515441895,False,Núcleo estrutural (dobramento)
BRCA1,RING,p.Thr37Arg,37,T,R,-12.29448,0.8775,0.024917651722388846,5.9513020515441895,False,Núcleo estrutural (dobramento)
BRCA1,RING,p.Thr37Val,37,T,V,-6.62881,0.7458,0.024917651722388846,5.9513020515441895,False,Núcleo estrutural (dobramento)
BRCA1,RING,p.Thr37Trp,37,T,W,-14.36032,0.7766,0.024917651722388846,5.9513020515441895,False,Núcleo estrutural (dobramento)
BRCA1,RING,p.Thr37Tyr,37,T,Y,-13.76384,0.7159,0.024917651722388846,5.9513020515441895,False,Núcleo estrutural (dobramento)
BRCA1,RING,p.Lys38Ala,38,K,A,-7.61098,0.7562,0.5662453988956712,6.936322212219238,True,Interface BARD1
BRCA1,RING,p.Lys38Cys,38,K,C,-9.26957,0.7764,0.5662453988956712,6.936322212219238,True,Interface BARD1
BRCA1,RING,p.Lys38Glu,38,K,E,-9.88464,0.6818,0.5662453988956712,6.936322212219238,True,Interface BARD1
BRCA1,RING,p.Lys38Phe,38,K,F,-10.80137,0.8088,0.5662453988956712,6.936322212219238,True,Interface BARD1
BRCA1,RING,p.Lys38Gly,38,K,G,-9.13364,0.7619,0.5662453988956712,6.936322212219238,True,Interface BARD1
BRCA1,RING,p.Lys38Ile,38,K,I,-7.17588,0.7089,0.5662453988956712,6.936322212219238,True,Interface BARD1
BRCA1,RING,p.Lys38Leu,38,K,L,-8.64223,0.7417,0.5662453988956712,6.936322212219238,True,Interface BARD1
BRCA1,RING,p.Lys38Met,38,K,M,-7.56914,0.7298,0.5662453988956712,6.936322212219238,True,Interface BARD1
BRCA1,RING,p.Lys38Pro,38,K,P,-8.02341,0.7863,0.5662453988956712,6.936322212219238,True,Interface BARD1
BRCA1,RING,p.Lys38Val,38,K,V,-7.96903,0.7975,0.5662453988956712,6.936322212219238,True,Interface BARD1
BRCA1,RING,p.Lys38Trp,38,K,W,-10.47632,0.8222,0.5662453988956712,6.936322212219238,True,Interface BARD1
BRCA1,RING,p.Lys38Tyr,38,K,Y,-10.52704,0.7806,0.5662453988956712,6.936322212219238,True,Interface BARD1
BRCA1,RING,p.Cys39Ala,39,C,A,-13.35115,0.8132,0.21048234342227887,2.3889987468719482,True,Coordenação de zinco
BRCA1,RING,p.Cys39Asp,39,C,D,-13.52698,0.9352,0.21048234342227887,2.3889987468719482,True,Coordenação de zinco
BRCA1,RING,p.Cys39Glu,39,C,E,-13.93476,0.9802,0.21048234342227887,2.3889987468719482,True,Coordenação de zinco
BRCA1,RING,p.Cys39Phe,39,C,F,-10.65569,0.9559,0.21048234342227887,2.3889987468719482,True,Coordenação de zinco
BRCA1,RING,p.Cys39Gly,39,C,G,-12.26054,0.9974,0.21048234342227887,2.3889987468719482,True,Coordenação de zinco
BRCA1,RING,p.Cys39His,39,C,H,-11.61951,0.9508,0.21048234342227887,2.3889987468719482,True,Coordenação de zinco
BRCA1,RING,p.Cys39Lys,39,C,K,-13.38439,0.9721,0.21048234342227887,2.3889987468719482,True,Coordenação de zinco
BRCA1,RING,p.Cys39Met,39,C,M,-15.05448,0.7669,0.21048234342227887,2.3889987468719482,True,Coordenação de zinco
BRCA1,RING,p.Cys39Asn,39,C,N,-13.31613,0.9377,0.21048234342227887,2.3889987468719482,True,Coordenação de zinco
BRCA1,RING,p.Cys39Pro,39,C,P,-15.09521,0.8794,0.21048234342227887,2.3889987468719482,True,Coordenação de zinco
BRCA1,RING,p.Cys39Gln,39,C,Q,-14.13269,0.9637,0.21048234342227887,2.3889987468719482,True,Coordenação de zinco
BRCA1,RING,p.Cys39Arg,39,C,R,-10.4164,0.9865,0.21048234342227887,2.3889987468719482,True,Coordenação de zinco
BRCA1,RING,p.Cys39Ser,39,C,S,-10.89193,0.9673,0.21048234342227887,2.3889987468719482,True,Coordenação de zinco
BRCA1,RING,p.Cys39Thr,39,C,T,-13.26326,0.8764,0.21048234342227887,2.3889987468719482,True,Coordenação de zinco
BRCA1,RING,p.Cys39Trp,39,C,W,-11.31734,0.9873,0.21048234342227887,2.3889987468719482,True,Coordenação de zinco
BRCA1,RING,p.Cys39Tyr,39,C,Y,-9.30135,0.9967,0.21048234342227887,2.3889987468719482,True,Coordenação de zinco
BRCA1,RING,p.Asp40Ala,40,D,A,-9.44429,0.8171,0.6163233114146313,6.053708553314209,True,Interface BARD1
BRCA1,RING,p.Asp40Cys,40,D,C,-10.30728,0.762,0.6163233114146313,6.053708553314209,True,Interface BARD1
BRCA1,RING,p.Asp40Phe,40,D,F,-12.48513,0.8388,0.6163233114146313,6.053708553314209,True,Interface BARD1
BRCA1,RING,p.Asp40Gly,40,D,G,-8.50219,0.7574,0.6163233114146313,6.053708553314209,True,Interface BARD1
BRCA1,RING,p.Asp40Ile,40,D,I,-11.96121,0.7748,0.6163233114146313,6.053708553314209,True,Interface BARD1
BRCA1,RING,p.Asp40Leu,40,D,L,-11.67884,0.7997,0.6163233114146313,6.053708553314209,True,Interface BARD1
BRCA1,RING,p.Asp40Met,40,D,M,-10.90101,0.8102,0.6163233114146313,6.053708553314209,True,Interface BARD1
BRCA1,RING,p.Asp40Pro,40,D,P,-14.29334,0.7758,0.6163233114146313,6.053708553314209,True,Interface BARD1
BRCA1,RING,p.Asp40Arg,40,D,R,-11.31766,0.7081,0.6163233114146313,6.053708553314209,True,Interface BARD1
BRCA1,RING,p.Asp40Ser,40,D,S,-8.18214,0.7012,0.6163233114146313,6.053708553314209,True,Interface BARD1
BRCA1,RING,p.Asp40Val,40,D,V,-10.85444,0.8413,0.6163233114146313,6.053708553314209,True,Interface BARD1
BRCA1,RING,p.Asp40Trp,40,D,W,-14.17473,0.7828,0.6163233114146313,6.053708553314209,True,Interface BARD1
BRCA1,RING,p.Asp40Tyr,40,D,Y,-10.96691,0.7939,0.6163233114146313,6.053708553314209,True,Interface BARD1
BRCA1,RING,p.His41Ala,41,H,A,-13.50706,0.823,0.23438945939548522,1.9510999917984009,True,Coordenação de zinco
BRCA1,RING,p.His41Cys,41,H,C,-11.1552,0.8777,0.23438945939548522,1.9510999917984009,True,Coordenação de zinco
BRCA1,RING,p.His41Asp,41,H,D,-9.70762,0.8482,0.23438945939548522,1.9510999917984009,True,Coordenação de zinco
BRCA1,RING,p.His41Glu,41,H,E,-13.55837,0.7905,0.23438945939548522,1.9510999917984009,True,Coordenação de zinco
BRCA1,RING,p.His41Phe,41,H,F,-12.79781,0.8133,0.23438945939548522,1.9510999917984009,True,Coordenação de zinco
BRCA1,RING,p.His41Gly,41,H,G,-14.06691,0.8353,0.23438945939548522,1.9510999917984009,True,Coordenação de zinco
BRCA1,RING,p.His41Ile,41,H,I,-14.28022,0.827,0.23438945939548522,1.9510999917984009,True,Coordenação de zinco
BRCA1,RING,p.His41Lys,41,H,K,-13.34596,0.7149,0.23438945939548522,1.9510999917984009,True,Coordenação de zinco
BRCA1,RING,p.His41Leu,41,H,L,-11.99962,0.8436,0.23438945939548522,1.9510999917984009,True,Coordenação de zinco
BRCA1,RING,p.His41Met,41,H,M,-15.4435,0.8274,0.23438945939548522,1.9510999917984009,True,Coordenação de zinco
BRCA1,RING,p.His41Asn,41,H,N,-11.10794,0.7289,0.23438945939548522,1.9510999917984009,True,Coordenação de zinco
BRCA1,RING,p.His41Pro,41,H,P,-11.02811,0.8481,0.23438945939548522,1.9510999917984009,True,Coordenação de zinco
BRCA1,RING,p.His41Gln,41,H,Q,-11.3427,0.763,0.23438945939548522,1.9510999917984009,True,Coordenação de zinco
BRCA1,RING,p.His41Arg,41,H,R,-10.23733,0.7561,0.23438945939548522,1.9510999917984009,True,Coordenação de zinco
BRCA1,RING,p.His41Ser,41,H,S,-13.65085,0.8413,0.23438945939548522,1.9510999917984009,True,Coordenação de zinco
BRCA1,RING,p.His41Thr,41,H,T,-14.04841,0.7998,0.23438945939548522,1.9510999917984009,True,Coordenação de zinco
BRCA1,RING,p.His41Val,41,H,V,-13.8191,0.864,0.23438945939548522,1.9510999917984009,True,Coordenação de zinco
BRCA1,RING,p.His41Trp,41,H,W,-14.77839,0.8638,0.23438945939548522,1.9510999917984009,True,Coordenação de zinco
BRCA1,RING,p.His41Tyr,41,H,Y,-9.62284,0.7979,0.23438945939548522,1.9510999917984009,True,Coordenação de zinco
BRCA1,RING,p.Ile42Trp,42,I,W,-6.69586,0.8367,0.09917864482845501,7.409769058227539,True,Interface BARD1
BRCA1,RING,p.Phe43Ala,43,F,A,-11.65714,0.7838,0.0,4.879166126251221,False,Núcleo estrutural (dobramento)
BRCA1,RING,p.Phe43Cys,43,F,C,-9.15784,0.7768,0.0,4.879166126251221,False,Núcleo estrutural (dobramento)
BRCA1,RING,p.Phe43Asp,43,F,D,-15.90274,0.8971,0.0,4.879166126251221,False,Núcleo estrutural (dobramento)
BRCA1,RING,p.Phe43Glu,43,F,E,-17.06353,0.9057,0.0,4.879166126251221,False,Núcleo estrutural (dobramento)
BRCA1,RING,p.Phe43Gly,43,F,G,-13.45243,0.9145,0.0,4.879166126251221,False,Núcleo estrutural (dobramento)
BRCA1,RING,p.Phe43His,43,F,H,-11.7624,0.8842,0.0,4.879166126251221,False,Núcleo estrutural (dobramento)
BRCA1,RING,p.Phe43Lys,43,F,K,-16.99346,0.9024,0.0,4.879166126251221,False,Núcleo estrutural (dobramento)
BRCA1,RING,p.Phe43Asn,43,F,N,-14.07896,0.9003,0.0,4.879166126251221,False,Núcleo estrutural (dobramento)
BRCA1,RING,p.Phe43Pro,43,F,P,-15.99692,0.9271,0.0,4.879166126251221,False,Núcleo estrutural (dobramento)
BRCA1,RING,p.Phe43Gln,43,F,Q,-14.7424,0.9117,0.0,4.879166126251221,False,Núcleo estrutural (dobramento)
BRCA1,RING,p.Phe43Arg,43,F,R,-15.51966,0.868,0.0,4.879166126251221,False,Núcleo estrutural (dobramento)
BRCA1,RING,p.Phe43Ser,43,F,S,-10.23617,0.8601,0.0,4.879166126251221,False,Núcleo estrutural (dobramento)
BRCA1,RING,p.Phe43Thr,43,F,T,-12.58565,0.8784,0.0,4.879166126251221,False,Núcleo estrutural (dobramento)
BRCA1,RING,p.Phe43Trp,43,F,W,-12.4288,0.8064,0.0,4.879166126251221,False,Núcleo estrutural (dobramento)
BRCA1,RING,p.Cys44Ala,44,C,A,-11.91585,0.8132,0.12432309261745146,2.4110493659973145,False,Coordenação de zinco
BRCA1,RING,p.Cys44Asp,44,C,D,-6.10199,0.8592,0.12432309261745146,2.4110493659973145,False,Coordenação de zinco
BRCA1,RING,p.Cys44Glu,44,C,E,-9.29005,0.9802,0.12432309261745146,2.4110493659973145,False,Coordenação de zinco
BRCA1,RING,p.Cys44Phe,44,C,F,-9.43566,0.9555,0.12432309261745146,2.4110493659973145,False,Coordenação de zinco
BRCA1,RING,p.Cys44Gly,44,C,G,-6.80137,0.989,0.12432309261745146,2.4110493659973145,False,Coordenação de zinco
BRCA1,RING,p.Cys44His,44,C,H,-10.20021,0.9508,0.12432309261745146,2.4110493659973145,False,Coordenação de zinco
BRCA1,RING,p.Cys44Lys,44,C,K,-11.72072,0.9721,0.12432309261745146,2.4110493659973145,False,Coordenação de zinco
BRCA1,RING,p.Cys44Met,44,C,M,-13.40643,0.7669,0.12432309261745146,2.4110493659973145,False,Coordenação de zinco
BRCA1,RING,p.Cys44Asn,44,C,N,-10.35835,0.9377,0.12432309261745146,2.4110493659973145,False,Coordenação de zinco
BRCA1,RING,p.Cys44Pro,44,C,P,-11.92243,0.8794,0.12432309261745146,2.4110493659973145,False,Coordenação de zinco
BRCA1,RING,p.Cys44Gln,44,C,Q,-12.51372,0.9637,0.12432309261745146,2.4110493659973145,False,Coordenação de zinco
BRCA1,RING,p.Cys44Arg,44,C,R,-8.57997,0.9857,0.12432309261745146,2.4110493659973145,False,Coordenação de zinco
BRCA1,RING,p.Cys44Ser,44,C,S,-7.46723,0.9402,0.12432309261745146,2.4110493659973145,False,Coordenação de zinco
BRCA1,RING,p.Cys44Thr,44,C,T,-12.6615,0.8764,0.12432309261745146,2.4110493659973145,False,Coordenação de zinco
BRCA1,RING,p.Cys44Trp,44,C,W,-7.72386,0.9804,0.12432309261745146,2.4110493659973145,False,Coordenação de zinco
BRCA1,RING,p.Cys44Tyr,44,C,Y,-8.19669,0.9967,0.12432309261745146,2.4110493659973145,False,Coordenação de zinco
BRCA1,RING,p.Lys45Ala,45,K,A,-7.79087,0.7595,0.30026437378348336,6.378838539123535,False,Intermediário
BRCA1,RING,p.Lys45Cys,45,K,C,-6.75059,0.748,0.30026437378348336,6.378838539123535,False,Intermediário
BRCA1,RING,p.Lys45Phe,45,K,F,-8.19192,0.7914,0.30026437378348336,6.378838539123535,False,Intermediário
BRCA1,RING,p.Lys45Gly,45,K,G,-7.87475,0.7445,0.30026437378348336,6.378838539123535,False,Intermediário
BRCA1,RING,p.Lys45Ile,45,K,I,-10.39496,0.7361,0.30026437378348336,6.378838539123535,False,Intermediário
BRCA1,RING,p.Lys45Leu,45,K,L,-6.71476,0.7074,0.30026437378348336,6.378838539123535,False,Intermediário
BRCA1,RING,p.Lys45Met,45,K,M,-6.89895,0.7302,0.30026437378348336,6.378838539123535,False,Intermediário
BRCA1,RING,p.Lys45Pro,45,K,P,-11.23766,0.7953,0.30026437378348336,6.378838539123535,False,Intermediário
BRCA1,RING,p.Lys45Val,45,K,V,-9.12545,0.8122,0.30026437378348336,6.378838539123535,False,Intermediário
BRCA1,RING,p.Lys45Trp,45,K,W,-7.38355,0.7945,0.30026437378348336,6.378838539123535,False,Intermediário
BRCA1,RING,p.Phe46Ala,46,F,A,-8.54156,0.7709,0.5494279031985628,5.846075534820557,False,Superfície
BRCA1,RING,p.Phe46Cys,46,F,C,-7.31472,0.7588,0.5494279031985628,5.846075534820557,False,Superfície
BRCA1,RING,p.Phe46Asp,46,F,D,-11.08353,0.8971,0.5494279031985628,5.846075534820557,False,Superfície
BRCA1,RING,p.Phe46Glu,46,F,E,-11.48139,0.9057,0.5494279031985628,5.846075534820557,False,Superfície
BRCA1,RING,p.Phe46Gly,46,F,G,-10.5847,0.9006,0.5494279031985628,5.846075534820557,False,Superfície
BRCA1,RING,p.Phe46His,46,F,H,-7.16852,0.8328,0.5494279031985628,5.846075534820557,False,Superfície
BRCA1,RING,p.Phe46Lys,46,F,K,-12.97442,0.9024,0.5494279031985628,5.846075534820557,False,Superfície
BRCA1,RING,p.Phe46Asn,46,F,N,-9.38863,0.897,0.5494279031985628,5.846075534820557,False,Superfície
BRCA1,RING,p.Phe46Pro,46,F,P,-9.70485,0.9257,0.5494279031985628,5.846075534820557,False,Superfície
BRCA1,RING,p.Phe46Gln,46,F,Q,-10.28373,0.9117,0.5494279031985628,5.846075534820557,False,Superfície
BRCA1,RING,p.Phe46Arg,46,F,R,-11.58967,0.868,0.5494279031985628,5.846075534820557,False,Superfície
BRCA1,RING,p.Phe46Ser,46,F,S,-7.80199,0.8493,0.5494279031985628,5.846075534820557,False,Superfície
BRCA1,RING,p.Phe46Thr,46,F,T,-9.20398,0.877,0.5494279031985628,5.846075534820557,False,Superfície
BRCA1,RING,p.Phe46Trp,46,F,W,-9.48707,0.8064,0.5494279031985628,5.846075534820557,False,Superfície
BRCA1,RING,p.Cys47Ala,47,C,A,-13.04885,0.8132,0.07417379265240143,2.4127986431121826,False,Coordenação de zinco
BRCA1,RING,p.Cys47Asp,47,C,D,-9.62644,0.9352,0.07417379265240143,2.4127986431121826,False,Coordenação de zinco
BRCA1,RING,p.Cys47Glu,47,C,E,-12.01583,0.9802,0.07417379265240143,2.4127986431121826,False,Coordenação de zinco
BRCA1,RING,p.Cys47Phe,47,C,F,-9.00493,0.9547,0.07417379265240143,2.4127986431121826,False,Coordenação de zinco
BRCA1,RING,p.Cys47Gly,47,C,G,-10.83508,0.9972,0.07417379265240143,2.4127986431121826,False,Coordenação de zinco
BRCA1,RING,p.Cys47His,47,C,H,-8.66766,0.9505,0.07417379265240143,2.4127986431121826,False,Coordenação de zinco
BRCA1,RING,p.Cys47Lys,47,C,K,-12.77253,0.9721,0.07417379265240143,2.4127986431121826,False,Coordenação de zinco
BRCA1,RING,p.Cys47Met,47,C,M,-15.22723,0.7669,0.07417379265240143,2.4127986431121826,False,Coordenação de zinco
BRCA1,RING,p.Cys47Asn,47,C,N,-11.25055,0.9377,0.07417379265240143,2.4127986431121826,False,Coordenação de zinco
BRCA1,RING,p.Cys47Pro,47,C,P,-12.45185,0.8794,0.07417379265240143,2.4127986431121826,False,Coordenação de zinco
BRCA1,RING,p.Cys47Gln,47,C,Q,-12.12309,0.9637,0.07417379265240143,2.4127986431121826,False,Coordenação de zinco
BRCA1,RING,p.Cys47Arg,47,C,R,-9.04033,0.9861,0.07417379265240143,2.4127986431121826,False,Coordenação de zinco
BRCA1,RING,p.Cys47Ser,47,C,S,-10.17837,0.9673,0.07417379265240143,2.4127986431121826,False,Coordenação de zinco
BRCA1,RING,p.Cys47Thr,47,C,T,-13.76338,0.8764,0.07417379265240143,2.4127986431121826,False,Coordenação de zinco
BRCA1,RING,p.Cys47Trp,47,C,W,-9.46188,0.9873,0.07417379265240143,2.4127986431121826,False,Coordenação de zinco
BRCA1,RING,p.Cys47Tyr,47,C,Y,-8.26862,0.9967,0.07417379265240143,2.4127986431121826,False,Coordenação de zinco
BRCA1,RING,p.Met48Ala,48,M,A,-9.32495,0.7707,0.0,6.892526149749756,False,Núcleo estrutural (dobramento)
BRCA1,RING,p.Met48Cys,48,M,C,-12.06137,0.7319,0.0,6.892526149749756,False,Núcleo estrutural (dobramento)
BRCA1,RING,p.Met48Asp,48,M,D,-14.52383,0.9535,0.0,6.892526149749756,False,Núcleo estrutural (dobramento)
BRCA1,RING,p.Met48Glu,48,M,E,-14.76753,0.9507,0.0,6.892526149749756,False,Núcleo estrutural (dobramento)
BRCA1,RING,p.Met48Gly,48,M,G,-13.48699,0.8862,0.0,6.892526149749756,False,Núcleo estrutural (dobramento)
BRCA1,RING,p.Met48His,48,M,H,-14.11023,0.942,0.0,6.892526149749756,False,Núcleo estrutural (dobramento)
BRCA1,RING,p.Met48Lys,48,M,K,-14.06795,0.9742,0.0,6.892526149749756,False,Núcleo estrutural (dobramento)
BRCA1,RING,p.Met48Asn,48,M,N,-13.06383,0.9374,0.0,6.892526149749756,False,Núcleo estrutural (dobramento)
BRCA1,RING,p.Met48Pro,48,M,P,-15.15669,0.9531,0.0,6.892526149749756,False,Núcleo estrutural (dobramento)
BRCA1,RING,p.Met48Gln,48,M,Q,-12.79725,0.9503,0.0,6.892526149749756,False,Núcleo estrutural (dobramento)
BRCA1,RING,p.Met48Arg,48,M,R,-15.81492,0.9906,0.0,6.892526149749756,False,Núcleo estrutural (dobramento)
BRCA1,RING,p.Met48Ser,48,M,S,-10.33347,0.9051,0.0,6.892526149749756,False,Núcleo estrutural (dobramento)
BRCA1,RING,p.Met48Thr,48,M,T,-7.51074,0.8833,0.0,6.892526149749756,False,Núcleo estrutural (dobramento)
BRCA1,RING,p.Met48Val,48,M,V,-6.67986,0.8021,0.0,6.892526149749756,False,Núcleo estrutural (dobramento)
BRCA1,RING,p.Met48Trp,48,M,W,-13.56436,0.9201,0.0,6.892526149749756,False,Núcleo estrutural (dobramento)
BRCA1,RING,p.Met48Tyr,48,M,Y,-11.90629,0.945,0.0,6.892526149749756,False,Núcleo estrutural (dobramento)
BRCA1,RING,p.Leu49Ala,49,L,A,-8.43801,0.7383,0.30541282133435815,8.725432395935059,False,Intermediário
BRCA1,RING,p.Leu49Asp,49,L,D,-10.91317,0.8964,0.30541282133435815,8.725432395935059,False,Intermediário
BRCA1,RING,p.Leu49Glu,49,L,E,-9.83918,0.9122,0.30541282133435815,8.725432395935059,False,Intermediário
BRCA1,RING,p.Leu49Gly,49,L,G,-10.21755,0.9193,0.30541282133435815,8.725432395935059,False,Intermediário
BRCA1,RING,p.Leu49His,49,L,H,-6.00923,0.7725,0.30541282133435815,8.725432395935059,False,Intermediário
BRCA1,RING,p.Leu49Lys,49,L,K,-9.07447,0.8742,0.30541282133435815,8.725432395935059,False,Intermediário
BRCA1,RING,p.Leu49Asn,49,L,N,-8.01117,0.8926,0.30541282133435815,8.725432395935059,False,Intermediário
BRCA1,RING,p.Leu49Pro,49,L,P,-11.74357,0.9841,0.30541282133435815,8.725432395935059,False,Intermediário
BRCA1,RING,p.Leu49Gln,49,L,Q,-6.42906,0.8321,0.30541282133435815,8.725432395935059,False,Intermediário
BRCA1,RING,p.Leu49Arg,49,L,R,-9.27749,0.8532,0.30541282133435815,8.725432395935059,False,Intermediário
BRCA1,RING,p.Leu49Ser,49,L,S,-8.63471,0.8326,0.30541282133435815,8.725432395935059,False,Intermediário
BRCA1,RING,p.Leu49Thr,49,L,T,-7.89087,0.8381,0.30541282133435815,8.725432395935059,False,Intermediário
BRCA1,RING,p.Leu49Trp,49,L,W,-8.76915,0.8649,0.30541282133435815,8.725432395935059,False,Intermediário
BRCA1,RING,p.Lys50Ala,50,K,A,-11.70973,0.7827,0.48531930332252593,7.9067277908325195,False,Superfície
BRCA1,RING,p.Lys50Cys,50,K,C,-11.94692,0.7833,0.48531930332252593,7.9067277908325195,False,Superfície
BRCA1,RING,p.Lys50Glu,50,K,E,-9.39811,0.6818,0.48531930332252593,7.9067277908325195,False,Superfície
BRCA1,RING,p.Lys50Phe,50,K,F,-13.90523,0.8088,0.48531930332252593,7.9067277908325195,False,Superfície
BRCA1,RING,p.Lys50Gly,50,K,G,-10.38599,0.7664,0.48531930332252593,7.9067277908325195,False,Superfície
BRCA1,RING,p.Lys50Ile,50,K,I,-10.25457,0.7361,0.48531930332252593,7.9067277908325195,False,Superfície
BRCA1,RING,p.Lys50Leu,50,K,L,-10.43065,0.7527,0.48531930332252593,7.9067277908325195,False,Superfície
BRCA1,RING,p.Lys50Met,50,K,M,-8.01565,0.7456,0.48531930332252593,7.9067277908325195,False,Superfície
BRCA1,RING,p.Lys50Pro,50,K,P,-15.65537,0.7953,0.48531930332252593,7.9067277908325195,False,Superfície
BRCA1,RING,p.Lys50Ser,50,K,S,-9.01068,0.7055,0.48531930332252593,7.9067277908325195,False,Superfície
BRCA1,RING,p.Lys50Val,50,K,V,-11.80302,0.8142,0.48531930332252593,7.9067277908325195,False,Superfície
BRCA1,RING,p.Lys50Trp,50,K,W,-13.0133,0.8222,0.48531930332252593,7.9067277908325195,False,Superfície
BRCA1,RING,p.Lys50Tyr,50,K,Y,-13.07568,0.7806,0.48531930332252593,7.9067277908325195,False,Superfície
BRCA1,RING,p.Leu51Ala,51,L,A,-9.22558,0.7406,0.16528215917005643,8.71912956237793,False,Intermediário
BRCA1,RING,p.Leu51Asp,51,L,D,-12.01441,0.8964,0.16528215917005643,8.71912956237793,False,Intermediário
BRCA1,RING,p.Leu51Glu,51,L,E,-11.12632,0.9122,0.16528215917005643,8.71912956237793,False,Intermediário
BRCA1,RING,p.Leu51Gly,51,L,G,-13.37439,0.9386,0.16528215917005643,8.71912956237793,False,Intermediário
BRCA1,RING,p.Leu51His,51,L,H,-8.30099,0.8485,0.16528215917005643,8.71912956237793,False,Intermediário
BRCA1,RING,p.Leu51Lys,51,L,K,-12.31889,0.8768,0.16528215917005643,8.71912956237793,False,Intermediário
BRCA1,RING,p.Leu51Asn,51,L,N,-10.63739,0.918,0.16528215917005643,8.71912956237793,False,Intermediário
BRCA1,RING,p.Leu51Pro,51,L,P,-12.13854,0.9849,0.16528215917005643,8.71912956237793,False,Intermediário
BRCA1,RING,p.Leu51Gln,51,L,Q,-10.33361,0.9118,0.16528215917005643,8.71912956237793,False,Intermediário
BRCA1,RING,p.Leu51Arg,51,L,R,-10.38205,0.8519,0.16528215917005643,8.71912956237793,False,Intermediário
BRCA1,RING,p.Leu51Ser,51,L,S,-10.71841,0.8337,0.16528215917005643,8.71912956237793,False,Intermediário
BRCA1,RING,p.Leu51Thr,51,L,T,-9.78995,0.8548,0.16528215917005643,8.71912956237793,False,Intermediário
BRCA1,RING,p.Leu51Trp,51,L,W,-9.27333,0.8676,0.16528215917005643,8.71912956237793,False,Intermediário
BRCA1,RING,p.Leu51Tyr,51,L,Y,-7.93585,0.9083,0.16528215917005643,8.71912956237793,False,Intermediário
BRCA1,RING,p.Leu52Ala,52,L,A,-10.88256,0.7393,0.11665618170262447,11.508307456970215,False,Núcleo estrutural (dobramento)
BRCA1,RING,p.Leu52Asp,52,L,D,-16.4135,0.8964,0.11665618170262447,11.508307456970215,False,Núcleo estrutural (dobramento)
BRCA1,RING,p.Leu52Glu,52,L,E,-14.45698,0.9122,0.11665618170262447,11.508307456970215,False,Núcleo estrutural (dobramento)
BRCA1,RING,p.Leu52Gly,52,L,G,-12.6922,0.9386,0.11665618170262447,11.508307456970215,False,Núcleo estrutural (dobramento)
BRCA1,RING,p.Leu52His,52,L,H,-11.90052,0.8602,0.11665618170262447,11.508307456970215,False,Núcleo estrutural (dobramento)
BRCA1,RING,p.Leu52Lys,52,L,K,-11.94295,0.8768,0.11665618170262447,11.508307456970215,False,Núcleo estrutural (dobramento)
BRCA1,RING,p.Leu52Asn,52,L,N,-13.15436,0.9175,0.11665618170262447,11.508307456970215,False,Núcleo estrutural (dobramento)
BRCA1,RING,p.Leu52Pro,52,L,P,-9.45903,0.9856,0.11665618170262447,11.508307456970215,False,Núcleo estrutural (dobramento)
BRCA1,RING,p.Leu52Gln,52,L,Q,-9.07273,0.9118,0.11665618170262447,11.508307456970215,False,Núcleo estrutural (dobramento)
BRCA1,RING,p.Leu52Arg,52,L,R,-10.62817,0.8532,0.11665618170262447,11.508307456970215,False,Núcleo estrutural (dobramento)
BRCA1,RING,p.Leu52Ser,52,L,S,-9.01059,0.8335,0.11665618170262447,11.508307456970215,False,Núcleo estrutural (dobramento)
BRCA1,RING,p.Leu52Thr,52,L,T,-10.07084,0.8544,0.11665618170262447,11.508307456970215,False,Núcleo estrutural (dobramento)
BRCA1,RING,p.Leu52Trp,52,L,W,-10.23792,0.8676,0.11665618170262447,11.508307456970215,False,Núcleo estrutural (dobramento)
BRCA1,RING,p.Leu52Tyr,52,L,Y,-10.75344,0.9173,0.11665618170262447,11.508307456970215,False,Núcleo estrutural (dobramento)
BRCA1,RING,p.Asn53Ala,53,N,A,-6.48533,0.7123,0.574795007239239,12.830836296081543,False,Superfície
BRCA1,RING,p.Asn53Phe,53,N,F,-10.66074,0.7766,0.574795007239239,12.830836296081543,False,Superfície
BRCA1,RING,p.Asn53Met,53,N,M,-8.54448,0.6867,0.574795007239239,12.830836296081543,False,Superfície
BRCA1,RING,p.Asn53Trp,53,N,W,-10.61572,0.718,0.574795007239239,12.830836296081543,False,Superfície
BRCA1,RING,p.Gln54Ala,54,Q,A,-8.8824,0.7745,0.23650674648568032,12.92397689819336,False,Intermediário
BRCA1,RING,p.Gln54Cys,54,Q,C,-8.36282,0.782,0.23650674648568032,12.92397689819336,False,Intermediário
BRCA1,RING,p.Gln54Phe,54,Q,F,-8.78367,0.7954,0.23650674648568032,12.92397689819336,False,Intermediário
BRCA1,RING,p.Gln54Gly,54,Q,G,-8.38229,0.7527,0.23650674648568032,12.92397689819336,False,Intermediário
BRCA1,RING,p.Gln54Ile,54,Q,I,-6.9167,0.7245,0.23650674648568032,12.92397689819336,False,Intermediário
BRCA1,RING,p.Gln54Leu,54,Q,L,-6.65115,0.7052,0.23650674648568032,12.92397689819336,False,Intermediário
BRCA1,RING,p.Gln54Met,54,Q,M,-8.10366,0.7196,0.23650674648568032,12.92397689819336,False,Intermediário
BRCA1,RING,p.Gln54Pro,54,Q,P,-7.97337,0.8006,0.23650674648568032,12.92397689819336,False,Intermediário
BRCA1,RING,p.Gln54Val,54,Q,V,-7.02913,0.8384,0.23650674648568032,12.92397689819336,False,Intermediário
BRCA1,RING,p.Gln54Trp,54,Q,W,-9.1181,0.7858,0.23650674648568032,12.92397689819336,False,Intermediário
BRCA1,RING,p.Gln54Tyr,54,Q,Y,-8.36011,0.7566,0.23650674648568032,12.92397689819336,False,Intermediário
BRCA1,RING,p.Lys55Ala,55,K,A,-10.20931,0.7822,0.9583358103295955,17.913005828857422,False,Superfície
BRCA1,RING,p.Lys55Cys,55,K,C,-9.58795,0.7764,0.9583358103295955,17.913005828857422,False,Superfície
BRCA1,RING,p.Lys55Glu,55,K,E,-10.37517,0.6923,0.9583358103295955,17.913005828857422,False,Superfície
BRCA1,RING,p.Lys55Phe,55,K,F,-12.19445,0.8088,0.9583358103295955,17.913005828857422,False,Superfície
BRCA1,RING,p.Lys55Gly,55,K,G,-8.8197,0.7562,0.9583358103295955,17.913005828857422,False,Superfície
BRCA1,RING,p.Lys55Ile,55,K,I,-9.65326,0.7353,0.9583358103295955,17.913005828857422,False,Superfície
BRCA1,RING,p.Lys55Leu,55,K,L,-10.99206,0.7527,0.9583358103295955,17.913005828857422,False,Superfície
BRCA1,RING,p.Lys55Met,55,K,M,-10.39269,0.7725,0.9583358103295955,17.913005828857422,False,Superfície
BRCA1,RING,p.Lys55Pro,55,K,P,-11.25678,0.7953,0.9583358103295955,17.913005828857422,False,Superfície
BRCA1,RING,p.Lys55Ser,55,K,S,-7.64886,0.6845,0.9583358103295955,17.913005828857422,False,Superfície
BRCA1,RING,p.Lys55Val,55,K,V,-10.18071,0.8142,0.9583358103295955,17.913005828857422,False,Superfície
BRCA1,RING,p.Lys55Trp,55,K,W,-11.61513,0.8222,0.9583358103295955,17.913005828857422,False,Superfície
BRCA1,RING,p.Lys55Tyr,55,K,Y,-10.52524,0.7806,0.9583358103295955,17.913005828857422,False,Superfície
BRCA1,RING,p.Lys56Ala,56,K,A,-5.68973,0.6988,0.6767397917930718,15.081501960754395,False,Superfície
BRCA1,RING,p.Lys56Cys,56,K,C,-6.71646,0.7437,0.6767397917930718,15.081501960754395,False,Superfície
BRCA1,RING,p.Lys56Phe,56,K,F,-8.4004,0.7953,0.6767397917930718,15.081501960754395,False,Superfície
BRCA1,RING,p.Lys56Gly,56,K,G,-6.26251,0.7319,0.6767397917930718,15.081501960754395,False,Superfície
BRCA1,RING,p.Lys56Ile,56,K,I,-6.02985,0.6831,0.6767397917930718,15.081501960754395,False,Superfície
BRCA1,RING,p.Lys56Leu,56,K,L,-5.98764,0.6846,0.6767397917930718,15.081501960754395,False,Superfície
BRCA1,RING,p.Lys56Met,56,K,M,-6.61627,0.7245,0.6767397917930718,15.081501960754395,False,Superfície
BRCA1,RING,p.Lys56Pro,56,K,P,-6.88419,0.775,0.6767397917930718,15.081501960754395,False,Superfície
BRCA1,RING,p.Lys56Val,56,K,V,-6.30749,0.78,0.6767397917930718,15.081501960754395,False,Superfície
BRCA1,RING,p.Lys56Trp,56,K,W,-8.66704,0.8102,0.6767397917930718,15.081501960754395,False,Superfície
BRCA1,RING,p.Lys56Tyr,56,K,Y,-7.19563,0.7334,0.6767397917930718,15.081501960754395,False,Superfície
BRCA1,RING,p.Gly57Ala,57,G,A,-6.08813,0.7221,0.46357425777711647,14.909086227416992,False,Superfície
BRCA1,RING,p.Gly57Cys,57,G,C,-8.61563,0.8988,0.46357425777711647,14.909086227416992,False,Superfície
BRCA1,RING,p.Gly57Asp,57,G,D,-10.12745,0.9347,0.46357425777711647,14.909086227416992,False,Superfície
BRCA1,RING,p.Gly57Glu,57,G,E,-10.16492,0.9031,0.46357425777711647,14.909086227416992,False,Superfície
BRCA1,RING,p.Gly57Phe,57,G,F,-10.62002,0.8505,0.46357425777711647,14.909086227416992,False,Superfície
BRCA1,RING,p.Gly57His,57,G,H,-10.94173,0.8584,0.46357425777711647,14.909086227416992,False,Superfície
BRCA1,RING,p.Gly57Ile,57,G,I,-10.03953,0.851,0.46357425777711647,14.909086227416992,False,Superfície
BRCA1,RING,p.Gly57Lys,57,G,K,-9.92076,0.9055,0.46357425777711647,14.909086227416992,False,Superfície
BRCA1,RING,p.Gly57Leu,57,G,L,-10.31911,0.8575,0.46357425777711647,14.909086227416992,False,Superfície
BRCA1,RING,p.Gly57Met,57,G,M,-11.05246,0.7964,0.46357425777711647,14.909086227416992,False,Superfície
BRCA1,RING,p.Gly57Asn,57,G,N,-8.90612,0.9005,0.46357425777711647,14.909086227416992,False,Superfície
BRCA1,RING,p.Gly57Pro,57,G,P,-10.01492,0.8319,0.46357425777711647,14.909086227416992,False,Superfície
BRCA1,RING,p.Gly57Gln,57,G,Q,-10.52229,0.9021,0.46357425777711647,14.909086227416992,False,Superfície
BRCA1,RING,p.Gly57Arg,57,G,R,-8.60954,0.8698,0.46357425777711647,14.909086227416992,False,Superfície
BRCA1,RING,p.Gly57Ser,57,G,S,-6.54991,0.7786,0.46357425777711647,14.909086227416992,False,Superfície
BRCA1,RING,p.Gly57Thr,57,G,T,-8.78079,0.7697,0.46357425777711647,14.909086227416992,False,Superfície
BRCA1,RING,p.Gly57Val,57,G,V,-8.56919,0.8873,0.46357425777711647,14.909086227416992,False,Superfície
BRCA1,RING,p.Gly57Trp,57,G,W,-10.90227,0.8904,0.46357425777711647,14.909086227416992,False,Superfície
BRCA1,RING,p.Gly57Tyr,57,G,Y,-10.45741,0.8673,0.46357425777711647,14.909086227416992,False,Superfície
BRCA1,RING,p.Pro58Asp,58,P,D,-9.68197,0.7388,0.5455306488403406,12.31286907196045,False,Superfície
BRCA1,RING,p.Pro58Glu,58,P,E,-8.7783,0.798,0.5455306488403406,12.31286907196045,False,Superfície
BRCA1,RING,p.Pro58Gly,58,P,G,-7.40622,0.679,0.5455306488403406,12.31286907196045,False,Superfície
BRCA1,RING,p.Pro58Trp,58,P,W,-9.29457,0.816,0.5455306488403406,12.31286907196045,False,Superfície
BRCA1,RING,p.Pro58Tyr,58,P,Y,-7.13211,0.7534,0.5455306488403406,12.31286907196045,False,Superfície
BRCA1,RING,p.Ser59Asp,59,S,D,-10.30693,0.7511,0.0,9.213436126708984,False,Núcleo estrutural (dobramento)
BRCA1,RING,p.Ser59Glu,59,S,E,-9.10121,0.7576,0.0,9.213436126708984,False,Núcleo estrutural (dobramento)
BRCA1,RING,p.Ser59Phe,59,S,F,-8.48371,0.8276,0.0,9.213436126708984,False,Núcleo estrutural (dobramento)
BRCA1,RING,p.Ser59His,59,S,H,-6.75477,0.6866,0.0,9.213436126708984,False,Núcleo estrutural (dobramento)
BRCA1,RING,p.Ser59Ile,59,S,I,-7.16883,0.8234,0.0,9.213436126708984,False,Núcleo estrutural (dobramento)
BRCA1,RING,p.Ser59Lys,59,S,K,-5.75198,0.6758,0.0,9.213436126708984,False,Núcleo estrutural (dobramento)
BRCA1,RING,p.Ser59Leu,59,S,L,-6.84858,0.7851,0.0,9.213436126708984,False,Núcleo estrutural (dobramento)
BRCA1,RING,p.Ser59Met,59,S,M,-7.44179,0.7039,0.0,9.213436126708984,False,Núcleo estrutural (dobramento)
BRCA1,RING,p.Ser59Val,59,S,V,-7.02232,0.7648,0.0,9.213436126708984,False,Núcleo estrutural (dobramento)
BRCA1,RING,p.Ser59Trp,59,S,W,-8.29693,0.7463,0.0,9.213436126708984,False,Núcleo estrutural (dobramento)
BRCA1,RING,p.Gln60Gly,60,Q,G,-6.60082,0.7339,0.28226967042672413,7.2636260986328125,False,Intermediário
BRCA1,RING,p.Gln60Pro,60,Q,P,-4.10161,0.7035,0.28226967042672413,7.2636260986328125,False,Intermediário
BRCA1,RING,p.Gln60Trp,60,Q,W,-8.83853,0.7847,0.28226967042672413,7.2636260986328125,False,Intermediário
BRCA1,RING,p.Cys61Ala,61,C,A,-14.79171,0.8132,0.0,2.3973402976989746,False,Coordenação de zinco
BRCA1,RING,p.Cys61Asp,61,C,D,-13.58567,0.9352,0.0,2.3973402976989746,False,Coordenação de zinco
BRCA1,RING,p.Cys61Glu,61,C,E,-14.6138,0.9802,0.0,2.3973402976989746,False,Coordenação de zinco
BRCA1,RING,p.Cys61Phe,61,C,F,-10.02792,0.9555,0.0,2.3973402976989746,False,Coordenação de zinco
BRCA1,RING,p.Cys61Gly,61,C,G,-10.89172,0.9972,0.0,2.3973402976989746,False,Coordenação de zinco
BRCA1,RING,p.Cys61His,61,C,H,-13.34635,0.9508,0.0,2.3973402976989746,False,Coordenação de zinco
BRCA1,RING,p.Cys61Lys,61,C,K,-14.04295,0.9721,0.0,2.3973402976989746,False,Coordenação de zinco
BRCA1,RING,p.Cys61Met,61,C,M,-15.86591,0.7669,0.0,2.3973402976989746,False,Coordenação de zinco
BRCA1,RING,p.Cys61Asn,61,C,N,-14.07395,0.9377,0.0,2.3973402976989746,False,Coordenação de zinco
BRCA1,RING,p.Cys61Pro,61,C,P,-13.86071,0.8794,0.0,2.3973402976989746,False,Coordenação de zinco
BRCA1,RING,p.Cys61Gln,61,C,Q,-15.49695,0.9637,0.0,2.3973402976989746,False,Coordenação de zinco
BRCA1,RING,p.Cys61Arg,61,C,R,-9.48966,0.987,0.0,2.3973402976989746,False,Coordenação de zinco
BRCA1,RING,p.Cys61Ser,61,C,S,-9.66128,0.966,0.0,2.3973402976989746,False,Coordenação de zinco
BRCA1,RING,p.Cys61Thr,61,C,T,-15.24285,0.8764,0.0,2.3973402976989746,False,Coordenação de zinco
BRCA1,RING,p.Cys61Trp,61,C,W,-10.667,0.9873,0.0,2.3973402976989746,False,Coordenação de zinco
BRCA1,RING,p.Cys61Tyr,61,C,Y,-9.49905,0.9967,0.0,2.3973402976989746,False,Coordenação de zinco
BRCA1,RING,p.Pro62Asp,62,P,D,-16.13055,0.7388,0.41562788700950515,5.883098602294922,False,Superfície
BRCA1,RING,p.Pro62Glu,62,P,E,-14.27433,0.8026,0.41562788700950515,5.883098602294922,False,Superfície
BRCA1,RING,p.Pro62Phe,62,P,F,-10.91464,0.8423,0.41562788700950515,5.883098602294922,False,Superfície
BRCA1,RING,p.Pro62Gly,62,P,G,-9.76012,0.7183,0.41562788700950515,5.883098602294922,False,Superfície
BRCA1,RING,p.Pro62His,62,P,H,-10.7356,0.7853,0.41562788700950515,5.883098602294922,False,Superfície
BRCA1,RING,p.Pro62Ile,62,P,I,-11.22959,0.7463,0.41562788700950515,5.883098602294922,False,Superfície
BRCA1,RING,p.Pro62Lys,62,P,K,-13.12054,0.8063,0.41562788700950515,5.883098602294922,False,Superfície
BRCA1,RING,p.Pro62Leu,62,P,L,-9.14018,0.7202,0.41562788700950515,5.883098602294922,False,Superfície
BRCA1,RING,p.Pro62Met,62,P,M,-11.92946,0.7777,0.41562788700950515,5.883098602294922,False,Superfície
BRCA1,RING,p.Pro62Gln,62,P,Q,-10.67483,0.7541,0.41562788700950515,5.883098602294922,False,Superfície
BRCA1,RING,p.Pro62Arg,62,P,R,-11.72392,0.8592,0.41562788700950515,5.883098602294922,False,Superfície
BRCA1,RING,p.Pro62Val,62,P,V,-9.62073,0.7203,0.41562788700950515,5.883098602294922,False,Superfície
BRCA1,RING,p.Pro62Trp,62,P,W,-13.00403,0.8163,0.41562788700950515,5.883098602294922,False,Superfície
BRCA1,RING,p.Pro62Tyr,62,P,Y,-11.74042,0.8008,0.41562788700950515,5.883098602294922,False,Superfície
BRCA1,RING,p.Leu63Ala,63,L,A,-7.40373,0.731,0.3287502595851564,2.6950199604034424,False,Coordenação de zinco
BRCA1,RING,p.Leu63Asp,63,L,D,-10.19975,0.8964,0.3287502595851564,2.6950199604034424,False,Coordenação de zinco
BRCA1,RING,p.Leu63Glu,63,L,E,-7.59137,0.8825,0.3287502595851564,2.6950199604034424,False,Coordenação de zinco
BRCA1,RING,p.Leu63Gly,63,L,G,-10.13405,0.9193,0.3287502595851564,2.6950199604034424,False,Coordenação de zinco
BRCA1,RING,p.Leu63His,63,L,H,-9.40764,0.8602,0.3287502595851564,2.6950199604034424,False,Coordenação de zinco
BRCA1,RING,p.Leu63Lys,63,L,K,-8.59145,0.875,0.3287502595851564,2.6950199604034424,False,Coordenação de zinco
BRCA1,RING,p.Leu63Asn,63,L,N,-8.79591,0.9142,0.3287502595851564,2.6950199604034424,False,Coordenação de zinco
BRCA1,RING,p.Leu63Pro,63,L,P,-11.99212,0.9849,0.3287502595851564,2.6950199604034424,False,Coordenação de zinco
BRCA1,RING,p.Leu63Gln,63,L,Q,-7.05206,0.8639,0.3287502595851564,2.6950199604034424,False,Coordenação de zinco
BRCA1,RING,p.Leu63Arg,63,L,R,-10.20691,0.8532,0.3287502595851564,2.6950199604034424,False,Coordenação de zinco
BRCA1,RING,p.Leu63Ser,63,L,S,-8.40661,0.8345,0.3287502595851564,2.6950199604034424,False,Coordenação de zinco
BRCA1,RING,p.Leu63Thr,63,L,T,-6.25762,0.8072,0.3287502595851564,2.6950199604034424,False,Coordenação de zinco
BRCA1,RING,p.Leu63Trp,63,L,W,-12.61653,0.868,0.3287502595851564,2.6950199604034424,False,Coordenação de zinco
BRCA1,RING,p.Leu63Tyr,63,L,Y,-8.13563,0.9176,0.3287502595851564,2.6950199604034424,False,Coordenação de zinco
BRCA1,RING,p.Cys64Ala,64,C,A,-13.46295,0.8132,0.41799631446135255,2.3969461917877197,False,Coordenação de zinco
BRCA1,RING,p.Cys64Asp,64,C,D,-11.33501,0.9352,0.41799631446135255,2.3969461917877197,False,Coordenação de zinco
BRCA1,RING,p.Cys64Glu,64,C,E,-13.22284,0.9802,0.41799631446135255,2.3969461917877197,False,Coordenação de zinco
BRCA1,RING,p.Cys64Phe,64,C,F,-10.15201,0.9555,0.41799631446135255,2.3969461917877197,False,Coordenação de zinco
BRCA1,RING,p.Cys64Gly,64,C,G,-9.92089,0.9972,0.41799631446135255,2.3969461917877197,False,Coordenação de zinco
BRCA1,RING,p.Cys64His,64,C,H,-11.62617,0.9508,0.41799631446135255,2.3969461917877197,False,Coordenação de zinco
BRCA1,RING,p.Cys64Lys,64,C,K,-13.44765,0.9721,0.41799631446135255,2.3969461917877197,False,Coordenação de zinco
BRCA1,RING,p.Cys64Met,64,C,M,-15.4015,0.7669,0.41799631446135255,2.3969461917877197,False,Coordenação de zinco
BRCA1,RING,p.Cys64Asn,64,C,N,-13.4201,0.9377,0.41799631446135255,2.3969461917877197,False,Coordenação de zinco
BRCA1,RING,p.Cys64Pro,64,C,P,-14.14965,0.8794,0.41799631446135255,2.3969461917877197,False,Coordenação de zinco
BRCA1,RING,p.Cys64Gln,64,C,Q,-13.6886,0.9637,0.41799631446135255,2.3969461917877197,False,Coordenação de zinco
BRCA1,RING,p.Cys64Arg,64,C,R,-9.1305,0.9861,0.41799631446135255,2.3969461917877197,False,Coordenação de zinco
BRCA1,RING,p.Cys64Ser,64,C,S,-9.51645,0.9643,0.41799631446135255,2.3969461917877197,False,Coordenação de zinco
BRCA1,RING,p.Cys64Thr,64,C,T,-14.00109,0.8764,0.41799631446135255,2.3969461917877197,False,Coordenação de zinco
BRCA1,RING,p.Cys64Trp,64,C,W,-10.14924,0.9873,0.41799631446135255,2.3969461917877197,False,Coordenação de zinco
BRCA1,RING,p.Cys64Tyr,64,C,Y,-9.52894,0.9967,0.41799631446135255,2.3969461917877197,False,Coordenação de zinco
BRCA1,RING,p.Lys65Ala,65,K,A,-9.50588,0.7814,0.6883592650827058,4.501979827880859,False,Superfície
BRCA1,RING,p.Lys65Cys,65,K,C,-11.58714,0.7833,0.6883592650827058,4.501979827880859,False,Superfície
BRCA1,RING,p.Lys65Glu,65,K,E,-10.21114,0.6923,0.6883592650827058,4.501979827880859,False,Superfície
BRCA1,RING,p.Lys65Phe,65,K,F,-10.64833,0.8088,0.6883592650827058,4.501979827880859,False,Superfície
BRCA1,RING,p.Lys65Gly,65,K,G,-9.04642,0.7619,0.6883592650827058,4.501979827880859,False,Superfície
BRCA1,RING,p.Lys65Ile,65,K,I,-10.10341,0.7361,0.6883592650827058,4.501979827880859,False,Superfície
BRCA1,RING,p.Lys65Leu,65,K,L,-7.26573,0.7238,0.6883592650827058,4.501979827880859,False,Superfície
BRCA1,RING,p.Lys65Pro,65,K,P,-12.25444,0.7953,0.6883592650827058,4.501979827880859,False,Superfície
BRCA1,RING,p.Lys65Ser,65,K,S,-7.50799,0.687,0.6883592650827058,4.501979827880859,False,Superfície
BRCA1,RING,p.Lys65Val,65,K,V,-11.52687,0.8142,0.6883592650827058,4.501979827880859,False,Superfície
BRCA1,RING,p.Lys65Trp,65,K,W,-9.01379,0.8176,0.6883592650827058,4.501979827880859,False,Superfície
BRCA1,RING,p.Lys65Tyr,65,K,Y,-9.48015,0.7723,0.6883592650827058,4.501979827880859,False,Superfície
BRCA1,RING,p.Asn66Trp,66,N,W,-6.39688,0.6773,0.26400269144686705,4.865124225616455,False,Intermediário
BRCA1,RING,p.Asp67Ala,67,D,A,-2.54991,0.7712,0.4021861055160081,5.388235092163086,False,Superfície
BRCA1,RING,p.Asp67Phe,67,D,F,-6.61078,0.8196,0.4021861055160081,5.388235092163086,False,Superfície
BRCA1,RING,p.Asp67Gly,67,D,G,-2.91454,0.7937,0.4021861055160081,5.388235092163086,False,Superfície
BRCA1,RING,p.Asp67Met,67,D,M,-6.0455,0.7708,0.4021861055160081,5.388235092163086,False,Superfície
BRCA1,RING,p.Asp67Val,67,D,V,-2.78813,0.7042,0.4021861055160081,5.388235092163086,False,Superfície
BRCA1,RING,p.Asp67Trp,67,D,W,-9.68738,0.7828,0.4021861055160081,5.388235092163086,False,Superfície
BRCA1,RING,p.Ile68Ala,68,I,A,-7.86478,0.7339,0.012936344977624565,5.0285258293151855,False,Núcleo estrutural (dobramento)
BRCA1,RING,p.Ile68Asp,68,I,D,-14.50397,0.8521,0.012936344977624565,5.0285258293151855,False,Núcleo estrutural (dobramento)
BRCA1,RING,p.Ile68Glu,68,I,E,-12.5669,0.8703,0.012936344977624565,5.0285258293151855,False,Núcleo estrutural (dobramento)
BRCA1,RING,p.Ile68Gly,68,I,G,-11.57873,0.8841,0.012936344977624565,5.0285258293151855,False,Núcleo estrutural (dobramento)
BRCA1,RING,p.Ile68His,68,I,H,-11.25756,0.8255,0.012936344977624565,5.0285258293151855,False,Núcleo estrutural (dobramento)
BRCA1,RING,p.Ile68Lys,68,I,K,-12.04529,0.8259,0.012936344977624565,5.0285258293151855,False,Núcleo estrutural (dobramento)
BRCA1,RING,p.Ile68Asn,68,I,N,-10.89292,0.8876,0.012936344977624565,5.0285258293151855,False,Núcleo estrutural (dobramento)
BRCA1,RING,p.Ile68Pro,68,I,P,-11.15647,0.9387,0.012936344977624565,5.0285258293151855,False,Núcleo estrutural (dobramento)
BRCA1,RING,p.Ile68Gln,68,I,Q,-10.70681,0.8824,0.012936344977624565,5.0285258293151855,False,Núcleo estrutural (dobramento)
BRCA1,RING,p.Ile68Arg,68,I,R,-12.31,0.8296,0.012936344977624565,5.0285258293151855,False,Núcleo estrutural (dobramento)
BRCA1,RING,p.Ile68Ser,68,I,S,-9.82287,0.8116,0.012936344977624565,5.0285258293151855,False,Núcleo estrutural (dobramento)
BRCA1,RING,p.Ile68Thr,68,I,T,-7.75479,0.805,0.012936344977624565,5.0285258293151855,False,Núcleo estrutural (dobramento)
BRCA1,RING,p.Ile68Trp,68,I,W,-12.23411,0.8686,0.012936344977624565,5.0285258293151855,False,Núcleo estrutural (dobramento)
BRCA1,RING,p.Ile68Tyr,68,I,Y,-8.85371,0.8999,0.012936344977624565,5.0285258293151855,False,Núcleo estrutural (dobramento)
BRCA1,RING,p.Thr69Asp,69,T,D,-9.94174,0.7,0.29478367531869987,10.26465892791748,False,Intermediário
BRCA1,RING,p.Thr69Glu,69,T,E,-11.06754,0.7973,0.29478367531869987,10.26465892791748,False,Intermediário
BRCA1,RING,p.Thr69Phe,69,T,F,-8.54282,0.825,0.29478367531869987,10.26465892791748,False,Intermediário
BRCA1,RING,p.Thr69His,69,T,H,-8.56275,0.7771,0.29478367531869987,10.26465892791748,False,Intermediário
BRCA1,RING,p.Thr69Ile,69,T,I,-7.44155,0.7742,0.29478367531869987,10.26465892791748,False,Intermediário
BRCA1,RING,p.Thr69Lys,69,T,K,-10.11406,0.8999,0.29478367531869987,10.26465892791748,False,Intermediário
BRCA1,RING,p.Thr69Leu,69,T,L,-7.99579,0.7557,0.29478367531869987,10.26465892791748,False,Intermediário
BRCA1,RING,p.Thr69Met,69,T,M,-8.36485,0.7035,0.29478367531869987,10.26465892791748,False,Intermediário
BRCA1,RING,p.Thr69Arg,69,T,R,-9.93344,0.8767,0.29478367531869987,10.26465892791748,False,Intermediário
BRCA1,RING,p.Thr69Val,69,T,V,-8.44285,0.7696,0.29478367531869987,10.26465892791748,False,Intermediário
BRCA1,RING,p.Thr69Trp,69,T,W,-11.37101,0.7766,0.29478367531869987,10.26465892791748,False,Intermediário
BRCA1,RING,p.Thr69Tyr,69,T,Y,-9.1578,0.7125,0.29478367531869987,10.26465892791748,False,Intermediário
BRCA1,RING,p.Lys70Ala,70,K,A,-8.05642,0.7672,0.6273252017187599,13.981548309326172,False,Superfície
BRCA1,RING,p.Lys70Cys,70,K,C,-7.32747,0.7549,0.6273252017187599,13.981548309326172,False,Superfície
BRCA1,RING,p.Lys70Phe,70,K,F,-10.54344,0.8088,0.6273252017187599,13.981548309326172,False,Superfície
BRCA1,RING,p.Lys70Gly,70,K,G,-7.09524,0.7405,0.6273252017187599,13.981548309326172,False,Superfície
BRCA1,RING,p.Lys70Ile,70,K,I,-7.68772,0.7073,0.6273252017187599,13.981548309326172,False,Superfície
BRCA1,RING,p.Lys70Leu,70,K,L,-8.12712,0.7302,0.6273252017187599,13.981548309326172,False,Superfície
BRCA1,RING,p.Lys70Met,70,K,M,-8.04962,0.7456,0.6273252017187599,13.981548309326172,False,Superfície
BRCA1,RING,p.Lys70Pro,70,K,P,-7.48195,0.7766,0.6273252017187599,13.981548309326172,False,Superfície
BRCA1,RING,p.Lys70Val,70,K,V,-8.00009,0.7975,0.6273252017187599,13.981548309326172,False,Superfície
BRCA1,RING,p.Lys70Trp,70,K,W,-8.18708,0.8058,0.6273252017187599,13.981548309326172,False,Superfície
BRCA1,RING,p.Lys70Tyr,70,K,Y,-8.62496,0.7598,0.6273252017187599,13.981548309326172,False,Superfície
BRCA1,RING,p.Arg71Ala,71,R,A,-9.6532,0.8538,0.91562960767136,15.103516578674316,False,Superfície
BRCA1,RING,p.Arg71Cys,71,R,C,-5.72831,0.7719,0.91562960767136,15.103516578674316,False,Superfície
BRCA1,RING,p.Arg71Asp,71,R,D,-11.04514,0.8537,0.91562960767136,15.103516578674316,False,Superfície
BRCA1,RING,p.Arg71Glu,71,R,E,-10.22774,0.844,0.91562960767136,15.103516578674316,False,Superfície
BRCA1,RING,p.Arg71Phe,71,R,F,-10.77256,0.8363,0.91562960767136,15.103516578674316,False,Superfície
BRCA1,RING,p.Arg71Gly,71,R,G,-7.6881,0.8434,0.91562960767136,15.103516578674316,False,Superfície
BRCA1,RING,p.Arg71Ile,71,R,I,-9.03505,0.8574,0.91562960767136,15.103516578674316,False,Superfície
BRCA1,RING,p.Arg71Lys,71,R,K,-5.67702,0.74,0.91562960767136,15.103516578674316,False,Superfície
BRCA1,RING,p.Arg71Leu,71,R,L,-8.84613,0.8525,0.91562960767136,15.103516578674316,False,Superfície
BRCA1,RING,p.Arg71Met,71,R,M,-9.00969,0.9207,0.91562960767136,15.103516578674316,False,Superfície
BRCA1,RING,p.Arg71Asn,71,R,N,-8.06005,0.7548,0.91562960767136,15.103516578674316,False,Superfície
BRCA1,RING,p.Arg71Pro,71,R,P,-9.58039,0.8818,0.91562960767136,15.103516578674316,False,Superfície
BRCA1,RING,p.Arg71Gln,71,R,Q,-6.81371,0.7035,0.91562960767136,15.103516578674316,False,Superfície
BRCA1,RING,p.Arg71Ser,71,R,S,-7.12142,0.8189,0.91562960767136,15.103516578674316,False,Superfície
BRCA1,RING,p.Arg71Thr,71,R,T,-8.52604,0.8352,0.91562960767136,15.103516578674316,False,Superfície
BRCA1,RING,p.Arg71Val,71,R,V,-10.2335,0.8642,0.91562960767136,15.103516578674316,False,Superfície
BRCA1,RING,p.Arg71Trp,71,R,W,-6.93733,0.9167,0.91562960767136,15.103516578674316,False,Superfície
BRCA1,RING,p.Arg71Tyr,71,R,Y,-9.29531,0.8097,0.91562960767136,15.103516578674316,False,Superfície
BRCA1,RING,p.Ser72Asp,72,S,D,-7.96982,0.703,0.11701934033465343,10.999608039855957,False,Núcleo estrutural (dobramento)
BRCA1,RING,p.Ser72Glu,72,S,E,-8.84303,0.7535,0.11701934033465343,10.999608039855957,False,Núcleo estrutural (dobramento)
BRCA1,RING,p.Ser72Phe,72,S,F,-7.21623,0.8065,0.11701934033465343,10.999608039855957,False,Núcleo estrutural (dobramento)
BRCA1,RING,p.Ser72His,72,S,H,-7.71439,0.6958,0.11701934033465343,10.999608039855957,False,Núcleo estrutural (dobramento)
BRCA1,RING,p.Ser72Ile,72,S,I,-7.41918,0.8218,0.11701934033465343,10.999608039855957,False,Núcleo estrutural (dobramento)
BRCA1,RING,p.Ser72Lys,72,S,K,-8.14552,0.7986,0.11701934033465343,10.999608039855957,False,Núcleo estrutural (dobramento)
BRCA1,RING,p.Ser72Leu,72,S,L,-7.5436,0.793,0.11701934033465343,10.999608039855957,False,Núcleo estrutural (dobramento)
BRCA1,RING,p.Ser72Met,72,S,M,-7.81185,0.7131,0.11701934033465343,10.999608039855957,False,Núcleo estrutural (dobramento)
BRCA1,RING,p.Ser72Arg,72,S,R,-7.9123,0.6968,0.11701934033465343,10.999608039855957,False,Núcleo estrutural (dobramento)
BRCA1,RING,p.Ser72Val,72,S,V,-8.38614,0.7762,0.11701934033465343,10.999608039855957,False,Núcleo estrutural (dobramento)
BRCA1,RING,p.Ser72Trp,72,S,W,-9.90105,0.7706,0.11701934033465343,10.999608039855957,False,Núcleo estrutural (dobramento)
BRCA1,RING,p.Leu73Ala,73,L,A,-10.84378,0.7393,0.09936885696970067,10.59402847290039,False,Núcleo estrutural (dobramento)
BRCA1,RING,p.Leu73Asp,73,L,D,-13.16981,0.8964,0.09936885696970067,10.59402847290039,False,Núcleo estrutural (dobramento)
BRCA1,RING,p.Leu73Glu,73,L,E,-12.63717,0.9122,0.09936885696970067,10.59402847290039,False,Núcleo estrutural (dobramento)
BRCA1,RING,p.Leu73Gly,73,L,G,-13.50043,0.9386,0.09936885696970067,10.59402847290039,False,Núcleo estrutural (dobramento)
BRCA1,RING,p.Leu73His,73,L,H,-9.44104,0.8602,0.09936885696970067,10.59402847290039,False,Núcleo estrutural (dobramento)
BRCA1,RING,p.Leu73Lys,73,L,K,-12.23731,0.8768,0.09936885696970067,10.59402847290039,False,Núcleo estrutural (dobramento)
BRCA1,RING,p.Leu73Asn,73,L,N,-11.31416,0.9175,0.09936885696970067,10.59402847290039,False,Núcleo estrutural (dobramento)
BRCA1,RING,p.Leu73Pro,73,L,P,-8.60893,0.9851,0.09936885696970067,10.59402847290039,False,Núcleo estrutural (dobramento)
BRCA1,RING,p.Leu73Gln,73,L,Q,-9.66383,0.9118,0.09936885696970067,10.59402847290039,False,Núcleo estrutural (dobramento)
BRCA1,RING,p.Leu73Arg,73,L,R,-10.79388,0.8532,0.09936885696970067,10.59402847290039,False,Núcleo estrutural (dobramento)
BRCA1,RING,p.Leu73Ser,73,L,S,-9.08368,0.8335,0.09936885696970067,10.59402847290039,False,Núcleo estrutural (dobramento)
BRCA1,RING,p.Leu73Thr,73,L,T,-8.79123,0.8524,0.09936885696970067,10.59402847290039,False,Núcleo estrutural (dobramento)
BRCA1,RING,p.Leu73Trp,73,L,W,-11.24581,0.8663,0.09936885696970067,10.59402847290039,False,Núcleo estrutural (dobramento)
BRCA1,RING,p.Leu73Tyr,73,L,Y,-9.11304,0.9186,0.09936885696970067,10.59402847290039,False,Núcleo estrutural (dobramento)
BRCA1,RING,p.Gln74Ala,74,Q,A,-9.73747,0.7763,0.4400529081595457,11.343206405639648,True,Interface BARD1
BRCA1,RING,p.Gln74Phe,74,Q,F,-8.6993,0.7954,0.4400529081595457,11.343206405639648,True,Interface BARD1
BRCA1,RING,p.Gln74Gly,74,Q,G,-7.40542,0.7459,0.4400529081595457,11.343206405639648,True,Interface BARD1
BRCA1,RING,p.Gln74Ile,74,Q,I,-8.13534,0.7307,0.4400529081595457,11.343206405639648,True,Interface BARD1
BRCA1,RING,p.Gln74Met,74,Q,M,-9.18756,0.7343,0.4400529081595457,11.343206405639648,True,Interface BARD1
BRCA1,RING,p.Gln74Pro,74,Q,P,-9.26753,0.8164,0.4400529081595457,11.343206405639648,True,Interface BARD1
BRCA1,RING,p.Gln74Val,74,Q,V,-8.20956,0.8382,0.4400529081595457,11.343206405639648,True,Interface BARD1
BRCA1,RING,p.Gln74Trp,74,Q,W,-7.76089,0.7553,0.4400529081595457,11.343206405639648,True,Interface BARD1
BRCA1,RING,p.Gln74Tyr,74,Q,Y,-6.08709,0.6886,0.4400529081595457,11.343206405639648,True,Interface BARD1
BRCA1,RING,p.Glu75Ala,75,E,A,-6.18084,0.6872,0.3188941385630192,11.136588096618652,False,Intermediário
BRCA1,RING,p.Glu75Cys,75,E,C,-7.54922,0.754,0.3188941385630192,11.136588096618652,False,Intermediário
BRCA1,RING,p.Glu75Phe,75,E,F,-10.24172,0.7634,0.3188941385630192,11.136588096618652,False,Intermediário
BRCA1,RING,p.Glu75Ile,75,E,I,-8.18715,0.7415,0.3188941385630192,11.136588096618652,False,Intermediário
BRCA1,RING,p.Glu75Leu,75,E,L,-8.46872,0.7668,0.3188941385630192,11.136588096618652,False,Intermediário
BRCA1,RING,p.Glu75Met,75,E,M,-9.64687,0.7216,0.3188941385630192,11.136588096618652,False,Intermediário
BRCA1,RING,p.Glu75Pro,75,E,P,-6.52042,0.735,0.3188941385630192,11.136588096618652,False,Intermediário
BRCA1,RING,p.Glu75Val,75,E,V,-5.78451,0.7098,0.3188941385630192,11.136588096618652,False,Intermediário
BRCA1,RING,p.Glu75Trp,75,E,W,-11.68203,0.7487,0.3188941385630192,11.136588096618652,False,Intermediário
BRCA1,RING,p.Glu75Tyr,75,E,Y,-8.26969,0.7121,0.3188941385630192,11.136588096618652,False,Intermediário
BRCA1,RING,p.Ser76Glu,76,S,E,-6.76177,0.7031,0.429159879059455,8.158214569091797,True,Interface BARD1
BRCA1,RING,p.Ser76His,76,S,H,-6.57245,0.6778,0.429159879059455,8.158214569091797,True,Interface BARD1
BRCA1,RING,p.Ser76Ile,76,S,I,-7.47431,0.8185,0.429159879059455,8.158214569091797,True,Interface BARD1
BRCA1,RING,p.Ser76Lys,76,S,K,-9.6619,0.8218,0.429159879059455,8.158214569091797,True,Interface BARD1
BRCA1,RING,p.Ser76Met,76,S,M,-7.92594,0.7169,0.429159879059455,8.158214569091797,True,Interface BARD1
BRCA1,RING,p.Ser76Arg,76,S,R,-9.09973,0.7544,0.429159879059455,8.158214569091797,True,Interface BARD1
BRCA1,RING,p.Ser76Val,76,S,V,-6.172,0.7505,0.429159879059455,8.158214569091797,True,Interface BARD1
BRCA1,RING,p.Ser76Trp,76,S,W,-10.13178,0.7706,0.429159879059455,8.158214569091797,True,Interface BARD1
BRCA1,RING,p.Arg78Ala,78,R,A,-5.80096,0.7296,0.4574504708131965,8.311506271362305,True,Interface BARD1
BRCA1,RING,p.Arg78Asp,78,R,D,-7.26535,0.8176,0.4574504708131965,8.311506271362305,True,Interface BARD1
BRCA1,RING,p.Arg78Glu,78,R,E,-6.02467,0.7635,0.4574504708131965,8.311506271362305,True,Interface BARD1
BRCA1,RING,p.Arg78Phe,78,R,F,-6.30433,0.7949,0.4574504708131965,8.311506271362305,True,Interface BARD1
BRCA1,RING,p.Arg78Ile,78,R,I,-6.37378,0.823,0.4574504708131965,8.311506271362305,True,Interface BARD1
BRCA1,RING,p.Arg78Met,78,R,M,-7.93336,0.9159,0.4574504708131965,8.311506271362305,True,Interface BARD1
BRCA1,RING,p.Arg78Pro,78,R,P,-5.58712,0.7861,0.4574504708131965,8.311506271362305,True,Interface BARD1
BRCA1,RING,p.Arg78Thr,78,R,T,-5.93432,0.7927,0.4574504708131965,8.311506271362305,True,Interface BARD1
BRCA1,RING,p.Arg78Val,78,R,V,-6.43802,0.835,0.4574504708131965,8.311506271362305,True,Interface BARD1
BRCA1,RING,p.Arg78Trp,78,R,W,-6.85479,0.9167,0.4574504708131965,8.311506271362305,True,Interface BARD1
BRCA1,RING,p.Phe79Ala,79,F,A,-7.67144,0.752,0.180343126279322,11.398481369018555,True,Interface BARD1
BRCA1,RING,p.Phe79Cys,79,F,C,-5.88098,0.6961,0.180343126279322,11.398481369018555,True,Interface BARD1
BRCA1,RING,p.Phe79Asp,79,F,D,-12.11861,0.8971,0.180343126279322,11.398481369018555,True,Interface BARD1
BRCA1,RING,p.Phe79Glu,79,F,E,-12.12077,0.9057,0.180343126279322,11.398481369018555,True,Interface BARD1
BRCA1,RING,p.Phe79Gly,79,F,G,-9.42751,0.9006,0.180343126279322,11.398481369018555,True,Interface BARD1
BRCA1,RING,p.Phe79Lys,79,F,K,-10.77105,0.9024,0.180343126279322,11.398481369018555,True,Interface BARD1
BRCA1,RING,p.Phe79Asn,79,F,N,-7.37405,0.8757,0.180343126279322,11.398481369018555,True,Interface BARD1
BRCA1,RING,p.Phe79Pro,79,F,P,-7.66908,0.9119,0.180343126279322,11.398481369018555,True,Interface BARD1
BRCA1,RING,p.Phe79Gln,79,F,Q,-6.30438,0.8431,0.180343126279322,11.398481369018555,True,Interface BARD1
BRCA1,RING,p.Phe79Arg,79,F,R,-9.64455,0.868,0.180343126279322,11.398481369018555,True,Interface BARD1
BRCA1,RING,p.Phe79Ser,79,F,S,-6.13563,0.8036,0.180343126279322,11.398481369018555,True,Interface BARD1
BRCA1,RING,p.Phe79Thr,79,F,T,-6.87608,0.8513,0.180343126279322,11.398481369018555,True,Interface BARD1
BRCA1,RING,p.Phe79Trp,79,F,W,-6.96708,0.7815,0.180343126279322,11.398481369018555,True,Interface BARD1
BRCA1,RING,p.Ser80Trp,80,S,W,-7.87959,0.7352,0.11104326091061703,12.309364318847656,False,Núcleo estrutural (dobramento)
BRCA1,RING,p.Gln81Pro,81,Q,P,-5.72926,0.7457,0.5912727584457556,12.667825698852539,True,Interface BARD1
BRCA1,RING,p.Gln81Val,81,Q,V,-4.16842,0.6771,0.5912727584457556,12.667825698852539,True,Interface BARD1
BRCA1,RING,p.Gln81Trp,81,Q,W,-7.63778,0.7519,0.5912727584457556,12.667825698852539,True,Interface BARD1
BRCA1,RING,p.Leu82Asp,82,L,D,-11.18112,0.8964,0.42841720837122155,13.539163589477539,True,Interface BARD1
BRCA1,RING,p.Leu82Glu,82,L,E,-9.54045,0.9122,0.42841720837122155,13.539163589477539,True,Interface BARD1
BRCA1,RING,p.Leu82Gly,82,L,G,-9.24317,0.9201,0.42841720837122155,13.539163589477539,True,Interface BARD1
BRCA1,RING,p.Leu82His,82,L,H,-8.76648,0.8589,0.42841720837122155,13.539163589477539,True,Interface BARD1
BRCA1,RING,p.Leu82Lys,82,L,K,-9.04269,0.8742,0.42841720837122155,13.539163589477539,True,Interface BARD1
BRCA1,RING,p.Leu82Asn,82,L,N,-8.5059,0.9142,0.42841720837122155,13.539163589477539,True,Interface BARD1
BRCA1,RING,p.Leu82Pro,82,L,P,-7.95715,0.9803,0.42841720837122155,13.539163589477539,True,Interface BARD1
BRCA1,RING,p.Leu82Gln,82,L,Q,-6.79059,0.8539,0.42841720837122155,13.539163589477539,True,Interface BARD1
BRCA1,RING,p.Leu82Arg,82,L,R,-9.56091,0.8532,0.42841720837122155,13.539163589477539,True,Interface BARD1
BRCA1,RING,p.Leu82Ser,82,L,S,-6.8431,0.8148,0.42841720837122155,13.539163589477539,True,Interface BARD1
BRCA1,RING,p.Leu82Trp,82,L,W,-8.74179,0.8649,0.42841720837122155,13.539163589477539,True,Interface BARD1
BRCA1,RING,p.Leu82Tyr,82,L,Y,-8.35108,0.9198,0.42841720837122155,13.539163589477539,True,Interface BARD1
BRCA1,RING,p.Val83Asp,83,V,D,-13.28256,0.9105,0.014646321612597928,10.07116413116455,False,Núcleo estrutural (dobramento)
BRCA1,RING,p.Val83Glu,83,V,E,-10.14274,0.9533,0.014646321612597928,10.07116413116455,False,Núcleo estrutural (dobramento)
BRCA1,RING,p.Val83Phe,83,V,F,-8.04223,0.7838,0.014646321612597928,10.07116413116455,False,Núcleo estrutural (dobramento)
BRCA1,RING,p.Val83Gly,83,V,G,-8.63217,0.9232,0.014646321612597928,10.07116413116455,False,Núcleo estrutural (dobramento)
BRCA1,RING,p.Val83His,83,V,H,-9.60065,0.8891,0.014646321612597928,10.07116413116455,False,Núcleo estrutural (dobramento)
BRCA1,RING,p.Val83Lys,83,V,K,-8.2549,0.9026,0.014646321612597928,10.07116413116455,False,Núcleo estrutural (dobramento)
BRCA1,RING,p.Val83Asn,83,V,N,-8.32834,0.9168,0.014646321612597928,10.07116413116455,False,Núcleo estrutural (dobramento)
BRCA1,RING,p.Val83Pro,83,V,P,-14.03838,0.9433,0.014646321612597928,10.07116413116455,False,Núcleo estrutural (dobramento)
BRCA1,RING,p.Val83Gln,83,V,Q,-8.35217,0.9492,0.014646321612597928,10.07116413116455,False,Núcleo estrutural (dobramento)
BRCA1,RING,p.Val83Arg,83,V,R,-8.72337,0.8677,0.014646321612597928,10.07116413116455,False,Núcleo estrutural (dobramento)
BRCA1,RING,p.Val83Ser,83,V,S,-5.95995,0.7663,0.014646321612597928,10.07116413116455,False,Núcleo estrutural (dobramento)
BRCA1,RING,p.Val83Trp,83,V,W,-10.41252,0.9044,0.014646321612597928,10.07116413116455,False,Núcleo estrutural (dobramento)
BRCA1,RING,p.Val83Tyr,83,V,Y,-8.83646,0.9368,0.014646321612597928,10.07116413116455,False,Núcleo estrutural (dobramento)
BRCA1,RING,p.Glu84Pro,84,E,P,-6.15993,0.735,0.4180825868253523,13.799760818481445,False,Superfície
BRCA1,RING,p.Glu84Trp,84,E,W,-7.22735,0.7175,0.4180825868253523,13.799760818481445,False,Superfície
BRCA1,RING,p.Glu84Tyr,84,E,Y,-6.26423,0.6766,0.4180825868253523,13.799760818481445,False,Superfície
BRCA1,RING,p.Glu85Phe,85,E,F,-7.1397,0.7449,0.4338366455693665,16.63755989074707,True,Interface BARD1
BRCA1,RING,p.Glu85Ile,85,E,I,-6.41041,0.7259,0.4338366455693665,16.63755989074707,True,Interface BARD1
BRCA1,RING,p.Glu85Leu,85,E,L,-6.88557,0.7516,0.4338366455693665,16.63755989074707,True,Interface BARD1
BRCA1,RING,p.Glu85Met,85,E,M,-7.6047,0.693,0.4338366455693665,16.63755989074707,True,Interface BARD1
BRCA1,RING,p.Glu85Pro,85,E,P,-7.77966,0.7355,0.4338366455693665,16.63755989074707,True,Interface BARD1
BRCA1,RING,p.Glu85Trp,85,E,W,-8.32232,0.7362,0.4338366455693665,16.63755989074707,True,Interface BARD1
BRCA1,RING,p.Leu86Ala,86,L,A,-6.96916,0.727,0.022345945357399637,14.232090950012207,False,Núcleo estrutural (dobramento)
BRCA1,RING,p.Leu86Asp,86,L,D,-12.21444,0.8964,0.022345945357399637,14.232090950012207,False,Núcleo estrutural (dobramento)
BRCA1,RING,p.Leu86Glu,86,L,E,-10.48904,0.9122,0.022345945357399637,14.232090950012207,False,Núcleo estrutural (dobramento)
BRCA1,RING,p.Leu86Gly,86,L,G,-9.59879,0.9201,0.022345945357399637,14.232090950012207,False,Núcleo estrutural (dobramento)
BRCA1,RING,p.Leu86His,86,L,H,-6.45266,0.794,0.022345945357399637,14.232090950012207,False,Núcleo estrutural (dobramento)
BRCA1,RING,p.Leu86Lys,86,L,K,-10.91618,0.8768,0.022345945357399637,14.232090950012207,False,Núcleo estrutural (dobramento)
BRCA1,RING,p.Leu86Asn,86,L,N,-8.23501,0.911,0.022345945357399637,14.232090950012207,False,Núcleo estrutural (dobramento)
BRCA1,RING,p.Leu86Pro,86,L,P,-10.24547,0.9847,0.022345945357399637,14.232090950012207,False,Núcleo estrutural (dobramento)
BRCA1,RING,p.Leu86Gln,86,L,Q,-5.69441,0.6783,0.022345945357399637,14.232090950012207,False,Núcleo estrutural (dobramento)
BRCA1,RING,p.Leu86Arg,86,L,R,-11.19276,0.8532,0.022345945357399637,14.232090950012207,False,Núcleo estrutural (dobramento)
BRCA1,RING,p.Leu86Ser,86,L,S,-6.69922,0.8091,0.022345945357399637,14.232090950012207,False,Núcleo estrutural (dobramento)
BRCA1,RING,p.Leu86Thr,86,L,T,-6.48482,0.8119,0.022345945357399637,14.232090950012207,False,Núcleo estrutural (dobramento)
BRCA1,RING,p.Leu86Trp,86,L,W,-6.69156,0.839,0.022345945357399637,14.232090950012207,False,Núcleo estrutural (dobramento)
BRCA1,RING,p.Leu87Gly,87,L,G,-3.24404,0.689,0.35836663183367257,12.99366569519043,False,Intermediário
BRCA1,RING,p.Leu87Pro,87,L,P,-6.94491,0.9727,0.35836663183367257,12.99366569519043,False,Intermediário
BRCA1,RING,p.Lys88Trp,88,K,W,-7.37581,0.7945,0.5303641510050268,18.355117797851562,True,Interface BARD1
BRCA1,RING,p.Ile89Asp,89,I,D,-8.64151,0.8521,0.30525844764301363,19.7383975982666,True,Interface BARD1
BRCA1,RING,p.Ile89Glu,89,I,E,-7.31932,0.8403,0.30525844764301363,19.7383975982666,True,Interface BARD1
BRCA1,RING,p.Ile89Lys,89,I,K,-7.48379,0.7814,0.30525844764301363,19.7383975982666,True,Interface BARD1
BRCA1,RING,p.Ile89Pro,89,I,P,-6.85967,0.922,0.30525844764301363,19.7383975982666,True,Interface BARD1
BRCA1,RING,p.Ile89Arg,89,I,R,-7.48827,0.7855,0.30525844764301363,19.7383975982666,True,Interface BARD1
BRCA1,RING,p.Ile89Trp,89,I,W,-7.53325,0.845,0.30525844764301363,19.7383975982666,True,Interface BARD1
BRCA1,RING,p.Ile89Tyr,89,I,Y,-5.65545,0.7014,0.30525844764301363,19.7383975982666,True,Interface BARD1
BRCA1,RING,p.Ile90Asp,90,I,D,-9.01641,0.8521,0.04743326491795675,16.228662490844727,False,Núcleo estrutural (dobramento)
BRCA1,RING,p.Ile90Glu,90,I,E,-8.31727,0.865,0.04743326491795675,16.228662490844727,False,Núcleo estrutural (dobramento)
BRCA1,RING,p.Ile90Gly,90,I,G,-6.94309,0.8588,0.04743326491795675,16.228662490844727,False,Núcleo estrutural (dobramento)
BRCA1,RING,p.Ile90His,90,I,H,-5.99109,0.7312,0.04743326491795675,16.228662490844727,False,Núcleo estrutural (dobramento)
BRCA1,RING,p.Ile90Pro,90,I,P,-8.30547,0.9375,0.04743326491795675,16.228662490844727,False,Núcleo estrutural (dobramento)
BRCA1,RING,p.Ile90Trp,90,I,W,-9.13372,0.8675,0.04743326491795675,16.228662490844727,False,Núcleo estrutural (dobramento)
BRCA1,RING,p.Ile90Tyr,90,I,Y,-6.95749,0.8763,0.04743326491795675,16.228662490844727,False,Núcleo estrutural (dobramento)
BRCA1,RING,p.Ala92Glu,92,A,E,-4.40928,0.684,0.3091584343368185,23.34678840637207,True,Interface BARD1
BRCA1,RING,p.Ala92His,92,A,H,-4.37181,0.6765,0.3091584343368185,23.34678840637207,True,Interface BARD1
BRCA1,RING,p.Ala92Lys,92,A,K,-2.88951,0.6754,0.3091584343368185,23.34678840637207,True,Interface BARD1
BRCA1,RING,p.Ala92Pro,92,A,P,-5.78106,0.8714,0.3091584343368185,23.34678840637207,True,Interface BARD1
BRCA1,RING,p.Ala92Trp,92,A,W,-7.53533,0.8374,0.3091584343368185,23.34678840637207,True,Interface BARD1
BRCA1,RING,p.Ala92Tyr,92,A,Y,-5.31258,0.7374,0.3091584343368185,23.34678840637207,True,Interface BARD1
BRCA1,RING,p.Phe93Ala,93,F,A,-7.15142,0.7493,0.04955338812262299,23.731050491333008,True,Interface BARD1
BRCA1,RING,p.Phe93Asp,93,F,D,-9.71283,0.8971,0.04955338812262299,23.731050491333008,True,Interface BARD1
BRCA1,RING,p.Phe93Glu,93,F,E,-10.24016,0.9057,0.04955338812262299,23.731050491333008,True,Interface BARD1
BRCA1,RING,p.Phe93Gly,93,F,G,-10.0669,0.9006,0.04955338812262299,23.731050491333008,True,Interface BARD1
BRCA1,RING,p.Phe93Lys,93,F,K,-9.89708,0.9024,0.04955338812262299,23.731050491333008,True,Interface BARD1
BRCA1,RING,p.Phe93Asn,93,F,N,-8.17593,0.8822,0.04955338812262299,23.731050491333008,True,Interface BARD1
BRCA1,RING,p.Phe93Pro,93,F,P,-9.3224,0.9257,0.04955338812262299,23.731050491333008,True,Interface BARD1
BRCA1,RING,p.Phe93Gln,93,F,Q,-8.58519,0.9104,0.04955338812262299,23.731050491333008,True,Interface BARD1
BRCA1,RING,p.Phe93Arg,93,F,R,-9.24769,0.868,0.04955338812262299,23.731050491333008,True,Interface BARD1
BRCA1,RING,p.Phe93Ser,93,F,S,-6.05056,0.7921,0.04955338812262299,23.731050491333008,True,Interface BARD1
BRCA1,RING,p.Phe93Thr,93,F,T,-7.82949,0.866,0.04955338812262299,23.731050491333008,True,Interface BARD1
BRCA1,RING,p.Phe93Trp,93,F,W,-7.42191,0.7894,0.04955338812262299,23.731050491333008,True,Interface BARD1
BRCA1,RING,p.Gln94Phe,94,Q,F,-7.01358,0.7823,0.37212407931602975,20.615049362182617,False,Intermediário
BRCA1,RING,p.Gln94Pro,94,Q,P,-6.27465,0.7928,0.37212407931602975,20.615049362182617,False,Intermediário
BRCA1,RING,p.Gln94Trp,94,Q,W,-8.0426,0.767,0.37212407931602975,20.615049362182617,False,Intermediário
BRCA1,RING,p.Leu95Gly,95,L,G,-4.07083,0.6993,0.727024933642735,26.144357681274414,False,Superfície
BRCA1,RING,p.Leu95Pro,95,L,P,-5.62176,0.8283,0.727024933642735,26.144357681274414,False,Superfície
BRCA1,RING,p.Leu95Trp,95,L,W,-6.0842,0.8151,0.727024933642735,26.144357681274414,False,Superfície
BRCA1,RING,p.Asp96Ala,96,D,A,-1.74364,0.7409,0.4648637763825459,28.51702308654785,True,Interface BARD1
BRCA1,RING,p.Asp96Phe,96,D,F,-5.52312,0.7052,0.4648637763825459,28.51702308654785,True,Interface BARD1
BRCA1,RING,p.Asp96Gly,96,D,G,-3.39594,0.808,0.4648637763825459,28.51702308654785,True,Interface BARD1
BRCA1,RING,p.Asp96Pro,96,D,P,-7.60053,0.7435,0.4648637763825459,28.51702308654785,True,Interface BARD1
BRCA1,RING,p.Asp96Val,96,D,V,-3.46238,0.7327,0.4648637763825459,28.51702308654785,True,Interface BARD1
BRCA1,RING,p.Asp96Trp,96,D,W,-7.93216,0.7542,0.4648637763825459,28.51702308654785,True,Interface BARD1
BRCA1,RING,p.Thr97Trp,97,T,W,-7.35781,0.7384,0.011959970171922072,27.602895736694336,False,Núcleo estrutural (dobramento)
BRCA1,RING,p.Gly98Cys,98,G,C,-6.17879,0.871,0.4492424329219266,27.534244537353516,False,Superfície
BRCA1,RING,p.Gly98Phe,98,G,F,-9.37504,0.8505,0.4492424329219266,27.534244537353516,False,Superfície
BRCA1,RING,p.Gly98His,98,G,H,-7.12962,0.8202,0.4492424329219266,27.534244537353516,False,Superfície
BRCA1,RING,p.Gly98Ile,98,G,I,-9.23976,0.85,0.4492424329219266,27.534244537353516,False,Superfície
BRCA1,RING,p.Gly98Lys,98,G,K,-5.82211,0.7502,0.4492424329219266,27.534244537353516,False,Superfície
BRCA1,RING,p.Gly98Leu,98,G,L,-8.80434,0.8557,0.4492424329219266,27.534244537353516,False,Superfície
BRCA1,RING,p.Gly98Met,98,G,M,-9.21982,0.7961,0.4492424329219266,27.534244537353516,False,Superfície
BRCA1,RING,p.Gly98Pro,98,G,P,-8.65286,0.8226,0.4492424329219266,27.534244537353516,False,Superfície
BRCA1,RING,p.Gly98Gln,98,G,Q,-6.7367,0.875,0.4492424329219266,27.534244537353516,False,Superfície
BRCA1,RING,p.Gly98Arg,98,G,R,-5.95584,0.7871,0.4492424329219266,27.534244537353516,False,Superfície
BRCA1,RING,p.Gly98Thr,98,G,T,-6.94689,0.7485,0.4492424329219266,27.534244537353516,False,Superfície
BRCA1,RING,p.Gly98Val,98,G,V,-7.52958,0.8735,0.4492424329219266,27.534244537353516,False,Superfície
BRCA1,RING,p.Gly98Trp,98,G,W,-9.95849,0.8904,0.4492424329219266,27.534244537353516,False,Superfície
BRCA1,RING,p.Gly98Tyr,98,G,Y,-9.1692,0.8638,0.4492424329219266,27.534244537353516,False,Superfície
BRCA1,RING,p.Leu99Gly,99,L,G,-5.66018,0.8052,0.14547605861966342,24.561513900756836,False,Núcleo estrutural (dobramento)
BRCA1,RING,p.Leu99Pro,99,L,P,-6.01628,0.9419,0.14547605861966342,24.561513900756836,False,Núcleo estrutural (dobramento)
BRCA1,RING,p.Tyr101Gly,101,Y,G,-2.74526,0.6896,0.15140345563194815,15.46484375,False,Intermediário
BRCA1,RING,p.Ala102Pro,102,A,P,0.54311,0.6909,0.47116953946577567,16.26116371154785,False,Superfície
BRCA1,BRCT,p.Arg1649Met,1649,R,M,-3.96219,0.6843,0.4242721337299681,18.975467681884766,False,Superfície
BRCA1,BRCT,p.Arg1649Trp,1649,R,W,-5.99981,0.8127,0.4242721337299681,18.975467681884766,False,Superfície
BRCA1,BRCT,p.Met1650Asp,1650,M,D,-6.85204,0.8946,0.0854955829741367,16.728689193725586,False,Núcleo estrutural (dobramento)
BRCA1,BRCT,p.Met1650Glu,1650,M,E,-5.44991,0.7562,0.0854955829741367,16.728689193725586,False,Núcleo estrutural (dobramento)
BRCA1,BRCT,p.Met1650His,1650,M,H,-2.2355,0.7051,0.0854955829741367,16.728689193725586,False,Núcleo estrutural (dobramento)
BRCA1,BRCT,p.Met1650Lys,1650,M,K,-2.44296,0.7439,0.0854955829741367,16.728689193725586,False,Núcleo estrutural (dobramento)
BRCA1,BRCT,p.Met1650Arg,1650,M,R,-2.73816,0.7978,0.0854955829741367,16.728689193725586,False,Núcleo estrutural (dobramento)
BRCA1,BRCT,p.Met1650Ser,1650,M,S,-3.40204,0.6827,0.0854955829741367,16.728689193725586,False,Núcleo estrutural (dobramento)
BRCA1,BRCT,p.Ser1651Glu,1651,S,E,-6.24021,0.6832,0.014846558830674345,12.98930835723877,False,Núcleo estrutural (dobramento)
BRCA1,BRCT,p.Ser1651Phe,1651,S,F,-6.40743,0.7959,0.014846558830674345,12.98930835723877,False,Núcleo estrutural (dobramento)
BRCA1,BRCT,p.Ser1651Leu,1651,S,L,-6.32354,0.7586,0.014846558830674345,12.98930835723877,False,Núcleo estrutural (dobramento)
BRCA1,BRCT,p.Ser1651Pro,1651,S,P,-8.73688,0.7062,0.014846558830674345,12.98930835723877,False,Núcleo estrutural (dobramento)
BRCA1,BRCT,p.Ser1651Trp,1651,S,W,-6.83909,0.7059,0.014846558830674345,12.98930835723877,False,Núcleo estrutural (dobramento)
BRCA1,BRCT,p.Met1652Cys,1652,M,C,-8.03402,0.722,0.005391197393035341,10.008423805236816,False,Núcleo estrutural (dobramento)
BRCA1,BRCT,p.Met1652Asp,1652,M,D,-11.5432,0.9356,0.005391197393035341,10.008423805236816,False,Núcleo estrutural (dobramento)
BRCA1,BRCT,p.Met1652Glu,1652,M,E,-10.80205,0.9441,0.005391197393035341,10.008423805236816,False,Núcleo estrutural (dobramento)
BRCA1,BRCT,p.Met1652Gly,1652,M,G,-9.63462,0.8482,0.005391197393035341,10.008423805236816,False,Núcleo estrutural (dobramento)
BRCA1,BRCT,p.Met1652His,1652,M,H,-10.80004,0.9241,0.005391197393035341,10.008423805236816,False,Núcleo estrutural (dobramento)
BRCA1,BRCT,p.Met1652Lys,1652,M,K,-10.31284,0.9739,0.005391197393035341,10.008423805236816,False,Núcleo estrutural (dobramento)
BRCA1,BRCT,p.Met1652Asn,1652,M,N,-11.22643,0.9133,0.005391197393035341,10.008423805236816,False,Núcleo estrutural (dobramento)
BRCA1,BRCT,p.Met1652Pro,1652,M,P,-8.52476,0.9127,0.005391197393035341,10.008423805236816,False,Núcleo estrutural (dobramento)
BRCA1,BRCT,p.Met1652Gln,1652,M,Q,-10.1948,0.9327,0.005391197393035341,10.008423805236816,False,Núcleo estrutural (dobramento)
BRCA1,BRCT,p.Met1652Arg,1652,M,R,-9.65932,0.9778,0.005391197393035341,10.008423805236816,False,Núcleo estrutural (dobramento)
BRCA1,BRCT,p.Met1652Ser,1652,M,S,-9.36358,0.858,0.005391197393035341,10.008423805236816,False,Núcleo estrutural (dobramento)
BRCA1,BRCT,p.Met1652Thr,1652,M,T,-6.09336,0.7707,0.005391197393035341,10.008423805236816,False,Núcleo estrutural (dobramento)
BRCA1,BRCT,p.Met1652Trp,1652,M,W,-7.42274,0.8765,0.005391197393035341,10.008423805236816,False,Núcleo estrutural (dobramento)
BRCA1,BRCT,p.Met1652Tyr,1652,M,Y,-8.40653,0.9297,0.005391197393035341,10.008423805236816,False,Núcleo estrutural (dobramento)
BRCA1,BRCT,p.Val1653Cys,1653,V,C,-7.78161,0.6874,0.0,6.824396133422852,False,Núcleo estrutural (dobramento)
BRCA1,BRCT,p.Val1653Asp,1653,V,D,-14.01083,0.873,0.0,6.824396133422852,False,Núcleo estrutural (dobramento)
BRCA1,BRCT,p.Val1653Glu,1653,V,E,-11.6636,0.9373,0.0,6.824396133422852,False,Núcleo estrutural (dobramento)
BRCA1,BRCT,p.Val1653Phe,1653,V,F,-10.0621,0.8452,0.0,6.824396133422852,False,Núcleo estrutural (dobramento)
BRCA1,BRCT,p.Val1653Gly,1653,V,G,-11.62011,0.9112,0.0,6.824396133422852,False,Núcleo estrutural (dobramento)
BRCA1,BRCT,p.Val1653His,1653,V,H,-13.33947,0.8489,0.0,6.824396133422852,False,Núcleo estrutural (dobramento)
BRCA1,BRCT,p.Val1653Lys,1653,V,K,-13.22538,0.8915,0.0,6.824396133422852,False,Núcleo estrutural (dobramento)
BRCA1,BRCT,p.Val1653Met,1653,V,M,-7.91163,0.7471,0.0,6.824396133422852,False,Núcleo estrutural (dobramento)
BRCA1,BRCT,p.Val1653Asn,1653,V,N,-12.21176,0.8956,0.0,6.824396133422852,False,Núcleo estrutural (dobramento)
BRCA1,BRCT,p.Val1653Pro,1653,V,P,-13.7401,0.9318,0.0,6.824396133422852,False,Núcleo estrutural (dobramento)
BRCA1,BRCT,p.Val1653Gln,1653,V,Q,-11.76487,0.9246,0.0,6.824396133422852,False,Núcleo estrutural (dobramento)
BRCA1,BRCT,p.Val1653Arg,1653,V,R,-12.93863,0.8346,0.0,6.824396133422852,False,Núcleo estrutural (dobramento)
BRCA1,BRCT,p.Val1653Ser,1653,V,S,-7.92054,0.8024,0.0,6.824396133422852,False,Núcleo estrutural (dobramento)
BRCA1,BRCT,p.Val1653Trp,1653,V,W,-12.70601,0.8699,0.0,6.824396133422852,False,Núcleo estrutural (dobramento)
BRCA1,BRCT,p.Val1653Tyr,1653,V,Y,-12.7765,0.9073,0.0,6.824396133422852,False,Núcleo estrutural (dobramento)
BRCA1,BRCT,p.Val1654Asp,1654,V,D,-7.31482,0.844,0.05855062060042107,3.2179298400878906,True,Bolso de fosfopeptídeo
BRCA1,BRCT,p.Val1654Glu,1654,V,E,-7.40614,0.9106,0.05855062060042107,3.2179298400878906,True,Bolso de fosfopeptídeo
BRCA1,BRCT,p.Val1654His,1654,V,H,-6.60698,0.7952,0.05855062060042107,3.2179298400878906,True,Bolso de fosfopeptídeo
BRCA1,BRCT,p.Val1654Lys,1654,V,K,-7.04652,0.8425,0.05855062060042107,3.2179298400878906,True,Bolso de fosfopeptídeo
BRCA1,BRCT,p.Val1654Gln,1654,V,Q,-7.95578,0.8997,0.05855062060042107,3.2179298400878906,True,Bolso de fosfopeptídeo
BRCA1,BRCT,p.Val1654Trp,1654,V,W,-7.62607,0.8481,0.05855062060042107,3.2179298400878906,True,Bolso de fosfopeptídeo
BRCA1,BRCT,p.Ser1655Asp,1655,S,D,-12.46639,0.7427,0.06484928253223271,2.5526669025421143,True,Bolso de fosfopeptídeo
BRCA1,BRCT,p.Ser1655Glu,1655,S,E,-14.14562,0.7759,0.06484928253223271,2.5526669025421143,True,Bolso de fosfopeptídeo
BRCA1,BRCT,p.Ser1655Phe,1655,S,F,-10.39174,0.8586,0.06484928253223271,2.5526669025421143,True,Bolso de fosfopeptídeo
BRCA1,BRCT,p.Ser1655His,1655,S,H,-11.14479,0.7497,0.06484928253223271,2.5526669025421143,True,Bolso de fosfopeptídeo
BRCA1,BRCT,p.Ser1655Ile,1655,S,I,-11.07667,0.8413,0.06484928253223271,2.5526669025421143,True,Bolso de fosfopeptídeo
BRCA1,BRCT,p.Ser1655Lys,1655,S,K,-12.42205,0.8215,0.06484928253223271,2.5526669025421143,True,Bolso de fosfopeptídeo
BRCA1,BRCT,p.Ser1655Leu,1655,S,L,-10.44996,0.8159,0.06484928253223271,2.5526669025421143,True,Bolso de fosfopeptídeo
BRCA1,BRCT,p.Ser1655Met,1655,S,M,-11.41417,0.7122,0.06484928253223271,2.5526669025421143,True,Bolso de fosfopeptídeo
BRCA1,BRCT,p.Ser1655Pro,1655,S,P,-10.88064,0.7272,0.06484928253223271,2.5526669025421143,True,Bolso de fosfopeptídeo
BRCA1,BRCT,p.Ser1655Arg,1655,S,R,-11.57632,0.7632,0.06484928253223271,2.5526669025421143,True,Bolso de fosfopeptídeo
BRCA1,BRCT,p.Ser1655Val,1655,S,V,-11.30619,0.8147,0.06484928253223271,2.5526669025421143,True,Bolso de fosfopeptídeo
BRCA1,BRCT,p.Ser1655Trp,1655,S,W,-11.28335,0.7593,0.06484928253223271,2.5526669025421143,True,Bolso de fosfopeptídeo
BRCA1,BRCT,p.Ser1655Tyr,1655,S,Y,-10.33298,0.735,0.06484928253223271,2.5526669025421143,True,Bolso de fosfopeptídeo
BRCA1,BRCT,p.Gly1656Asp,1656,G,D,-5.61344,0.702,0.4594967121737304,2.762442111968994,True,Bolso de fosfopeptídeo
BRCA1,BRCT,p.Gly1656Glu,1656,G,E,-6.62592,0.8491,0.4594967121737304,2.762442111968994,True,Bolso de fosfopeptídeo
BRCA1,BRCT,p.Gly1656Phe,1656,G,F,-7.66135,0.8251,0.4594967121737304,2.762442111968994,True,Bolso de fosfopeptídeo
BRCA1,BRCT,p.Gly1656His,1656,G,H,-7.33043,0.8041,0.4594967121737304,2.762442111968994,True,Bolso de fosfopeptídeo
BRCA1,BRCT,p.Gly1656Ile,1656,G,I,-7.87311,0.827,0.4594967121737304,2.762442111968994,True,Bolso de fosfopeptídeo
BRCA1,BRCT,p.Gly1656Lys,1656,G,K,-8.31051,0.8553,0.4594967121737304,2.762442111968994,True,Bolso de fosfopeptídeo
BRCA1,BRCT,p.Gly1656Leu,1656,G,L,-7.14802,0.831,0.4594967121737304,2.762442111968994,True,Bolso de fosfopeptídeo
BRCA1,BRCT,p.Gly1656Met,1656,G,M,-7.29427,0.7505,0.4594967121737304,2.762442111968994,True,Bolso de fosfopeptídeo
BRCA1,BRCT,p.Gly1656Pro,1656,G,P,-7.75717,0.813,0.4594967121737304,2.762442111968994,True,Bolso de fosfopeptídeo
BRCA1,BRCT,p.Gly1656Gln,1656,G,Q,-7.93585,0.8658,0.4594967121737304,2.762442111968994,True,Bolso de fosfopeptídeo
BRCA1,BRCT,p.Gly1656Arg,1656,G,R,-6.7352,0.8063,0.4594967121737304,2.762442111968994,True,Bolso de fosfopeptídeo
BRCA1,BRCT,p.Gly1656Val,1656,G,V,-6.04527,0.8283,0.4594967121737304,2.762442111968994,True,Bolso de fosfopeptídeo
BRCA1,BRCT,p.Gly1656Trp,1656,G,W,-7.31389,0.8669,0.4594967121737304,2.762442111968994,True,Bolso de fosfopeptídeo
BRCA1,BRCT,p.Gly1656Tyr,1656,G,Y,-7.3754,0.8285,0.4594967121737304,2.762442111968994,True,Bolso de fosfopeptídeo
BRCA1,BRCT,p.Leu1657Ala,1657,L,A,-11.32986,0.7021,0.05931451968491105,3.4985108375549316,True,Bolso de fosfopeptídeo
BRCA1,BRCT,p.Leu1657Asp,1657,L,D,-14.71333,0.8686,0.05931451968491105,3.4985108375549316,True,Bolso de fosfopeptídeo
BRCA1,BRCT,p.Leu1657Glu,1657,L,E,-14.4159,0.8969,0.05931451968491105,3.4985108375549316,True,Bolso de fosfopeptídeo
BRCA1,BRCT,p.Leu1657Gly,1657,L,G,-13.06635,0.9261,0.05931451968491105,3.4985108375549316,True,Bolso de fosfopeptídeo
BRCA1,BRCT,p.Leu1657His,1657,L,H,-10.27802,0.8229,0.05931451968491105,3.4985108375549316,True,Bolso de fosfopeptídeo
BRCA1,BRCT,p.Leu1657Lys,1657,L,K,-14.318,0.8615,0.05931451968491105,3.4985108375549316,True,Bolso de fosfopeptídeo
BRCA1,BRCT,p.Leu1657Asn,1657,L,N,-12.28709,0.8911,0.05931451968491105,3.4985108375549316,True,Bolso de fosfopeptídeo
BRCA1,BRCT,p.Leu1657Pro,1657,L,P,-9.79764,0.9672,0.05931451968491105,3.4985108375549316,True,Bolso de fosfopeptídeo
BRCA1,BRCT,p.Leu1657Gln,1657,L,Q,-10.1947,0.8923,0.05931451968491105,3.4985108375549316,True,Bolso de fosfopeptídeo
BRCA1,BRCT,p.Leu1657Arg,1657,L,R,-12.88464,0.8191,0.05931451968491105,3.4985108375549316,True,Bolso de fosfopeptídeo
BRCA1,BRCT,p.Leu1657Ser,1657,L,S,-9.77035,0.7933,0.05931451968491105,3.4985108375549316,True,Bolso de fosfopeptídeo
BRCA1,BRCT,p.Leu1657Thr,1657,L,T,-9.65309,0.8075,0.05931451968491105,3.4985108375549316,True,Bolso de fosfopeptídeo
BRCA1,BRCT,p.Leu1657Trp,1657,L,W,-13.2598,0.8286,0.05931451968491105,3.4985108375549316,True,Bolso de fosfopeptídeo
BRCA1,BRCT,p.Leu1657Tyr,1657,L,Y,-8.72003,0.8879,0.05931451968491105,3.4985108375549316,True,Bolso de fosfopeptídeo
BRCA1,BRCT,p.Thr1658Trp,1658,T,W,-7.43355,0.7125,0.2792604084746643,3.478801727294922,True,Bolso de fosfopeptídeo
BRCA1,BRCT,p.Pro1659Phe,1659,P,F,-6.38838,0.7903,0.4860893448210984,5.331284523010254,True,Superfície
BRCA1,BRCT,p.Pro1659Trp,1659,P,W,-8.02379,0.79,0.4860893448210984,5.331284523010254,True,Superfície
BRCA1,BRCT,p.Glu1660Phe,1660,E,F,-6.19288,0.7303,0.21997668436474208,6.597381114959717,False,Intermediário
BRCA1,BRCT,p.Glu1660Trp,1660,E,W,-6.79329,0.712,0.21997668436474208,6.597381114959717,False,Intermediário
BRCA1,BRCT,p.Glu1661Ala,1661,E,A,-9.45347,0.685,0.06909835835340661,3.511303663253784,True,Bolso de fosfopeptídeo
BRCA1,BRCT,p.Glu1661Cys,1661,E,C,-12.82045,0.7771,0.06909835835340661,3.511303663253784,True,Bolso de fosfopeptídeo
BRCA1,BRCT,p.Glu1661Phe,1661,E,F,-13.70807,0.7749,0.06909835835340661,3.511303663253784,True,Bolso de fosfopeptídeo
BRCA1,BRCT,p.Glu1661Ile,1661,E,I,-13.26698,0.7658,0.06909835835340661,3.511303663253784,True,Bolso de fosfopeptídeo
BRCA1,BRCT,p.Glu1661Leu,1661,E,L,-10.90547,0.7755,0.06909835835340661,3.511303663253784,True,Bolso de fosfopeptídeo
BRCA1,BRCT,p.Glu1661Met,1661,E,M,-9.56834,0.7274,0.06909835835340661,3.511303663253784,True,Bolso de fosfopeptídeo
BRCA1,BRCT,p.Glu1661Pro,1661,E,P,-13.26341,0.7557,0.06909835835340661,3.511303663253784,True,Bolso de fosfopeptídeo
BRCA1,BRCT,p.Glu1661Ser,1661,E,S,-11.50893,0.6935,0.06909835835340661,3.511303663253784,True,Bolso de fosfopeptídeo
BRCA1,BRCT,p.Glu1661Val,1661,E,V,-11.84911,0.8134,0.06909835835340661,3.511303663253784,True,Bolso de fosfopeptídeo
BRCA1,BRCT,p.Glu1661Trp,1661,E,W,-13.79274,0.7589,0.06909835835340661,3.511303663253784,True,Bolso de fosfopeptídeo
BRCA1,BRCT,p.Glu1661Tyr,1661,E,Y,-11.5623,0.7535,0.06909835835340661,3.511303663253784,True,Bolso de fosfopeptídeo
BRCA1,BRCT,p.Phe1662Asp,1662,F,D,-7.1871,0.8482,0.22139850627398466,6.051168918609619,False,Intermediário
BRCA1,BRCT,p.Phe1662Glu,1662,F,E,-5.7768,0.7096,0.22139850627398466,6.051168918609619,False,Intermediário
BRCA1,BRCT,p.Phe1662Gly,1662,F,G,-5.72387,0.7416,0.22139850627398466,6.051168918609619,False,Intermediário
BRCA1,BRCT,p.Phe1662Pro,1662,F,P,-11.27226,0.9037,0.22139850627398466,6.051168918609619,False,Intermediário
BRCA1,BRCT,p.Met1663Asp,1663,M,D,-4.12471,0.7182,0.39876908750441015,9.46079158782959,False,Intermediário
BRCA1,BRCT,p.Met1663Glu,1663,M,E,-5.31223,0.7272,0.39876908750441015,9.46079158782959,False,Intermediário
BRCA1,BRCT,p.Met1663His,1663,M,H,-2.53396,0.7088,0.39876908750441015,9.46079158782959,False,Intermediário
BRCA1,BRCT,p.Met1663Lys,1663,M,K,-4.17803,0.808,0.39876908750441015,9.46079158782959,False,Intermediário
BRCA1,BRCT,p.Met1663Pro,1663,M,P,-4.01659,0.7496,0.39876908750441015,9.46079158782959,False,Intermediário
BRCA1,BRCT,p.Met1663Arg,1663,M,R,-3.98467,0.8585,0.39876908750441015,9.46079158782959,False,Intermediário
BRCA1,BRCT,p.Met1663Trp,1663,M,W,-5.46821,0.7027,0.39876908750441015,9.46079158782959,False,Intermediário
BRCA1,BRCT,p.Met1663Tyr,1663,M,Y,-3.09698,0.6837,0.39876908750441015,9.46079158782959,False,Intermediário
BRCA1,BRCT,p.Leu1664Asp,1664,L,D,-8.39539,0.8636,0.3004050288656508,9.313568115234375,False,Intermediário
BRCA1,BRCT,p.Leu1664Glu,1664,L,E,-8.19811,0.8893,0.3004050288656508,9.313568115234375,False,Intermediário
BRCA1,BRCT,p.Leu1664Gly,1664,L,G,-5.50496,0.7082,0.3004050288656508,9.313568115234375,False,Intermediário
BRCA1,BRCT,p.Val1665Cys,1665,V,C,-9.68857,0.7139,0.0,8.737054824829102,False,Núcleo estrutural (dobramento)
BRCA1,BRCT,p.Val1665Asp,1665,V,D,-13.24499,0.873,0.0,8.737054824829102,False,Núcleo estrutural (dobramento)
BRCA1,BRCT,p.Val1665Glu,1665,V,E,-12.8663,0.9373,0.0,8.737054824829102,False,Núcleo estrutural (dobramento)
BRCA1,BRCT,p.Val1665Phe,1665,V,F,-7.59916,0.7855,0.0,8.737054824829102,False,Núcleo estrutural (dobramento)
BRCA1,BRCT,p.Val1665Gly,1665,V,G,-11.20841,0.873,0.0,8.737054824829102,False,Núcleo estrutural (dobramento)
BRCA1,BRCT,p.Val1665His,1665,V,H,-15.28413,0.8489,0.0,8.737054824829102,False,Núcleo estrutural (dobramento)
BRCA1,BRCT,p.Val1665Lys,1665,V,K,-14.57221,0.8915,0.0,8.737054824829102,False,Núcleo estrutural (dobramento)
BRCA1,BRCT,p.Val1665Asn,1665,V,N,-13.58957,0.8956,0.0,8.737054824829102,False,Núcleo estrutural (dobramento)
BRCA1,BRCT,p.Val1665Pro,1665,V,P,-11.80511,0.9264,0.0,8.737054824829102,False,Núcleo estrutural (dobramento)
BRCA1,BRCT,p.Val1665Gln,1665,V,Q,-13.75922,0.9246,0.0,8.737054824829102,False,Núcleo estrutural (dobramento)
BRCA1,BRCT,p.Val1665Arg,1665,V,R,-15.31134,0.8346,0.0,8.737054824829102,False,Núcleo estrutural (dobramento)
BRCA1,BRCT,p.Val1665Ser,1665,V,S,-10.53477,0.8168,0.0,8.737054824829102,False,Núcleo estrutural (dobramento)
BRCA1,BRCT,p.Val1665Thr,1665,V,T,-6.18459,0.7599,0.0,8.737054824829102,False,Núcleo estrutural (dobramento)
BRCA1,BRCT,p.Val1665Trp,1665,V,W,-12.78384,0.8699,0.0,8.737054824829102,False,Núcleo estrutural (dobramento)
BRCA1,BRCT,p.Val1665Tyr,1665,V,Y,-11.79463,0.9049,0.0,8.737054824829102,False,Núcleo estrutural (dobramento)
BRCA1,BRCT,p.Tyr1666Asp,1666,Y,D,-6.75545,0.8972,0.376250705962942,11.166603088378906,False,Intermediário
BRCA1,BRCT,p.Tyr1666Glu,1666,Y,E,-5.65898,0.7164,0.376250705962942,11.166603088378906,False,Intermediário
BRCA1,BRCT,p.Lys1667Ala,1667,K,A,-10.97577,0.7191,0.49895195178244683,13.816862106323242,False,Superfície
BRCA1,BRCT,p.Lys1667Cys,1667,K,C,-10.96295,0.7286,0.49895195178244683,13.816862106323242,False,Superfície
BRCA1,BRCT,p.Lys1667Asp,1667,K,D,-11.39783,0.6866,0.49895195178244683,13.816862106323242,False,Superfície
BRCA1,BRCT,p.Lys1667Glu,1667,K,E,-10.50758,0.7732,0.49895195178244683,13.816862106323242,False,Superfície
BRCA1,BRCT,p.Lys1667Phe,1667,K,F,-13.60936,0.779,0.49895195178244683,13.816862106323242,False,Superfície
BRCA1,BRCT,p.Lys1667Gly,1667,K,G,-10.35287,0.7086,0.49895195178244683,13.816862106323242,False,Superfície
BRCA1,BRCT,p.Lys1667Ile,1667,K,I,-11.14092,0.7334,0.49895195178244683,13.816862106323242,False,Superfície
BRCA1,BRCT,p.Lys1667Leu,1667,K,L,-11.2443,0.7543,0.49895195178244683,13.816862106323242,False,Superfície
BRCA1,BRCT,p.Lys1667Met,1667,K,M,-9.91882,0.7446,0.49895195178244683,13.816862106323242,False,Superfície
BRCA1,BRCT,p.Lys1667Pro,1667,K,P,-13.81166,0.7073,0.49895195178244683,13.816862106323242,False,Superfície
BRCA1,BRCT,p.Lys1667Gln,1667,K,Q,-7.01521,0.6758,0.49895195178244683,13.816862106323242,False,Superfície
BRCA1,BRCT,p.Lys1667Val,1667,K,V,-11.89748,0.7641,0.49895195178244683,13.816862106323242,False,Superfície
BRCA1,BRCT,p.Lys1667Trp,1667,K,W,-11.25287,0.7659,0.49895195178244683,13.816862106323242,False,Superfície
BRCA1,BRCT,p.Lys1667Tyr,1667,K,Y,-12.26925,0.7232,0.49895195178244683,13.816862106323242,False,Superfície
BRCA1,BRCT,p.Phe1668Ala,1668,F,A,-8.96266,0.7532,0.0,14.043137550354004,False,Núcleo estrutural (dobramento)
BRCA1,BRCT,p.Phe1668Cys,1668,F,C,-7.2772,0.7588,0.0,14.043137550354004,False,Núcleo estrutural (dobramento)
BRCA1,BRCT,p.Phe1668Asp,1668,F,D,-13.80057,0.8835,0.0,14.043137550354004,False,Núcleo estrutural (dobramento)
BRCA1,BRCT,p.Phe1668Glu,1668,F,E,-12.67899,0.8984,0.0,14.043137550354004,False,Núcleo estrutural (dobramento)
BRCA1,BRCT,p.Phe1668Gly,1668,F,G,-11.79053,0.8828,0.0,14.043137550354004,False,Núcleo estrutural (dobramento)
BRCA1,BRCT,p.Phe1668His,1668,F,H,-10.26353,0.8656,0.0,14.043137550354004,False,Núcleo estrutural (dobramento)
BRCA1,BRCT,p.Phe1668Lys,1668,F,K,-13.74114,0.8897,0.0,14.043137550354004,False,Núcleo estrutural (dobramento)
BRCA1,BRCT,p.Phe1668Asn,1668,F,N,-11.69487,0.8822,0.0,14.043137550354004,False,Núcleo estrutural (dobramento)
BRCA1,BRCT,p.Phe1668Pro,1668,F,P,-14.47608,0.9121,0.0,14.043137550354004,False,Núcleo estrutural (dobramento)
BRCA1,BRCT,p.Phe1668Gln,1668,F,Q,-10.99722,0.8955,0.0,14.043137550354004,False,Núcleo estrutural (dobramento)
BRCA1,BRCT,p.Phe1668Arg,1668,F,R,-14.06073,0.8411,0.0,14.043137550354004,False,Núcleo estrutural (dobramento)
BRCA1,BRCT,p.Phe1668Ser,1668,F,S,-8.64346,0.8402,0.0,14.043137550354004,False,Núcleo estrutural (dobramento)
BRCA1,BRCT,p.Phe1668Thr,1668,F,T,-9.49952,0.8363,0.0,14.043137550354004,False,Núcleo estrutural (dobramento)
BRCA1,BRCT,p.Phe1668Trp,1668,F,W,-9.93795,0.7831,0.0,14.043137550354004,False,Núcleo estrutural (dobramento)
BRCA1,BRCT,p.Ala1669Asp,1669,A,D,-7.3722,0.9143,0.016611767814925897,13.527148246765137,False,Núcleo estrutural (dobramento)
BRCA1,BRCT,p.Ala1669Glu,1669,A,E,-5.34321,0.6775,0.016611767814925897,13.527148246765137,False,Núcleo estrutural (dobramento)
BRCA1,BRCT,p.Ala1669Phe,1669,A,F,-8.25007,0.8169,0.016611767814925897,13.527148246765137,False,Núcleo estrutural (dobramento)
BRCA1,BRCT,p.Ala1669His,1669,A,H,-7.35429,0.8434,0.016611767814925897,13.527148246765137,False,Núcleo estrutural (dobramento)
BRCA1,BRCT,p.Ala1669Lys,1669,A,K,-7.53095,0.8882,0.016611767814925897,13.527148246765137,False,Núcleo estrutural (dobramento)
BRCA1,BRCT,p.Ala1669Leu,1669,A,L,-6.14773,0.685,0.016611767814925897,13.527148246765137,False,Núcleo estrutural (dobramento)
BRCA1,BRCT,p.Ala1669Asn,1669,A,N,-6.36838,0.8543,0.016611767814925897,13.527148246765137,False,Núcleo estrutural (dobramento)
BRCA1,BRCT,p.Ala1669Pro,1669,A,P,-10.73966,0.9396,0.016611767814925897,13.527148246765137,False,Núcleo estrutural (dobramento)
BRCA1,BRCT,p.Ala1669Gln,1669,A,Q,-5.91201,0.8086,0.016611767814925897,13.527148246765137,False,Núcleo estrutural (dobramento)
BRCA1,BRCT,p.Ala1669Arg,1669,A,R,-8.71518,0.8526,0.016611767814925897,13.527148246765137,False,Núcleo estrutural (dobramento)
BRCA1,BRCT,p.Ala1669Trp,1669,A,W,-9.74747,0.8749,0.016611767814925897,13.527148246765137,False,Núcleo estrutural (dobramento)
BRCA1,BRCT,p.Ala1669Tyr,1669,A,Y,-9.49619,0.8973,0.016611767814925897,13.527148246765137,False,Núcleo estrutural (dobramento)
BRCA1,BRCT,p.Arg1670Ala,1670,R,A,-7.98045,0.8003,0.41501012237252116,16.108661651611328,False,Superfície
BRCA1,BRCT,p.Arg1670Cys,1670,R,C,-5.83456,0.7388,0.41501012237252116,16.108661651611328,False,Superfície
BRCA1,BRCT,p.Arg1670Asp,1670,R,D,-9.17686,0.8191,0.41501012237252116,16.108661651611328,False,Superfície
BRCA1,BRCT,p.Arg1670Glu,1670,R,E,-7.84449,0.7768,0.41501012237252116,16.108661651611328,False,Superfície
BRCA1,BRCT,p.Arg1670Phe,1670,R,F,-9.49933,0.8423,0.41501012237252116,16.108661651611328,False,Superfície
BRCA1,BRCT,p.Arg1670Gly,1670,R,G,-6.33438,0.7773,0.41501012237252116,16.108661651611328,False,Superfície
BRCA1,BRCT,p.Arg1670Ile,1670,R,I,-8.37525,0.8532,0.41501012237252116,16.108661651611328,False,Superfície
BRCA1,BRCT,p.Arg1670Leu,1670,R,L,-7.01501,0.8403,0.41501012237252116,16.108661651611328,False,Superfície
BRCA1,BRCT,p.Arg1670Met,1670,R,M,-7.33917,0.8512,0.41501012237252116,16.108661651611328,False,Superfície
BRCA1,BRCT,p.Arg1670Asn,1670,R,N,-6.20355,0.6842,0.41501012237252116,16.108661651611328,False,Superfície
BRCA1,BRCT,p.Arg1670Pro,1670,R,P,-11.88149,0.8354,0.41501012237252116,16.108661651611328,False,Superfície
BRCA1,BRCT,p.Arg1670Ser,1670,R,S,-6.00559,0.7339,0.41501012237252116,16.108661651611328,False,Superfície
BRCA1,BRCT,p.Arg1670Thr,1670,R,T,-6.74942,0.7244,0.41501012237252116,16.108661651611328,False,Superfície
BRCA1,BRCT,p.Arg1670Val,1670,R,V,-8.02115,0.8503,0.41501012237252116,16.108661651611328,False,Superfície
BRCA1,BRCT,p.Arg1670Tyr,1670,R,Y,-7.94393,0.7394,0.41501012237252116,16.108661651611328,False,Superfície
BRCA1,BRCT,p.Lys1671Cys,1671,K,C,-8.557,0.7122,0.4065885952935757,18.695589065551758,False,Superfície
BRCA1,BRCT,p.Lys1671Asp,1671,K,D,-11.79866,0.6866,0.4065885952935757,18.695589065551758,False,Superfície
BRCA1,BRCT,p.Lys1671Glu,1671,K,E,-10.97315,0.7732,0.4065885952935757,18.695589065551758,False,Superfície
BRCA1,BRCT,p.Lys1671Phe,1671,K,F,-9.00639,0.7731,0.4065885952935757,18.695589065551758,False,Superfície
BRCA1,BRCT,p.Lys1671Gly,1671,K,G,-7.99363,0.6827,0.4065885952935757,18.695589065551758,False,Superfície
BRCA1,BRCT,p.Lys1671Ile,1671,K,I,-6.42431,0.68,0.4065885952935757,18.695589065551758,False,Superfície
BRCA1,BRCT,p.Lys1671Leu,1671,K,L,-6.7226,0.6959,0.4065885952935757,18.695589065551758,False,Superfície
BRCA1,BRCT,p.Lys1671Met,1671,K,M,-6.1697,0.6874,0.4065885952935757,18.695589065551758,False,Superfície
BRCA1,BRCT,p.Lys1671Pro,1671,K,P,-12.5471,0.7073,0.4065885952935757,18.695589065551758,False,Superfície
BRCA1,BRCT,p.Lys1671Gln,1671,K,Q,-6.93227,0.6758,0.4065885952935757,18.695589065551758,False,Superfície
BRCA1,BRCT,p.Lys1671Val,1671,K,V,-5.99316,0.7095,0.4065885952935757,18.695589065551758,False,Superfície
BRCA1,BRCT,p.Lys1671Trp,1671,K,W,-9.97452,0.7639,0.4065885952935757,18.695589065551758,False,Superfície
BRCA1,BRCT,p.Lys1671Tyr,1671,K,Y,-9.78169,0.7174,0.4065885952935757,18.695589065551758,False,Superfície
BRCA1,BRCT,p.His1672Asp,1672,H,D,-9.05084,0.7925,0.2051882995804993,18.70657730102539,False,Intermediário
BRCA1,BRCT,p.His1672Gly,1672,H,G,-5.68515,0.6835,0.2051882995804993,18.70657730102539,False,Intermediário
BRCA1,BRCT,p.His1672Ile,1672,H,I,-5.94305,0.7405,0.2051882995804993,18.70657730102539,False,Intermediário
BRCA1,BRCT,p.His1672Pro,1672,H,P,-7.57322,0.7744,0.2051882995804993,18.70657730102539,False,Intermediário
BRCA1,BRCT,p.His1673Ile,1673,H,I,-6.08,0.7585,0.4746531360544953,18.662412643432617,False,Superfície
BRCA1,BRCT,p.Ile1674Asp,1674,I,D,-12.43391,0.8266,0.07752672447123085,14.928470611572266,False,Núcleo estrutural (dobramento)
BRCA1,BRCT,p.Ile1674Glu,1674,I,E,-11.80718,0.8573,0.07752672447123085,14.928470611572266,False,Núcleo estrutural (dobramento)
BRCA1,BRCT,p.Ile1674Gly,1674,I,G,-6.33706,0.8143,0.07752672447123085,14.928470611572266,False,Núcleo estrutural (dobramento)
BRCA1,BRCT,p.Ile1674His,1674,I,H,-9.15436,0.793,0.07752672447123085,14.928470611572266,False,Núcleo estrutural (dobramento)
BRCA1,BRCT,p.Ile1674Lys,1674,I,K,-9.85977,0.8152,0.07752672447123085,14.928470611572266,False,Núcleo estrutural (dobramento)
BRCA1,BRCT,p.Ile1674Asn,1674,I,N,-9.86164,0.8631,0.07752672447123085,14.928470611572266,False,Núcleo estrutural (dobramento)
BRCA1,BRCT,p.Ile1674Pro,1674,I,P,-7.53278,0.903,0.07752672447123085,14.928470611572266,False,Núcleo estrutural (dobramento)
BRCA1,BRCT,p.Ile1674Gln,1674,I,Q,-9.16524,0.8671,0.07752672447123085,14.928470611572266,False,Núcleo estrutural (dobramento)
BRCA1,BRCT,p.Ile1674Arg,1674,I,R,-10.41122,0.7982,0.07752672447123085,14.928470611572266,False,Núcleo estrutural (dobramento)
BRCA1,BRCT,p.Ile1674Tyr,1674,I,Y,-6.7422,0.8383,0.07752672447123085,14.928470611572266,False,Núcleo estrutural (dobramento)
BRCA1,BRCT,p.Leu1676Asp,1676,L,D,-6.55579,0.809,0.16149436747830737,8.920064926147461,False,Intermediário
BRCA1,BRCT,p.Leu1676Gly,1676,L,G,-7.39315,0.8681,0.16149436747830737,8.920064926147461,False,Intermediário
BRCA1,BRCT,p.Leu1676Asn,1676,L,N,-6.38141,0.8098,0.16149436747830737,8.920064926147461,False,Intermediário
BRCA1,BRCT,p.Leu1676Pro,1676,L,P,-6.08109,0.895,0.16149436747830737,8.920064926147461,False,Intermediário
BRCA1,BRCT,p.Thr1677Phe,1677,T,F,-8.69876,0.8334,0.15890204865974877,7.517053604125977,False,Intermediário
BRCA1,BRCT,p.Thr1677Ile,1677,T,I,-7.15454,0.7969,0.15890204865974877,7.517053604125977,False,Intermediário
BRCA1,BRCT,p.Thr1677Lys,1677,T,K,-6.55845,0.8338,0.15890204865974877,7.517053604125977,False,Intermediário
BRCA1,BRCT,p.Thr1677Pro,1677,T,P,-9.91318,0.6866,0.15890204865974877,7.517053604125977,False,Intermediário
BRCA1,BRCT,p.Thr1677Arg,1677,T,R,-6.87865,0.7657,0.15890204865974877,7.517053604125977,False,Intermediário
BRCA1,BRCT,p.Thr1677Trp,1677,T,W,-10.47366,0.7642,0.15890204865974877,7.517053604125977,False,Intermediário
BRCA1,BRCT,p.Thr1677Tyr,1677,T,Y,-8.97463,0.7227,0.15890204865974877,7.517053604125977,False,Intermediário
BRCA1,BRCT,p.Asn1678Phe,1678,N,F,-7.9824,0.7562,0.4985572211101924,5.11466121673584,False,Superfície
BRCA1,BRCT,p.Leu1679Pro,1679,L,P,-7.82374,0.9576,0.33044553175221586,6.486537933349609,False,Intermediário
BRCA1,BRCT,p.Ile1680Asp,1680,I,D,-9.25028,0.8264,0.06664896788176161,5.7308549880981445,False,Núcleo estrutural (dobramento)
BRCA1,BRCT,p.Ile1680Glu,1680,I,E,-9.29151,0.857,0.06664896788176161,5.7308549880981445,False,Núcleo estrutural (dobramento)
BRCA1,BRCT,p.Ile1680Gly,1680,I,G,-8.41648,0.8454,0.06664896788176161,5.7308549880981445,False,Núcleo estrutural (dobramento)
BRCA1,BRCT,p.Ile1680His,1680,I,H,-8.88286,0.793,0.06664896788176161,5.7308549880981445,False,Núcleo estrutural (dobramento)
BRCA1,BRCT,p.Ile1680Lys,1680,I,K,-10.76712,0.8152,0.06664896788176161,5.7308549880981445,False,Núcleo estrutural (dobramento)
BRCA1,BRCT,p.Ile1680Asn,1680,I,N,-8.53371,0.8569,0.06664896788176161,5.7308549880981445,False,Núcleo estrutural (dobramento)
BRCA1,BRCT,p.Ile1680Pro,1680,I,P,-6.50683,0.8862,0.06664896788176161,5.7308549880981445,False,Núcleo estrutural (dobramento)
BRCA1,BRCT,p.Ile1680Gln,1680,I,Q,-9.28174,0.8671,0.06664896788176161,5.7308549880981445,False,Núcleo estrutural (dobramento)
BRCA1,BRCT,p.Ile1680Arg,1680,I,R,-10.23112,0.7995,0.06664896788176161,5.7308549880981445,False,Núcleo estrutural (dobramento)
BRCA1,BRCT,p.Ile1680Ser,1680,I,S,-7.56135,0.7631,0.06664896788176161,5.7308549880981445,False,Núcleo estrutural (dobramento)
BRCA1,BRCT,p.Ile1680Thr,1680,I,T,-6.6891,0.7333,0.06664896788176161,5.7308549880981445,False,Núcleo estrutural (dobramento)
BRCA1,BRCT,p.Ile1680Trp,1680,I,W,-6.86705,0.7969,0.06664896788176161,5.7308549880981445,False,Núcleo estrutural (dobramento)
BRCA1,BRCT,p.Thr1681Phe,1681,T,F,-8.05649,0.8225,0.07723203707232024,9.805418968200684,False,Núcleo estrutural (dobramento)
BRCA1,BRCT,p.Thr1681Pro,1681,T,P,-11.91418,0.6957,0.07723203707232024,9.805418968200684,False,Núcleo estrutural (dobramento)
BRCA1,BRCT,p.Thr1681Trp,1681,T,W,-8.66244,0.751,0.07723203707232024,9.805418968200684,False,Núcleo estrutural (dobramento)
BRCA1,BRCT,p.Thr1681Tyr,1681,T,Y,-7.07178,0.6756,0.07723203707232024,9.805418968200684,False,Núcleo estrutural (dobramento)
BRCA1,BRCT,p.Glu1682Cys,1682,E,C,-11.0842,0.7763,0.08839759874805113,12.911787986755371,False,Núcleo estrutural (dobramento)
BRCA1,BRCT,p.Glu1682Phe,1682,E,F,-10.45556,0.7749,0.08839759874805113,12.911787986755371,False,Núcleo estrutural (dobramento)
BRCA1,BRCT,p.Glu1682Ile,1682,E,I,-8.2725,0.7618,0.08839759874805113,12.911787986755371,False,Núcleo estrutural (dobramento)
BRCA1,BRCT,p.Glu1682Leu,1682,E,L,-6.59163,0.7384,0.08839759874805113,12.911787986755371,False,Núcleo estrutural (dobramento)
BRCA1,BRCT,p.Glu1682Met,1682,E,M,-6.61322,0.6776,0.08839759874805113,12.911787986755371,False,Núcleo estrutural (dobramento)
BRCA1,BRCT,p.Glu1682Val,1682,E,V,-6.1118,0.7871,0.08839759874805113,12.911787986755371,False,Núcleo estrutural (dobramento)
BRCA1,BRCT,p.Glu1682Trp,1682,E,W,-10.90427,0.7589,0.08839759874805113,12.911787986755371,False,Núcleo estrutural (dobramento)
BRCA1,BRCT,p.Glu1682Tyr,1682,E,Y,-10.11362,0.7527,0.08839759874805113,12.911787986755371,False,Núcleo estrutural (dobramento)
BRCA1,BRCT,p.Glu1683Phe,1683,E,F,-6.45825,0.7303,0.3437401636765544,14.847979545593262,False,Intermediário
BRCA1,BRCT,p.Glu1683Ile,1683,E,I,-7.02749,0.74,0.3437401636765544,14.847979545593262,False,Intermediário
BRCA1,BRCT,p.Glu1683Pro,1683,E,P,-8.7441,0.7484,0.3437401636765544,14.847979545593262,False,Intermediário
BRCA1,BRCT,p.Glu1683Val,1683,E,V,-5.85861,0.7043,0.3437401636765544,14.847979545593262,False,Intermediário
BRCA1,BRCT,p.Glu1683Trp,1683,E,W,-8.43661,0.7458,0.3437401636765544,14.847979545593262,False,Intermediário
BRCA1,BRCT,p.Thr1684Asp,1684,T,D,-15.04326,0.6889,0.012458825861194423,11.400052070617676,False,Núcleo estrutural (dobramento)
BRCA1,BRCT,p.Thr1684Glu,1684,T,E,-14.86397,0.7945,0.012458825861194423,11.400052070617676,False,Núcleo estrutural (dobramento)
BRCA1,BRCT,p.Thr1684Phe,1684,T,F,-11.78065,0.8416,0.012458825861194423,11.400052070617676,False,Núcleo estrutural (dobramento)
BRCA1,BRCT,p.Thr1684His,1684,T,H,-12.60885,0.7844,0.012458825861194423,11.400052070617676,False,Núcleo estrutural (dobramento)
BRCA1,BRCT,p.Thr1684Ile,1684,T,I,-7.28292,0.7953,0.012458825861194423,11.400052070617676,False,Núcleo estrutural (dobramento)
BRCA1,BRCT,p.Thr1684Lys,1684,T,K,-13.52227,0.9037,0.012458825861194423,11.400052070617676,False,Núcleo estrutural (dobramento)
BRCA1,BRCT,p.Thr1684Leu,1684,T,L,-9.27097,0.8027,0.012458825861194423,11.400052070617676,False,Núcleo estrutural (dobramento)
BRCA1,BRCT,p.Thr1684Pro,1684,T,P,-12.22586,0.6957,0.012458825861194423,11.400052070617676,False,Núcleo estrutural (dobramento)
BRCA1,BRCT,p.Thr1684Arg,1684,T,R,-11.9698,0.8681,0.012458825861194423,11.400052070617676,False,Núcleo estrutural (dobramento)
BRCA1,BRCT,p.Thr1684Trp,1684,T,W,-13.43488,0.765,0.012458825861194423,11.400052070617676,False,Núcleo estrutural (dobramento)
BRCA1,BRCT,p.Thr1684Tyr,1684,T,Y,-12.23774,0.7285,0.012458825861194423,11.400052070617676,False,Núcleo estrutural (dobramento)
BRCA1,BRCT,p.Thr1685Asp,1685,T,D,-10.03478,0.6885,0.11935860274813126,14.388795852661133,False,Núcleo estrutural (dobramento)
BRCA1,BRCT,p.Thr1685Glu,1685,T,E,-13.41468,0.7945,0.11935860274813126,14.388795852661133,False,Núcleo estrutural (dobramento)
BRCA1,BRCT,p.Thr1685Phe,1685,T,F,-13.45537,0.8416,0.11935860274813126,14.388795852661133,False,Núcleo estrutural (dobramento)
BRCA1,BRCT,p.Thr1685His,1685,T,H,-12.19675,0.7844,0.11935860274813126,14.388795852661133,False,Núcleo estrutural (dobramento)
BRCA1,BRCT,p.Thr1685Ile,1685,T,I,-11.10283,0.8309,0.11935860274813126,14.388795852661133,False,Núcleo estrutural (dobramento)
BRCA1,BRCT,p.Thr1685Lys,1685,T,K,-11.3656,0.9029,0.11935860274813126,14.388795852661133,False,Núcleo estrutural (dobramento)
BRCA1,BRCT,p.Thr1685Leu,1685,T,L,-14.11332,0.8064,0.11935860274813126,14.388795852661133,False,Núcleo estrutural (dobramento)
BRCA1,BRCT,p.Thr1685Pro,1685,T,P,-14.24876,0.6957,0.11935860274813126,14.388795852661133,False,Núcleo estrutural (dobramento)
BRCA1,BRCT,p.Thr1685Arg,1685,T,R,-11.55327,0.8681,0.11935860274813126,14.388795852661133,False,Núcleo estrutural (dobramento)
BRCA1,BRCT,p.Thr1685Val,1685,T,V,-12.44488,0.8008,0.11935860274813126,14.388795852661133,False,Núcleo estrutural (dobramento)
BRCA1,BRCT,p.Thr1685Trp,1685,T,W,-15.96199,0.765,0.11935860274813126,14.388795852661133,False,Núcleo estrutural (dobramento)
BRCA1,BRCT,p.Thr1685Tyr,1685,T,Y,-13.99623,0.7285,0.11935860274813126,14.388795852661133,False,Núcleo estrutural (dobramento)
BRCA1,BRCT,p.His1686Ala,1686,H,A,-12.33807,0.7935,0.043129579144282726,10.720419883728027,False,Núcleo estrutural (dobramento)
BRCA1,BRCT,p.His1686Cys,1686,H,C,-11.54325,0.8527,0.043129579144282726,10.720419883728027,False,Núcleo estrutural (dobramento)
BRCA1,BRCT,p.His1686Asp,1686,H,D,-10.21282,0.7996,0.043129579144282726,10.720419883728027,False,Núcleo estrutural (dobramento)
BRCA1,BRCT,p.His1686Glu,1686,H,E,-13.77455,0.809,0.043129579144282726,10.720419883728027,False,Núcleo estrutural (dobramento)
BRCA1,BRCT,p.His1686Phe,1686,H,F,-11.99649,0.8219,0.043129579144282726,10.720419883728027,False,Núcleo estrutural (dobramento)
BRCA1,BRCT,p.His1686Gly,1686,H,G,-13.79712,0.8033,0.043129579144282726,10.720419883728027,False,Núcleo estrutural (dobramento)
BRCA1,BRCT,p.His1686Ile,1686,H,I,-10.85559,0.8219,0.043129579144282726,10.720419883728027,False,Núcleo estrutural (dobramento)
BRCA1,BRCT,p.His1686Lys,1686,H,K,-12.84961,0.7974,0.043129579144282726,10.720419883728027,False,Núcleo estrutural (dobramento)
BRCA1,BRCT,p.His1686Leu,1686,H,L,-9.11622,0.8298,0.043129579144282726,10.720419883728027,False,Núcleo estrutural (dobramento)
BRCA1,BRCT,p.His1686Met,1686,H,M,-12.25847,0.8114,0.043129579144282726,10.720419883728027,False,Núcleo estrutural (dobramento)
BRCA1,BRCT,p.His1686Asn,1686,H,N,-10.25328,0.7112,0.043129579144282726,10.720419883728027,False,Núcleo estrutural (dobramento)
BRCA1,BRCT,p.His1686Pro,1686,H,P,-10.71824,0.8068,0.043129579144282726,10.720419883728027,False,Núcleo estrutural (dobramento)
BRCA1,BRCT,p.His1686Gln,1686,H,Q,-9.02731,0.8201,0.043129579144282726,10.720419883728027,False,Núcleo estrutural (dobramento)
BRCA1,BRCT,p.His1686Arg,1686,H,R,-8.06256,0.8309,0.043129579144282726,10.720419883728027,False,Núcleo estrutural (dobramento)
BRCA1,BRCT,p.His1686Ser,1686,H,S,-12.16184,0.7972,0.043129579144282726,10.720419883728027,False,Núcleo estrutural (dobramento)
BRCA1,BRCT,p.His1686Thr,1686,H,T,-10.78004,0.7288,0.043129579144282726,10.720419883728027,False,Núcleo estrutural (dobramento)
BRCA1,BRCT,p.His1686Val,1686,H,V,-11.09815,0.8526,0.043129579144282726,10.720419883728027,False,Núcleo estrutural (dobramento)
BRCA1,BRCT,p.His1686Trp,1686,H,W,-14.8525,0.8231,0.043129579144282726,10.720419883728027,False,Núcleo estrutural (dobramento)
BRCA1,BRCT,p.His1686Tyr,1686,H,Y,-8.96127,0.7378,0.043129579144282726,10.720419883728027,False,Núcleo estrutural (dobramento)
BRCA1,BRCT,p.Val1687Ala,1687,V,A,-9.32832,0.683,0.0,7.313930511474609,False,Núcleo estrutural (dobramento)
BRCA1,BRCT,p.Val1687Cys,1687,V,C,-9.31269,0.7137,0.0,7.313930511474609,False,Núcleo estrutural (dobramento)
BRCA1,BRCT,p.Val1687Asp,1687,V,D,-11.665,0.873,0.0,7.313930511474609,False,Núcleo estrutural (dobramento)
BRCA1,BRCT,p.Val1687Glu,1687,V,E,-10.20665,0.9368,0.0,7.313930511474609,False,Núcleo estrutural (dobramento)
BRCA1,BRCT,p.Val1687Phe,1687,V,F,-8.66797,0.8385,0.0,7.313930511474609,False,Núcleo estrutural (dobramento)
BRCA1,BRCT,p.Val1687Gly,1687,V,G,-13.91048,0.9502,0.0,7.313930511474609,False,Núcleo estrutural (dobramento)
BRCA1,BRCT,p.Val1687His,1687,V,H,-12.38962,0.8489,0.0,7.313930511474609,False,Núcleo estrutural (dobramento)
BRCA1,BRCT,p.Val1687Lys,1687,V,K,-11.49789,0.8907,0.0,7.313930511474609,False,Núcleo estrutural (dobramento)
BRCA1,BRCT,p.Val1687Met,1687,V,M,-7.55582,0.7363,0.0,7.313930511474609,False,Núcleo estrutural (dobramento)
BRCA1,BRCT,p.Val1687Asn,1687,V,N,-11.38259,0.8927,0.0,7.313930511474609,False,Núcleo estrutural (dobramento)
BRCA1,BRCT,p.Val1687Pro,1687,V,P,-9.35543,0.9206,0.0,7.313930511474609,False,Núcleo estrutural (dobramento)
BRCA1,BRCT,p.Val1687Gln,1687,V,Q,-10.61223,0.9224,0.0,7.313930511474609,False,Núcleo estrutural (dobramento)
BRCA1,BRCT,p.Val1687Arg,1687,V,R,-10.74205,0.8309,0.0,7.313930511474609,False,Núcleo estrutural (dobramento)
BRCA1,BRCT,p.Val1687Ser,1687,V,S,-11.34068,0.8155,0.0,7.313930511474609,False,Núcleo estrutural (dobramento)
BRCA1,BRCT,p.Val1687Thr,1687,V,T,-7.75273,0.8001,0.0,7.313930511474609,False,Núcleo estrutural (dobramento)
BRCA1,BRCT,p.Val1687Trp,1687,V,W,-13.45834,0.8699,0.0,7.313930511474609,False,Núcleo estrutural (dobramento)
BRCA1,BRCT,p.Val1687Tyr,1687,V,Y,-11.11839,0.8969,0.0,7.313930511474609,False,Núcleo estrutural (dobramento)
BRCA1,BRCT,p.Val1688Ala,1688,V,A,-8.84086,0.6781,0.0069403920462064155,6.443944931030273,False,Núcleo estrutural (dobramento)
BRCA1,BRCT,p.Val1688Cys,1688,V,C,-10.49119,0.7173,0.0069403920462064155,6.443944931030273,False,Núcleo estrutural (dobramento)
BRCA1,BRCT,p.Val1688Asp,1688,V,D,-11.18439,0.873,0.0069403920462064155,6.443944931030273,False,Núcleo estrutural (dobramento)
BRCA1,BRCT,p.Val1688Glu,1688,V,E,-10.98557,0.9381,0.0069403920462064155,6.443944931030273,False,Núcleo estrutural (dobramento)
BRCA1,BRCT,p.Val1688Phe,1688,V,F,-9.39806,0.846,0.0069403920462064155,6.443944931030273,False,Núcleo estrutural (dobramento)
BRCA1,BRCT,p.Val1688Gly,1688,V,G,-13.08038,0.9502,0.0069403920462064155,6.443944931030273,False,Núcleo estrutural (dobramento)
BRCA1,BRCT,p.Val1688His,1688,V,H,-13.11125,0.8489,0.0069403920462064155,6.443944931030273,False,Núcleo estrutural (dobramento)
BRCA1,BRCT,p.Val1688Lys,1688,V,K,-10.06769,0.8902,0.0069403920462064155,6.443944931030273,False,Núcleo estrutural (dobramento)
BRCA1,BRCT,p.Val1688Asn,1688,V,N,-11.11223,0.8927,0.0069403920462064155,6.443944931030273,False,Núcleo estrutural (dobramento)
BRCA1,BRCT,p.Val1688Pro,1688,V,P,-12.58671,0.9318,0.0069403920462064155,6.443944931030273,False,Núcleo estrutural (dobramento)
BRCA1,BRCT,p.Val1688Gln,1688,V,Q,-10.62692,0.9224,0.0069403920462064155,6.443944931030273,False,Núcleo estrutural (dobramento)
BRCA1,BRCT,p.Val1688Arg,1688,V,R,-11.30399,0.8309,0.0069403920462064155,6.443944931030273,False,Núcleo estrutural (dobramento)
BRCA1,BRCT,p.Val1688Ser,1688,V,S,-10.42047,0.8168,0.0069403920462064155,6.443944931030273,False,Núcleo estrutural (dobramento)
BRCA1,BRCT,p.Val1688Thr,1688,V,T,-7.32713,0.7924,0.0069403920462064155,6.443944931030273,False,Núcleo estrutural (dobramento)
BRCA1,BRCT,p.Val1688Trp,1688,V,W,-15.43692,0.8699,0.0069403920462064155,6.443944931030273,False,Núcleo estrutural (dobramento)
BRCA1,BRCT,p.Val1688Tyr,1688,V,Y,-13.67719,0.9073,0.0069403920462064155,6.443944931030273,False,Núcleo estrutural (dobramento)
BRCA1,BRCT,p.Met1689Ala,1689,M,A,-9.55179,0.7622,0.0,3.7574644088745117,False,Bolso de fosfopeptídeo
BRCA1,BRCT,p.Met1689Cys,1689,M,C,-11.61721,0.7449,0.0,3.7574644088745117,False,Bolso de fosfopeptídeo
BRCA1,BRCT,p.Met1689Asp,1689,M,D,-14.79015,0.9356,0.0,3.7574644088745117,False,Bolso de fosfopeptídeo
BRCA1,BRCT,p.Met1689Glu,1689,M,E,-10.58737,0.9441,0.0,3.7574644088745117,False,Bolso de fosfopeptídeo
BRCA1,BRCT,p.Met1689Phe,1689,M,F,-11.73175,0.7076,0.0,3.7574644088745117,False,Bolso de fosfopeptídeo
BRCA1,BRCT,p.Met1689Gly,1689,M,G,-13.05377,0.8533,0.0,3.7574644088745117,False,Bolso de fosfopeptídeo
BRCA1,BRCT,p.Met1689His,1689,M,H,-13.26539,0.9241,0.0,3.7574644088745117,False,Bolso de fosfopeptídeo
BRCA1,BRCT,p.Met1689Lys,1689,M,K,-9.77332,0.9739,0.0,3.7574644088745117,False,Bolso de fosfopeptídeo
BRCA1,BRCT,p.Met1689Asn,1689,M,N,-13.64045,0.9141,0.0,3.7574644088745117,False,Bolso de fosfopeptídeo
BRCA1,BRCT,p.Met1689Pro,1689,M,P,-13.66097,0.9223,0.0,3.7574644088745117,False,Bolso de fosfopeptídeo
BRCA1,BRCT,p.Met1689Gln,1689,M,Q,-7.05861,0.8934,0.0,3.7574644088745117,False,Bolso de fosfopeptídeo
BRCA1,BRCT,p.Met1689Arg,1689,M,R,-10.38226,0.9786,0.0,3.7574644088745117,False,Bolso de fosfopeptídeo
BRCA1,BRCT,p.Met1689Ser,1689,M,S,-11.43213,0.8605,0.0,3.7574644088745117,False,Bolso de fosfopeptídeo
BRCA1,BRCT,p.Met1689Thr,1689,M,T,-9.28544,0.821,0.0,3.7574644088745117,False,Bolso de fosfopeptídeo
BRCA1,BRCT,p.Met1689Val,1689,M,V,-5.97687,0.7576,0.0,3.7574644088745117,False,Bolso de fosfopeptídeo
BRCA1,BRCT,p.Met1689Trp,1689,M,W,-13.86641,0.9119,0.0,3.7574644088745117,False,Bolso de fosfopeptídeo
BRCA1,BRCT,p.Met1689Tyr,1689,M,Y,-14.07938,0.9327,0.0,3.7574644088745117,False,Bolso de fosfopeptídeo
BRCA1,BRCT,p.Lys1690Ala,1690,K,A,-8.79883,0.7071,0.2302608504042063,2.7438673973083496,True,Bolso de fosfopeptídeo
BRCA1,BRCT,p.Lys1690Cys,1690,K,C,-6.69371,0.6795,0.2302608504042063,2.7438673973083496,True,Bolso de fosfopeptídeo
BRCA1,BRCT,p.Lys1690Glu,1690,K,E,-8.30503,0.7396,0.2302608504042063,2.7438673973083496,True,Bolso de fosfopeptídeo
BRCA1,BRCT,p.Lys1690Phe,1690,K,F,-11.58686,0.779,0.2302608504042063,2.7438673973083496,True,Bolso de fosfopeptídeo
BRCA1,BRCT,p.Lys1690Ile,1690,K,I,-11.05949,0.7334,0.2302608504042063,2.7438673973083496,True,Bolso de fosfopeptídeo
BRCA1,BRCT,p.Lys1690Leu,1690,K,L,-9.2481,0.7508,0.2302608504042063,2.7438673973083496,True,Bolso de fosfopeptídeo
BRCA1,BRCT,p.Lys1690Met,1690,K,M,-8.10241,0.7231,0.2302608504042063,2.7438673973083496,True,Bolso de fosfopeptídeo
BRCA1,BRCT,p.Lys1690Pro,1690,K,P,-9.87313,0.704,0.2302608504042063,2.7438673973083496,True,Bolso de fosfopeptídeo
BRCA1,BRCT,p.Lys1690Val,1690,K,V,-10.6468,0.7641,0.2302608504042063,2.7438673973083496,True,Bolso de fosfopeptídeo
BRCA1,BRCT,p.Lys1690Trp,1690,K,W,-9.57274,0.7622,0.2302608504042063,2.7438673973083496,True,Bolso de fosfopeptídeo
BRCA1,BRCT,p.Lys1690Tyr,1690,K,Y,-9.63687,0.7125,0.2302608504042063,2.7438673973083496,True,Bolso de fosfopeptídeo
BRCA1,BRCT,p.Thr1691Asp,1691,T,D,-14.10139,0.6889,0.03431379004780457,3.7692060470581055,True,Bolso de fosfopeptídeo
BRCA1,BRCT,p.Thr1691Glu,1691,T,E,-12.19838,0.7945,0.03431379004780457,3.7692060470581055,True,Bolso de fosfopeptídeo
BRCA1,BRCT,p.Thr1691Phe,1691,T,F,-12.8725,0.8416,0.03431379004780457,3.7692060470581055,True,Bolso de fosfopeptídeo
BRCA1,BRCT,p.Thr1691His,1691,T,H,-12.92239,0.7844,0.03431379004780457,3.7692060470581055,True,Bolso de fosfopeptídeo
BRCA1,BRCT,p.Thr1691Ile,1691,T,I,-7.81384,0.7986,0.03431379004780457,3.7692060470581055,True,Bolso de fosfopeptídeo
BRCA1,BRCT,p.Thr1691Lys,1691,T,K,-10.40551,0.9046,0.03431379004780457,3.7692060470581055,True,Bolso de fosfopeptídeo
BRCA1,BRCT,p.Thr1691Leu,1691,T,L,-9.46944,0.804,0.03431379004780457,3.7692060470581055,True,Bolso de fosfopeptídeo
BRCA1,BRCT,p.Thr1691Pro,1691,T,P,-10.67335,0.6957,0.03431379004780457,3.7692060470581055,True,Bolso de fosfopeptídeo
BRCA1,BRCT,p.Thr1691Arg,1691,T,R,-9.89033,0.8681,0.03431379004780457,3.7692060470581055,True,Bolso de fosfopeptídeo
BRCA1,BRCT,p.Thr1691Val,1691,T,V,-8.47569,0.7848,0.03431379004780457,3.7692060470581055,True,Bolso de fosfopeptídeo
BRCA1,BRCT,p.Thr1691Trp,1691,T,W,-13.48249,0.765,0.03431379004780457,3.7692060470581055,True,Bolso de fosfopeptídeo
BRCA1,BRCT,p.Thr1691Tyr,1691,T,Y,-12.38121,0.7285,0.03431379004780457,3.7692060470581055,True,Bolso de fosfopeptídeo
BRCA1,BRCT,p.Asp1692Ala,1692,D,A,-9.91328,0.7848,0.16200206887024698,4.275259017944336,True,Bolso de fosfopeptídeo
BRCA1,BRCT,p.Asp1692Cys,1692,D,C,-11.95509,0.7918,0.16200206887024698,4.275259017944336,True,Bolso de fosfopeptídeo
BRCA1,BRCT,p.Asp1692Phe,1692,D,F,-13.97683,0.8577,0.16200206887024698,4.275259017944336,True,Bolso de fosfopeptídeo
BRCA1,BRCT,p.Asp1692Gly,1692,D,G,-9.22582,0.7615,0.16200206887024698,4.275259017944336,True,Bolso de fosfopeptídeo
BRCA1,BRCT,p.Asp1692Ile,1692,D,I,-13.47121,0.807,0.16200206887024698,4.275259017944336,True,Bolso de fosfopeptídeo
BRCA1,BRCT,p.Asp1692Leu,1692,D,L,-13.38744,0.8279,0.16200206887024698,4.275259017944336,True,Bolso de fosfopeptídeo
BRCA1,BRCT,p.Asp1692Met,1692,D,M,-13.98377,0.8136,0.16200206887024698,4.275259017944336,True,Bolso de fosfopeptídeo
BRCA1,BRCT,p.Asp1692Pro,1692,D,P,-12.36352,0.7741,0.16200206887024698,4.275259017944336,True,Bolso de fosfopeptídeo
BRCA1,BRCT,p.Asp1692Gln,1692,D,Q,-11.64887,0.7098,0.16200206887024698,4.275259017944336,True,Bolso de fosfopeptídeo
BRCA1,BRCT,p.Asp1692Arg,1692,D,R,-13.36336,0.7411,0.16200206887024698,4.275259017944336,True,Bolso de fosfopeptídeo
BRCA1,BRCT,p.Asp1692Ser,1692,D,S,-9.25865,0.7019,0.16200206887024698,4.275259017944336,True,Bolso de fosfopeptídeo
BRCA1,BRCT,p.Asp1692Val,1692,D,V,-10.35812,0.8526,0.16200206887024698,4.275259017944336,True,Bolso de fosfopeptídeo
BRCA1,BRCT,p.Asp1692Trp,1692,D,W,-14.76028,0.7992,0.16200206887024698,4.275259017944336,True,Bolso de fosfopeptídeo
BRCA1,BRCT,p.Asp1692Tyr,1692,D,Y,-11.57575,0.8196,0.16200206887024698,4.275259017944336,True,Bolso de fosfopeptídeo
BRCA1,BRCT,p.Ala1693Phe,1693,A,F,-7.10747,0.7864,0.3347626579978895,6.479043483734131,False,Intermediário
BRCA1,BRCT,p.Ala1693Pro,1693,A,P,-2.6948,0.767,0.3347626579978895,6.479043483734131,False,Intermediário
BRCA1,BRCT,p.Ala1693Trp,1693,A,W,-8.64574,0.8665,0.3347626579978895,6.479043483734131,False,Intermediário
BRCA1,BRCT,p.Ala1693Tyr,1693,A,Y,-6.244,0.8639,0.3347626579978895,6.479043483734131,False,Intermediário
BRCA1,BRCT,p.Glu1694Cys,1694,E,C,-10.39592,0.7768,0.33824454606312493,8.036216735839844,False,Intermediário
BRCA1,BRCT,p.Glu1694Phe,1694,E,F,-9.96828,0.7749,0.33824454606312493,8.036216735839844,False,Intermediário
BRCA1,BRCT,p.Glu1694Ile,1694,E,I,-11.0447,0.7658,0.33824454606312493,8.036216735839844,False,Intermediário
BRCA1,BRCT,p.Glu1694Leu,1694,E,L,-9.41827,0.7752,0.33824454606312493,8.036216735839844,False,Intermediário
BRCA1,BRCT,p.Glu1694Met,1694,E,M,-10.1465,0.7293,0.33824454606312493,8.036216735839844,False,Intermediário
BRCA1,BRCT,p.Glu1694Pro,1694,E,P,-11.85622,0.7557,0.33824454606312493,8.036216735839844,False,Intermediário
BRCA1,BRCT,p.Glu1694Val,1694,E,V,-9.12867,0.812,0.33824454606312493,8.036216735839844,False,Intermediário
BRCA1,BRCT,p.Glu1694Trp,1694,E,W,-12.71099,0.7589,0.33824454606312493,8.036216735839844,False,Intermediário
BRCA1,BRCT,p.Glu1694Tyr,1694,E,Y,-8.79257,0.7428,0.33824454606312493,8.036216735839844,False,Intermediário
BRCA1,BRCT,p.Phe1695Pro,1695,F,P,-6.87578,0.8783,0.055349626568496166,7.04946756362915,False,Núcleo estrutural (dobramento)
BRCA1,BRCT,p.Val1696Cys,1696,V,C,-8.63437,0.7124,0.04388725494492091,3.420274496078491,True,Bolso de fosfopeptídeo
BRCA1,BRCT,p.Val1696Asp,1696,V,D,-11.21007,0.873,0.04388725494492091,3.420274496078491,True,Bolso de fosfopeptídeo
BRCA1,BRCT,p.Val1696Glu,1696,V,E,-11.04555,0.9381,0.04388725494492091,3.420274496078491,True,Bolso de fosfopeptídeo
BRCA1,BRCT,p.Val1696Phe,1696,V,F,-8.1479,0.8086,0.04388725494492091,3.420274496078491,True,Bolso de fosfopeptídeo
BRCA1,BRCT,p.Val1696Gly,1696,V,G,-9.34308,0.88,0.04388725494492091,3.420274496078491,True,Bolso de fosfopeptídeo
BRCA1,BRCT,p.Val1696His,1696,V,H,-11.37682,0.8468,0.04388725494492091,3.420274496078491,True,Bolso de fosfopeptídeo
BRCA1,BRCT,p.Val1696Lys,1696,V,K,-11.25206,0.8907,0.04388725494492091,3.420274496078491,True,Bolso de fosfopeptídeo
BRCA1,BRCT,p.Val1696Met,1696,V,M,-7.50401,0.7363,0.04388725494492091,3.420274496078491,True,Bolso de fosfopeptídeo
BRCA1,BRCT,p.Val1696Asn,1696,V,N,-10.6957,0.8935,0.04388725494492091,3.420274496078491,True,Bolso de fosfopeptídeo
BRCA1,BRCT,p.Val1696Pro,1696,V,P,-12.84313,0.9318,0.04388725494492091,3.420274496078491,True,Bolso de fosfopeptídeo
BRCA1,BRCT,p.Val1696Gln,1696,V,Q,-11.79106,0.9246,0.04388725494492091,3.420274496078491,True,Bolso de fosfopeptídeo
BRCA1,BRCT,p.Val1696Arg,1696,V,R,-9.93068,0.8309,0.04388725494492091,3.420274496078491,True,Bolso de fosfopeptídeo
BRCA1,BRCT,p.Val1696Ser,1696,V,S,-8.82328,0.8135,0.04388725494492091,3.420274496078491,True,Bolso de fosfopeptídeo
BRCA1,BRCT,p.Val1696Thr,1696,V,T,-7.51824,0.7909,0.04388725494492091,3.420274496078491,True,Bolso de fosfopeptídeo
BRCA1,BRCT,p.Val1696Trp,1696,V,W,-10.2957,0.8653,0.04388725494492091,3.420274496078491,True,Bolso de fosfopeptídeo
BRCA1,BRCT,p.Val1696Tyr,1696,V,Y,-10.01053,0.8982,0.04388725494492091,3.420274496078491,True,Bolso de fosfopeptídeo
BRCA1,BRCT,p.Cys1697Ala,1697,C,A,-6.4313,0.7259,0.0072313066828737504,4.424227237701416,False,Bolso de fosfopeptídeo
BRCA1,BRCT,p.Cys1697Asp,1697,C,D,-14.57224,0.9068,0.0072313066828737504,4.424227237701416,False,Bolso de fosfopeptídeo
BRCA1,BRCT,p.Cys1697Glu,1697,C,E,-14.42056,0.9454,0.0072313066828737504,4.424227237701416,False,Bolso de fosfopeptídeo
BRCA1,BRCT,p.Cys1697Phe,1697,C,F,-13.3067,0.9328,0.0072313066828737504,4.424227237701416,False,Bolso de fosfopeptídeo
BRCA1,BRCT,p.Cys1697Gly,1697,C,G,-9.76749,0.9498,0.0072313066828737504,4.424227237701416,False,Bolso de fosfopeptídeo
BRCA1,BRCT,p.Cys1697His,1697,C,H,-13.34817,0.8901,0.0072313066828737504,4.424227237701416,False,Bolso de fosfopeptídeo
BRCA1,BRCT,p.Cys1697Ile,1697,C,I,-13.77627,0.6936,0.0072313066828737504,4.424227237701416,False,Bolso de fosfopeptídeo
BRCA1,BRCT,p.Cys1697Lys,1697,C,K,-14.47014,0.9253,0.0072313066828737504,4.424227237701416,False,Bolso de fosfopeptídeo
BRCA1,BRCT,p.Cys1697Leu,1697,C,L,-13.60834,0.694,0.0072313066828737504,4.424227237701416,False,Bolso de fosfopeptídeo
BRCA1,BRCT,p.Cys1697Met,1697,C,M,-13.945,0.7585,0.0072313066828737504,4.424227237701416,False,Bolso de fosfopeptídeo
BRCA1,BRCT,p.Cys1697Asn,1697,C,N,-12.65524,0.9085,0.0072313066828737504,4.424227237701416,False,Bolso de fosfopeptídeo
BRCA1,BRCT,p.Cys1697Pro,1697,C,P,-11.57564,0.8543,0.0072313066828737504,4.424227237701416,False,Bolso de fosfopeptídeo
BRCA1,BRCT,p.Cys1697Gln,1697,C,Q,-14.38068,0.9258,0.0072313066828737504,4.424227237701416,False,Bolso de fosfopeptídeo
BRCA1,BRCT,p.Cys1697Arg,1697,C,R,-13.03317,0.9126,0.0072313066828737504,4.424227237701416,False,Bolso de fosfopeptídeo
BRCA1,BRCT,p.Cys1697Ser,1697,C,S,-7.04327,0.8389,0.0072313066828737504,4.424227237701416,False,Bolso de fosfopeptídeo
BRCA1,BRCT,p.Cys1697Thr,1697,C,T,-9.08185,0.8071,0.0072313066828737504,4.424227237701416,False,Bolso de fosfopeptídeo
BRCA1,BRCT,p.Cys1697Val,1697,C,V,-10.48007,0.6915,0.0072313066828737504,4.424227237701416,False,Bolso de fosfopeptídeo
BRCA1,BRCT,p.Cys1697Trp,1697,C,W,-14.35088,0.9345,0.0072313066828737504,4.424227237701416,False,Bolso de fosfopeptídeo
BRCA1,BRCT,p.Cys1697Tyr,1697,C,Y,-12.2213,0.9539,0.0072313066828737504,4.424227237701416,False,Bolso de fosfopeptídeo
BRCA1,BRCT,p.Glu1698Cys,1698,E,C,-11.80081,0.7771,0.5377619956874979,2.505084991455078,True,Bolso de fosfopeptídeo
BRCA1,BRCT,p.Glu1698Phe,1698,E,F,-13.30588,0.7749,0.5377619956874979,2.505084991455078,True,Bolso de fosfopeptídeo
BRCA1,BRCT,p.Glu1698Ile,1698,E,I,-10.68381,0.7658,0.5377619956874979,2.505084991455078,True,Bolso de fosfopeptídeo
BRCA1,BRCT,p.Glu1698Leu,1698,E,L,-10.44635,0.7755,0.5377619956874979,2.505084991455078,True,Bolso de fosfopeptídeo
BRCA1,BRCT,p.Glu1698Met,1698,E,M,-9.55134,0.7274,0.5377619956874979,2.505084991455078,True,Bolso de fosfopeptídeo
BRCA1,BRCT,p.Glu1698Pro,1698,E,P,-9.35377,0.7526,0.5377619956874979,2.505084991455078,True,Bolso de fosfopeptídeo
BRCA1,BRCT,p.Glu1698Ser,1698,E,S,-8.57087,0.6774,0.5377619956874979,2.505084991455078,True,Bolso de fosfopeptídeo
BRCA1,BRCT,p.Glu1698Val,1698,E,V,-9.02036,0.812,0.5377619956874979,2.505084991455078,True,Bolso de fosfopeptídeo
BRCA1,BRCT,p.Glu1698Trp,1698,E,W,-13.60069,0.7589,0.5377619956874979,2.505084991455078,True,Bolso de fosfopeptídeo
BRCA1,BRCT,p.Glu1698Tyr,1698,E,Y,-11.93616,0.7535,0.5377619956874979,2.505084991455078,True,Bolso de fosfopeptídeo
BRCA1,BRCT,p.Arg1699Ala,1699,R,A,-13.33209,0.8211,0.1554763655848299,2.767951726913452,True,Bolso de fosfopeptídeo
BRCA1,BRCT,p.Arg1699Cys,1699,R,C,-10.30081,0.8714,0.1554763655848299,2.767951726913452,True,Bolso de fosfopeptídeo
BRCA1,BRCT,p.Arg1699Asp,1699,R,D,-15.60339,0.828,0.1554763655848299,2.767951726913452,True,Bolso de fosfopeptídeo
BRCA1,BRCT,p.Arg1699Glu,1699,R,E,-13.10361,0.8199,0.1554763655848299,2.767951726913452,True,Bolso de fosfopeptídeo
BRCA1,BRCT,p.Arg1699Phe,1699,R,F,-14.84785,0.8447,0.1554763655848299,2.767951726913452,True,Bolso de fosfopeptídeo
BRCA1,BRCT,p.Arg1699Gly,1699,R,G,-10.84588,0.8319,0.1554763655848299,2.767951726913452,True,Bolso de fosfopeptídeo
BRCA1,BRCT,p.Arg1699His,1699,R,H,-9.09238,0.7244,0.1554763655848299,2.767951726913452,True,Bolso de fosfopeptídeo
BRCA1,BRCT,p.Arg1699Ile,1699,R,I,-12.83596,0.8639,0.1554763655848299,2.767951726913452,True,Bolso de fosfopeptídeo
BRCA1,BRCT,p.Arg1699Lys,1699,R,K,-8.02525,0.7776,0.1554763655848299,2.767951726913452,True,Bolso de fosfopeptídeo
BRCA1,BRCT,p.Arg1699Leu,1699,R,L,-10.9329,0.8682,0.1554763655848299,2.767951726913452,True,Bolso de fosfopeptídeo
BRCA1,BRCT,p.Arg1699Met,1699,R,M,-12.27359,0.8667,0.1554763655848299,2.767951726913452,True,Bolso de fosfopeptídeo
BRCA1,BRCT,p.Arg1699Asn,1699,R,N,-11.41653,0.7463,0.1554763655848299,2.767951726913452,True,Bolso de fosfopeptídeo
BRCA1,BRCT,p.Arg1699Pro,1699,R,P,-10.41932,0.8354,0.1554763655848299,2.767951726913452,True,Bolso de fosfopeptídeo
BRCA1,BRCT,p.Arg1699Gln,1699,R,Q,-8.12735,0.732,0.1554763655848299,2.767951726913452,True,Bolso de fosfopeptídeo
BRCA1,BRCT,p.Arg1699Ser,1699,R,S,-11.19306,0.8074,0.1554763655848299,2.767951726913452,True,Bolso de fosfopeptídeo
BRCA1,BRCT,p.Arg1699Thr,1699,R,T,-11.429,0.77,0.1554763655848299,2.767951726913452,True,Bolso de fosfopeptídeo
BRCA1,BRCT,p.Arg1699Val,1699,R,V,-13.04127,0.8605,0.1554763655848299,2.767951726913452,True,Bolso de fosfopeptídeo
BRCA1,BRCT,p.Arg1699Trp,1699,R,W,-11.5038,0.8779,0.1554763655848299,2.767951726913452,True,Bolso de fosfopeptídeo
BRCA1,BRCT,p.Arg1699Tyr,1699,R,Y,-13.0303,0.7713,0.1554763655848299,2.767951726913452,True,Bolso de fosfopeptídeo
BRCA1,BRCT,p.Thr1700Asp,1700,T,D,-13.83508,0.6889,0.2668015826134699,3.2900145053863525,True,Bolso de fosfopeptídeo
BRCA1,BRCT,p.Thr1700Glu,1700,T,E,-14.50351,0.7945,0.2668015826134699,3.2900145053863525,True,Bolso de fosfopeptídeo
BRCA1,BRCT,p.Thr1700Phe,1700,T,F,-14.98628,0.8416,0.2668015826134699,3.2900145053863525,True,Bolso de fosfopeptídeo
BRCA1,BRCT,p.Thr1700His,1700,T,H,-13.73494,0.7844,0.2668015826134699,3.2900145053863525,True,Bolso de fosfopeptídeo
BRCA1,BRCT,p.Thr1700Ile,1700,T,I,-11.42411,0.8309,0.2668015826134699,3.2900145053863525,True,Bolso de fosfopeptídeo
BRCA1,BRCT,p.Thr1700Lys,1700,T,K,-11.8514,0.9037,0.2668015826134699,3.2900145053863525,True,Bolso de fosfopeptídeo
BRCA1,BRCT,p.Thr1700Leu,1700,T,L,-13.39366,0.8064,0.2668015826134699,3.2900145053863525,True,Bolso de fosfopeptídeo
BRCA1,BRCT,p.Thr1700Pro,1700,T,P,-12.77021,0.6957,0.2668015826134699,3.2900145053863525,True,Bolso de fosfopeptídeo
BRCA1,BRCT,p.Thr1700Arg,1700,T,R,-11.82961,0.8681,0.2668015826134699,3.2900145053863525,True,Bolso de fosfopeptídeo
BRCA1,BRCT,p.Thr1700Val,1700,T,V,-14.7283,0.8008,0.2668015826134699,3.2900145053863525,True,Bolso de fosfopeptídeo
BRCA1,BRCT,p.Thr1700Trp,1700,T,W,-15.4493,0.765,0.2668015826134699,3.2900145053863525,True,Bolso de fosfopeptídeo
BRCA1,BRCT,p.Thr1700Tyr,1700,T,Y,-13.9036,0.7285,0.2668015826134699,3.2900145053863525,True,Bolso de fosfopeptídeo
BRCA1,BRCT,p.Leu1701Ala,1701,L,A,-11.74549,0.706,0.07526849622832024,2.7214574813842773,True,Bolso de fosfopeptídeo
BRCA1,BRCT,p.Leu1701Cys,1701,L,C,-13.26079,0.6809,0.07526849622832024,2.7214574813842773,True,Bolso de fosfopeptídeo
BRCA1,BRCT,p.Leu1701Asp,1701,L,D,-15.58485,0.8686,0.07526849622832024,2.7214574813842773,True,Bolso de fosfopeptídeo
BRCA1,BRCT,p.Leu1701Glu,1701,L,E,-11.32819,0.8969,0.07526849622832024,2.7214574813842773,True,Bolso de fosfopeptídeo
BRCA1,BRCT,p.Leu1701Gly,1701,L,G,-13.11106,0.9261,0.07526849622832024,2.7214574813842773,True,Bolso de fosfopeptídeo
BRCA1,BRCT,p.Leu1701His,1701,L,H,-11.01647,0.8229,0.07526849622832024,2.7214574813842773,True,Bolso de fosfopeptídeo
BRCA1,BRCT,p.Leu1701Lys,1701,L,K,-12.28635,0.8615,0.07526849622832024,2.7214574813842773,True,Bolso de fosfopeptídeo
BRCA1,BRCT,p.Leu1701Asn,1701,L,N,-14.94171,0.8911,0.07526849622832024,2.7214574813842773,True,Bolso de fosfopeptídeo
BRCA1,BRCT,p.Leu1701Pro,1701,L,P,-11.27622,0.9635,0.07526849622832024,2.7214574813842773,True,Bolso de fosfopeptídeo
BRCA1,BRCT,p.Leu1701Gln,1701,L,Q,-9.77293,0.8923,0.07526849622832024,2.7214574813842773,True,Bolso de fosfopeptídeo
BRCA1,BRCT,p.Leu1701Arg,1701,L,R,-11.11738,0.817,0.07526849622832024,2.7214574813842773,True,Bolso de fosfopeptídeo
BRCA1,BRCT,p.Leu1701Ser,1701,L,S,-12.10303,0.7965,0.07526849622832024,2.7214574813842773,True,Bolso de fosfopeptídeo
BRCA1,BRCT,p.Leu1701Thr,1701,L,T,-11.9069,0.8108,0.07526849622832024,2.7214574813842773,True,Bolso de fosfopeptídeo
BRCA1,BRCT,p.Leu1701Trp,1701,L,W,-10.51073,0.8268,0.07526849622832024,2.7214574813842773,True,Bolso de fosfopeptídeo
BRCA1,BRCT,p.Leu1701Tyr,1701,L,Y,-9.17601,0.8879,0.07526849622832024,2.7214574813842773,True,Bolso de fosfopeptídeo
BRCA1,BRCT,p.Lys1702Ala,1702,K,A,-12.68655,0.7196,0.13236222064904252,2.9173460006713867,True,Bolso de fosfopeptídeo
BRCA1,BRCT,p.Lys1702Cys,1702,K,C,-13.11332,0.7288,0.13236222064904252,2.9173460006713867,True,Bolso de fosfopeptídeo
BRCA1,BRCT,p.Lys1702Asp,1702,K,D,-12.21752,0.6866,0.13236222064904252,2.9173460006713867,True,Bolso de fosfopeptídeo
BRCA1,BRCT,p.Lys1702Glu,1702,K,E,-9.49304,0.7606,0.13236222064904252,2.9173460006713867,True,Bolso de fosfopeptídeo
BRCA1,BRCT,p.Lys1702Phe,1702,K,F,-17.11698,0.779,0.13236222064904252,2.9173460006713867,True,Bolso de fosfopeptídeo
BRCA1,BRCT,p.Lys1702Gly,1702,K,G,-11.6893,0.7091,0.13236222064904252,2.9173460006713867,True,Bolso de fosfopeptídeo
BRCA1,BRCT,p.Lys1702Ile,1702,K,I,-13.51864,0.7334,0.13236222064904252,2.9173460006713867,True,Bolso de fosfopeptídeo
BRCA1,BRCT,p.Lys1702Leu,1702,K,L,-13.56147,0.7543,0.13236222064904252,2.9173460006713867,True,Bolso de fosfopeptídeo
BRCA1,BRCT,p.Lys1702Met,1702,K,M,-11.27649,0.7492,0.13236222064904252,2.9173460006713867,True,Bolso de fosfopeptídeo
BRCA1,BRCT,p.Lys1702Pro,1702,K,P,-12.57781,0.7073,0.13236222064904252,2.9173460006713867,True,Bolso de fosfopeptídeo
BRCA1,BRCT,p.Lys1702Gln,1702,K,Q,-11.13646,0.7783,0.13236222064904252,2.9173460006713867,True,Bolso de fosfopeptídeo
BRCA1,BRCT,p.Lys1702Val,1702,K,V,-13.94409,0.7641,0.13236222064904252,2.9173460006713867,True,Bolso de fosfopeptídeo
BRCA1,BRCT,p.Lys1702Trp,1702,K,W,-14.02771,0.7659,0.13236222064904252,2.9173460006713867,True,Bolso de fosfopeptídeo
BRCA1,BRCT,p.Lys1702Tyr,1702,K,Y,-15.04158,0.7232,0.13236222064904252,2.9173460006713867,True,Bolso de fosfopeptídeo
BRCA1,BRCT,p.Tyr1703Ala,1703,Y,A,-11.98933,0.8176,0.0,5.053089618682861,False,Núcleo estrutural (dobramento)
BRCA1,BRCT,p.Tyr1703Cys,1703,Y,C,-7.97797,0.949,0.0,5.053089618682861,False,Núcleo estrutural (dobramento)
BRCA1,BRCT,p.Tyr1703Asp,1703,Y,D,-12.58577,0.9405,0.0,5.053089618682861,False,Núcleo estrutural (dobramento)
BRCA1,BRCT,p.Tyr1703Glu,1703,Y,E,-13.59044,0.918,0.0,5.053089618682861,False,Núcleo estrutural (dobramento)
BRCA1,BRCT,p.Tyr1703Gly,1703,Y,G,-13.45347,0.8889,0.0,5.053089618682861,False,Núcleo estrutural (dobramento)
BRCA1,BRCT,p.Tyr1703His,1703,Y,H,-7.98811,0.7566,0.0,5.053089618682861,False,Núcleo estrutural (dobramento)
BRCA1,BRCT,p.Tyr1703Ile,1703,Y,I,-8.95299,0.8613,0.0,5.053089618682861,False,Núcleo estrutural (dobramento)
BRCA1,BRCT,p.Tyr1703Lys,1703,Y,K,-14.76657,0.9063,0.0,5.053089618682861,False,Núcleo estrutural (dobramento)
BRCA1,BRCT,p.Tyr1703Leu,1703,Y,L,-9.24408,0.8608,0.0,5.053089618682861,False,Núcleo estrutural (dobramento)
BRCA1,BRCT,p.Tyr1703Met,1703,Y,M,-11.44258,0.8253,0.0,5.053089618682861,False,Núcleo estrutural (dobramento)
BRCA1,BRCT,p.Tyr1703Asn,1703,Y,N,-11.33141,0.86,0.0,5.053089618682861,False,Núcleo estrutural (dobramento)
BRCA1,BRCT,p.Tyr1703Pro,1703,Y,P,-12.81201,0.8588,0.0,5.053089618682861,False,Núcleo estrutural (dobramento)
BRCA1,BRCT,p.Tyr1703Gln,1703,Y,Q,-12.49177,0.8448,0.0,5.053089618682861,False,Núcleo estrutural (dobramento)
BRCA1,BRCT,p.Tyr1703Arg,1703,Y,R,-13.22836,0.8636,0.0,5.053089618682861,False,Núcleo estrutural (dobramento)
BRCA1,BRCT,p.Tyr1703Ser,1703,Y,S,-11.15105,0.8736,0.0,5.053089618682861,False,Núcleo estrutural (dobramento)
BRCA1,BRCT,p.Tyr1703Thr,1703,Y,T,-11.53762,0.8042,0.0,5.053089618682861,False,Núcleo estrutural (dobramento)
BRCA1,BRCT,p.Tyr1703Val,1703,Y,V,-8.46319,0.8772,0.0,5.053089618682861,False,Núcleo estrutural (dobramento)
BRCA1,BRCT,p.Tyr1703Trp,1703,Y,W,-12.30106,0.7098,0.0,5.053089618682861,False,Núcleo estrutural (dobramento)
BRCA1,BRCT,p.Phe1704Ala,1704,F,A,-11.47826,0.7566,0.025158921167498256,4.004504680633545,True,Bolso de fosfopeptídeo
BRCA1,BRCT,p.Phe1704Cys,1704,F,C,-8.97962,0.7831,0.025158921167498256,4.004504680633545,True,Bolso de fosfopeptídeo
BRCA1,BRCT,p.Phe1704Asp,1704,F,D,-14.80962,0.8835,0.025158921167498256,4.004504680633545,True,Bolso de fosfopeptídeo
BRCA1,BRCT,p.Phe1704Glu,1704,F,E,-15.08747,0.8984,0.025158921167498256,4.004504680633545,True,Bolso de fosfopeptídeo
BRCA1,BRCT,p.Phe1704Gly,1704,F,G,-12.7379,0.8919,0.025158921167498256,4.004504680633545,True,Bolso de fosfopeptídeo
BRCA1,BRCT,p.Phe1704His,1704,F,H,-11.474,0.8656,0.025158921167498256,4.004504680633545,True,Bolso de fosfopeptídeo
BRCA1,BRCT,p.Phe1704Lys,1704,F,K,-15.0953,0.8897,0.025158921167498256,4.004504680633545,True,Bolso de fosfopeptídeo
BRCA1,BRCT,p.Phe1704Asn,1704,F,N,-13.75622,0.8835,0.025158921167498256,4.004504680633545,True,Bolso de fosfopeptídeo
BRCA1,BRCT,p.Phe1704Pro,1704,F,P,-11.34722,0.9037,0.025158921167498256,4.004504680633545,True,Bolso de fosfopeptídeo
BRCA1,BRCT,p.Phe1704Gln,1704,F,Q,-12.95825,0.8955,0.025158921167498256,4.004504680633545,True,Bolso de fosfopeptídeo
BRCA1,BRCT,p.Phe1704Arg,1704,F,R,-13.26505,0.8411,0.025158921167498256,4.004504680633545,True,Bolso de fosfopeptídeo
BRCA1,BRCT,p.Phe1704Ser,1704,F,S,-10.6046,0.8417,0.025158921167498256,4.004504680633545,True,Bolso de fosfopeptídeo
BRCA1,BRCT,p.Phe1704Thr,1704,F,T,-11.68712,0.8414,0.025158921167498256,4.004504680633545,True,Bolso de fosfopeptídeo
BRCA1,BRCT,p.Phe1704Trp,1704,F,W,-9.83574,0.7831,0.025158921167498256,4.004504680633545,True,Bolso de fosfopeptídeo
BRCA1,BRCT,p.Phe1704Tyr,1704,F,Y,-6.5629,0.7345,0.025158921167498256,4.004504680633545,True,Bolso de fosfopeptídeo
BRCA1,BRCT,p.Leu1705Ala,1705,L,A,-8.3471,0.6916,0.017346843065385836,6.490113735198975,False,Núcleo estrutural (dobramento)
BRCA1,BRCT,p.Leu1705Asp,1705,L,D,-14.33064,0.8686,0.017346843065385836,6.490113735198975,False,Núcleo estrutural (dobramento)
BRCA1,BRCT,p.Leu1705Glu,1705,L,E,-11.35542,0.8969,0.017346843065385836,6.490113735198975,False,Núcleo estrutural (dobramento)
BRCA1,BRCT,p.Leu1705Gly,1705,L,G,-12.29722,0.9261,0.017346843065385836,6.490113735198975,False,Núcleo estrutural (dobramento)
BRCA1,BRCT,p.Leu1705His,1705,L,H,-7.25743,0.7803,0.017346843065385836,6.490113735198975,False,Núcleo estrutural (dobramento)
BRCA1,BRCT,p.Leu1705Lys,1705,L,K,-8.75061,0.8519,0.017346843065385836,6.490113735198975,False,Núcleo estrutural (dobramento)
BRCA1,BRCT,p.Leu1705Asn,1705,L,N,-9.6639,0.8882,0.017346843065385836,6.490113735198975,False,Núcleo estrutural (dobramento)
BRCA1,BRCT,p.Leu1705Pro,1705,L,P,-9.63349,0.9672,0.017346843065385836,6.490113735198975,False,Núcleo estrutural (dobramento)
BRCA1,BRCT,p.Leu1705Arg,1705,L,R,-7.95054,0.7682,0.017346843065385836,6.490113735198975,False,Núcleo estrutural (dobramento)
BRCA1,BRCT,p.Leu1705Ser,1705,L,S,-7.66289,0.783,0.017346843065385836,6.490113735198975,False,Núcleo estrutural (dobramento)
BRCA1,BRCT,p.Leu1705Thr,1705,L,T,-7.85151,0.7932,0.017346843065385836,6.490113735198975,False,Núcleo estrutural (dobramento)
BRCA1,BRCT,p.Leu1705Trp,1705,L,W,-9.25973,0.8266,0.017346843065385836,6.490113735198975,False,Núcleo estrutural (dobramento)
BRCA1,BRCT,p.Leu1705Tyr,1705,L,Y,-6.89495,0.8605,0.017346843065385836,6.490113735198975,False,Núcleo estrutural (dobramento)
BRCA1,BRCT,p.Gly1706Cys,1706,G,C,-11.76558,0.9105,0.0,8.658238410949707,False,Núcleo estrutural (dobramento)
BRCA1,BRCT,p.Gly1706Asp,1706,G,D,-11.37561,0.9219,0.0,8.658238410949707,False,Núcleo estrutural (dobramento)
BRCA1,BRCT,p.Gly1706Glu,1706,G,E,-11.81599,0.8948,0.0,8.658238410949707,False,Núcleo estrutural (dobramento)
BRCA1,BRCT,p.Gly1706Phe,1706,G,F,-15.00983,0.865,0.0,8.658238410949707,False,Núcleo estrutural (dobramento)
BRCA1,BRCT,p.Gly1706His,1706,G,H,-15.62987,0.849,0.0,8.658238410949707,False,Núcleo estrutural (dobramento)
BRCA1,BRCT,p.Gly1706Ile,1706,G,I,-14.95324,0.8522,0.0,8.658238410949707,False,Núcleo estrutural (dobramento)
BRCA1,BRCT,p.Gly1706Lys,1706,G,K,-14.07366,0.8864,0.0,8.658238410949707,False,Núcleo estrutural (dobramento)
BRCA1,BRCT,p.Gly1706Leu,1706,G,L,-14.44445,0.863,0.0,8.658238410949707,False,Núcleo estrutural (dobramento)
BRCA1,BRCT,p.Gly1706Met,1706,G,M,-15.84979,0.7908,0.0,8.658238410949707,False,Núcleo estrutural (dobramento)
BRCA1,BRCT,p.Gly1706Asn,1706,G,N,-15.07824,0.8913,0.0,8.658238410949707,False,Núcleo estrutural (dobramento)
BRCA1,BRCT,p.Gly1706Pro,1706,G,P,-13.55612,0.8447,0.0,8.658238410949707,False,Núcleo estrutural (dobramento)
BRCA1,BRCT,p.Gly1706Gln,1706,G,Q,-14.73392,0.89,0.0,8.658238410949707,False,Núcleo estrutural (dobramento)
BRCA1,BRCT,p.Gly1706Arg,1706,G,R,-12.5903,0.8686,0.0,8.658238410949707,False,Núcleo estrutural (dobramento)
BRCA1,BRCT,p.Gly1706Ser,1706,G,S,-9.65655,0.8197,0.0,8.658238410949707,False,Núcleo estrutural (dobramento)
BRCA1,BRCT,p.Gly1706Thr,1706,G,T,-13.41991,0.775,0.0,8.658238410949707,False,Núcleo estrutural (dobramento)
BRCA1,BRCT,p.Gly1706Val,1706,G,V,-11.48482,0.8846,0.0,8.658238410949707,False,Núcleo estrutural (dobramento)
BRCA1,BRCT,p.Gly1706Trp,1706,G,W,-13.31091,0.9046,0.0,8.658238410949707,False,Núcleo estrutural (dobramento)
BRCA1,BRCT,p.Gly1706Tyr,1706,G,Y,-15.2605,0.869,0.0,8.658238410949707,False,Núcleo estrutural (dobramento)
BRCA1,BRCT,p.Ile1707Ala,1707,I,A,-9.69735,0.7034,0.0,10.767038345336914,False,Núcleo estrutural (dobramento)
BRCA1,BRCT,p.Ile1707Asp,1707,I,D,-14.46691,0.8266,0.0,10.767038345336914,False,Núcleo estrutural (dobramento)
BRCA1,BRCT,p.Ile1707Glu,1707,I,E,-14.09168,0.8573,0.0,10.767038345336914,False,Núcleo estrutural (dobramento)
BRCA1,BRCT,p.Ile1707Phe,1707,I,F,-10.93561,0.707,0.0,10.767038345336914,False,Núcleo estrutural (dobramento)
BRCA1,BRCT,p.Ile1707Gly,1707,I,G,-13.35611,0.8926,0.0,10.767038345336914,False,Núcleo estrutural (dobramento)
BRCA1,BRCT,p.Ile1707His,1707,I,H,-13.03807,0.7946,0.0,10.767038345336914,False,Núcleo estrutural (dobramento)
BRCA1,BRCT,p.Ile1707Lys,1707,I,K,-11.81594,0.8152,0.0,10.767038345336914,False,Núcleo estrutural (dobramento)
BRCA1,BRCT,p.Ile1707Asn,1707,I,N,-9.88701,0.8665,0.0,10.767038345336914,False,Núcleo estrutural (dobramento)
BRCA1,BRCT,p.Ile1707Pro,1707,I,P,-12.44021,0.925,0.0,10.767038345336914,False,Núcleo estrutural (dobramento)
BRCA1,BRCT,p.Ile1707Gln,1707,I,Q,-11.11181,0.8673,0.0,10.767038345336914,False,Núcleo estrutural (dobramento)
BRCA1,BRCT,p.Ile1707Arg,1707,I,R,-12.42142,0.8003,0.0,10.767038345336914,False,Núcleo estrutural (dobramento)
BRCA1,BRCT,p.Ile1707Ser,1707,I,S,-10.88617,0.7746,0.0,10.767038345336914,False,Núcleo estrutural (dobramento)
BRCA1,BRCT,p.Ile1707Thr,1707,I,T,-7.99355,0.7618,0.0,10.767038345336914,False,Núcleo estrutural (dobramento)
BRCA1,BRCT,p.Ile1707Trp,1707,I,W,-17.09619,0.8319,0.0,10.767038345336914,False,Núcleo estrutural (dobramento)
BRCA1,BRCT,p.Ile1707Tyr,1707,I,Y,-14.51096,0.8762,0.0,10.767038345336914,False,Núcleo estrutural (dobramento)
BRCA1,BRCT,p.Ala1708Cys,1708,A,C,-9.56605,0.8065,0.0,12.285730361938477,False,Núcleo estrutural (dobramento)
BRCA1,BRCT,p.Ala1708Asp,1708,A,D,-12.20601,0.9386,0.0,12.285730361938477,False,Núcleo estrutural (dobramento)
BRCA1,BRCT,p.Ala1708Glu,1708,A,E,-12.04148,0.9343,0.0,12.285730361938477,False,Núcleo estrutural (dobramento)
BRCA1,BRCT,p.Ala1708Phe,1708,A,F,-14.3728,0.8472,0.0,12.285730361938477,False,Núcleo estrutural (dobramento)
BRCA1,BRCT,p.Ala1708Gly,1708,A,G,-8.97712,0.7155,0.0,12.285730361938477,False,Núcleo estrutural (dobramento)
BRCA1,BRCT,p.Ala1708His,1708,A,H,-14.12359,0.8826,0.0,12.285730361938477,False,Núcleo estrutural (dobramento)
BRCA1,BRCT,p.Ala1708Ile,1708,A,I,-10.24874,0.7733,0.0,12.285730361938477,False,Núcleo estrutural (dobramento)
BRCA1,BRCT,p.Ala1708Lys,1708,A,K,-13.64444,0.9325,0.0,12.285730361938477,False,Núcleo estrutural (dobramento)
BRCA1,BRCT,p.Ala1708Leu,1708,A,L,-10.93331,0.7659,0.0,12.285730361938477,False,Núcleo estrutural (dobramento)
BRCA1,BRCT,p.Ala1708Met,1708,A,M,-11.97873,0.7604,0.0,12.285730361938477,False,Núcleo estrutural (dobramento)
BRCA1,BRCT,p.Ala1708Asn,1708,A,N,-12.77813,0.906,0.0,12.285730361938477,False,Núcleo estrutural (dobramento)
BRCA1,BRCT,p.Ala1708Pro,1708,A,P,-11.14348,0.938,0.0,12.285730361938477,False,Núcleo estrutural (dobramento)
BRCA1,BRCT,p.Ala1708Gln,1708,A,Q,-13.77783,0.9153,0.0,12.285730361938477,False,Núcleo estrutural (dobramento)
BRCA1,BRCT,p.Ala1708Arg,1708,A,R,-13.04052,0.8658,0.0,12.285730361938477,False,Núcleo estrutural (dobramento)
BRCA1,BRCT,p.Ala1708Thr,1708,A,T,-7.6505,0.7288,0.0,12.285730361938477,False,Núcleo estrutural (dobramento)
BRCA1,BRCT,p.Ala1708Val,1708,A,V,-6.63364,0.7244,0.0,12.285730361938477,False,Núcleo estrutural (dobramento)
BRCA1,BRCT,p.Ala1708Trp,1708,A,W,-14.98201,0.8761,0.0,12.285730361938477,False,Núcleo estrutural (dobramento)
BRCA1,BRCT,p.Ala1708Tyr,1708,A,Y,-14.67969,0.9018,0.0,12.285730361938477,False,Núcleo estrutural (dobramento)
BRCA1,BRCT,p.Gly1709Cys,1709,G,C,-7.76983,0.8899,0.01161180976961458,13.17664909362793,False,Núcleo estrutural (dobramento)
BRCA1,BRCT,p.Gly1709Asp,1709,G,D,-7.10195,0.8958,0.01161180976961458,13.17664909362793,False,Núcleo estrutural (dobramento)
BRCA1,BRCT,p.Gly1709Phe,1709,G,F,-11.14859,0.8642,0.01161180976961458,13.17664909362793,False,Núcleo estrutural (dobramento)
BRCA1,BRCT,p.Gly1709His,1709,G,H,-9.33017,0.8482,0.01161180976961458,13.17664909362793,False,Núcleo estrutural (dobramento)
BRCA1,BRCT,p.Gly1709Ile,1709,G,I,-12.92435,0.8522,0.01161180976961458,13.17664909362793,False,Núcleo estrutural (dobramento)
BRCA1,BRCT,p.Gly1709Lys,1709,G,K,-8.14411,0.8519,0.01161180976961458,13.17664909362793,False,Núcleo estrutural (dobramento)
BRCA1,BRCT,p.Gly1709Leu,1709,G,L,-10.70742,0.862,0.01161180976961458,13.17664909362793,False,Núcleo estrutural (dobramento)
BRCA1,BRCT,p.Gly1709Met,1709,G,M,-10.72547,0.7924,0.01161180976961458,13.17664909362793,False,Núcleo estrutural (dobramento)
BRCA1,BRCT,p.Gly1709Asn,1709,G,N,-7.82395,0.8651,0.01161180976961458,13.17664909362793,False,Núcleo estrutural (dobramento)
BRCA1,BRCT,p.Gly1709Pro,1709,G,P,-16.04592,0.8447,0.01161180976961458,13.17664909362793,False,Núcleo estrutural (dobramento)
BRCA1,BRCT,p.Gly1709Gln,1709,G,Q,-8.48384,0.8783,0.01161180976961458,13.17664909362793,False,Núcleo estrutural (dobramento)
BRCA1,BRCT,p.Gly1709Arg,1709,G,R,-6.61811,0.8096,0.01161180976961458,13.17664909362793,False,Núcleo estrutural (dobramento)
BRCA1,BRCT,p.Gly1709Thr,1709,G,T,-9.45653,0.7676,0.01161180976961458,13.17664909362793,False,Núcleo estrutural (dobramento)
BRCA1,BRCT,p.Gly1709Val,1709,G,V,-9.14582,0.8815,0.01161180976961458,13.17664909362793,False,Núcleo estrutural (dobramento)
BRCA1,BRCT,p.Gly1709Trp,1709,G,W,-8.35278,0.8878,0.01161180976961458,13.17664909362793,False,Núcleo estrutural (dobramento)
BRCA1,BRCT,p.Gly1709Tyr,1709,G,Y,-10.38156,0.8661,0.01161180976961458,13.17664909362793,False,Núcleo estrutural (dobramento)
BRCA1,BRCT,p.Gly1710Ala,1710,G,A,-6.99082,0.7467,0.10302490615987697,14.84582233428955,False,Núcleo estrutural (dobramento)
BRCA1,BRCT,p.Gly1710Cys,1710,G,C,-6.03122,0.8415,0.10302490615987697,14.84582233428955,False,Núcleo estrutural (dobramento)
BRCA1,BRCT,p.Gly1710Asp,1710,G,D,-10.78771,0.9219,0.10302490615987697,14.84582233428955,False,Núcleo estrutural (dobramento)
BRCA1,BRCT,p.Gly1710Glu,1710,G,E,-6.23988,0.8447,0.10302490615987697,14.84582233428955,False,Núcleo estrutural (dobramento)
BRCA1,BRCT,p.Gly1710Phe,1710,G,F,-9.5478,0.8647,0.10302490615987697,14.84582233428955,False,Núcleo estrutural (dobramento)
BRCA1,BRCT,p.Gly1710Ile,1710,G,I,-9.78696,0.851,0.10302490615987697,14.84582233428955,False,Núcleo estrutural (dobramento)
BRCA1,BRCT,p.Gly1710Leu,1710,G,L,-6.46444,0.8139,0.10302490615987697,14.84582233428955,False,Núcleo estrutural (dobramento)
BRCA1,BRCT,p.Gly1710Met,1710,G,M,-6.71317,0.7444,0.10302490615987697,14.84582233428955,False,Núcleo estrutural (dobramento)
BRCA1,BRCT,p.Gly1710Asn,1710,G,N,-7.1132,0.8628,0.10302490615987697,14.84582233428955,False,Núcleo estrutural (dobramento)
BRCA1,BRCT,p.Gly1710Pro,1710,G,P,-10.44373,0.843,0.10302490615987697,14.84582233428955,False,Núcleo estrutural (dobramento)
BRCA1,BRCT,p.Gly1710Ser,1710,G,S,-6.49944,0.7905,0.10302490615987697,14.84582233428955,False,Núcleo estrutural (dobramento)
BRCA1,BRCT,p.Gly1710Thr,1710,G,T,-8.19621,0.7549,0.10302490615987697,14.84582233428955,False,Núcleo estrutural (dobramento)
BRCA1,BRCT,p.Gly1710Val,1710,G,V,-6.87063,0.8516,0.10302490615987697,14.84582233428955,False,Núcleo estrutural (dobramento)
BRCA1,BRCT,p.Gly1710Trp,1710,G,W,-8.1342,0.8819,0.10302490615987697,14.84582233428955,False,Núcleo estrutural (dobramento)
BRCA1,BRCT,p.Gly1710Tyr,1710,G,Y,-8.65816,0.8605,0.10302490615987697,14.84582233428955,False,Núcleo estrutural (dobramento)
BRCA1,BRCT,p.Lys1711Ala,1711,K,A,-10.64014,0.7191,0.020468274848134176,11.856067657470703,False,Núcleo estrutural (dobramento)
BRCA1,BRCT,p.Lys1711Cys,1711,K,C,-7.15883,0.6894,0.020468274848134176,11.856067657470703,False,Núcleo estrutural (dobramento)
BRCA1,BRCT,p.Lys1711Asp,1711,K,D,-14.39109,0.6866,0.020468274848134176,11.856067657470703,False,Núcleo estrutural (dobramento)
BRCA1,BRCT,p.Lys1711Glu,1711,K,E,-12.41843,0.7732,0.020468274848134176,11.856067657470703,False,Núcleo estrutural (dobramento)
BRCA1,BRCT,p.Lys1711Phe,1711,K,F,-11.51137,0.779,0.020468274848134176,11.856067657470703,False,Núcleo estrutural (dobramento)
BRCA1,BRCT,p.Lys1711Gly,1711,K,G,-11.19383,0.7086,0.020468274848134176,11.856067657470703,False,Núcleo estrutural (dobramento)
BRCA1,BRCT,p.Lys1711Ile,1711,K,I,-10.05257,0.7334,0.020468274848134176,11.856067657470703,False,Núcleo estrutural (dobramento)
BRCA1,BRCT,p.Lys1711Leu,1711,K,L,-8.43234,0.7332,0.020468274848134176,11.856067657470703,False,Núcleo estrutural (dobramento)
BRCA1,BRCT,p.Lys1711Met,1711,K,M,-9.71283,0.7446,0.020468274848134176,11.856067657470703,False,Núcleo estrutural (dobramento)
BRCA1,BRCT,p.Lys1711Pro,1711,K,P,-12.51569,0.7073,0.020468274848134176,11.856067657470703,False,Núcleo estrutural (dobramento)
BRCA1,BRCT,p.Lys1711Gln,1711,K,Q,-8.22406,0.7404,0.020468274848134176,11.856067657470703,False,Núcleo estrutural (dobramento)
BRCA1,BRCT,p.Lys1711Val,1711,K,V,-10.58947,0.7641,0.020468274848134176,11.856067657470703,False,Núcleo estrutural (dobramento)
BRCA1,BRCT,p.Lys1711Trp,1711,K,W,-12.85949,0.7659,0.020468274848134176,11.856067657470703,False,Núcleo estrutural (dobramento)
BRCA1,BRCT,p.Lys1711Tyr,1711,K,Y,-9.37201,0.7125,0.020468274848134176,11.856067657470703,False,Núcleo estrutural (dobramento)
BRCA1,BRCT,p.Trp1712Ala,1712,W,A,-13.17189,0.8577,0.20002465309745626,12.417827606201172,False,Intermediário
BRCA1,BRCT,p.Trp1712Cys,1712,W,C,-9.96539,0.9604,0.20002465309745626,12.417827606201172,False,Intermediário
BRCA1,BRCT,p.Trp1712Asp,1712,W,D,-14.19878,0.931,0.20002465309745626,12.417827606201172,False,Intermediário
BRCA1,BRCT,p.Trp1712Glu,1712,W,E,-14.69809,0.9319,0.20002465309745626,12.417827606201172,False,Intermediário
BRCA1,BRCT,p.Trp1712Phe,1712,W,F,-7.37822,0.7567,0.20002465309745626,12.417827606201172,False,Intermediário
BRCA1,BRCT,p.Trp1712Gly,1712,W,G,-11.99316,0.9586,0.20002465309745626,12.417827606201172,False,Intermediário
BRCA1,BRCT,p.Trp1712His,1712,W,H,-10.10815,0.8691,0.20002465309745626,12.417827606201172,False,Intermediário
BRCA1,BRCT,p.Trp1712Ile,1712,W,I,-12.90091,0.8866,0.20002465309745626,12.417827606201172,False,Intermediário
BRCA1,BRCT,p.Trp1712Lys,1712,W,K,-12.5982,0.9222,0.20002465309745626,12.417827606201172,False,Intermediário
BRCA1,BRCT,p.Trp1712Leu,1712,W,L,-10.78367,0.8884,0.20002465309745626,12.417827606201172,False,Intermediário
BRCA1,BRCT,p.Trp1712Met,1712,W,M,-12.8084,0.8498,0.20002465309745626,12.417827606201172,False,Intermediário
BRCA1,BRCT,p.Trp1712Asn,1712,W,N,-12.60571,0.8909,0.20002465309745626,12.417827606201172,False,Intermediário
BRCA1,BRCT,p.Trp1712Pro,1712,W,P,-12.61846,0.9152,0.20002465309745626,12.417827606201172,False,Intermediário
BRCA1,BRCT,p.Trp1712Gln,1712,W,Q,-12.32691,0.9106,0.20002465309745626,12.417827606201172,False,Intermediário
BRCA1,BRCT,p.Trp1712Arg,1712,W,R,-10.61504,0.8922,0.20002465309745626,12.417827606201172,False,Intermediário
BRCA1,BRCT,p.Trp1712Ser,1712,W,S,-10.6616,0.8947,0.20002465309745626,12.417827606201172,False,Intermediário
BRCA1,BRCT,p.Trp1712Thr,1712,W,T,-13.07317,0.8603,0.20002465309745626,12.417827606201172,False,Intermediário
BRCA1,BRCT,p.Trp1712Val,1712,W,V,-12.76153,0.9119,0.20002465309745626,12.417827606201172,False,Intermediário
BRCA1,BRCT,p.Trp1712Tyr,1712,W,Y,-7.35802,0.7121,0.20002465309745626,12.417827606201172,False,Intermediário
BRCA1,BRCT,p.Val1713Ala,1713,V,A,-8.94685,0.6781,0.0,9.57398796081543,False,Núcleo estrutural (dobramento)
BRCA1,BRCT,p.Val1713Cys,1713,V,C,-9.55679,0.7139,0.0,9.57398796081543,False,Núcleo estrutural (dobramento)
BRCA1,BRCT,p.Val1713Asp,1713,V,D,-13.03196,0.873,0.0,9.57398796081543,False,Núcleo estrutural (dobramento)
BRCA1,BRCT,p.Val1713Glu,1713,V,E,-12.74904,0.9373,0.0,9.57398796081543,False,Núcleo estrutural (dobramento)
BRCA1,BRCT,p.Val1713Phe,1713,V,F,-10.01978,0.8452,0.0,9.57398796081543,False,Núcleo estrutural (dobramento)
BRCA1,BRCT,p.Val1713Gly,1713,V,G,-12.28169,0.9502,0.0,9.57398796081543,False,Núcleo estrutural (dobramento)
BRCA1,BRCT,p.Val1713His,1713,V,H,-15.11697,0.8489,0.0,9.57398796081543,False,Núcleo estrutural (dobramento)
BRCA1,BRCT,p.Val1713Lys,1713,V,K,-13.50745,0.8915,0.0,9.57398796081543,False,Núcleo estrutural (dobramento)
BRCA1,BRCT,p.Val1713Met,1713,V,M,-8.80316,0.7549,0.0,9.57398796081543,False,Núcleo estrutural (dobramento)
BRCA1,BRCT,p.Val1713Asn,1713,V,N,-12.97132,0.8956,0.0,9.57398796081543,False,Núcleo estrutural (dobramento)
BRCA1,BRCT,p.Val1713Pro,1713,V,P,-12.3022,0.9318,0.0,9.57398796081543,False,Núcleo estrutural (dobramento)
BRCA1,BRCT,p.Val1713Gln,1713,V,Q,-14.34095,0.9246,0.0,9.57398796081543,False,Núcleo estrutural (dobramento)
BRCA1,BRCT,p.Val1713Arg,1713,V,R,-13.3417,0.8346,0.0,9.57398796081543,False,Núcleo estrutural (dobramento)
BRCA1,BRCT,p.Val1713Ser,1713,V,S,-12.08457,0.8262,0.0,9.57398796081543,False,Núcleo estrutural (dobramento)
BRCA1,BRCT,p.Val1713Thr,1713,V,T,-9.45283,0.8205,0.0,9.57398796081543,False,Núcleo estrutural (dobramento)
BRCA1,BRCT,p.Val1713Trp,1713,V,W,-14.88116,0.8699,0.0,9.57398796081543,False,Núcleo estrutural (dobramento)
BRCA1,BRCT,p.Val1713Tyr,1713,V,Y,-14.14068,0.9073,0.0,9.57398796081543,False,Núcleo estrutural (dobramento)
BRCA1,BRCT,p.Val1714Ala,1714,V,A,-9.1524,0.6789,0.0069403920462064155,9.398656845092773,False,Núcleo estrutural (dobramento)
BRCA1,BRCT,p.Val1714Cys,1714,V,C,-10.68469,0.7173,0.0069403920462064155,9.398656845092773,False,Núcleo estrutural (dobramento)
BRCA1,BRCT,p.Val1714Asp,1714,V,D,-12.70105,0.873,0.0069403920462064155,9.398656845092773,False,Núcleo estrutural (dobramento)
BRCA1,BRCT,p.Val1714Glu,1714,V,E,-12.1687,0.9373,0.0069403920462064155,9.398656845092773,False,Núcleo estrutural (dobramento)
BRCA1,BRCT,p.Val1714Phe,1714,V,F,-10.58946,0.8439,0.0069403920462064155,9.398656845092773,False,Núcleo estrutural (dobramento)
BRCA1,BRCT,p.Val1714Gly,1714,V,G,-11.82212,0.9286,0.0069403920462064155,9.398656845092773,False,Núcleo estrutural (dobramento)
BRCA1,BRCT,p.Val1714His,1714,V,H,-13.64961,0.8489,0.0069403920462064155,9.398656845092773,False,Núcleo estrutural (dobramento)
BRCA1,BRCT,p.Val1714Lys,1714,V,K,-12.03155,0.8915,0.0069403920462064155,9.398656845092773,False,Núcleo estrutural (dobramento)
BRCA1,BRCT,p.Val1714Met,1714,V,M,-7.33337,0.733,0.0069403920462064155,9.398656845092773,False,Núcleo estrutural (dobramento)
BRCA1,BRCT,p.Val1714Asn,1714,V,N,-12.77286,0.8956,0.0069403920462064155,9.398656845092773,False,Núcleo estrutural (dobramento)
BRCA1,BRCT,p.Val1714Pro,1714,V,P,-12.28001,0.9318,0.0069403920462064155,9.398656845092773,False,Núcleo estrutural (dobramento)
BRCA1,BRCT,p.Val1714Gln,1714,V,Q,-12.26539,0.9246,0.0069403920462064155,9.398656845092773,False,Núcleo estrutural (dobramento)
BRCA1,BRCT,p.Val1714Arg,1714,V,R,-12.27055,0.8346,0.0069403920462064155,9.398656845092773,False,Núcleo estrutural (dobramento)
BRCA1,BRCT,p.Val1714Ser,1714,V,S,-11.40543,0.8155,0.0069403920462064155,9.398656845092773,False,Núcleo estrutural (dobramento)
BRCA1,BRCT,p.Val1714Thr,1714,V,T,-9.9853,0.8201,0.0069403920462064155,9.398656845092773,False,Núcleo estrutural (dobramento)
BRCA1,BRCT,p.Val1714Trp,1714,V,W,-16.9806,0.8699,0.0069403920462064155,9.398656845092773,False,Núcleo estrutural (dobramento)
BRCA1,BRCT,p.Val1714Tyr,1714,V,Y,-15.61597,0.9073,0.0069403920462064155,9.398656845092773,False,Núcleo estrutural (dobramento)
BRCA1,BRCT,p.Ser1715Glu,1715,S,E,-11.83516,0.7759,0.0,8.430583000183105,False,Núcleo estrutural (dobramento)
BRCA1,BRCT,p.Ser1715Phe,1715,S,F,-10.64575,0.8619,0.0,8.430583000183105,False,Núcleo estrutural (dobramento)
BRCA1,BRCT,p.Ser1715His,1715,S,H,-9.30188,0.7455,0.0,8.430583000183105,False,Núcleo estrutural (dobramento)
BRCA1,BRCT,p.Ser1715Ile,1715,S,I,-11.10907,0.8413,0.0,8.430583000183105,False,Núcleo estrutural (dobramento)
BRCA1,BRCT,p.Ser1715Lys,1715,S,K,-10.68184,0.8213,0.0,8.430583000183105,False,Núcleo estrutural (dobramento)
BRCA1,BRCT,p.Ser1715Leu,1715,S,L,-10.87383,0.8159,0.0,8.430583000183105,False,Núcleo estrutural (dobramento)
BRCA1,BRCT,p.Ser1715Met,1715,S,M,-12.56198,0.7122,0.0,8.430583000183105,False,Núcleo estrutural (dobramento)
BRCA1,BRCT,p.Ser1715Pro,1715,S,P,-12.42443,0.7272,0.0,8.430583000183105,False,Núcleo estrutural (dobramento)
BRCA1,BRCT,p.Ser1715Arg,1715,S,R,-9.89543,0.7601,0.0,8.430583000183105,False,Núcleo estrutural (dobramento)
BRCA1,BRCT,p.Ser1715Val,1715,S,V,-12.73665,0.8147,0.0,8.430583000183105,False,Núcleo estrutural (dobramento)
BRCA1,BRCT,p.Ser1715Trp,1715,S,W,-11.97856,0.7598,0.0,8.430583000183105,False,Núcleo estrutural (dobramento)
BRCA1,BRCT,p.Ser1715Tyr,1715,S,Y,-10.54183,0.735,0.0,8.430583000183105,False,Núcleo estrutural (dobramento)
BRCA1,BRCT,p.Tyr1716Ala,1716,Y,A,-7.49149,0.8039,0.02651494643454413,7.294666767120361,False,Núcleo estrutural (dobramento)
BRCA1,BRCT,p.Tyr1716Cys,1716,Y,C,-5.40057,0.7345,0.02651494643454413,7.294666767120361,False,Núcleo estrutural (dobramento)
BRCA1,BRCT,p.Tyr1716Asp,1716,Y,D,-9.02419,0.9377,0.02651494643454413,7.294666767120361,False,Núcleo estrutural (dobramento)
BRCA1,BRCT,p.Tyr1716Glu,1716,Y,E,-9.68116,0.9175,0.02651494643454413,7.294666767120361,False,Núcleo estrutural (dobramento)
BRCA1,BRCT,p.Tyr1716Gly,1716,Y,G,-9.3211,0.8821,0.02651494643454413,7.294666767120361,False,Núcleo estrutural (dobramento)
BRCA1,BRCT,p.Tyr1716Lys,1716,Y,K,-10.27129,0.9071,0.02651494643454413,7.294666767120361,False,Núcleo estrutural (dobramento)
BRCA1,BRCT,p.Tyr1716Asn,1716,Y,N,-6.28577,0.8042,0.02651494643454413,7.294666767120361,False,Núcleo estrutural (dobramento)
BRCA1,BRCT,p.Tyr1716Pro,1716,Y,P,-8.93053,0.8529,0.02651494643454413,7.294666767120361,False,Núcleo estrutural (dobramento)
BRCA1,BRCT,p.Tyr1716Gln,1716,Y,Q,-8.46716,0.8326,0.02651494643454413,7.294666767120361,False,Núcleo estrutural (dobramento)
BRCA1,BRCT,p.Tyr1716Arg,1716,Y,R,-10.74585,0.8652,0.02651494643454413,7.294666767120361,False,Núcleo estrutural (dobramento)
BRCA1,BRCT,p.Tyr1716Ser,1716,Y,S,-5.52239,0.6912,0.02651494643454413,7.294666767120361,False,Núcleo estrutural (dobramento)
BRCA1,BRCT,p.Tyr1716Trp,1716,Y,W,-9.46896,0.7048,0.02651494643454413,7.294666767120361,False,Núcleo estrutural (dobramento)
BRCA1,BRCT,p.Phe1717Pro,1717,F,P,-6.80237,0.8783,0.13082639007099092,7.462109565734863,False,Núcleo estrutural (dobramento)
BRCA1,BRCT,p.Trp1718Ala,1718,W,A,-14.84723,0.8577,0.0,12.505311012268066,False,Núcleo estrutural (dobramento)
BRCA1,BRCT,p.Trp1718Cys,1718,W,C,-10.61654,0.9604,0.0,12.505311012268066,False,Núcleo estrutural (dobramento)
BRCA1,BRCT,p.Trp1718Asp,1718,W,D,-15.24858,0.931,0.0,12.505311012268066,False,Núcleo estrutural (dobramento)
BRCA1,BRCT,p.Trp1718Glu,1718,W,E,-15.72234,0.9319,0.0,12.505311012268066,False,Núcleo estrutural (dobramento)
BRCA1,BRCT,p.Trp1718Phe,1718,W,F,-11.88091,0.7767,0.0,12.505311012268066,False,Núcleo estrutural (dobramento)
BRCA1,BRCT,p.Trp1718Gly,1718,W,G,-11.27788,0.9581,0.0,12.505311012268066,False,Núcleo estrutural (dobramento)
BRCA1,BRCT,p.Trp1718His,1718,W,H,-12.68122,0.8707,0.0,12.505311012268066,False,Núcleo estrutural (dobramento)
BRCA1,BRCT,p.Trp1718Ile,1718,W,I,-15.68141,0.8866,0.0,12.505311012268066,False,Núcleo estrutural (dobramento)
BRCA1,BRCT,p.Trp1718Lys,1718,W,K,-14.11203,0.9222,0.0,12.505311012268066,False,Núcleo estrutural (dobramento)
BRCA1,BRCT,p.Trp1718Leu,1718,W,L,-12.18985,0.8884,0.0,12.505311012268066,False,Núcleo estrutural (dobramento)
BRCA1,BRCT,p.Trp1718Met,1718,W,M,-15.22222,0.8498,0.0,12.505311012268066,False,Núcleo estrutural (dobramento)
BRCA1,BRCT,p.Trp1718Asn,1718,W,N,-13.86414,0.8909,0.0,12.505311012268066,False,Núcleo estrutural (dobramento)
BRCA1,BRCT,p.Trp1718Pro,1718,W,P,-17.0861,0.9152,0.0,12.505311012268066,False,Núcleo estrutural (dobramento)
BRCA1,BRCT,p.Trp1718Gln,1718,W,Q,-13.66348,0.9106,0.0,12.505311012268066,False,Núcleo estrutural (dobramento)
BRCA1,BRCT,p.Trp1718Arg,1718,W,R,-9.56056,0.8914,0.0,12.505311012268066,False,Núcleo estrutural (dobramento)
BRCA1,BRCT,p.Trp1718Ser,1718,W,S,-12.17073,0.8952,0.0,12.505311012268066,False,Núcleo estrutural (dobramento)
BRCA1,BRCT,p.Trp1718Thr,1718,W,T,-15.54278,0.8603,0.0,12.505311012268066,False,Núcleo estrutural (dobramento)
BRCA1,BRCT,p.Trp1718Val,1718,W,V,-15.07988,0.9119,0.0,12.505311012268066,False,Núcleo estrutural (dobramento)
BRCA1,BRCT,p.Trp1718Tyr,1718,W,Y,-10.96039,0.7358,0.0,12.505311012268066,False,Núcleo estrutural (dobramento)
BRCA1,BRCT,p.Val1719Cys,1719,V,C,-8.92981,0.7124,0.0,11.955147743225098,False,Núcleo estrutural (dobramento)
BRCA1,BRCT,p.Val1719Asp,1719,V,D,-12.53915,0.873,0.0,11.955147743225098,False,Núcleo estrutural (dobramento)
BRCA1,BRCT,p.Val1719Glu,1719,V,E,-13.24284,0.9373,0.0,11.955147743225098,False,Núcleo estrutural (dobramento)
BRCA1,BRCT,p.Val1719Phe,1719,V,F,-8.21151,0.8115,0.0,11.955147743225098,False,Núcleo estrutural (dobramento)
BRCA1,BRCT,p.Val1719Gly,1719,V,G,-9.01219,0.8786,0.0,11.955147743225098,False,Núcleo estrutural (dobramento)
BRCA1,BRCT,p.Val1719His,1719,V,H,-14.17029,0.8489,0.0,11.955147743225098,False,Núcleo estrutural (dobramento)
BRCA1,BRCT,p.Val1719Lys,1719,V,K,-14.06913,0.8915,0.0,11.955147743225098,False,Núcleo estrutural (dobramento)
BRCA1,BRCT,p.Val1719Met,1719,V,M,-7.48464,0.7363,0.0,11.955147743225098,False,Núcleo estrutural (dobramento)
BRCA1,BRCT,p.Val1719Asn,1719,V,N,-12.35393,0.8956,0.0,11.955147743225098,False,Núcleo estrutural (dobramento)
BRCA1,BRCT,p.Val1719Pro,1719,V,P,-11.25463,0.9169,0.0,11.955147743225098,False,Núcleo estrutural (dobramento)
BRCA1,BRCT,p.Val1719Gln,1719,V,Q,-13.39494,0.9246,0.0,11.955147743225098,False,Núcleo estrutural (dobramento)
BRCA1,BRCT,p.Val1719Arg,1719,V,R,-14.09432,0.8346,0.0,11.955147743225098,False,Núcleo estrutural (dobramento)
BRCA1,BRCT,p.Val1719Ser,1719,V,S,-9.90368,0.8161,0.0,11.955147743225098,False,Núcleo estrutural (dobramento)
BRCA1,BRCT,p.Val1719Thr,1719,V,T,-7.3257,0.7924,0.0,11.955147743225098,False,Núcleo estrutural (dobramento)
BRCA1,BRCT,p.Val1719Trp,1719,V,W,-15.56303,0.8699,0.0,11.955147743225098,False,Núcleo estrutural (dobramento)
BRCA1,BRCT,p.Val1719Tyr,1719,V,Y,-13.41811,0.9073,0.0,11.955147743225098,False,Núcleo estrutural (dobramento)
BRCA1,BRCT,p.Thr1720Phe,1720,T,F,-7.83988,0.8094,0.2502803121497125,9.691286087036133,False,Intermediário
BRCA1,BRCT,p.Thr1720Trp,1720,T,W,-8.91596,0.7535,0.2502803121497125,9.691286087036133,False,Intermediário
BRCA1,BRCT,p.Thr1720Tyr,1720,T,Y,-7.68553,0.6833,0.2502803121497125,9.691286087036133,False,Intermediário
BRCA1,BRCT,p.Gln1721Ala,1721,Q,A,-9.01101,0.7238,0.22224263127605323,13.916833877563477,False,Intermediário
BRCA1,BRCT,p.Gln1721Cys,1721,Q,C,-8.60101,0.7725,0.22224263127605323,13.916833877563477,False,Intermediário
BRCA1,BRCT,p.Gln1721Phe,1721,Q,F,-10.29332,0.8008,0.22224263127605323,13.916833877563477,False,Intermediário
BRCA1,BRCT,p.Gln1721Gly,1721,Q,G,-9.07508,0.727,0.22224263127605323,13.916833877563477,False,Intermediário
BRCA1,BRCT,p.Gln1721Ile,1721,Q,I,-11.67197,0.7561,0.22224263127605323,13.916833877563477,False,Intermediário
BRCA1,BRCT,p.Gln1721Leu,1721,Q,L,-8.42382,0.7514,0.22224263127605323,13.916833877563477,False,Intermediário
BRCA1,BRCT,p.Gln1721Met,1721,Q,M,-8.58526,0.7212,0.22224263127605323,13.916833877563477,False,Intermediário
BRCA1,BRCT,p.Gln1721Pro,1721,Q,P,-15.16341,0.7759,0.22224263127605323,13.916833877563477,False,Intermediário
BRCA1,BRCT,p.Gln1721Val,1721,Q,V,-11.45596,0.8198,0.22224263127605323,13.916833877563477,False,Intermediário
BRCA1,BRCT,p.Gln1721Trp,1721,Q,W,-10.60617,0.7735,0.22224263127605323,13.916833877563477,False,Intermediário
BRCA1,BRCT,p.Gln1721Tyr,1721,Q,Y,-8.75051,0.7549,0.22224263127605323,13.916833877563477,False,Intermediário
BRCA1,BRCT,p.Ser1722Asp,1722,S,D,-13.12909,0.7427,0.014703788645823465,16.48522186279297,False,Núcleo estrutural (dobramento)
BRCA1,BRCT,p.Ser1722Glu,1722,S,E,-13.89428,0.7759,0.014703788645823465,16.48522186279297,False,Núcleo estrutural (dobramento)
BRCA1,BRCT,p.Ser1722Phe,1722,S,F,-8.89755,0.8515,0.014703788645823465,16.48522186279297,False,Núcleo estrutural (dobramento)
BRCA1,BRCT,p.Ser1722His,1722,S,H,-11.20193,0.7497,0.014703788645823465,16.48522186279297,False,Núcleo estrutural (dobramento)
BRCA1,BRCT,p.Ser1722Ile,1722,S,I,-9.65889,0.8362,0.014703788645823465,16.48522186279297,False,Núcleo estrutural (dobramento)
BRCA1,BRCT,p.Ser1722Lys,1722,S,K,-12.20156,0.8215,0.014703788645823465,16.48522186279297,False,Núcleo estrutural (dobramento)
BRCA1,BRCT,p.Ser1722Leu,1722,S,L,-9.42873,0.8121,0.014703788645823465,16.48522186279297,False,Núcleo estrutural (dobramento)
BRCA1,BRCT,p.Ser1722Met,1722,S,M,-9.92146,0.7071,0.014703788645823465,16.48522186279297,False,Núcleo estrutural (dobramento)
BRCA1,BRCT,p.Ser1722Pro,1722,S,P,-13.77292,0.7272,0.014703788645823465,16.48522186279297,False,Núcleo estrutural (dobramento)
BRCA1,BRCT,p.Ser1722Arg,1722,S,R,-9.83934,0.7609,0.014703788645823465,16.48522186279297,False,Núcleo estrutural (dobramento)
BRCA1,BRCT,p.Ser1722Val,1722,S,V,-9.86357,0.8114,0.014703788645823465,16.48522186279297,False,Núcleo estrutural (dobramento)
BRCA1,BRCT,p.Ser1722Trp,1722,S,W,-9.53858,0.7543,0.014703788645823465,16.48522186279297,False,Núcleo estrutural (dobramento)
BRCA1,BRCT,p.Ser1722Tyr,1722,S,Y,-8.43375,0.7134,0.014703788645823465,16.48522186279297,False,Núcleo estrutural (dobramento)
BRCA1,BRCT,p.Ile1723Asp,1723,I,D,-9.02984,0.8264,0.2132831398786526,15.087367057800293,False,Intermediário
BRCA1,BRCT,p.Ile1723Glu,1723,I,E,-9.25643,0.857,0.2132831398786526,15.087367057800293,False,Intermediário
BRCA1,BRCT,p.Ile1723Gly,1723,I,G,-8.233,0.8424,0.2132831398786526,15.087367057800293,False,Intermediário
BRCA1,BRCT,p.Ile1723Lys,1723,I,K,-9.96398,0.8152,0.2132831398786526,15.087367057800293,False,Intermediário
BRCA1,BRCT,p.Ile1723Asn,1723,I,N,-7.29226,0.8195,0.2132831398786526,15.087367057800293,False,Intermediário
BRCA1,BRCT,p.Ile1723Pro,1723,I,P,-6.64885,0.8866,0.2132831398786526,15.087367057800293,False,Intermediário
BRCA1,BRCT,p.Ile1723Gln,1723,I,Q,-5.87002,0.6784,0.2132831398786526,15.087367057800293,False,Intermediário
BRCA1,BRCT,p.Ile1723Arg,1723,I,R,-8.3905,0.7736,0.2132831398786526,15.087367057800293,False,Intermediário
BRCA1,BRCT,p.Ile1723Trp,1723,I,W,-6.43709,0.7752,0.2132831398786526,15.087367057800293,False,Intermediário
BRCA1,BRCT,p.Lys1724Ala,1724,K,A,-6.96883,0.6765,0.364382788917924,16.414337158203125,False,Intermediário
BRCA1,BRCT,p.Lys1724Cys,1724,K,C,-9.49088,0.7203,0.364382788917924,16.414337158203125,False,Intermediário
BRCA1,BRCT,p.Lys1724Phe,1724,K,F,-11.46566,0.779,0.364382788917924,16.414337158203125,False,Intermediário
BRCA1,BRCT,p.Lys1724Gly,1724,K,G,-8.19454,0.6861,0.364382788917924,16.414337158203125,False,Intermediário
BRCA1,BRCT,p.Lys1724Ile,1724,K,I,-7.98474,0.7079,0.364382788917924,16.414337158203125,False,Intermediário
BRCA1,BRCT,p.Lys1724Leu,1724,K,L,-6.83272,0.704,0.364382788917924,16.414337158203125,False,Intermediário
BRCA1,BRCT,p.Lys1724Met,1724,K,M,-7.50697,0.7069,0.364382788917924,16.414337158203125,False,Intermediário
BRCA1,BRCT,p.Lys1724Pro,1724,K,P,-11.55201,0.7073,0.364382788917924,16.414337158203125,False,Intermediário
BRCA1,BRCT,p.Lys1724Val,1724,K,V,-8.09675,0.7457,0.364382788917924,16.414337158203125,False,Intermediário
BRCA1,BRCT,p.Lys1724Trp,1724,K,W,-11.07267,0.7659,0.364382788917924,16.414337158203125,False,Intermediário
BRCA1,BRCT,p.Lys1724Tyr,1724,K,Y,-9.90704,0.7174,0.364382788917924,16.414337158203125,False,Intermediário
BRCA1,BRCT,p.Glu1725Cys,1725,E,C,-7.3789,0.7486,0.23131881999436155,19.084545135498047,False,Intermediário
BRCA1,BRCT,p.Glu1725Phe,1725,E,F,-9.05818,0.7714,0.23131881999436155,19.084545135498047,False,Intermediário
BRCA1,BRCT,p.Glu1725Ile,1725,E,I,-10.05677,0.7658,0.23131881999436155,19.084545135498047,False,Intermediário
BRCA1,BRCT,p.Glu1725Leu,1725,E,L,-6.42957,0.7381,0.23131881999436155,19.084545135498047,False,Intermediário
BRCA1,BRCT,p.Glu1725Met,1725,E,M,-6.43908,0.6776,0.23131881999436155,19.084545135498047,False,Intermediário
BRCA1,BRCT,p.Glu1725Pro,1725,E,P,-15.90635,0.7557,0.23131881999436155,19.084545135498047,False,Intermediário
BRCA1,BRCT,p.Glu1725Trp,1725,E,W,-13.193,0.7589,0.23131881999436155,19.084545135498047,False,Intermediário
BRCA1,BRCT,p.Glu1725Tyr,1725,E,Y,-8.66015,0.7398,0.23131881999436155,19.084545135498047,False,Intermediário
BRCA1,BRCT,p.Arg1726Phe,1726,R,F,-6.72542,0.7967,0.4956198125756502,20.23356819152832,False,Superfície
BRCA1,BRCT,p.Arg1726Pro,1726,R,P,-8.89756,0.8203,0.4956198125756502,20.23356819152832,False,Superfície
BRCA1,BRCT,p.Arg1726Trp,1726,R,W,-6.201,0.8386,0.4956198125756502,20.23356819152832,False,Superfície
BRCA1,BRCT,p.Arg1726Tyr,1726,R,Y,-7.30091,0.727,0.4956198125756502,20.23356819152832,False,Superfície
BRCA1,BRCT,p.Lys1727Phe,1727,K,F,-7.81334,0.7477,0.4541425105596327,20.970502853393555,False,Superfície
BRCA1,BRCT,p.Lys1727Leu,1727,K,L,-6.50438,0.6951,0.4541425105596327,20.970502853393555,False,Superfície
BRCA1,BRCT,p.Lys1727Pro,1727,K,P,-12.41136,0.7073,0.4541425105596327,20.970502853393555,False,Superfície
BRCA1,BRCT,p.Lys1727Val,1727,K,V,-6.32189,0.7239,0.4541425105596327,20.970502853393555,False,Superfície
BRCA1,BRCT,p.Lys1727Trp,1727,K,W,-7.31051,0.7199,0.4541425105596327,20.970502853393555,False,Superfície
BRCA1,BRCT,p.Met1728Asp,1728,M,D,-8.65764,0.9332,0.20104352907277573,19.186710357666016,False,Intermediário
BRCA1,BRCT,p.Met1728Glu,1728,M,E,-6.80794,0.8948,0.20104352907277573,19.186710357666016,False,Intermediário
BRCA1,BRCT,p.Met1728Gly,1728,M,G,-7.81239,0.82,0.20104352907277573,19.186710357666016,False,Intermediário
BRCA1,BRCT,p.Met1728Lys,1728,M,K,-2.79608,0.7589,0.20104352907277573,19.186710357666016,False,Intermediário
BRCA1,BRCT,p.Met1728Arg,1728,M,R,-2.29662,0.7712,0.20104352907277573,19.186710357666016,False,Intermediário
BRCA1,BRCT,p.Met1728Ser,1728,M,S,-5.24973,0.6957,0.20104352907277573,19.186710357666016,False,Intermediário
BRCA1,BRCT,p.Leu1729Asp,1729,L,D,-12.49809,0.8686,0.077427848838516,18.64621925354004,False,Núcleo estrutural (dobramento)
BRCA1,BRCT,p.Leu1729Glu,1729,L,E,-9.32211,0.8967,0.077427848838516,18.64621925354004,False,Núcleo estrutural (dobramento)
BRCA1,BRCT,p.Leu1729Gly,1729,L,G,-10.56356,0.8847,0.077427848838516,18.64621925354004,False,Núcleo estrutural (dobramento)
BRCA1,BRCT,p.Leu1729His,1729,L,H,-9.59096,0.8238,0.077427848838516,18.64621925354004,False,Núcleo estrutural (dobramento)
BRCA1,BRCT,p.Leu1729Lys,1729,L,K,-8.16349,0.838,0.077427848838516,18.64621925354004,False,Núcleo estrutural (dobramento)
BRCA1,BRCT,p.Leu1729Asn,1729,L,N,-10.96153,0.8916,0.077427848838516,18.64621925354004,False,Núcleo estrutural (dobramento)
BRCA1,BRCT,p.Leu1729Pro,1729,L,P,-10.05215,0.9664,0.077427848838516,18.64621925354004,False,Núcleo estrutural (dobramento)
BRCA1,BRCT,p.Leu1729Gln,1729,L,Q,-6.99102,0.8416,0.077427848838516,18.64621925354004,False,Núcleo estrutural (dobramento)
BRCA1,BRCT,p.Leu1729Arg,1729,L,R,-7.67966,0.7573,0.077427848838516,18.64621925354004,False,Núcleo estrutural (dobramento)
BRCA1,BRCT,p.Leu1729Ser,1729,L,S,-8.79792,0.7904,0.077427848838516,18.64621925354004,False,Núcleo estrutural (dobramento)
BRCA1,BRCT,p.Leu1729Thr,1729,L,T,-8.56397,0.8062,0.077427848838516,18.64621925354004,False,Núcleo estrutural (dobramento)
BRCA1,BRCT,p.Leu1729Trp,1729,L,W,-10.52346,0.8268,0.077427848838516,18.64621925354004,False,Núcleo estrutural (dobramento)
BRCA1,BRCT,p.Leu1729Tyr,1729,L,Y,-10.04384,0.8879,0.077427848838516,18.64621925354004,False,Núcleo estrutural (dobramento)
BRCA1,BRCT,p.Asn1730Phe,1730,N,F,-5.97711,0.7117,0.3639529611535046,18.332836151123047,False,Intermediário
BRCA1,BRCT,p.Glu1731Cys,1731,E,C,-8.80829,0.7733,0.0626602065924625,16.445629119873047,False,Núcleo estrutural (dobramento)
BRCA1,BRCT,p.Glu1731Phe,1731,E,F,-11.50847,0.7749,0.0626602065924625,16.445629119873047,False,Núcleo estrutural (dobramento)
BRCA1,BRCT,p.Glu1731Ile,1731,E,I,-9.09067,0.7632,0.0626602065924625,16.445629119873047,False,Núcleo estrutural (dobramento)
BRCA1,BRCT,p.Glu1731Leu,1731,E,L,-9.25117,0.7736,0.0626602065924625,16.445629119873047,False,Núcleo estrutural (dobramento)
BRCA1,BRCT,p.Glu1731Met,1731,E,M,-9.66511,0.7274,0.0626602065924625,16.445629119873047,False,Núcleo estrutural (dobramento)
BRCA1,BRCT,p.Glu1731Pro,1731,E,P,-5.9815,0.6981,0.0626602065924625,16.445629119873047,False,Núcleo estrutural (dobramento)
BRCA1,BRCT,p.Glu1731Val,1731,E,V,-6.85258,0.7948,0.0626602065924625,16.445629119873047,False,Núcleo estrutural (dobramento)
BRCA1,BRCT,p.Glu1731Trp,1731,E,W,-11.82838,0.7589,0.0626602065924625,16.445629119873047,False,Núcleo estrutural (dobramento)
BRCA1,BRCT,p.Glu1731Tyr,1731,E,Y,-10.31539,0.7527,0.0626602065924625,16.445629119873047,False,Núcleo estrutural (dobramento)
BRCA1,BRCT,p.Asp1733Ala,1733,D,A,-6.49675,0.7506,0.1881416172948712,15.60793399810791,False,Intermediário
BRCA1,BRCT,p.Asp1733Cys,1733,D,C,-7.2597,0.7539,0.1881416172948712,15.60793399810791,False,Intermediário
BRCA1,BRCT,p.Asp1733Phe,1733,D,F,-6.79774,0.8242,0.1881416172948712,15.60793399810791,False,Intermediário
BRCA1,BRCT,p.Asp1733Gly,1733,D,G,-4.82586,0.7177,0.1881416172948712,15.60793399810791,False,Intermediário
BRCA1,BRCT,p.Asp1733Ile,1733,D,I,-6.32073,0.7678,0.1881416172948712,15.60793399810791,False,Intermediário
BRCA1,BRCT,p.Asp1733Arg,1733,D,R,-8.01464,0.696,0.1881416172948712,15.60793399810791,False,Intermediário
BRCA1,BRCT,p.Asp1733Val,1733,D,V,-6.46697,0.8269,0.1881416172948712,15.60793399810791,False,Intermediário
BRCA1,BRCT,p.Asp1733Trp,1733,D,W,-8.65272,0.7926,0.1881416172948712,15.60793399810791,False,Intermediário
BRCA1,BRCT,p.Asp1733Tyr,1733,D,Y,-6.81941,0.7428,0.1881416172948712,15.60793399810791,False,Intermediário
BRCA1,BRCT,p.Phe1734Ala,1734,F,A,-11.70081,0.7595,0.045286058101496864,12.161798477172852,False,Núcleo estrutural (dobramento)
BRCA1,BRCT,p.Phe1734Cys,1734,F,C,-7.49829,0.7588,0.045286058101496864,12.161798477172852,False,Núcleo estrutural (dobramento)
BRCA1,BRCT,p.Phe1734Asp,1734,F,D,-12.64517,0.8835,0.045286058101496864,12.161798477172852,False,Núcleo estrutural (dobramento)
BRCA1,BRCT,p.Phe1734Glu,1734,F,E,-13.73588,0.8984,0.045286058101496864,12.161798477172852,False,Núcleo estrutural (dobramento)
BRCA1,BRCT,p.Phe1734Gly,1734,F,G,-12.57508,0.8919,0.045286058101496864,12.161798477172852,False,Núcleo estrutural (dobramento)
BRCA1,BRCT,p.Phe1734His,1734,F,H,-7.03455,0.7985,0.045286058101496864,12.161798477172852,False,Núcleo estrutural (dobramento)
BRCA1,BRCT,p.Phe1734Lys,1734,F,K,-13.66719,0.8897,0.045286058101496864,12.161798477172852,False,Núcleo estrutural (dobramento)
BRCA1,BRCT,p.Phe1734Asn,1734,F,N,-9.81837,0.8789,0.045286058101496864,12.161798477172852,False,Núcleo estrutural (dobramento)
BRCA1,BRCT,p.Phe1734Pro,1734,F,P,-13.99489,0.9121,0.045286058101496864,12.161798477172852,False,Núcleo estrutural (dobramento)
BRCA1,BRCT,p.Phe1734Gln,1734,F,Q,-11.43129,0.8955,0.045286058101496864,12.161798477172852,False,Núcleo estrutural (dobramento)
BRCA1,BRCT,p.Phe1734Arg,1734,F,R,-12.71282,0.8411,0.045286058101496864,12.161798477172852,False,Núcleo estrutural (dobramento)
BRCA1,BRCT,p.Phe1734Ser,1734,F,S,-8.44849,0.8407,0.045286058101496864,12.161798477172852,False,Núcleo estrutural (dobramento)
BRCA1,BRCT,p.Phe1734Thr,1734,F,T,-11.63054,0.8414,0.045286058101496864,12.161798477172852,False,Núcleo estrutural (dobramento)
BRCA1,BRCT,p.Phe1734Trp,1734,F,W,-9.04131,0.781,0.045286058101496864,12.161798477172852,False,Núcleo estrutural (dobramento)
BRCA1,BRCT,p.Glu1735Ala,1735,E,A,-8.5341,0.6785,0.0,12.4957857131958,False,Núcleo estrutural (dobramento)
BRCA1,BRCT,p.Glu1735Cys,1735,E,C,-12.1378,0.7771,0.0,12.4957857131958,False,Núcleo estrutural (dobramento)
BRCA1,BRCT,p.Glu1735Phe,1735,E,F,-12.33009,0.7749,0.0,12.4957857131958,False,Núcleo estrutural (dobramento)
BRCA1,BRCT,p.Glu1735Ile,1735,E,I,-7.16172,0.7433,0.0,12.4957857131958,False,Núcleo estrutural (dobramento)
BRCA1,BRCT,p.Glu1735Leu,1735,E,L,-8.97487,0.7728,0.0,12.4957857131958,False,Núcleo estrutural (dobramento)
BRCA1,BRCT,p.Glu1735Met,1735,E,M,-9.61339,0.7274,0.0,12.4957857131958,False,Núcleo estrutural (dobramento)
BRCA1,BRCT,p.Glu1735Pro,1735,E,P,-12.6388,0.7557,0.0,12.4957857131958,False,Núcleo estrutural (dobramento)
BRCA1,BRCT,p.Glu1735Ser,1735,E,S,-10.63257,0.6935,0.0,12.4957857131958,False,Núcleo estrutural (dobramento)
BRCA1,BRCT,p.Glu1735Val,1735,E,V,-6.33039,0.793,0.0,12.4957857131958,False,Núcleo estrutural (dobramento)
BRCA1,BRCT,p.Glu1735Trp,1735,E,W,-14.24959,0.7589,0.0,12.4957857131958,False,Núcleo estrutural (dobramento)
BRCA1,BRCT,p.Glu1735Tyr,1735,E,Y,-12.28777,0.7535,0.0,12.4957857131958,False,Núcleo estrutural (dobramento)
BRCA1,BRCT,p.Val1736Cys,1736,V,C,-11.59762,0.7173,0.0,9.229399681091309,False,Núcleo estrutural (dobramento)
BRCA1,BRCT,p.Val1736Asp,1736,V,D,-12.38247,0.873,0.0,9.229399681091309,False,Núcleo estrutural (dobramento)
BRCA1,BRCT,p.Val1736Glu,1736,V,E,-11.86714,0.9373,0.0,9.229399681091309,False,Núcleo estrutural (dobramento)
BRCA1,BRCT,p.Val1736Phe,1736,V,F,-11.54623,0.8469,0.0,9.229399681091309,False,Núcleo estrutural (dobramento)
BRCA1,BRCT,p.Val1736Gly,1736,V,G,-12.26801,0.9497,0.0,9.229399681091309,False,Núcleo estrutural (dobramento)
BRCA1,BRCT,p.Val1736His,1736,V,H,-14.75206,0.8489,0.0,9.229399681091309,False,Núcleo estrutural (dobramento)
BRCA1,BRCT,p.Val1736Lys,1736,V,K,-12.60448,0.8915,0.0,9.229399681091309,False,Núcleo estrutural (dobramento)
BRCA1,BRCT,p.Val1736Met,1736,V,M,-7.63822,0.7371,0.0,9.229399681091309,False,Núcleo estrutural (dobramento)
BRCA1,BRCT,p.Val1736Asn,1736,V,N,-12.64534,0.8956,0.0,9.229399681091309,False,Núcleo estrutural (dobramento)
BRCA1,BRCT,p.Val1736Pro,1736,V,P,-12.17137,0.931,0.0,9.229399681091309,False,Núcleo estrutural (dobramento)
BRCA1,BRCT,p.Val1736Gln,1736,V,Q,-13.63866,0.9246,0.0,9.229399681091309,False,Núcleo estrutural (dobramento)
BRCA1,BRCT,p.Val1736Arg,1736,V,R,-13.06998,0.8346,0.0,9.229399681091309,False,Núcleo estrutural (dobramento)
BRCA1,BRCT,p.Val1736Ser,1736,V,S,-11.34473,0.8155,0.0,9.229399681091309,False,Núcleo estrutural (dobramento)
BRCA1,BRCT,p.Val1736Thr,1736,V,T,-8.80666,0.8181,0.0,9.229399681091309,False,Núcleo estrutural (dobramento)
BRCA1,BRCT,p.Val1736Trp,1736,V,W,-16.5058,0.8699,0.0,9.229399681091309,False,Núcleo estrutural (dobramento)
BRCA1,BRCT,p.Val1736Tyr,1736,V,Y,-14.53714,0.9073,0.0,9.229399681091309,False,Núcleo estrutural (dobramento)
BRCA1,BRCT,p.Arg1737Ala,1737,R,A,-8.44981,0.736,0.24280154258933911,10.53647232055664,False,Intermediário
BRCA1,BRCT,p.Arg1737Gly,1737,R,G,-9.31396,0.8058,0.24280154258933911,10.53647232055664,False,Intermediário
BRCA1,BRCT,p.Arg1737Ile,1737,R,I,-5.34792,0.7003,0.24280154258933911,10.53647232055664,False,Intermediário
BRCA1,BRCT,p.Arg1737Pro,1737,R,P,-8.94026,0.7515,0.24280154258933911,10.53647232055664,False,Intermediário
BRCA1,BRCT,p.Arg1737Val,1737,R,V,-5.69269,0.7123,0.24280154258933911,10.53647232055664,False,Intermediário
BRCA1,BRCT,p.Gly1738Asp,1738,G,D,-8.17128,0.8168,0.0,7.440807819366455,False,Núcleo estrutural (dobramento)
BRCA1,BRCT,p.Gly1738Glu,1738,G,E,-8.68737,0.8808,0.0,7.440807819366455,False,Núcleo estrutural (dobramento)
BRCA1,BRCT,p.Gly1738His,1738,G,H,-11.77567,0.6765,0.0,7.440807819366455,False,Núcleo estrutural (dobramento)
BRCA1,BRCT,p.Gly1738Lys,1738,G,K,-11.3422,0.7224,0.0,7.440807819366455,False,Núcleo estrutural (dobramento)
BRCA1,BRCT,p.Gly1738Arg,1738,G,R,-9.32131,0.7386,0.0,7.440807819366455,False,Núcleo estrutural (dobramento)
BRCA1,BRCT,p.Gly1738Val,1738,G,V,-8.7908,0.679,0.0,7.440807819366455,False,Núcleo estrutural (dobramento)
BRCA1,BRCT,p.Asp1739Gly,1739,D,G,-8.86495,0.6775,0.0,5.432343482971191,False,Núcleo estrutural (dobramento)
BRCA1,BRCT,p.Asp1739His,1739,D,H,-8.16859,0.6858,0.0,5.432343482971191,False,Núcleo estrutural (dobramento)
BRCA1,BRCT,p.Asp1739Tyr,1739,D,Y,-7.94732,0.6856,0.0,5.432343482971191,False,Núcleo estrutural (dobramento)
BRCA1,BRCT,p.Val1740Glu,1740,V,E,-9.12329,0.74,0.25131643476802606,3.7395551204681396,True,Bolso de fosfopeptídeo
BRCA1,BRCT,p.Val1740Arg,1740,V,R,-9.59492,0.7114,0.25131643476802606,3.7395551204681396,True,Bolso de fosfopeptídeo
BRCA1,BRCT,p.Val1741Glu,1741,V,E,-8.54291,0.7327,0.04858274432344491,3.370623826980591,True,Bolso de fosfopeptídeo
BRCA1,BRCT,p.Gly1743Asp,1743,G,D,-8.18509,0.8168,0.0,9.502927780151367,False,Núcleo estrutural (dobramento)
BRCA1,BRCT,p.Gly1743Glu,1743,G,E,-8.62774,0.8775,0.0,9.502927780151367,False,Núcleo estrutural (dobramento)
BRCA1,BRCT,p.Gly1743His,1743,G,H,-9.95649,0.676,0.0,9.502927780151367,False,Núcleo estrutural (dobramento)
BRCA1,BRCT,p.Gly1743Lys,1743,G,K,-9.42921,0.7219,0.0,9.502927780151367,False,Núcleo estrutural (dobramento)
BRCA1,BRCT,p.Gly1743Arg,1743,G,R,-7.433,0.7052,0.0,9.502927780151367,False,Núcleo estrutural (dobramento)
BRCA1,BRCT,p.Gly1743Val,1743,G,V,-8.77857,0.679,0.0,9.502927780151367,False,Núcleo estrutural (dobramento)
BRCA1,BRCT,p.Arg1744Ala,1744,R,A,-8.94565,0.7445,0.19150300356953578,6.047488212585449,False,Intermediário
BRCA1,BRCT,p.Arg1744Gly,1744,R,G,-9.88858,0.8066,0.19150300356953578,6.047488212585449,False,Intermediário
BRCA1,BRCT,p.Arg1744Ile,1744,R,I,-7.3208,0.8369,0.19150300356953578,6.047488212585449,False,Intermediário
BRCA1,BRCT,p.Arg1744Leu,1744,R,L,-6.93019,0.8358,0.19150300356953578,6.047488212585449,False,Intermediário
BRCA1,BRCT,p.Arg1744Pro,1744,R,P,-7.63935,0.7357,0.19150300356953578,6.047488212585449,False,Intermediário
BRCA1,BRCT,p.Arg1744Val,1744,R,V,-7.56848,0.8123,0.19150300356953578,6.047488212585449,False,Intermediário
BRCA1,BRCT,p.His1746Gly,1746,H,G,-11.15784,0.6909,0.05626368043104062,9.906518936157227,False,Núcleo estrutural (dobramento)
BRCA1,BRCT,p.His1746Val,1746,H,V,-12.97069,0.7068,0.05626368043104062,9.906518936157227,False,Núcleo estrutural (dobramento)
BRCA1,BRCT,p.Gly1748Asp,1748,G,D,-9.83577,0.8302,0.0,14.06359577178955,False,Núcleo estrutural (dobramento)
BRCA1,BRCT,p.Gly1748Glu,1748,G,E,-9.78519,0.8808,0.0,14.06359577178955,False,Núcleo estrutural (dobramento)
BRCA1,BRCT,p.Gly1748His,1748,G,H,-13.74105,0.6765,0.0,14.06359577178955,False,Núcleo estrutural (dobramento)
BRCA1,BRCT,p.Gly1748Lys,1748,G,K,-12.18466,0.7224,0.0,14.06359577178955,False,Núcleo estrutural (dobramento)
BRCA1,BRCT,p.Gly1748Arg,1748,G,R,-8.89556,0.7382,0.0,14.06359577178955,False,Núcleo estrutural (dobramento)
BRCA1,BRCT,p.Gly1748Val,1748,G,V,-10.21732,0.6795,0.0,14.06359577178955,False,Núcleo estrutural (dobramento)
BRCA1,BRCT,p.Pro1749Arg,1749,P,R,-8.86687,0.725,0.0,12.715202331542969,False,Núcleo estrutural (dobramento)
BRCA1,BRCT,p.Arg1751Ala,1751,R,A,-9.7832,0.7469,0.2112881578871801,17.601221084594727,False,Intermediário
BRCA1,BRCT,p.Arg1751Gly,1751,R,G,-9.93977,0.8066,0.2112881578871801,17.601221084594727,False,Intermediário
BRCA1,BRCT,p.Arg1751Ile,1751,R,I,-9.62741,0.8526,0.2112881578871801,17.601221084594727,False,Intermediário
BRCA1,BRCT,p.Arg1751Leu,1751,R,L,-6.94479,0.8358,0.2112881578871801,17.601221084594727,False,Intermediário
BRCA1,BRCT,p.Arg1751Pro,1751,R,P,-11.8003,0.7556,0.2112881578871801,17.601221084594727,False,Intermediário
BRCA1,BRCT,p.Arg1751Val,1751,R,V,-9.74687,0.8215,0.2112881578871801,17.601221084594727,False,Intermediário
BRCA1,BRCT,p.Ala1752Asp,1752,A,D,-12.61429,0.7467,0.0,16.395877838134766,False,Núcleo estrutural (dobramento)
BRCA1,BRCT,p.Ala1752Glu,1752,A,E,-11.82051,0.858,0.0,16.395877838134766,False,Núcleo estrutural (dobramento)
BRCA1,BRCT,p.Ala1752His,1752,A,H,-12.25273,0.7313,0.0,16.395877838134766,False,Núcleo estrutural (dobramento)
BRCA1,BRCT,p.Ala1752Lys,1752,A,K,-13.22484,0.7724,0.0,16.395877838134766,False,Núcleo estrutural (dobramento)
BRCA1,BRCT,p.Ala1752Gln,1752,A,Q,-11.91554,0.6813,0.0,16.395877838134766,False,Núcleo estrutural (dobramento)
BRCA1,BRCT,p.Ala1752Arg,1752,A,R,-12.28785,0.7618,0.0,16.395877838134766,False,Núcleo estrutural (dobramento)
BRCA1,BRCT,p.Arg1753Ala,1753,R,A,-11.31194,0.7469,0.20575005745956576,17.909547805786133,False,Intermediário
BRCA1,BRCT,p.Arg1753Gly,1753,R,G,-9.71956,0.8058,0.20575005745956576,17.909547805786133,False,Intermediário
BRCA1,BRCT,p.Arg1753Ile,1753,R,I,-10.82048,0.8534,0.20575005745956576,17.909547805786133,False,Intermediário
BRCA1,BRCT,p.Arg1753Leu,1753,R,L,-9.12774,0.8509,0.20575005745956576,17.909547805786133,False,Intermediário
BRCA1,BRCT,p.Arg1753Pro,1753,R,P,-10.55188,0.7556,0.20575005745956576,17.909547805786133,False,Intermediário
BRCA1,BRCT,p.Arg1753Val,1753,R,V,-11.19836,0.8223,0.20575005745956576,17.909547805786133,False,Intermediário
BRCA1,BRCT,p.Gln1756Cys,1756,Q,C,-6.07012,0.7164,0.10086545377535958,18.678041458129883,False,Núcleo estrutural (dobramento)
BRCA1,BRCT,p.Gln1756Phe,1756,Q,F,-8.87425,0.7757,0.10086545377535958,18.678041458129883,False,Núcleo estrutural (dobramento)
BRCA1,BRCT,p.Gln1756Ile,1756,Q,I,-6.82271,0.7187,0.10086545377535958,18.678041458129883,False,Núcleo estrutural (dobramento)
BRCA1,BRCT,p.Gln1756Pro,1756,Q,P,-4.23813,0.7374,0.10086545377535958,18.678041458129883,False,Núcleo estrutural (dobramento)
BRCA1,BRCT,p.Gln1756Trp,1756,Q,W,-7.95986,0.7273,0.10086545377535958,18.678041458129883,False,Núcleo estrutural (dobramento)
BRCA1,BRCT,p.Gln1756Tyr,1756,Q,Y,-8.23481,0.7234,0.10086545377535958,18.678041458129883,False,Núcleo estrutural (dobramento)
BRCA1,BRCT,p.Asp1757Ala,1757,D,A,-4.40625,0.7137,0.3970785595239211,24.276283264160156,False,Intermediário
BRCA1,BRCT,p.Asp1757Cys,1757,D,C,-6.71859,0.7023,0.3970785595239211,24.276283264160156,False,Intermediário
BRCA1,BRCT,p.Asp1757Phe,1757,D,F,-8.0003,0.8037,0.3970785595239211,24.276283264160156,False,Intermediário
BRCA1,BRCT,p.Asp1757Gly,1757,D,G,-2.496,0.73,0.3970785595239211,24.276283264160156,False,Intermediário
BRCA1,BRCT,p.Asp1757Ile,1757,D,I,-7.53708,0.7399,0.3970785595239211,24.276283264160156,False,Intermediário
BRCA1,BRCT,p.Asp1757Leu,1757,D,L,-6.64457,0.7452,0.3970785595239211,24.276283264160156,False,Intermediário
BRCA1,BRCT,p.Asp1757Met,1757,D,M,-6.9883,0.7455,0.3970785595239211,24.276283264160156,False,Intermediário
BRCA1,BRCT,p.Asp1757Pro,1757,D,P,-6.92055,0.7144,0.3970785595239211,24.276283264160156,False,Intermediário
BRCA1,BRCT,p.Asp1757Val,1757,D,V,-5.71685,0.7182,0.3970785595239211,24.276283264160156,False,Intermediário
BRCA1,BRCT,p.Asp1757Trp,1757,D,W,-8.68745,0.7408,0.3970785595239211,24.276283264160156,False,Intermediário
BRCA1,BRCT,p.Arg1758Met,1758,R,M,-2.77127,0.6933,0.3455943166267977,22.340707778930664,False,Intermediário
BRCA1,BRCT,p.Arg1758Pro,1758,R,P,-6.6654,0.8233,0.3455943166267977,22.340707778930664,False,Intermediário
BRCA1,BRCT,p.Lys1759Phe,1759,K,F,-7.18833,0.7235,0.03178056427304679,20.430683135986328,False,Núcleo estrutural (dobramento)
BRCA1,BRCT,p.Lys1759Trp,1759,K,W,-7.79791,0.719,0.03178056427304679,20.430683135986328,False,Núcleo estrutural (dobramento)
BRCA1,BRCT,p.Ile1760Ala,1760,I,A,-8.57746,0.7472,0.07208784617649623,16.759300231933594,False,Núcleo estrutural (dobramento)
BRCA1,BRCT,p.Ile1760Asp,1760,I,D,-13.83272,0.8398,0.07208784617649623,16.759300231933594,False,Núcleo estrutural (dobramento)
BRCA1,BRCT,p.Ile1760Glu,1760,I,E,-13.63797,0.8654,0.07208784617649623,16.759300231933594,False,Núcleo estrutural (dobramento)
BRCA1,BRCT,p.Ile1760Gly,1760,I,G,-11.78202,0.903,0.07208784617649623,16.759300231933594,False,Núcleo estrutural (dobramento)
BRCA1,BRCT,p.Ile1760His,1760,I,H,-11.1102,0.7654,0.07208784617649623,16.759300231933594,False,Núcleo estrutural (dobramento)
BRCA1,BRCT,p.Ile1760Lys,1760,I,K,-11.49392,0.8026,0.07208784617649623,16.759300231933594,False,Núcleo estrutural (dobramento)
BRCA1,BRCT,p.Ile1760Asn,1760,I,N,-11.66127,0.8723,0.07208784617649623,16.759300231933594,False,Núcleo estrutural (dobramento)
BRCA1,BRCT,p.Ile1760Pro,1760,I,P,-6.83516,0.9105,0.07208784617649623,16.759300231933594,False,Núcleo estrutural (dobramento)
BRCA1,BRCT,p.Ile1760Gln,1760,I,Q,-11.06845,0.8806,0.07208784617649623,16.759300231933594,False,Núcleo estrutural (dobramento)
BRCA1,BRCT,p.Ile1760Arg,1760,I,R,-10.43358,0.7516,0.07208784617649623,16.759300231933594,False,Núcleo estrutural (dobramento)
BRCA1,BRCT,p.Ile1760Ser,1760,I,S,-10.12618,0.8013,0.07208784617649623,16.759300231933594,False,Núcleo estrutural (dobramento)
BRCA1,BRCT,p.Ile1760Thr,1760,I,T,-6.66178,0.7812,0.07208784617649623,16.759300231933594,False,Núcleo estrutural (dobramento)
BRCA1,BRCT,p.Ile1760Trp,1760,I,W,-12.01814,0.8193,0.07208784617649623,16.759300231933594,False,Núcleo estrutural (dobramento)
BRCA1,BRCT,p.Ile1760Tyr,1760,I,Y,-12.1817,0.8664,0.07208784617649623,16.759300231933594,False,Núcleo estrutural (dobramento)
BRCA1,BRCT,p.Phe1761Ala,1761,F,A,-13.01257,0.7878,0.0,13.927797317504883,False,Núcleo estrutural (dobramento)
BRCA1,BRCT,p.Phe1761Cys,1761,F,C,-8.69018,0.7916,0.0,13.927797317504883,False,Núcleo estrutural (dobramento)
BRCA1,BRCT,p.Phe1761Asp,1761,F,D,-14.5333,0.8933,0.0,13.927797317504883,False,Núcleo estrutural (dobramento)
BRCA1,BRCT,p.Phe1761Glu,1761,F,E,-15.03668,0.8934,0.0,13.927797317504883,False,Núcleo estrutural (dobramento)
BRCA1,BRCT,p.Phe1761Gly,1761,F,G,-13.11337,0.9075,0.0,13.927797317504883,False,Núcleo estrutural (dobramento)
BRCA1,BRCT,p.Phe1761His,1761,F,H,-11.91121,0.8342,0.0,13.927797317504883,False,Núcleo estrutural (dobramento)
BRCA1,BRCT,p.Phe1761Lys,1761,F,K,-13.39643,0.8525,0.0,13.927797317504883,False,Núcleo estrutural (dobramento)
BRCA1,BRCT,p.Phe1761Asn,1761,F,N,-13.69052,0.8928,0.0,13.927797317504883,False,Núcleo estrutural (dobramento)
BRCA1,BRCT,p.Phe1761Pro,1761,F,P,-11.53349,0.9139,0.0,13.927797317504883,False,Núcleo estrutural (dobramento)
BRCA1,BRCT,p.Phe1761Gln,1761,F,Q,-12.68463,0.8988,0.0,13.927797317504883,False,Núcleo estrutural (dobramento)
BRCA1,BRCT,p.Phe1761Arg,1761,F,R,-12.05855,0.8039,0.0,13.927797317504883,False,Núcleo estrutural (dobramento)
BRCA1,BRCT,p.Phe1761Ser,1761,F,S,-9.59012,0.8433,0.0,13.927797317504883,False,Núcleo estrutural (dobramento)
BRCA1,BRCT,p.Phe1761Thr,1761,F,T,-11.84356,0.8583,0.0,13.927797317504883,False,Núcleo estrutural (dobramento)
BRCA1,BRCT,p.Phe1761Trp,1761,F,W,-10.11978,0.7726,0.0,13.927797317504883,False,Núcleo estrutural (dobramento)
BRCA1,BRCT,p.Phe1761Tyr,1761,F,Y,-7.13407,0.7555,0.0,13.927797317504883,False,Núcleo estrutural (dobramento)
BRCA1,BRCT,p.Arg1762Pro,1762,R,P,-3.60026,0.6948,0.3906931862550736,21.322837829589844,False,Intermediário
BRCA1,BRCT,p.Gly1763Ala,1763,G,A,-6.30915,0.8176,0.16869446321127116,23.63241958618164,False,Intermediário
BRCA1,BRCT,p.Gly1763Cys,1763,G,C,-7.06201,0.9032,0.16869446321127116,23.63241958618164,False,Intermediário
BRCA1,BRCT,p.Gly1763Phe,1763,G,F,-9.53272,0.8515,0.16869446321127116,23.63241958618164,False,Intermediário
BRCA1,BRCT,p.Gly1763His,1763,G,H,-6.01448,0.7518,0.16869446321127116,23.63241958618164,False,Intermediário
BRCA1,BRCT,p.Gly1763Ile,1763,G,I,-10.3193,0.8553,0.16869446321127116,23.63241958618164,False,Intermediário
BRCA1,BRCT,p.Gly1763Lys,1763,G,K,-5.82581,0.6848,0.16869446321127116,23.63241958618164,False,Intermediário
BRCA1,BRCT,p.Gly1763Leu,1763,G,L,-8.99655,0.841,0.16869446321127116,23.63241958618164,False,Intermediário
BRCA1,BRCT,p.Gly1763Met,1763,G,M,-9.26301,0.8162,0.16869446321127116,23.63241958618164,False,Intermediário
BRCA1,BRCT,p.Gly1763Pro,1763,G,P,-10.11414,0.8636,0.16869446321127116,23.63241958618164,False,Intermediário
BRCA1,BRCT,p.Gly1763Gln,1763,G,Q,-6.62986,0.8591,0.16869446321127116,23.63241958618164,False,Intermediário
BRCA1,BRCT,p.Gly1763Arg,1763,G,R,-6.20326,0.7341,0.16869446321127116,23.63241958618164,False,Intermediário
BRCA1,BRCT,p.Gly1763Thr,1763,G,T,-6.94921,0.7879,0.16869446321127116,23.63241958618164,False,Intermediário
BRCA1,BRCT,p.Gly1763Val,1763,G,V,-8.36471,0.8852,0.16869446321127116,23.63241958618164,False,Intermediário
BRCA1,BRCT,p.Gly1763Trp,1763,G,W,-9.7828,0.9039,0.16869446321127116,23.63241958618164,False,Intermediário
BRCA1,BRCT,p.Gly1763Tyr,1763,G,Y,-8.25714,0.8487,0.16869446321127116,23.63241958618164,False,Intermediário
BRCA1,BRCT,p.Leu1764Ala,1764,L,A,-8.04849,0.741,0.09612960923700826,18.588254928588867,False,Núcleo estrutural (dobramento)
BRCA1,BRCT,p.Leu1764Asp,1764,L,D,-12.21629,0.8865,0.09612960923700826,18.588254928588867,False,Núcleo estrutural (dobramento)
BRCA1,BRCT,p.Leu1764Glu,1764,L,E,-9.75886,0.9084,0.09612960923700826,18.588254928588867,False,Núcleo estrutural (dobramento)
BRCA1,BRCT,p.Leu1764Gly,1764,L,G,-10.73932,0.9195,0.09612960923700826,18.588254928588867,False,Núcleo estrutural (dobramento)
BRCA1,BRCT,p.Leu1764Asn,1764,L,N,-9.00953,0.8945,0.09612960923700826,18.588254928588867,False,Núcleo estrutural (dobramento)
BRCA1,BRCT,p.Leu1764Pro,1764,L,P,-8.49352,0.9686,0.09612960923700826,18.588254928588867,False,Núcleo estrutural (dobramento)
BRCA1,BRCT,p.Leu1764Ser,1764,L,S,-8.46095,0.8197,0.09612960923700826,18.588254928588867,False,Núcleo estrutural (dobramento)
BRCA1,BRCT,p.Leu1764Thr,1764,L,T,-6.80881,0.8144,0.09612960923700826,18.588254928588867,False,Núcleo estrutural (dobramento)
BRCA1,BRCT,p.Glu1765Cys,1765,E,C,-6.87534,0.7212,0.029439118100239994,19.478477478027344,False,Núcleo estrutural (dobramento)
BRCA1,BRCT,p.Glu1765Phe,1765,E,F,-8.99889,0.7263,0.029439118100239994,19.478477478027344,False,Núcleo estrutural (dobramento)
BRCA1,BRCT,p.Glu1765Ile,1765,E,I,-7.67057,0.7134,0.029439118100239994,19.478477478027344,False,Núcleo estrutural (dobramento)
BRCA1,BRCT,p.Glu1765Leu,1765,E,L,-7.11814,0.7314,0.029439118100239994,19.478477478027344,False,Núcleo estrutural (dobramento)
BRCA1,BRCT,p.Glu1765Pro,1765,E,P,-7.72811,0.7194,0.029439118100239994,19.478477478027344,False,Núcleo estrutural (dobramento)
BRCA1,BRCT,p.Glu1765Val,1765,E,V,-5.95325,0.7322,0.029439118100239994,19.478477478027344,False,Núcleo estrutural (dobramento)
BRCA1,BRCT,p.Glu1765Trp,1765,E,W,-9.16004,0.7087,0.029439118100239994,19.478477478027344,False,Núcleo estrutural (dobramento)
BRCA1,BRCT,p.Ile1766Ala,1766,I,A,-8.98633,0.7565,0.0,15.434659957885742,False,Núcleo estrutural (dobramento)
BRCA1,BRCT,p.Ile1766Asp,1766,I,D,-14.16752,0.8398,0.0,15.434659957885742,False,Núcleo estrutural (dobramento)
BRCA1,BRCT,p.Ile1766Glu,1766,I,E,-14.59997,0.8654,0.0,15.434659957885742,False,Núcleo estrutural (dobramento)
BRCA1,BRCT,p.Ile1766Gly,1766,I,G,-13.5507,0.9067,0.0,15.434659957885742,False,Núcleo estrutural (dobramento)
BRCA1,BRCT,p.Ile1766His,1766,I,H,-11.58445,0.7654,0.0,15.434659957885742,False,Núcleo estrutural (dobramento)
BRCA1,BRCT,p.Ile1766Lys,1766,I,K,-11.71321,0.8026,0.0,15.434659957885742,False,Núcleo estrutural (dobramento)
BRCA1,BRCT,p.Ile1766Asn,1766,I,N,-12.5821,0.8723,0.0,15.434659957885742,False,Núcleo estrutural (dobramento)
BRCA1,BRCT,p.Ile1766Pro,1766,I,P,-12.56373,0.9359,0.0,15.434659957885742,False,Núcleo estrutural (dobramento)
BRCA1,BRCT,p.Ile1766Gln,1766,I,Q,-11.60592,0.8806,0.0,15.434659957885742,False,Núcleo estrutural (dobramento)
BRCA1,BRCT,p.Ile1766Arg,1766,I,R,-11.64891,0.7516,0.0,15.434659957885742,False,Núcleo estrutural (dobramento)
BRCA1,BRCT,p.Ile1766Ser,1766,I,S,-11.17603,0.8008,0.0,15.434659957885742,False,Núcleo estrutural (dobramento)
BRCA1,BRCT,p.Ile1766Thr,1766,I,T,-7.81328,0.8095,0.0,15.434659957885742,False,Núcleo estrutural (dobramento)
BRCA1,BRCT,p.Ile1766Trp,1766,I,W,-12.00985,0.8193,0.0,15.434659957885742,False,Núcleo estrutural (dobramento)
BRCA1,BRCT,p.Ile1766Tyr,1766,I,Y,-11.62342,0.8651,0.0,15.434659957885742,False,Núcleo estrutural (dobramento)
BRCA1,BRCT,p.Cys1767Ala,1767,C,A,-7.30611,0.7811,0.023116102112162508,15.198670387268066,False,Núcleo estrutural (dobramento)
BRCA1,BRCT,p.Cys1767Asp,1767,C,D,-10.00016,0.9082,0.023116102112162508,15.198670387268066,False,Núcleo estrutural (dobramento)
BRCA1,BRCT,p.Cys1767Glu,1767,C,E,-12.45483,0.9326,0.023116102112162508,15.198670387268066,False,Núcleo estrutural (dobramento)
BRCA1,BRCT,p.Cys1767Gly,1767,C,G,-7.31905,0.9455,0.023116102112162508,15.198670387268066,False,Núcleo estrutural (dobramento)
BRCA1,BRCT,p.Cys1767Lys,1767,C,K,-9.30941,0.895,0.023116102112162508,15.198670387268066,False,Núcleo estrutural (dobramento)
BRCA1,BRCT,p.Cys1767Met,1767,C,M,-10.37976,0.7506,0.023116102112162508,15.198670387268066,False,Núcleo estrutural (dobramento)
BRCA1,BRCT,p.Cys1767Pro,1767,C,P,-14.73368,0.8457,0.023116102112162508,15.198670387268066,False,Núcleo estrutural (dobramento)
BRCA1,BRCT,p.Cys1767Gln,1767,C,Q,-9.86907,0.9169,0.023116102112162508,15.198670387268066,False,Núcleo estrutural (dobramento)
BRCA1,BRCT,p.Cys1767Arg,1767,C,R,-7.49177,0.8501,0.023116102112162508,15.198670387268066,False,Núcleo estrutural (dobramento)
BRCA1,BRCT,p.Cys1767Thr,1767,C,T,-7.66623,0.7967,0.023116102112162508,15.198670387268066,False,Núcleo estrutural (dobramento)
BRCA1,BRCT,p.Cys1767Trp,1767,C,W,-8.75445,0.9123,0.023116102112162508,15.198670387268066,False,Núcleo estrutural (dobramento)
BRCA1,BRCT,p.Cys1768Ala,1768,C,A,-7.85447,0.7819,0.03849553379866061,12.410102844238281,False,Núcleo estrutural (dobramento)
BRCA1,BRCT,p.Cys1768Asp,1768,C,D,-15.30471,0.9082,0.03849553379866061,12.410102844238281,False,Núcleo estrutural (dobramento)
BRCA1,BRCT,p.Cys1768Glu,1768,C,E,-14.77869,0.9326,0.03849553379866061,12.410102844238281,False,Núcleo estrutural (dobramento)
BRCA1,BRCT,p.Cys1768Phe,1768,C,F,-6.29206,0.8514,0.03849553379866061,12.410102844238281,False,Núcleo estrutural (dobramento)
BRCA1,BRCT,p.Cys1768Gly,1768,C,G,-10.32681,0.9608,0.03849553379866061,12.410102844238281,False,Núcleo estrutural (dobramento)
BRCA1,BRCT,p.Cys1768His,1768,C,H,-11.20043,0.8589,0.03849553379866061,12.410102844238281,False,Núcleo estrutural (dobramento)
BRCA1,BRCT,p.Cys1768Lys,1768,C,K,-14.28187,0.8945,0.03849553379866061,12.410102844238281,False,Núcleo estrutural (dobramento)
BRCA1,BRCT,p.Cys1768Met,1768,C,M,-9.35379,0.7464,0.03849553379866061,12.410102844238281,False,Núcleo estrutural (dobramento)
BRCA1,BRCT,p.Cys1768Asn,1768,C,N,-11.4597,0.9008,0.03849553379866061,12.410102844238281,False,Núcleo estrutural (dobramento)
BRCA1,BRCT,p.Cys1768Pro,1768,C,P,-6.95039,0.8298,0.03849553379866061,12.410102844238281,False,Núcleo estrutural (dobramento)
BRCA1,BRCT,p.Cys1768Gln,1768,C,Q,-12.30904,0.9169,0.03849553379866061,12.410102844238281,False,Núcleo estrutural (dobramento)
BRCA1,BRCT,p.Cys1768Arg,1768,C,R,-10.79953,0.8839,0.03849553379866061,12.410102844238281,False,Núcleo estrutural (dobramento)
BRCA1,BRCT,p.Cys1768Ser,1768,C,S,-6.89451,0.8382,0.03849553379866061,12.410102844238281,False,Núcleo estrutural (dobramento)
BRCA1,BRCT,p.Cys1768Thr,1768,C,T,-7.41667,0.7963,0.03849553379866061,12.410102844238281,False,Núcleo estrutural (dobramento)
BRCA1,BRCT,p.Cys1768Trp,1768,C,W,-10.17371,0.9158,0.03849553379866061,12.410102844238281,False,Núcleo estrutural (dobramento)
BRCA1,BRCT,p.Cys1768Tyr,1768,C,Y,-9.47432,0.9303,0.03849553379866061,12.410102844238281,False,Núcleo estrutural (dobramento)
BRCA1,BRCT,p.Tyr1769Ala,1769,Y,A,-8.36723,0.8295,0.13561321369404508,11.681344985961914,False,Núcleo estrutural (dobramento)
BRCA1,BRCT,p.Tyr1769Cys,1769,Y,C,-4.23498,0.688,0.13561321369404508,11.681344985961914,False,Núcleo estrutural (dobramento)
BRCA1,BRCT,p.Tyr1769Asp,1769,Y,D,-10.47371,0.9534,0.13561321369404508,11.681344985961914,False,Núcleo estrutural (dobramento)
BRCA1,BRCT,p.Tyr1769Glu,1769,Y,E,-10.7769,0.9251,0.13561321369404508,11.681344985961914,False,Núcleo estrutural (dobramento)
BRCA1,BRCT,p.Tyr1769Gly,1769,Y,G,-8.87427,0.9,0.13561321369404508,11.681344985961914,False,Núcleo estrutural (dobramento)
BRCA1,BRCT,p.Tyr1769Ile,1769,Y,I,-6.87482,0.839,0.13561321369404508,11.681344985961914,False,Núcleo estrutural (dobramento)
BRCA1,BRCT,p.Tyr1769Lys,1769,Y,K,-7.99914,0.8754,0.13561321369404508,11.681344985961914,False,Núcleo estrutural (dobramento)
BRCA1,BRCT,p.Tyr1769Met,1769,Y,M,-6.50255,0.8219,0.13561321369404508,11.681344985961914,False,Núcleo estrutural (dobramento)
BRCA1,BRCT,p.Tyr1769Asn,1769,Y,N,-7.10808,0.8732,0.13561321369404508,11.681344985961914,False,Núcleo estrutural (dobramento)
BRCA1,BRCT,p.Tyr1769Pro,1769,Y,P,-9.87005,0.8767,0.13561321369404508,11.681344985961914,False,Núcleo estrutural (dobramento)
BRCA1,BRCT,p.Tyr1769Arg,1769,Y,R,-6.0922,0.7435,0.13561321369404508,11.681344985961914,False,Núcleo estrutural (dobramento)
BRCA1,BRCT,p.Tyr1769Ser,1769,Y,S,-6.60683,0.8646,0.13561321369404508,11.681344985961914,False,Núcleo estrutural (dobramento)
BRCA1,BRCT,p.Tyr1769Thr,1769,Y,T,-8.51765,0.8138,0.13561321369404508,11.681344985961914,False,Núcleo estrutural (dobramento)
BRCA1,BRCT,p.Tyr1769Val,1769,Y,V,-6.74002,0.852,0.13561321369404508,11.681344985961914,False,Núcleo estrutural (dobramento)
BRCA1,BRCT,p.Gly1770Ala,1770,G,A,-7.90991,0.8572,0.11042263187616089,11.398242950439453,False,Núcleo estrutural (dobramento)
BRCA1,BRCT,p.Gly1770Cys,1770,G,C,-11.0259,0.921,0.11042263187616089,11.398242950439453,False,Núcleo estrutural (dobramento)
BRCA1,BRCT,p.Gly1770Asp,1770,G,D,-9.84313,0.9266,0.11042263187616089,11.398242950439453,False,Núcleo estrutural (dobramento)
BRCA1,BRCT,p.Gly1770Glu,1770,G,E,-9.37135,0.8858,0.11042263187616089,11.398242950439453,False,Núcleo estrutural (dobramento)
BRCA1,BRCT,p.Gly1770Phe,1770,G,F,-13.63896,0.8517,0.11042263187616089,11.398242950439453,False,Núcleo estrutural (dobramento)
BRCA1,BRCT,p.Gly1770His,1770,G,H,-11.98252,0.8359,0.11042263187616089,11.398242950439453,False,Núcleo estrutural (dobramento)
BRCA1,BRCT,p.Gly1770Ile,1770,G,I,-13.49036,0.8556,0.11042263187616089,11.398242950439453,False,Núcleo estrutural (dobramento)
BRCA1,BRCT,p.Gly1770Lys,1770,G,K,-10.61248,0.86,0.11042263187616089,11.398242950439453,False,Núcleo estrutural (dobramento)
BRCA1,BRCT,p.Gly1770Leu,1770,G,L,-12.64454,0.8446,0.11042263187616089,11.398242950439453,False,Núcleo estrutural (dobramento)
BRCA1,BRCT,p.Gly1770Met,1770,G,M,-13.85515,0.817,0.11042263187616089,11.398242950439453,False,Núcleo estrutural (dobramento)
BRCA1,BRCT,p.Gly1770Asn,1770,G,N,-11.51149,0.902,0.11042263187616089,11.398242950439453,False,Núcleo estrutural (dobramento)
BRCA1,BRCT,p.Gly1770Pro,1770,G,P,-9.67928,0.8582,0.11042263187616089,11.398242950439453,False,Núcleo estrutural (dobramento)
BRCA1,BRCT,p.Gly1770Gln,1770,G,Q,-11.30602,0.8979,0.11042263187616089,11.398242950439453,False,Núcleo estrutural (dobramento)
BRCA1,BRCT,p.Gly1770Arg,1770,G,R,-8.86755,0.8075,0.11042263187616089,11.398242950439453,False,Núcleo estrutural (dobramento)
BRCA1,BRCT,p.Gly1770Ser,1770,G,S,-8.41268,0.8559,0.11042263187616089,11.398242950439453,False,Núcleo estrutural (dobramento)
BRCA1,BRCT,p.Gly1770Thr,1770,G,T,-10.74313,0.8096,0.11042263187616089,11.398242950439453,False,Núcleo estrutural (dobramento)
BRCA1,BRCT,p.Gly1770Val,1770,G,V,-10.84889,0.8928,0.11042263187616089,11.398242950439453,False,Núcleo estrutural (dobramento)
BRCA1,BRCT,p.Gly1770Trp,1770,G,W,-12.12053,0.9055,0.11042263187616089,11.398242950439453,False,Núcleo estrutural (dobramento)
BRCA1,BRCT,p.Gly1770Tyr,1770,G,Y,-13.37369,0.8705,0.11042263187616089,11.398242950439453,False,Núcleo estrutural (dobramento)
BRCA1,BRCT,p.Pro1771Phe,1771,P,F,-9.65401,0.8255,0.17468835829508225,8.121030807495117,False,Intermediário
BRCA1,BRCT,p.Pro1771Gly,1771,P,G,-8.13656,0.7009,0.17468835829508225,8.121030807495117,False,Intermediário
BRCA1,BRCT,p.Pro1771Ile,1771,P,I,-8.94119,0.7208,0.17468835829508225,8.121030807495117,False,Intermediário
BRCA1,BRCT,p.Pro1771Lys,1771,P,K,-6.66478,0.7123,0.17468835829508225,8.121030807495117,False,Intermediário
BRCA1,BRCT,p.Pro1771Met,1771,P,M,-8.70608,0.749,0.17468835829508225,8.121030807495117,False,Intermediário
BRCA1,BRCT,p.Pro1771Arg,1771,P,R,-6.26411,0.7102,0.17468835829508225,8.121030807495117,False,Intermediário
BRCA1,BRCT,p.Pro1771Trp,1771,P,W,-11.93183,0.8023,0.17468835829508225,8.121030807495117,False,Intermediário
BRCA1,BRCT,p.Pro1771Tyr,1771,P,Y,-9.37672,0.7739,0.17468835829508225,8.121030807495117,False,Intermediário
BRCA1,BRCT,p.Phe1772Ala,1772,F,A,-12.26204,0.7878,0.0804516325490869,5.985633373260498,False,Núcleo estrutural (dobramento)
BRCA1,BRCT,p.Phe1772Cys,1772,F,C,-8.65515,0.7916,0.0804516325490869,5.985633373260498,False,Núcleo estrutural (dobramento)
BRCA1,BRCT,p.Phe1772Asp,1772,F,D,-14.12832,0.8933,0.0804516325490869,5.985633373260498,False,Núcleo estrutural (dobramento)
BRCA1,BRCT,p.Phe1772Glu,1772,F,E,-15.42576,0.8934,0.0804516325490869,5.985633373260498,False,Núcleo estrutural (dobramento)
BRCA1,BRCT,p.Phe1772Gly,1772,F,G,-12.93189,0.9075,0.0804516325490869,5.985633373260498,False,Núcleo estrutural (dobramento)
BRCA1,BRCT,p.Phe1772His,1772,F,H,-10.79005,0.8342,0.0804516325490869,5.985633373260498,False,Núcleo estrutural (dobramento)
BRCA1,BRCT,p.Phe1772Lys,1772,F,K,-15.28967,0.8525,0.0804516325490869,5.985633373260498,False,Núcleo estrutural (dobramento)
BRCA1,BRCT,p.Phe1772Asn,1772,F,N,-12.62198,0.8928,0.0804516325490869,5.985633373260498,False,Núcleo estrutural (dobramento)
BRCA1,BRCT,p.Phe1772Pro,1772,F,P,-11.01274,0.9129,0.0804516325490869,5.985633373260498,False,Núcleo estrutural (dobramento)
BRCA1,BRCT,p.Phe1772Gln,1772,F,Q,-12.83114,0.8988,0.0804516325490869,5.985633373260498,False,Núcleo estrutural (dobramento)
BRCA1,BRCT,p.Phe1772Arg,1772,F,R,-14.11628,0.8039,0.0804516325490869,5.985633373260498,False,Núcleo estrutural (dobramento)
BRCA1,BRCT,p.Phe1772Ser,1772,F,S,-9.25069,0.8433,0.0804516325490869,5.985633373260498,False,Núcleo estrutural (dobramento)
BRCA1,BRCT,p.Phe1772Thr,1772,F,T,-11.86505,0.8583,0.0804516325490869,5.985633373260498,False,Núcleo estrutural (dobramento)
BRCA1,BRCT,p.Phe1772Trp,1772,F,W,-11.44133,0.7718,0.0804516325490869,5.985633373260498,False,Núcleo estrutural (dobramento)
BRCA1,BRCT,p.Phe1772Tyr,1772,F,Y,-6.57099,0.7351,0.0804516325490869,5.985633373260498,False,Núcleo estrutural (dobramento)
BRCA1,BRCT,p.Thr1773Glu,1773,T,E,-8.03023,0.7533,0.16533953730842563,2.705585241317749,False,Bolso de fosfopeptídeo
BRCA1,BRCT,p.Thr1773Lys,1773,T,K,-7.43507,0.8021,0.16533953730842563,2.705585241317749,False,Bolso de fosfopeptídeo
BRCA1,BRCT,p.Thr1773Arg,1773,T,R,-7.27871,0.7132,0.16533953730842563,2.705585241317749,False,Bolso de fosfopeptídeo
BRCA1,BRCT,p.Thr1773Trp,1773,T,W,-10.62548,0.7651,0.16533953730842563,2.705585241317749,False,Bolso de fosfopeptídeo
BRCA1,BRCT,p.Met1775Ala,1775,M,A,-10.24841,0.8001,0.06402958527097698,3.8848958015441895,True,Bolso de fosfopeptídeo
BRCA1,BRCT,p.Met1775Cys,1775,M,C,-10.90715,0.7382,0.06402958527097698,3.8848958015441895,True,Bolso de fosfopeptídeo
BRCA1,BRCT,p.Met1775Asp,1775,M,D,-15.65744,0.952,0.06402958527097698,3.8848958015441895,True,Bolso de fosfopeptídeo
BRCA1,BRCT,p.Met1775Glu,1775,M,E,-14.12833,0.9329,0.06402958527097698,3.8848958015441895,True,Bolso de fosfopeptídeo
BRCA1,BRCT,p.Met1775Gly,1775,M,G,-14.50417,0.8874,0.06402958527097698,3.8848958015441895,True,Bolso de fosfopeptídeo
BRCA1,BRCT,p.Met1775His,1775,M,H,-11.90684,0.8892,0.06402958527097698,3.8848958015441895,True,Bolso de fosfopeptídeo
BRCA1,BRCT,p.Met1775Lys,1775,M,K,-13.21108,0.9362,0.06402958527097698,3.8848958015441895,True,Bolso de fosfopeptídeo
BRCA1,BRCT,p.Met1775Asn,1775,M,N,-13.30531,0.9367,0.06402958527097698,3.8848958015441895,True,Bolso de fosfopeptídeo
BRCA1,BRCT,p.Met1775Pro,1775,M,P,-7.84604,0.9228,0.06402958527097698,3.8848958015441895,True,Bolso de fosfopeptídeo
BRCA1,BRCT,p.Met1775Gln,1775,M,Q,-9.4711,0.9342,0.06402958527097698,3.8848958015441895,True,Bolso de fosfopeptídeo
BRCA1,BRCT,p.Met1775Arg,1775,M,R,-12.04734,0.9413,0.06402958527097698,3.8848958015441895,True,Bolso de fosfopeptídeo
BRCA1,BRCT,p.Met1775Ser,1775,M,S,-9.94163,0.9085,0.06402958527097698,3.8848958015441895,True,Bolso de fosfopeptídeo
BRCA1,BRCT,p.Met1775Thr,1775,M,T,-7.97221,0.8717,0.06402958527097698,3.8848958015441895,True,Bolso de fosfopeptídeo
BRCA1,BRCT,p.Met1775Val,1775,M,V,-6.9482,0.8534,0.06402958527097698,3.8848958015441895,True,Bolso de fosfopeptídeo
BRCA1,BRCT,p.Met1775Trp,1775,M,W,-14.861,0.8989,0.06402958527097698,3.8848958015441895,True,Bolso de fosfopeptídeo
BRCA1,BRCT,p.Met1775Tyr,1775,M,Y,-13.07577,0.9077,0.06402958527097698,3.8848958015441895,True,Bolso de fosfopeptídeo
BRCA1,BRCT,p.Pro1776Phe,1776,P,F,-6.57675,0.7704,0.35625463107264627,6.873100757598877,False,Intermediário
BRCA1,BRCT,p.Pro1776Met,1776,P,M,-6.19122,0.7053,0.35625463107264627,6.873100757598877,False,Intermediário
BRCA1,BRCT,p.Pro1776Trp,1776,P,W,-11.54922,0.8023,0.35625463107264627,6.873100757598877,False,Intermediário
BRCA1,BRCT,p.Pro1776Tyr,1776,P,Y,-6.85514,0.7252,0.35625463107264627,6.873100757598877,False,Intermediário
BRCA1,BRCT,p.Thr1777Trp,1777,T,W,-6.8003,0.7133,0.16759081721604693,9.581685066223145,False,Intermediário
BRCA1,BRCT,p.Asp1778Ala,1778,D,A,-5.45894,0.7038,0.46422718878929936,10.294258117675781,False,Superfície
BRCA1,BRCT,p.Asp1778Cys,1778,D,C,-8.65541,0.7562,0.46422718878929936,10.294258117675781,False,Superfície
BRCA1,BRCT,p.Asp1778Phe,1778,D,F,-9.86841,0.8145,0.46422718878929936,10.294258117675781,False,Superfície
BRCA1,BRCT,p.Asp1778Gly,1778,D,G,-4.94168,0.7596,0.46422718878929936,10.294258117675781,False,Superfície
BRCA1,BRCT,p.Asp1778Ile,1778,D,I,-8.60569,0.7652,0.46422718878929936,10.294258117675781,False,Superfície
BRCA1,BRCT,p.Asp1778Leu,1778,D,L,-8.4082,0.784,0.46422718878929936,10.294258117675781,False,Superfície
BRCA1,BRCT,p.Asp1778Met,1778,D,M,-8.96398,0.7669,0.46422718878929936,10.294258117675781,False,Superfície
BRCA1,BRCT,p.Asp1778Pro,1778,D,P,-7.53004,0.7265,0.46422718878929936,10.294258117675781,False,Superfície
BRCA1,BRCT,p.Asp1778Val,1778,D,V,-6.93606,0.8222,0.46422718878929936,10.294258117675781,False,Superfície
BRCA1,BRCT,p.Asp1778Trp,1778,D,W,-11.295,0.7439,0.46422718878929936,10.294258117675781,False,Superfície
BRCA1,BRCT,p.Asp1778Tyr,1778,D,Y,-8.20192,0.7183,0.46422718878929936,10.294258117675781,False,Superfície
BRCA1,BRCT,p.Gln1779Ala,1779,Q,A,-9.48229,0.7397,0.16660734317822465,5.953950881958008,False,Intermediário
BRCA1,BRCT,p.Gln1779Cys,1779,Q,C,-10.26072,0.7695,0.16660734317822465,5.953950881958008,False,Intermediário
BRCA1,BRCT,p.Gln1779Phe,1779,Q,F,-12.13829,0.7806,0.16660734317822465,5.953950881958008,False,Intermediário
BRCA1,BRCT,p.Gln1779Gly,1779,Q,G,-9.58188,0.7472,0.16660734317822465,5.953950881958008,False,Intermediário
BRCA1,BRCT,p.Gln1779Ile,1779,Q,I,-11.57579,0.7486,0.16660734317822465,5.953950881958008,False,Intermediário
BRCA1,BRCT,p.Gln1779Leu,1779,Q,L,-9.52388,0.7407,0.16660734317822465,5.953950881958008,False,Intermediário
BRCA1,BRCT,p.Gln1779Met,1779,Q,M,-9.2739,0.6915,0.16660734317822465,5.953950881958008,False,Intermediário
BRCA1,BRCT,p.Gln1779Pro,1779,Q,P,-11.59017,0.8175,0.16660734317822465,5.953950881958008,False,Intermediário
BRCA1,BRCT,p.Gln1779Val,1779,Q,V,-10.98809,0.8352,0.16660734317822465,5.953950881958008,False,Intermediário
BRCA1,BRCT,p.Gln1779Trp,1779,Q,W,-12.24416,0.7576,0.16660734317822465,5.953950881958008,False,Intermediário
BRCA1,BRCT,p.Gln1779Tyr,1779,Q,Y,-8.7527,0.7367,0.16660734317822465,5.953950881958008,False,Intermediário
BRCA1,BRCT,p.Leu1780Ala,1780,L,A,-10.78957,0.7524,0.0,8.267718315124512,False,Núcleo estrutural (dobramento)
BRCA1,BRCT,p.Leu1780Asp,1780,L,D,-14.97629,0.8865,0.0,8.267718315124512,False,Núcleo estrutural (dobramento)
BRCA1,BRCT,p.Leu1780Glu,1780,L,E,-12.98056,0.9084,0.0,8.267718315124512,False,Núcleo estrutural (dobramento)
BRCA1,BRCT,p.Leu1780Gly,1780,L,G,-13.85671,0.9374,0.0,8.267718315124512,False,Núcleo estrutural (dobramento)
BRCA1,BRCT,p.Leu1780His,1780,L,H,-11.93466,0.788,0.0,8.267718315124512,False,Núcleo estrutural (dobramento)
BRCA1,BRCT,p.Leu1780Lys,1780,L,K,-11.14483,0.8443,0.0,8.267718315124512,False,Núcleo estrutural (dobramento)
BRCA1,BRCT,p.Leu1780Asn,1780,L,N,-13.26022,0.9007,0.0,8.267718315124512,False,Núcleo estrutural (dobramento)
BRCA1,BRCT,p.Leu1780Pro,1780,L,P,-8.48384,0.9686,0.0,8.267718315124512,False,Núcleo estrutural (dobramento)
BRCA1,BRCT,p.Leu1780Gln,1780,L,Q,-8.76995,0.9069,0.0,8.267718315124512,False,Núcleo estrutural (dobramento)
BRCA1,BRCT,p.Leu1780Arg,1780,L,R,-8.6506,0.7513,0.0,8.267718315124512,False,Núcleo estrutural (dobramento)
BRCA1,BRCT,p.Leu1780Ser,1780,L,S,-11.1893,0.8197,0.0,8.267718315124512,False,Núcleo estrutural (dobramento)
BRCA1,BRCT,p.Leu1780Thr,1780,L,T,-9.93894,0.8525,0.0,8.267718315124512,False,Núcleo estrutural (dobramento)
BRCA1,BRCT,p.Leu1780Trp,1780,L,W,-10.74148,0.8164,0.0,8.267718315124512,False,Núcleo estrutural (dobramento)
BRCA1,BRCT,p.Leu1780Tyr,1780,L,Y,-12.58395,0.8852,0.0,8.267718315124512,False,Núcleo estrutural (dobramento)
BRCA1,BRCT,p.Glu1781Cys,1781,E,C,-10.20722,0.7538,0.053462863034381705,11.523114204406738,False,Núcleo estrutural (dobramento)
BRCA1,BRCT,p.Glu1781Phe,1781,E,F,-11.89984,0.7295,0.053462863034381705,11.523114204406738,False,Núcleo estrutural (dobramento)
BRCA1,BRCT,p.Glu1781Ile,1781,E,I,-9.16861,0.7326,0.053462863034381705,11.523114204406738,False,Núcleo estrutural (dobramento)
BRCA1,BRCT,p.Glu1781Leu,1781,E,L,-9.01103,0.7504,0.053462863034381705,11.523114204406738,False,Núcleo estrutural (dobramento)
BRCA1,BRCT,p.Glu1781Pro,1781,E,P,-14.32491,0.7549,0.053462863034381705,11.523114204406738,False,Núcleo estrutural (dobramento)
BRCA1,BRCT,p.Glu1781Ser,1781,E,S,-9.16566,0.6867,0.053462863034381705,11.523114204406738,False,Núcleo estrutural (dobramento)
BRCA1,BRCT,p.Glu1781Val,1781,E,V,-7.48795,0.7736,0.053462863034381705,11.523114204406738,False,Núcleo estrutural (dobramento)
BRCA1,BRCT,p.Glu1781Trp,1781,E,W,-11.65318,0.7108,0.053462863034381705,11.523114204406738,False,Núcleo estrutural (dobramento)
BRCA1,BRCT,p.Glu1781Tyr,1781,E,Y,-10.50737,0.6937,0.053462863034381705,11.523114204406738,False,Núcleo estrutural (dobramento)
BRCA1,BRCT,p.Trp1782Ala,1782,W,A,-8.51452,0.8699,0.16629056187717256,9.580392837524414,False,Intermediário
BRCA1,BRCT,p.Trp1782Cys,1782,W,C,-7.87405,0.9523,0.16629056187717256,9.580392837524414,False,Intermediário
BRCA1,BRCT,p.Trp1782Asp,1782,W,D,-9.22442,0.93,0.16629056187717256,9.580392837524414,False,Intermediário
BRCA1,BRCT,p.Trp1782Glu,1782,W,E,-7.125,0.9027,0.16629056187717256,9.580392837524414,False,Intermediário
BRCA1,BRCT,p.Trp1782Phe,1782,W,F,-9.24713,0.7816,0.16629056187717256,9.580392837524414,False,Intermediário
BRCA1,BRCT,p.Trp1782Gly,1782,W,G,-8.31031,0.9473,0.16629056187717256,9.580392837524414,False,Intermediário
BRCA1,BRCT,p.Trp1782His,1782,W,H,-8.34974,0.8546,0.16629056187717256,9.580392837524414,False,Intermediário
BRCA1,BRCT,p.Trp1782Ile,1782,W,I,-10.1843,0.8786,0.16629056187717256,9.580392837524414,False,Intermediário
BRCA1,BRCT,p.Trp1782Lys,1782,W,K,-7.73851,0.8685,0.16629056187717256,9.580392837524414,False,Intermediário
BRCA1,BRCT,p.Trp1782Leu,1782,W,L,-7.60487,0.8525,0.16629056187717256,9.580392837524414,False,Intermediário
BRCA1,BRCT,p.Trp1782Met,1782,W,M,-8.55215,0.8477,0.16629056187717256,9.580392837524414,False,Intermediário
BRCA1,BRCT,p.Trp1782Asn,1782,W,N,-8.81055,0.9067,0.16629056187717256,9.580392837524414,False,Intermediário
BRCA1,BRCT,p.Trp1782Pro,1782,W,P,-11.36065,0.9275,0.16629056187717256,9.580392837524414,False,Intermediário
BRCA1,BRCT,p.Trp1782Gln,1782,W,Q,-6.69001,0.8875,0.16629056187717256,9.580392837524414,False,Intermediário
BRCA1,BRCT,p.Trp1782Arg,1782,W,R,-6.74015,0.7982,0.16629056187717256,9.580392837524414,False,Intermediário
BRCA1,BRCT,p.Trp1782Ser,1782,W,S,-7.69172,0.9195,0.16629056187717256,9.580392837524414,False,Intermediário
BRCA1,BRCT,p.Trp1782Thr,1782,W,T,-8.37781,0.8785,0.16629056187717256,9.580392837524414,False,Intermediário
BRCA1,BRCT,p.Trp1782Val,1782,W,V,-9.46594,0.9041,0.16629056187717256,9.580392837524414,False,Intermediário
BRCA1,BRCT,p.Trp1782Tyr,1782,W,Y,-8.18342,0.6931,0.16629056187717256,9.580392837524414,False,Intermediário
BRCA1,BRCT,p.Met1783Ala,1783,M,A,-11.92806,0.7997,0.005744626566564195,8.647001266479492,False,Núcleo estrutural (dobramento)
BRCA1,BRCT,p.Met1783Cys,1783,M,C,-14.97103,0.739,0.005744626566564195,8.647001266479492,False,Núcleo estrutural (dobramento)
BRCA1,BRCT,p.Met1783Asp,1783,M,D,-17.36715,0.952,0.005744626566564195,8.647001266479492,False,Núcleo estrutural (dobramento)
BRCA1,BRCT,p.Met1783Glu,1783,M,E,-15.34195,0.9329,0.005744626566564195,8.647001266479492,False,Núcleo estrutural (dobramento)
BRCA1,BRCT,p.Met1783Gly,1783,M,G,-16.18852,0.8874,0.005744626566564195,8.647001266479492,False,Núcleo estrutural (dobramento)
BRCA1,BRCT,p.Met1783His,1783,M,H,-14.62353,0.8892,0.005744626566564195,8.647001266479492,False,Núcleo estrutural (dobramento)
BRCA1,BRCT,p.Met1783Lys,1783,M,K,-13.2388,0.9362,0.005744626566564195,8.647001266479492,False,Núcleo estrutural (dobramento)
BRCA1,BRCT,p.Met1783Asn,1783,M,N,-13.5967,0.9367,0.005744626566564195,8.647001266479492,False,Núcleo estrutural (dobramento)
BRCA1,BRCT,p.Met1783Pro,1783,M,P,-15.65099,0.9391,0.005744626566564195,8.647001266479492,False,Núcleo estrutural (dobramento)
BRCA1,BRCT,p.Met1783Gln,1783,M,Q,-12.99158,0.9339,0.005744626566564195,8.647001266479492,False,Núcleo estrutural (dobramento)
BRCA1,BRCT,p.Met1783Arg,1783,M,R,-14.69284,0.9413,0.005744626566564195,8.647001266479492,False,Núcleo estrutural (dobramento)
BRCA1,BRCT,p.Met1783Ser,1783,M,S,-13.54677,0.9133,0.005744626566564195,8.647001266479492,False,Núcleo estrutural (dobramento)
BRCA1,BRCT,p.Met1783Thr,1783,M,T,-9.41339,0.8862,0.005744626566564195,8.647001266479492,False,Núcleo estrutural (dobramento)
BRCA1,BRCT,p.Met1783Val,1783,M,V,-9.25118,0.8623,0.005744626566564195,8.647001266479492,False,Núcleo estrutural (dobramento)
BRCA1,BRCT,p.Met1783Trp,1783,M,W,-15.024,0.8989,0.005744626566564195,8.647001266479492,False,Núcleo estrutural (dobramento)
BRCA1,BRCT,p.Met1783Tyr,1783,M,Y,-14.71956,0.9077,0.005744626566564195,8.647001266479492,False,Núcleo estrutural (dobramento)
BRCA1,BRCT,p.Val1784Asp,1784,V,D,-13.87228,0.9085,0.0,13.191292762756348,False,Núcleo estrutural (dobramento)
BRCA1,BRCT,p.Val1784Glu,1784,V,E,-12.35312,0.9427,0.0,13.191292762756348,False,Núcleo estrutural (dobramento)
BRCA1,BRCT,p.Val1784Phe,1784,V,F,-8.02094,0.7704,0.0,13.191292762756348,False,Núcleo estrutural (dobramento)
BRCA1,BRCT,p.Val1784Gly,1784,V,G,-9.45938,0.9287,0.0,13.191292762756348,False,Núcleo estrutural (dobramento)
BRCA1,BRCT,p.Val1784His,1784,V,H,-14.69749,0.812,0.0,13.191292762756348,False,Núcleo estrutural (dobramento)
BRCA1,BRCT,p.Val1784Lys,1784,V,K,-13.18435,0.8601,0.0,13.191292762756348,False,Núcleo estrutural (dobramento)
BRCA1,BRCT,p.Val1784Asn,1784,V,N,-12.60056,0.9172,0.0,13.191292762756348,False,Núcleo estrutural (dobramento)
BRCA1,BRCT,p.Val1784Pro,1784,V,P,-11.76758,0.94,0.0,13.191292762756348,False,Núcleo estrutural (dobramento)
BRCA1,BRCT,p.Val1784Gln,1784,V,Q,-12.60768,0.935,0.0,13.191292762756348,False,Núcleo estrutural (dobramento)
BRCA1,BRCT,p.Val1784Arg,1784,V,R,-13.6733,0.7908,0.0,13.191292762756348,False,Núcleo estrutural (dobramento)
BRCA1,BRCT,p.Val1784Ser,1784,V,S,-9.07581,0.8482,0.0,13.191292762756348,False,Núcleo estrutural (dobramento)
BRCA1,BRCT,p.Val1784Thr,1784,V,T,-6.44496,0.7932,0.0,13.191292762756348,False,Núcleo estrutural (dobramento)
BRCA1,BRCT,p.Val1784Trp,1784,V,W,-13.40876,0.8641,0.0,13.191292762756348,False,Núcleo estrutural (dobramento)
BRCA1,BRCT,p.Val1784Tyr,1784,V,Y,-14.57419,0.8989,0.0,13.191292762756348,False,Núcleo estrutural (dobramento)
BRCA1,BRCT,p.Gln1785Phe,1785,Q,F,-6.57155,0.7427,0.2822732448610322,15.747222900390625,False,Intermediário
BRCA1,BRCT,p.Gln1785Pro,1785,Q,P,-8.8244,0.8101,0.2822732448610322,15.747222900390625,False,Intermediário
BRCA1,BRCT,p.Gln1785Trp,1785,Q,W,-6.84135,0.7144,0.2822732448610322,15.747222900390625,False,Intermediário
BRCA1,BRCT,p.Leu1786Ala,1786,L,A,-9.68882,0.7529,0.08411340808238223,12.692136764526367,False,Núcleo estrutural (dobramento)
BRCA1,BRCT,p.Leu1786Asp,1786,L,D,-14.21531,0.8865,0.08411340808238223,12.692136764526367,False,Núcleo estrutural (dobramento)
BRCA1,BRCT,p.Leu1786Glu,1786,L,E,-11.12793,0.9084,0.08411340808238223,12.692136764526367,False,Núcleo estrutural (dobramento)
BRCA1,BRCT,p.Leu1786Gly,1786,L,G,-12.49915,0.9374,0.08411340808238223,12.692136764526367,False,Núcleo estrutural (dobramento)
BRCA1,BRCT,p.Leu1786His,1786,L,H,-7.60002,0.7565,0.08411340808238223,12.692136764526367,False,Núcleo estrutural (dobramento)
BRCA1,BRCT,p.Leu1786Lys,1786,L,K,-10.18209,0.843,0.08411340808238223,12.692136764526367,False,Núcleo estrutural (dobramento)
BRCA1,BRCT,p.Leu1786Asn,1786,L,N,-10.35624,0.9012,0.08411340808238223,12.692136764526367,False,Núcleo estrutural (dobramento)
BRCA1,BRCT,p.Leu1786Pro,1786,L,P,-9.1407,0.9737,0.08411340808238223,12.692136764526367,False,Núcleo estrutural (dobramento)
BRCA1,BRCT,p.Leu1786Gln,1786,L,Q,-7.02996,0.8683,0.08411340808238223,12.692136764526367,False,Núcleo estrutural (dobramento)
BRCA1,BRCT,p.Leu1786Arg,1786,L,R,-8.68923,0.7526,0.08411340808238223,12.692136764526367,False,Núcleo estrutural (dobramento)
BRCA1,BRCT,p.Leu1786Ser,1786,L,S,-7.85321,0.815,0.08411340808238223,12.692136764526367,False,Núcleo estrutural (dobramento)
BRCA1,BRCT,p.Leu1786Thr,1786,L,T,-8.8165,0.8502,0.08411340808238223,12.692136764526367,False,Núcleo estrutural (dobramento)
BRCA1,BRCT,p.Leu1786Trp,1786,L,W,-11.0657,0.8164,0.08411340808238223,12.692136764526367,False,Núcleo estrutural (dobramento)
BRCA1,BRCT,p.Leu1786Tyr,1786,L,Y,-9.92489,0.8842,0.08411340808238223,12.692136764526367,False,Núcleo estrutural (dobramento)
BRCA1,BRCT,p.Cys1787Ala,1787,C,A,-6.52193,0.762,0.0,14.42680549621582,False,Núcleo estrutural (dobramento)
BRCA1,BRCT,p.Cys1787Asp,1787,C,D,-14.61999,0.9082,0.0,14.42680549621582,False,Núcleo estrutural (dobramento)
BRCA1,BRCT,p.Cys1787Glu,1787,C,E,-14.57616,0.9326,0.0,14.42680549621582,False,Núcleo estrutural (dobramento)
BRCA1,BRCT,p.Cys1787Phe,1787,C,F,-11.62583,0.9115,0.0,14.42680549621582,False,Núcleo estrutural (dobramento)
BRCA1,BRCT,p.Cys1787Gly,1787,C,G,-8.796,0.9585,0.0,14.42680549621582,False,Núcleo estrutural (dobramento)
BRCA1,BRCT,p.Cys1787His,1787,C,H,-12.52079,0.8589,0.0,14.42680549621582,False,Núcleo estrutural (dobramento)
BRCA1,BRCT,p.Cys1787Lys,1787,C,K,-15.16668,0.8945,0.0,14.42680549621582,False,Núcleo estrutural (dobramento)
BRCA1,BRCT,p.Cys1787Met,1787,C,M,-10.61158,0.7506,0.0,14.42680549621582,False,Núcleo estrutural (dobramento)
BRCA1,BRCT,p.Cys1787Asn,1787,C,N,-10.49563,0.9008,0.0,14.42680549621582,False,Núcleo estrutural (dobramento)
BRCA1,BRCT,p.Cys1787Pro,1787,C,P,-12.25285,0.8457,0.0,14.42680549621582,False,Núcleo estrutural (dobramento)
BRCA1,BRCT,p.Cys1787Gln,1787,C,Q,-13.65309,0.9169,0.0,14.42680549621582,False,Núcleo estrutural (dobramento)
BRCA1,BRCT,p.Cys1787Arg,1787,C,R,-12.38089,0.8839,0.0,14.42680549621582,False,Núcleo estrutural (dobramento)
BRCA1,BRCT,p.Cys1787Ser,1787,C,S,-5.76786,0.6822,0.0,14.42680549621582,False,Núcleo estrutural (dobramento)
BRCA1,BRCT,p.Cys1787Thr,1787,C,T,-6.91346,0.7854,0.0,14.42680549621582,False,Núcleo estrutural (dobramento)
BRCA1,BRCT,p.Cys1787Trp,1787,C,W,-15.10907,0.9158,0.0,14.42680549621582,False,Núcleo estrutural (dobramento)
BRCA1,BRCT,p.Cys1787Tyr,1787,C,Y,-11.92592,0.9326,0.0,14.42680549621582,False,Núcleo estrutural (dobramento)
BRCA1,BRCT,p.Gly1788Ala,1788,G,A,-8.77983,0.8799,0.11594603508311843,18.771793365478516,False,Núcleo estrutural (dobramento)
BRCA1,BRCT,p.Gly1788Cys,1788,G,C,-8.66339,0.9197,0.11594603508311843,18.771793365478516,False,Núcleo estrutural (dobramento)
BRCA1,BRCT,p.Gly1788Asp,1788,G,D,-6.45598,0.8873,0.11594603508311843,18.771793365478516,False,Núcleo estrutural (dobramento)
BRCA1,BRCT,p.Gly1788Glu,1788,G,E,-6.76821,0.8482,0.11594603508311843,18.771793365478516,False,Núcleo estrutural (dobramento)
BRCA1,BRCT,p.Gly1788Phe,1788,G,F,-12.64149,0.8517,0.11594603508311843,18.771793365478516,False,Núcleo estrutural (dobramento)
BRCA1,BRCT,p.Gly1788His,1788,G,H,-9.39305,0.8354,0.11594603508311843,18.771793365478516,False,Núcleo estrutural (dobramento)
BRCA1,BRCT,p.Gly1788Ile,1788,G,I,-15.20336,0.8556,0.11594603508311843,18.771793365478516,False,Núcleo estrutural (dobramento)
BRCA1,BRCT,p.Gly1788Lys,1788,G,K,-8.79211,0.8562,0.11594603508311843,18.771793365478516,False,Núcleo estrutural (dobramento)
BRCA1,BRCT,p.Gly1788Leu,1788,G,L,-11.46481,0.8438,0.11594603508311843,18.771793365478516,False,Núcleo estrutural (dobramento)
BRCA1,BRCT,p.Gly1788Met,1788,G,M,-12.40513,0.817,0.11594603508311843,18.771793365478516,False,Núcleo estrutural (dobramento)
BRCA1,BRCT,p.Gly1788Asn,1788,G,N,-8.09291,0.883,0.11594603508311843,18.771793365478516,False,Núcleo estrutural (dobramento)
BRCA1,BRCT,p.Gly1788Pro,1788,G,P,-14.40185,0.8644,0.11594603508311843,18.771793365478516,False,Núcleo estrutural (dobramento)
BRCA1,BRCT,p.Gly1788Gln,1788,G,Q,-8.70889,0.8961,0.11594603508311843,18.771793365478516,False,Núcleo estrutural (dobramento)
BRCA1,BRCT,p.Gly1788Arg,1788,G,R,-8.31898,0.7672,0.11594603508311843,18.771793365478516,False,Núcleo estrutural (dobramento)
BRCA1,BRCT,p.Gly1788Ser,1788,G,S,-6.37938,0.8418,0.11594603508311843,18.771793365478516,False,Núcleo estrutural (dobramento)
BRCA1,BRCT,p.Gly1788Thr,1788,G,T,-12.76451,0.8117,0.11594603508311843,18.771793365478516,False,Núcleo estrutural (dobramento)
BRCA1,BRCT,p.Gly1788Val,1788,G,V,-12.94752,0.8959,0.11594603508311843,18.771793365478516,False,Núcleo estrutural (dobramento)
BRCA1,BRCT,p.Gly1788Trp,1788,G,W,-13.05113,0.9055,0.11594603508311843,18.771793365478516,False,Núcleo estrutural (dobramento)
BRCA1,BRCT,p.Gly1788Tyr,1788,G,Y,-12.12587,0.8705,0.11594603508311843,18.771793365478516,False,Núcleo estrutural (dobramento)
BRCA1,BRCT,p.Ala1789Cys,1789,A,C,-8.62996,0.8205,0.06644707125970359,18.016937255859375,False,Núcleo estrutural (dobramento)
BRCA1,BRCT,p.Ala1789Asp,1789,A,D,-10.45378,0.9591,0.06644707125970359,18.016937255859375,False,Núcleo estrutural (dobramento)
BRCA1,BRCT,p.Ala1789Glu,1789,A,E,-10.35606,0.9411,0.06644707125970359,18.016937255859375,False,Núcleo estrutural (dobramento)
BRCA1,BRCT,p.Ala1789Phe,1789,A,F,-12.65373,0.8229,0.06644707125970359,18.016937255859375,False,Núcleo estrutural (dobramento)
BRCA1,BRCT,p.Ala1789His,1789,A,H,-13.96049,0.8542,0.06644707125970359,18.016937255859375,False,Núcleo estrutural (dobramento)
BRCA1,BRCT,p.Ala1789Ile,1789,A,I,-12.17412,0.7816,0.06644707125970359,18.016937255859375,False,Núcleo estrutural (dobramento)
BRCA1,BRCT,p.Ala1789Lys,1789,A,K,-13.05312,0.901,0.06644707125970359,18.016937255859375,False,Núcleo estrutural (dobramento)
BRCA1,BRCT,p.Ala1789Leu,1789,A,L,-12.82528,0.7492,0.06644707125970359,18.016937255859375,False,Núcleo estrutural (dobramento)
BRCA1,BRCT,p.Ala1789Met,1789,A,M,-11.70983,0.772,0.06644707125970359,18.016937255859375,False,Núcleo estrutural (dobramento)
BRCA1,BRCT,p.Ala1789Asn,1789,A,N,-12.67981,0.9245,0.06644707125970359,18.016937255859375,False,Núcleo estrutural (dobramento)
BRCA1,BRCT,p.Ala1789Pro,1789,A,P,-11.26566,0.9572,0.06644707125970359,18.016937255859375,False,Núcleo estrutural (dobramento)
BRCA1,BRCT,p.Ala1789Gln,1789,A,Q,-14.02591,0.929,0.06644707125970359,18.016937255859375,False,Núcleo estrutural (dobramento)
BRCA1,BRCT,p.Ala1789Arg,1789,A,R,-10.5722,0.8251,0.06644707125970359,18.016937255859375,False,Núcleo estrutural (dobramento)
BRCA1,BRCT,p.Ala1789Ser,1789,A,S,-6.27836,0.8495,0.06644707125970359,18.016937255859375,False,Núcleo estrutural (dobramento)
BRCA1,BRCT,p.Ala1789Thr,1789,A,T,-8.43121,0.7987,0.06644707125970359,18.016937255859375,False,Núcleo estrutural (dobramento)
BRCA1,BRCT,p.Ala1789Val,1789,A,V,-8.38192,0.8208,0.06644707125970359,18.016937255859375,False,Núcleo estrutural (dobramento)
BRCA1,BRCT,p.Ala1789Trp,1789,A,W,-13.41347,0.8792,0.06644707125970359,18.016937255859375,False,Núcleo estrutural (dobramento)
BRCA1,BRCT,p.Ala1789Tyr,1789,A,Y,-14.50936,0.8943,0.06644707125970359,18.016937255859375,False,Núcleo estrutural (dobramento)
BRCA1,BRCT,p.Ser1790Trp,1790,S,W,-8.16963,0.7254,0.24545640393615484,19.77666473388672,False,Intermediário
BRCA1,BRCT,p.Val1791Asp,1791,V,D,-12.43761,0.9085,0.08620934676366716,17.382511138916016,False,Núcleo estrutural (dobramento)
BRCA1,BRCT,p.Val1791Glu,1791,V,E,-11.73129,0.9427,0.08620934676366716,17.382511138916016,False,Núcleo estrutural (dobramento)
BRCA1,BRCT,p.Val1791Phe,1791,V,F,-7.22058,0.7509,0.08620934676366716,17.382511138916016,False,Núcleo estrutural (dobramento)
BRCA1,BRCT,p.Val1791Gly,1791,V,G,-10.65942,0.9281,0.08620934676366716,17.382511138916016,False,Núcleo estrutural (dobramento)
BRCA1,BRCT,p.Val1791His,1791,V,H,-11.09291,0.8099,0.08620934676366716,17.382511138916016,False,Núcleo estrutural (dobramento)
BRCA1,BRCT,p.Val1791Lys,1791,V,K,-10.34384,0.8588,0.08620934676366716,17.382511138916016,False,Núcleo estrutural (dobramento)
BRCA1,BRCT,p.Val1791Asn,1791,V,N,-10.35432,0.9172,0.08620934676366716,17.382511138916016,False,Núcleo estrutural (dobramento)
BRCA1,BRCT,p.Val1791Pro,1791,V,P,-8.31732,0.9365,0.08620934676366716,17.382511138916016,False,Núcleo estrutural (dobramento)
BRCA1,BRCT,p.Val1791Gln,1791,V,Q,-11.0537,0.935,0.08620934676366716,17.382511138916016,False,Núcleo estrutural (dobramento)
BRCA1,BRCT,p.Val1791Arg,1791,V,R,-9.68994,0.7871,0.08620934676366716,17.382511138916016,False,Núcleo estrutural (dobramento)
BRCA1,BRCT,p.Val1791Ser,1791,V,S,-8.09334,0.8373,0.08620934676366716,17.382511138916016,False,Núcleo estrutural (dobramento)
BRCA1,BRCT,p.Val1791Trp,1791,V,W,-11.59942,0.8615,0.08620934676366716,17.382511138916016,False,Núcleo estrutural (dobramento)
BRCA1,BRCT,p.Val1791Tyr,1791,V,Y,-10.83555,0.8918,0.08620934676366716,17.382511138916016,False,Núcleo estrutural (dobramento)
BRCA1,BRCT,p.Val1792Ala,1792,V,A,-6.21795,0.7076,0.02082117613861925,18.614078521728516,False,Núcleo estrutural (dobramento)
BRCA1,BRCT,p.Val1792Asp,1792,V,D,-12.32232,0.9085,0.02082117613861925,18.614078521728516,False,Núcleo estrutural (dobramento)
BRCA1,BRCT,p.Val1792Glu,1792,V,E,-9.74017,0.9422,0.02082117613861925,18.614078521728516,False,Núcleo estrutural (dobramento)
BRCA1,BRCT,p.Val1792Phe,1792,V,F,-7.31755,0.7509,0.02082117613861925,18.614078521728516,False,Núcleo estrutural (dobramento)
BRCA1,BRCT,p.Val1792Gly,1792,V,G,-10.07311,0.9279,0.02082117613861925,18.614078521728516,False,Núcleo estrutural (dobramento)
BRCA1,BRCT,p.Val1792His,1792,V,H,-9.27554,0.8107,0.02082117613861925,18.614078521728516,False,Núcleo estrutural (dobramento)
BRCA1,BRCT,p.Val1792Lys,1792,V,K,-8.61616,0.8496,0.02082117613861925,18.614078521728516,False,Núcleo estrutural (dobramento)
BRCA1,BRCT,p.Val1792Asn,1792,V,N,-8.59552,0.9071,0.02082117613861925,18.614078521728516,False,Núcleo estrutural (dobramento)
BRCA1,BRCT,p.Val1792Pro,1792,V,P,-9.66241,0.9382,0.02082117613861925,18.614078521728516,False,Núcleo estrutural (dobramento)
BRCA1,BRCT,p.Val1792Gln,1792,V,Q,-8.72278,0.9317,0.02082117613861925,18.614078521728516,False,Núcleo estrutural (dobramento)
BRCA1,BRCT,p.Val1792Arg,1792,V,R,-8.6117,0.7737,0.02082117613861925,18.614078521728516,False,Núcleo estrutural (dobramento)
BRCA1,BRCT,p.Val1792Ser,1792,V,S,-7.56181,0.8309,0.02082117613861925,18.614078521728516,False,Núcleo estrutural (dobramento)
BRCA1,BRCT,p.Val1792Thr,1792,V,T,-6.19208,0.7872,0.02082117613861925,18.614078521728516,False,Núcleo estrutural (dobramento)
BRCA1,BRCT,p.Val1792Trp,1792,V,W,-11.56913,0.8615,0.02082117613861925,18.614078521728516,False,Núcleo estrutural (dobramento)
BRCA1,BRCT,p.Val1792Tyr,1792,V,Y,-10.75515,0.8918,0.02082117613861925,18.614078521728516,False,Núcleo estrutural (dobramento)
BRCA1,BRCT,p.Lys1793Phe,1793,K,F,-7.84297,0.7344,0.4165234827055551,18.55023765563965,False,Superfície
BRCA1,BRCT,p.Lys1793Ile,1793,K,I,-8.38058,0.7132,0.4165234827055551,18.55023765563965,False,Superfície
BRCA1,BRCT,p.Lys1793Val,1793,K,V,-7.14563,0.7625,0.4165234827055551,18.55023765563965,False,Superfície
BRCA1,BRCT,p.Lys1793Trp,1793,K,W,-7.40698,0.7156,0.4165234827055551,18.55023765563965,False,Superfície
BRCA1,BRCT,p.Glu1794Phe,1794,E,F,-7.85397,0.7113,0.009807967737350737,21.159664154052734,False,Núcleo estrutural (dobramento)
BRCA1,BRCT,p.Glu1794Ile,1794,E,I,-6.98984,0.7104,0.009807967737350737,21.159664154052734,False,Núcleo estrutural (dobramento)
BRCA1,BRCT,p.Glu1794Pro,1794,E,P,-6.91588,0.7186,0.009807967737350737,21.159664154052734,False,Núcleo estrutural (dobramento)
BRCA1,BRCT,p.Glu1794Trp,1794,E,W,-8.95076,0.7079,0.009807967737350737,21.159664154052734,False,Núcleo estrutural (dobramento)
BRCA1,BRCT,p.Leu1795Asp,1795,L,D,-7.69307,0.8617,0.0060081005773130166,18.337827682495117,False,Núcleo estrutural (dobramento)
BRCA1,BRCT,p.Leu1795Glu,1795,L,E,-5.95022,0.7922,0.0060081005773130166,18.337827682495117,False,Núcleo estrutural (dobramento)
BRCA1,BRCT,p.Leu1795Gly,1795,L,G,-4.82981,0.6772,0.0060081005773130166,18.337827682495117,False,Núcleo estrutural (dobramento)
BRCA1,BRCT,p.Leu1795Asn,1795,L,N,-6.06892,0.7847,0.0060081005773130166,18.337827682495117,False,Núcleo estrutural (dobramento)
BRCA1,BRCT,p.Phe1798Gly,1798,F,G,-3.81871,0.6767,0.056977181002565915,19.900876998901367,False,Núcleo estrutural (dobramento)
BRCA1,BRCT,p.Phe1798Pro,1798,F,P,-3.80266,0.6993,0.056977181002565915,19.900876998901367,False,Núcleo estrutural (dobramento)
BRCA1,BRCT,p.Gly1801Ala,1801,G,A,-0.79637,0.7085,0.3089199346261982,28.57101058959961,False,Intermediário
BRCA1,BRCT,p.Gly1803Ala,1803,G,A,-0.25722,0.7147,0.3970434210166921,27.772533416748047,False,Intermediário
BRCA1,BRCT,p.Pro1806Trp,1806,P,W,-6.27465,0.7339,0.0607611681026373,19.103025436401367,False,Núcleo estrutural (dobramento)
BRCA1,BRCT,p.Ile1807Asp,1807,I,D,-8.93126,0.8398,0.02452036986883079,14.823731422424316,False,Núcleo estrutural (dobramento)
BRCA1,BRCT,p.Ile1807Glu,1807,I,E,-9.15378,0.8654,0.02452036986883079,14.823731422424316,False,Núcleo estrutural (dobramento)
BRCA1,BRCT,p.Ile1807Gly,1807,I,G,-8.26074,0.8777,0.02452036986883079,14.823731422424316,False,Núcleo estrutural (dobramento)
BRCA1,BRCT,p.Ile1807His,1807,I,H,-6.7105,0.7092,0.02452036986883079,14.823731422424316,False,Núcleo estrutural (dobramento)
BRCA1,BRCT,p.Ile1807Lys,1807,I,K,-7.15578,0.7547,0.02452036986883079,14.823731422424316,False,Núcleo estrutural (dobramento)
BRCA1,BRCT,p.Ile1807Asn,1807,I,N,-7.76727,0.8413,0.02452036986883079,14.823731422424316,False,Núcleo estrutural (dobramento)
BRCA1,BRCT,p.Ile1807Pro,1807,I,P,-6.48963,0.9041,0.02452036986883079,14.823731422424316,False,Núcleo estrutural (dobramento)
BRCA1,BRCT,p.Ile1807Gln,1807,I,Q,-7.39825,0.8544,0.02452036986883079,14.823731422424316,False,Núcleo estrutural (dobramento)
BRCA1,BRCT,p.Ile1807Arg,1807,I,R,-6.63835,0.6787,0.02452036986883079,14.823731422424316,False,Núcleo estrutural (dobramento)
BRCA1,BRCT,p.Ile1807Ser,1807,I,S,-6.03792,0.7352,0.02452036986883079,14.823731422424316,False,Núcleo estrutural (dobramento)
BRCA1,BRCT,p.Ile1807Trp,1807,I,W,-8.67589,0.8178,0.02452036986883079,14.823731422424316,False,Núcleo estrutural (dobramento)
BRCA1,BRCT,p.Val1808Asp,1808,V,D,-11.24206,0.9085,0.0,13.01201343536377,False,Núcleo estrutural (dobramento)
BRCA1,BRCT,p.Val1808Glu,1808,V,E,-12.33277,0.9427,0.0,13.01201343536377,False,Núcleo estrutural (dobramento)
BRCA1,BRCT,p.Val1808Gly,1808,V,G,-7.26794,0.9112,0.0,13.01201343536377,False,Núcleo estrutural (dobramento)
BRCA1,BRCT,p.Val1808His,1808,V,H,-9.70732,0.8107,0.0,13.01201343536377,False,Núcleo estrutural (dobramento)
BRCA1,BRCT,p.Val1808Lys,1808,V,K,-12.15981,0.8601,0.0,13.01201343536377,False,Núcleo estrutural (dobramento)
BRCA1,BRCT,p.Val1808Asn,1808,V,N,-10.02925,0.9172,0.0,13.01201343536377,False,Núcleo estrutural (dobramento)
BRCA1,BRCT,p.Val1808Pro,1808,V,P,-9.00146,0.9382,0.0,13.01201343536377,False,Núcleo estrutural (dobramento)
BRCA1,BRCT,p.Val1808Gln,1808,V,Q,-10.65449,0.935,0.0,13.01201343536377,False,Núcleo estrutural (dobramento)
BRCA1,BRCT,p.Val1808Arg,1808,V,R,-11.74526,0.7895,0.0,13.01201343536377,False,Núcleo estrutural (dobramento)
BRCA1,BRCT,p.Val1808Ser,1808,V,S,-7.51291,0.8309,0.0,13.01201343536377,False,Núcleo estrutural (dobramento)
BRCA1,BRCT,p.Val1808Trp,1808,V,W,-10.55373,0.8594,0.0,13.01201343536377,False,Núcleo estrutural (dobramento)
BRCA1,BRCT,p.Val1808Tyr,1808,V,Y,-8.51641,0.8903,0.0,13.01201343536377,False,Núcleo estrutural (dobramento)
BRCA1,BRCT,p.Val1809Asp,1809,V,D,-9.25537,0.908,0.0,10.352904319763184,False,Núcleo estrutural (dobramento)
BRCA1,BRCT,p.Val1809Glu,1809,V,E,-9.2806,0.9422,0.0,10.352904319763184,False,Núcleo estrutural (dobramento)
BRCA1,BRCT,p.Val1809Phe,1809,V,F,-7.38716,0.7509,0.0,10.352904319763184,False,Núcleo estrutural (dobramento)
BRCA1,BRCT,p.Val1809Gly,1809,V,G,-9.31383,0.9287,0.0,10.352904319763184,False,Núcleo estrutural (dobramento)
BRCA1,BRCT,p.Val1809His,1809,V,H,-9.67664,0.8107,0.0,10.352904319763184,False,Núcleo estrutural (dobramento)
BRCA1,BRCT,p.Val1809Lys,1809,V,K,-10.77564,0.8601,0.0,10.352904319763184,False,Núcleo estrutural (dobramento)
BRCA1,BRCT,p.Val1809Asn,1809,V,N,-9.50704,0.9138,0.0,10.352904319763184,False,Núcleo estrutural (dobramento)
BRCA1,BRCT,p.Val1809Pro,1809,V,P,-9.47738,0.9382,0.0,10.352904319763184,False,Núcleo estrutural (dobramento)
BRCA1,BRCT,p.Val1809Gln,1809,V,Q,-8.427,0.9232,0.0,10.352904319763184,False,Núcleo estrutural (dobramento)
BRCA1,BRCT,p.Val1809Arg,1809,V,R,-10.80193,0.7879,0.0,10.352904319763184,False,Núcleo estrutural (dobramento)
BRCA1,BRCT,p.Val1809Ser,1809,V,S,-6.60677,0.8109,0.0,10.352904319763184,False,Núcleo estrutural (dobramento)
BRCA1,BRCT,p.Val1809Thr,1809,V,T,-5.89709,0.7245,0.0,10.352904319763184,False,Núcleo estrutural (dobramento)
BRCA1,BRCT,p.Val1809Trp,1809,V,W,-12.05348,0.8641,0.0,10.352904319763184,False,Núcleo estrutural (dobramento)
BRCA1,BRCT,p.Val1809Tyr,1809,V,Y,-11.80798,0.8965,0.0,10.352904319763184,False,Núcleo estrutural (dobramento)
BRCA1,BRCT,p.Val1810Asp,1810,V,D,-11.11173,0.9085,0.0069403920462064155,7.597884654998779,False,Núcleo estrutural (dobramento)
BRCA1,BRCT,p.Val1810Glu,1810,V,E,-10.63166,0.9435,0.0069403920462064155,7.597884654998779,False,Núcleo estrutural (dobramento)
BRCA1,BRCT,p.Val1810Phe,1810,V,F,-8.83407,0.7994,0.0069403920462064155,7.597884654998779,False,Núcleo estrutural (dobramento)
BRCA1,BRCT,p.Val1810Gly,1810,V,G,-9.32448,0.9287,0.0069403920462064155,7.597884654998779,False,Núcleo estrutural (dobramento)
BRCA1,BRCT,p.Val1810His,1810,V,H,-11.12345,0.8099,0.0069403920462064155,7.597884654998779,False,Núcleo estrutural (dobramento)
BRCA1,BRCT,p.Val1810Lys,1810,V,K,-10.24811,0.8588,0.0069403920462064155,7.597884654998779,False,Núcleo estrutural (dobramento)
BRCA1,BRCT,p.Val1810Met,1810,V,M,-6.44864,0.7416,0.0069403920462064155,7.597884654998779,False,Núcleo estrutural (dobramento)
BRCA1,BRCT,p.Val1810Asn,1810,V,N,-10.64912,0.9172,0.0069403920462064155,7.597884654998779,False,Núcleo estrutural (dobramento)
BRCA1,BRCT,p.Val1810Pro,1810,V,P,-8.68263,0.9377,0.0069403920462064155,7.597884654998779,False,Núcleo estrutural (dobramento)
BRCA1,BRCT,p.Val1810Gln,1810,V,Q,-10.29433,0.935,0.0069403920462064155,7.597884654998779,False,Núcleo estrutural (dobramento)
BRCA1,BRCT,p.Val1810Arg,1810,V,R,-11.05824,0.7879,0.0069403920462064155,7.597884654998779,False,Núcleo estrutural (dobramento)
BRCA1,BRCT,p.Val1810Ser,1810,V,S,-8.09477,0.8373,0.0069403920462064155,7.597884654998779,False,Núcleo estrutural (dobramento)
BRCA1,BRCT,p.Val1810Thr,1810,V,T,-6.12541,0.7805,0.0069403920462064155,7.597884654998779,False,Núcleo estrutural (dobramento)
BRCA1,BRCT,p.Val1810Trp,1810,V,W,-10.93685,0.8594,0.0069403920462064155,7.597884654998779,False,Núcleo estrutural (dobramento)
BRCA1,BRCT,p.Val1810Tyr,1810,V,Y,-10.28411,0.8931,0.0069403920462064155,7.597884654998779,False,Núcleo estrutural (dobramento)
BRCA1,BRCT,p.Gln1811Phe,1811,Q,F,-6.57796,0.7427,0.030176044635281164,2.956594705581665,True,Bolso de fosfopeptídeo
BRCA1,BRCT,p.Gln1811Ile,1811,Q,I,-6.38911,0.7028,0.030176044635281164,2.956594705581665,True,Bolso de fosfopeptídeo
BRCA1,BRCT,p.Gln1811Pro,1811,Q,P,-2.35635,0.7282,0.030176044635281164,2.956594705581665,True,Bolso de fosfopeptídeo
BRCA1,BRCT,p.Gln1811Val,1811,Q,V,-5.83328,0.7099,0.030176044635281164,2.956594705581665,True,Bolso de fosfopeptídeo
BRCA1,BRCT,p.Pro1812Asp,1812,P,D,-7.80339,0.6854,0.1407695900949357,6.336714267730713,False,Núcleo estrutural (dobramento)
BRCA1,BRCT,p.Pro1812Glu,1812,P,E,-6.68951,0.7305,0.1407695900949357,6.336714267730713,False,Núcleo estrutural (dobramento)
BRCA1,BRCT,p.Pro1812Phe,1812,P,F,-9.29167,0.8255,0.1407695900949357,6.336714267730713,False,Núcleo estrutural (dobramento)
BRCA1,BRCT,p.Pro1812Gly,1812,P,G,-6.12547,0.6754,0.1407695900949357,6.336714267730713,False,Núcleo estrutural (dobramento)
BRCA1,BRCT,p.Pro1812Ile,1812,P,I,-8.81297,0.7208,0.1407695900949357,6.336714267730713,False,Núcleo estrutural (dobramento)
BRCA1,BRCT,p.Pro1812Lys,1812,P,K,-6.60377,0.7109,0.1407695900949357,6.336714267730713,False,Núcleo estrutural (dobramento)
BRCA1,BRCT,p.Pro1812Met,1812,P,M,-7.96062,0.7303,0.1407695900949357,6.336714267730713,False,Núcleo estrutural (dobramento)
BRCA1,BRCT,p.Pro1812Arg,1812,P,R,-6.29114,0.7102,0.1407695900949357,6.336714267730713,False,Núcleo estrutural (dobramento)
BRCA1,BRCT,p.Pro1812Trp,1812,P,W,-10.25824,0.8023,0.1407695900949357,6.336714267730713,False,Núcleo estrutural (dobramento)
BRCA1,BRCT,p.Pro1812Tyr,1812,P,Y,-9.48741,0.7739,0.1407695900949357,6.336714267730713,False,Núcleo estrutural (dobramento)
BRCA1,BRCT,p.Asp1813Ala,1813,D,A,-3.18565,0.7094,0.20277251889078532,2.237555503845215,True,Bolso de fosfopeptídeo
BRCA1,BRCT,p.Asp1813Cys,1813,D,C,-6.5396,0.7025,0.20277251889078532,2.237555503845215,True,Bolso de fosfopeptídeo
BRCA1,BRCT,p.Asp1813Phe,1813,D,F,-8.22066,0.8112,0.20277251889078532,2.237555503845215,True,Bolso de fosfopeptídeo
BRCA1,BRCT,p.Asp1813Gly,1813,D,G,-2.02038,0.7005,0.20277251889078532,2.237555503845215,True,Bolso de fosfopeptídeo
BRCA1,BRCT,p.Asp1813Ile,1813,D,I,-6.81913,0.7342,0.20277251889078532,2.237555503845215,True,Bolso de fosfopeptídeo
BRCA1,BRCT,p.Asp1813Met,1813,D,M,-5.90779,0.6963,0.20277251889078532,2.237555503845215,True,Bolso de fosfopeptídeo
BRCA1,BRCT,p.Asp1813Trp,1813,D,W,-7.76405,0.7015,0.20277251889078532,2.237555503845215,True,Bolso de fosfopeptídeo
BRCA1,BRCT,p.Asp1813Tyr,1813,D,Y,-7.21733,0.6799,0.20277251889078532,2.237555503845215,True,Bolso de fosfopeptídeo
BRCA1,BRCT,p.Ala1814Asp,1814,A,D,-4.4766,0.6912,0.07475295516716654,5.7086262702941895,False,Núcleo estrutural (dobramento)
BRCA1,BRCT,p.Ala1814Pro,1814,A,P,-4.37414,0.8505,0.07475295516716654,5.7086262702941895,False,Núcleo estrutural (dobramento)
BRCA1,BRCT,p.Ala1814Ser,1814,A,S,-0.78273,0.7435,0.07475295516716654,5.7086262702941895,False,Núcleo estrutural (dobramento)
BRCA1,BRCT,p.Ala1814Trp,1814,A,W,-7.70443,0.8415,0.07475295516716654,5.7086262702941895,False,Núcleo estrutural (dobramento)
BRCA1,BRCT,p.Ala1814Tyr,1814,A,Y,-6.06009,0.8442,0.07475295516716654,5.7086262702941895,False,Núcleo estrutural (dobramento)
BRCA1,BRCT,p.Trp1815Ala,1815,W,A,-8.89724,0.8746,0.19868979589051197,8.255208969116211,False,Intermediário
BRCA1,BRCT,p.Trp1815Cys,1815,W,C,-7.24544,0.9563,0.19868979589051197,8.255208969116211,False,Intermediário
BRCA1,BRCT,p.Trp1815Asp,1815,W,D,-9.15468,0.93,0.19868979589051197,8.255208969116211,False,Intermediário
BRCA1,BRCT,p.Trp1815Glu,1815,W,E,-8.96665,0.9299,0.19868979589051197,8.255208969116211,False,Intermediário
BRCA1,BRCT,p.Trp1815Phe,1815,W,F,-8.13216,0.7727,0.19868979589051197,8.255208969116211,False,Intermediário
BRCA1,BRCT,p.Trp1815Gly,1815,W,G,-8.42355,0.9478,0.19868979589051197,8.255208969116211,False,Intermediário
BRCA1,BRCT,p.Trp1815His,1815,W,H,-9.39937,0.867,0.19868979589051197,8.255208969116211,False,Intermediário
BRCA1,BRCT,p.Trp1815Ile,1815,W,I,-9.52456,0.8786,0.19868979589051197,8.255208969116211,False,Intermediário
BRCA1,BRCT,p.Trp1815Lys,1815,W,K,-9.97893,0.9044,0.19868979589051197,8.255208969116211,False,Intermediário
BRCA1,BRCT,p.Trp1815Leu,1815,W,L,-7.97432,0.8548,0.19868979589051197,8.255208969116211,False,Intermediário
BRCA1,BRCT,p.Trp1815Met,1815,W,M,-9.74332,0.8579,0.19868979589051197,8.255208969116211,False,Intermediário
BRCA1,BRCT,p.Trp1815Asn,1815,W,N,-9.84289,0.9121,0.19868979589051197,8.255208969116211,False,Intermediário
BRCA1,BRCT,p.Trp1815Pro,1815,W,P,-9.16966,0.923,0.19868979589051197,8.255208969116211,False,Intermediário
BRCA1,BRCT,p.Trp1815Gln,1815,W,Q,-9.04821,0.9271,0.19868979589051197,8.255208969116211,False,Intermediário
BRCA1,BRCT,p.Trp1815Arg,1815,W,R,-8.72155,0.865,0.19868979589051197,8.255208969116211,False,Intermediário
BRCA1,BRCT,p.Trp1815Ser,1815,W,S,-7.98373,0.9253,0.19868979589051197,8.255208969116211,False,Intermediário
BRCA1,BRCT,p.Trp1815Thr,1815,W,T,-9.4242,0.8861,0.19868979589051197,8.255208969116211,False,Intermediário
BRCA1,BRCT,p.Trp1815Val,1815,W,V,-8.6012,0.8984,0.19868979589051197,8.255208969116211,False,Intermediário
BRCA1,BRCT,p.Trp1815Tyr,1815,W,Y,-7.95501,0.6936,0.19868979589051197,8.255208969116211,False,Intermediário
BRCA1,BRCT,p.Asp1818Ala,1818,D,A,-3.95976,0.7144,0.30721273194911014,13.763362884521484,False,Intermediário
BRCA1,BRCT,p.Asp1818Cys,1818,D,C,-6.76818,0.7117,0.30721273194911014,13.763362884521484,False,Intermediário
BRCA1,BRCT,p.Asp1818Phe,1818,D,F,-7.49907,0.7893,0.30721273194911014,13.763362884521484,False,Intermediário
BRCA1,BRCT,p.Asp1818Gly,1818,D,G,-2.71486,0.7466,0.30721273194911014,13.763362884521484,False,Intermediário
BRCA1,BRCT,p.Asp1818Ile,1818,D,I,-6.27464,0.7257,0.30721273194911014,13.763362884521484,False,Intermediário
BRCA1,BRCT,p.Asp1818Leu,1818,D,L,-5.95627,0.7133,0.30721273194911014,13.763362884521484,False,Intermediário
BRCA1,BRCT,p.Asp1818Met,1818,D,M,-6.09886,0.7261,0.30721273194911014,13.763362884521484,False,Intermediário
BRCA1,BRCT,p.Asp1818Pro,1818,D,P,-5.96744,0.6966,0.30721273194911014,13.763362884521484,False,Intermediário
BRCA1,BRCT,p.Asp1818Val,1818,D,V,-4.96058,0.6786,0.30721273194911014,13.763362884521484,False,Intermediário
BRCA1,BRCT,p.Asp1818Trp,1818,D,W,-8.40956,0.726,0.30721273194911014,13.763362884521484,False,Intermediário
BRCA1,BRCT,p.Gly1820Ala,1820,G,A,0.73984,0.6879,0.36030104496711934,15.585267066955566,False,Intermediário
BRCA1,BRCT,p.Ala1823Pro,1823,A,P,-1.86907,0.8468,0.055113179102808545,17.61317253112793,False,Núcleo estrutural (dobramento)
BRCA1,BRCT,p.Ala1823Ser,1823,A,S,0.76449,0.7332,0.055113179102808545,17.61317253112793,False,Núcleo estrutural (dobramento)
BRCA1,BRCT,p.Gly1825Ala,1825,G,A,2.30227,0.6905,0.030907471847963087,19.328819274902344,False,Núcleo estrutural (dobramento)
BRCA1,BRCT,p.Gln1826Pro,1826,Q,P,-3.09215,0.7374,0.4628336157630086,22.02454948425293,False,Superfície
BRCA1,BRCT,p.Ala1830Asp,1830,A,D,-8.54086,0.9504,0.016954858956815616,18.235309600830078,False,Núcleo estrutural (dobramento)
BRCA1,BRCT,p.Ala1830Glu,1830,A,E,-7.99235,0.9179,0.016954858956815616,18.235309600830078,False,Núcleo estrutural (dobramento)
BRCA1,BRCT,p.Ala1830His,1830,A,H,-5.80391,0.699,0.016954858956815616,18.235309600830078,False,Núcleo estrutural (dobramento)
BRCA1,BRCT,p.Ala1830Lys,1830,A,K,-5.53377,0.6853,0.016954858956815616,18.235309600830078,False,Núcleo estrutural (dobramento)
BRCA1,BRCT,p.Ala1830Asn,1830,A,N,-6.05059,0.8472,0.016954858956815616,18.235309600830078,False,Núcleo estrutural (dobramento)
BRCA1,BRCT,p.Ala1830Pro,1830,A,P,-4.33356,0.8505,0.016954858956815616,18.235309600830078,False,Núcleo estrutural (dobramento)
BRCA1,BRCT,p.Ala1830Gln,1830,A,Q,-5.85405,0.7924,0.016954858956815616,18.235309600830078,False,Núcleo estrutural (dobramento)
BRCA1,BRCT,p.Ala1830Ser,1830,A,S,-2.17454,0.7852,0.016954858956815616,18.235309600830078,False,Núcleo estrutural (dobramento)
BRCA1,BRCT,p.Ala1830Trp,1830,A,W,-6.56444,0.8189,0.016954858956815616,18.235309600830078,False,Núcleo estrutural (dobramento)
BRCA1,BRCT,p.Ala1830Tyr,1830,A,Y,-5.57233,0.7452,0.016954858956815616,18.235309600830078,False,Núcleo estrutural (dobramento)
BRCA1,BRCT,p.Pro1831Asp,1831,P,D,-7.35951,0.6818,0.015190292025659325,15.600203514099121,False,Núcleo estrutural (dobramento)
BRCA1,BRCT,p.Pro1831Glu,1831,P,E,-7.21038,0.7384,0.015190292025659325,15.600203514099121,False,Núcleo estrutural (dobramento)
BRCA1,BRCT,p.Pro1831Trp,1831,P,W,-6.52399,0.7355,0.015190292025659325,15.600203514099121,False,Núcleo estrutural (dobramento)
BRCA1,BRCT,p.Val1832Asp,1832,V,D,-12.4554,0.9085,0.0,12.154657363891602,False,Núcleo estrutural (dobramento)
BRCA1,BRCT,p.Val1832Glu,1832,V,E,-9.06569,0.9422,0.0,12.154657363891602,False,Núcleo estrutural (dobramento)
BRCA1,BRCT,p.Val1832Gly,1832,V,G,-5.90373,0.8541,0.0,12.154657363891602,False,Núcleo estrutural (dobramento)
BRCA1,BRCT,p.Val1832Asn,1832,V,N,-8.48134,0.9063,0.0,12.154657363891602,False,Núcleo estrutural (dobramento)
BRCA1,BRCT,p.Val1832Trp,1832,V,W,-6.95577,0.8359,0.0,12.154657363891602,False,Núcleo estrutural (dobramento)
BRCA1,BRCT,p.Val1832Tyr,1832,V,Y,-6.6698,0.8584,0.0,12.154657363891602,False,Núcleo estrutural (dobramento)
BRCA1,BRCT,p.Val1833Asp,1833,V,D,-15.74046,0.9085,0.0,9.15994644165039,False,Núcleo estrutural (dobramento)
BRCA1,BRCT,p.Val1833Glu,1833,V,E,-13.34392,0.9427,0.0,9.15994644165039,False,Núcleo estrutural (dobramento)
BRCA1,BRCT,p.Val1833Phe,1833,V,F,-11.58797,0.8044,0.0,9.15994644165039,False,Núcleo estrutural (dobramento)
BRCA1,BRCT,p.Val1833Gly,1833,V,G,-12.1284,0.9628,0.0,9.15994644165039,False,Núcleo estrutural (dobramento)
BRCA1,BRCT,p.Val1833His,1833,V,H,-14.53607,0.812,0.0,9.15994644165039,False,Núcleo estrutural (dobramento)
BRCA1,BRCT,p.Val1833Lys,1833,V,K,-11.66928,0.8601,0.0,9.15994644165039,False,Núcleo estrutural (dobramento)
BRCA1,BRCT,p.Val1833Met,1833,V,M,-6.84527,0.7609,0.0,9.15994644165039,False,Núcleo estrutural (dobramento)
BRCA1,BRCT,p.Val1833Asn,1833,V,N,-13.77996,0.9172,0.0,9.15994644165039,False,Núcleo estrutural (dobramento)
BRCA1,BRCT,p.Val1833Pro,1833,V,P,-13.95308,0.9437,0.0,9.15994644165039,False,Núcleo estrutural (dobramento)
BRCA1,BRCT,p.Val1833Gln,1833,V,Q,-12.20155,0.935,0.0,9.15994644165039,False,Núcleo estrutural (dobramento)
BRCA1,BRCT,p.Val1833Arg,1833,V,R,-11.84176,0.7895,0.0,9.15994644165039,False,Núcleo estrutural (dobramento)
BRCA1,BRCT,p.Val1833Ser,1833,V,S,-10.02556,0.8493,0.0,9.15994644165039,False,Núcleo estrutural (dobramento)
BRCA1,BRCT,p.Val1833Thr,1833,V,T,-6.18724,0.7872,0.0,9.15994644165039,False,Núcleo estrutural (dobramento)
BRCA1,BRCT,p.Val1833Trp,1833,V,W,-17.43465,0.8641,0.0,9.15994644165039,False,Núcleo estrutural (dobramento)
BRCA1,BRCT,p.Val1833Tyr,1833,V,Y,-15.54144,0.8989,0.0,9.15994644165039,False,Núcleo estrutural (dobramento)
BRCA1,BRCT,p.Thr1834Glu,1834,T,E,-9.693,0.783,0.02106328283790552,5.313841342926025,False,Núcleo estrutural (dobramento)
BRCA1,BRCT,p.Thr1834Phe,1834,T,F,-7.75064,0.7838,0.02106328283790552,5.313841342926025,False,Núcleo estrutural (dobramento)
BRCA1,BRCT,p.Thr1834His,1834,T,H,-6.73453,0.6814,0.02106328283790552,5.313841342926025,False,Núcleo estrutural (dobramento)
BRCA1,BRCT,p.Thr1834Lys,1834,T,K,-5.92812,0.7512,0.02106328283790552,5.313841342926025,False,Núcleo estrutural (dobramento)
BRCA1,BRCT,p.Thr1834Leu,1834,T,L,-6.92544,0.7253,0.02106328283790552,5.313841342926025,False,Núcleo estrutural (dobramento)
BRCA1,BRCT,p.Thr1834Arg,1834,T,R,-6.19085,0.6929,0.02106328283790552,5.313841342926025,False,Núcleo estrutural (dobramento)
BRCA1,BRCT,p.Thr1834Val,1834,T,V,-6.4604,0.7205,0.02106328283790552,5.313841342926025,False,Núcleo estrutural (dobramento)
BRCA1,BRCT,p.Thr1834Trp,1834,T,W,-9.02679,0.7547,0.02106328283790552,5.313841342926025,False,Núcleo estrutural (dobramento)
BRCA1,BRCT,p.Thr1834Tyr,1834,T,Y,-8.141,0.6883,0.02106328283790552,5.313841342926025,False,Núcleo estrutural (dobramento)
BRCA1,BRCT,p.Arg1835Ala,1835,R,A,-6.31241,0.7902,0.06028418194906721,3.2577686309814453,True,Bolso de fosfopeptídeo
BRCA1,BRCT,p.Arg1835Asp,1835,R,D,-10.79218,0.8303,0.06028418194906721,3.2577686309814453,True,Bolso de fosfopeptídeo
BRCA1,BRCT,p.Arg1835Glu,1835,R,E,-9.43878,0.7917,0.06028418194906721,3.2577686309814453,True,Bolso de fosfopeptídeo
BRCA1,BRCT,p.Arg1835Phe,1835,R,F,-10.07922,0.8095,0.06028418194906721,3.2577686309814453,True,Bolso de fosfopeptídeo
BRCA1,BRCT,p.Arg1835Gly,1835,R,G,-7.3705,0.8158,0.06028418194906721,3.2577686309814453,True,Bolso de fosfopeptídeo
BRCA1,BRCT,p.Arg1835Ile,1835,R,I,-8.69003,0.8533,0.06028418194906721,3.2577686309814453,True,Bolso de fosfopeptídeo
BRCA1,BRCT,p.Arg1835Leu,1835,R,L,-6.78862,0.8217,0.06028418194906721,3.2577686309814453,True,Bolso de fosfopeptídeo
BRCA1,BRCT,p.Arg1835Met,1835,R,M,-8.48336,0.8735,0.06028418194906721,3.2577686309814453,True,Bolso de fosfopeptídeo
BRCA1,BRCT,p.Arg1835Asn,1835,R,N,-7.75789,0.7035,0.06028418194906721,3.2577686309814453,True,Bolso de fosfopeptídeo
BRCA1,BRCT,p.Arg1835Pro,1835,R,P,-4.02593,0.6978,0.06028418194906721,3.2577686309814453,True,Bolso de fosfopeptídeo
BRCA1,BRCT,p.Arg1835Thr,1835,R,T,-6.67286,0.7613,0.06028418194906721,3.2577686309814453,True,Bolso de fosfopeptídeo
BRCA1,BRCT,p.Arg1835Val,1835,R,V,-8.16755,0.8515,0.06028418194906721,3.2577686309814453,True,Bolso de fosfopeptídeo
BRCA1,BRCT,p.Arg1835Trp,1835,R,W,-6.87423,0.8553,0.06028418194906721,3.2577686309814453,True,Bolso de fosfopeptídeo
BRCA1,BRCT,p.Arg1835Tyr,1835,R,Y,-8.49006,0.7126,0.06028418194906721,3.2577686309814453,True,Bolso de fosfopeptídeo
BRCA1,BRCT,p.Glu1836Cys,1836,E,C,-10.75386,0.7538,0.03188161481731974,3.030560255050659,True,Bolso de fosfopeptídeo
BRCA1,BRCT,p.Glu1836Phe,1836,E,F,-11.45322,0.7295,0.03188161481731974,3.030560255050659,True,Bolso de fosfopeptídeo
BRCA1,BRCT,p.Glu1836Ile,1836,E,I,-10.37373,0.735,0.03188161481731974,3.030560255050659,True,Bolso de fosfopeptídeo
BRCA1,BRCT,p.Glu1836Leu,1836,E,L,-9.78797,0.7528,0.03188161481731974,3.030560255050659,True,Bolso de fosfopeptídeo
BRCA1,BRCT,p.Glu1836Pro,1836,E,P,-9.19617,0.7513,0.03188161481731974,3.030560255050659,True,Bolso de fosfopeptídeo
BRCA1,BRCT,p.Glu1836Val,1836,E,V,-8.30459,0.7875,0.03188161481731974,3.030560255050659,True,Bolso de fosfopeptídeo
BRCA1,BRCT,p.Glu1836Trp,1836,E,W,-12.30002,0.7108,0.03188161481731974,3.030560255050659,True,Bolso de fosfopeptídeo
BRCA1,BRCT,p.Glu1836Tyr,1836,E,Y,-9.71476,0.6913,0.03188161481731974,3.030560255050659,True,Bolso de fosfopeptídeo
BRCA1,BRCT,p.Trp1837Ala,1837,W,A,-13.94927,0.8806,0.004237291986104969,7.424534797668457,False,Núcleo estrutural (dobramento)
BRCA1,BRCT,p.Trp1837Cys,1837,W,C,-10.08707,0.9633,0.004237291986104969,7.424534797668457,False,Núcleo estrutural (dobramento)
BRCA1,BRCT,p.Trp1837Asp,1837,W,D,-15.65323,0.9326,0.004237291986104969,7.424534797668457,False,Núcleo estrutural (dobramento)
BRCA1,BRCT,p.Trp1837Glu,1837,W,E,-16.30669,0.9325,0.004237291986104969,7.424534797668457,False,Núcleo estrutural (dobramento)
BRCA1,BRCT,p.Trp1837Phe,1837,W,F,-8.5452,0.7775,0.004237291986104969,7.424534797668457,False,Núcleo estrutural (dobramento)
BRCA1,BRCT,p.Trp1837Gly,1837,W,G,-11.19081,0.9608,0.004237291986104969,7.424534797668457,False,Núcleo estrutural (dobramento)
BRCA1,BRCT,p.Trp1837His,1837,W,H,-13.24045,0.867,0.004237291986104969,7.424534797668457,False,Núcleo estrutural (dobramento)
BRCA1,BRCT,p.Trp1837Ile,1837,W,I,-14.30596,0.8786,0.004237291986104969,7.424534797668457,False,Núcleo estrutural (dobramento)
BRCA1,BRCT,p.Trp1837Lys,1837,W,K,-14.16072,0.9049,0.004237291986104969,7.424534797668457,False,Núcleo estrutural (dobramento)
BRCA1,BRCT,p.Trp1837Leu,1837,W,L,-11.81495,0.8708,0.004237291986104969,7.424534797668457,False,Núcleo estrutural (dobramento)
BRCA1,BRCT,p.Trp1837Met,1837,W,M,-13.13253,0.8585,0.004237291986104969,7.424534797668457,False,Núcleo estrutural (dobramento)
BRCA1,BRCT,p.Trp1837Asn,1837,W,N,-13.66333,0.9126,0.004237291986104969,7.424534797668457,False,Núcleo estrutural (dobramento)
BRCA1,BRCT,p.Trp1837Pro,1837,W,P,-16.74524,0.928,0.004237291986104969,7.424534797668457,False,Núcleo estrutural (dobramento)
BRCA1,BRCT,p.Trp1837Gln,1837,W,Q,-14.47866,0.9288,0.004237291986104969,7.424534797668457,False,Núcleo estrutural (dobramento)
BRCA1,BRCT,p.Trp1837Arg,1837,W,R,-11.18596,0.868,0.004237291986104969,7.424534797668457,False,Núcleo estrutural (dobramento)
BRCA1,BRCT,p.Trp1837Ser,1837,W,S,-12.17397,0.9363,0.004237291986104969,7.424534797668457,False,Núcleo estrutural (dobramento)
BRCA1,BRCT,p.Trp1837Thr,1837,W,T,-14.98107,0.8886,0.004237291986104969,7.424534797668457,False,Núcleo estrutural (dobramento)
BRCA1,BRCT,p.Trp1837Val,1837,W,V,-14.69003,0.9041,0.004237291986104969,7.424534797668457,False,Núcleo estrutural (dobramento)
BRCA1,BRCT,p.Trp1837Tyr,1837,W,Y,-8.08996,0.6936,0.004237291986104969,7.424534797668457,False,Núcleo estrutural (dobramento)
BRCA1,BRCT,p.Val1838Ala,1838,V,A,-6.37019,0.7076,0.0,9.366609573364258,False,Núcleo estrutural (dobramento)
BRCA1,BRCT,p.Val1838Asp,1838,V,D,-13.75824,0.9085,0.0,9.366609573364258,False,Núcleo estrutural (dobramento)
BRCA1,BRCT,p.Val1838Glu,1838,V,E,-13.84431,0.9427,0.0,9.366609573364258,False,Núcleo estrutural (dobramento)
BRCA1,BRCT,p.Val1838Gly,1838,V,G,-12.21812,0.9649,0.0,9.366609573364258,False,Núcleo estrutural (dobramento)
BRCA1,BRCT,p.Val1838His,1838,V,H,-11.9136,0.8107,0.0,9.366609573364258,False,Núcleo estrutural (dobramento)
BRCA1,BRCT,p.Val1838Lys,1838,V,K,-13.26497,0.8601,0.0,9.366609573364258,False,Núcleo estrutural (dobramento)
BRCA1,BRCT,p.Val1838Asn,1838,V,N,-13.40838,0.9172,0.0,9.366609573364258,False,Núcleo estrutural (dobramento)
BRCA1,BRCT,p.Val1838Pro,1838,V,P,-12.70827,0.9437,0.0,9.366609573364258,False,Núcleo estrutural (dobramento)
BRCA1,BRCT,p.Val1838Gln,1838,V,Q,-13.03095,0.935,0.0,9.366609573364258,False,Núcleo estrutural (dobramento)
BRCA1,BRCT,p.Val1838Arg,1838,V,R,-12.92843,0.7908,0.0,9.366609573364258,False,Núcleo estrutural (dobramento)
BRCA1,BRCT,p.Val1838Ser,1838,V,S,-11.03648,0.8508,0.0,9.366609573364258,False,Núcleo estrutural (dobramento)
BRCA1,BRCT,p.Val1838Thr,1838,V,T,-7.90842,0.8303,0.0,9.366609573364258,False,Núcleo estrutural (dobramento)
BRCA1,BRCT,p.Val1838Trp,1838,V,W,-11.20946,0.8594,0.0,9.366609573364258,False,Núcleo estrutural (dobramento)
BRCA1,BRCT,p.Leu1839Ala,1839,L,A,-12.74002,0.7555,0.0360486034638781,4.002482891082764,True,Bolso de fosfopeptídeo
BRCA1,BRCT,p.Leu1839Asp,1839,L,D,-15.70842,0.8865,0.0360486034638781,4.002482891082764,True,Bolso de fosfopeptídeo
BRCA1,BRCT,p.Leu1839Glu,1839,L,E,-14.69977,0.9084,0.0360486034638781,4.002482891082764,True,Bolso de fosfopeptídeo
BRCA1,BRCT,p.Leu1839Gly,1839,L,G,-13.58507,0.9374,0.0360486034638781,4.002482891082764,True,Bolso de fosfopeptídeo
BRCA1,BRCT,p.Leu1839His,1839,L,H,-11.00657,0.788,0.0360486034638781,4.002482891082764,True,Bolso de fosfopeptídeo
BRCA1,BRCT,p.Leu1839Lys,1839,L,K,-13.83926,0.8443,0.0360486034638781,4.002482891082764,True,Bolso de fosfopeptídeo
BRCA1,BRCT,p.Leu1839Asn,1839,L,N,-13.56809,0.9007,0.0360486034638781,4.002482891082764,True,Bolso de fosfopeptídeo
BRCA1,BRCT,p.Leu1839Pro,1839,L,P,-9.87384,0.9737,0.0360486034638781,4.002482891082764,True,Bolso de fosfopeptídeo
BRCA1,BRCT,p.Leu1839Gln,1839,L,Q,-10.40376,0.9107,0.0360486034638781,4.002482891082764,True,Bolso de fosfopeptídeo
BRCA1,BRCT,p.Leu1839Arg,1839,L,R,-11.38494,0.7647,0.0360486034638781,4.002482891082764,True,Bolso de fosfopeptídeo
BRCA1,BRCT,p.Leu1839Ser,1839,L,S,-10.46321,0.8209,0.0360486034638781,4.002482891082764,True,Bolso de fosfopeptídeo
BRCA1,BRCT,p.Leu1839Thr,1839,L,T,-10.95051,0.8537,0.0360486034638781,4.002482891082764,True,Bolso de fosfopeptídeo
BRCA1,BRCT,p.Leu1839Trp,1839,L,W,-11.47192,0.8164,0.0360486034638781,4.002482891082764,True,Bolso de fosfopeptídeo
BRCA1,BRCT,p.Leu1839Tyr,1839,L,Y,-10.14267,0.8842,0.0360486034638781,4.002482891082764,True,Bolso de fosfopeptídeo
BRCA1,BRCT,p.Asp1840Ala,1840,D,A,-10.64407,0.7853,0.005551601160946738,7.044085502624512,False,Núcleo estrutural (dobramento)
BRCA1,BRCT,p.Asp1840Cys,1840,D,C,-11.65971,0.7589,0.005551601160946738,7.044085502624512,False,Núcleo estrutural (dobramento)
BRCA1,BRCT,p.Asp1840Phe,1840,D,F,-12.81199,0.8145,0.005551601160946738,7.044085502624512,False,Núcleo estrutural (dobramento)
BRCA1,BRCT,p.Asp1840Gly,1840,D,G,-9.58303,0.7692,0.005551601160946738,7.044085502624512,False,Núcleo estrutural (dobramento)
BRCA1,BRCT,p.Asp1840Ile,1840,D,I,-13.15681,0.7677,0.005551601160946738,7.044085502624512,False,Núcleo estrutural (dobramento)
BRCA1,BRCT,p.Asp1840Leu,1840,D,L,-11.73003,0.7914,0.005551601160946738,7.044085502624512,False,Núcleo estrutural (dobramento)
BRCA1,BRCT,p.Asp1840Met,1840,D,M,-12.71181,0.7707,0.005551601160946738,7.044085502624512,False,Núcleo estrutural (dobramento)
BRCA1,BRCT,p.Asp1840Pro,1840,D,P,-16.38615,0.7608,0.005551601160946738,7.044085502624512,False,Núcleo estrutural (dobramento)
BRCA1,BRCT,p.Asp1840Arg,1840,D,R,-11.29898,0.6831,0.005551601160946738,7.044085502624512,False,Núcleo estrutural (dobramento)
BRCA1,BRCT,p.Asp1840Ser,1840,D,S,-9.64487,0.6991,0.005551601160946738,7.044085502624512,False,Núcleo estrutural (dobramento)
BRCA1,BRCT,p.Asp1840Val,1840,D,V,-11.80728,0.842,0.005551601160946738,7.044085502624512,False,Núcleo estrutural (dobramento)
BRCA1,BRCT,p.Asp1840Trp,1840,D,W,-13.43716,0.7439,0.005551601160946738,7.044085502624512,False,Núcleo estrutural (dobramento)
BRCA1,BRCT,p.Asp1840Tyr,1840,D,Y,-10.63552,0.7538,0.005551601160946738,7.044085502624512,False,Núcleo estrutural (dobramento)
BRCA1,BRCT,p.Ser1841Asp,1841,S,D,-16.0364,0.7401,0.0,10.793729782104492,False,Núcleo estrutural (dobramento)
BRCA1,BRCT,p.Ser1841Glu,1841,S,E,-16.31097,0.7656,0.0,10.793729782104492,False,Núcleo estrutural (dobramento)
BRCA1,BRCT,p.Ser1841Phe,1841,S,F,-11.53175,0.8332,0.0,10.793729782104492,False,Núcleo estrutural (dobramento)
BRCA1,BRCT,p.Ser1841Gly,1841,S,G,-9.20685,0.6754,0.0,10.793729782104492,False,Núcleo estrutural (dobramento)
BRCA1,BRCT,p.Ser1841His,1841,S,H,-15.09824,0.7401,0.0,10.793729782104492,False,Núcleo estrutural (dobramento)
BRCA1,BRCT,p.Ser1841Ile,1841,S,I,-11.39477,0.8604,0.0,10.793729782104492,False,Núcleo estrutural (dobramento)
BRCA1,BRCT,p.Ser1841Lys,1841,S,K,-13.54101,0.8005,0.0,10.793729782104492,False,Núcleo estrutural (dobramento)
BRCA1,BRCT,p.Ser1841Leu,1841,S,L,-10.30517,0.8141,0.0,10.793729782104492,False,Núcleo estrutural (dobramento)
BRCA1,BRCT,p.Ser1841Met,1841,S,M,-11.79793,0.737,0.0,10.793729782104492,False,Núcleo estrutural (dobramento)
BRCA1,BRCT,p.Ser1841Pro,1841,S,P,-13.97499,0.6816,0.0,10.793729782104492,False,Núcleo estrutural (dobramento)
BRCA1,BRCT,p.Ser1841Arg,1841,S,R,-11.16857,0.7485,0.0,10.793729782104492,False,Núcleo estrutural (dobramento)
BRCA1,BRCT,p.Ser1841Val,1841,S,V,-11.6517,0.8034,0.0,10.793729782104492,False,Núcleo estrutural (dobramento)
BRCA1,BRCT,p.Ser1841Trp,1841,S,W,-14.23653,0.7606,0.0,10.793729782104492,False,Núcleo estrutural (dobramento)
BRCA1,BRCT,p.Ser1841Tyr,1841,S,Y,-13.47945,0.7085,0.0,10.793729782104492,False,Núcleo estrutural (dobramento)
BRCA1,BRCT,p.Val1842Ala,1842,V,A,-7.16065,0.7219,0.0,10.653829574584961,False,Núcleo estrutural (dobramento)
BRCA1,BRCT,p.Val1842Asp,1842,V,D,-11.59308,0.9085,0.0,10.653829574584961,False,Núcleo estrutural (dobramento)
BRCA1,BRCT,p.Val1842Glu,1842,V,E,-11.12152,0.9427,0.0,10.653829574584961,False,Núcleo estrutural (dobramento)
BRCA1,BRCT,p.Val1842Phe,1842,V,F,-9.78645,0.8035,0.0,10.653829574584961,False,Núcleo estrutural (dobramento)
BRCA1,BRCT,p.Val1842Gly,1842,V,G,-12.48291,0.9649,0.0,10.653829574584961,False,Núcleo estrutural (dobramento)
BRCA1,BRCT,p.Val1842His,1842,V,H,-13.22313,0.812,0.0,10.653829574584961,False,Núcleo estrutural (dobramento)
BRCA1,BRCT,p.Val1842Lys,1842,V,K,-12.21936,0.8601,0.0,10.653829574584961,False,Núcleo estrutural (dobramento)
BRCA1,BRCT,p.Val1842Met,1842,V,M,-7.21303,0.7692,0.0,10.653829574584961,False,Núcleo estrutural (dobramento)
BRCA1,BRCT,p.Val1842Asn,1842,V,N,-10.76101,0.9172,0.0,10.653829574584961,False,Núcleo estrutural (dobramento)
BRCA1,BRCT,p.Val1842Pro,1842,V,P,-12.65186,0.9437,0.0,10.653829574584961,False,Núcleo estrutural (dobramento)
BRCA1,BRCT,p.Val1842Gln,1842,V,Q,-12.03282,0.935,0.0,10.653829574584961,False,Núcleo estrutural (dobramento)
BRCA1,BRCT,p.Val1842Arg,1842,V,R,-12.99747,0.7908,0.0,10.653829574584961,False,Núcleo estrutural (dobramento)
BRCA1,BRCT,p.Val1842Ser,1842,V,S,-10.06815,0.8493,0.0,10.653829574584961,False,Núcleo estrutural (dobramento)
BRCA1,BRCT,p.Val1842Thr,1842,V,T,-7.07757,0.8117,0.0,10.653829574584961,False,Núcleo estrutural (dobramento)
BRCA1,BRCT,p.Val1842Trp,1842,V,W,-16.44758,0.8641,0.0,10.653829574584961,False,Núcleo estrutural (dobramento)
BRCA1,BRCT,p.Val1842Tyr,1842,V,Y,-14.2053,0.8989,0.0,10.653829574584961,False,Núcleo estrutural (dobramento)
BRCA1,BRCT,p.Ala1843Cys,1843,A,C,-8.83501,0.8205,0.0,8.007808685302734,False,Núcleo estrutural (dobramento)
BRCA1,BRCT,p.Ala1843Asp,1843,A,D,-8.35349,0.9485,0.0,8.007808685302734,False,Núcleo estrutural (dobramento)
BRCA1,BRCT,p.Ala1843Glu,1843,A,E,-7.48325,0.9149,0.0,8.007808685302734,False,Núcleo estrutural (dobramento)
BRCA1,BRCT,p.Ala1843Phe,1843,A,F,-12.52316,0.8229,0.0,8.007808685302734,False,Núcleo estrutural (dobramento)
BRCA1,BRCT,p.Ala1843His,1843,A,H,-11.82694,0.8542,0.0,8.007808685302734,False,Núcleo estrutural (dobramento)
BRCA1,BRCT,p.Ala1843Ile,1843,A,I,-9.60774,0.7816,0.0,8.007808685302734,False,Núcleo estrutural (dobramento)
BRCA1,BRCT,p.Ala1843Lys,1843,A,K,-9.09001,0.8989,0.0,8.007808685302734,False,Núcleo estrutural (dobramento)
BRCA1,BRCT,p.Ala1843Leu,1843,A,L,-11.15511,0.7492,0.0,8.007808685302734,False,Núcleo estrutural (dobramento)
BRCA1,BRCT,p.Ala1843Met,1843,A,M,-9.59702,0.767,0.0,8.007808685302734,False,Núcleo estrutural (dobramento)
BRCA1,BRCT,p.Ala1843Asn,1843,A,N,-9.43722,0.924,0.0,8.007808685302734,False,Núcleo estrutural (dobramento)
BRCA1,BRCT,p.Ala1843Pro,1843,A,P,-8.69547,0.9512,0.0,8.007808685302734,False,Núcleo estrutural (dobramento)
BRCA1,BRCT,p.Ala1843Gln,1843,A,Q,-9.96122,0.929,0.0,8.007808685302734,False,Núcleo estrutural (dobramento)
BRCA1,BRCT,p.Ala1843Arg,1843,A,R,-9.45656,0.8243,0.0,8.007808685302734,False,Núcleo estrutural (dobramento)
BRCA1,BRCT,p.Ala1843Ser,1843,A,S,-4.32567,0.7761,0.0,8.007808685302734,False,Núcleo estrutural (dobramento)
BRCA1,BRCT,p.Ala1843Thr,1843,A,T,-5.93443,0.7291,0.0,8.007808685302734,False,Núcleo estrutural (dobramento)
BRCA1,BRCT,p.Ala1843Trp,1843,A,W,-13.50518,0.8792,0.0,8.007808685302734,False,Núcleo estrutural (dobramento)
BRCA1,BRCT,p.Ala1843Tyr,1843,A,Y,-13.65397,0.8943,0.0,8.007808685302734,False,Núcleo estrutural (dobramento)
BRCA1,BRCT,p.Leu1844Asp,1844,L,D,-7.05342,0.8473,0.012016201154626033,11.033206939697266,False,Núcleo estrutural (dobramento)
BRCA1,BRCT,p.Leu1844Gly,1844,L,G,-5.37886,0.7337,0.012016201154626033,11.033206939697266,False,Núcleo estrutural (dobramento)
BRCA1,BRCT,p.Leu1844Pro,1844,L,P,-12.87467,0.9749,0.012016201154626033,11.033206939697266,False,Núcleo estrutural (dobramento)
BRCA1,BRCT,p.Leu1844Trp,1844,L,W,-6.31426,0.7696,0.012016201154626033,11.033206939697266,False,Núcleo estrutural (dobramento)
BRCA1,BRCT,p.Tyr1845Ala,1845,Y,A,-10.87923,0.839,0.0,13.354329109191895,False,Núcleo estrutural (dobramento)
BRCA1,BRCT,p.Tyr1845Cys,1845,Y,C,-6.65458,0.9382,0.0,13.354329109191895,False,Núcleo estrutural (dobramento)
BRCA1,BRCT,p.Tyr1845Asp,1845,Y,D,-12.14445,0.9534,0.0,13.354329109191895,False,Núcleo estrutural (dobramento)
BRCA1,BRCT,p.Tyr1845Glu,1845,Y,E,-12.96497,0.9251,0.0,13.354329109191895,False,Núcleo estrutural (dobramento)
BRCA1,BRCT,p.Tyr1845Gly,1845,Y,G,-10.49683,0.9035,0.0,13.354329109191895,False,Núcleo estrutural (dobramento)
BRCA1,BRCT,p.Tyr1845His,1845,Y,H,-5.67369,0.6937,0.0,13.354329109191895,False,Núcleo estrutural (dobramento)
BRCA1,BRCT,p.Tyr1845Ile,1845,Y,I,-10.91109,0.8586,0.0,13.354329109191895,False,Núcleo estrutural (dobramento)
BRCA1,BRCT,p.Tyr1845Lys,1845,Y,K,-13.56241,0.9017,0.0,13.354329109191895,False,Núcleo estrutural (dobramento)
BRCA1,BRCT,p.Tyr1845Leu,1845,Y,L,-8.05413,0.8367,0.0,13.354329109191895,False,Núcleo estrutural (dobramento)
BRCA1,BRCT,p.Tyr1845Met,1845,Y,M,-10.82947,0.8473,0.0,13.354329109191895,False,Núcleo estrutural (dobramento)
BRCA1,BRCT,p.Tyr1845Asn,1845,Y,N,-8.63319,0.9029,0.0,13.354329109191895,False,Núcleo estrutural (dobramento)
BRCA1,BRCT,p.Tyr1845Pro,1845,Y,P,-14.8394,0.8797,0.0,13.354329109191895,False,Núcleo estrutural (dobramento)
BRCA1,BRCT,p.Tyr1845Gln,1845,Y,Q,-9.54306,0.8913,0.0,13.354329109191895,False,Núcleo estrutural (dobramento)
BRCA1,BRCT,p.Tyr1845Arg,1845,Y,R,-11.96677,0.8303,0.0,13.354329109191895,False,Núcleo estrutural (dobramento)
BRCA1,BRCT,p.Tyr1845Ser,1845,Y,S,-7.95827,0.8933,0.0,13.354329109191895,False,Núcleo estrutural (dobramento)
BRCA1,BRCT,p.Tyr1845Thr,1845,Y,T,-10.91207,0.825,0.0,13.354329109191895,False,Núcleo estrutural (dobramento)
BRCA1,BRCT,p.Tyr1845Val,1845,Y,V,-10.48038,0.8734,0.0,13.354329109191895,False,Núcleo estrutural (dobramento)
BRCA1,BRCT,p.Tyr1845Trp,1845,Y,W,-9.53389,0.6831,0.0,13.354329109191895,False,Núcleo estrutural (dobramento)
BRCA1,BRCT,p.Gln1846Phe,1846,Q,F,-8.62709,0.7757,0.2488556909631431,14.897201538085938,False,Intermediário
BRCA1,BRCT,p.Gln1846Gly,1846,Q,G,-6.56634,0.72,0.2488556909631431,14.897201538085938,False,Intermediário
BRCA1,BRCT,p.Gln1846Ile,1846,Q,I,-6.89294,0.7195,0.2488556909631431,14.897201538085938,False,Intermediário
BRCA1,BRCT,p.Gln1846Leu,1846,Q,L,-6.63865,0.6955,0.2488556909631431,14.897201538085938,False,Intermediário
BRCA1,BRCT,p.Gln1846Pro,1846,Q,P,-11.50834,0.8175,0.2488556909631431,14.897201538085938,False,Intermediário
BRCA1,BRCT,p.Gln1846Val,1846,Q,V,-6.10565,0.8068,0.2488556909631431,14.897201538085938,False,Intermediário
BRCA1,BRCT,p.Gln1846Trp,1846,Q,W,-8.9843,0.7492,0.2488556909631431,14.897201538085938,False,Intermediário
BRCA1,BRCT,p.Gln1846Tyr,1846,Q,Y,-6.94125,0.7005,0.2488556909631431,14.897201538085938,False,Intermediário
BRCA1,BRCT,p.Cys1847Asp,1847,C,D,-11.83353,0.9082,0.310061575070503,16.096206665039062,False,Intermediário
BRCA1,BRCT,p.Cys1847Glu,1847,C,E,-10.28182,0.9326,0.310061575070503,16.096206665039062,False,Intermediário
BRCA1,BRCT,p.Cys1847Phe,1847,C,F,-6.81621,0.8839,0.310061575070503,16.096206665039062,False,Intermediário
BRCA1,BRCT,p.Cys1847Gly,1847,C,G,-8.81758,0.9585,0.310061575070503,16.096206665039062,False,Intermediário
BRCA1,BRCT,p.Cys1847His,1847,C,H,-6.82566,0.8155,0.310061575070503,16.096206665039062,False,Intermediário
BRCA1,BRCT,p.Cys1847Asn,1847,C,N,-7.65879,0.8686,0.310061575070503,16.096206665039062,False,Intermediário
BRCA1,BRCT,p.Cys1847Thr,1847,C,T,-5.89102,0.6975,0.310061575070503,16.096206665039062,False,Intermediário
BRCA1,BRCT,p.Cys1847Trp,1847,C,W,-7.35026,0.9007,0.310061575070503,16.096206665039062,False,Intermediário
BRCA1,BRCT,p.Cys1847Tyr,1847,C,Y,-7.5976,0.9178,0.310061575070503,16.096206665039062,False,Intermediário
BRCA1,BRCT,p.Gln1848Cys,1848,Q,C,-6.86018,0.7413,0.024415396943514658,12.64945125579834,False,Núcleo estrutural (dobramento)
BRCA1,BRCT,p.Gln1848Phe,1848,Q,F,-8.52117,0.7743,0.024415396943514658,12.64945125579834,False,Núcleo estrutural (dobramento)
BRCA1,BRCT,p.Gln1848Gly,1848,Q,G,-8.71717,0.7432,0.024415396943514658,12.64945125579834,False,Núcleo estrutural (dobramento)
BRCA1,BRCT,p.Gln1848Ile,1848,Q,I,-7.43968,0.7295,0.024415396943514658,12.64945125579834,False,Núcleo estrutural (dobramento)
BRCA1,BRCT,p.Gln1848Pro,1848,Q,P,-5.82438,0.7596,0.024415396943514658,12.64945125579834,False,Núcleo estrutural (dobramento)
BRCA1,BRCT,p.Gln1848Trp,1848,Q,W,-9.82258,0.7559,0.024415396943514658,12.64945125579834,False,Núcleo estrutural (dobramento)
BRCA1,BRCT,p.Gln1848Tyr,1848,Q,Y,-8.00185,0.7186,0.024415396943514658,12.64945125579834,False,Núcleo estrutural (dobramento)
BRCA1,BRCT,p.Glu1849Trp,1849,E,W,-7.27425,0.6777,0.33361927640547484,12.720490455627441,False,Intermediário
BRCA1,BRCT,p.Leu1850Ala,1850,L,A,-8.34044,0.7432,0.0720972069277562,11.863092422485352,False,Núcleo estrutural (dobramento)
BRCA1,BRCT,p.Leu1850Asp,1850,L,D,-11.97849,0.8865,0.0720972069277562,11.863092422485352,False,Núcleo estrutural (dobramento)
BRCA1,BRCT,p.Leu1850Glu,1850,L,E,-10.28948,0.9084,0.0720972069277562,11.863092422485352,False,Núcleo estrutural (dobramento)
BRCA1,BRCT,p.Leu1850Gly,1850,L,G,-11.07767,0.9166,0.0720972069277562,11.863092422485352,False,Núcleo estrutural (dobramento)
BRCA1,BRCT,p.Leu1850His,1850,L,H,-6.84971,0.7354,0.0720972069277562,11.863092422485352,False,Núcleo estrutural (dobramento)
BRCA1,BRCT,p.Leu1850Lys,1850,L,K,-8.06322,0.8228,0.0720972069277562,11.863092422485352,False,Núcleo estrutural (dobramento)
BRCA1,BRCT,p.Leu1850Asn,1850,L,N,-9.92724,0.9012,0.0720972069277562,11.863092422485352,False,Núcleo estrutural (dobramento)
BRCA1,BRCT,p.Leu1850Pro,1850,L,P,-6.7044,0.951,0.0720972069277562,11.863092422485352,False,Núcleo estrutural (dobramento)
BRCA1,BRCT,p.Leu1850Gln,1850,L,Q,-7.38706,0.8853,0.0720972069277562,11.863092422485352,False,Núcleo estrutural (dobramento)
BRCA1,BRCT,p.Leu1850Arg,1850,L,R,-6.93957,0.7065,0.0720972069277562,11.863092422485352,False,Núcleo estrutural (dobramento)
BRCA1,BRCT,p.Leu1850Ser,1850,L,S,-7.85446,0.815,0.0720972069277562,11.863092422485352,False,Núcleo estrutural (dobramento)
BRCA1,BRCT,p.Leu1850Thr,1850,L,T,-6.07865,0.7703,0.0720972069277562,11.863092422485352,False,Núcleo estrutural (dobramento)
BRCA1,BRCT,p.Leu1850Trp,1850,L,W,-6.71822,0.7814,0.0720972069277562,11.863092422485352,False,Núcleo estrutural (dobramento)
BRCA1,BRCT,p.Asp1851Ala,1851,D,A,-4.29759,0.7137,0.34570306936579226,12.293545722961426,False,Intermediário
BRCA1,BRCT,p.Asp1851Cys,1851,D,C,-6.53582,0.7025,0.34570306936579226,12.293545722961426,False,Intermediário
BRCA1,BRCT,p.Asp1851Phe,1851,D,F,-7.17683,0.7865,0.34570306936579226,12.293545722961426,False,Intermediário
BRCA1,BRCT,p.Asp1851Gly,1851,D,G,-3.02576,0.7556,0.34570306936579226,12.293545722961426,False,Intermediário
BRCA1,BRCT,p.Asp1851Ile,1851,D,I,-7.27617,0.7407,0.34570306936579226,12.293545722961426,False,Intermediário
BRCA1,BRCT,p.Asp1851Leu,1851,D,L,-6.63138,0.7452,0.34570306936579226,12.293545722961426,False,Intermediário
BRCA1,BRCT,p.Asp1851Met,1851,D,M,-6.49475,0.7353,0.34570306936579226,12.293545722961426,False,Intermediário
BRCA1,BRCT,p.Asp1851Val,1851,D,V,-5.85305,0.7292,0.34570306936579226,12.293545722961426,False,Intermediário
BRCA1,BRCT,p.Asp1851Trp,1851,D,W,-7.07244,0.6935,0.34570306936579226,12.293545722961426,False,Intermediário
BRCA1,BRCT,p.Tyr1853Ala,1853,Y,A,-10.43767,0.839,0.004073988684649127,7.199610710144043,False,Núcleo estrutural (dobramento)
BRCA1,BRCT,p.Tyr1853Cys,1853,Y,C,-6.86137,0.9442,0.004073988684649127,7.199610710144043,False,Núcleo estrutural (dobramento)
BRCA1,BRCT,p.Tyr1853Asp,1853,Y,D,-11.21059,0.9534,0.004073988684649127,7.199610710144043,False,Núcleo estrutural (dobramento)
BRCA1,BRCT,p.Tyr1853Glu,1853,Y,E,-12.06452,0.9251,0.004073988684649127,7.199610710144043,False,Núcleo estrutural (dobramento)
BRCA1,BRCT,p.Tyr1853Gly,1853,Y,G,-11.36781,0.9019,0.004073988684649127,7.199610710144043,False,Núcleo estrutural (dobramento)
BRCA1,BRCT,p.Tyr1853Ile,1853,Y,I,-9.34208,0.8586,0.004073988684649127,7.199610710144043,False,Núcleo estrutural (dobramento)
BRCA1,BRCT,p.Tyr1853Lys,1853,Y,K,-9.81496,0.9013,0.004073988684649127,7.199610710144043,False,Núcleo estrutural (dobramento)
BRCA1,BRCT,p.Tyr1853Leu,1853,Y,L,-8.38134,0.8378,0.004073988684649127,7.199610710144043,False,Núcleo estrutural (dobramento)
BRCA1,BRCT,p.Tyr1853Met,1853,Y,M,-10.95249,0.8473,0.004073988684649127,7.199610710144043,False,Núcleo estrutural (dobramento)
BRCA1,BRCT,p.Tyr1853Asn,1853,Y,N,-7.43067,0.877,0.004073988684649127,7.199610710144043,False,Núcleo estrutural (dobramento)
BRCA1,BRCT,p.Tyr1853Pro,1853,Y,P,-10.45127,0.8783,0.004073988684649127,7.199610710144043,False,Núcleo estrutural (dobramento)
BRCA1,BRCT,p.Tyr1853Gln,1853,Y,Q,-8.30293,0.8781,0.004073988684649127,7.199610710144043,False,Núcleo estrutural (dobramento)
BRCA1,BRCT,p.Tyr1853Arg,1853,Y,R,-8.70984,0.8244,0.004073988684649127,7.199610710144043,False,Núcleo estrutural (dobramento)
BRCA1,BRCT,p.Tyr1853Ser,1853,Y,S,-8.29956,0.8962,0.004073988684649127,7.199610710144043,False,Núcleo estrutural (dobramento)
BRCA1,BRCT,p.Tyr1853Thr,1853,Y,T,-9.8549,0.8234,0.004073988684649127,7.199610710144043,False,Núcleo estrutural (dobramento)
BRCA1,BRCT,p.Tyr1853Val,1853,Y,V,-9.73184,0.8734,0.004073988684649127,7.199610710144043,False,Núcleo estrutural (dobramento)
BRCA1,BRCT,p.Tyr1853Trp,1853,Y,W,-10.0981,0.6881,0.004073988684649127,7.199610710144043,False,Núcleo estrutural (dobramento)
BRCA1,BRCT,p.Leu1854Asp,1854,L,D,-8.52929,0.8819,0.31233220259861094,10.567447662353516,False,Intermediário
BRCA1,BRCT,p.Leu1854Glu,1854,L,E,-6.28049,0.8417,0.31233220259861094,10.567447662353516,False,Intermediário
BRCA1,BRCT,p.Leu1854Gly,1854,L,G,-7.15171,0.9066,0.31233220259861094,10.567447662353516,False,Intermediário
BRCA1,BRCT,p.Leu1854His,1854,L,H,-6.16528,0.7109,0.31233220259861094,10.567447662353516,False,Intermediário
BRCA1,BRCT,p.Leu1854Asn,1854,L,N,-6.72309,0.8358,0.31233220259861094,10.567447662353516,False,Intermediário
BRCA1,BRCT,p.Leu1854Pro,1854,L,P,-6.82214,0.9537,0.31233220259861094,10.567447662353516,False,Intermediário
BRCA1,BRCT,p.Leu1854Trp,1854,L,W,-7.56727,0.7967,0.31233220259861094,10.567447662353516,False,Intermediário
BRCA1,BRCT,p.Leu1854Tyr,1854,L,Y,-6.53239,0.847,0.31233220259861094,10.567447662353516,False,Intermediário
BRCA1,BRCT,p.Ile1855Asp,1855,I,D,-8.43207,0.8317,0.02452036986883079,9.611331939697266,False,Núcleo estrutural (dobramento)
BRCA1,BRCT,p.Ile1855Glu,1855,I,E,-8.2826,0.8563,0.02452036986883079,9.611331939697266,False,Núcleo estrutural (dobramento)
BRCA1,BRCT,p.Ile1855Gly,1855,I,G,-7.89021,0.879,0.02452036986883079,9.611331939697266,False,Núcleo estrutural (dobramento)
BRCA1,BRCT,p.Ile1855His,1855,I,H,-6.34533,0.6947,0.02452036986883079,9.611331939697266,False,Núcleo estrutural (dobramento)
BRCA1,BRCT,p.Ile1855Lys,1855,I,K,-7.37901,0.7656,0.02452036986883079,9.611331939697266,False,Núcleo estrutural (dobramento)
BRCA1,BRCT,p.Ile1855Asn,1855,I,N,-6.99186,0.8138,0.02452036986883079,9.611331939697266,False,Núcleo estrutural (dobramento)
BRCA1,BRCT,p.Ile1855Pro,1855,I,P,-6.18416,0.8853,0.02452036986883079,9.611331939697266,False,Núcleo estrutural (dobramento)
BRCA1,BRCT,p.Ile1855Gln,1855,I,Q,-6.63946,0.8252,0.02452036986883079,9.611331939697266,False,Núcleo estrutural (dobramento)
BRCA1,BRCT,p.Ile1855Arg,1855,I,R,-6.84491,0.6864,0.02452036986883079,9.611331939697266,False,Núcleo estrutural (dobramento)
BRCA1,BRCT,p.Ile1855Trp,1855,I,W,-7.47663,0.7977,0.02452036986883079,9.611331939697266,False,Núcleo estrutural (dobramento)
BRCA2,DBD,p.Leu2484Asp,2484,L,D,-10.48418,0.8131,0.12016201154626033,64.7420883178711,False,Núcleo estrutural (dobramento)
BRCA2,DBD,p.Leu2484Glu,2484,L,E,-9.73431,0.7916,0.12016201154626033,64.7420883178711,False,Núcleo estrutural (dobramento)
BRCA2,DBD,p.Leu2484Lys,2484,L,K,-8.65339,0.7349,0.12016201154626033,64.7420883178711,False,Núcleo estrutural (dobramento)
BRCA2,DBD,p.Leu2484Asn,2484,L,N,-8.9492,0.7922,0.12016201154626033,64.7420883178711,False,Núcleo estrutural (dobramento)
BRCA2,DBD,p.Leu2484Pro,2484,L,P,-8.02565,0.9491,0.12016201154626033,64.7420883178711,False,Núcleo estrutural (dobramento)
BRCA2,DBD,p.Leu2484Gln,2484,L,Q,-7.76939,0.7194,0.12016201154626033,64.7420883178711,False,Núcleo estrutural (dobramento)
BRCA2,DBD,p.Ala2487Asp,2487,A,D,-9.57034,0.8371,0.1393663104544306,63.7802848815918,False,Núcleo estrutural (dobramento)
BRCA2,DBD,p.Ala2487Glu,2487,A,E,-8.74465,0.7961,0.1393663104544306,63.7802848815918,False,Núcleo estrutural (dobramento)
BRCA2,DBD,p.Ala2487His,2487,A,H,-10.89719,0.694,0.1393663104544306,63.7802848815918,False,Núcleo estrutural (dobramento)
BRCA2,DBD,p.Ala2487Lys,2487,A,K,-9.90598,0.7816,0.1393663104544306,63.7802848815918,False,Núcleo estrutural (dobramento)
BRCA2,DBD,p.Ala2487Asn,2487,A,N,-9.11234,0.7542,0.1393663104544306,63.7802848815918,False,Núcleo estrutural (dobramento)
BRCA2,DBD,p.Ala2487Pro,2487,A,P,-8.46158,0.834,0.1393663104544306,63.7802848815918,False,Núcleo estrutural (dobramento)
BRCA2,DBD,p.Ala2487Gln,2487,A,Q,-10.61194,0.7468,0.1393663104544306,63.7802848815918,False,Núcleo estrutural (dobramento)
BRCA2,DBD,p.Ala2487Arg,2487,A,R,-10.04744,0.7405,0.1393663104544306,63.7802848815918,False,Núcleo estrutural (dobramento)
BRCA2,DBD,p.Ala2487Trp,2487,A,W,-11.32916,0.7017,0.1393663104544306,63.7802848815918,False,Núcleo estrutural (dobramento)
BRCA2,DBD,p.Ala2487Tyr,2487,A,Y,-9.9296,0.725,0.1393663104544306,63.7802848815918,False,Núcleo estrutural (dobramento)
BRCA2,DBD,p.Arg2488Cys,2488,R,C,-6.80304,0.7166,0.22709766109870644,60.990196228027344,False,Intermediário
BRCA2,DBD,p.Arg2488Asp,2488,R,D,-11.63657,0.7604,0.22709766109870644,60.990196228027344,False,Intermediário
BRCA2,DBD,p.Arg2488Glu,2488,R,E,-8.48684,0.6919,0.22709766109870644,60.990196228027344,False,Intermediário
BRCA2,DBD,p.Arg2488Phe,2488,R,F,-10.76959,0.7133,0.22709766109870644,60.990196228027344,False,Intermediário
BRCA2,DBD,p.Arg2488Ile,2488,R,I,-8.37995,0.7556,0.22709766109870644,60.990196228027344,False,Intermediário
BRCA2,DBD,p.Arg2488Leu,2488,R,L,-7.35021,0.7642,0.22709766109870644,60.990196228027344,False,Intermediário
BRCA2,DBD,p.Arg2488Met,2488,R,M,-8.06569,0.724,0.22709766109870644,60.990196228027344,False,Intermediário
BRCA2,DBD,p.Arg2488Pro,2488,R,P,-9.66239,0.8029,0.22709766109870644,60.990196228027344,False,Intermediário
BRCA2,DBD,p.Arg2488Ser,2488,R,S,-8.20828,0.6843,0.22709766109870644,60.990196228027344,False,Intermediário
BRCA2,DBD,p.Arg2488Thr,2488,R,T,-8.5794,0.6936,0.22709766109870644,60.990196228027344,False,Intermediário
BRCA2,DBD,p.Arg2488Val,2488,R,V,-9.07091,0.7508,0.22709766109870644,60.990196228027344,False,Intermediário
BRCA2,DBD,p.Arg2488Trp,2488,R,W,-6.65207,0.8151,0.22709766109870644,60.990196228027344,False,Intermediário
BRCA2,DBD,p.Arg2488Tyr,2488,R,Y,-9.70267,0.7652,0.22709766109870644,60.990196228027344,False,Intermediário
BRCA2,DBD,p.Asp2489Pro,2489,D,P,-10.99714,0.7108,0.5081105827428559,64.46180725097656,False,Superfície
BRCA2,DBD,p.Gln2491Cys,2491,Q,C,-9.35673,0.682,0.03950341926115524,59.05922317504883,False,Núcleo estrutural (dobramento)
BRCA2,DBD,p.Gln2491Pro,2491,Q,P,-9.58813,0.7141,0.03950341926115524,59.05922317504883,False,Núcleo estrutural (dobramento)
BRCA2,DBD,p.Gln2491Arg,2491,Q,R,-6.69375,0.7361,0.03950341926115524,59.05922317504883,False,Núcleo estrutural (dobramento)
BRCA2,DBD,p.Gln2491Trp,2491,Q,W,-9.58274,0.6766,0.03950341926115524,59.05922317504883,False,Núcleo estrutural (dobramento)
BRCA2,DBD,p.Asp2492Pro,2492,D,P,-9.12313,0.7009,0.2646383891934898,59.48231887817383,False,Intermediário
BRCA2,DBD,p.Met2493Asp,2493,M,D,-8.98943,0.8586,0.3958757367703227,62.94841766357422,False,Intermediário
BRCA2,DBD,p.Met2493Glu,2493,M,E,-7.71028,0.8147,0.3958757367703227,62.94841766357422,False,Intermediário
BRCA2,DBD,p.Met2493Asn,2493,M,N,-5.98633,0.688,0.3958757367703227,62.94841766357422,False,Intermediário
BRCA2,DBD,p.Met2493Pro,2493,M,P,-9.95334,0.813,0.3958757367703227,62.94841766357422,False,Intermediário
BRCA2,DBD,p.Met2493Gln,2493,M,Q,-6.35012,0.7482,0.3958757367703227,62.94841766357422,False,Intermediário
BRCA2,DBD,p.Met2493Trp,2493,M,W,-8.00671,0.6922,0.3958757367703227,62.94841766357422,False,Intermediário
BRCA2,DBD,p.Met2493Tyr,2493,M,Y,-8.14311,0.7701,0.3958757367703227,62.94841766357422,False,Intermediário
BRCA2,DBD,p.Arg2494Cys,2494,R,C,-7.08064,0.7207,0.24947011188291449,60.71590805053711,False,Intermediário
BRCA2,DBD,p.Arg2494Asp,2494,R,D,-12.74441,0.7604,0.24947011188291449,60.71590805053711,False,Intermediário
BRCA2,DBD,p.Arg2494Glu,2494,R,E,-10.42789,0.7157,0.24947011188291449,60.71590805053711,False,Intermediário
BRCA2,DBD,p.Arg2494Phe,2494,R,F,-10.7585,0.7133,0.24947011188291449,60.71590805053711,False,Intermediário
BRCA2,DBD,p.Arg2494Ile,2494,R,I,-8.25746,0.7572,0.24947011188291449,60.71590805053711,False,Intermediário
BRCA2,DBD,p.Arg2494Leu,2494,R,L,-7.74598,0.7675,0.24947011188291449,60.71590805053711,False,Intermediário
BRCA2,DBD,p.Arg2494Met,2494,R,M,-7.69868,0.7162,0.24947011188291449,60.71590805053711,False,Intermediário
BRCA2,DBD,p.Arg2494Pro,2494,R,P,-10.84975,0.8046,0.24947011188291449,60.71590805053711,False,Intermediário
BRCA2,DBD,p.Arg2494Ser,2494,R,S,-8.31926,0.6832,0.24947011188291449,60.71590805053711,False,Intermediário
BRCA2,DBD,p.Arg2494Thr,2494,R,T,-8.82379,0.714,0.24947011188291449,60.71590805053711,False,Intermediário
BRCA2,DBD,p.Arg2494Val,2494,R,V,-9.18546,0.753,0.24947011188291449,60.71590805053711,False,Intermediário
BRCA2,DBD,p.Arg2494Trp,2494,R,W,-6.73025,0.8243,0.24947011188291449,60.71590805053711,False,Intermediário
BRCA2,DBD,p.Arg2494Tyr,2494,R,Y,-9.72153,0.7652,0.24947011188291449,60.71590805053711,False,Intermediário
BRCA2,DBD,p.Ile2495Asp,2495,I,D,-8.22866,0.7952,0.2105182831887603,57.17287826538086,False,Intermediário
BRCA2,DBD,p.Ile2495Glu,2495,I,E,-6.67428,0.7007,0.2105182831887603,57.17287826538086,False,Intermediário
BRCA2,DBD,p.Ile2495Pro,2495,I,P,-7.32528,0.8966,0.2105182831887603,57.17287826538086,False,Intermediário
BRCA2,DBD,p.Ile2495Gln,2495,I,Q,-7.41452,0.7225,0.2105182831887603,57.17287826538086,False,Intermediário
BRCA2,DBD,p.Lys2496Pro,2496,K,P,-6.58535,0.6763,0.5335995122122265,60.05926513671875,False,Superfície
BRCA2,DBD,p.Lys2498Pro,2498,K,P,-8.64968,0.7225,0.43685842623157767,59.16258239746094,False,Superfície
BRCA2,DBD,p.Lys2498Trp,2498,K,W,-7.34789,0.6762,0.43685842623157767,59.16258239746094,False,Superfície
BRCA2,DBD,p.Lys2498Tyr,2498,K,Y,-8.49581,0.7107,0.43685842623157767,59.16258239746094,False,Superfície
BRCA2,DBD,p.Arg2500Asp,2500,R,D,-7.819,0.7074,0.6359266425969566,59.870662689208984,False,Superfície
BRCA2,DBD,p.Arg2500Pro,2500,R,P,-6.41,0.7463,0.6359266425969566,59.870662689208984,False,Superfície
BRCA2,DBD,p.Gly2508Cys,2508,G,C,-8.86145,0.7079,0.03352611015521686,53.97278594970703,False,Núcleo estrutural (dobramento)
BRCA2,DBD,p.Gly2508Asp,2508,G,D,-7.82946,0.876,0.03352611015521686,53.97278594970703,False,Núcleo estrutural (dobramento)
BRCA2,DBD,p.Gly2508Glu,2508,G,E,-7.6706,0.8427,0.03352611015521686,53.97278594970703,False,Núcleo estrutural (dobramento)
BRCA2,DBD,p.Gly2508His,2508,G,H,-10.5217,0.7107,0.03352611015521686,53.97278594970703,False,Núcleo estrutural (dobramento)
BRCA2,DBD,p.Gly2508Ile,2508,G,I,-11.72931,0.6981,0.03352611015521686,53.97278594970703,False,Núcleo estrutural (dobramento)
BRCA2,DBD,p.Gly2508Lys,2508,G,K,-8.61718,0.7783,0.03352611015521686,53.97278594970703,False,Núcleo estrutural (dobramento)
BRCA2,DBD,p.Gly2508Leu,2508,G,L,-11.01033,0.7179,0.03352611015521686,53.97278594970703,False,Núcleo estrutural (dobramento)
BRCA2,DBD,p.Gly2508Asn,2508,G,N,-8.50513,0.7991,0.03352611015521686,53.97278594970703,False,Núcleo estrutural (dobramento)
BRCA2,DBD,p.Gly2508Gln,2508,G,Q,-9.91453,0.8073,0.03352611015521686,53.97278594970703,False,Núcleo estrutural (dobramento)
BRCA2,DBD,p.Gly2508Arg,2508,G,R,-6.98614,0.7507,0.03352611015521686,53.97278594970703,False,Núcleo estrutural (dobramento)
BRCA2,DBD,p.Gly2508Val,2508,G,V,-9.60408,0.7234,0.03352611015521686,53.97278594970703,False,Núcleo estrutural (dobramento)
BRCA2,DBD,p.Gly2508Trp,2508,G,W,-9.36059,0.8087,0.03352611015521686,53.97278594970703,False,Núcleo estrutural (dobramento)
BRCA2,DBD,p.Gly2508Tyr,2508,G,Y,-11.1352,0.7781,0.03352611015521686,53.97278594970703,False,Núcleo estrutural (dobramento)
BRCA2,DBD,p.Leu2510Asp,2510,L,D,-11.82119,0.8131,0.08411340808238223,50.467742919921875,True,Interface DSS1
BRCA2,DBD,p.Leu2510Glu,2510,L,E,-11.14468,0.7911,0.08411340808238223,50.467742919921875,True,Interface DSS1
BRCA2,DBD,p.Leu2510Lys,2510,L,K,-8.7827,0.7439,0.08411340808238223,50.467742919921875,True,Interface DSS1
BRCA2,DBD,p.Leu2510Asn,2510,L,N,-9.81511,0.7993,0.08411340808238223,50.467742919921875,True,Interface DSS1
BRCA2,DBD,p.Leu2510Pro,2510,L,P,-8.15962,0.9594,0.08411340808238223,50.467742919921875,True,Interface DSS1
BRCA2,DBD,p.Leu2510Gln,2510,L,Q,-7.44216,0.7101,0.08411340808238223,50.467742919921875,True,Interface DSS1
BRCA2,DBD,p.Tyr2511Ala,2511,Y,A,-9.04922,0.6911,0.20243443551756982,48.40451431274414,False,Intermediário
BRCA2,DBD,p.Tyr2511Asp,2511,Y,D,-9.78129,0.9549,0.20243443551756982,48.40451431274414,False,Intermediário
BRCA2,DBD,p.Tyr2511Glu,2511,Y,E,-10.83386,0.9059,0.20243443551756982,48.40451431274414,False,Intermediário
BRCA2,DBD,p.Tyr2511Gly,2511,Y,G,-9.63616,0.7748,0.20243443551756982,48.40451431274414,False,Intermediário
BRCA2,DBD,p.Tyr2511Ile,2511,Y,I,-7.01327,0.6931,0.20243443551756982,48.40451431274414,False,Intermediário
BRCA2,DBD,p.Tyr2511Lys,2511,Y,K,-8.76831,0.813,0.20243443551756982,48.40451431274414,False,Intermediário
BRCA2,DBD,p.Tyr2511Met,2511,Y,M,-7.63669,0.7214,0.20243443551756982,48.40451431274414,False,Intermediário
BRCA2,DBD,p.Tyr2511Asn,2511,Y,N,-7.18764,0.8246,0.20243443551756982,48.40451431274414,False,Intermediário
BRCA2,DBD,p.Tyr2511Pro,2511,Y,P,-9.03806,0.7764,0.20243443551756982,48.40451431274414,False,Intermediário
BRCA2,DBD,p.Tyr2511Gln,2511,Y,Q,-7.11509,0.6767,0.20243443551756982,48.40451431274414,False,Intermediário
BRCA2,DBD,p.Tyr2511Val,2511,Y,V,-7.44076,0.6989,0.20243443551756982,48.40451431274414,False,Intermediário
BRCA2,DBD,p.Leu2512Asp,2512,L,D,-11.09048,0.8131,0.4225103889899049,53.09321594238281,False,Superfície
BRCA2,DBD,p.Leu2512Glu,2512,L,E,-10.18487,0.7911,0.4225103889899049,53.09321594238281,False,Superfície
BRCA2,DBD,p.Leu2512Lys,2512,L,K,-8.22905,0.7129,0.4225103889899049,53.09321594238281,False,Superfície
BRCA2,DBD,p.Leu2512Asn,2512,L,N,-9.15009,0.7955,0.4225103889899049,53.09321594238281,False,Superfície
BRCA2,DBD,p.Leu2512Pro,2512,L,P,-7.63292,0.9292,0.4225103889899049,53.09321594238281,False,Superfície
BRCA2,DBD,p.Leu2512Gln,2512,L,Q,-7.30341,0.7101,0.4225103889899049,53.09321594238281,False,Superfície
BRCA2,DBD,p.Leu2512Tyr,2512,L,Y,-8.09412,0.6796,0.4225103889899049,53.09321594238281,False,Superfície
BRCA2,DBD,p.Lys2514Pro,2514,K,P,-8.97959,0.7259,0.31707418411551264,47.97843551635742,True,Interface DSS1
BRCA2,DBD,p.Lys2514Trp,2514,K,W,-8.76946,0.7042,0.31707418411551264,47.97843551635742,True,Interface DSS1
BRCA2,DBD,p.Lys2514Tyr,2514,K,Y,-9.37138,0.7361,0.31707418411551264,47.97843551635742,True,Interface DSS1
BRCA2,DBD,p.Arg2520Asp,2520,R,D,-11.86345,0.7604,0.5606963679954357,47.354129791259766,True,Interface DSS1
BRCA2,DBD,p.Arg2520Glu,2520,R,E,-10.05171,0.7134,0.5606963679954357,47.354129791259766,True,Interface DSS1
BRCA2,DBD,p.Arg2520Phe,2520,R,F,-9.98632,0.7133,0.5606963679954357,47.354129791259766,True,Interface DSS1
BRCA2,DBD,p.Arg2520Ile,2520,R,I,-8.88972,0.7749,0.5606963679954357,47.354129791259766,True,Interface DSS1
BRCA2,DBD,p.Arg2520Leu,2520,R,L,-7.36458,0.7642,0.5606963679954357,47.354129791259766,True,Interface DSS1
BRCA2,DBD,p.Arg2520Met,2520,R,M,-8.33787,0.724,0.5606963679954357,47.354129791259766,True,Interface DSS1
BRCA2,DBD,p.Arg2520Pro,2520,R,P,-7.76752,0.7688,0.5606963679954357,47.354129791259766,True,Interface DSS1
BRCA2,DBD,p.Arg2520Thr,2520,R,T,-7.98845,0.6964,0.5606963679954357,47.354129791259766,True,Interface DSS1
BRCA2,DBD,p.Arg2520Val,2520,R,V,-8.83468,0.7402,0.5606963679954357,47.354129791259766,True,Interface DSS1
BRCA2,DBD,p.Arg2520Trp,2520,R,W,-6.54794,0.8089,0.5606963679954357,47.354129791259766,True,Interface DSS1
BRCA2,DBD,p.Arg2520Tyr,2520,R,Y,-9.16389,0.7595,0.5606963679954357,47.354129791259766,True,Interface DSS1
BRCA2,DBD,p.Ile2521Asp,2521,I,D,-8.22816,0.7952,0.5986275777564439,47.16679382324219,True,Interface DSS1
BRCA2,DBD,p.Ile2521Glu,2521,I,E,-6.7359,0.7046,0.5986275777564439,47.16679382324219,True,Interface DSS1
BRCA2,DBD,p.Ile2521Asn,2521,I,N,-6.54572,0.7007,0.5986275777564439,47.16679382324219,True,Interface DSS1
BRCA2,DBD,p.Ile2521Pro,2521,I,P,-6.88366,0.8845,0.5986275777564439,47.16679382324219,True,Interface DSS1
BRCA2,DBD,p.Ser2522Ile,2522,S,I,-7.93181,0.6867,0.3455007665514967,44.96383285522461,True,Interface DSS1
BRCA2,DBD,p.Leu2523Asp,2523,L,D,-14.73663,0.8131,0.4620563821977524,43.06666946411133,True,Interface DSS1
BRCA2,DBD,p.Leu2523Glu,2523,L,E,-14.01851,0.7911,0.4620563821977524,43.06666946411133,True,Interface DSS1
BRCA2,DBD,p.Leu2523Lys,2523,L,K,-11.88399,0.7486,0.4620563821977524,43.06666946411133,True,Interface DSS1
BRCA2,DBD,p.Leu2523Asn,2523,L,N,-12.71968,0.8017,0.4620563821977524,43.06666946411133,True,Interface DSS1
BRCA2,DBD,p.Leu2523Pro,2523,L,P,-9.00697,0.9679,0.4620563821977524,43.06666946411133,True,Interface DSS1
BRCA2,DBD,p.Leu2523Gln,2523,L,Q,-10.54029,0.7631,0.4620563821977524,43.06666946411133,True,Interface DSS1
BRCA2,DBD,p.Leu2523Arg,2523,L,R,-10.01756,0.6994,0.4620563821977524,43.06666946411133,True,Interface DSS1
BRCA2,DBD,p.Leu2523Thr,2523,L,T,-10.10938,0.6823,0.4620563821977524,43.06666946411133,True,Interface DSS1
BRCA2,DBD,p.Leu2523Tyr,2523,L,Y,-9.43479,0.6928,0.4620563821977524,43.06666946411133,True,Interface DSS1
BRCA2,DBD,p.Ala2525Pro,2525,A,P,-7.28595,0.818,0.4866899813117662,46.006839752197266,False,Superfície
BRCA2,DBD,p.Ala2526Asp,2526,A,D,-9.24067,0.8366,0.30667828088068216,48.37074661254883,True,Interface DSS1
BRCA2,DBD,p.Ala2526Glu,2526,A,E,-6.33095,0.7388,0.30667828088068216,48.37074661254883,True,Interface DSS1
BRCA2,DBD,p.Ala2526Lys,2526,A,K,-6.53266,0.6998,0.30667828088068216,48.37074661254883,True,Interface DSS1
BRCA2,DBD,p.Ala2526Asn,2526,A,N,-7.8108,0.7143,0.30667828088068216,48.37074661254883,True,Interface DSS1
BRCA2,DBD,p.Ala2526Pro,2526,A,P,-9.22665,0.8381,0.30667828088068216,48.37074661254883,True,Interface DSS1
BRCA2,DBD,p.Ala2526Gln,2526,A,Q,-7.5737,0.6993,0.30667828088068216,48.37074661254883,True,Interface DSS1
BRCA2,DBD,p.Ala2526Tyr,2526,A,Y,-6.74915,0.684,0.30667828088068216,48.37074661254883,True,Interface DSS1
BRCA2,DBD,p.Val2527Asp,2527,V,D,-9.89978,0.8249,0.10400303867151667,47.502681732177734,False,Núcleo estrutural (dobramento)
BRCA2,DBD,p.Val2527Glu,2527,V,E,-9.03228,0.8387,0.10400303867151667,47.502681732177734,False,Núcleo estrutural (dobramento)
BRCA2,DBD,p.Val2527Lys,2527,V,K,-9.10173,0.7621,0.10400303867151667,47.502681732177734,False,Núcleo estrutural (dobramento)
BRCA2,DBD,p.Val2527Asn,2527,V,N,-8.89859,0.7828,0.10400303867151667,47.502681732177734,False,Núcleo estrutural (dobramento)
BRCA2,DBD,p.Val2527Pro,2527,V,P,-9.94756,0.9076,0.10400303867151667,47.502681732177734,False,Núcleo estrutural (dobramento)
BRCA2,DBD,p.Val2527Gln,2527,V,Q,-11.14637,0.783,0.10400303867151667,47.502681732177734,False,Núcleo estrutural (dobramento)
BRCA2,DBD,p.Val2527Arg,2527,V,R,-9.77197,0.6777,0.10400303867151667,47.502681732177734,False,Núcleo estrutural (dobramento)
BRCA2,DBD,p.Val2527Tyr,2527,V,Y,-10.27698,0.683,0.10400303867151667,47.502681732177734,False,Núcleo estrutural (dobramento)
BRCA2,DBD,p.Gly2528Trp,2528,G,W,-6.77998,0.7609,0.4551350940961676,47.43989181518555,False,Superfície
BRCA2,DBD,p.Cys2535Glu,2535,C,E,-7.61282,0.708,0.7447037404844596,43.574134826660156,True,Interface DSS1
BRCA2,DBD,p.Cys2535Pro,2535,C,P,-6.4667,0.6867,0.7447037404844596,43.574134826660156,True,Interface DSS1
BRCA2,DBD,p.Gln2539Pro,2539,Q,P,-10.87962,0.734,0.4346096590642299,53.58973693847656,False,Superfície
BRCA2,DBD,p.Gln2539Arg,2539,Q,R,-5.96309,0.6853,0.4346096590642299,53.58973693847656,False,Superfície
BRCA2,DBD,p.Leu2540Asp,2540,L,D,-13.33634,0.8131,0.16610541274343893,56.10538864135742,False,Intermediário
BRCA2,DBD,p.Leu2540Glu,2540,L,E,-12.74474,0.7911,0.16610541274343893,56.10538864135742,False,Intermediário
BRCA2,DBD,p.Leu2540Lys,2540,L,K,-11.0864,0.7486,0.16610541274343893,56.10538864135742,False,Intermediário
BRCA2,DBD,p.Leu2540Asn,2540,L,N,-11.36945,0.8017,0.16610541274343893,56.10538864135742,False,Intermediário
BRCA2,DBD,p.Leu2540Pro,2540,L,P,-9.46657,0.9684,0.16610541274343893,56.10538864135742,False,Intermediário
BRCA2,DBD,p.Leu2540Gln,2540,L,Q,-8.49878,0.749,0.16610541274343893,56.10538864135742,False,Intermediário
BRCA2,DBD,p.Leu2540Arg,2540,L,R,-9.3742,0.6927,0.16610541274343893,56.10538864135742,False,Intermediário
BRCA2,DBD,p.Leu2540Thr,2540,L,T,-10.15198,0.6823,0.16610541274343893,56.10538864135742,False,Intermediário
BRCA2,DBD,p.Leu2540Tyr,2540,L,Y,-9.39095,0.6928,0.16610541274343893,56.10538864135742,False,Intermediário
BRCA2,DBD,p.Tyr2541Ala,2541,Y,A,-9.23713,0.6911,0.4963059405615037,53.939395904541016,False,Superfície
BRCA2,DBD,p.Tyr2541Asp,2541,Y,D,-8.59473,0.9448,0.4963059405615037,53.939395904541016,False,Superfície
BRCA2,DBD,p.Tyr2541Glu,2541,Y,E,-8.12565,0.8781,0.4963059405615037,53.939395904541016,False,Superfície
BRCA2,DBD,p.Tyr2541Gly,2541,Y,G,-10.3703,0.7798,0.4963059405615037,53.939395904541016,False,Superfície
BRCA2,DBD,p.Tyr2541Ile,2541,Y,I,-6.74736,0.6865,0.4963059405615037,53.939395904541016,False,Superfície
BRCA2,DBD,p.Tyr2541Lys,2541,Y,K,-9.01279,0.822,0.4963059405615037,53.939395904541016,False,Superfície
BRCA2,DBD,p.Tyr2541Met,2541,Y,M,-8.4554,0.7342,0.4963059405615037,53.939395904541016,False,Superfície
BRCA2,DBD,p.Tyr2541Asn,2541,Y,N,-7.35755,0.8249,0.4963059405615037,53.939395904541016,False,Superfície
BRCA2,DBD,p.Tyr2541Pro,2541,Y,P,-11.84878,0.7843,0.4963059405615037,53.939395904541016,False,Superfície
BRCA2,DBD,p.Tyr2541Gln,2541,Y,Q,-7.15411,0.6777,0.4963059405615037,53.939395904541016,False,Superfície
BRCA2,DBD,p.Tyr2541Arg,2541,Y,R,-8.40059,0.7005,0.4963059405615037,53.939395904541016,False,Superfície
BRCA2,DBD,p.Tyr2541Val,2541,Y,V,-7.4266,0.6989,0.4963059405615037,53.939395904541016,False,Superfície
BRCA2,DBD,p.Tyr2543Pro,2543,Y,P,-6.41071,0.7349,0.5223965450286482,56.373870849609375,False,Superfície
BRCA2,DBD,p.Gly2544Cys,2544,G,C,-6.70003,0.6824,0.1912797352893882,56.6569938659668,False,Intermediário
BRCA2,DBD,p.Gly2544Asp,2544,G,D,-6.54735,0.8673,0.1912797352893882,56.6569938659668,False,Intermediário
BRCA2,DBD,p.Gly2544Glu,2544,G,E,-6.4998,0.844,0.1912797352893882,56.6569938659668,False,Intermediário
BRCA2,DBD,p.Gly2544Ile,2544,G,I,-9.56981,0.6974,0.1912797352893882,56.6569938659668,False,Intermediário
BRCA2,DBD,p.Gly2544Lys,2544,G,K,-6.15576,0.7029,0.1912797352893882,56.6569938659668,False,Intermediário
BRCA2,DBD,p.Gly2544Leu,2544,G,L,-8.10984,0.6961,0.1912797352893882,56.6569938659668,False,Intermediário
BRCA2,DBD,p.Gly2544Gln,2544,G,Q,-6.78404,0.7584,0.1912797352893882,56.6569938659668,False,Intermediário
BRCA2,DBD,p.Gly2544Val,2544,G,V,-8.04635,0.7031,0.1912797352893882,56.6569938659668,False,Intermediário
BRCA2,DBD,p.Gly2544Trp,2544,G,W,-8.26828,0.7885,0.1912797352893882,56.6569938659668,False,Intermediário
BRCA2,DBD,p.Gly2544Tyr,2544,G,Y,-8.89647,0.7697,0.1912797352893882,56.6569938659668,False,Intermediário
BRCA2,DBD,p.Val2545Asp,2545,V,D,-9.68691,0.8249,0.2971260555348608,54.548397064208984,False,Intermediário
BRCA2,DBD,p.Val2545Glu,2545,V,E,-9.40829,0.8405,0.2971260555348608,54.548397064208984,False,Intermediário
BRCA2,DBD,p.Val2545Lys,2545,V,K,-9.39947,0.7639,0.2971260555348608,54.548397064208984,False,Intermediário
BRCA2,DBD,p.Val2545Asn,2545,V,N,-9.14712,0.7862,0.2971260555348608,54.548397064208984,False,Intermediário
BRCA2,DBD,p.Val2545Pro,2545,V,P,-9.44745,0.9076,0.2971260555348608,54.548397064208984,False,Intermediário
BRCA2,DBD,p.Val2545Gln,2545,V,Q,-11.16543,0.783,0.2971260555348608,54.548397064208984,False,Intermediário
BRCA2,DBD,p.Val2545Arg,2545,V,R,-10.29282,0.6844,0.2971260555348608,54.548397064208984,False,Intermediário
BRCA2,DBD,p.Ile2550Asp,2550,I,D,-6.42659,0.7028,0.35951097796278497,47.287353515625,True,Interface DSS1
BRCA2,DBD,p.Ser2554Ile,2554,S,I,-7.24973,0.6819,0.062213749784286995,37.638671875,True,Interface DSS1
BRCA2,DBD,p.Ser2554Leu,2554,S,L,-6.23821,0.6809,0.062213749784286995,37.638671875,True,Interface DSS1
BRCA2,DBD,p.Lys2555Pro,2555,K,P,-7.76833,0.7018,0.5612473912204754,36.73571014404297,False,Superfície
BRCA2,DBD,p.Ala2557Asp,2557,A,D,-9.79318,0.8371,0.0,42.67328643798828,False,Núcleo estrutural (dobramento)
BRCA2,DBD,p.Ala2557Glu,2557,A,E,-9.16118,0.8041,0.0,42.67328643798828,False,Núcleo estrutural (dobramento)
BRCA2,DBD,p.Ala2557His,2557,A,H,-11.46771,0.694,0.0,42.67328643798828,False,Núcleo estrutural (dobramento)
BRCA2,DBD,p.Ala2557Lys,2557,A,K,-10.56676,0.7816,0.0,42.67328643798828,False,Núcleo estrutural (dobramento)
BRCA2,DBD,p.Ala2557Asn,2557,A,N,-9.89504,0.758,0.0,42.67328643798828,False,Núcleo estrutural (dobramento)
BRCA2,DBD,p.Ala2557Pro,2557,A,P,-7.58085,0.818,0.0,42.67328643798828,False,Núcleo estrutural (dobramento)
BRCA2,DBD,p.Ala2557Gln,2557,A,Q,-11.07399,0.7468,0.0,42.67328643798828,False,Núcleo estrutural (dobramento)
BRCA2,DBD,p.Ala2557Arg,2557,A,R,-10.80868,0.7405,0.0,42.67328643798828,False,Núcleo estrutural (dobramento)
BRCA2,DBD,p.Ala2557Trp,2557,A,W,-11.18668,0.7017,0.0,42.67328643798828,False,Núcleo estrutural (dobramento)
BRCA2,DBD,p.Ala2557Tyr,2557,A,Y,-11.11172,0.7266,0.0,42.67328643798828,False,Núcleo estrutural (dobramento)
BRCA2,DBD,p.Glu2558Pro,2558,E,P,-10.32865,0.6916,0.3850707875728685,41.086429595947266,False,Intermediário
BRCA2,DBD,p.Glu2558Tyr,2558,E,Y,-10.47299,0.6958,0.3850707875728685,41.086429595947266,False,Intermediário
BRCA2,DBD,p.Phe2560Asp,2560,F,D,-12.48662,0.7998,0.24556782575560215,48.13658142089844,False,Intermediário
BRCA2,DBD,p.Phe2560Glu,2560,F,E,-13.6092,0.7843,0.24556782575560215,48.13658142089844,False,Intermediário
BRCA2,DBD,p.Phe2560His,2560,F,H,-8.97518,0.6839,0.24556782575560215,48.13658142089844,False,Intermediário
BRCA2,DBD,p.Phe2560Lys,2560,F,K,-13.09763,0.7239,0.24556782575560215,48.13658142089844,False,Intermediário
BRCA2,DBD,p.Phe2560Asn,2560,F,N,-10.78362,0.7502,0.24556782575560215,48.13658142089844,False,Intermediário
BRCA2,DBD,p.Phe2560Pro,2560,F,P,-12.11089,0.7793,0.24556782575560215,48.13658142089844,False,Intermediário
BRCA2,DBD,p.Phe2560Gln,2560,F,Q,-12.07891,0.7489,0.24556782575560215,48.13658142089844,False,Intermediário
BRCA2,DBD,p.Phe2562Asp,2562,F,D,-14.22611,0.7998,0.03522248963449756,52.262054443359375,False,Núcleo estrutural (dobramento)
BRCA2,DBD,p.Phe2562Glu,2562,F,E,-15.62217,0.7843,0.03522248963449756,52.262054443359375,False,Núcleo estrutural (dobramento)
BRCA2,DBD,p.Phe2562His,2562,F,H,-12.08049,0.6923,0.03522248963449756,52.262054443359375,False,Núcleo estrutural (dobramento)
BRCA2,DBD,p.Phe2562Lys,2562,F,K,-14.86899,0.7239,0.03522248963449756,52.262054443359375,False,Núcleo estrutural (dobramento)
BRCA2,DBD,p.Phe2562Asn,2562,F,N,-12.86308,0.7515,0.03522248963449756,52.262054443359375,False,Núcleo estrutural (dobramento)
BRCA2,DBD,p.Phe2562Pro,2562,F,P,-12.5967,0.7793,0.03522248963449756,52.262054443359375,False,Núcleo estrutural (dobramento)
BRCA2,DBD,p.Phe2562Gln,2562,F,Q,-14.31183,0.7489,0.03522248963449756,52.262054443359375,False,Núcleo estrutural (dobramento)
BRCA2,DBD,p.Phe2568Asp,2568,F,D,-11.07956,0.7985,0.20673904955417127,60.778770446777344,False,Intermediário
BRCA2,DBD,p.Phe2568Glu,2568,F,E,-11.42902,0.7843,0.20673904955417127,60.778770446777344,False,Intermediário
BRCA2,DBD,p.Phe2568Lys,2568,F,K,-10.67394,0.7239,0.20673904955417127,60.778770446777344,False,Intermediário
BRCA2,DBD,p.Phe2568Asn,2568,F,N,-9.7392,0.7468,0.20673904955417127,60.778770446777344,False,Intermediário
BRCA2,DBD,p.Phe2568Pro,2568,F,P,-9.77651,0.7741,0.20673904955417127,60.778770446777344,False,Intermediário
BRCA2,DBD,p.Phe2568Gln,2568,F,Q,-9.91837,0.7489,0.20673904955417127,60.778770446777344,False,Intermediário
BRCA2,DBD,p.Leu2573Asp,2573,L,D,-6.70674,0.71,0.08072611474961618,67.10842895507812,False,Núcleo estrutural (dobramento)
BRCA2,DBD,p.Leu2573Glu,2573,L,E,-6.87895,0.7094,0.08072611474961618,67.10842895507812,False,Núcleo estrutural (dobramento)
BRCA2,DBD,p.Gly2576Trp,2576,G,W,-6.7361,0.7539,0.19524841262427886,69.31727600097656,False,Intermediário
BRCA2,DBD,p.Gly2578Cys,2578,G,C,-7.16703,0.6965,0.12313097831236496,65.34676361083984,False,Núcleo estrutural (dobramento)
BRCA2,DBD,p.Gly2578Asp,2578,G,D,-7.38604,0.8723,0.12313097831236496,65.34676361083984,False,Núcleo estrutural (dobramento)
BRCA2,DBD,p.Gly2578Glu,2578,G,E,-6.59792,0.844,0.12313097831236496,65.34676361083984,False,Núcleo estrutural (dobramento)
BRCA2,DBD,p.Gly2578His,2578,G,H,-9.19768,0.7087,0.12313097831236496,65.34676361083984,False,Núcleo estrutural (dobramento)
BRCA2,DBD,p.Gly2578Ile,2578,G,I,-9.37597,0.6974,0.12313097831236496,65.34676361083984,False,Núcleo estrutural (dobramento)
BRCA2,DBD,p.Gly2578Lys,2578,G,K,-7.59564,0.7241,0.12313097831236496,65.34676361083984,False,Núcleo estrutural (dobramento)
BRCA2,DBD,p.Gly2578Leu,2578,G,L,-9.3326,0.7175,0.12313097831236496,65.34676361083984,False,Núcleo estrutural (dobramento)
BRCA2,DBD,p.Gly2578Asn,2578,G,N,-8.0271,0.7944,0.12313097831236496,65.34676361083984,False,Núcleo estrutural (dobramento)
BRCA2,DBD,p.Gly2578Gln,2578,G,Q,-8.41903,0.7867,0.12313097831236496,65.34676361083984,False,Núcleo estrutural (dobramento)
BRCA2,DBD,p.Gly2578Arg,2578,G,R,-6.72015,0.7502,0.12313097831236496,65.34676361083984,False,Núcleo estrutural (dobramento)
BRCA2,DBD,p.Gly2578Val,2578,G,V,-7.79371,0.6943,0.12313097831236496,65.34676361083984,False,Núcleo estrutural (dobramento)
BRCA2,DBD,p.Gly2578Trp,2578,G,W,-8.64823,0.8052,0.12313097831236496,65.34676361083984,False,Núcleo estrutural (dobramento)
BRCA2,DBD,p.Gly2578Tyr,2578,G,Y,-9.13828,0.7705,0.12313097831236496,65.34676361083984,False,Núcleo estrutural (dobramento)
BRCA2,DBD,p.Leu2581Asp,2581,L,D,-12.37619,0.8131,0.08354604582703243,58.30853271484375,False,Núcleo estrutural (dobramento)
BRCA2,DBD,p.Leu2581Glu,2581,L,E,-11.48485,0.7911,0.08354604582703243,58.30853271484375,False,Núcleo estrutural (dobramento)
BRCA2,DBD,p.Leu2581Lys,2581,L,K,-10.53884,0.7486,0.08354604582703243,58.30853271484375,False,Núcleo estrutural (dobramento)
BRCA2,DBD,p.Leu2581Asn,2581,L,N,-11.09674,0.8017,0.08354604582703243,58.30853271484375,False,Núcleo estrutural (dobramento)
BRCA2,DBD,p.Leu2581Pro,2581,L,P,-8.55323,0.962,0.08354604582703243,58.30853271484375,False,Núcleo estrutural (dobramento)
BRCA2,DBD,p.Leu2581Gln,2581,L,Q,-8.2267,0.7445,0.08354604582703243,58.30853271484375,False,Núcleo estrutural (dobramento)
BRCA2,DBD,p.Leu2581Arg,2581,L,R,-9.45519,0.6927,0.08354604582703243,58.30853271484375,False,Núcleo estrutural (dobramento)
BRCA2,DBD,p.Leu2581Tyr,2581,L,Y,-9.92481,0.7022,0.08354604582703243,58.30853271484375,False,Núcleo estrutural (dobramento)
BRCA2,DBD,p.Ala2582Lys,2582,A,K,-7.3718,0.7101,0.35131529568132003,58.917999267578125,False,Intermediário
BRCA2,DBD,p.Ala2582Gln,2582,A,Q,-7.083,0.6971,0.35131529568132003,58.917999267578125,False,Intermediário
BRCA2,DBD,p.Ala2582Tyr,2582,A,Y,-7.23468,0.6948,0.35131529568132003,58.917999267578125,False,Intermediário
BRCA2,DBD,p.Asp2583Cys,2583,D,C,-9.44937,0.6851,0.2727696123097231,55.15256881713867,False,Intermediário
BRCA2,DBD,p.Asp2583Ile,2583,D,I,-11.33168,0.6804,0.2727696123097231,55.15256881713867,False,Intermediário
BRCA2,DBD,p.Asp2583Leu,2583,D,L,-12.02616,0.6959,0.2727696123097231,55.15256881713867,False,Intermediário
BRCA2,DBD,p.Asp2583Pro,2583,D,P,-12.69527,0.7108,0.2727696123097231,55.15256881713867,False,Intermediário
BRCA2,DBD,p.Asp2583Val,2583,D,V,-9.63191,0.7164,0.2727696123097231,55.15256881713867,False,Intermediário
BRCA2,DBD,p.Asp2583Tyr,2583,D,Y,-8.6844,0.7147,0.2727696123097231,55.15256881713867,False,Intermediário
BRCA2,DBD,p.Gly2584Cys,2584,G,C,-8.06326,0.7009,0.14766391700522102,59.574073791503906,False,Núcleo estrutural (dobramento)
BRCA2,DBD,p.Gly2584His,2584,G,H,-9.39471,0.709,0.14766391700522102,59.574073791503906,False,Núcleo estrutural (dobramento)
BRCA2,DBD,p.Gly2584Ile,2584,G,I,-11.45009,0.6981,0.14766391700522102,59.574073791503906,False,Núcleo estrutural (dobramento)
BRCA2,DBD,p.Gly2584Lys,2584,G,K,-7.75847,0.7282,0.14766391700522102,59.574073791503906,False,Núcleo estrutural (dobramento)
BRCA2,DBD,p.Gly2584Leu,2584,G,L,-10.58478,0.7179,0.14766391700522102,59.574073791503906,False,Núcleo estrutural (dobramento)
BRCA2,DBD,p.Gly2584Asn,2584,G,N,-6.81701,0.7703,0.14766391700522102,59.574073791503906,False,Núcleo estrutural (dobramento)
BRCA2,DBD,p.Gly2584Gln,2584,G,Q,-8.76588,0.8018,0.14766391700522102,59.574073791503906,False,Núcleo estrutural (dobramento)
BRCA2,DBD,p.Gly2584Arg,2584,G,R,-6.89569,0.7507,0.14766391700522102,59.574073791503906,False,Núcleo estrutural (dobramento)
BRCA2,DBD,p.Gly2584Val,2584,G,V,-8.97503,0.7205,0.14766391700522102,59.574073791503906,False,Núcleo estrutural (dobramento)
BRCA2,DBD,p.Gly2584Trp,2584,G,W,-9.76745,0.8124,0.14766391700522102,59.574073791503906,False,Núcleo estrutural (dobramento)
BRCA2,DBD,p.Gly2584Tyr,2584,G,Y,-10.2902,0.7781,0.14766391700522102,59.574073791503906,False,Núcleo estrutural (dobramento)
BRCA2,DBD,p.Gly2585Cys,2585,G,C,-6.80711,0.6857,0.08631525815737959,59.74650192260742,False,Núcleo estrutural (dobramento)
BRCA2,DBD,p.Gly2585Asp,2585,G,D,-6.86779,0.8704,0.08631525815737959,59.74650192260742,False,Núcleo estrutural (dobramento)
BRCA2,DBD,p.Gly2585Glu,2585,G,E,-7.22398,0.8504,0.08631525815737959,59.74650192260742,False,Núcleo estrutural (dobramento)
BRCA2,DBD,p.Gly2585His,2585,G,H,-10.70424,0.7107,0.08631525815737959,59.74650192260742,False,Núcleo estrutural (dobramento)
BRCA2,DBD,p.Gly2585Ile,2585,G,I,-9.29703,0.6974,0.08631525815737959,59.74650192260742,False,Núcleo estrutural (dobramento)
BRCA2,DBD,p.Gly2585Lys,2585,G,K,-10.57107,0.802,0.08631525815737959,59.74650192260742,False,Núcleo estrutural (dobramento)
BRCA2,DBD,p.Gly2585Leu,2585,G,L,-9.86774,0.7183,0.08631525815737959,59.74650192260742,False,Núcleo estrutural (dobramento)
BRCA2,DBD,p.Gly2585Asn,2585,G,N,-8.85059,0.8091,0.08631525815737959,59.74650192260742,False,Núcleo estrutural (dobramento)
BRCA2,DBD,p.Gly2585Gln,2585,G,Q,-10.58694,0.8078,0.08631525815737959,59.74650192260742,False,Núcleo estrutural (dobramento)
BRCA2,DBD,p.Gly2585Arg,2585,G,R,-8.8915,0.836,0.08631525815737959,59.74650192260742,False,Núcleo estrutural (dobramento)
BRCA2,DBD,p.Gly2585Val,2585,G,V,-6.63739,0.6761,0.08631525815737959,59.74650192260742,False,Núcleo estrutural (dobramento)
BRCA2,DBD,p.Gly2585Trp,2585,G,W,-9.62691,0.809,0.08631525815737959,59.74650192260742,False,Núcleo estrutural (dobramento)
BRCA2,DBD,p.Gly2585Tyr,2585,G,Y,-9.99244,0.7765,0.08631525815737959,59.74650192260742,False,Núcleo estrutural (dobramento)
BRCA2,DBD,p.Trp2586Ala,2586,W,A,-9.02781,0.7574,0.2647844519766656,59.07419967651367,False,Intermediário
BRCA2,DBD,p.Trp2586Asp,2586,W,D,-9.97931,0.8772,0.2647844519766656,59.07419967651367,False,Intermediário
BRCA2,DBD,p.Trp2586Glu,2586,W,E,-9.34865,0.8806,0.2647844519766656,59.07419967651367,False,Intermediário
BRCA2,DBD,p.Trp2586Gly,2586,W,G,-9.06795,0.8493,0.2647844519766656,59.07419967651367,False,Intermediário
BRCA2,DBD,p.Trp2586Ile,2586,W,I,-7.06642,0.7063,0.2647844519766656,59.07419967651367,False,Intermediário
BRCA2,DBD,p.Trp2586Lys,2586,W,K,-7.22183,0.737,0.2647844519766656,59.07419967651367,False,Intermediário
BRCA2,DBD,p.Trp2586Met,2586,W,M,-6.90828,0.7291,0.2647844519766656,59.07419967651367,False,Intermediário
BRCA2,DBD,p.Trp2586Asn,2586,W,N,-8.04733,0.8039,0.2647844519766656,59.07419967651367,False,Intermediário
BRCA2,DBD,p.Trp2586Pro,2586,W,P,-9.47432,0.8099,0.2647844519766656,59.07419967651367,False,Intermediário
BRCA2,DBD,p.Trp2586Gln,2586,W,Q,-7.16234,0.8042,0.2647844519766656,59.07419967651367,False,Intermediário
BRCA2,DBD,p.Trp2586Ser,2586,W,S,-7.09108,0.7929,0.2647844519766656,59.07419967651367,False,Intermediário
BRCA2,DBD,p.Trp2586Thr,2586,W,T,-8.2579,0.7504,0.2647844519766656,59.07419967651367,False,Intermediário
BRCA2,DBD,p.Trp2586Val,2586,W,V,-7.49827,0.7268,0.2647844519766656,59.07419967651367,False,Intermediário
BRCA2,DBD,p.Leu2587Asp,2587,L,D,-13.43341,0.8131,0.041379245374637906,56.62250518798828,False,Núcleo estrutural (dobramento)
BRCA2,DBD,p.Leu2587Glu,2587,L,E,-12.67933,0.7911,0.041379245374637906,56.62250518798828,False,Núcleo estrutural (dobramento)
BRCA2,DBD,p.Leu2587Lys,2587,L,K,-11.63381,0.7486,0.041379245374637906,56.62250518798828,False,Núcleo estrutural (dobramento)
BRCA2,DBD,p.Leu2587Asn,2587,L,N,-11.91384,0.8017,0.041379245374637906,56.62250518798828,False,Núcleo estrutural (dobramento)
BRCA2,DBD,p.Leu2587Pro,2587,L,P,-8.64154,0.9653,0.041379245374637906,56.62250518798828,False,Núcleo estrutural (dobramento)
BRCA2,DBD,p.Leu2587Gln,2587,L,Q,-9.2286,0.7598,0.041379245374637906,56.62250518798828,False,Núcleo estrutural (dobramento)
BRCA2,DBD,p.Leu2587Arg,2587,L,R,-10.42107,0.6989,0.041379245374637906,56.62250518798828,False,Núcleo estrutural (dobramento)
BRCA2,DBD,p.Leu2587Thr,2587,L,T,-9.71559,0.6817,0.041379245374637906,56.62250518798828,False,Núcleo estrutural (dobramento)
BRCA2,DBD,p.Leu2587Tyr,2587,L,Y,-9.81477,0.6995,0.041379245374637906,56.62250518798828,False,Núcleo estrutural (dobramento)
BRCA2,DBD,p.Ile2588Asp,2588,I,D,-12.61351,0.8142,0.13972203027216026,59.8089485168457,False,Núcleo estrutural (dobramento)
BRCA2,DBD,p.Ile2588Glu,2588,I,E,-11.56596,0.7974,0.13972203027216026,59.8089485168457,False,Núcleo estrutural (dobramento)
BRCA2,DBD,p.Ile2588Lys,2588,I,K,-11.31504,0.737,0.13972203027216026,59.8089485168457,False,Núcleo estrutural (dobramento)
BRCA2,DBD,p.Ile2588Asn,2588,I,N,-10.79212,0.8171,0.13972203027216026,59.8089485168457,False,Núcleo estrutural (dobramento)
BRCA2,DBD,p.Ile2588Pro,2588,I,P,-11.49973,0.9335,0.13972203027216026,59.8089485168457,False,Núcleo estrutural (dobramento)
BRCA2,DBD,p.Ile2588Gln,2588,I,Q,-11.98739,0.7755,0.13972203027216026,59.8089485168457,False,Núcleo estrutural (dobramento)
BRCA2,DBD,p.Ile2588Arg,2588,I,R,-12.1107,0.6857,0.13972203027216026,59.8089485168457,False,Núcleo estrutural (dobramento)
BRCA2,DBD,p.Ile2588Tyr,2588,I,Y,-11.07426,0.6858,0.13972203027216026,59.8089485168457,False,Núcleo estrutural (dobramento)
BRCA2,DBD,p.Pro2589Glu,2589,P,E,-9.51357,0.6787,0.08771611210421516,60.763587951660156,False,Núcleo estrutural (dobramento)
BRCA2,DBD,p.Asp2592Pro,2592,D,P,-10.02453,0.705,0.6976852220628641,59.542266845703125,False,Superfície
BRCA2,DBD,p.Gly2593Val,2593,G,V,-6.65958,0.6761,0.1766237222384451,59.613914489746094,False,Intermediário
BRCA2,DBD,p.Lys2594Pro,2594,K,P,-6.98855,0.6973,0.42363844460327243,55.799678802490234,False,Superfície
BRCA2,DBD,p.Ala2595Asp,2595,A,D,-8.24631,0.8127,0.009361459039069119,54.02753448486328,False,Núcleo estrutural (dobramento)
BRCA2,DBD,p.Ala2595Glu,2595,A,E,-8.1808,0.7725,0.009361459039069119,54.02753448486328,False,Núcleo estrutural (dobramento)
BRCA2,DBD,p.Ala2595His,2595,A,H,-10.3518,0.694,0.009361459039069119,54.02753448486328,False,Núcleo estrutural (dobramento)
BRCA2,DBD,p.Ala2595Lys,2595,A,K,-9.75507,0.7816,0.009361459039069119,54.02753448486328,False,Núcleo estrutural (dobramento)
BRCA2,DBD,p.Ala2595Asn,2595,A,N,-9.21036,0.7542,0.009361459039069119,54.02753448486328,False,Núcleo estrutural (dobramento)
BRCA2,DBD,p.Ala2595Pro,2595,A,P,-7.10303,0.8185,0.009361459039069119,54.02753448486328,False,Núcleo estrutural (dobramento)
BRCA2,DBD,p.Ala2595Gln,2595,A,Q,-10.13294,0.7468,0.009361459039069119,54.02753448486328,False,Núcleo estrutural (dobramento)
BRCA2,DBD,p.Ala2595Arg,2595,A,R,-10.15183,0.7405,0.009361459039069119,54.02753448486328,False,Núcleo estrutural (dobramento)
BRCA2,DBD,p.Ala2595Trp,2595,A,W,-10.30927,0.7017,0.009361459039069119,54.02753448486328,False,Núcleo estrutural (dobramento)
BRCA2,DBD,p.Ala2595Tyr,2595,A,Y,-8.85128,0.7173,0.009361459039069119,54.02753448486328,False,Núcleo estrutural (dobramento)
BRCA2,DBD,p.Gly2596Cys,2596,G,C,-7.59511,0.6893,0.0,51.405975341796875,False,Núcleo estrutural (dobramento)
BRCA2,DBD,p.Gly2596Asp,2596,G,D,-6.21537,0.8647,0.0,51.405975341796875,False,Núcleo estrutural (dobramento)
BRCA2,DBD,p.Gly2596Glu,2596,G,E,-6.48874,0.844,0.0,51.405975341796875,False,Núcleo estrutural (dobramento)
BRCA2,DBD,p.Gly2596His,2596,G,H,-9.99132,0.7103,0.0,51.405975341796875,False,Núcleo estrutural (dobramento)
BRCA2,DBD,p.Gly2596Ile,2596,G,I,-10.14893,0.6979,0.0,51.405975341796875,False,Núcleo estrutural (dobramento)
BRCA2,DBD,p.Gly2596Lys,2596,G,K,-8.4398,0.7612,0.0,51.405975341796875,False,Núcleo estrutural (dobramento)
BRCA2,DBD,p.Gly2596Leu,2596,G,L,-9.72346,0.7183,0.0,51.405975341796875,False,Núcleo estrutural (dobramento)
BRCA2,DBD,p.Gly2596Asn,2596,G,N,-7.53016,0.7765,0.0,51.405975341796875,False,Núcleo estrutural (dobramento)
BRCA2,DBD,p.Gly2596Gln,2596,G,Q,-9.41507,0.8027,0.0,51.405975341796875,False,Núcleo estrutural (dobramento)
BRCA2,DBD,p.Gly2596Arg,2596,G,R,-6.53013,0.7535,0.0,51.405975341796875,False,Núcleo estrutural (dobramento)
BRCA2,DBD,p.Gly2596Val,2596,G,V,-8.12081,0.7031,0.0,51.405975341796875,False,Núcleo estrutural (dobramento)
BRCA2,DBD,p.Gly2596Trp,2596,G,W,-8.24693,0.7885,0.0,51.405975341796875,False,Núcleo estrutural (dobramento)
BRCA2,DBD,p.Gly2596Tyr,2596,G,Y,-9.85961,0.776,0.0,51.405975341796875,False,Núcleo estrutural (dobramento)
BRCA2,DBD,p.Lys2597Pro,2597,K,P,-8.89845,0.7245,0.2397196534108341,45.53751754760742,False,Intermediário
BRCA2,DBD,p.Lys2597Trp,2597,K,W,-8.29191,0.6981,0.2397196534108341,45.53751754760742,False,Intermediário
BRCA2,DBD,p.Lys2597Tyr,2597,K,Y,-9.57325,0.7361,0.2397196534108341,45.53751754760742,False,Intermediário
BRCA2,DBD,p.Glu2598Pro,2598,E,P,-9.51179,0.683,0.4976526201497236,49.75499725341797,False,Superfície
BRCA2,DBD,p.Glu2598Tyr,2598,E,Y,-9.03111,0.6905,0.4976526201497236,49.75499725341797,False,Superfície
BRCA2,DBD,p.Glu2599Pro,2599,E,P,-11.79612,0.6925,0.09952604972578878,53.55579376220703,False,Núcleo estrutural (dobramento)
BRCA2,DBD,p.Glu2599Tyr,2599,E,Y,-10.66674,0.6958,0.09952604972578878,53.55579376220703,False,Núcleo estrutural (dobramento)
BRCA2,DBD,p.Phe2600Asp,2600,F,D,-14.13617,0.7998,0.005031784233499651,52.10408401489258,False,Núcleo estrutural (dobramento)
BRCA2,DBD,p.Phe2600Glu,2600,F,E,-15.35604,0.7843,0.005031784233499651,52.10408401489258,False,Núcleo estrutural (dobramento)
BRCA2,DBD,p.Phe2600His,2600,F,H,-11.54451,0.6923,0.005031784233499651,52.10408401489258,False,Núcleo estrutural (dobramento)
BRCA2,DBD,p.Phe2600Lys,2600,F,K,-14.9346,0.7239,0.005031784233499651,52.10408401489258,False,Núcleo estrutural (dobramento)
BRCA2,DBD,p.Phe2600Asn,2600,F,N,-12.81901,0.7515,0.005031784233499651,52.10408401489258,False,Núcleo estrutural (dobramento)
BRCA2,DBD,p.Phe2600Pro,2600,F,P,-14.70801,0.7793,0.005031784233499651,52.10408401489258,False,Núcleo estrutural (dobramento)
BRCA2,DBD,p.Phe2600Gln,2600,F,Q,-13.76195,0.7489,0.005031784233499651,52.10408401489258,False,Núcleo estrutural (dobramento)
BRCA2,DBD,p.Tyr2601Ala,2601,Y,A,-11.41796,0.695,0.14220793031835632,49.81727981567383,False,Núcleo estrutural (dobramento)
BRCA2,DBD,p.Tyr2601Cys,2601,Y,C,-6.18396,0.8464,0.14220793031835632,49.81727981567383,False,Núcleo estrutural (dobramento)
BRCA2,DBD,p.Tyr2601Asp,2601,Y,D,-10.26711,0.9587,0.14220793031835632,49.81727981567383,False,Núcleo estrutural (dobramento)
BRCA2,DBD,p.Tyr2601Glu,2601,Y,E,-11.24216,0.9059,0.14220793031835632,49.81727981567383,False,Núcleo estrutural (dobramento)
BRCA2,DBD,p.Tyr2601Gly,2601,Y,G,-11.97136,0.781,0.14220793031835632,49.81727981567383,False,Núcleo estrutural (dobramento)
BRCA2,DBD,p.Tyr2601Ile,2601,Y,I,-10.04756,0.7311,0.14220793031835632,49.81727981567383,False,Núcleo estrutural (dobramento)
BRCA2,DBD,p.Tyr2601Lys,2601,Y,K,-11.00779,0.8258,0.14220793031835632,49.81727981567383,False,Núcleo estrutural (dobramento)
BRCA2,DBD,p.Tyr2601Leu,2601,Y,L,-8.31858,0.7246,0.14220793031835632,49.81727981567383,False,Núcleo estrutural (dobramento)
BRCA2,DBD,p.Tyr2601Met,2601,Y,M,-11.67047,0.7522,0.14220793031835632,49.81727981567383,False,Núcleo estrutural (dobramento)
BRCA2,DBD,p.Tyr2601Asn,2601,Y,N,-8.89615,0.8603,0.14220793031835632,49.81727981567383,False,Núcleo estrutural (dobramento)
BRCA2,DBD,p.Tyr2601Pro,2601,Y,P,-13.82606,0.7843,0.14220793031835632,49.81727981567383,False,Núcleo estrutural (dobramento)
BRCA2,DBD,p.Tyr2601Gln,2601,Y,Q,-8.80764,0.7303,0.14220793031835632,49.81727981567383,False,Núcleo estrutural (dobramento)
BRCA2,DBD,p.Tyr2601Arg,2601,Y,R,-9.59846,0.7187,0.14220793031835632,49.81727981567383,False,Núcleo estrutural (dobramento)
BRCA2,DBD,p.Tyr2601Ser,2601,Y,S,-9.01494,0.7004,0.14220793031835632,49.81727981567383,False,Núcleo estrutural (dobramento)
BRCA2,DBD,p.Tyr2601Val,2601,Y,V,-10.56575,0.7306,0.14220793031835632,49.81727981567383,False,Núcleo estrutural (dobramento)
BRCA2,DBD,p.Arg2602Asp,2602,R,D,-7.91612,0.7145,0.40170715147189484,53.42409133911133,False,Superfície
BRCA2,DBD,p.Arg2602Phe,2602,R,F,-8.32176,0.681,0.40170715147189484,53.42409133911133,False,Superfície
BRCA2,DBD,p.Arg2602Ile,2602,R,I,-6.33486,0.7045,0.40170715147189484,53.42409133911133,False,Superfície
BRCA2,DBD,p.Arg2602Pro,2602,R,P,-9.4133,0.8029,0.40170715147189484,53.42409133911133,False,Superfície
BRCA2,DBD,p.Arg2602Val,2602,R,V,-7.15769,0.7007,0.40170715147189484,53.42409133911133,False,Superfície
BRCA2,DBD,p.Arg2602Tyr,2602,R,Y,-6.52727,0.6877,0.40170715147189484,53.42409133911133,False,Superfície
BRCA2,DBD,p.Ala2603Asp,2603,A,D,-9.76719,0.8371,0.008477429478407808,55.497901916503906,False,Núcleo estrutural (dobramento)
BRCA2,DBD,p.Ala2603Glu,2603,A,E,-9.03191,0.802,0.008477429478407808,55.497901916503906,False,Núcleo estrutural (dobramento)
BRCA2,DBD,p.Ala2603His,2603,A,H,-12.29028,0.694,0.008477429478407808,55.497901916503906,False,Núcleo estrutural (dobramento)
BRCA2,DBD,p.Ala2603Lys,2603,A,K,-11.35805,0.7816,0.008477429478407808,55.497901916503906,False,Núcleo estrutural (dobramento)
BRCA2,DBD,p.Ala2603Asn,2603,A,N,-10.56628,0.7576,0.008477429478407808,55.497901916503906,False,Núcleo estrutural (dobramento)
BRCA2,DBD,p.Ala2603Pro,2603,A,P,-10.31222,0.8459,0.008477429478407808,55.497901916503906,False,Núcleo estrutural (dobramento)
BRCA2,DBD,p.Ala2603Gln,2603,A,Q,-11.16851,0.7468,0.008477429478407808,55.497901916503906,False,Núcleo estrutural (dobramento)
BRCA2,DBD,p.Ala2603Arg,2603,A,R,-10.69937,0.7405,0.008477429478407808,55.497901916503906,False,Núcleo estrutural (dobramento)
BRCA2,DBD,p.Ala2603Trp,2603,A,W,-12.37245,0.7017,0.008477429478407808,55.497901916503906,False,Núcleo estrutural (dobramento)
BRCA2,DBD,p.Ala2603Tyr,2603,A,Y,-11.25614,0.7266,0.008477429478407808,55.497901916503906,False,Núcleo estrutural (dobramento)
BRCA2,DBD,p.Leu2604Asp,2604,L,D,-15.54259,0.8131,0.0360486034638781,49.96337890625,False,Núcleo estrutural (dobramento)
BRCA2,DBD,p.Leu2604Glu,2604,L,E,-14.11446,0.7911,0.0360486034638781,49.96337890625,False,Núcleo estrutural (dobramento)
BRCA2,DBD,p.Leu2604Lys,2604,L,K,-13.88725,0.7486,0.0360486034638781,49.96337890625,False,Núcleo estrutural (dobramento)
BRCA2,DBD,p.Leu2604Asn,2604,L,N,-13.41702,0.8017,0.0360486034638781,49.96337890625,False,Núcleo estrutural (dobramento)
BRCA2,DBD,p.Leu2604Pro,2604,L,P,-11.41349,0.9666,0.0360486034638781,49.96337890625,False,Núcleo estrutural (dobramento)
BRCA2,DBD,p.Leu2604Gln,2604,L,Q,-10.75582,0.7631,0.0360486034638781,49.96337890625,False,Núcleo estrutural (dobramento)
BRCA2,DBD,p.Leu2604Arg,2604,L,R,-12.22342,0.6989,0.0360486034638781,49.96337890625,False,Núcleo estrutural (dobramento)
BRCA2,DBD,p.Leu2604Thr,2604,L,T,-10.06017,0.6808,0.0360486034638781,49.96337890625,False,Núcleo estrutural (dobramento)
BRCA2,DBD,p.Leu2604Tyr,2604,L,Y,-10.51696,0.7018,0.0360486034638781,49.96337890625,False,Núcleo estrutural (dobramento)
BRCA2,DBD,p.Cys2605Asp,2605,C,D,-12.21747,0.7661,0.08085940281015344,52.84489059448242,False,Núcleo estrutural (dobramento)
BRCA2,DBD,p.Cys2605Glu,2605,C,E,-10.60436,0.7591,0.08085940281015344,52.84489059448242,False,Núcleo estrutural (dobramento)
BRCA2,DBD,p.Cys2605Lys,2605,C,K,-10.1655,0.7024,0.08085940281015344,52.84489059448242,False,Núcleo estrutural (dobramento)
BRCA2,DBD,p.Cys2605Asn,2605,C,N,-9.92703,0.7579,0.08085940281015344,52.84489059448242,False,Núcleo estrutural (dobramento)
BRCA2,DBD,p.Cys2605Pro,2605,C,P,-12.55129,0.7639,0.08085940281015344,52.84489059448242,False,Núcleo estrutural (dobramento)
BRCA2,DBD,p.Cys2605Gln,2605,C,Q,-9.71359,0.7297,0.08085940281015344,52.84489059448242,False,Núcleo estrutural (dobramento)
BRCA2,DBD,p.Asp2606Cys,2606,D,C,-9.56434,0.6851,0.11940578379909797,56.73108673095703,False,Núcleo estrutural (dobramento)
BRCA2,DBD,p.Asp2606Ile,2606,D,I,-10.67196,0.6804,0.11940578379909797,56.73108673095703,False,Núcleo estrutural (dobramento)
BRCA2,DBD,p.Asp2606Leu,2606,D,L,-11.25036,0.6959,0.11940578379909797,56.73108673095703,False,Núcleo estrutural (dobramento)
BRCA2,DBD,p.Asp2606Pro,2606,D,P,-14.00305,0.7108,0.11940578379909797,56.73108673095703,False,Núcleo estrutural (dobramento)
BRCA2,DBD,p.Asp2606Val,2606,D,V,-9.00493,0.7123,0.11940578379909797,56.73108673095703,False,Núcleo estrutural (dobramento)
BRCA2,DBD,p.Asp2606Tyr,2606,D,Y,-8.0403,0.6943,0.11940578379909797,56.73108673095703,False,Núcleo estrutural (dobramento)
BRCA2,DBD,p.Thr2607Glu,2607,T,E,-9.34382,0.7131,0.039751521629697154,56.12446594238281,False,Núcleo estrutural (dobramento)
BRCA2,DBD,p.Thr2607Lys,2607,T,K,-8.98815,0.7501,0.039751521629697154,56.12446594238281,False,Núcleo estrutural (dobramento)
BRCA2,DBD,p.Thr2607Leu,2607,T,L,-8.30691,0.6782,0.039751521629697154,56.12446594238281,False,Núcleo estrutural (dobramento)
BRCA2,DBD,p.Thr2607Pro,2607,T,P,-10.76838,0.702,0.039751521629697154,56.12446594238281,False,Núcleo estrutural (dobramento)
BRCA2,DBD,p.Gly2609Cys,2609,G,C,-7.62641,0.6901,0.1062492676968402,54.26607131958008,False,Núcleo estrutural (dobramento)
BRCA2,DBD,p.Gly2609Asp,2609,G,D,-6.03087,0.8382,0.1062492676968402,54.26607131958008,False,Núcleo estrutural (dobramento)
BRCA2,DBD,p.Gly2609Glu,2609,G,E,-5.91973,0.7339,0.1062492676968402,54.26607131958008,False,Núcleo estrutural (dobramento)
BRCA2,DBD,p.Gly2609His,2609,G,H,-9.30353,0.7087,0.1062492676968402,54.26607131958008,False,Núcleo estrutural (dobramento)
BRCA2,DBD,p.Gly2609Ile,2609,G,I,-11.28538,0.6973,0.1062492676968402,54.26607131958008,False,Núcleo estrutural (dobramento)
BRCA2,DBD,p.Gly2609Lys,2609,G,K,-8.31119,0.7518,0.1062492676968402,54.26607131958008,False,Núcleo estrutural (dobramento)
BRCA2,DBD,p.Gly2609Leu,2609,G,L,-9.69175,0.7183,0.1062492676968402,54.26607131958008,False,Núcleo estrutural (dobramento)
BRCA2,DBD,p.Gly2609Asn,2609,G,N,-7.72891,0.7813,0.1062492676968402,54.26607131958008,False,Núcleo estrutural (dobramento)
BRCA2,DBD,p.Gly2609Gln,2609,G,Q,-8.70321,0.8018,0.1062492676968402,54.26607131958008,False,Núcleo estrutural (dobramento)
BRCA2,DBD,p.Gly2609Arg,2609,G,R,-6.71107,0.7502,0.1062492676968402,54.26607131958008,False,Núcleo estrutural (dobramento)
BRCA2,DBD,p.Gly2609Val,2609,G,V,-8.74257,0.7196,0.1062492676968402,54.26607131958008,False,Núcleo estrutural (dobramento)
BRCA2,DBD,p.Gly2609Trp,2609,G,W,-8.7412,0.8049,0.1062492676968402,54.26607131958008,False,Núcleo estrutural (dobramento)
BRCA2,DBD,p.Gly2609Tyr,2609,G,Y,-10.08769,0.7781,0.1062492676968402,54.26607131958008,False,Núcleo estrutural (dobramento)
BRCA2,DBD,p.Val2610Asp,2610,V,D,-11.39957,0.8241,0.04388725494492091,52.92827606201172,False,Núcleo estrutural (dobramento)
BRCA2,DBD,p.Val2610Glu,2610,V,E,-10.4328,0.8405,0.04388725494492091,52.92827606201172,False,Núcleo estrutural (dobramento)
BRCA2,DBD,p.Val2610Lys,2610,V,K,-11.36215,0.7631,0.04388725494492091,52.92827606201172,False,Núcleo estrutural (dobramento)
BRCA2,DBD,p.Val2610Asn,2610,V,N,-10.66199,0.7933,0.04388725494492091,52.92827606201172,False,Núcleo estrutural (dobramento)
BRCA2,DBD,p.Val2610Pro,2610,V,P,-11.33405,0.9063,0.04388725494492091,52.92827606201172,False,Núcleo estrutural (dobramento)
BRCA2,DBD,p.Val2610Gln,2610,V,Q,-12.45818,0.783,0.04388725494492091,52.92827606201172,False,Núcleo estrutural (dobramento)
BRCA2,DBD,p.Val2610Arg,2610,V,R,-12.01681,0.6844,0.04388725494492091,52.92827606201172,False,Núcleo estrutural (dobramento)
BRCA2,DBD,p.Val2610Tyr,2610,V,Y,-12.51134,0.6835,0.04388725494492091,52.92827606201172,False,Núcleo estrutural (dobramento)
BRCA2,DBD,p.Asp2611Leu,2611,D,L,-8.67526,0.6803,0.12425184510524061,51.31659698486328,False,Núcleo estrutural (dobramento)
BRCA2,DBD,p.Asp2611Pro,2611,D,P,-10.55916,0.7108,0.12425184510524061,51.31659698486328,False,Núcleo estrutural (dobramento)
BRCA2,DBD,p.Asp2611Tyr,2611,D,Y,-8.23374,0.693,0.12425184510524061,51.31659698486328,False,Núcleo estrutural (dobramento)
BRCA2,DBD,p.Lys2613Pro,2613,K,P,-10.66378,0.7508,0.47526322498038437,49.13998031616211,False,Superfície
BRCA2,DBD,p.Lys2613Trp,2613,K,W,-9.25844,0.7188,0.47526322498038437,49.13998031616211,False,Superfície
BRCA2,DBD,p.Lys2613Tyr,2613,K,Y,-8.37385,0.7102,0.47526322498038437,49.13998031616211,False,Superfície
BRCA2,DBD,p.Leu2614Asp,2614,L,D,-10.28242,0.8131,0.48317982600792236,45.98126220703125,False,Superfície
BRCA2,DBD,p.Leu2614Glu,2614,L,E,-9.65951,0.7916,0.48317982600792236,45.98126220703125,False,Superfície
BRCA2,DBD,p.Leu2614Asn,2614,L,N,-7.46941,0.7445,0.48317982600792236,45.98126220703125,False,Superfície
BRCA2,DBD,p.Leu2614Pro,2614,L,P,-8.19185,0.9607,0.48317982600792236,45.98126220703125,False,Superfície
BRCA2,DBD,p.Ile2615Asp,2615,I,D,-12.70271,0.8142,0.1232237252178564,46.763553619384766,False,Núcleo estrutural (dobramento)
BRCA2,DBD,p.Ile2615Glu,2615,I,E,-13.06675,0.7974,0.1232237252178564,46.763553619384766,False,Núcleo estrutural (dobramento)
BRCA2,DBD,p.Ile2615Lys,2615,I,K,-12.75409,0.737,0.1232237252178564,46.763553619384766,False,Núcleo estrutural (dobramento)
BRCA2,DBD,p.Ile2615Asn,2615,I,N,-10.3841,0.8171,0.1232237252178564,46.763553619384766,False,Núcleo estrutural (dobramento)
BRCA2,DBD,p.Ile2615Pro,2615,I,P,-12.64719,0.9339,0.1232237252178564,46.763553619384766,False,Núcleo estrutural (dobramento)
BRCA2,DBD,p.Ile2615Gln,2615,I,Q,-13.10581,0.7755,0.1232237252178564,46.763553619384766,False,Núcleo estrutural (dobramento)
BRCA2,DBD,p.Ile2615Arg,2615,I,R,-12.99068,0.6857,0.1232237252178564,46.763553619384766,False,Núcleo estrutural (dobramento)
BRCA2,DBD,p.Ile2615Tyr,2615,I,Y,-13.61935,0.6858,0.1232237252178564,46.763553619384766,False,Núcleo estrutural (dobramento)
BRCA2,DBD,p.Ser2616Ile,2616,S,I,-7.18638,0.6835,0.24053168382906687,43.73429870605469,False,Intermediário
BRCA2,DBD,p.Trp2619Ala,2619,W,A,-12.84186,0.7661,0.16829126035656394,42.00045394897461,False,Intermediário
BRCA2,DBD,p.Trp2619Cys,2619,W,C,-9.22757,0.7623,0.16829126035656394,42.00045394897461,False,Intermediário
BRCA2,DBD,p.Trp2619Asp,2619,W,D,-13.05841,0.8777,0.16829126035656394,42.00045394897461,False,Intermediário
BRCA2,DBD,p.Trp2619Glu,2619,W,E,-13.21225,0.8844,0.16829126035656394,42.00045394897461,False,Intermediário
BRCA2,DBD,p.Trp2619Gly,2619,W,G,-10.62403,0.8622,0.16829126035656394,42.00045394897461,False,Intermediário
BRCA2,DBD,p.Trp2619His,2619,W,H,-11.23717,0.7577,0.16829126035656394,42.00045394897461,False,Intermediário
BRCA2,DBD,p.Trp2619Ile,2619,W,I,-13.52525,0.7524,0.16829126035656394,42.00045394897461,False,Intermediário
BRCA2,DBD,p.Trp2619Lys,2619,W,K,-13.19365,0.8017,0.16829126035656394,42.00045394897461,False,Intermediário
BRCA2,DBD,p.Trp2619Leu,2619,W,L,-10.39518,0.7888,0.16829126035656394,42.00045394897461,False,Intermediário
BRCA2,DBD,p.Trp2619Met,2619,W,M,-13.4776,0.7794,0.16829126035656394,42.00045394897461,False,Intermediário
BRCA2,DBD,p.Trp2619Asn,2619,W,N,-12.64199,0.8276,0.16829126035656394,42.00045394897461,False,Intermediário
BRCA2,DBD,p.Trp2619Pro,2619,W,P,-13.30203,0.8187,0.16829126035656394,42.00045394897461,False,Intermediário
BRCA2,DBD,p.Trp2619Gln,2619,W,Q,-11.1028,0.853,0.16829126035656394,42.00045394897461,False,Intermediário
BRCA2,DBD,p.Trp2619Arg,2619,W,R,-9.79279,0.7695,0.16829126035656394,42.00045394897461,False,Intermediário
BRCA2,DBD,p.Trp2619Ser,2619,W,S,-10.11828,0.8302,0.16829126035656394,42.00045394897461,False,Intermediário
BRCA2,DBD,p.Trp2619Thr,2619,W,T,-12.79379,0.7832,0.16829126035656394,42.00045394897461,False,Intermediário
BRCA2,DBD,p.Trp2619Val,2619,W,V,-12.75135,0.7599,0.16829126035656394,42.00045394897461,False,Intermediário
BRCA2,DBD,p.Val2620Asp,2620,V,D,-12.45288,0.8241,0.0069403920462064155,44.23228073120117,False,Núcleo estrutural (dobramento)
BRCA2,DBD,p.Val2620Glu,2620,V,E,-12.50435,0.8397,0.0069403920462064155,44.23228073120117,False,Núcleo estrutural (dobramento)
BRCA2,DBD,p.Val2620Lys,2620,V,K,-15.81316,0.7631,0.0069403920462064155,44.23228073120117,False,Núcleo estrutural (dobramento)
BRCA2,DBD,p.Val2620Asn,2620,V,N,-12.63047,0.7925,0.0069403920462064155,44.23228073120117,False,Núcleo estrutural (dobramento)
BRCA2,DBD,p.Val2620Pro,2620,V,P,-11.21177,0.9063,0.0069403920462064155,44.23228073120117,False,Núcleo estrutural (dobramento)
BRCA2,DBD,p.Val2620Gln,2620,V,Q,-14.5295,0.783,0.0069403920462064155,44.23228073120117,False,Núcleo estrutural (dobramento)
BRCA2,DBD,p.Val2620Arg,2620,V,R,-15.23482,0.6844,0.0069403920462064155,44.23228073120117,False,Núcleo estrutural (dobramento)
BRCA2,DBD,p.Val2620Tyr,2620,V,Y,-11.95382,0.6835,0.0069403920462064155,44.23228073120117,False,Núcleo estrutural (dobramento)
BRCA2,DBD,p.His2623Cys,2623,H,C,-10.23117,0.749,0.016173592179106022,40.63130187988281,False,Núcleo estrutural (dobramento)
BRCA2,DBD,p.His2623Asp,2623,H,D,-10.90793,0.7104,0.016173592179106022,40.63130187988281,False,Núcleo estrutural (dobramento)
BRCA2,DBD,p.His2623Glu,2623,H,E,-12.65,0.7026,0.016173592179106022,40.63130187988281,False,Núcleo estrutural (dobramento)
BRCA2,DBD,p.His2623Phe,2623,H,F,-12.54702,0.6809,0.016173592179106022,40.63130187988281,False,Núcleo estrutural (dobramento)
BRCA2,DBD,p.His2623Ile,2623,H,I,-11.00142,0.6935,0.016173592179106022,40.63130187988281,False,Núcleo estrutural (dobramento)
BRCA2,DBD,p.His2623Lys,2623,H,K,-12.14688,0.7196,0.016173592179106022,40.63130187988281,False,Núcleo estrutural (dobramento)
BRCA2,DBD,p.His2623Leu,2623,H,L,-9.55177,0.7115,0.016173592179106022,40.63130187988281,False,Núcleo estrutural (dobramento)
BRCA2,DBD,p.His2623Met,2623,H,M,-11.63426,0.676,0.016173592179106022,40.63130187988281,False,Núcleo estrutural (dobramento)
BRCA2,DBD,p.His2623Pro,2623,H,P,-11.46621,0.8259,0.016173592179106022,40.63130187988281,False,Núcleo estrutural (dobramento)
BRCA2,DBD,p.His2623Arg,2623,H,R,-10.36422,0.7825,0.016173592179106022,40.63130187988281,False,Núcleo estrutural (dobramento)
BRCA2,DBD,p.His2623Ser,2623,H,S,-9.07739,0.7152,0.016173592179106022,40.63130187988281,False,Núcleo estrutural (dobramento)
BRCA2,DBD,p.His2623Thr,2623,H,T,-9.39022,0.7026,0.016173592179106022,40.63130187988281,False,Núcleo estrutural (dobramento)
BRCA2,DBD,p.His2623Val,2623,H,V,-11.45164,0.7225,0.016173592179106022,40.63130187988281,False,Núcleo estrutural (dobramento)
BRCA2,DBD,p.His2623Trp,2623,H,W,-13.21524,0.8091,0.016173592179106022,40.63130187988281,False,Núcleo estrutural (dobramento)
BRCA2,DBD,p.His2623Tyr,2623,H,Y,-9.65303,0.7986,0.016173592179106022,40.63130187988281,False,Núcleo estrutural (dobramento)
BRCA2,DBD,p.Tyr2624Ala,2624,Y,A,-13.38571,0.6955,0.004591742266311469,44.17966079711914,False,Núcleo estrutural (dobramento)
BRCA2,DBD,p.Tyr2624Cys,2624,Y,C,-8.53187,0.8919,0.004591742266311469,44.17966079711914,False,Núcleo estrutural (dobramento)
BRCA2,DBD,p.Tyr2624Asp,2624,Y,D,-11.43206,0.9587,0.004591742266311469,44.17966079711914,False,Núcleo estrutural (dobramento)
BRCA2,DBD,p.Tyr2624Glu,2624,Y,E,-13.73484,0.9059,0.004591742266311469,44.17966079711914,False,Núcleo estrutural (dobramento)
BRCA2,DBD,p.Tyr2624Gly,2624,Y,G,-13.11287,0.781,0.004591742266311469,44.17966079711914,False,Núcleo estrutural (dobramento)
BRCA2,DBD,p.Tyr2624Ile,2624,Y,I,-11.93132,0.7306,0.004591742266311469,44.17966079711914,False,Núcleo estrutural (dobramento)
BRCA2,DBD,p.Tyr2624Lys,2624,Y,K,-14.1283,0.8258,0.004591742266311469,44.17966079711914,False,Núcleo estrutural (dobramento)
BRCA2,DBD,p.Tyr2624Leu,2624,Y,L,-10.75861,0.7447,0.004591742266311469,44.17966079711914,False,Núcleo estrutural (dobramento)
BRCA2,DBD,p.Tyr2624Met,2624,Y,M,-13.18122,0.7522,0.004591742266311469,44.17966079711914,False,Núcleo estrutural (dobramento)
BRCA2,DBD,p.Tyr2624Asn,2624,Y,N,-10.81455,0.8674,0.004591742266311469,44.17966079711914,False,Núcleo estrutural (dobramento)
BRCA2,DBD,p.Tyr2624Pro,2624,Y,P,-16.24789,0.7843,0.004591742266311469,44.17966079711914,False,Núcleo estrutural (dobramento)
BRCA2,DBD,p.Tyr2624Gln,2624,Y,Q,-12.51748,0.7341,0.004591742266311469,44.17966079711914,False,Núcleo estrutural (dobramento)
BRCA2,DBD,p.Tyr2624Arg,2624,Y,R,-12.33153,0.7258,0.004591742266311469,44.17966079711914,False,Núcleo estrutural (dobramento)
BRCA2,DBD,p.Tyr2624Ser,2624,Y,S,-10.99166,0.7128,0.004591742266311469,44.17966079711914,False,Núcleo estrutural (dobramento)
BRCA2,DBD,p.Tyr2624Val,2624,Y,V,-12.26576,0.73,0.004591742266311469,44.17966079711914,False,Núcleo estrutural (dobramento)
BRCA2,DBD,p.Arg2625Asp,2625,R,D,-10.91961,0.7604,0.10668458818925894,36.77299499511719,False,Núcleo estrutural (dobramento)
BRCA2,DBD,p.Arg2625Glu,2625,R,E,-9.53454,0.7126,0.10668458818925894,36.77299499511719,False,Núcleo estrutural (dobramento)
BRCA2,DBD,p.Arg2625Phe,2625,R,F,-10.21718,0.7133,0.10668458818925894,36.77299499511719,False,Núcleo estrutural (dobramento)
BRCA2,DBD,p.Arg2625Ile,2625,R,I,-7.81199,0.7492,0.10668458818925894,36.77299499511719,False,Núcleo estrutural (dobramento)
BRCA2,DBD,p.Arg2625Leu,2625,R,L,-6.76368,0.7353,0.10668458818925894,36.77299499511719,False,Núcleo estrutural (dobramento)
BRCA2,DBD,p.Arg2625Met,2625,R,M,-8.97007,0.7469,0.10668458818925894,36.77299499511719,False,Núcleo estrutural (dobramento)
BRCA2,DBD,p.Arg2625Pro,2625,R,P,-9.11461,0.792,0.10668458818925894,36.77299499511719,False,Núcleo estrutural (dobramento)
BRCA2,DBD,p.Arg2625Thr,2625,R,T,-7.95013,0.6931,0.10668458818925894,36.77299499511719,False,Núcleo estrutural (dobramento)
BRCA2,DBD,p.Arg2625Val,2625,R,V,-8.6123,0.724,0.10668458818925894,36.77299499511719,False,Núcleo estrutural (dobramento)
BRCA2,DBD,p.Arg2625Trp,2625,R,W,-8.20211,0.8399,0.10668458818925894,36.77299499511719,False,Núcleo estrutural (dobramento)
BRCA2,DBD,p.Arg2625Tyr,2625,R,Y,-9.21943,0.7603,0.10668458818925894,36.77299499511719,False,Núcleo estrutural (dobramento)
BRCA2,DBD,p.Trp2626Ala,2626,W,A,-11.59667,0.7661,0.054607009180848126,36.07832336425781,False,Núcleo estrutural (dobramento)
BRCA2,DBD,p.Trp2626Cys,2626,W,C,-8.42792,0.7529,0.054607009180848126,36.07832336425781,False,Núcleo estrutural (dobramento)
BRCA2,DBD,p.Trp2626Asp,2626,W,D,-13.18317,0.8777,0.054607009180848126,36.07832336425781,False,Núcleo estrutural (dobramento)
BRCA2,DBD,p.Trp2626Glu,2626,W,E,-12.12399,0.8844,0.054607009180848126,36.07832336425781,False,Núcleo estrutural (dobramento)
BRCA2,DBD,p.Trp2626Gly,2626,W,G,-7.96288,0.8218,0.054607009180848126,36.07832336425781,False,Núcleo estrutural (dobramento)
BRCA2,DBD,p.Trp2626His,2626,W,H,-10.59784,0.7577,0.054607009180848126,36.07832336425781,False,Núcleo estrutural (dobramento)
BRCA2,DBD,p.Trp2626Ile,2626,W,I,-12.30404,0.7524,0.054607009180848126,36.07832336425781,False,Núcleo estrutural (dobramento)
BRCA2,DBD,p.Trp2626Lys,2626,W,K,-11.43044,0.8017,0.054607009180848126,36.07832336425781,False,Núcleo estrutural (dobramento)
BRCA2,DBD,p.Trp2626Leu,2626,W,L,-7.73464,0.7523,0.054607009180848126,36.07832336425781,False,Núcleo estrutural (dobramento)
BRCA2,DBD,p.Trp2626Met,2626,W,M,-9.59473,0.7754,0.054607009180848126,36.07832336425781,False,Núcleo estrutural (dobramento)
BRCA2,DBD,p.Trp2626Asn,2626,W,N,-11.37178,0.8276,0.054607009180848126,36.07832336425781,False,Núcleo estrutural (dobramento)
BRCA2,DBD,p.Trp2626Pro,2626,W,P,-13.39931,0.8187,0.054607009180848126,36.07832336425781,False,Núcleo estrutural (dobramento)
BRCA2,DBD,p.Trp2626Gln,2626,W,Q,-8.46654,0.8342,0.054607009180848126,36.07832336425781,False,Núcleo estrutural (dobramento)
BRCA2,DBD,p.Trp2626Arg,2626,W,R,-8.04266,0.7346,0.054607009180848126,36.07832336425781,False,Núcleo estrutural (dobramento)
BRCA2,DBD,p.Trp2626Ser,2626,W,S,-9.52694,0.8252,0.054607009180848126,36.07832336425781,False,Núcleo estrutural (dobramento)
BRCA2,DBD,p.Trp2626Thr,2626,W,T,-12.0081,0.7832,0.054607009180848126,36.07832336425781,False,Núcleo estrutural (dobramento)
BRCA2,DBD,p.Trp2626Val,2626,W,V,-12.00536,0.7599,0.054607009180848126,36.07832336425781,False,Núcleo estrutural (dobramento)
BRCA2,DBD,p.Ile2627Asp,2627,I,D,-13.43658,0.8142,0.006130092467207697,43.069610595703125,False,Núcleo estrutural (dobramento)
BRCA2,DBD,p.Ile2627Glu,2627,I,E,-12.67569,0.7974,0.006130092467207697,43.069610595703125,False,Núcleo estrutural (dobramento)
BRCA2,DBD,p.Ile2627Lys,2627,I,K,-13.67251,0.737,0.006130092467207697,43.069610595703125,False,Núcleo estrutural (dobramento)
BRCA2,DBD,p.Ile2627Asn,2627,I,N,-10.62356,0.8171,0.006130092467207697,43.069610595703125,False,Núcleo estrutural (dobramento)
BRCA2,DBD,p.Ile2627Pro,2627,I,P,-13.7168,0.9339,0.006130092467207697,43.069610595703125,False,Núcleo estrutural (dobramento)
BRCA2,DBD,p.Ile2627Gln,2627,I,Q,-12.30769,0.7755,0.006130092467207697,43.069610595703125,False,Núcleo estrutural (dobramento)
BRCA2,DBD,p.Ile2627Arg,2627,I,R,-14.07927,0.6857,0.006130092467207697,43.069610595703125,False,Núcleo estrutural (dobramento)
BRCA2,DBD,p.Ile2627Tyr,2627,I,Y,-14.31701,0.6858,0.006130092467207697,43.069610595703125,False,Núcleo estrutural (dobramento)
BRCA2,DBD,p.Trp2629Ala,2629,W,A,-11.02295,0.7657,0.1888356889800162,36.844974517822266,True,Interface DSS1
BRCA2,DBD,p.Trp2629Cys,2629,W,C,-9.16746,0.7623,0.1888356889800162,36.844974517822266,True,Interface DSS1
BRCA2,DBD,p.Trp2629Asp,2629,W,D,-13.83254,0.8777,0.1888356889800162,36.844974517822266,True,Interface DSS1
BRCA2,DBD,p.Trp2629Glu,2629,W,E,-12.50215,0.8844,0.1888356889800162,36.844974517822266,True,Interface DSS1
BRCA2,DBD,p.Trp2629Gly,2629,W,G,-9.69136,0.8568,0.1888356889800162,36.844974517822266,True,Interface DSS1
BRCA2,DBD,p.Trp2629His,2629,W,H,-11.86997,0.7577,0.1888356889800162,36.844974517822266,True,Interface DSS1
BRCA2,DBD,p.Trp2629Ile,2629,W,I,-11.07856,0.7524,0.1888356889800162,36.844974517822266,True,Interface DSS1
BRCA2,DBD,p.Trp2629Lys,2629,W,K,-12.8365,0.8017,0.1888356889800162,36.844974517822266,True,Interface DSS1
BRCA2,DBD,p.Trp2629Leu,2629,W,L,-7.16346,0.7515,0.1888356889800162,36.844974517822266,True,Interface DSS1
BRCA2,DBD,p.Trp2629Met,2629,W,M,-10.93294,0.7792,0.1888356889800162,36.844974517822266,True,Interface DSS1
BRCA2,DBD,p.Trp2629Asn,2629,W,N,-12.39825,0.8276,0.1888356889800162,36.844974517822266,True,Interface DSS1
BRCA2,DBD,p.Trp2629Pro,2629,W,P,-12.84064,0.8187,0.1888356889800162,36.844974517822266,True,Interface DSS1
BRCA2,DBD,p.Trp2629Gln,2629,W,Q,-10.60993,0.853,0.1888356889800162,36.844974517822266,True,Interface DSS1
BRCA2,DBD,p.Trp2629Arg,2629,W,R,-9.29962,0.7659,0.1888356889800162,36.844974517822266,True,Interface DSS1
BRCA2,DBD,p.Trp2629Ser,2629,W,S,-10.1542,0.8302,0.1888356889800162,36.844974517822266,True,Interface DSS1
BRCA2,DBD,p.Trp2629Thr,2629,W,T,-11.71647,0.7832,0.1888356889800162,36.844974517822266,True,Interface DSS1
BRCA2,DBD,p.Trp2629Val,2629,W,V,-10.68465,0.7599,0.1888356889800162,36.844974517822266,True,Interface DSS1
BRCA2,DBD,p.Lys2630Pro,2630,K,P,-11.81894,0.7508,0.39140341434211734,43.13086700439453,True,Interface DSS1
BRCA2,DBD,p.Lys2630Trp,2630,K,W,-12.38963,0.7221,0.39140341434211734,43.13086700439453,True,Interface DSS1
BRCA2,DBD,p.Lys2630Tyr,2630,K,Y,-12.19842,0.7418,0.39140341434211734,43.13086700439453,True,Interface DSS1
BRCA2,DBD,p.Leu2631Asp,2631,L,D,-9.91515,0.8136,0.06608910635044318,45.69581985473633,False,Núcleo estrutural (dobramento)
BRCA2,DBD,p.Leu2631Glu,2631,L,E,-8.36132,0.775,0.06608910635044318,45.69581985473633,False,Núcleo estrutural (dobramento)
BRCA2,DBD,p.Leu2631Lys,2631,L,K,-8.4585,0.7226,0.06608910635044318,45.69581985473633,False,Núcleo estrutural (dobramento)
BRCA2,DBD,p.Leu2631Asn,2631,L,N,-8.59212,0.7865,0.06608910635044318,45.69581985473633,False,Núcleo estrutural (dobramento)
BRCA2,DBD,p.Leu2631Pro,2631,L,P,-10.76524,0.9671,0.06608910635044318,45.69581985473633,False,Núcleo estrutural (dobramento)
BRCA2,DBD,p.Leu2631Tyr,2631,L,Y,-9.82872,0.6995,0.06608910635044318,45.69581985473633,False,Núcleo estrutural (dobramento)
BRCA2,DBD,p.Ala2632Asp,2632,A,D,-7.96859,0.8055,0.055113179102808545,46.53449249267578,False,Núcleo estrutural (dobramento)
BRCA2,DBD,p.Ala2632Glu,2632,A,E,-7.70024,0.7532,0.055113179102808545,46.53449249267578,False,Núcleo estrutural (dobramento)
BRCA2,DBD,p.Ala2632His,2632,A,H,-9.01726,0.6894,0.055113179102808545,46.53449249267578,False,Núcleo estrutural (dobramento)
BRCA2,DBD,p.Ala2632Lys,2632,A,K,-6.79413,0.7014,0.055113179102808545,46.53449249267578,False,Núcleo estrutural (dobramento)
BRCA2,DBD,p.Ala2632Asn,2632,A,N,-7.81919,0.7143,0.055113179102808545,46.53449249267578,False,Núcleo estrutural (dobramento)
BRCA2,DBD,p.Ala2632Pro,2632,A,P,-10.62958,0.8459,0.055113179102808545,46.53449249267578,False,Núcleo estrutural (dobramento)
BRCA2,DBD,p.Ala2632Gln,2632,A,Q,-8.39184,0.7204,0.055113179102808545,46.53449249267578,False,Núcleo estrutural (dobramento)
BRCA2,DBD,p.Ala2632Trp,2632,A,W,-9.7923,0.6988,0.055113179102808545,46.53449249267578,False,Núcleo estrutural (dobramento)
BRCA2,DBD,p.Ala2632Tyr,2632,A,Y,-8.93276,0.7173,0.055113179102808545,46.53449249267578,False,Núcleo estrutural (dobramento)
BRCA2,DBD,p.Ala2633Asp,2633,A,D,-8.63333,0.8271,0.38293579104117254,44.04780578613281,True,Interface DSS1
BRCA2,DBD,p.Ala2633Glu,2633,A,E,-8.42749,0.7759,0.38293579104117254,44.04780578613281,True,Interface DSS1
BRCA2,DBD,p.Ala2633His,2633,A,H,-10.14955,0.694,0.38293579104117254,44.04780578613281,True,Interface DSS1
BRCA2,DBD,p.Ala2633Lys,2633,A,K,-9.98811,0.7816,0.38293579104117254,44.04780578613281,True,Interface DSS1
BRCA2,DBD,p.Ala2633Asn,2633,A,N,-7.66173,0.7094,0.38293579104117254,44.04780578613281,True,Interface DSS1
BRCA2,DBD,p.Ala2633Pro,2633,A,P,-8.98407,0.8362,0.38293579104117254,44.04780578613281,True,Interface DSS1
BRCA2,DBD,p.Ala2633Gln,2633,A,Q,-10.45927,0.7468,0.38293579104117254,44.04780578613281,True,Interface DSS1
BRCA2,DBD,p.Ala2633Arg,2633,A,R,-9.41931,0.7338,0.38293579104117254,44.04780578613281,True,Interface DSS1
BRCA2,DBD,p.Ala2633Trp,2633,A,W,-10.4311,0.7017,0.38293579104117254,44.04780578613281,True,Interface DSS1
BRCA2,DBD,p.Ala2633Tyr,2633,A,Y,-8.90125,0.7173,0.38293579104117254,44.04780578613281,True,Interface DSS1
BRCA2,DBD,p.Met2634Asp,2634,M,D,-7.98911,0.8308,0.21666049835350829,46.35281753540039,True,Interface DSS1
BRCA2,DBD,p.Met2634Glu,2634,M,E,-6.70809,0.7867,0.21666049835350829,46.35281753540039,True,Interface DSS1
BRCA2,DBD,p.Met2634His,2634,M,H,-8.89485,0.7412,0.21666049835350829,46.35281753540039,True,Interface DSS1
BRCA2,DBD,p.Met2634Lys,2634,M,K,-6.44329,0.7716,0.21666049835350829,46.35281753540039,True,Interface DSS1
BRCA2,DBD,p.Met2634Asn,2634,M,N,-6.61345,0.726,0.21666049835350829,46.35281753540039,True,Interface DSS1
BRCA2,DBD,p.Met2634Pro,2634,M,P,-11.61349,0.8179,0.21666049835350829,46.35281753540039,True,Interface DSS1
BRCA2,DBD,p.Met2634Gln,2634,M,Q,-6.46653,0.7482,0.21666049835350829,46.35281753540039,True,Interface DSS1
BRCA2,DBD,p.Met2634Arg,2634,M,R,-8.14264,0.7589,0.21666049835350829,46.35281753540039,True,Interface DSS1
BRCA2,DBD,p.Met2634Trp,2634,M,W,-8.57676,0.7044,0.21666049835350829,46.35281753540039,True,Interface DSS1
BRCA2,DBD,p.Glu2635Pro,2635,E,P,-14.21638,0.6925,0.07870785632706329,49.21335220336914,False,Núcleo estrutural (dobramento)
BRCA2,DBD,p.Glu2635Tyr,2635,E,Y,-10.85344,0.6958,0.07870785632706329,49.21335220336914,False,Núcleo estrutural (dobramento)
BRCA2,DBD,p.Phe2638Asp,2638,F,D,-11.2756,0.7985,0.06541319503549546,45.00557327270508,True,Interface DSS1
BRCA2,DBD,p.Phe2638Glu,2638,F,E,-11.33936,0.7843,0.06541319503549546,45.00557327270508,True,Interface DSS1
BRCA2,DBD,p.Phe2638Lys,2638,F,K,-10.88155,0.7239,0.06541319503549546,45.00557327270508,True,Interface DSS1
BRCA2,DBD,p.Phe2638Asn,2638,F,N,-8.71534,0.7369,0.06541319503549546,45.00557327270508,True,Interface DSS1
BRCA2,DBD,p.Phe2638Pro,2638,F,P,-12.43944,0.7793,0.06541319503549546,45.00557327270508,True,Interface DSS1
BRCA2,DBD,p.Phe2638Gln,2638,F,Q,-10.06417,0.7489,0.06541319503549546,45.00557327270508,True,Interface DSS1
BRCA2,DBD,p.Phe2642Asp,2642,F,D,-12.72376,0.7998,0.21636672204048502,50.540584564208984,True,Interface DSS1
BRCA2,DBD,p.Phe2642Glu,2642,F,E,-13.1201,0.7843,0.21636672204048502,50.540584564208984,True,Interface DSS1
BRCA2,DBD,p.Phe2642His,2642,F,H,-9.89581,0.6923,0.21636672204048502,50.540584564208984,True,Interface DSS1
BRCA2,DBD,p.Phe2642Lys,2642,F,K,-12.64566,0.7239,0.21636672204048502,50.540584564208984,True,Interface DSS1
BRCA2,DBD,p.Phe2642Asn,2642,F,N,-10.76158,0.7502,0.21636672204048502,50.540584564208984,True,Interface DSS1
BRCA2,DBD,p.Phe2642Pro,2642,F,P,-10.75618,0.7775,0.21636672204048502,50.540584564208984,True,Interface DSS1
BRCA2,DBD,p.Phe2642Gln,2642,F,Q,-10.97866,0.7489,0.21636672204048502,50.540584564208984,True,Interface DSS1
BRCA2,DBD,p.Ala2643Lys,2643,A,K,-6.85183,0.7014,0.10297604942976031,53.52214431762695,False,Núcleo estrutural (dobramento)
BRCA2,DBD,p.Ala2643Pro,2643,A,P,-6.33979,0.7965,0.10297604942976031,53.52214431762695,False,Núcleo estrutural (dobramento)
BRCA2,DBD,p.Ala2643Gln,2643,A,Q,-7.12296,0.7034,0.10297604942976031,53.52214431762695,False,Núcleo estrutural (dobramento)
BRCA2,DBD,p.Ala2643Trp,2643,A,W,-8.49457,0.6782,0.10297604942976031,53.52214431762695,False,Núcleo estrutural (dobramento)
BRCA2,DBD,p.Ala2643Tyr,2643,A,Y,-7.84322,0.6943,0.10297604942976031,53.52214431762695,False,Núcleo estrutural (dobramento)
BRCA2,DBD,p.Arg2645Asp,2645,R,D,-9.19909,0.7579,0.5458375061346191,54.81511306762695,True,Interface DSS1
BRCA2,DBD,p.Arg2645Glu,2645,R,E,-8.37684,0.686,0.5458375061346191,54.81511306762695,True,Interface DSS1
BRCA2,DBD,p.Arg2645Ile,2645,R,I,-6.28719,0.7007,0.5458375061346191,54.81511306762695,True,Interface DSS1
BRCA2,DBD,p.Arg2645Pro,2645,R,P,-7.18271,0.7654,0.5458375061346191,54.81511306762695,True,Interface DSS1
BRCA2,DBD,p.Arg2645Val,2645,R,V,-7.18925,0.7002,0.5458375061346191,54.81511306762695,True,Interface DSS1
BRCA2,DBD,p.Arg2645Tyr,2645,R,Y,-6.23276,0.6773,0.5458375061346191,54.81511306762695,True,Interface DSS1
BRCA2,DBD,p.Cys2646Asp,2646,C,D,-8.34233,0.7561,0.06934830633648752,51.276573181152344,False,Núcleo estrutural (dobramento)
BRCA2,DBD,p.Cys2646Glu,2646,C,E,-8.12229,0.7436,0.06934830633648752,51.276573181152344,False,Núcleo estrutural (dobramento)
BRCA2,DBD,p.Cys2646Pro,2646,C,P,-8.00723,0.7431,0.06934830633648752,51.276573181152344,False,Núcleo estrutural (dobramento)
BRCA2,DBD,p.Leu2647Asp,2647,L,D,-11.751,0.8131,0.04806480461850413,52.47462844848633,False,Núcleo estrutural (dobramento)
BRCA2,DBD,p.Leu2647Glu,2647,L,E,-11.97004,0.7911,0.04806480461850413,52.47462844848633,False,Núcleo estrutural (dobramento)
BRCA2,DBD,p.Leu2647Lys,2647,L,K,-10.85628,0.7486,0.04806480461850413,52.47462844848633,False,Núcleo estrutural (dobramento)
BRCA2,DBD,p.Leu2647Asn,2647,L,N,-9.80467,0.7993,0.04806480461850413,52.47462844848633,False,Núcleo estrutural (dobramento)
BRCA2,DBD,p.Leu2647Pro,2647,L,P,-7.89853,0.9467,0.04806480461850413,52.47462844848633,False,Núcleo estrutural (dobramento)
BRCA2,DBD,p.Leu2647Gln,2647,L,Q,-7.78978,0.7194,0.04806480461850413,52.47462844848633,False,Núcleo estrutural (dobramento)
BRCA2,DBD,p.Leu2647Thr,2647,L,T,-9.33764,0.6784,0.04806480461850413,52.47462844848633,False,Núcleo estrutural (dobramento)
BRCA2,DBD,p.Leu2647Tyr,2647,L,Y,-8.4793,0.6805,0.04806480461850413,52.47462844848633,False,Núcleo estrutural (dobramento)
BRCA2,DBD,p.Glu2650Pro,2650,E,P,-9.82775,0.683,0.3525785485762788,54.433555603027344,False,Intermediário
BRCA2,DBD,p.Glu2650Tyr,2650,E,Y,-8.9496,0.6889,0.3525785485762788,54.433555603027344,False,Intermediário
BRCA2,DBD,p.Arg2651Asp,2651,R,D,-7.25177,0.6986,0.3276199579696159,52.165626525878906,True,Interface DSS1
BRCA2,DBD,p.Arg2651Pro,2651,R,P,-7.68372,0.7688,0.3276199579696159,52.165626525878906,True,Interface DSS1
BRCA2,DBD,p.Val2652Asp,2652,V,D,-9.83994,0.8249,0.027761568184825662,50.28860855102539,False,Núcleo estrutural (dobramento)
BRCA2,DBD,p.Val2652Glu,2652,V,E,-9.49527,0.8405,0.027761568184825662,50.28860855102539,False,Núcleo estrutural (dobramento)
BRCA2,DBD,p.Val2652Lys,2652,V,K,-11.9718,0.7631,0.027761568184825662,50.28860855102539,False,Núcleo estrutural (dobramento)
BRCA2,DBD,p.Val2652Asn,2652,V,N,-11.28477,0.7925,0.027761568184825662,50.28860855102539,False,Núcleo estrutural (dobramento)
BRCA2,DBD,p.Val2652Pro,2652,V,P,-11.70825,0.9068,0.027761568184825662,50.28860855102539,False,Núcleo estrutural (dobramento)
BRCA2,DBD,p.Val2652Gln,2652,V,Q,-12.0833,0.783,0.027761568184825662,50.28860855102539,False,Núcleo estrutural (dobramento)
BRCA2,DBD,p.Val2652Arg,2652,V,R,-12.40202,0.6844,0.027761568184825662,50.28860855102539,False,Núcleo estrutural (dobramento)
BRCA2,DBD,p.Val2652Tyr,2652,V,Y,-12.71661,0.6835,0.027761568184825662,50.28860855102539,False,Núcleo estrutural (dobramento)
BRCA2,DBD,p.Leu2653Asp,2653,L,D,-11.72765,0.8131,0.04738734595195092,52.00423049926758,False,Núcleo estrutural (dobramento)
BRCA2,DBD,p.Leu2653Glu,2653,L,E,-10.27747,0.7911,0.04738734595195092,52.00423049926758,False,Núcleo estrutural (dobramento)
BRCA2,DBD,p.Leu2653Lys,2653,L,K,-8.70821,0.7373,0.04738734595195092,52.00423049926758,False,Núcleo estrutural (dobramento)
BRCA2,DBD,p.Leu2653Asn,2653,L,N,-9.35528,0.796,0.04738734595195092,52.00423049926758,False,Núcleo estrutural (dobramento)
BRCA2,DBD,p.Leu2653Pro,2653,L,P,-8.75521,0.9674,0.04738734595195092,52.00423049926758,False,Núcleo estrutural (dobramento)
BRCA2,DBD,p.Leu2653Gln,2653,L,Q,-6.94291,0.6822,0.04738734595195092,52.00423049926758,False,Núcleo estrutural (dobramento)
BRCA2,DBD,p.Leu2653Tyr,2653,L,Y,-8.87174,0.6907,0.04738734595195092,52.00423049926758,False,Núcleo estrutural (dobramento)
BRCA2,DBD,p.Leu2654Asp,2654,L,D,-9.18034,0.8131,0.07141974826120298,50.90304183959961,False,Núcleo estrutural (dobramento)
BRCA2,DBD,p.Leu2654Glu,2654,L,E,-8.0135,0.7684,0.07141974826120298,50.90304183959961,False,Núcleo estrutural (dobramento)
BRCA2,DBD,p.Leu2654Lys,2654,L,K,-9.35275,0.749,0.07141974826120298,50.90304183959961,False,Núcleo estrutural (dobramento)
BRCA2,DBD,p.Leu2654Asn,2654,L,N,-7.95346,0.7603,0.07141974826120298,50.90304183959961,False,Núcleo estrutural (dobramento)
BRCA2,DBD,p.Leu2654Pro,2654,L,P,-9.03493,0.9679,0.07141974826120298,50.90304183959961,False,Núcleo estrutural (dobramento)
BRCA2,DBD,p.Gln2655Cys,2655,Q,C,-11.91577,0.6891,0.15130753562783011,45.8375244140625,True,Interface DSS1
BRCA2,DBD,p.Gln2655Pro,2655,Q,P,-11.95254,0.734,0.15130753562783011,45.8375244140625,True,Interface DSS1
BRCA2,DBD,p.Gln2655Arg,2655,Q,R,-8.84126,0.8131,0.15130753562783011,45.8375244140625,True,Interface DSS1
BRCA2,DBD,p.Gln2655Trp,2655,Q,W,-11.37517,0.6849,0.15130753562783011,45.8375244140625,True,Interface DSS1
BRCA2,DBD,p.Gln2655Tyr,2655,Q,Y,-11.22105,0.6912,0.15130753562783011,45.8375244140625,True,Interface DSS1
BRCA2,DBD,p.Leu2656Asp,2656,L,D,-14.42007,0.8131,0.03401622746421846,47.992942810058594,False,Núcleo estrutural (dobramento)
BRCA2,DBD,p.Leu2656Glu,2656,L,E,-13.07867,0.7911,0.03401622746421846,47.992942810058594,False,Núcleo estrutural (dobramento)
BRCA2,DBD,p.Leu2656Lys,2656,L,K,-12.23238,0.7486,0.03401622746421846,47.992942810058594,False,Núcleo estrutural (dobramento)
BRCA2,DBD,p.Leu2656Asn,2656,L,N,-12.47758,0.8017,0.03401622746421846,47.992942810058594,False,Núcleo estrutural (dobramento)
BRCA2,DBD,p.Leu2656Pro,2656,L,P,-10.05321,0.9675,0.03401622746421846,47.992942810058594,False,Núcleo estrutural (dobramento)
BRCA2,DBD,p.Leu2656Gln,2656,L,Q,-8.63933,0.751,0.03401622746421846,47.992942810058594,False,Núcleo estrutural (dobramento)
BRCA2,DBD,p.Leu2656Arg,2656,L,R,-10.51943,0.6989,0.03401622746421846,47.992942810058594,False,Núcleo estrutural (dobramento)
BRCA2,DBD,p.Leu2656Thr,2656,L,T,-10.99079,0.6819,0.03401622746421846,47.992942810058594,False,Núcleo estrutural (dobramento)
BRCA2,DBD,p.Leu2656Tyr,2656,L,Y,-12.26088,0.7018,0.03401622746421846,47.992942810058594,False,Núcleo estrutural (dobramento)
BRCA2,DBD,p.Lys2657Pro,2657,K,P,-13.464,0.7508,0.0,48.95636749267578,False,Núcleo estrutural (dobramento)
BRCA2,DBD,p.Lys2657Trp,2657,K,W,-11.91748,0.7221,0.0,48.95636749267578,False,Núcleo estrutural (dobramento)
BRCA2,DBD,p.Lys2657Tyr,2657,K,Y,-12.59381,0.7418,0.0,48.95636749267578,False,Núcleo estrutural (dobramento)
BRCA2,DBD,p.Tyr2658Ala,2658,Y,A,-10.13508,0.6952,0.21726127163533096,45.897804260253906,True,Interface DSS1
BRCA2,DBD,p.Tyr2658Asp,2658,Y,D,-9.74393,0.9549,0.21726127163533096,45.897804260253906,True,Interface DSS1
BRCA2,DBD,p.Tyr2658Glu,2658,Y,E,-12.13815,0.9059,0.21726127163533096,45.897804260253906,True,Interface DSS1
BRCA2,DBD,p.Tyr2658Gly,2658,Y,G,-11.07933,0.7792,0.21726127163533096,45.897804260253906,True,Interface DSS1
BRCA2,DBD,p.Tyr2658Ile,2658,Y,I,-8.84654,0.727,0.21726127163533096,45.897804260253906,True,Interface DSS1
BRCA2,DBD,p.Tyr2658Lys,2658,Y,K,-11.658,0.8258,0.21726127163533096,45.897804260253906,True,Interface DSS1
BRCA2,DBD,p.Tyr2658Leu,2658,Y,L,-7.31816,0.7179,0.21726127163533096,45.897804260253906,True,Interface DSS1
BRCA2,DBD,p.Tyr2658Met,2658,Y,M,-10.07153,0.7523,0.21726127163533096,45.897804260253906,True,Interface DSS1
BRCA2,DBD,p.Tyr2658Asn,2658,Y,N,-8.05949,0.8438,0.21726127163533096,45.897804260253906,True,Interface DSS1
BRCA2,DBD,p.Tyr2658Pro,2658,Y,P,-13.56045,0.7843,0.21726127163533096,45.897804260253906,True,Interface DSS1
BRCA2,DBD,p.Tyr2658Gln,2658,Y,Q,-9.86236,0.7303,0.21726127163533096,45.897804260253906,True,Interface DSS1
BRCA2,DBD,p.Tyr2658Arg,2658,Y,R,-10.15317,0.7258,0.21726127163533096,45.897804260253906,True,Interface DSS1
BRCA2,DBD,p.Tyr2658Ser,2658,Y,S,-7.57528,0.6822,0.21726127163533096,45.897804260253906,True,Interface DSS1
BRCA2,DBD,p.Tyr2658Val,2658,Y,V,-9.1384,0.7275,0.21726127163533096,45.897804260253906,True,Interface DSS1
BRCA2,DBD,p.Arg2659Cys,2659,R,C,-8.43623,0.749,0.031929588400426485,41.025997161865234,True,Interface DSS1
BRCA2,DBD,p.Arg2659Asp,2659,R,D,-14.33559,0.7604,0.031929588400426485,41.025997161865234,True,Interface DSS1
BRCA2,DBD,p.Arg2659Glu,2659,R,E,-12.69033,0.7157,0.031929588400426485,41.025997161865234,True,Interface DSS1
BRCA2,DBD,p.Arg2659Phe,2659,R,F,-12.90048,0.7133,0.031929588400426485,41.025997161865234,True,Interface DSS1
BRCA2,DBD,p.Arg2659Ile,2659,R,I,-10.76297,0.7901,0.031929588400426485,41.025997161865234,True,Interface DSS1
BRCA2,DBD,p.Arg2659Lys,2659,R,K,-7.58712,0.7268,0.031929588400426485,41.025997161865234,True,Interface DSS1
BRCA2,DBD,p.Arg2659Leu,2659,R,L,-9.67111,0.8092,0.031929588400426485,41.025997161865234,True,Interface DSS1
BRCA2,DBD,p.Arg2659Met,2659,R,M,-10.69482,0.7572,0.031929588400426485,41.025997161865234,True,Interface DSS1
BRCA2,DBD,p.Arg2659Pro,2659,R,P,-12.6362,0.8046,0.031929588400426485,41.025997161865234,True,Interface DSS1
BRCA2,DBD,p.Arg2659Ser,2659,R,S,-9.90191,0.7207,0.031929588400426485,41.025997161865234,True,Interface DSS1
BRCA2,DBD,p.Arg2659Thr,2659,R,T,-11.4121,0.7419,0.031929588400426485,41.025997161865234,True,Interface DSS1
BRCA2,DBD,p.Arg2659Val,2659,R,V,-12.81219,0.7592,0.031929588400426485,41.025997161865234,True,Interface DSS1
BRCA2,DBD,p.Arg2659Trp,2659,R,W,-9.7034,0.8589,0.031929588400426485,41.025997161865234,True,Interface DSS1
BRCA2,DBD,p.Arg2659Tyr,2659,R,Y,-11.99575,0.7668,0.031929588400426485,41.025997161865234,True,Interface DSS1
BRCA2,DBD,p.Tyr2660Ala,2660,Y,A,-14.55325,0.6955,0.03414517022218005,46.63063430786133,False,Núcleo estrutural (dobramento)
BRCA2,DBD,p.Tyr2660Cys,2660,Y,C,-9.64126,0.8954,0.03414517022218005,46.63063430786133,False,Núcleo estrutural (dobramento)
BRCA2,DBD,p.Tyr2660Asp,2660,Y,D,-12.06927,0.9587,0.03414517022218005,46.63063430786133,False,Núcleo estrutural (dobramento)
BRCA2,DBD,p.Tyr2660Glu,2660,Y,E,-14.11895,0.9059,0.03414517022218005,46.63063430786133,False,Núcleo estrutural (dobramento)
BRCA2,DBD,p.Tyr2660Gly,2660,Y,G,-14.73402,0.781,0.03414517022218005,46.63063430786133,False,Núcleo estrutural (dobramento)
BRCA2,DBD,p.Tyr2660Ile,2660,Y,I,-13.26425,0.7306,0.03414517022218005,46.63063430786133,False,Núcleo estrutural (dobramento)
BRCA2,DBD,p.Tyr2660Lys,2660,Y,K,-13.94821,0.8258,0.03414517022218005,46.63063430786133,False,Núcleo estrutural (dobramento)
BRCA2,DBD,p.Tyr2660Leu,2660,Y,L,-11.70116,0.7441,0.03414517022218005,46.63063430786133,False,Núcleo estrutural (dobramento)
BRCA2,DBD,p.Tyr2660Met,2660,Y,M,-14.29431,0.7522,0.03414517022218005,46.63063430786133,False,Núcleo estrutural (dobramento)
BRCA2,DBD,p.Tyr2660Asn,2660,Y,N,-11.44959,0.8674,0.03414517022218005,46.63063430786133,False,Núcleo estrutural (dobramento)
BRCA2,DBD,p.Tyr2660Pro,2660,Y,P,-16.95012,0.7843,0.03414517022218005,46.63063430786133,False,Núcleo estrutural (dobramento)
BRCA2,DBD,p.Tyr2660Gln,2660,Y,Q,-12.99297,0.7341,0.03414517022218005,46.63063430786133,False,Núcleo estrutural (dobramento)
BRCA2,DBD,p.Tyr2660Arg,2660,Y,R,-13.38247,0.7258,0.03414517022218005,46.63063430786133,False,Núcleo estrutural (dobramento)
BRCA2,DBD,p.Tyr2660Ser,2660,Y,S,-11.62528,0.7128,0.03414517022218005,46.63063430786133,False,Núcleo estrutural (dobramento)
BRCA2,DBD,p.Tyr2660Val,2660,Y,V,-13.4519,0.73,0.03414517022218005,46.63063430786133,False,Núcleo estrutural (dobramento)
BRCA2,DBD,p.Asp2661Cys,2661,D,C,-9.96052,0.6851,0.01806588319244846,46.99253845214844,False,Núcleo estrutural (dobramento)
BRCA2,DBD,p.Asp2661Ile,2661,D,I,-10.76298,0.6804,0.01806588319244846,46.99253845214844,False,Núcleo estrutural (dobramento)
BRCA2,DBD,p.Asp2661Leu,2661,D,L,-11.38583,0.6959,0.01806588319244846,46.99253845214844,False,Núcleo estrutural (dobramento)
BRCA2,DBD,p.Asp2661Pro,2661,D,P,-14.76026,0.7108,0.01806588319244846,46.99253845214844,False,Núcleo estrutural (dobramento)
BRCA2,DBD,p.Asp2661Val,2661,D,V,-8.47305,0.6979,0.01806588319244846,46.99253845214844,False,Núcleo estrutural (dobramento)
BRCA2,DBD,p.Asp2661Tyr,2661,D,Y,-7.52833,0.677,0.01806588319244846,46.99253845214844,False,Núcleo estrutural (dobramento)
BRCA2,DBD,p.Glu2663Pro,2663,E,P,-14.94488,0.6925,0.05887823620047999,40.54367446899414,False,Núcleo estrutural (dobramento)
BRCA2,DBD,p.Glu2663Tyr,2663,E,Y,-12.19949,0.6958,0.05887823620047999,40.54367446899414,False,Núcleo estrutural (dobramento)
BRCA2,DBD,p.Ile2664Asp,2664,I,D,-12.2125,0.8142,0.2423480069133656,43.99729919433594,False,Intermediário
BRCA2,DBD,p.Ile2664Glu,2664,I,E,-9.67772,0.7974,0.2423480069133656,43.99729919433594,False,Intermediário
BRCA2,DBD,p.Ile2664Lys,2664,I,K,-9.53515,0.737,0.2423480069133656,43.99729919433594,False,Intermediário
BRCA2,DBD,p.Ile2664Asn,2664,I,N,-9.17418,0.8104,0.2423480069133656,43.99729919433594,False,Intermediário
BRCA2,DBD,p.Ile2664Pro,2664,I,P,-13.09067,0.9339,0.2423480069133656,43.99729919433594,False,Intermediário
BRCA2,DBD,p.Ile2664Gln,2664,I,Q,-10.43017,0.7755,0.2423480069133656,43.99729919433594,False,Intermediário
BRCA2,DBD,p.Ile2664Arg,2664,I,R,-10.45154,0.6857,0.2423480069133656,43.99729919433594,False,Intermediário
BRCA2,DBD,p.Ile2664Tyr,2664,I,Y,-9.18226,0.6758,0.2423480069133656,43.99729919433594,False,Intermediário
BRCA2,DBD,p.Asp2665Cys,2665,D,C,-10.12696,0.6851,0.2596068925323747,46.68022537231445,False,Intermediário
BRCA2,DBD,p.Asp2665Ile,2665,D,I,-11.06424,0.6804,0.2596068925323747,46.68022537231445,False,Intermediário
BRCA2,DBD,p.Asp2665Leu,2665,D,L,-11.58004,0.6959,0.2596068925323747,46.68022537231445,False,Intermediário
BRCA2,DBD,p.Asp2665Pro,2665,D,P,-16.21156,0.7108,0.2596068925323747,46.68022537231445,False,Intermediário
BRCA2,DBD,p.Asp2665Val,2665,D,V,-9.79652,0.7183,0.2596068925323747,46.68022537231445,False,Intermediário
BRCA2,DBD,p.Asp2665Tyr,2665,D,Y,-7.53283,0.677,0.2596068925323747,46.68022537231445,False,Intermediário
BRCA2,DBD,p.Ser2667Ile,2667,S,I,-7.29162,0.6814,0.3432273074239621,40.69440841674805,True,Interface DSS1
BRCA2,DBD,p.Ser2667Leu,2667,S,L,-7.3128,0.7351,0.3432273074239621,40.69440841674805,True,Interface DSS1
BRCA2,DBD,p.Arg2668Ile,2668,R,I,-5.43259,0.6829,0.5092551502202264,39.01554489135742,True,Interface DSS1
BRCA2,DBD,p.Arg2668Leu,2668,R,L,-3.80757,0.682,0.5092551502202264,39.01554489135742,True,Interface DSS1
BRCA2,DBD,p.Arg2669Gly,2669,R,G,-8.8859,0.6777,0.38443774786111196,35.59444808959961,True,Interface DSS1
BRCA2,DBD,p.Arg2669Ile,2669,R,I,-10.359,0.8224,0.38443774786111196,35.59444808959961,True,Interface DSS1
BRCA2,DBD,p.Arg2669Leu,2669,R,L,-9.65609,0.8303,0.38443774786111196,35.59444808959961,True,Interface DSS1
BRCA2,DBD,p.Arg2669Pro,2669,R,P,-7.13516,0.7122,0.38443774786111196,35.59444808959961,True,Interface DSS1
BRCA2,DBD,p.Arg2669Val,2669,R,V,-10.5761,0.7778,0.38443774786111196,35.59444808959961,True,Interface DSS1
BRCA2,DBD,p.Ser2670Ile,2670,S,I,-9.83624,0.7224,0.08349542539653647,33.47136688232422,True,Interface DSS1
BRCA2,DBD,p.Ser2670Leu,2670,S,L,-6.92088,0.7626,0.08349542539653647,33.47136688232422,True,Interface DSS1
BRCA2,DBD,p.Ser2670Val,2670,S,V,-9.66751,0.701,0.08349542539653647,33.47136688232422,True,Interface DSS1
BRCA2,DBD,p.Ala2671Asp,2671,A,D,-9.24441,0.8467,0.11462673102260806,30.65998649597168,False,Núcleo estrutural (dobramento)
BRCA2,DBD,p.Ala2671Glu,2671,A,E,-8.88927,0.8073,0.11462673102260806,30.65998649597168,False,Núcleo estrutural (dobramento)
BRCA2,DBD,p.Ala2671His,2671,A,H,-12.44023,0.7288,0.11462673102260806,30.65998649597168,False,Núcleo estrutural (dobramento)
BRCA2,DBD,p.Ala2671Lys,2671,A,K,-12.2155,0.805,0.11462673102260806,30.65998649597168,False,Núcleo estrutural (dobramento)
BRCA2,DBD,p.Ala2671Asn,2671,A,N,-10.15668,0.758,0.11462673102260806,30.65998649597168,False,Núcleo estrutural (dobramento)
BRCA2,DBD,p.Ala2671Pro,2671,A,P,-6.21561,0.7619,0.11462673102260806,30.65998649597168,False,Núcleo estrutural (dobramento)
BRCA2,DBD,p.Ala2671Gln,2671,A,Q,-11.62377,0.7517,0.11462673102260806,30.65998649597168,False,Núcleo estrutural (dobramento)
BRCA2,DBD,p.Ala2671Arg,2671,A,R,-12.6178,0.7859,0.11462673102260806,30.65998649597168,False,Núcleo estrutural (dobramento)
BRCA2,DBD,p.Ala2671Trp,2671,A,W,-12.45286,0.6924,0.11462673102260806,30.65998649597168,False,Núcleo estrutural (dobramento)
BRCA2,DBD,p.Ala2671Tyr,2671,A,Y,-11.30054,0.7276,0.11462673102260806,30.65998649597168,False,Núcleo estrutural (dobramento)
BRCA2,DBD,p.Lys2673Pro,2673,K,P,-10.74771,0.7083,0.10484399889692039,31.939748764038086,False,Núcleo estrutural (dobramento)
BRCA2,DBD,p.Lys2673Trp,2673,K,W,-8.82101,0.6901,0.10484399889692039,31.939748764038086,False,Núcleo estrutural (dobramento)
BRCA2,DBD,p.Lys2673Tyr,2673,K,Y,-10.50771,0.7168,0.10484399889692039,31.939748764038086,False,Núcleo estrutural (dobramento)
BRCA2,DBD,p.Lys2674Pro,2674,K,P,-10.39593,0.7083,0.26694219272218694,30.172016143798828,True,Interface DSS1
BRCA2,DBD,p.Lys2674Trp,2674,K,W,-8.96192,0.6934,0.26694219272218694,30.172016143798828,True,Interface DSS1
BRCA2,DBD,p.Lys2674Tyr,2674,K,Y,-10.97986,0.7168,0.26694219272218694,30.172016143798828,True,Interface DSS1
BRCA2,DBD,p.Ile2675Asp,2675,I,D,-12.49598,0.8028,0.0606097104996039,25.06731414794922,False,Núcleo estrutural (dobramento)
BRCA2,DBD,p.Ile2675Glu,2675,I,E,-11.72164,0.7998,0.0606097104996039,25.06731414794922,False,Núcleo estrutural (dobramento)
BRCA2,DBD,p.Ile2675Lys,2675,I,K,-10.72388,0.7427,0.0606097104996039,25.06731414794922,False,Núcleo estrutural (dobramento)
BRCA2,DBD,p.Ile2675Asn,2675,I,N,-9.7432,0.7853,0.0606097104996039,25.06731414794922,False,Núcleo estrutural (dobramento)
BRCA2,DBD,p.Ile2675Pro,2675,I,P,-12.71672,0.9234,0.0606097104996039,25.06731414794922,False,Núcleo estrutural (dobramento)
BRCA2,DBD,p.Ile2675Gln,2675,I,Q,-10.93269,0.7634,0.0606097104996039,25.06731414794922,False,Núcleo estrutural (dobramento)
BRCA2,DBD,p.Ile2675Arg,2675,I,R,-11.46797,0.7191,0.0606097104996039,25.06731414794922,False,Núcleo estrutural (dobramento)
BRCA2,DBD,p.Ile2675Tyr,2675,I,Y,-13.06597,0.7102,0.0606097104996039,25.06731414794922,False,Núcleo estrutural (dobramento)
BRCA2,DBD,p.Glu2677Tyr,2677,E,Y,-11.04991,0.6897,0.16702521062778328,29.15850257873535,False,Intermediário
BRCA2,DBD,p.Arg2678Asp,2678,R,D,-11.21821,0.7084,0.4027723119007943,21.644515991210938,False,Superfície
BRCA2,DBD,p.Arg2678Phe,2678,R,F,-10.82811,0.6918,0.4027723119007943,21.644515991210938,False,Superfície
BRCA2,DBD,p.Arg2678Ile,2678,R,I,-7.93253,0.7161,0.4027723119007943,21.644515991210938,False,Superfície
BRCA2,DBD,p.Arg2678Leu,2678,R,L,-7.16768,0.7253,0.4027723119007943,21.644515991210938,False,Superfície
BRCA2,DBD,p.Arg2678Pro,2678,R,P,-10.15726,0.7664,0.4027723119007943,21.644515991210938,False,Superfície
BRCA2,DBD,p.Arg2678Val,2678,R,V,-9.8578,0.7298,0.4027723119007943,21.644515991210938,False,Superfície
BRCA2,DBD,p.Arg2678Trp,2678,R,W,-6.2871,0.7936,0.4027723119007943,21.644515991210938,False,Superfície
BRCA2,DBD,p.Arg2678Tyr,2678,R,Y,-8.21778,0.6809,0.4027723119007943,21.644515991210938,False,Superfície
BRCA2,DBD,p.Asp2679Cys,2679,D,C,-12.24638,0.6779,0.5546400115948421,28.810487747192383,False,Superfície
BRCA2,DBD,p.Asp2679Phe,2679,D,F,-12.57888,0.6769,0.5546400115948421,28.810487747192383,False,Superfície
BRCA2,DBD,p.Asp2679Ile,2679,D,I,-12.91606,0.688,0.5546400115948421,28.810487747192383,False,Superfície
BRCA2,DBD,p.Asp2679Leu,2679,D,L,-14.0701,0.6989,0.5546400115948421,28.810487747192383,False,Superfície
BRCA2,DBD,p.Asp2679Pro,2679,D,P,-14.01779,0.6843,0.5546400115948421,28.810487747192383,False,Superfície
BRCA2,DBD,p.Asp2679Val,2679,D,V,-10.49946,0.7321,0.5546400115948421,28.810487747192383,False,Superfície
BRCA2,DBD,p.Asp2679Trp,2679,D,W,-14.99701,0.68,0.5546400115948421,28.810487747192383,False,Superfície
BRCA2,DBD,p.Asp2679Tyr,2679,D,Y,-8.84351,0.7194,0.5546400115948421,28.810487747192383,False,Superfície
BRCA2,DBD,p.Asp2680Cys,2680,D,C,-9.70003,0.6785,0.20682032266463754,26.694698333740234,False,Intermediário
BRCA2,DBD,p.Asp2680Phe,2680,D,F,-10.71921,0.6769,0.20682032266463754,26.694698333740234,False,Intermediário
BRCA2,DBD,p.Asp2680Ile,2680,D,I,-10.17344,0.688,0.20682032266463754,26.694698333740234,False,Intermediário
BRCA2,DBD,p.Asp2680Leu,2680,D,L,-11.1682,0.6989,0.20682032266463754,26.694698333740234,False,Intermediário
BRCA2,DBD,p.Asp2680Pro,2680,D,P,-14.02661,0.6843,0.20682032266463754,26.694698333740234,False,Intermediário
BRCA2,DBD,p.Asp2680Val,2680,D,V,-8.66907,0.7163,0.20682032266463754,26.694698333740234,False,Intermediário
BRCA2,DBD,p.Asp2680Trp,2680,D,W,-13.71974,0.68,0.20682032266463754,26.694698333740234,False,Intermediário
BRCA2,DBD,p.Asp2680Tyr,2680,D,Y,-8.16355,0.6855,0.20682032266463754,26.694698333740234,False,Intermediário
BRCA2,DBD,p.Thr2681Glu,2681,T,E,-10.0146,0.7044,0.4839155896971751,23.295249938964844,False,Superfície
BRCA2,DBD,p.Thr2681Lys,2681,T,K,-8.60292,0.7521,0.4839155896971751,23.295249938964844,False,Superfície
BRCA2,DBD,p.Ala2682Asp,2682,A,D,-9.39244,0.8472,0.37552046341399237,22.195646286010742,False,Intermediário
BRCA2,DBD,p.Ala2682Glu,2682,A,E,-9.23821,0.8123,0.37552046341399237,22.195646286010742,False,Intermediário
BRCA2,DBD,p.Ala2682Lys,2682,A,K,-10.40252,0.805,0.37552046341399237,22.195646286010742,False,Intermediário
BRCA2,DBD,p.Ala2682Asn,2682,A,N,-8.04,0.7219,0.37552046341399237,22.195646286010742,False,Intermediário
BRCA2,DBD,p.Ala2682Gln,2682,A,Q,-7.32068,0.6944,0.37552046341399237,22.195646286010742,False,Intermediário
BRCA2,DBD,p.Ala2682Arg,2682,A,R,-9.70831,0.7793,0.37552046341399237,22.195646286010742,False,Intermediário
BRCA2,DBD,p.Ala2682Trp,2682,A,W,-11.36097,0.6924,0.37552046341399237,22.195646286010742,False,Intermediário
BRCA2,DBD,p.Ala2682Tyr,2682,A,Y,-9.04385,0.7183,0.37552046341399237,22.195646286010742,False,Intermediário
BRCA2,DBD,p.Ala2683Asp,2683,A,D,-8.32334,0.8126,0.041529419537314746,20.74076271057129,False,Núcleo estrutural (dobramento)
BRCA2,DBD,p.Ala2683Glu,2683,A,E,-8.45497,0.7717,0.041529419537314746,20.74076271057129,False,Núcleo estrutural (dobramento)
BRCA2,DBD,p.Ala2683His,2683,A,H,-8.38529,0.6806,0.041529419537314746,20.74076271057129,False,Núcleo estrutural (dobramento)
BRCA2,DBD,p.Ala2683Lys,2683,A,K,-8.18917,0.73,0.041529419537314746,20.74076271057129,False,Núcleo estrutural (dobramento)
BRCA2,DBD,p.Ala2683Pro,2683,A,P,-6.82222,0.7843,0.041529419537314746,20.74076271057129,False,Núcleo estrutural (dobramento)
BRCA2,DBD,p.Ala2683Gln,2683,A,Q,-7.15434,0.6962,0.041529419537314746,20.74076271057129,False,Núcleo estrutural (dobramento)
BRCA2,DBD,p.Ala2683Arg,2683,A,R,-8.21199,0.6967,0.041529419537314746,20.74076271057129,False,Núcleo estrutural (dobramento)
BRCA2,DBD,p.Ala2683Trp,2683,A,W,-9.15747,0.684,0.041529419537314746,20.74076271057129,False,Núcleo estrutural (dobramento)
BRCA2,DBD,p.Ala2683Tyr,2683,A,Y,-8.87741,0.7167,0.041529419537314746,20.74076271057129,False,Núcleo estrutural (dobramento)
BRCA2,DBD,p.Lys2684Pro,2684,K,P,-11.27757,0.7083,0.26645897317419837,22.274410247802734,False,Intermediário
BRCA2,DBD,p.Lys2684Trp,2684,K,W,-9.84976,0.7025,0.26645897317419837,22.274410247802734,False,Intermediário
BRCA2,DBD,p.Lys2684Tyr,2684,K,Y,-11.0741,0.7168,0.26645897317419837,22.274410247802734,False,Intermediário
BRCA2,DBD,p.Thr2685Glu,2685,T,E,-12.81641,0.7049,0.040543202978401784,24.131481170654297,False,Núcleo estrutural (dobramento)
BRCA2,DBD,p.Thr2685Lys,2685,T,K,-8.8276,0.7671,0.040543202978401784,24.131481170654297,False,Núcleo estrutural (dobramento)
BRCA2,DBD,p.Thr2685Leu,2685,T,L,-8.98119,0.6942,0.040543202978401784,24.131481170654297,False,Núcleo estrutural (dobramento)
BRCA2,DBD,p.Leu2686Asp,2686,L,D,-12.94131,0.8062,0.030040502886565082,26.338096618652344,False,Núcleo estrutural (dobramento)
BRCA2,DBD,p.Leu2686Glu,2686,L,E,-12.09902,0.7946,0.030040502886565082,26.338096618652344,False,Núcleo estrutural (dobramento)
BRCA2,DBD,p.Leu2686Lys,2686,L,K,-10.69481,0.7592,0.030040502886565082,26.338096618652344,False,Núcleo estrutural (dobramento)
BRCA2,DBD,p.Leu2686Asn,2686,L,N,-10.12943,0.7825,0.030040502886565082,26.338096618652344,False,Núcleo estrutural (dobramento)
BRCA2,DBD,p.Leu2686Pro,2686,L,P,-9.44905,0.9613,0.030040502886565082,26.338096618652344,False,Núcleo estrutural (dobramento)
BRCA2,DBD,p.Leu2686Gln,2686,L,Q,-8.45992,0.7315,0.030040502886565082,26.338096618652344,False,Núcleo estrutural (dobramento)
BRCA2,DBD,p.Leu2686Arg,2686,L,R,-9.35537,0.7225,0.030040502886565082,26.338096618652344,False,Núcleo estrutural (dobramento)
BRCA2,DBD,p.Leu2686Tyr,2686,L,Y,-10.15411,0.7219,0.030040502886565082,26.338096618652344,False,Núcleo estrutural (dobramento)
BRCA2,DBD,p.Val2687Asp,2687,V,D,-11.23945,0.8288,0.02082117613861925,29.270566940307617,False,Núcleo estrutural (dobramento)
BRCA2,DBD,p.Val2687Glu,2687,V,E,-12.27182,0.8425,0.02082117613861925,29.270566940307617,False,Núcleo estrutural (dobramento)
BRCA2,DBD,p.Val2687His,2687,V,H,-13.01955,0.6948,0.02082117613861925,29.270566940307617,False,Núcleo estrutural (dobramento)
BRCA2,DBD,p.Val2687Lys,2687,V,K,-13.53014,0.778,0.02082117613861925,29.270566940307617,False,Núcleo estrutural (dobramento)
BRCA2,DBD,p.Val2687Asn,2687,V,N,-11.65085,0.7825,0.02082117613861925,29.270566940307617,False,Núcleo estrutural (dobramento)
BRCA2,DBD,p.Val2687Pro,2687,V,P,-10.46748,0.8974,0.02082117613861925,29.270566940307617,False,Núcleo estrutural (dobramento)
BRCA2,DBD,p.Val2687Gln,2687,V,Q,-13.71244,0.785,0.02082117613861925,29.270566940307617,False,Núcleo estrutural (dobramento)
BRCA2,DBD,p.Val2687Arg,2687,V,R,-12.76199,0.7144,0.02082117613861925,29.270566940307617,False,Núcleo estrutural (dobramento)
BRCA2,DBD,p.Val2687Tyr,2687,V,Y,-12.57982,0.7055,0.02082117613861925,29.270566940307617,False,Núcleo estrutural (dobramento)
BRCA2,DBD,p.Leu2688Asp,2688,L,D,-15.73449,0.8062,0.0060081005773130166,27.711681365966797,False,Núcleo estrutural (dobramento)
BRCA2,DBD,p.Leu2688Glu,2688,L,E,-15.77913,0.7946,0.0060081005773130166,27.711681365966797,False,Núcleo estrutural (dobramento)
BRCA2,DBD,p.Leu2688Lys,2688,L,K,-14.82934,0.7592,0.0060081005773130166,27.711681365966797,False,Núcleo estrutural (dobramento)
BRCA2,DBD,p.Leu2688Asn,2688,L,N,-15.92736,0.782,0.0060081005773130166,27.711681365966797,False,Núcleo estrutural (dobramento)
BRCA2,DBD,p.Leu2688Pro,2688,L,P,-10.91128,0.9603,0.0060081005773130166,27.711681365966797,False,Núcleo estrutural (dobramento)
BRCA2,DBD,p.Leu2688Gln,2688,L,Q,-12.70769,0.7532,0.0060081005773130166,27.711681365966797,False,Núcleo estrutural (dobramento)
BRCA2,DBD,p.Leu2688Arg,2688,L,R,-11.48585,0.729,0.0060081005773130166,27.711681365966797,False,Núcleo estrutural (dobramento)
BRCA2,DBD,p.Leu2688Tyr,2688,L,Y,-12.49576,0.7214,0.0060081005773130166,27.711681365966797,False,Núcleo estrutural (dobramento)
BRCA2,DBD,p.Cys2689Asp,2689,C,D,-12.14403,0.764,0.0761055523315142,31.512109756469727,True,Interface DSS1
BRCA2,DBD,p.Cys2689Glu,2689,C,E,-11.09384,0.7689,0.0761055523315142,31.512109756469727,True,Interface DSS1
BRCA2,DBD,p.Cys2689Lys,2689,C,K,-11.93811,0.7246,0.0761055523315142,31.512109756469727,True,Interface DSS1
BRCA2,DBD,p.Cys2689Asn,2689,C,N,-11.28293,0.752,0.0761055523315142,31.512109756469727,True,Interface DSS1
BRCA2,DBD,p.Cys2689Pro,2689,C,P,-12.38024,0.7492,0.0761055523315142,31.512109756469727,True,Interface DSS1
BRCA2,DBD,p.Cys2689Gln,2689,C,Q,-10.84456,0.7346,0.0761055523315142,31.512109756469727,True,Interface DSS1
BRCA2,DBD,p.Ser2691Ile,2691,S,I,-9.60266,0.7189,0.0,32.18336486816406,False,Núcleo estrutural (dobramento)
BRCA2,DBD,p.Ser2691Leu,2691,S,L,-8.02549,0.7676,0.0,32.18336486816406,False,Núcleo estrutural (dobramento)
BRCA2,DBD,p.Ile2693Asp,2693,I,D,-13.70797,0.8028,0.5194937611976082,30.25982666015625,False,Superfície
BRCA2,DBD,p.Ile2693Glu,2693,I,E,-12.26478,0.7998,0.5194937611976082,30.25982666015625,False,Superfície
BRCA2,DBD,p.Ile2693Lys,2693,I,K,-11.08085,0.7427,0.5194937611976082,30.25982666015625,False,Superfície
BRCA2,DBD,p.Ile2693Asn,2693,I,N,-11.20498,0.7886,0.5194937611976082,30.25982666015625,False,Superfície
BRCA2,DBD,p.Ile2693Pro,2693,I,P,-12.53388,0.9234,0.5194937611976082,30.25982666015625,False,Superfície
BRCA2,DBD,p.Ile2693Gln,2693,I,Q,-12.13198,0.7634,0.5194937611976082,30.25982666015625,False,Superfície
BRCA2,DBD,p.Ile2693Arg,2693,I,R,-11.1995,0.7191,0.5194937611976082,30.25982666015625,False,Superfície
BRCA2,DBD,p.Ile2693Tyr,2693,I,Y,-11.7532,0.7102,0.5194937611976082,30.25982666015625,False,Superfície
BRCA2,DBD,p.Ile2719Asp,2719,I,D,-13.12053,0.8028,0.05517083220486927,25.866958618164062,False,Núcleo estrutural (dobramento)
BRCA2,DBD,p.Ile2719Glu,2719,I,E,-12.90306,0.7998,0.05517083220486927,25.866958618164062,False,Núcleo estrutural (dobramento)
BRCA2,DBD,p.Ile2719Lys,2719,I,K,-11.68516,0.7427,0.05517083220486927,25.866958618164062,False,Núcleo estrutural (dobramento)
BRCA2,DBD,p.Ile2719Asn,2719,I,N,-13.07938,0.7886,0.05517083220486927,25.866958618164062,False,Núcleo estrutural (dobramento)
BRCA2,DBD,p.Ile2719Pro,2719,I,P,-9.77097,0.9239,0.05517083220486927,25.866958618164062,False,Núcleo estrutural (dobramento)
BRCA2,DBD,p.Ile2719Gln,2719,I,Q,-12.68567,0.7634,0.05517083220486927,25.866958618164062,False,Núcleo estrutural (dobramento)
BRCA2,DBD,p.Ile2719Arg,2719,I,R,-12.1009,0.7191,0.05517083220486927,25.866958618164062,False,Núcleo estrutural (dobramento)
BRCA2,DBD,p.Ile2719Tyr,2719,I,Y,-10.62931,0.7102,0.05517083220486927,25.866958618164062,False,Núcleo estrutural (dobramento)
BRCA2,DBD,p.Leu2721Asp,2721,L,D,-10.14149,0.8067,0.0,25.794200897216797,False,Núcleo estrutural (dobramento)
BRCA2,DBD,p.Leu2721Glu,2721,L,E,-9.83262,0.7951,0.0,25.794200897216797,False,Núcleo estrutural (dobramento)
BRCA2,DBD,p.Leu2721Lys,2721,L,K,-10.80752,0.7592,0.0,25.794200897216797,False,Núcleo estrutural (dobramento)
BRCA2,DBD,p.Leu2721Asn,2721,L,N,-11.19778,0.782,0.0,25.794200897216797,False,Núcleo estrutural (dobramento)
BRCA2,DBD,p.Leu2721Pro,2721,L,P,-11.0241,0.9603,0.0,25.794200897216797,False,Núcleo estrutural (dobramento)
BRCA2,DBD,p.Leu2721Gln,2721,L,Q,-10.65945,0.7532,0.0,25.794200897216797,False,Núcleo estrutural (dobramento)
BRCA2,DBD,p.Leu2721Arg,2721,L,R,-9.8675,0.7261,0.0,25.794200897216797,False,Núcleo estrutural (dobramento)
BRCA2,DBD,p.Leu2721Tyr,2721,L,Y,-13.79071,0.7214,0.0,25.794200897216797,False,Núcleo estrutural (dobramento)
BRCA2,DBD,p.Thr2722Glu,2722,T,E,-13.96127,0.7049,0.01947992014049626,31.042865753173828,False,Núcleo estrutural (dobramento)
BRCA2,DBD,p.Thr2722Ile,2722,T,I,-9.00191,0.6995,0.01947992014049626,31.042865753173828,False,Núcleo estrutural (dobramento)
BRCA2,DBD,p.Thr2722Lys,2722,T,K,-11.81514,0.7842,0.01947992014049626,31.042865753173828,False,Núcleo estrutural (dobramento)
BRCA2,DBD,p.Thr2722Leu,2722,T,L,-11.94299,0.7018,0.01947992014049626,31.042865753173828,False,Núcleo estrutural (dobramento)
BRCA2,DBD,p.Thr2722Val,2722,T,V,-10.41443,0.6758,0.01947992014049626,31.042865753173828,False,Núcleo estrutural (dobramento)
BRCA2,DBD,p.Asp2723Cys,2723,D,C,-13.26374,0.6779,0.049964410448520645,32.40192413330078,True,Interface DSS1
BRCA2,DBD,p.Asp2723Phe,2723,D,F,-14.26341,0.6769,0.049964410448520645,32.40192413330078,True,Interface DSS1
BRCA2,DBD,p.Asp2723Ile,2723,D,I,-13.43422,0.688,0.049964410448520645,32.40192413330078,True,Interface DSS1
BRCA2,DBD,p.Asp2723Leu,2723,D,L,-14.45742,0.6989,0.049964410448520645,32.40192413330078,True,Interface DSS1
BRCA2,DBD,p.Asp2723Pro,2723,D,P,-14.91361,0.6843,0.049964410448520645,32.40192413330078,True,Interface DSS1
BRCA2,DBD,p.Asp2723Val,2723,D,V,-12.58767,0.7321,0.049964410448520645,32.40192413330078,True,Interface DSS1
BRCA2,DBD,p.Asp2723Trp,2723,D,W,-17.60811,0.68,0.049964410448520645,32.40192413330078,True,Interface DSS1
BRCA2,DBD,p.Asp2723Tyr,2723,D,Y,-11.78814,0.7331,0.049964410448520645,32.40192413330078,True,Interface DSS1
BRCA2,DBD,p.Gly2724Cys,2724,G,C,-7.95237,0.7019,0.20377529923855492,35.13439178466797,True,Interface DSS1
BRCA2,DBD,p.Gly2724Asp,2724,G,D,-9.39661,0.9086,0.20377529923855492,35.13439178466797,True,Interface DSS1
BRCA2,DBD,p.Gly2724Glu,2724,G,E,-9.81107,0.9062,0.20377529923855492,35.13439178466797,True,Interface DSS1
BRCA2,DBD,p.Gly2724His,2724,G,H,-11.95503,0.7458,0.20377529923855492,35.13439178466797,True,Interface DSS1
BRCA2,DBD,p.Gly2724Ile,2724,G,I,-12.5732,0.7404,0.20377529923855492,35.13439178466797,True,Interface DSS1
BRCA2,DBD,p.Gly2724Lys,2724,G,K,-11.80004,0.8308,0.20377529923855492,35.13439178466797,True,Interface DSS1
BRCA2,DBD,p.Gly2724Leu,2724,G,L,-12.94686,0.7659,0.20377529923855492,35.13439178466797,True,Interface DSS1
BRCA2,DBD,p.Gly2724Asn,2724,G,N,-9.56592,0.8061,0.20377529923855492,35.13439178466797,True,Interface DSS1
BRCA2,DBD,p.Gly2724Gln,2724,G,Q,-12.49916,0.8101,0.20377529923855492,35.13439178466797,True,Interface DSS1
BRCA2,DBD,p.Gly2724Arg,2724,G,R,-8.92339,0.8827,0.20377529923855492,35.13439178466797,True,Interface DSS1
BRCA2,DBD,p.Gly2724Val,2724,G,V,-9.69779,0.7812,0.20377529923855492,35.13439178466797,True,Interface DSS1
BRCA2,DBD,p.Gly2724Trp,2724,G,W,-10.15307,0.825,0.20377529923855492,35.13439178466797,True,Interface DSS1
BRCA2,DBD,p.Gly2724Tyr,2724,G,Y,-11.84181,0.7942,0.20377529923855492,35.13439178466797,True,Interface DSS1
BRCA2,DBD,p.Trp2725Ala,2725,W,A,-14.78676,0.7333,0.21113597027225803,36.37086486816406,True,Interface DSS1
BRCA2,DBD,p.Trp2725Cys,2725,W,C,-9.83343,0.7494,0.21113597027225803,36.37086486816406,True,Interface DSS1
BRCA2,DBD,p.Trp2725Asp,2725,W,D,-14.9263,0.8428,0.21113597027225803,36.37086486816406,True,Interface DSS1
BRCA2,DBD,p.Trp2725Glu,2725,W,E,-14.76265,0.8543,0.21113597027225803,36.37086486816406,True,Interface DSS1
BRCA2,DBD,p.Trp2725Gly,2725,W,G,-10.03793,0.8159,0.21113597027225803,36.37086486816406,True,Interface DSS1
BRCA2,DBD,p.Trp2725His,2725,W,H,-11.44313,0.7321,0.21113597027225803,36.37086486816406,True,Interface DSS1
BRCA2,DBD,p.Trp2725Ile,2725,W,I,-14.35499,0.7305,0.21113597027225803,36.37086486816406,True,Interface DSS1
BRCA2,DBD,p.Trp2725Lys,2725,W,K,-13.45519,0.7772,0.21113597027225803,36.37086486816406,True,Interface DSS1
BRCA2,DBD,p.Trp2725Leu,2725,W,L,-9.5246,0.7776,0.21113597027225803,36.37086486816406,True,Interface DSS1
BRCA2,DBD,p.Trp2725Met,2725,W,M,-14.26706,0.7536,0.21113597027225803,36.37086486816406,True,Interface DSS1
BRCA2,DBD,p.Trp2725Asn,2725,W,N,-13.40602,0.8031,0.21113597027225803,36.37086486816406,True,Interface DSS1
BRCA2,DBD,p.Trp2725Pro,2725,W,P,-14.83435,0.7927,0.21113597027225803,36.37086486816406,True,Interface DSS1
BRCA2,DBD,p.Trp2725Gln,2725,W,Q,-10.94835,0.8295,0.21113597027225803,36.37086486816406,True,Interface DSS1
BRCA2,DBD,p.Trp2725Arg,2725,W,R,-8.78861,0.7414,0.21113597027225803,36.37086486816406,True,Interface DSS1
BRCA2,DBD,p.Trp2725Ser,2725,W,S,-9.60777,0.788,0.21113597027225803,36.37086486816406,True,Interface DSS1
BRCA2,DBD,p.Trp2725Thr,2725,W,T,-13.68991,0.751,0.21113597027225803,36.37086486816406,True,Interface DSS1
BRCA2,DBD,p.Trp2725Val,2725,W,V,-14.87692,0.7394,0.21113597027225803,36.37086486816406,True,Interface DSS1
BRCA2,DBD,p.Tyr2726Cys,2726,Y,C,-8.07481,0.8688,0.06835838041300969,32.78929901123047,False,Núcleo estrutural (dobramento)
BRCA2,DBD,p.Tyr2726Asp,2726,Y,D,-10.53838,0.9257,0.06835838041300969,32.78929901123047,False,Núcleo estrutural (dobramento)
BRCA2,DBD,p.Tyr2726Glu,2726,Y,E,-13.05079,0.8682,0.06835838041300969,32.78929901123047,False,Núcleo estrutural (dobramento)
BRCA2,DBD,p.Tyr2726Gly,2726,Y,G,-12.77851,0.748,0.06835838041300969,32.78929901123047,False,Núcleo estrutural (dobramento)
BRCA2,DBD,p.Tyr2726Ile,2726,Y,I,-12.98387,0.7188,0.06835838041300969,32.78929901123047,False,Núcleo estrutural (dobramento)
BRCA2,DBD,p.Tyr2726Lys,2726,Y,K,-13.44341,0.8066,0.06835838041300969,32.78929901123047,False,Núcleo estrutural (dobramento)
BRCA2,DBD,p.Tyr2726Leu,2726,Y,L,-12.39289,0.7363,0.06835838041300969,32.78929901123047,False,Núcleo estrutural (dobramento)
BRCA2,DBD,p.Tyr2726Met,2726,Y,M,-14.08653,0.7375,0.06835838041300969,32.78929901123047,False,Núcleo estrutural (dobramento)
BRCA2,DBD,p.Tyr2726Asn,2726,Y,N,-9.0028,0.8485,0.06835838041300969,32.78929901123047,False,Núcleo estrutural (dobramento)
BRCA2,DBD,p.Tyr2726Pro,2726,Y,P,-13.73863,0.7548,0.06835838041300969,32.78929901123047,False,Núcleo estrutural (dobramento)
BRCA2,DBD,p.Tyr2726Gln,2726,Y,Q,-11.31173,0.7122,0.06835838041300969,32.78929901123047,False,Núcleo estrutural (dobramento)
BRCA2,DBD,p.Tyr2726Arg,2726,Y,R,-12.51609,0.7184,0.06835838041300969,32.78929901123047,False,Núcleo estrutural (dobramento)
BRCA2,DBD,p.Tyr2726Ser,2726,Y,S,-9.92445,0.6767,0.06835838041300969,32.78929901123047,False,Núcleo estrutural (dobramento)
BRCA2,DBD,p.Tyr2726Val,2726,Y,V,-13.11926,0.7193,0.06835838041300969,32.78929901123047,False,Núcleo estrutural (dobramento)
BRCA2,DBD,p.Ala2727Asp,2727,A,D,-8.34908,0.8134,0.09276338925558833,30.790740966796875,False,Núcleo estrutural (dobramento)
BRCA2,DBD,p.Ala2727Glu,2727,A,E,-8.88895,0.8073,0.09276338925558833,30.790740966796875,False,Núcleo estrutural (dobramento)
BRCA2,DBD,p.Ala2727Lys,2727,A,K,-7.28524,0.7123,0.09276338925558833,30.790740966796875,False,Núcleo estrutural (dobramento)
BRCA2,DBD,p.Val2728Asp,2728,V,D,-11.75992,0.8288,0.04858274432344491,26.352951049804688,False,Núcleo estrutural (dobramento)
BRCA2,DBD,p.Val2728Glu,2728,V,E,-10.55072,0.8433,0.04858274432344491,26.352951049804688,False,Núcleo estrutural (dobramento)
BRCA2,DBD,p.Val2728His,2728,V,H,-12.17592,0.6948,0.04858274432344491,26.352951049804688,False,Núcleo estrutural (dobramento)
BRCA2,DBD,p.Val2728Lys,2728,V,K,-11.07302,0.778,0.04858274432344491,26.352951049804688,False,Núcleo estrutural (dobramento)
BRCA2,DBD,p.Val2728Asn,2728,V,N,-10.36929,0.7833,0.04858274432344491,26.352951049804688,False,Núcleo estrutural (dobramento)
BRCA2,DBD,p.Val2728Pro,2728,V,P,-12.19159,0.9005,0.04858274432344491,26.352951049804688,False,Núcleo estrutural (dobramento)
BRCA2,DBD,p.Val2728Gln,2728,V,Q,-10.1878,0.7858,0.04858274432344491,26.352951049804688,False,Núcleo estrutural (dobramento)
BRCA2,DBD,p.Val2728Arg,2728,V,R,-11.67029,0.7144,0.04858274432344491,26.352951049804688,False,Núcleo estrutural (dobramento)
BRCA2,DBD,p.Val2728Tyr,2728,V,Y,-13.511,0.7055,0.04858274432344491,26.352951049804688,False,Núcleo estrutural (dobramento)
BRCA2,DBD,p.Ala2730Asp,2730,A,D,-12.66252,0.8472,0.0,22.35079574584961,False,Núcleo estrutural (dobramento)
BRCA2,DBD,p.Ala2730Glu,2730,A,E,-13.00992,0.8127,0.0,22.35079574584961,False,Núcleo estrutural (dobramento)
BRCA2,DBD,p.Ala2730His,2730,A,H,-16.47477,0.7288,0.0,22.35079574584961,False,Núcleo estrutural (dobramento)
BRCA2,DBD,p.Ala2730Lys,2730,A,K,-15.11695,0.805,0.0,22.35079574584961,False,Núcleo estrutural (dobramento)
BRCA2,DBD,p.Ala2730Asn,2730,A,N,-14.63329,0.7589,0.0,22.35079574584961,False,Núcleo estrutural (dobramento)
BRCA2,DBD,p.Ala2730Pro,2730,A,P,-13.71832,0.8274,0.0,22.35079574584961,False,Núcleo estrutural (dobramento)
BRCA2,DBD,p.Ala2730Gln,2730,A,Q,-16.2705,0.7517,0.0,22.35079574584961,False,Núcleo estrutural (dobramento)
BRCA2,DBD,p.Ala2730Arg,2730,A,R,-15.40998,0.7859,0.0,22.35079574584961,False,Núcleo estrutural (dobramento)
BRCA2,DBD,p.Ala2730Trp,2730,A,W,-12.6042,0.6924,0.0,22.35079574584961,False,Núcleo estrutural (dobramento)
BRCA2,DBD,p.Ala2730Tyr,2730,A,Y,-14.17989,0.7276,0.0,22.35079574584961,False,Núcleo estrutural (dobramento)
BRCA2,DBD,p.Leu2732Asp,2732,L,D,-13.82671,0.8062,0.12734697461334799,18.13270378112793,False,Núcleo estrutural (dobramento)
BRCA2,DBD,p.Leu2732Glu,2732,L,E,-13.09819,0.7946,0.12734697461334799,18.13270378112793,False,Núcleo estrutural (dobramento)
BRCA2,DBD,p.Leu2732Lys,2732,L,K,-11.7097,0.7592,0.12734697461334799,18.13270378112793,False,Núcleo estrutural (dobramento)
BRCA2,DBD,p.Leu2732Asn,2732,L,N,-12.98015,0.782,0.12734697461334799,18.13270378112793,False,Núcleo estrutural (dobramento)
BRCA2,DBD,p.Leu2732Gln,2732,L,Q,-11.35299,0.7532,0.12734697461334799,18.13270378112793,False,Núcleo estrutural (dobramento)
BRCA2,DBD,p.Leu2732Arg,2732,L,R,-10.58885,0.729,0.12734697461334799,18.13270378112793,False,Núcleo estrutural (dobramento)
BRCA2,DBD,p.Leu2732Tyr,2732,L,Y,-11.76847,0.7214,0.12734697461334799,18.13270378112793,False,Núcleo estrutural (dobramento)
BRCA2,DBD,p.Asp2733Cys,2733,D,C,-9.93385,0.6785,0.09385711523626293,15.942097663879395,False,Núcleo estrutural (dobramento)
BRCA2,DBD,p.Asp2733Phe,2733,D,F,-12.75755,0.6769,0.09385711523626293,15.942097663879395,False,Núcleo estrutural (dobramento)
BRCA2,DBD,p.Asp2733Ile,2733,D,I,-13.12014,0.688,0.09385711523626293,15.942097663879395,False,Núcleo estrutural (dobramento)
BRCA2,DBD,p.Asp2733Leu,2733,D,L,-13.93256,0.6989,0.09385711523626293,15.942097663879395,False,Núcleo estrutural (dobramento)
BRCA2,DBD,p.Asp2733Pro,2733,D,P,-12.62578,0.6843,0.09385711523626293,15.942097663879395,False,Núcleo estrutural (dobramento)
BRCA2,DBD,p.Asp2733Val,2733,D,V,-10.62048,0.7321,0.09385711523626293,15.942097663879395,False,Núcleo estrutural (dobramento)
BRCA2,DBD,p.Asp2733Trp,2733,D,W,-14.43108,0.68,0.09385711523626293,15.942097663879395,False,Núcleo estrutural (dobramento)
BRCA2,DBD,p.Asp2733Tyr,2733,D,Y,-9.97695,0.7306,0.09385711523626293,15.942097663879395,False,Núcleo estrutural (dobramento)
BRCA2,DBD,p.Leu2736Asp,2736,L,D,-15.25929,0.8062,0.07810530750506922,20.566911697387695,True,Interface DSS1
BRCA2,DBD,p.Leu2736Glu,2736,L,E,-14.57082,0.7946,0.07810530750506922,20.566911697387695,True,Interface DSS1
BRCA2,DBD,p.Leu2736Lys,2736,L,K,-12.34288,0.7592,0.07810530750506922,20.566911697387695,True,Interface DSS1
BRCA2,DBD,p.Leu2736Asn,2736,L,N,-12.83451,0.782,0.07810530750506922,20.566911697387695,True,Interface DSS1
BRCA2,DBD,p.Leu2736Pro,2736,L,P,-10.19369,0.9603,0.07810530750506922,20.566911697387695,True,Interface DSS1
BRCA2,DBD,p.Leu2736Gln,2736,L,Q,-10.14692,0.7536,0.07810530750506922,20.566911697387695,True,Interface DSS1
BRCA2,DBD,p.Leu2736Arg,2736,L,R,-11.31831,0.729,0.07810530750506922,20.566911697387695,True,Interface DSS1
BRCA2,DBD,p.Leu2736Tyr,2736,L,Y,-10.90646,0.7214,0.07810530750506922,20.566911697387695,True,Interface DSS1
BRCA2,DBD,p.Gly2743Ile,2743,G,I,-6.4463,0.6787,0.4098251115583088,30.556846618652344,False,Superfície
BRCA2,DBD,p.Gly2743Trp,2743,G,W,-6.21512,0.7432,0.4098251115583088,30.556846618652344,False,Superfície
BRCA2,DBD,p.Leu2745Asp,2745,L,D,-13.12931,0.8062,0.16416206416544518,27.011587142944336,True,Interface DSS1
BRCA2,DBD,p.Leu2745Glu,2745,L,E,-12.49145,0.7946,0.16416206416544518,27.011587142944336,True,Interface DSS1
BRCA2,DBD,p.Leu2745Lys,2745,L,K,-11.44373,0.7592,0.16416206416544518,27.011587142944336,True,Interface DSS1
BRCA2,DBD,p.Leu2745Asn,2745,L,N,-10.54257,0.782,0.16416206416544518,27.011587142944336,True,Interface DSS1
BRCA2,DBD,p.Leu2745Pro,2745,L,P,-9.1618,0.9608,0.16416206416544518,27.011587142944336,True,Interface DSS1
BRCA2,DBD,p.Leu2745Gln,2745,L,Q,-10.00021,0.7536,0.16416206416544518,27.011587142944336,True,Interface DSS1
BRCA2,DBD,p.Leu2745Arg,2745,L,R,-10.66398,0.729,0.16416206416544518,27.011587142944336,True,Interface DSS1
BRCA2,DBD,p.Leu2745Tyr,2745,L,Y,-9.58239,0.7122,0.16416206416544518,27.011587142944336,True,Interface DSS1
BRCA2,DBD,p.Val2747Asp,2747,V,D,-10.0904,0.8296,0.23223627872366173,33.5356559753418,True,Interface DSS1
BRCA2,DBD,p.Val2747His,2747,V,H,-8.92964,0.6853,0.23223627872366173,33.5356559753418,True,Interface DSS1
BRCA2,DBD,p.Val2747Asn,2747,V,N,-7.91549,0.7339,0.23223627872366173,33.5356559753418,True,Interface DSS1
BRCA2,DBD,p.Val2747Gln,2747,V,Q,-6.87165,0.7,0.23223627872366173,33.5356559753418,True,Interface DSS1
BRCA2,DBD,p.Val2747Tyr,2747,V,Y,-9.57372,0.6948,0.23223627872366173,33.5356559753418,True,Interface DSS1
BRCA2,DBD,p.Gly2748Cys,2748,G,C,-9.66342,0.7182,0.3414635720942482,34.737510681152344,True,Interface DSS1
BRCA2,DBD,p.Gly2748Asp,2748,G,D,-10.03275,0.9109,0.3414635720942482,34.737510681152344,True,Interface DSS1
BRCA2,DBD,p.Gly2748Glu,2748,G,E,-9.75524,0.9062,0.3414635720942482,34.737510681152344,True,Interface DSS1
BRCA2,DBD,p.Gly2748His,2748,G,H,-13.13585,0.7458,0.3414635720942482,34.737510681152344,True,Interface DSS1
BRCA2,DBD,p.Gly2748Ile,2748,G,I,-13.75929,0.7404,0.3414635720942482,34.737510681152344,True,Interface DSS1
BRCA2,DBD,p.Gly2748Lys,2748,G,K,-10.87328,0.8308,0.3414635720942482,34.737510681152344,True,Interface DSS1
BRCA2,DBD,p.Gly2748Leu,2748,G,L,-11.9491,0.7659,0.3414635720942482,34.737510681152344,True,Interface DSS1
BRCA2,DBD,p.Gly2748Asn,2748,G,N,-9.94794,0.8117,0.3414635720942482,34.737510681152344,True,Interface DSS1
BRCA2,DBD,p.Gly2748Gln,2748,G,Q,-12.17064,0.8101,0.3414635720942482,34.737510681152344,True,Interface DSS1
BRCA2,DBD,p.Gly2748Arg,2748,G,R,-8.0943,0.7968,0.3414635720942482,34.737510681152344,True,Interface DSS1
BRCA2,DBD,p.Gly2748Val,2748,G,V,-12.5535,0.7814,0.3414635720942482,34.737510681152344,True,Interface DSS1
BRCA2,DBD,p.Gly2748Trp,2748,G,W,-11.63607,0.825,0.3414635720942482,34.737510681152344,True,Interface DSS1
BRCA2,DBD,p.Gly2748Tyr,2748,G,Y,-13.66765,0.7942,0.3414635720942482,34.737510681152344,True,Interface DSS1
BRCA2,DBD,p.Gln2749Pro,2749,Q,P,-12.19964,0.7116,0.324095354977413,32.14520263671875,True,Interface DSS1
BRCA2,DBD,p.Lys2750Pro,2750,K,P,-14.37326,0.7083,0.22843611754580176,30.96753692626953,True,Interface DSS1
BRCA2,DBD,p.Lys2750Trp,2750,K,W,-14.33536,0.7041,0.22843611754580176,30.96753692626953,True,Interface DSS1
BRCA2,DBD,p.Lys2750Tyr,2750,K,Y,-13.42007,0.7168,0.22843611754580176,30.96753692626953,True,Interface DSS1
BRCA2,DBD,p.Ile2751Asp,2751,I,D,-12.7287,0.8028,0.05517083220486927,25.94386100769043,False,Núcleo estrutural (dobramento)
BRCA2,DBD,p.Ile2751Glu,2751,I,E,-11.8791,0.7998,0.05517083220486927,25.94386100769043,False,Núcleo estrutural (dobramento)
BRCA2,DBD,p.Ile2751Lys,2751,I,K,-11.08102,0.7427,0.05517083220486927,25.94386100769043,False,Núcleo estrutural (dobramento)
BRCA2,DBD,p.Ile2751Asn,2751,I,N,-11.69283,0.7886,0.05517083220486927,25.94386100769043,False,Núcleo estrutural (dobramento)
BRCA2,DBD,p.Ile2751Pro,2751,I,P,-11.3567,0.9225,0.05517083220486927,25.94386100769043,False,Núcleo estrutural (dobramento)
BRCA2,DBD,p.Ile2751Gln,2751,I,Q,-11.69758,0.7634,0.05517083220486927,25.94386100769043,False,Núcleo estrutural (dobramento)
BRCA2,DBD,p.Ile2751Arg,2751,I,R,-11.29193,0.7191,0.05517083220486927,25.94386100769043,False,Núcleo estrutural (dobramento)
BRCA2,DBD,p.Ile2751Tyr,2751,I,Y,-11.40867,0.7102,0.05517083220486927,25.94386100769043,False,Núcleo estrutural (dobramento)
BRCA2,DBD,p.Ile2752Asp,2752,I,D,-10.69609,0.8028,0.12873194181136163,25.15850067138672,True,Interface DSS1
BRCA2,DBD,p.Ile2752Glu,2752,I,E,-9.6193,0.7996,0.12873194181136163,25.15850067138672,True,Interface DSS1
BRCA2,DBD,p.Ile2752Asn,2752,I,N,-8.24758,0.7572,0.12873194181136163,25.15850067138672,True,Interface DSS1
BRCA2,DBD,p.Ile2752Pro,2752,I,P,-9.93991,0.9233,0.12873194181136163,25.15850067138672,True,Interface DSS1
BRCA2,DBD,p.Gly2755Cys,2755,G,C,-7.81845,0.6986,0.5862034270783139,17.25666618347168,False,Superfície
BRCA2,DBD,p.Gly2755Asp,2755,G,D,-8.07412,0.8733,0.5862034270783139,17.25666618347168,False,Superfície
BRCA2,DBD,p.Gly2755Glu,2755,G,E,-8.36278,0.8685,0.5862034270783139,17.25666618347168,False,Superfície
BRCA2,DBD,p.Gly2755His,2755,G,H,-10.44074,0.7458,0.5862034270783139,17.25666618347168,False,Superfície
BRCA2,DBD,p.Gly2755Ile,2755,G,I,-11.58499,0.7404,0.5862034270783139,17.25666618347168,False,Superfície
BRCA2,DBD,p.Gly2755Lys,2755,G,K,-9.44606,0.828,0.5862034270783139,17.25666618347168,False,Superfície
BRCA2,DBD,p.Gly2755Leu,2755,G,L,-10.76149,0.7657,0.5862034270783139,17.25666618347168,False,Superfície
BRCA2,DBD,p.Gly2755Asn,2755,G,N,-8.00692,0.7735,0.5862034270783139,17.25666618347168,False,Superfície
BRCA2,DBD,p.Gly2755Gln,2755,G,Q,-9.44538,0.804,0.5862034270783139,17.25666618347168,False,Superfície
BRCA2,DBD,p.Gly2755Arg,2755,G,R,-7.12533,0.7815,0.5862034270783139,17.25666618347168,False,Superfície
BRCA2,DBD,p.Gly2755Val,2755,G,V,-9.31502,0.7803,0.5862034270783139,17.25666618347168,False,Superfície
BRCA2,DBD,p.Gly2755Trp,2755,G,W,-11.32722,0.825,0.5862034270783139,17.25666618347168,False,Superfície
BRCA2,DBD,p.Gly2755Tyr,2755,G,Y,-11.49491,0.7942,0.5862034270783139,17.25666618347168,False,Superfície
BRCA2,DBD,p.Ala2756Asp,2756,A,D,-10.94843,0.8472,0.13817201817743804,17.923540115356445,False,Núcleo estrutural (dobramento)
BRCA2,DBD,p.Ala2756Glu,2756,A,E,-11.11574,0.8127,0.13817201817743804,17.923540115356445,False,Núcleo estrutural (dobramento)
BRCA2,DBD,p.Ala2756His,2756,A,H,-14.08208,0.7288,0.13817201817743804,17.923540115356445,False,Núcleo estrutural (dobramento)
BRCA2,DBD,p.Ala2756Lys,2756,A,K,-13.53695,0.805,0.13817201817743804,17.923540115356445,False,Núcleo estrutural (dobramento)
BRCA2,DBD,p.Ala2756Asn,2756,A,N,-12.15534,0.7589,0.13817201817743804,17.923540115356445,False,Núcleo estrutural (dobramento)
BRCA2,DBD,p.Ala2756Pro,2756,A,P,-10.02534,0.8209,0.13817201817743804,17.923540115356445,False,Núcleo estrutural (dobramento)
BRCA2,DBD,p.Ala2756Gln,2756,A,Q,-14.64945,0.7517,0.13817201817743804,17.923540115356445,False,Núcleo estrutural (dobramento)
BRCA2,DBD,p.Ala2756Arg,2756,A,R,-14.40955,0.7859,0.13817201817743804,17.923540115356445,False,Núcleo estrutural (dobramento)
BRCA2,DBD,p.Ala2756Trp,2756,A,W,-14.82482,0.6924,0.13817201817743804,17.923540115356445,False,Núcleo estrutural (dobramento)
BRCA2,DBD,p.Ala2756Tyr,2756,A,Y,-13.38101,0.7276,0.13817201817743804,17.923540115356445,False,Núcleo estrutural (dobramento)
BRCA2,DBD,p.Glu2757Tyr,2757,E,Y,-8.78052,0.679,0.4884932574606747,14.048827171325684,False,Superfície
BRCA2,DBD,p.Leu2758Asp,2758,L,D,-14.0226,0.8062,0.12756716743575477,19.159393310546875,False,Núcleo estrutural (dobramento)
BRCA2,DBD,p.Leu2758Glu,2758,L,E,-12.6501,0.7946,0.12756716743575477,19.159393310546875,False,Núcleo estrutural (dobramento)
BRCA2,DBD,p.Leu2758Lys,2758,L,K,-11.30477,0.7592,0.12756716743575477,19.159393310546875,False,Núcleo estrutural (dobramento)
BRCA2,DBD,p.Leu2758Asn,2758,L,N,-11.82475,0.782,0.12756716743575477,19.159393310546875,False,Núcleo estrutural (dobramento)
BRCA2,DBD,p.Leu2758Pro,2758,L,P,-7.79734,0.9302,0.12756716743575477,19.159393310546875,False,Núcleo estrutural (dobramento)
BRCA2,DBD,p.Leu2758Gln,2758,L,Q,-8.39396,0.7297,0.12756716743575477,19.159393310546875,False,Núcleo estrutural (dobramento)
BRCA2,DBD,p.Leu2758Arg,2758,L,R,-9.32988,0.7225,0.12756716743575477,19.159393310546875,False,Núcleo estrutural (dobramento)
BRCA2,DBD,p.Leu2758Tyr,2758,L,Y,-11.38557,0.7214,0.12756716743575477,19.159393310546875,False,Núcleo estrutural (dobramento)
BRCA2,DBD,p.Val2759Asp,2759,V,D,-9.53647,0.8293,0.3539599943565272,17.13667106628418,False,Intermediário
BRCA2,DBD,p.Val2759Glu,2759,V,E,-8.10061,0.8117,0.3539599943565272,17.13667106628418,False,Intermediário
BRCA2,DBD,p.Val2759Lys,2759,V,K,-8.31497,0.7202,0.3539599943565272,17.13667106628418,False,Intermediário
BRCA2,DBD,p.Val2759Asn,2759,V,N,-9.45895,0.7764,0.3539599943565272,17.13667106628418,False,Intermediário
BRCA2,DBD,p.Val2759Pro,2759,V,P,-6.35609,0.8126,0.3539599943565272,17.13667106628418,False,Intermediário
BRCA2,DBD,p.Gly2760Cys,2760,G,C,-7.70811,0.6921,0.14327777033886296,20.143346786499023,False,Núcleo estrutural (dobramento)
BRCA2,DBD,p.Gly2760Asp,2760,G,D,-6.47751,0.8547,0.14327777033886296,20.143346786499023,False,Núcleo estrutural (dobramento)
BRCA2,DBD,p.Gly2760Glu,2760,G,E,-7.69439,0.8412,0.14327777033886296,20.143346786499023,False,Núcleo estrutural (dobramento)
BRCA2,DBD,p.Gly2760His,2760,G,H,-9.56348,0.7431,0.14327777033886296,20.143346786499023,False,Núcleo estrutural (dobramento)
BRCA2,DBD,p.Gly2760Ile,2760,G,I,-10.31258,0.7402,0.14327777033886296,20.143346786499023,False,Núcleo estrutural (dobramento)
BRCA2,DBD,p.Gly2760Lys,2760,G,K,-8.70985,0.8147,0.14327777033886296,20.143346786499023,False,Núcleo estrutural (dobramento)
BRCA2,DBD,p.Gly2760Leu,2760,G,L,-10.16059,0.7657,0.14327777033886296,20.143346786499023,False,Núcleo estrutural (dobramento)
BRCA2,DBD,p.Gly2760Asn,2760,G,N,-6.19995,0.7478,0.14327777033886296,20.143346786499023,False,Núcleo estrutural (dobramento)
BRCA2,DBD,p.Gly2760Gln,2760,G,Q,-10.09722,0.8101,0.14327777033886296,20.143346786499023,False,Núcleo estrutural (dobramento)
BRCA2,DBD,p.Gly2760Arg,2760,G,R,-6.95312,0.7815,0.14327777033886296,20.143346786499023,False,Núcleo estrutural (dobramento)
BRCA2,DBD,p.Gly2760Val,2760,G,V,-8.69127,0.7766,0.14327777033886296,20.143346786499023,False,Núcleo estrutural (dobramento)
BRCA2,DBD,p.Gly2760Trp,2760,G,W,-10.23908,0.825,0.14327777033886296,20.143346786499023,False,Núcleo estrutural (dobramento)
BRCA2,DBD,p.Gly2760Tyr,2760,G,Y,-9.53705,0.7888,0.14327777033886296,20.143346786499023,False,Núcleo estrutural (dobramento)
BRCA2,DBD,p.Asp2763Cys,2763,D,C,-9.51797,0.6785,0.45771878547198985,25.233814239501953,False,Superfície
BRCA2,DBD,p.Asp2763Ile,2763,D,I,-9.5696,0.6851,0.45771878547198985,25.233814239501953,False,Superfície
BRCA2,DBD,p.Asp2763Pro,2763,D,P,-9.59374,0.6776,0.45771878547198985,25.233814239501953,False,Superfície
BRCA2,DBD,p.Asp2763Val,2763,D,V,-7.77642,0.6939,0.45771878547198985,25.233814239501953,False,Superfície
BRCA2,DBD,p.Asp2763Trp,2763,D,W,-11.32484,0.68,0.45771878547198985,25.233814239501953,False,Superfície
BRCA2,DBD,p.Ala2764Asp,2764,A,D,-7.66763,0.7887,0.7497342191115427,28.463468551635742,False,Superfície
BRCA2,DBD,p.Ala2764Glu,2764,A,E,-8.11556,0.7675,0.7497342191115427,28.463468551635742,False,Superfície
BRCA2,DBD,p.Ala2764His,2764,A,H,-8.79514,0.7212,0.7497342191115427,28.463468551635742,False,Superfície
BRCA2,DBD,p.Ala2764Lys,2764,A,K,-8.26473,0.73,0.7497342191115427,28.463468551635742,False,Superfície
BRCA2,DBD,p.Ala2764Asn,2764,A,N,-7.33919,0.7035,0.7497342191115427,28.463468551635742,False,Superfície
BRCA2,DBD,p.Ala2764Gln,2764,A,Q,-8.80149,0.7399,0.7497342191115427,28.463468551635742,False,Superfície
BRCA2,DBD,p.Ala2764Arg,2764,A,R,-6.91475,0.6801,0.7497342191115427,28.463468551635742,False,Superfície
BRCA2,DBD,p.Ala2764Trp,2764,A,W,-10.37974,0.6924,0.7497342191115427,28.463468551635742,False,Superfície
BRCA2,DBD,p.Ala2764Tyr,2764,A,Y,-9.0997,0.7191,0.7497342191115427,28.463468551635742,False,Superfície
BRCA2,DBD,p.Cys2765Asp,2765,C,D,-13.06641,0.764,0.06629535550675231,28.73253631591797,False,Núcleo estrutural (dobramento)
BRCA2,DBD,p.Cys2765Glu,2765,C,E,-13.19627,0.7689,0.06629535550675231,28.73253631591797,False,Núcleo estrutural (dobramento)
BRCA2,DBD,p.Cys2765Lys,2765,C,K,-10.91999,0.7246,0.06629535550675231,28.73253631591797,False,Núcleo estrutural (dobramento)
BRCA2,DBD,p.Cys2765Asn,2765,C,N,-8.46755,0.7376,0.06629535550675231,28.73253631591797,False,Núcleo estrutural (dobramento)
BRCA2,DBD,p.Cys2765Pro,2765,C,P,-10.15727,0.7492,0.06629535550675231,28.73253631591797,False,Núcleo estrutural (dobramento)
BRCA2,DBD,p.Cys2765Gln,2765,C,Q,-11.51901,0.7346,0.06629535550675231,28.73253631591797,False,Núcleo estrutural (dobramento)
BRCA2,DBD,p.Leu2768Asp,2768,L,D,-13.81738,0.8062,0.20816211678463,31.360464096069336,False,Intermediário
BRCA2,DBD,p.Leu2768Glu,2768,L,E,-13.44604,0.7946,0.20816211678463,31.360464096069336,False,Intermediário
BRCA2,DBD,p.Leu2768Lys,2768,L,K,-12.84115,0.7592,0.20816211678463,31.360464096069336,False,Intermediário
BRCA2,DBD,p.Leu2768Asn,2768,L,N,-12.84743,0.782,0.20816211678463,31.360464096069336,False,Intermediário
BRCA2,DBD,p.Leu2768Pro,2768,L,P,-8.36943,0.9479,0.20816211678463,31.360464096069336,False,Intermediário
BRCA2,DBD,p.Leu2768Gln,2768,L,Q,-9.54753,0.7501,0.20816211678463,31.360464096069336,False,Intermediário
BRCA2,DBD,p.Leu2768Arg,2768,L,R,-10.53064,0.729,0.20816211678463,31.360464096069336,False,Intermediário
BRCA2,DBD,p.Leu2768Tyr,2768,L,Y,-12.67468,0.7214,0.20816211678463,31.360464096069336,False,Intermediário
BRCA2,DBD,p.Glu2769Tyr,2769,E,Y,-10.93545,0.6897,0.604578346218487,33.3156852722168,False,Superfície
BRCA2,DBD,p.Ala2770Asp,2770,A,D,-9.61826,0.8472,0.3851454265810602,30.19071388244629,False,Intermediário
BRCA2,DBD,p.Ala2770Glu,2770,A,E,-9.41144,0.8127,0.3851454265810602,30.19071388244629,False,Intermediário
BRCA2,DBD,p.Ala2770His,2770,A,H,-11.9616,0.7288,0.3851454265810602,30.19071388244629,False,Intermediário
BRCA2,DBD,p.Ala2770Lys,2770,A,K,-11.76739,0.805,0.3851454265810602,30.19071388244629,False,Intermediário
BRCA2,DBD,p.Ala2770Asn,2770,A,N,-10.41167,0.758,0.3851454265810602,30.19071388244629,False,Intermediário
BRCA2,DBD,p.Ala2770Pro,2770,A,P,-9.25058,0.8204,0.3851454265810602,30.19071388244629,False,Intermediário
BRCA2,DBD,p.Ala2770Gln,2770,A,Q,-11.65974,0.7517,0.3851454265810602,30.19071388244629,False,Intermediário
BRCA2,DBD,p.Ala2770Arg,2770,A,R,-12.00101,0.7859,0.3851454265810602,30.19071388244629,False,Intermediário
BRCA2,DBD,p.Ala2770Trp,2770,A,W,-13.55947,0.6924,0.3851454265810602,30.19071388244629,False,Intermediário
BRCA2,DBD,p.Ala2770Tyr,2770,A,Y,-11.0986,0.7276,0.3851454265810602,30.19071388244629,False,Intermediário
BRCA2,DBD,p.Ser2773Leu,2773,S,L,-6.3352,0.7244,0.4250538377295529,21.988460540771484,False,Superfície
BRCA2,DBD,p.Leu2774Asp,2774,L,D,-14.64984,0.8062,0.024032402309252066,23.353782653808594,False,Núcleo estrutural (dobramento)
BRCA2,DBD,p.Leu2774Glu,2774,L,E,-13.78974,0.7946,0.024032402309252066,23.353782653808594,False,Núcleo estrutural (dobramento)
BRCA2,DBD,p.Leu2774Lys,2774,L,K,-11.83601,0.7592,0.024032402309252066,23.353782653808594,False,Núcleo estrutural (dobramento)
BRCA2,DBD,p.Leu2774Asn,2774,L,N,-11.77668,0.782,0.024032402309252066,23.353782653808594,False,Núcleo estrutural (dobramento)
BRCA2,DBD,p.Leu2774Pro,2774,L,P,-8.47767,0.9487,0.024032402309252066,23.353782653808594,False,Núcleo estrutural (dobramento)
BRCA2,DBD,p.Leu2774Gln,2774,L,Q,-9.75254,0.7536,0.024032402309252066,23.353782653808594,False,Núcleo estrutural (dobramento)
BRCA2,DBD,p.Leu2774Arg,2774,L,R,-10.59528,0.729,0.024032402309252066,23.353782653808594,False,Núcleo estrutural (dobramento)
BRCA2,DBD,p.Leu2774Tyr,2774,L,Y,-11.03729,0.7214,0.024032402309252066,23.353782653808594,False,Núcleo estrutural (dobramento)
BRCA2,DBD,p.Leu2776Asp,2776,L,D,-16.2948,0.8062,0.0360486034638781,20.80777931213379,False,Núcleo estrutural (dobramento)
BRCA2,DBD,p.Leu2776Glu,2776,L,E,-14.08805,0.7946,0.0360486034638781,20.80777931213379,False,Núcleo estrutural (dobramento)
BRCA2,DBD,p.Leu2776Lys,2776,L,K,-13.51949,0.7592,0.0360486034638781,20.80777931213379,False,Núcleo estrutural (dobramento)
BRCA2,DBD,p.Leu2776Asn,2776,L,N,-14.51782,0.782,0.0360486034638781,20.80777931213379,False,Núcleo estrutural (dobramento)
BRCA2,DBD,p.Leu2776Pro,2776,L,P,-10.05515,0.9607,0.0360486034638781,20.80777931213379,False,Núcleo estrutural (dobramento)
BRCA2,DBD,p.Leu2776Gln,2776,L,Q,-11.74359,0.7532,0.0360486034638781,20.80777931213379,False,Núcleo estrutural (dobramento)
BRCA2,DBD,p.Leu2776Arg,2776,L,R,-12.21203,0.729,0.0360486034638781,20.80777931213379,False,Núcleo estrutural (dobramento)
BRCA2,DBD,p.Leu2776Tyr,2776,L,Y,-12.97237,0.7214,0.0360486034638781,20.80777931213379,False,Núcleo estrutural (dobramento)
BRCA2,DBD,p.Lys2777Pro,2777,K,P,-16.46146,0.7083,0.3998849690441462,12.109726905822754,False,Intermediário
BRCA2,DBD,p.Lys2777Trp,2777,K,W,-10.92763,0.7041,0.3998849690441462,12.109726905822754,False,Intermediário
BRCA2,DBD,p.Lys2777Tyr,2777,K,Y,-12.52361,0.7168,0.3998849690441462,12.109726905822754,False,Intermediário
BRCA2,DBD,p.Ile2778Asp,2778,I,D,-14.29186,0.8028,0.018390277401623092,18.275039672851562,False,Núcleo estrutural (dobramento)
BRCA2,DBD,p.Ile2778Glu,2778,I,E,-13.69582,0.7998,0.018390277401623092,18.275039672851562,False,Núcleo estrutural (dobramento)
BRCA2,DBD,p.Ile2778Lys,2778,I,K,-13.79317,0.7427,0.018390277401623092,18.275039672851562,False,Núcleo estrutural (dobramento)
BRCA2,DBD,p.Ile2778Asn,2778,I,N,-11.82911,0.7886,0.018390277401623092,18.275039672851562,False,Núcleo estrutural (dobramento)
BRCA2,DBD,p.Ile2778Pro,2778,I,P,-10.08538,0.9225,0.018390277401623092,18.275039672851562,False,Núcleo estrutural (dobramento)
BRCA2,DBD,p.Ile2778Gln,2778,I,Q,-12.38987,0.7634,0.018390277401623092,18.275039672851562,False,Núcleo estrutural (dobramento)
BRCA2,DBD,p.Ile2778Arg,2778,I,R,-12.70177,0.7191,0.018390277401623092,18.275039672851562,False,Núcleo estrutural (dobramento)
BRCA2,DBD,p.Ile2778Tyr,2778,I,Y,-12.13947,0.7102,0.018390277401623092,18.275039672851562,False,Núcleo estrutural (dobramento)
BRCA2,DBD,p.Ser2779Ile,2779,S,I,-7.07632,0.6859,0.16882440587574613,14.832616806030273,False,Intermediário
BRCA2,DBD,p.Ala2780Asp,2780,A,D,-10.54636,0.8472,0.02702880198560119,18.138999938964844,False,Núcleo estrutural (dobramento)
BRCA2,DBD,p.Ala2780Glu,2780,A,E,-11.25473,0.8127,0.02702880198560119,18.138999938964844,False,Núcleo estrutural (dobramento)
BRCA2,DBD,p.Ala2780His,2780,A,H,-12.10465,0.7288,0.02702880198560119,18.138999938964844,False,Núcleo estrutural (dobramento)
BRCA2,DBD,p.Ala2780Lys,2780,A,K,-12.67828,0.805,0.02702880198560119,18.138999938964844,False,Núcleo estrutural (dobramento)
BRCA2,DBD,p.Ala2780Asn,2780,A,N,-8.97746,0.7471,0.02702880198560119,18.138999938964844,False,Núcleo estrutural (dobramento)
BRCA2,DBD,p.Ala2780Pro,2780,A,P,-8.46268,0.8084,0.02702880198560119,18.138999938964844,False,Núcleo estrutural (dobramento)
BRCA2,DBD,p.Ala2780Gln,2780,A,Q,-13.07357,0.7517,0.02702880198560119,18.138999938964844,False,Núcleo estrutural (dobramento)
BRCA2,DBD,p.Ala2780Arg,2780,A,R,-11.58044,0.7859,0.02702880198560119,18.138999938964844,False,Núcleo estrutural (dobramento)
BRCA2,DBD,p.Ala2780Trp,2780,A,W,-11.90575,0.6924,0.02702880198560119,18.138999938964844,False,Núcleo estrutural (dobramento)
BRCA2,DBD,p.Ala2780Tyr,2780,A,Y,-9.95032,0.726,0.02702880198560119,18.138999938964844,False,Núcleo estrutural (dobramento)
BRCA2,DBD,p.Ser2782Ile,2782,S,I,-9.23181,0.7189,0.09162132707593393,17.002016067504883,False,Núcleo estrutural (dobramento)
BRCA2,DBD,p.Ser2782Leu,2782,S,L,-9.29776,0.7921,0.09162132707593393,17.002016067504883,False,Núcleo estrutural (dobramento)
BRCA2,DBD,p.Ser2782Val,2782,S,V,-8.67846,0.6909,0.09162132707593393,17.002016067504883,False,Núcleo estrutural (dobramento)
BRCA2,DBD,p.Thr2783Glu,2783,T,E,-13.17328,0.7049,0.07475295516716654,20.897855758666992,True,Interface DSS1
BRCA2,DBD,p.Thr2783Lys,2783,T,K,-10.85983,0.7842,0.07475295516716654,20.897855758666992,True,Interface DSS1
BRCA2,DBD,p.Thr2783Leu,2783,T,L,-9.47511,0.6942,0.07475295516716654,20.897855758666992,True,Interface DSS1
BRCA2,DBD,p.Arg2784Asp,2784,R,D,-13.87832,0.7084,0.2632700506374722,19.823705673217773,True,Interface DSS1
BRCA2,DBD,p.Arg2784Phe,2784,R,F,-10.55878,0.6918,0.2632700506374722,19.823705673217773,True,Interface DSS1
BRCA2,DBD,p.Arg2784Ile,2784,R,I,-9.62381,0.7578,0.2632700506374722,19.823705673217773,True,Interface DSS1
BRCA2,DBD,p.Arg2784Leu,2784,R,L,-8.2338,0.749,0.2632700506374722,19.823705673217773,True,Interface DSS1
BRCA2,DBD,p.Arg2784Met,2784,R,M,-10.07629,0.7251,0.2632700506374722,19.823705673217773,True,Interface DSS1
BRCA2,DBD,p.Arg2784Pro,2784,R,P,-9.03264,0.7535,0.2632700506374722,19.823705673217773,True,Interface DSS1
BRCA2,DBD,p.Arg2784Thr,2784,R,T,-10.06817,0.6842,0.2632700506374722,19.823705673217773,True,Interface DSS1
BRCA2,DBD,p.Arg2784Val,2784,R,V,-10.29083,0.7306,0.2632700506374722,19.823705673217773,True,Interface DSS1
BRCA2,DBD,p.Arg2784Trp,2784,R,W,-7.17882,0.8194,0.2632700506374722,19.823705673217773,True,Interface DSS1
BRCA2,DBD,p.Arg2784Tyr,2784,R,Y,-8.73746,0.6906,0.2632700506374722,19.823705673217773,True,Interface DSS1
BRCA2,DBD,p.Ala2786Asp,2786,A,D,-10.88946,0.8472,0.24100935046181196,30.128746032714844,True,Interface DSS1
BRCA2,DBD,p.Ala2786Glu,2786,A,E,-9.52837,0.8127,0.24100935046181196,30.128746032714844,True,Interface DSS1
BRCA2,DBD,p.Ala2786His,2786,A,H,-11.95639,0.7288,0.24100935046181196,30.128746032714844,True,Interface DSS1
BRCA2,DBD,p.Ala2786Lys,2786,A,K,-10.67192,0.805,0.24100935046181196,30.128746032714844,True,Interface DSS1
BRCA2,DBD,p.Ala2786Asn,2786,A,N,-10.77539,0.758,0.24100935046181196,30.128746032714844,True,Interface DSS1
BRCA2,DBD,p.Ala2786Pro,2786,A,P,-7.43101,0.7925,0.24100935046181196,30.128746032714844,True,Interface DSS1
BRCA2,DBD,p.Ala2786Gln,2786,A,Q,-10.58395,0.7517,0.24100935046181196,30.128746032714844,True,Interface DSS1
BRCA2,DBD,p.Ala2786Arg,2786,A,R,-10.50294,0.7859,0.24100935046181196,30.128746032714844,True,Interface DSS1
BRCA2,DBD,p.Ala2786Trp,2786,A,W,-12.48738,0.6924,0.24100935046181196,30.128746032714844,True,Interface DSS1
BRCA2,DBD,p.Ala2786Tyr,2786,A,Y,-11.05247,0.7276,0.24100935046181196,30.128746032714844,True,Interface DSS1
BRCA2,DBD,p.Arg2787Asp,2787,R,D,-9.99089,0.7076,0.6774477656134583,32.901580810546875,True,Interface DSS1
BRCA2,DBD,p.Trp2788Ala,2788,W,A,-12.90449,0.7333,0.26887835506018143,36.21769332885742,True,Interface DSS1
BRCA2,DBD,p.Trp2788Cys,2788,W,C,-7.88846,0.7283,0.26887835506018143,36.21769332885742,True,Interface DSS1
BRCA2,DBD,p.Trp2788Asp,2788,W,D,-13.75756,0.8428,0.26887835506018143,36.21769332885742,True,Interface DSS1
BRCA2,DBD,p.Trp2788Glu,2788,W,E,-14.57128,0.8543,0.26887835506018143,36.21769332885742,True,Interface DSS1
BRCA2,DBD,p.Trp2788Gly,2788,W,G,-11.04818,0.818,0.26887835506018143,36.21769332885742,True,Interface DSS1
BRCA2,DBD,p.Trp2788His,2788,W,H,-10.29838,0.7321,0.26887835506018143,36.21769332885742,True,Interface DSS1
BRCA2,DBD,p.Trp2788Ile,2788,W,I,-12.13714,0.7305,0.26887835506018143,36.21769332885742,True,Interface DSS1
BRCA2,DBD,p.Trp2788Lys,2788,W,K,-12.40702,0.7772,0.26887835506018143,36.21769332885742,True,Interface DSS1
BRCA2,DBD,p.Trp2788Leu,2788,W,L,-9.69751,0.7776,0.26887835506018143,36.21769332885742,True,Interface DSS1
BRCA2,DBD,p.Trp2788Met,2788,W,M,-12.73907,0.7536,0.26887835506018143,36.21769332885742,True,Interface DSS1
BRCA2,DBD,p.Trp2788Asn,2788,W,N,-11.90893,0.8031,0.26887835506018143,36.21769332885742,True,Interface DSS1
BRCA2,DBD,p.Trp2788Pro,2788,W,P,-11.61943,0.7927,0.26887835506018143,36.21769332885742,True,Interface DSS1
BRCA2,DBD,p.Trp2788Gln,2788,W,Q,-11.36539,0.8295,0.26887835506018143,36.21769332885742,True,Interface DSS1
BRCA2,DBD,p.Trp2788Arg,2788,W,R,-8.85988,0.742,0.26887835506018143,36.21769332885742,True,Interface DSS1
BRCA2,DBD,p.Trp2788Ser,2788,W,S,-9.10591,0.7847,0.26887835506018143,36.21769332885742,True,Interface DSS1
BRCA2,DBD,p.Trp2788Thr,2788,W,T,-12.31357,0.751,0.26887835506018143,36.21769332885742,True,Interface DSS1
BRCA2,DBD,p.Trp2788Val,2788,W,V,-12.83237,0.7394,0.26887835506018143,36.21769332885742,True,Interface DSS1
BRCA2,DBD,p.Leu2792Asp,2792,L,D,-14.29252,0.8062,0.24764015156034921,34.19361877441406,True,Interface DSS1
BRCA2,DBD,p.Leu2792Glu,2792,L,E,-13.13787,0.7946,0.24764015156034921,34.19361877441406,True,Interface DSS1
BRCA2,DBD,p.Leu2792Lys,2792,L,K,-9.82583,0.7597,0.24764015156034921,34.19361877441406,True,Interface DSS1
BRCA2,DBD,p.Leu2792Asn,2792,L,N,-11.18538,0.782,0.24764015156034921,34.19361877441406,True,Interface DSS1
BRCA2,DBD,p.Leu2792Pro,2792,L,P,-8.83029,0.9592,0.24764015156034921,34.19361877441406,True,Interface DSS1
BRCA2,DBD,p.Leu2792Gln,2792,L,Q,-8.45429,0.7315,0.24764015156034921,34.19361877441406,True,Interface DSS1
BRCA2,DBD,p.Leu2792Arg,2792,L,R,-8.94474,0.7063,0.24764015156034921,34.19361877441406,True,Interface DSS1
BRCA2,DBD,p.Leu2792Tyr,2792,L,Y,-11.01489,0.7214,0.24764015156034921,34.19361877441406,True,Interface DSS1
BRCA2,DBD,p.Gly2793Cys,2793,G,C,-10.38829,0.7216,0.1161180976961458,30.818599700927734,False,Núcleo estrutural (dobramento)
BRCA2,DBD,p.Gly2793Asp,2793,G,D,-9.41184,0.9086,0.1161180976961458,30.818599700927734,False,Núcleo estrutural (dobramento)
BRCA2,DBD,p.Gly2793Glu,2793,G,E,-10.37822,0.9088,0.1161180976961458,30.818599700927734,False,Núcleo estrutural (dobramento)
BRCA2,DBD,p.Gly2793His,2793,G,H,-12.52683,0.7458,0.1161180976961458,30.818599700927734,False,Núcleo estrutural (dobramento)
BRCA2,DBD,p.Gly2793Ile,2793,G,I,-13.71755,0.7404,0.1161180976961458,30.818599700927734,False,Núcleo estrutural (dobramento)
BRCA2,DBD,p.Gly2793Lys,2793,G,K,-11.39422,0.8308,0.1161180976961458,30.818599700927734,False,Núcleo estrutural (dobramento)
BRCA2,DBD,p.Gly2793Leu,2793,G,L,-13.19647,0.7659,0.1161180976961458,30.818599700927734,False,Núcleo estrutural (dobramento)
BRCA2,DBD,p.Gly2793Asn,2793,G,N,-10.91172,0.8122,0.1161180976961458,30.818599700927734,False,Núcleo estrutural (dobramento)
BRCA2,DBD,p.Gly2793Gln,2793,G,Q,-12.71422,0.8101,0.1161180976961458,30.818599700927734,False,Núcleo estrutural (dobramento)
BRCA2,DBD,p.Gly2793Arg,2793,G,R,-8.99227,0.884,0.1161180976961458,30.818599700927734,False,Núcleo estrutural (dobramento)
BRCA2,DBD,p.Gly2793Val,2793,G,V,-11.14922,0.7806,0.1161180976961458,30.818599700927734,False,Núcleo estrutural (dobramento)
BRCA2,DBD,p.Gly2793Trp,2793,G,W,-11.60262,0.825,0.1161180976961458,30.818599700927734,False,Núcleo estrutural (dobramento)
BRCA2,DBD,p.Gly2793Tyr,2793,G,Y,-13.37078,0.7942,0.1161180976961458,30.818599700927734,False,Núcleo estrutural (dobramento)
BRCA2,DBD,p.Phe2794Asp,2794,F,D,-11.45656,0.7763,0.18579656460681102,28.533973693847656,True,Interface DSS1
BRCA2,DBD,p.Phe2794Glu,2794,F,E,-12.68481,0.7796,0.18579656460681102,28.533973693847656,True,Interface DSS1
BRCA2,DBD,p.Phe2794Lys,2794,F,K,-10.82731,0.736,0.18579656460681102,28.533973693847656,True,Interface DSS1
BRCA2,DBD,p.Phe2794Asn,2794,F,N,-8.59433,0.7132,0.18579656460681102,28.533973693847656,True,Interface DSS1
BRCA2,DBD,p.Phe2794Pro,2794,F,P,-10.38549,0.7714,0.18579656460681102,28.533973693847656,True,Interface DSS1
BRCA2,DBD,p.Phe2794Gln,2794,F,Q,-9.45435,0.7365,0.18579656460681102,28.533973693847656,True,Interface DSS1
BRCA2,DBD,p.Phe2794Arg,2794,F,R,-9.58378,0.6848,0.18579656460681102,28.533973693847656,True,Interface DSS1
BRCA2,DBD,p.Phe2795Asp,2795,F,D,-7.29499,0.7102,0.3143676053117898,29.251066207885742,True,Interface DSS1
BRCA2,DBD,p.Phe2795Glu,2795,F,E,-7.23266,0.7004,0.3143676053117898,29.251066207885742,True,Interface DSS1
BRCA2,DBD,p.Phe2795Pro,2795,F,P,-6.31266,0.6965,0.3143676053117898,29.251066207885742,True,Interface DSS1
BRCA2,DBD,p.Asp2797Leu,2797,D,L,-9.26312,0.6928,0.4381491048924469,27.2235050201416,False,Superfície
BRCA2,DBD,p.Asp2797Pro,2797,D,P,-9.68627,0.6776,0.4381491048924469,27.2235050201416,False,Superfície
BRCA2,DBD,p.Asp2797Val,2797,D,V,-7.99051,0.7011,0.4381491048924469,27.2235050201416,False,Superfície
BRCA2,DBD,p.Asp2797Trp,2797,D,W,-10.81313,0.68,0.4381491048924469,27.2235050201416,False,Superfície
BRCA2,DBD,p.Arg2799Asp,2799,R,D,-8.64783,0.6928,0.5909923740786621,22.015172958374023,False,Superfície
BRCA2,DBD,p.Arg2799Ile,2799,R,I,-8.03169,0.7202,0.5909923740786621,22.015172958374023,False,Superfície
BRCA2,DBD,p.Arg2799Leu,2799,R,L,-6.89913,0.7196,0.5909923740786621,22.015172958374023,False,Superfície
BRCA2,DBD,p.Arg2799Met,2799,R,M,-7.95139,0.6892,0.5909923740786621,22.015172958374023,False,Superfície
BRCA2,DBD,p.Arg2799Pro,2799,R,P,-7.46582,0.7242,0.5909923740786621,22.015172958374023,False,Superfície
BRCA2,DBD,p.Arg2799Val,2799,R,V,-8.03787,0.689,0.5909923740786621,22.015172958374023,False,Superfície
BRCA2,DBD,p.Phe2801Asp,2801,F,D,-12.8256,0.7776,0.23934836241941287,20.13080596923828,True,Interface DSS1
BRCA2,DBD,p.Phe2801Glu,2801,F,E,-13.95326,0.7796,0.23934836241941287,20.13080596923828,True,Interface DSS1
BRCA2,DBD,p.Phe2801His,2801,F,H,-9.39753,0.6988,0.23934836241941287,20.13080596923828,True,Interface DSS1
BRCA2,DBD,p.Phe2801Lys,2801,F,K,-11.87351,0.736,0.23934836241941287,20.13080596923828,True,Interface DSS1
BRCA2,DBD,p.Phe2801Asn,2801,F,N,-9.92322,0.7329,0.23934836241941287,20.13080596923828,True,Interface DSS1
BRCA2,DBD,p.Phe2801Pro,2801,F,P,-9.23867,0.7642,0.23934836241941287,20.13080596923828,True,Interface DSS1
BRCA2,DBD,p.Phe2801Gln,2801,F,Q,-10.76758,0.7401,0.23934836241941287,20.13080596923828,True,Interface DSS1
BRCA2,DBD,p.Phe2801Arg,2801,F,R,-10.57028,0.6917,0.23934836241941287,20.13080596923828,True,Interface DSS1
BRCA2,DBD,p.Leu2803Asp,2803,L,D,-13.38871,0.8062,0.09942787514810843,17.76001739501953,True,Interface DSS1
BRCA2,DBD,p.Leu2803Glu,2803,L,E,-11.20349,0.7946,0.09942787514810843,17.76001739501953,True,Interface DSS1
BRCA2,DBD,p.Leu2803Lys,2803,L,K,-10.09024,0.7597,0.09942787514810843,17.76001739501953,True,Interface DSS1
BRCA2,DBD,p.Leu2803Asn,2803,L,N,-11.96026,0.782,0.09942787514810843,17.76001739501953,True,Interface DSS1
BRCA2,DBD,p.Leu2803Pro,2803,L,P,-9.18081,0.9608,0.09942787514810843,17.76001739501953,True,Interface DSS1
BRCA2,DBD,p.Leu2803Gln,2803,L,Q,-8.16799,0.7235,0.09942787514810843,17.76001739501953,True,Interface DSS1
BRCA2,DBD,p.Leu2803Arg,2803,L,R,-8.89769,0.7063,0.09942787514810843,17.76001739501953,True,Interface DSS1
BRCA2,DBD,p.Leu2803Tyr,2803,L,Y,-10.59775,0.7214,0.09942787514810843,17.76001739501953,True,Interface DSS1
BRCA2,DBD,p.Leu2805Arg,2805,L,R,-8.97789,0.7116,0.05339544652926394,13.27861213684082,False,Núcleo estrutural (dobramento)
BRCA2,DBD,p.Leu2808Arg,2808,L,R,-11.23122,0.7178,0.08028991789500729,13.926959991455078,False,Núcleo estrutural (dobramento)
BRCA2,DBD,p.Gly2812Asp,2812,G,D,-8.34109,0.7314,0.0,13.776092529296875,False,Núcleo estrutural (dobramento)
BRCA2,DBD,p.Gly2812Glu,2812,G,E,-9.00802,0.7495,0.0,13.776092529296875,False,Núcleo estrutural (dobramento)
BRCA2,DBD,p.Gly2812Lys,2812,G,K,-10.90362,0.6928,0.0,13.776092529296875,False,Núcleo estrutural (dobramento)
BRCA2,DBD,p.Gly2812Trp,2812,G,W,-11.20596,0.7062,0.0,13.776092529296875,False,Núcleo estrutural (dobramento)
BRCA2,DBD,p.Gly2812Tyr,2812,G,Y,-12.81244,0.6868,0.0,13.776092529296875,False,Núcleo estrutural (dobramento)
BRCA2,DBD,p.Gly2813Asp,2813,G,D,-8.70986,0.7566,0.1719840732110397,12.602160453796387,False,Intermediário
BRCA2,DBD,p.Gly2813Glu,2813,G,E,-9.24476,0.7503,0.1719840732110397,12.602160453796387,False,Intermediário
BRCA2,DBD,p.Gly2813Lys,2813,G,K,-11.10741,0.6928,0.1719840732110397,12.602160453796387,False,Intermediário
BRCA2,DBD,p.Gly2813Arg,2813,G,R,-8.89089,0.738,0.1719840732110397,12.602160453796387,False,Intermediário
BRCA2,DBD,p.Gly2813Trp,2813,G,W,-11.33271,0.7062,0.1719840732110397,12.602160453796387,False,Intermediário
BRCA2,DBD,p.Gly2813Tyr,2813,G,Y,-12.79096,0.6868,0.1719840732110397,12.602160453796387,False,Intermediário
BRCA2,DBD,p.Val2815Glu,2815,V,E,-10.51463,0.6888,0.0,12.93699836730957,False,Núcleo estrutural (dobramento)
BRCA2,DBD,p.Val2815Pro,2815,V,P,-10.80439,0.7512,0.0,12.93699836730957,False,Núcleo estrutural (dobramento)
BRCA2,DBD,p.Gly2816Asp,2816,G,D,-7.98962,0.7188,0.12553683413258135,15.517210960388184,False,Núcleo estrutural (dobramento)
BRCA2,DBD,p.Gly2816Glu,2816,G,E,-8.66755,0.7471,0.12553683413258135,15.517210960388184,False,Núcleo estrutural (dobramento)
BRCA2,DBD,p.Gly2816Lys,2816,G,K,-9.32054,0.6901,0.12553683413258135,15.517210960388184,False,Núcleo estrutural (dobramento)
BRCA2,DBD,p.Gly2816Trp,2816,G,W,-9.4607,0.7008,0.12553683413258135,15.517210960388184,False,Núcleo estrutural (dobramento)
BRCA2,DBD,p.Gly2816Tyr,2816,G,Y,-9.87588,0.6847,0.12553683413258135,15.517210960388184,False,Núcleo estrutural (dobramento)
BRCA2,DBD,p.Cys2817Pro,2817,C,P,-11.37807,0.6784,0.0,15.9713134765625,False,Núcleo estrutural (dobramento)
BRCA2,DBD,p.Val2818Glu,2818,V,E,-11.28204,0.6888,0.0,13.664423942565918,False,Núcleo estrutural (dobramento)
BRCA2,DBD,p.Val2818Pro,2818,V,P,-13.16703,0.7521,0.0,13.664423942565918,False,Núcleo estrutural (dobramento)
BRCA2,DBD,p.Ile2821Pro,2821,I,P,-15.19283,0.7636,0.02452036986883079,16.0116024017334,False,Núcleo estrutural (dobramento)
BRCA2,DBD,p.Gln2823Arg,2823,Q,R,-5.94782,0.6938,0.10412578466862107,15.811121940612793,False,Núcleo estrutural (dobramento)
BRCA2,DBD,p.Arg2824Ile,2824,R,I,-11.44605,0.6819,0.06785037535090628,12.214653015136719,False,Núcleo estrutural (dobramento)
BRCA2,DBD,p.Arg2824Leu,2824,R,L,-10.25599,0.7098,0.06785037535090628,12.214653015136719,False,Núcleo estrutural (dobramento)
BRCA2,DBD,p.Arg2824Pro,2824,R,P,-10.46507,0.6896,0.06785037535090628,12.214653015136719,False,Núcleo estrutural (dobramento)
BRCA2,DBD,p.Arg2824Trp,2824,R,W,-9.10189,0.7398,0.06785037535090628,12.214653015136719,False,Núcleo estrutural (dobramento)
BRCA2,DBD,p.Tyr2826Cys,2826,Y,C,-8.63248,0.7346,0.09021354461259273,8.018868446350098,False,Núcleo estrutural (dobramento)
BRCA2,DBD,p.Tyr2826Asp,2826,Y,D,-12.30441,0.8068,0.09021354461259273,8.018868446350098,False,Núcleo estrutural (dobramento)
BRCA2,DBD,p.Tyr2826Glu,2826,Y,E,-14.1854,0.7611,0.09021354461259273,8.018868446350098,False,Núcleo estrutural (dobramento)
BRCA2,DBD,p.Tyr2826Gly,2826,Y,G,-14.6262,0.6823,0.09021354461259273,8.018868446350098,False,Núcleo estrutural (dobramento)
BRCA2,DBD,p.Tyr2826Lys,2826,Y,K,-14.81257,0.7146,0.09021354461259273,8.018868446350098,False,Núcleo estrutural (dobramento)
BRCA2,DBD,p.Tyr2826Asn,2826,Y,N,-9.98743,0.7468,0.09021354461259273,8.018868446350098,False,Núcleo estrutural (dobramento)
BRCA2,DBD,p.Tyr2826Pro,2826,Y,P,-15.98404,0.6895,0.09021354461259273,8.018868446350098,False,Núcleo estrutural (dobramento)
BRCA2,DBD,p.Gln2829Pro,2829,Q,P,-10.08683,0.7073,0.009524080213890848,4.37760591506958,False,Ligação ao DNA
BRCA2,DBD,p.Gln2829Arg,2829,Q,R,-6.26447,0.7416,0.009524080213890848,4.37760591506958,False,Ligação ao DNA
BRCA2,DBD,p.Trp2830Asp,2830,W,D,-15.40462,0.7499,0.195387221415473,7.975830554962158,False,Intermediário
BRCA2,DBD,p.Trp2830Glu,2830,W,E,-15.97677,0.7594,0.195387221415473,7.975830554962158,False,Intermediário
BRCA2,DBD,p.Trp2830Gly,2830,W,G,-12.63886,0.7391,0.195387221415473,7.975830554962158,False,Intermediário
BRCA2,DBD,p.Trp2830Lys,2830,W,K,-12.37946,0.688,0.195387221415473,7.975830554962158,False,Intermediário
BRCA2,DBD,p.Trp2830Asn,2830,W,N,-9.58402,0.7046,0.195387221415473,7.975830554962158,False,Intermediário
BRCA2,DBD,p.Trp2830Pro,2830,W,P,-13.86912,0.7173,0.195387221415473,7.975830554962158,False,Intermediário
BRCA2,DBD,p.Trp2830Gln,2830,W,Q,-10.9948,0.727,0.195387221415473,7.975830554962158,False,Intermediário
BRCA2,DBD,p.Trp2830Arg,2830,W,R,-9.72684,0.6752,0.195387221415473,7.975830554962158,False,Intermediário
BRCA2,DBD,p.Trp2830Ser,2830,W,S,-10.62652,0.7391,0.195387221415473,7.975830554962158,False,Intermediário
BRCA2,DBD,p.Trp2830Thr,2830,W,T,-12.86968,0.6902,0.195387221415473,7.975830554962158,False,Intermediário
BRCA2,DBD,p.Gly2837Trp,2837,G,W,-10.74645,0.7062,0.28767660593311073,7.0099992752075195,False,Intermediário
BRCA2,DBD,p.Gly2837Tyr,2837,G,Y,-11.08642,0.6868,0.28767660593311073,7.0099992752075195,False,Intermediário
BRCA2,DBD,p.Tyr2839Asp,2839,Y,D,-10.37963,0.8068,0.5237525185330775,3.695077419281006,True,Ligação ao DNA
BRCA2,DBD,p.Tyr2839Glu,2839,Y,E,-11.71226,0.7611,0.5237525185330775,3.695077419281006,True,Ligação ao DNA
BRCA2,DBD,p.Ile2840Pro,2840,I,P,-12.52912,0.7636,0.2819842534915541,5.27551794052124,False,Intermediário
BRCA2,DBD,p.Arg2842Ile,2842,R,I,-10.79355,0.6819,0.1046035696979212,6.334670543670654,False,Núcleo estrutural (dobramento)
BRCA2,DBD,p.Arg2842Pro,2842,R,P,-10.42222,0.6896,0.1046035696979212,6.334670543670654,False,Núcleo estrutural (dobramento)
BRCA2,DBD,p.Arg2842Trp,2842,R,W,-7.54557,0.707,0.1046035696979212,6.334670543670654,False,Núcleo estrutural (dobramento)
BRCA2,DBD,p.Arg2845Ile,2845,R,I,-9.03694,0.6786,0.7430243616858292,13.199830055236816,False,Superfície
BRCA2,DBD,p.Arg2845Pro,2845,R,P,-10.16693,0.6896,0.7430243616858292,13.199830055236816,False,Superfície
BRCA2,DBD,p.Arg2845Trp,2845,R,W,-6.74698,0.7091,0.7430243616858292,13.199830055236816,False,Superfície
BRCA2,DBD,p.Ala2851Asp,2851,A,D,-10.19598,0.6831,0.2619821359485489,16.10701560974121,False,Intermediário
BRCA2,DBD,p.Ala2851Pro,2851,A,P,-11.00258,0.7306,0.2619821359485489,16.10701560974121,False,Intermediário
BRCA2,DBD,p.Ala2857Pro,2857,A,P,-10.6387,0.7306,0.3857922537196598,22.713396072387695,False,Intermediário
BRCA2,DBD,p.Gln2858Pro,2858,Q,P,-9.88909,0.6852,0.32435612113029494,21.807750701904297,False,Intermediário
BRCA2,DBD,p.Gln2859Pro,2859,Q,P,-10.79403,0.7081,0.39915339304840325,25.946298599243164,False,Intermediário
BRCA2,DBD,p.Gln2859Arg,2859,Q,R,-5.93183,0.6864,0.39915339304840325,25.946298599243164,False,Intermediário
BRCA2,DBD,p.Leu2862Pro,2862,L,P,-7.5365,0.7426,0.4079834770019353,28.82367515563965,False,Superfície
BRCA2,DBD,p.Ala2864Pro,2864,A,P,-10.34188,0.7306,0.44832728716927,31.940141677856445,False,Superfície
BRCA2,DBD,p.Leu2865Pro,2865,L,P,-11.69019,0.7925,0.45661564387578923,29.965167999267578,False,Superfície
BRCA2,DBD,p.Arg2964Ile,2964,R,I,-10.1978,0.8224,0.17990506902047881,11.938679695129395,False,Intermediário
BRCA2,DBD,p.Arg2964Leu,2964,R,L,-9.15739,0.8295,0.17990506902047881,11.938679695129395,False,Intermediário
BRCA2,DBD,p.Arg2964Pro,2964,R,P,-8.24286,0.7293,0.17990506902047881,11.938679695129395,False,Intermediário
BRCA2,DBD,p.Arg2964Val,2964,R,V,-10.22027,0.7778,0.17990506902047881,11.938679695129395,False,Intermediário
BRCA2,DBD,p.Val2966Glu,2966,V,E,-11.44631,0.7674,0.26958418217422414,8.0834321975708,False,Intermediário
BRCA2,DBD,p.Val2966Lys,2966,V,K,-10.97171,0.6809,0.26958418217422414,8.0834321975708,False,Intermediário
BRCA2,DBD,p.Val2966Arg,2966,V,R,-11.68994,0.7063,0.26958418217422414,8.0834321975708,False,Intermediário
BRCA2,DBD,p.Val2969Glu,2969,V,E,-11.9316,0.7674,0.013880784092412831,4.979009628295898,False,Núcleo estrutural (dobramento)
BRCA2,DBD,p.Val2969Lys,2969,V,K,-11.25088,0.6809,0.013880784092412831,4.979009628295898,False,Núcleo estrutural (dobramento)
BRCA2,DBD,p.Val2969Arg,2969,V,R,-12.26388,0.7063,0.013880784092412831,4.979009628295898,False,Núcleo estrutural (dobramento)
BRCA2,DBD,p.Trp2970Glu,2970,W,E,-10.20885,0.68,0.06315924009569626,6.809802055358887,False,Núcleo estrutural (dobramento)
BRCA2,DBD,p.Leu2972Arg,2972,L,R,-11.13289,0.7178,0.012016201154626033,8.63520622253418,False,Núcleo estrutural (dobramento)
BRCA2,DBD,p.Arg2973Ile,2973,R,I,-8.10885,0.8014,0.016380997898480798,9.095203399658203,False,Núcleo estrutural (dobramento)
BRCA2,DBD,p.Arg2973Leu,2973,R,L,-7.06375,0.7978,0.016380997898480798,9.095203399658203,False,Núcleo estrutural (dobramento)
BRCA2,DBD,p.Arg2973Pro,2973,R,P,-8.70146,0.7437,0.016380997898480798,9.095203399658203,False,Núcleo estrutural (dobramento)
BRCA2,DBD,p.Arg2973Val,2973,R,V,-7.93376,0.7561,0.016380997898480798,9.095203399658203,False,Núcleo estrutural (dobramento)
BRCA2,DBD,p.Leu2987Arg,2987,L,R,-11.22501,0.7178,0.01802430173193905,5.798127174377441,False,Núcleo estrutural (dobramento)
BRCA2,DBD,p.Ile2989Arg,2989,I,R,-12.92857,0.7086,0.06130092467207697,5.430251121520996,False,Núcleo estrutural (dobramento)
BRCA2,DBD,p.Trp2990Glu,2990,W,E,-14.33468,0.6804,0.32619974438625965,3.139289617538452,True,Ligação ao DNA
BRCA2,DBD,p.Arg2991Gly,2991,R,G,-10.14985,0.6817,0.6070565526771283,2.731693744659424,True,Ligação ao DNA
BRCA2,DBD,p.Arg2991Ile,2991,R,I,-10.60865,0.8224,0.6070565526771283,2.731693744659424,True,Ligação ao DNA
BRCA2,DBD,p.Arg2991Leu,2991,R,L,-9.54459,0.8303,0.6070565526771283,2.731693744659424,True,Ligação ao DNA
BRCA2,DBD,p.Arg2991Pro,2991,R,P,-11.15501,0.7469,0.6070565526771283,2.731693744659424,True,Ligação ao DNA
BRCA2,DBD,p.Arg2991Val,2991,R,V,-11.62158,0.7778,0.6070565526771283,2.731693744659424,True,Ligação ao DNA
BRCA2,DBD,p.Leu2996Arg,2996,L,R,-12.50977,0.7178,0.15507589049943885,12.373611450195312,False,Intermediário
BRCA2,DBD,p.Leu3000Arg,3000,L,R,-11.31641,0.7178,0.077427848838516,12.939563751220703,False,Núcleo estrutural (dobramento)
BRCA2,DBD,p.Gly3003Asp,3003,G,D,-7.4097,0.7214,0.14554418777745462,19.62550163269043,False,Núcleo estrutural (dobramento)
BRCA2,DBD,p.Gly3003Glu,3003,G,E,-7.06102,0.7353,0.14554418777745462,19.62550163269043,False,Núcleo estrutural (dobramento)
BRCA2,DBD,p.Arg3005Ile,3005,R,I,-9.71816,0.8216,0.14368314780191918,19.390663146972656,False,Núcleo estrutural (dobramento)
BRCA2,DBD,p.Arg3005Leu,3005,R,L,-8.59428,0.8152,0.14368314780191918,19.390663146972656,False,Núcleo estrutural (dobramento)
BRCA2,DBD,p.Arg3005Pro,3005,R,P,-9.01656,0.7437,0.14368314780191918,19.390663146972656,False,Núcleo estrutural (dobramento)
BRCA2,DBD,p.Arg3005Val,3005,R,V,-9.47718,0.777,0.14368314780191918,19.390663146972656,False,Núcleo estrutural (dobramento)
BRCA2,DBD,p.Arg3007Ile,3007,R,I,-9.55905,0.8216,0.20729695933712683,16.477890014648438,False,Intermediário
BRCA2,DBD,p.Arg3007Leu,3007,R,L,-8.72089,0.8229,0.20729695933712683,16.477890014648438,False,Intermediário
BRCA2,DBD,p.Arg3007Pro,3007,R,P,-12.60998,0.7469,0.20729695933712683,16.477890014648438,False,Intermediário
BRCA2,DBD,p.Arg3007Val,3007,R,V,-10.29938,0.7778,0.20729695933712683,16.477890014648438,False,Intermediário
BRCA2,DBD,p.Ile3008Arg,3008,I,R,-14.44712,0.7086,0.018390277401623092,11.81380844116211,False,Núcleo estrutural (dobramento)
BRCA2,DBD,p.Leu3011Arg,3011,L,R,-12.36215,0.7178,0.01802430173193905,9.490509033203125,False,Núcleo estrutural (dobramento)
BRCA2,DBD,p.Ala3012Glu,3012,A,E,-8.25328,0.7106,0.20595209885952062,7.201259613037109,False,Intermediário
BRCA2,DBD,p.Ala3012Lys,3012,A,K,-8.529,0.6809,0.20595209885952062,7.201259613037109,False,Intermediário
BRCA2,DBD,p.Ala3012Arg,3012,A,R,-9.19593,0.7137,0.20595209885952062,7.201259613037109,False,Intermediário
BRCA2,DBD,p.Ile3025Arg,3025,I,R,-10.11441,0.7082,0.08871997988840884,8.786124229431152,False,Núcleo estrutural (dobramento)
BRCA2,DBD,p.Leu3027Arg,3027,L,R,-10.7191,0.7178,0.0,4.435547828674316,False,Ligação ao DNA
BRCA2,DBD,p.Ala3029Glu,3029,A,E,-9.08659,0.733,0.1797014377147528,5.444240570068359,True,Interface DSS1
BRCA2,DBD,p.Ala3029Lys,3029,A,K,-10.57997,0.7023,0.1797014377147528,5.444240570068359,True,Interface DSS1
BRCA2,DBD,p.Ala3029Arg,3029,A,R,-9.11351,0.7137,0.1797014377147528,5.444240570068359,True,Interface DSS1
BRCA2,DBD,p.Leu3038Arg,3038,L,R,-8.12589,0.6799,0.20088812629587652,21.997621536254883,False,Intermediário
BRCA2,DBD,p.Arg3052Cys,3052,R,C,-7.80408,0.715,0.1289109663807417,13.519307136535645,False,Núcleo estrutural (dobramento)
BRCA2,DBD,p.Arg3052Asp,3052,R,D,-14.16061,0.6946,0.1289109663807417,13.519307136535645,False,Núcleo estrutural (dobramento)
BRCA2,DBD,p.Arg3052Phe,3052,R,F,-12.45365,0.681,0.1289109663807417,13.519307136535645,False,Núcleo estrutural (dobramento)
BRCA2,DBD,p.Arg3052Ile,3052,R,I,-11.06667,0.7836,0.1289109663807417,13.519307136535645,False,Núcleo estrutural (dobramento)
BRCA2,DBD,p.Arg3052Leu,3052,R,L,-9.44304,0.8094,0.1289109663807417,13.519307136535645,False,Núcleo estrutural (dobramento)
BRCA2,DBD,p.Arg3052Met,3052,R,M,-11.1793,0.7172,0.1289109663807417,13.519307136535645,False,Núcleo estrutural (dobramento)
BRCA2,DBD,p.Arg3052Pro,3052,R,P,-9.34258,0.7627,0.1289109663807417,13.519307136535645,False,Núcleo estrutural (dobramento)
BRCA2,DBD,p.Arg3052Thr,3052,R,T,-11.14498,0.6916,0.1289109663807417,13.519307136535645,False,Núcleo estrutural (dobramento)
BRCA2,DBD,p.Arg3052Val,3052,R,V,-11.7643,0.7556,0.1289109663807417,13.519307136535645,False,Núcleo estrutural (dobramento)
BRCA2,DBD,p.Arg3052Trp,3052,R,W,-9.22676,0.8112,0.1289109663807417,13.519307136535645,False,Núcleo estrutural (dobramento)
BRCA2,DBD,p.Arg3052Tyr,3052,R,Y,-11.50816,0.7007,0.1289109663807417,13.519307136535645,False,Núcleo estrutural (dobramento)
BRCA2,DBD,p.Leu3055Asp,3055,L,D,-9.64173,0.7934,0.030040502886565082,15.889714241027832,False,Núcleo estrutural (dobramento)
BRCA2,DBD,p.Leu3055Glu,3055,L,E,-8.17471,0.7543,0.030040502886565082,15.889714241027832,False,Núcleo estrutural (dobramento)
BRCA2,DBD,p.Leu3055Asn,3055,L,N,-7.91917,0.7251,0.030040502886565082,15.889714241027832,False,Núcleo estrutural (dobramento)
BRCA2,DBD,p.Leu3055Pro,3055,L,P,-8.45879,0.9266,0.030040502886565082,15.889714241027832,False,Núcleo estrutural (dobramento)
BRCA2,DBD,p.Phe3057Asp,3057,F,D,-13.7427,0.7647,0.041314456668828645,18.351146697998047,False,Núcleo estrutural (dobramento)
BRCA2,DBD,p.Phe3057Glu,3057,F,E,-14.35195,0.7624,0.041314456668828645,18.351146697998047,False,Núcleo estrutural (dobramento)
BRCA2,DBD,p.Phe3057Lys,3057,F,K,-13.34511,0.7115,0.041314456668828645,18.351146697998047,False,Núcleo estrutural (dobramento)
BRCA2,DBD,p.Phe3057Asn,3057,F,N,-11.88895,0.7108,0.041314456668828645,18.351146697998047,False,Núcleo estrutural (dobramento)
BRCA2,DBD,p.Phe3057Pro,3057,F,P,-10.44817,0.7429,0.041314456668828645,18.351146697998047,False,Núcleo estrutural (dobramento)
BRCA2,DBD,p.Phe3057Gln,3057,F,Q,-11.8305,0.7173,0.041314456668828645,18.351146697998047,False,Núcleo estrutural (dobramento)
BRCA2,DBD,p.Phe3065Asp,3065,F,D,-10.37397,0.7634,0.23131295380969355,15.128640174865723,False,Intermediário
BRCA2,DBD,p.Phe3065Glu,3065,F,E,-11.71729,0.7624,0.23131295380969355,15.128640174865723,False,Intermediário
BRCA2,DBD,p.Phe3065Lys,3065,F,K,-10.28675,0.7113,0.23131295380969355,15.128640174865723,False,Intermediário
BRCA2,DBD,p.Phe3065Asn,3065,F,N,-8.20257,0.6791,0.23131295380969355,15.128640174865723,False,Intermediário
BRCA2,DBD,p.Phe3065Pro,3065,F,P,-10.94951,0.7429,0.23131295380969355,15.128640174865723,False,Intermediário
BRCA2,DBD,p.Phe3065Gln,3065,F,Q,-9.2164,0.7164,0.23131295380969355,15.128640174865723,False,Intermediário
BRCA2,DBD,p.Cys3069Asp,3069,C,D,-10.30191,0.7427,0.2857108834812759,10.752161979675293,False,Intermediário
BRCA2,DBD,p.Cys3069Glu,3069,C,E,-12.07328,0.7358,0.2857108834812759,10.752161979675293,False,Intermediário
BRCA2,DBD,p.Cys3069Lys,3069,C,K,-10.46472,0.6848,0.2857108834812759,10.752161979675293,False,Intermediário
BRCA2,DBD,p.Cys3069Pro,3069,C,P,-9.46762,0.7298,0.2857108834812759,10.752161979675293,False,Intermediário
BRCA2,DBD,p.Cys3069Gln,3069,C,Q,-9.45102,0.7006,0.2857108834812759,10.752161979675293,False,Intermediário
BRCA2,DBD,p.Val3072Asp,3072,V,D,-11.35807,0.7992,0.06168094685277041,12.737159729003906,False,Núcleo estrutural (dobramento)
BRCA2,DBD,p.Val3072Glu,3072,V,E,-9.01429,0.8068,0.06168094685277041,12.737159729003906,False,Núcleo estrutural (dobramento)
BRCA2,DBD,p.Val3072Asn,3072,V,N,-8.20856,0.7269,0.06168094685277041,12.737159729003906,False,Núcleo estrutural (dobramento)
BRCA2,DBD,p.Val3072Pro,3072,V,P,-7.6763,0.8288,0.06168094685277041,12.737159729003906,False,Núcleo estrutural (dobramento)
BRCA2,DBD,p.Asp3073Leu,3073,D,L,-11.96815,0.6887,0.03897586811964212,14.476917266845703,False,Núcleo estrutural (dobramento)
BRCA2,DBD,p.Asp3073Val,3073,D,V,-8.76878,0.6943,0.03897586811964212,14.476917266845703,False,Núcleo estrutural (dobramento)
BRCA2,DBD,p.Gly3076Asp,3076,G,D,-10.1367,0.8507,0.0,21.15105438232422,False,Núcleo estrutural (dobramento)
BRCA2,DBD,p.Gly3076Glu,3076,G,E,-10.8299,0.8323,0.0,21.15105438232422,False,Núcleo estrutural (dobramento)
BRCA2,DBD,p.Gly3076His,3076,G,H,-14.17347,0.6765,0.0,21.15105438232422,False,Núcleo estrutural (dobramento)
BRCA2,DBD,p.Gly3076Ile,3076,G,I,-12.01671,0.697,0.0,21.15105438232422,False,Núcleo estrutural (dobramento)
BRCA2,DBD,p.Gly3076Lys,3076,G,K,-12.29441,0.7471,0.0,21.15105438232422,False,Núcleo estrutural (dobramento)
BRCA2,DBD,p.Gly3076Leu,3076,G,L,-10.69404,0.7184,0.0,21.15105438232422,False,Núcleo estrutural (dobramento)
BRCA2,DBD,p.Gly3076Asn,3076,G,N,-12.71857,0.7471,0.0,21.15105438232422,False,Núcleo estrutural (dobramento)
BRCA2,DBD,p.Gly3076Gln,3076,G,Q,-13.01296,0.7377,0.0,21.15105438232422,False,Núcleo estrutural (dobramento)
BRCA2,DBD,p.Gly3076Arg,3076,G,R,-9.60328,0.81,0.0,21.15105438232422,False,Núcleo estrutural (dobramento)
BRCA2,DBD,p.Gly3076Val,3076,G,V,-8.49633,0.7088,0.0,21.15105438232422,False,Núcleo estrutural (dobramento)
BRCA2,DBD,p.Gly3076Trp,3076,G,W,-10.81887,0.7799,0.0,21.15105438232422,False,Núcleo estrutural (dobramento)
BRCA2,DBD,p.Gly3076Tyr,3076,G,Y,-11.79275,0.75,0.0,21.15105438232422,False,Núcleo estrutural (dobramento)
BRCA2,DBD,p.Val3078Asp,3078,V,D,-11.94815,0.7992,0.02463124193247633,17.42879867553711,False,Núcleo estrutural (dobramento)
BRCA2,DBD,p.Val3078Glu,3078,V,E,-11.10991,0.81,0.02463124193247633,17.42879867553711,False,Núcleo estrutural (dobramento)
BRCA2,DBD,p.Val3078Lys,3078,V,K,-12.75005,0.7399,0.02463124193247633,17.42879867553711,False,Núcleo estrutural (dobramento)
BRCA2,DBD,p.Val3078Asn,3078,V,N,-11.81437,0.7536,0.02463124193247633,17.42879867553711,False,Núcleo estrutural (dobramento)
BRCA2,DBD,p.Val3078Pro,3078,V,P,-11.83275,0.8719,0.02463124193247633,17.42879867553711,False,Núcleo estrutural (dobramento)
BRCA2,DBD,p.Val3078Gln,3078,V,Q,-14.03515,0.7526,0.02463124193247633,17.42879867553711,False,Núcleo estrutural (dobramento)
BRCA2,DBD,p.Val3078Arg,3078,V,R,-12.71571,0.6811,0.02463124193247633,17.42879867553711,False,Núcleo estrutural (dobramento)
BRCA2,DBD,p.Val3079Asp,3079,V,D,-13.23012,0.7992,0.11553607807466748,17.1339111328125,False,Núcleo estrutural (dobramento)
BRCA2,DBD,p.Val3079Glu,3079,V,E,-11.85099,0.81,0.11553607807466748,17.1339111328125,False,Núcleo estrutural (dobramento)
BRCA2,DBD,p.Val3079Lys,3079,V,K,-10.90451,0.7399,0.11553607807466748,17.1339111328125,False,Núcleo estrutural (dobramento)
BRCA2,DBD,p.Val3079Asn,3079,V,N,-13.07663,0.7536,0.11553607807466748,17.1339111328125,False,Núcleo estrutural (dobramento)
BRCA2,DBD,p.Val3079Pro,3079,V,P,-13.67698,0.8749,0.11553607807466748,17.1339111328125,False,Núcleo estrutural (dobramento)
BRCA2,DBD,p.Val3079Gln,3079,V,Q,-11.52326,0.7526,0.11553607807466748,17.1339111328125,False,Núcleo estrutural (dobramento)
BRCA2,DBD,p.Val3079Arg,3079,V,R,-12.2664,0.6811,0.11553607807466748,17.1339111328125,False,Núcleo estrutural (dobramento)
BRCA2,DBD,p.Val3081Asp,3081,V,D,-10.97993,0.7992,0.22711541047778966,11.871184349060059,False,Intermediário
BRCA2,DBD,p.Val3081Glu,3081,V,E,-9.43221,0.8096,0.22711541047778966,11.871184349060059,False,Intermediário
BRCA2,DBD,p.Val3081Lys,3081,V,K,-10.05433,0.7397,0.22711541047778966,11.871184349060059,False,Intermediário
BRCA2,DBD,p.Val3081Asn,3081,V,N,-9.39305,0.7499,0.22711541047778966,11.871184349060059,False,Intermediário
BRCA2,DBD,p.Val3081Pro,3081,V,P,-8.4981,0.8615,0.22711541047778966,11.871184349060059,False,Intermediário
BRCA2,DBD,p.Val3081Gln,3081,V,Q,-9.93855,0.7524,0.22711541047778966,11.871184349060059,False,Intermediário
BRCA2,DBD,p.Val3081Arg,3081,V,R,-10.59573,0.6811,0.22711541047778966,11.871184349060059,False,Intermediário
BRCA2,DBD,p.Val3082Asp,3082,V,D,-6.2972,0.6964,0.36784077844894003,7.812241077423096,False,Intermediário
BRCA2,DBD,p.Gly3086Asp,3086,G,D,-6.80688,0.8009,0.6615697515159863,3.3117947578430176,True,Ligação ao DNA
BRCA2,DBD,p.Gly3086Glu,3086,G,E,-7.77841,0.7714,0.6615697515159863,3.3117947578430176,True,Ligação ao DNA
BRCA2,DBD,p.Gly3086Ile,3086,G,I,-9.99735,0.6968,0.6615697515159863,3.3117947578430176,True,Ligação ao DNA
BRCA2,DBD,p.Gly3086Lys,3086,G,K,-9.15715,0.7389,0.6615697515159863,3.3117947578430176,True,Ligação ao DNA
BRCA2,DBD,p.Gly3086Leu,3086,G,L,-9.96216,0.7184,0.6615697515159863,3.3117947578430176,True,Ligação ao DNA
BRCA2,DBD,p.Gly3086Asn,3086,G,N,-6.56298,0.6975,0.6615697515159863,3.3117947578430176,True,Ligação ao DNA
BRCA2,DBD,p.Gly3086Gln,3086,G,Q,-9.09735,0.7341,0.6615697515159863,3.3117947578430176,True,Ligação ao DNA
BRCA2,DBD,p.Gly3086Arg,3086,G,R,-8.28458,0.7162,0.6615697515159863,3.3117947578430176,True,Ligação ao DNA
BRCA2,DBD,p.Gly3086Val,3086,G,V,-8.23886,0.7047,0.6615697515159863,3.3117947578430176,True,Ligação ao DNA
BRCA2,DBD,p.Gly3086Trp,3086,G,W,-9.68639,0.7776,0.6615697515159863,3.3117947578430176,True,Ligação ao DNA
BRCA2,DBD,p.Gly3086Tyr,3086,G,Y,-8.38582,0.7202,0.6615697515159863,3.3117947578430176,True,Ligação ao DNA
BRCA2,DBD,p.Leu3087Asp,3087,L,D,-6.79611,0.6937,0.6808587138143646,3.2312111854553223,True,Ligação ao DNA
BRCA2,DBD,p.Ala3088Asp,3088,A,D,-7.85245,0.7436,0.29374787517340933,2.685840606689453,True,Ligação ao DNA
BRCA2,DBD,p.Ala3088Glu,3088,A,E,-8.26253,0.7046,0.29374787517340933,2.685840606689453,True,Ligação ao DNA
BRCA2,DBD,p.Val3091Asp,3091,V,D,-11.40973,0.7992,0.03470196023103208,10.381685256958008,False,Núcleo estrutural (dobramento)
BRCA2,DBD,p.Val3091Glu,3091,V,E,-10.97155,0.81,0.03470196023103208,10.381685256958008,False,Núcleo estrutural (dobramento)
BRCA2,DBD,p.Val3091Lys,3091,V,K,-10.53767,0.7399,0.03470196023103208,10.381685256958008,False,Núcleo estrutural (dobramento)
BRCA2,DBD,p.Val3091Asn,3091,V,N,-9.31394,0.7499,0.03470196023103208,10.381685256958008,False,Núcleo estrutural (dobramento)
BRCA2,DBD,p.Val3091Pro,3091,V,P,-9.85109,0.8735,0.03470196023103208,10.381685256958008,False,Núcleo estrutural (dobramento)
BRCA2,DBD,p.Val3091Gln,3091,V,Q,-10.66665,0.7526,0.03470196023103208,10.381685256958008,False,Núcleo estrutural (dobramento)
BRCA2,DBD,p.Val3091Arg,3091,V,R,-10.84803,0.6811,0.03470196023103208,10.381685256958008,False,Núcleo estrutural (dobramento)
BRCA2,DBD,p.Tyr3092Asp,3092,Y,D,-11.34536,0.8889,0.04636713627612742,9.785260200500488,False,Núcleo estrutural (dobramento)
BRCA2,DBD,p.Tyr3092Glu,3092,Y,E,-12.17771,0.8367,0.04636713627612742,9.785260200500488,False,Núcleo estrutural (dobramento)
BRCA2,DBD,p.Tyr3092Gly,3092,Y,G,-10.97922,0.7189,0.04636713627612742,9.785260200500488,False,Núcleo estrutural (dobramento)
BRCA2,DBD,p.Tyr3092Lys,3092,Y,K,-10.4735,0.7745,0.04636713627612742,9.785260200500488,False,Núcleo estrutural (dobramento)
BRCA2,DBD,p.Tyr3092Met,3092,Y,M,-9.29033,0.7025,0.04636713627612742,9.785260200500488,False,Núcleo estrutural (dobramento)
BRCA2,DBD,p.Tyr3092Asn,3092,Y,N,-8.47342,0.7801,0.04636713627612742,9.785260200500488,False,Núcleo estrutural (dobramento)
BRCA2,DBD,p.Tyr3092Pro,3092,Y,P,-12.08034,0.7314,0.04636713627612742,9.785260200500488,False,Núcleo estrutural (dobramento)
BRCA2,DBD,p.Leu3093Asp,3093,L,D,-13.83655,0.7934,0.07810530750506922,15.455428123474121,False,Núcleo estrutural (dobramento)
BRCA2,DBD,p.Leu3093Glu,3093,L,E,-12.79867,0.777,0.07810530750506922,15.455428123474121,False,Núcleo estrutural (dobramento)
BRCA2,DBD,p.Leu3093Lys,3093,L,K,-12.21316,0.7434,0.07810530750506922,15.455428123474121,False,Núcleo estrutural (dobramento)
BRCA2,DBD,p.Leu3093Asn,3093,L,N,-13.10681,0.7698,0.07810530750506922,15.455428123474121,False,Núcleo estrutural (dobramento)
BRCA2,DBD,p.Leu3093Pro,3093,L,P,-10.69807,0.9404,0.07810530750506922,15.455428123474121,False,Núcleo estrutural (dobramento)
BRCA2,DBD,p.Leu3093Gln,3093,L,Q,-11.12654,0.7395,0.07810530750506922,15.455428123474121,False,Núcleo estrutural (dobramento)
BRCA2,DBD,p.Leu3093Arg,3093,L,R,-12.24511,0.7216,0.07810530750506922,15.455428123474121,False,Núcleo estrutural (dobramento)
BRCA2,DBD,p.Leu3093Tyr,3093,L,Y,-13.22422,0.6919,0.07810530750506922,15.455428123474121,False,Núcleo estrutural (dobramento)
BRCA2,DBD,p.Ser3094Leu,3094,S,L,-8.65415,0.7444,0.0,18.78236961364746,False,Núcleo estrutural (dobramento)
BRCA2,DBD,p.Asp3095Leu,3095,D,L,-13.865,0.6887,0.01665480348284021,21.606388092041016,False,Núcleo estrutural (dobramento)
BRCA2,DBD,p.Asp3095Val,3095,D,V,-11.25934,0.7089,0.01665480348284021,21.606388092041016,False,Núcleo estrutural (dobramento)
BRCA2,DBD,p.Asp3095Tyr,3095,D,Y,-11.13923,0.718,0.01665480348284021,21.606388092041016,False,Núcleo estrutural (dobramento)
BRCA2,DBD,p.Leu3100Asp,3100,L,D,-13.96118,0.7934,0.13038709851317107,15.45302677154541,False,Núcleo estrutural (dobramento)
BRCA2,DBD,p.Leu3100Glu,3100,L,E,-13.08667,0.777,0.13038709851317107,15.45302677154541,False,Núcleo estrutural (dobramento)
BRCA2,DBD,p.Leu3100Lys,3100,L,K,-10.89374,0.7434,0.13038709851317107,15.45302677154541,False,Núcleo estrutural (dobramento)
BRCA2,DBD,p.Leu3100Asn,3100,L,N,-10.7778,0.7702,0.13038709851317107,15.45302677154541,False,Núcleo estrutural (dobramento)
BRCA2,DBD,p.Leu3100Pro,3100,L,P,-8.53447,0.9286,0.13038709851317107,15.45302677154541,False,Núcleo estrutural (dobramento)
BRCA2,DBD,p.Leu3100Gln,3100,L,Q,-9.39954,0.7395,0.13038709851317107,15.45302677154541,False,Núcleo estrutural (dobramento)
BRCA2,DBD,p.Leu3100Arg,3100,L,R,-10.53231,0.7216,0.13038709851317107,15.45302677154541,False,Núcleo estrutural (dobramento)
BRCA2,DBD,p.Leu3100Tyr,3100,L,Y,-8.74537,0.6772,0.13038709851317107,15.45302677154541,False,Núcleo estrutural (dobramento)
BRCA2,DBD,p.Leu3101Asp,3101,L,D,-12.75177,0.7934,0.012016201154626033,13.116540908813477,False,Núcleo estrutural (dobramento)
BRCA2,DBD,p.Leu3101Glu,3101,L,E,-10.88175,0.777,0.012016201154626033,13.116540908813477,False,Núcleo estrutural (dobramento)
BRCA2,DBD,p.Leu3101Lys,3101,L,K,-9.24349,0.743,0.012016201154626033,13.116540908813477,False,Núcleo estrutural (dobramento)
BRCA2,DBD,p.Leu3101Asn,3101,L,N,-9.80797,0.7672,0.012016201154626033,13.116540908813477,False,Núcleo estrutural (dobramento)
BRCA2,DBD,p.Leu3101Pro,3101,L,P,-9.30465,0.9412,0.012016201154626033,13.116540908813477,False,Núcleo estrutural (dobramento)
BRCA2,DBD,p.Leu3101Gln,3101,L,Q,-8.61429,0.7263,0.012016201154626033,13.116540908813477,False,Núcleo estrutural (dobramento)
BRCA2,DBD,p.Leu3101Arg,3101,L,R,-10.0537,0.7219,0.012016201154626033,13.116540908813477,False,Núcleo estrutural (dobramento)
BRCA2,DBD,p.Leu3101Tyr,3101,L,Y,-9.2302,0.6854,0.012016201154626033,13.116540908813477,False,Núcleo estrutural (dobramento)
BRCA2,DBD,p.Lys3104Pro,3104,K,P,-11.88215,0.6954,0.29619494635042243,3.9039769172668457,True,Ligação ao DNA
BRCA2,DBD,p.Lys3104Trp,3104,K,W,-11.5435,0.6993,0.29619494635042243,3.9039769172668457,True,Ligação ao DNA
BRCA2,DBD,p.Lys3104Tyr,3104,K,Y,-11.77465,0.6947,0.29619494635042243,3.9039769172668457,True,Ligação ao DNA
BRCA2,DBD,p.Phe3105Asp,3105,F,D,-12.36957,0.7647,0.04074708503559033,4.728151321411133,False,Núcleo estrutural (dobramento)
BRCA2,DBD,p.Phe3105Glu,3105,F,E,-13.25399,0.7624,0.04074708503559033,4.728151321411133,False,Núcleo estrutural (dobramento)
BRCA2,DBD,p.Phe3105Lys,3105,F,K,-12.61908,0.7115,0.04074708503559033,4.728151321411133,False,Núcleo estrutural (dobramento)
BRCA2,DBD,p.Phe3105Asn,3105,F,N,-10.00166,0.7093,0.04074708503559033,4.728151321411133,False,Núcleo estrutural (dobramento)
BRCA2,DBD,p.Phe3105Pro,3105,F,P,-11.8264,0.7438,0.04074708503559033,4.728151321411133,False,Núcleo estrutural (dobramento)
BRCA2,DBD,p.Phe3105Gln,3105,F,Q,-11.04139,0.7173,0.04074708503559033,4.728151321411133,False,Núcleo estrutural (dobramento)
BRCA2,DBD,p.Leu3109Asp,3109,L,D,-10.01804,0.7936,0.13515037816858108,11.467385292053223,False,Núcleo estrutural (dobramento)
BRCA2,DBD,p.Leu3109Glu,3109,L,E,-9.389,0.777,0.13515037816858108,11.467385292053223,False,Núcleo estrutural (dobramento)
BRCA2,DBD,p.Leu3109Lys,3109,L,K,-8.26057,0.6987,0.13515037816858108,11.467385292053223,False,Núcleo estrutural (dobramento)
BRCA2,DBD,p.Leu3109Pro,3109,L,P,-7.49875,0.8939,0.13515037816858108,11.467385292053223,False,Núcleo estrutural (dobramento)
BRCA2,DBD,p.Ile3114Asp,3114,I,D,-11.55673,0.7835,0.08434803111091163,15.308481216430664,False,Núcleo estrutural (dobramento)
BRCA2,DBD,p.Ile3114Glu,3114,I,E,-9.87166,0.772,0.08434803111091163,15.308481216430664,False,Núcleo estrutural (dobramento)
BRCA2,DBD,p.Ile3114Lys,3114,I,K,-8.83936,0.7081,0.08434803111091163,15.308481216430664,False,Núcleo estrutural (dobramento)
BRCA2,DBD,p.Ile3114Asn,3114,I,N,-9.56698,0.7602,0.08434803111091163,15.308481216430664,False,Núcleo estrutural (dobramento)
BRCA2,DBD,p.Ile3114Pro,3114,I,P,-8.03404,0.8745,0.08434803111091163,15.308481216430664,False,Núcleo estrutural (dobramento)
BRCA2,DBD,p.Ile3114Gln,3114,I,Q,-9.90522,0.7335,0.08434803111091163,15.308481216430664,False,Núcleo estrutural (dobramento)
BRCA2,DBD,p.Ile3114Arg,3114,I,R,-9.41533,0.6928,0.08434803111091163,15.308481216430664,False,Núcleo estrutural (dobramento)
BRCA2,DBD,p.Lys3115Pro,3115,K,P,-11.42698,0.6954,0.5730864032645289,19.301170349121094,False,Superfície
BRCA2,DBD,p.Lys3115Trp,3115,K,W,-10.79217,0.6993,0.5730864032645289,19.301170349121094,False,Superfície
BRCA2,DBD,p.Leu3119Asp,3119,L,D,-12.35734,0.7934,0.12208847992492136,22.125896453857422,False,Núcleo estrutural (dobramento)
BRCA2,DBD,p.Leu3119Glu,3119,L,E,-10.50593,0.777,0.12208847992492136,22.125896453857422,False,Núcleo estrutural (dobramento)
BRCA2,DBD,p.Leu3119Lys,3119,L,K,-7.94751,0.675,0.12208847992492136,22.125896453857422,False,Núcleo estrutural (dobramento)
BRCA2,DBD,p.Leu3119Asn,3119,L,N,-8.95974,0.7617,0.12208847992492136,22.125896453857422,False,Núcleo estrutural (dobramento)
BRCA2,DBD,p.Leu3119Pro,3119,L,P,-6.00113,0.8112,0.12208847992492136,22.125896453857422,False,Núcleo estrutural (dobramento)
BRCA2,DBD,p.Leu3119Gln,3119,L,Q,-8.07366,0.7128,0.12208847992492136,22.125896453857422,False,Núcleo estrutural (dobramento)
BRCA2,DBD,p.Leu3119Arg,3119,L,R,-8.65311,0.6792,0.12208847992492136,22.125896453857422,False,Núcleo estrutural (dobramento)
BRCA2,DBD,p.Ile3120Asp,3120,I,D,-14.99689,0.7835,0.030650462336038485,17.664934158325195,False,Núcleo estrutural (dobramento)
BRCA2,DBD,p.Ile3120Glu,3120,I,E,-14.07755,0.7722,0.030650462336038485,17.664934158325195,False,Núcleo estrutural (dobramento)
BRCA2,DBD,p.Ile3120Lys,3120,I,K,-12.22002,0.7179,0.030650462336038485,17.664934158325195,False,Núcleo estrutural (dobramento)
BRCA2,DBD,p.Ile3120Asn,3120,I,N,-12.60559,0.7635,0.030650462336038485,17.664934158325195,False,Núcleo estrutural (dobramento)
BRCA2,DBD,p.Ile3120Pro,3120,I,P,-10.51921,0.8952,0.030650462336038485,17.664934158325195,False,Núcleo estrutural (dobramento)
BRCA2,DBD,p.Ile3120Gln,3120,I,Q,-11.87254,0.7337,0.030650462336038485,17.664934158325195,False,Núcleo estrutural (dobramento)
BRCA2,DBD,p.Ile3120Arg,3120,I,R,-11.49593,0.6999,0.030650462336038485,17.664934158325195,False,Núcleo estrutural (dobramento)
BRCA2,DBD,p.Ala3121Asp,3121,A,D,-7.5994,0.7357,0.01766734294653207,16.59172248840332,False,Núcleo estrutural (dobramento)
BRCA2,DBD,p.Ala3121Glu,3121,A,E,-7.43969,0.687,0.01766734294653207,16.59172248840332,False,Núcleo estrutural (dobramento)
BRCA2,DBD,p.Ala3121Pro,3121,A,P,-7.82801,0.7524,0.01766734294653207,16.59172248840332,False,Núcleo estrutural (dobramento)
BRCA2,DBD,p.Ala3122Asp,3122,A,D,-10.75414,0.7929,0.028084377117207356,14.220233917236328,False,Núcleo estrutural (dobramento)
BRCA2,DBD,p.Ala3122Glu,3122,A,E,-10.38227,0.7502,0.028084377117207356,14.220233917236328,False,Núcleo estrutural (dobramento)
BRCA2,DBD,p.Ala3122Lys,3122,A,K,-12.36946,0.7415,0.028084377117207356,14.220233917236328,False,Núcleo estrutural (dobramento)
BRCA2,DBD,p.Ala3122Asn,3122,A,N,-12.01894,0.7087,0.028084377117207356,14.220233917236328,False,Núcleo estrutural (dobramento)
BRCA2,DBD,p.Ala3122Pro,3122,A,P,-11.49543,0.7854,0.028084377117207356,14.220233917236328,False,Núcleo estrutural (dobramento)
BRCA2,DBD,p.Ala3122Gln,3122,A,Q,-13.07631,0.6871,0.028084377117207356,14.220233917236328,False,Núcleo estrutural (dobramento)
BRCA2,DBD,p.Ala3122Arg,3122,A,R,-11.93126,0.7186,0.028084377117207356,14.220233917236328,False,Núcleo estrutural (dobramento)
BRCA2,DBD,p.Ala3122Tyr,3122,A,Y,-10.23759,0.6843,0.028084377117207356,14.220233917236328,False,Núcleo estrutural (dobramento)
BRCA2,DBD,p.Ser3123Ile,3123,S,I,-8.90082,0.6946,0.07351894322911733,11.375003814697266,False,Núcleo estrutural (dobramento)
BRCA2,DBD,p.Ser3123Leu,3123,S,L,-7.98875,0.7308,0.07351894322911733,11.375003814697266,False,Núcleo estrutural (dobramento)
BRCA2,DBD,p.Leu3125Asp,3125,L,D,-13.94701,0.7934,0.0,9.800928115844727,False,Núcleo estrutural (dobramento)
BRCA2,DBD,p.Leu3125Glu,3125,L,E,-12.59835,0.777,0.0,9.800928115844727,False,Núcleo estrutural (dobramento)
BRCA2,DBD,p.Leu3125Lys,3125,L,K,-12.75193,0.7434,0.0,9.800928115844727,False,Núcleo estrutural (dobramento)
BRCA2,DBD,p.Leu3125Asn,3125,L,N,-12.5416,0.7698,0.0,9.800928115844727,False,Núcleo estrutural (dobramento)
BRCA2,DBD,p.Leu3125Pro,3125,L,P,-9.92883,0.9415,0.0,9.800928115844727,False,Núcleo estrutural (dobramento)
BRCA2,DBD,p.Leu3125Gln,3125,L,Q,-10.28282,0.7393,0.0,9.800928115844727,False,Núcleo estrutural (dobramento)
BRCA2,DBD,p.Leu3125Arg,3125,L,R,-12.17607,0.7216,0.0,9.800928115844727,False,Núcleo estrutural (dobramento)
BRCA2,DBD,p.Leu3125Tyr,3125,L,Y,-12.12064,0.6919,0.0,9.800928115844727,False,Núcleo estrutural (dobramento)
BRCA2,DBD,p.Gln3126Pro,3126,Q,P,-11.09377,0.7065,0.0637070309719159,6.097723007202148,False,Núcleo estrutural (dobramento)
BRCA2,DBD,p.Gly3134Leu,3134,G,L,-7.84538,0.6799,0.7255532399562963,9.80427074432373,False,Superfície
BRCA2,DBD,p.Gly3134Gln,3134,G,Q,-6.3068,0.6785,0.7255532399562963,9.80427074432373,False,Superfície
BRCA2,DBD,p.Gly3134Val,3134,G,V,-6.81445,0.6972,0.7255532399562963,9.80427074432373,False,Superfície
BRCA2,DBD,p.Gly3134Trp,3134,G,W,-8.2397,0.746,0.7255532399562963,9.80427074432373,False,Superfície
BRCA2,DBD,p.Gly3134Tyr,3134,G,Y,-8.34879,0.7202,0.7255532399562963,9.80427074432373,False,Superfície
BRCA2,DBD,p.Thr3137Glu,3137,T,E,-10.3015,0.6831,0.013250507209899053,7.408674716949463,False,Núcleo estrutural (dobramento)
BRCA2,DBD,p.Leu3138Asp,3138,L,D,-11.72795,0.7934,0.0060081005773130166,7.869767665863037,False,Núcleo estrutural (dobramento)
BRCA2,DBD,p.Leu3138Glu,3138,L,E,-11.87349,0.777,0.0060081005773130166,7.869767665863037,False,Núcleo estrutural (dobramento)
BRCA2,DBD,p.Leu3138Lys,3138,L,K,-10.1105,0.7437,0.0060081005773130166,7.869767665863037,False,Núcleo estrutural (dobramento)
BRCA2,DBD,p.Leu3138Asn,3138,L,N,-9.32897,0.7669,0.0060081005773130166,7.869767665863037,False,Núcleo estrutural (dobramento)
BRCA2,DBD,p.Leu3138Pro,3138,L,P,-6.74889,0.8737,0.0060081005773130166,7.869767665863037,False,Núcleo estrutural (dobramento)
BRCA2,DBD,p.Leu3138Gln,3138,L,Q,-9.47453,0.7395,0.0060081005773130166,7.869767665863037,False,Núcleo estrutural (dobramento)
BRCA2,DBD,p.Phe3139Asp,3139,F,D,-7.18759,0.6921,0.20630315357348572,2.939150333404541,True,Ligação ao DNA
BRCA2,DBD,p.Phe3139Glu,3139,F,E,-8.77861,0.7552,0.20630315357348572,2.939150333404541,True,Ligação ao DNA
BRCA2,DBD,p.Ala3140Asp,3140,A,D,-8.72918,0.7827,0.0,5.053629398345947,False,Núcleo estrutural (dobramento)
BRCA2,DBD,p.Ala3140Glu,3140,A,E,-9.56481,0.75,0.0,5.053629398345947,False,Núcleo estrutural (dobramento)
BRCA2,DBD,p.Ala3140Lys,3140,A,K,-10.59689,0.7415,0.0,5.053629398345947,False,Núcleo estrutural (dobramento)
BRCA2,DBD,p.Ala3140Asn,3140,A,N,-9.40525,0.708,0.0,5.053629398345947,False,Núcleo estrutural (dobramento)
BRCA2,DBD,p.Ala3140Pro,3140,A,P,-6.91318,0.7462,0.0,5.053629398345947,False,Núcleo estrutural (dobramento)
BRCA2,DBD,p.Ala3140Gln,3140,A,Q,-11.92305,0.6871,0.0,5.053629398345947,False,Núcleo estrutural (dobramento)
BRCA2,DBD,p.Ala3140Arg,3140,A,R,-9.78663,0.7151,0.0,5.053629398345947,False,Núcleo estrutural (dobramento)
BRCA2,DBD,p.Ala3140Tyr,3140,A,Y,-10.43094,0.6845,0.0,5.053629398345947,False,Núcleo estrutural (dobramento)
BRCA2,DBD,p.Phe3143Asp,3143,F,D,-7.3481,0.7021,0.16101709547198884,3.953339099884033,True,Ligação ao DNA
BRCA2,DBD,p.Ser3144Ile,3144,S,I,-9.96242,0.7037,0.06912638864920777,7.55342960357666,False,Núcleo estrutural (dobramento)
BRCA2,DBD,p.Ser3144Leu,3144,S,L,-9.21862,0.7567,0.06912638864920777,7.55342960357666,False,Núcleo estrutural (dobramento)
BRCA2,DBD,p.Ser3144Val,3144,S,V,-9.65647,0.6796,0.06912638864920777,7.55342960357666,False,Núcleo estrutural (dobramento)
BRCA2,DBD,p.Phe3146Asp,3146,F,D,-13.64866,0.7647,0.11111750383894024,10.998489379882812,False,Núcleo estrutural (dobramento)
BRCA2,DBD,p.Phe3146Glu,3146,F,E,-13.76072,0.7624,0.11111750383894024,10.998489379882812,False,Núcleo estrutural (dobramento)
BRCA2,DBD,p.Phe3146Lys,3146,F,K,-12.62834,0.7115,0.11111750383894024,10.998489379882812,False,Núcleo estrutural (dobramento)
BRCA2,DBD,p.Phe3146Asn,3146,F,N,-10.83959,0.7095,0.11111750383894024,10.998489379882812,False,Núcleo estrutural (dobramento)
BRCA2,DBD,p.Phe3146Pro,3146,F,P,-11.59398,0.7421,0.11111750383894024,10.998489379882812,False,Núcleo estrutural (dobramento)
BRCA2,DBD,p.Phe3146Gln,3146,F,Q,-12.27734,0.7173,0.11111750383894024,10.998489379882812,False,Núcleo estrutural (dobramento)
BRCA2,DBD,p.Ser3147Ile,3147,S,I,-7.40104,0.677,0.2577555567599015,17.065235137939453,False,Intermediário
BRCA2,DBD,p.Ser3147Leu,3147,S,L,-6.9453,0.7371,0.2577555567599015,17.065235137939453,False,Intermediário
BRCA2,DBD,p.Ala3148Asp,3148,A,D,-6.81626,0.7298,0.3937944016304129,20.399662017822266,False,Intermediário
BRCA2,DBD,p.Ser3149Ile,3149,S,I,-8.10483,0.6764,0.40332196175587415,22.520280838012695,False,Superfície
BRCA2,DBD,p.Ser3149Leu,3149,S,L,-9.29044,0.7567,0.40332196175587415,22.520280838012695,False,Superfície
BRCA2,DBD,p.Ser3149Val,3149,S,V,-9.23165,0.6796,0.40332196175587415,22.520280838012695,False,Superfície
BRCA2,DBD,p.Lys3151Pro,3151,K,P,-11.81319,0.6954,0.6718214421282112,23.436574935913086,False,Superfície
BRCA2,DBD,p.Lys3151Trp,3151,K,W,-11.83802,0.6993,0.6718214421282112,23.436574935913086,False,Superfície
BRCA2,DBD,p.Lys3151Tyr,3151,K,Y,-11.97962,0.6947,0.6718214421282112,23.436574935913086,False,Superfície
BRCA2,DBD,p.Phe3155Asp,3155,F,D,-10.90023,0.7634,0.005031784233499651,18.472442626953125,False,Núcleo estrutural (dobramento)
BRCA2,DBD,p.Phe3155Glu,3155,F,E,-10.06761,0.7622,0.005031784233499651,18.472442626953125,False,Núcleo estrutural (dobramento)
BRCA2,DBD,p.Phe3155Lys,3155,F,K,-8.71979,0.6961,0.005031784233499651,18.472442626953125,False,Núcleo estrutural (dobramento)
BRCA2,DBD,p.Phe3155Asn,3155,F,N,-8.39146,0.6837,0.005031784233499651,18.472442626953125,False,Núcleo estrutural (dobramento)
BRCA2,DBD,p.Lys3163Pro,3163,K,P,-11.01562,0.6954,0.3454327552788035,29.399991989135742,False,Intermediário
BRCA2,DBD,p.Ile3169Asp,3169,I,D,-7.93681,0.7368,0.4160642385126003,31.464252471923828,False,Superfície
BRCA2,DBD,p.Ala3176Asp,3176,A,D,-10.38335,0.7929,0.018722918078138237,20.04617691040039,False,Núcleo estrutural (dobramento)
BRCA2,DBD,p.Ala3176Glu,3176,A,E,-7.00337,0.6911,0.018722918078138237,20.04617691040039,False,Núcleo estrutural (dobramento)
BRCA2,DBD,p.Ala3176Lys,3176,A,K,-8.91275,0.7273,0.018722918078138237,20.04617691040039,False,Núcleo estrutural (dobramento)
BRCA2,DBD,p.Ala3176Asn,3176,A,N,-8.53528,0.6796,0.018722918078138237,20.04617691040039,False,Núcleo estrutural (dobramento)
BRCA2,DBD,p.Ala3176Pro,3176,A,P,-10.15539,0.7852,0.018722918078138237,20.04617691040039,False,Núcleo estrutural (dobramento)
BRCA2,DBD,p.Ala3176Gln,3176,A,Q,-9.27999,0.6868,0.018722918078138237,20.04617691040039,False,Núcleo estrutural (dobramento)
BRCA2,DBD,p.Ala3176Arg,3176,A,R,-9.31769,0.7114,0.018722918078138237,20.04617691040039,False,Núcleo estrutural (dobramento)
BRCA2,DBD,p.Ala3176Tyr,3176,A,Y,-8.88582,0.6769,0.018722918078138237,20.04617691040039,False,Núcleo estrutural (dobramento)
BRCA2,DBD,p.Lys3179Pro,3179,K,P,-9.49994,0.6819,0.2857624626105143,17.510154724121094,False,Intermediário
BRCA2,DBD,p.Leu3180Asp,3180,L,D,-10.45546,0.7934,0.04806480461850413,13.896756172180176,False,Núcleo estrutural (dobramento)
BRCA2,DBD,p.Leu3180Glu,3180,L,E,-9.07484,0.7767,0.04806480461850413,13.896756172180176,False,Núcleo estrutural (dobramento)
BRCA2,DBD,p.Leu3180Asn,3180,L,N,-8.29464,0.7477,0.04806480461850413,13.896756172180176,False,Núcleo estrutural (dobramento)
BRCA2,DBD,p.Leu3180Pro,3180,L,P,-9.76684,0.9421,0.04806480461850413,13.896756172180176,False,Núcleo estrutural (dobramento)
BRCA2,DBD,p.Leu3180Gln,3180,L,Q,-7.37454,0.6874,0.04806480461850413,13.896756172180176,False,Núcleo estrutural (dobramento)
