gene,hgvs_p,label,review_status,variant_id,protein_change_raw,LastEvaluated,source,meta_dataset,source_name,source_kind,source_type,feature_gnomad_af,feature_gnomad_ac,feature_gnomad_an,feature_gnomad_popmax_af,meta_brca_exchange_release,feature_mave_score,feature_mave_se,meta_mavedb_urn,meta_assay_name
BRCA2,BRCA2 p.Asn372His,Benign,reviewed by expert panel,9329,NM_000059.4(BRCA2):c.1114A>C (p.Asn372His),"Jan 12, 2015",ClinVar,clinvar,clinvar_variant_summary,cohort,file,0.2803,35024.0,147714.0,0.346,release-01-05-26,,,,
BRCA2,BRCA2 p.Thr2722Arg,Pathogenic,reviewed by expert panel,9340,NM_000059.4(BRCA2):c.8165C>G (p.Thr2722Arg),"Aug 10, 2015",ClinVar,clinvar,clinvar_variant_summary,cohort,file,,,,,release-01-05-26,1.0837539853789266,,urn:mavedb:00001224-a-1,BRCA2 HDR VC-8 cells
BRCA2,BRCA2 p.Leu2510Pro,Pathogenic/Likely pathogenic,"criteria provided, multiple submitters, no conflicts",9345,NM_000059.4(BRCA2):c.7529T>C (p.Leu2510Pro),"Nov 12, 2025",ClinVar,clinvar,clinvar_variant_summary,cohort,file,,,,,release-01-05-26,1.060173436634592,,urn:mavedb:00001224-a-1,BRCA2 HDR VC-8 cells
BRCA1,BRCA1 p.Cys64Gly,Pathogenic,"criteria provided, multiple submitters, no conflicts",17660,NM_007294.4(BRCA1):c.190T>G (p.Cys64Gly),"Jan 05, 2026",ClinVar,clinvar,clinvar_variant_summary,cohort,file,6.759e-06,1.0,147956.0,8e-06,release-01-05-26,,,,
BRCA1,BRCA1 p.Cys61Gly,Pathogenic,reviewed by expert panel,17661,NM_007294.4(BRCA1):c.181T>G (p.Cys61Gly),"Aug 10, 2015",ClinVar,clinvar,clinvar_variant_summary,cohort,file,2.703e-05,4.0,147958.0,2.846e-05,release-01-05-26,,,,
BRCA1,BRCA1 p.Ser1040Asn,Benign,reviewed by expert panel,17670,NM_007294.4(BRCA1):c.3119G>A (p.Ser1040Asn),"Aug 10, 2015",ClinVar,clinvar,clinvar_variant_summary,cohort,file,0.01414,2090.0,147824.0,0.02061,release-01-05-26,,,,
BRCA1,BRCA1 p.Arg1443Gly,Benign,reviewed by expert panel,17676,NM_007294.4(BRCA1):c.4327C>G (p.Arg1443Gly),"Jun 18, 2019",ClinVar,clinvar,clinvar_variant_summary,cohort,file,3.185e-05,3.0,147866.0,1.823e-05,release-01-05-26,,,,
BRCA1,BRCA1 p.Arg841Trp,Benign,reviewed by expert panel,17681,NM_007294.4(BRCA1):c.2521C>T (p.Arg841Trp),"Aug 10, 2015",ClinVar,clinvar,clinvar_variant_summary,cohort,file,0.001653,215.0,147882.0,0.002247,release-01-05-26,,,,
BRCA1,BRCA1 p.Arg71Gly,Pathogenic,reviewed by expert panel,17693,NM_007294.4(BRCA1):c.211A>G (p.Arg71Gly),"Jun 18, 2019",ClinVar,clinvar,clinvar_variant_summary,cohort,file,4.25e-06,1.0,235294.0,,release-01-05-26,,,,
BRCA1,BRCA1 p.Met1775Arg,Pathogenic,reviewed by expert panel,17694,NM_007294.4(BRCA1):c.5324T>G (p.Met1775Arg),"Aug 10, 2015",ClinVar,clinvar,clinvar_variant_summary,cohort,file,3.186e-05,1.0,147892.0,5.421e-05,release-01-05-26,,,,
BRCA1,BRCA1 p.Met1775Lys,Pathogenic,reviewed by expert panel,17695,NM_007294.4(BRCA1):c.5324T>A (p.Met1775Lys),"Aug 10, 2015",ClinVar,clinvar,clinvar_variant_summary,cohort,file,,,,,release-01-05-26,,,,
BRCA1,BRCA1 p.Pro346Ser,Benign,reviewed by expert panel,37389,NM_007294.4(BRCA1):c.1036C>T (p.Pro346Ser),"Jun 18, 2019",ClinVar,clinvar,clinvar_variant_summary,cohort,file,0.0003184,10.0,147898.0,0.003482,release-01-05-26,,,,
BRCA1,BRCA1 p.Asp369Asn,Benign,reviewed by expert panel,37390,NM_007294.4(BRCA1):c.1105G>A (p.Asp369Asn),"Aug 10, 2015",ClinVar,clinvar,clinvar_variant_summary,cohort,file,1.691e-05,1.0,147950.0,7.78e-06,release-01-05-26,,,,
BRCA1,BRCA1 p.Cys39Tyr,Pathogenic,"criteria provided, multiple submitters, no conflicts",37392,NM_007294.4(BRCA1):c.116G>A (p.Cys39Tyr),"Jan 26, 2026",ClinVar,clinvar,clinvar_variant_summary,cohort,file,3.185e-05,1.0,31396.0,,release-01-05-26,,,,
BRCA1,BRCA1 p.Cys39Phe,Pathogenic/Likely pathogenic,"criteria provided, multiple submitters, no conflicts",37393,NM_007294.4(BRCA1):c.116G>T (p.Cys39Phe),"Jan 09, 2026",ClinVar,clinvar,clinvar_variant_summary,cohort,file,,,,,release-01-05-26,,,,
BRCA1,BRCA1 p.Arg496Cys,Benign,reviewed by expert panel,37416,NM_007294.4(BRCA1):c.1486C>T (p.Arg496Cys),"Aug 10, 2015",ClinVar,clinvar,clinvar_variant_summary,cohort,file,0.0002197,26.0,147840.0,0.000363,release-01-05-26,,,,
BRCA1,BRCA1 p.Leu512Phe,Benign,reviewed by expert panel,37420,NM_007294.4(BRCA1):c.1534C>T (p.Leu512Phe),"Jun 18, 2019",ClinVar,clinvar,clinvar_variant_summary,cohort,file,0.0001274,9.0,147882.0,8.82e-05,release-01-05-26,,,,
BRCA1,BRCA1 p.Asn550His,Benign,reviewed by expert panel,37423,NM_007294.4(BRCA1):c.1648A>C (p.Asn550His),"Aug 10, 2015",ClinVar,clinvar,clinvar_variant_summary,cohort,file,0.0003312,49.0,147962.0,0.0005532,release-01-05-26,,,,
BRCA1,BRCA1 p.Leu668Phe,Benign,reviewed by expert panel,37441,NM_007294.4(BRCA1):c.2002C>T (p.Leu668Phe),"Aug 10, 2015",ClinVar,clinvar,clinvar_variant_summary,cohort,file,9.554e-05,14.0,147904.0,0.0001702,release-01-05-26,,,,
BRCA1,BRCA1 p.Lys719Glu,Benign,reviewed by expert panel,37452,NM_007294.4(BRCA1):c.2155A>G (p.Lys719Glu),"Jun 11, 2024",ClinVar,clinvar,clinvar_variant_summary,cohort,file,0.0003185,29.0,147966.0,0.000622,release-01-05-26,,,,
BRCA1,BRCA1 p.Asn723Asp,Benign,reviewed by expert panel,37454,NM_007294.4(BRCA1):c.2167A>G (p.Asn723Asp),"Aug 10, 2015",ClinVar,clinvar,clinvar_variant_summary,cohort,file,0.001899,281.0,147948.0,0.005508,release-01-05-26,,,,
BRCA1,BRCA1 p.Glu736Ala,Benign/Likely benign,"criteria provided, multiple submitters, no conflicts",37455,NM_007294.4(BRCA1):c.2207A>C (p.Glu736Ala),"Jan 27, 2026",ClinVar,clinvar,clinvar_variant_summary,cohort,file,3.185e-05,2.0,147942.0,0.0,release-01-05-26,,,,
BRCA1,BRCA1 p.Ser784Leu,Benign,reviewed by expert panel,37464,NM_007294.4(BRCA1):c.2351C>T (p.Ser784Leu),"Jun 18, 2019",ClinVar,clinvar,clinvar_variant_summary,cohort,file,0.0001821,5.0,147852.0,0.0009589,release-01-05-26,,,,
BRCA1,BRCA1 p.Thr826Lys,Benign,reviewed by expert panel,37473,NM_007294.4(BRCA1):c.2477C>A (p.Thr826Lys),"Aug 10, 2015",ClinVar,clinvar,clinvar_variant_summary,cohort,file,0.0002029,30.0,147880.0,0.0002266,release-01-05-26,,,,
BRCA1,BRCA1 p.Lys862Glu,Benign,reviewed by expert panel,37476,NM_007294.4(BRCA1):c.2584A>G (p.Lys862Glu),"Aug 10, 2015",ClinVar,clinvar,clinvar_variant_summary,cohort,file,6.342e-05,1.0,147976.0,4.453e-05,release-01-05-26,,,,
BRCA1,BRCA1 p.Gly890Val,Benign,reviewed by expert panel,37479,NM_007294.4(BRCA1):c.2669G>T (p.Gly890Val),"Aug 10, 2015",ClinVar,clinvar,clinvar_variant_summary,cohort,file,3.384e-05,5.0,147770.0,2.316e-05,release-01-05-26,,,,
BRCA1,BRCA1 p.Lys912Arg,Likely benign,"criteria provided, multiple submitters, no conflicts",37487,NM_007294.4(BRCA1):c.2735A>G (p.Lys912Arg),"Jan 27, 2026",ClinVar,clinvar,clinvar_variant_summary,cohort,file,4.657e-05,11.0,236208.0,0.0001797,release-01-05-26,,,,
BRCA1,BRCA1 p.Val920Ile,Benign,reviewed by expert panel,37488,NM_007294.4(BRCA1):c.2758G>A (p.Val920Ile),"Jun 18, 2019",ClinVar,clinvar,clinvar_variant_summary,cohort,file,1.269e-05,1.0,147910.0,9.68e-06,release-01-05-26,,,,
BRCA1,BRCA1 p.Ile925Leu,Benign,reviewed by expert panel,37489,NM_007294.4(BRCA1):c.2773A>C (p.Ile925Leu),"Aug 10, 2015",ClinVar,clinvar,clinvar_variant_summary,cohort,file,0.0002028,30.0,147940.0,0.0006729,release-01-05-26,,,,
BRCA1,BRCA1 p.Ala102Gly,Benign,reviewed by expert panel,37505,NM_007294.4(BRCA1):c.305C>G (p.Ala102Gly),"Jun 11, 2024",ClinVar,clinvar,clinvar_variant_summary,cohort,file,,,,,release-01-05-26,,,,
BRCA1,BRCA1 p.Arg1028Cys,Benign,reviewed by expert panel,37506,NM_007294.4(BRCA1):c.3082C>T (p.Arg1028Cys),"Jun 11, 2024",ClinVar,clinvar,clinvar_variant_summary,cohort,file,3.186e-05,2.0,147702.0,1.085e-05,release-01-05-26,,,,
BRCA1,BRCA1 p.Arg1028His,Benign,reviewed by expert panel,37507,NM_007294.4(BRCA1):c.3083G>A (p.Arg1028His),"Aug 10, 2015",ClinVar,clinvar,clinvar_variant_summary,cohort,file,0.001048,155.0,147876.0,0.008065,release-01-05-26,,,,
BRCA1,BRCA1 p.Ile1044Val,Benign,reviewed by expert panel,37510,NM_007294.4(BRCA1):c.3130A>G (p.Ile1044Val),"Aug 10, 2015",ClinVar,clinvar,clinvar_variant_summary,cohort,file,2.114e-05,3.0,147896.0,1.827e-05,release-01-05-26,,,,
BRCA1,BRCA1 p.Lys1109Asn,Benign,reviewed by expert panel,37522,NM_007294.4(BRCA1):c.3327A>C (p.Lys1109Asn),"Aug 10, 2015",ClinVar,clinvar,clinvar_variant_summary,cohort,file,4.668e-05,2.0,147908.0,5.95e-05,release-01-05-26,,,,
BRCA1,BRCA1 p.Glu1219Asp,Benign,reviewed by expert panel,37537,NM_007294.4(BRCA1):c.3657G>C (p.Glu1219Asp),"Jun 18, 2019",ClinVar,clinvar,clinvar_variant_summary,cohort,file,,,,,release-01-05-26,,,,
BRCA1,BRCA1 p.Pro1238Leu,Benign,reviewed by expert panel,37543,NM_007294.4(BRCA1):c.3713C>T (p.Pro1238Leu),"Aug 10, 2015",ClinVar,clinvar,clinvar_variant_summary,cohort,file,0.0004143,38.0,147904.0,0.0002572,release-01-05-26,,,,
BRCA1,BRCA1 p.Ile1275Val,Benign,reviewed by expert panel,37549,NM_007294.4(BRCA1):c.3823A>G (p.Ile1275Val),"Jun 18, 2019",ClinVar,clinvar,clinvar_variant_summary,cohort,file,0.0001691,16.0,147992.0,0.00063,release-01-05-26,,,,
BRCA1,BRCA1 p.Glu1346Lys,Benign/Likely benign,"criteria provided, multiple submitters, no conflicts",37561,NM_007294.4(BRCA1):c.4036G>A (p.Glu1346Lys),"Jan 13, 2026",ClinVar,clinvar,clinvar_variant_summary,cohort,file,3.804e-05,5.0,147972.0,4.518e-05,release-01-05-26,,,,
BRCA1,BRCA1 p.Ile1405Val,Likely benign,"criteria provided, multiple submitters, no conflicts",37575,NM_007294.4(BRCA1):c.4213A>G (p.Ile1405Val),"Nov 16, 2025",ClinVar,clinvar,clinvar_variant_summary,cohort,file,5.911e-05,1.0,147952.0,0.0002013,release-01-05-26,,,,
BRCA1,BRCA1 p.Glu143Lys,Benign,reviewed by expert panel,37580,NM_007294.4(BRCA1):c.427G>A (p.Glu143Lys),"Aug 10, 2015",ClinVar,clinvar,clinvar_variant_summary,cohort,file,8.034e-05,6.0,147552.0,0.0002254,release-01-05-26,,,,
BRCA1,BRCA1 p.Arg1495Lys,Pathogenic,"criteria provided, multiple submitters, no conflicts",37597,NM_007294.4(BRCA1):c.4484G>A (p.Arg1495Lys),"Nov 02, 2025",ClinVar,clinvar,clinvar_variant_summary,cohort,file,,,,,release-01-05-26,,,,
BRCA1,BRCA1 p.Arg1495Met,Pathogenic,"criteria provided, multiple submitters, no conflicts",37598,NM_007294.4(BRCA1):c.4484G>T (p.Arg1495Met),"Jan 02, 2026",ClinVar,clinvar,clinvar_variant_summary,cohort,file,4.226e-06,1.0,236646.0,,release-01-05-26,,,,
BRCA1,BRCA1 p.Ser153Arg,Likely benign,"criteria provided, multiple submitters, no conflicts",37600,NM_007294.4(BRCA1):c.457A>C (p.Ser153Arg),"Nov 22, 2025",ClinVar,clinvar,clinvar_variant_summary,cohort,file,,,,,release-01-05-26,,,,
BRCA1,BRCA1 p.Glu1559Lys,Pathogenic,reviewed by expert panel,37604,NM_007294.4(BRCA1):c.4675G>A (p.Glu1559Lys),"Jun 18, 2019",ClinVar,clinvar,clinvar_variant_summary,cohort,file,3.187e-05,1.0,147856.0,0.0,release-01-05-26,,,,
BRCA1,BRCA1 p.Glu1559Gln,Pathogenic/Likely pathogenic,"criteria provided, multiple submitters, no conflicts",37605,NM_007294.4(BRCA1):c.4675G>C (p.Glu1559Gln),"Nov 13, 2025",ClinVar,clinvar,clinvar_variant_summary,cohort,file,,,,,release-01-05-26,,,,
BRCA1,BRCA1 p.Lys1606Glu,Benign,reviewed by expert panel,37612,NM_007294.4(BRCA1):c.4816A>G (p.Lys1606Glu),"Jun 18, 2019",ClinVar,clinvar,clinvar_variant_summary,cohort,file,2.955e-05,3.0,147908.0,3.128e-05,release-01-05-26,,,,
BRCA1,BRCA1 p.Ser1613Cys,Benign/Likely benign,"criteria provided, multiple submitters, no conflicts",37613,NM_007294.4(BRCA1):c.4837A>T (p.Ser1613Cys),"Jan 30, 2026",ClinVar,clinvar,clinvar_variant_summary,cohort,file,0.0002233,28.0,147734.0,0.0004802,release-01-05-26,,,,
BRCA1,BRCA1 p.Ala1623Gly,Pathogenic/Likely pathogenic,"criteria provided, multiple submitters, no conflicts",37614,NM_007294.4(BRCA1):c.4868C>G (p.Ala1623Gly),"Sep 25, 2025",ClinVar,clinvar,clinvar_variant_summary,cohort,file,4.222e-06,1.0,236846.0,,release-01-05-26,,,,
BRCA1,BRCA1 p.Met1652Thr,Benign,reviewed by expert panel,37615,NM_007294.4(BRCA1):c.4955T>C (p.Met1652Thr),"Aug 10, 2015",ClinVar,clinvar,clinvar_variant_summary,cohort,file,3.184e-05,3.0,147958.0,1.829e-05,release-01-05-26,,,,
BRCA1,BRCA1 p.Leu1664Pro,Benign,reviewed by expert panel,37621,NM_007294.4(BRCA1):c.4991T>C (p.Leu1664Pro),"Aug 10, 2015",ClinVar,clinvar,clinvar_variant_summary,cohort,file,6.762e-06,1.0,147894.0,0.0,release-01-05-26,,,,
BRCA1,BRCA1 p.Met1689Arg,Pathogenic/Likely pathogenic,"criteria provided, multiple submitters, no conflicts",37625,NM_007294.4(BRCA1):c.5066T>G (p.Met1689Arg),"Apr 14, 2025",ClinVar,clinvar,clinvar_variant_summary,cohort,file,,,,,release-01-05-26,,,,
BRCA1,BRCA1 p.Thr1691Lys,Pathogenic/Likely pathogenic,"criteria provided, multiple submitters, no conflicts",37627,NM_007294.4(BRCA1):c.5072C>A (p.Thr1691Lys),"Dec 02, 2025",ClinVar,clinvar,clinvar_variant_summary,cohort,file,,,,,release-01-05-26,,,,
BRCA1,BRCA1 p.Thr1691Ile,Pathogenic/Likely pathogenic,"criteria provided, multiple submitters, no conflicts",37628,NM_007294.4(BRCA1):c.5072C>T (p.Thr1691Ile),"Feb 27, 2025",ClinVar,clinvar,clinvar_variant_summary,cohort,file,,,,,release-01-05-26,,,,
BRCA1,BRCA1 p.Asp1692Asn,Pathogenic/Likely pathogenic,"criteria provided, multiple submitters, no conflicts",37632,NM_007294.4(BRCA1):c.5074G>A (p.Asp1692Asn),"Oct 26, 2025",ClinVar,clinvar,clinvar_variant_summary,cohort,file,,,,,release-01-05-26,,,,
BRCA1,BRCA1 p.Asp1692His,Pathogenic,reviewed by expert panel,37633,NM_007294.4(BRCA1):c.5074G>C (p.Asp1692His),"Jun 18, 2019",ClinVar,clinvar,clinvar_variant_summary,cohort,file,1.267e-05,3.0,236842.0,,release-01-05-26,,,,
BRCA1,BRCA1 p.Cys1697Tyr,Likely pathogenic,reviewed by expert panel,37635,NM_007294.4(BRCA1):c.5090G>A (p.Cys1697Tyr),"May 23, 2025",ClinVar,clinvar,clinvar_variant_summary,cohort,file,,,,,release-01-05-26,,,,
BRCA1,BRCA1 p.Arg1699Gln,Pathogenic,reviewed by expert panel,37636,NM_007294.4(BRCA1):c.5096G>A (p.Arg1699Gln),"May 10, 2017",ClinVar,clinvar,clinvar_variant_summary,cohort,file,2.534e-05,2.0,147782.0,2.497e-05,release-01-05-26,,,,
BRCA1,BRCA1 p.Leu1705Pro,Pathogenic/Likely pathogenic,"criteria provided, multiple submitters, no conflicts",37637,NM_007294.4(BRCA1):c.5114T>C (p.Leu1705Pro),"Jan 22, 2026",ClinVar,clinvar,clinvar_variant_summary,cohort,file,,,,,release-01-05-26,,,,
BRCA1,BRCA1 p.Gly1706Glu,Pathogenic,reviewed by expert panel,37638,NM_007294.4(BRCA1):c.5117G>A (p.Gly1706Glu),"Aug 10, 2015",ClinVar,clinvar,clinvar_variant_summary,cohort,file,3.184e-05,1.0,147888.0,0.0,release-01-05-26,,,,
BRCA1,BRCA1 p.Val1736Ala,Pathogenic,reviewed by expert panel,37648,NM_007294.4(BRCA1):c.5207T>C (p.Val1736Ala),"Jun 25, 2019",ClinVar,clinvar,clinvar_variant_summary,cohort,file,,,,,release-01-05-26,,,,
BRCA1,BRCA1 p.Gly1748Cys,Likely pathogenic,reviewed by expert panel,37650,NM_007294.4(BRCA1):c.5242G>T (p.Gly1748Cys),"Aug 18, 2025",ClinVar,clinvar,clinvar_variant_summary,cohort,file,,,,,release-01-05-26,,,,
BRCA1,BRCA1 p.Ile1766Ser,Pathogenic,reviewed by expert panel,37656,NM_007294.4(BRCA1):c.5297T>G (p.Ile1766Ser),"Aug 10, 2015",ClinVar,clinvar,clinvar_variant_summary,cohort,file,,,,,release-01-05-26,,,,
BRCA1,BRCA1 p.Gly1788Val,Pathogenic,reviewed by expert panel,37660,NM_007294.4(BRCA1):c.5363G>T (p.Gly1788Val),"Aug 10, 2015",ClinVar,clinvar,clinvar_variant_summary,cohort,file,,,,,release-01-05-26,,,,
BRCA1,BRCA1 p.Tyr179Cys,Benign,reviewed by expert panel,37661,NM_007294.4(BRCA1):c.536A>G (p.Tyr179Cys),"Aug 10, 2015",ClinVar,clinvar,clinvar_variant_summary,cohort,file,0.0003312,49.0,147968.0,0.0005535,release-01-05-26,,,,
BRCA1,BRCA1 p.Met18Thr,Pathogenic,reviewed by expert panel,37664,NM_007294.4(BRCA1):c.53T>C (p.Met18Thr),"Jun 18, 2019",ClinVar,clinvar,clinvar_variant_summary,cohort,file,,,,,release-01-05-26,,,,
BRCA1,BRCA1 p.Gly1803Ala,Pathogenic/Likely pathogenic,"criteria provided, multiple submitters, no conflicts",37668,NM_007294.4(BRCA1):c.5408G>C (p.Gly1803Ala),"Oct 20, 2025",ClinVar,clinvar,clinvar_variant_summary,cohort,file,,,,,release-01-05-26,,,,
BRCA1,BRCA1 p.Pro1812Ala,Pathogenic/Likely pathogenic,"criteria provided, multiple submitters, no conflicts",37670,NM_007294.4(BRCA1):c.5434C>G (p.Pro1812Ala),"Oct 22, 2024",ClinVar,clinvar,clinvar_variant_summary,cohort,file,4.22e-06,1.0,236950.0,,release-01-05-26,,,,
BRCA1,BRCA1 p.Asp1818Gly,Pathogenic/Likely pathogenic,"criteria provided, multiple submitters, no conflicts",37672,NM_007294.4(BRCA1):c.5453A>G (p.Asp1818Gly),"Nov 07, 2025",ClinVar,clinvar,clinvar_variant_summary,cohort,file,,,,,release-01-05-26,,,,
BRCA1,BRCA1 p.Trp1837Arg,Pathogenic,reviewed by expert panel,37679,NM_007294.4(BRCA1):c.5509T>C (p.Trp1837Arg),"Jun 18, 2019",ClinVar,clinvar,clinvar_variant_summary,cohort,file,,,,,release-01-05-26,,,,
BRCA1,BRCA1 p.Trp1837Cys,Pathogenic/Likely pathogenic,"criteria provided, multiple submitters, no conflicts",37680,NM_007294.4(BRCA1):c.5511G>T (p.Trp1837Cys),"Jun 19, 2025",ClinVar,clinvar,clinvar_variant_summary,cohort,file,,,,,release-01-05-26,,,,
BRCA1,BRCA1 p.Ser1841Arg,Likely pathogenic,"criteria provided, multiple submitters, no conflicts",37681,NM_007294.4(BRCA1):c.5521A>C (p.Ser1841Arg),"Nov 06, 2025",ClinVar,clinvar,clinvar_variant_summary,cohort,file,,,,,release-01-05-26,,,,
BRCA1,BRCA1 p.Val191Ile,Benign,reviewed by expert panel,37684,NM_007294.4(BRCA1):c.571G>A (p.Val191Ile),"Aug 10, 2015",ClinVar,clinvar,clinvar_variant_summary,cohort,file,0.0003187,47.0,147822.0,0.004477,release-01-05-26,,,,
BRCA1,BRCA1 p.Asp214Gly,Benign,reviewed by expert panel,37689,NM_007294.4(BRCA1):c.641A>G (p.Asp214Gly),"Jun 29, 2017",ClinVar,clinvar,clinvar_variant_summary,cohort,file,2.959e-05,3.0,147950.0,3.13e-05,release-01-05-26,,,,
BRCA1,BRCA1 p.Thr276Arg,Benign,reviewed by expert panel,37706,NM_007294.4(BRCA1):c.827C>G (p.Thr276Arg),"Jun 18, 2019",ClinVar,clinvar,clinvar_variant_summary,cohort,file,0.0001911,5.0,147740.0,8.819e-05,release-01-05-26,,,,
BRCA1,BRCA1 p.Ser316Gly,Benign,reviewed by expert panel,37709,NM_007294.4(BRCA1):c.946A>G (p.Ser316Gly),"Jun 18, 2019",ClinVar,clinvar,clinvar_variant_summary,cohort,file,6.758e-05,10.0,147964.0,5.934e-05,release-01-05-26,,,,
BRCA2,BRCA2 p.Thr3349Ala,Benign,reviewed by expert panel,37719,NM_000059.4(BRCA2):c.10045A>G (p.Thr3349Ala),"Aug 10, 2015",ClinVar,clinvar,clinvar_variant_summary,cohort,file,0.0001141,13.0,147956.0,0.0003391,release-01-05-26,,,,
BRCA2,BRCA2 p.Thr3371Ala,Benign/Likely benign,"criteria provided, multiple submitters, no conflicts",37720,NM_000059.4(BRCA2):c.10111A>G (p.Thr3371Ala),"Jan 31, 2026",ClinVar,clinvar,clinvar_variant_summary,cohort,file,3.185e-05,2.0,147974.0,6.804e-05,release-01-05-26,,,,
BRCA2,BRCA2 p.Arg3385Cys,Benign/Likely benign,"criteria provided, multiple submitters, no conflicts",37721,NM_000059.4(BRCA2):c.10153C>T (p.Arg3385Cys),"Dec 31, 2025",ClinVar,clinvar,clinvar_variant_summary,cohort,file,8.45e-06,1.0,147906.0,1.085e-05,release-01-05-26,,,,
BRCA2,BRCA2 p.Tyr42Cys,Benign,reviewed by expert panel,37734,NM_000059.4(BRCA2):c.125A>G (p.Tyr42Cys),"Aug 10, 2015",ClinVar,clinvar,clinvar_variant_summary,cohort,file,0.001625,224.0,147950.0,0.002178,release-01-05-26,0.0142914,0.0165057,urn:mavedb:00001263-a-1,Saturation Genome Editing of BRCA2
BRCA2,BRCA2 p.Glu462Gly,Benign,reviewed by expert panel,37738,NM_000059.4(BRCA2):c.1385A>G (p.Glu462Gly),"Aug 10, 2015",ClinVar,clinvar,clinvar_variant_summary,cohort,file,0.0002437,27.0,148004.0,0.0003818,release-01-05-26,,,,
BRCA2,BRCA2 p.Ile505Val,Likely benign,"criteria provided, multiple submitters, no conflicts",37744,NM_000059.4(BRCA2):c.1513A>G (p.Ile505Val),"Jan 19, 2026",ClinVar,clinvar,clinvar_variant_summary,cohort,file,3.184e-05,4.0,147966.0,1.972e-05,release-01-05-26,,,,
BRCA2,BRCA2 p.Asn56Thr,Benign,reviewed by expert panel,37751,NM_000059.4(BRCA2):c.167A>C (p.Asn56Thr),"Aug 10, 2015",ClinVar,clinvar,clinvar_variant_summary,cohort,file,2.027e-05,3.0,147994.0,1.31e-05,release-01-05-26,-0.0060116,0.0182259,urn:mavedb:00001263-a-1,Saturation Genome Editing of BRCA2
BRCA2,BRCA2 p.Thr582Pro,Benign,reviewed by expert panel,37753,NM_000059.4(BRCA2):c.1744A>C (p.Thr582Pro),"Aug 10, 2015",ClinVar,clinvar,clinvar_variant_summary,cohort,file,0.0002418,8.0,147972.0,0.002557,release-01-05-26,,,,
BRCA2,BRCA2 p.Lys604Glu,Benign,reviewed by expert panel,37760,NM_000059.4(BRCA2):c.1810A>G (p.Lys604Glu),"Jun 18, 2019",ClinVar,clinvar,clinvar_variant_summary,cohort,file,3.186e-05,2.0,147976.0,8.05e-06,release-01-05-26,,,,
BRCA2,BRCA2 p.Ala622Val,Benign,reviewed by expert panel,37767,NM_000059.4(BRCA2):c.1865C>T (p.Ala622Val),"Jun 18, 2019",ClinVar,clinvar,clinvar_variant_summary,cohort,file,1.36e-05,2.0,147024.0,4.89e-06,release-01-05-26,,,,
BRCA2,BRCA2 p.Thr630Ile,Benign,reviewed by expert panel,37768,NM_000059.4(BRCA2):c.1889C>T (p.Thr630Ile),"Aug 10, 2015",ClinVar,clinvar,clinvar_variant_summary,cohort,file,0.0002108,16.0,147448.0,1.994e-05,release-01-05-26,,,,
BRCA2,BRCA2 p.Pro655Arg,Benign,reviewed by expert panel,37770,NM_000059.4(BRCA2):c.1964C>G (p.Pro655Arg),"Aug 10, 2015",ClinVar,clinvar,clinvar_variant_summary,cohort,file,0.0009289,78.0,147906.0,6.898e-05,release-01-05-26,,,,
BRCA2,BRCA2 p.Asp935His,Benign,reviewed by expert panel,37801,NM_000059.4(BRCA2):c.2803G>C (p.Asp935His),"Jun 18, 2019",ClinVar,clinvar,clinvar_variant_summary,cohort,file,6.77e-05,5.0,147932.0,8.973e-05,release-01-05-26,,,,
BRCA2,BRCA2 p.Leu1019Val,Benign,reviewed by expert panel,37817,NM_000059.4(BRCA2):c.3055C>G (p.Leu1019Val),"Aug 10, 2015",ClinVar,clinvar,clinvar_variant_summary,cohort,file,0.0001217,18.0,147892.0,0.0001123,release-01-05-26,,,,
BRCA2,BRCA2 p.Asn1102Tyr,Benign,reviewed by expert panel,37833,NM_000059.4(BRCA2):c.3304A>T (p.Asn1102Tyr),"Aug 10, 2015",ClinVar,clinvar,clinvar_variant_summary,cohort,file,2.028e-05,3.0,147960.0,1.972e-05,release-01-05-26,,,,
BRCA2,BRCA2 p.Asn1228Asp,Benign,reviewed by expert panel,37852,NM_000059.4(BRCA2):c.3682A>G (p.Asn1228Asp),"Aug 10, 2015",ClinVar,clinvar,clinvar_variant_summary,cohort,file,3.379e-05,5.0,147956.0,2.847e-05,release-01-05-26,,,,
BRCA2,BRCA2 p.Cys1290Tyr,Benign,reviewed by expert panel,37863,NM_000059.4(BRCA2):c.3869G>A (p.Cys1290Tyr),"Jan 12, 2015",ClinVar,clinvar,clinvar_variant_summary,cohort,file,0.002821,417.0,147814.0,0.0099,release-01-05-26,,,,
BRCA2,BRCA2 p.Val1306Ile,Benign,reviewed by expert panel,37866,NM_000059.4(BRCA2):c.3916G>A (p.Val1306Ile),"Aug 10, 2015",ClinVar,clinvar,clinvar_variant_summary,cohort,file,2.037e-05,3.0,147904.0,1.467e-05,release-01-05-26,,,,
BRCA2,BRCA2 p.Met1Ile,Pathogenic,"criteria provided, multiple submitters, no conflicts",37871,NM_000059.4(BRCA2):c.3G>T (p.Met1Ile),"Aug 06, 2024",ClinVar,clinvar,clinvar_variant_summary,cohort,file,,,,,,,,,
BRCA2,BRCA2 p.Cys1365Tyr,Benign,reviewed by expert panel,37878,NM_000059.4(BRCA2):c.4094G>A (p.Cys1365Tyr),"Aug 10, 2015",ClinVar,clinvar,clinvar_variant_summary,cohort,file,4.058e-05,6.0,147840.0,3.862e-05,release-01-05-26,,,,
BRCA2,BRCA2 p.Gln1396Arg,Benign,reviewed by expert panel,37886,NM_000059.4(BRCA2):c.4187A>G (p.Gln1396Arg),"Aug 10, 2015",ClinVar,clinvar,clinvar_variant_summary,cohort,file,0.001624,234.0,147968.0,0.005056,release-01-05-26,,,,
BRCA2,BRCA2 p.Gly1529Arg,Benign,reviewed by expert panel,37910,NM_000059.4(BRCA2):c.4585G>A (p.Gly1529Arg),"Aug 10, 2015",ClinVar,clinvar,clinvar_variant_summary,cohort,file,0.0004783,70.0,147840.0,0.0005988,release-01-05-26,,,,
BRCA2,BRCA2 p.Thr1557Ser,Benign/Likely benign,"criteria provided, multiple submitters, no conflicts",37917,NM_000059.4(BRCA2):c.4670C>G (p.Thr1557Ser),"Feb 03, 2026",ClinVar,clinvar,clinvar_variant_summary,cohort,file,3.186e-05,2.0,147866.0,9.69e-06,release-01-05-26,,,,
BRCA2,BRCA2 p.Lys1690Asn,Benign,reviewed by expert panel,37942,NM_000059.4(BRCA2):c.5070A>C (p.Lys1690Asn),"Aug 10, 2015",ClinVar,clinvar,clinvar_variant_summary,cohort,file,0.0002548,32.0,147938.0,0.0002109,release-01-05-26,,,,
BRCA2,BRCA2 p.Asp1699Asn,Benign/Likely benign,"criteria provided, multiple submitters, no conflicts",37946,NM_000059.4(BRCA2):c.5095G>A (p.Asp1699Asn),"Jan 21, 2026",ClinVar,clinvar,clinvar_variant_summary,cohort,file,0.0004558,13.0,147864.0,0.003191,release-01-05-26,,,,
BRCA2,BRCA2 p.Ser1733Phe,Benign,reviewed by expert panel,37950,NM_000059.4(BRCA2):c.5198C>T (p.Ser1733Phe),"Aug 10, 2015",ClinVar,clinvar,clinvar_variant_summary,cohort,file,0.0007037,104.0,147788.0,0.001789,release-01-05-26,,,,
BRCA2,BRCA2 p.Gly1771Asp,Benign,reviewed by expert panel,37958,NM_000059.4(BRCA2):c.5312G>A (p.Gly1771Asp),"Aug 10, 2015",ClinVar,clinvar,clinvar_variant_summary,cohort,file,0.0003517,36.0,147794.0,0.0004034,release-01-05-26,,,,
BRCA2,BRCA2 p.Ala1825Val,Benign/Likely benign,"criteria provided, multiple submitters, no conflicts",37968,NM_000059.4(BRCA2):c.5474C>T (p.Ala1825Val),"Jan 06, 2026",ClinVar,clinvar,clinvar_variant_summary,cohort,file,2.96e-05,3.0,147912.0,5.744e-05,release-01-05-26,,,,
BRCA2,BRCA2 p.Ile1851Ser,Benign,reviewed by expert panel,37972,NM_000059.4(BRCA2):c.5552T>G (p.Ile1851Ser),"Jun 18, 2019",ClinVar,clinvar,clinvar_variant_summary,cohort,file,3.855e-05,5.0,147912.0,4.766e-05,release-01-05-26,,,,
BRCA2,BRCA2 p.Asn1878Lys,Benign,reviewed by expert panel,37983,NM_000059.4(BRCA2):c.5634C>G (p.Asn1878Lys),"Jun 18, 2019",ClinVar,clinvar,clinvar_variant_summary,cohort,file,8.54e-06,2.0,234190.0,,release-01-05-26,,,,
BRCA2,BRCA2 p.Leu1904Val,Benign,reviewed by expert panel,37990,NM_000059.4(BRCA2):c.5710C>G (p.Leu1904Val),"Aug 10, 2015",ClinVar,clinvar,clinvar_variant_summary,cohort,file,0.0001911,26.0,147902.0,0.0003588,release-01-05-26,,,,
BRCA2,BRCA2 p.Asp1923Ala,Benign,reviewed by expert panel,37995,NM_000059.4(BRCA2):c.5768A>C (p.Asp1923Ala),"Jun 18, 2019",ClinVar,clinvar,clinvar_variant_summary,cohort,file,0.0007569,112.0,147968.0,0.002989,release-01-05-26,,,,
BRCA2,BRCA2 p.Ile1929Val,Benign,reviewed by expert panel,37997,NM_000059.4(BRCA2):c.5785A>G (p.Ile1929Val),"Aug 10, 2015",ClinVar,clinvar,clinvar_variant_summary,cohort,file,0.0009277,62.0,147944.0,0.008593,release-01-05-26,,,,
BRCA2,BRCA2 p.Cys1960Tyr,Benign/Likely benign,"criteria provided, multiple submitters, no conflicts",38003,NM_000059.4(BRCA2):c.5879G>A (p.Cys1960Tyr),"Jan 16, 2026",ClinVar,clinvar,clinvar_variant_summary,cohort,file,0.0005096,61.0,147934.0,0.001176,release-01-05-26,,,,
BRCA2,BRCA2 p.Asn2048Ile,Benign,reviewed by expert panel,38022,NM_000059.4(BRCA2):c.6143A>T (p.Asn2048Ile),"Aug 10, 2015",ClinVar,clinvar,clinvar_variant_summary,cohort,file,3.38e-05,5.0,147950.0,1.972e-05,release-01-05-26,,,,
BRCA2,BRCA2 p.His2074Asn,Benign,reviewed by expert panel,38028,NM_000059.4(BRCA2):c.6220C>A (p.His2074Asn),"Aug 10, 2015",ClinVar,clinvar,clinvar_variant_summary,cohort,file,0.002771,363.0,147904.0,0.008624,release-01-05-26,,,,
BRCA2,BRCA2 p.Thr2097Met,Benign,reviewed by expert panel,38032,NM_000059.4(BRCA2):c.6290C>T (p.Thr2097Met),"Jun 18, 2019",ClinVar,clinvar,clinvar_variant_summary,cohort,file,9.101e-05,5.0,147880.0,0.0001419,release-01-05-26,,,,
BRCA2,BRCA2 p.Val211Leu,Pathogenic/Likely pathogenic,"criteria provided, multiple submitters, no conflicts",38035,NM_000059.4(BRCA2):c.631G>C (p.Val211Leu),"Aug 21, 2025",ClinVar,clinvar,clinvar_variant_summary,cohort,file,,,,,release-01-05-26,,,,
BRCA2,BRCA2 p.Arg2108His,Benign,reviewed by expert panel,38037,NM_000059.4(BRCA2):c.6323G>A (p.Arg2108His),"Aug 10, 2015",ClinVar,clinvar,clinvar_variant_summary,cohort,file,0.002489,368.0,147872.0,0.007113,release-01-05-26,,,,
BRCA2,BRCA2 p.Asn2113Ser,Benign,reviewed by expert panel,38039,NM_000059.4(BRCA2):c.6338A>G (p.Asn2113Ser),"Aug 10, 2015",ClinVar,clinvar,clinvar_variant_summary,cohort,file,0.0001172,15.0,147968.0,7.954e-05,release-01-05-26,,,,
BRCA2,BRCA2 p.Phe221Leu,Likely benign,reviewed by expert panel,38058,NM_000059.4(BRCA2):c.663T>G (p.Phe221Leu),"Jun 11, 2024",ClinVar,clinvar,clinvar_variant_summary,cohort,file,3.379e-05,5.0,147968.0,1.171e-05,release-01-05-26,,,,
BRCA2,BRCA2 p.Thr2250Ala,Benign,reviewed by expert panel,38064,NM_000059.4(BRCA2):c.6748A>G (p.Thr2250Ala),"Aug 10, 2015",ClinVar,clinvar,clinvar_variant_summary,cohort,file,0.0001182,11.0,147962.0,0.000121,release-01-05-26,,,,
BRCA2,BRCA2 p.Ile2285Val,Benign,reviewed by expert panel,38070,NM_000059.4(BRCA2):c.6853A>G (p.Ile2285Val),"Aug 10, 2015",ClinVar,clinvar,clinvar_variant_summary,cohort,file,0.0004528,37.0,147920.0,5.288e-05,release-01-05-26,,,,
BRCA2,BRCA2 p.Arg2336His,Pathogenic,reviewed by expert panel,38077,NM_000059.4(BRCA2):c.7007G>A (p.Arg2336His),"Jun 18, 2019",ClinVar,clinvar,clinvar_variant_summary,cohort,file,0.0,0.0,232920.0,,release-01-05-26,,,,
BRCA2,BRCA2 p.Ala2351Gly,Benign/Likely benign,"criteria provided, multiple submitters, no conflicts",38081,NM_000059.4(BRCA2):c.7052C>G (p.Ala2351Gly),"Feb 03, 2026",ClinVar,clinvar,clinvar_variant_summary,cohort,file,0.0001482,10.0,147926.0,0.001413,release-01-05-26,,,,
BRCA2,BRCA2 p.Gln2384Lys,Benign,reviewed by expert panel,38086,NM_000059.4(BRCA2):c.7150C>A (p.Gln2384Lys),"Aug 10, 2015",ClinVar,clinvar,clinvar_variant_summary,cohort,file,0.001911,274.0,147910.0,0.005716,release-01-05-26,,,,
BRCA2,BRCA2 p.Thr2515Ile,Benign,reviewed by expert panel,38102,NM_000059.4(BRCA2):c.7544C>T (p.Thr2515Ile),"Aug 10, 2015",ClinVar,clinvar,clinvar_variant_summary,cohort,file,0.0007324,67.0,147988.0,0.0006767,release-01-05-26,4.218899352833771,,urn:mavedb:00001224-a-1,BRCA2 HDR VC-8 cells
BRCA2,BRCA2 p.His2623Arg,Pathogenic/Likely pathogenic,"criteria provided, multiple submitters, no conflicts",38123,NM_000059.4(BRCA2):c.7868A>G (p.His2623Arg),"Oct 02, 2025",ClinVar,clinvar,clinvar_variant_summary,cohort,file,,,,,release-01-05-26,0.8321223620832527,,urn:mavedb:00001224-a-1,BRCA2 HDR VC-8 cells
BRCA2,BRCA2 p.Trp2626Cys,Pathogenic,reviewed by expert panel,38125,NM_000059.4(BRCA2):c.7878G>C (p.Trp2626Cys),"Aug 10, 2015",ClinVar,clinvar,clinvar_variant_summary,cohort,file,4.224e-06,1.0,236738.0,,release-01-05-26,,,,
BRCA2,BRCA2 p.Arg2659Gly,Pathogenic,reviewed by expert panel,38130,NM_000059.4(BRCA2):c.7975A>G (p.Arg2659Gly),"Jun 18, 2019",ClinVar,clinvar,clinvar_variant_summary,cohort,file,,,,,release-01-05-26,1.4747923799929248,,urn:mavedb:00001224-a-1,BRCA2 HDR VC-8 cells
BRCA2,BRCA2 p.Arg2659Lys,Pathogenic/Likely pathogenic,"criteria provided, multiple submitters, no conflicts",38131,NM_000059.4(BRCA2):c.7976G>A (p.Arg2659Lys),"Dec 24, 2025",ClinVar,clinvar,clinvar_variant_summary,cohort,file,,,,,release-01-05-26,,,,
BRCA2,BRCA2 p.Asp2665Gly,Benign,reviewed by expert panel,38134,NM_000059.4(BRCA2):c.7994A>G (p.Asp2665Gly),"Jun 18, 2019",ClinVar,clinvar,clinvar_variant_summary,cohort,file,0.000473,70.0,147982.0,0.002089,release-01-05-26,4.739390969872892,,urn:mavedb:00001224-a-1,BRCA2 HDR VC-8 cells
BRCA2,BRCA2 p.Ile2672Val,Likely benign,"criteria provided, multiple submitters, no conflicts",38135,NM_000059.4(BRCA2):c.8014A>G (p.Ile2672Val),"Oct 20, 2025",ClinVar,clinvar,clinvar_variant_summary,cohort,file,3.184e-05,1.0,147990.0,2.316e-05,release-01-05-26,4.373799021357613,,urn:mavedb:00001224-a-1,BRCA2 HDR VC-8 cells
BRCA2,BRCA2 p.Met2676Thr,Benign/Likely benign,"criteria provided, multiple submitters, no conflicts",38136,NM_000059.4(BRCA2):c.8027T>C (p.Met2676Thr),"Dec 08, 2025",ClinVar,clinvar,clinvar_variant_summary,cohort,file,1.691e-05,4.0,236578.0,1.311e-05,release-01-05-26,5.65511585223142,,urn:mavedb:00001224-a-1,BRCA2 HDR VC-8 cells
BRCA2,BRCA2 p.Leu2688Pro,Pathogenic/Likely pathogenic,"criteria provided, multiple submitters, no conflicts",38137,NM_000059.4(BRCA2):c.8063T>C (p.Leu2688Pro),"Jan 13, 2026",ClinVar,clinvar,clinvar_variant_summary,cohort,file,6.758e-06,1.0,147968.0,0.0,release-01-05-26,0.9972897691938764,,urn:mavedb:00001224-a-1,BRCA2 HDR VC-8 cells
BRCA2,BRCA2 p.Asp2723Gly,Pathogenic,reviewed by expert panel,38141,NM_000059.4(BRCA2):c.8168A>G (p.Asp2723Gly),"Aug 10, 2015",ClinVar,clinvar,clinvar_variant_summary,cohort,file,,,,,release-01-05-26,0.9406459490373984,,urn:mavedb:00001224-a-1,BRCA2 HDR VC-8 cells
BRCA2,BRCA2 p.Lys2729Asn,Benign,reviewed by expert panel,38142,NM_000059.4(BRCA2):c.8187G>T (p.Lys2729Asn),"Aug 10, 2015",ClinVar,clinvar,clinvar_variant_summary,cohort,file,0.0007961,69.0,147902.0,0.007902,release-01-05-26,3.864683391193339,,urn:mavedb:00001224-a-1,BRCA2 HDR VC-8 cells
BRCA2,BRCA2 p.Asn277Lys,Benign,reviewed by expert panel,38152,NM_000059.4(BRCA2):c.831T>G (p.Asn277Lys),"Jun 11, 2024",ClinVar,clinvar,clinvar_variant_summary,cohort,file,6.07e-05,8.0,147942.0,8.331e-05,release-01-05-26,,,,
BRCA2,BRCA2 p.Arg2784Trp,Pathogenic/Likely pathogenic,"criteria provided, multiple submitters, no conflicts",38155,NM_000059.4(BRCA2):c.8350C>T (p.Arg2784Trp),"Dec 29, 2025",ClinVar,clinvar,clinvar_variant_summary,cohort,file,1.352e-05,2.0,147898.0,0.0,release-01-05-26,1.349240423809681,,urn:mavedb:00001224-a-1,BRCA2 HDR VC-8 cells
BRCA2,BRCA2 p.Gly2793Glu,Pathogenic/Likely pathogenic,"criteria provided, multiple submitters, no conflicts",38157,NM_000059.4(BRCA2):c.8378G>A (p.Gly2793Glu),"Oct 17, 2025",ClinVar,clinvar,clinvar_variant_summary,cohort,file,,,,,release-01-05-26,1.0869008509239952,,urn:mavedb:00001224-a-1,BRCA2 HDR VC-8 cells
BRCA2,BRCA2 p.Gln2829Arg,Pathogenic/Likely pathogenic,"criteria provided, multiple submitters, no conflicts",38161,NM_000059.4(BRCA2):c.8486A>G (p.Gln2829Arg),"Jul 30, 2025",ClinVar,clinvar,clinvar_variant_summary,cohort,file,,,,,release-01-05-26,5.245691711184539,,urn:mavedb:00001224-a-1,BRCA2 HDR VC-8 cells
BRCA2,BRCA2 p.Gly2901Asp,Benign,reviewed by expert panel,38180,NM_000059.4(BRCA2):c.8702G>A (p.Gly2901Asp),"Dec 02, 2025",ClinVar,clinvar,clinvar_variant_summary,cohort,file,0.0001436,6.0,147916.0,0.001414,release-01-05-26,4.2450751496299794,,urn:mavedb:00001224-a-1,BRCA2 HDR VC-8 cells
BRCA2,BRCA2 p.Ser2922Gly,Benign,reviewed by expert panel,38186,NM_000059.4(BRCA2):c.8764A>G (p.Ser2922Gly),"Jun 18, 2019",ClinVar,clinvar,clinvar_variant_summary,cohort,file,3.186e-05,2.0,147910.0,0.0,release-01-05-26,3.9366854015514297,,urn:mavedb:00001224-a-1,BRCA2 HDR VC-8 cells
BRCA2,BRCA2 p.Arg2973Cys,Benign,reviewed by expert panel,38193,NM_000059.4(BRCA2):c.8917C>T (p.Arg2973Cys),"Aug 10, 2015",ClinVar,clinvar,clinvar_variant_summary,cohort,file,3.188e-05,4.0,147726.0,2.518e-05,release-01-05-26,3.0817674783138256,,urn:mavedb:00001224-a-1,BRCA2 HDR VC-8 cells
BRCA2,BRCA2 p.Arg2991His,Benign/Likely benign,"criteria provided, multiple submitters, no conflicts",38200,NM_000059.4(BRCA2):c.8972G>A (p.Arg2991His),"Jan 14, 2026",ClinVar,clinvar,clinvar_variant_summary,cohort,file,8.888e-05,3.0,147764.0,0.0002472,release-01-05-26,3.8974410791643295,,urn:mavedb:00001224-a-1,BRCA2 HDR VC-8 cells
BRCA2,BRCA2 p.Glu3002Lys,Pathogenic/Likely pathogenic,"criteria provided, multiple submitters, no conflicts",38201,NM_000059.4(BRCA2):c.9004G>A (p.Glu3002Lys),"Dec 29, 2025",ClinVar,clinvar,clinvar_variant_summary,cohort,file,,,,,release-01-05-26,1.0743218432235364,,urn:mavedb:00001224-a-1,BRCA2 HDR VC-8 cells
BRCA2,BRCA2 p.Tyr3006Asp,Pathogenic,reviewed by expert panel,38202,NM_000059.4(BRCA2):c.9016T>G (p.Tyr3006Asp),"Jan 04, 2026",ClinVar,clinvar,clinvar_variant_summary,cohort,file,,,,,release-01-05-26,1.0629033230885292,,urn:mavedb:00001224-a-1,BRCA2 HDR VC-8 cells
BRCA2,BRCA2 p.Thr3013Ile,Benign,reviewed by expert panel,38205,NM_000059.4(BRCA2):c.9038C>T (p.Thr3013Ile),"Jun 18, 2019",ClinVar,clinvar,clinvar_variant_summary,cohort,file,0.0002458,32.0,147930.0,0.0003808,release-01-05-26,5.900670182554566,,urn:mavedb:00001224-a-1,BRCA2 HDR VC-8 cells
BRCA2,BRCA2 p.Val3079Ile,Benign,reviewed by expert panel,38220,NM_000059.4(BRCA2):c.9235G>A (p.Val3079Ile),"Aug 10, 2015",ClinVar,clinvar,clinvar_variant_summary,cohort,file,0.001021,140.0,147768.0,0.002634,release-01-05-26,5.157946392637431,,urn:mavedb:00001224-a-1,BRCA2 HDR VC-8 cells
BRCA2,BRCA2 p.Tyr3098His,Benign,reviewed by expert panel,38227,NM_000059.4(BRCA2):c.9292T>C (p.Tyr3098His),"Aug 10, 2015",ClinVar,clinvar,clinvar_variant_summary,cohort,file,0.0002919,38.0,147982.0,0.0007068,release-01-05-26,5.306531217180332,,urn:mavedb:00001224-a-1,BRCA2 HDR VC-8 cells
BRCA2,BRCA2 p.Leu3101Arg,Pathogenic/Likely pathogenic,"criteria provided, multiple submitters, no conflicts",38230,NM_000059.4(BRCA2):c.9302T>G (p.Leu3101Arg),"Dec 11, 2025",ClinVar,clinvar,clinvar_variant_summary,cohort,file,6.757e-06,1.0,147988.0,0.0,release-01-05-26,1.149454753079536,,urn:mavedb:00001224-a-1,BRCA2 HDR VC-8 cells
BRCA2,BRCA2 p.Asn3124Ile,Pathogenic,reviewed by expert panel,38233,NM_000059.4(BRCA2):c.9371A>T (p.Asn3124Ile),"Jun 18, 2019",ClinVar,clinvar,clinvar_variant_summary,cohort,file,6.782e-06,1.0,147460.0,0.0,release-01-05-26,0.9923063317949626,,urn:mavedb:00001224-a-1,BRCA2 HDR VC-8 cells
BRCA2,BRCA2 p.Cys315Ser,Benign/Likely benign,"criteria provided, multiple submitters, no conflicts",38241,NM_000059.4(BRCA2):c.943T>A (p.Cys315Ser),"Feb 03, 2026",ClinVar,clinvar,clinvar_variant_summary,cohort,file,0.0004121,25.0,147904.0,0.004421,release-01-05-26,,,,
BRCA2,BRCA2 p.Asn3174Lys,Benign,"criteria provided, single submitter",38245,NM_000059.4(BRCA2):c.9522T>A (p.Asn3174Lys),"May 23, 2025",ClinVar,clinvar,clinvar_variant_summary,cohort,file,,,,,release-01-05-26,,,,
BRCA2,BRCA2 p.Cys3198Arg,Benign,reviewed by expert panel,38252,NM_000059.4(BRCA2):c.9592T>C (p.Cys3198Arg),"Aug 10, 2015",ClinVar,clinvar,clinvar_variant_summary,cohort,file,5.488e-05,7.0,147956.0,6.716e-05,release-01-05-26,,,,
BRCA2,BRCA2 p.Pro3202Leu,Benign/Likely benign,"criteria provided, multiple submitters, no conflicts",38254,NM_000059.4(BRCA2):c.9605C>T (p.Pro3202Leu),"Oct 17, 2025",ClinVar,clinvar,clinvar_variant_summary,cohort,file,4.222e-06,1.0,236868.0,,release-01-05-26,,,,
BRCA2,BRCA2 p.Gly3212Arg,Benign/Likely benign,"criteria provided, multiple submitters, no conflicts",38257,NM_000059.4(BRCA2):c.9634G>C (p.Gly3212Arg),"Feb 03, 2026",ClinVar,clinvar,clinvar_variant_summary,cohort,file,4.223e-06,1.0,236800.0,,release-01-05-26,,,,
BRCA2,BRCA2 p.Lys322Gln,Benign/Likely benign,"criteria provided, multiple submitters, no conflicts",38258,NM_000059.4(BRCA2):c.964A>C (p.Lys322Gln),"Jan 28, 2026",ClinVar,clinvar,clinvar_variant_summary,cohort,file,8.109e-05,12.0,147976.0,0.001331,release-01-05-26,,,,
BRCA2,BRCA2 p.Ile3412Val,Benign,reviewed by expert panel,41540,NM_000059.4(BRCA2):c.10234A>G (p.Ile3412Val),"Jan 12, 2015",ClinVar,clinvar,clinvar_variant_summary,cohort,file,0.03701,5475.0,147924.0,0.108,release-01-05-26,,,,
BRCA2,BRCA2 p.Ser384Phe,Benign,reviewed by expert panel,41541,NM_000059.4(BRCA2):c.1151C>T (p.Ser384Phe),"Aug 10, 2015",ClinVar,clinvar,clinvar_variant_summary,cohort,file,0.0007554,106.0,147912.0,0.001102,release-01-05-26,,,,
BRCA2,BRCA2 p.Ile505Thr,Benign,reviewed by expert panel,41542,NM_000059.4(BRCA2):c.1514T>C (p.Ile505Thr),"Jun 18, 2019",ClinVar,clinvar,clinvar_variant_summary,cohort,file,0.0008279,107.0,147926.0,0.0008213,release-01-05-26,,,,
BRCA2,BRCA2 p.Thr598Ala,Benign,reviewed by expert panel,41543,NM_000059.4(BRCA2):c.1792A>G (p.Thr598Ala),"Jun 18, 2019",ClinVar,clinvar,clinvar_variant_summary,cohort,file,0.002326,254.0,147946.0,0.002531,release-01-05-26,,,,
BRCA2,BRCA2 p.Met784Val,Benign,reviewed by expert panel,41544,NM_000059.4(BRCA2):c.2350A>G (p.Met784Val),"Jan 12, 2015",ClinVar,clinvar,clinvar_variant_summary,cohort,file,0.000615,91.0,147966.0,0.01461,release-01-05-26,,,,
BRCA2,BRCA2 p.Asn991Asp,Benign,reviewed by expert panel,41545,NM_000059.4(BRCA2):c.2971A>G (p.Asn991Asp),"Jan 12, 2015",ClinVar,clinvar,clinvar_variant_summary,cohort,file,0.05491,6942.0,147940.0,0.111,release-01-05-26,,,,
BRCA2,BRCA2 p.Ser1172Leu,Benign,reviewed by expert panel,41546,NM_000059.4(BRCA2):c.3515C>T (p.Ser1172Leu),"Aug 10, 2015",ClinVar,clinvar,clinvar_variant_summary,cohort,file,0.00293,205.0,147888.0,0.00151,release-01-05-26,,,,
BRCA2,BRCA2 p.Gly1194Asp,Benign,reviewed by expert panel,41548,NM_000059.4(BRCA2):c.3581G>A (p.Gly1194Asp),"Aug 10, 2015",ClinVar,clinvar,clinvar_variant_summary,cohort,file,8.456e-05,7.0,147888.0,6.729e-05,release-01-05-26,,,,
BRCA2,BRCA2 p.Asp1420Tyr,Benign,reviewed by expert panel,41549,NM_000059.4(BRCA2):c.4258G>T (p.Asp1420Tyr),"Aug 10, 2015",ClinVar,clinvar,clinvar_variant_summary,cohort,file,0.007935,888.0,147860.0,0.008524,release-01-05-26,,,,
BRCA2,BRCA2 p.Lys1531Asn,Likely benign,"criteria provided, single submitter",41550,NM_000059.4(BRCA2):c.4593A>T (p.Lys1531Asn),"Mar 23, 2023",ClinVar,clinvar,clinvar_variant_summary,cohort,file,,,,,release-01-05-26,,,,
BRCA2,BRCA2 p.Glu1593Asp,Benign,reviewed by expert panel,41551,NM_000059.4(BRCA2):c.4779A>C (p.Glu1593Asp),"Jun 18, 2019",ClinVar,clinvar,clinvar_variant_summary,cohort,file,0.0003892,20.0,147934.0,0.002487,release-01-05-26,,,,
BRCA2,BRCA2 p.Asp1911Val,Likely benign,"criteria provided, single submitter",41555,NM_000059.4(BRCA2):c.5732A>T (p.Asp1911Val),"Mar 23, 2023",ClinVar,clinvar,clinvar_variant_summary,cohort,file,,,,,release-01-05-26,,,,
BRCA2,BRCA2 p.Thr1915Met,Benign,reviewed by expert panel,41556,NM_000059.4(BRCA2):c.5744C>T (p.Thr1915Met),"Jan 12, 2015",ClinVar,clinvar,clinvar_variant_summary,cohort,file,0.02013,2607.0,147844.0,0.03145,release-01-05-26,,,,
BRCA2,BRCA2 p.Arg2034Cys,Benign,reviewed by expert panel,41558,NM_000059.4(BRCA2):c.6100C>T (p.Arg2034Cys),"Aug 10, 2015",ClinVar,clinvar,clinvar_variant_summary,cohort,file,0.003367,498.0,147898.0,0.004886,release-01-05-26,,,,
BRCA2,BRCA2 p.Arg2108Cys,Benign,reviewed by expert panel,41559,NM_000059.4(BRCA2):c.6322C>T (p.Arg2108Cys),"Jun 18, 2019",ClinVar,clinvar,clinvar_variant_summary,cohort,file,0.000644,36.0,147848.0,0.005717,release-01-05-26,,,,
BRCA2,BRCA2 p.His2116Arg,Benign,reviewed by expert panel,41561,NM_000059.4(BRCA2):c.6347A>G (p.His2116Arg),"Sep 28, 2016",ClinVar,clinvar,clinvar_variant_summary,cohort,file,0.003812,564.0,147956.0,0.01146,release-01-05-26,,,,
BRCA2,BRCA2 p.His2440Arg,Benign,reviewed by expert panel,41562,NM_000059.4(BRCA2):c.7319A>G (p.His2440Arg),"Jan 12, 2015",ClinVar,clinvar,clinvar_variant_summary,cohort,file,0.009456,1361.0,147704.0,0.03087,release-01-05-26,,,,
BRCA2,BRCA2 p.Ala2717Ser,Benign,reviewed by expert panel,41564,NM_000059.4(BRCA2):c.8149G>T (p.Ala2717Ser),"Jun 11, 2024",ClinVar,clinvar,clinvar_variant_summary,cohort,file,0.001274,184.0,147888.0,0.001751,release-01-05-26,4.540467958457512,,urn:mavedb:00001224-a-1,BRCA2 HDR VC-8 cells
BRCA2,BRCA2 p.Val2728Ile,Benign,reviewed by expert panel,41565,NM_000059.4(BRCA2):c.8182G>A (p.Val2728Ile),"Jun 18, 2019",ClinVar,clinvar,clinvar_variant_summary,cohort,file,0.002278,337.0,147924.0,0.003777,release-01-05-26,5.28208230612584,,urn:mavedb:00001224-a-1,BRCA2 HDR VC-8 cells
BRCA2,BRCA2 p.Asn289His,Benign,reviewed by expert panel,41567,NM_000059.4(BRCA2):c.865A>C (p.Asn289His),"Jan 12, 2015",ClinVar,clinvar,clinvar_variant_summary,cohort,file,,,,,release-01-05-26,,,,
BRCA2,BRCA2 p.Ile2944Phe,Benign,reviewed by expert panel,41569,NM_000059.4(BRCA2):c.8830A>T (p.Ile2944Phe),"Jan 12, 2015",ClinVar,clinvar,clinvar_variant_summary,cohort,file,0.01187,1756.0,147944.0,0.03932,release-01-05-26,4.7118728724758805,,urn:mavedb:00001224-a-1,BRCA2 HDR VC-8 cells
BRCA2,BRCA2 p.Ala2951Thr,Benign,reviewed by expert panel,41570,NM_000059.4(BRCA2):c.8851G>A (p.Ala2951Thr),"Sep 28, 2016",ClinVar,clinvar,clinvar_variant_summary,cohort,file,0.009834,1250.0,147918.0,0.04725,release-01-05-26,3.8736808322143226,,urn:mavedb:00001224-a-1,BRCA2 HDR VC-8 cells
BRCA2,BRCA2 p.Val3244Ile,Benign,reviewed by expert panel,41572,NM_000059.4(BRCA2):c.9730G>A (p.Val3244Ile),"Jan 12, 2015",ClinVar,clinvar,clinvar_variant_summary,cohort,file,0.007675,1087.0,147894.0,0.02436,release-01-05-26,,,,
BRCA1,BRCA1 p.Gln356Arg,Benign,reviewed by expert panel,41803,NM_007294.4(BRCA1):c.1067A>G (p.Gln356Arg),"Aug 10, 2015",ClinVar,clinvar,clinvar_variant_summary,cohort,file,0.05196,6691.0,147958.0,0.06782,release-01-05-26,,,,
BRCA1,BRCA1 p.Asp411Glu,Benign,reviewed by expert panel,41804,NM_007294.4(BRCA1):c.1233T>G (p.Asp411Glu),"Jun 11, 2024",ClinVar,clinvar,clinvar_variant_summary,cohort,file,0.0001284,19.0,147994.0,0.0002413,release-01-05-26,,,,
BRCA1,BRCA1 p.Arg496His,Benign,reviewed by expert panel,41805,NM_007294.4(BRCA1):c.1487G>A (p.Arg496His),"Aug 10, 2015",ClinVar,clinvar,clinvar_variant_summary,cohort,file,0.000669,80.0,147818.0,0.0007818,release-01-05-26,,,,
BRCA1,BRCA1 p.Glu597Lys,Benign,reviewed by expert panel,41806,NM_007294.4(BRCA1):c.1789G>A (p.Glu597Lys),"Aug 10, 2015",ClinVar,clinvar,clinvar_variant_summary,cohort,file,0.0001691,25.0,147860.0,0.0002304,release-01-05-26,,,,
BRCA1,BRCA1 p.Asp693Asn,Benign,reviewed by expert panel,41808,NM_007294.4(BRCA1):c.2077G>A (p.Asp693Asn),"Aug 10, 2015",ClinVar,clinvar,clinvar_variant_summary,cohort,file,0.05815,8390.0,147866.0,0.07637,release-01-05-26,,,,
BRCA1,BRCA1 p.Val772Ala,Benign,reviewed by expert panel,41809,NM_007294.4(BRCA1):c.2315T>C (p.Val772Ala),"Aug 10, 2015",ClinVar,clinvar,clinvar_variant_summary,cohort,file,0.0001217,18.0,147944.0,0.0001122,release-01-05-26,,,,
BRCA1,BRCA1 p.Lys820Glu,Benign,reviewed by expert panel,41810,NM_007294.4(BRCA1):c.2458A>G (p.Lys820Glu),"Aug 10, 2015",ClinVar,clinvar,clinvar_variant_summary,cohort,file,0.009392,1342.0,147962.0,0.0303,release-01-05-26,,,,
BRCA1,BRCA1 p.Arg866Cys,Benign,reviewed by expert panel,41811,NM_007294.4(BRCA1):c.2596C>T (p.Arg866Cys),"Aug 10, 2015",ClinVar,clinvar,clinvar_variant_summary,cohort,file,0.0001592,17.0,147890.0,0.0001768,release-01-05-26,,,,
BRCA1,BRCA1 p.Pro871Leu,Benign,reviewed by expert panel,41812,NM_007294.4(BRCA1):c.2612C>T (p.Pro871Leu),"Aug 10, 2015",ClinVar,clinvar,clinvar_variant_summary,cohort,file,0.4906,72459.0,147700.0,0.8148,release-01-05-26,,,,
BRCA1,BRCA1 p.Met1008Ile,Benign,reviewed by expert panel,41814,NM_007294.4(BRCA1):c.3024G>A (p.Met1008Ile),"Aug 10, 2015",ClinVar,clinvar,clinvar_variant_summary,cohort,file,,,,,release-01-05-26,,,,
BRCA1,BRCA1 p.Glu1038Gly,Benign,reviewed by expert panel,41815,NM_007294.4(BRCA1):c.3113A>G (p.Glu1038Gly),"Aug 10, 2015",ClinVar,clinvar,clinvar_variant_summary,cohort,file,0.3504,44266.0,147528.0,0.4967,release-01-05-26,,,,
BRCA1,BRCA1 p.Pro1099Leu,Benign,reviewed by expert panel,41816,NM_007294.4(BRCA1):c.3296C>T (p.Pro1099Leu),"Aug 10, 2015",ClinVar,clinvar,clinvar_variant_summary,cohort,file,0.0003185,25.0,147796.0,0.000542,release-01-05-26,,,,
BRCA1,BRCA1 p.Ser1140Gly,Benign,reviewed by expert panel,41817,NM_007294.4(BRCA1):c.3418A>G (p.Ser1140Gly),"Jun 11, 2024",ClinVar,clinvar,clinvar_variant_summary,cohort,file,0.009908,1466.0,147960.0,0.03264,release-01-05-26,,,,
BRCA1,BRCA1 p.Lys1183Arg,Benign,reviewed by expert panel,41818,NM_007294.4(BRCA1):c.3548A>G (p.Lys1183Arg),"Aug 10, 2015",ClinVar,clinvar,clinvar_variant_summary,cohort,file,,,,,release-01-05-26,,,,
BRCA1,BRCA1 p.Leu1261Phe,Likely benign,"criteria provided, single submitter",41819,NM_007294.4(BRCA1):c.3783A>T (p.Leu1261Phe),"Mar 23, 2023",ClinVar,clinvar,clinvar_variant_summary,cohort,file,4.225e-06,1.0,236666.0,,release-01-05-26,,,,
BRCA1,BRCA1 p.Arg1347Gly,Benign,reviewed by expert panel,41821,NM_007294.4(BRCA1):c.4039A>G (p.Arg1347Gly),"Aug 10, 2015",ClinVar,clinvar,clinvar_variant_summary,cohort,file,0.004235,596.0,147988.0,0.006415,release-01-05-26,,,,
BRCA1,BRCA1 p.Pro142His,Benign,reviewed by expert panel,41823,NM_007294.4(BRCA1):c.425C>A (p.Pro142His),"Aug 10, 2015",ClinVar,clinvar,clinvar_variant_summary,cohort,file,0.0001016,5.0,147834.0,0.0001587,release-01-05-26,,,,
BRCA1,BRCA1 p.Arg1507Thr,Benign,reviewed by expert panel,41825,NM_007294.4(BRCA1):c.4520G>C (p.Arg1507Thr),"Jun 18, 2019",ClinVar,clinvar,clinvar_variant_summary,cohort,file,2.956e-05,1.0,147898.0,2.604e-05,release-01-05-26,,,,
BRCA1,BRCA1 p.Ser1512Ile,Benign,reviewed by expert panel,41826,NM_007294.4(BRCA1):c.4535G>T (p.Ser1512Ile),"Aug 10, 2015",ClinVar,clinvar,clinvar_variant_summary,cohort,file,0.002339,327.0,147912.0,0.00346,release-01-05-26,,,,
BRCA1,BRCA1 p.Ser1613Gly,Benign,reviewed by expert panel,41827,NM_007294.4(BRCA1):c.4837A>G (p.Ser1613Gly),"Aug 10, 2015",ClinVar,clinvar,clinvar_variant_summary,cohort,file,0.3559,46946.0,147670.0,0.4973,release-01-05-26,,,,
BRCA1,BRCA1 p.Met1628Thr,Benign,reviewed by expert panel,41828,NM_007294.4(BRCA1):c.4883T>C (p.Met1628Thr),"Aug 10, 2015",ClinVar,clinvar,clinvar_variant_summary,cohort,file,0.001503,165.0,147888.0,0.006815,release-01-05-26,,,,
BRCA1,BRCA1 p.Met1652Ile,Benign,reviewed by expert panel,41830,NM_007294.4(BRCA1):c.4956G>A (p.Met1652Ile),"Aug 10, 2015",ClinVar,clinvar,clinvar_variant_summary,cohort,file,,,,,release-01-05-26,,,,
BRCA1,BRCA1 p.His1860Pro,Benign,no assertion criteria provided,41833,NM_007294.4(BRCA1):c.5579A>C (p.His1860Pro),"Jul 13, 2012",ClinVar,clinvar,clinvar_variant_summary,cohort,file,0.007999,1867.0,233394.0,0.0318,release-01-05-26,,,,
BRCA1,BRCA1 p.Leu246Val,Benign,reviewed by expert panel,41835,NM_007294.4(BRCA1):c.736T>G (p.Leu246Val),"Aug 10, 2015",ClinVar,clinvar,clinvar_variant_summary,cohort,file,0.0003058,40.0,147902.0,0.0005294,release-01-05-26,,,,
BRCA2,BRCA2 p.Thr3374Ile,Benign,reviewed by expert panel,51047,NM_000059.4(BRCA2):c.10121C>T (p.Thr3374Ile),"Jun 18, 2019",ClinVar,clinvar,clinvar_variant_summary,cohort,file,0.0005812,86.0,147968.0,0.002144,release-01-05-26,,,,
BRCA2,BRCA2 p.Gln347Arg,Benign,reviewed by expert panel,51060,NM_000059.4(BRCA2):c.1040A>G (p.Gln347Arg),"Jun 18, 2019",ClinVar,clinvar,clinvar_variant_summary,cohort,file,0.00121,156.0,147974.0,0.003264,release-01-05-26,,,,
BRCA2,BRCA2 p.Pro375Ser,Benign,reviewed by expert panel,51066,NM_000059.4(BRCA2):c.1123C>T (p.Pro375Ser),"Aug 10, 2015",ClinVar,clinvar,clinvar_variant_summary,cohort,file,0.00023,34.0,147856.0,0.001137,release-01-05-26,,,,
BRCA2,BRCA2 p.Glu394Ala,Benign,reviewed by expert panel,51077,NM_000059.4(BRCA2):c.1181A>C (p.Glu394Ala),"Jun 18, 2019",ClinVar,clinvar,clinvar_variant_summary,cohort,file,2.703e-05,4.0,147986.0,2.503e-05,release-01-05-26,,,,
BRCA2,BRCA2 p.Pro41Ser,Benign,reviewed by expert panel,51085,NM_000059.4(BRCA2):c.121C>T (p.Pro41Ser),"Dec 02, 2025",ClinVar,clinvar,clinvar_variant_summary,cohort,file,4.224e-06,1.0,236760.0,,release-01-05-26,,,,
BRCA2,BRCA2 p.Leu452Ile,Benign,reviewed by expert panel,51107,NM_000059.4(BRCA2):c.1354C>A (p.Leu452Ile),"Aug 10, 2015",ClinVar,clinvar,clinvar_variant_summary,cohort,file,,,,,release-01-05-26,,,,
BRCA2,BRCA2 p.Gln499Arg,Likely benign,"criteria provided, single submitter",51133,NM_000059.4(BRCA2):c.1496A>G (p.Gln499Arg),"Mar 23, 2023",ClinVar,clinvar,clinvar_variant_summary,cohort,file,,,,,release-01-05-26,,,,
BRCA2,BRCA2 p.Cys554Trp,Benign,reviewed by expert panel,51169,NM_000059.4(BRCA2):c.1662T>G (p.Cys554Trp),"Aug 10, 2015",ClinVar,clinvar,clinvar_variant_summary,cohort,file,6.37e-05,9.0,147918.0,6.804e-05,release-01-05-26,,,,
BRCA2,BRCA2 p.Asn560Asp,Likely benign,"criteria provided, single submitter",51173,NM_000059.4(BRCA2):c.1678A>G (p.Asn560Asp),"Mar 23, 2023",ClinVar,clinvar,clinvar_variant_summary,cohort,file,,,,,release-01-05-26,,,,
BRCA2,BRCA2 p.Asp596His,Benign,reviewed by expert panel,51192,NM_000059.4(BRCA2):c.1786G>C (p.Asp596His),"Jun 18, 2019",ClinVar,clinvar,clinvar_variant_summary,cohort,file,0.0003237,36.0,147834.0,0.000571,release-01-05-26,,,,
BRCA2,BRCA2 p.Tyr600His,Benign,reviewed by expert panel,51197,NM_000059.4(BRCA2):c.1798T>C (p.Tyr600His),"Jun 18, 2019",ClinVar,clinvar,clinvar_variant_summary,cohort,file,0.001555,230.0,147940.0,0.004869,release-01-05-26,,,,
BRCA2,BRCA2 p.Gly602Arg,Benign,reviewed by expert panel,51200,NM_000059.4(BRCA2):c.1804G>A (p.Gly602Arg),"Aug 10, 2015",ClinVar,clinvar,clinvar_variant_summary,cohort,file,4.446e-05,3.0,147532.0,5.417e-05,release-01-05-26,,,,
BRCA2,BRCA2 p.Ala618Pro,Likely benign,"criteria provided, single submitter",51214,NM_000059.4(BRCA2):c.1852G>C (p.Ala618Pro),"Mar 23, 2023",ClinVar,clinvar,clinvar_variant_summary,cohort,file,,,,,release-01-05-26,,,,
BRCA2,BRCA2 p.Asp707Tyr,Likely benign,"criteria provided, single submitter",51245,NM_000059.4(BRCA2):c.2119G>T (p.Asp707Tyr),"Mar 23, 2023",ClinVar,clinvar,clinvar_variant_summary,cohort,file,,,,,release-01-05-26,,,,
BRCA2,BRCA2 p.Gln713Leu,Benign/Likely benign,"criteria provided, multiple submitters, no conflicts",51249,NM_000059.4(BRCA2):c.2138A>T (p.Gln713Leu),"Feb 03, 2026",ClinVar,clinvar,clinvar_variant_summary,cohort,file,0.001324,196.0,147984.0,0.004468,release-01-05-26,,,,
BRCA2,BRCA2 p.Ala737Ser,Likely benign,"criteria provided, single submitter",51255,NM_000059.4(BRCA2):c.2209G>T (p.Ala737Ser),"Mar 23, 2023",ClinVar,clinvar,clinvar_variant_summary,cohort,file,,,,,release-01-05-26,,,,
BRCA2,BRCA2 p.Val741Leu,Likely benign,"criteria provided, single submitter",51256,NM_000059.4(BRCA2):c.2221G>T (p.Val741Leu),"Mar 23, 2023",ClinVar,clinvar,clinvar_variant_summary,cohort,file,,,,,release-01-05-26,,,,
BRCA2,BRCA2 p.Ala75Pro,Benign,reviewed by expert panel,51258,NM_000059.4(BRCA2):c.223G>C (p.Ala75Pro),"Aug 10, 2015",ClinVar,clinvar,clinvar_variant_summary,cohort,file,0.0003314,49.0,147874.0,0.0004034,release-01-05-26,-0.0178556,0.0145829,urn:mavedb:00001263-a-1,Saturation Genome Editing of BRCA2
BRCA2,BRCA2 p.Leu759Phe,Likely benign,"criteria provided, single submitter",51264,NM_000059.4(BRCA2):c.2275C>T (p.Leu759Phe),"Mar 23, 2023",ClinVar,clinvar,clinvar_variant_summary,cohort,file,,,,,release-01-05-26,,,,
BRCA2,BRCA2 p.Asp806His,Benign,reviewed by expert panel,51278,NM_000059.4(BRCA2):c.2416G>C (p.Asp806His),"Aug 10, 2015",ClinVar,clinvar,clinvar_variant_summary,cohort,file,3.187e-05,1.0,147918.0,1.939e-05,release-01-05-26,,,,
BRCA2,BRCA2 p.Tyr828Cys,Likely benign,"criteria provided, single submitter",51296,NM_000059.4(BRCA2):c.2483A>G (p.Tyr828Cys),"Mar 23, 2023",ClinVar,clinvar,clinvar_variant_summary,cohort,file,,,,,release-01-05-26,,,,
BRCA2,BRCA2 p.Pro835Ser,Likely benign,"criteria provided, single submitter",51297,NM_000059.4(BRCA2):c.2503C>T (p.Pro835Ser),"Mar 23, 2023",ClinVar,clinvar,clinvar_variant_summary,cohort,file,,,,,release-01-05-26,,,,
BRCA2,BRCA2 p.Val894Ile,Benign,reviewed by expert panel,51326,NM_000059.4(BRCA2):c.2680G>A (p.Val894Ile),"Aug 10, 2015",ClinVar,clinvar,clinvar_variant_summary,cohort,file,0.0001014,15.0,147934.0,0.0001123,release-01-05-26,,,,
BRCA2,BRCA2 p.Asn900Asp,Benign,reviewed by expert panel,51328,NM_000059.4(BRCA2):c.2698A>G (p.Asn900Asp),"Jun 18, 2019",ClinVar,clinvar,clinvar_variant_summary,cohort,file,3.507e-05,3.0,147976.0,2.55e-05,release-01-05-26,,,,
BRCA2,BRCA2 p.Leu929Ser,Benign,reviewed by expert panel,51343,NM_000059.4(BRCA2):c.2786T>C (p.Leu929Ser),"Aug 10, 2015",ClinVar,clinvar,clinvar_variant_summary,cohort,file,0.003251,481.0,147944.0,0.01054,release-01-05-26,,,,
BRCA2,BRCA2 p.Asp935Asn,Benign/Likely benign,"criteria provided, multiple submitters, no conflicts",51349,NM_000059.4(BRCA2):c.2803G>A (p.Asp935Asn),"Feb 03, 2026",ClinVar,clinvar,clinvar_variant_summary,cohort,file,0.0006489,96.0,147932.0,0.0009383,release-01-05-26,,,,
BRCA2,BRCA2 p.Ser958Gly,Likely benign,"criteria provided, multiple submitters, no conflicts",51364,NM_000059.4(BRCA2):c.2872A>G (p.Ser958Gly),"Feb 12, 2025",ClinVar,clinvar,clinvar_variant_summary,cohort,file,,,,,release-01-05-26,,,,
BRCA2,BRCA2 p.Asn987Ile,Benign,reviewed by expert panel,51379,NM_000059.4(BRCA2):c.2960A>T (p.Asn987Ile),"Aug 10, 2015",ClinVar,clinvar,clinvar_variant_summary,cohort,file,0.003257,482.0,147976.0,0.01056,release-01-05-26,,,,
BRCA2,BRCA2 p.Tyr989Asp,Likely benign,"criteria provided, single submitter",51380,NM_000059.4(BRCA2):c.2965T>G (p.Tyr989Asp),"Mar 23, 2023",ClinVar,clinvar,clinvar_variant_summary,cohort,file,,,,,release-01-05-26,,,,
BRCA2,BRCA2 p.Leu996Arg,Benign,reviewed by expert panel,51381,NM_000059.4(BRCA2):c.2987T>G (p.Leu996Arg),"Jun 18, 2019",ClinVar,clinvar,clinvar_variant_summary,cohort,file,5.407e-05,8.0,147948.0,2.847e-05,release-01-05-26,,,,
BRCA2,BRCA2 p.Met1Thr,Pathogenic/Likely pathogenic,"criteria provided, multiple submitters, no conflicts",51384,NM_000059.4(BRCA2):c.2T>C (p.Met1Thr),"Dec 09, 2025",ClinVar,clinvar,clinvar_variant_summary,cohort,file,,,,,,,,,
BRCA2,BRCA2 p.Met1Arg,Pathogenic,"criteria provided, multiple submitters, no conflicts",51385,NM_000059.4(BRCA2):c.2T>G (p.Met1Arg),"Oct 20, 2025",ClinVar,clinvar,clinvar_variant_summary,cohort,file,,,,,,,,,
BRCA2,BRCA2 p.Ser1041Asn,Likely benign,"criteria provided, single submitter",51401,NM_000059.4(BRCA2):c.3122G>A (p.Ser1041Asn),"Mar 23, 2023",ClinVar,clinvar,clinvar_variant_summary,cohort,file,,,,,release-01-05-26,,,,
BRCA2,BRCA2 p.Cys1044Trp,Likely benign,"criteria provided, single submitter",51402,NM_000059.4(BRCA2):c.3132T>G (p.Cys1044Trp),"Mar 23, 2023",ClinVar,clinvar,clinvar_variant_summary,cohort,file,,,,,release-01-05-26,,,,
BRCA2,BRCA2 p.Asn108His,Benign,reviewed by expert panel,51428,NM_000059.4(BRCA2):c.322A>C (p.Asn108His),"Jun 18, 2019",ClinVar,clinvar,clinvar_variant_summary,cohort,file,0.0004777,48.0,147966.0,0.001061,release-01-05-26,,,,
BRCA2,BRCA2 p.Tyr1135His,Likely benign,"criteria provided, single submitter",51457,NM_000059.4(BRCA2):c.3403T>C (p.Tyr1135His),"Mar 23, 2023",ClinVar,clinvar,clinvar_variant_summary,cohort,file,,,,,release-01-05-26,,,,
BRCA2,BRCA2 p.Met1149Val,Benign/Likely benign,"criteria provided, multiple submitters, no conflicts",51465,NM_000059.4(BRCA2):c.3445A>G (p.Met1149Val),"Feb 04, 2026",ClinVar,clinvar,clinvar_variant_summary,cohort,file,0.0001757,26.0,147944.0,0.001043,release-01-05-26,,,,
BRCA2,BRCA2 p.Arg1190Trp,Benign,reviewed by expert panel,51488,NM_000059.4(BRCA2):c.3568C>T (p.Arg1190Trp),"Aug 10, 2015",ClinVar,clinvar,clinvar_variant_summary,cohort,file,0.0001142,8.0,147890.0,0.0002922,release-01-05-26,,,,
BRCA2,BRCA2 p.Phe1192Cys,Benign,reviewed by expert panel,51490,NM_000059.4(BRCA2):c.3575T>G (p.Phe1192Cys),"Jun 18, 2019",ClinVar,clinvar,clinvar_variant_summary,cohort,file,0.000186,4.0,147914.0,0.0009831,release-01-05-26,,,,
BRCA2,BRCA2 p.Asp1280Val,Benign,reviewed by expert panel,51537,NM_000059.4(BRCA2):c.3839A>T (p.Asp1280Val),"Aug 10, 2015",ClinVar,clinvar,clinvar_variant_summary,cohort,file,6.369e-05,9.0,147988.0,6.804e-05,release-01-05-26,,,,
BRCA2,BRCA2 p.Val1283Gly,Likely benign,"criteria provided, single submitter",51540,NM_000059.4(BRCA2):c.3848T>G (p.Val1283Gly),"Mar 23, 2023",ClinVar,clinvar,clinvar_variant_summary,cohort,file,,,,,release-01-05-26,,,,
BRCA2,BRCA2 p.Thr1302Asn,Likely benign,"criteria provided, single submitter",51558,NM_000059.4(BRCA2):c.3905C>A (p.Thr1302Asn),"Mar 23, 2023",ClinVar,clinvar,clinvar_variant_summary,cohort,file,,,,,release-01-05-26,,,,
BRCA2,BRCA2 p.Arg1315Lys,Likely benign,"criteria provided, single submitter",51571,NM_000059.4(BRCA2):c.3944G>A (p.Arg1315Lys),"Mar 23, 2023",ClinVar,clinvar,clinvar_variant_summary,cohort,file,,,,,release-01-05-26,,,,
BRCA2,BRCA2 p.Ile1349Thr,Benign,reviewed by expert panel,51586,NM_000059.4(BRCA2):c.4046T>C (p.Ile1349Thr),"Aug 10, 2015",ClinVar,clinvar,clinvar_variant_summary,cohort,file,1.332e-05,1.0,147932.0,8.02e-06,release-01-05-26,,,,
BRCA2,BRCA2 p.Thr1354Met,Benign,reviewed by expert panel,51588,NM_000059.4(BRCA2):c.4061C>T (p.Thr1354Met),"Aug 10, 2015",ClinVar,clinvar,clinvar_variant_summary,cohort,file,0.0001397,17.0,147756.0,0.0001316,release-01-05-26,,,,
BRCA2,BRCA2 p.Ile1364Leu,Benign,reviewed by expert panel,51592,NM_000059.4(BRCA2):c.4090A>C (p.Ile1364Leu),"Jan 12, 2015",ClinVar,clinvar,clinvar_variant_summary,cohort,file,0.005218,772.0,147938.0,0.01686,release-01-05-26,,,,
BRCA2,BRCA2 p.Thr1388Asn,Likely benign,"criteria provided, single submitter",51607,NM_000059.4(BRCA2):c.4163C>A (p.Thr1388Asn),"Mar 23, 2023",ClinVar,clinvar,clinvar_variant_summary,cohort,file,6.763e-06,1.0,147874.0,0.0,release-01-05-26,,,,
BRCA2,BRCA2 p.Thr1414Met,Benign,reviewed by expert panel,51616,NM_000059.4(BRCA2):c.4241C>T (p.Thr1414Met),"Jan 12, 2015",ClinVar,clinvar,clinvar_variant_summary,cohort,file,0.002613,367.0,147792.0,0.007768,release-01-05-26,,,,
BRCA2,BRCA2 p.Ser1424Cys,Benign,reviewed by expert panel,51623,NM_000059.4(BRCA2):c.4271C>G (p.Ser1424Cys),"Jun 18, 2019",ClinVar,clinvar,clinvar_variant_summary,cohort,file,3.186e-05,1.0,31384.0,3.29e-06,release-01-05-26,,,,
BRCA2,BRCA2 p.Gln147Arg,Benign,reviewed by expert panel,51644,NM_000059.4(BRCA2):c.440A>G (p.Gln147Arg),"Jun 18, 2019",ClinVar,clinvar,clinvar_variant_summary,cohort,file,0.000258,14.0,147986.0,0.002704,release-01-05-26,,,,
BRCA2,BRCA2 p.Ser1479Thr,Likely benign,"criteria provided, multiple submitters, no conflicts",51648,NM_000059.4(BRCA2):c.4436G>C (p.Ser1479Thr),"Feb 01, 2026",ClinVar,clinvar,clinvar_variant_summary,cohort,file,2.705e-05,4.0,147886.0,1.972e-05,release-01-05-26,,,,
BRCA2,BRCA2 p.Leu1522Phe,Likely benign,"criteria provided, single submitter",51675,NM_000059.4(BRCA2):c.4566G>T (p.Leu1522Phe),"Mar 23, 2023",ClinVar,clinvar,clinvar_variant_summary,cohort,file,,,,,release-01-05-26,,,,
BRCA2,BRCA2 p.Phe1524Val,Benign,reviewed by expert panel,51676,NM_000059.4(BRCA2):c.4570T>G (p.Phe1524Val),"Aug 10, 2015",ClinVar,clinvar,clinvar_variant_summary,cohort,file,3.381e-05,5.0,147888.0,2.847e-05,release-01-05-26,,,,
BRCA2,BRCA2 p.Cys1573Tyr,Likely benign,"criteria provided, multiple submitters, no conflicts",51702,NM_000059.4(BRCA2):c.4718G>A (p.Cys1573Tyr),"Dec 23, 2025",ClinVar,clinvar,clinvar_variant_summary,cohort,file,8.449e-06,2.0,236706.0,3.24e-06,release-01-05-26,,,,
BRCA2,BRCA2 p.Val159Met,Pathogenic/Likely pathogenic,"criteria provided, multiple submitters, no conflicts",51711,NM_000059.4(BRCA2):c.475G>A (p.Val159Met),"Oct 31, 2024",ClinVar,clinvar,clinvar_variant_summary,cohort,file,,,,,release-01-05-26,,,,
BRCA2,BRCA2 p.Ala1668Gly,Likely benign,"criteria provided, single submitter",51754,NM_000059.4(BRCA2):c.5003C>G (p.Ala1668Gly),"Mar 23, 2023",ClinVar,clinvar,clinvar_variant_summary,cohort,file,,,,,release-01-05-26,,,,
BRCA2,BRCA2 p.Pro168Thr,Benign,reviewed by expert panel,51757,NM_000059.4(BRCA2):c.502C>A (p.Pro168Thr),"Aug 10, 2015",ClinVar,clinvar,clinvar_variant_summary,cohort,file,0.0001488,22.0,147874.0,0.0007085,release-01-05-26,,,,
BRCA2,BRCA2 p.Arg18His,Benign,reviewed by expert panel,51855,NM_000059.4(BRCA2):c.53G>A (p.Arg18His),"Aug 10, 2015",ClinVar,clinvar,clinvar_variant_summary,cohort,file,3.383e-05,5.0,147808.0,0.0003787,release-01-05-26,,,,
BRCA2,BRCA2 p.Pro1819Ser,Benign,reviewed by expert panel,51865,NM_000059.4(BRCA2):c.5455C>T (p.Pro1819Ser),"Aug 10, 2015",ClinVar,clinvar,clinvar_variant_summary,cohort,file,0.0001912,13.0,147890.0,0.0001451,release-01-05-26,,,,
BRCA2,BRCA2 p.Lys1823Gln,Likely benign,"criteria provided, single submitter",51867,NM_000059.4(BRCA2):c.5467A>C (p.Lys1823Gln),"Mar 23, 2023",ClinVar,clinvar,clinvar_variant_summary,cohort,file,,,,,release-01-05-26,,,,
BRCA2,BRCA2 p.Asn1880Lys,Benign,reviewed by expert panel,51896,NM_000059.4(BRCA2):c.5640T>G (p.Asn1880Lys),"Jun 18, 2019",ClinVar,clinvar,clinvar_variant_summary,cohort,file,0.002711,401.0,147918.0,0.008569,release-01-05-26,,,,
BRCA2,BRCA2 p.Glu1895Gln,Likely benign,"criteria provided, single submitter",51909,NM_000059.4(BRCA2):c.5683G>C (p.Glu1895Gln),"Mar 23, 2023",ClinVar,clinvar,clinvar_variant_summary,cohort,file,,,,,release-01-05-26,,,,
BRCA2,BRCA2 p.His1918Tyr,Benign,reviewed by expert panel,51927,NM_000059.4(BRCA2):c.5752C>T (p.His1918Tyr),"Aug 10, 2015",ClinVar,clinvar,clinvar_variant_summary,cohort,file,3.384e-05,5.0,147908.0,0.0,release-01-05-26,,,,
BRCA2,BRCA2 p.His1918Arg,Benign,reviewed by expert panel,51928,NM_000059.4(BRCA2):c.5753A>G (p.His1918Arg),"Jun 18, 2019",ClinVar,clinvar,clinvar_variant_summary,cohort,file,2.115e-05,1.0,147952.0,0.0,release-01-05-26,,,,
BRCA2,BRCA2 p.Ser2006Arg,Likely benign,"criteria provided, single submitter",51988,NM_000059.4(BRCA2):c.6018T>A (p.Ser2006Arg),"Mar 23, 2023",ClinVar,clinvar,clinvar_variant_summary,cohort,file,,,,,release-01-05-26,,,,
BRCA2,BRCA2 p.Val211Ile,Pathogenic,"criteria provided, multiple submitters, no conflicts",52058,NM_000059.4(BRCA2):c.631G>A (p.Val211Ile),"Sep 27, 2025",ClinVar,clinvar,clinvar_variant_summary,cohort,file,,,,,release-01-05-26,,,,
BRCA2,BRCA2 p.Lys2128Asn,Likely benign,"criteria provided, single submitter",52078,NM_000059.4(BRCA2):c.6384A>C (p.Lys2128Asn),"Mar 23, 2023",ClinVar,clinvar,clinvar_variant_summary,cohort,file,,,,,release-01-05-26,,,,
BRCA2,BRCA2 p.Ser2152Tyr,Benign,reviewed by expert panel,52108,NM_000059.4(BRCA2):c.6455C>A (p.Ser2152Tyr),"Jun 18, 2019",ClinVar,clinvar,clinvar_variant_summary,cohort,file,0.000364,36.0,147928.0,0.0002063,release-01-05-26,,,,
BRCA2,BRCA2 p.His2178Tyr,Likely benign,"criteria provided, single submitter",52124,NM_000059.4(BRCA2):c.6532C>T (p.His2178Tyr),"Mar 23, 2023",ClinVar,clinvar,clinvar_variant_summary,cohort,file,,,,,release-01-05-26,,,,
BRCA2,BRCA2 p.Asp23Tyr,Pathogenic/Likely pathogenic,"criteria provided, multiple submitters, no conflicts",52185,NM_000059.4(BRCA2):c.67G>T (p.Asp23Tyr),"Jun 17, 2021",ClinVar,clinvar,clinvar_variant_summary,cohort,file,,,,,release-01-05-26,,,,
BRCA2,BRCA2 p.Asp2312Val,Benign,reviewed by expert panel,52220,NM_000059.4(BRCA2):c.6935A>T (p.Asp2312Val),"Jun 18, 2019",ClinVar,clinvar,clinvar_variant_summary,cohort,file,0.0002548,9.0,147854.0,0.001512,release-01-05-26,,,,
BRCA2,BRCA2 p.Arg2318Gln,Benign,reviewed by expert panel,52225,NM_000059.4(BRCA2):c.6953G>A (p.Arg2318Gln),"Jun 18, 2019",ClinVar,clinvar,clinvar_variant_summary,cohort,file,1.354e-05,2.0,147736.0,0.0,release-01-05-26,,,,
BRCA2,BRCA2 p.Arg2336Pro,Pathogenic/Likely pathogenic,"criteria provided, multiple submitters, no conflicts",52241,NM_000059.4(BRCA2):c.7007G>C (p.Arg2336Pro),"Jul 11, 2025",ClinVar,clinvar,clinvar_variant_summary,cohort,file,4.293e-06,1.0,232920.0,,release-01-05-26,,,,
BRCA2,BRCA2 p.Arg2336Leu,Pathogenic/Likely pathogenic,"criteria provided, multiple submitters, no conflicts",52242,NM_000059.4(BRCA2):c.7007G>T (p.Arg2336Leu),"Sep 10, 2025",ClinVar,clinvar,clinvar_variant_summary,cohort,file,,,,,release-01-05-26,,,,
BRCA2,BRCA2 p.Lys2339Asn,Benign,reviewed by expert panel,52249,NM_000059.4(BRCA2):c.7017G>C (p.Lys2339Asn),"Jan 12, 2015",ClinVar,clinvar,clinvar_variant_summary,cohort,file,0.007644,1086.0,147920.0,0.02425,release-01-05-26,,,,
BRCA2,BRCA2 p.Gly2353Arg,Benign,reviewed by expert panel,52260,NM_000059.4(BRCA2):c.7057G>C (p.Gly2353Arg),"Jun 18, 2019",ClinVar,clinvar,clinvar_variant_summary,cohort,file,5.411e-05,8.0,147844.0,5.841e-05,release-01-05-26,,,,
BRCA2,BRCA2 p.Lys2411Thr,Benign,reviewed by expert panel,52294,NM_000059.4(BRCA2):c.7232A>C (p.Lys2411Thr),"Jun 18, 2019",ClinVar,clinvar,clinvar_variant_summary,cohort,file,6.335e-05,1.0,147980.0,1.824e-05,release-01-05-26,,,,
BRCA2,BRCA2 p.Asn2436Ile,Benign,reviewed by expert panel,52306,NM_000059.4(BRCA2):c.7307A>T (p.Asn2436Ile),"Aug 10, 2015",ClinVar,clinvar,clinvar_variant_summary,cohort,file,1.352e-05,2.0,147926.0,6.825e-05,release-01-05-26,,,,
BRCA2,BRCA2 p.Lys2472Thr,Benign,reviewed by expert panel,52322,NM_000059.4(BRCA2):c.7415A>C (p.Lys2472Thr),"Aug 10, 2015",ClinVar,clinvar,clinvar_variant_summary,cohort,file,4.228e-06,1.0,236494.0,,release-01-05-26,,,,
BRCA2,BRCA2 p.Arg2502His,Benign,reviewed by expert panel,52345,NM_000059.4(BRCA2):c.7505G>A (p.Arg2502His),"Jun 18, 2019",ClinVar,clinvar,clinvar_variant_summary,cohort,file,6.754e-05,9.0,147962.0,0.000153,release-01-05-26,4.938500686174093,,urn:mavedb:00001224-a-1,BRCA2 HDR VC-8 cells
BRCA2,BRCA2 p.Leu2512Phe,Benign,reviewed by expert panel,52349,NM_000059.4(BRCA2):c.7534C>T (p.Leu2512Phe),"Jun 18, 2019",ClinVar,clinvar,clinvar_variant_summary,cohort,file,5.406e-05,8.0,147982.0,2.321e-05,release-01-05-26,3.996304979391484,,urn:mavedb:00001224-a-1,BRCA2 HDR VC-8 cells
BRCA2,BRCA2 p.Thr2542Arg,Benign,"criteria provided, single submitter",52371,NM_000059.4(BRCA2):c.7625C>G (p.Thr2542Arg),"May 21, 2025",ClinVar,clinvar,clinvar_variant_summary,cohort,file,,,,,release-01-05-26,,,,
BRCA2,BRCA2 p.Gly2585Arg,Likely pathogenic,reviewed by expert panel,52400,NM_000059.4(BRCA2):c.7753G>A (p.Gly2585Arg),"Dec 02, 2025",ClinVar,clinvar,clinvar_variant_summary,cohort,file,,,,,release-01-05-26,1.237939793908953,,urn:mavedb:00001224-a-1,BRCA2 HDR VC-8 cells
BRCA2,BRCA2 p.Arg2602Thr,Pathogenic,"criteria provided, single submitter",52415,NM_000059.4(BRCA2):c.7805G>C (p.Arg2602Thr),"Oct 02, 2015",ClinVar,clinvar,clinvar_variant_summary,cohort,file,,,,,release-01-05-26,4.409915053723124,,urn:mavedb:00001224-a-1,BRCA2 HDR VC-8 cells
BRCA2,BRCA2 p.Gly2609Asp,Pathogenic/Likely pathogenic,"criteria provided, multiple submitters, no conflicts",52423,NM_000059.4(BRCA2):c.7826G>A (p.Gly2609Asp),"Nov 17, 2025",ClinVar,clinvar,clinvar_variant_summary,cohort,file,,,,,release-01-05-26,1.756632227595914,,urn:mavedb:00001224-a-1,BRCA2 HDR VC-8 cells
BRCA2,BRCA2 p.Ile2627Phe,Pathogenic,reviewed by expert panel,52430,NM_000059.4(BRCA2):c.7879A>T (p.Ile2627Phe),"Jun 11, 2024",ClinVar,clinvar,clinvar_variant_summary,cohort,file,,,,,release-01-05-26,1.0096512103960884,,urn:mavedb:00001224-a-1,BRCA2 HDR VC-8 cells
BRCA2,BRCA2 p.Leu2647Pro,Pathogenic/Likely pathogenic,"criteria provided, multiple submitters, no conflicts",52443,NM_000059.4(BRCA2):c.7940T>C (p.Leu2647Pro),"May 28, 2025",ClinVar,clinvar,clinvar_variant_summary,cohort,file,,,,,release-01-05-26,0.9974222641620596,,urn:mavedb:00001224-a-1,BRCA2 HDR VC-8 cells
BRCA2,BRCA2 p.Leu2653Pro,Pathogenic/Likely pathogenic,"criteria provided, multiple submitters, no conflicts",52447,NM_000059.4(BRCA2):c.7958T>C (p.Leu2653Pro),"Sep 24, 2025",ClinVar,clinvar,clinvar_variant_summary,cohort,file,,,,,release-01-05-26,0.9159248739296214,,urn:mavedb:00001224-a-1,BRCA2 HDR VC-8 cells
BRCA2,BRCA2 p.Gln2655Arg,Pathogenic/Likely pathogenic,"criteria provided, multiple submitters, no conflicts",52450,NM_000059.4(BRCA2):c.7964A>G (p.Gln2655Arg),"Dec 29, 2025",ClinVar,clinvar,clinvar_variant_summary,cohort,file,,,,,release-01-05-26,,,,
BRCA2,BRCA2 p.Arg2659Thr,Pathogenic,reviewed by expert panel,52455,NM_000059.4(BRCA2):c.7976G>C (p.Arg2659Thr),"Aug 10, 2015",ClinVar,clinvar,clinvar_variant_summary,cohort,file,,,,,release-01-05-26,,,,
BRCA2,BRCA2 p.Tyr2660Asp,Pathogenic/Likely pathogenic,"criteria provided, multiple submitters, no conflicts",52458,NM_000059.4(BRCA2):c.7978T>G (p.Tyr2660Asp),"Nov 10, 2025",ClinVar,clinvar,clinvar_variant_summary,cohort,file,,,,,release-01-05-26,0.8780282759837124,,urn:mavedb:00001224-a-1,BRCA2 HDR VC-8 cells
BRCA2,BRCA2 p.Glu2663Lys,Pathogenic/Likely pathogenic,"criteria provided, multiple submitters, no conflicts",52461,NM_000059.4(BRCA2):c.7987G>A (p.Glu2663Lys),"Sep 09, 2025",ClinVar,clinvar,clinvar_variant_summary,cohort,file,4.24e-06,1.0,235830.0,,release-01-05-26,0.8255975784070837,,urn:mavedb:00001224-a-1,BRCA2 HDR VC-8 cells
BRCA2,BRCA2 p.Glu2663Val,Pathogenic,reviewed by expert panel,52462,NM_000059.4(BRCA2):c.7988A>T (p.Glu2663Val),"Aug 10, 2015",ClinVar,clinvar,clinvar_variant_summary,cohort,file,,,,,release-01-05-26,,,,
BRCA2,BRCA2 p.Ser2670Leu,Pathogenic/Likely pathogenic,"criteria provided, multiple submitters, no conflicts",52471,NM_000059.4(BRCA2):c.8009C>T (p.Ser2670Leu),"Jan 11, 2026",ClinVar,clinvar,clinvar_variant_summary,cohort,file,1.354e-05,2.0,147690.0,0.0,release-01-05-26,0.9761722439100292,,urn:mavedb:00001224-a-1,BRCA2 HDR VC-8 cells
BRCA2,BRCA2 p.Ile2675Val,Pathogenic,reviewed by expert panel,52475,NM_000059.4(BRCA2):c.8023A>G (p.Ile2675Val),"Jun 11, 2024",ClinVar,clinvar,clinvar_variant_summary,cohort,file,4.227e-06,1.0,236548.0,,release-01-05-26,3.5900361858846312,,urn:mavedb:00001224-a-1,BRCA2 HDR VC-8 cells
BRCA2,BRCA2 p.Leu2686Pro,Pathogenic/Likely pathogenic,"criteria provided, multiple submitters, no conflicts",52489,NM_000059.4(BRCA2):c.8057T>C (p.Leu2686Pro),"Mar 05, 2025",ClinVar,clinvar,clinvar_variant_summary,cohort,file,,,,,release-01-05-26,0.8575963132340493,,urn:mavedb:00001224-a-1,BRCA2 HDR VC-8 cells
BRCA2,BRCA2 p.Leu2721His,Likely pathogenic,reviewed by expert panel,52513,NM_000059.4(BRCA2):c.8162T>A (p.Leu2721His),"Jan 04, 2026",ClinVar,clinvar,clinvar_variant_summary,cohort,file,,,,,release-01-05-26,0.9173861470896189,,urn:mavedb:00001224-a-1,BRCA2 HDR VC-8 cells
BRCA2,BRCA2 p.Asp2723His,Pathogenic,reviewed by expert panel,52515,NM_000059.4(BRCA2):c.8167G>C (p.Asp2723His),"Aug 10, 2015",ClinVar,clinvar,clinvar_variant_summary,cohort,file,6.76e-06,1.0,147924.0,0.0,release-01-05-26,1.0,,urn:mavedb:00001224-a-1,BRCA2 HDR VC-8 cells
BRCA2,BRCA2 p.Asp2723Ala,Pathogenic,reviewed by expert panel,52516,NM_000059.4(BRCA2):c.8168A>C (p.Asp2723Ala),"Jun 11, 2024",ClinVar,clinvar,clinvar_variant_summary,cohort,file,4.227e-06,1.0,236560.0,,release-01-05-26,0.9856785486437049,,urn:mavedb:00001224-a-1,BRCA2 HDR VC-8 cells
BRCA2,BRCA2 p.Gly2724Val,Likely pathogenic,"criteria provided, multiple submitters, no conflicts",52517,NM_000059.4(BRCA2):c.8171G>T (p.Gly2724Val),"Nov 10, 2022",ClinVar,clinvar,clinvar_variant_summary,cohort,file,,,,,release-01-05-26,1.065907898910376,,urn:mavedb:00001224-a-1,BRCA2 HDR VC-8 cells
BRCA2,BRCA2 p.Tyr2726Cys,Pathogenic/Likely pathogenic,"criteria provided, multiple submitters, no conflicts",52520,NM_000059.4(BRCA2):c.8177A>G (p.Tyr2726Cys),"Jan 09, 2026",ClinVar,clinvar,clinvar_variant_summary,cohort,file,6.758e-06,1.0,147980.0,0.0,release-01-05-26,1.3588534849807663,,urn:mavedb:00001224-a-1,BRCA2 HDR VC-8 cells
BRCA2,BRCA2 p.Gly2748Asp,Pathogenic,reviewed by expert panel,52535,NM_000059.4(BRCA2):c.8243G>A (p.Gly2748Asp),"Aug 10, 2015",ClinVar,clinvar,clinvar_variant_summary,cohort,file,8.528e-06,2.0,234522.0,3.31e-06,release-01-05-26,0.948295535171688,,urn:mavedb:00001224-a-1,BRCA2 HDR VC-8 cells
BRCA2,BRCA2 p.Ala2770Thr,Benign,reviewed by expert panel,52542,NM_000059.4(BRCA2):c.8308G>A (p.Ala2770Thr),"Jun 18, 2019",ClinVar,clinvar,clinvar_variant_summary,cohort,file,,,,,release-01-05-26,3.797599202388168,,urn:mavedb:00001224-a-1,BRCA2 HDR VC-8 cells
BRCA2,BRCA2 p.Trp2788Arg,Likely pathogenic,reviewed by expert panel,52563,NM_000059.4(BRCA2):c.8362T>C (p.Trp2788Arg),"Aug 18, 2025",ClinVar,clinvar,clinvar_variant_summary,cohort,file,,,,,release-01-05-26,1.053200565342327,,urn:mavedb:00001224-a-1,BRCA2 HDR VC-8 cells
BRCA2,BRCA2 p.Leu2792Pro,Likely pathogenic,reviewed by expert panel,52568,NM_000059.4(BRCA2):c.8375T>C (p.Leu2792Pro),"Dec 02, 2025",ClinVar,clinvar,clinvar_variant_summary,cohort,file,6.758e-06,1.0,147964.0,0.0,release-01-05-26,1.1040831314011257,,urn:mavedb:00001224-a-1,BRCA2 HDR VC-8 cells
BRCA2,BRCA2 p.Gly2793Arg,Pathogenic/Likely pathogenic,"criteria provided, multiple submitters, no conflicts",52569,NM_000059.4(BRCA2):c.8377G>A (p.Gly2793Arg),"Jan 19, 2026",ClinVar,clinvar,clinvar_variant_summary,cohort,file,8.443e-06,2.0,236878.0,9.67e-06,release-01-05-26,1.178807693797724,,urn:mavedb:00001224-a-1,BRCA2 HDR VC-8 cells
BRCA2,BRCA2 p.Ser2835Pro,Benign,reviewed by expert panel,52606,NM_000059.4(BRCA2):c.8503T>C (p.Ser2835Pro),"Jun 18, 2019",ClinVar,clinvar,clinvar_variant_summary,cohort,file,0.001944,282.0,147856.0,0.0054,release-01-05-26,5.0413555829416,,urn:mavedb:00001224-a-1,BRCA2 HDR VC-8 cells
BRCA2,BRCA2 p.Arg2842His,Benign,reviewed by expert panel,52611,NM_000059.4(BRCA2):c.8525G>A (p.Arg2842His),"Aug 10, 2015",ClinVar,clinvar,clinvar_variant_summary,cohort,file,6.34e-05,8.0,147812.0,0.0002647,release-01-05-26,,,,
BRCA2,BRCA2 p.Ser286Pro,Likely benign,"criteria provided, multiple submitters, no conflicts",52622,NM_000059.4(BRCA2):c.856T>C (p.Ser286Pro),"Dec 22, 2025",ClinVar,clinvar,clinvar_variant_summary,cohort,file,2.215e-05,2.0,147902.0,8e-06,release-01-05-26,,,,
BRCA2,BRCA2 p.Val2969Met,Benign,reviewed by expert panel,52697,NM_000059.4(BRCA2):c.8905G>A (p.Val2969Met),"Aug 10, 2015",ClinVar,clinvar,clinvar_variant_summary,cohort,file,0.0002934,26.0,147918.0,0.000382,release-01-05-26,3.011518664052475,,urn:mavedb:00001224-a-1,BRCA2 HDR VC-8 cells
BRCA2,BRCA2 p.Arg3052Trp,Pathogenic,reviewed by expert panel,52763,NM_000059.4(BRCA2):c.9154C>T (p.Arg3052Trp),"Aug 10, 2015",ClinVar,clinvar,clinvar_variant_summary,cohort,file,1.268e-05,3.0,236682.0,,release-01-05-26,0.9714117647724811,,urn:mavedb:00001224-a-1,BRCA2 HDR VC-8 cells
BRCA2,BRCA2 p.Lys3059Glu,Benign,reviewed by expert panel,52767,NM_000059.4(BRCA2):c.9175A>G (p.Lys3059Glu),"Jun 18, 2019",ClinVar,clinvar,clinvar_variant_summary,cohort,file,4.223e-06,1.0,236776.0,,release-01-05-26,4.274762614606207,,urn:mavedb:00001224-a-1,BRCA2 HDR VC-8 cells
BRCA2,BRCA2 p.Pro3063Ser,Benign/Likely benign,"criteria provided, multiple submitters, no conflicts",52770,NM_000059.4(BRCA2):c.9187C>T (p.Pro3063Ser),"Dec 21, 2025",ClinVar,clinvar,clinvar_variant_summary,cohort,file,3.802e-05,1.0,147886.0,4.517e-05,release-01-05-26,3.762857770289039,,urn:mavedb:00001224-a-1,BRCA2 HDR VC-8 cells
BRCA2,BRCA2 p.Trp31Arg,Likely pathogenic,"criteria provided, multiple submitters, no conflicts",52775,NM_000059.4(BRCA2):c.91T>C (p.Trp31Arg),"Nov 10, 2024",ClinVar,clinvar,clinvar_variant_summary,cohort,file,,,,,release-01-05-26,-0.112019,0.041106,urn:mavedb:00001263-a-1,Saturation Genome Editing of BRCA2
BRCA2,BRCA2 p.Gly3076Glu,Likely pathogenic,reviewed by expert panel,52780,NM_000059.4(BRCA2):c.9227G>A (p.Gly3076Glu),"Dec 02, 2025",ClinVar,clinvar,clinvar_variant_summary,cohort,file,4.229e-06,1.0,236450.0,,release-01-05-26,1.0409435221790455,,urn:mavedb:00001224-a-1,BRCA2 HDR VC-8 cells
BRCA2,BRCA2 p.Asp3095Glu,Pathogenic,"criteria provided, multiple submitters, no conflicts",52805,NM_000059.4(BRCA2):c.9285C>G (p.Asp3095Glu),"Feb 03, 2026",ClinVar,clinvar,clinvar_variant_summary,cohort,file,,,,,release-01-05-26,0.9480231256621984,,urn:mavedb:00001224-a-1,BRCA2 HDR VC-8 cells
BRCA2,BRCA2 p.Leu3125His,Likely pathogenic,reviewed by expert panel,52823,NM_000059.4(BRCA2):c.9374T>A (p.Leu3125His),"Jan 04, 2026",ClinVar,clinvar,clinvar_variant_summary,cohort,file,,,,,release-01-05-26,0.9592969585810958,,urn:mavedb:00001224-a-1,BRCA2 HDR VC-8 cells
BRCA2,BRCA2 p.Asp3170Gly,Benign,reviewed by expert panel,52861,NM_000059.4(BRCA2):c.9509A>G (p.Asp3170Gly),"Aug 10, 2015",ClinVar,clinvar,clinvar_variant_summary,cohort,file,6.759e-06,1.0,147958.0,0.0,release-01-05-26,4.727532636007325,,urn:mavedb:00001224-a-1,BRCA2 HDR VC-8 cells
BRCA2,BRCA2 p.Leu3180Phe,Benign,reviewed by expert panel,52865,NM_000059.4(BRCA2):c.9538C>T (p.Leu3180Phe),"Aug 18, 2025",ClinVar,clinvar,clinvar_variant_summary,cohort,file,3.8e-05,2.0,147936.0,0.000224,release-01-05-26,,,,
BRCA2,BRCA2 p.Ser326Arg,Benign,reviewed by expert panel,52898,NM_000059.4(BRCA2):c.978C>A (p.Ser326Arg),"Aug 10, 2015",ClinVar,clinvar,clinvar_variant_summary,cohort,file,0.001565,109.0,147696.0,0.00185,release-01-05-26,,,,
BRCA2,BRCA2 p.Pro3292Leu,Benign,reviewed by expert panel,52910,NM_000059.4(BRCA2):c.9875C>T (p.Pro3292Leu),"Jun 18, 2019",ClinVar,clinvar,clinvar_variant_summary,cohort,file,8.791e-05,13.0,147876.0,0.0002646,release-01-05-26,,,,
BRCA1,BRCA1 p.Pro334Leu,Benign,reviewed by expert panel,54099,NM_007294.4(BRCA1):c.1001C>T (p.Pro334Leu),"Aug 10, 2015",ClinVar,clinvar,clinvar_variant_summary,cohort,file,2.707e-05,4.0,147766.0,1.171e-05,release-01-05-26,,,,
BRCA1,BRCA1 p.Lys355Arg,Likely benign,"criteria provided, single submitter",54112,NM_007294.4(BRCA1):c.1064A>G (p.Lys355Arg),"Mar 23, 2023",ClinVar,clinvar,clinvar_variant_summary,cohort,file,,,,,release-01-05-26,,,,
BRCA1,BRCA1 p.Thr37Lys,Pathogenic,reviewed by expert panel,54131,NM_007294.4(BRCA1):c.110C>A (p.Thr37Lys),"Aug 10, 2015",ClinVar,clinvar,clinvar_variant_summary,cohort,file,,,,,release-01-05-26,,,,
BRCA1,BRCA1 p.Thr37Arg,Pathogenic/Likely pathogenic,"criteria provided, multiple submitters, no conflicts",54132,NM_007294.4(BRCA1):c.110C>G (p.Thr37Arg),"Jan 15, 2025",ClinVar,clinvar,clinvar_variant_summary,cohort,file,6.761e-06,1.0,147914.0,0.0,release-01-05-26,,,,
BRCA1,BRCA1 p.Asn376Ser,Likely benign,"criteria provided, single submitter",54139,NM_007294.4(BRCA1):c.1127A>G (p.Asn376Ser),"Mar 23, 2023",ClinVar,clinvar,clinvar_variant_summary,cohort,file,,,,,release-01-05-26,,,,
BRCA1,BRCA1 p.Ser377Asn,Likely benign,"criteria provided, single submitter",54142,NM_007294.4(BRCA1):c.1130G>A (p.Ser377Asn),"Mar 23, 2023",ClinVar,clinvar,clinvar_variant_summary,cohort,file,,,,,release-01-05-26,,,,
BRCA1,BRCA1 p.Ile379Met,Benign/Likely benign,"criteria provided, multiple submitters, no conflicts",54143,NM_007294.4(BRCA1):c.1137T>G (p.Ile379Met),"Feb 02, 2026",ClinVar,clinvar,clinvar_variant_summary,cohort,file,0.001656,221.0,147946.0,0.005092,release-01-05-26,,,,
BRCA1,BRCA1 p.Cys39Ser,Pathogenic/Likely pathogenic,"criteria provided, multiple submitters, no conflicts",54151,NM_007294.4(BRCA1):c.115T>A (p.Cys39Ser),"Dec 13, 2025",ClinVar,clinvar,clinvar_variant_summary,cohort,file,,,,,release-01-05-26,,,,
BRCA1,BRCA1 p.Cys39Arg,Pathogenic,reviewed by expert panel,54152,NM_007294.4(BRCA1):c.115T>C (p.Cys39Arg),"Aug 10, 2015",ClinVar,clinvar,clinvar_variant_summary,cohort,file,,,,,release-01-05-26,,,,
BRCA1,BRCA1 p.Cys39Gly,Pathogenic/Likely pathogenic,"criteria provided, multiple submitters, no conflicts",54153,NM_007294.4(BRCA1):c.115T>G (p.Cys39Gly),"Dec 29, 2025",ClinVar,clinvar,clinvar_variant_summary,cohort,file,,,,,release-01-05-26,,,,
BRCA1,BRCA1 p.Ser403Phe,Likely benign,"criteria provided, single submitter",54163,NM_007294.4(BRCA1):c.1208C>T (p.Ser403Phe),"Mar 23, 2023",ClinVar,clinvar,clinvar_variant_summary,cohort,file,,,,,release-01-05-26,,,,
BRCA1,BRCA1 p.His41Arg,Pathogenic,reviewed by expert panel,54166,NM_007294.4(BRCA1):c.122A>G (p.His41Arg),"Aug 10, 2015",ClinVar,clinvar,clinvar_variant_summary,cohort,file,,,,,release-01-05-26,,,,
BRCA1,BRCA1 p.Glu421Lys,Likely benign,"criteria provided, single submitter",54179,NM_007294.4(BRCA1):c.1261G>A (p.Glu421Lys),"Mar 23, 2023",ClinVar,clinvar,clinvar_variant_summary,cohort,file,,,,,release-01-05-26,,,,
BRCA1,BRCA1 p.Cys44Ser,Pathogenic,reviewed by expert panel,54191,NM_007294.4(BRCA1):c.130T>A (p.Cys44Ser),"Aug 10, 2015",ClinVar,clinvar,clinvar_variant_summary,cohort,file,,,,,release-01-05-26,,,,
BRCA1,BRCA1 p.Cys44Arg,Pathogenic,"criteria provided, single submitter",54192,NM_007294.4(BRCA1):c.130T>C (p.Cys44Arg),"Mar 06, 2019",ClinVar,clinvar,clinvar_variant_summary,cohort,file,,,,,release-01-05-26,,,,
BRCA1,BRCA1 p.Cys44Tyr,Pathogenic,reviewed by expert panel,54199,NM_007294.4(BRCA1):c.131G>A (p.Cys44Tyr),"Aug 10, 2015",ClinVar,clinvar,clinvar_variant_summary,cohort,file,,,,,release-01-05-26,,,,
BRCA1,BRCA1 p.Cys44Phe,Pathogenic,reviewed by expert panel,54200,NM_007294.4(BRCA1):c.131G>T (p.Cys44Phe),"Jun 18, 2019",ClinVar,clinvar,clinvar_variant_summary,cohort,file,,,,,release-01-05-26,,,,
BRCA1,BRCA1 p.Phe461Leu,Benign,reviewed by expert panel,54228,NM_007294.4(BRCA1):c.1383T>A (p.Phe461Leu),"Jun 18, 2019",ClinVar,clinvar,clinvar_variant_summary,cohort,file,3.184e-05,1.0,147944.0,0.0,release-01-05-26,,,,
BRCA1,BRCA1 p.Tyr465Asp,Likely benign,"criteria provided, single submitter",54239,NM_007294.4(BRCA1):c.1393T>G (p.Tyr465Asp),"Mar 23, 2023",ClinVar,clinvar,clinvar_variant_summary,cohort,file,,,,,release-01-05-26,,,,
BRCA1,BRCA1 p.Cys47Gly,Likely pathogenic,"criteria provided, single submitter",54242,NM_007294.4(BRCA1):c.139T>G (p.Cys47Gly),"May 13, 2016",ClinVar,clinvar,clinvar_variant_summary,cohort,file,,,,,release-01-05-26,,,,
BRCA1,BRCA1 p.Cys47Tyr,Pathogenic,reviewed by expert panel,54246,NM_007294.4(BRCA1):c.140G>A (p.Cys47Tyr),"Jun 18, 2019",ClinVar,clinvar,clinvar_variant_summary,cohort,file,,,,,release-01-05-26,,,,
BRCA1,BRCA1 p.Cys47Phe,Pathogenic/Likely pathogenic,"criteria provided, multiple submitters, no conflicts",54247,NM_007294.4(BRCA1):c.140G>T (p.Cys47Phe),"Mar 04, 2025",ClinVar,clinvar,clinvar_variant_summary,cohort,file,,,,,release-01-05-26,,,,
BRCA1,BRCA1 p.Asn473Ser,Benign,reviewed by expert panel,54248,NM_007294.4(BRCA1):c.1418A>G (p.Asn473Ser),"Aug 10, 2015",ClinVar,clinvar,clinvar_variant_summary,cohort,file,3.184e-05,2.0,147944.0,1.085e-05,release-01-05-26,,,,
BRCA1,BRCA1 p.Asn473Ile,Benign,reviewed by expert panel,54249,NM_007294.4(BRCA1):c.1418A>T (p.Asn473Ile),"Jun 18, 2019",ClinVar,clinvar,clinvar_variant_summary,cohort,file,6.368e-05,2.0,147944.0,4.077e-05,release-01-05-26,,,,
BRCA1,BRCA1 p.His476Arg,Benign/Likely benign,"criteria provided, multiple submitters, no conflicts",54251,NM_007294.4(BRCA1):c.1427A>G (p.His476Arg),"Jan 31, 2026",ClinVar,clinvar,clinvar_variant_summary,cohort,file,0.001051,95.0,147956.0,0.002673,release-01-05-26,,,,
BRCA1,BRCA1 p.Phe486Leu,Benign,reviewed by expert panel,54258,NM_007294.4(BRCA1):c.1456T>C (p.Phe486Leu),"Aug 10, 2015",ClinVar,clinvar,clinvar_variant_summary,cohort,file,,,,,release-01-05-26,,,,
BRCA1,BRCA1 p.Phe486Leu,Benign/Likely benign,"criteria provided, multiple submitters, no conflicts",54259,NM_007294.4(BRCA1):c.1458T>A (p.Phe486Leu),"Sep 09, 2019",ClinVar,clinvar,clinvar_variant_summary,cohort,file,,,,,release-01-05-26,,,,
BRCA1,BRCA1 p.Phe486Leu,Likely benign,"criteria provided, single submitter",54260,NM_007294.4(BRCA1):c.1458T>G (p.Phe486Leu),"Mar 23, 2023",ClinVar,clinvar,clinvar_variant_summary,cohort,file,,,,,release-01-05-26,,,,
BRCA1,BRCA1 p.Arg504His,Benign,reviewed by expert panel,54278,NM_007294.4(BRCA1):c.1511G>A (p.Arg504His),"Aug 10, 2015",ClinVar,clinvar,clinvar_variant_summary,cohort,file,7.187e-05,7.0,147864.0,0.0001371,release-01-05-26,,,,
BRCA1,BRCA1 p.Asp522Asn,Likely benign,"criteria provided, single submitter",54293,NM_007294.4(BRCA1):c.1564G>A (p.Asp522Asn),"Mar 23, 2023",ClinVar,clinvar,clinvar_variant_summary,cohort,file,,,,,release-01-05-26,,,,
BRCA1,BRCA1 p.Thr539Met,Benign,reviewed by expert panel,54310,NM_007294.4(BRCA1):c.1616C>T (p.Thr539Met),"Jun 18, 2019",ClinVar,clinvar,clinvar_variant_summary,cohort,file,6.769e-05,5.0,147802.0,0.0002515,release-01-05-26,,,,
BRCA1,BRCA1 p.Gly552Val,Likely benign,"criteria provided, single submitter",54319,NM_007294.4(BRCA1):c.1655G>T (p.Gly552Val),"Mar 23, 2023",ClinVar,clinvar,clinvar_variant_summary,cohort,file,,,,,release-01-05-26,,,,
BRCA1,BRCA1 p.Pro568Leu,Benign,reviewed by expert panel,54329,NM_007294.4(BRCA1):c.1703C>T (p.Pro568Leu),"Jun 18, 2019",ClinVar,clinvar,clinvar_variant_summary,cohort,file,1.353e-05,2.0,147814.0,0.0,release-01-05-26,,,,
BRCA1,BRCA1 p.Thr582Ala,Likely benign,"criteria provided, single submitter",54340,NM_007294.4(BRCA1):c.1744A>G (p.Thr582Ala),"Mar 23, 2023",ClinVar,clinvar,clinvar_variant_summary,cohort,file,,,,,release-01-05-26,,,,
BRCA1,BRCA1 p.Ile600Met,Likely benign,"criteria provided, single submitter",54354,NM_007294.4(BRCA1):c.1800C>G (p.Ile600Met),"Mar 23, 2023",ClinVar,clinvar,clinvar_variant_summary,cohort,file,,,,,release-01-05-26,,,,
BRCA1,BRCA1 p.Cys61Ser,Pathogenic,"criteria provided, multiple submitters, no conflicts",54359,NM_007294.4(BRCA1):c.181T>A (p.Cys61Ser),"Apr 02, 2020",ClinVar,clinvar,clinvar_variant_summary,cohort,file,,,,,release-01-05-26,,,,
BRCA1,BRCA1 p.Cys61Arg,Pathogenic/Likely pathogenic,"criteria provided, multiple submitters, no conflicts",54360,NM_007294.4(BRCA1):c.181T>C (p.Cys61Arg),"Jun 07, 2025",ClinVar,clinvar,clinvar_variant_summary,cohort,file,,,,,release-01-05-26,,,,
BRCA1,BRCA1 p.Cys61Tyr,Pathogenic,"criteria provided, multiple submitters, no conflicts",54364,NM_007294.4(BRCA1):c.182G>A (p.Cys61Tyr),"Aug 14, 2025",ClinVar,clinvar,clinvar_variant_summary,cohort,file,,,,,release-01-05-26,,,,
BRCA1,BRCA1 p.Arg612Gly,Benign,reviewed by expert panel,54367,NM_007294.4(BRCA1):c.1834A>G (p.Arg612Gly),"Jun 18, 2019",ClinVar,clinvar,clinvar_variant_summary,cohort,file,6.757e-06,1.0,147988.0,7.282e-05,release-01-05-26,,,,
BRCA1,BRCA1 p.Ala622Val,Benign,reviewed by expert panel,54371,NM_007294.4(BRCA1):c.1865C>T (p.Ala622Val),"Aug 10, 2015",ClinVar,clinvar,clinvar_variant_summary,cohort,file,9.557e-05,10.0,147870.0,7.909e-05,release-01-05-26,,,,
BRCA1,BRCA1 p.Pro633Thr,Likely benign,"criteria provided, single submitter",54386,NM_007294.4(BRCA1):c.1897C>A (p.Pro633Thr),"Mar 23, 2023",ClinVar,clinvar,clinvar_variant_summary,cohort,file,,,,,release-01-05-26,,,,
BRCA1,BRCA1 p.Pro634Arg,Likely benign,"criteria provided, single submitter",54392,NM_007294.4(BRCA1):c.1901C>G (p.Pro634Arg),"Mar 23, 2023",ClinVar,clinvar,clinvar_variant_summary,cohort,file,,,,,release-01-05-26,,,,
BRCA1,BRCA1 p.Cys64Arg,Pathogenic,"criteria provided, multiple submitters, no conflicts",54394,NM_007294.4(BRCA1):c.190T>C (p.Cys64Arg),"Sep 11, 2025",ClinVar,clinvar,clinvar_variant_summary,cohort,file,,,,,release-01-05-26,,,,
BRCA1,BRCA1 p.Cys64Tyr,Pathogenic,reviewed by expert panel,54400,NM_007294.4(BRCA1):c.191G>A (p.Cys64Tyr),"Jun 11, 2024",ClinVar,clinvar,clinvar_variant_summary,cohort,file,,,,,release-01-05-26,,,,
BRCA1,BRCA1 p.Asp642His,Benign,reviewed by expert panel,54401,NM_007294.4(BRCA1):c.1924G>C (p.Asp642His),"Aug 10, 2015",ClinVar,clinvar,clinvar_variant_summary,cohort,file,6.762e-06,1.0,147882.0,0.0,release-01-05-26,,,,
BRCA1,BRCA1 p.Ser643Gly,Benign,reviewed by expert panel,54402,NM_007294.4(BRCA1):c.1927A>G (p.Ser643Gly),"Jun 18, 2019",ClinVar,clinvar,clinvar_variant_summary,cohort,file,,,,,release-01-05-26,,,,
BRCA1,BRCA1 p.Cys644Trp,Likely benign,"criteria provided, single submitter",54403,NM_007294.4(BRCA1):c.1932T>G (p.Cys644Trp),"Mar 23, 2023",ClinVar,clinvar,clinvar_variant_summary,cohort,file,,,,,release-01-05-26,,,,
BRCA1,BRCA1 p.Lys654Glu,Likely benign,"criteria provided, single submitter",54415,NM_007294.4(BRCA1):c.1960A>G (p.Lys654Glu),"Mar 23, 2023",ClinVar,clinvar,clinvar_variant_summary,cohort,file,,,,,release-01-05-26,,,,
BRCA1,BRCA1 p.Tyr655Asp,Likely benign,"criteria provided, single submitter",54418,NM_007294.4(BRCA1):c.1963T>G (p.Tyr655Asp),"Mar 23, 2023",ClinVar,clinvar,clinvar_variant_summary,cohort,file,,,,,release-01-05-26,,,,
BRCA1,BRCA1 p.Asp67Tyr,Benign,reviewed by expert panel,54431,NM_007294.4(BRCA1):c.199G>T (p.Asp67Tyr),"Aug 10, 2015",ClinVar,clinvar,clinvar_variant_summary,cohort,file,7.206e-05,9.0,147944.0,8.972e-05,release-01-05-26,,,,
BRCA1,BRCA1 p.Met1Val,Pathogenic/Likely pathogenic,"criteria provided, multiple submitters, no conflicts",54432,NM_007294.4(BRCA1):c.1A>G (p.Met1Val),"Nov 09, 2025",ClinVar,clinvar,clinvar_variant_summary,cohort,file,,,,,,,,,
BRCA1,BRCA1 p.Asp695Tyr,Benign,reviewed by expert panel,54456,NM_007294.4(BRCA1):c.2083G>T (p.Asp695Tyr),"Jun 18, 2019",ClinVar,clinvar,clinvar_variant_summary,cohort,file,4.649e-05,2.0,147908.0,3.133e-05,release-01-05-26,,,,
BRCA1,BRCA1 p.Arg71Lys,Pathogenic,"criteria provided, multiple submitters, no conflicts",54471,NM_007294.4(BRCA1):c.212G>A (p.Arg71Lys),"Apr 14, 2025",ClinVar,clinvar,clinvar_variant_summary,cohort,file,,,,,release-01-05-26,,,,
BRCA1,BRCA1 p.Pro727Leu,Benign,reviewed by expert panel,54486,NM_007294.4(BRCA1):c.2180C>T (p.Pro727Leu),"Jun 18, 2019",ClinVar,clinvar,clinvar_variant_summary,cohort,file,1.271e-05,3.0,235944.0,7.79e-06,release-01-05-26,,,,
BRCA1,BRCA1 p.Arg762Ser,Benign,reviewed by expert panel,54522,NM_007294.4(BRCA1):c.2286A>T (p.Arg762Ser),"Jun 18, 2019",ClinVar,clinvar,clinvar_variant_summary,cohort,file,0.0001395,8.0,147960.0,0.00122,release-01-05-26,,,,
BRCA1,BRCA1 p.Ile783Val,Benign/Likely benign,"criteria provided, multiple submitters, no conflicts",54541,NM_007294.4(BRCA1):c.2347A>G (p.Ile783Val),"Jan 19, 2026",ClinVar,clinvar,clinvar_variant_summary,cohort,file,7.621e-05,1.0,147936.0,0.000657,release-01-05-26,,,,
BRCA1,BRCA1 p.Gln804His,Benign,reviewed by expert panel,54561,NM_007294.4(BRCA1):c.2412G>C (p.Gln804His),"Aug 10, 2015",ClinVar,clinvar,clinvar_variant_summary,cohort,file,0.0001274,9.0,147922.0,5.959e-05,release-01-05-26,,,,
BRCA1,BRCA1 p.Cys805Arg,Likely benign,"criteria provided, single submitter",54562,NM_007294.4(BRCA1):c.2413T>C (p.Cys805Arg),"Mar 23, 2023",ClinVar,clinvar,clinvar_variant_summary,cohort,file,,,,,release-01-05-26,,,,
BRCA1,BRCA1 p.Asn810Tyr,Benign,reviewed by expert panel,54567,NM_007294.4(BRCA1):c.2428A>T (p.Asn810Tyr),"Aug 10, 2015",ClinVar,clinvar,clinvar_variant_summary,cohort,file,6.78e-05,10.0,147908.0,5.96e-05,release-01-05-26,,,,
BRCA1,BRCA1 p.Asp825Val,Likely benign,"criteria provided, single submitter",54576,NM_007294.4(BRCA1):c.2474A>T (p.Asp825Val),"Mar 23, 2023",ClinVar,clinvar,clinvar_variant_summary,cohort,file,,,,,release-01-05-26,,,,
BRCA1,BRCA1 p.Arg841Gln,Benign/Likely benign,"criteria provided, multiple submitters, no conflicts",54591,NM_007294.4(BRCA1):c.2522G>A (p.Arg841Gln),"Jan 18, 2026",ClinVar,clinvar,clinvar_variant_summary,cohort,file,6.37e-05,9.0,147906.0,4.764e-05,release-01-05-26,,,,
BRCA1,BRCA1 p.Tyr856His,Benign,reviewed by expert panel,54604,NM_007294.4(BRCA1):c.2566T>C (p.Tyr856His),"Aug 10, 2015",ClinVar,clinvar,clinvar_variant_summary,cohort,file,0.00173,88.0,147976.0,0.0205,release-01-05-26,,,,
BRCA1,BRCA1 p.Arg866His,Benign,reviewed by expert panel,54613,NM_007294.4(BRCA1):c.2597G>A (p.Arg866His),"Jun 18, 2019",ClinVar,clinvar,clinvar_variant_summary,cohort,file,3.185e-05,2.0,147936.0,3.24e-06,release-01-05-26,,,,
BRCA1,BRCA1 p.Glu879Lys,Likely benign,"criteria provided, single submitter",54624,NM_007294.4(BRCA1):c.2635G>A (p.Glu879Lys),"Mar 23, 2023",ClinVar,clinvar,clinvar_variant_summary,cohort,file,,,,,release-01-05-26,,,,
BRCA1,BRCA1 p.Leu892Ser,Likely benign,"criteria provided, single submitter",54638,NM_007294.4(BRCA1):c.2675T>C (p.Leu892Ser),"Mar 23, 2023",ClinVar,clinvar,clinvar_variant_summary,cohort,file,,,,,release-01-05-26,,,,
BRCA1,BRCA1 p.Asp96Asn,Likely pathogenic,reviewed by expert panel,54704,NM_007294.4(BRCA1):c.286G>A (p.Asp96Asn),"Jan 04, 2026",ClinVar,clinvar,clinvar_variant_summary,cohort,file,,,,,release-01-05-26,,,,
BRCA1,BRCA1 p.Gly960Asp,Likely benign,"criteria provided, single submitter",54708,NM_007294.4(BRCA1):c.2879G>A (p.Gly960Asp),"Mar 23, 2023",ClinVar,clinvar,clinvar_variant_summary,cohort,file,,,,,release-01-05-26,,,,
BRCA1,BRCA1 p.Glu962Lys,Benign,reviewed by expert panel,54709,NM_007294.4(BRCA1):c.2884G>A (p.Glu962Lys),"Jun 18, 2019",ClinVar,clinvar,clinvar_variant_summary,cohort,file,6.373e-05,6.0,147834.0,3.98e-05,release-01-05-26,,,,
BRCA1,BRCA1 p.Thr967Ser,Likely benign,"criteria provided, single submitter",54711,NM_007294.4(BRCA1):c.2899A>T (p.Thr967Ser),"Mar 23, 2023",ClinVar,clinvar,clinvar_variant_summary,cohort,file,,,,,release-01-05-26,,,,
BRCA1,BRCA1 p.His971Asn,Likely benign,"criteria provided, single submitter",54714,NM_007294.4(BRCA1):c.2911C>A (p.His971Asn),"Mar 23, 2023",ClinVar,clinvar,clinvar_variant_summary,cohort,file,,,,,release-01-05-26,,,,
BRCA1,BRCA1 p.Arg979Cys,Likely benign,"criteria provided, multiple submitters, no conflicts",54727,NM_007294.4(BRCA1):c.2935C>T (p.Arg979Cys),"Jan 13, 2026",ClinVar,clinvar,clinvar_variant_summary,cohort,file,2.536e-05,3.0,147804.0,1.311e-05,release-01-05-26,,,,
BRCA1,BRCA1 p.Met1Thr,Pathogenic,"criteria provided, multiple submitters, no conflicts",54745,NM_007294.4(BRCA1):c.2T>C (p.Met1Thr),"Sep 24, 2025",ClinVar,clinvar,clinvar_variant_summary,cohort,file,,,,,,,,,
BRCA1,BRCA1 p.Met1Arg,Pathogenic,"criteria provided, multiple submitters, no conflicts",54746,NM_007294.4(BRCA1):c.2T>G (p.Met1Arg),"Apr 29, 2021",ClinVar,clinvar,clinvar_variant_summary,cohort,file,,,,,,,,,
BRCA1,BRCA1 p.Met1008Val,Benign,reviewed by expert panel,54755,NM_007294.4(BRCA1):c.3022A>G (p.Met1008Val),"Aug 10, 2015",ClinVar,clinvar,clinvar_variant_summary,cohort,file,0.0008922,132.0,147956.0,0.002675,release-01-05-26,,,,
BRCA1,BRCA1 p.Ser1024Arg,Likely benign,"criteria provided, single submitter",54765,NM_007294.4(BRCA1):c.3072C>G (p.Ser1024Arg),"Mar 23, 2023",ClinVar,clinvar,clinvar_variant_summary,cohort,file,,,,,release-01-05-26,,,,
BRCA1,BRCA1 p.Val1047Ala,Likely benign,"criteria provided, single submitter",54775,NM_007294.4(BRCA1):c.3140T>C (p.Val1047Ala),"Mar 23, 2023",ClinVar,clinvar,clinvar_variant_summary,cohort,file,,,,,release-01-05-26,,,,
BRCA1,BRCA1 p.Gly1048Val,Benign,reviewed by expert panel,54777,NM_007294.4(BRCA1):c.3143G>T (p.Gly1048Val),"Jun 18, 2019",ClinVar,clinvar,clinvar_variant_summary,cohort,file,4.229e-06,1.0,236468.0,,release-01-05-26,,,,
BRCA1,BRCA1 p.Tyr105Cys,Benign,reviewed by expert panel,54780,NM_007294.4(BRCA1):c.314A>G (p.Tyr105Cys),"Aug 10, 2015",ClinVar,clinvar,clinvar_variant_summary,cohort,file,8.458e-05,11.0,147954.0,8.956e-05,release-01-05-26,,,,
BRCA1,BRCA1 p.Arg1076Ser,Likely benign,"criteria provided, single submitter",54803,NM_007294.4(BRCA1):c.3228A>T (p.Arg1076Ser),"Mar 23, 2023",ClinVar,clinvar,clinvar_variant_summary,cohort,file,,,,,release-01-05-26,,,,
BRCA1,BRCA1 p.Ser1101Asn,Benign,reviewed by expert panel,54830,NM_007294.4(BRCA1):c.3302G>A (p.Ser1101Asn),"Aug 10, 2015",ClinVar,clinvar,clinvar_variant_summary,cohort,file,0.0005681,84.0,147856.0,0.0001587,release-01-05-26,,,,
BRCA1,BRCA1 p.Ser1139Ile,Benign,reviewed by expert panel,54873,NM_007294.4(BRCA1):c.3416G>T (p.Ser1139Ile),"Jun 18, 2019",ClinVar,clinvar,clinvar_variant_summary,cohort,file,1.268e-05,3.0,236544.0,7.77e-06,release-01-05-26,,,,
BRCA1,BRCA1 p.Gln1144His,Likely benign,"criteria provided, single submitter",54884,NM_007294.4(BRCA1):c.3432G>T (p.Gln1144His),"Mar 23, 2023",ClinVar,clinvar,clinvar_variant_summary,cohort,file,,,,,release-01-05-26,,,,
BRCA1,BRCA1 p.Pro1150Ser,Benign,reviewed by expert panel,54887,NM_007294.4(BRCA1):c.3448C>T (p.Pro1150Ser),"Jun 18, 2019",ClinVar,clinvar,clinvar_variant_summary,cohort,file,9.294e-05,6.0,147898.0,0.0008418,release-01-05-26,,,,
BRCA1,BRCA1 p.Asp1155His,Benign,reviewed by expert panel,54891,NM_007294.4(BRCA1):c.3463G>C (p.Asp1155His),"Aug 10, 2015",ClinVar,clinvar,clinvar_variant_summary,cohort,file,4.224e-06,1.0,236750.0,,release-01-05-26,,,,
BRCA1,BRCA1 p.Val1176Asp,Likely benign,"criteria provided, single submitter",54908,NM_007294.4(BRCA1):c.3527T>A (p.Val1176Asp),"Mar 23, 2023",ClinVar,clinvar,clinvar_variant_summary,cohort,file,,,,,release-01-05-26,,,,
BRCA1,BRCA1 p.Val1181Ile,Benign,reviewed by expert panel,54911,NM_007294.4(BRCA1):c.3541G>A (p.Val1181Ile),"Jun 18, 2019",ClinVar,clinvar,clinvar_variant_summary,cohort,file,8.028e-05,2.0,147900.0,0.0002767,release-01-05-26,,,,
BRCA1,BRCA1 p.Val1181Ala,Likely benign,"criteria provided, single submitter",54912,NM_007294.4(BRCA1):c.3542T>C (p.Val1181Ala),"Mar 23, 2023",ClinVar,clinvar,clinvar_variant_summary,cohort,file,,,,,release-01-05-26,,,,
BRCA1,BRCA1 p.Gln1200His,Benign/Likely benign,"criteria provided, multiple submitters, no conflicts",54930,NM_007294.4(BRCA1):c.3600G>C (p.Gln1200His),"Feb 02, 2026",ClinVar,clinvar,clinvar_variant_summary,cohort,file,0.0001274,13.0,147958.0,0.0004596,release-01-05-26,,,,
BRCA1,BRCA1 p.Gln1200His,Benign,reviewed by expert panel,54931,NM_007294.4(BRCA1):c.3600G>T (p.Gln1200His),"Jun 18, 2019",ClinVar,clinvar,clinvar_variant_summary,cohort,file,0.0001274,13.0,147958.0,0.0004596,release-01-05-26,,,,
BRCA1,BRCA1 p.Gly1201Ser,Benign/Likely benign,"criteria provided, multiple submitters, no conflicts",54932,NM_007294.4(BRCA1):c.3601G>A (p.Gly1201Ser),"Jan 20, 2026",ClinVar,clinvar,clinvar_variant_summary,cohort,file,6.76e-06,1.0,147928.0,0.0,release-01-05-26,,,,
BRCA1,BRCA1 p.Arg1203Gln,Benign,reviewed by expert panel,54935,NM_007294.4(BRCA1):c.3608G>A (p.Arg1203Gln),"Aug 10, 2015",ClinVar,clinvar,clinvar_variant_summary,cohort,file,0.0002228,9.0,147954.0,0.0001687,release-01-05-26,,,,
BRCA1,BRCA1 p.Gly1205Arg,Likely benign,"criteria provided, single submitter",54937,NM_007294.4(BRCA1):c.3613G>C (p.Gly1205Arg),"Mar 23, 2023",ClinVar,clinvar,clinvar_variant_summary,cohort,file,,,,,release-01-05-26,,,,
BRCA1,BRCA1 p.Glu1214Lys,Benign,reviewed by expert panel,54948,NM_007294.4(BRCA1):c.3640G>A (p.Glu1214Lys),"Aug 10, 2015",ClinVar,clinvar,clinvar_variant_summary,cohort,file,9.292e-05,9.0,147940.0,0.0001795,release-01-05-26,,,,
BRCA1,BRCA1 p.Ser1218Cys,Likely benign,"criteria provided, single submitter",54955,NM_007294.4(BRCA1):c.3652A>T (p.Ser1218Cys),"Mar 23, 2023",ClinVar,clinvar,clinvar_variant_summary,cohort,file,,,,,release-01-05-26,,,,
BRCA1,BRCA1 p.Lys1233Arg,Likely benign,"criteria provided, single submitter",54964,NM_007294.4(BRCA1):c.3698A>G (p.Lys1233Arg),"Mar 23, 2023",ClinVar,clinvar,clinvar_variant_summary,cohort,file,,,,,release-01-05-26,,,,
BRCA1,BRCA1 p.Asn1236Lys,Benign,reviewed by expert panel,54970,NM_007294.4(BRCA1):c.3708T>G (p.Asn1236Lys),"Jun 18, 2019",ClinVar,clinvar,clinvar_variant_summary,cohort,file,0.0003177,47.0,147918.0,0.0003422,release-01-05-26,,,,
BRCA1,BRCA1 p.Ile124Val,Benign,reviewed by expert panel,54971,NM_007294.4(BRCA1):c.370A>G (p.Ile124Val),"Aug 10, 2015",ClinVar,clinvar,clinvar_variant_summary,cohort,file,6.758e-06,1.0,147978.0,0.0,release-01-05-26,0.0713701610595133,0.0933219413612823,urn:mavedb:00000003-b-2,BRCA1 Y2H
BRCA1,BRCA1 p.Ser1241Cys,Likely benign,"criteria provided, single submitter",54980,NM_007294.4(BRCA1):c.3722C>G (p.Ser1241Cys),"Mar 23, 2023",ClinVar,clinvar,clinvar_variant_summary,cohort,file,,,,,release-01-05-26,,,,
BRCA1,BRCA1 p.Thr1242Ala,Benign,reviewed by expert panel,54982,NM_007294.4(BRCA1):c.3724A>G (p.Thr1242Ala),"Jun 18, 2019",ClinVar,clinvar,clinvar_variant_summary,cohort,file,4.224e-06,1.0,236734.0,,release-01-05-26,,,,
BRCA1,BRCA1 p.Val1247Ile,Benign,reviewed by expert panel,54985,NM_007294.4(BRCA1):c.3739G>A (p.Val1247Ile),"Aug 10, 2015",ClinVar,clinvar,clinvar_variant_summary,cohort,file,8.788e-05,13.0,147934.0,0.0006317,release-01-05-26,,,,
BRCA1,BRCA1 p.Glu1250Lys,Benign,reviewed by expert panel,54987,NM_007294.4(BRCA1):c.3748G>A (p.Glu1250Lys),"Aug 10, 2015",ClinVar,clinvar,clinvar_variant_summary,cohort,file,0.0001986,21.0,147942.0,0.0003192,release-01-05-26,,,,
BRCA1,BRCA1 p.Ser1253Tyr,Likely benign,"criteria provided, single submitter",54990,NM_007294.4(BRCA1):c.3758C>A (p.Ser1253Tyr),"Mar 23, 2023",ClinVar,clinvar,clinvar_variant_summary,cohort,file,,,,,release-01-05-26,,,,
BRCA1,BRCA1 p.Ser1266Thr,Benign,reviewed by expert panel,55009,NM_007294.4(BRCA1):c.3797G>C (p.Ser1266Thr),"Aug 10, 2015",ClinVar,clinvar,clinvar_variant_summary,cohort,file,1.352e-05,2.0,147952.0,4.88e-06,release-01-05-26,,,,
BRCA1,BRCA1 p.Ala1277Pro,Likely benign,"criteria provided, single submitter",55019,NM_007294.4(BRCA1):c.3829G>C (p.Ala1277Pro),"Mar 23, 2023",ClinVar,clinvar,clinvar_variant_summary,cohort,file,,,,,release-01-05-26,,,,
BRCA1,BRCA1 p.His1283Arg,Likely benign,"criteria provided, multiple submitters, no conflicts",55028,NM_007294.4(BRCA1):c.3848A>G (p.His1283Arg),"Jan 31, 2026",ClinVar,clinvar,clinvar_variant_summary,cohort,file,6.366e-05,2.0,148010.0,2.239e-05,release-01-05-26,,,,
BRCA1,BRCA1 p.His1284Arg,Likely benign,"criteria provided, single submitter",55029,NM_007294.4(BRCA1):c.3851A>G (p.His1284Arg),"Mar 23, 2023",ClinVar,clinvar,clinvar_variant_summary,cohort,file,,,,,release-01-05-26,,,,
BRCA1,BRCA1 p.Asn132Lys,Benign,reviewed by expert panel,55064,NM_007294.4(BRCA1):c.396C>A (p.Asn132Lys),"Aug 10, 2015",ClinVar,clinvar,clinvar_variant_summary,cohort,file,3.799e-05,4.0,147894.0,4.512e-05,release-01-05-26,,,,
BRCA1,BRCA1 p.Arg133Cys,Benign,reviewed by expert panel,55067,NM_007294.4(BRCA1):c.397C>T (p.Arg133Cys),"Jun 18, 2019",ClinVar,clinvar,clinvar_variant_summary,cohort,file,3.195e-05,1.0,147804.0,3.23e-06,release-01-05-26,,,,
BRCA1,BRCA1 p.Met1Ile,Pathogenic,reviewed by expert panel,55072,NM_007294.4(BRCA1):c.3G>T (p.Met1Ile),"Jun 18, 2019",ClinVar,clinvar,clinvar_variant_summary,cohort,file,,,,,,,,,
BRCA1,BRCA1 p.Asp1337Glu,Likely benign,"criteria provided, single submitter",55075,NM_007294.4(BRCA1):c.4011C>G (p.Asp1337Glu),"Mar 23, 2023",ClinVar,clinvar,clinvar_variant_summary,cohort,file,,,,,release-01-05-26,,,,
BRCA1,BRCA1 p.Thr1349Met,Benign,reviewed by expert panel,55085,NM_007294.4(BRCA1):c.4046C>T (p.Thr1349Met),"Aug 10, 2015",ClinVar,clinvar,clinvar_variant_summary,cohort,file,9.555e-05,9.0,147846.0,0.0001128,release-01-05-26,,,,
BRCA1,BRCA1 p.Met1361Leu,Benign,reviewed by expert panel,55099,NM_007294.4(BRCA1):c.4081A>C (p.Met1361Leu),"Aug 10, 2015",ClinVar,clinvar,clinvar_variant_summary,cohort,file,,,,,release-01-05-26,,,,
BRCA1,BRCA1 p.Val1378Ile,Benign,reviewed by expert panel,55111,NM_007294.4(BRCA1):c.4132G>A (p.Val1378Ile),"Jun 18, 2019",ClinVar,clinvar,clinvar_variant_summary,cohort,file,0.0004057,60.0,147882.0,0.002957,release-01-05-26,,,,
BRCA1,BRCA1 p.His1402Tyr,Benign,reviewed by expert panel,55140,NM_007294.4(BRCA1):c.4204C>T (p.His1402Tyr),"Aug 10, 2015",ClinVar,clinvar,clinvar_variant_summary,cohort,file,1.352e-05,2.0,147900.0,4.88e-06,release-01-05-26,,,,
BRCA1,BRCA1 p.Met1411Thr,Likely pathogenic,"criteria provided, multiple submitters, no conflicts",55147,NM_007294.4(BRCA1):c.4232T>C (p.Met1411Thr),"Sep 12, 2025",ClinVar,clinvar,clinvar_variant_summary,cohort,file,,,,,release-01-05-26,,,,
BRCA1,BRCA1 p.Glu1419Gln,Benign,reviewed by expert panel,55154,NM_007294.4(BRCA1):c.4255G>C (p.Glu1419Gln),"Aug 10, 2015",ClinVar,clinvar,clinvar_variant_summary,cohort,file,,,,,release-01-05-26,,,,
BRCA1,BRCA1 p.Ile1432Leu,Likely benign,"criteria provided, single submitter",55163,NM_007294.4(BRCA1):c.4294A>C (p.Ile1432Leu),"Aug 30, 2018",ClinVar,clinvar,clinvar_variant_summary,cohort,file,,,,,release-01-05-26,,,,
BRCA1,BRCA1 p.Asn1468His,Benign,reviewed by expert panel,55193,NM_007294.4(BRCA1):c.4402A>C (p.Asn1468His),"Aug 10, 2015",ClinVar,clinvar,clinvar_variant_summary,cohort,file,6.369e-05,4.0,147908.0,2.24e-05,release-01-05-26,,,,
BRCA1,BRCA1 p.Val1534Met,Benign,reviewed by expert panel,55235,NM_007294.4(BRCA1):c.4600G>A (p.Val1534Met),"Aug 10, 2015",ClinVar,clinvar,clinvar_variant_summary,cohort,file,0.001687,203.0,147942.0,0.004571,release-01-05-26,,,,
BRCA1,BRCA1 p.Asp1546Asn,Benign,reviewed by expert panel,55245,NM_007294.4(BRCA1):c.4636G>A (p.Asp1546Asn),"Aug 10, 2015",ClinVar,clinvar,clinvar_variant_summary,cohort,file,0.0001478,16.0,147916.0,0.0001068,release-01-05-26,,,,
BRCA1,BRCA1 p.Asp1546Tyr,Benign,reviewed by expert panel,55246,NM_007294.4(BRCA1):c.4636G>T (p.Asp1546Tyr),"Aug 10, 2015",ClinVar,clinvar,clinvar_variant_summary,cohort,file,1.267e-05,1.0,147916.0,7.77e-06,release-01-05-26,,,,
BRCA1,BRCA1 p.Gln155Glu,Benign,reviewed by expert panel,55247,NM_007294.4(BRCA1):c.463C>G (p.Gln155Glu),"Aug 10, 2015",ClinVar,clinvar,clinvar_variant_summary,cohort,file,8.442e-06,2.0,236900.0,3.23e-06,release-01-05-26,,,,
BRCA1,BRCA1 p.Thr1561Ile,Benign/Likely benign,"criteria provided, multiple submitters, no conflicts",55259,NM_007294.4(BRCA1):c.4682C>T (p.Thr1561Ile),"Feb 03, 2026",ClinVar,clinvar,clinvar_variant_summary,cohort,file,0.001379,204.0,147958.0,0.003893,release-01-05-26,,,,
BRCA1,BRCA1 p.Leu1564Pro,Benign,reviewed by expert panel,55262,NM_007294.4(BRCA1):c.4691T>C (p.Leu1564Pro),"Aug 10, 2015",ClinVar,clinvar,clinvar_variant_summary,cohort,file,0.0006367,82.0,147962.0,0.001745,release-01-05-26,,,,
BRCA1,BRCA1 p.Ser1577Pro,Benign/Likely benign,"criteria provided, multiple submitters, no conflicts",55272,NM_007294.4(BRCA1):c.4729T>C (p.Ser1577Pro),"Feb 03, 2026",ClinVar,clinvar,clinvar_variant_summary,cohort,file,4.223e-05,1.0,147970.0,0.0002645,release-01-05-26,,,,
BRCA1,BRCA1 p.Ala1584Ser,Likely benign,"criteria provided, multiple submitters, no conflicts",55279,NM_007294.4(BRCA1):c.4750G>T (p.Ala1584Ser),"Dec 08, 2025",ClinVar,clinvar,clinvar_variant_summary,cohort,file,1.352e-05,2.0,147946.0,4.88e-06,release-01-05-26,,,,
BRCA1,BRCA1 p.Arg1589His,Benign/Likely benign,"criteria provided, multiple submitters, no conflicts",55284,NM_007294.4(BRCA1):c.4766G>A (p.Arg1589His),"Jan 18, 2026",ClinVar,clinvar,clinvar_variant_summary,cohort,file,2.111e-05,5.0,236844.0,2.603e-05,release-01-05-26,,,,
BRCA1,BRCA1 p.Ile1593Leu,Likely benign,no assertion criteria provided,55286,NM_007294.4(BRCA1):c.4777A>T (p.Ile1593Leu),"Sep 01, 2023",ClinVar,clinvar,clinvar_variant_summary,cohort,file,,,,,release-01-05-26,,,,
BRCA1,BRCA1 p.Pro1614Ser,Benign,reviewed by expert panel,55301,NM_007294.4(BRCA1):c.4840C>T (p.Pro1614Ser),"Aug 10, 2015",ClinVar,clinvar,clinvar_variant_summary,cohort,file,0.0007007,87.0,147904.0,0.00191,release-01-05-26,,,,
BRCA1,BRCA1 p.Pro1637Leu,Benign,reviewed by expert panel,55314,NM_007294.4(BRCA1):c.4910C>T (p.Pro1637Leu),"Aug 10, 2015",ClinVar,clinvar,clinvar_variant_summary,cohort,file,2.111e-05,1.0,147930.0,1.824e-05,release-01-05-26,,,,
BRCA1,BRCA1 p.Ala1641Thr,Likely benign,"criteria provided, single submitter",55316,NM_007294.4(BRCA1):c.4921G>A (p.Ala1641Thr),"May 28, 2021",ClinVar,clinvar,clinvar_variant_summary,cohort,file,,,,,release-01-05-26,,,,
BRCA1,BRCA1 p.Ser1655Phe,Pathogenic/Likely pathogenic,"criteria provided, multiple submitters, no conflicts",55333,NM_007294.4(BRCA1):c.4964C>T (p.Ser1655Phe),"Mar 04, 2025",ClinVar,clinvar,clinvar_variant_summary,cohort,file,,,,,release-01-05-26,,,,
BRCA1,BRCA1 p.Phe1662Ser,Benign,reviewed by expert panel,55339,NM_007294.4(BRCA1):c.4985T>C (p.Phe1662Ser),"Aug 10, 2015",ClinVar,clinvar,clinvar_variant_summary,cohort,file,2.028e-05,3.0,147964.0,0.0001566,release-01-05-26,,,,
BRCA1,BRCA1 p.Glu1682Lys,Benign,reviewed by expert panel,55361,NM_007294.4(BRCA1):c.5044G>A (p.Glu1682Lys),"Aug 10, 2015",ClinVar,clinvar,clinvar_variant_summary,cohort,file,,,,,release-01-05-26,,,,
BRCA1,BRCA1 p.Glu1682Val,Likely pathogenic,"criteria provided, single submitter",55362,NM_007294.4(BRCA1):c.5045A>T (p.Glu1682Val),"Jul 28, 2025",ClinVar,clinvar,clinvar_variant_summary,cohort,file,,,,,release-01-05-26,,,,
BRCA1,BRCA1 p.Thr1685Ala,Pathogenic,reviewed by expert panel,55364,NM_007294.4(BRCA1):c.5053A>G (p.Thr1685Ala),"Aug 10, 2015",ClinVar,clinvar,clinvar_variant_summary,cohort,file,,,,,release-01-05-26,,,,
BRCA1,BRCA1 p.Thr1685Ile,Pathogenic,reviewed by expert panel,55365,NM_007294.4(BRCA1):c.5054C>T (p.Thr1685Ile),"Aug 10, 2015",ClinVar,clinvar,clinvar_variant_summary,cohort,file,,,,,release-01-05-26,,,,
BRCA1,BRCA1 p.His1686Gln,Pathogenic,"criteria provided, single submitter",55366,NM_007294.4(BRCA1):c.5058T>A (p.His1686Gln),"May 03, 2022",ClinVar,clinvar,clinvar_variant_summary,cohort,file,,,,,release-01-05-26,,,,
BRCA1,BRCA1 p.Thr1691Arg,Likely pathogenic,"criteria provided, multiple submitters, no conflicts",55373,NM_007294.4(BRCA1):c.5072C>G (p.Thr1691Arg),"Sep 10, 2025",ClinVar,clinvar,clinvar_variant_summary,cohort,file,,,,,release-01-05-26,,,,
BRCA1,BRCA1 p.Asp1692Tyr,Pathogenic,"criteria provided, single submitter",55376,NM_007294.4(BRCA1):c.5074G>T (p.Asp1692Tyr),"Oct 02, 2015",ClinVar,clinvar,clinvar_variant_summary,cohort,file,,,,,release-01-05-26,,,,
BRCA1,BRCA1 p.Asp1692Val,Likely pathogenic,reviewed by expert panel,55383,NM_007294.4(BRCA1):c.5075A>T (p.Asp1692Val),"Mar 18, 2026",ClinVar,clinvar,clinvar_variant_summary,cohort,file,,,,,release-01-05-26,,,,
BRCA1,BRCA1 p.Cys1697Arg,Pathogenic,reviewed by expert panel,55392,NM_007294.4(BRCA1):c.5089T>C (p.Cys1697Arg),"Jun 11, 2024",ClinVar,clinvar,clinvar_variant_summary,cohort,file,,,,,release-01-05-26,,,,
BRCA1,BRCA1 p.Arg170Trp,Benign,reviewed by expert panel,55393,NM_007294.4(BRCA1):c.508C>T (p.Arg170Trp),"Jun 18, 2019",ClinVar,clinvar,clinvar_variant_summary,cohort,file,1.266e-05,3.0,236920.0,,release-01-05-26,,,,
BRCA1,BRCA1 p.Arg1699Trp,Pathogenic,reviewed by expert panel,55396,NM_007294.4(BRCA1):c.5095C>T (p.Arg1699Trp),"Aug 10, 2015",ClinVar,clinvar,clinvar_variant_summary,cohort,file,1.689e-05,4.0,236760.0,,release-01-05-26,,,,
BRCA1,BRCA1 p.Arg1699Leu,Likely pathogenic,"criteria provided, multiple submitters, no conflicts",55398,NM_007294.4(BRCA1):c.5096G>T (p.Arg1699Leu),"Jun 28, 2023",ClinVar,clinvar,clinvar_variant_summary,cohort,file,,,,,release-01-05-26,,,,
BRCA1,BRCA1 p.Thr1700Ala,Likely pathogenic,reviewed by expert panel,55399,NM_007294.4(BRCA1):c.5098A>G (p.Thr1700Ala),"Aug 18, 2025",ClinVar,clinvar,clinvar_variant_summary,cohort,file,,,,,release-01-05-26,,,,
BRCA1,BRCA1 p.Gly1706Ala,Benign,reviewed by expert panel,55406,NM_007294.4(BRCA1):c.5117G>C (p.Gly1706Ala),"Aug 10, 2015",ClinVar,clinvar,clinvar_variant_summary,cohort,file,0.0001274,10.0,147888.0,2.846e-05,release-01-05-26,,,,
BRCA1,BRCA1 p.Ala1708Glu,Pathogenic,reviewed by expert panel,55407,NM_007294.4(BRCA1):c.5123C>A (p.Ala1708Glu),"Aug 10, 2015",ClinVar,clinvar,clinvar_variant_summary,cohort,file,2.111e-05,5.0,236812.0,9.67e-06,release-01-05-26,,,,
BRCA1,BRCA1 p.Val1713Ala,Likely pathogenic,reviewed by expert panel,55412,NM_007294.4(BRCA1):c.5138T>C (p.Val1713Ala),"Dec 02, 2025",ClinVar,clinvar,clinvar_variant_summary,cohort,file,4.223e-06,1.0,236820.0,,release-01-05-26,,,,
BRCA1,BRCA1 p.Val1714Gly,Pathogenic/Likely pathogenic,"criteria provided, multiple submitters, no conflicts",55413,NM_007294.4(BRCA1):c.5141T>G (p.Val1714Gly),"Mar 17, 2024",ClinVar,clinvar,clinvar_variant_summary,cohort,file,,,,,release-01-05-26,,,,
BRCA1,BRCA1 p.Ser1715Arg,Pathogenic,reviewed by expert panel,55414,NM_007294.4(BRCA1):c.5143A>C (p.Ser1715Arg),"Aug 10, 2015",ClinVar,clinvar,clinvar_variant_summary,cohort,file,,,,,release-01-05-26,,,,
BRCA1,BRCA1 p.Ser1715Cys,Likely pathogenic,reviewed by expert panel,55415,NM_007294.4(BRCA1):c.5143A>T (p.Ser1715Cys),"Dec 02, 2025",ClinVar,clinvar,clinvar_variant_summary,cohort,file,,,,,release-01-05-26,,,,
BRCA1,BRCA1 p.Ser1715Asn,Pathogenic,reviewed by expert panel,55416,NM_007294.4(BRCA1):c.5144G>A (p.Ser1715Asn),"Jun 18, 2019",ClinVar,clinvar,clinvar_variant_summary,cohort,file,,,,,release-01-05-26,,,,
BRCA1,BRCA1 p.Ser1715Arg,Likely pathogenic,"criteria provided, single submitter",55417,NM_007294.4(BRCA1):c.5145C>A (p.Ser1715Arg),"Apr 12, 2024",ClinVar,clinvar,clinvar_variant_summary,cohort,file,,,,,release-01-05-26,,,,
BRCA1,BRCA1 p.Ser1715Arg,Pathogenic/Likely pathogenic,"criteria provided, multiple submitters, no conflicts",55418,NM_007294.4(BRCA1):c.5145C>G (p.Ser1715Arg),"Dec 12, 2025",ClinVar,clinvar,clinvar_variant_summary,cohort,file,,,,,release-01-05-26,,,,
BRCA1,BRCA1 p.Trp1718Cys,Pathogenic/Likely pathogenic,"criteria provided, multiple submitters, no conflicts",55435,NM_007294.4(BRCA1):c.5154G>T (p.Trp1718Cys),"Oct 30, 2025",ClinVar,clinvar,clinvar_variant_summary,cohort,file,,,,,release-01-05-26,,,,
BRCA1,BRCA1 p.Thr1720Ala,Benign,reviewed by expert panel,55438,NM_007294.4(BRCA1):c.5158A>G (p.Thr1720Ala),"Aug 10, 2015",ClinVar,clinvar,clinvar_variant_summary,cohort,file,0.0001818,16.0,147918.0,0.0009639,release-01-05-26,,,,
BRCA1,BRCA1 p.Asp1733Gly,Benign,reviewed by expert panel,55453,NM_007294.4(BRCA1):c.5198A>G (p.Asp1733Gly),"Jun 18, 2019",ClinVar,clinvar,clinvar_variant_summary,cohort,file,3.383e-05,5.0,147808.0,3.252e-05,release-01-05-26,,,,
BRCA1,BRCA1 p.Phe1734Ser,Pathogenic,"criteria provided, single submitter",55454,NM_007294.4(BRCA1):c.5201T>C (p.Phe1734Ser),"Sep 08, 2025",ClinVar,clinvar,clinvar_variant_summary,cohort,file,,,,,release-01-05-26,,,,
BRCA1,BRCA1 p.Val1736Gly,Pathogenic/Likely pathogenic,"criteria provided, multiple submitters, no conflicts",55456,NM_007294.4(BRCA1):c.5207T>G (p.Val1736Gly),"Mar 16, 2022",ClinVar,clinvar,clinvar_variant_summary,cohort,file,,,,,release-01-05-26,,,,
BRCA1,BRCA1 p.Gly1738Arg,Pathogenic,reviewed by expert panel,55461,NM_007294.4(BRCA1):c.5212G>A (p.Gly1738Arg),"Aug 10, 2015",ClinVar,clinvar,clinvar_variant_summary,cohort,file,,,,,release-01-05-26,,,,
BRCA1,BRCA1 p.Gly1738Glu,Pathogenic/Likely pathogenic,"criteria provided, multiple submitters, no conflicts",55462,NM_007294.4(BRCA1):c.5213G>A (p.Gly1738Glu),"Dec 29, 2025",ClinVar,clinvar,clinvar_variant_summary,cohort,file,,,,,release-01-05-26,,,,
BRCA1,BRCA1 p.Asp1739Tyr,Pathogenic/Likely pathogenic,"criteria provided, multiple submitters, no conflicts",55464,NM_007294.4(BRCA1):c.5215G>T (p.Asp1739Tyr),"Nov 10, 2025",ClinVar,clinvar,clinvar_variant_summary,cohort,file,,,,,release-01-05-26,,,,
BRCA1,BRCA1 p.Asp1739Gly,Pathogenic/Likely pathogenic,"criteria provided, multiple submitters, no conflicts",55465,NM_007294.4(BRCA1):c.5216A>G (p.Asp1739Gly),"Apr 03, 2025",ClinVar,clinvar,clinvar_variant_summary,cohort,file,,,,,release-01-05-26,,,,
BRCA1,BRCA1 p.Asp1739Val,Pathogenic/Likely pathogenic,"criteria provided, multiple submitters, no conflicts",55466,NM_007294.4(BRCA1):c.5216A>T (p.Asp1739Val),"Jun 28, 2022",ClinVar,clinvar,clinvar_variant_summary,cohort,file,,,,,release-01-05-26,,,,
BRCA1,BRCA1 p.Asp1739Glu,Likely pathogenic,"criteria provided, single submitter",55467,NM_007294.4(BRCA1):c.5217T>G (p.Asp1739Glu),"Mar 08, 2021",ClinVar,clinvar,clinvar_variant_summary,cohort,file,,,,,release-01-05-26,,,,
BRCA1,BRCA1 p.Gly1748Asp,Pathogenic/Likely pathogenic,"criteria provided, multiple submitters, no conflicts",55476,NM_007294.4(BRCA1):c.5243G>A (p.Gly1748Asp),"Dec 08, 2025",ClinVar,clinvar,clinvar_variant_summary,cohort,file,,,,,release-01-05-26,,,,
BRCA1,BRCA1 p.Pro1749Arg,Pathogenic,"criteria provided, single submitter",55479,NM_007294.4(BRCA1):c.5246C>G (p.Pro1749Arg),"Jan 02, 2014",ClinVar,clinvar,clinvar_variant_summary,cohort,file,,,,,release-01-05-26,,,,
BRCA1,BRCA1 p.Arg1751Gln,Benign,reviewed by expert panel,55481,NM_007294.4(BRCA1):c.5252G>A (p.Arg1751Gln),"Aug 10, 2015",ClinVar,clinvar,clinvar_variant_summary,cohort,file,3.798e-05,4.0,147878.0,3.126e-05,release-01-05-26,,,,
BRCA1,BRCA1 p.Arg1751Pro,Likely pathogenic,reviewed by expert panel,55482,NM_007294.4(BRCA1):c.5252G>C (p.Arg1751Pro),"Aug 18, 2025",ClinVar,clinvar,clinvar_variant_summary,cohort,file,,,,,release-01-05-26,,,,
BRCA1,BRCA1 p.Ala1752Pro,Pathogenic/Likely pathogenic,"criteria provided, multiple submitters, no conflicts",55483,NM_007294.4(BRCA1):c.5254G>C (p.Ala1752Pro),"Mar 04, 2025",ClinVar,clinvar,clinvar_variant_summary,cohort,file,,,,,release-01-05-26,,,,
BRCA1,BRCA1 p.Phe1761Ser,Pathogenic,reviewed by expert panel,55505,NM_007294.4(BRCA1):c.5282T>C (p.Phe1761Ser),"Dec 02, 2025",ClinVar,clinvar,clinvar_variant_summary,cohort,file,,,,,release-01-05-26,,,,
BRCA1,BRCA1 p.Leu1764Pro,Pathogenic,reviewed by expert panel,55510,NM_007294.4(BRCA1):c.5291T>C (p.Leu1764Pro),"Aug 10, 2015",ClinVar,clinvar,clinvar_variant_summary,cohort,file,,,,,release-01-05-26,,,,
BRCA1,BRCA1 p.Asp1778Asn,Pathogenic,reviewed by expert panel,55530,NM_007294.4(BRCA1):c.5332G>A (p.Asp1778Asn),"Aug 22, 2025",ClinVar,clinvar,clinvar_variant_summary,cohort,file,,,,,release-01-05-26,,,,
BRCA1,BRCA1 p.Leu1780Pro,Pathogenic/Likely pathogenic,"criteria provided, multiple submitters, no conflicts",55541,NM_007294.4(BRCA1):c.5339T>C (p.Leu1780Pro),"Nov 13, 2025",ClinVar,clinvar,clinvar_variant_summary,cohort,file,8.442e-06,2.0,236902.0,1.968e-05,release-01-05-26,,,,
BRCA1,BRCA1 p.Gly1788Cys,Likely pathogenic,"criteria provided, multiple submitters, no conflicts",55550,NM_007294.4(BRCA1):c.5362G>T (p.Gly1788Cys),"Nov 29, 2022",ClinVar,clinvar,clinvar_variant_summary,cohort,file,,,,,release-01-05-26,,,,
BRCA1,BRCA1 p.Ala1789Thr,Likely pathogenic,reviewed by expert panel,55552,NM_007294.4(BRCA1):c.5365G>A (p.Ala1789Thr),"Dec 02, 2025",ClinVar,clinvar,clinvar_variant_summary,cohort,file,4.221e-06,1.0,236912.0,,release-01-05-26,,,,
BRCA1,BRCA1 p.Met18Lys,Pathogenic/Likely pathogenic,"criteria provided, multiple submitters, no conflicts",55559,NM_007294.4(BRCA1):c.53T>A (p.Met18Lys),"Feb 05, 2025",ClinVar,clinvar,clinvar_variant_summary,cohort,file,,,,,release-01-05-26,,,,
BRCA1,BRCA1 p.Val1804Asp,Benign,reviewed by expert panel,55568,NM_007294.4(BRCA1):c.5411T>A (p.Val1804Asp),"Aug 10, 2015",ClinVar,clinvar,clinvar_variant_summary,cohort,file,0.0002095,31.0,147940.0,0.0006568,release-01-05-26,,,,
BRCA1,BRCA1 p.Val1809Phe,Likely pathogenic,reviewed by expert panel,55573,NM_007294.4(BRCA1):c.5425G>T (p.Val1809Phe),"Jan 15, 2026",ClinVar,clinvar,clinvar_variant_summary,cohort,file,,,,,release-01-05-26,,,,
BRCA1,BRCA1 p.Gln1811Arg,Pathogenic/Likely pathogenic,"criteria provided, multiple submitters, no conflicts",55578,NM_007294.4(BRCA1):c.5432A>G (p.Gln1811Arg),"Aug 03, 2025",ClinVar,clinvar,clinvar_variant_summary,cohort,file,,,,,release-01-05-26,,,,
BRCA1,BRCA1 p.Asn1819Ser,Benign/Likely benign,"criteria provided, multiple submitters, no conflicts",55585,NM_007294.4(BRCA1):c.5456A>G (p.Asn1819Ser),"Feb 03, 2026",ClinVar,clinvar,clinvar_variant_summary,cohort,file,3.798e-05,2.0,147944.0,0.0001471,release-01-05-26,,,,
BRCA1,BRCA1 p.Ala1823Thr,Pathogenic/Likely pathogenic,"criteria provided, multiple submitters, no conflicts",55588,NM_007294.4(BRCA1):c.5467G>A (p.Ala1823Thr),"Apr 02, 2025",ClinVar,clinvar,clinvar_variant_summary,cohort,file,,,,,release-01-05-26,,,,
BRCA1,BRCA1 p.Val1833Met,Pathogenic/Likely pathogenic,"criteria provided, multiple submitters, no conflicts",55598,NM_007294.4(BRCA1):c.5497G>A (p.Val1833Met),"Aug 22, 2025",ClinVar,clinvar,clinvar_variant_summary,cohort,file,4.225e-06,1.0,236690.0,,release-01-05-26,,,,
BRCA1,BRCA1 p.Trp1837Gly,Pathogenic,reviewed by expert panel,55607,NM_007294.4(BRCA1):c.5509T>G (p.Trp1837Gly),"Jun 11, 2024",ClinVar,clinvar,clinvar_variant_summary,cohort,file,,,,,release-01-05-26,,,,
BRCA1,BRCA1 p.Val1838Glu,Pathogenic,reviewed by expert panel,55611,NM_007294.4(BRCA1):c.5513T>A (p.Val1838Glu),"Aug 10, 2015",ClinVar,clinvar,clinvar_variant_summary,cohort,file,,,,,release-01-05-26,,,,
BRCA1,BRCA1 p.Ala1843Pro,Likely pathogenic,"criteria provided, multiple submitters, no conflicts",55614,NM_007294.4(BRCA1):c.5527G>C (p.Ala1843Pro),"Dec 29, 2025",ClinVar,clinvar,clinvar_variant_summary,cohort,file,,,,,release-01-05-26,,,,
BRCA1,BRCA1 p.Leu1844Arg,Benign,reviewed by expert panel,55615,NM_007294.4(BRCA1):c.5531T>G (p.Leu1844Arg),"Jun 18, 2019",ClinVar,clinvar,clinvar_variant_summary,cohort,file,2.116e-05,3.0,147816.0,2.317e-05,release-01-05-26,,,,
BRCA1,BRCA1 p.Tyr1853Cys,Pathogenic/Likely pathogenic,"criteria provided, multiple submitters, no conflicts",55627,NM_007294.4(BRCA1):c.5558A>G (p.Tyr1853Cys),"Oct 29, 2025",ClinVar,clinvar,clinvar_variant_summary,cohort,file,,,,,release-01-05-26,,,,
BRCA1,BRCA1 p.Leu1854Pro,Likely pathogenic,reviewed by expert panel,55631,NM_007294.4(BRCA1):c.5561T>C (p.Leu1854Pro),"Aug 18, 2025",ClinVar,clinvar,clinvar_variant_summary,cohort,file,,,,,release-01-05-26,,,,
BRCA1,BRCA1 p.Pro1856Ser,Likely benign,"criteria provided, multiple submitters, no conflicts",55632,NM_007294.4(BRCA1):c.5566C>T (p.Pro1856Ser),"Dec 30, 2025",ClinVar,clinvar,clinvar_variant_summary,cohort,file,8.462e-06,2.0,236362.0,,release-01-05-26,,,,
BRCA1,BRCA1 p.Pro1859Arg,Benign,reviewed by expert panel,55634,NM_007294.4(BRCA1):c.5576C>G (p.Pro1859Arg),"Aug 10, 2015",ClinVar,clinvar,clinvar_variant_summary,cohort,file,2.962e-05,2.0,147896.0,3.136e-05,release-01-05-26,,,,
BRCA1,BRCA1 p.Ser186Tyr,Benign,reviewed by expert panel,55635,NM_007294.4(BRCA1):c.557C>A (p.Ser186Tyr),"Aug 10, 2015",ClinVar,clinvar,clinvar_variant_summary,cohort,file,0.002766,409.0,147888.0,0.00855,release-01-05-26,-1.3399377495264024,0.2962658202131302,urn:mavedb:00000003-b-2,BRCA1 Y2H
BRCA1,BRCA1 p.His1862Leu,Benign/Likely benign,"criteria provided, multiple submitters, no conflicts",55637,NM_007294.4(BRCA1):c.5585A>T (p.His1862Leu),"Jan 26, 2026",ClinVar,clinvar,clinvar_variant_summary,cohort,file,6.759e-06,1.0,147946.0,0.0,release-01-05-26,,,,
BRCA1,BRCA1 p.Leu22Ser,Pathogenic,reviewed by expert panel,55656,NM_007294.4(BRCA1):c.65T>C (p.Leu22Ser),"Aug 10, 2015",ClinVar,clinvar,clinvar_variant_summary,cohort,file,,,,,release-01-05-26,,,,
BRCA1,BRCA1 p.Cys24Arg,Pathogenic/Likely pathogenic,"criteria provided, multiple submitters, no conflicts",55674,NM_007294.4(BRCA1):c.70T>C (p.Cys24Arg),"Jul 16, 2024",ClinVar,clinvar,clinvar_variant_summary,cohort,file,,,,,release-01-05-26,,,,
BRCA1,BRCA1 p.His239Arg,Benign,reviewed by expert panel,55677,NM_007294.4(BRCA1):c.716A>G (p.His239Arg),"Jun 18, 2019",ClinVar,clinvar,clinvar_variant_summary,cohort,file,8.498e-06,2.0,235362.0,3.25e-06,release-01-05-26,,,,
BRCA1,BRCA1 p.Cys24Tyr,Pathogenic/Likely pathogenic,"criteria provided, multiple submitters, no conflicts",55678,NM_007294.4(BRCA1):c.71G>A (p.Cys24Tyr),"Feb 20, 2026",ClinVar,clinvar,clinvar_variant_summary,cohort,file,,,,,release-01-05-26,,,,
BRCA1,BRCA1 p.Thr248Asn,Likely benign,"criteria provided, single submitter",55687,NM_007294.4(BRCA1):c.743C>A (p.Thr248Asn),"Mar 23, 2023",ClinVar,clinvar,clinvar_variant_summary,cohort,file,,,,,release-01-05-26,-0.2423557216504065,0.1380700467793486,urn:mavedb:00000003-b-2,BRCA1 Y2H
BRCA1,BRCA1 p.Gly263Cys,Likely benign,"criteria provided, single submitter",55699,NM_007294.4(BRCA1):c.787G>T (p.Gly263Cys),"Mar 23, 2023",ClinVar,clinvar,clinvar_variant_summary,cohort,file,,,,,release-01-05-26,,,,
BRCA1,BRCA1 p.Gly263Ala,Likely benign,"criteria provided, single submitter",55700,NM_007294.4(BRCA1):c.788G>C (p.Gly263Ala),"Mar 23, 2023",ClinVar,clinvar,clinvar_variant_summary,cohort,file,,,,,release-01-05-26,,,,
BRCA1,BRCA1 p.Ser264Cys,Likely benign,"criteria provided, single submitter",55703,NM_007294.4(BRCA1):c.790A>T (p.Ser264Cys),"Mar 23, 2023",ClinVar,clinvar,clinvar_variant_summary,cohort,file,,,,,release-01-05-26,,,urn:mavedb:00000003-b-2,BRCA1 Y2H
BRCA1,BRCA1 p.Val271Met,Benign,reviewed by expert panel,55720,NM_007294.4(BRCA1):c.811G>A (p.Val271Met),"May 23, 2025",ClinVar,clinvar,clinvar_variant_summary,cohort,file,9.758e-05,6.0,147850.0,0.0008889,release-01-05-26,,,,
BRCA1,BRCA1 p.Gly275Ser,Benign,reviewed by expert panel,55725,NM_007294.4(BRCA1):c.823G>A (p.Gly275Ser),"Jun 18, 2019",ClinVar,clinvar,clinvar_variant_summary,cohort,file,0.0005936,19.0,147734.0,0.003981,release-01-05-26,,,,
BRCA1,BRCA1 p.Gly275Asp,Benign,reviewed by expert panel,55726,NM_007294.4(BRCA1):c.824G>A (p.Gly275Asp),"Jun 18, 2019",ClinVar,clinvar,clinvar_variant_summary,cohort,file,8.057e-05,3.0,147794.0,0.000703,release-01-05-26,,,,
BRCA1,BRCA1 p.Ala280Gly,Benign,reviewed by expert panel,55731,NM_007294.4(BRCA1):c.839C>G (p.Ala280Gly),"Aug 10, 2015",ClinVar,clinvar,clinvar_variant_summary,cohort,file,0.0001354,3.0,147780.0,0.0006811,release-01-05-26,,,,
BRCA1,BRCA1 p.Met297Ile,Benign,reviewed by expert panel,55743,NM_007294.4(BRCA1):c.891G>A (p.Met297Ile),"Aug 10, 2015",ClinVar,clinvar,clinvar_variant_summary,cohort,file,,,,,release-01-05-26,,,,
BRCA1,BRCA1 p.Glu842Gly,Benign,reviewed by expert panel,91592,NM_007294.4(BRCA1):c.2525A>G (p.Glu842Gly),"Aug 10, 2015",ClinVar,clinvar,clinvar_variant_summary,cohort,file,6.367e-05,3.0,147978.0,2.24e-05,release-01-05-26,,,,
BRCA1,BRCA1 p.Asn916Tyr,Likely benign,"criteria provided, single submitter",91598,NM_007294.4(BRCA1):c.2746A>T (p.Asn916Tyr),"Mar 23, 2023",ClinVar,clinvar,clinvar_variant_summary,cohort,file,,,,,release-01-05-26,,,,
BRCA1,BRCA1 p.Ser1266Arg,Likely benign,"criteria provided, single submitter",91615,NM_007294.4(BRCA1):c.3798C>G (p.Ser1266Arg),"Mar 23, 2023",ClinVar,clinvar,clinvar_variant_summary,cohort,file,,,,,release-01-05-26,,,,
BRCA1,BRCA1 p.Arg133Ser,Likely benign,no assertion criteria provided,91619,NM_007294.4(BRCA1):c.397C>A (p.Arg133Ser),"Nov 13, 2008",ClinVar,clinvar,clinvar_variant_summary,cohort,file,,,,,release-01-05-26,,,,
BRCA1,BRCA1 p.Gly1515Glu,Likely benign,"criteria provided, multiple submitters, no conflicts",91632,NM_007294.4(BRCA1):c.4544G>A (p.Gly1515Glu),"Jul 01, 2024",ClinVar,clinvar,clinvar_variant_summary,cohort,file,,,,,release-01-05-26,,,,
BRCA1,BRCA1 p.Leu1786Pro,Pathogenic,reviewed by expert panel,91649,NM_007294.4(BRCA1):c.5357T>C (p.Leu1786Pro),"Dec 02, 2025",ClinVar,clinvar,clinvar_variant_summary,cohort,file,,,,,release-01-05-26,,,,
BRCA1,BRCA1 p.Leu1839Ser,Pathogenic,reviewed by expert panel,91656,NM_007294.4(BRCA1):c.5516T>C (p.Leu1839Ser),"Jun 18, 2019",ClinVar,clinvar,clinvar_variant_summary,cohort,file,,,,,release-01-05-26,,,,
BRCA2,BRCA2 p.Glu2878Lys,Pathogenic/Likely pathogenic,"criteria provided, multiple submitters, no conflicts",91730,NM_000059.4(BRCA2):c.8632G>A (p.Glu2878Lys),"Sep 17, 2025",ClinVar,clinvar,clinvar_variant_summary,cohort,file,,,,,release-01-05-26,4.870913373548653,,urn:mavedb:00001224-a-1,BRCA2 HDR VC-8 cells
BRCA2,BRCA2 p.Arg2888Cys,Benign,reviewed by expert panel,91732,NM_000059.4(BRCA2):c.8662C>T (p.Arg2888Cys),"Aug 10, 2015",ClinVar,clinvar,clinvar_variant_summary,cohort,file,5.41e-05,8.0,147884.0,4.765e-05,release-01-05-26,4.570133302748154,,urn:mavedb:00001224-a-1,BRCA2 HDR VC-8 cells
BRCA2,BRCA2 p.Asp381Asn,Benign/Likely benign,"criteria provided, multiple submitters, no conflicts",91747,NM_000059.4(BRCA2):c.1141G>A (p.Asp381Asn),"Jan 14, 2026",ClinVar,clinvar,clinvar_variant_summary,cohort,file,9.76e-05,2.0,147934.0,0.0004592,release-01-05-26,,,,
BRCA2,BRCA2 p.Ser1134Thr,Likely benign,"criteria provided, multiple submitters, no conflicts",91799,NM_000059.4(BRCA2):c.3401G>C (p.Ser1134Thr),"Dec 15, 2025",ClinVar,clinvar,clinvar_variant_summary,cohort,file,8.468e-06,1.0,147900.0,9.69e-06,release-01-05-26,,,,
BRCA2,BRCA2 p.Ser3389Phe,Likely benign,"criteria provided, multiple submitters, no conflicts",96760,NM_000059.4(BRCA2):c.10166C>T (p.Ser3389Phe),"Sep 29, 2025",ClinVar,clinvar,clinvar_variant_summary,cohort,file,6.76e-06,1.0,147924.0,0.0,release-01-05-26,,,,
BRCA2,BRCA2 p.Pro389Gln,Benign,reviewed by expert panel,96762,NM_000059.4(BRCA2):c.1166C>A (p.Pro389Gln),"Jun 18, 2019",ClinVar,clinvar,clinvar_variant_summary,cohort,file,0.0004331,19.0,147854.0,0.002749,release-01-05-26,,,,
BRCA2,BRCA2 p.Glu919Lys,Benign,reviewed by expert panel,96782,NM_000059.4(BRCA2):c.2755G>A (p.Glu919Lys),"Jun 18, 2019",ClinVar,clinvar,clinvar_variant_summary,cohort,file,1.353e-05,2.0,147850.0,8e-06,release-01-05-26,,,,
BRCA2,BRCA2 p.Ile1724Val,Benign/Likely benign,"criteria provided, multiple submitters, no conflicts",96817,NM_000059.4(BRCA2):c.5170A>G (p.Ile1724Val),"Jan 28, 2026",ClinVar,clinvar,clinvar_variant_summary,cohort,file,0.0002027,30.0,147968.0,0.0005197,release-01-05-26,,,,
BRCA2,BRCA2 p.Ile2490Thr,Benign,reviewed by expert panel,96852,NM_000059.4(BRCA2):c.7469T>C (p.Ile2490Thr),"Sep 28, 2016",ClinVar,clinvar,clinvar_variant_summary,cohort,file,0.02032,1349.0,147962.0,0.1309,release-01-05-26,4.479119143312354,,urn:mavedb:00001224-a-1,BRCA2 HDR VC-8 cells
BRCA2,BRCA2 p.Arg2520Gln,Likely benign,"criteria provided, multiple submitters, no conflicts",96853,NM_000059.4(BRCA2):c.7559G>A (p.Arg2520Gln),"Dec 24, 2025",ClinVar,clinvar,clinvar_variant_summary,cohort,file,3.38e-05,2.0,147900.0,3.921e-05,release-01-05-26,4.232098341397712,,urn:mavedb:00001224-a-1,BRCA2 HDR VC-8 cells
BRCA2,BRCA2 p.Leu2604Pro,Likely pathogenic,reviewed by expert panel,96859,NM_000059.4(BRCA2):c.7811T>C (p.Leu2604Pro),"Dec 02, 2025",ClinVar,clinvar,clinvar_variant_summary,cohort,file,,,,,release-01-05-26,0.9762782705732628,,urn:mavedb:00001224-a-1,BRCA2 HDR VC-8 cells
BRCA1,BRCA1 p.Pro334His,Likely benign,"criteria provided, multiple submitters, no conflicts",96893,NM_007294.4(BRCA1):c.1001C>A (p.Pro334His),"Apr 14, 2025",ClinVar,clinvar,clinvar_variant_summary,cohort,file,0.0,0.0,147764.0,0.0,release-01-05-26,,,,
BRCA1,BRCA1 p.Gln1273Arg,Likely benign,"criteria provided, multiple submitters, no conflicts",96917,NM_007294.4(BRCA1):c.3818A>G (p.Gln1273Arg),"Oct 07, 2025",ClinVar,clinvar,clinvar_variant_summary,cohort,file,,,,,release-01-05-26,,,,
BRCA1,BRCA1 p.Leu1780Arg,Likely pathogenic,reviewed by expert panel,96949,NM_007294.4(BRCA1):c.5339T>G (p.Leu1780Arg),"Aug 18, 2025",ClinVar,clinvar,clinvar_variant_summary,cohort,file,,,,,release-01-05-26,,,,
BRCA1,BRCA1 p.Asp693Tyr,Benign,no assertion criteria provided,125534,NM_007294.4(BRCA1):c.2077G>T (p.Asp693Tyr),"Dec 17, 2010",ClinVar,clinvar,clinvar_variant_summary,cohort,file,,,,,release-01-05-26,,,,
BRCA1,BRCA1 p.Asp749His,Likely benign,"criteria provided, single submitter",125550,NM_007294.4(BRCA1):c.2245G>C (p.Asp749His),"Mar 23, 2023",ClinVar,clinvar,clinvar_variant_summary,cohort,file,,,,,release-01-05-26,,,,
BRCA1,BRCA1 p.Ser1320Pro,Benign,no assertion criteria provided,125659,NM_007294.4(BRCA1):c.3958T>C (p.Ser1320Pro),"Jan 01, 2000",ClinVar,clinvar,clinvar_variant_summary,cohort,file,,,,,release-01-05-26,,,,
BRCA1,BRCA1 p.Ser1722Pro,Likely pathogenic,"criteria provided, multiple submitters, no conflicts",125791,NM_007294.4(BRCA1):c.5164T>C (p.Ser1722Pro),"Apr 09, 2021",ClinVar,clinvar,clinvar_variant_summary,cohort,file,,,,,release-01-05-26,,,,
BRCA2,BRCA2 p.Gln321His,Likely benign,"criteria provided, single submitter",125930,NM_000059.4(BRCA2):c.963A>C (p.Gln321His),"Mar 23, 2023",ClinVar,clinvar,clinvar_variant_summary,cohort,file,,,,,release-01-05-26,,,,
BRCA2,BRCA2 p.Lys513Arg,Benign,reviewed by expert panel,125947,NM_000059.4(BRCA2):c.1538A>G (p.Lys513Arg),"Aug 10, 2015",ClinVar,clinvar,clinvar_variant_summary,cohort,file,3.18e-05,3.0,147920.0,3.264e-05,release-01-05-26,,,,
BRCA2,BRCA2 p.Ser646Arg,Benign,no assertion criteria provided,125973,NM_000059.4(BRCA2):c.1938C>A (p.Ser646Arg),"Dec 17, 2010",ClinVar,clinvar,clinvar_variant_summary,cohort,file,,,,,release-01-05-26,,,,
BRCA2,BRCA2 p.Lys1132Asn,Benign,no assertion criteria provided,126009,NM_000059.4(BRCA2):c.3396A>C (p.Lys1132Asn),"Dec 17, 2010",ClinVar,clinvar,clinvar_variant_summary,cohort,file,,,,,release-01-05-26,,,,
BRCA2,BRCA2 p.Ala2730Pro,Likely pathogenic,reviewed by expert panel,126168,NM_000059.4(BRCA2):c.8188G>C (p.Ala2730Pro),"Jan 04, 2026",ClinVar,clinvar,clinvar_variant_summary,cohort,file,6.371e-05,3.0,147848.0,3.979e-05,release-01-05-26,1.012850801029309,,urn:mavedb:00001224-a-1,BRCA2 HDR VC-8 cells
BRCA2,BRCA2 p.Ala3028Pro,Pathogenic/Likely pathogenic,"criteria provided, multiple submitters, no conflicts",126199,NM_000059.4(BRCA2):c.9082G>C (p.Ala3028Pro),"Nov 12, 2025",ClinVar,clinvar,clinvar_variant_summary,cohort,file,,,,,release-01-05-26,1.1831987469977272,,urn:mavedb:00001224-a-1,BRCA2 HDR VC-8 cells
BRCA2,BRCA2 p.Gly3076Val,Pathogenic,reviewed by expert panel,126203,NM_000059.4(BRCA2):c.9227G>T (p.Gly3076Val),"Jun 11, 2024",ClinVar,clinvar,clinvar_variant_summary,cohort,file,,,,,release-01-05-26,1.1618312185262556,,urn:mavedb:00001224-a-1,BRCA2 HDR VC-8 cells
BRCA2,BRCA2 p.Leu824Ser,Likely benign,reviewed by expert panel,133734,NM_000059.4(BRCA2):c.2471T>C (p.Leu824Ser),"May 23, 2025",ClinVar,clinvar,clinvar_variant_summary,cohort,file,8.966e-06,2.0,223064.0,2.053e-05,release-01-05-26,,,,
BRCA2,BRCA2 p.Val2466Ala,Benign,"criteria provided, multiple submitters, no conflicts",133738,NM_000059.4(BRCA2):c.7397T>C (p.Val2466Ala),"Feb 04, 2026",ClinVar,clinvar,clinvar_variant_summary,cohort,file,0.9949,144994.0,147926.0,0.9946,release-01-05-26,,,,
BRCA2,BRCA2 p.Asp2723Val,Pathogenic/Likely pathogenic,"criteria provided, multiple submitters, no conflicts",140975,NM_000059.4(BRCA2):c.8168A>T (p.Asp2723Val),"Jan 21, 2025",ClinVar,clinvar,clinvar_variant_summary,cohort,file,,,,,release-01-05-26,0.9766991913819824,,urn:mavedb:00001224-a-1,BRCA2 HDR VC-8 cells
BRCA2,BRCA2 p.Phe3057Val,Likely benign,"criteria provided, single submitter",141012,NM_000059.4(BRCA2):c.9169T>G (p.Phe3057Val),"May 14, 2025",ClinVar,clinvar,clinvar_variant_summary,cohort,file,,,,,release-01-05-26,,,,
BRCA2,BRCA2 p.Lys3015Glu,Benign,reviewed by expert panel,141104,NM_000059.4(BRCA2):c.9043A>G (p.Lys3015Glu),"Jun 18, 2019",ClinVar,clinvar,clinvar_variant_summary,cohort,file,4.237e-06,1.0,236010.0,,release-01-05-26,3.9262162458869065,,urn:mavedb:00001224-a-1,BRCA2 HDR VC-8 cells
BRCA2,BRCA2 p.Leu2587Phe,Benign,reviewed by expert panel,141335,NM_000059.4(BRCA2):c.7759C>T (p.Leu2587Phe),"May 23, 2025",ClinVar,clinvar,clinvar_variant_summary,cohort,file,4.643e-05,2.0,147876.0,4.512e-05,release-01-05-26,3.765849248390095,,urn:mavedb:00001224-a-1,BRCA2 HDR VC-8 cells
BRCA2,BRCA2 p.Thr3030Ile,Likely benign,"criteria provided, single submitter",141494,NM_000059.4(BRCA2):c.9089C>T (p.Thr3030Ile),"Mar 04, 2020",ClinVar,clinvar,clinvar_variant_summary,cohort,file,,,,,release-01-05-26,4.20730271789854,,urn:mavedb:00001224-a-1,BRCA2 HDR VC-8 cells
BRCA2,BRCA2 p.Arg2336Gly,Likely benign,"criteria provided, single submitter",141563,NM_000059.4(BRCA2):c.7006C>G (p.Arg2336Gly),"Apr 27, 2023",ClinVar,clinvar,clinvar_variant_summary,cohort,file,,,,,release-01-05-26,,,,
BRCA2,BRCA2 p.Leu2396Phe,Benign,reviewed by expert panel,141729,NM_000059.4(BRCA2):c.7188G>T (p.Leu2396Phe),"Jun 18, 2019",ClinVar,clinvar,clinvar_variant_summary,cohort,file,3.185e-05,1.0,147930.0,2.322e-05,release-01-05-26,,,,
BRCA2,BRCA2 p.Phe266Leu,Likely benign,"criteria provided, multiple submitters, no conflicts",142396,NM_000059.4(BRCA2):c.796T>C (p.Phe266Leu),"Dec 23, 2025",ClinVar,clinvar,clinvar_variant_summary,cohort,file,4.797e-05,11.0,229292.0,0.0001893,release-01-05-26,,,,
BRCA2,BRCA2 p.Asn3187Lys,Likely benign,"criteria provided, single submitter",142647,NM_000059.4(BRCA2):c.9561T>A (p.Asn3187Lys),"Jan 24, 2020",ClinVar,clinvar,clinvar_variant_summary,cohort,file,,,,,release-01-05-26,4.60307051218178,,urn:mavedb:00001224-a-1,BRCA2 HDR VC-8 cells
BRCA2,BRCA2 p.Asp1911Gly,Likely benign,"criteria provided, multiple submitters, no conflicts",142690,NM_000059.4(BRCA2):c.5732A>G (p.Asp1911Gly),"Sep 19, 2024",ClinVar,clinvar,clinvar_variant_summary,cohort,file,,,,,release-01-05-26,,,,
BRCA2,BRCA2 p.Phe2562Cys,Likely pathogenic,reviewed by expert panel,142784,NM_000059.4(BRCA2):c.7685T>G (p.Phe2562Cys),"Jan 04, 2026",ClinVar,clinvar,clinvar_variant_summary,cohort,file,,,,,release-01-05-26,1.320542971656168,,urn:mavedb:00001224-a-1,BRCA2 HDR VC-8 cells
BRCA1,BRCA1 p.His1805Tyr,Likely benign,"criteria provided, single submitter",142988,NM_007294.4(BRCA1):c.5413C>T (p.His1805Tyr),"Jul 21, 2025",ClinVar,clinvar,clinvar_variant_summary,cohort,file,,,,,release-01-05-26,,,,
BRCA2,BRCA2 p.Ala2825Ser,Benign,"criteria provided, single submitter",142989,NM_000059.4(BRCA2):c.8473G>T (p.Ala2825Ser),"May 19, 2025",ClinVar,clinvar,clinvar_variant_summary,cohort,file,,,,,release-01-05-26,,,,
BRCA1,BRCA1 p.Lys556Gln,Likely benign,"criteria provided, single submitter",156488,NM_007294.4(BRCA1):c.1666A>C (p.Lys556Gln),"Mar 23, 2023",ClinVar,clinvar,clinvar_variant_summary,cohort,file,,,,,release-01-05-26,,,,
BRCA2,BRCA2 p.Gln713Pro,Likely benign,"criteria provided, single submitter",156490,NM_000059.4(BRCA2):c.2138A>C (p.Gln713Pro),"Mar 23, 2023",ClinVar,clinvar,clinvar_variant_summary,cohort,file,,,,,release-01-05-26,,,,
BRCA2,BRCA2 p.Gly173Arg,Pathogenic/Likely pathogenic,"criteria provided, multiple submitters, no conflicts",182177,NM_000059.4(BRCA2):c.517G>C (p.Gly173Arg),"Jan 05, 2026",ClinVar,clinvar,clinvar_variant_summary,cohort,file,,,,,release-01-05-26,,,,
BRCA1,BRCA1 p.His1686Arg,Pathogenic/Likely pathogenic,"criteria provided, multiple submitters, no conflicts",183179,NM_007294.4(BRCA1):c.5057A>G (p.His1686Arg),"Jun 20, 2025",ClinVar,clinvar,clinvar_variant_summary,cohort,file,,,,,release-01-05-26,,,,
BRCA2,BRCA2 p.Pro41Leu,Benign/Likely benign,"criteria provided, multiple submitters, no conflicts",184823,NM_000059.4(BRCA2):c.122C>T (p.Pro41Leu),"Jan 19, 2026",ClinVar,clinvar,clinvar_variant_summary,cohort,file,1.353e-05,2.0,147766.0,0.0,release-01-05-26,,,,
BRCA2,BRCA2 p.Tyr2601Cys,Likely pathogenic,"criteria provided, multiple submitters, no conflicts",185651,NM_000059.4(BRCA2):c.7802A>G (p.Tyr2601Cys),"Oct 19, 2025",ClinVar,clinvar,clinvar_variant_summary,cohort,file,,,,,release-01-05-26,,,,
BRCA2,BRCA2 p.Pro2785Thr,Likely benign,"criteria provided, single submitter",185579,NM_000059.4(BRCA2):c.8353C>A (p.Pro2785Thr),"Jan 11, 2022",ClinVar,clinvar,clinvar_variant_summary,cohort,file,,,,,release-01-05-26,4.292914146852375,,urn:mavedb:00001224-a-1,BRCA2 HDR VC-8 cells
BRCA2,BRCA2 p.Pro2785Leu,Likely benign,reviewed by expert panel,185253,NM_000059.4(BRCA2):c.8354C>T (p.Pro2785Leu),"Dec 02, 2025",ClinVar,clinvar,clinvar_variant_summary,cohort,file,6.763e-06,1.0,147868.0,0.0,release-01-05-26,4.788796581826593,,urn:mavedb:00001224-a-1,BRCA2 HDR VC-8 cells
BRCA1,BRCA1 p.Ile1858Leu,Benign,reviewed by expert panel,183951,NM_007294.4(BRCA1):c.5572A>C (p.Ile1858Leu),"Aug 10, 2015",ClinVar,clinvar,clinvar_variant_summary,cohort,file,6.35e-05,3.0,147880.0,0.0002772,release-01-05-26,,,,
BRCA1,BRCA1 p.Ala744Thr,Likely benign,"criteria provided, multiple submitters, no conflicts",187051,NM_007294.4(BRCA1):c.2230G>A (p.Ala744Thr),"Mar 23, 2023",ClinVar,clinvar,clinvar_variant_summary,cohort,file,,,,,release-01-05-26,,,,
BRCA1,BRCA1 p.Thr333Ala,Benign,reviewed by expert panel,184709,NM_007294.4(BRCA1):c.997A>G (p.Thr333Ala),"Jun 18, 2019",ClinVar,clinvar,clinvar_variant_summary,cohort,file,1.352e-05,2.0,147908.0,4.88e-06,release-01-05-26,,,,
BRCA1,BRCA1 p.Arg71Met,Pathogenic/Likely pathogenic,"criteria provided, multiple submitters, no conflicts",185705,NM_007294.4(BRCA1):c.212G>T (p.Arg71Met),"Oct 18, 2024",ClinVar,clinvar,clinvar_variant_summary,cohort,file,,,,,release-01-05-26,,,,
BRCA1,BRCA1 p.Lys45Gln,Benign,reviewed by expert panel,183950,NM_007294.4(BRCA1):c.133A>C (p.Lys45Gln),"Aug 10, 2015",ClinVar,clinvar,clinvar_variant_summary,cohort,file,1.353e-05,2.0,147872.0,4.88e-06,release-01-05-26,,,,
BRCA1,BRCA1 p.Pro34Leu,Likely pathogenic,reviewed by expert panel,186913,NM_007294.4(BRCA1):c.101C>T (p.Pro34Leu),"Jan 04, 2026",ClinVar,clinvar,clinvar_variant_summary,cohort,file,,,,,release-01-05-26,,,,
BRCA2,BRCA2 p.Cys1265Ser,Benign,reviewed by expert panel,209217,NM_000059.4(BRCA2):c.3793T>A (p.Cys1265Ser),"Aug 10, 2015",ClinVar,clinvar,clinvar_variant_summary,cohort,file,,,,,release-01-05-26,,,,
BRCA2,BRCA2 p.Glu1537Lys,Benign,reviewed by expert panel,209218,NM_000059.4(BRCA2):c.4609G>A (p.Glu1537Lys),"Aug 10, 2015",ClinVar,clinvar,clinvar_variant_summary,cohort,file,,,,,release-01-05-26,,,,
BRCA2,BRCA2 p.Met1Val,Pathogenic,"criteria provided, single submitter",216026,NM_000059.4(BRCA2):c.1A>G (p.Met1Val),"Apr 28, 2019",ClinVar,clinvar,clinvar_variant_summary,cohort,file,,,,,,,,,
BRCA2,BRCA2 p.Leu3101Pro,Likely pathogenic,reviewed by expert panel,216263,NM_000059.4(BRCA2):c.9302T>C (p.Leu3101Pro),"Aug 18, 2025",ClinVar,clinvar,clinvar_variant_summary,cohort,file,,,,,release-01-05-26,0.9024047720488052,,urn:mavedb:00001224-a-1,BRCA2 HDR VC-8 cells
BRCA1,BRCA1 p.Asp96Gly,Pathogenic/Likely pathogenic,"criteria provided, multiple submitters, no conflicts",220258,NM_007294.4(BRCA1):c.287A>G (p.Asp96Gly),"Oct 22, 2024",ClinVar,clinvar,clinvar_variant_summary,cohort,file,,,,,release-01-05-26,,,,
BRCA1,BRCA1 p.Ser1387Pro,Likely benign,reviewed by expert panel,224433,NM_007294.4(BRCA1):c.4159T>C (p.Ser1387Pro),"May 23, 2025",ClinVar,clinvar,clinvar_variant_summary,cohort,file,4.274e-06,1.0,233974.0,,release-01-05-26,,,,
BRCA1,BRCA1 p.Cys64Trp,Pathogenic/Likely pathogenic,"criteria provided, multiple submitters, no conflicts",224427,NM_007294.4(BRCA1):c.192T>G (p.Cys64Trp),"Apr 18, 2021",ClinVar,clinvar,clinvar_variant_summary,cohort,file,,,,,release-01-05-26,,,,
BRCA1,BRCA1 p.Phe1734Leu,Likely pathogenic,reviewed by expert panel,225711,NM_007294.4(BRCA1):c.5202T>G (p.Phe1734Leu),"Jan 04, 2026",ClinVar,clinvar,clinvar_variant_summary,cohort,file,,,,,release-01-05-26,,,,
BRCA2,BRCA2 p.Leu2396Ser,Likely benign,"criteria provided, single submitter",230839,NM_000059.4(BRCA2):c.7187T>C (p.Leu2396Ser),"Mar 16, 2015",ClinVar,clinvar,clinvar_variant_summary,cohort,file,,,,,release-01-05-26,,,,
BRCA2,BRCA2 p.Gly2609Val,Likely pathogenic,reviewed by expert panel,232537,NM_000059.4(BRCA2):c.7826G>T (p.Gly2609Val),"Dec 02, 2025",ClinVar,clinvar,clinvar_variant_summary,cohort,file,,,,,release-01-05-26,1.082999041723945,,urn:mavedb:00001224-a-1,BRCA2 HDR VC-8 cells
BRCA2,BRCA2 p.Ile2627Asn,Likely pathogenic,"criteria provided, multiple submitters, no conflicts",230735,NM_000059.4(BRCA2):c.7880T>A (p.Ile2627Asn),"Aug 30, 2025",ClinVar,clinvar,clinvar_variant_summary,cohort,file,,,,,release-01-05-26,1.1641763240924965,,urn:mavedb:00001224-a-1,BRCA2 HDR VC-8 cells
BRCA2,BRCA2 p.Thr2722Lys,Pathogenic/Likely pathogenic,"criteria provided, multiple submitters, no conflicts",230821,NM_000059.4(BRCA2):c.8165C>A (p.Thr2722Lys),"Oct 26, 2025",ClinVar,clinvar,clinvar_variant_summary,cohort,file,,,,,release-01-05-26,0.9951023300453592,,urn:mavedb:00001224-a-1,BRCA2 HDR VC-8 cells
BRCA2,BRCA2 p.Ala2738Thr,Likely benign,"criteria provided, single submitter",230765,NM_000059.4(BRCA2):c.8212G>A (p.Ala2738Thr),"May 08, 2025",ClinVar,clinvar,clinvar_variant_summary,cohort,file,,,,,release-01-05-26,,,,
BRCA2,BRCA2 p.Leu2776Ile,Likely benign,"criteria provided, single submitter",233108,NM_000059.4(BRCA2):c.8326T>A (p.Leu2776Ile),"Jan 09, 2022",ClinVar,clinvar,clinvar_variant_summary,cohort,file,,,,,release-01-05-26,4.449269454614981,,urn:mavedb:00001224-a-1,BRCA2 HDR VC-8 cells
BRCA2,BRCA2 p.Pro2804His,Likely benign,"criteria provided, single submitter",230680,NM_000059.4(BRCA2):c.8411C>A (p.Pro2804His),"May 08, 2025",ClinVar,clinvar,clinvar_variant_summary,cohort,file,,,,,release-01-05-26,,,,
BRCA2,BRCA2 p.Lys2833Asn,Likely benign,"criteria provided, single submitter",231248,NM_000059.4(BRCA2):c.8499G>C (p.Lys2833Asn),"Jan 11, 2022",ClinVar,clinvar,clinvar_variant_summary,cohort,file,,,,,release-01-05-26,3.0038258149497707,,urn:mavedb:00001224-a-1,BRCA2 HDR VC-8 cells
BRCA2,BRCA2 p.Pro2886Thr,Benign,"criteria provided, single submitter",230631,NM_000059.4(BRCA2):c.8656C>A (p.Pro2886Thr),"May 19, 2025",ClinVar,clinvar,clinvar_variant_summary,cohort,file,,,,,release-01-05-26,,,,
BRCA2,BRCA2 p.Gln2957His,Benign,"criteria provided, single submitter",232467,NM_000059.4(BRCA2):c.8871A>T (p.Gln2957His),"May 22, 2025",ClinVar,clinvar,clinvar_variant_summary,cohort,file,,,,,release-01-05-26,,,,
BRCA2,BRCA2 p.Tyr3035Phe,Benign,"criteria provided, single submitter",232526,NM_000059.4(BRCA2):c.9104A>T (p.Tyr3035Phe),"May 22, 2025",ClinVar,clinvar,clinvar_variant_summary,cohort,file,,,,,release-01-05-26,,,,
BRCA1,BRCA1 p.Pro1749Thr,Likely benign,"criteria provided, single submitter",232831,NM_007294.4(BRCA1):c.5245C>A (p.Pro1749Thr),"May 09, 2023",ClinVar,clinvar,clinvar_variant_summary,cohort,file,,,,,release-01-05-26,,,,
BRCA1,BRCA1 p.Phe1734Ile,Likely pathogenic,reviewed by expert panel,232047,NM_007294.4(BRCA1):c.5200T>A (p.Phe1734Ile),"Aug 18, 2025",ClinVar,clinvar,clinvar_variant_summary,cohort,file,,,,,release-01-05-26,,,,
BRCA1,BRCA1 p.Tyr1703Cys,Likely pathogenic,reviewed by expert panel,232915,NM_007294.4(BRCA1):c.5108A>G (p.Tyr1703Cys),"Dec 02, 2025",ClinVar,clinvar,clinvar_variant_summary,cohort,file,,,,,release-01-05-26,,,,
BRCA1,BRCA1 p.Gln1395His,Likely pathogenic,reviewed by expert panel,232793,NM_007294.4(BRCA1):c.4185G>C (p.Gln1395His),"Mar 18, 2026",ClinVar,clinvar,clinvar_variant_summary,cohort,file,,,,,release-01-05-26,,,,
BRCA1,BRCA1 p.Gly933Ala,Benign,reviewed by expert panel,233288,NM_007294.4(BRCA1):c.2798G>C (p.Gly933Ala),"Jun 18, 2019",ClinVar,clinvar,clinvar_variant_summary,cohort,file,,,,,release-01-05-26,,,,
BRCA1,BRCA1 p.Ser387Thr,Benign,reviewed by expert panel,231852,NM_007294.4(BRCA1):c.1159T>A (p.Ser387Thr),"Jun 18, 2019",ClinVar,clinvar,clinvar_variant_summary,cohort,file,,,,,release-01-05-26,,,,
BRCA1,BRCA1 p.Asn247Asp,Likely benign,"criteria provided, multiple submitters, no conflicts",232600,NM_007294.4(BRCA1):c.739A>G (p.Asn247Asp),"Mar 23, 2023",ClinVar,clinvar,clinvar_variant_summary,cohort,file,,,,,release-01-05-26,,,,
BRCA1,BRCA1 p.His41Leu,Likely pathogenic,reviewed by expert panel,230862,NM_007294.4(BRCA1):c.122A>T (p.His41Leu),"May 23, 2025",ClinVar,clinvar,clinvar_variant_summary,cohort,file,,,,,release-01-05-26,,,,
BRCA1,BRCA1 p.Pro25Leu,Likely pathogenic,reviewed by expert panel,232955,NM_007294.4(BRCA1):c.74C>T (p.Pro25Leu),"May 23, 2025",ClinVar,clinvar,clinvar_variant_summary,cohort,file,,,,,release-01-05-26,,,,
BRCA1,BRCA1 p.Gly1748Arg,Likely pathogenic,"criteria provided, multiple submitters, no conflicts",240819,NM_007294.4(BRCA1):c.5242G>C (p.Gly1748Arg),"Apr 30, 2024",ClinVar,clinvar,clinvar_variant_summary,cohort,file,,,,,release-01-05-26,,,,
BRCA1,BRCA1 p.Thr1675Ile,Benign,reviewed by expert panel,240811,NM_007294.4(BRCA1):c.5024C>T (p.Thr1675Ile),"Jun 18, 2019",ClinVar,clinvar,clinvar_variant_summary,cohort,file,1.353e-05,2.0,147794.0,4.88e-06,release-01-05-26,,,,
BRCA1,BRCA1 p.Arg1495Thr,Pathogenic,reviewed by expert panel,245697,NM_007294.4(BRCA1):c.4484G>C (p.Arg1495Thr),"Jun 18, 2019",ClinVar,clinvar,clinvar_variant_summary,cohort,file,,,,,release-01-05-26,,,,
BRCA1,BRCA1 p.Val11Gly,Likely pathogenic,reviewed by expert panel,245973,NM_007294.4(BRCA1):c.32T>G (p.Val11Gly),"Dec 02, 2025",ClinVar,clinvar,clinvar_variant_summary,cohort,file,,,,,release-01-05-26,,,,
BRCA2,BRCA2 p.Asp3095Glu,Pathogenic/Likely pathogenic,"criteria provided, multiple submitters, no conflicts",252859,NM_000059.4(BRCA2):c.9285C>A (p.Asp3095Glu),"Dec 21, 2023",ClinVar,clinvar,clinvar_variant_summary,cohort,file,,,,,release-01-05-26,0.9480231256621984,,urn:mavedb:00001224-a-1,BRCA2 HDR VC-8 cells
BRCA1,BRCA1 p.Tyr1703Asp,Likely pathogenic,"criteria provided, multiple submitters, no conflicts",252884,NM_007294.4(BRCA1):c.5107T>G (p.Tyr1703Asp),"Dec 14, 2024",ClinVar,clinvar,clinvar_variant_summary,cohort,file,,,,,release-01-05-26,,,,
BRCA1,BRCA1 p.Ile26Asn,Pathogenic,no assertion criteria provided,252890,NM_007294.4(BRCA1):c.77T>A (p.Ile26Asn),"Jul 15, 2010",ClinVar,clinvar,clinvar_variant_summary,cohort,file,,,,,release-01-05-26,,,,
BRCA1,BRCA1 p.Val1838Gly,Likely pathogenic,"criteria provided, single submitter",254643,NM_007294.4(BRCA1):c.5513T>G (p.Val1838Gly),"Jul 01, 2015",ClinVar,clinvar,clinvar_variant_summary,cohort,file,,,,,release-01-05-26,,,,
BRCA2,BRCA2 p.Asn1766Lys,Likely benign,"criteria provided, single submitter",267224,NM_000059.4(BRCA2):c.5298T>A (p.Asn1766Lys),"Mar 23, 2023",ClinVar,clinvar,clinvar_variant_summary,cohort,file,,,,,release-01-05-26,,,,
BRCA1,BRCA1 p.Gly1706Arg,Pathogenic/Likely pathogenic,"criteria provided, multiple submitters, no conflicts",267219,NM_007294.4(BRCA1):c.5116G>C (p.Gly1706Arg),"Sep 09, 2025",ClinVar,clinvar,clinvar_variant_summary,cohort,file,,,,,release-01-05-26,,,,
BRCA1,BRCA1 p.Ile1766Asn,Pathogenic/Likely pathogenic,"criteria provided, multiple submitters, no conflicts",267594,NM_007294.4(BRCA1):c.5297T>A (p.Ile1766Asn),"Sep 11, 2025",ClinVar,clinvar,clinvar_variant_summary,cohort,file,,,,,release-01-05-26,,,,
BRCA1,BRCA1 p.Arg71Thr,Pathogenic,"criteria provided, multiple submitters, no conflicts",267512,NM_007294.4(BRCA1):c.212G>C (p.Arg71Thr),"Dec 31, 2025",ClinVar,clinvar,clinvar_variant_summary,cohort,file,,,,,release-01-05-26,,,,
BRCA1,BRCA1 p.Cys47Ser,Pathogenic,"criteria provided, single submitter",267508,NM_007294.4(BRCA1):c.139T>A (p.Cys47Ser),"Oct 02, 2015",ClinVar,clinvar,clinvar_variant_summary,cohort,file,,,,,release-01-05-26,,,,
BRCA1,BRCA1 p.Cys39Trp,Pathogenic,"criteria provided, multiple submitters, no conflicts",267497,NM_007294.4(BRCA1):c.117T>G (p.Cys39Trp),"Jan 30, 2019",ClinVar,clinvar,clinvar_variant_summary,cohort,file,,,,,release-01-05-26,,,,
BRCA1,BRCA1 p.Ser1655Pro,Likely pathogenic,reviewed by expert panel,373826,NM_007294.4(BRCA1):c.4963T>C (p.Ser1655Pro),"Aug 18, 2025",ClinVar,clinvar,clinvar_variant_summary,cohort,file,,,,,release-01-05-26,,,,
BRCA2,BRCA2 p.Ile3412Ser,Likely benign,"criteria provided, single submitter",392267,NM_000059.4(BRCA2):c.10235T>G (p.Ile3412Ser),"Dec 20, 2016",ClinVar,clinvar,clinvar_variant_summary,cohort,file,,,,,release-01-05-26,,,,
BRCA2,BRCA2 p.Gly2181Arg,Likely benign,"criteria provided, multiple submitters, no conflicts",387276,NM_000059.4(BRCA2):c.6541G>A (p.Gly2181Arg),"Mar 23, 2023",ClinVar,clinvar,clinvar_variant_summary,cohort,file,,,,,release-01-05-26,,,,
BRCA2,BRCA2 p.Gly2724Trp,Likely pathogenic,"criteria provided, single submitter",381831,NM_000059.4(BRCA2):c.8170G>T (p.Gly2724Trp),"Jun 09, 2017",ClinVar,clinvar,clinvar_variant_summary,cohort,file,,,,,release-01-05-26,1.117879068251608,,urn:mavedb:00001224-a-1,BRCA2 HDR VC-8 cells
BRCA2,BRCA2 p.Ala2233Val,Likely benign,"criteria provided, multiple submitters, no conflicts",409574,NM_000059.4(BRCA2):c.6698C>T (p.Ala2233Val),"Aug 22, 2024",ClinVar,clinvar,clinvar_variant_summary,cohort,file,,,,,release-01-05-26,,,,
BRCA2,BRCA2 p.Leu2656Gln,Likely pathogenic,reviewed by expert panel,409564,NM_000059.4(BRCA2):c.7967T>A (p.Leu2656Gln),"Dec 02, 2025",ClinVar,clinvar,clinvar_variant_summary,cohort,file,,,,,release-01-05-26,0.7971528259817428,,urn:mavedb:00001224-a-1,BRCA2 HDR VC-8 cells
BRCA2,BRCA2 p.Tyr828His,Likely benign,reviewed by expert panel,409559,NM_000059.4(BRCA2):c.2482T>C (p.Tyr828His),"May 23, 2025",ClinVar,clinvar,clinvar_variant_summary,cohort,file,6.761e-06,1.0,147908.0,0.0,release-01-05-26,,,,
BRCA2,BRCA2 p.Trp2626Arg,Pathogenic/Likely pathogenic,"criteria provided, multiple submitters, no conflicts",409541,NM_000059.4(BRCA2):c.7876T>A (p.Trp2626Arg),"Feb 16, 2025",ClinVar,clinvar,clinvar_variant_summary,cohort,file,,,,,release-01-05-26,1.0881656853613484,,urn:mavedb:00001224-a-1,BRCA2 HDR VC-8 cells
BRCA1,BRCA1 p.His41Asn,Likely pathogenic,reviewed by expert panel,409353,NM_007294.4(BRCA1):c.121C>A (p.His41Asn),"May 23, 2025",ClinVar,clinvar,clinvar_variant_summary,cohort,file,,,,,release-01-05-26,,,,
BRCA1,BRCA1 p.Arg1753Ser,Likely pathogenic,"criteria provided, single submitter",409370,NM_007294.4(BRCA1):c.5259A>T (p.Arg1753Ser),"Nov 29, 2022",ClinVar,clinvar,clinvar_variant_summary,cohort,file,,,,,release-01-05-26,,,,
BRCA2,BRCA2 p.Glu377Gln,Likely benign,"criteria provided, single submitter",417620,NM_000059.4(BRCA2):c.1129G>C (p.Glu377Gln),"Mar 23, 2023",ClinVar,clinvar,clinvar_variant_summary,cohort,file,,,,,release-01-05-26,,,,
BRCA1,BRCA1 p.Gly1770Val,Pathogenic,reviewed by expert panel,417832,NM_007294.4(BRCA1):c.5309G>T (p.Gly1770Val),"Jul 18, 2018",ClinVar,clinvar,clinvar_variant_summary,cohort,file,,,,,release-01-05-26,,,,
BRCA2,BRCA2 p.Gly2596Glu,Likely pathogenic,reviewed by expert panel,421439,NM_000059.4(BRCA2):c.7787G>A (p.Gly2596Glu),"Aug 18, 2025",ClinVar,clinvar,clinvar_variant_summary,cohort,file,,,,,release-01-05-26,1.116150028180084,,urn:mavedb:00001224-a-1,BRCA2 HDR VC-8 cells
BRCA2,BRCA2 p.Arg2625Ile,Likely pathogenic,reviewed by expert panel,419217,NM_000059.4(BRCA2):c.7874G>T (p.Arg2625Ile),"Dec 02, 2025",ClinVar,clinvar,clinvar_variant_summary,cohort,file,,,,,release-01-05-26,1.173548708115666,,urn:mavedb:00001224-a-1,BRCA2 HDR VC-8 cells
BRCA1,BRCA1 p.Pro34Ser,Likely pathogenic,reviewed by expert panel,418671,NM_007294.4(BRCA1):c.100C>T (p.Pro34Ser),"Dec 02, 2025",ClinVar,clinvar,clinvar_variant_summary,cohort,file,,,,,release-01-05-26,,,,
BRCA2,BRCA2 p.Gln1562Arg,Likely benign,"criteria provided, single submitter",431192,NM_000059.4(BRCA2):c.4685A>G (p.Gln1562Arg),"Mar 23, 2023",ClinVar,clinvar,clinvar_variant_summary,cohort,file,,,,,release-01-05-26,,,,
BRCA1,BRCA1 p.Ile171Val,Likely benign,"criteria provided, single submitter",431182,NM_007294.4(BRCA1):c.511A>G (p.Ile171Val),"Apr 18, 2017",ClinVar,clinvar,clinvar_variant_summary,cohort,file,,,,,release-01-05-26,,,,
BRCA2,BRCA2 p.Met1Lys,Pathogenic/Likely pathogenic,"criteria provided, multiple submitters, no conflicts",431282,NM_000059.4(BRCA2):c.2T>A (p.Met1Lys),"Jul 17, 2022",ClinVar,clinvar,clinvar_variant_summary,cohort,file,,,,,,,,,
BRCA2,BRCA2 p.Gly1696Val,Pathogenic,no assertion criteria provided,431311,NM_000059.4(BRCA2):c.5087G>T (p.Gly1696Val),"Jan 31, 2014",ClinVar,clinvar,clinvar_variant_summary,cohort,file,,,,,release-01-05-26,,,,
BRCA1,BRCA1 p.Ala521Pro,Likely benign,"criteria provided, single submitter",431216,NM_007294.4(BRCA1):c.1561G>C (p.Ala521Pro),"Mar 23, 2023",ClinVar,clinvar,clinvar_variant_summary,cohort,file,,,,,release-01-05-26,,,,
BRCA1,BRCA1 p.Met1Ile,Pathogenic/Likely pathogenic,"criteria provided, multiple submitters, no conflicts",431194,NM_007294.4(BRCA1):c.3G>A (p.Met1Ile),"Sep 17, 2025",ClinVar,clinvar,clinvar_variant_summary,cohort,file,,,,,,,,,
BRCA2,BRCA2 p.Ala487Ser,Likely benign,"criteria provided, single submitter",433759,NM_000059.4(BRCA2):c.1459G>T (p.Ala487Ser),"Mar 23, 2023",ClinVar,clinvar,clinvar_variant_summary,cohort,file,,,,,release-01-05-26,,,,
BRCA2,BRCA2 p.Asp1360Val,Likely benign,"criteria provided, single submitter",433782,NM_000059.4(BRCA2):c.4079A>T (p.Asp1360Val),"Mar 23, 2023",ClinVar,clinvar,clinvar_variant_summary,cohort,file,,,,,release-01-05-26,,,,
BRCA2,BRCA2 p.Val1497Phe,Likely benign,"criteria provided, single submitter",433784,NM_000059.4(BRCA2):c.4489G>T (p.Val1497Phe),"Mar 23, 2023",ClinVar,clinvar,clinvar_variant_summary,cohort,file,,,,,release-01-05-26,,,,
BRCA2,BRCA2 p.Thr1586Ile,Likely benign,"criteria provided, single submitter",3825379,NM_000059.4(BRCA2):c.4757C>T (p.Thr1586Ile),"Dec 12, 2024",ClinVar,clinvar,clinvar_variant_summary,cohort,file,,,,,release-01-05-26,,,,
BRCA2,BRCA2 p.Asn1805Asp,Likely benign,"criteria provided, single submitter",433794,NM_000059.4(BRCA2):c.5413A>G (p.Asn1805Asp),"Mar 23, 2023",ClinVar,clinvar,clinvar_variant_summary,cohort,file,,,,,release-01-05-26,,,,
BRCA2,BRCA2 p.Gly2168Ala,Likely benign,"criteria provided, single submitter",433806,NM_000059.4(BRCA2):c.6503G>C (p.Gly2168Ala),"Mar 23, 2023",ClinVar,clinvar,clinvar_variant_summary,cohort,file,,,,,release-01-05-26,,,,
BRCA2,BRCA2 p.Leu3125Phe,Pathogenic/Likely pathogenic,"criteria provided, multiple submitters, no conflicts",433840,NM_000059.4(BRCA2):c.9373C>T (p.Leu3125Phe),"Sep 25, 2025",ClinVar,clinvar,clinvar_variant_summary,cohort,file,,,,,release-01-05-26,1.0837649183962004,,urn:mavedb:00001224-a-1,BRCA2 HDR VC-8 cells
BRCA2,BRCA2 p.Ala3399Ser,Likely benign,"criteria provided, single submitter",433844,NM_000059.4(BRCA2):c.10195G>T (p.Ala3399Ser),"Nov 20, 2018",ClinVar,clinvar,clinvar_variant_summary,cohort,file,,,,,release-01-05-26,,,,
BRCA1,BRCA1 p.Tyr1853Asn,Likely pathogenic,"criteria provided, multiple submitters, no conflicts",433738,NM_007294.4(BRCA1):c.5557T>A (p.Tyr1853Asn),"Jan 14, 2026",ClinVar,clinvar,clinvar_variant_summary,cohort,file,,,,,release-01-05-26,,,,
BRCA1,BRCA1 p.Arg1751Gly,Likely pathogenic,"criteria provided, single submitter",433728,NM_007294.4(BRCA1):c.5251C>G (p.Arg1751Gly),"Jan 06, 2020",ClinVar,clinvar,clinvar_variant_summary,cohort,file,,,,,release-01-05-26,,,,
BRCA1,BRCA1 p.Val1687Gly,Likely pathogenic,"criteria provided, multiple submitters, no conflicts",433721,NM_007294.4(BRCA1):c.5060T>G (p.Val1687Gly),"Feb 21, 2025",ClinVar,clinvar,clinvar_variant_summary,cohort,file,,,,,release-01-05-26,,,,
BRCA1,BRCA1 p.Ser1125Tyr,Likely benign,"criteria provided, single submitter",433706,NM_007294.4(BRCA1):c.3374C>A (p.Ser1125Tyr),"Mar 23, 2023",ClinVar,clinvar,clinvar_variant_summary,cohort,file,,,,,release-01-05-26,,,,
BRCA1,BRCA1 p.Glu1013Lys,Likely benign,"criteria provided, single submitter",433703,NM_007294.4(BRCA1):c.3037G>A (p.Glu1013Lys),"Mar 23, 2023",ClinVar,clinvar,clinvar_variant_summary,cohort,file,,,,,release-01-05-26,,,,
BRCA2,BRCA2 p.Ser976Thr,Benign/Likely benign,"criteria provided, multiple submitters, no conflicts",434527,NM_000059.4(BRCA2):c.2926T>A (p.Ser976Thr),"Jan 23, 2026",ClinVar,clinvar,clinvar_variant_summary,cohort,file,0.001944,287.0,147864.0,0.006097,release-01-05-26,,,,
BRCA2,BRCA2 p.Ser976Phe,Benign/Likely benign,"criteria provided, multiple submitters, no conflicts",434528,NM_000059.4(BRCA2):c.2927C>T (p.Ser976Phe),"Jan 23, 2026",ClinVar,clinvar,clinvar_variant_summary,cohort,file,0.001943,287.0,147848.0,0.006091,release-01-05-26,,,,
BRCA2,BRCA2 p.Trp2619Cys,Likely pathogenic,reviewed by expert panel,438744,NM_000059.4(BRCA2):c.7857G>C (p.Trp2619Cys),"May 23, 2025",ClinVar,clinvar,clinvar_variant_summary,cohort,file,,,,,release-01-05-26,1.0023148706866625,,urn:mavedb:00001224-a-1,BRCA2 HDR VC-8 cells
BRCA2,BRCA2 p.Ala3122Pro,Likely pathogenic,reviewed by expert panel,439019,NM_000059.4(BRCA2):c.9364G>C (p.Ala3122Pro),"Dec 02, 2025",ClinVar,clinvar,clinvar_variant_summary,cohort,file,,,,,release-01-05-26,1.0923892942107043,,urn:mavedb:00001224-a-1,BRCA2 HDR VC-8 cells
BRCA1,BRCA1 p.Phe1761Cys,Likely pathogenic,reviewed by expert panel,440481,NM_007294.4(BRCA1):c.5282T>G (p.Phe1761Cys),"Aug 18, 2025",ClinVar,clinvar,clinvar_variant_summary,cohort,file,,,,,release-01-05-26,,,,
BRCA2,BRCA2 p.Lys172Asn,Likely pathogenic,"criteria provided, single submitter",441345,NM_000059.4(BRCA2):c.516G>T (p.Lys172Asn),"Jan 05, 2023",ClinVar,clinvar,clinvar_variant_summary,cohort,file,,,,,release-01-05-26,,,,
BRCA2,BRCA2 p.Asp427Glu,Benign/Likely benign,"criteria provided, multiple submitters, no conflicts",441324,NM_000059.4(BRCA2):c.1281C>G (p.Asp427Glu),"Jun 05, 2024",ClinVar,clinvar,clinvar_variant_summary,cohort,file,,,,,release-01-05-26,,,,
BRCA2,BRCA2 p.Leu2732Val,Likely benign,"criteria provided, single submitter",441355,NM_000059.4(BRCA2):c.8194T>G (p.Leu2732Val),"May 08, 2025",ClinVar,clinvar,clinvar_variant_summary,cohort,file,,,,,release-01-05-26,,,,
BRCA2,BRCA2 p.Ala2951Ser,Likely benign,"criteria provided, single submitter",441405,NM_000059.4(BRCA2):c.8851G>T (p.Ala2951Ser),"May 16, 2025",ClinVar,clinvar,clinvar_variant_summary,cohort,file,,,,,release-01-05-26,,,,
BRCA1,BRCA1 p.Asp1757Tyr,Likely benign,"criteria provided, single submitter",441431,NM_007294.4(BRCA1):c.5269G>T (p.Asp1757Tyr),"May 20, 2021",ClinVar,clinvar,clinvar_variant_summary,cohort,file,,,,,release-01-05-26,,,,
BRCA1,BRCA1 p.Ile90Val,Likely benign,"criteria provided, single submitter",441388,NM_007294.4(BRCA1):c.268A>G (p.Ile90Val),"May 20, 2021",ClinVar,clinvar,clinvar_variant_summary,cohort,file,,,,,release-01-05-26,,,,
BRCA2,BRCA2 p.Arg3052Leu,Likely pathogenic,"criteria provided, multiple submitters, no conflicts",462517,NM_000059.4(BRCA2):c.9155G>T (p.Arg3052Leu),"Oct 21, 2024",ClinVar,clinvar,clinvar_variant_summary,cohort,file,,,,,release-01-05-26,1.040084600291877,,urn:mavedb:00001224-a-1,BRCA2 HDR VC-8 cells
BRCA2,BRCA2 p.His962Tyr,Likely benign,"criteria provided, multiple submitters, no conflicts",462280,NM_000059.4(BRCA2):c.2884C>T (p.His962Tyr),"Aug 14, 2025",ClinVar,clinvar,clinvar_variant_summary,cohort,file,0.0001026,6.0,147836.0,3.26e-06,release-01-05-26,,,,
BRCA1,BRCA1 p.Leu1780Gln,Likely pathogenic,"criteria provided, single submitter",462670,NM_007294.4(BRCA1):c.5339T>A (p.Leu1780Gln),"Feb 01, 2024",ClinVar,clinvar,clinvar_variant_summary,cohort,file,,,,,release-01-05-26,,,,
BRCA1,BRCA1 p.Leu1223Phe,Likely benign,"criteria provided, multiple submitters, no conflicts",462619,NM_007294.4(BRCA1):c.3667C>T (p.Leu1223Phe),"Apr 30, 2024",ClinVar,clinvar,clinvar_variant_summary,cohort,file,,,,,release-01-05-26,,,,
BRCA1,BRCA1 p.Cys64Ser,Pathogenic/Likely pathogenic,"criteria provided, multiple submitters, no conflicts",462571,NM_007294.4(BRCA1):c.191G>C (p.Cys64Ser),"Jan 28, 2026",ClinVar,clinvar,clinvar_variant_summary,cohort,file,,,,,release-01-05-26,,,,
BRCA2,BRCA2 p.Ser599Phe,Benign,reviewed by expert panel,481597,NM_000059.4(BRCA2):c.1796C>T (p.Ser599Phe),"Jun 18, 2019",ClinVar,clinvar,clinvar_variant_summary,cohort,file,,,,,release-01-05-26,,,,
BRCA2,BRCA2 p.Asn801Lys,Likely benign,"criteria provided, multiple submitters, no conflicts",485423,NM_000059.4(BRCA2):c.2403C>A (p.Asn801Lys),"Mar 23, 2023",ClinVar,clinvar,clinvar_variant_summary,cohort,file,,,,,release-01-05-26,,,,
BRCA2,BRCA2 p.Asp156Glu,Likely benign,"criteria provided, single submitter",479347,NM_000059.4(BRCA2):c.468T>A (p.Asp156Glu),"Sep 02, 2016",ClinVar,clinvar,clinvar_variant_summary,cohort,file,,,,,release-01-05-26,,,,
BRCA2,BRCA2 p.Tyr1751Ser,Likely benign,"criteria provided, multiple submitters, no conflicts",479319,NM_000059.4(BRCA2):c.5252A>C (p.Tyr1751Ser),"Jun 06, 2024",ClinVar,clinvar,clinvar_variant_summary,cohort,file,4.254e-06,1.0,235092.0,,release-01-05-26,,,,
BRCA2,BRCA2 p.Tyr2567His,Likely benign,"criteria provided, single submitter",482981,NM_000059.4(BRCA2):c.7699T>C (p.Tyr2567His),"May 05, 2025",ClinVar,clinvar,clinvar_variant_summary,cohort,file,,,,,release-01-05-26,,,,
BRCA2,BRCA2 p.Glu2599Gly,Likely pathogenic,reviewed by expert panel,483130,NM_000059.4(BRCA2):c.7796A>G (p.Glu2599Gly),"May 23, 2025",ClinVar,clinvar,clinvar_variant_summary,cohort,file,,,,,release-01-05-26,1.4053899689703326,,urn:mavedb:00001224-a-1,BRCA2 HDR VC-8 cells
BRCA2,BRCA2 p.Gln2749Glu,Likely benign,"criteria provided, single submitter",479309,NM_000059.4(BRCA2):c.8245C>G (p.Gln2749Glu),"May 08, 2025",ClinVar,clinvar,clinvar_variant_summary,cohort,file,,,,,release-01-05-26,,,,
BRCA2,BRCA2 p.Glu2772Val,Likely benign,"criteria provided, single submitter",479321,NM_000059.4(BRCA2):c.8315A>T (p.Glu2772Val),"May 08, 2025",ClinVar,clinvar,clinvar_variant_summary,cohort,file,,,,,release-01-05-26,,,,
BRCA2,BRCA2 p.Ala2780Asp,Likely pathogenic,"criteria provided, single submitter",483085,NM_000059.4(BRCA2):c.8339C>A (p.Ala2780Asp),"Mar 25, 2025",ClinVar,clinvar,clinvar_variant_summary,cohort,file,,,,,release-01-05-26,1.039014309161874,,urn:mavedb:00001224-a-1,BRCA2 HDR VC-8 cells
BRCA2,BRCA2 p.Leu3215Phe,Likely benign,"criteria provided, single submitter",481553,NM_000059.4(BRCA2):c.9643C>T (p.Leu3215Phe),"Jun 17, 2016",ClinVar,clinvar,clinvar_variant_summary,cohort,file,,,,,release-01-05-26,,,,
BRCA2,BRCA2 p.Leu1384Val,Likely benign,"criteria provided, multiple submitters, no conflicts",481593,NM_000059.4(BRCA2):c.4150T>G (p.Leu1384Val),"Mar 23, 2023",ClinVar,clinvar,clinvar_variant_summary,cohort,file,,,,,release-01-05-26,,,,
BRCA2,BRCA2 p.Leu2862Gln,Likely benign,"criteria provided, single submitter",481572,NM_000059.4(BRCA2):c.8585T>A (p.Leu2862Gln),"Jan 11, 2022",ClinVar,clinvar,clinvar_variant_summary,cohort,file,,,,,release-01-05-26,3.627962851555132,,urn:mavedb:00001224-a-1,BRCA2 HDR VC-8 cells
BRCA2,BRCA2 p.Asn3024Asp,Benign,"criteria provided, single submitter",483008,NM_000059.4(BRCA2):c.9070A>G (p.Asn3024Asp),"May 23, 2025",ClinVar,clinvar,clinvar_variant_summary,cohort,file,,,,,release-01-05-26,,,,
BRCA2,BRCA2 p.Val358Met,Likely benign,"criteria provided, multiple submitters, no conflicts",480892,NM_000059.4(BRCA2):c.1072G>A (p.Val358Met),"Mar 23, 2023",ClinVar,clinvar,clinvar_variant_summary,cohort,file,,,,,release-01-05-26,,,,
BRCA2,BRCA2 p.Ser2546Pro,Likely benign,"criteria provided, single submitter",482970,NM_000059.4(BRCA2):c.7636T>C (p.Ser2546Pro),"Apr 23, 2025",ClinVar,clinvar,clinvar_variant_summary,cohort,file,,,,,release-01-05-26,,,,
BRCA2,BRCA2 p.Tyr2789Phe,Likely benign,"criteria provided, single submitter",483121,NM_000059.4(BRCA2):c.8366A>T (p.Tyr2789Phe),"May 08, 2025",ClinVar,clinvar,clinvar_variant_summary,cohort,file,,,,,release-01-05-26,,,,
BRCA2,BRCA2 p.Leu2792Arg,Likely pathogenic,reviewed by expert panel,481525,NM_000059.4(BRCA2):c.8375T>G (p.Leu2792Arg),"Jan 04, 2026",ClinVar,clinvar,clinvar_variant_summary,cohort,file,,,,,release-01-05-26,1.0656830563151798,,urn:mavedb:00001224-a-1,BRCA2 HDR VC-8 cells
BRCA2,BRCA2 p.Asn3337Asp,Likely benign,"criteria provided, single submitter",479287,NM_000059.4(BRCA2):c.10009A>G (p.Asn3337Asp),"Mar 17, 2016",ClinVar,clinvar,clinvar_variant_summary,cohort,file,,,,,release-01-05-26,,,,
BRCA2,BRCA2 p.Tyr1480His,Likely benign,"criteria provided, multiple submitters, no conflicts",479343,NM_000059.4(BRCA2):c.4438T>C (p.Tyr1480His),"Mar 23, 2023",ClinVar,clinvar,clinvar_variant_summary,cohort,file,,,,,release-01-05-26,,,,
BRCA2,BRCA2 p.Lys2674Asn,Likely benign,"criteria provided, single submitter",483104,NM_000059.4(BRCA2):c.8022G>T (p.Lys2674Asn),"Jan 05, 2022",ClinVar,clinvar,clinvar_variant_summary,cohort,file,8.456e-06,2.0,236512.0,1.086e-05,release-01-05-26,3.0040952831610075,,urn:mavedb:00001224-a-1,BRCA2 HDR VC-8 cells
BRCA2,BRCA2 p.Thr2722Ala,Likely pathogenic,reviewed by expert panel,479367,NM_000059.4(BRCA2):c.8164A>G (p.Thr2722Ala),"Aug 18, 2025",ClinVar,clinvar,clinvar_variant_summary,cohort,file,,,,,release-01-05-26,1.3887430301293693,,urn:mavedb:00001224-a-1,BRCA2 HDR VC-8 cells
BRCA2,BRCA2 p.Thr2880Ile,Likely benign,"criteria provided, single submitter",481031,NM_000059.4(BRCA2):c.8639C>T (p.Thr2880Ile),"Dec 16, 2016",ClinVar,clinvar,clinvar_variant_summary,cohort,file,,,,,release-01-05-26,,,,
BRCA1,BRCA1 p.Asp1739His,Likely pathogenic,"criteria provided, single submitter",481487,NM_007294.4(BRCA1):c.5215G>C (p.Asp1739His),"Jun 18, 2024",ClinVar,clinvar,clinvar_variant_summary,cohort,file,,,,,release-01-05-26,,,,
BRCA1,BRCA1 p.Val1719Gly,Likely pathogenic,"criteria provided, single submitter",482950,NM_007294.4(BRCA1):c.5156T>G (p.Val1719Gly),"Oct 12, 2021",ClinVar,clinvar,clinvar_variant_summary,cohort,file,,,,,release-01-05-26,,,,
BRCA1,BRCA1 p.Thr1684Ala,Likely benign,"criteria provided, single submitter",485376,NM_007294.4(BRCA1):c.5050A>G (p.Thr1684Ala),"May 20, 2021",ClinVar,clinvar,clinvar_variant_summary,cohort,file,,,,,release-01-05-26,,,,
BRCA1,BRCA1 p.Thr1312Ser,Likely benign,"criteria provided, multiple submitters, no conflicts",479229,NM_007294.4(BRCA1):c.3935C>G (p.Thr1312Ser),"Mar 23, 2023",ClinVar,clinvar,clinvar_variant_summary,cohort,file,,,,,release-01-05-26,,,,
BRCA1,BRCA1 p.Leu413Val,Likely benign,"criteria provided, multiple submitters, no conflicts",479198,NM_007294.4(BRCA1):c.1237T>G (p.Leu413Val),"Mar 23, 2023",ClinVar,clinvar,clinvar_variant_summary,cohort,file,,,,,release-01-05-26,,,,
BRCA1,BRCA1 p.Glu736Gly,Likely benign,"criteria provided, multiple submitters, no conflicts",481433,NM_007294.4(BRCA1):c.2207A>G (p.Glu736Gly),"Mar 23, 2023",ClinVar,clinvar,clinvar_variant_summary,cohort,file,,,,,release-01-05-26,,,,
BRCA1,BRCA1 p.Cys27Phe,Likely pathogenic,"criteria provided, multiple submitters, no conflicts",481469,NM_007294.4(BRCA1):c.80G>T (p.Cys27Phe),"Nov 25, 2025",ClinVar,clinvar,clinvar_variant_summary,cohort,file,,,,,release-01-05-26,,,,
BRCA1,BRCA1 p.Thr1640Ala,Likely benign,"criteria provided, single submitter",481432,NM_007294.4(BRCA1):c.4918A>G (p.Thr1640Ala),"May 20, 2021",ClinVar,clinvar,clinvar_variant_summary,cohort,file,,,,,release-01-05-26,,,,
BRCA2,BRCA2 p.Ser2670Trp,Pathogenic,reviewed by expert panel,489785,NM_000059.4(BRCA2):c.8009C>G (p.Ser2670Trp),"Dec 02, 2025",ClinVar,clinvar,clinvar_variant_summary,cohort,file,,,,,release-01-05-26,0.9219193116344184,,urn:mavedb:00001224-a-1,BRCA2 HDR VC-8 cells
BRCA2,BRCA2 p.Val2652Gly,Likely pathogenic,reviewed by expert panel,489784,NM_000059.4(BRCA2):c.7955T>G (p.Val2652Gly),"Dec 02, 2025",ClinVar,clinvar,clinvar_variant_summary,cohort,file,,,,,release-01-05-26,1.1420810620001485,,urn:mavedb:00001224-a-1,BRCA2 HDR VC-8 cells
BRCA2,BRCA2 p.Tyr2884Phe,Benign/Likely benign,"criteria provided, multiple submitters, no conflicts",491359,NM_000059.4(BRCA2):c.8651A>T (p.Tyr2884Phe),"Oct 07, 2025",ClinVar,clinvar,clinvar_variant_summary,cohort,file,,,,,release-01-05-26,,,,
BRCA1,BRCA1 p.Leu1276Val,Likely benign,"criteria provided, multiple submitters, no conflicts",506525,NM_007294.4(BRCA1):c.3826T>G (p.Leu1276Val),"Mar 23, 2023",ClinVar,clinvar,clinvar_variant_summary,cohort,file,,,,,release-01-05-26,,,,
BRCA2,BRCA2 p.Asp559Asn,Likely benign,"criteria provided, multiple submitters, no conflicts",518255,NM_000059.4(BRCA2):c.1675G>A (p.Asp559Asn),"Mar 23, 2023",ClinVar,clinvar,clinvar_variant_summary,cohort,file,,,,,release-01-05-26,,,,
BRCA2,BRCA2 p.Lys1944Glu,Likely benign,"criteria provided, multiple submitters, no conflicts",531537,NM_000059.4(BRCA2):c.5830A>G (p.Lys1944Glu),"Apr 02, 2025",ClinVar,clinvar,clinvar_variant_summary,cohort,file,,,,,release-01-05-26,,,,
BRCA2,BRCA2 p.Ile1258Arg,Likely benign,"criteria provided, multiple submitters, no conflicts",531276,NM_000059.4(BRCA2):c.3773T>G (p.Ile1258Arg),"Mar 23, 2023",ClinVar,clinvar,clinvar_variant_summary,cohort,file,,,,,release-01-05-26,,,,
BRCA1,BRCA1 p.His1686Tyr,Likely pathogenic,reviewed by expert panel,531444,NM_007294.4(BRCA1):c.5056C>T (p.His1686Tyr),"Aug 18, 2025",ClinVar,clinvar,clinvar_variant_summary,cohort,file,,,,,release-01-05-26,,,,
BRCA1,BRCA1 p.Met18Arg,Likely pathogenic,"criteria provided, multiple submitters, no conflicts",531241,NM_007294.4(BRCA1):c.53T>G (p.Met18Arg),"Apr 28, 2025",ClinVar,clinvar,clinvar_variant_summary,cohort,file,,,,,release-01-05-26,,,,
BRCA1,BRCA1 p.His1746Asp,Likely pathogenic,reviewed by expert panel,531399,NM_007294.4(BRCA1):c.5236C>G (p.His1746Asp),"Aug 18, 2025",ClinVar,clinvar,clinvar_variant_summary,cohort,file,,,,,release-01-05-26,,,,
BRCA1,BRCA1 p.Gly1788Ala,Likely pathogenic,"criteria provided, single submitter",531438,NM_007294.4(BRCA1):c.5363G>C (p.Gly1788Ala),"Nov 04, 2024",ClinVar,clinvar,clinvar_variant_summary,cohort,file,,,,,release-01-05-26,,,,
BRCA1,BRCA1 p.Ile1723Thr,Likely benign,"criteria provided, multiple submitters, no conflicts",531248,NM_007294.4(BRCA1):c.5168T>C (p.Ile1723Thr),"May 17, 2025",ClinVar,clinvar,clinvar_variant_summary,cohort,file,,,,,release-01-05-26,,,,
BRCA2,BRCA2 p.Thr2722Ile,Likely pathogenic,reviewed by expert panel,545487,NM_000059.4(BRCA2):c.8165C>T (p.Thr2722Ile),"Jan 04, 2026",ClinVar,clinvar,clinvar_variant_summary,cohort,file,,,,,release-01-05-26,1.2362427104709754,,urn:mavedb:00001224-a-1,BRCA2 HDR VC-8 cells
BRCA2,BRCA2 p.Lys1286Asn,Likely benign,"criteria provided, single submitter",545614,NM_000059.4(BRCA2):c.3858A>T (p.Lys1286Asn),"Mar 23, 2023",ClinVar,clinvar,clinvar_variant_summary,cohort,file,,,,,release-01-05-26,,,,
BRCA2,BRCA2 p.Asp1547Asn,Likely benign,"criteria provided, single submitter",559989,NM_000059.4(BRCA2):c.4639G>A (p.Asp1547Asn),"Mar 23, 2023",ClinVar,clinvar,clinvar_variant_summary,cohort,file,,,,,release-01-05-26,,,,
BRCA2,BRCA2 p.Val1775Leu,Likely benign,"criteria provided, single submitter",559991,NM_000059.4(BRCA2):c.5323G>C (p.Val1775Leu),"Mar 23, 2023",ClinVar,clinvar,clinvar_variant_summary,cohort,file,,,,,release-01-05-26,,,,
BRCA2,BRCA2 p.Lys1025Arg,Likely benign,"criteria provided, single submitter",559992,NM_000059.4(BRCA2):c.3074A>G (p.Lys1025Arg),"Mar 23, 2023",ClinVar,clinvar,clinvar_variant_summary,cohort,file,,,,,release-01-05-26,,,,
BRCA2,BRCA2 p.His2623Tyr,Likely pathogenic,"criteria provided, multiple submitters, no conflicts",573433,NM_000059.4(BRCA2):c.7867C>T (p.His2623Tyr),"Nov 30, 2023",ClinVar,clinvar,clinvar_variant_summary,cohort,file,,,,,release-01-05-26,1.154007798579722,,urn:mavedb:00001224-a-1,BRCA2 HDR VC-8 cells
BRCA1,BRCA1 p.His41Tyr,Pathogenic/Likely pathogenic,"criteria provided, multiple submitters, no conflicts",580736,NM_007294.4(BRCA1):c.121C>T (p.His41Tyr),"Apr 13, 2025",ClinVar,clinvar,clinvar_variant_summary,cohort,file,,,,,release-01-05-26,,,,
BRCA1,BRCA1 p.Pro798Ala,Likely benign,"criteria provided, single submitter",599042,NM_007294.4(BRCA1):c.2392C>G (p.Pro798Ala),"Mar 23, 2023",ClinVar,clinvar,clinvar_variant_summary,cohort,file,,,,,release-01-05-26,,,,
BRCA2,BRCA2 p.Thr3413Ile,Likely benign,"criteria provided, multiple submitters, no conflicts",631384,NM_000059.4(BRCA2):c.10238C>T (p.Thr3413Ile),"Nov 30, 2022",ClinVar,clinvar,clinvar_variant_summary,cohort,file,,,,,release-01-05-26,,,,
BRCA1,BRCA1 p.Trp1718Gly,Likely pathogenic,reviewed by expert panel,627968,NM_007294.4(BRCA1):c.5152T>G (p.Trp1718Gly),"Dec 02, 2025",ClinVar,clinvar,clinvar_variant_summary,cohort,file,,,,,release-01-05-26,,,,
BRCA1,BRCA1 p.Val1714Phe,Likely pathogenic,reviewed by expert panel,631061,NM_007294.4(BRCA1):c.5140G>T (p.Val1714Phe),"May 23, 2025",ClinVar,clinvar,clinvar_variant_summary,cohort,file,,,,,release-01-05-26,,,,
BRCA1,BRCA1 p.His971Arg,Benign,reviewed by expert panel,628452,NM_007294.4(BRCA1):c.2912A>G (p.His971Arg),"Jun 18, 2019",ClinVar,clinvar,clinvar_variant_summary,cohort,file,,,,,release-01-05-26,,,,
BRCA1,BRCA1 p.Cys1787Tyr,Likely pathogenic,"criteria provided, multiple submitters, no conflicts",662455,NM_007294.4(BRCA1):c.5360G>A (p.Cys1787Tyr),"Dec 29, 2025",ClinVar,clinvar,clinvar_variant_summary,cohort,file,,,,,release-01-05-26,,,,
BRCA1,BRCA1 p.Ile492Val,Benign/Likely benign,"criteria provided, multiple submitters, no conflicts",660456,NM_007294.4(BRCA1):c.1474A>G (p.Ile492Val),"Jul 17, 2023",ClinVar,clinvar,clinvar_variant_summary,cohort,file,,,,,release-01-05-26,,,,
BRCA1,BRCA1 p.Cys47Arg,Pathogenic/Likely pathogenic,"criteria provided, multiple submitters, no conflicts",651975,NM_007294.4(BRCA1):c.139T>C (p.Cys47Arg),"Jul 15, 2025",ClinVar,clinvar,clinvar_variant_summary,cohort,file,,,,,release-01-05-26,,,,
BRCA1,BRCA1 p.Cys44Trp,Likely pathogenic,"criteria provided, single submitter",647970,NM_007294.4(BRCA1):c.132C>G (p.Cys44Trp),"Mar 06, 2019",ClinVar,clinvar,clinvar_variant_summary,cohort,file,,,,,release-01-05-26,,,,
BRCA1,BRCA1 p.Cys24Trp,Pathogenic,"criteria provided, single submitter",652430,NM_007294.4(BRCA1):c.72T>G (p.Cys24Trp),"Aug 09, 2022",ClinVar,clinvar,clinvar_variant_summary,cohort,file,,,,,release-01-05-26,,,,
BRCA1,BRCA1 p.Cys24Gly,Pathogenic/Likely pathogenic,"criteria provided, multiple submitters, no conflicts",649351,NM_007294.4(BRCA1):c.70T>G (p.Cys24Gly),"May 17, 2024",ClinVar,clinvar,clinvar_variant_summary,cohort,file,,,,,release-01-05-26,,,,
BRCA1,BRCA1 p.Cys24Ser,Pathogenic/Likely pathogenic,"criteria provided, multiple submitters, no conflicts",638952,NM_007294.4(BRCA1):c.70T>A (p.Cys24Ser),"May 17, 2024",ClinVar,clinvar,clinvar_variant_summary,cohort,file,,,,,release-01-05-26,,,,
BRCA2,BRCA2 p.Leu2929Trp,Likely benign,"criteria provided, multiple submitters, no conflicts",669147,NM_000059.4(BRCA2):c.8786T>G (p.Leu2929Trp),"Jun 06, 2025",ClinVar,clinvar,clinvar_variant_summary,cohort,file,,,,,release-01-05-26,3.852131073405307,,urn:mavedb:00001224-a-1,BRCA2 HDR VC-8 cells
BRCA1,BRCA1 p.Gln1408His,Likely pathogenic,"criteria provided, single submitter",694279,NM_007294.4(BRCA1):c.4224G>C (p.Gln1408His),"Aug 30, 2017",ClinVar,clinvar,clinvar_variant_summary,cohort,file,,,,,release-01-05-26,,,,
BRCA1,BRCA1 p.Arg1753Gly,Likely pathogenic,reviewed by expert panel,801086,NM_007294.4(BRCA1):c.5257A>G (p.Arg1753Gly),"May 23, 2025",ClinVar,clinvar,clinvar_variant_summary,cohort,file,,,,,release-01-05-26,,,,
BRCA1,BRCA1 p.Met1Lys,Pathogenic,"criteria provided, single submitter",801069,NM_007294.4(BRCA1):c.2T>A (p.Met1Lys),"Feb 27, 2019",ClinVar,clinvar,clinvar_variant_summary,cohort,file,,,,,,,,,
BRCA2,BRCA2 p.Asn856Lys,Likely benign,"criteria provided, multiple submitters, no conflicts",802928,NM_000059.4(BRCA2):c.2568T>A (p.Asn856Lys),"Mar 23, 2023",ClinVar,clinvar,clinvar_variant_summary,cohort,file,,,,,release-01-05-26,,,,
BRCA2,BRCA2 p.Gly2195Ser,Likely benign,"criteria provided, multiple submitters, no conflicts",802940,NM_000059.4(BRCA2):c.6583G>A (p.Gly2195Ser),"Mar 23, 2023",ClinVar,clinvar,clinvar_variant_summary,cohort,file,,,,,release-01-05-26,,,,
BRCA1,BRCA1 p.Leu474Ser,Likely benign,"criteria provided, single submitter",805950,NM_007294.4(BRCA1):c.1421T>C (p.Leu474Ser),"Mar 23, 2023",ClinVar,clinvar,clinvar_variant_summary,cohort,file,,,,,release-01-05-26,,,,
BRCA2,BRCA2 p.Ala2912Thr,Benign,reviewed by expert panel,812552,NM_000059.4(BRCA2):c.8734G>A (p.Ala2912Thr),"Jun 18, 2019",ClinVar,clinvar,clinvar_variant_summary,cohort,file,,,,,release-01-05-26,4.35465528010047,,urn:mavedb:00001224-a-1,BRCA2 HDR VC-8 cells
BRCA2,BRCA2 p.Ala1193Ser,Likely benign,"criteria provided, multiple submitters, no conflicts",823949,NM_000059.4(BRCA2):c.3577G>T (p.Ala1193Ser),"Dec 27, 2023",ClinVar,clinvar,clinvar_variant_summary,cohort,file,,,,,release-01-05-26,,,,
BRCA2,BRCA2 p.Tyr1716Cys,Likely benign,"criteria provided, multiple submitters, no conflicts",825477,NM_000059.4(BRCA2):c.5147A>G (p.Tyr1716Cys),"Mar 23, 2023",ClinVar,clinvar,clinvar_variant_summary,cohort,file,,,,,release-01-05-26,,,,
BRCA2,BRCA2 p.Pro2532Ala,Likely benign,"criteria provided, single submitter",827143,NM_000059.4(BRCA2):c.7594C>G (p.Pro2532Ala),"May 15, 2025",ClinVar,clinvar,clinvar_variant_summary,cohort,file,,,,,release-01-05-26,,,,
BRCA2,BRCA2 p.Ser2616Cys,Likely benign,"criteria provided, single submitter",827285,NM_000059.4(BRCA2):c.7847C>G (p.Ser2616Cys),"May 19, 2025",ClinVar,clinvar,clinvar_variant_summary,cohort,file,,,,,release-01-05-26,,,,
BRCA2,BRCA2 p.Pro2639Arg,Likely benign,"criteria provided, single submitter",827329,NM_000059.4(BRCA2):c.7916C>G (p.Pro2639Arg),"Jan 05, 2022",ClinVar,clinvar,clinvar_variant_summary,cohort,file,,,,,release-01-05-26,3.41431856491079,,urn:mavedb:00001224-a-1,BRCA2 HDR VC-8 cells
BRCA2,BRCA2 p.Arg2668Ser,Likely benign,"criteria provided, single submitter",827386,NM_000059.4(BRCA2):c.8004A>C (p.Arg2668Ser),"May 19, 2025",ClinVar,clinvar,clinvar_variant_summary,cohort,file,4.232e-06,1.0,236294.0,,release-01-05-26,,,,
BRCA2,BRCA2 p.Ala2698Gly,Likely benign,"criteria provided, single submitter",827443,NM_000059.4(BRCA2):c.8093C>G (p.Ala2698Gly),"May 09, 2025",ClinVar,clinvar,clinvar_variant_summary,cohort,file,,,,,release-01-05-26,,,,
BRCA2,BRCA2 p.Gln2731His,Likely benign,"criteria provided, single submitter",827498,NM_000059.4(BRCA2):c.8193G>C (p.Gln2731His),"May 08, 2025",ClinVar,clinvar,clinvar_variant_summary,cohort,file,,,,,release-01-05-26,,,,
BRCA2,BRCA2 p.Gly2743Cys,Likely benign,"criteria provided, single submitter",827523,NM_000059.4(BRCA2):c.8227G>T (p.Gly2743Cys),"Jan 09, 2022",ClinVar,clinvar,clinvar_variant_summary,cohort,file,,,,,release-01-05-26,3.594574869536457,,urn:mavedb:00001224-a-1,BRCA2 HDR VC-8 cells
BRCA2,BRCA2 p.Leu2805Ile,Likely benign,"criteria provided, single submitter",822395,NM_000059.4(BRCA2):c.8413T>A (p.Leu2805Ile),"May 08, 2025",ClinVar,clinvar,clinvar_variant_summary,cohort,file,,,,,release-01-05-26,,,,
BRCA2,BRCA2 p.Ser2810Cys,Likely benign,"criteria provided, single submitter",822407,NM_000059.4(BRCA2):c.8428A>T (p.Ser2810Cys),"May 08, 2025",ClinVar,clinvar,clinvar_variant_summary,cohort,file,,,,,release-01-05-26,,,,
BRCA2,BRCA2 p.Leu2865Phe,Likely benign,"criteria provided, single submitter",822583,NM_000059.4(BRCA2):c.8595A>T (p.Leu2865Phe),"May 16, 2025",ClinVar,clinvar,clinvar_variant_summary,cohort,file,,,,,release-01-05-26,,,,
BRCA2,BRCA2 p.Glu2875Asp,Benign,"criteria provided, single submitter",822609,NM_000059.4(BRCA2):c.8625A>C (p.Glu2875Asp),"May 19, 2025",ClinVar,clinvar,clinvar_variant_summary,cohort,file,,,,,release-01-05-26,,,,
BRCA2,BRCA2 p.Lys2950Thr,Likely benign,"criteria provided, single submitter",822764,NM_000059.4(BRCA2):c.8849A>C (p.Lys2950Thr),"May 15, 2025",ClinVar,clinvar,clinvar_variant_summary,cohort,file,,,,,release-01-05-26,,,,
BRCA2,BRCA2 p.Asn3124His,Likely benign,"criteria provided, single submitter",823194,NM_000059.4(BRCA2):c.9370A>C (p.Asn3124His),"Jan 11, 2022",ClinVar,clinvar,clinvar_variant_summary,cohort,file,,,,,release-01-05-26,3.951850258383839,,urn:mavedb:00001224-a-1,BRCA2 HDR VC-8 cells
BRCA2,BRCA2 p.Pro3129Thr,Likely benign,"criteria provided, single submitter",823205,NM_000059.4(BRCA2):c.9385C>A (p.Pro3129Thr),"May 16, 2025",ClinVar,clinvar,clinvar_variant_summary,cohort,file,,,,,release-01-05-26,,,,
BRCA2,BRCA2 p.Thr3137Ser,Likely benign,"criteria provided, single submitter",823240,NM_000059.4(BRCA2):c.9410C>G (p.Thr3137Ser),"May 16, 2025",ClinVar,clinvar,clinvar_variant_summary,cohort,file,4.223e-06,1.0,236818.0,,release-01-05-26,,,,
BRCA1,BRCA1 p.Thr1816Arg,Likely benign,"criteria provided, single submitter",825739,NM_007294.4(BRCA1):c.5447C>G (p.Thr1816Arg),"Sep 28, 2023",ClinVar,clinvar,clinvar_variant_summary,cohort,file,,,,,release-01-05-26,,,,
BRCA1,BRCA1 p.Val1809Asp,Likely pathogenic,"criteria provided, single submitter",825725,NM_007294.4(BRCA1):c.5426T>A (p.Val1809Asp),"Sep 05, 2019",ClinVar,clinvar,clinvar_variant_summary,cohort,file,,,,,release-01-05-26,,,,
BRCA1,BRCA1 p.Val1665Gly,Likely benign,"criteria provided, single submitter",825350,NM_007294.4(BRCA1):c.4994T>G (p.Val1665Gly),"Jul 30, 2021",ClinVar,clinvar,clinvar_variant_summary,cohort,file,,,,,release-01-05-26,,,,
BRCA1,BRCA1 p.Glu1644Gln,Likely benign,"criteria provided, single submitter",825302,NM_007294.4(BRCA1):c.4930G>C (p.Glu1644Gln),"Jul 03, 2019",ClinVar,clinvar,clinvar_variant_summary,cohort,file,,,,,release-01-05-26,,,,
BRCA1,BRCA1 p.Gly1332Glu,Likely benign,"criteria provided, multiple submitters, no conflicts",824466,NM_007294.4(BRCA1):c.3995G>A (p.Gly1332Glu),"Mar 23, 2023",ClinVar,clinvar,clinvar_variant_summary,cohort,file,,,,,release-01-05-26,,,,
BRCA1,BRCA1 p.Gln94His,Benign/Likely benign,"criteria provided, multiple submitters, no conflicts",821868,NM_007294.4(BRCA1):c.282G>T (p.Gln94His),"Nov 26, 2025",ClinVar,clinvar,clinvar_variant_summary,cohort,file,,,,,release-01-05-26,,,,
BRCA1,BRCA1 p.Cys27Tyr,Likely pathogenic,"criteria provided, multiple submitters, no conflicts",827453,NM_007294.4(BRCA1):c.80G>A (p.Cys27Tyr),"Jun 01, 2023",ClinVar,clinvar,clinvar_variant_summary,cohort,file,,,,,release-01-05-26,,,,
BRCA1,BRCA1 p.Arg7Leu,Likely benign,"criteria provided, single submitter",820717,NM_007294.4(BRCA1):c.20G>T (p.Arg7Leu),"Sep 15, 2022",ClinVar,clinvar,clinvar_variant_summary,cohort,file,,,,,release-01-05-26,,,,
BRCA2,BRCA2 p.Val875Leu,Likely benign,"criteria provided, single submitter",834050,NM_000059.4(BRCA2):c.2623G>C (p.Val875Leu),"Mar 23, 2023",ClinVar,clinvar,clinvar_variant_summary,cohort,file,,,,,release-01-05-26,,,,
BRCA2,BRCA2 p.Lys2446Glu,Likely benign,"criteria provided, multiple submitters, no conflicts",848086,NM_000059.4(BRCA2):c.7336A>G (p.Lys2446Glu),"Jul 20, 2025",ClinVar,clinvar,clinvar_variant_summary,cohort,file,,,,,release-01-05-26,,,,
BRCA1,BRCA1 p.Trp1837Arg,Pathogenic/Likely pathogenic,"criteria provided, multiple submitters, no conflicts",853483,NM_007294.4(BRCA1):c.5509T>A (p.Trp1837Arg),"Feb 23, 2024",ClinVar,clinvar,clinvar_variant_summary,cohort,file,,,,,release-01-05-26,,,,
BRCA1,BRCA1 p.Gly1738Val,Pathogenic,"criteria provided, single submitter",845528,NM_007294.4(BRCA1):c.5213G>T (p.Gly1738Val),"Jan 30, 2019",ClinVar,clinvar,clinvar_variant_summary,cohort,file,,,,,release-01-05-26,,,,
BRCA1,BRCA1 p.Tyr1853Ser,Likely pathogenic,"criteria provided, single submitter",865016,NM_007294.4(BRCA1):c.5558A>C (p.Tyr1853Ser),"Sep 10, 2020",ClinVar,clinvar,clinvar_variant_summary,cohort,file,,,,,release-01-05-26,,,,
BRCA1,BRCA1 p.Tyr1853His,Likely pathogenic,"criteria provided, single submitter",865014,NM_007294.4(BRCA1):c.5557T>C (p.Tyr1853His),"Mar 29, 2021",ClinVar,clinvar,clinvar_variant_summary,cohort,file,,,,,release-01-05-26,,,,
BRCA1,BRCA1 p.Glu1849Lys,Likely benign,"criteria provided, single submitter",869028,NM_007294.4(BRCA1):c.5545G>A (p.Glu1849Lys),"Jan 19, 2022",ClinVar,clinvar,clinvar_variant_summary,cohort,file,,,,,release-01-05-26,,,,
BRCA1,BRCA1 p.Gln1848Arg,Likely benign,"criteria provided, single submitter",869023,NM_007294.4(BRCA1):c.5543A>G (p.Gln1848Arg),"Jan 13, 2021",ClinVar,clinvar,clinvar_variant_summary,cohort,file,,,,,release-01-05-26,,,,
BRCA1,BRCA1 p.Cys1847Ser,Likely benign,"criteria provided, single submitter",867639,NM_007294.4(BRCA1):c.5540G>C (p.Cys1847Ser),"Nov 14, 2023",ClinVar,clinvar,clinvar_variant_summary,cohort,file,,,,,release-01-05-26,,,,
BRCA1,BRCA1 p.Gln1846His,Likely benign,"criteria provided, single submitter",867634,NM_007294.4(BRCA1):c.5538G>T (p.Gln1846His),"Dec 30, 2024",ClinVar,clinvar,clinvar_variant_summary,cohort,file,,,,,release-01-05-26,,,,
BRCA1,BRCA1 p.Gln1846Arg,Likely benign,"criteria provided, single submitter",864986,NM_007294.4(BRCA1):c.5537A>G (p.Gln1846Arg),"Apr 16, 2024",ClinVar,clinvar,clinvar_variant_summary,cohort,file,,,,,release-01-05-26,,,,
BRCA1,BRCA1 p.Val1842Leu,Likely benign,"criteria provided, single submitter",869008,NM_007294.4(BRCA1):c.5524G>C (p.Val1842Leu),"Dec 05, 2025",ClinVar,clinvar,clinvar_variant_summary,cohort,file,,,,,release-01-05-26,,,,
BRCA1,BRCA1 p.Ser1841Arg,Pathogenic,"criteria provided, single submitter",869006,NM_007294.4(BRCA1):c.5523T>G (p.Ser1841Arg),"Jan 11, 2023",ClinVar,clinvar,clinvar_variant_summary,cohort,file,,,,,release-01-05-26,,,,
BRCA1,BRCA1 p.Ser1841Ile,Likely pathogenic,"criteria provided, multiple submitters, no conflicts",869004,NM_007294.4(BRCA1):c.5522G>T (p.Ser1841Ile),"Nov 06, 2025",ClinVar,clinvar,clinvar_variant_summary,cohort,file,,,,,release-01-05-26,,,,
BRCA1,BRCA1 p.Pro1831Leu,Likely benign,"criteria provided, single submitter",867597,NM_007294.4(BRCA1):c.5492C>T (p.Pro1831Leu),"Aug 11, 2024",ClinVar,clinvar,clinvar_variant_summary,cohort,file,,,,,release-01-05-26,,,,
BRCA1,BRCA1 p.Pro1831Ser,Likely benign,"criteria provided, single submitter",867595,NM_007294.4(BRCA1):c.5491C>T (p.Pro1831Ser),"Apr 04, 2025",ClinVar,clinvar,clinvar_variant_summary,cohort,file,,,,,release-01-05-26,,,,
BRCA1,BRCA1 p.Ala1830Ser,Likely pathogenic,"criteria provided, single submitter",864931,NM_007294.4(BRCA1):c.5488G>T (p.Ala1830Ser),"Jan 01, 2022",ClinVar,clinvar,clinvar_variant_summary,cohort,file,,,,,release-01-05-26,,,,
BRCA1,BRCA1 p.Met1827Leu,Benign,"criteria provided, single submitter",864921,NM_007294.4(BRCA1):c.5479A>T (p.Met1827Leu),"Oct 09, 2025",ClinVar,clinvar,clinvar_variant_summary,cohort,file,,,,,release-01-05-26,,,,
BRCA1,BRCA1 p.Gln1826His,Benign,"criteria provided, single submitter",864919,NM_007294.4(BRCA1):c.5478G>C (p.Gln1826His),"Mar 19, 2024",ClinVar,clinvar,clinvar_variant_summary,cohort,file,4.232e-06,1.0,236316.0,,release-01-05-26,,,,
BRCA1,BRCA1 p.Gln1826Glu,Likely benign,"criteria provided, single submitter",868968,NM_007294.4(BRCA1):c.5476C>G (p.Gln1826Glu),"Mar 21, 2023",ClinVar,clinvar,clinvar_variant_summary,cohort,file,,,,,release-01-05-26,,,,
BRCA1,BRCA1 p.Gly1825Arg,Likely benign,"criteria provided, single submitter",868567,NM_007294.4(BRCA1):c.5473G>C (p.Gly1825Arg),"Jul 30, 2025",ClinVar,clinvar,clinvar_variant_summary,cohort,file,,,,,release-01-05-26,,,,
BRCA1,BRCA1 p.Ile1824Asn,Likely benign,"criteria provided, single submitter",867577,NM_007294.4(BRCA1):c.5471T>A (p.Ile1824Asn),"Jun 28, 2022",ClinVar,clinvar,clinvar_variant_summary,cohort,file,,,,,release-01-05-26,,,,
BRCA1,BRCA1 p.Ala1823Ser,Pathogenic,"criteria provided, multiple submitters, no conflicts",868922,NM_007294.4(BRCA1):c.5467G>T (p.Ala1823Ser),"Apr 02, 2025",ClinVar,clinvar,clinvar_variant_summary,cohort,file,,,,,release-01-05-26,,,,
BRCA1,BRCA1 p.Ala1823Pro,Likely pathogenic,"criteria provided, single submitter",868921,NM_007294.4(BRCA1):c.5467G>C (p.Ala1823Pro),"Mar 01, 2019",ClinVar,clinvar,clinvar_variant_summary,cohort,file,,,,,release-01-05-26,,,,
BRCA1,BRCA1 p.Thr1816Ala,Likely benign,"criteria provided, single submitter",868902,NM_007294.4(BRCA1):c.5446A>G (p.Thr1816Ala),"Sep 13, 2023",ClinVar,clinvar,clinvar_variant_summary,cohort,file,,,,,release-01-05-26,,,,
BRCA1,BRCA1 p.Ala1814Thr,Likely benign,"criteria provided, single submitter",865516,NM_007294.4(BRCA1):c.5440G>A (p.Ala1814Thr),"Dec 11, 2025",ClinVar,clinvar,clinvar_variant_summary,cohort,file,,,,,release-01-05-26,,,,
BRCA1,BRCA1 p.Asp1813Glu,Likely benign,"criteria provided, single submitter",867392,NM_007294.4(BRCA1):c.5439T>A (p.Asp1813Glu),"Jan 16, 2025",ClinVar,clinvar,clinvar_variant_summary,cohort,file,,,,,release-01-05-26,,,,
BRCA1,BRCA1 p.Gln1811Pro,Likely pathogenic,"criteria provided, single submitter",868483,NM_007294.4(BRCA1):c.5432A>C (p.Gln1811Pro),"Mar 08, 2024",ClinVar,clinvar,clinvar_variant_summary,cohort,file,,,,,release-01-05-26,,,,
BRCA1,BRCA1 p.Leu1800Ile,Likely benign,"criteria provided, single submitter",868419,NM_007294.4(BRCA1):c.5398C>A (p.Leu1800Ile),"Mar 12, 2025",ClinVar,clinvar,clinvar_variant_summary,cohort,file,,,,,release-01-05-26,,,,
BRCA1,BRCA1 p.Phe1798Ile,Likely benign,"criteria provided, single submitter",865692,NM_007294.4(BRCA1):c.5392T>A (p.Phe1798Ile),"Mar 04, 2025",ClinVar,clinvar,clinvar_variant_summary,cohort,file,,,,,release-01-05-26,,,,
BRCA1,BRCA1 p.Leu1795Arg,Likely benign,"criteria provided, single submitter",868042,NM_007294.4(BRCA1):c.5384T>G (p.Leu1795Arg),"Sep 19, 2023",ClinVar,clinvar,clinvar_variant_summary,cohort,file,,,,,release-01-05-26,,,,
BRCA1,BRCA1 p.Ala1789Val,Likely pathogenic,"criteria provided, single submitter",865385,NM_007294.4(BRCA1):c.5366C>T (p.Ala1789Val),"Dec 13, 2024",ClinVar,clinvar,clinvar_variant_summary,cohort,file,,,,,release-01-05-26,,,,
BRCA1,BRCA1 p.Ala1789Asp,Likely pathogenic,"criteria provided, single submitter",868380,NM_007294.4(BRCA1):c.5366C>A (p.Ala1789Asp),"Feb 01, 2023",ClinVar,clinvar,clinvar_variant_summary,cohort,file,,,,,release-01-05-26,,,,
BRCA1,BRCA1 p.Gly1788Ser,Likely pathogenic,"criteria provided, single submitter",868033,NM_007294.4(BRCA1):c.5362G>A (p.Gly1788Ser),"Jan 26, 2026",ClinVar,clinvar,clinvar_variant_summary,cohort,file,,,,,release-01-05-26,,,,
BRCA1,BRCA1 p.Val1784Glu,Likely pathogenic,"criteria provided, single submitter",868026,NM_007294.4(BRCA1):c.5351T>A (p.Val1784Glu),"Mar 01, 2024",ClinVar,clinvar,clinvar_variant_summary,cohort,file,,,,,release-01-05-26,,,,
BRCA1,BRCA1 p.Met1783Leu,Benign,"criteria provided, single submitter",865370,NM_007294.4(BRCA1):c.5347A>T (p.Met1783Leu),"Jul 20, 2021",ClinVar,clinvar,clinvar_variant_summary,cohort,file,,,,,release-01-05-26,,,,
BRCA1,BRCA1 p.Gln1779His,Likely benign,"criteria provided, single submitter",865637,NM_007294.4(BRCA1):c.5337A>C (p.Gln1779His),"Aug 19, 2023",ClinVar,clinvar,clinvar_variant_summary,cohort,file,,,,,release-01-05-26,,,,
BRCA1,BRCA1 p.Met1775Val,Likely pathogenic,"criteria provided, single submitter",868306,NM_007294.4(BRCA1):c.5323A>G (p.Met1775Val),"Aug 18, 2022",ClinVar,clinvar,clinvar_variant_summary,cohort,file,,,,,release-01-05-26,,,,
BRCA1,BRCA1 p.Ile1766Thr,Likely pathogenic,"criteria provided, single submitter",867965,NM_007294.4(BRCA1):c.5297T>C (p.Ile1766Thr),"Jul 24, 2023",ClinVar,clinvar,clinvar_variant_summary,cohort,file,,,,,release-01-05-26,,,,
BRCA1,BRCA1 p.Asp1757Glu,Likely benign,"criteria provided, single submitter",867299,NM_007294.4(BRCA1):c.5271C>G (p.Asp1757Glu),"Apr 29, 2025",ClinVar,clinvar,clinvar_variant_summary,cohort,file,,,,,release-01-05-26,,,,
BRCA1,BRCA1 p.Arg1753Ser,Pathogenic,"criteria provided, single submitter",865211,NM_007294.4(BRCA1):c.5259A>C (p.Arg1753Ser),"Apr 29, 2024",ClinVar,clinvar,clinvar_variant_summary,cohort,file,,,,,release-01-05-26,,,,
BRCA1,BRCA1 p.Arg1753Ile,Likely pathogenic,"criteria provided, single submitter",865210,NM_007294.4(BRCA1):c.5258G>T (p.Arg1753Ile),"Sep 17, 2024",ClinVar,clinvar,clinvar_variant_summary,cohort,file,,,,,release-01-05-26,,,,
BRCA1,BRCA1 p.Ala1752Glu,Pathogenic,"criteria provided, single submitter",868230,NM_007294.4(BRCA1):c.5255C>A (p.Ala1752Glu),"Dec 15, 2021",ClinVar,clinvar,clinvar_variant_summary,cohort,file,,,,,release-01-05-26,,,,
BRCA1,BRCA1 p.Gly1743Glu,Likely pathogenic,"criteria provided, multiple submitters, no conflicts",867253,NM_007294.4(BRCA1):c.5228G>A (p.Gly1743Glu),"Dec 17, 2025",ClinVar,clinvar,clinvar_variant_summary,cohort,file,,,,,release-01-05-26,,,,
BRCA1,BRCA1 p.Val1736Phe,Likely pathogenic,"criteria provided, multiple submitters, no conflicts",867843,NM_007294.4(BRCA1):c.5206G>T (p.Val1736Phe),"Dec 03, 2025",ClinVar,clinvar,clinvar_variant_summary,cohort,file,,,,,release-01-05-26,,,,
BRCA1,BRCA1 p.His1732Asp,Likely benign,"criteria provided, single submitter",867501,NM_007294.4(BRCA1):c.5194C>G (p.His1732Asp),"Nov 20, 2024",ClinVar,clinvar,clinvar_variant_summary,cohort,file,,,,,release-01-05-26,,,,
BRCA1,BRCA1 p.Asn1730Lys,Likely benign,"criteria provided, single submitter",867457,NM_007294.4(BRCA1):c.5190T>G (p.Asn1730Lys),"Sep 07, 2023",ClinVar,clinvar,clinvar_variant_summary,cohort,file,,,,,release-01-05-26,,,,
BRCA1,BRCA1 p.Gln1721His,Likely benign,"criteria provided, single submitter",868763,NM_007294.4(BRCA1):c.5163G>T (p.Gln1721His),"May 16, 2025",ClinVar,clinvar,clinvar_variant_summary,cohort,file,,,,,release-01-05-26,,,,
BRCA1,BRCA1 p.Trp1718Cys,Pathogenic,"criteria provided, single submitter",865068,NM_007294.4(BRCA1):c.5154G>C (p.Trp1718Cys),-,ClinVar,clinvar,clinvar_variant_summary,cohort,file,,,,,release-01-05-26,,,,
BRCA1,BRCA1 p.Val1713Gly,Pathogenic,"criteria provided, single submitter",868702,NM_007294.4(BRCA1):c.5138T>G (p.Val1713Gly),"Aug 20, 2021",ClinVar,clinvar,clinvar_variant_summary,cohort,file,,,,,release-01-05-26,,,,
BRCA1,BRCA1 p.Val1713Leu,Likely pathogenic,"criteria provided, single submitter",868700,NM_007294.4(BRCA1):c.5137G>T (p.Val1713Leu),"Oct 28, 2021",ClinVar,clinvar,clinvar_variant_summary,cohort,file,,,,,release-01-05-26,,,,
BRCA1,BRCA1 p.Trp1712Gly,Likely pathogenic,"criteria provided, single submitter",867686,NM_007294.4(BRCA1):c.5134T>G (p.Trp1712Gly),"Nov 25, 2025",ClinVar,clinvar,clinvar_variant_summary,cohort,file,,,,,release-01-05-26,,,,
BRCA1,BRCA1 p.Lys1711Asn,Likely benign,"criteria provided, single submitter",864997,NM_007294.4(BRCA1):c.5133A>C (p.Lys1711Asn),"Jul 20, 2023",ClinVar,clinvar,clinvar_variant_summary,cohort,file,,,,,release-01-05-26,,,,
BRCA1,BRCA1 p.Lys1711Glu,Likely pathogenic,"criteria provided, single submitter",864993,NM_007294.4(BRCA1):c.5131A>G (p.Lys1711Glu),"Jun 09, 2023",ClinVar,clinvar,clinvar_variant_summary,cohort,file,,,,,release-01-05-26,,,,
BRCA1,BRCA1 p.Gly1706Val,Likely pathogenic,"criteria provided, single submitter",868673,NM_007294.4(BRCA1):c.5117G>T (p.Gly1706Val),"Apr 15, 2024",ClinVar,clinvar,clinvar_variant_summary,cohort,file,,,,,release-01-05-26,,,,
BRCA1,BRCA1 p.Lys1702Gln,Likely pathogenic,"criteria provided, single submitter",867649,NM_007294.4(BRCA1):c.5104A>C (p.Lys1702Gln),"Nov 24, 2021",ClinVar,clinvar,clinvar_variant_summary,cohort,file,,,,,release-01-05-26,,,,
BRCA1,BRCA1 p.Cys1697Phe,Likely pathogenic,"criteria provided, single submitter",867631,NM_007294.4(BRCA1):c.5090G>T (p.Cys1697Phe),"Oct 12, 2021",ClinVar,clinvar,clinvar_variant_summary,cohort,file,,,,,release-01-05-26,,,,
BRCA1,BRCA1 p.Phe1695Val,Pathogenic,no assertion criteria provided,869009,NM_007294.4(BRCA1):c.5083T>G (p.Phe1695Val),-,ClinVar,clinvar,clinvar_variant_summary,cohort,file,,,,,release-01-05-26,,,,
BRCA1,BRCA1 p.Met1689Lys,Likely pathogenic,"criteria provided, single submitter",864899,NM_007294.4(BRCA1):c.5066T>A (p.Met1689Lys),"Aug 03, 2021",ClinVar,clinvar,clinvar_variant_summary,cohort,file,,,,,release-01-05-26,,,,
BRCA1,BRCA1 p.Val1688Phe,Likely pathogenic,"criteria provided, single submitter",868976,NM_007294.4(BRCA1):c.5062G>T (p.Val1688Phe),"May 01, 2020",ClinVar,clinvar,clinvar_variant_summary,cohort,file,,,,,release-01-05-26,,,,
BRCA1,BRCA1 p.Val1687Ile,Likely benign,"criteria provided, single submitter",868573,NM_007294.4(BRCA1):c.5059G>A (p.Val1687Ile),"Sep 02, 2020",ClinVar,clinvar,clinvar_variant_summary,cohort,file,,,,,release-01-05-26,,,,
BRCA1,BRCA1 p.His1686Asp,Likely pathogenic,"criteria provided, multiple submitters, no conflicts",867583,NM_007294.4(BRCA1):c.5056C>G (p.His1686Asp),"Jan 26, 2026",ClinVar,clinvar,clinvar_variant_summary,cohort,file,,,,,release-01-05-26,,,,
BRCA1,BRCA1 p.Thr1681Ala,Likely benign,"criteria provided, single submitter",868956,NM_007294.4(BRCA1):c.5041A>G (p.Thr1681Ala),"Dec 11, 2024",ClinVar,clinvar,clinvar_variant_summary,cohort,file,,,,,release-01-05-26,,,,
BRCA1,BRCA1 p.Thr1677Ser,Likely benign,"criteria provided, single submitter",868943,NM_007294.4(BRCA1):c.5030C>G (p.Thr1677Ser),"Apr 28, 2025",ClinVar,clinvar,clinvar_variant_summary,cohort,file,,,,,release-01-05-26,,,,
BRCA1,BRCA1 p.Thr1677Asn,Likely benign,"criteria provided, single submitter",868942,NM_007294.4(BRCA1):c.5030C>A (p.Thr1677Asn),"Dec 01, 2021",ClinVar,clinvar,clinvar_variant_summary,cohort,file,,,,,release-01-05-26,,,,
BRCA1,BRCA1 p.Ile1674Val,Likely benign,"criteria provided, single submitter",867544,NM_007294.4(BRCA1):c.5020A>G (p.Ile1674Val),"Apr 10, 2024",ClinVar,clinvar,clinvar_variant_summary,cohort,file,4.222e-06,1.0,236874.0,,release-01-05-26,,,,
BRCA1,BRCA1 p.His1673Tyr,Likely benign,"criteria provided, single submitter",865537,NM_007294.4(BRCA1):c.5017C>T (p.His1673Tyr),"Mar 03, 2021",ClinVar,clinvar,clinvar_variant_summary,cohort,file,4.222e-06,1.0,236868.0,,release-01-05-26,,,,
BRCA1,BRCA1 p.His1673Asp,Likely benign,"criteria provided, single submitter",865536,NM_007294.4(BRCA1):c.5017C>G (p.His1673Asp),"Nov 16, 2023",ClinVar,clinvar,clinvar_variant_summary,cohort,file,,,,,release-01-05-26,,,,
BRCA1,BRCA1 p.Phe1668Val,Likely benign,no assertion criteria provided,868515,NM_007294.4(BRCA1):c.5002T>G (p.Phe1668Val),"Feb 02, 2024",ClinVar,clinvar,clinvar_variant_summary,cohort,file,,,,,release-01-05-26,,,,
BRCA1,BRCA1 p.Lys1667Thr,Likely benign,"criteria provided, single submitter",868102,NM_007294.4(BRCA1):c.5000A>C (p.Lys1667Thr),"Dec 09, 2023",ClinVar,clinvar,clinvar_variant_summary,cohort,file,,,,,release-01-05-26,,,,
BRCA1,BRCA1 p.Tyr1666Asn,Likely benign,"criteria provided, single submitter",865512,NM_007294.4(BRCA1):c.4996T>A (p.Tyr1666Asn),"Sep 19, 2022",ClinVar,clinvar,clinvar_variant_summary,cohort,file,,,,,release-01-05-26,,,,
BRCA1,BRCA1 p.Met1663Arg,Likely pathogenic,"criteria provided, single submitter",868096,NM_007294.4(BRCA1):c.4988T>G (p.Met1663Arg),"Oct 25, 2023",ClinVar,clinvar,clinvar_variant_summary,cohort,file,,,,,release-01-05-26,,,,
BRCA1,BRCA1 p.Val1653Ala,Likely benign,"criteria provided, single submitter",868876,NM_007294.4(BRCA1):c.4958T>C (p.Val1653Ala),"Dec 08, 2023",ClinVar,clinvar,clinvar_variant_summary,cohort,file,,,,,release-01-05-26,,,,
BRCA1,BRCA1 p.Val1653Glu,Likely pathogenic,"criteria provided, single submitter",868875,NM_007294.4(BRCA1):c.4958T>A (p.Val1653Glu),"Feb 27, 2024",ClinVar,clinvar,clinvar_variant_summary,cohort,file,,,,,release-01-05-26,,,,
BRCA1,BRCA1 p.Lys1648Arg,Likely benign,"criteria provided, single submitter",868434,NM_007294.4(BRCA1):c.4943A>G (p.Lys1648Arg),"Jun 10, 2021",ClinVar,clinvar,clinvar_variant_summary,cohort,file,6.757e-06,1.0,147994.0,0.0,release-01-05-26,,,,
BRCA1,BRCA1 p.Lys1648Thr,Likely benign,"criteria provided, single submitter",868433,NM_007294.4(BRCA1):c.4943A>C (p.Lys1648Thr),"Apr 13, 2022",ClinVar,clinvar,clinvar_variant_summary,cohort,file,,,,,release-01-05-26,,,,
BRCA1,BRCA1 p.Asn1647Lys,Benign,"criteria provided, single submitter",865710,NM_007294.4(BRCA1):c.4941C>G (p.Asn1647Lys),"Dec 24, 2024",ClinVar,clinvar,clinvar_variant_summary,cohort,file,,,,,release-01-05-26,,,,
BRCA1,BRCA1 p.Asn1647Asp,Benign,"criteria provided, single submitter",865439,NM_007294.4(BRCA1):c.4939A>G (p.Asn1647Asp),"Sep 25, 2025",ClinVar,clinvar,clinvar_variant_summary,cohort,file,,,,,release-01-05-26,,,,
BRCA1,BRCA1 p.Val1646Asp,Likely benign,"criteria provided, single submitter",868862,NM_007294.4(BRCA1):c.4937T>A (p.Val1646Asp),"Feb 03, 2022",ClinVar,clinvar,clinvar_variant_summary,cohort,file,,,,,release-01-05-26,,,,
BRCA1,BRCA1 p.Val1646Phe,Likely benign,"criteria provided, single submitter",868861,NM_007294.4(BRCA1):c.4936G>T (p.Val1646Phe),"Feb 26, 2025",ClinVar,clinvar,clinvar_variant_summary,cohort,file,,,,,release-01-05-26,,,,
BRCA1,BRCA1 p.Thr1643Ser,Likely benign,"criteria provided, single submitter",865426,NM_007294.4(BRCA1):c.4927A>T (p.Thr1643Ser),"Dec 12, 2023",ClinVar,clinvar,clinvar_variant_summary,cohort,file,,,,,release-01-05-26,,,,
BRCA1,BRCA1 p.Ser1642Leu,Likely benign,"criteria provided, single submitter",868853,NM_007294.4(BRCA1):c.4925C>T (p.Ser1642Leu),"Dec 09, 2023",ClinVar,clinvar,clinvar_variant_summary,cohort,file,,,,,release-01-05-26,,,,
BRCA1,BRCA1 p.Ala1641Ser,Likely benign,"criteria provided, single submitter",868409,NM_007294.4(BRCA1):c.4921G>T (p.Ala1641Ser),"Feb 09, 2024",ClinVar,clinvar,clinvar_variant_summary,cohort,file,,,,,release-01-05-26,,,,
BRCA1,BRCA1 p.Glu1638Val,Benign,"criteria provided, single submitter",868843,NM_007294.4(BRCA1):c.4913A>T (p.Glu1638Val),"Mar 04, 2025",ClinVar,clinvar,clinvar_variant_summary,cohort,file,,,,,release-01-05-26,,,,
BRCA1,BRCA1 p.Lys1636Asn,Likely benign,"criteria provided, single submitter",865673,NM_007294.4(BRCA1):c.4908G>T (p.Lys1636Asn),"Jun 16, 2023",ClinVar,clinvar,clinvar_variant_summary,cohort,file,,,,,release-01-05-26,,,,
BRCA1,BRCA1 p.Ser1633Gly,Likely benign,"criteria provided, multiple submitters, no conflicts",865661,NM_007294.4(BRCA1):c.4897A>G (p.Ser1633Gly),"Dec 11, 2024",ClinVar,clinvar,clinvar_variant_summary,cohort,file,,,,,release-01-05-26,,,,
BRCA1,BRCA1 p.Ser1631Arg,Likely benign,"criteria provided, single submitter",868376,NM_007294.4(BRCA1):c.4891A>C (p.Ser1631Arg),"Dec 05, 2025",ClinVar,clinvar,clinvar_variant_summary,cohort,file,,,,,release-01-05-26,,,,
BRCA1,BRCA1 p.Thr97Ser,Likely benign,"criteria provided, single submitter",865373,NM_007294.4(BRCA1):c.289A>T (p.Thr97Ser),"Oct 18, 2024",ClinVar,clinvar,clinvar_variant_summary,cohort,file,,,,,release-01-05-26,,,,
BRCA1,BRCA1 p.Asp96Val,Pathogenic/Likely pathogenic,"criteria provided, multiple submitters, no conflicts",868827,NM_007294.4(BRCA1):c.287A>T (p.Asp96Val),"Jun 19, 2024",ClinVar,clinvar,clinvar_variant_summary,cohort,file,,,,,release-01-05-26,,,,
BRCA1,BRCA1 p.Asp96Ala,Likely pathogenic,"criteria provided, single submitter",868826,NM_007294.4(BRCA1):c.287A>C (p.Asp96Ala),"Jun 12, 2023",ClinVar,clinvar,clinvar_variant_summary,cohort,file,,,,,release-01-05-26,,,,
BRCA1,BRCA1 p.Leu95Pro,Likely pathogenic,"criteria provided, single submitter",868350,NM_007294.4(BRCA1):c.284T>C (p.Leu95Pro),"Mar 18, 2025",ClinVar,clinvar,clinvar_variant_summary,cohort,file,,,,,release-01-05-26,,,,
BRCA1,BRCA1 p.Leu95Ile,Likely benign,"criteria provided, single submitter",868346,NM_007294.4(BRCA1):c.283C>A (p.Leu95Ile),"Aug 14, 2023",ClinVar,clinvar,clinvar_variant_summary,cohort,file,,,,,release-01-05-26,,,,
BRCA1,BRCA1 p.Glu75Lys,Likely benign,"criteria provided, single submitter",867356,NM_007294.4(BRCA1):c.223G>A (p.Glu75Lys),"Apr 07, 2023",ClinVar,clinvar,clinvar_variant_summary,cohort,file,,,,,release-01-05-26,,,,
BRCA1,BRCA1 p.Arg71Trp,Likely pathogenic,"criteria provided, single submitter",867340,NM_007294.4(BRCA1):c.211A>T (p.Arg71Trp),"Sep 27, 2019",ClinVar,clinvar,clinvar_variant_summary,cohort,file,,,,,release-01-05-26,,,,
BRCA1,BRCA1 p.Asn66Ser,Likely benign,"criteria provided, single submitter",865249,NM_007294.4(BRCA1):c.197A>G (p.Asn66Ser),"May 31, 2024",ClinVar,clinvar,clinvar_variant_summary,cohort,file,,,,,release-01-05-26,,,,
BRCA1,BRCA1 p.Cys64Ser,Likely pathogenic,no assertion criteria provided,867317,NM_007294.4(BRCA1):c.190T>A (p.Cys64Ser),"Aug 26, 2022",ClinVar,clinvar,clinvar_variant_summary,cohort,file,,,,,release-01-05-26,,,,
BRCA1,BRCA1 p.Ser59Ala,Likely benign,"criteria provided, single submitter",865225,NM_007294.4(BRCA1):c.175T>G (p.Ser59Ala),"Mar 27, 2024",ClinVar,clinvar,clinvar_variant_summary,cohort,file,,,,,release-01-05-26,,,,
BRCA1,BRCA1 p.Met48Ile,Likely benign,"criteria provided, single submitter",867272,NM_007294.4(BRCA1):c.144G>T (p.Met48Ile),"Mar 04, 2024",ClinVar,clinvar,clinvar_variant_summary,cohort,file,,,,,release-01-05-26,,,,
BRCA1,BRCA1 p.His41Asp,Likely pathogenic,"criteria provided, single submitter",868161,NM_007294.4(BRCA1):c.121C>G (p.His41Asp),"Dec 29, 2022",ClinVar,clinvar,clinvar_variant_summary,cohort,file,,,,,release-01-05-26,,,,
BRCA1,BRCA1 p.Asp40Gly,Likely benign,"criteria provided, single submitter",868157,NM_007294.4(BRCA1):c.119A>G (p.Asp40Gly),"Apr 08, 2025",ClinVar,clinvar,clinvar_variant_summary,cohort,file,,,,,release-01-05-26,,,,
BRCA1,BRCA1 p.Thr37Ala,Likely pathogenic,no assertion criteria provided,868146,NM_007294.4(BRCA1):c.109A>G (p.Thr37Ala),"Jul 31, 2021",ClinVar,clinvar,clinvar_variant_summary,cohort,file,,,,,release-01-05-26,,,,
BRCA1,BRCA1 p.Val35Ala,Likely pathogenic,no assertion criteria provided,867804,NM_007294.4(BRCA1):c.104T>C (p.Val35Ala),"Feb 02, 2024",ClinVar,clinvar,clinvar_variant_summary,cohort,file,,,,,release-01-05-26,,,,
BRCA1,BRCA1 p.Pro34Arg,Likely pathogenic,"criteria provided, single submitter",867486,NM_007294.4(BRCA1):c.101C>G (p.Pro34Arg),"Jul 27, 2020",ClinVar,clinvar,clinvar_variant_summary,cohort,file,,,,,release-01-05-26,,,,
BRCA1,BRCA1 p.Glu33Asp,Likely benign,"criteria provided, single submitter",865114,NM_007294.4(BRCA1):c.99A>C (p.Glu33Asp),"Oct 07, 2022",ClinVar,clinvar,clinvar_variant_summary,cohort,file,,,,,release-01-05-26,,,,
BRCA1,BRCA1 p.Glu33Lys,Likely benign,"criteria provided, single submitter",868136,NM_007294.4(BRCA1):c.97G>A (p.Glu33Lys),"Sep 18, 2023",ClinVar,clinvar,clinvar_variant_summary,cohort,file,,,,,release-01-05-26,,,,
BRCA1,BRCA1 p.Cys27Trp,Likely pathogenic,"criteria provided, multiple submitters, no conflicts",867463,NM_007294.4(BRCA1):c.81T>G (p.Cys27Trp),"Feb 26, 2026",ClinVar,clinvar,clinvar_variant_summary,cohort,file,,,,,release-01-05-26,,,,
BRCA1,BRCA1 p.Cys27Gly,Likely pathogenic,"criteria provided, single submitter",867751,NM_007294.4(BRCA1):c.79T>G (p.Cys27Gly),"Jul 07, 2025",ClinVar,clinvar,clinvar_variant_summary,cohort,file,,,,,release-01-05-26,,,,
BRCA1,BRCA1 p.Cys27Arg,Likely pathogenic,"criteria provided, single submitter",867750,NM_007294.4(BRCA1):c.79T>C (p.Cys27Arg),"Jan 13, 2025",ClinVar,clinvar,clinvar_variant_summary,cohort,file,,,,,release-01-05-26,,,,
BRCA1,BRCA1 p.Ile26Met,Likely benign,"criteria provided, single submitter",867748,NM_007294.4(BRCA1):c.78C>G (p.Ile26Met),"Sep 05, 2025",ClinVar,clinvar,clinvar_variant_summary,cohort,file,,,,,release-01-05-26,,,,
BRCA1,BRCA1 p.Cys24Ser,Likely pathogenic,"criteria provided, single submitter",868780,NM_007294.4(BRCA1):c.71G>C (p.Cys24Ser),"Nov 16, 2021",ClinVar,clinvar,clinvar_variant_summary,cohort,file,,,,,release-01-05-26,,,,
BRCA1,BRCA1 p.Ile21Leu,Likely benign,"criteria provided, single submitter",868777,NM_007294.4(BRCA1):c.61A>C (p.Ile21Leu),"Jan 03, 2024",ClinVar,clinvar,clinvar_variant_summary,cohort,file,,,,,release-01-05-26,,,,
BRCA1,BRCA1 p.Met18Leu,Likely benign,"criteria provided, single submitter",865041,NM_007294.4(BRCA1):c.52A>C (p.Met18Leu),"Dec 26, 2023",ClinVar,clinvar,clinvar_variant_summary,cohort,file,,,,,release-01-05-26,,,,
BRCA1,BRCA1 p.Asn16Asp,Likely benign,"criteria provided, single submitter",868725,NM_007294.4(BRCA1):c.46A>G (p.Asn16Asp),"Jun 09, 2025",ClinVar,clinvar,clinvar_variant_summary,cohort,file,,,,,release-01-05-26,,,,
BRCA1,BRCA1 p.Val14Ile,Likely benign,"criteria provided, single submitter",869092,NM_007294.4(BRCA1):c.40G>A (p.Val14Ile),"Apr 04, 2025",ClinVar,clinvar,clinvar_variant_summary,cohort,file,,,,,release-01-05-26,,,,
BRCA1,BRCA1 p.Asn13Lys,Likely benign,"criteria provided, single submitter",869089,NM_007294.4(BRCA1):c.39T>A (p.Asn13Lys),"Mar 29, 2024",ClinVar,clinvar,clinvar_variant_summary,cohort,file,,,,,release-01-05-26,,,,
BRCA1,BRCA1 p.Val11Ile,Likely benign,"criteria provided, single submitter",865020,NM_007294.4(BRCA1):c.31G>A (p.Val11Ile),"Mar 19, 2025",ClinVar,clinvar,clinvar_variant_summary,cohort,file,,,,,release-01-05-26,,,,
BRCA1,BRCA1 p.Leu3Phe,Likely benign,"criteria provided, single submitter",864988,NM_007294.4(BRCA1):c.9A>C (p.Leu3Phe),"Nov 18, 2023",ClinVar,clinvar,clinvar_variant_summary,cohort,file,,,,,release-01-05-26,,,,
BRCA1,BRCA1 p.Asp2Asn,Likely benign,"criteria provided, single submitter",868680,NM_007294.4(BRCA1):c.4G>A (p.Asp2Asn),"May 16, 2025",ClinVar,clinvar,clinvar_variant_summary,cohort,file,8.459e-06,2.0,236430.0,,release-01-05-26,,,,
BRCA2,BRCA2 p.Met2634Ile,Benign,no assertion criteria provided,873412,NM_000059.4(BRCA2):c.7902G>A (p.Met2634Ile),"Sep 01, 2019",ClinVar,clinvar,clinvar_variant_summary,cohort,file,4.224e-06,1.0,236718.0,,release-01-05-26,,,,
BRCA2,BRCA2 p.Thr3411Ala,Likely benign,"criteria provided, single submitter",922784,NM_000059.4(BRCA2):c.10231A>G (p.Thr3411Ala),"May 16, 2018",ClinVar,clinvar,clinvar_variant_summary,cohort,file,,,,,release-01-05-26,,,,
BRCA1,BRCA1 p.Ser945Thr,Likely benign,"criteria provided, single submitter",2445711,NM_007294.4(BRCA1):c.2834G>C (p.Ser945Thr),"Apr 04, 2025",ClinVar,clinvar,clinvar_variant_summary,cohort,file,8.448e-06,2.0,236754.0,3.24e-06,release-01-05-26,,,,
BRCA2,BRCA2 p.Val2407Glu,Pathogenic,"criteria provided, single submitter",966654,NM_000059.4(BRCA2):c.7220_7221inv (p.Val2407Glu),"Aug 10, 2019",ClinVar,clinvar,clinvar_variant_summary,cohort,file,,,,,release-01-05-26,,,,
BRCA2,BRCA2 p.Gly2596Arg,Likely pathogenic,"criteria provided, single submitter",995946,NM_000059.4(BRCA2):c.7786G>C (p.Gly2596Arg),"Nov 19, 2018",ClinVar,clinvar,clinvar_variant_summary,cohort,file,4.222e-06,1.0,236844.0,,release-01-05-26,1.2806164789499668,,urn:mavedb:00001224-a-1,BRCA2 HDR VC-8 cells
BRCA2,BRCA2 p.Ala2603Pro,Likely pathogenic,"criteria provided, single submitter",995947,NM_000059.4(BRCA2):c.7807G>C (p.Ala2603Pro),"Oct 10, 2018",ClinVar,clinvar,clinvar_variant_summary,cohort,file,,,,,release-01-05-26,1.0690424752246337,,urn:mavedb:00001224-a-1,BRCA2 HDR VC-8 cells
BRCA2,BRCA2 p.Lys2630Gln,Likely pathogenic,"criteria provided, single submitter",995948,NM_000059.4(BRCA2):c.7888A>C (p.Lys2630Gln),"Nov 23, 2018",ClinVar,clinvar,clinvar_variant_summary,cohort,file,,,,,release-01-05-26,0.9829777889913968,,urn:mavedb:00001224-a-1,BRCA2 HDR VC-8 cells
BRCA2,BRCA2 p.Gly3076Arg,Likely pathogenic,"criteria provided, single submitter",995950,NM_000059.4(BRCA2):c.9226G>C (p.Gly3076Arg),"Nov 23, 2018",ClinVar,clinvar,clinvar_variant_summary,cohort,file,4.227e-06,1.0,236560.0,,release-01-05-26,1.0337743358863785,,urn:mavedb:00001224-a-1,BRCA2 HDR VC-8 cells
BRCA2,BRCA2 p.Ser231Asp,Pathogenic,no assertion criteria provided,1012165,NM_000059.4(BRCA2):c.691_692delinsGA (p.Ser231Asp),-,ClinVar,clinvar,clinvar_variant_summary,cohort,file,,,,,release-01-05-26,,,,
BRCA2,BRCA2 p.His1856Cys,Pathogenic,no assertion criteria provided,1012159,NM_000059.4(BRCA2):c.5566_5567inv (p.His1856Cys),-,ClinVar,clinvar,clinvar_variant_summary,cohort,file,,,,,release-01-05-26,,,,
BRCA2,BRCA2 p.Ser303Phe,Likely benign,"criteria provided, single submitter",1050114,NM_000059.4(BRCA2):c.908C>T (p.Ser303Phe),"Mar 23, 2023",ClinVar,clinvar,clinvar_variant_summary,cohort,file,,,,,release-01-05-26,,,,
BRCA2,BRCA2 p.Asp988Asn,Likely benign,"criteria provided, single submitter",1050363,NM_000059.4(BRCA2):c.2962G>A (p.Asp988Asn),"Mar 23, 2023",ClinVar,clinvar,clinvar_variant_summary,cohort,file,,,,,release-01-05-26,,,,
BRCA2,BRCA2 p.Pro1039Leu,Likely benign,"criteria provided, single submitter",1049505,NM_000059.4(BRCA2):c.3116C>T (p.Pro1039Leu),"Mar 23, 2023",ClinVar,clinvar,clinvar_variant_summary,cohort,file,,,,,release-01-05-26,,,,
BRCA2,BRCA2 p.Ser1075Asn,Likely benign,"criteria provided, single submitter",1049417,NM_000059.4(BRCA2):c.3224G>A (p.Ser1075Asn),"Mar 23, 2023",ClinVar,clinvar,clinvar_variant_summary,cohort,file,,,,,release-01-05-26,,,,
BRCA2,BRCA2 p.Asp1199Gly,Likely benign,"criteria provided, single submitter",1050461,NM_000059.4(BRCA2):c.3596A>G (p.Asp1199Gly),"Mar 23, 2023",ClinVar,clinvar,clinvar_variant_summary,cohort,file,,,,,release-01-05-26,,,,
BRCA2,BRCA2 p.Asp1267Asn,Likely benign,"criteria provided, single submitter",1050590,NM_000059.4(BRCA2):c.3799G>A (p.Asp1267Asn),"Mar 23, 2023",ClinVar,clinvar,clinvar_variant_summary,cohort,file,4.483e-06,1.0,223062.0,,release-01-05-26,,,,
BRCA2,BRCA2 p.Asn1778Lys,Likely benign,"criteria provided, single submitter",1050653,NM_000059.4(BRCA2):c.5334T>A (p.Asn1778Lys),"Mar 23, 2023",ClinVar,clinvar,clinvar_variant_summary,cohort,file,,,,,release-01-05-26,,,,
BRCA2,BRCA2 p.Thr2097Lys,Likely benign,"criteria provided, single submitter",1050331,NM_000059.4(BRCA2):c.6290C>A (p.Thr2097Lys),"Mar 23, 2023",ClinVar,clinvar,clinvar_variant_summary,cohort,file,,,,,release-01-05-26,,,,
BRCA1,BRCA1 p.Arg1188Met,Likely benign,"criteria provided, single submitter",1050301,NM_007294.4(BRCA1):c.3563G>T (p.Arg1188Met),"Mar 23, 2023",ClinVar,clinvar,clinvar_variant_summary,cohort,file,,,,,release-01-05-26,,,,
BRCA1,BRCA1 p.Thr617Asn,Likely benign,"criteria provided, single submitter",1049469,NM_007294.4(BRCA1):c.1850C>A (p.Thr617Asn),"Mar 23, 2023",ClinVar,clinvar,clinvar_variant_summary,cohort,file,,,,,release-01-05-26,,,,
BRCA1,BRCA1 p.Asp414Tyr,Likely benign,"criteria provided, single submitter",1050740,NM_007294.4(BRCA1):c.1240G>T (p.Asp414Tyr),"Mar 23, 2023",ClinVar,clinvar,clinvar_variant_summary,cohort,file,,,,,release-01-05-26,,,,
BRCA1,BRCA1 p.Lys301Gln,Likely benign,"criteria provided, single submitter",1049569,NM_007294.4(BRCA1):c.901A>C (p.Lys301Gln),"Mar 23, 2023",ClinVar,clinvar,clinvar_variant_summary,cohort,file,,,,,release-01-05-26,,,,
BRCA1,BRCA1 p.Trp1837Ser,Likely pathogenic,"criteria provided, multiple submitters, no conflicts",1065962,NM_007294.4(BRCA1):c.5510_5511delinsCT (p.Trp1837Ser),"Sep 05, 2025",ClinVar,clinvar,clinvar_variant_summary,cohort,file,,,,,release-01-05-26,,,,
BRCA2,BRCA2 p.Val2466Ala,Likely benign,"criteria provided, multiple submitters, no conflicts",2849377,NM_000059.4(BRCA2):c.7397_7398delinsCT (p.Val2466Ala),"Jun 03, 2024",ClinVar,clinvar,clinvar_variant_summary,cohort,file,0.9949,144994.0,147926.0,0.9946,release-01-05-26,,,,
BRCA2,BRCA2 p.Lys2950Asn,Benign/Likely benign,"criteria provided, multiple submitters, no conflicts",1169136,NM_000059.4(BRCA2):c.8850G>C (p.Lys2950Asn),"Nov 14, 2023",ClinVar,clinvar,clinvar_variant_summary,cohort,file,,,,,release-01-05-26,5.414868251738424,,urn:mavedb:00001224-a-1,BRCA2 HDR VC-8 cells
BRCA1,BRCA1 p.Met658Ile,Benign,"criteria provided, single submitter",1168433,NM_007294.4(BRCA1):c.1974G>A (p.Met658Ile),"Aug 14, 2020",ClinVar,clinvar,clinvar_variant_summary,cohort,file,5.918e-05,8.0,147912.0,0.0,release-01-05-26,,,,
BRCA2,BRCA2 p.Asn1098Tyr,Likely benign,"criteria provided, single submitter",1174597,NM_000059.4(BRCA2):c.3292A>T (p.Asn1098Tyr),"Mar 23, 2023",ClinVar,clinvar,clinvar_variant_summary,cohort,file,,,,,release-01-05-26,,,,
BRCA1,BRCA1 p.Asp1156Ala,Likely benign,"criteria provided, single submitter",1174984,NM_007294.4(BRCA1):c.3467A>C (p.Asp1156Ala),"Mar 23, 2023",ClinVar,clinvar,clinvar_variant_summary,cohort,file,,,,,release-01-05-26,,,,
BRCA1,BRCA1 p.Ile548Ser,Likely benign,"criteria provided, single submitter",1209888,NM_007294.4(BRCA1):c.1643T>G (p.Ile548Ser),"Mar 23, 2023",ClinVar,clinvar,clinvar_variant_summary,cohort,file,,,,,release-01-05-26,,,,
BRCA2,BRCA2 p.Pro3067Ser,Likely benign,"criteria provided, multiple submitters, no conflicts",1582641,NM_000059.4(BRCA2):c.9199C>T (p.Pro3067Ser),"May 15, 2025",ClinVar,clinvar,clinvar_variant_summary,cohort,file,1.352e-05,2.0,147884.0,2.318e-05,release-01-05-26,,,,
BRCA1,BRCA1 p.Ser1486Asn,Likely benign,no assertion criteria provided,1275856,NM_007294.4(BRCA1):c.4457G>A (p.Ser1486Asn),-,ClinVar,clinvar,clinvar_variant_summary,cohort,file,6.765e-06,1.0,147822.0,0.0,release-01-05-26,,,,
BRCA1,BRCA1 p.Leu1306Phe,Likely benign,"criteria provided, single submitter",1285144,NM_007294.4(BRCA1):c.3918G>T (p.Leu1306Phe),"Mar 23, 2023",ClinVar,clinvar,clinvar_variant_summary,cohort,file,4.226e-06,1.0,236622.0,,release-01-05-26,,,,
BRCA2,BRCA2 p.Asn1377Ile,Likely benign,"criteria provided, single submitter",1285184,NM_000059.4(BRCA2):c.4130A>T (p.Asn1377Ile),"Mar 23, 2023",ClinVar,clinvar,clinvar_variant_summary,cohort,file,,,,,release-01-05-26,,,,
BRCA2,BRCA2 p.Pro740Leu,Likely benign,"criteria provided, single submitter",1297517,NM_000059.4(BRCA2):c.2219C>T (p.Pro740Leu),"Mar 23, 2023",ClinVar,clinvar,clinvar_variant_summary,cohort,file,,,,,release-01-05-26,,,,
BRCA1,BRCA1 p.Pro1445Ala,Likely benign,"criteria provided, single submitter",1325657,NM_007294.4(BRCA1):c.4333C>G (p.Pro1445Ala),"Apr 19, 2022",ClinVar,clinvar,clinvar_variant_summary,cohort,file,,,,,release-01-05-26,,,,
BRCA2,BRCA2 p.Lys2577Asn,Likely benign,no assertion criteria provided,1328192,NM_000059.4(BRCA2):c.7731A>C (p.Lys2577Asn),-,ClinVar,clinvar,clinvar_variant_summary,cohort,file,,,,,release-01-05-26,,,,
BRCA2,BRCA2 p.Thr3085Ile,Pathogenic,"criteria provided, single submitter",1456012,NM_000059.4(BRCA2):c.9254_9255delinsTT (p.Thr3085Ile),"Sep 08, 2021",ClinVar,clinvar,clinvar_variant_summary,cohort,file,,,,,release-01-05-26,,,,
BRCA2,BRCA2 p.Tyr2726Asn,Likely pathogenic,"criteria provided, single submitter",1505734,NM_000059.4(BRCA2):c.8176T>A (p.Tyr2726Asn),"Mar 23, 2022",ClinVar,clinvar,clinvar_variant_summary,cohort,file,,,,,release-01-05-26,,,,
BRCA2,BRCA2 p.Gln2829Pro,Likely pathogenic,"criteria provided, multiple submitters, no conflicts",1484629,NM_000059.4(BRCA2):c.8486A>C (p.Gln2829Pro),"Jan 26, 2026",ClinVar,clinvar,clinvar_variant_summary,cohort,file,,,,,release-01-05-26,,,,
BRCA2,BRCA2 p.Gln1507His,Likely benign,"criteria provided, multiple submitters, no conflicts",1671339,NM_000059.4(BRCA2):c.4521G>C (p.Gln1507His),"Jul 30, 2025",ClinVar,clinvar,clinvar_variant_summary,cohort,file,,,,,release-01-05-26,,,,
BRCA2,BRCA2 p.Glu2947Lys,Likely benign,"criteria provided, multiple submitters, no conflicts",1651000,NM_000059.4(BRCA2):c.8839G>A (p.Glu2947Lys),"May 15, 2025",ClinVar,clinvar,clinvar_variant_summary,cohort,file,,,,,release-01-05-26,4.889608253299843,,urn:mavedb:00001224-a-1,BRCA2 HDR VC-8 cells
BRCA1,BRCA1 p.Leu218Val,Benign,"criteria provided, single submitter",1684697,NM_007294.4(BRCA1):c.652T>G (p.Leu218Val),"May 04, 2022",ClinVar,clinvar,clinvar_variant_summary,cohort,file,,,,,release-01-05-26,,,,
BRCA2,BRCA2 p.Thr1915Lys,Benign,"criteria provided, single submitter",1684735,NM_000059.4(BRCA2):c.5744C>A (p.Thr1915Lys),"May 04, 2022",ClinVar,clinvar,clinvar_variant_summary,cohort,file,,,,,release-01-05-26,,,,
BRCA2,BRCA2 p.Lys2577Asn,Benign,"criteria provided, single submitter",1684754,NM_000059.4(BRCA2):c.7731A>T (p.Lys2577Asn),"May 04, 2022",ClinVar,clinvar,clinvar_variant_summary,cohort,file,,,,,release-01-05-26,,,,
BRCA2,BRCA2 p.Val1078Gly,Likely benign,"criteria provided, single submitter",1687121,NM_000059.4(BRCA2):c.3233T>G (p.Val1078Gly),"Mar 23, 2023",ClinVar,clinvar,clinvar_variant_summary,cohort,file,,,,,release-01-05-26,,,,
BRCA1,BRCA1 p.Tyr179Phe,Likely benign,"criteria provided, single submitter",1687140,NM_007294.4(BRCA1):c.536A>T (p.Tyr179Phe),"Feb 24, 2025",ClinVar,clinvar,clinvar_variant_summary,cohort,file,,,,,release-01-05-26,,,,
BRCA2,BRCA2 p.Asp438Val,Likely benign,"criteria provided, single submitter",1687144,NM_000059.4(BRCA2):c.1313A>T (p.Asp438Val),"Mar 23, 2023",ClinVar,clinvar,clinvar_variant_summary,cohort,file,,,,,release-01-05-26,,,,
BRCA1,BRCA1 p.Arg1243Thr,Likely benign,"criteria provided, multiple submitters, no conflicts",1708959,NM_007294.4(BRCA1):c.3728G>C (p.Arg1243Thr),"Feb 09, 2024",ClinVar,clinvar,clinvar_variant_summary,cohort,file,,,,,release-01-05-26,,,,
BRCA2,BRCA2 p.Ser3250Leu,Likely benign,"criteria provided, single submitter",1708988,NM_000059.4(BRCA2):c.9749C>T (p.Ser3250Leu),"Feb 09, 2024",ClinVar,clinvar,clinvar_variant_summary,cohort,file,,,,,release-01-05-26,,,,
BRCA1,BRCA1 p.Pro1020Ser,Likely benign,"criteria provided, multiple submitters, no conflicts",1709805,NM_007294.4(BRCA1):c.3058C>T (p.Pro1020Ser),"Feb 09, 2024",ClinVar,clinvar,clinvar_variant_summary,cohort,file,,,,,release-01-05-26,,,,
BRCA2,BRCA2 p.Glu1353Asp,Likely benign,"criteria provided, multiple submitters, no conflicts",1710049,NM_000059.4(BRCA2):c.4059A>C (p.Glu1353Asp),"Feb 09, 2024",ClinVar,clinvar,clinvar_variant_summary,cohort,file,,,,,release-01-05-26,,,,
BRCA1,BRCA1 p.Ala108Ser,Likely benign,"criteria provided, single submitter",1729180,NM_007294.4(BRCA1):c.322G>T (p.Ala108Ser),"Feb 05, 2021",ClinVar,clinvar,clinvar_variant_summary,cohort,file,,,,,release-01-05-26,,,,
BRCA1,BRCA1 p.Gly1184Arg,Likely benign,"criteria provided, multiple submitters, no conflicts",1732593,NM_007294.4(BRCA1):c.3550G>A (p.Gly1184Arg),"Mar 23, 2023",ClinVar,clinvar,clinvar_variant_summary,cohort,file,4.234e-06,1.0,236194.0,,release-01-05-26,,,,
BRCA2,BRCA2 p.Asn1363His,Likely benign,"criteria provided, multiple submitters, no conflicts",1737670,NM_000059.4(BRCA2):c.4087A>C (p.Asn1363His),"Jul 11, 2024",ClinVar,clinvar,clinvar_variant_summary,cohort,file,,,,,release-01-05-26,,,,
BRCA1,BRCA1 p.Tyr1202His,Likely benign,"criteria provided, multiple submitters, no conflicts",1733143,NM_007294.4(BRCA1):c.3604T>C (p.Tyr1202His),"Mar 23, 2023",ClinVar,clinvar,clinvar_variant_summary,cohort,file,,,,,release-01-05-26,,,,
BRCA1,BRCA1 p.Leu138Arg,Likely benign,"criteria provided, multiple submitters, no conflicts",1738154,NM_007294.4(BRCA1):c.413T>G (p.Leu138Arg),"Feb 24, 2025",ClinVar,clinvar,clinvar_variant_summary,cohort,file,,,,,release-01-05-26,,,,
BRCA2,BRCA2 p.Lys1828Glu,Likely benign,"criteria provided, multiple submitters, no conflicts",1747811,NM_000059.4(BRCA2):c.5482A>G (p.Lys1828Glu),"Mar 23, 2023",ClinVar,clinvar,clinvar_variant_summary,cohort,file,,,,,release-01-05-26,,,,
BRCA2,BRCA2 p.Leu2069Ser,Likely benign,"criteria provided, multiple submitters, no conflicts",1752192,NM_000059.4(BRCA2):c.6206T>C (p.Leu2069Ser),"Mar 23, 2023",ClinVar,clinvar,clinvar_variant_summary,cohort,file,,,,,release-01-05-26,,,,
BRCA2,BRCA2 p.Glu218Ala,Likely benign,"criteria provided, single submitter",1754091,NM_000059.4(BRCA2):c.653A>C (p.Glu218Ala),"Oct 04, 2017",ClinVar,clinvar,clinvar_variant_summary,cohort,file,,,,,release-01-05-26,,,,
BRCA2,BRCA2 p.Asn1603Lys,Likely benign,"criteria provided, multiple submitters, no conflicts",1743239,NM_000059.4(BRCA2):c.4809C>A (p.Asn1603Lys),"Mar 23, 2023",ClinVar,clinvar,clinvar_variant_summary,cohort,file,,,,,release-01-05-26,,,,
BRCA2,BRCA2 p.Pro40Ala,Likely benign,"criteria provided, single submitter",1744513,NM_000059.4(BRCA2):c.118C>G (p.Pro40Ala),"Jul 26, 2019",ClinVar,clinvar,clinvar_variant_summary,cohort,file,,,,,release-01-05-26,0.028435,0.0288779,urn:mavedb:00001263-a-1,Saturation Genome Editing of BRCA2
BRCA2,BRCA2 p.Glu1928Gln,Likely benign,"criteria provided, multiple submitters, no conflicts",1749615,NM_000059.4(BRCA2):c.5782G>C (p.Glu1928Gln),"Mar 23, 2023",ClinVar,clinvar,clinvar_variant_summary,cohort,file,,,,,release-01-05-26,,,,
BRCA2,BRCA2 p.Met1936Ile,Likely benign,"criteria provided, multiple submitters, no conflicts",1749822,NM_000059.4(BRCA2):c.5808G>T (p.Met1936Ile),"Aug 26, 2025",ClinVar,clinvar,clinvar_variant_summary,cohort,file,8.464e-06,1.0,147882.0,0.0,release-01-05-26,,,,
BRCA2,BRCA2 p.Gly2529Arg,Likely benign,"criteria provided, single submitter",1759631,NM_000059.4(BRCA2):c.7585G>C (p.Gly2529Arg),"Apr 29, 2025",ClinVar,clinvar,clinvar_variant_summary,cohort,file,,,,,release-01-05-26,,,,
BRCA2,BRCA2 p.Arg2787Leu,Likely benign,"criteria provided, single submitter",1763091,NM_000059.4(BRCA2):c.8360G>T (p.Arg2787Leu),"May 08, 2025",ClinVar,clinvar,clinvar_variant_summary,cohort,file,,,,,release-01-05-26,,,,
BRCA2,BRCA2 p.Phe2795Val,Likely benign,"criteria provided, single submitter",1763171,NM_000059.4(BRCA2):c.8383T>G (p.Phe2795Val),"May 08, 2025",ClinVar,clinvar,clinvar_variant_summary,cohort,file,4.221e-06,1.0,236902.0,,release-01-05-26,,,,
BRCA2,BRCA2 p.Asp2797His,Likely benign,"criteria provided, single submitter",1763177,NM_000059.4(BRCA2):c.8389G>C (p.Asp2797His),"May 16, 2025",ClinVar,clinvar,clinvar_variant_summary,cohort,file,,,,,release-01-05-26,,,,
BRCA2,BRCA2 p.Gln2945Glu,Benign,"criteria provided, single submitter",1764821,NM_000059.4(BRCA2):c.8833C>G (p.Gln2945Glu),"May 22, 2025",ClinVar,clinvar,clinvar_variant_summary,cohort,file,,,,,release-01-05-26,,,,
BRCA2,BRCA2 p.Ala2951Pro,Likely benign,"criteria provided, single submitter",1764884,NM_000059.4(BRCA2):c.8851G>C (p.Ala2951Pro),"May 16, 2025",ClinVar,clinvar,clinvar_variant_summary,cohort,file,,,,,release-01-05-26,,,,
BRCA2,BRCA2 p.Val3082Leu,Likely benign,"criteria provided, single submitter",1766307,NM_000059.4(BRCA2):c.9244G>C (p.Val3082Leu),"May 15, 2025",ClinVar,clinvar,clinvar_variant_summary,cohort,file,,,,,release-01-05-26,,,,
BRCA2,BRCA2 p.Glu3096Gln,Likely benign,"criteria provided, single submitter",1766432,NM_000059.4(BRCA2):c.9286G>C (p.Glu3096Gln),"May 15, 2025",ClinVar,clinvar,clinvar_variant_summary,cohort,file,,,,,release-01-05-26,,,,
BRCA2,BRCA2 p.Pro2276Ala,Likely benign,"criteria provided, multiple submitters, no conflicts",1755661,NM_000059.4(BRCA2):c.6826C>G (p.Pro2276Ala),"Mar 23, 2023",ClinVar,clinvar,clinvar_variant_summary,cohort,file,,,,,release-01-05-26,,,,
BRCA2,BRCA2 p.Asn2288Ser,Likely benign,"criteria provided, single submitter",1755849,NM_000059.4(BRCA2):c.6863A>G (p.Asn2288Ser),"May 04, 2021",ClinVar,clinvar,clinvar_variant_summary,cohort,file,,,,,release-01-05-26,,,,
BRCA2,BRCA2 p.Glu3403Gln,Likely benign,"criteria provided, single submitter",1757403,NM_000059.4(BRCA2):c.10207G>C (p.Glu3403Gln),"May 09, 2025",ClinVar,clinvar,clinvar_variant_summary,cohort,file,,,,,release-01-05-26,,,,
BRCA2,BRCA2 p.Pro2505Ser,Likely benign,"criteria provided, single submitter",1759289,NM_000059.4(BRCA2):c.7513C>T (p.Pro2505Ser),"Apr 25, 2025",ClinVar,clinvar,clinvar_variant_summary,cohort,file,,,,,release-01-05-26,,,,
BRCA2,BRCA2 p.Ala2632Gly,Likely benign,"criteria provided, single submitter",1761059,NM_000059.4(BRCA2):c.7895C>G (p.Ala2632Gly),"Nov 10, 2020",ClinVar,clinvar,clinvar_variant_summary,cohort,file,,,,,release-01-05-26,3.6784086839578105,,urn:mavedb:00001224-a-1,BRCA2 HDR VC-8 cells
BRCA2,BRCA2 p.Ala2633Val,Likely benign,"criteria provided, single submitter",1761065,NM_000059.4(BRCA2):c.7898C>T (p.Ala2633Val),"May 19, 2025",ClinVar,clinvar,clinvar_variant_summary,cohort,file,,,,,release-01-05-26,,,,
BRCA2,BRCA2 p.Leu2740Ile,Benign,"criteria provided, single submitter",1762491,NM_000059.4(BRCA2):c.8218T>A (p.Leu2740Ile),"May 21, 2025",ClinVar,clinvar,clinvar_variant_summary,cohort,file,,,,,release-01-05-26,,,,
BRCA2,BRCA2 p.Ile2752Val,Benign,"criteria provided, single submitter",1762638,NM_000059.4(BRCA2):c.8254A>G (p.Ile2752Val),"Dec 06, 2023",ClinVar,clinvar,clinvar_variant_summary,cohort,file,,,,,release-01-05-26,,,,
BRCA2,BRCA2 p.Thr2881Pro,Benign,"criteria provided, single submitter",1764138,NM_000059.4(BRCA2):c.8641A>C (p.Thr2881Pro),"Jun 24, 2025",ClinVar,clinvar,clinvar_variant_summary,cohort,file,,,,,release-01-05-26,,,,
BRCA2,BRCA2 p.Pro2886Gln,Benign,"criteria provided, single submitter",1764198,NM_000059.4(BRCA2):c.8657C>A (p.Pro2886Gln),"May 19, 2025",ClinVar,clinvar,clinvar_variant_summary,cohort,file,,,,,release-01-05-26,,,,
BRCA2,BRCA2 p.Leu2890Pro,Likely benign,"criteria provided, single submitter",1764232,NM_000059.4(BRCA2):c.8669T>C (p.Leu2890Pro),"May 15, 2025",ClinVar,clinvar,clinvar_variant_summary,cohort,file,,,,,release-01-05-26,,,,
BRCA2,BRCA2 p.Asn2910Asp,Benign,"criteria provided, single submitter",1764459,NM_000059.4(BRCA2):c.8728A>G (p.Asn2910Asp),"May 19, 2025",ClinVar,clinvar,clinvar_variant_summary,cohort,file,,,,,release-01-05-26,,,,
BRCA2,BRCA2 p.Glu3043Asp,Likely benign,"criteria provided, single submitter",1765893,NM_000059.4(BRCA2):c.9129A>T (p.Glu3043Asp),"May 15, 2025",ClinVar,clinvar,clinvar_variant_summary,cohort,file,,,,,release-01-05-26,,,,
BRCA2,BRCA2 p.Leu3055Ile,Likely benign,"criteria provided, single submitter",1766015,NM_000059.4(BRCA2):c.9163C>A (p.Leu3055Ile),"Jun 24, 2025",ClinVar,clinvar,clinvar_variant_summary,cohort,file,,,,,release-01-05-26,,,,
BRCA2,BRCA2 p.His3056Pro,Likely benign,"criteria provided, single submitter",1766018,NM_000059.4(BRCA2):c.9167A>C (p.His3056Pro),"May 15, 2025",ClinVar,clinvar,clinvar_variant_summary,cohort,file,,,,,release-01-05-26,,,,
BRCA2,BRCA2 p.Ala2487Thr,Likely benign,"criteria provided, single submitter",1759001,NM_000059.4(BRCA2):c.7459G>A (p.Ala2487Thr),"May 15, 2025",ClinVar,clinvar,clinvar_variant_summary,cohort,file,,,,,release-01-05-26,,,,
BRCA2,BRCA2 p.Arg2488Thr,Likely benign,"criteria provided, single submitter",1759029,NM_000059.4(BRCA2):c.7463G>C (p.Arg2488Thr),"Apr 18, 2025",ClinVar,clinvar,clinvar_variant_summary,cohort,file,,,,,release-01-05-26,,,,
BRCA2,BRCA2 p.Leu2581Val,Likely benign,"criteria provided, single submitter",1760404,NM_000059.4(BRCA2):c.7741T>G (p.Leu2581Val),"May 15, 2025",ClinVar,clinvar,clinvar_variant_summary,cohort,file,,,,,release-01-05-26,,,,
BRCA2,BRCA2 p.Ile2588Leu,Likely benign,"criteria provided, single submitter",1760509,NM_000059.4(BRCA2):c.7762A>C (p.Ile2588Leu),"May 19, 2025",ClinVar,clinvar,clinvar_variant_summary,cohort,file,,,,,release-01-05-26,,,,
BRCA2,BRCA2 p.Thr2708Ser,Benign,"criteria provided, single submitter",1762096,NM_000059.4(BRCA2):c.8122A>T (p.Thr2708Ser),"May 09, 2025",ClinVar,clinvar,clinvar_variant_summary,cohort,file,,,,,release-01-05-26,,,,
BRCA2,BRCA2 p.Glu2871Asp,Benign,"criteria provided, single submitter",1764043,NM_000059.4(BRCA2):c.8613G>C (p.Glu2871Asp),"May 16, 2025",ClinVar,clinvar,clinvar_variant_summary,cohort,file,,,,,release-01-05-26,,,,
BRCA2,BRCA2 p.Leu3027Ile,Likely benign,"criteria provided, single submitter",1765692,NM_000059.4(BRCA2):c.9079T>A (p.Leu3027Ile),"May 15, 2025",ClinVar,clinvar,clinvar_variant_summary,cohort,file,,,,,release-01-05-26,,,,
BRCA2,BRCA2 p.Lys2448Asn,Likely benign,"criteria provided, single submitter",1758423,NM_000059.4(BRCA2):c.7344G>T (p.Lys2448Asn),"Dec 11, 2021",ClinVar,clinvar,clinvar_variant_summary,cohort,file,,,,,release-01-05-26,,,,
BRCA2,BRCA2 p.Asp2451Gly,Likely benign,"criteria provided, single submitter",1758457,NM_000059.4(BRCA2):c.7352A>G (p.Asp2451Gly),"May 03, 2024",ClinVar,clinvar,clinvar_variant_summary,cohort,file,,,,,release-01-05-26,,,,
BRCA2,BRCA2 p.Phe2457Leu,Likely benign,"criteria provided, single submitter",1758573,NM_000059.4(BRCA2):c.7371T>A (p.Phe2457Leu),"Dec 03, 2021",ClinVar,clinvar,clinvar_variant_summary,cohort,file,,,,,release-01-05-26,,,,
BRCA2,BRCA2 p.Ser2697Ile,Likely benign,"criteria provided, single submitter",1761955,NM_000059.4(BRCA2):c.8090G>T (p.Ser2697Ile),"May 19, 2025",ClinVar,clinvar,clinvar_variant_summary,cohort,file,,,,,release-01-05-26,,,,
BRCA2,BRCA2 p.Ser2701Phe,Likely benign,"criteria provided, single submitter",1762009,NM_000059.4(BRCA2):c.8102C>T (p.Ser2701Phe),"May 19, 2025",ClinVar,clinvar,clinvar_variant_summary,cohort,file,,,,,release-01-05-26,,,,
BRCA2,BRCA2 p.Arg2824Lys,Likely benign,"criteria provided, single submitter",1763512,NM_000059.4(BRCA2):c.8471G>A (p.Arg2824Lys),"May 15, 2025",ClinVar,clinvar,clinvar_variant_summary,cohort,file,,,,,release-01-05-26,,,,
BRCA2,BRCA2 p.Glu2832Lys,Likely benign,"criteria provided, single submitter",1763584,NM_000059.4(BRCA2):c.8494G>A (p.Glu2832Lys),"May 15, 2025",ClinVar,clinvar,clinvar_variant_summary,cohort,file,,,,,release-01-05-26,,,,
BRCA2,BRCA2 p.Met2952Thr,Likely benign,"criteria provided, single submitter",1764893,NM_000059.4(BRCA2):c.8855T>C (p.Met2952Thr),"May 15, 2025",ClinVar,clinvar,clinvar_variant_summary,cohort,file,,,,,release-01-05-26,,,,
BRCA2,BRCA2 p.Tyr2977Cys,Benign,"criteria provided, single submitter",1765160,NM_000059.4(BRCA2):c.8930A>G (p.Tyr2977Cys),"May 22, 2025",ClinVar,clinvar,clinvar_variant_summary,cohort,file,6.757e-06,1.0,147988.0,0.0,release-01-05-26,,,,
BRCA2,BRCA2 p.Leu2987Val,Likely benign,"criteria provided, single submitter",1765242,NM_000059.4(BRCA2):c.8959C>G (p.Leu2987Val),"May 15, 2025",ClinVar,clinvar,clinvar_variant_summary,cohort,file,,,,,release-01-05-26,,,,
BRCA2,BRCA2 p.Ser3123Arg,Likely benign,"criteria provided, single submitter",1766690,NM_000059.4(BRCA2):c.9367A>C (p.Ser3123Arg),"Jan 11, 2022",ClinVar,clinvar,clinvar_variant_summary,cohort,file,,,,,release-01-05-26,4.556123284032709,,urn:mavedb:00001224-a-1,BRCA2 HDR VC-8 cells
BRCA2,BRCA2 p.Glu3130Val,Likely benign,"criteria provided, single submitter",1766756,NM_000059.4(BRCA2):c.9389A>T (p.Glu3130Val),"May 16, 2025",ClinVar,clinvar,clinvar_variant_summary,cohort,file,,,,,release-01-05-26,,,,
BRCA2,BRCA2 p.Trp3106Arg,Likely benign,"criteria provided, single submitter",1766554,NM_000059.4(BRCA2):c.9316T>C (p.Trp3106Arg),"May 15, 2025",ClinVar,clinvar,clinvar_variant_summary,cohort,file,,,,,release-01-05-26,,,,
BRCA2,BRCA2 p.Phe3325Leu,Likely benign,"criteria provided, single submitter",1768781,NM_000059.4(BRCA2):c.9975T>G (p.Phe3325Leu),"Sep 01, 2020",ClinVar,clinvar,clinvar_variant_summary,cohort,file,,,,,release-01-05-26,,,,
BRCA2,BRCA2 p.Ser5Cys,Likely benign,"criteria provided, single submitter",1773975,NM_000059.4(BRCA2):c.14C>G (p.Ser5Cys),"Sep 28, 2021",ClinVar,clinvar,clinvar_variant_summary,cohort,file,,,,,release-01-05-26,,,,
BRCA1,BRCA1 p.Pro490Ser,Likely benign,"criteria provided, multiple submitters, no conflicts",1773294,NM_007294.4(BRCA1):c.1468C>T (p.Pro490Ser),"Mar 23, 2023",ClinVar,clinvar,clinvar_variant_summary,cohort,file,,,,,release-01-05-26,,,,
BRCA2,BRCA2 p.Tyr748Cys,Likely benign,"criteria provided, multiple submitters, no conflicts",1788306,NM_000059.4(BRCA2):c.2243A>G (p.Tyr748Cys),"Mar 23, 2023",ClinVar,clinvar,clinvar_variant_summary,cohort,file,,,,,release-01-05-26,,,,
BRCA2,BRCA2 p.Ser646Asn,Likely benign,"criteria provided, multiple submitters, no conflicts",1782985,NM_000059.4(BRCA2):c.1937G>A (p.Ser646Asn),"Mar 23, 2023",ClinVar,clinvar,clinvar_variant_summary,cohort,file,,,,,release-01-05-26,,,,
BRCA2,BRCA2 p.Cys711Phe,Likely benign,"criteria provided, multiple submitters, no conflicts",1786435,NM_000059.4(BRCA2):c.2132G>T (p.Cys711Phe),"Mar 23, 2023",ClinVar,clinvar,clinvar_variant_summary,cohort,file,,,,,release-01-05-26,,,,
BRCA2,BRCA2 p.Leu90Val,Likely benign,"criteria provided, single submitter",1794778,NM_000059.4(BRCA2):c.268C>G (p.Leu90Val),"May 08, 2024",ClinVar,clinvar,clinvar_variant_summary,cohort,file,,,,,release-01-05-26,0.00257851,0.0111715,urn:mavedb:00001263-a-1,Saturation Genome Editing of BRCA2
BRCA2,BRCA2 p.Leu901Pro,Likely benign,"criteria provided, multiple submitters, no conflicts",1794947,NM_000059.4(BRCA2):c.2702T>C (p.Leu901Pro),"Mar 23, 2023",ClinVar,clinvar,clinvar_variant_summary,cohort,file,,,,,release-01-05-26,,,,
BRCA1,BRCA1 p.Phe901Leu,Likely benign,"criteria provided, multiple submitters, no conflicts",1794958,NM_007294.4(BRCA1):c.2703T>G (p.Phe901Leu),"Mar 23, 2023",ClinVar,clinvar,clinvar_variant_summary,cohort,file,,,,,release-01-05-26,,,,
BRCA1,BRCA1 p.Leu358Pro,Likely benign,"criteria provided, multiple submitters, no conflicts",1784220,NM_007294.4(BRCA1):c.1073T>C (p.Leu358Pro),"Mar 23, 2023",ClinVar,clinvar,clinvar_variant_summary,cohort,file,,,,,release-01-05-26,,,,
BRCA2,BRCA2 p.Arg841Ser,Likely benign,"criteria provided, multiple submitters, no conflicts",1792567,NM_000059.4(BRCA2):c.2523A>T (p.Arg841Ser),"Mar 11, 2025",ClinVar,clinvar,clinvar_variant_summary,cohort,file,,,,,release-01-05-26,,,,
BRCA1,BRCA1 p.Pro968Ala,Likely benign,"criteria provided, multiple submitters, no conflicts",1797469,NM_007294.4(BRCA1):c.2902C>G (p.Pro968Ala),"Mar 23, 2023",ClinVar,clinvar,clinvar_variant_summary,cohort,file,,,,,release-01-05-26,,,,
BRCA1,BRCA1 p.Leu954Gln,Likely benign,"criteria provided, multiple submitters, no conflicts",1796968,NM_007294.4(BRCA1):c.2861T>A (p.Leu954Gln),"Mar 23, 2023",ClinVar,clinvar,clinvar_variant_summary,cohort,file,,,,,release-01-05-26,,,,
BRCA2,BRCA2 p.Ile2315Leu,Benign,"criteria provided, single submitter",2000815,NM_000059.4(BRCA2):c.6943A>T (p.Ile2315Leu),"May 31, 2022",ClinVar,clinvar,clinvar_variant_summary,cohort,file,6.374e-05,1.0,147894.0,8.229e-05,release-01-05-26,,,,
BRCA2,BRCA2 p.Thr317Arg,Likely benign,"criteria provided, multiple submitters, no conflicts",2004176,NM_000059.4(BRCA2):c.950C>G (p.Thr317Arg),"Aug 04, 2023",ClinVar,clinvar,clinvar_variant_summary,cohort,file,,,,,release-01-05-26,,,,
BRCA2,BRCA2 p.Gly2724Arg,Likely pathogenic,"criteria provided, single submitter",2058629,NM_000059.4(BRCA2):c.8170G>A (p.Gly2724Arg),"Apr 29, 2022",ClinVar,clinvar,clinvar_variant_summary,cohort,file,,,,,release-01-05-26,,,,
BRCA2,BRCA2 p.Trp31Ser,Likely pathogenic,"criteria provided, multiple submitters, no conflicts",2098802,NM_000059.4(BRCA2):c.92G>C (p.Trp31Ser),"Jul 15, 2022",ClinVar,clinvar,clinvar_variant_summary,cohort,file,,,,,release-01-05-26,-0.132671,0.0441151,urn:mavedb:00001263-a-1,Saturation Genome Editing of BRCA2
BRCA1,BRCA1 p.Val1833Gly,Likely pathogenic,"criteria provided, single submitter",2135737,NM_007294.4(BRCA1):c.5498T>G (p.Val1833Gly),"May 09, 2022",ClinVar,clinvar,clinvar_variant_summary,cohort,file,,,,,release-01-05-26,,,,
BRCA2,BRCA2 p.His2623Pro,Likely pathogenic,"criteria provided, single submitter",2130148,NM_000059.4(BRCA2):c.7868A>C (p.His2623Pro),"Mar 27, 2025",ClinVar,clinvar,clinvar_variant_summary,cohort,file,,,,,release-01-05-26,,,,
BRCA2,BRCA2 p.Gly2063Lys,Likely benign,"criteria provided, single submitter",2443084,NM_000059.4(BRCA2):c.6187_6188delinsAA (p.Gly2063Lys),"Mar 23, 2023",ClinVar,clinvar,clinvar_variant_summary,cohort,file,,,,,release-01-05-26,,,,
BRCA1,BRCA1 p.His839Tyr,Benign,"criteria provided, single submitter",2445306,NM_007294.4(BRCA1):c.2515C>T (p.His839Tyr),"Jan 01, 2022",ClinVar,clinvar,clinvar_variant_summary,cohort,file,,,,,release-01-05-26,,,,
BRCA1,BRCA1 p.His318Leu,Likely pathogenic,"criteria provided, single submitter",2445397,NM_007294.4(BRCA1):c.953A>T (p.His318Leu),"Jan 01, 2022",ClinVar,clinvar,clinvar_variant_summary,cohort,file,,,,,release-01-05-26,,,,
BRCA2,BRCA2 p.Lys944Thr,Likely benign,"criteria provided, single submitter",2451475,NM_000059.4(BRCA2):c.2831A>C (p.Lys944Thr),"Nov 07, 2022",ClinVar,clinvar,clinvar_variant_summary,cohort,file,,,,,release-01-05-26,,,,
BRCA2,BRCA2 p.Glu2903Lys,Likely benign,"criteria provided, single submitter",2451481,NM_000059.4(BRCA2):c.8707G>A (p.Glu2903Lys),"May 15, 2025",ClinVar,clinvar,clinvar_variant_summary,cohort,file,,,,,release-01-05-26,,,,
BRCA2,BRCA2 p.Val2211Ile,Likely benign,"criteria provided, single submitter",2451523,NM_000059.4(BRCA2):c.6631G>A (p.Val2211Ile),"Jan 05, 2023",ClinVar,clinvar,clinvar_variant_summary,cohort,file,,,,,release-01-05-26,,,,
BRCA2,BRCA2 p.Lys2524Asn,Likely benign,"criteria provided, single submitter",2451545,NM_000059.4(BRCA2):c.7572A>T (p.Lys2524Asn),"Apr 25, 2025",ClinVar,clinvar,clinvar_variant_summary,cohort,file,,,,,release-01-05-26,,,,
BRCA2,BRCA2 p.Asp2692Gly,Likely benign,"criteria provided, single submitter",2451547,NM_000059.4(BRCA2):c.8075A>G (p.Asp2692Gly),"May 19, 2025",ClinVar,clinvar,clinvar_variant_summary,cohort,file,,,,,release-01-05-26,,,,
BRCA2,BRCA2 p.Phe2873Ser,Likely benign,"criteria provided, single submitter",2468038,NM_000059.4(BRCA2):c.8618T>C (p.Phe2873Ser),"May 15, 2025",ClinVar,clinvar,clinvar_variant_summary,cohort,file,,,,,release-01-05-26,,,,
BRCA2,BRCA2 p.Trp2619Gly,Pathogenic,"criteria provided, single submitter",2560930,NM_000059.4(BRCA2):c.7855T>G (p.Trp2619Gly),"Apr 20, 2023",ClinVar,clinvar,clinvar_variant_summary,cohort,file,,,,,release-01-05-26,1.0439262120330826,,urn:mavedb:00001224-a-1,BRCA2 HDR VC-8 cells
BRCA2,BRCA2 p.Leu2917Phe,Likely benign,"criteria provided, single submitter",2565957,NM_000059.4(BRCA2):c.8749C>T (p.Leu2917Phe),"May 15, 2025",ClinVar,clinvar,clinvar_variant_summary,cohort,file,,,,,release-01-05-26,,,,
BRCA2,BRCA2 p.Ile3075Val,Benign,"criteria provided, single submitter",2565960,NM_000059.4(BRCA2):c.9223A>G (p.Ile3075Val),"May 23, 2025",ClinVar,clinvar,clinvar_variant_summary,cohort,file,,,,,release-01-05-26,,,,
BRCA2,BRCA2 p.Ile3048Met,Benign,"criteria provided, single submitter",2565970,NM_000059.4(BRCA2):c.9144T>G (p.Ile3048Met),"May 23, 2025",ClinVar,clinvar,clinvar_variant_summary,cohort,file,,,,,release-01-05-26,,,,
BRCA2,BRCA2 p.Arg2799Gly,Likely benign,"criteria provided, single submitter",2565978,NM_000059.4(BRCA2):c.8395A>G (p.Arg2799Gly),"May 08, 2025",ClinVar,clinvar,clinvar_variant_summary,cohort,file,,,,,release-01-05-26,,,,
BRCA2,BRCA2 p.Val2728Phe,Likely benign,"criteria provided, single submitter",2565997,NM_000059.4(BRCA2):c.8182G>T (p.Val2728Phe),"May 08, 2025",ClinVar,clinvar,clinvar_variant_summary,cohort,file,,,,,release-01-05-26,,,,
BRCA2,BRCA2 p.Phe3090Ser,Likely benign,"criteria provided, single submitter",2566001,NM_000059.4(BRCA2):c.9269T>C (p.Phe3090Ser),"May 15, 2025",ClinVar,clinvar,clinvar_variant_summary,cohort,file,,,,,release-01-05-26,,,,
BRCA2,BRCA2 p.Thr2703Asn,Likely benign,"criteria provided, single submitter",2566024,NM_000059.4(BRCA2):c.8108C>A (p.Thr2703Asn),"May 09, 2025",ClinVar,clinvar,clinvar_variant_summary,cohort,file,,,,,release-01-05-26,,,,
BRCA2,BRCA2 p.Glu3367Asp,Likely benign,"criteria provided, single submitter",2566046,NM_000059.4(BRCA2):c.10101A>C (p.Glu3367Asp),"Jun 12, 2023",ClinVar,clinvar,clinvar_variant_summary,cohort,file,,,,,release-01-05-26,,,,
BRCA2,BRCA2 p.Tyr2624Asp,Pathogenic,"criteria provided, single submitter",2578326,NM_000059.4(BRCA2):c.7870T>G (p.Tyr2624Asp),"Sep 06, 2023",ClinVar,clinvar,clinvar_variant_summary,cohort,file,,,,,release-01-05-26,0.932591832060021,,urn:mavedb:00001224-a-1,BRCA2 HDR VC-8 cells
BRCA1,BRCA1 p.Tyr1113His,Likely benign,"criteria provided, single submitter",2585842,NM_007294.4(BRCA1):c.3337T>C (p.Tyr1113His),"Aug 25, 2023",ClinVar,clinvar,clinvar_variant_summary,cohort,file,,,,,release-01-05-26,,,,
BRCA2,BRCA2 p.Arg2659Ser,Likely pathogenic,"criteria provided, single submitter",2586259,NM_000059.4(BRCA2):c.7977A>T (p.Arg2659Ser),"Jun 17, 2025",ClinVar,clinvar,clinvar_variant_summary,cohort,file,,,,,release-01-05-26,1.000826735166633,,urn:mavedb:00001224-a-1,BRCA2 HDR VC-8 cells
BRCA2,BRCA2 p.Lys2979Gln,Benign,"criteria provided, single submitter",2586266,NM_000059.4(BRCA2):c.8935A>C (p.Lys2979Gln),"May 22, 2025",ClinVar,clinvar,clinvar_variant_summary,cohort,file,,,,,release-01-05-26,,,,
BRCA2,BRCA2 p.Tyr2920His,Benign,"criteria provided, single submitter",2586281,NM_000059.4(BRCA2):c.8758T>C (p.Tyr2920His),"May 22, 2025",ClinVar,clinvar,clinvar_variant_summary,cohort,file,,,,,release-01-05-26,,,,
BRCA2,BRCA2 p.Phe625Leu,Likely benign,"criteria provided, single submitter",2586289,NM_000059.4(BRCA2):c.1875T>G (p.Phe625Leu),"Jul 25, 2023",ClinVar,clinvar,clinvar_variant_summary,cohort,file,,,,,release-01-05-26,,,,
BRCA2,BRCA2 p.Asp3064His,Likely benign,"criteria provided, single submitter",2586292,NM_000059.4(BRCA2):c.9190G>C (p.Asp3064His),"May 15, 2025",ClinVar,clinvar,clinvar_variant_summary,cohort,file,,,,,release-01-05-26,,,,
BRCA2,BRCA2 p.Lys2715Arg,Likely benign,"criteria provided, single submitter",2586302,NM_000059.4(BRCA2):c.8144A>G (p.Lys2715Arg),"May 08, 2025",ClinVar,clinvar,clinvar_variant_summary,cohort,file,4.223e-06,1.0,236814.0,,release-01-05-26,,,,
BRCA2,BRCA2 p.Gln3409Pro,Likely benign,no assertion criteria provided,2683807,NM_000059.4(BRCA2):c.10226A>C (p.Gln3409Pro),"Sep 01, 2023",ClinVar,clinvar,clinvar_variant_summary,cohort,file,,,,,release-01-05-26,,,,
BRCA1,BRCA1 p.Asn343Cys,Likely benign,no assertion criteria provided,2683811,NM_007294.4(BRCA1):c.1027_1028delinsTG (p.Asn343Cys),"Sep 01, 2023",ClinVar,clinvar,clinvar_variant_summary,cohort,file,,,,,release-01-05-26,,,,
BRCA1,BRCA1 p.Asp458Glu,Likely benign,no assertion criteria provided,2683812,NM_007294.4(BRCA1):c.1374C>G (p.Asp458Glu),"Sep 01, 2023",ClinVar,clinvar,clinvar_variant_summary,cohort,file,,,,,release-01-05-26,,,,
BRCA1,BRCA1 p.Asp746Val,Likely benign,no assertion criteria provided,2683814,NM_007294.4(BRCA1):c.2237A>T (p.Asp746Val),"Sep 01, 2023",ClinVar,clinvar,clinvar_variant_summary,cohort,file,,,,,release-01-05-26,,,,
BRCA1,BRCA1 p.Pro981Ala,Likely benign,no assertion criteria provided,2683815,NM_007294.4(BRCA1):c.2941C>G (p.Pro981Ala),"Sep 01, 2023",ClinVar,clinvar,clinvar_variant_summary,cohort,file,,,,,release-01-05-26,,,,
BRCA2,BRCA2 p.Ile1173Met,Likely benign,no assertion criteria provided,2683818,NM_000059.4(BRCA2):c.3519T>G (p.Ile1173Met),"Sep 01, 2023",ClinVar,clinvar,clinvar_variant_summary,cohort,file,,,,,release-01-05-26,,,,
BRCA2,BRCA2 p.Thr1609Ser,Likely benign,no assertion criteria provided,2683820,NM_000059.4(BRCA2):c.4826C>G (p.Thr1609Ser),"Sep 01, 2023",ClinVar,clinvar,clinvar_variant_summary,cohort,file,,,,,release-01-05-26,,,,
BRCA2,BRCA2 p.Ser1848Thr,Likely benign,no assertion criteria provided,2683821,NM_000059.4(BRCA2):c.5543G>C (p.Ser1848Thr),"Sep 01, 2023",ClinVar,clinvar,clinvar_variant_summary,cohort,file,,,,,release-01-05-26,,,,
BRCA2,BRCA2 p.Asp1902Ala,Likely benign,no assertion criteria provided,2683822,NM_000059.4(BRCA2):c.5705A>C (p.Asp1902Ala),"Sep 01, 2023",ClinVar,clinvar,clinvar_variant_summary,cohort,file,,,,,release-01-05-26,,,,
BRCA2,BRCA2 p.Asp1911His,Likely benign,no assertion criteria provided,2683823,NM_000059.4(BRCA2):c.5731G>C (p.Asp1911His),"Sep 01, 2023",ClinVar,clinvar,clinvar_variant_summary,cohort,file,,,,,release-01-05-26,,,,
BRCA1,BRCA1 p.Asp1441Asn,Likely pathogenic,"criteria provided, single submitter",2687847,NM_007294.4(BRCA1):c.4321G>A (p.Asp1441Asn),"Jan 18, 2024",ClinVar,clinvar,clinvar_variant_summary,cohort,file,4.222e-06,1.0,236834.0,,release-01-05-26,,,,
BRCA1,BRCA1 p.Thr367Ser,Likely benign,"criteria provided, single submitter",2691999,NM_007294.4(BRCA1):c.1100C>G (p.Thr367Ser),"Mar 04, 2025",ClinVar,clinvar,clinvar_variant_summary,cohort,file,,,,,release-01-05-26,,,,
BRCA2,BRCA2 p.Ser1205Tyr,Likely benign,"criteria provided, single submitter",2692042,NM_000059.4(BRCA2):c.3614C>A (p.Ser1205Tyr),"Mar 04, 2025",ClinVar,clinvar,clinvar_variant_summary,cohort,file,,,,,release-01-05-26,,,,
BRCA2,BRCA2 p.Lys2017Asn,Likely benign,"criteria provided, single submitter",2692059,NM_000059.4(BRCA2):c.6051A>C (p.Lys2017Asn),"Mar 04, 2025",ClinVar,clinvar,clinvar_variant_summary,cohort,file,,,,,release-01-05-26,,,,
BRCA2,BRCA2 p.Phe2055Tyr,Likely benign,"criteria provided, single submitter",2692060,NM_000059.4(BRCA2):c.6164T>A (p.Phe2055Tyr),"Mar 04, 2025",ClinVar,clinvar,clinvar_variant_summary,cohort,file,,,,,release-01-05-26,,,,
BRCA2,BRCA2 p.Ala2061Val,Likely benign,"criteria provided, single submitter",2692062,NM_000059.4(BRCA2):c.6182C>T (p.Ala2061Val),"Mar 04, 2025",ClinVar,clinvar,clinvar_variant_summary,cohort,file,,,,,release-01-05-26,,,,
BRCA2,BRCA2 p.Lys1343Arg,Likely benign,"criteria provided, single submitter",2920722,NM_000059.4(BRCA2):c.4028A>G (p.Lys1343Arg),"Feb 09, 2024",ClinVar,clinvar,clinvar_variant_summary,cohort,file,,,,,release-01-05-26,,,,
BRCA2,BRCA2 p.Ser2012Pro,Likely benign,"criteria provided, single submitter",2920723,NM_000059.4(BRCA2):c.6034T>C (p.Ser2012Pro),"Feb 09, 2024",ClinVar,clinvar,clinvar_variant_summary,cohort,file,,,,,release-01-05-26,,,,
BRCA2,BRCA2 p.Ile614Met,Likely benign,"criteria provided, single submitter",3225537,NM_000059.4(BRCA2):c.1842T>G (p.Ile614Met),"Feb 01, 2024",ClinVar,clinvar,clinvar_variant_summary,cohort,file,,,,,release-01-05-26,,,,
BRCA2,BRCA2 p.Asn1718Asp,Likely benign,"criteria provided, single submitter",3227222,NM_000059.4(BRCA2):c.5152A>G (p.Asn1718Asp),"Feb 22, 2024",ClinVar,clinvar,clinvar_variant_summary,cohort,file,,,,,release-01-05-26,,,,
BRCA2,BRCA2 p.Glu254Asp,Likely benign,"criteria provided, single submitter",3228790,NM_000059.4(BRCA2):c.762A>T (p.Glu254Asp),"Nov 15, 2023",ClinVar,clinvar,clinvar_variant_summary,cohort,file,,,,,release-01-05-26,,,,
BRCA2,BRCA2 p.Glu2558Ala,Likely benign,"criteria provided, single submitter",3228853,NM_000059.4(BRCA2):c.7673A>C (p.Glu2558Ala),"May 05, 2025",ClinVar,clinvar,clinvar_variant_summary,cohort,file,,,,,release-01-05-26,,,,
BRCA2,BRCA2 p.Thr2607Pro,Likely pathogenic,"criteria provided, single submitter",3228950,NM_000059.4(BRCA2):c.7819_7821delinsCCC (p.Thr2607Pro),"Jan 30, 2024",ClinVar,clinvar,clinvar_variant_summary,cohort,file,,,,,release-01-05-26,0.8520758041141299,,urn:mavedb:00001224-a-1,BRCA2 HDR VC-8 cells
BRCA2,BRCA2 p.Glu1320Gly,Likely benign,"criteria provided, single submitter",3226569,NM_000059.4(BRCA2):c.3959A>G (p.Glu1320Gly),"Jan 19, 2024",ClinVar,clinvar,clinvar_variant_summary,cohort,file,,,,,release-01-05-26,,,,
BRCA2,BRCA2 p.Asn2452Tyr,Likely benign,"criteria provided, single submitter",3228404,NM_000059.4(BRCA2):c.7354A>T (p.Asn2452Tyr),"Jan 23, 2024",ClinVar,clinvar,clinvar_variant_summary,cohort,file,,,,,release-01-05-26,,,,
BRCA2,BRCA2 p.Ile3113Ser,Likely benign,"criteria provided, single submitter",3230019,NM_000059.4(BRCA2):c.9338T>G (p.Ile3113Ser),"May 15, 2025",ClinVar,clinvar,clinvar_variant_summary,cohort,file,,,,,release-01-05-26,,,,
BRCA1,BRCA1 p.Asn1043Ser,Likely benign,"criteria provided, single submitter",3226132,NM_007294.4(BRCA1):c.3128A>G (p.Asn1043Ser),"Sep 20, 2023",ClinVar,clinvar,clinvar_variant_summary,cohort,file,4.228e-06,1.0,236546.0,,release-01-05-26,,,,
BRCA1,BRCA1 p.Asp1162Asn,Likely benign,"criteria provided, single submitter",3226138,NM_007294.4(BRCA1):c.3484G>A (p.Asp1162Asn),"Nov 27, 2023",ClinVar,clinvar,clinvar_variant_summary,cohort,file,,,,,release-01-05-26,,,,
BRCA2,BRCA2 p.Lys1082Glu,Likely benign,"criteria provided, single submitter",3226173,NM_000059.4(BRCA2):c.3244A>G (p.Lys1082Glu),"Jan 10, 2024",ClinVar,clinvar,clinvar_variant_summary,cohort,file,,,,,release-01-05-26,,,,
BRCA2,BRCA2 p.Ile1275Val,Likely benign,"criteria provided, single submitter",3226456,NM_000059.4(BRCA2):c.3823A>G (p.Ile1275Val),"Dec 15, 2023",ClinVar,clinvar,clinvar_variant_summary,cohort,file,,,,,release-01-05-26,,,,
BRCA2,BRCA2 p.Thr3085Arg,Likely benign,"criteria provided, single submitter",3229883,NM_000059.4(BRCA2):c.9254C>G (p.Thr3085Arg),"May 15, 2025",ClinVar,clinvar,clinvar_variant_summary,cohort,file,,,,,release-01-05-26,,,,
BRCA2,BRCA2 p.Leu3093Phe,Likely benign,"criteria provided, single submitter",3229931,NM_000059.4(BRCA2):c.9279G>T (p.Leu3093Phe),"May 15, 2025",ClinVar,clinvar,clinvar_variant_summary,cohort,file,,,,,release-01-05-26,,,,
BRCA2,BRCA2 p.Glu2757Val,Likely benign,"criteria provided, single submitter",3229226,NM_000059.4(BRCA2):c.8270A>T (p.Glu2757Val),"May 08, 2025",ClinVar,clinvar,clinvar_variant_summary,cohort,file,,,,,release-01-05-26,4.6143577455838685,,urn:mavedb:00001224-a-1,BRCA2 HDR VC-8 cells
BRCA2,BRCA2 p.Ser2782Asn,Likely benign,"criteria provided, single submitter",3229257,NM_000059.4(BRCA2):c.8345G>A (p.Ser2782Asn),"May 08, 2025",ClinVar,clinvar,clinvar_variant_summary,cohort,file,1.266e-05,3.0,236876.0,3.23e-06,release-01-05-26,4.993607799538154,,urn:mavedb:00001224-a-1,BRCA2 HDR VC-8 cells
BRCA2,BRCA2 p.Asp2811Asn,Likely benign,"criteria provided, single submitter",3229281,NM_000059.4(BRCA2):c.8431G>A (p.Asp2811Asn),"May 08, 2025",ClinVar,clinvar,clinvar_variant_summary,cohort,file,,,,,release-01-05-26,,,,
BRCA2,BRCA2 p.Glu2903Gln,Likely benign,"criteria provided, single submitter",3229407,NM_000059.4(BRCA2):c.8707G>C (p.Glu2903Gln),"May 15, 2025",ClinVar,clinvar,clinvar_variant_summary,cohort,file,,,,,release-01-05-26,,,,
BRCA2,BRCA2 p.Leu3344His,Likely benign,"criteria provided, single submitter",3248649,NM_000059.4(BRCA2):c.10031T>A (p.Leu3344His),"May 23, 2024",ClinVar,clinvar,clinvar_variant_summary,cohort,file,,,,,release-01-05-26,,,,
BRCA2,BRCA2 p.Asn369Ser,Likely benign,"criteria provided, single submitter",3256252,NM_000059.4(BRCA2):c.1106A>G (p.Asn369Ser),"Mar 04, 2025",ClinVar,clinvar,clinvar_variant_summary,cohort,file,,,,,release-01-05-26,,,,
BRCA2,BRCA2 p.Val2179Ala,Likely benign,"criteria provided, single submitter",3256255,NM_000059.4(BRCA2):c.6536T>C (p.Val2179Ala),"Mar 04, 2025",ClinVar,clinvar,clinvar_variant_summary,cohort,file,,,,,release-01-05-26,,,,
BRCA1,BRCA1 p.His601Gln,Likely benign,"criteria provided, single submitter",3256351,NM_007294.4(BRCA1):c.1803C>A (p.His601Gln),"Mar 04, 2025",ClinVar,clinvar,clinvar_variant_summary,cohort,file,,,,,release-01-05-26,,,,
BRCA2,BRCA2 p.Asn433Lys,Likely benign,"criteria provided, single submitter",3261604,NM_000059.4(BRCA2):c.1299C>A (p.Asn433Lys),"Apr 29, 2024",ClinVar,clinvar,clinvar_variant_summary,cohort,file,1.353e-05,2.0,147822.0,0.0,release-01-05-26,,,,
BRCA2,BRCA2 p.Asn1201Ser,Likely benign,"criteria provided, single submitter",3261607,NM_000059.4(BRCA2):c.3602A>G (p.Asn1201Ser),"May 15, 2024",ClinVar,clinvar,clinvar_variant_summary,cohort,file,,,,,release-01-05-26,,,,
BRCA2,BRCA2 p.Leu2936Val,Benign,"criteria provided, single submitter",3261609,NM_000059.4(BRCA2):c.8806T>G (p.Leu2936Val),"May 22, 2025",ClinVar,clinvar,clinvar_variant_summary,cohort,file,,,,,release-01-05-26,,,,
BRCA2,BRCA2 p.Ile921Asn,Likely benign,"criteria provided, single submitter",3261616,NM_000059.4(BRCA2):c.2762T>A (p.Ile921Asn),"May 22, 2024",ClinVar,clinvar,clinvar_variant_summary,cohort,file,,,,,release-01-05-26,,,,
BRCA2,BRCA2 p.Ile542Met,Likely benign,"criteria provided, single submitter",3261629,NM_000059.4(BRCA2):c.1626A>G (p.Ile542Met),"Jun 04, 2024",ClinVar,clinvar,clinvar_variant_summary,cohort,file,,,,,release-01-05-26,,,,
BRCA2,BRCA2 p.Cys2605Arg,Likely benign,"criteria provided, single submitter",3261630,NM_000059.4(BRCA2):c.7813T>C (p.Cys2605Arg),"May 19, 2025",ClinVar,clinvar,clinvar_variant_summary,cohort,file,,,,,release-01-05-26,,,,
BRCA2,BRCA2 p.His179Arg,Likely benign,"criteria provided, single submitter",3261634,NM_000059.4(BRCA2):c.536A>G (p.His179Arg),"Jun 05, 2024",ClinVar,clinvar,clinvar_variant_summary,cohort,file,1.352e-05,2.0,147960.0,7.285e-05,release-01-05-26,,,,
BRCA2,BRCA2 p.Leu2987Arg,Likely pathogenic,"criteria provided, single submitter",3261636,NM_000059.4(BRCA2):c.8960T>G (p.Leu2987Arg),"Apr 07, 2025",ClinVar,clinvar,clinvar_variant_summary,cohort,file,,,,,release-01-05-26,,,,
BRCA2,BRCA2 p.Asn2937Thr,Benign,"criteria provided, single submitter",3261637,NM_000059.4(BRCA2):c.8810A>C (p.Asn2937Thr),"May 22, 2025",ClinVar,clinvar,clinvar_variant_summary,cohort,file,,,,,release-01-05-26,,,,
BRCA2,BRCA2 p.Arg2799Ser,Likely benign,"criteria provided, single submitter",3261638,NM_000059.4(BRCA2):c.8397A>T (p.Arg2799Ser),"May 08, 2025",ClinVar,clinvar,clinvar_variant_summary,cohort,file,,,,,release-01-05-26,,,,
BRCA2,BRCA2 p.Thr87Ile,Likely benign,"criteria provided, single submitter",3261646,NM_000059.4(BRCA2):c.260C>T (p.Thr87Ile),"Jun 13, 2024",ClinVar,clinvar,clinvar_variant_summary,cohort,file,,,,,release-01-05-26,-0.0588212,0.0316569,urn:mavedb:00001263-a-1,Saturation Genome Editing of BRCA2
BRCA2,BRCA2 p.Val2855Met,Benign,"criteria provided, single submitter",3261503,NM_000059.4(BRCA2):c.8563G>A (p.Val2855Met),"May 19, 2025",ClinVar,clinvar,clinvar_variant_summary,cohort,file,,,,,release-01-05-26,,,,
BRCA2,BRCA2 p.Ile2495Val,Likely benign,"criteria provided, single submitter",3261515,NM_000059.4(BRCA2):c.7483A>G (p.Ile2495Val),"Apr 25, 2025",ClinVar,clinvar,clinvar_variant_summary,cohort,file,,,,,release-01-05-26,,,,
BRCA2,BRCA2 p.Glu3157Gly,Likely benign,"criteria provided, single submitter",3261517,NM_000059.4(BRCA2):c.9470A>G (p.Glu3157Gly),"May 16, 2025",ClinVar,clinvar,clinvar_variant_summary,cohort,file,,,,,release-01-05-26,,,,
BRCA2,BRCA2 p.Asn361Asp,Likely benign,"criteria provided, single submitter",3261535,NM_000059.4(BRCA2):c.1081A>G (p.Asn361Asp),"May 30, 2024",ClinVar,clinvar,clinvar_variant_summary,cohort,file,8.539e-06,2.0,234216.0,,release-01-05-26,,,,
BRCA2,BRCA2 p.Ala3023Asp,Likely benign,"criteria provided, single submitter",3261538,NM_000059.4(BRCA2):c.9068C>A (p.Ala3023Asp),"May 16, 2025",ClinVar,clinvar,clinvar_variant_summary,cohort,file,,,,,release-01-05-26,,,,
BRCA2,BRCA2 p.Thr1609Ile,Likely benign,"criteria provided, single submitter",3261547,NM_000059.4(BRCA2):c.4826C>T (p.Thr1609Ile),"Mar 19, 2024",ClinVar,clinvar,clinvar_variant_summary,cohort,file,,,,,release-01-05-26,,,,
BRCA2,BRCA2 p.Leu1260Ser,Likely benign,"criteria provided, single submitter",3261551,NM_000059.4(BRCA2):c.3779T>C (p.Leu1260Ser),"Mar 26, 2024",ClinVar,clinvar,clinvar_variant_summary,cohort,file,,,,,release-01-05-26,,,,
BRCA2,BRCA2 p.Phe354Leu,Likely benign,"criteria provided, single submitter",3261554,NM_000059.4(BRCA2):c.1062T>G (p.Phe354Leu),"Mar 28, 2024",ClinVar,clinvar,clinvar_variant_summary,cohort,file,4.269e-06,1.0,234228.0,,release-01-05-26,,,,
BRCA2,BRCA2 p.Ser1744Asn,Likely benign,"criteria provided, single submitter",3261556,NM_000059.4(BRCA2):c.5231G>A (p.Ser1744Asn),"Mar 29, 2024",ClinVar,clinvar,clinvar_variant_summary,cohort,file,,,,,release-01-05-26,,,,
BRCA2,BRCA2 p.Gln2943Glu,Benign,"criteria provided, single submitter",3261570,NM_000059.4(BRCA2):c.8827C>G (p.Gln2943Glu),"May 22, 2025",ClinVar,clinvar,clinvar_variant_summary,cohort,file,,,,,release-01-05-26,,,,
BRCA2,BRCA2 p.Tyr3225Asn,Likely benign,"criteria provided, single submitter",3261573,NM_000059.4(BRCA2):c.9673T>A (p.Tyr3225Asn),"Mar 25, 2024",ClinVar,clinvar,clinvar_variant_summary,cohort,file,,,,,release-01-05-26,,,,
BRCA2,BRCA2 p.Gln2960Glu,Likely benign,"criteria provided, single submitter",3261595,NM_000059.4(BRCA2):c.8878C>G (p.Gln2960Glu),"May 02, 2024",ClinVar,clinvar,clinvar_variant_summary,cohort,file,,,,,release-01-05-26,,,,
BRCA2,BRCA2 p.Lys1314Asn,Likely benign,"criteria provided, single submitter",3336564,NM_000059.4(BRCA2):c.3942G>C (p.Lys1314Asn),"May 16, 2024",ClinVar,clinvar,clinvar_variant_summary,cohort,file,,,,,release-01-05-26,,,,
BRCA1,BRCA1 p.Asp390Gly,Likely benign,"criteria provided, single submitter",3338486,NM_007294.4(BRCA1):c.1169A>G (p.Asp390Gly),"Aug 12, 2024",ClinVar,clinvar,clinvar_variant_summary,cohort,file,,,,,release-01-05-26,,,,
BRCA2,BRCA2 p.Leu3074Pro,Likely pathogenic,"criteria provided, single submitter",3376536,NM_000059.4(BRCA2):c.9221T>C (p.Leu3074Pro),"Nov 14, 2024",ClinVar,clinvar,clinvar_variant_summary,cohort,file,,,,,release-01-05-26,1.0734780761303602,,urn:mavedb:00001224-a-1,BRCA2 HDR VC-8 cells
BRCA2,BRCA2 p.Thr1684Ser,Likely benign,"criteria provided, single submitter",3482194,NM_000059.4(BRCA2):c.5050A>T (p.Thr1684Ser),"Dec 06, 2024",ClinVar,clinvar,clinvar_variant_summary,cohort,file,,,,,release-01-05-26,,,,
BRCA2,BRCA2 p.Tyr1894His,Likely benign,"criteria provided, single submitter",3482212,NM_000059.4(BRCA2):c.5680T>C (p.Tyr1894His),"Dec 02, 2024",ClinVar,clinvar,clinvar_variant_summary,cohort,file,,,,,release-01-05-26,,,,
BRCA1,BRCA1 p.Gly1515Arg,Likely benign,"criteria provided, single submitter",3481776,NM_007294.4(BRCA1):c.4543G>A (p.Gly1515Arg),"Jun 25, 2024",ClinVar,clinvar,clinvar_variant_summary,cohort,file,,,,,release-01-05-26,,,,
BRCA1,BRCA1 p.Val1602Leu,Likely benign,"criteria provided, single submitter",3481797,NM_007294.4(BRCA1):c.4804G>C (p.Val1602Leu),"Oct 25, 2024",ClinVar,clinvar,clinvar_variant_summary,cohort,file,,,,,release-01-05-26,,,,
BRCA1,BRCA1 p.Gln804Leu,Likely benign,"criteria provided, single submitter",3481827,NM_007294.4(BRCA1):c.2411A>T (p.Gln804Leu),"Jul 25, 2024",ClinVar,clinvar,clinvar_variant_summary,cohort,file,,,,,release-01-05-26,,,,
BRCA1,BRCA1 p.Asn363Ser,Likely benign,"criteria provided, single submitter",3481900,NM_007294.4(BRCA1):c.1088A>G (p.Asn363Ser),"Dec 02, 2024",ClinVar,clinvar,clinvar_variant_summary,cohort,file,,,,,release-01-05-26,,,,
BRCA2,BRCA2 p.Thr17Ala,Likely benign,"criteria provided, single submitter",3481929,NM_000059.4(BRCA2):c.49A>G (p.Thr17Ala),"Aug 21, 2024",ClinVar,clinvar,clinvar_variant_summary,cohort,file,,,,,release-01-05-26,,,,
BRCA2,BRCA2 p.Lys2674Met,Likely benign,"criteria provided, single submitter",3481942,NM_000059.4(BRCA2):c.8021A>T (p.Lys2674Met),"May 19, 2025",ClinVar,clinvar,clinvar_variant_summary,cohort,file,,,,,release-01-05-26,,,,
BRCA2,BRCA2 p.Phe3060Ile,Benign,"criteria provided, single submitter",3481944,NM_000059.4(BRCA2):c.9178T>A (p.Phe3060Ile),"May 23, 2025",ClinVar,clinvar,clinvar_variant_summary,cohort,file,,,,,release-01-05-26,,,,
BRCA2,BRCA2 p.Lys1691Gln,Likely benign,"criteria provided, single submitter",3481972,NM_000059.4(BRCA2):c.5071A>C (p.Lys1691Gln),"Jul 02, 2024",ClinVar,clinvar,clinvar_variant_summary,cohort,file,,,,,release-01-05-26,,,,
BRCA2,BRCA2 p.Val1283Leu,Likely benign,"criteria provided, single submitter",3481988,NM_000059.4(BRCA2):c.3847G>T (p.Val1283Leu),"Aug 01, 2024",ClinVar,clinvar,clinvar_variant_summary,cohort,file,,,,,release-01-05-26,,,,
BRCA2,BRCA2 p.Glu3130Lys,Likely benign,"criteria provided, single submitter",3481999,NM_000059.4(BRCA2):c.9388G>A (p.Glu3130Lys),"May 16, 2025",ClinVar,clinvar,clinvar_variant_summary,cohort,file,,,,,release-01-05-26,,,,
BRCA2,BRCA2 p.Pro2734Arg,Likely benign,"criteria provided, single submitter",3482010,NM_000059.4(BRCA2):c.8201C>G (p.Pro2734Arg),"May 08, 2025",ClinVar,clinvar,clinvar_variant_summary,cohort,file,,,,,release-01-05-26,,,,
BRCA2,BRCA2 p.Lys437Thr,Likely benign,"criteria provided, single submitter",3482019,NM_000059.4(BRCA2):c.1310A>C (p.Lys437Thr),"Jul 11, 2024",ClinVar,clinvar,clinvar_variant_summary,cohort,file,,,,,release-01-05-26,,,,
BRCA2,BRCA2 p.Cys3304Trp,Likely benign,"criteria provided, single submitter",3482020,NM_000059.4(BRCA2):c.9912T>G (p.Cys3304Trp),"Jul 29, 2024",ClinVar,clinvar,clinvar_variant_summary,cohort,file,,,,,release-01-05-26,,,,
BRCA2,BRCA2 p.Leu583Met,Likely benign,"criteria provided, single submitter",3482026,NM_000059.4(BRCA2):c.1747T>A (p.Leu583Met),"Aug 21, 2024",ClinVar,clinvar,clinvar_variant_summary,cohort,file,,,,,release-01-05-26,,,,
BRCA2,BRCA2 p.Met1149Ile,Likely benign,"criteria provided, single submitter",3482027,NM_000059.4(BRCA2):c.3447G>C (p.Met1149Ile),"Aug 21, 2024",ClinVar,clinvar,clinvar_variant_summary,cohort,file,4.229e-06,1.0,236464.0,,release-01-05-26,,,,
BRCA2,BRCA2 p.Ser1770Ala,Likely benign,"criteria provided, single submitter",3482033,NM_000059.4(BRCA2):c.5308T>G (p.Ser1770Ala),"Aug 06, 2024",ClinVar,clinvar,clinvar_variant_summary,cohort,file,,,,,release-01-05-26,,,,
BRCA2,BRCA2 p.Lys3415Glu,Likely benign,"criteria provided, single submitter",3482049,NM_000059.4(BRCA2):c.10243A>G (p.Lys3415Glu),"Aug 21, 2024",ClinVar,clinvar,clinvar_variant_summary,cohort,file,,,,,release-01-05-26,,,,
BRCA2,BRCA2 p.Met3322Leu,Likely benign,"criteria provided, single submitter",3482077,NM_000059.4(BRCA2):c.9964A>C (p.Met3322Leu),"Sep 18, 2024",ClinVar,clinvar,clinvar_variant_summary,cohort,file,,,,,release-01-05-26,,,,
BRCA2,BRCA2 p.Ala2902Ser,Likely benign,"criteria provided, single submitter",3482095,NM_000059.4(BRCA2):c.8704G>T (p.Ala2902Ser),"May 15, 2025",ClinVar,clinvar,clinvar_variant_summary,cohort,file,,,,,release-01-05-26,,,,
BRCA2,BRCA2 p.Lys2555Thr,Likely benign,"criteria provided, single submitter",3482114,NM_000059.4(BRCA2):c.7664A>C (p.Lys2555Thr),"May 05, 2025",ClinVar,clinvar,clinvar_variant_summary,cohort,file,,,,,release-01-05-26,,,,
BRCA2,BRCA2 p.Glu1481Gly,Likely benign,"criteria provided, single submitter",3482136,NM_000059.4(BRCA2):c.4442A>G (p.Glu1481Gly),"Oct 29, 2024",ClinVar,clinvar,clinvar_variant_summary,cohort,file,,,,,release-01-05-26,,,,
BRCA2,BRCA2 p.Gln1396Glu,Likely benign,"criteria provided, single submitter",3482138,NM_000059.4(BRCA2):c.4186C>G (p.Gln1396Glu),"Oct 14, 2024",ClinVar,clinvar,clinvar_variant_summary,cohort,file,,,,,release-01-05-26,,,,
BRCA2,BRCA2 p.Leu557Ser,Likely benign,"criteria provided, single submitter",3482145,NM_000059.4(BRCA2):c.1670T>C (p.Leu557Ser),"Nov 12, 2024",ClinVar,clinvar,clinvar_variant_summary,cohort,file,,,,,release-01-05-26,,,,
BRCA2,BRCA2 p.Asn213Ser,Likely benign,"criteria provided, single submitter",3482150,NM_000059.4(BRCA2):c.638A>G (p.Asn213Ser),"Nov 12, 2024",ClinVar,clinvar,clinvar_variant_summary,cohort,file,,,,,release-01-05-26,,,,
BRCA2,BRCA2 p.Asn1296His,Likely benign,"criteria provided, single submitter",3482156,NM_000059.4(BRCA2):c.3886A>C (p.Asn1296His),"Nov 01, 2024",ClinVar,clinvar,clinvar_variant_summary,cohort,file,,,,,release-01-05-26,,,,
BRCA2,BRCA2 p.Asn818Lys,Likely benign,"criteria provided, single submitter",3482183,NM_000059.4(BRCA2):c.2454T>A (p.Asn818Lys),"Nov 25, 2024",ClinVar,clinvar,clinvar_variant_summary,cohort,file,,,,,release-01-05-26,,,,
BRCA1,BRCA1 p.Cys44Ser,Likely pathogenic,"criteria provided, single submitter",3572265,NM_007294.4(BRCA1):c.131_132delinsCT (p.Cys44Ser),"Mar 13, 2024",ClinVar,clinvar,clinvar_variant_summary,cohort,file,,,,,release-01-05-26,,,,
BRCA1,BRCA1 p.Lys1037Ile,Likely benign,"criteria provided, single submitter",3600337,NM_007294.4(BRCA1):c.3110A>T (p.Lys1037Ile),"Jan 10, 2025",ClinVar,clinvar,clinvar_variant_summary,cohort,file,,,,,release-01-05-26,,,,
BRCA1,BRCA1 p.Pro871Leu,Likely benign,"criteria provided, single submitter",3729359,NM_007294.4(BRCA1):c.2611_2612delinsTT (p.Pro871Leu),"Jan 22, 2025",ClinVar,clinvar,clinvar_variant_summary,cohort,file,0.4906,72459.0,147700.0,0.8148,release-01-05-26,,,,
BRCA1,BRCA1 p.Leu983Val,Likely benign,"criteria provided, single submitter",3730837,NM_007294.4(BRCA1):c.2947C>G (p.Leu983Val),"Dec 10, 2024",ClinVar,clinvar,clinvar_variant_summary,cohort,file,,,,,release-01-05-26,,,,
BRCA1,BRCA1 p.Phe1124Leu,Likely benign,"criteria provided, single submitter",3765081,NM_007294.4(BRCA1):c.3372C>G (p.Phe1124Leu),"Mar 04, 2025",ClinVar,clinvar,clinvar_variant_summary,cohort,file,,,,,release-01-05-26,,,,
BRCA2,BRCA2 p.Ser648Pro,Likely benign,"criteria provided, single submitter",3765267,NM_000059.4(BRCA2):c.1942T>C (p.Ser648Pro),"Mar 04, 2025",ClinVar,clinvar,clinvar_variant_summary,cohort,file,,,,,release-01-05-26,,,,
BRCA2,BRCA2 p.Gly1376Arg,Likely benign,"criteria provided, single submitter",3765270,NM_000059.4(BRCA2):c.4126G>A (p.Gly1376Arg),"Mar 04, 2025",ClinVar,clinvar,clinvar_variant_summary,cohort,file,,,,,release-01-05-26,,,,
BRCA2,BRCA2 p.Gly1508Val,Likely benign,"criteria provided, single submitter",3765272,NM_000059.4(BRCA2):c.4523G>T (p.Gly1508Val),"Mar 04, 2025",ClinVar,clinvar,clinvar_variant_summary,cohort,file,,,,,release-01-05-26,,,,
BRCA2,BRCA2 p.Asn2374Ile,Likely benign,"criteria provided, single submitter",3774432,NM_000059.4(BRCA2):c.7121A>T (p.Asn2374Ile),"Nov 21, 2024",ClinVar,clinvar,clinvar_variant_summary,cohort,file,,,,,release-01-05-26,,,,
BRCA1,BRCA1 p.Ser229Tyr,Likely benign,"criteria provided, single submitter",3778920,NM_007294.4(BRCA1):c.686C>A (p.Ser229Tyr),"Dec 12, 2024",ClinVar,clinvar,clinvar_variant_summary,cohort,file,,,,,release-01-05-26,,,,
BRCA2,BRCA2 p.Phe1219Leu,Likely benign,"criteria provided, single submitter",3778936,NM_000059.4(BRCA2):c.3657T>G (p.Phe1219Leu),"Aug 06, 2024",ClinVar,clinvar,clinvar_variant_summary,cohort,file,,,,,release-01-05-26,,,,
BRCA2,BRCA2 p.Thr1526Arg,Likely benign,"criteria provided, single submitter",3778939,NM_000059.4(BRCA2):c.4577C>G (p.Thr1526Arg),"Feb 26, 2024",ClinVar,clinvar,clinvar_variant_summary,cohort,file,,,,,release-01-05-26,,,,
BRCA2,BRCA2 p.Lys178Thr,Likely benign,"criteria provided, single submitter",3778940,NM_000059.4(BRCA2):c.533A>C (p.Lys178Thr),"Jun 25, 2024",ClinVar,clinvar,clinvar_variant_summary,cohort,file,,,,,release-01-05-26,,,,
BRCA2,BRCA2 p.Leu2753Phe,Benign,"criteria provided, single submitter",3825475,NM_000059.4(BRCA2):c.8257C>T (p.Leu2753Phe),"Jun 24, 2025",ClinVar,clinvar,clinvar_variant_summary,cohort,file,,,,,release-01-05-26,,,,
BRCA1,BRCA1 p.Met751Val,Likely benign,"criteria provided, single submitter",3825318,NM_007294.4(BRCA1):c.2251A>G (p.Met751Val),"Feb 28, 2025",ClinVar,clinvar,clinvar_variant_summary,cohort,file,,,,,release-01-05-26,,,,
BRCA1,BRCA1 p.Leu1605Phe,Likely benign,"criteria provided, single submitter",3825325,NM_007294.4(BRCA1):c.4815G>C (p.Leu1605Phe),"Mar 07, 2025",ClinVar,clinvar,clinvar_variant_summary,cohort,file,,,,,release-01-05-26,,,,
BRCA2,BRCA2 p.Val3365Ile,Likely benign,"criteria provided, single submitter",3825364,NM_000059.4(BRCA2):c.10093G>A (p.Val3365Ile),"Jan 07, 2025",ClinVar,clinvar,clinvar_variant_summary,cohort,file,,,,,release-01-05-26,,,,
BRCA2,BRCA2 p.Asn1288Asp,Likely benign,"criteria provided, single submitter",3825377,NM_000059.4(BRCA2):c.3862A>G (p.Asn1288Asp),"Feb 10, 2025",ClinVar,clinvar,clinvar_variant_summary,cohort,file,,,,,release-01-05-26,,,,
BRCA2,BRCA2 p.Asn560Lys,Likely benign,"criteria provided, single submitter",3825385,NM_000059.4(BRCA2):c.1680T>G (p.Asn560Lys),"Dec 24, 2024",ClinVar,clinvar,clinvar_variant_summary,cohort,file,,,,,release-01-05-26,,,,
BRCA2,BRCA2 p.Ile1945Val,Likely benign,"criteria provided, single submitter",3825442,NM_000059.4(BRCA2):c.5833A>G (p.Ile1945Val),"Feb 19, 2025",ClinVar,clinvar,clinvar_variant_summary,cohort,file,,,,,release-01-05-26,,,,
BRCA2,BRCA2 p.Val2138Ile,Likely benign,"criteria provided, single submitter",3825447,NM_000059.4(BRCA2):c.6412G>A (p.Val2138Ile),"Feb 13, 2025",ClinVar,clinvar,clinvar_variant_summary,cohort,file,,,,,release-01-05-26,,,,
BRCA2,BRCA2 p.Gly2529Val,Likely benign,"criteria provided, single submitter",3825450,NM_000059.4(BRCA2):c.7586G>T (p.Gly2529Val),"Jun 24, 2025",ClinVar,clinvar,clinvar_variant_summary,cohort,file,,,,,release-01-05-26,,,,
BRCA2,BRCA2 p.Cys3173Phe,Likely benign,"criteria provided, single submitter",3825453,NM_000059.4(BRCA2):c.9518G>T (p.Cys3173Phe),"Jun 24, 2025",ClinVar,clinvar,clinvar_variant_summary,cohort,file,,,,,release-01-05-26,,,,
BRCA2,BRCA2 p.Ala3235Asp,Likely benign,"criteria provided, single submitter",3825457,NM_000059.4(BRCA2):c.9704C>A (p.Ala3235Asp),"Mar 06, 2025",ClinVar,clinvar,clinvar_variant_summary,cohort,file,,,,,release-01-05-26,,,,
BRCA2,BRCA2 p.Ser496Ala,Likely benign,"criteria provided, single submitter",3825458,NM_000059.4(BRCA2):c.1485_1486delinsGG (p.Ser496Ala),"Feb 26, 2025",ClinVar,clinvar,clinvar_variant_summary,cohort,file,,,,,release-01-05-26,,,,
BRCA1,BRCA1 p.Ala439Val,Likely benign,"criteria provided, single submitter",3903873,NM_007294.4(BRCA1):c.1316C>T (p.Ala439Val),"Mar 14, 2025",ClinVar,clinvar,clinvar_variant_summary,cohort,file,,,,,release-01-05-26,,,,
BRCA1,BRCA1 p.Ser694Arg,Likely benign,"criteria provided, single submitter",3904754,NM_007294.4(BRCA1):c.2082C>G (p.Ser694Arg),"Feb 24, 2025",ClinVar,clinvar,clinvar_variant_summary,cohort,file,,,,,release-01-05-26,,,,
BRCA1,BRCA1 p.Gly1543Glu,Likely benign,"criteria provided, single submitter",3992563,NM_007294.4(BRCA1):c.4628G>A (p.Gly1543Glu),"Jun 09, 2025",ClinVar,clinvar,clinvar_variant_summary,cohort,file,,,,,release-01-05-26,,,,
BRCA1,BRCA1 p.Phe952Leu,Likely benign,"criteria provided, single submitter",3992573,NM_007294.4(BRCA1):c.2854T>C (p.Phe952Leu),"May 30, 2025",ClinVar,clinvar,clinvar_variant_summary,cohort,file,,,,,release-01-05-26,,,,
BRCA1,BRCA1 p.Leu1276Ser,Likely benign,"criteria provided, single submitter",3992578,NM_007294.4(BRCA1):c.3827T>C (p.Leu1276Ser),"May 01, 2025",ClinVar,clinvar,clinvar_variant_summary,cohort,file,,,,,release-01-05-26,,,,
BRCA2,BRCA2 p.Gln2870Pro,Likely benign,"criteria provided, single submitter",3992662,NM_000059.4(BRCA2):c.8609A>C (p.Gln2870Pro),"Mar 25, 2025",ClinVar,clinvar,clinvar_variant_summary,cohort,file,,,,,release-01-05-26,,,,
BRCA2,BRCA2 p.Ile2664Phe,Likely benign,"criteria provided, single submitter",3992665,NM_000059.4(BRCA2):c.7990A>T (p.Ile2664Phe),"Apr 03, 2025",ClinVar,clinvar,clinvar_variant_summary,cohort,file,,,,,release-01-05-26,,,,
BRCA2,BRCA2 p.Asp2983Gly,Likely benign,"criteria provided, single submitter",3992667,NM_000059.4(BRCA2):c.8948A>G (p.Asp2983Gly),"May 14, 2025",ClinVar,clinvar,clinvar_variant_summary,cohort,file,,,,,release-01-05-26,,,,
BRCA2,BRCA2 p.Glu984Lys,Likely benign,"criteria provided, single submitter",3992681,NM_000059.4(BRCA2):c.2950G>A (p.Glu984Lys),"Apr 30, 2025",ClinVar,clinvar,clinvar_variant_summary,cohort,file,,,,,release-01-05-26,,,,
BRCA2,BRCA2 p.Asp2492Asn,Likely benign,"criteria provided, single submitter",3992698,NM_000059.4(BRCA2):c.7474G>A (p.Asp2492Asn),"May 27, 2025",ClinVar,clinvar,clinvar_variant_summary,cohort,file,,,,,release-01-05-26,,,,
BRCA2,BRCA2 p.Ala1253Thr,Likely benign,"criteria provided, single submitter",3992705,NM_000059.4(BRCA2):c.3757G>A (p.Ala1253Thr),"May 14, 2025",ClinVar,clinvar,clinvar_variant_summary,cohort,file,4.302e-06,1.0,232432.0,,release-01-05-26,,,,
BRCA2,BRCA2 p.Thr2542Ala,Likely benign,"criteria provided, single submitter",3992707,NM_000059.4(BRCA2):c.7624A>G (p.Thr2542Ala),"Mar 19, 2025",ClinVar,clinvar,clinvar_variant_summary,cohort,file,,,,,release-01-05-26,,,,
BRCA2,BRCA2 p.Lys3196Asn,Likely benign,"criteria provided, single submitter",3992741,NM_000059.4(BRCA2):c.9588A>C (p.Lys3196Asn),"Mar 18, 2025",ClinVar,clinvar,clinvar_variant_summary,cohort,file,,,,,release-01-05-26,,,,
BRCA2,BRCA2 p.Thr1185Arg,Likely benign,"criteria provided, single submitter",3992746,NM_000059.4(BRCA2):c.3554C>G (p.Thr1185Arg),"Mar 17, 2025",ClinVar,clinvar,clinvar_variant_summary,cohort,file,,,,,release-01-05-26,,,,
BRCA2,BRCA2 p.Phe3060Val,Likely benign,"criteria provided, single submitter",3992748,NM_000059.4(BRCA2):c.9178T>G (p.Phe3060Val),"Mar 25, 2025",ClinVar,clinvar,clinvar_variant_summary,cohort,file,,,,,release-01-05-26,,,,
BRCA2,BRCA2 p.Gln2539Glu,Likely benign,"criteria provided, single submitter",3992753,NM_000059.4(BRCA2):c.7615C>G (p.Gln2539Glu),"Apr 09, 2025",ClinVar,clinvar,clinvar_variant_summary,cohort,file,,,,,release-01-05-26,,,,
BRCA2,BRCA2 p.Asp2489His,Likely benign,"criteria provided, single submitter",3992762,NM_000059.4(BRCA2):c.7465G>C (p.Asp2489His),"Apr 02, 2025",ClinVar,clinvar,clinvar_variant_summary,cohort,file,,,,,release-01-05-26,,,,
BRCA2,BRCA2 p.Leu3215His,Likely benign,"criteria provided, single submitter",3992772,NM_000059.4(BRCA2):c.9644T>A (p.Leu3215His),"Apr 03, 2025",ClinVar,clinvar,clinvar_variant_summary,cohort,file,,,,,release-01-05-26,,,,
BRCA2,BRCA2 p.Lys2551Arg,Benign,"criteria provided, single submitter",3992775,NM_000059.4(BRCA2):c.7652A>G (p.Lys2551Arg),"Apr 07, 2025",ClinVar,clinvar,clinvar_variant_summary,cohort,file,,,,,release-01-05-26,,,,
BRCA2,BRCA2 p.Arg2888Ser,Likely benign,"criteria provided, single submitter",3992776,NM_000059.4(BRCA2):c.8662C>A (p.Arg2888Ser),"Apr 16, 2025",ClinVar,clinvar,clinvar_variant_summary,cohort,file,,,,,release-01-05-26,,,,
BRCA2,BRCA2 p.Pro2883Leu,Benign,"criteria provided, single submitter",3992784,NM_000059.4(BRCA2):c.8648C>T (p.Pro2883Leu),"Apr 22, 2025",ClinVar,clinvar,clinvar_variant_summary,cohort,file,,,,,release-01-05-26,,,,
BRCA2,BRCA2 p.Ile1607Asn,Likely benign,"criteria provided, single submitter",3992790,NM_000059.4(BRCA2):c.4820T>A (p.Ile1607Asn),"Apr 21, 2025",ClinVar,clinvar,clinvar_variant_summary,cohort,file,,,,,release-01-05-26,,,,
BRCA2,BRCA2 p.Gln3037Leu,Likely benign,"criteria provided, single submitter",3992792,NM_000059.4(BRCA2):c.9110A>T (p.Gln3037Leu),"May 01, 2025",ClinVar,clinvar,clinvar_variant_summary,cohort,file,,,,,release-01-05-26,,,,
BRCA2,BRCA2 p.Asn3348Asp,Likely benign,"criteria provided, single submitter",3992795,NM_000059.4(BRCA2):c.10042A>G (p.Asn3348Asp),"May 08, 2025",ClinVar,clinvar,clinvar_variant_summary,cohort,file,,,,,release-01-05-26,,,,
BRCA2,BRCA2 p.Gln548Lys,Likely benign,"criteria provided, single submitter",3992799,NM_000059.4(BRCA2):c.1642C>A (p.Gln548Lys),"Apr 30, 2025",ClinVar,clinvar,clinvar_variant_summary,cohort,file,,,,,release-01-05-26,,,,
BRCA2,BRCA2 p.Asn1747Ser,Likely benign,"criteria provided, single submitter",3992817,NM_000059.4(BRCA2):c.5240A>G (p.Asn1747Ser),"May 17, 2025",ClinVar,clinvar,clinvar_variant_summary,cohort,file,,,,,release-01-05-26,,,,
BRCA2,BRCA2 p.Lys3032Arg,Likely benign,"criteria provided, single submitter",3992835,NM_000059.4(BRCA2):c.9095A>G (p.Lys3032Arg),"May 18, 2025",ClinVar,clinvar,clinvar_variant_summary,cohort,file,,,,,release-01-05-26,,,,
BRCA2,BRCA2 p.Cys1081Ser,Likely benign,"criteria provided, single submitter",3992836,NM_000059.4(BRCA2):c.3242G>C (p.Cys1081Ser),"May 18, 2025",ClinVar,clinvar,clinvar_variant_summary,cohort,file,,,,,release-01-05-26,,,,
BRCA2,BRCA2 p.Leu1357Ile,Likely benign,"criteria provided, single submitter",3992843,NM_000059.4(BRCA2):c.4069C>A (p.Leu1357Ile),"Jun 05, 2025",ClinVar,clinvar,clinvar_variant_summary,cohort,file,,,,,release-01-05-26,,,,
BRCA2,BRCA2 p.Lys410Asn,Likely benign,"criteria provided, single submitter",3992851,NM_000059.4(BRCA2):c.1230A>C (p.Lys410Asn),"May 29, 2025",ClinVar,clinvar,clinvar_variant_summary,cohort,file,,,,,release-01-05-26,,,,
BRCA2,BRCA2 p.Pro1171Ala,Likely benign,"criteria provided, single submitter",3992852,NM_000059.4(BRCA2):c.3511C>G (p.Pro1171Ala),"Jun 06, 2025",ClinVar,clinvar,clinvar_variant_summary,cohort,file,,,,,release-01-05-26,,,,
BRCA2,BRCA2 p.Lys1191Asn,Likely benign,"criteria provided, single submitter",3992854,NM_000059.4(BRCA2):c.3573G>C (p.Lys1191Asn),"Jun 09, 2025",ClinVar,clinvar,clinvar_variant_summary,cohort,file,,,,,release-01-05-26,,,,
BRCA2,BRCA2 p.His2548Asn,Benign,"criteria provided, single submitter",3992855,NM_000059.4(BRCA2):c.7642C>A (p.His2548Asn),"Jun 09, 2025",ClinVar,clinvar,clinvar_variant_summary,cohort,file,,,,,release-01-05-26,,,,
BRCA2,BRCA2 p.Leu2890Arg,Likely benign,"criteria provided, single submitter",3992856,NM_000059.4(BRCA2):c.8669T>G (p.Leu2890Arg),"Jun 07, 2025",ClinVar,clinvar,clinvar_variant_summary,cohort,file,,,,,release-01-05-26,,,,
BRCA2,BRCA2 p.Val358Ala,Likely benign,"criteria provided, single submitter",3992858,NM_000059.4(BRCA2):c.1073T>C (p.Val358Ala),"Jun 09, 2025",ClinVar,clinvar,clinvar_variant_summary,cohort,file,,,,,release-01-05-26,,,,
BRCA2,BRCA2 p.Ile3208Val,Likely benign,"criteria provided, single submitter",3992866,NM_000059.4(BRCA2):c.9622A>G (p.Ile3208Val),"Jun 06, 2025",ClinVar,clinvar,clinvar_variant_summary,cohort,file,,,,,release-01-05-26,,,,
BRCA2,BRCA2 p.Asn1473Ser,Likely benign,"criteria provided, single submitter",3992878,NM_000059.4(BRCA2):c.4418A>G (p.Asn1473Ser),"Jun 12, 2025",ClinVar,clinvar,clinvar_variant_summary,cohort,file,6.757e-06,1.0,147988.0,0.0,release-01-05-26,,,,
BRCA1,BRCA1 p.Ile429Val,Likely benign,"criteria provided, single submitter",4056259,NM_007294.4(BRCA1):c.1285A>G (p.Ile429Val),"Nov 06, 2024",ClinVar,clinvar,clinvar_variant_summary,cohort,file,,,,,release-01-05-26,,,,
BRCA2,BRCA2 p.Glu2918Asp,Likely pathogenic,"criteria provided, single submitter",4071408,NM_000059.4(BRCA2):c.8754G>C (p.Glu2918Asp),"Jun 12, 2025",ClinVar,clinvar,clinvar_variant_summary,cohort,file,,,,,release-01-05-26,,,,
BRCA2,BRCA2 p.Ser2022Ala,Likely benign,"criteria provided, single submitter",4082323,NM_000059.4(BRCA2):c.6064T>G (p.Ser2022Ala),"Jul 07, 2025",ClinVar,clinvar,clinvar_variant_summary,cohort,file,,,,,release-01-05-26,,,,
BRCA2,BRCA2 p.Ser2219Leu,Likely benign,"criteria provided, single submitter",4082324,NM_000059.4(BRCA2):c.6656C>T (p.Ser2219Leu),"Apr 15, 2025",ClinVar,clinvar,clinvar_variant_summary,cohort,file,,,,,release-01-05-26,,,,
BRCA2,BRCA2 p.Ser3303Arg,Likely benign,"criteria provided, single submitter",4082326,NM_000059.4(BRCA2):c.9909T>G (p.Ser3303Arg),"Aug 04, 2025",ClinVar,clinvar,clinvar_variant_summary,cohort,file,,,,,release-01-05-26,,,,
BRCA2,BRCA2 p.Asp1420Gly,Likely benign,"criteria provided, single submitter",4215850,NM_000059.4(BRCA2):c.4259A>G (p.Asp1420Gly),"Jul 23, 2025",ClinVar,clinvar,clinvar_variant_summary,cohort,file,,,,,release-01-05-26,,,,
BRCA2,BRCA2 p.Gln3394His,Likely benign,"criteria provided, single submitter",4215853,NM_000059.4(BRCA2):c.10182G>C (p.Gln3394His),"Jul 14, 2025",ClinVar,clinvar,clinvar_variant_summary,cohort,file,,,,,release-01-05-26,,,,
BRCA2,BRCA2 p.Ile1556Thr,Likely benign,"criteria provided, single submitter",4215863,NM_000059.4(BRCA2):c.4667T>C (p.Ile1556Thr),"Jul 18, 2025",ClinVar,clinvar,clinvar_variant_summary,cohort,file,,,,,release-01-05-26,,,,
BRCA2,BRCA2 p.Thr680Ala,Likely benign,"criteria provided, single submitter",4215870,NM_000059.4(BRCA2):c.2038A>G (p.Thr680Ala),"Jul 25, 2025",ClinVar,clinvar,clinvar_variant_summary,cohort,file,,,,,release-01-05-26,,,,
BRCA2,BRCA2 p.Glu3258Lys,Likely benign,"criteria provided, single submitter",4215874,NM_000059.4(BRCA2):c.9772G>A (p.Glu3258Lys),"Jul 31, 2025",ClinVar,clinvar,clinvar_variant_summary,cohort,file,,,,,release-01-05-26,,,,
BRCA2,BRCA2 p.Lys1281Asn,Likely benign,"criteria provided, single submitter",4215876,NM_000059.4(BRCA2):c.3843A>C (p.Lys1281Asn),"Jul 25, 2025",ClinVar,clinvar,clinvar_variant_summary,cohort,file,,,,,release-01-05-26,,,,
BRCA2,BRCA2 p.Glu2635Asp,Likely benign,"criteria provided, single submitter",4215892,NM_000059.4(BRCA2):c.7905A>C (p.Glu2635Asp),"Aug 18, 2025",ClinVar,clinvar,clinvar_variant_summary,cohort,file,,,,,release-01-05-26,,,,
BRCA2,BRCA2 p.Gly3141Arg,Likely benign,"criteria provided, single submitter",4215896,NM_000059.4(BRCA2):c.9421G>C (p.Gly3141Arg),"Aug 20, 2025",ClinVar,clinvar,clinvar_variant_summary,cohort,file,,,,,release-01-05-26,,,,
BRCA2,BRCA2 p.Ile505Leu,Likely benign,"criteria provided, single submitter",4215906,NM_000059.4(BRCA2):c.1513A>C (p.Ile505Leu),"Aug 26, 2025",ClinVar,clinvar,clinvar_variant_summary,cohort,file,,,,,release-01-05-26,,,,
BRCA2,BRCA2 p.Met1272Arg,Likely benign,"criteria provided, single submitter",4215907,NM_000059.4(BRCA2):c.3815T>G (p.Met1272Arg),"Aug 21, 2025",ClinVar,clinvar,clinvar_variant_summary,cohort,file,,,,,release-01-05-26,,,,
BRCA2,BRCA2 p.Glu1407Gln,Likely benign,"criteria provided, single submitter",4215910,NM_000059.4(BRCA2):c.4219G>C (p.Glu1407Gln),"Aug 18, 2025",ClinVar,clinvar,clinvar_variant_summary,cohort,file,,,,,release-01-05-26,,,,
BRCA2,BRCA2 p.Glu2475Lys,Likely benign,"criteria provided, single submitter",4215922,NM_000059.4(BRCA2):c.7423G>A (p.Glu2475Lys),"Sep 05, 2025",ClinVar,clinvar,clinvar_variant_summary,cohort,file,,,,,release-01-05-26,,,,
BRCA2,BRCA2 p.Lys3019Asn,Benign,"criteria provided, single submitter",4215923,NM_000059.4(BRCA2):c.9057A>C (p.Lys3019Asn),"Sep 08, 2025",ClinVar,clinvar,clinvar_variant_summary,cohort,file,,,,,release-01-05-26,,,,
BRCA2,BRCA2 p.Asn2931Thr,Benign,"criteria provided, single submitter",4215927,NM_000059.4(BRCA2):c.8792A>C (p.Asn2931Thr),"Sep 05, 2025",ClinVar,clinvar,clinvar_variant_summary,cohort,file,,,,,release-01-05-26,,,,
BRCA2,BRCA2 p.Ser2782Arg,Likely benign,"criteria provided, single submitter",4215929,NM_000059.4(BRCA2):c.8346T>A (p.Ser2782Arg),"Sep 12, 2025",ClinVar,clinvar,clinvar_variant_summary,cohort,file,,,,,release-01-05-26,5.342544662521735,,urn:mavedb:00001224-a-1,BRCA2 HDR VC-8 cells
BRCA1,BRCA1 p.Glu362Asp,Likely benign,"criteria provided, single submitter",4215103,NM_007294.4(BRCA1):c.1086G>C (p.Glu362Asp),"Aug 19, 2025",ClinVar,clinvar,clinvar_variant_summary,cohort,file,,,,,release-01-05-26,,,,
BRCA2,BRCA2 p.Leu574Ser,Likely benign,"criteria provided, single submitter",4215151,NM_000059.4(BRCA2):c.1721T>C (p.Leu574Ser),"Sep 12, 2025",ClinVar,clinvar,clinvar_variant_summary,cohort,file,,,,,release-01-05-26,,,,
BRCA2,BRCA2 p.Ser942Leu,Likely benign,"criteria provided, single submitter",4215251,NM_000059.4(BRCA2):c.2825C>T (p.Ser942Leu),"Jul 17, 2025",ClinVar,clinvar,clinvar_variant_summary,cohort,file,,,,,release-01-05-26,,,,
BRCA2,BRCA2 p.Lys457Thr,Likely benign,"criteria provided, single submitter",4215254,NM_000059.4(BRCA2):c.1370A>C (p.Lys457Thr),"Jul 28, 2025",ClinVar,clinvar,clinvar_variant_summary,cohort,file,,,,,release-01-05-26,,,,
BRCA2,BRCA2 p.Val494Leu,Likely benign,"criteria provided, single submitter",4215272,NM_000059.4(BRCA2):c.1480G>C (p.Val494Leu),"Jun 18, 2025",ClinVar,clinvar,clinvar_variant_summary,cohort,file,,,,,release-01-05-26,,,,
BRCA2,BRCA2 p.Glu2981Val,Likely benign,"criteria provided, single submitter",4215273,NM_000059.4(BRCA2):c.8942A>T (p.Glu2981Val),"Jun 23, 2025",ClinVar,clinvar,clinvar_variant_summary,cohort,file,,,,,release-01-05-26,,,,
BRCA2,BRCA2 p.Asn1935Ile,Likely benign,"criteria provided, single submitter",4215287,NM_000059.4(BRCA2):c.5804A>T (p.Asn1935Ile),"Jul 15, 2025",ClinVar,clinvar,clinvar_variant_summary,cohort,file,,,,,release-01-05-26,,,,
BRCA2,BRCA2 p.Asn289Lys,Likely benign,"criteria provided, single submitter",4215289,NM_000059.4(BRCA2):c.867T>A (p.Asn289Lys),"Jul 07, 2025",ClinVar,clinvar,clinvar_variant_summary,cohort,file,,,,,release-01-05-26,,,,
BRCA2,BRCA2 p.Gln1089Glu,Likely benign,"criteria provided, single submitter",4215290,NM_000059.4(BRCA2):c.3265C>G (p.Gln1089Glu),"Jul 07, 2025",ClinVar,clinvar,clinvar_variant_summary,cohort,file,,,,,release-01-05-26,,,,
BRCA2,BRCA2 p.Asp362His,Likely benign,"criteria provided, single submitter",4539145,NM_000059.4(BRCA2):c.1084G>C (p.Asp362His),"Dec 29, 2025",ClinVar,clinvar,clinvar_variant_summary,cohort,file,,,,,,,,,
BRCA1,BRCA1 p.Ala1611Thr,Likely benign,"criteria provided, single submitter",4539182,NM_007294.4(BRCA1):c.4831G>A (p.Ala1611Thr),"Dec 29, 2025",ClinVar,clinvar,clinvar_variant_summary,cohort,file,1.352e-05,2.0,147908.0,4.88e-06,release-01-05-26,,,,
BRCA1,BRCA1 p.Asn1519Ser,Likely benign,"criteria provided, single submitter",4539184,NM_007294.4(BRCA1):c.4556A>G (p.Asn1519Ser),"Dec 29, 2025",ClinVar,clinvar,clinvar_variant_summary,cohort,file,8.445e-06,2.0,236832.0,,release-01-05-26,,,,
BRCA2,BRCA2 p.Thr2713Ala,Likely benign,"criteria provided, single submitter",4539216,NM_000059.4(BRCA2):c.8137A>G (p.Thr2713Ala),"Dec 29, 2025",ClinVar,clinvar,clinvar_variant_summary,cohort,file,,,,,,,,,
BRCA2,BRCA2 p.Ser3218Ala,Likely benign,"criteria provided, single submitter",4539221,NM_000059.4(BRCA2):c.9652T>G (p.Ser3218Ala),"Dec 29, 2025",ClinVar,clinvar,clinvar_variant_summary,cohort,file,,,,,,,,,
BRCA2,BRCA2 p.Val2531Ala,Likely benign,"criteria provided, single submitter",4628767,NM_000059.4(BRCA2):c.7592T>C (p.Val2531Ala),"Oct 08, 2025",ClinVar,clinvar,clinvar_variant_summary,cohort,file,,,,,,,,,
BRCA2,BRCA2 p.Glu1780Gly,Likely benign,"criteria provided, single submitter",4628997,NM_000059.4(BRCA2):c.5339A>G (p.Glu1780Gly),"Nov 04, 2025",ClinVar,clinvar,clinvar_variant_summary,cohort,file,,,,,,,,,
BRCA2,BRCA2 p.Ile383Val,Likely benign,"criteria provided, single submitter",4629013,NM_000059.4(BRCA2):c.1147A>G (p.Ile383Val),"Oct 30, 2025",ClinVar,clinvar,clinvar_variant_summary,cohort,file,,,,,,,,,
BRCA2,BRCA2 p.Ala3140Ser,Likely benign,"criteria provided, single submitter",4629057,NM_000059.4(BRCA2):c.9418G>T (p.Ala3140Ser),"Nov 04, 2025",ClinVar,clinvar,clinvar_variant_summary,cohort,file,,,,,release-01-05-26,,,,
BRCA2,BRCA2 p.Ala3186Glu,Likely benign,"criteria provided, single submitter",4629089,NM_000059.4(BRCA2):c.9557C>A (p.Ala3186Glu),"Nov 18, 2025",ClinVar,clinvar,clinvar_variant_summary,cohort,file,,,,,,,,,
BRCA2,BRCA2 p.Thr3413Ala,Likely benign,"criteria provided, single submitter",4626636,NM_000059.4(BRCA2):c.10237A>G (p.Thr3413Ala),"Sep 25, 2025",ClinVar,clinvar,clinvar_variant_summary,cohort,file,,,,,,,,,
BRCA2,BRCA2 p.Trp2586Cys,Likely benign,"criteria provided, single submitter",4628272,NM_000059.4(BRCA2):c.7758G>C (p.Trp2586Cys),"Sep 17, 2025",ClinVar,clinvar,clinvar_variant_summary,cohort,file,,,,,release-01-05-26,,,,
BRCA2,BRCA2 p.Leu2480Ile,Likely benign,"criteria provided, single submitter",4628325,NM_000059.4(BRCA2):c.7438T>A (p.Leu2480Ile),"Sep 24, 2025",ClinVar,clinvar,clinvar_variant_summary,cohort,file,,,,,,,,,
BRCA2,BRCA2 p.Phe2794Leu,Likely benign,"criteria provided, single submitter",4628351,NM_000059.4(BRCA2):c.8382C>A (p.Phe2794Leu),"Sep 15, 2025",ClinVar,clinvar,clinvar_variant_summary,cohort,file,6.76e-06,1.0,147938.0,0.0,release-01-05-26,3.5603591008488102,,urn:mavedb:00001224-a-1,BRCA2 HDR VC-8 cells
BRCA2,BRCA2 p.Pro2804Ala,Likely benign,"criteria provided, single submitter",4628406,NM_000059.4(BRCA2):c.8410C>G (p.Pro2804Ala),"Sep 24, 2025",ClinVar,clinvar,clinvar_variant_summary,cohort,file,4.222e-06,1.0,236860.0,,release-01-05-26,,,,
BRCA2,BRCA2 p.Val2820Ala,Likely benign,"criteria provided, single submitter",4628412,NM_000059.4(BRCA2):c.8459T>C (p.Val2820Ala),"Sep 24, 2025",ClinVar,clinvar,clinvar_variant_summary,cohort,file,4.222e-06,1.0,236872.0,,release-01-05-26,,,,
BRCA2,BRCA2 p.Ala573Thr,Likely benign,"criteria provided, single submitter",4628581,NM_000059.4(BRCA2):c.1717G>A (p.Ala573Thr),"Sep 26, 2025",ClinVar,clinvar,clinvar_variant_summary,cohort,file,4.227e-06,1.0,236554.0,,release-01-05-26,,,,
BRCA2,BRCA2 p.Glu2856Gly,Benign,"criteria provided, single submitter",4626202,NM_000059.4(BRCA2):c.8567A>G (p.Glu2856Gly),"Nov 12, 2025",ClinVar,clinvar,clinvar_variant_summary,cohort,file,,,,,,,,,
BRCA2,BRCA2 p.Pro814Ser,Likely benign,"criteria provided, single submitter",4627937,NM_000059.4(BRCA2):c.2440C>T (p.Pro814Ser),"Nov 13, 2025",ClinVar,clinvar,clinvar_variant_summary,cohort,file,,,,,,,,,
BRCA1,BRCA1 p.His318Gln,Likely benign,"criteria provided, single submitter",4625758,NM_007294.4(BRCA1):c.954T>G (p.His318Gln),"Dec 10, 2025",ClinVar,clinvar,clinvar_variant_summary,cohort,file,,,,,release-01-05-26,,,,
BRCA1,BRCA1 p.Glu880Lys,Likely benign,"criteria provided, single submitter",4625766,NM_007294.4(BRCA1):c.2638G>A (p.Glu880Lys),"Dec 10, 2025",ClinVar,clinvar,clinvar_variant_summary,cohort,file,,,,,,,,,
BRCA2,BRCA2 p.Glu2850Ala,Likely benign,"criteria provided, single submitter",4629247,NM_000059.4(BRCA2):c.8549A>C (p.Glu2850Ala),"Nov 19, 2025",ClinVar,clinvar,clinvar_variant_summary,cohort,file,,,,,,,,,
BRCA2,BRCA2 p.Leu2996Ser,Likely benign,"criteria provided, single submitter",4629264,NM_000059.4(BRCA2):c.8987T>C (p.Leu2996Ser),"Dec 03, 2025",ClinVar,clinvar,clinvar_variant_summary,cohort,file,,,,,,,,,
BRCA2,BRCA2 p.Leu2614His,Likely benign,"criteria provided, single submitter",4629302,NM_000059.4(BRCA2):c.7841T>A (p.Leu2614His),"Dec 04, 2025",ClinVar,clinvar,clinvar_variant_summary,cohort,file,,,,,,4.491720381864906,,urn:mavedb:00001224-a-1,BRCA2 HDR VC-8 cells
BRCA2,BRCA2 p.His1467Leu,Likely benign,"criteria provided, single submitter",4629355,NM_000059.4(BRCA2):c.4400A>T (p.His1467Leu),"Nov 24, 2025",ClinVar,clinvar,clinvar_variant_summary,cohort,file,,,,,,,,,
BRCA2,BRCA2 p.Asn2910Ser,Benign,"criteria provided, single submitter",4629423,NM_000059.4(BRCA2):c.8729A>G (p.Asn2910Ser),"Dec 09, 2025",ClinVar,clinvar,clinvar_variant_summary,cohort,file,,,,,,,,,
BRCA2,BRCA2 p.Phe2921Ile,Likely benign,"criteria provided, single submitter",4629576,NM_000059.4(BRCA2):c.8761T>A (p.Phe2921Ile),"Dec 12, 2025",ClinVar,clinvar,clinvar_variant_summary,cohort,file,,,,,,,,,
BRCA2,BRCA2 p.Asn235His,Likely benign,"criteria provided, single submitter",4683788,NM_000059.4(BRCA2):c.703A>C (p.Asn235His),"Dec 17, 2024",ClinVar,clinvar,clinvar_variant_summary,cohort,file,,,,,,,,,
BRCA1,BRCA1 p.Pro529Ala,Likely benign,"criteria provided, single submitter",4684220,NM_007294.4(BRCA1):c.1585C>G (p.Pro529Ala),"Aug 12, 2025",ClinVar,clinvar,clinvar_variant_summary,cohort,file,,,,,,,,,
BRCA2,BRCA2 p.Gln2829His,Pathogenic,"criteria provided, single submitter",4687466,NM_000059.4(BRCA2):c.8487G>C (p.Gln2829His),"Oct 29, 2025",ClinVar,clinvar,clinvar_variant_summary,cohort,file,,,,,release-01-05-26,,,,
BRCA1,BRCA1 p.Asn909Asp,Likely benign,"criteria provided, single submitter",4758075,NM_007294.4(BRCA1):c.2725A>G (p.Asn909Asp),"Aug 26, 2025",ClinVar,clinvar,clinvar_variant_summary,cohort,file,,,,,release-01-05-26,,,,
