prime_mode,gene,aa_ref,aa_alt,position,prime_ref,prime_alt,prime_diff,prime_ratio,prime_log_ratio,prime_product,prime_is_increase,prime_is_decrease,prime_distance_rank,prime_previous_ref,prime_previous_alt,prime_following_ref,prime_following_alt,prime_gap_before_ref,prime_gap_before_alt,prime_gap_after_ref,prime_gap_after_alt,prime_gap_span_ref,prime_gap_span_alt,prime_gap_delta,prime_local_density_ref,prime_local_density_alt,prime_local_density_delta,prime_neighbor_asymmetry_ref,prime_neighbor_asymmetry_alt,prime_neighbor_asymmetry_delta,prime_curvature_score,prime_mod_6_ref,prime_mod_6_alt,prime_mod_6_delta,prime_mod_30_ref,prime_mod_30_alt,prime_mod_30_delta,prime_mod_30_transition,prime_twin_ref,prime_twin_alt,prime_twin_transition,prime_sophie_germain_ref,prime_sophie_germain_alt,prime_sophie_transition,mass_ref,mass_alt,mass_diff,mass_abs_diff,hydro_ref,hydro_alt,hydro_diff,hydro_abs_diff,charge_ref,charge_alt,charge_diff,charge_abs_diff,polar_switch,aromatic_switch,prime_mass_retention,mass_prime_transition,hydro_class_ref,hydro_class_alt,hydro_class_transition,class_group_ref,class_group_alt,conservative_class_change,charge_transition_type,codon_count_ref,codon_count_alt,codon_count_diff,biochemical_severity_score,phylop,gerp,siphy,rsa,ddg_foldx,functional_domain,protein_interface,distance_to_key_site,revel,bayesdel,alphamissense,cadd,has_conservation_data,has_structure_data,in_functional_domain,in_protein_interface,conservation_signal_mean,structure_signal_mean,variant,label,review_status,source,variant_id,meta_dataset
hybrid,TP53,A,D,129,13,11,2,0.8461538461538461,-0.1670540846631662,143,0,1,2,11,7,17,13,2,4,4,2,6,6,0,0.333333,0.333333,0.0,0.333333,-0.333333,-0.666666,0.333333,1,5,4,13,11,-2,13->11,1,1,1->1,0,1,0->1,89.09,133.1,44.00999999999999,44.00999999999999,1.8,-3.5,-5.3,5.3,0,-1,-1,1,1,0,0,1->0,mild_hydrophobic,strong_hydrophilic,mild_hydrophobic->strong_hydrophilic,small_nonpolar,acidic,0,0->-1,4,2,-2,10.3203,,,,,,unknown,unknown,,,,,,0,0,0,0,,,TP53 p.A129D,0,"criteria provided, single submitter",ClinVar,1735669,clinvar
hybrid,TP53,A,G,307,13,13,0,1.0,0.0,169,0,0,0,11,11,17,17,2,2,4,4,6,6,0,0.333333,0.333333,0.0,0.333333,0.333333,0.0,0.0,1,1,0,13,13,0,13->13,1,1,1->1,0,0,0->0,89.09,75.07,-14.02000000000001,14.02000000000001,1.8,-0.4,-2.2,2.2,0,0,0,0,0,0,1,1->1,mild_hydrophobic,mild_hydrophilic,mild_hydrophobic->mild_hydrophilic,small_nonpolar,small_nonpolar,1,0->0,4,4,0,2.6206,,,,,,unknown,unknown,,,,,,0,0,0,0,,,TP53 p.A307G,0,"criteria provided, single submitter",ClinVar,485027,clinvar
hybrid,TP53,A,G,347,13,13,0,1.0,0.0,169,0,0,0,11,11,17,17,2,2,4,4,6,6,0,0.333333,0.333333,0.0,0.333333,0.333333,0.0,0.0,1,1,0,13,13,0,13->13,1,1,1->1,0,0,0->0,89.09,75.07,-14.02000000000001,14.02000000000001,1.8,-0.4,-2.2,2.2,0,0,0,0,0,0,1,1->1,mild_hydrophobic,mild_hydrophilic,mild_hydrophobic->mild_hydrophilic,small_nonpolar,small_nonpolar,1,0->0,4,4,0,2.6206,,,,,,unknown,unknown,,,,,,0,0,0,0,,,TP53 p.A347G,0,"criteria provided, single submitter",ClinVar,2683739,clinvar
hybrid,TP53,A,T,355,13,17,4,1.3076923076923077,0.26826398659467937,221,1,0,4,11,13,17,19,2,4,4,2,6,6,0,0.333333,0.333333,0.0,0.333333,-0.333333,-0.666666,0.666667,1,5,4,13,17,4,13->17,1,1,1->1,0,0,0->0,89.09,119.12,30.03,30.03,1.8,-0.7,-2.5,2.5,0,0,0,0,1,0,1,1->1,mild_hydrophobic,mild_hydrophilic,mild_hydrophobic->mild_hydrophilic,small_nonpolar,polar,0,0->0,4,4,0,5.6009,,,,,,unknown,unknown,,,,,,0,0,0,0,,,TP53 p.A355T,0,"criteria provided, single submitter",ClinVar,1781085,clinvar
hybrid,TP53,A,T,63,13,17,4,1.3076923076923077,0.26826398659467937,221,1,0,4,11,13,17,19,2,4,4,2,6,6,0,0.333333,0.333333,0.0,0.333333,-0.333333,-0.666666,0.666667,1,5,4,13,17,4,13->17,1,1,1->1,0,0,0->0,89.09,119.12,30.03,30.03,1.8,-0.7,-2.5,2.5,0,0,0,0,1,0,1,1->1,mild_hydrophobic,mild_hydrophilic,mild_hydrophobic->mild_hydrophilic,small_nonpolar,polar,0,0->0,4,4,0,5.6009,,,,,,unknown,unknown,,,,,,0,0,0,0,,,TP53 p.A63T,0,"criteria provided, single submitter",ClinVar,231015,clinvar
hybrid,TP53,A,G,76,13,13,0,1.0,0.0,169,0,0,0,11,11,17,17,2,2,4,4,6,6,0,0.333333,0.333333,0.0,0.333333,0.333333,0.0,0.0,1,1,0,13,13,0,13->13,1,1,1->1,0,0,0->0,89.09,75.07,-14.02000000000001,14.02000000000001,1.8,-0.4,-2.2,2.2,0,0,0,0,0,0,1,1->1,mild_hydrophobic,mild_hydrophilic,mild_hydrophobic->mild_hydrophilic,small_nonpolar,small_nonpolar,1,0->0,4,4,0,2.6206,,,,,,unknown,unknown,,,,,,0,0,0,0,,,TP53 p.A76G,0,"criteria provided, single submitter",ClinVar,3460333,clinvar
hybrid,TP53,A,V,79,13,19,6,1.4615384615384615,0.3794896217049037,247,1,0,6,11,17,17,23,2,2,4,4,6,6,0,0.333333,0.333333,0.0,0.333333,0.333333,0.0,1.0,1,1,0,13,19,6,13->19,1,1,1->1,0,0,0->0,89.09,117.15,28.060000000000002,28.060000000000002,1.8,4.2,2.4000000000000004,2.4000000000000004,0,0,0,0,0,0,1,1->1,mild_hydrophobic,strong_hydrophobic,mild_hydrophobic->strong_hydrophobic,small_nonpolar,hydrophobic,0,0->0,4,4,0,4.2418,,,,,,unknown,unknown,,,,,,0,0,0,0,,,TP53 p.A79V,0,"criteria provided, single submitter",ClinVar,4189271,clinvar
hybrid,TP53,A,P,83,13,17,4,1.3076923076923077,0.26826398659467937,221,1,0,4,11,13,17,19,2,4,4,2,6,6,0,0.333333,0.333333,0.0,0.333333,-0.333333,-0.666666,0.666667,1,5,4,13,17,4,13->17,1,1,1->1,0,0,0->0,89.09,115.13,26.039999999999992,26.039999999999992,1.8,-1.6,-3.4000000000000004,3.4000000000000004,0,0,0,0,0,0,1,1->1,mild_hydrophobic,mild_hydrophilic,mild_hydrophobic->mild_hydrophilic,small_nonpolar,special,0,0->0,4,4,0,5.1812,,,,,,unknown,unknown,,,,,,0,0,0,0,,,TP53 p.A83P,0,"criteria provided, single submitter",ClinVar,3972448,clinvar
hybrid,TP53,R,S,158,19,17,2,0.8947368421052632,-0.11122563511022437,323,0,1,2,17,13,23,19,2,4,4,2,6,6,0,0.333333,0.333333,0.0,0.333333,-0.333333,-0.666666,0.333333,1,5,4,19,17,-2,19->17,1,1,1->1,0,0,0->0,174.2,105.09,-69.10999999999999,69.10999999999999,-4.5,-0.8,3.7,3.7,1,0,-1,1,0,0,1,0->0,strong_hydrophilic,mild_hydrophilic,strong_hydrophilic->mild_hydrophilic,basic,polar,0,1->0,6,6,0,8.2733,,,,,,unknown,unknown,,,,,,0,0,0,0,,,TP53 p.R158S,1,"criteria provided, single submitter",ClinVar,1067910,clinvar
hybrid,TP53,R,L,335,19,23,4,1.2105263157894737,0.19105523676270922,437,1,0,4,17,19,23,29,2,4,4,6,6,10,4,0.333333,0.2,-0.133333,0.333333,0.2,-0.133333,0.5,1,5,4,19,23,4,19->23,1,0,1->0,0,1,0->1,174.2,131.18,-43.01999999999998,43.01999999999998,-4.5,3.8,8.3,8.3,1,0,-1,1,1,0,0,0->1,strong_hydrophilic,strong_hydrophobic,strong_hydrophilic->strong_hydrophobic,basic,hydrophobic,0,1->0,6,6,0,13.2906,,,,,,unknown,unknown,,,,,,0,0,0,0,,,TP53 p.R335L,0,"criteria provided, single submitter",ClinVar,3328160,clinvar
hybrid,TP53,N,H,131,7,13,6,1.8571428571428572,0.6190392084062235,91,1,0,6,5,11,11,17,2,2,4,4,6,6,0,0.333333,0.333333,0.0,0.333333,0.333333,0.0,1.0,1,1,0,7,13,6,7->13,1,1,1->1,0,0,0->0,132.12,155.16,23.039999999999992,23.039999999999992,-3.5,-3.2,0.2999999999999998,0.2999999999999998,0,1,1,1,0,1,1,0->0,strong_hydrophilic,strong_hydrophilic,strong_hydrophilic->strong_hydrophilic,polar,basic,0,0->1,2,2,0,4.6912,,,,,,unknown,unknown,,,,,,0,0,0,0,,,TP53 p.N131H,1,"criteria provided, single submitter",ClinVar,4279056,clinvar
hybrid,TP53,N,S,210,7,17,10,2.4285714285714284,0.8873031950009027,119,1,0,10,5,13,11,19,2,4,4,2,6,6,0,0.333333,0.333333,0.0,0.333333,-0.333333,-0.666666,1.666667,1,5,4,7,17,10,7->17,1,1,1->1,0,0,0->0,132.12,105.09,-27.03,27.03,-3.5,-0.8,2.7,2.7,0,0,0,0,0,0,1,0->0,strong_hydrophilic,mild_hydrophilic,strong_hydrophilic->mild_hydrophilic,polar,polar,1,0->0,2,6,4,3.5109,,,,,,unknown,unknown,,,,,,0,0,0,0,,,TP53 p.N210S,0,"criteria provided, single submitter",ClinVar,3232058,clinvar
hybrid,TP53,N,K,239,7,11,4,1.5714285714285714,0.4519851237430572,77,1,0,4,5,7,11,13,2,4,4,2,6,6,0,0.333333,0.333333,0.0,0.333333,-0.333333,-0.666666,0.666667,1,5,4,7,11,4,7->11,1,1,1->1,0,1,0->1,132.12,146.19,14.069999999999993,14.069999999999993,-3.5,-3.9,-0.3999999999999999,0.3999999999999999,0,1,1,1,0,0,1,0->0,strong_hydrophilic,strong_hydrophilic,strong_hydrophilic->strong_hydrophilic,polar,basic,0,0->1,2,2,0,3.3221,,,,,,unknown,unknown,,,,,,0,0,0,0,,,TP53 p.N239K,1,"criteria provided, single submitter",ClinVar,4189258,clinvar
hybrid,TP53,N,S,263,7,17,10,2.4285714285714284,0.8873031950009027,119,1,0,10,5,13,11,19,2,4,4,2,6,6,0,0.333333,0.333333,0.0,0.333333,-0.333333,-0.666666,1.666667,1,5,4,7,17,10,7->17,1,1,1->1,0,0,0->0,132.12,105.09,-27.03,27.03,-3.5,-0.8,2.7,2.7,0,0,0,0,0,0,1,0->0,strong_hydrophilic,mild_hydrophilic,strong_hydrophilic->mild_hydrophilic,polar,polar,1,0->0,2,6,4,3.5109,,,,,,unknown,unknown,,,,,,0,0,0,0,,,TP53 p.N263S,0,"criteria provided, single submitter",ClinVar,827313,clinvar
hybrid,TP53,N,D,29,7,11,4,1.5714285714285714,0.4519851237430572,77,1,0,4,5,7,11,13,2,4,4,2,6,6,0,0.333333,0.333333,0.0,0.333333,-0.333333,-0.666666,0.666667,1,5,4,7,11,4,7->11,1,1,1->1,0,1,0->1,132.12,133.1,0.9799999999999898,0.9799999999999898,-3.5,-3.5,0.0,0.0,0,-1,-1,1,0,0,1,0->0,strong_hydrophilic,strong_hydrophilic,strong_hydrophilic->strong_hydrophilic,polar,acidic,0,0->-1,2,2,0,2.5294,,,,,,unknown,unknown,,,,,,0,0,0,0,,,TP53 p.N29D,0,"criteria provided, single submitter",ClinVar,822586,clinvar
hybrid,TP53,N,K,310,7,11,4,1.5714285714285714,0.4519851237430572,77,1,0,4,5,7,11,13,2,4,4,2,6,6,0,0.333333,0.333333,0.0,0.333333,-0.333333,-0.666666,0.666667,1,5,4,7,11,4,7->11,1,1,1->1,0,1,0->1,132.12,146.19,14.069999999999993,14.069999999999993,-3.5,-3.9,-0.3999999999999999,0.3999999999999999,0,1,1,1,0,0,1,0->0,strong_hydrophilic,strong_hydrophilic,strong_hydrophilic->strong_hydrophilic,polar,basic,0,0->1,2,2,0,3.3221,,,,,,unknown,unknown,,,,,,0,0,0,0,,,TP53 p.N310K,0,"criteria provided, single submitter",ClinVar,428879,clinvar
hybrid,TP53,N,S,310,7,17,10,2.4285714285714284,0.8873031950009027,119,1,0,10,5,13,11,19,2,4,4,2,6,6,0,0.333333,0.333333,0.0,0.333333,-0.333333,-0.666666,1.666667,1,5,4,7,17,10,7->17,1,1,1->1,0,0,0->0,132.12,105.09,-27.03,27.03,-3.5,-0.8,2.7,2.7,0,0,0,0,0,0,1,0->0,strong_hydrophilic,mild_hydrophilic,strong_hydrophilic->mild_hydrophilic,polar,polar,1,0->0,2,6,4,3.5109,,,,,,unknown,unknown,,,,,,0,0,0,0,,,TP53 p.N310S,0,"criteria provided, single submitter",ClinVar,1766454,clinvar
hybrid,TP53,D,E,207,11,11,0,1.0,0.0,121,0,0,0,7,7,13,13,4,4,2,2,6,6,0,0.333333,0.333333,0.0,-0.333333,-0.333333,0.0,0.0,5,5,0,11,11,0,11->11,1,1,1->1,1,1,1->1,133.1,147.13,14.030000000000001,14.030000000000001,-3.5,-3.5,0.0,0.0,-1,-1,0,0,0,0,1,0->0,strong_hydrophilic,strong_hydrophilic,strong_hydrophilic->strong_hydrophilic,acidic,acidic,1,-1->-1,2,2,0,0.4209,,,,,,unknown,unknown,,,,,,0,0,0,0,,,TP53 p.D207E,0,"criteria provided, single submitter",ClinVar,3809687,clinvar
hybrid,TP53,D,A,21,11,13,2,1.1818181818181819,0.16705408466316624,143,1,0,2,7,11,13,17,4,2,2,4,6,6,0,0.333333,0.333333,0.0,-0.333333,0.333333,0.666666,0.333333,5,1,-4,11,13,2,11->13,1,1,1->1,1,0,1->0,133.1,89.09,-44.00999999999999,44.00999999999999,-3.5,1.8,5.3,5.3,-1,0,1,1,1,0,0,0->1,strong_hydrophilic,mild_hydrophobic,strong_hydrophilic->mild_hydrophobic,acidic,small_nonpolar,0,-1->0,2,4,2,10.3203,,,,,,unknown,unknown,,,,,,0,0,0,0,,,TP53 p.D21A,0,"criteria provided, single submitter",ClinVar,3972456,clinvar
hybrid,TP53,D,Y,228,11,17,6,1.5454545454545454,0.4353180712578455,187,1,0,6,7,13,13,19,4,4,2,2,6,6,0,0.333333,0.333333,0.0,-0.333333,-0.333333,0.0,1.0,5,5,0,11,17,6,11->17,1,1,1->1,1,0,1->0,133.1,181.19,48.09,48.09,-3.5,-1.3,2.2,2.2,-1,0,1,1,0,1,0,0->1,strong_hydrophilic,mild_hydrophilic,strong_hydrophilic->mild_hydrophilic,acidic,aromatic,0,-1->0,2,2,0,7.3427,,,,,,unknown,unknown,,,,,,0,0,0,0,,,TP53 p.D228Y,0,"criteria provided, single submitter",ClinVar,2450759,clinvar
hybrid,TP53,D,A,259,11,13,2,1.1818181818181819,0.16705408466316624,143,1,0,2,7,11,13,17,4,2,2,4,6,6,0,0.333333,0.333333,0.0,-0.333333,0.333333,0.666666,0.333333,5,1,-4,11,13,2,11->13,1,1,1->1,1,0,1->0,133.1,89.09,-44.00999999999999,44.00999999999999,-3.5,1.8,5.3,5.3,-1,0,1,1,1,0,0,0->1,strong_hydrophilic,mild_hydrophobic,strong_hydrophilic->mild_hydrophobic,acidic,small_nonpolar,0,-1->0,2,4,2,10.3203,,,,,,unknown,unknown,,,,,,0,0,0,0,,,TP53 p.D259A,1,no assertion criteria provided,ClinVar,2671888,clinvar
hybrid,TP53,D,N,324,11,7,4,0.6363636363636364,-0.45198512374305727,77,0,1,4,7,5,13,11,4,2,2,4,6,6,0,0.333333,0.333333,0.0,-0.333333,0.333333,0.666666,0.666667,5,1,-4,11,7,-4,11->7,1,1,1->1,1,0,1->0,133.1,132.12,-0.9799999999999898,0.9799999999999898,-3.5,-3.5,0.0,0.0,-1,0,1,1,0,0,1,0->0,strong_hydrophilic,strong_hydrophilic,strong_hydrophilic->strong_hydrophilic,acidic,polar,0,-1->0,2,2,0,2.5294,,,,,,unknown,unknown,,,,,,0,0,0,0,,,TP53 p.D324N,0,no assertion criteria provided,ClinVar,2578516,clinvar
hybrid,TP53,D,E,324,11,11,0,1.0,0.0,121,0,0,0,7,7,13,13,4,4,2,2,6,6,0,0.333333,0.333333,0.0,-0.333333,-0.333333,0.0,0.0,5,5,0,11,11,0,11->11,1,1,1->1,1,1,1->1,133.1,147.13,14.030000000000001,14.030000000000001,-3.5,-3.5,0.0,0.0,-1,-1,0,0,0,0,1,0->0,strong_hydrophilic,strong_hydrophilic,strong_hydrophilic->strong_hydrophilic,acidic,acidic,1,-1->-1,2,2,0,0.4209,,,,,,unknown,unknown,,,,,,0,0,0,0,,,TP53 p.D324E,0,"criteria provided, single submitter",ClinVar,2450758,clinvar
hybrid,TP53,D,Y,393,11,17,6,1.5454545454545454,0.4353180712578455,187,1,0,6,7,13,13,19,4,4,2,2,6,6,0,0.333333,0.333333,0.0,-0.333333,-0.333333,0.0,1.0,5,5,0,11,17,6,11->17,1,1,1->1,1,0,1->0,133.1,181.19,48.09,48.09,-3.5,-1.3,2.2,2.2,-1,0,1,1,0,1,0,0->1,strong_hydrophilic,mild_hydrophilic,strong_hydrophilic->mild_hydrophilic,acidic,aromatic,0,-1->0,2,2,0,7.3427,,,,,,unknown,unknown,,,,,,0,0,0,0,,,TP53 p.D393Y,0,"criteria provided, single submitter",ClinVar,1741120,clinvar
hybrid,TP53,D,V,57,11,19,8,1.7272727272727273,0.5465437063680699,209,1,0,8,7,17,13,23,4,2,2,4,6,6,0,0.333333,0.333333,0.0,-0.333333,0.333333,0.666666,1.333333,5,1,-4,11,19,8,11->19,1,1,1->1,1,0,1->0,133.1,117.15,-15.949999999999989,15.949999999999989,-3.5,4.2,7.7,7.7,-1,0,1,1,1,0,0,0->1,strong_hydrophilic,strong_hydrophobic,strong_hydrophilic->strong_hydrophobic,acidic,hydrophobic,0,-1->0,2,4,2,11.8785,,,,,,unknown,unknown,,,,,,0,0,0,0,,,TP53 p.D57V,0,"criteria provided, single submitter",ClinVar,1778520,clinvar
hybrid,TP53,C,R,124,5,19,14,3.8,1.33500106673234,95,1,0,14,3,17,7,23,2,2,2,4,4,6,2,0.5,0.333333,-0.166667,0.0,0.333333,0.333333,2.8,5,1,-4,5,19,14,5->19,1,1,1->1,1,0,1->0,121.16,174.2,53.03999999999999,53.03999999999999,2.5,-4.5,-7.0,7.0,0,1,1,1,0,0,1,0->0,strong_hydrophobic,strong_hydrophilic,strong_hydrophobic->strong_hydrophilic,special,basic,0,0->1,2,6,4,11.0912,,,,,,unknown,unknown,,,,,,0,0,0,0,,,TP53 p.C124R,1,"criteria provided, single submitter",ClinVar,4056245,clinvar
hybrid,TP53,C,W,124,5,11,6,2.2,0.7884573603642703,55,1,0,6,3,7,7,13,2,4,2,2,4,6,2,0.5,0.333333,-0.166667,0.0,-0.333333,-0.333333,1.2,5,5,0,5,11,6,5->11,1,1,1->1,1,1,1->1,121.16,204.23,83.07,83.07,2.5,-0.9,-3.4,3.4,0,0,0,0,1,1,1,0->0,strong_hydrophobic,mild_hydrophilic,strong_hydrophobic->mild_hydrophilic,special,aromatic,0,0->0,2,1,-1,9.2921,,,,,,unknown,unknown,,,,,,0,0,0,0,,,TP53 p.C124W,0,"criteria provided, single submitter",ClinVar,3809674,clinvar
hybrid,TP53,C,S,135,5,17,12,3.4,1.2237754316221157,85,1,0,12,3,13,7,19,2,4,2,2,4,6,2,0.5,0.333333,-0.166667,0.0,-0.333333,-0.333333,2.4,5,5,0,5,17,12,5->17,1,1,1->1,1,0,1->0,121.16,105.09,-16.069999999999993,16.069999999999993,2.5,-0.8,-3.3,3.3,0,0,0,0,0,0,1,0->0,strong_hydrophobic,mild_hydrophilic,strong_hydrophobic->mild_hydrophilic,special,polar,0,0->0,2,6,4,4.7821,,,,,,unknown,unknown,,,,,,0,0,0,0,,,TP53 p.C135S,1,"criteria provided, single submitter",ClinVar,3893309,clinvar
hybrid,TP53,C,R,176,5,19,14,3.8,1.33500106673234,95,1,0,14,3,17,7,23,2,2,2,4,4,6,2,0.5,0.333333,-0.166667,0.0,0.333333,0.333333,2.8,5,1,-4,5,19,14,5->19,1,1,1->1,1,0,1->0,121.16,174.2,53.03999999999999,53.03999999999999,2.5,-4.5,-7.0,7.0,0,1,1,1,0,0,1,0->0,strong_hydrophobic,strong_hydrophilic,strong_hydrophobic->strong_hydrophilic,special,basic,0,0->1,2,6,4,11.0912,,,,,,unknown,unknown,,,,,,0,0,0,0,,,TP53 p.C176R,1,no assertion criteria provided,ClinVar,634759,clinvar
hybrid,TP53,C,W,242,5,11,6,2.2,0.7884573603642703,55,1,0,6,3,7,7,13,2,4,2,2,4,6,2,0.5,0.333333,-0.166667,0.0,-0.333333,-0.333333,1.2,5,5,0,5,11,6,5->11,1,1,1->1,1,1,1->1,121.16,204.23,83.07,83.07,2.5,-0.9,-3.4,3.4,0,0,0,0,1,1,1,0->0,strong_hydrophobic,mild_hydrophilic,strong_hydrophobic->mild_hydrophilic,special,aromatic,0,0->0,2,1,-1,9.2921,,,,,,unknown,unknown,,,,,,0,0,0,0,,,TP53 p.C242W,1,"criteria provided, single submitter",ClinVar,376580,clinvar
hybrid,TP53,Q,L,165,7,23,16,3.2857142857142856,1.1895840668738364,161,1,0,16,5,19,11,29,2,4,4,6,6,10,4,0.333333,0.2,-0.133333,0.333333,0.2,-0.133333,2.0,1,5,4,7,23,16,7->23,1,0,1->0,0,1,0->1,146.15,131.18,-14.969999999999999,14.969999999999999,-3.5,3.8,7.3,7.3,0,0,0,0,1,0,0,0->1,strong_hydrophilic,strong_hydrophobic,strong_hydrophilic->strong_hydrophobic,polar,hydrophobic,0,0->0,2,6,4,9.9491,,,,,,unknown,unknown,,,,,,0,0,0,0,,,TP53 p.Q165L,1,no assertion criteria provided,ClinVar,2505496,clinvar
hybrid,TP53,Q,H,192,7,13,6,1.8571428571428572,0.6190392084062235,91,1,0,6,5,11,11,17,2,2,4,4,6,6,0,0.333333,0.333333,0.0,0.333333,0.333333,0.0,1.0,1,1,0,7,13,6,7->13,1,1,1->1,0,0,0->0,146.15,155.16,9.009999999999991,9.009999999999991,-3.5,-3.2,0.2999999999999998,0.2999999999999998,0,1,1,1,0,1,1,0->0,strong_hydrophilic,strong_hydrophilic,strong_hydrophilic->strong_hydrophilic,polar,basic,0,0->1,2,2,0,4.2703,,,,,,unknown,unknown,,,,,,0,0,0,0,,,TP53 p.Q192H,0,"criteria provided, single submitter",ClinVar,988617,clinvar
hybrid,TP53,Q,L,354,7,23,16,3.2857142857142856,1.1895840668738364,161,1,0,16,5,19,11,29,2,4,4,6,6,10,4,0.333333,0.2,-0.133333,0.333333,0.2,-0.133333,2.0,1,5,4,7,23,16,7->23,1,0,1->0,0,1,0->1,146.15,131.18,-14.969999999999999,14.969999999999999,-3.5,3.8,7.3,7.3,0,0,0,0,1,0,0,0->1,strong_hydrophilic,strong_hydrophobic,strong_hydrophilic->strong_hydrophobic,polar,hydrophobic,0,0->0,2,6,4,9.9491,,,,,,unknown,unknown,,,,,,0,0,0,0,,,TP53 p.Q354L,0,"criteria provided, single submitter",ClinVar,3232047,clinvar
hybrid,TP53,Q,P,354,7,17,10,2.4285714285714284,0.8873031950009027,119,1,0,10,5,13,11,19,2,4,4,2,6,6,0,0.333333,0.333333,0.0,0.333333,-0.333333,-0.666666,1.666667,1,5,4,7,17,10,7->17,1,1,1->1,0,0,0->0,146.15,115.13,-31.02000000000001,31.02000000000001,-3.5,-1.6,1.9,1.9,0,0,0,0,1,0,0,0->1,strong_hydrophilic,mild_hydrophilic,strong_hydrophilic->mild_hydrophilic,polar,special,0,0->0,2,4,2,5.0306,,,,,,unknown,unknown,,,,,,0,0,0,0,,,TP53 p.Q354P,0,"criteria provided, single submitter",ClinVar,3328171,clinvar
hybrid,TP53,Q,K,375,7,11,4,1.5714285714285714,0.4519851237430572,77,1,0,4,5,7,11,13,2,4,4,2,6,6,0,0.333333,0.333333,0.0,0.333333,-0.333333,-0.666666,0.666667,1,5,4,7,11,4,7->11,1,1,1->1,0,1,0->1,146.15,146.19,0.03999999999999204,0.03999999999999204,-3.5,-3.9,-0.3999999999999999,0.3999999999999999,0,1,1,1,0,0,1,0->0,strong_hydrophilic,strong_hydrophilic,strong_hydrophilic->strong_hydrophilic,polar,basic,0,0->1,2,2,0,2.9012,,,,,,unknown,unknown,,,,,,0,0,0,0,,,TP53 p.Q375K,0,"criteria provided, single submitter",ClinVar,1798385,clinvar
hybrid,TP53,E,D,171,11,11,0,1.0,0.0,121,0,0,0,7,7,13,13,4,4,2,2,6,6,0,0.333333,0.333333,0.0,-0.333333,-0.333333,0.0,0.0,5,5,0,11,11,0,11->11,1,1,1->1,1,1,1->1,147.13,133.1,-14.030000000000001,14.030000000000001,-3.5,-3.5,0.0,0.0,-1,-1,0,0,0,0,1,0->0,strong_hydrophilic,strong_hydrophilic,strong_hydrophilic->strong_hydrophilic,acidic,acidic,1,-1->-1,2,2,0,0.4209,,,,,,unknown,unknown,,,,,,0,0,0,0,,,TP53 p.E171D,1,no assertion criteria provided,ClinVar,2446885,clinvar
hybrid,TP53,E,G,171,11,13,2,1.1818181818181819,0.16705408466316624,143,1,0,2,7,11,13,17,4,2,2,4,6,6,0,0.333333,0.333333,0.0,-0.333333,0.333333,0.666666,0.333333,5,1,-4,11,13,2,11->13,1,1,1->1,1,0,1->0,147.13,75.07,-72.06,72.06,-3.5,-0.4,3.1,3.1,-1,0,1,1,1,0,0,0->1,strong_hydrophilic,mild_hydrophilic,strong_hydrophilic->mild_hydrophilic,acidic,small_nonpolar,0,-1->0,2,4,2,8.9618,,,,,,unknown,unknown,,,,,,0,0,0,0,,,TP53 p.E171G,1,"criteria provided, single submitter",ClinVar,1745525,clinvar
hybrid,TP53,E,D,204,11,11,0,1.0,0.0,121,0,0,0,7,7,13,13,4,4,2,2,6,6,0,0.333333,0.333333,0.0,-0.333333,-0.333333,0.0,0.0,5,5,0,11,11,0,11->11,1,1,1->1,1,1,1->1,147.13,133.1,-14.030000000000001,14.030000000000001,-3.5,-3.5,0.0,0.0,-1,-1,0,0,0,0,1,0->0,strong_hydrophilic,strong_hydrophilic,strong_hydrophilic->strong_hydrophilic,acidic,acidic,1,-1->-1,2,2,0,0.4209,,,,,,unknown,unknown,,,,,,0,0,0,0,,,TP53 p.E204D,0,"criteria provided, single submitter",ClinVar,3460304,clinvar
hybrid,TP53,E,V,285,11,19,8,1.7272727272727273,0.5465437063680699,209,1,0,8,7,17,13,23,4,2,2,4,6,6,0,0.333333,0.333333,0.0,-0.333333,0.333333,0.666666,1.333333,5,1,-4,11,19,8,11->19,1,1,1->1,1,0,1->0,147.13,117.15,-29.97999999999999,29.97999999999999,-3.5,4.2,7.7,7.7,-1,0,1,1,1,0,0,0->1,strong_hydrophilic,strong_hydrophobic,strong_hydrophilic->strong_hydrophobic,acidic,hydrophobic,0,-1->0,2,4,2,12.2994,,,,,,unknown,unknown,,,,,,0,0,0,0,,,TP53 p.E285V,1,"criteria provided, single submitter",ClinVar,12384,clinvar
hybrid,TP53,E,A,286,11,13,2,1.1818181818181819,0.16705408466316624,143,1,0,2,7,11,13,17,4,2,2,4,6,6,0,0.333333,0.333333,0.0,-0.333333,0.333333,0.666666,0.333333,5,1,-4,11,13,2,11->13,1,1,1->1,1,0,1->0,147.13,89.09,-58.03999999999999,58.03999999999999,-3.5,1.8,5.3,5.3,-1,0,1,1,1,0,0,0->1,strong_hydrophilic,mild_hydrophobic,strong_hydrophilic->mild_hydrophobic,acidic,small_nonpolar,0,-1->0,2,4,2,10.7412,,,,,,unknown,unknown,,,,,,0,0,0,0,,,TP53 p.E286A,1,"criteria provided, single submitter",ClinVar,376593,clinvar
hybrid,TP53,E,G,287,11,13,2,1.1818181818181819,0.16705408466316624,143,1,0,2,7,11,13,17,4,2,2,4,6,6,0,0.333333,0.333333,0.0,-0.333333,0.333333,0.666666,0.333333,5,1,-4,11,13,2,11->13,1,1,1->1,1,0,1->0,147.13,75.07,-72.06,72.06,-3.5,-0.4,3.1,3.1,-1,0,1,1,1,0,0,0->1,strong_hydrophilic,mild_hydrophilic,strong_hydrophilic->mild_hydrophilic,acidic,small_nonpolar,0,-1->0,2,4,2,8.9618,,,,,,unknown,unknown,,,,,,0,0,0,0,,,TP53 p.E287G,0,"criteria provided, single submitter",ClinVar,4757808,clinvar
hybrid,TP53,E,D,326,11,11,0,1.0,0.0,121,0,0,0,7,7,13,13,4,4,2,2,6,6,0,0.333333,0.333333,0.0,-0.333333,-0.333333,0.0,0.0,5,5,0,11,11,0,11->11,1,1,1->1,1,1,1->1,147.13,133.1,-14.030000000000001,14.030000000000001,-3.5,-3.5,0.0,0.0,-1,-1,0,0,0,0,1,0->0,strong_hydrophilic,strong_hydrophilic,strong_hydrophilic->strong_hydrophilic,acidic,acidic,1,-1->-1,2,2,0,0.4209,,,,,,unknown,unknown,,,,,,0,0,0,0,,,TP53 p.E326D,0,"criteria provided, single submitter",ClinVar,3972458,clinvar
hybrid,TP53,E,V,326,11,19,8,1.7272727272727273,0.5465437063680699,209,1,0,8,7,17,13,23,4,2,2,4,6,6,0,0.333333,0.333333,0.0,-0.333333,0.333333,0.666666,1.333333,5,1,-4,11,19,8,11->19,1,1,1->1,1,0,1->0,147.13,117.15,-29.97999999999999,29.97999999999999,-3.5,4.2,7.7,7.7,-1,0,1,1,1,0,0,0->1,strong_hydrophilic,strong_hydrophobic,strong_hydrophilic->strong_hydrophobic,acidic,hydrophobic,0,-1->0,2,4,2,12.2994,,,,,,unknown,unknown,,,,,,0,0,0,0,,,TP53 p.E326V,1,no assertion criteria provided,ClinVar,2578514,clinvar
hybrid,TP53,E,Q,336,11,7,4,0.6363636363636364,-0.45198512374305727,77,0,1,4,7,5,13,11,4,2,2,4,6,6,0,0.333333,0.333333,0.0,-0.333333,0.333333,0.666666,0.666667,5,1,-4,11,7,-4,11->7,1,1,1->1,1,0,1->0,147.13,146.15,-0.9799999999999898,0.9799999999999898,-3.5,-3.5,0.0,0.0,-1,0,1,1,0,0,1,0->0,strong_hydrophilic,strong_hydrophilic,strong_hydrophilic->strong_hydrophilic,acidic,polar,0,-1->0,2,2,0,2.5294,,,,,,unknown,unknown,,,,,,0,0,0,0,,,TP53 p.E336Q,0,"criteria provided, single submitter",ClinVar,2450754,clinvar
hybrid,TP53,E,D,343,11,11,0,1.0,0.0,121,0,0,0,7,7,13,13,4,4,2,2,6,6,0,0.333333,0.333333,0.0,-0.333333,-0.333333,0.0,0.0,5,5,0,11,11,0,11->11,1,1,1->1,1,1,1->1,147.13,133.1,-14.030000000000001,14.030000000000001,-3.5,-3.5,0.0,0.0,-1,-1,0,0,0,0,1,0->0,strong_hydrophilic,strong_hydrophilic,strong_hydrophilic->strong_hydrophilic,acidic,acidic,1,-1->-1,2,2,0,0.4209,,,,,,unknown,unknown,,,,,,0,0,0,0,,,TP53 p.E343D,0,"criteria provided, single submitter",ClinVar,3460327,clinvar
hybrid,TP53,E,G,349,11,13,2,1.1818181818181819,0.16705408466316624,143,1,0,2,7,11,13,17,4,2,2,4,6,6,0,0.333333,0.333333,0.0,-0.333333,0.333333,0.666666,0.333333,5,1,-4,11,13,2,11->13,1,1,1->1,1,0,1->0,147.13,75.07,-72.06,72.06,-3.5,-0.4,3.1,3.1,-1,0,1,1,1,0,0,0->1,strong_hydrophilic,mild_hydrophilic,strong_hydrophilic->mild_hydrophilic,acidic,small_nonpolar,0,-1->0,2,4,2,8.9618,,,,,,unknown,unknown,,,,,,0,0,0,0,,,TP53 p.E349G,0,"criteria provided, single submitter",ClinVar,1775423,clinvar
hybrid,TP53,E,D,388,11,11,0,1.0,0.0,121,0,0,0,7,7,13,13,4,4,2,2,6,6,0,0.333333,0.333333,0.0,-0.333333,-0.333333,0.0,0.0,5,5,0,11,11,0,11->11,1,1,1->1,1,1,1->1,147.13,133.1,-14.030000000000001,14.030000000000001,-3.5,-3.5,0.0,0.0,-1,-1,0,0,0,0,1,0->0,strong_hydrophilic,strong_hydrophilic,strong_hydrophilic->strong_hydrophilic,acidic,acidic,1,-1->-1,2,2,0,0.4209,,,,,,unknown,unknown,,,,,,0,0,0,0,,,TP53 p.E388D,0,"criteria provided, single submitter",ClinVar,4553123,clinvar
hybrid,TP53,E,Q,388,11,7,4,0.6363636363636364,-0.45198512374305727,77,0,1,4,7,5,13,11,4,2,2,4,6,6,0,0.333333,0.333333,0.0,-0.333333,0.333333,0.666666,0.666667,5,1,-4,11,7,-4,11->7,1,1,1->1,1,0,1->0,147.13,146.15,-0.9799999999999898,0.9799999999999898,-3.5,-3.5,0.0,0.0,-1,0,1,1,0,0,1,0->0,strong_hydrophilic,strong_hydrophilic,strong_hydrophilic->strong_hydrophilic,acidic,polar,0,-1->0,2,2,0,2.5294,,,,,,unknown,unknown,,,,,,0,0,0,0,,,TP53 p.E388Q,0,"criteria provided, single submitter",ClinVar,1737291,clinvar
hybrid,TP53,E,G,62,11,13,2,1.1818181818181819,0.16705408466316624,143,1,0,2,7,11,13,17,4,2,2,4,6,6,0,0.333333,0.333333,0.0,-0.333333,0.333333,0.666666,0.333333,5,1,-4,11,13,2,11->13,1,1,1->1,1,0,1->0,147.13,75.07,-72.06,72.06,-3.5,-0.4,3.1,3.1,-1,0,1,1,1,0,0,0->1,strong_hydrophilic,mild_hydrophilic,strong_hydrophilic->mild_hydrophilic,acidic,small_nonpolar,0,-1->0,2,4,2,8.9618,,,,,,unknown,unknown,,,,,,0,0,0,0,,,TP53 p.E62G,0,"criteria provided, single submitter",ClinVar,3809683,clinvar
hybrid,TP53,G,V,199,13,19,6,1.4615384615384615,0.3794896217049037,247,1,0,6,11,17,17,23,2,2,4,4,6,6,0,0.333333,0.333333,0.0,0.333333,0.333333,0.0,1.0,1,1,0,13,19,6,13->19,1,1,1->1,0,0,0->0,75.07,117.15,42.08000000000001,42.08000000000001,-0.4,4.2,4.6000000000000005,4.6000000000000005,0,0,0,0,0,0,1,1->1,mild_hydrophilic,strong_hydrophobic,mild_hydrophilic->strong_hydrophobic,small_nonpolar,hydrophobic,0,0->0,4,4,0,6.8624,,,,,,unknown,unknown,,,,,,0,0,0,0,,,TP53 p.G199V,1,"criteria provided, single submitter",ClinVar,451799,clinvar
hybrid,TP53,G,V,244,13,19,6,1.4615384615384615,0.3794896217049037,247,1,0,6,11,17,17,23,2,2,4,4,6,6,0,0.333333,0.333333,0.0,0.333333,0.333333,0.0,1.0,1,1,0,13,19,6,13->19,1,1,1->1,0,0,0->0,75.07,117.15,42.08000000000001,42.08000000000001,-0.4,4.2,4.6000000000000005,4.6000000000000005,0,0,0,0,0,0,1,1->1,mild_hydrophilic,strong_hydrophobic,mild_hydrophilic->strong_hydrophobic,small_nonpolar,hydrophobic,0,0->0,4,4,0,6.8624,,,,,,unknown,unknown,,,,,,0,0,0,0,,,TP53 p.G244V,1,"criteria provided, single submitter",ClinVar,376601,clinvar
hybrid,TP53,G,A,302,13,13,0,1.0,0.0,169,0,0,0,11,11,17,17,2,2,4,4,6,6,0,0.333333,0.333333,0.0,0.333333,0.333333,0.0,0.0,1,1,0,13,13,0,13->13,1,1,1->1,0,0,0->0,75.07,89.09,14.02000000000001,14.02000000000001,-0.4,1.8,2.2,2.2,0,0,0,0,0,0,1,1->1,mild_hydrophilic,mild_hydrophobic,mild_hydrophilic->mild_hydrophobic,small_nonpolar,small_nonpolar,1,0->0,4,4,0,2.6206,,,,,,unknown,unknown,,,,,,0,0,0,0,,,TP53 p.G302A,0,"criteria provided, single submitter",ClinVar,3328162,clinvar
hybrid,TP53,G,E,356,13,11,2,0.8461538461538461,-0.1670540846631662,143,0,1,2,11,7,17,13,2,4,4,2,6,6,0,0.333333,0.333333,0.0,0.333333,-0.333333,-0.666666,0.333333,1,5,4,13,11,-2,13->11,1,1,1->1,0,1,0->1,75.07,147.13,72.06,72.06,-0.4,-3.5,-3.1,3.1,0,-1,-1,1,1,0,0,1->0,mild_hydrophilic,strong_hydrophilic,mild_hydrophilic->strong_hydrophilic,small_nonpolar,acidic,0,0->-1,4,2,-2,8.9618,,,,,,unknown,unknown,,,,,,0,0,0,0,,,TP53 p.G356E,0,"criteria provided, single submitter",ClinVar,3460336,clinvar
hybrid,TP53,G,D,59,13,11,2,0.8461538461538461,-0.1670540846631662,143,0,1,2,11,7,17,13,2,4,4,2,6,6,0,0.333333,0.333333,0.0,0.333333,-0.333333,-0.666666,0.333333,1,5,4,13,11,-2,13->11,1,1,1->1,0,1,0->1,75.07,133.1,58.03,58.03,-0.4,-3.5,-3.1,3.1,0,-1,-1,1,1,0,0,1->0,mild_hydrophilic,strong_hydrophilic,mild_hydrophilic->strong_hydrophilic,small_nonpolar,acidic,0,0->-1,4,2,-2,8.5409,,,,,,unknown,unknown,,,,,,0,0,0,0,,,TP53 p.G59D,0,"criteria provided, single submitter",ClinVar,820048,clinvar
hybrid,TP53,H,L,168,13,23,10,1.7692307692307692,0.5705448584676129,299,1,0,10,11,19,17,29,2,4,4,6,6,10,4,0.333333,0.2,-0.133333,0.333333,0.2,-0.133333,1.25,1,5,4,13,23,10,13->23,1,0,1->0,0,1,0->1,155.16,131.18,-23.97999999999999,23.97999999999999,-3.2,3.8,7.0,7.0,1,0,-1,1,1,1,0,0->1,strong_hydrophilic,strong_hydrophobic,strong_hydrophilic->strong_hydrophobic,basic,hydrophobic,0,1->0,2,6,4,12.6194,,,,,,unknown,unknown,,,,,,0,0,0,0,,,TP53 p.H168L,1,"criteria provided, single submitter",ClinVar,1744933,clinvar
hybrid,TP53,H,P,168,13,17,4,1.3076923076923077,0.26826398659467937,221,1,0,4,11,13,17,19,2,4,4,2,6,6,0,0.333333,0.333333,0.0,0.333333,-0.333333,-0.666666,0.666667,1,5,4,13,17,4,13->17,1,1,1->1,0,0,0->0,155.16,115.13,-40.03,40.03,-3.2,-1.6,1.6,1.6,1,0,-1,1,1,1,0,0->1,strong_hydrophilic,mild_hydrophilic,strong_hydrophilic->mild_hydrophilic,basic,special,0,1->0,2,4,2,7.7009,,,,,,unknown,unknown,,,,,,0,0,0,0,,,TP53 p.H168P,1,"criteria provided, single submitter",ClinVar,3328154,clinvar
hybrid,TP53,H,R,296,13,19,6,1.4615384615384615,0.3794896217049037,247,1,0,6,11,17,17,23,2,2,4,4,6,6,0,0.333333,0.333333,0.0,0.333333,0.333333,0.0,1.0,1,1,0,13,19,6,13->19,1,1,1->1,0,0,0->0,155.16,174.2,19.039999999999992,19.039999999999992,-3.2,-4.5,-1.2999999999999998,1.2999999999999998,1,1,0,0,0,1,1,0->0,strong_hydrophilic,strong_hydrophilic,strong_hydrophilic->strong_hydrophilic,basic,basic,1,1->1,2,6,4,3.0712,,,,,,unknown,unknown,,,,,,0,0,0,0,,,TP53 p.H296R,1,no assertion criteria provided,ClinVar,100816,clinvar
hybrid,TP53,I,S,232,17,17,0,1.0,0.0,289,0,0,0,13,13,19,19,4,4,2,2,6,6,0,0.333333,0.333333,0.0,-0.333333,-0.333333,0.0,0.0,5,5,0,17,17,0,17->17,1,1,1->1,0,0,0->0,131.18,105.09,-26.090000000000003,26.090000000000003,4.5,-0.8,-5.3,5.3,0,0,0,0,1,0,0,1->0,strong_hydrophobic,mild_hydrophilic,strong_hydrophobic->mild_hydrophilic,hydrophobic,polar,0,0->0,3,6,3,8.2827,,,,,,unknown,unknown,,,,,,0,0,0,0,,,TP53 p.I232S,1,"criteria provided, single submitter",ClinVar,634756,clinvar
hybrid,TP53,I,F,251,17,17,0,1.0,0.0,289,0,0,0,13,13,19,19,4,4,2,2,6,6,0,0.333333,0.333333,0.0,-0.333333,-0.333333,0.0,0.0,5,5,0,17,17,0,17->17,1,1,1->1,0,0,0->0,131.18,165.19,34.00999999999999,34.00999999999999,4.5,2.8,-1.7000000000000002,1.7000000000000002,0,0,0,0,0,1,1,1->1,strong_hydrophobic,strong_hydrophobic,strong_hydrophobic->strong_hydrophobic,hydrophobic,aromatic,0,0->0,3,2,-1,4.9203,,,,,,unknown,unknown,,,,,,0,0,0,0,,,TP53 p.I251F,1,"criteria provided, single submitter",ClinVar,1518844,clinvar
hybrid,TP53,I,N,332,17,7,10,0.4117647058823529,-0.8873031950009028,119,0,1,10,13,5,19,11,4,2,2,4,6,6,0,0.333333,0.333333,0.0,-0.333333,0.333333,0.666666,1.666667,5,1,-4,17,7,-10,17->7,1,1,1->1,0,0,0->0,131.18,132.12,0.9399999999999977,0.9399999999999977,4.5,-3.5,-8.0,8.0,0,0,0,0,1,0,0,1->0,strong_hydrophobic,strong_hydrophilic,strong_hydrophobic->strong_hydrophilic,hydrophobic,polar,0,0->0,3,2,-1,10.2282,,,,,,unknown,unknown,,,,,,0,0,0,0,,,TP53 p.I332N,1,"criteria provided, single submitter",ClinVar,1768732,clinvar
hybrid,TP53,I,L,332,17,23,6,1.3529411764705883,0.3022808718729337,391,1,0,6,13,19,19,29,4,4,2,6,6,10,4,0.333333,0.2,-0.133333,-0.333333,0.2,0.533333,0.75,5,5,0,17,23,6,17->23,1,0,1->0,0,1,0->1,131.18,131.18,0.0,0.0,4.5,3.8,-0.7000000000000002,0.7000000000000002,0,0,0,0,0,0,1,1->1,strong_hydrophobic,strong_hydrophobic,strong_hydrophobic->strong_hydrophobic,hydrophobic,hydrophobic,1,0->0,3,6,3,0.7,,,,,,unknown,unknown,,,,,,0,0,0,0,,,TP53 p.I332L,0,"criteria provided, single submitter",ClinVar,4189263,clinvar
hybrid,TP53,L,H,130,23,13,10,0.5652173913043478,-0.570544858467613,299,0,1,10,19,11,29,17,4,2,6,4,10,6,-4,0.2,0.333333,0.133333,0.2,0.333333,0.133333,1.25,5,1,-4,23,13,-10,23->13,0,1,0->1,1,0,1->0,131.18,155.16,23.97999999999999,23.97999999999999,3.8,-3.2,-7.0,7.0,0,1,1,1,1,1,0,1->0,strong_hydrophobic,strong_hydrophilic,strong_hydrophobic->strong_hydrophilic,hydrophobic,basic,0,0->1,6,2,-4,12.6194,,,,,,unknown,unknown,,,,,,0,0,0,0,,,TP53 p.L130H,1,"criteria provided, single submitter",ClinVar,824351,clinvar
hybrid,TP53,L,V,32,23,19,4,0.8260869565217391,-0.19105523676270922,437,0,1,4,19,17,29,23,4,2,6,4,10,6,-4,0.2,0.333333,0.133333,0.2,0.333333,0.133333,0.5,5,1,-4,23,19,-4,23->19,0,1,0->1,1,0,1->0,131.18,117.15,-14.030000000000001,14.030000000000001,3.8,4.2,0.40000000000000036,0.40000000000000036,0,0,0,0,0,0,1,1->1,strong_hydrophobic,strong_hydrophobic,strong_hydrophobic->strong_hydrophobic,hydrophobic,hydrophobic,1,0->0,6,4,-2,0.8209,,,,,,unknown,unknown,,,,,,0,0,0,0,,,TP53 p.L32V,0,"criteria provided, single submitter",ClinVar,1767161,clinvar
hybrid,TP53,L,R,350,23,19,4,0.8260869565217391,-0.19105523676270922,437,0,1,4,19,17,29,23,4,2,6,4,10,6,-4,0.2,0.333333,0.133333,0.2,0.333333,0.133333,0.5,5,1,-4,23,19,-4,23->19,0,1,0->1,1,0,1->0,131.18,174.2,43.01999999999998,43.01999999999998,3.8,-4.5,-8.3,8.3,0,1,1,1,1,0,0,1->0,strong_hydrophobic,strong_hydrophilic,strong_hydrophobic->strong_hydrophilic,hydrophobic,basic,0,0->1,6,6,0,13.2906,,,,,,unknown,unknown,,,,,,0,0,0,0,,,TP53 p.L350R,0,"criteria provided, single submitter",ClinVar,4189250,clinvar
hybrid,TP53,K,T,319,11,17,6,1.5454545454545454,0.4353180712578455,187,1,0,6,7,13,13,19,4,4,2,2,6,6,0,0.333333,0.333333,0.0,-0.333333,-0.333333,0.0,1.0,5,5,0,11,17,6,11->17,1,1,1->1,1,0,1->0,146.19,119.12,-27.069999999999993,27.069999999999993,-3.9,-0.7,3.2,3.2,1,0,-1,1,0,0,0,0->1,strong_hydrophilic,mild_hydrophilic,strong_hydrophilic->mild_hydrophilic,basic,polar,0,1->0,2,4,2,6.5121,,,,,,unknown,unknown,,,,,,0,0,0,0,,,TP53 p.K319T,0,"criteria provided, single submitter",ClinVar,3328169,clinvar
hybrid,TP53,M,I,340,11,17,6,1.5454545454545454,0.4353180712578455,187,1,0,6,7,13,13,19,4,4,2,2,6,6,0,0.333333,0.333333,0.0,-0.333333,-0.333333,0.0,1.0,5,5,0,11,17,6,11->17,1,1,1->1,1,0,1->0,149.21,131.18,-18.03,18.03,1.9,4.5,2.6,2.6,0,0,0,0,0,0,0,0->1,mild_hydrophobic,strong_hydrophobic,mild_hydrophobic->strong_hydrophobic,hydrophobic,hydrophobic,1,0->0,1,3,2,3.1409,,,,,,unknown,unknown,,,,,,0,0,0,0,,,TP53 p.M340I,0,"criteria provided, single submitter",ClinVar,3256325,clinvar
hybrid,TP53,M,V,66,11,19,8,1.7272727272727273,0.5465437063680699,209,1,0,8,7,17,13,23,4,2,2,4,6,6,0,0.333333,0.333333,0.0,-0.333333,0.333333,0.666666,1.333333,5,1,-4,11,19,8,11->19,1,1,1->1,1,0,1->0,149.21,117.15,-32.06,32.06,1.9,4.2,2.3000000000000003,2.3000000000000003,0,0,0,0,0,0,0,0->1,mild_hydrophobic,strong_hydrophobic,mild_hydrophobic->strong_hydrophobic,hydrophobic,hydrophobic,1,0->0,1,4,3,3.2618,,,,,,unknown,unknown,,,,,,0,0,0,0,,,TP53 p.M66V,0,"criteria provided, single submitter",ClinVar,1783578,clinvar
hybrid,TP53,F,C,109,17,5,12,0.29411764705882354,-1.2237754316221157,85,0,1,12,13,3,19,7,4,2,2,2,6,4,-2,0.333333,0.5,0.166667,-0.333333,0.0,0.333333,2.4,5,5,0,17,5,-12,17->5,1,1,1->1,0,1,0->1,165.19,121.16,-44.03,44.03,2.8,2.5,-0.2999999999999998,0.2999999999999998,0,0,0,0,1,1,0,1->0,strong_hydrophobic,strong_hydrophobic,strong_hydrophobic->strong_hydrophobic,aromatic,special,0,0->0,2,2,0,5.0209,,,,,,unknown,unknown,,,,,,0,0,0,0,,,TP53 p.F109C,1,"criteria provided, single submitter",ClinVar,634784,clinvar
hybrid,TP53,F,C,113,17,5,12,0.29411764705882354,-1.2237754316221157,85,0,1,12,13,3,19,7,4,2,2,2,6,4,-2,0.333333,0.5,0.166667,-0.333333,0.0,0.333333,2.4,5,5,0,17,5,-12,17->5,1,1,1->1,0,1,0->1,165.19,121.16,-44.03,44.03,2.8,2.5,-0.2999999999999998,0.2999999999999998,0,0,0,0,1,1,0,1->0,strong_hydrophobic,strong_hydrophobic,strong_hydrophobic->strong_hydrophobic,aromatic,special,0,0->0,2,2,0,5.0209,,,,,,unknown,unknown,,,,,,0,0,0,0,,,TP53 p.F113C,1,"criteria provided, single submitter",ClinVar,634690,clinvar
hybrid,TP53,F,L,113,17,23,6,1.3529411764705883,0.3022808718729337,391,1,0,6,13,19,19,29,4,4,2,6,6,10,4,0.333333,0.2,-0.133333,-0.333333,0.2,0.533333,0.75,5,5,0,17,23,6,17->23,1,0,1->0,0,1,0->1,165.19,131.18,-34.00999999999999,34.00999999999999,2.8,3.8,1.0,1.0,0,0,0,0,0,1,1,1->1,strong_hydrophobic,strong_hydrophobic,strong_hydrophobic->strong_hydrophobic,aromatic,hydrophobic,0,0->0,2,6,4,4.2203,,,,,,unknown,unknown,,,,,,0,0,0,0,,,TP53 p.F113L,1,"criteria provided, single submitter",ClinVar,3634432,clinvar
hybrid,TP53,F,S,212,17,17,0,1.0,0.0,289,0,0,0,13,13,19,19,4,4,2,2,6,6,0,0.333333,0.333333,0.0,-0.333333,-0.333333,0.0,0.0,5,5,0,17,17,0,17->17,1,1,1->1,0,0,0->0,165.19,105.09,-60.099999999999994,60.099999999999994,2.8,-0.8,-3.5999999999999996,3.5999999999999996,0,0,0,0,1,1,0,1->0,strong_hydrophobic,mild_hydrophilic,strong_hydrophobic->mild_hydrophilic,aromatic,polar,0,0->0,2,6,4,8.803,,,,,,unknown,unknown,,,,,,0,0,0,0,,,TP53 p.F212S,0,"criteria provided, single submitter",ClinVar,3460339,clinvar
hybrid,TP53,F,V,270,17,19,2,1.1176470588235294,0.1112256351102244,323,1,0,2,13,17,19,23,4,2,2,4,6,6,0,0.333333,0.333333,0.0,-0.333333,0.333333,0.666666,0.333333,5,1,-4,17,19,2,17->19,1,1,1->1,0,0,0->0,165.19,117.15,-48.03999999999999,48.03999999999999,2.8,4.2,1.4000000000000004,1.4000000000000004,0,0,0,0,0,1,1,1->1,strong_hydrophobic,strong_hydrophobic,strong_hydrophobic->strong_hydrophobic,aromatic,hydrophobic,0,0->0,2,4,2,5.0412,,,,,,unknown,unknown,,,,,,0,0,0,0,,,TP53 p.F270V,1,"criteria provided, single submitter",ClinVar,376598,clinvar
hybrid,TP53,F,L,341,17,23,6,1.3529411764705883,0.3022808718729337,391,1,0,6,13,19,19,29,4,4,2,6,6,10,4,0.333333,0.2,-0.133333,-0.333333,0.2,0.533333,0.75,5,5,0,17,23,6,17->23,1,0,1->0,0,1,0->1,165.19,131.18,-34.00999999999999,34.00999999999999,2.8,3.8,1.0,1.0,0,0,0,0,0,1,1,1->1,strong_hydrophobic,strong_hydrophobic,strong_hydrophobic->strong_hydrophobic,aromatic,hydrophobic,0,0->0,2,6,4,4.2203,,,,,,unknown,unknown,,,,,,0,0,0,0,,,TP53 p.F341L,0,"criteria provided, single submitter",ClinVar,2585878,clinvar
hybrid,TP53,F,S,341,17,17,0,1.0,0.0,289,0,0,0,13,13,19,19,4,4,2,2,6,6,0,0.333333,0.333333,0.0,-0.333333,-0.333333,0.0,0.0,5,5,0,17,17,0,17->17,1,1,1->1,0,0,0->0,165.19,105.09,-60.099999999999994,60.099999999999994,2.8,-0.8,-3.5999999999999996,3.5999999999999996,0,0,0,0,1,1,0,1->0,strong_hydrophobic,mild_hydrophilic,strong_hydrophobic->mild_hydrophilic,aromatic,polar,0,0->0,2,6,4,8.803,,,,,,unknown,unknown,,,,,,0,0,0,0,,,TP53 p.F341S,1,"criteria provided, single submitter",ClinVar,2450748,clinvar
hybrid,TP53,F,L,385,17,23,6,1.3529411764705883,0.3022808718729337,391,1,0,6,13,19,19,29,4,4,2,6,6,10,4,0.333333,0.2,-0.133333,-0.333333,0.2,0.533333,0.75,5,5,0,17,23,6,17->23,1,0,1->0,0,1,0->1,165.19,131.18,-34.00999999999999,34.00999999999999,2.8,3.8,1.0,1.0,0,0,0,0,0,1,1,1->1,strong_hydrophobic,strong_hydrophobic,strong_hydrophobic->strong_hydrophobic,aromatic,hydrophobic,0,0->0,2,6,4,4.2203,,,,,,unknown,unknown,,,,,,0,0,0,0,,,TP53 p.F385L,0,"criteria provided, single submitter",ClinVar,1735082,clinvar
hybrid,TP53,P,F,151,17,17,0,1.0,0.0,289,0,0,0,13,13,19,19,4,4,2,2,6,6,0,0.333333,0.333333,0.0,-0.333333,-0.333333,0.0,0.0,5,5,0,17,17,0,17->17,1,1,1->1,0,0,0->0,115.13,165.19,50.06,50.06,-1.6,2.8,4.4,4.4,0,0,0,0,0,1,1,1->1,mild_hydrophilic,strong_hydrophobic,mild_hydrophilic->strong_hydrophobic,special,aromatic,0,0->0,4,2,-2,8.1018,,,,,,unknown,unknown,,,,,,0,0,0,0,,,TP53 p.P151F,1,"criteria provided, single submitter",ClinVar,824960,clinvar
hybrid,TP53,P,L,300,17,23,6,1.3529411764705883,0.3022808718729337,391,1,0,6,13,19,19,29,4,4,2,6,6,10,4,0.333333,0.2,-0.133333,-0.333333,0.2,0.533333,0.75,5,5,0,17,23,6,17->23,1,0,1->0,0,1,0->1,115.13,131.18,16.05000000000001,16.05000000000001,-1.6,3.8,5.4,5.4,0,0,0,0,0,0,1,1->1,mild_hydrophilic,strong_hydrophobic,mild_hydrophilic->strong_hydrophobic,special,hydrophobic,0,0->0,4,6,2,6.8815,,,,,,unknown,unknown,,,,,,0,0,0,0,,,TP53 p.P300L,0,"criteria provided, single submitter",ClinVar,1765377,clinvar
hybrid,TP53,P,S,318,17,17,0,1.0,0.0,289,0,0,0,13,13,19,19,4,4,2,2,6,6,0,0.333333,0.333333,0.0,-0.333333,-0.333333,0.0,0.0,5,5,0,17,17,0,17->17,1,1,1->1,0,0,0->0,115.13,105.09,-10.039999999999992,10.039999999999992,-1.6,-0.8,0.8,0.8,0,0,0,0,1,0,0,1->0,mild_hydrophilic,mild_hydrophilic,mild_hydrophilic->mild_hydrophilic,special,polar,0,0->0,4,6,2,3.3012,,,,,,unknown,unknown,,,,,,0,0,0,0,,,TP53 p.P318S,0,no assertion criteria provided,ClinVar,2575170,clinvar
hybrid,TP53,P,Q,4,17,7,10,0.4117647058823529,-0.8873031950009028,119,0,1,10,13,5,19,11,4,2,2,4,6,6,0,0.333333,0.333333,0.0,-0.333333,0.333333,0.666666,1.666667,5,1,-4,17,7,-10,17->7,1,1,1->1,0,0,0->0,115.13,146.15,31.02000000000001,31.02000000000001,-1.6,-3.5,-1.9,1.9,0,0,0,0,1,0,0,1->0,mild_hydrophilic,strong_hydrophilic,mild_hydrophilic->strong_hydrophilic,special,polar,0,0->0,4,2,-2,5.0306,,,,,,unknown,unknown,,,,,,0,0,0,0,,,TP53 p.P4Q,0,"criteria provided, single submitter",ClinVar,2450740,clinvar
hybrid,TP53,P,A,58,17,13,4,0.7647058823529411,-0.2682639865946794,221,0,1,4,13,11,19,17,4,2,2,4,6,6,0,0.333333,0.333333,0.0,-0.333333,0.333333,0.666666,0.666667,5,1,-4,17,13,-4,17->13,1,1,1->1,0,0,0->0,115.13,89.09,-26.039999999999992,26.039999999999992,-1.6,1.8,3.4000000000000004,3.4000000000000004,0,0,0,0,0,0,1,1->1,mild_hydrophilic,mild_hydrophobic,mild_hydrophilic->mild_hydrophobic,special,small_nonpolar,0,0->0,4,4,0,5.1812,,,,,,unknown,unknown,,,,,,0,0,0,0,,,TP53 p.P58A,0,"criteria provided, single submitter",ClinVar,1778944,clinvar
hybrid,TP53,P,S,75,17,17,0,1.0,0.0,289,0,0,0,13,13,19,19,4,4,2,2,6,6,0,0.333333,0.333333,0.0,-0.333333,-0.333333,0.0,0.0,5,5,0,17,17,0,17->17,1,1,1->1,0,0,0->0,115.13,105.09,-10.039999999999992,10.039999999999992,-1.6,-0.8,0.8,0.8,0,0,0,0,1,0,0,1->0,mild_hydrophilic,mild_hydrophilic,mild_hydrophilic->mild_hydrophilic,special,polar,0,0->0,4,6,2,3.3012,,,,,,unknown,unknown,,,,,,0,0,0,0,,,TP53 p.P75S,0,"criteria provided, single submitter",ClinVar,4758197,clinvar
hybrid,TP53,P,R,8,17,19,2,1.1176470588235294,0.1112256351102244,323,1,0,2,13,17,19,23,4,2,2,4,6,6,0,0.333333,0.333333,0.0,-0.333333,0.333333,0.666666,0.333333,5,1,-4,17,19,2,17->19,1,1,1->1,0,0,0->0,115.13,174.2,59.06999999999999,59.06999999999999,-1.6,-4.5,-2.9,2.9,0,1,1,1,1,0,0,1->0,mild_hydrophilic,strong_hydrophilic,mild_hydrophilic->strong_hydrophilic,special,basic,0,0->1,4,6,2,8.3721,,,,,,unknown,unknown,,,,,,0,0,0,0,,,TP53 p.P8R,0,"criteria provided, single submitter",ClinVar,1790705,clinvar
hybrid,TP53,P,L,8,17,23,6,1.3529411764705883,0.3022808718729337,391,1,0,6,13,19,19,29,4,4,2,6,6,10,4,0.333333,0.2,-0.133333,-0.333333,0.2,0.533333,0.75,5,5,0,17,23,6,17->23,1,0,1->0,0,1,0->1,115.13,131.18,16.05000000000001,16.05000000000001,-1.6,3.8,5.4,5.4,0,0,0,0,0,0,1,1->1,mild_hydrophilic,strong_hydrophobic,mild_hydrophilic->strong_hydrophobic,special,hydrophobic,0,0->0,4,6,2,6.8815,,,,,,unknown,unknown,,,,,,0,0,0,0,,,TP53 p.P8L,0,"criteria provided, single submitter",ClinVar,231868,clinvar
hybrid,TP53,S,C,127,17,5,12,0.29411764705882354,-1.2237754316221157,85,0,1,12,13,3,19,7,4,2,2,2,6,4,-2,0.333333,0.5,0.166667,-0.333333,0.0,0.333333,2.4,5,5,0,17,5,-12,17->5,1,1,1->1,0,1,0->1,105.09,121.16,16.069999999999993,16.069999999999993,-0.8,2.5,3.3,3.3,0,0,0,0,0,0,1,0->0,mild_hydrophilic,strong_hydrophobic,mild_hydrophilic->strong_hydrophobic,polar,special,0,0->0,6,2,-4,4.7821,,,,,,unknown,unknown,,,,,,0,0,0,0,,,TP53 p.S127C,1,"criteria provided, single submitter",ClinVar,219532,clinvar
hybrid,TP53,S,T,166,17,17,0,1.0,0.0,289,0,0,0,13,13,19,19,4,4,2,2,6,6,0,0.333333,0.333333,0.0,-0.333333,-0.333333,0.0,0.0,5,5,0,17,17,0,17->17,1,1,1->1,0,0,0->0,105.09,119.12,14.030000000000001,14.030000000000001,-0.8,-0.7,0.10000000000000009,0.10000000000000009,0,0,0,0,0,0,0,0->1,mild_hydrophilic,mild_hydrophilic,mild_hydrophilic->mild_hydrophilic,polar,polar,1,0->0,6,4,-2,0.5209,,,,,,unknown,unknown,,,,,,0,0,0,0,,,TP53 p.S166T,0,"criteria provided, single submitter",ClinVar,3809673,clinvar
hybrid,TP53,S,P,183,17,17,0,1.0,0.0,289,0,0,0,13,13,19,19,4,4,2,2,6,6,0,0.333333,0.333333,0.0,-0.333333,-0.333333,0.0,0.0,5,5,0,17,17,0,17->17,1,1,1->1,0,0,0->0,105.09,115.13,10.039999999999992,10.039999999999992,-0.8,-1.6,-0.8,0.8,0,0,0,0,1,0,0,0->1,mild_hydrophilic,mild_hydrophilic,mild_hydrophilic->mild_hydrophilic,polar,special,0,0->0,6,4,-2,3.3012,,,,,,unknown,unknown,,,,,,0,0,0,0,,,TP53 p.S183P,0,"criteria provided, single submitter",ClinVar,3328150,clinvar
hybrid,TP53,S,R,185,17,19,2,1.1176470588235294,0.1112256351102244,323,1,0,2,13,17,19,23,4,2,2,4,6,6,0,0.333333,0.333333,0.0,-0.333333,0.333333,0.666666,0.333333,5,1,-4,17,19,2,17->19,1,1,1->1,0,0,0->0,105.09,174.2,69.10999999999999,69.10999999999999,-0.8,-4.5,-3.7,3.7,0,1,1,1,0,0,1,0->0,mild_hydrophilic,strong_hydrophilic,mild_hydrophilic->strong_hydrophilic,polar,basic,0,0->1,6,6,0,8.2733,,,,,,unknown,unknown,,,,,,0,0,0,0,,,TP53 p.S185R,0,"criteria provided, single submitter",ClinVar,1748280,clinvar
hybrid,TP53,S,N,240,17,7,10,0.4117647058823529,-0.8873031950009028,119,0,1,10,13,5,19,11,4,2,2,4,6,6,0,0.333333,0.333333,0.0,-0.333333,0.333333,0.666666,1.666667,5,1,-4,17,7,-10,17->7,1,1,1->1,0,0,0->0,105.09,132.12,27.03,27.03,-0.8,-3.5,-2.7,2.7,0,0,0,0,0,0,1,0->0,mild_hydrophilic,strong_hydrophilic,mild_hydrophilic->strong_hydrophilic,polar,polar,1,0->0,6,2,-4,3.5109,,,,,,unknown,unknown,,,,,,0,0,0,0,,,TP53 p.S240N,1,no assertion criteria provided,ClinVar,2502882,clinvar
hybrid,TP53,S,C,240,17,5,12,0.29411764705882354,-1.2237754316221157,85,0,1,12,13,3,19,7,4,2,2,2,6,4,-2,0.333333,0.5,0.166667,-0.333333,0.0,0.333333,2.4,5,5,0,17,5,-12,17->5,1,1,1->1,0,1,0->1,105.09,121.16,16.069999999999993,16.069999999999993,-0.8,2.5,3.3,3.3,0,0,0,0,0,0,1,0->0,mild_hydrophilic,strong_hydrophobic,mild_hydrophilic->strong_hydrophobic,polar,special,0,0->0,6,2,-4,4.7821,,,,,,unknown,unknown,,,,,,0,0,0,0,,,TP53 p.S240C,1,"criteria provided, single submitter",ClinVar,3972460,clinvar
hybrid,TP53,S,C,269,17,5,12,0.29411764705882354,-1.2237754316221157,85,0,1,12,13,3,19,7,4,2,2,2,6,4,-2,0.333333,0.5,0.166667,-0.333333,0.0,0.333333,2.4,5,5,0,17,5,-12,17->5,1,1,1->1,0,1,0->1,105.09,121.16,16.069999999999993,16.069999999999993,-0.8,2.5,3.3,3.3,0,0,0,0,0,0,1,0->0,mild_hydrophilic,strong_hydrophobic,mild_hydrophilic->strong_hydrophobic,polar,special,0,0->0,6,2,-4,4.7821,,,,,,unknown,unknown,,,,,,0,0,0,0,,,TP53 p.S269C,0,no assertion criteria provided,ClinVar,2575177,clinvar
hybrid,TP53,S,I,269,17,17,0,1.0,0.0,289,0,0,0,13,13,19,19,4,4,2,2,6,6,0,0.333333,0.333333,0.0,-0.333333,-0.333333,0.0,0.0,5,5,0,17,17,0,17->17,1,1,1->1,0,0,0->0,105.09,131.18,26.090000000000003,26.090000000000003,-0.8,4.5,5.3,5.3,0,0,0,0,1,0,0,0->1,mild_hydrophilic,strong_hydrophobic,mild_hydrophilic->strong_hydrophobic,polar,hydrophobic,0,0->0,6,3,-3,8.2827,,,,,,unknown,unknown,,,,,,0,0,0,0,,,TP53 p.S269I,1,no assertion criteria provided,ClinVar,2575169,clinvar
hybrid,TP53,S,N,313,17,7,10,0.4117647058823529,-0.8873031950009028,119,0,1,10,13,5,19,11,4,2,2,4,6,6,0,0.333333,0.333333,0.0,-0.333333,0.333333,0.666666,1.666667,5,1,-4,17,7,-10,17->7,1,1,1->1,0,0,0->0,105.09,132.12,27.03,27.03,-0.8,-3.5,-2.7,2.7,0,0,0,0,0,0,1,0->0,mild_hydrophilic,strong_hydrophilic,mild_hydrophilic->strong_hydrophilic,polar,polar,1,0->0,6,2,-4,3.5109,,,,,,unknown,unknown,,,,,,0,0,0,0,,,TP53 p.S313N,0,"criteria provided, single submitter",ClinVar,2450750,clinvar
hybrid,TP53,S,T,378,17,17,0,1.0,0.0,289,0,0,0,13,13,19,19,4,4,2,2,6,6,0,0.333333,0.333333,0.0,-0.333333,-0.333333,0.0,0.0,5,5,0,17,17,0,17->17,1,1,1->1,0,0,0->0,105.09,119.12,14.030000000000001,14.030000000000001,-0.8,-0.7,0.10000000000000009,0.10000000000000009,0,0,0,0,0,0,0,0->1,mild_hydrophilic,mild_hydrophilic,mild_hydrophilic->mild_hydrophilic,polar,polar,1,0->0,6,4,-2,0.5209,,,,,,unknown,unknown,,,,,,0,0,0,0,,,TP53 p.S378T,0,"criteria provided, single submitter",ClinVar,3972449,clinvar
hybrid,TP53,S,A,94,17,13,4,0.7647058823529411,-0.2682639865946794,221,0,1,4,13,11,19,17,4,2,2,4,6,6,0,0.333333,0.333333,0.0,-0.333333,0.333333,0.666666,0.666667,5,1,-4,17,13,-4,17->13,1,1,1->1,0,0,0->0,105.09,89.09,-16.0,16.0,-0.8,1.8,2.6,2.6,0,0,0,0,1,0,0,0->1,mild_hydrophilic,mild_hydrophobic,mild_hydrophilic->mild_hydrophobic,polar,small_nonpolar,0,0->0,6,4,-2,5.28,,,,,,unknown,unknown,,,,,,0,0,0,0,,,TP53 p.S94A,0,"criteria provided, single submitter",ClinVar,3460308,clinvar
hybrid,TP53,S,L,94,17,23,6,1.3529411764705883,0.3022808718729337,391,1,0,6,13,19,19,29,4,4,2,6,6,10,4,0.333333,0.2,-0.133333,-0.333333,0.2,0.533333,0.75,5,5,0,17,23,6,17->23,1,0,1->0,0,1,0->1,105.09,131.18,26.090000000000003,26.090000000000003,-0.8,3.8,4.6,4.6,0,0,0,0,1,0,0,0->1,mild_hydrophilic,strong_hydrophobic,mild_hydrophilic->strong_hydrophobic,polar,hydrophobic,0,0->0,6,6,0,7.5827,,,,,,unknown,unknown,,,,,,0,0,0,0,,,TP53 p.S94L,0,"criteria provided, single submitter",ClinVar,1796426,clinvar
hybrid,TP53,S,T,95,17,17,0,1.0,0.0,289,0,0,0,13,13,19,19,4,4,2,2,6,6,0,0.333333,0.333333,0.0,-0.333333,-0.333333,0.0,0.0,5,5,0,17,17,0,17->17,1,1,1->1,0,0,0->0,105.09,119.12,14.030000000000001,14.030000000000001,-0.8,-0.7,0.10000000000000009,0.10000000000000009,0,0,0,0,0,0,0,0->1,mild_hydrophilic,mild_hydrophilic,mild_hydrophilic->mild_hydrophilic,polar,polar,1,0->0,6,4,-2,0.5209,,,,,,unknown,unknown,,,,,,0,0,0,0,,,TP53 p.S95T,0,"criteria provided, single submitter",ClinVar,4189261,clinvar
hybrid,TP53,T,N,312,17,7,10,0.4117647058823529,-0.8873031950009028,119,0,1,10,13,5,19,11,4,2,2,4,6,6,0,0.333333,0.333333,0.0,-0.333333,0.333333,0.666666,1.666667,5,1,-4,17,7,-10,17->7,1,1,1->1,0,0,0->0,119.12,132.12,13.0,13.0,-0.7,-3.5,-2.8,2.8,0,0,0,0,0,0,0,1->0,mild_hydrophilic,strong_hydrophilic,mild_hydrophilic->strong_hydrophilic,polar,polar,1,0->0,4,2,-2,3.19,,,,,,unknown,unknown,,,,,,0,0,0,0,,,TP53 p.T312N,0,"criteria provided, single submitter",ClinVar,1766672,clinvar
hybrid,TP53,T,P,387,17,17,0,1.0,0.0,289,0,0,0,13,13,19,19,4,4,2,2,6,6,0,0.333333,0.333333,0.0,-0.333333,-0.333333,0.0,0.0,5,5,0,17,17,0,17->17,1,1,1->1,0,0,0->0,119.12,115.13,-3.990000000000009,3.990000000000009,-0.7,-1.6,-0.9000000000000001,0.9000000000000001,0,0,0,0,1,0,1,1->1,mild_hydrophilic,mild_hydrophilic,mild_hydrophilic->mild_hydrophilic,polar,special,0,0->0,4,4,0,3.2197,,,,,,unknown,unknown,,,,,,0,0,0,0,,,TP53 p.T387P,0,"criteria provided, single submitter",ClinVar,2585882,clinvar
hybrid,TP53,V,I,274,19,17,2,0.8947368421052632,-0.11122563511022437,323,0,1,2,17,13,23,19,2,4,4,2,6,6,0,0.333333,0.333333,0.0,0.333333,-0.333333,-0.666666,0.333333,1,5,4,19,17,-2,19->17,1,1,1->1,0,0,0->0,117.15,131.18,14.030000000000001,14.030000000000001,4.2,4.5,0.2999999999999998,0.2999999999999998,0,0,0,0,0,0,1,1->1,strong_hydrophobic,strong_hydrophobic,strong_hydrophobic->strong_hydrophobic,hydrophobic,hydrophobic,1,0->0,4,3,-1,0.7209,,,,,,unknown,unknown,,,,,,0,0,0,0,,,TP53 p.V274I,0,"criteria provided, single submitter",ClinVar,3460325,clinvar
hybrid,TP53,V,E,73,19,11,8,0.5789473684210527,-0.5465437063680699,209,0,1,8,17,7,23,13,2,4,4,2,6,6,0,0.333333,0.333333,0.0,0.333333,-0.333333,-0.666666,1.333333,1,5,4,19,11,-8,19->11,1,1,1->1,0,1,0->1,117.15,147.13,29.97999999999999,29.97999999999999,4.2,-3.5,-7.7,7.7,0,-1,-1,1,1,0,0,1->0,strong_hydrophobic,strong_hydrophilic,strong_hydrophobic->strong_hydrophilic,hydrophobic,acidic,0,0->-1,4,2,-2,12.2994,,,,,,unknown,unknown,,,,,,0,0,0,0,,,TP53 p.V73E,0,"criteria provided, single submitter",ClinVar,3460312,clinvar
hybrid,MSH2,A,S,120,13,17,4,1.3076923076923077,0.26826398659467937,221,1,0,4,11,13,17,19,2,4,4,2,6,6,0,0.333333,0.333333,0.0,0.333333,-0.333333,-0.666666,0.666667,1,5,4,13,17,4,13->17,1,1,1->1,0,0,0->0,89.09,105.09,16.0,16.0,1.8,-0.8,-2.6,2.6,0,0,0,0,1,0,0,1->0,mild_hydrophobic,mild_hydrophilic,mild_hydrophobic->mild_hydrophilic,small_nonpolar,polar,0,0->0,4,6,2,5.28,,,,,,unknown,unknown,,,,,,0,0,0,0,,,MSH2 p.A120S,0,"criteria provided, single submitter",ClinVar,3913543,clinvar
hybrid,MSH2,A,P,14,13,17,4,1.3076923076923077,0.26826398659467937,221,1,0,4,11,13,17,19,2,4,4,2,6,6,0,0.333333,0.333333,0.0,0.333333,-0.333333,-0.666666,0.666667,1,5,4,13,17,4,13->17,1,1,1->1,0,0,0->0,89.09,115.13,26.039999999999992,26.039999999999992,1.8,-1.6,-3.4000000000000004,3.4000000000000004,0,0,0,0,0,0,1,1->1,mild_hydrophobic,mild_hydrophilic,mild_hydrophobic->mild_hydrophilic,small_nonpolar,special,0,0->0,4,4,0,5.1812,,,,,,unknown,unknown,,,,,,0,0,0,0,,,MSH2 p.A14P,0,"criteria provided, single submitter",ClinVar,3874885,clinvar
hybrid,MSH2,A,P,154,13,17,4,1.3076923076923077,0.26826398659467937,221,1,0,4,11,13,17,19,2,4,4,2,6,6,0,0.333333,0.333333,0.0,0.333333,-0.333333,-0.666666,0.666667,1,5,4,13,17,4,13->17,1,1,1->1,0,0,0->0,89.09,115.13,26.039999999999992,26.039999999999992,1.8,-1.6,-3.4000000000000004,3.4000000000000004,0,0,0,0,0,0,1,1->1,mild_hydrophobic,mild_hydrophilic,mild_hydrophobic->mild_hydrophilic,small_nonpolar,special,0,0->0,4,4,0,5.1812,,,,,,unknown,unknown,,,,,,0,0,0,0,,,MSH2 p.A154P,0,"criteria provided, single submitter",ClinVar,1741885,clinvar
hybrid,MSH2,A,P,15,13,17,4,1.3076923076923077,0.26826398659467937,221,1,0,4,11,13,17,19,2,4,4,2,6,6,0,0.333333,0.333333,0.0,0.333333,-0.333333,-0.666666,0.666667,1,5,4,13,17,4,13->17,1,1,1->1,0,0,0->0,89.09,115.13,26.039999999999992,26.039999999999992,1.8,-1.6,-3.4000000000000004,3.4000000000000004,0,0,0,0,0,0,1,1->1,mild_hydrophobic,mild_hydrophilic,mild_hydrophobic->mild_hydrophilic,small_nonpolar,special,0,0->0,4,4,0,5.1812,,,,,,unknown,unknown,,,,,,0,0,0,0,,,MSH2 p.A15P,0,"criteria provided, single submitter",ClinVar,3874883,clinvar
hybrid,MSH2,A,V,189,13,19,6,1.4615384615384615,0.3794896217049037,247,1,0,6,11,17,17,23,2,2,4,4,6,6,0,0.333333,0.333333,0.0,0.333333,0.333333,0.0,1.0,1,1,0,13,19,6,13->19,1,1,1->1,0,0,0->0,89.09,117.15,28.060000000000002,28.060000000000002,1.8,4.2,2.4000000000000004,2.4000000000000004,0,0,0,0,0,0,1,1->1,mild_hydrophobic,strong_hydrophobic,mild_hydrophobic->strong_hydrophobic,small_nonpolar,hydrophobic,0,0->0,4,4,0,4.2418,,,,,,unknown,unknown,,,,,,0,0,0,0,,,MSH2 p.A189V,0,"criteria provided, single submitter",ClinVar,1748949,clinvar
hybrid,MSH2,A,G,256,13,13,0,1.0,0.0,169,0,0,0,11,11,17,17,2,2,4,4,6,6,0,0.333333,0.333333,0.0,0.333333,0.333333,0.0,0.0,1,1,0,13,13,0,13->13,1,1,1->1,0,0,0->0,89.09,75.07,-14.02000000000001,14.02000000000001,1.8,-0.4,-2.2,2.2,0,0,0,0,0,0,1,1->1,mild_hydrophobic,mild_hydrophilic,mild_hydrophobic->mild_hydrophilic,small_nonpolar,small_nonpolar,1,0->0,4,4,0,2.6206,,,,,,unknown,unknown,,,,,,0,0,0,0,,,MSH2 p.A256G,0,"criteria provided, single submitter",ClinVar,4799755,clinvar
hybrid,MSH2,A,S,327,13,17,4,1.3076923076923077,0.26826398659467937,221,1,0,4,11,13,17,19,2,4,4,2,6,6,0,0.333333,0.333333,0.0,0.333333,-0.333333,-0.666666,0.666667,1,5,4,13,17,4,13->17,1,1,1->1,0,0,0->0,89.09,105.09,16.0,16.0,1.8,-0.8,-2.6,2.6,0,0,0,0,1,0,0,1->0,mild_hydrophobic,mild_hydrophilic,mild_hydrophobic->mild_hydrophilic,small_nonpolar,polar,0,0->0,4,6,2,5.28,,,,,,unknown,unknown,,,,,,0,0,0,0,,,MSH2 p.A327S,0,"criteria provided, single submitter",ClinVar,4652438,clinvar
hybrid,MSH2,A,G,391,13,13,0,1.0,0.0,169,0,0,0,11,11,17,17,2,2,4,4,6,6,0,0.333333,0.333333,0.0,0.333333,0.333333,0.0,0.0,1,1,0,13,13,0,13->13,1,1,1->1,0,0,0->0,89.09,75.07,-14.02000000000001,14.02000000000001,1.8,-0.4,-2.2,2.2,0,0,0,0,0,0,1,1->1,mild_hydrophobic,mild_hydrophilic,mild_hydrophobic->mild_hydrophilic,small_nonpolar,small_nonpolar,1,0->0,4,4,0,2.6206,,,,,,unknown,unknown,,,,,,0,0,0,0,,,MSH2 p.A391G,0,"criteria provided, single submitter",ClinVar,2567745,clinvar
hybrid,MSH2,A,G,398,13,13,0,1.0,0.0,169,0,0,0,11,11,17,17,2,2,4,4,6,6,0,0.333333,0.333333,0.0,0.333333,0.333333,0.0,0.0,1,1,0,13,13,0,13->13,1,1,1->1,0,0,0->0,89.09,75.07,-14.02000000000001,14.02000000000001,1.8,-0.4,-2.2,2.2,0,0,0,0,0,0,1,1->1,mild_hydrophobic,mild_hydrophilic,mild_hydrophobic->mild_hydrophilic,small_nonpolar,small_nonpolar,1,0->0,4,4,0,2.6206,,,,,,unknown,unknown,,,,,,0,0,0,0,,,MSH2 p.A398G,0,"criteria provided, single submitter",ClinVar,4652783,clinvar
hybrid,MSH2,A,T,420,13,17,4,1.3076923076923077,0.26826398659467937,221,1,0,4,11,13,17,19,2,4,4,2,6,6,0,0.333333,0.333333,0.0,0.333333,-0.333333,-0.666666,0.666667,1,5,4,13,17,4,13->17,1,1,1->1,0,0,0->0,89.09,119.12,30.03,30.03,1.8,-0.7,-2.5,2.5,0,0,0,0,1,0,1,1->1,mild_hydrophobic,mild_hydrophilic,mild_hydrophobic->mild_hydrophilic,small_nonpolar,polar,0,0->0,4,4,0,5.6009,,,,,,unknown,unknown,,,,,,0,0,0,0,,,MSH2 p.A420T,0,"criteria provided, single submitter",ClinVar,4652661,clinvar
hybrid,MSH2,A,V,573,13,19,6,1.4615384615384615,0.3794896217049037,247,1,0,6,11,17,17,23,2,2,4,4,6,6,0,0.333333,0.333333,0.0,0.333333,0.333333,0.0,1.0,1,1,0,13,19,6,13->19,1,1,1->1,0,0,0->0,89.09,117.15,28.060000000000002,28.060000000000002,1.8,4.2,2.4000000000000004,2.4000000000000004,0,0,0,0,0,0,1,1->1,mild_hydrophobic,strong_hydrophobic,mild_hydrophobic->strong_hydrophobic,small_nonpolar,hydrophobic,0,0->0,4,4,0,4.2418,,,,,,unknown,unknown,,,,,,0,0,0,0,,,MSH2 p.A573V,0,"criteria provided, single submitter",ClinVar,819917,clinvar
hybrid,MSH2,A,P,576,13,17,4,1.3076923076923077,0.26826398659467937,221,1,0,4,11,13,17,19,2,4,4,2,6,6,0,0.333333,0.333333,0.0,0.333333,-0.333333,-0.666666,0.666667,1,5,4,13,17,4,13->17,1,1,1->1,0,0,0->0,89.09,115.13,26.039999999999992,26.039999999999992,1.8,-1.6,-3.4000000000000004,3.4000000000000004,0,0,0,0,0,0,1,1->1,mild_hydrophobic,mild_hydrophilic,mild_hydrophobic->mild_hydrophilic,small_nonpolar,special,0,0->0,4,4,0,5.1812,,,,,,unknown,unknown,,,,,,0,0,0,0,,,MSH2 p.A576P,0,"criteria provided, single submitter",ClinVar,90762,clinvar
hybrid,MSH2,A,D,600,13,11,2,0.8461538461538461,-0.1670540846631662,143,0,1,2,11,7,17,13,2,4,4,2,6,6,0,0.333333,0.333333,0.0,0.333333,-0.333333,-0.666666,0.333333,1,5,4,13,11,-2,13->11,1,1,1->1,0,1,0->1,89.09,133.1,44.00999999999999,44.00999999999999,1.8,-3.5,-5.3,5.3,0,-1,-1,1,1,0,0,1->0,mild_hydrophobic,strong_hydrophilic,mild_hydrophobic->strong_hydrophilic,small_nonpolar,acidic,0,0->-1,4,2,-2,10.3203,,,,,,unknown,unknown,,,,,,0,0,0,0,,,MSH2 p.A600D,1,"criteria provided, single submitter",ClinVar,1780308,clinvar
hybrid,MSH2,A,T,600,13,17,4,1.3076923076923077,0.26826398659467937,221,1,0,4,11,13,17,19,2,4,4,2,6,6,0,0.333333,0.333333,0.0,0.333333,-0.333333,-0.666666,0.666667,1,5,4,13,17,4,13->17,1,1,1->1,0,0,0->0,89.09,119.12,30.03,30.03,1.8,-0.7,-2.5,2.5,0,0,0,0,1,0,1,1->1,mild_hydrophobic,mild_hydrophilic,mild_hydrophobic->mild_hydrophilic,small_nonpolar,polar,0,0->0,4,4,0,5.6009,,,,,,unknown,unknown,,,,,,0,0,0,0,,,MSH2 p.A600T,0,"criteria provided, single submitter",ClinVar,651698,clinvar
hybrid,MSH2,A,G,623,13,13,0,1.0,0.0,169,0,0,0,11,11,17,17,2,2,4,4,6,6,0,0.333333,0.333333,0.0,0.333333,0.333333,0.0,0.0,1,1,0,13,13,0,13->13,1,1,1->1,0,0,0->0,89.09,75.07,-14.02000000000001,14.02000000000001,1.8,-0.4,-2.2,2.2,0,0,0,0,0,0,1,1->1,mild_hydrophobic,mild_hydrophilic,mild_hydrophobic->mild_hydrophilic,small_nonpolar,small_nonpolar,1,0->0,4,4,0,2.6206,,,,,,unknown,unknown,,,,,,0,0,0,0,,,MSH2 p.A623G,0,"criteria provided, single submitter",ClinVar,3913563,clinvar
hybrid,MSH2,A,T,636,13,17,4,1.3076923076923077,0.26826398659467937,221,1,0,4,11,13,17,19,2,4,4,2,6,6,0,0.333333,0.333333,0.0,0.333333,-0.333333,-0.666666,0.666667,1,5,4,13,17,4,13->17,1,1,1->1,0,0,0->0,89.09,119.12,30.03,30.03,1.8,-0.7,-2.5,2.5,0,0,0,0,1,0,1,1->1,mild_hydrophobic,mild_hydrophilic,mild_hydrophobic->mild_hydrophilic,small_nonpolar,polar,0,0->0,4,4,0,5.6009,,,,,,unknown,unknown,,,,,,0,0,0,0,,,MSH2 p.A636T,0,"criteria provided, single submitter",ClinVar,2447350,clinvar
hybrid,MSH2,A,E,870,13,11,2,0.8461538461538461,-0.1670540846631662,143,0,1,2,11,7,17,13,2,4,4,2,6,6,0,0.333333,0.333333,0.0,0.333333,-0.333333,-0.666666,0.333333,1,5,4,13,11,-2,13->11,1,1,1->1,0,1,0->1,89.09,147.13,58.03999999999999,58.03999999999999,1.8,-3.5,-5.3,5.3,0,-1,-1,1,1,0,0,1->0,mild_hydrophobic,strong_hydrophilic,mild_hydrophobic->strong_hydrophilic,small_nonpolar,acidic,0,0->-1,4,2,-2,10.7412,,,,,,unknown,unknown,,,,,,0,0,0,0,,,MSH2 p.A870E,0,"criteria provided, single submitter",ClinVar,3874879,clinvar
hybrid,MSH2,A,P,917,13,17,4,1.3076923076923077,0.26826398659467937,221,1,0,4,11,13,17,19,2,4,4,2,6,6,0,0.333333,0.333333,0.0,0.333333,-0.333333,-0.666666,0.666667,1,5,4,13,17,4,13->17,1,1,1->1,0,0,0->0,89.09,115.13,26.039999999999992,26.039999999999992,1.8,-1.6,-3.4000000000000004,3.4000000000000004,0,0,0,0,0,0,1,1->1,mild_hydrophobic,mild_hydrophilic,mild_hydrophobic->mild_hydrophilic,small_nonpolar,special,0,0->0,4,4,0,5.1812,,,,,,unknown,unknown,,,,,,0,0,0,0,,,MSH2 p.A917P,0,"criteria provided, single submitter",ClinVar,4799780,clinvar
hybrid,MSH2,A,V,917,13,19,6,1.4615384615384615,0.3794896217049037,247,1,0,6,11,17,17,23,2,2,4,4,6,6,0,0.333333,0.333333,0.0,0.333333,0.333333,0.0,1.0,1,1,0,13,19,6,13->19,1,1,1->1,0,0,0->0,89.09,117.15,28.060000000000002,28.060000000000002,1.8,4.2,2.4000000000000004,2.4000000000000004,0,0,0,0,0,0,1,1->1,mild_hydrophobic,strong_hydrophobic,mild_hydrophobic->strong_hydrophobic,small_nonpolar,hydrophobic,0,0->0,4,4,0,4.2418,,,,,,unknown,unknown,,,,,,0,0,0,0,,,MSH2 p.A917V,0,"criteria provided, single submitter",ClinVar,4771574,clinvar
hybrid,MSH2,R,G,106,19,13,6,0.6842105263157895,-0.3794896217049037,247,0,1,6,17,11,23,17,2,2,4,4,6,6,0,0.333333,0.333333,0.0,0.333333,0.333333,0.0,1.0,1,1,0,19,13,-6,19->13,1,1,1->1,0,0,0->0,174.2,75.07,-99.13,99.13,-4.5,-0.4,4.1,4.1,1,0,-1,1,1,0,0,0->1,strong_hydrophilic,mild_hydrophilic,strong_hydrophilic->mild_hydrophilic,basic,small_nonpolar,0,1->0,6,4,-2,10.7739,,,,,,unknown,unknown,,,,,,0,0,0,0,,,MSH2 p.R106G,0,"criteria provided, single submitter",ClinVar,1728407,clinvar
hybrid,MSH2,R,G,21,19,13,6,0.6842105263157895,-0.3794896217049037,247,0,1,6,17,11,23,17,2,2,4,4,6,6,0,0.333333,0.333333,0.0,0.333333,0.333333,0.0,1.0,1,1,0,19,13,-6,19->13,1,1,1->1,0,0,0->0,174.2,75.07,-99.13,99.13,-4.5,-0.4,4.1,4.1,1,0,-1,1,1,0,0,0->1,strong_hydrophilic,mild_hydrophilic,strong_hydrophilic->mild_hydrophilic,basic,small_nonpolar,0,1->0,6,4,-2,10.7739,,,,,,unknown,unknown,,,,,,0,0,0,0,,,MSH2 p.R21G,0,"criteria provided, single submitter",ClinVar,2453494,clinvar
hybrid,MSH2,R,I,227,19,17,2,0.8947368421052632,-0.11122563511022437,323,0,1,2,17,13,23,19,2,4,4,2,6,6,0,0.333333,0.333333,0.0,0.333333,-0.333333,-0.666666,0.333333,1,5,4,19,17,-2,19->17,1,1,1->1,0,0,0->0,174.2,131.18,-43.01999999999998,43.01999999999998,-4.5,4.5,9.0,9.0,1,0,-1,1,1,0,0,0->1,strong_hydrophilic,strong_hydrophobic,strong_hydrophilic->strong_hydrophobic,basic,hydrophobic,0,1->0,6,3,-3,13.9906,,,,,,unknown,unknown,,,,,,0,0,0,0,,,MSH2 p.R227I,0,"criteria provided, single submitter",ClinVar,2496585,clinvar
hybrid,MSH2,R,G,308,19,13,6,0.6842105263157895,-0.3794896217049037,247,0,1,6,17,11,23,17,2,2,4,4,6,6,0,0.333333,0.333333,0.0,0.333333,0.333333,0.0,1.0,1,1,0,19,13,-6,19->13,1,1,1->1,0,0,0->0,174.2,75.07,-99.13,99.13,-4.5,-0.4,4.1,4.1,1,0,-1,1,1,0,0,0->1,strong_hydrophilic,mild_hydrophilic,strong_hydrophilic->mild_hydrophilic,basic,small_nonpolar,0,1->0,6,4,-2,10.7739,,,,,,unknown,unknown,,,,,,0,0,0,0,,,MSH2 p.R308G,0,"criteria provided, single submitter",ClinVar,3230860,clinvar
hybrid,MSH2,R,K,355,19,11,8,0.5789473684210527,-0.5465437063680699,209,0,1,8,17,7,23,13,2,4,4,2,6,6,0,0.333333,0.333333,0.0,0.333333,-0.333333,-0.666666,1.333333,1,5,4,19,11,-8,19->11,1,1,1->1,0,1,0->1,174.2,146.19,-28.00999999999999,28.00999999999999,-4.5,-3.9,0.6000000000000001,0.6000000000000001,1,1,0,0,0,0,1,0->0,strong_hydrophilic,strong_hydrophilic,strong_hydrophilic->strong_hydrophilic,basic,basic,1,1->1,6,2,-4,1.4403,,,,,,unknown,unknown,,,,,,0,0,0,0,,,MSH2 p.R355K,0,"criteria provided, single submitter",ClinVar,1781308,clinvar
hybrid,MSH2,R,S,355,19,17,2,0.8947368421052632,-0.11122563511022437,323,0,1,2,17,13,23,19,2,4,4,2,6,6,0,0.333333,0.333333,0.0,0.333333,-0.333333,-0.666666,0.333333,1,5,4,19,17,-2,19->17,1,1,1->1,0,0,0->0,174.2,105.09,-69.10999999999999,69.10999999999999,-4.5,-0.8,3.7,3.7,1,0,-1,1,0,0,1,0->0,strong_hydrophilic,mild_hydrophilic,strong_hydrophilic->mild_hydrophilic,basic,polar,0,1->0,6,6,0,8.2733,,,,,,unknown,unknown,,,,,,0,0,0,0,,,MSH2 p.R355S,0,"criteria provided, single submitter",ClinVar,3874888,clinvar
hybrid,MSH2,R,L,35,19,23,4,1.2105263157894737,0.19105523676270922,437,1,0,4,17,19,23,29,2,4,4,6,6,10,4,0.333333,0.2,-0.133333,0.333333,0.2,-0.133333,0.5,1,5,4,19,23,4,19->23,1,0,1->0,0,1,0->1,174.2,131.18,-43.01999999999998,43.01999999999998,-4.5,3.8,8.3,8.3,1,0,-1,1,1,0,0,0->1,strong_hydrophilic,strong_hydrophobic,strong_hydrophilic->strong_hydrophobic,basic,hydrophobic,0,1->0,6,6,0,13.2906,,,,,,unknown,unknown,,,,,,0,0,0,0,,,MSH2 p.R35L,0,"criteria provided, single submitter",ClinVar,1061189,clinvar
hybrid,MSH2,R,K,396,19,11,8,0.5789473684210527,-0.5465437063680699,209,0,1,8,17,7,23,13,2,4,4,2,6,6,0,0.333333,0.333333,0.0,0.333333,-0.333333,-0.666666,1.333333,1,5,4,19,11,-8,19->11,1,1,1->1,0,1,0->1,174.2,146.19,-28.00999999999999,28.00999999999999,-4.5,-3.9,0.6000000000000001,0.6000000000000001,1,1,0,0,0,0,1,0->0,strong_hydrophilic,strong_hydrophilic,strong_hydrophilic->strong_hydrophilic,basic,basic,1,1->1,6,2,-4,1.4403,,,,,,unknown,unknown,,,,,,0,0,0,0,,,MSH2 p.R396K,0,"criteria provided, single submitter",ClinVar,2587532,clinvar
hybrid,MSH2,R,T,396,19,17,2,0.8947368421052632,-0.11122563511022437,323,0,1,2,17,13,23,19,2,4,4,2,6,6,0,0.333333,0.333333,0.0,0.333333,-0.333333,-0.666666,0.333333,1,5,4,19,17,-2,19->17,1,1,1->1,0,0,0->0,174.2,119.12,-55.079999999999984,55.079999999999984,-4.5,-0.7,3.8,3.8,1,0,-1,1,0,0,0,0->1,strong_hydrophilic,mild_hydrophilic,strong_hydrophilic->mild_hydrophilic,basic,polar,0,1->0,6,4,-2,7.9524,,,,,,unknown,unknown,,,,,,0,0,0,0,,,MSH2 p.R396T,0,"criteria provided, single submitter",ClinVar,2802720,clinvar
hybrid,MSH2,R,I,631,19,17,2,0.8947368421052632,-0.11122563511022437,323,0,1,2,17,13,23,19,2,4,4,2,6,6,0,0.333333,0.333333,0.0,0.333333,-0.333333,-0.666666,0.333333,1,5,4,19,17,-2,19->17,1,1,1->1,0,0,0->0,174.2,131.18,-43.01999999999998,43.01999999999998,-4.5,4.5,9.0,9.0,1,0,-1,1,1,0,0,0->1,strong_hydrophilic,strong_hydrophobic,strong_hydrophilic->strong_hydrophobic,basic,hydrophobic,0,1->0,6,3,-3,13.9906,,,,,,unknown,unknown,,,,,,0,0,0,0,,,MSH2 p.R631I,0,"criteria provided, single submitter",ClinVar,960608,clinvar
hybrid,MSH2,R,K,737,19,11,8,0.5789473684210527,-0.5465437063680699,209,0,1,8,17,7,23,13,2,4,4,2,6,6,0,0.333333,0.333333,0.0,0.333333,-0.333333,-0.666666,1.333333,1,5,4,19,11,-8,19->11,1,1,1->1,0,1,0->1,174.2,146.19,-28.00999999999999,28.00999999999999,-4.5,-3.9,0.6000000000000001,0.6000000000000001,1,1,0,0,0,0,1,0->0,strong_hydrophilic,strong_hydrophilic,strong_hydrophilic->strong_hydrophilic,basic,basic,1,1->1,6,2,-4,1.4403,,,,,,unknown,unknown,,,,,,0,0,0,0,,,MSH2 p.R737K,1,"criteria provided, single submitter",ClinVar,1503460,clinvar
hybrid,MSH2,R,G,929,19,13,6,0.6842105263157895,-0.3794896217049037,247,0,1,6,17,11,23,17,2,2,4,4,6,6,0,0.333333,0.333333,0.0,0.333333,0.333333,0.0,1.0,1,1,0,19,13,-6,19->13,1,1,1->1,0,0,0->0,174.2,75.07,-99.13,99.13,-4.5,-0.4,4.1,4.1,1,0,-1,1,1,0,0,0->1,strong_hydrophilic,mild_hydrophilic,strong_hydrophilic->mild_hydrophilic,basic,small_nonpolar,0,1->0,6,4,-2,10.7739,,,,,,unknown,unknown,,,,,,0,0,0,0,,,MSH2 p.R929G,0,"criteria provided, single submitter",ClinVar,3913559,clinvar
hybrid,MSH2,R,I,99,19,17,2,0.8947368421052632,-0.11122563511022437,323,0,1,2,17,13,23,19,2,4,4,2,6,6,0,0.333333,0.333333,0.0,0.333333,-0.333333,-0.666666,0.333333,1,5,4,19,17,-2,19->17,1,1,1->1,0,0,0->0,174.2,131.18,-43.01999999999998,43.01999999999998,-4.5,4.5,9.0,9.0,1,0,-1,1,1,0,0,0->1,strong_hydrophilic,strong_hydrophobic,strong_hydrophilic->strong_hydrophobic,basic,hydrophobic,0,1->0,6,3,-3,13.9906,,,,,,unknown,unknown,,,,,,0,0,0,0,,,MSH2 p.R99I,0,"criteria provided, single submitter",ClinVar,1798272,clinvar
hybrid,MSH2,N,H,109,7,13,6,1.8571428571428572,0.6190392084062235,91,1,0,6,5,11,11,17,2,2,4,4,6,6,0,0.333333,0.333333,0.0,0.333333,0.333333,0.0,1.0,1,1,0,7,13,6,7->13,1,1,1->1,0,0,0->0,132.12,155.16,23.039999999999992,23.039999999999992,-3.5,-3.2,0.2999999999999998,0.2999999999999998,0,1,1,1,0,1,1,0->0,strong_hydrophilic,strong_hydrophilic,strong_hydrophilic->strong_hydrophilic,polar,basic,0,0->1,2,2,0,4.6912,,,,,,unknown,unknown,,,,,,0,0,0,0,,,MSH2 p.N109H,0,"criteria provided, single submitter",ClinVar,4111014,clinvar
hybrid,MSH2,N,S,115,7,17,10,2.4285714285714284,0.8873031950009027,119,1,0,10,5,13,11,19,2,4,4,2,6,6,0,0.333333,0.333333,0.0,0.333333,-0.333333,-0.666666,1.666667,1,5,4,7,17,10,7->17,1,1,1->1,0,0,0->0,132.12,105.09,-27.03,27.03,-3.5,-0.8,2.7,2.7,0,0,0,0,0,0,1,0->0,strong_hydrophilic,mild_hydrophilic,strong_hydrophilic->mild_hydrophilic,polar,polar,1,0->0,2,6,4,3.5109,,,,,,unknown,unknown,,,,,,0,0,0,0,,,MSH2 p.N115S,0,"criteria provided, single submitter",ClinVar,4111038,clinvar
hybrid,MSH2,N,D,311,7,11,4,1.5714285714285714,0.4519851237430572,77,1,0,4,5,7,11,13,2,4,4,2,6,6,0,0.333333,0.333333,0.0,0.333333,-0.333333,-0.666666,0.666667,1,5,4,7,11,4,7->11,1,1,1->1,0,1,0->1,132.12,133.1,0.9799999999999898,0.9799999999999898,-3.5,-3.5,0.0,0.0,0,-1,-1,1,0,0,1,0->0,strong_hydrophilic,strong_hydrophilic,strong_hydrophilic->strong_hydrophilic,polar,acidic,0,0->-1,2,2,0,2.5294,,,,,,unknown,unknown,,,,,,0,0,0,0,,,MSH2 p.N311D,0,"criteria provided, single submitter",ClinVar,3398638,clinvar
hybrid,MSH2,N,K,311,7,11,4,1.5714285714285714,0.4519851237430572,77,1,0,4,5,7,11,13,2,4,4,2,6,6,0,0.333333,0.333333,0.0,0.333333,-0.333333,-0.666666,0.666667,1,5,4,7,11,4,7->11,1,1,1->1,0,1,0->1,132.12,146.19,14.069999999999993,14.069999999999993,-3.5,-3.9,-0.3999999999999999,0.3999999999999999,0,1,1,1,0,0,1,0->0,strong_hydrophilic,strong_hydrophilic,strong_hydrophilic->strong_hydrophilic,polar,basic,0,0->1,2,2,0,3.3221,,,,,,unknown,unknown,,,,,,0,0,0,0,,,MSH2 p.N311K,0,"criteria provided, single submitter",ClinVar,3633390,clinvar
hybrid,MSH2,N,H,361,7,13,6,1.8571428571428572,0.6190392084062235,91,1,0,6,5,11,11,17,2,2,4,4,6,6,0,0.333333,0.333333,0.0,0.333333,0.333333,0.0,1.0,1,1,0,7,13,6,7->13,1,1,1->1,0,0,0->0,132.12,155.16,23.039999999999992,23.039999999999992,-3.5,-3.2,0.2999999999999998,0.2999999999999998,0,1,1,1,0,1,1,0->0,strong_hydrophilic,strong_hydrophilic,strong_hydrophilic->strong_hydrophilic,polar,basic,0,0->1,2,2,0,4.6912,,,,,,unknown,unknown,,,,,,0,0,0,0,,,MSH2 p.N361H,0,"criteria provided, single submitter",ClinVar,3913579,clinvar
hybrid,MSH2,N,H,400,7,13,6,1.8571428571428572,0.6190392084062235,91,1,0,6,5,11,11,17,2,2,4,4,6,6,0,0.333333,0.333333,0.0,0.333333,0.333333,0.0,1.0,1,1,0,7,13,6,7->13,1,1,1->1,0,0,0->0,132.12,155.16,23.039999999999992,23.039999999999992,-3.5,-3.2,0.2999999999999998,0.2999999999999998,0,1,1,1,0,1,1,0->0,strong_hydrophilic,strong_hydrophilic,strong_hydrophilic->strong_hydrophilic,polar,basic,0,0->1,2,2,0,4.6912,,,,,,unknown,unknown,,,,,,0,0,0,0,,,MSH2 p.N400H,0,"criteria provided, single submitter",ClinVar,1746476,clinvar
hybrid,MSH2,N,H,412,7,13,6,1.8571428571428572,0.6190392084062235,91,1,0,6,5,11,11,17,2,2,4,4,6,6,0,0.333333,0.333333,0.0,0.333333,0.333333,0.0,1.0,1,1,0,7,13,6,7->13,1,1,1->1,0,0,0->0,132.12,155.16,23.039999999999992,23.039999999999992,-3.5,-3.2,0.2999999999999998,0.2999999999999998,0,1,1,1,0,1,1,0->0,strong_hydrophilic,strong_hydrophilic,strong_hydrophilic->strong_hydrophilic,polar,basic,0,0->1,2,2,0,4.6912,,,,,,unknown,unknown,,,,,,0,0,0,0,,,MSH2 p.N412H,0,"criteria provided, single submitter",ClinVar,1756350,clinvar
hybrid,MSH2,N,D,560,7,11,4,1.5714285714285714,0.4519851237430572,77,1,0,4,5,7,11,13,2,4,4,2,6,6,0,0.333333,0.333333,0.0,0.333333,-0.333333,-0.666666,0.666667,1,5,4,7,11,4,7->11,1,1,1->1,0,1,0->1,132.12,133.1,0.9799999999999898,0.9799999999999898,-3.5,-3.5,0.0,0.0,0,-1,-1,1,0,0,1,0->0,strong_hydrophilic,strong_hydrophilic,strong_hydrophilic->strong_hydrophilic,polar,acidic,0,0->-1,2,2,0,2.5294,,,,,,unknown,unknown,,,,,,0,0,0,0,,,MSH2 p.N560D,0,"criteria provided, single submitter",ClinVar,1777832,clinvar
hybrid,MSH2,N,S,653,7,17,10,2.4285714285714284,0.8873031950009027,119,1,0,10,5,13,11,19,2,4,4,2,6,6,0,0.333333,0.333333,0.0,0.333333,-0.333333,-0.666666,1.666667,1,5,4,7,17,10,7->17,1,1,1->1,0,0,0->0,132.12,105.09,-27.03,27.03,-3.5,-0.8,2.7,2.7,0,0,0,0,0,0,1,0->0,strong_hydrophilic,mild_hydrophilic,strong_hydrophilic->mild_hydrophilic,polar,polar,1,0->0,2,6,4,3.5109,,,,,,unknown,unknown,,,,,,0,0,0,0,,,MSH2 p.N653S,0,"criteria provided, single submitter",ClinVar,3398633,clinvar
hybrid,MSH2,N,D,903,7,11,4,1.5714285714285714,0.4519851237430572,77,1,0,4,5,7,11,13,2,4,4,2,6,6,0,0.333333,0.333333,0.0,0.333333,-0.333333,-0.666666,0.666667,1,5,4,7,11,4,7->11,1,1,1->1,0,1,0->1,132.12,133.1,0.9799999999999898,0.9799999999999898,-3.5,-3.5,0.0,0.0,0,-1,-1,1,0,0,1,0->0,strong_hydrophilic,strong_hydrophilic,strong_hydrophilic->strong_hydrophilic,polar,acidic,0,0->-1,2,2,0,2.5294,,,,,,unknown,unknown,,,,,,0,0,0,0,,,MSH2 p.N903D,0,"criteria provided, single submitter",ClinVar,3230842,clinvar
hybrid,MSH2,N,K,903,7,11,4,1.5714285714285714,0.4519851237430572,77,1,0,4,5,7,11,13,2,4,4,2,6,6,0,0.333333,0.333333,0.0,0.333333,-0.333333,-0.666666,0.666667,1,5,4,7,11,4,7->11,1,1,1->1,0,1,0->1,132.12,146.19,14.069999999999993,14.069999999999993,-3.5,-3.9,-0.3999999999999999,0.3999999999999999,0,1,1,1,0,0,1,0->0,strong_hydrophilic,strong_hydrophilic,strong_hydrophilic->strong_hydrophilic,polar,basic,0,0->1,2,2,0,3.3221,,,,,,unknown,unknown,,,,,,0,0,0,0,,,MSH2 p.N903K,0,"criteria provided, single submitter",ClinVar,2587533,clinvar
hybrid,MSH2,D,H,133,11,13,2,1.1818181818181819,0.16705408466316624,143,1,0,2,7,11,13,17,4,2,2,4,6,6,0,0.333333,0.333333,0.0,-0.333333,0.333333,0.666666,0.333333,5,1,-4,11,13,2,11->13,1,1,1->1,1,0,1->0,133.1,155.16,22.060000000000002,22.060000000000002,-3.5,-3.2,0.2999999999999998,0.2999999999999998,-1,1,2,2,0,1,1,0->0,strong_hydrophilic,strong_hydrophilic,strong_hydrophilic->strong_hydrophilic,acidic,basic,0,-1->1,2,2,0,6.1618,,,,,,unknown,unknown,,,,,,0,0,0,0,,,MSH2 p.D133H,0,"criteria provided, single submitter",ClinVar,3398603,clinvar
hybrid,MSH2,D,A,295,11,13,2,1.1818181818181819,0.16705408466316624,143,1,0,2,7,11,13,17,4,2,2,4,6,6,0,0.333333,0.333333,0.0,-0.333333,0.333333,0.666666,0.333333,5,1,-4,11,13,2,11->13,1,1,1->1,1,0,1->0,133.1,89.09,-44.00999999999999,44.00999999999999,-3.5,1.8,5.3,5.3,-1,0,1,1,1,0,0,0->1,strong_hydrophilic,mild_hydrophobic,strong_hydrophilic->mild_hydrophobic,acidic,small_nonpolar,0,-1->0,2,4,2,10.3203,,,,,,unknown,unknown,,,,,,0,0,0,0,,,MSH2 p.D295A,0,"criteria provided, single submitter",ClinVar,1764866,clinvar
hybrid,MSH2,D,E,403,11,11,0,1.0,0.0,121,0,0,0,7,7,13,13,4,4,2,2,6,6,0,0.333333,0.333333,0.0,-0.333333,-0.333333,0.0,0.0,5,5,0,11,11,0,11->11,1,1,1->1,1,1,1->1,133.1,147.13,14.030000000000001,14.030000000000001,-3.5,-3.5,0.0,0.0,-1,-1,0,0,0,0,1,0->0,strong_hydrophilic,strong_hydrophilic,strong_hydrophilic->strong_hydrophilic,acidic,acidic,1,-1->-1,2,2,0,0.4209,,,,,,unknown,unknown,,,,,,0,0,0,0,,,MSH2 p.D403E,0,"criteria provided, single submitter",ClinVar,3230806,clinvar
hybrid,MSH2,D,H,446,11,13,2,1.1818181818181819,0.16705408466316624,143,1,0,2,7,11,13,17,4,2,2,4,6,6,0,0.333333,0.333333,0.0,-0.333333,0.333333,0.666666,0.333333,5,1,-4,11,13,2,11->13,1,1,1->1,1,0,1->0,133.1,155.16,22.060000000000002,22.060000000000002,-3.5,-3.2,0.2999999999999998,0.2999999999999998,-1,1,2,2,0,1,1,0->0,strong_hydrophilic,strong_hydrophilic,strong_hydrophilic->strong_hydrophilic,acidic,basic,0,-1->1,2,2,0,6.1618,,,,,,unknown,unknown,,,,,,0,0,0,0,,,MSH2 p.D446H,0,"criteria provided, single submitter",ClinVar,1770251,clinvar
hybrid,MSH2,D,G,487,11,13,2,1.1818181818181819,0.16705408466316624,143,1,0,2,7,11,13,17,4,2,2,4,6,6,0,0.333333,0.333333,0.0,-0.333333,0.333333,0.666666,0.333333,5,1,-4,11,13,2,11->13,1,1,1->1,1,0,1->0,133.1,75.07,-58.03,58.03,-3.5,-0.4,3.1,3.1,-1,0,1,1,1,0,0,0->1,strong_hydrophilic,mild_hydrophilic,strong_hydrophilic->mild_hydrophilic,acidic,small_nonpolar,0,-1->0,2,4,2,8.5409,,,,,,unknown,unknown,,,,,,0,0,0,0,,,MSH2 p.D487G,0,"criteria provided, single submitter",ClinVar,1773149,clinvar
hybrid,MSH2,D,N,514,11,7,4,0.6363636363636364,-0.45198512374305727,77,0,1,4,7,5,13,11,4,2,2,4,6,6,0,0.333333,0.333333,0.0,-0.333333,0.333333,0.666666,0.666667,5,1,-4,11,7,-4,11->7,1,1,1->1,1,0,1->0,133.1,132.12,-0.9799999999999898,0.9799999999999898,-3.5,-3.5,0.0,0.0,-1,0,1,1,0,0,1,0->0,strong_hydrophilic,strong_hydrophilic,strong_hydrophilic->strong_hydrophilic,acidic,polar,0,-1->0,2,2,0,2.5294,,,,,,unknown,unknown,,,,,,0,0,0,0,,,MSH2 p.D514N,0,"criteria provided, single submitter",ClinVar,1774845,clinvar
hybrid,MSH2,D,A,543,11,13,2,1.1818181818181819,0.16705408466316624,143,1,0,2,7,11,13,17,4,2,2,4,6,6,0,0.333333,0.333333,0.0,-0.333333,0.333333,0.666666,0.333333,5,1,-4,11,13,2,11->13,1,1,1->1,1,0,1->0,133.1,89.09,-44.00999999999999,44.00999999999999,-3.5,1.8,5.3,5.3,-1,0,1,1,1,0,0,0->1,strong_hydrophilic,mild_hydrophobic,strong_hydrophilic->mild_hydrophobic,acidic,small_nonpolar,0,-1->0,2,4,2,10.3203,,,,,,unknown,unknown,,,,,,0,0,0,0,,,MSH2 p.D543A,0,"criteria provided, single submitter",ClinVar,2587528,clinvar
hybrid,MSH2,D,E,597,11,11,0,1.0,0.0,121,0,0,0,7,7,13,13,4,4,2,2,6,6,0,0.333333,0.333333,0.0,-0.333333,-0.333333,0.0,0.0,5,5,0,11,11,0,11->11,1,1,1->1,1,1,1->1,133.1,147.13,14.030000000000001,14.030000000000001,-3.5,-3.5,0.0,0.0,-1,-1,0,0,0,0,1,0->0,strong_hydrophilic,strong_hydrophilic,strong_hydrophilic->strong_hydrophilic,acidic,acidic,1,-1->-1,2,2,0,0.4209,,,,,,unknown,unknown,,,,,,0,0,0,0,,,MSH2 p.D597E,0,"criteria provided, single submitter",ClinVar,3913542,clinvar
hybrid,MSH2,D,N,654,11,7,4,0.6363636363636364,-0.45198512374305727,77,0,1,4,7,5,13,11,4,2,2,4,6,6,0,0.333333,0.333333,0.0,-0.333333,0.333333,0.666666,0.666667,5,1,-4,11,7,-4,11->7,1,1,1->1,1,0,1->0,133.1,132.12,-0.9799999999999898,0.9799999999999898,-3.5,-3.5,0.0,0.0,-1,0,1,1,0,0,1,0->0,strong_hydrophilic,strong_hydrophilic,strong_hydrophilic->strong_hydrophilic,acidic,polar,0,-1->0,2,2,0,2.5294,,,,,,unknown,unknown,,,,,,0,0,0,0,,,MSH2 p.D654N,0,"criteria provided, single submitter",ClinVar,1783429,clinvar
hybrid,MSH2,D,Y,748,11,17,6,1.5454545454545454,0.4353180712578455,187,1,0,6,7,13,13,19,4,4,2,2,6,6,0,0.333333,0.333333,0.0,-0.333333,-0.333333,0.0,1.0,5,5,0,11,17,6,11->17,1,1,1->1,1,0,1->0,133.1,181.19,48.09,48.09,-3.5,-1.3,2.2,2.2,-1,0,1,1,0,1,0,0->1,strong_hydrophilic,mild_hydrophilic,strong_hydrophilic->mild_hydrophilic,acidic,aromatic,0,-1->0,2,2,0,7.3427,,,,,,unknown,unknown,,,,,,0,0,0,0,,,MSH2 p.D748Y,1,"criteria provided, single submitter",ClinVar,1788302,clinvar
hybrid,MSH2,D,Y,864,11,17,6,1.5454545454545454,0.4353180712578455,187,1,0,6,7,13,13,19,4,4,2,2,6,6,0,0.333333,0.333333,0.0,-0.333333,-0.333333,0.0,1.0,5,5,0,11,17,6,11->17,1,1,1->1,1,0,1->0,133.1,181.19,48.09,48.09,-3.5,-1.3,2.2,2.2,-1,0,1,1,0,1,0,0->1,strong_hydrophilic,mild_hydrophilic,strong_hydrophilic->mild_hydrophilic,acidic,aromatic,0,-1->0,2,2,0,7.3427,,,,,,unknown,unknown,,,,,,0,0,0,0,,,MSH2 p.D864Y,0,"criteria provided, single submitter",ClinVar,483714,clinvar
hybrid,MSH2,D,H,91,11,13,2,1.1818181818181819,0.16705408466316624,143,1,0,2,7,11,13,17,4,2,2,4,6,6,0,0.333333,0.333333,0.0,-0.333333,0.333333,0.666666,0.333333,5,1,-4,11,13,2,11->13,1,1,1->1,1,0,1->0,133.1,155.16,22.060000000000002,22.060000000000002,-3.5,-3.2,0.2999999999999998,0.2999999999999998,-1,1,2,2,0,1,1,0->0,strong_hydrophilic,strong_hydrophilic,strong_hydrophilic->strong_hydrophilic,acidic,basic,0,-1->1,2,2,0,6.1618,,,,,,unknown,unknown,,,,,,0,0,0,0,,,MSH2 p.D91H,0,"criteria provided, single submitter",ClinVar,619519,clinvar
hybrid,MSH2,C,W,199,5,11,6,2.2,0.7884573603642703,55,1,0,6,3,7,7,13,2,4,2,2,4,6,2,0.5,0.333333,-0.166667,0.0,-0.333333,-0.333333,1.2,5,5,0,5,11,6,5->11,1,1,1->1,1,1,1->1,121.16,204.23,83.07,83.07,2.5,-0.9,-3.4,3.4,0,0,0,0,1,1,1,0->0,strong_hydrophobic,mild_hydrophilic,strong_hydrophobic->mild_hydrophilic,special,aromatic,0,0->0,2,1,-1,9.2921,,,,,,unknown,unknown,,,,,,0,0,0,0,,,MSH2 p.C199W,1,"criteria provided, single submitter",ClinVar,826091,clinvar
hybrid,MSH2,C,S,822,5,17,12,3.4,1.2237754316221157,85,1,0,12,3,13,7,19,2,4,2,2,4,6,2,0.5,0.333333,-0.166667,0.0,-0.333333,-0.333333,2.4,5,5,0,5,17,12,5->17,1,1,1->1,1,0,1->0,121.16,105.09,-16.069999999999993,16.069999999999993,2.5,-0.8,-3.3,3.3,0,0,0,0,0,0,1,0->0,strong_hydrophobic,mild_hydrophilic,strong_hydrophobic->mild_hydrophilic,special,polar,0,0->0,2,6,4,4.7821,,,,,,unknown,unknown,,,,,,0,0,0,0,,,MSH2 p.C822S,0,"criteria provided, single submitter",ClinVar,2191723,clinvar
hybrid,MSH2,Q,R,193,7,19,12,2.7142857142857144,0.9985288301111273,133,1,0,12,5,17,11,23,2,2,4,4,6,6,0,0.333333,0.333333,0.0,0.333333,0.333333,0.0,2.0,1,1,0,7,19,12,7->19,1,1,1->1,0,0,0->0,146.15,174.2,28.049999999999983,28.049999999999983,-3.5,-4.5,-1.0,1.0,0,1,1,1,0,0,1,0->0,strong_hydrophilic,strong_hydrophilic,strong_hydrophilic->strong_hydrophilic,polar,basic,0,0->1,2,6,4,4.3415,,,,,,unknown,unknown,,,,,,0,0,0,0,,,MSH2 p.Q193R,0,"criteria provided, single submitter",ClinVar,3398647,clinvar
hybrid,MSH2,Q,K,193,7,11,4,1.5714285714285714,0.4519851237430572,77,1,0,4,5,7,11,13,2,4,4,2,6,6,0,0.333333,0.333333,0.0,0.333333,-0.333333,-0.666666,0.666667,1,5,4,7,11,4,7->11,1,1,1->1,0,1,0->1,146.15,146.19,0.03999999999999204,0.03999999999999204,-3.5,-3.9,-0.3999999999999999,0.3999999999999999,0,1,1,1,0,0,1,0->0,strong_hydrophilic,strong_hydrophilic,strong_hydrophilic->strong_hydrophilic,polar,basic,0,0->1,2,2,0,2.9012,,,,,,unknown,unknown,,,,,,0,0,0,0,,,MSH2 p.Q193K,0,"criteria provided, single submitter",ClinVar,1749593,clinvar
hybrid,MSH2,Q,H,239,7,13,6,1.8571428571428572,0.6190392084062235,91,1,0,6,5,11,11,17,2,2,4,4,6,6,0,0.333333,0.333333,0.0,0.333333,0.333333,0.0,1.0,1,1,0,7,13,6,7->13,1,1,1->1,0,0,0->0,146.15,155.16,9.009999999999991,9.009999999999991,-3.5,-3.2,0.2999999999999998,0.2999999999999998,0,1,1,1,0,1,1,0->0,strong_hydrophilic,strong_hydrophilic,strong_hydrophilic->strong_hydrophilic,polar,basic,0,0->1,2,2,0,4.2703,,,,,,unknown,unknown,,,,,,0,0,0,0,,,MSH2 p.Q239H,0,"criteria provided, single submitter",ClinVar,3230854,clinvar
hybrid,MSH2,Q,P,24,7,17,10,2.4285714285714284,0.8873031950009027,119,1,0,10,5,13,11,19,2,4,4,2,6,6,0,0.333333,0.333333,0.0,0.333333,-0.333333,-0.666666,1.666667,1,5,4,7,17,10,7->17,1,1,1->1,0,0,0->0,146.15,115.13,-31.02000000000001,31.02000000000001,-3.5,-1.6,1.9,1.9,0,0,0,0,1,0,0,0->1,strong_hydrophilic,mild_hydrophilic,strong_hydrophilic->mild_hydrophilic,polar,special,0,0->0,2,4,2,5.0306,,,,,,unknown,unknown,,,,,,0,0,0,0,,,MSH2 p.Q24P,0,"criteria provided, single submitter",ClinVar,3874914,clinvar
hybrid,MSH2,Q,L,252,7,23,16,3.2857142857142856,1.1895840668738364,161,1,0,16,5,19,11,29,2,4,4,6,6,10,4,0.333333,0.2,-0.133333,0.333333,0.2,-0.133333,2.0,1,5,4,7,23,16,7->23,1,0,1->0,0,1,0->1,146.15,131.18,-14.969999999999999,14.969999999999999,-3.5,3.8,7.3,7.3,0,0,0,0,1,0,0,0->1,strong_hydrophilic,strong_hydrophobic,strong_hydrophilic->strong_hydrophobic,polar,hydrophobic,0,0->0,2,6,4,9.9491,,,,,,unknown,unknown,,,,,,0,0,0,0,,,MSH2 p.Q252L,0,"criteria provided, single submitter",ClinVar,1759505,clinvar
hybrid,MSH2,Q,R,288,7,19,12,2.7142857142857144,0.9985288301111273,133,1,0,12,5,17,11,23,2,2,4,4,6,6,0,0.333333,0.333333,0.0,0.333333,0.333333,0.0,2.0,1,1,0,7,19,12,7->19,1,1,1->1,0,0,0->0,146.15,174.2,28.049999999999983,28.049999999999983,-3.5,-4.5,-1.0,1.0,0,1,1,1,0,0,1,0->0,strong_hydrophilic,strong_hydrophilic,strong_hydrophilic->strong_hydrophilic,polar,basic,0,0->1,2,6,4,4.3415,,,,,,unknown,unknown,,,,,,0,0,0,0,,,MSH2 p.Q288R,0,"criteria provided, single submitter",ClinVar,1764125,clinvar
hybrid,MSH2,Q,H,314,7,13,6,1.8571428571428572,0.6190392084062235,91,1,0,6,5,11,11,17,2,2,4,4,6,6,0,0.333333,0.333333,0.0,0.333333,0.333333,0.0,1.0,1,1,0,7,13,6,7->13,1,1,1->1,0,0,0->0,146.15,155.16,9.009999999999991,9.009999999999991,-3.5,-3.2,0.2999999999999998,0.2999999999999998,0,1,1,1,0,1,1,0->0,strong_hydrophilic,strong_hydrophilic,strong_hydrophilic->strong_hydrophilic,polar,basic,0,0->1,2,2,0,4.2703,,,,,,unknown,unknown,,,,,,0,0,0,0,,,MSH2 p.Q314H,1,"criteria provided, single submitter",ClinVar,483693,clinvar
hybrid,MSH2,Q,E,344,7,11,4,1.5714285714285714,0.4519851237430572,77,1,0,4,5,7,11,13,2,4,4,2,6,6,0,0.333333,0.333333,0.0,0.333333,-0.333333,-0.666666,0.666667,1,5,4,7,11,4,7->11,1,1,1->1,0,1,0->1,146.15,147.13,0.9799999999999898,0.9799999999999898,-3.5,-3.5,0.0,0.0,0,-1,-1,1,0,0,1,0->0,strong_hydrophilic,strong_hydrophilic,strong_hydrophilic->strong_hydrophilic,polar,acidic,0,0->-1,2,2,0,2.5294,,,,,,unknown,unknown,,,,,,0,0,0,0,,,MSH2 p.Q344E,0,"criteria provided, single submitter",ClinVar,1771017,clinvar
hybrid,MSH2,Q,E,377,7,11,4,1.5714285714285714,0.4519851237430572,77,1,0,4,5,7,11,13,2,4,4,2,6,6,0,0.333333,0.333333,0.0,0.333333,-0.333333,-0.666666,0.666667,1,5,4,7,11,4,7->11,1,1,1->1,0,1,0->1,146.15,147.13,0.9799999999999898,0.9799999999999898,-3.5,-3.5,0.0,0.0,0,-1,-1,1,0,0,1,0->0,strong_hydrophilic,strong_hydrophilic,strong_hydrophilic->strong_hydrophilic,polar,acidic,0,0->-1,2,2,0,2.5294,,,,,,unknown,unknown,,,,,,0,0,0,0,,,MSH2 p.Q377E,0,"criteria provided, single submitter",ClinVar,837376,clinvar
hybrid,MSH2,Q,P,397,7,17,10,2.4285714285714284,0.8873031950009027,119,1,0,10,5,13,11,19,2,4,4,2,6,6,0,0.333333,0.333333,0.0,0.333333,-0.333333,-0.666666,1.666667,1,5,4,7,17,10,7->17,1,1,1->1,0,0,0->0,146.15,115.13,-31.02000000000001,31.02000000000001,-3.5,-1.6,1.9,1.9,0,0,0,0,1,0,0,0->1,strong_hydrophilic,mild_hydrophilic,strong_hydrophilic->mild_hydrophilic,polar,special,0,0->0,2,4,2,5.0306,,,,,,unknown,unknown,,,,,,0,0,0,0,,,MSH2 p.Q397P,0,"criteria provided, single submitter",ClinVar,3296235,clinvar
hybrid,MSH2,Q,H,4,7,13,6,1.8571428571428572,0.6190392084062235,91,1,0,6,5,11,11,17,2,2,4,4,6,6,0,0.333333,0.333333,0.0,0.333333,0.333333,0.0,1.0,1,1,0,7,13,6,7->13,1,1,1->1,0,0,0->0,146.15,155.16,9.009999999999991,9.009999999999991,-3.5,-3.2,0.2999999999999998,0.2999999999999998,0,1,1,1,0,1,1,0->0,strong_hydrophilic,strong_hydrophilic,strong_hydrophilic->strong_hydrophilic,polar,basic,0,0->1,2,2,0,4.2703,,,,,,unknown,unknown,,,,,,0,0,0,0,,,MSH2 p.Q4H,0,"criteria provided, single submitter",ClinVar,619517,clinvar
hybrid,MSH2,Q,R,510,7,19,12,2.7142857142857144,0.9985288301111273,133,1,0,12,5,17,11,23,2,2,4,4,6,6,0,0.333333,0.333333,0.0,0.333333,0.333333,0.0,2.0,1,1,0,7,19,12,7->19,1,1,1->1,0,0,0->0,146.15,174.2,28.049999999999983,28.049999999999983,-3.5,-4.5,-1.0,1.0,0,1,1,1,0,0,1,0->0,strong_hydrophilic,strong_hydrophilic,strong_hydrophilic->strong_hydrophilic,polar,basic,0,0->1,2,6,4,4.3415,,,,,,unknown,unknown,,,,,,0,0,0,0,,,MSH2 p.Q510R,0,"criteria provided, single submitter",ClinVar,3296209,clinvar
hybrid,MSH2,Q,P,510,7,17,10,2.4285714285714284,0.8873031950009027,119,1,0,10,5,13,11,19,2,4,4,2,6,6,0,0.333333,0.333333,0.0,0.333333,-0.333333,-0.666666,1.666667,1,5,4,7,17,10,7->17,1,1,1->1,0,0,0->0,146.15,115.13,-31.02000000000001,31.02000000000001,-3.5,-1.6,1.9,1.9,0,0,0,0,1,0,0,0->1,strong_hydrophilic,mild_hydrophilic,strong_hydrophilic->mild_hydrophilic,polar,special,0,0->0,2,4,2,5.0306,,,,,,unknown,unknown,,,,,,0,0,0,0,,,MSH2 p.Q510P,0,"criteria provided, single submitter",ClinVar,3398595,clinvar
hybrid,MSH2,Q,E,518,7,11,4,1.5714285714285714,0.4519851237430572,77,1,0,4,5,7,11,13,2,4,4,2,6,6,0,0.333333,0.333333,0.0,0.333333,-0.333333,-0.666666,0.666667,1,5,4,7,11,4,7->11,1,1,1->1,0,1,0->1,146.15,147.13,0.9799999999999898,0.9799999999999898,-3.5,-3.5,0.0,0.0,0,-1,-1,1,0,0,1,0->0,strong_hydrophilic,strong_hydrophilic,strong_hydrophilic->strong_hydrophilic,polar,acidic,0,0->-1,2,2,0,2.5294,,,,,,unknown,unknown,,,,,,0,0,0,0,,,MSH2 p.Q518E,0,"criteria provided, single submitter",ClinVar,2453457,clinvar
hybrid,MSH2,Q,H,518,7,13,6,1.8571428571428572,0.6190392084062235,91,1,0,6,5,11,11,17,2,2,4,4,6,6,0,0.333333,0.333333,0.0,0.333333,0.333333,0.0,1.0,1,1,0,7,13,6,7->13,1,1,1->1,0,0,0->0,146.15,155.16,9.009999999999991,9.009999999999991,-3.5,-3.2,0.2999999999999998,0.2999999999999998,0,1,1,1,0,1,1,0->0,strong_hydrophilic,strong_hydrophilic,strong_hydrophilic->strong_hydrophilic,polar,basic,0,0->1,2,2,0,4.2703,,,,,,unknown,unknown,,,,,,0,0,0,0,,,MSH2 p.Q518H,0,"criteria provided, single submitter",ClinVar,3913555,clinvar
hybrid,MSH2,Q,R,61,7,19,12,2.7142857142857144,0.9985288301111273,133,1,0,12,5,17,11,23,2,2,4,4,6,6,0,0.333333,0.333333,0.0,0.333333,0.333333,0.0,2.0,1,1,0,7,19,12,7->19,1,1,1->1,0,0,0->0,146.15,174.2,28.049999999999983,28.049999999999983,-3.5,-4.5,-1.0,1.0,0,1,1,1,0,0,1,0->0,strong_hydrophilic,strong_hydrophilic,strong_hydrophilic->strong_hydrophilic,polar,basic,0,0->1,2,6,4,4.3415,,,,,,unknown,unknown,,,,,,0,0,0,0,,,MSH2 p.Q61R,0,"criteria provided, single submitter",ClinVar,1780911,clinvar
hybrid,MSH2,Q,K,61,7,11,4,1.5714285714285714,0.4519851237430572,77,1,0,4,5,7,11,13,2,4,4,2,6,6,0,0.333333,0.333333,0.0,0.333333,-0.333333,-0.666666,0.666667,1,5,4,7,11,4,7->11,1,1,1->1,0,1,0->1,146.15,146.19,0.03999999999999204,0.03999999999999204,-3.5,-3.9,-0.3999999999999999,0.3999999999999999,0,1,1,1,0,0,1,0->0,strong_hydrophilic,strong_hydrophilic,strong_hydrophilic->strong_hydrophilic,polar,basic,0,0->1,2,2,0,2.9012,,,,,,unknown,unknown,,,,,,0,0,0,0,,,MSH2 p.Q61K,0,"criteria provided, single submitter",ClinVar,3913566,clinvar
hybrid,MSH2,Q,R,662,7,19,12,2.7142857142857144,0.9985288301111273,133,1,0,12,5,17,11,23,2,2,4,4,6,6,0,0.333333,0.333333,0.0,0.333333,0.333333,0.0,2.0,1,1,0,7,19,12,7->19,1,1,1->1,0,0,0->0,146.15,174.2,28.049999999999983,28.049999999999983,-3.5,-4.5,-1.0,1.0,0,1,1,1,0,0,1,0->0,strong_hydrophilic,strong_hydrophilic,strong_hydrophilic->strong_hydrophilic,polar,basic,0,0->1,2,6,4,4.3415,,,,,,unknown,unknown,,,,,,0,0,0,0,,,MSH2 p.Q662R,0,"criteria provided, single submitter",ClinVar,1783863,clinvar
hybrid,MSH2,Q,E,76,7,11,4,1.5714285714285714,0.4519851237430572,77,1,0,4,5,7,11,13,2,4,4,2,6,6,0,0.333333,0.333333,0.0,0.333333,-0.333333,-0.666666,0.666667,1,5,4,7,11,4,7->11,1,1,1->1,0,1,0->1,146.15,147.13,0.9799999999999898,0.9799999999999898,-3.5,-3.5,0.0,0.0,0,-1,-1,1,0,0,1,0->0,strong_hydrophilic,strong_hydrophilic,strong_hydrophilic->strong_hydrophilic,polar,acidic,0,0->-1,2,2,0,2.5294,,,,,,unknown,unknown,,,,,,0,0,0,0,,,MSH2 p.Q76E,0,"criteria provided, single submitter",ClinVar,3296229,clinvar
hybrid,MSH2,Q,H,76,7,13,6,1.8571428571428572,0.6190392084062235,91,1,0,6,5,11,11,17,2,2,4,4,6,6,0,0.333333,0.333333,0.0,0.333333,0.333333,0.0,1.0,1,1,0,7,13,6,7->13,1,1,1->1,0,0,0->0,146.15,155.16,9.009999999999991,9.009999999999991,-3.5,-3.2,0.2999999999999998,0.2999999999999998,0,1,1,1,0,1,1,0->0,strong_hydrophilic,strong_hydrophilic,strong_hydrophilic->strong_hydrophilic,polar,basic,0,0->1,2,2,0,4.2703,,,,,,unknown,unknown,,,,,,0,0,0,0,,,MSH2 p.Q76H,0,"criteria provided, single submitter",ClinVar,230330,clinvar
hybrid,MSH2,Q,E,879,7,11,4,1.5714285714285714,0.4519851237430572,77,1,0,4,5,7,11,13,2,4,4,2,6,6,0,0.333333,0.333333,0.0,0.333333,-0.333333,-0.666666,0.666667,1,5,4,7,11,4,7->11,1,1,1->1,0,1,0->1,146.15,147.13,0.9799999999999898,0.9799999999999898,-3.5,-3.5,0.0,0.0,0,-1,-1,1,0,0,1,0->0,strong_hydrophilic,strong_hydrophilic,strong_hydrophilic->strong_hydrophilic,polar,acidic,0,0->-1,2,2,0,2.5294,,,,,,unknown,unknown,,,,,,0,0,0,0,,,MSH2 p.Q879E,0,"criteria provided, single submitter",ClinVar,3230840,clinvar
hybrid,MSH2,Q,R,893,7,19,12,2.7142857142857144,0.9985288301111273,133,1,0,12,5,17,11,23,2,2,4,4,6,6,0,0.333333,0.333333,0.0,0.333333,0.333333,0.0,2.0,1,1,0,7,19,12,7->19,1,1,1->1,0,0,0->0,146.15,174.2,28.049999999999983,28.049999999999983,-3.5,-4.5,-1.0,1.0,0,1,1,1,0,0,1,0->0,strong_hydrophilic,strong_hydrophilic,strong_hydrophilic->strong_hydrophilic,polar,basic,0,0->1,2,6,4,4.3415,,,,,,unknown,unknown,,,,,,0,0,0,0,,,MSH2 p.Q893R,0,"criteria provided, single submitter",ClinVar,2447342,clinvar
hybrid,MSH2,Q,P,893,7,17,10,2.4285714285714284,0.8873031950009027,119,1,0,10,5,13,11,19,2,4,4,2,6,6,0,0.333333,0.333333,0.0,0.333333,-0.333333,-0.666666,1.666667,1,5,4,7,17,10,7->17,1,1,1->1,0,0,0->0,146.15,115.13,-31.02000000000001,31.02000000000001,-3.5,-1.6,1.9,1.9,0,0,0,0,1,0,0,0->1,strong_hydrophilic,mild_hydrophilic,strong_hydrophilic->mild_hydrophilic,polar,special,0,0->0,2,4,2,5.0306,,,,,,unknown,unknown,,,,,,0,0,0,0,,,MSH2 p.Q893P,0,"criteria provided, single submitter",ClinVar,3913581,clinvar
hybrid,MSH2,E,A,198,11,13,2,1.1818181818181819,0.16705408466316624,143,1,0,2,7,11,13,17,4,2,2,4,6,6,0,0.333333,0.333333,0.0,-0.333333,0.333333,0.666666,0.333333,5,1,-4,11,13,2,11->13,1,1,1->1,1,0,1->0,147.13,89.09,-58.03999999999999,58.03999999999999,-3.5,1.8,5.3,5.3,-1,0,1,1,1,0,0,0->1,strong_hydrophilic,mild_hydrophobic,strong_hydrophilic->mild_hydrophobic,acidic,small_nonpolar,0,-1->0,2,4,2,10.7412,,,,,,unknown,unknown,,,,,,0,0,0,0,,,MSH2 p.E198A,1,"criteria provided, single submitter",ClinVar,1750605,clinvar
hybrid,MSH2,E,D,205,11,11,0,1.0,0.0,121,0,0,0,7,7,13,13,4,4,2,2,6,6,0,0.333333,0.333333,0.0,-0.333333,-0.333333,0.0,0.0,5,5,0,11,11,0,11->11,1,1,1->1,1,1,1->1,147.13,133.1,-14.030000000000001,14.030000000000001,-3.5,-3.5,0.0,0.0,-1,-1,0,0,0,0,1,0->0,strong_hydrophilic,strong_hydrophilic,strong_hydrophilic->strong_hydrophilic,acidic,acidic,1,-1->-1,2,2,0,0.4209,,,,,,unknown,unknown,,,,,,0,0,0,0,,,MSH2 p.E205D,0,"criteria provided, single submitter",ClinVar,1751947,clinvar
hybrid,MSH2,E,K,226,11,11,0,1.0,0.0,121,0,0,0,7,7,13,13,4,4,2,2,6,6,0,0.333333,0.333333,0.0,-0.333333,-0.333333,0.0,0.0,5,5,0,11,11,0,11->11,1,1,1->1,1,1,1->1,147.13,146.19,-0.9399999999999977,0.9399999999999977,-3.5,-3.9,-0.3999999999999999,0.3999999999999999,-1,1,2,2,0,0,1,0->0,strong_hydrophilic,strong_hydrophilic,strong_hydrophilic->strong_hydrophilic,acidic,basic,0,-1->1,2,2,0,4.4282,,,,,,unknown,unknown,,,,,,0,0,0,0,,,MSH2 p.E226K,0,"criteria provided, single submitter",ClinVar,1755344,clinvar
hybrid,MSH2,E,A,28,11,13,2,1.1818181818181819,0.16705408466316624,143,1,0,2,7,11,13,17,4,2,2,4,6,6,0,0.333333,0.333333,0.0,-0.333333,0.333333,0.666666,0.333333,5,1,-4,11,13,2,11->13,1,1,1->1,1,0,1->0,147.13,89.09,-58.03999999999999,58.03999999999999,-3.5,1.8,5.3,5.3,-1,0,1,1,1,0,0,0->1,strong_hydrophilic,mild_hydrophobic,strong_hydrophilic->mild_hydrophobic,acidic,small_nonpolar,0,-1->0,2,4,2,10.7412,,,,,,unknown,unknown,,,,,,0,0,0,0,,,MSH2 p.E28A,0,"criteria provided, single submitter",ClinVar,2453462,clinvar
hybrid,MSH2,E,D,371,11,11,0,1.0,0.0,121,0,0,0,7,7,13,13,4,4,2,2,6,6,0,0.333333,0.333333,0.0,-0.333333,-0.333333,0.0,0.0,5,5,0,11,11,0,11->11,1,1,1->1,1,1,1->1,147.13,133.1,-14.030000000000001,14.030000000000001,-3.5,-3.5,0.0,0.0,-1,-1,0,0,0,0,1,0->0,strong_hydrophilic,strong_hydrophilic,strong_hydrophilic->strong_hydrophilic,acidic,acidic,1,-1->-1,2,2,0,0.4209,,,,,,unknown,unknown,,,,,,0,0,0,0,,,MSH2 p.E371D,0,"criteria provided, single submitter",ClinVar,1795591,clinvar
hybrid,MSH2,E,A,378,11,13,2,1.1818181818181819,0.16705408466316624,143,1,0,2,7,11,13,17,4,2,2,4,6,6,0,0.333333,0.333333,0.0,-0.333333,0.333333,0.666666,0.333333,5,1,-4,11,13,2,11->13,1,1,1->1,1,0,1->0,147.13,89.09,-58.03999999999999,58.03999999999999,-3.5,1.8,5.3,5.3,-1,0,1,1,1,0,0,0->1,strong_hydrophilic,mild_hydrophobic,strong_hydrophilic->mild_hydrophobic,acidic,small_nonpolar,0,-1->0,2,4,2,10.7412,,,,,,unknown,unknown,,,,,,0,0,0,0,,,MSH2 p.E378A,0,"criteria provided, single submitter",ClinVar,231853,clinvar
hybrid,MSH2,E,Q,422,11,7,4,0.6363636363636364,-0.45198512374305727,77,0,1,4,7,5,13,11,4,2,2,4,6,6,0,0.333333,0.333333,0.0,-0.333333,0.333333,0.666666,0.666667,5,1,-4,11,7,-4,11->7,1,1,1->1,1,0,1->0,147.13,146.15,-0.9799999999999898,0.9799999999999898,-3.5,-3.5,0.0,0.0,-1,0,1,1,0,0,1,0->0,strong_hydrophilic,strong_hydrophilic,strong_hydrophilic->strong_hydrophilic,acidic,polar,0,-1->0,2,2,0,2.5294,,,,,,unknown,unknown,,,,,,0,0,0,0,,,MSH2 p.E422Q,0,"criteria provided, single submitter",ClinVar,3296233,clinvar
hybrid,MSH2,E,A,455,11,13,2,1.1818181818181819,0.16705408466316624,143,1,0,2,7,11,13,17,4,2,2,4,6,6,0,0.333333,0.333333,0.0,-0.333333,0.333333,0.666666,0.333333,5,1,-4,11,13,2,11->13,1,1,1->1,1,0,1->0,147.13,89.09,-58.03999999999999,58.03999999999999,-3.5,1.8,5.3,5.3,-1,0,1,1,1,0,0,0->1,strong_hydrophilic,mild_hydrophobic,strong_hydrophilic->mild_hydrophobic,acidic,small_nonpolar,0,-1->0,2,4,2,10.7412,,,,,,unknown,unknown,,,,,,0,0,0,0,,,MSH2 p.E455A,0,"criteria provided, single submitter",ClinVar,2567740,clinvar
hybrid,MSH2,E,G,455,11,13,2,1.1818181818181819,0.16705408466316624,143,1,0,2,7,11,13,17,4,2,2,4,6,6,0,0.333333,0.333333,0.0,-0.333333,0.333333,0.666666,0.333333,5,1,-4,11,13,2,11->13,1,1,1->1,1,0,1->0,147.13,75.07,-72.06,72.06,-3.5,-0.4,3.1,3.1,-1,0,1,1,1,0,0,0->1,strong_hydrophilic,mild_hydrophilic,strong_hydrophilic->mild_hydrophilic,acidic,small_nonpolar,0,-1->0,2,4,2,8.9618,,,,,,unknown,unknown,,,,,,0,0,0,0,,,MSH2 p.E455G,0,"criteria provided, single submitter",ClinVar,2567762,clinvar
hybrid,MSH2,E,Q,48,11,7,4,0.6363636363636364,-0.45198512374305727,77,0,1,4,7,5,13,11,4,2,2,4,6,6,0,0.333333,0.333333,0.0,-0.333333,0.333333,0.666666,0.666667,5,1,-4,11,7,-4,11->7,1,1,1->1,1,0,1->0,147.13,146.15,-0.9799999999999898,0.9799999999999898,-3.5,-3.5,0.0,0.0,-1,0,1,1,0,0,1,0->0,strong_hydrophilic,strong_hydrophilic,strong_hydrophilic->strong_hydrophilic,acidic,polar,0,-1->0,2,2,0,2.5294,,,,,,unknown,unknown,,,,,,0,0,0,0,,,MSH2 p.E48Q,0,"criteria provided, single submitter",ClinVar,1772475,clinvar
hybrid,MSH2,E,G,56,11,13,2,1.1818181818181819,0.16705408466316624,143,1,0,2,7,11,13,17,4,2,2,4,6,6,0,0.333333,0.333333,0.0,-0.333333,0.333333,0.666666,0.333333,5,1,-4,11,13,2,11->13,1,1,1->1,1,0,1->0,147.13,75.07,-72.06,72.06,-3.5,-0.4,3.1,3.1,-1,0,1,1,1,0,0,0->1,strong_hydrophilic,mild_hydrophilic,strong_hydrophilic->mild_hydrophilic,acidic,small_nonpolar,0,-1->0,2,4,2,8.9618,,,,,,unknown,unknown,,,,,,0,0,0,0,,,MSH2 p.E56G,0,"criteria provided, single submitter",ClinVar,3230817,clinvar
hybrid,MSH2,E,K,571,11,11,0,1.0,0.0,121,0,0,0,7,7,13,13,4,4,2,2,6,6,0,0.333333,0.333333,0.0,-0.333333,-0.333333,0.0,0.0,5,5,0,11,11,0,11->11,1,1,1->1,1,1,1->1,147.13,146.19,-0.9399999999999977,0.9399999999999977,-3.5,-3.9,-0.3999999999999999,0.3999999999999999,-1,1,2,2,0,0,1,0->0,strong_hydrophilic,strong_hydrophilic,strong_hydrophilic->strong_hydrophilic,acidic,basic,0,-1->1,2,2,0,4.4282,,,,,,unknown,unknown,,,,,,0,0,0,0,,,MSH2 p.E571K,0,"criteria provided, single submitter",ClinVar,2445291,clinvar
hybrid,MSH2,E,K,701,11,11,0,1.0,0.0,121,0,0,0,7,7,13,13,4,4,2,2,6,6,0,0.333333,0.333333,0.0,-0.333333,-0.333333,0.0,0.0,5,5,0,11,11,0,11->11,1,1,1->1,1,1,1->1,147.13,146.19,-0.9399999999999977,0.9399999999999977,-3.5,-3.9,-0.3999999999999999,0.3999999999999999,-1,1,2,2,0,0,1,0->0,strong_hydrophilic,strong_hydrophilic,strong_hydrophilic->strong_hydrophilic,acidic,basic,0,-1->1,2,2,0,4.4282,,,,,,unknown,unknown,,,,,,0,0,0,0,,,MSH2 p.E701K,0,"criteria provided, single submitter",ClinVar,2734197,clinvar
hybrid,MSH2,E,G,749,11,13,2,1.1818181818181819,0.16705408466316624,143,1,0,2,7,11,13,17,4,2,2,4,6,6,0,0.333333,0.333333,0.0,-0.333333,0.333333,0.666666,0.333333,5,1,-4,11,13,2,11->13,1,1,1->1,1,0,1->0,147.13,75.07,-72.06,72.06,-3.5,-0.4,3.1,3.1,-1,0,1,1,1,0,0,0->1,strong_hydrophilic,mild_hydrophilic,strong_hydrophilic->mild_hydrophilic,acidic,small_nonpolar,0,-1->0,2,4,2,8.9618,,,,,,unknown,unknown,,,,,,0,0,0,0,,,MSH2 p.E749G,1,"criteria provided, single submitter",ClinVar,2674579,clinvar
hybrid,MSH2,E,D,7,11,11,0,1.0,0.0,121,0,0,0,7,7,13,13,4,4,2,2,6,6,0,0.333333,0.333333,0.0,-0.333333,-0.333333,0.0,0.0,5,5,0,11,11,0,11->11,1,1,1->1,1,1,1->1,147.13,133.1,-14.030000000000001,14.030000000000001,-3.5,-3.5,0.0,0.0,-1,-1,0,0,0,0,1,0->0,strong_hydrophilic,strong_hydrophilic,strong_hydrophilic->strong_hydrophilic,acidic,acidic,1,-1->-1,2,2,0,0.4209,,,,,,unknown,unknown,,,,,,0,0,0,0,,,MSH2 p.E7D,0,"criteria provided, single submitter",ClinVar,3296217,clinvar
hybrid,MSH2,E,Q,86,11,7,4,0.6363636363636364,-0.45198512374305727,77,0,1,4,7,5,13,11,4,2,2,4,6,6,0,0.333333,0.333333,0.0,-0.333333,0.333333,0.666666,0.666667,5,1,-4,11,7,-4,11->7,1,1,1->1,1,0,1->0,147.13,146.15,-0.9799999999999898,0.9799999999999898,-3.5,-3.5,0.0,0.0,-1,0,1,1,0,0,1,0->0,strong_hydrophilic,strong_hydrophilic,strong_hydrophilic->strong_hydrophilic,acidic,polar,0,-1->0,2,2,0,2.5294,,,,,,unknown,unknown,,,,,,0,0,0,0,,,MSH2 p.E86Q,0,"criteria provided, single submitter",ClinVar,2778099,clinvar
hybrid,MSH2,E,D,886,11,11,0,1.0,0.0,121,0,0,0,7,7,13,13,4,4,2,2,6,6,0,0.333333,0.333333,0.0,-0.333333,-0.333333,0.0,0.0,5,5,0,11,11,0,11->11,1,1,1->1,1,1,1->1,147.13,133.1,-14.030000000000001,14.030000000000001,-3.5,-3.5,0.0,0.0,-1,-1,0,0,0,0,1,0->0,strong_hydrophilic,strong_hydrophilic,strong_hydrophilic->strong_hydrophilic,acidic,acidic,1,-1->-1,2,2,0,0.4209,,,,,,unknown,unknown,,,,,,0,0,0,0,,,MSH2 p.E886D,0,"criteria provided, single submitter",ClinVar,4652698,clinvar
hybrid,MSH2,E,V,886,11,19,8,1.7272727272727273,0.5465437063680699,209,1,0,8,7,17,13,23,4,2,2,4,6,6,0,0.333333,0.333333,0.0,-0.333333,0.333333,0.666666,1.333333,5,1,-4,11,19,8,11->19,1,1,1->1,1,0,1->0,147.13,117.15,-29.97999999999999,29.97999999999999,-3.5,4.2,7.7,7.7,-1,0,1,1,1,0,0,0->1,strong_hydrophilic,strong_hydrophobic,strong_hydrophilic->strong_hydrophobic,acidic,hydrophobic,0,-1->0,2,4,2,12.2994,,,,,,unknown,unknown,,,,,,0,0,0,0,,,MSH2 p.E886V,0,"criteria provided, single submitter",ClinVar,1794396,clinvar
hybrid,MSH2,E,G,925,11,13,2,1.1818181818181819,0.16705408466316624,143,1,0,2,7,11,13,17,4,2,2,4,6,6,0,0.333333,0.333333,0.0,-0.333333,0.333333,0.666666,0.333333,5,1,-4,11,13,2,11->13,1,1,1->1,1,0,1->0,147.13,75.07,-72.06,72.06,-3.5,-0.4,3.1,3.1,-1,0,1,1,1,0,0,0->1,strong_hydrophilic,mild_hydrophilic,strong_hydrophilic->mild_hydrophilic,acidic,small_nonpolar,0,-1->0,2,4,2,8.9618,,,,,,unknown,unknown,,,,,,0,0,0,0,,,MSH2 p.E925G,0,"criteria provided, single submitter",ClinVar,3296231,clinvar
hybrid,MSH2,G,R,149,13,19,6,1.4615384615384615,0.3794896217049037,247,1,0,6,11,17,17,23,2,2,4,4,6,6,0,0.333333,0.333333,0.0,0.333333,0.333333,0.0,1.0,1,1,0,13,19,6,13->19,1,1,1->1,0,0,0->0,75.07,174.2,99.13,99.13,-0.4,-4.5,-4.1,4.1,0,1,1,1,1,0,0,1->0,mild_hydrophilic,strong_hydrophilic,mild_hydrophilic->strong_hydrophilic,small_nonpolar,basic,0,0->1,4,6,2,10.7739,,,,,,unknown,unknown,,,,,,0,0,0,0,,,MSH2 p.G149R,1,"criteria provided, single submitter",ClinVar,1740769,clinvar
hybrid,MSH2,G,A,18,13,13,0,1.0,0.0,169,0,0,0,11,11,17,17,2,2,4,4,6,6,0,0.333333,0.333333,0.0,0.333333,0.333333,0.0,0.0,1,1,0,13,13,0,13->13,1,1,1->1,0,0,0->0,75.07,89.09,14.02000000000001,14.02000000000001,-0.4,1.8,2.2,2.2,0,0,0,0,0,0,1,1->1,mild_hydrophilic,mild_hydrophobic,mild_hydrophilic->mild_hydrophobic,small_nonpolar,small_nonpolar,1,0->0,4,4,0,2.6206,,,,,,unknown,unknown,,,,,,0,0,0,0,,,MSH2 p.G18A,0,"criteria provided, single submitter",ClinVar,2587526,clinvar
hybrid,MSH2,G,R,18,13,19,6,1.4615384615384615,0.3794896217049037,247,1,0,6,11,17,17,23,2,2,4,4,6,6,0,0.333333,0.333333,0.0,0.333333,0.333333,0.0,1.0,1,1,0,13,19,6,13->19,1,1,1->1,0,0,0->0,75.07,174.2,99.13,99.13,-0.4,-4.5,-4.1,4.1,0,1,1,1,1,0,0,1->0,mild_hydrophilic,strong_hydrophilic,mild_hydrophilic->strong_hydrophilic,small_nonpolar,basic,0,0->1,4,6,2,10.7739,,,,,,unknown,unknown,,,,,,0,0,0,0,,,MSH2 p.G18R,0,"criteria provided, single submitter",ClinVar,2567752,clinvar
hybrid,MSH2,G,S,18,13,17,4,1.3076923076923077,0.26826398659467937,221,1,0,4,11,13,17,19,2,4,4,2,6,6,0,0.333333,0.333333,0.0,0.333333,-0.333333,-0.666666,0.666667,1,5,4,13,17,4,13->17,1,1,1->1,0,0,0->0,75.07,105.09,30.02000000000001,30.02000000000001,-0.4,-0.8,-0.4,0.4,0,0,0,0,1,0,0,1->0,mild_hydrophilic,mild_hydrophilic,mild_hydrophilic->mild_hydrophilic,small_nonpolar,polar,0,0->0,4,6,2,3.5006,,,,,,unknown,unknown,,,,,,0,0,0,0,,,MSH2 p.G18S,0,"criteria provided, single submitter",ClinVar,3230848,clinvar
hybrid,MSH2,G,R,195,13,19,6,1.4615384615384615,0.3794896217049037,247,1,0,6,11,17,17,23,2,2,4,4,6,6,0,0.333333,0.333333,0.0,0.333333,0.333333,0.0,1.0,1,1,0,13,19,6,13->19,1,1,1->1,0,0,0->0,75.07,174.2,99.13,99.13,-0.4,-4.5,-4.1,4.1,0,1,1,1,1,0,0,1->0,mild_hydrophilic,strong_hydrophilic,mild_hydrophilic->strong_hydrophilic,small_nonpolar,basic,0,0->1,4,6,2,10.7739,,,,,,unknown,unknown,,,,,,0,0,0,0,,,MSH2 p.G195R,0,"criteria provided, single submitter",ClinVar,2567768,clinvar
hybrid,MSH2,G,A,247,13,13,0,1.0,0.0,169,0,0,0,11,11,17,17,2,2,4,4,6,6,0,0.333333,0.333333,0.0,0.333333,0.333333,0.0,0.0,1,1,0,13,13,0,13->13,1,1,1->1,0,0,0->0,75.07,89.09,14.02000000000001,14.02000000000001,-0.4,1.8,2.2,2.2,0,0,0,0,0,0,1,1->1,mild_hydrophilic,mild_hydrophobic,mild_hydrophilic->mild_hydrophobic,small_nonpolar,small_nonpolar,1,0->0,4,4,0,2.6206,,,,,,unknown,unknown,,,,,,0,0,0,0,,,MSH2 p.G247A,0,"criteria provided, single submitter",ClinVar,3913577,clinvar
hybrid,MSH2,G,D,338,13,11,2,0.8461538461538461,-0.1670540846631662,143,0,1,2,11,7,17,13,2,4,4,2,6,6,0,0.333333,0.333333,0.0,0.333333,-0.333333,-0.666666,0.333333,1,5,4,13,11,-2,13->11,1,1,1->1,0,1,0->1,75.07,133.1,58.03,58.03,-0.4,-3.5,-3.1,3.1,0,-1,-1,1,1,0,0,1->0,mild_hydrophilic,strong_hydrophilic,mild_hydrophilic->strong_hydrophilic,small_nonpolar,acidic,0,0->-1,4,2,-2,8.5409,,,,,,unknown,unknown,,,,,,0,0,0,0,,,MSH2 p.G338D,1,"criteria provided, single submitter",ClinVar,1734968,clinvar
hybrid,MSH2,G,R,47,13,19,6,1.4615384615384615,0.3794896217049037,247,1,0,6,11,17,17,23,2,2,4,4,6,6,0,0.333333,0.333333,0.0,0.333333,0.333333,0.0,1.0,1,1,0,13,19,6,13->19,1,1,1->1,0,0,0->0,75.07,174.2,99.13,99.13,-0.4,-4.5,-4.1,4.1,0,1,1,1,1,0,0,1->0,mild_hydrophilic,strong_hydrophilic,mild_hydrophilic->strong_hydrophilic,small_nonpolar,basic,0,0->1,4,6,2,10.7739,,,,,,unknown,unknown,,,,,,0,0,0,0,,,MSH2 p.G47R,0,"criteria provided, single submitter",ClinVar,1991825,clinvar
hybrid,MSH2,G,C,587,13,5,8,0.38461538461538464,-0.9555114450274363,65,0,1,8,11,3,17,7,2,2,4,2,6,4,-2,0.333333,0.5,0.166667,0.333333,0.0,-0.333333,1.6,1,5,4,13,5,-8,13->5,1,1,1->1,0,1,0->1,75.07,121.16,46.09,46.09,-0.4,2.5,2.9,2.9,0,0,0,0,1,0,0,1->0,mild_hydrophilic,strong_hydrophobic,mild_hydrophilic->strong_hydrophobic,small_nonpolar,special,0,0->0,4,2,-2,6.4827,,,,,,unknown,unknown,,,,,,0,0,0,0,,,MSH2 p.G587C,1,"criteria provided, single submitter",ClinVar,428463,clinvar
hybrid,MSH2,G,R,614,13,19,6,1.4615384615384615,0.3794896217049037,247,1,0,6,11,17,17,23,2,2,4,4,6,6,0,0.333333,0.333333,0.0,0.333333,0.333333,0.0,1.0,1,1,0,13,19,6,13->19,1,1,1->1,0,0,0->0,75.07,174.2,99.13,99.13,-0.4,-4.5,-4.1,4.1,0,1,1,1,1,0,0,1->0,mild_hydrophilic,strong_hydrophilic,mild_hydrophilic->strong_hydrophilic,small_nonpolar,basic,0,0->1,4,6,2,10.7739,,,,,,unknown,unknown,,,,,,0,0,0,0,,,MSH2 p.G614R,0,"criteria provided, single submitter",ClinVar,1447487,clinvar
hybrid,MSH2,G,V,62,13,19,6,1.4615384615384615,0.3794896217049037,247,1,0,6,11,17,17,23,2,2,4,4,6,6,0,0.333333,0.333333,0.0,0.333333,0.333333,0.0,1.0,1,1,0,13,19,6,13->19,1,1,1->1,0,0,0->0,75.07,117.15,42.08000000000001,42.08000000000001,-0.4,4.2,4.6000000000000005,4.6000000000000005,0,0,0,0,0,0,1,1->1,mild_hydrophilic,strong_hydrophobic,mild_hydrophilic->strong_hydrophobic,small_nonpolar,hydrophobic,0,0->0,4,4,0,6.8624,,,,,,unknown,unknown,,,,,,0,0,0,0,,,MSH2 p.G62V,0,"criteria provided, single submitter",ClinVar,1781482,clinvar
hybrid,MSH2,G,R,630,13,19,6,1.4615384615384615,0.3794896217049037,247,1,0,6,11,17,17,23,2,2,4,4,6,6,0,0.333333,0.333333,0.0,0.333333,0.333333,0.0,1.0,1,1,0,13,19,6,13->19,1,1,1->1,0,0,0->0,75.07,174.2,99.13,99.13,-0.4,-4.5,-4.1,4.1,0,1,1,1,1,0,0,1->0,mild_hydrophilic,strong_hydrophilic,mild_hydrophilic->strong_hydrophilic,small_nonpolar,basic,0,0->1,4,6,2,10.7739,,,,,,unknown,unknown,,,,,,0,0,0,0,,,MSH2 p.G630R,0,"criteria provided, single submitter",ClinVar,486885,clinvar
hybrid,MSH2,G,V,674,13,19,6,1.4615384615384615,0.3794896217049037,247,1,0,6,11,17,17,23,2,2,4,4,6,6,0,0.333333,0.333333,0.0,0.333333,0.333333,0.0,1.0,1,1,0,13,19,6,13->19,1,1,1->1,0,0,0->0,75.07,117.15,42.08000000000001,42.08000000000001,-0.4,4.2,4.6000000000000005,4.6000000000000005,0,0,0,0,0,0,1,1->1,mild_hydrophilic,strong_hydrophobic,mild_hydrophilic->strong_hydrophobic,small_nonpolar,hydrophobic,0,0->0,4,4,0,6.8624,,,,,,unknown,unknown,,,,,,0,0,0,0,,,MSH2 p.G674V,1,"criteria provided, single submitter",ClinVar,1784570,clinvar
hybrid,MSH2,G,S,715,13,17,4,1.3076923076923077,0.26826398659467937,221,1,0,4,11,13,17,19,2,4,4,2,6,6,0,0.333333,0.333333,0.0,0.333333,-0.333333,-0.666666,0.666667,1,5,4,13,17,4,13->17,1,1,1->1,0,0,0->0,75.07,105.09,30.02000000000001,30.02000000000001,-0.4,-0.8,-0.4,0.4,0,0,0,0,1,0,0,1->0,mild_hydrophilic,mild_hydrophilic,mild_hydrophilic->mild_hydrophilic,small_nonpolar,polar,0,0->0,4,6,2,3.5006,,,,,,unknown,unknown,,,,,,0,0,0,0,,,MSH2 p.G715S,0,"criteria provided, single submitter",ClinVar,4799769,clinvar
hybrid,MSH2,H,R,665,13,19,6,1.4615384615384615,0.3794896217049037,247,1,0,6,11,17,17,23,2,2,4,4,6,6,0,0.333333,0.333333,0.0,0.333333,0.333333,0.0,1.0,1,1,0,13,19,6,13->19,1,1,1->1,0,0,0->0,155.16,174.2,19.039999999999992,19.039999999999992,-3.2,-4.5,-1.2999999999999998,1.2999999999999998,1,1,0,0,0,1,1,0->0,strong_hydrophilic,strong_hydrophilic,strong_hydrophilic->strong_hydrophilic,basic,basic,1,1->1,2,6,4,3.0712,,,,,,unknown,unknown,,,,,,0,0,0,0,,,MSH2 p.H665R,0,"criteria provided, single submitter",ClinVar,3230825,clinvar
hybrid,MSH2,H,L,665,13,23,10,1.7692307692307692,0.5705448584676129,299,1,0,10,11,19,17,29,2,4,4,6,6,10,4,0.333333,0.2,-0.133333,0.333333,0.2,-0.133333,1.25,1,5,4,13,23,10,13->23,1,0,1->0,0,1,0->1,155.16,131.18,-23.97999999999999,23.97999999999999,-3.2,3.8,7.0,7.0,1,0,-1,1,1,1,0,0->1,strong_hydrophilic,strong_hydrophobic,strong_hydrophilic->strong_hydrophobic,basic,hydrophobic,0,1->0,2,6,4,12.6194,,,,,,unknown,unknown,,,,,,0,0,0,0,,,MSH2 p.H665L,0,"criteria provided, single submitter",ClinVar,4111039,clinvar
hybrid,MSH2,H,D,785,13,11,2,0.8461538461538461,-0.1670540846631662,143,0,1,2,11,7,17,13,2,4,4,2,6,6,0,0.333333,0.333333,0.0,0.333333,-0.333333,-0.666666,0.333333,1,5,4,13,11,-2,13->11,1,1,1->1,0,1,0->1,155.16,133.1,-22.060000000000002,22.060000000000002,-3.2,-3.5,-0.2999999999999998,0.2999999999999998,1,-1,-2,2,0,1,1,0->0,strong_hydrophilic,strong_hydrophilic,strong_hydrophilic->strong_hydrophilic,basic,acidic,0,1->-1,2,2,0,6.1618,,,,,,unknown,unknown,,,,,,0,0,0,0,,,MSH2 p.H785D,0,"criteria provided, single submitter",ClinVar,2453482,clinvar
hybrid,MSH2,I,F,145,17,17,0,1.0,0.0,289,0,0,0,13,13,19,19,4,4,2,2,6,6,0,0.333333,0.333333,0.0,-0.333333,-0.333333,0.0,0.0,5,5,0,17,17,0,17->17,1,1,1->1,0,0,0->0,131.18,165.19,34.00999999999999,34.00999999999999,4.5,2.8,-1.7000000000000002,1.7000000000000002,0,0,0,0,0,1,1,1->1,strong_hydrophobic,strong_hydrophobic,strong_hydrophobic->strong_hydrophobic,hydrophobic,aromatic,0,0->0,3,2,-1,4.9203,,,,,,unknown,unknown,,,,,,0,0,0,0,,,MSH2 p.I145F,0,"criteria provided, single submitter",ClinVar,3398594,clinvar
hybrid,MSH2,I,N,194,17,7,10,0.4117647058823529,-0.8873031950009028,119,0,1,10,13,5,19,11,4,2,2,4,6,6,0,0.333333,0.333333,0.0,-0.333333,0.333333,0.666666,1.666667,5,1,-4,17,7,-10,17->7,1,1,1->1,0,0,0->0,131.18,132.12,0.9399999999999977,0.9399999999999977,4.5,-3.5,-8.0,8.0,0,0,0,0,1,0,0,1->0,strong_hydrophobic,strong_hydrophilic,strong_hydrophobic->strong_hydrophilic,hydrophobic,polar,0,0->0,3,2,-1,10.2282,,,,,,unknown,unknown,,,,,,0,0,0,0,,,MSH2 p.I194N,0,"criteria provided, single submitter",ClinVar,3230849,clinvar
hybrid,MSH2,I,V,217,17,19,2,1.1176470588235294,0.1112256351102244,323,1,0,2,13,17,19,23,4,2,2,4,6,6,0,0.333333,0.333333,0.0,-0.333333,0.333333,0.666666,0.333333,5,1,-4,17,19,2,17->19,1,1,1->1,0,0,0->0,131.18,117.15,-14.030000000000001,14.030000000000001,4.5,4.2,-0.2999999999999998,0.2999999999999998,0,0,0,0,0,0,1,1->1,strong_hydrophobic,strong_hydrophobic,strong_hydrophobic->strong_hydrophobic,hydrophobic,hydrophobic,1,0->0,3,4,1,0.7209,,,,,,unknown,unknown,,,,,,0,0,0,0,,,MSH2 p.I217V,0,"criteria provided, single submitter",ClinVar,1469992,clinvar
hybrid,MSH2,I,F,222,17,17,0,1.0,0.0,289,0,0,0,13,13,19,19,4,4,2,2,6,6,0,0.333333,0.333333,0.0,-0.333333,-0.333333,0.0,0.0,5,5,0,17,17,0,17->17,1,1,1->1,0,0,0->0,131.18,165.19,34.00999999999999,34.00999999999999,4.5,2.8,-1.7000000000000002,1.7000000000000002,0,0,0,0,0,1,1,1->1,strong_hydrophobic,strong_hydrophobic,strong_hydrophobic->strong_hydrophobic,hydrophobic,aromatic,0,0->0,3,2,-1,4.9203,,,,,,unknown,unknown,,,,,,0,0,0,0,,,MSH2 p.I222F,0,"criteria provided, single submitter",ClinVar,4111061,clinvar
hybrid,MSH2,I,F,237,17,17,0,1.0,0.0,289,0,0,0,13,13,19,19,4,4,2,2,6,6,0,0.333333,0.333333,0.0,-0.333333,-0.333333,0.0,0.0,5,5,0,17,17,0,17->17,1,1,1->1,0,0,0->0,131.18,165.19,34.00999999999999,34.00999999999999,4.5,2.8,-1.7000000000000002,1.7000000000000002,0,0,0,0,0,1,1,1->1,strong_hydrophobic,strong_hydrophobic,strong_hydrophobic->strong_hydrophobic,hydrophobic,aromatic,0,0->0,3,2,-1,4.9203,,,,,,unknown,unknown,,,,,,0,0,0,0,,,MSH2 p.I237F,0,"criteria provided, single submitter",ClinVar,3230853,clinvar
hybrid,MSH2,I,M,304,17,11,6,0.6470588235294118,-0.4353180712578455,187,0,1,6,13,7,19,13,4,4,2,2,6,6,0,0.333333,0.333333,0.0,-0.333333,-0.333333,0.0,1.0,5,5,0,17,11,-6,17->11,1,1,1->1,0,1,0->1,131.18,149.21,18.03,18.03,4.5,1.9,-2.6,2.6,0,0,0,0,0,0,0,1->0,strong_hydrophobic,mild_hydrophobic,strong_hydrophobic->mild_hydrophobic,hydrophobic,hydrophobic,1,0->0,3,1,-2,3.1409,,,,,,unknown,unknown,,,,,,0,0,0,0,,,MSH2 p.I304M,0,"criteria provided, single submitter",ClinVar,3913545,clinvar
hybrid,MSH2,I,R,411,17,19,2,1.1176470588235294,0.1112256351102244,323,1,0,2,13,17,19,23,4,2,2,4,6,6,0,0.333333,0.333333,0.0,-0.333333,0.333333,0.666666,0.333333,5,1,-4,17,19,2,17->19,1,1,1->1,0,0,0->0,131.18,174.2,43.01999999999998,43.01999999999998,4.5,-4.5,-9.0,9.0,0,1,1,1,1,0,0,1->0,strong_hydrophobic,strong_hydrophilic,strong_hydrophobic->strong_hydrophilic,hydrophobic,basic,0,0->1,3,6,3,13.9906,,,,,,unknown,unknown,,,,,,0,0,0,0,,,MSH2 p.I411R,1,"criteria provided, single submitter",ClinVar,1755986,clinvar
hybrid,MSH2,I,L,411,17,23,6,1.3529411764705883,0.3022808718729337,391,1,0,6,13,19,19,29,4,4,2,6,6,10,4,0.333333,0.2,-0.133333,-0.333333,0.2,0.533333,0.75,5,5,0,17,23,6,17->23,1,0,1->0,0,1,0->1,131.18,131.18,0.0,0.0,4.5,3.8,-0.7000000000000002,0.7000000000000002,0,0,0,0,0,0,1,1->1,strong_hydrophobic,strong_hydrophobic,strong_hydrophobic->strong_hydrophobic,hydrophobic,hydrophobic,1,0->0,3,6,3,0.7,,,,,,unknown,unknown,,,,,,0,0,0,0,,,MSH2 p.I411L,0,"criteria provided, single submitter",ClinVar,2863370,clinvar
hybrid,MSH2,I,K,454,17,11,6,0.6470588235294118,-0.4353180712578455,187,0,1,6,13,7,19,13,4,4,2,2,6,6,0,0.333333,0.333333,0.0,-0.333333,-0.333333,0.0,1.0,5,5,0,17,11,-6,17->11,1,1,1->1,0,1,0->1,131.18,146.19,15.009999999999991,15.009999999999991,4.5,-3.9,-8.4,8.4,0,1,1,1,1,0,0,1->0,strong_hydrophobic,strong_hydrophilic,strong_hydrophobic->strong_hydrophilic,hydrophobic,basic,0,0->1,3,2,-1,12.5503,,,,,,unknown,unknown,,,,,,0,0,0,0,,,MSH2 p.I454K,1,"criteria provided, single submitter",ClinVar,1770848,clinvar
hybrid,MSH2,I,T,511,17,17,0,1.0,0.0,289,0,0,0,13,13,19,19,4,4,2,2,6,6,0,0.333333,0.333333,0.0,-0.333333,-0.333333,0.0,0.0,5,5,0,17,17,0,17->17,1,1,1->1,0,0,0->0,131.18,119.12,-12.060000000000002,12.060000000000002,4.5,-0.7,-5.2,5.2,0,0,0,0,1,0,1,1->1,strong_hydrophobic,mild_hydrophilic,strong_hydrophobic->mild_hydrophilic,hydrophobic,polar,0,0->0,3,4,1,7.7618,,,,,,unknown,unknown,,,,,,0,0,0,0,,,MSH2 p.I511T,0,"criteria provided, single submitter",ClinVar,2567751,clinvar
hybrid,MSH2,I,F,544,17,17,0,1.0,0.0,289,0,0,0,13,13,19,19,4,4,2,2,6,6,0,0.333333,0.333333,0.0,-0.333333,-0.333333,0.0,0.0,5,5,0,17,17,0,17->17,1,1,1->1,0,0,0->0,131.18,165.19,34.00999999999999,34.00999999999999,4.5,2.8,-1.7000000000000002,1.7000000000000002,0,0,0,0,0,1,1,1->1,strong_hydrophobic,strong_hydrophobic,strong_hydrophobic->strong_hydrophobic,hydrophobic,aromatic,0,0->0,3,2,-1,4.9203,,,,,,unknown,unknown,,,,,,0,0,0,0,,,MSH2 p.I544F,0,"criteria provided, single submitter",ClinVar,3398589,clinvar
hybrid,MSH2,I,S,632,17,17,0,1.0,0.0,289,0,0,0,13,13,19,19,4,4,2,2,6,6,0,0.333333,0.333333,0.0,-0.333333,-0.333333,0.0,0.0,5,5,0,17,17,0,17->17,1,1,1->1,0,0,0->0,131.18,105.09,-26.090000000000003,26.090000000000003,4.5,-0.8,-5.3,5.3,0,0,0,0,1,0,0,1->0,strong_hydrophobic,mild_hydrophilic,strong_hydrophobic->mild_hydrophilic,hydrophobic,polar,0,0->0,3,6,3,8.2827,,,,,,unknown,unknown,,,,,,0,0,0,0,,,MSH2 p.I632S,0,"criteria provided, single submitter",ClinVar,1782145,clinvar
hybrid,MSH2,I,M,667,17,11,6,0.6470588235294118,-0.4353180712578455,187,0,1,6,13,7,19,13,4,4,2,2,6,6,0,0.333333,0.333333,0.0,-0.333333,-0.333333,0.0,1.0,5,5,0,17,11,-6,17->11,1,1,1->1,0,1,0->1,131.18,149.21,18.03,18.03,4.5,1.9,-2.6,2.6,0,0,0,0,0,0,0,1->0,strong_hydrophobic,mild_hydrophobic,strong_hydrophobic->mild_hydrophobic,hydrophobic,hydrophobic,1,0->0,3,1,-2,3.1409,,,,,,unknown,unknown,,,,,,0,0,0,0,,,MSH2 p.I667M,0,"criteria provided, single submitter",ClinVar,1784261,clinvar
hybrid,MSH2,I,L,685,17,23,6,1.3529411764705883,0.3022808718729337,391,1,0,6,13,19,19,29,4,4,2,6,6,10,4,0.333333,0.2,-0.133333,-0.333333,0.2,0.533333,0.75,5,5,0,17,23,6,17->23,1,0,1->0,0,1,0->1,131.18,131.18,0.0,0.0,4.5,3.8,-0.7000000000000002,0.7000000000000002,0,0,0,0,0,0,1,1->1,strong_hydrophobic,strong_hydrophobic,strong_hydrophobic->strong_hydrophobic,hydrophobic,hydrophobic,1,0->0,3,6,3,0.7,,,,,,unknown,unknown,,,,,,0,0,0,0,,,MSH2 p.I685L,0,"criteria provided, single submitter",ClinVar,4759161,clinvar
hybrid,MSH2,I,L,841,17,23,6,1.3529411764705883,0.3022808718729337,391,1,0,6,13,19,19,29,4,4,2,6,6,10,4,0.333333,0.2,-0.133333,-0.333333,0.2,0.533333,0.75,5,5,0,17,23,6,17->23,1,0,1->0,0,1,0->1,131.18,131.18,0.0,0.0,4.5,3.8,-0.7000000000000002,0.7000000000000002,0,0,0,0,0,0,1,1->1,strong_hydrophobic,strong_hydrophobic,strong_hydrophobic->strong_hydrophobic,hydrophobic,hydrophobic,1,0->0,3,6,3,0.7,,,,,,unknown,unknown,,,,,,0,0,0,0,,,MSH2 p.I841L,0,"criteria provided, single submitter",ClinVar,4111026,clinvar
hybrid,MSH2,I,L,857,17,23,6,1.3529411764705883,0.3022808718729337,391,1,0,6,13,19,19,29,4,4,2,6,6,10,4,0.333333,0.2,-0.133333,-0.333333,0.2,0.533333,0.75,5,5,0,17,23,6,17->23,1,0,1->0,0,1,0->1,131.18,131.18,0.0,0.0,4.5,3.8,-0.7000000000000002,0.7000000000000002,0,0,0,0,0,0,1,1->1,strong_hydrophobic,strong_hydrophobic,strong_hydrophobic->strong_hydrophobic,hydrophobic,hydrophobic,1,0->0,3,6,3,0.7,,,,,,unknown,unknown,,,,,,0,0,0,0,,,MSH2 p.I857L,0,"criteria provided, single submitter",ClinVar,3230838,clinvar
hybrid,MSH2,I,K,930,17,11,6,0.6470588235294118,-0.4353180712578455,187,0,1,6,13,7,19,13,4,4,2,2,6,6,0,0.333333,0.333333,0.0,-0.333333,-0.333333,0.0,1.0,5,5,0,17,11,-6,17->11,1,1,1->1,0,1,0->1,131.18,146.19,15.009999999999991,15.009999999999991,4.5,-3.9,-8.4,8.4,0,1,1,1,1,0,0,1->0,strong_hydrophobic,strong_hydrophilic,strong_hydrophobic->strong_hydrophilic,hydrophobic,basic,0,0->1,3,2,-1,12.5503,,,,,,unknown,unknown,,,,,,0,0,0,0,,,MSH2 p.I930K,0,"criteria provided, single submitter",ClinVar,156505,clinvar
hybrid,MSH2,L,I,128,23,17,6,0.7391304347826086,-0.3022808718729337,391,0,1,6,19,13,29,19,4,4,6,2,10,6,-4,0.2,0.333333,0.133333,0.2,-0.333333,-0.533333,0.75,5,5,0,23,17,-6,23->17,0,1,0->1,1,0,1->0,131.18,131.18,0.0,0.0,3.8,4.5,0.7000000000000002,0.7000000000000002,0,0,0,0,0,0,1,1->1,strong_hydrophobic,strong_hydrophobic,strong_hydrophobic->strong_hydrophobic,hydrophobic,hydrophobic,1,0->0,6,3,-3,0.7,,,,,,unknown,unknown,,,,,,0,0,0,0,,,MSH2 p.L128I,0,"criteria provided, single submitter",ClinVar,3874906,clinvar
hybrid,MSH2,L,P,128,23,17,6,0.7391304347826086,-0.3022808718729337,391,0,1,6,19,13,29,19,4,4,6,2,10,6,-4,0.2,0.333333,0.133333,0.2,-0.333333,-0.533333,0.75,5,5,0,23,17,-6,23->17,0,1,0->1,1,0,1->0,131.18,115.13,-16.05000000000001,16.05000000000001,3.8,-1.6,-5.4,5.4,0,0,0,0,0,0,1,1->1,strong_hydrophobic,mild_hydrophilic,strong_hydrophobic->mild_hydrophilic,hydrophobic,special,0,0->0,6,4,-2,6.8815,,,,,,unknown,unknown,,,,,,0,0,0,0,,,MSH2 p.L128P,0,"criteria provided, single submitter",ClinVar,1735430,clinvar
hybrid,MSH2,L,H,187,23,13,10,0.5652173913043478,-0.570544858467613,299,0,1,10,19,11,29,17,4,2,6,4,10,6,-4,0.2,0.333333,0.133333,0.2,0.333333,0.133333,1.25,5,1,-4,23,13,-10,23->13,0,1,0->1,1,0,1->0,131.18,155.16,23.97999999999999,23.97999999999999,3.8,-3.2,-7.0,7.0,0,1,1,1,1,1,0,1->0,strong_hydrophobic,strong_hydrophilic,strong_hydrophobic->strong_hydrophilic,hydrophobic,basic,0,0->1,6,2,-4,12.6194,,,,,,unknown,unknown,,,,,,0,0,0,0,,,MSH2 p.L187H,1,"criteria provided, single submitter",ClinVar,1748628,clinvar
hybrid,MSH2,L,P,190,23,17,6,0.7391304347826086,-0.3022808718729337,391,0,1,6,19,13,29,19,4,4,6,2,10,6,-4,0.2,0.333333,0.133333,0.2,-0.333333,-0.533333,0.75,5,5,0,23,17,-6,23->17,0,1,0->1,1,0,1->0,131.18,115.13,-16.05000000000001,16.05000000000001,3.8,-1.6,-5.4,5.4,0,0,0,0,0,0,1,1->1,strong_hydrophobic,mild_hydrophilic,strong_hydrophobic->mild_hydrophilic,hydrophobic,special,0,0->0,6,4,-2,6.8815,,,,,,unknown,unknown,,,,,,0,0,0,0,,,MSH2 p.L190P,1,"criteria provided, single submitter",ClinVar,428550,clinvar
hybrid,MSH2,L,R,191,23,19,4,0.8260869565217391,-0.19105523676270922,437,0,1,4,19,17,29,23,4,2,6,4,10,6,-4,0.2,0.333333,0.133333,0.2,0.333333,0.133333,0.5,5,1,-4,23,19,-4,23->19,0,1,0->1,1,0,1->0,131.18,174.2,43.01999999999998,43.01999999999998,3.8,-4.5,-8.3,8.3,0,1,1,1,1,0,0,1->0,strong_hydrophobic,strong_hydrophilic,strong_hydrophobic->strong_hydrophilic,hydrophobic,basic,0,0->1,6,6,0,13.2906,,,,,,unknown,unknown,,,,,,0,0,0,0,,,MSH2 p.L191R,1,"criteria provided, single submitter",ClinVar,1749330,clinvar
hybrid,MSH2,L,V,241,23,19,4,0.8260869565217391,-0.19105523676270922,437,0,1,4,19,17,29,23,4,2,6,4,10,6,-4,0.2,0.333333,0.133333,0.2,0.333333,0.133333,0.5,5,1,-4,23,19,-4,23->19,0,1,0->1,1,0,1->0,131.18,117.15,-14.030000000000001,14.030000000000001,3.8,4.2,0.40000000000000036,0.40000000000000036,0,0,0,0,0,0,1,1->1,strong_hydrophobic,strong_hydrophobic,strong_hydrophobic->strong_hydrophobic,hydrophobic,hydrophobic,1,0->0,6,4,-2,0.8209,,,,,,unknown,unknown,,,,,,0,0,0,0,,,MSH2 p.L241V,0,"criteria provided, single submitter",ClinVar,455611,clinvar
hybrid,MSH2,L,R,270,23,19,4,0.8260869565217391,-0.19105523676270922,437,0,1,4,19,17,29,23,4,2,6,4,10,6,-4,0.2,0.333333,0.133333,0.2,0.333333,0.133333,0.5,5,1,-4,23,19,-4,23->19,0,1,0->1,1,0,1->0,131.18,174.2,43.01999999999998,43.01999999999998,3.8,-4.5,-8.3,8.3,0,1,1,1,1,0,0,1->0,strong_hydrophobic,strong_hydrophilic,strong_hydrophobic->strong_hydrophilic,hydrophobic,basic,0,0->1,6,6,0,13.2906,,,,,,unknown,unknown,,,,,,0,0,0,0,,,MSH2 p.L270R,1,"criteria provided, single submitter",ClinVar,2674583,clinvar
hybrid,MSH2,L,S,280,23,17,6,0.7391304347826086,-0.3022808718729337,391,0,1,6,19,13,29,19,4,4,6,2,10,6,-4,0.2,0.333333,0.133333,0.2,-0.333333,-0.533333,0.75,5,5,0,23,17,-6,23->17,0,1,0->1,1,0,1->0,131.18,105.09,-26.090000000000003,26.090000000000003,3.8,-0.8,-4.6,4.6,0,0,0,0,1,0,0,1->0,strong_hydrophobic,mild_hydrophilic,strong_hydrophobic->mild_hydrophilic,hydrophobic,polar,0,0->0,6,6,0,7.5827,,,,,,unknown,unknown,,,,,,0,0,0,0,,,MSH2 p.L280S,0,"criteria provided, single submitter",ClinVar,822383,clinvar
hybrid,MSH2,L,R,330,23,19,4,0.8260869565217391,-0.19105523676270922,437,0,1,4,19,17,29,23,4,2,6,4,10,6,-4,0.2,0.333333,0.133333,0.2,0.333333,0.133333,0.5,5,1,-4,23,19,-4,23->19,0,1,0->1,1,0,1->0,131.18,174.2,43.01999999999998,43.01999999999998,3.8,-4.5,-8.3,8.3,0,1,1,1,1,0,0,1->0,strong_hydrophobic,strong_hydrophilic,strong_hydrophobic->strong_hydrophilic,hydrophobic,basic,0,0->1,6,6,0,13.2906,,,,,,unknown,unknown,,,,,,0,0,0,0,,,MSH2 p.L330R,1,"criteria provided, single submitter",ClinVar,2674575,clinvar
hybrid,MSH2,L,M,360,23,11,12,0.4782608695652174,-0.7375989431307791,253,0,1,12,19,7,29,13,4,4,6,2,10,6,-4,0.2,0.333333,0.133333,0.2,-0.333333,-0.533333,1.5,5,5,0,23,11,-12,23->11,0,1,0->1,1,1,1->1,131.18,149.21,18.03,18.03,3.8,1.9,-1.9,1.9,0,0,0,0,0,0,0,1->0,strong_hydrophobic,mild_hydrophobic,strong_hydrophobic->mild_hydrophobic,hydrophobic,hydrophobic,1,0->0,6,1,-5,2.4409,,,,,,unknown,unknown,,,,,,0,0,0,0,,,MSH2 p.L360M,0,"criteria provided, single submitter",ClinVar,818348,clinvar
hybrid,MSH2,L,F,401,23,17,6,0.7391304347826086,-0.3022808718729337,391,0,1,6,19,13,29,19,4,4,6,2,10,6,-4,0.2,0.333333,0.133333,0.2,-0.333333,-0.533333,0.75,5,5,0,23,17,-6,23->17,0,1,0->1,1,0,1->0,131.18,165.19,34.00999999999999,34.00999999999999,3.8,2.8,-1.0,1.0,0,0,0,0,0,1,1,1->1,strong_hydrophobic,strong_hydrophobic,strong_hydrophobic->strong_hydrophobic,hydrophobic,aromatic,0,0->0,6,2,-4,4.2203,,,,,,unknown,unknown,,,,,,0,0,0,0,,,MSH2 p.L401F,0,"criteria provided, single submitter",ClinVar,3913572,clinvar
hybrid,MSH2,L,P,414,23,17,6,0.7391304347826086,-0.3022808718729337,391,0,1,6,19,13,29,19,4,4,6,2,10,6,-4,0.2,0.333333,0.133333,0.2,-0.333333,-0.533333,0.75,5,5,0,23,17,-6,23->17,0,1,0->1,1,0,1->0,131.18,115.13,-16.05000000000001,16.05000000000001,3.8,-1.6,-5.4,5.4,0,0,0,0,0,0,1,1->1,strong_hydrophobic,mild_hydrophilic,strong_hydrophobic->mild_hydrophilic,hydrophobic,special,0,0->0,6,4,-2,6.8815,,,,,,unknown,unknown,,,,,,0,0,0,0,,,MSH2 p.L414P,1,"criteria provided, single submitter",ClinVar,90579,clinvar
hybrid,MSH2,L,F,432,23,17,6,0.7391304347826086,-0.3022808718729337,391,0,1,6,19,13,29,19,4,4,6,2,10,6,-4,0.2,0.333333,0.133333,0.2,-0.333333,-0.533333,0.75,5,5,0,23,17,-6,23->17,0,1,0->1,1,0,1->0,131.18,165.19,34.00999999999999,34.00999999999999,3.8,2.8,-1.0,1.0,0,0,0,0,0,1,1,1->1,strong_hydrophobic,strong_hydrophobic,strong_hydrophobic->strong_hydrophobic,hydrophobic,aromatic,0,0->0,6,2,-4,4.2203,,,,,,unknown,unknown,,,,,,0,0,0,0,,,MSH2 p.L432F,0,"criteria provided, single submitter",ClinVar,3296243,clinvar
hybrid,MSH2,L,M,488,23,11,12,0.4782608695652174,-0.7375989431307791,253,0,1,12,19,7,29,13,4,4,6,2,10,6,-4,0.2,0.333333,0.133333,0.2,-0.333333,-0.533333,1.5,5,5,0,23,11,-12,23->11,0,1,0->1,1,1,1->1,131.18,149.21,18.03,18.03,3.8,1.9,-1.9,1.9,0,0,0,0,0,0,0,1->0,strong_hydrophobic,mild_hydrophobic,strong_hydrophobic->mild_hydrophobic,hydrophobic,hydrophobic,1,0->0,6,1,-5,2.4409,,,,,,unknown,unknown,,,,,,0,0,0,0,,,MSH2 p.L488M,0,"criteria provided, single submitter",ClinVar,3398575,clinvar
hybrid,MSH2,L,P,51,23,17,6,0.7391304347826086,-0.3022808718729337,391,0,1,6,19,13,29,19,4,4,6,2,10,6,-4,0.2,0.333333,0.133333,0.2,-0.333333,-0.533333,0.75,5,5,0,23,17,-6,23->17,0,1,0->1,1,0,1->0,131.18,115.13,-16.05000000000001,16.05000000000001,3.8,-1.6,-5.4,5.4,0,0,0,0,0,0,1,1->1,strong_hydrophobic,mild_hydrophilic,strong_hydrophobic->mild_hydrophilic,hydrophobic,special,0,0->0,6,4,-2,6.8815,,,,,,unknown,unknown,,,,,,0,0,0,0,,,MSH2 p.L51P,0,"criteria provided, single submitter",ClinVar,3398591,clinvar
hybrid,MSH2,L,P,595,23,17,6,0.7391304347826086,-0.3022808718729337,391,0,1,6,19,13,29,19,4,4,6,2,10,6,-4,0.2,0.333333,0.133333,0.2,-0.333333,-0.533333,0.75,5,5,0,23,17,-6,23->17,0,1,0->1,1,0,1->0,131.18,115.13,-16.05000000000001,16.05000000000001,3.8,-1.6,-5.4,5.4,0,0,0,0,0,0,1,1->1,strong_hydrophobic,mild_hydrophilic,strong_hydrophobic->mild_hydrophilic,hydrophobic,special,0,0->0,6,4,-2,6.8815,,,,,,unknown,unknown,,,,,,0,0,0,0,,,MSH2 p.L595P,1,"criteria provided, single submitter",ClinVar,848798,clinvar
hybrid,MSH2,L,I,744,23,17,6,0.7391304347826086,-0.3022808718729337,391,0,1,6,19,13,29,19,4,4,6,2,10,6,-4,0.2,0.333333,0.133333,0.2,-0.333333,-0.533333,0.75,5,5,0,23,17,-6,23->17,0,1,0->1,1,0,1->0,131.18,131.18,0.0,0.0,3.8,4.5,0.7000000000000002,0.7000000000000002,0,0,0,0,0,0,1,1->1,strong_hydrophobic,strong_hydrophobic,strong_hydrophobic->strong_hydrophobic,hydrophobic,hydrophobic,1,0->0,6,3,-3,0.7,,,,,,unknown,unknown,,,,,,0,0,0,0,,,MSH2 p.L744I,0,"criteria provided, single submitter",ClinVar,3913540,clinvar
hybrid,MSH2,L,V,800,23,19,4,0.8260869565217391,-0.19105523676270922,437,0,1,4,19,17,29,23,4,2,6,4,10,6,-4,0.2,0.333333,0.133333,0.2,0.333333,0.133333,0.5,5,1,-4,23,19,-4,23->19,0,1,0->1,1,0,1->0,131.18,117.15,-14.030000000000001,14.030000000000001,3.8,4.2,0.40000000000000036,0.40000000000000036,0,0,0,0,0,0,1,1->1,strong_hydrophobic,strong_hydrophobic,strong_hydrophobic->strong_hydrophobic,hydrophobic,hydrophobic,1,0->0,6,4,-2,0.8209,,,,,,unknown,unknown,,,,,,0,0,0,0,,,MSH2 p.L800V,0,"criteria provided, single submitter",ClinVar,1790646,clinvar
hybrid,MSH2,K,N,104,11,7,4,0.6363636363636364,-0.45198512374305727,77,0,1,4,7,5,13,11,4,2,2,4,6,6,0,0.333333,0.333333,0.0,-0.333333,0.333333,0.666666,0.666667,5,1,-4,11,7,-4,11->7,1,1,1->1,1,0,1->0,146.19,132.12,-14.069999999999993,14.069999999999993,-3.9,-3.5,0.3999999999999999,0.3999999999999999,1,0,-1,1,0,0,1,0->0,strong_hydrophilic,strong_hydrophilic,strong_hydrophilic->strong_hydrophilic,basic,polar,0,1->0,2,2,0,3.3221,,,,,,unknown,unknown,,,,,,0,0,0,0,,,MSH2 p.K104N,0,"criteria provided, single submitter",ClinVar,2453471,clinvar
hybrid,MSH2,K,E,104,11,11,0,1.0,0.0,121,0,0,0,7,7,13,13,4,4,2,2,6,6,0,0.333333,0.333333,0.0,-0.333333,-0.333333,0.0,0.0,5,5,0,11,11,0,11->11,1,1,1->1,1,1,1->1,146.19,147.13,0.9399999999999977,0.9399999999999977,-3.9,-3.5,0.3999999999999999,0.3999999999999999,1,-1,-2,2,0,0,1,0->0,strong_hydrophilic,strong_hydrophilic,strong_hydrophilic->strong_hydrophilic,basic,acidic,0,1->-1,2,2,0,4.4282,,,,,,unknown,unknown,,,,,,0,0,0,0,,,MSH2 p.K104E,0,"criteria provided, single submitter",ClinVar,2587535,clinvar
hybrid,MSH2,K,T,122,11,17,6,1.5454545454545454,0.4353180712578455,187,1,0,6,7,13,13,19,4,4,2,2,6,6,0,0.333333,0.333333,0.0,-0.333333,-0.333333,0.0,1.0,5,5,0,11,17,6,11->17,1,1,1->1,1,0,1->0,146.19,119.12,-27.069999999999993,27.069999999999993,-3.9,-0.7,3.2,3.2,1,0,-1,1,0,0,0,0->1,strong_hydrophilic,mild_hydrophilic,strong_hydrophilic->mild_hydrophilic,basic,polar,0,1->0,2,4,2,6.5121,,,,,,unknown,unknown,,,,,,0,0,0,0,,,MSH2 p.K122T,0,"criteria provided, single submitter",ClinVar,1733652,clinvar
hybrid,MSH2,K,N,172,11,7,4,0.6363636363636364,-0.45198512374305727,77,0,1,4,7,5,13,11,4,2,2,4,6,6,0,0.333333,0.333333,0.0,-0.333333,0.333333,0.666666,0.666667,5,1,-4,11,7,-4,11->7,1,1,1->1,1,0,1->0,146.19,132.12,-14.069999999999993,14.069999999999993,-3.9,-3.5,0.3999999999999999,0.3999999999999999,1,0,-1,1,0,0,1,0->0,strong_hydrophilic,strong_hydrophilic,strong_hydrophilic->strong_hydrophilic,basic,polar,0,1->0,2,2,0,3.3221,,,,,,unknown,unknown,,,,,,0,0,0,0,,,MSH2 p.K172N,0,"criteria provided, single submitter",ClinVar,3398642,clinvar
hybrid,MSH2,K,R,212,11,19,8,1.7272727272727273,0.5465437063680699,209,1,0,8,7,17,13,23,4,2,2,4,6,6,0,0.333333,0.333333,0.0,-0.333333,0.333333,0.666666,1.333333,5,1,-4,11,19,8,11->19,1,1,1->1,1,0,1->0,146.19,174.2,28.00999999999999,28.00999999999999,-3.9,-4.5,-0.6000000000000001,0.6000000000000001,1,1,0,0,0,0,1,0->0,strong_hydrophilic,strong_hydrophilic,strong_hydrophilic->strong_hydrophilic,basic,basic,1,1->1,2,6,4,1.4403,,,,,,unknown,unknown,,,,,,0,0,0,0,,,MSH2 p.K212R,0,"criteria provided, single submitter",ClinVar,1753036,clinvar
hybrid,MSH2,K,E,249,11,11,0,1.0,0.0,121,0,0,0,7,7,13,13,4,4,2,2,6,6,0,0.333333,0.333333,0.0,-0.333333,-0.333333,0.0,0.0,5,5,0,11,11,0,11->11,1,1,1->1,1,1,1->1,146.19,147.13,0.9399999999999977,0.9399999999999977,-3.9,-3.5,0.3999999999999999,0.3999999999999999,1,-1,-2,2,0,0,1,0->0,strong_hydrophilic,strong_hydrophilic,strong_hydrophilic->strong_hydrophilic,basic,acidic,0,1->-1,2,2,0,4.4282,,,,,,unknown,unknown,,,,,,0,0,0,0,,,MSH2 p.K249E,0,"criteria provided, single submitter",ClinVar,1759007,clinvar
hybrid,MSH2,K,R,29,11,19,8,1.7272727272727273,0.5465437063680699,209,1,0,8,7,17,13,23,4,2,2,4,6,6,0,0.333333,0.333333,0.0,-0.333333,0.333333,0.666666,1.333333,5,1,-4,11,19,8,11->19,1,1,1->1,1,0,1->0,146.19,174.2,28.00999999999999,28.00999999999999,-3.9,-4.5,-0.6000000000000001,0.6000000000000001,1,1,0,0,0,0,1,0->0,strong_hydrophilic,strong_hydrophilic,strong_hydrophilic->strong_hydrophilic,basic,basic,1,1->1,2,6,4,1.4403,,,,,,unknown,unknown,,,,,,0,0,0,0,,,MSH2 p.K29R,0,"criteria provided, single submitter",ClinVar,2453488,clinvar
hybrid,MSH2,K,R,332,11,19,8,1.7272727272727273,0.5465437063680699,209,1,0,8,7,17,13,23,4,2,2,4,6,6,0,0.333333,0.333333,0.0,-0.333333,0.333333,0.666666,1.333333,5,1,-4,11,19,8,11->19,1,1,1->1,1,0,1->0,146.19,174.2,28.00999999999999,28.00999999999999,-3.9,-4.5,-0.6000000000000001,0.6000000000000001,1,1,0,0,0,0,1,0->0,strong_hydrophilic,strong_hydrophilic,strong_hydrophilic->strong_hydrophilic,basic,basic,1,1->1,2,6,4,1.4403,,,,,,unknown,unknown,,,,,,0,0,0,0,,,MSH2 p.K332R,0,"criteria provided, single submitter",ClinVar,1768723,clinvar
hybrid,MSH2,K,N,353,11,7,4,0.6363636363636364,-0.45198512374305727,77,0,1,4,7,5,13,11,4,2,2,4,6,6,0,0.333333,0.333333,0.0,-0.333333,0.333333,0.666666,0.666667,5,1,-4,11,7,-4,11->7,1,1,1->1,1,0,1->0,146.19,132.12,-14.069999999999993,14.069999999999993,-3.9,-3.5,0.3999999999999999,0.3999999999999999,1,0,-1,1,0,0,1,0->0,strong_hydrophilic,strong_hydrophilic,strong_hydrophilic->strong_hydrophilic,basic,polar,0,1->0,2,2,0,3.3221,,,,,,unknown,unknown,,,,,,0,0,0,0,,,MSH2 p.K353N,0,"criteria provided, single submitter",ClinVar,3230802,clinvar
hybrid,MSH2,K,R,423,11,19,8,1.7272727272727273,0.5465437063680699,209,1,0,8,7,17,13,23,4,2,2,4,6,6,0,0.333333,0.333333,0.0,-0.333333,0.333333,0.666666,1.333333,5,1,-4,11,19,8,11->19,1,1,1->1,1,0,1->0,146.19,174.2,28.00999999999999,28.00999999999999,-3.9,-4.5,-0.6000000000000001,0.6000000000000001,1,1,0,0,0,0,1,0->0,strong_hydrophilic,strong_hydrophilic,strong_hydrophilic->strong_hydrophilic,basic,basic,1,1->1,2,6,4,1.4403,,,,,,unknown,unknown,,,,,,0,0,0,0,,,MSH2 p.K423R,0,"criteria provided, single submitter",ClinVar,2750348,clinvar
hybrid,MSH2,K,Q,430,11,7,4,0.6363636363636364,-0.45198512374305727,77,0,1,4,7,5,13,11,4,2,2,4,6,6,0,0.333333,0.333333,0.0,-0.333333,0.333333,0.666666,0.666667,5,1,-4,11,7,-4,11->7,1,1,1->1,1,0,1->0,146.19,146.15,-0.03999999999999204,0.03999999999999204,-3.9,-3.5,0.3999999999999999,0.3999999999999999,1,0,-1,1,0,0,1,0->0,strong_hydrophilic,strong_hydrophilic,strong_hydrophilic->strong_hydrophilic,basic,polar,0,1->0,2,2,0,2.9012,,,,,,unknown,unknown,,,,,,0,0,0,0,,,MSH2 p.K430Q,0,"criteria provided, single submitter",ClinVar,3230810,clinvar
hybrid,MSH2,K,E,430,11,11,0,1.0,0.0,121,0,0,0,7,7,13,13,4,4,2,2,6,6,0,0.333333,0.333333,0.0,-0.333333,-0.333333,0.0,0.0,5,5,0,11,11,0,11->11,1,1,1->1,1,1,1->1,146.19,147.13,0.9399999999999977,0.9399999999999977,-3.9,-3.5,0.3999999999999999,0.3999999999999999,1,-1,-2,2,0,0,1,0->0,strong_hydrophilic,strong_hydrophilic,strong_hydrophilic->strong_hydrophilic,basic,acidic,0,1->-1,2,2,0,4.4282,,,,,,unknown,unknown,,,,,,0,0,0,0,,,MSH2 p.K430E,0,"criteria provided, single submitter",ClinVar,3398610,clinvar
hybrid,MSH2,K,N,537,11,7,4,0.6363636363636364,-0.45198512374305727,77,0,1,4,7,5,13,11,4,2,2,4,6,6,0,0.333333,0.333333,0.0,-0.333333,0.333333,0.666666,0.666667,5,1,-4,11,7,-4,11->7,1,1,1->1,1,0,1->0,146.19,132.12,-14.069999999999993,14.069999999999993,-3.9,-3.5,0.3999999999999999,0.3999999999999999,1,0,-1,1,0,0,1,0->0,strong_hydrophilic,strong_hydrophilic,strong_hydrophilic->strong_hydrophilic,basic,polar,0,1->0,2,2,0,3.3221,,,,,,unknown,unknown,,,,,,0,0,0,0,,,MSH2 p.K537N,0,"criteria provided, single submitter",ClinVar,1776389,clinvar
hybrid,MSH2,K,T,537,11,17,6,1.5454545454545454,0.4353180712578455,187,1,0,6,7,13,13,19,4,4,2,2,6,6,0,0.333333,0.333333,0.0,-0.333333,-0.333333,0.0,1.0,5,5,0,11,17,6,11->17,1,1,1->1,1,0,1->0,146.19,119.12,-27.069999999999993,27.069999999999993,-3.9,-0.7,3.2,3.2,1,0,-1,1,0,0,0,0->1,strong_hydrophilic,mild_hydrophilic,strong_hydrophilic->mild_hydrophilic,basic,polar,0,1->0,2,4,2,6.5121,,,,,,unknown,unknown,,,,,,0,0,0,0,,,MSH2 p.K537T,0,"criteria provided, single submitter",ClinVar,2785469,clinvar
hybrid,MSH2,K,E,567,11,11,0,1.0,0.0,121,0,0,0,7,7,13,13,4,4,2,2,6,6,0,0.333333,0.333333,0.0,-0.333333,-0.333333,0.0,0.0,5,5,0,11,11,0,11->11,1,1,1->1,1,1,1->1,146.19,147.13,0.9399999999999977,0.9399999999999977,-3.9,-3.5,0.3999999999999999,0.3999999999999999,1,-1,-2,2,0,0,1,0->0,strong_hydrophilic,strong_hydrophilic,strong_hydrophilic->strong_hydrophilic,basic,acidic,0,1->-1,2,2,0,4.4282,,,,,,unknown,unknown,,,,,,0,0,0,0,,,MSH2 p.K567E,0,"criteria provided, single submitter",ClinVar,408500,clinvar
hybrid,MSH2,K,T,635,11,17,6,1.5454545454545454,0.4353180712578455,187,1,0,6,7,13,13,19,4,4,2,2,6,6,0,0.333333,0.333333,0.0,-0.333333,-0.333333,0.0,1.0,5,5,0,11,17,6,11->17,1,1,1->1,1,0,1->0,146.19,119.12,-27.069999999999993,27.069999999999993,-3.9,-0.7,3.2,3.2,1,0,-1,1,0,0,0,0->1,strong_hydrophilic,mild_hydrophilic,strong_hydrophilic->mild_hydrophilic,basic,polar,0,1->0,2,4,2,6.5121,,,,,,unknown,unknown,,,,,,0,0,0,0,,,MSH2 p.K635T,0,"criteria provided, single submitter",ClinVar,2453470,clinvar
hybrid,MSH2,K,Q,73,11,7,4,0.6363636363636364,-0.45198512374305727,77,0,1,4,7,5,13,11,4,2,2,4,6,6,0,0.333333,0.333333,0.0,-0.333333,0.333333,0.666666,0.666667,5,1,-4,11,7,-4,11->7,1,1,1->1,1,0,1->0,146.19,146.15,-0.03999999999999204,0.03999999999999204,-3.9,-3.5,0.3999999999999999,0.3999999999999999,1,0,-1,1,0,0,1,0->0,strong_hydrophilic,strong_hydrophilic,strong_hydrophilic->strong_hydrophilic,basic,polar,0,1->0,2,2,0,2.9012,,,,,,unknown,unknown,,,,,,0,0,0,0,,,MSH2 p.K73Q,0,"criteria provided, single submitter",ClinVar,3398626,clinvar
hybrid,MSH2,K,I,819,11,17,6,1.5454545454545454,0.4353180712578455,187,1,0,6,7,13,13,19,4,4,2,2,6,6,0,0.333333,0.333333,0.0,-0.333333,-0.333333,0.0,1.0,5,5,0,11,17,6,11->17,1,1,1->1,1,0,1->0,146.19,131.18,-15.009999999999991,15.009999999999991,-3.9,4.5,8.4,8.4,1,0,-1,1,1,0,0,0->1,strong_hydrophilic,strong_hydrophobic,strong_hydrophilic->strong_hydrophobic,basic,hydrophobic,0,1->0,2,3,1,12.5503,,,,,,unknown,unknown,,,,,,0,0,0,0,,,MSH2 p.K819I,0,"criteria provided, single submitter",ClinVar,4652740,clinvar
hybrid,MSH2,K,Q,845,11,7,4,0.6363636363636364,-0.45198512374305727,77,0,1,4,7,5,13,11,4,2,2,4,6,6,0,0.333333,0.333333,0.0,-0.333333,0.333333,0.666666,0.666667,5,1,-4,11,7,-4,11->7,1,1,1->1,1,0,1->0,146.19,146.15,-0.03999999999999204,0.03999999999999204,-3.9,-3.5,0.3999999999999999,0.3999999999999999,1,0,-1,1,0,0,1,0->0,strong_hydrophilic,strong_hydrophilic,strong_hydrophilic->strong_hydrophilic,basic,polar,0,1->0,2,2,0,2.9012,,,,,,unknown,unknown,,,,,,0,0,0,0,,,MSH2 p.K845Q,0,"criteria provided, single submitter",ClinVar,2755828,clinvar
hybrid,MSH2,K,N,882,11,7,4,0.6363636363636364,-0.45198512374305727,77,0,1,4,7,5,13,11,4,2,2,4,6,6,0,0.333333,0.333333,0.0,-0.333333,0.333333,0.666666,0.666667,5,1,-4,11,7,-4,11->7,1,1,1->1,1,0,1->0,146.19,132.12,-14.069999999999993,14.069999999999993,-3.9,-3.5,0.3999999999999999,0.3999999999999999,1,0,-1,1,0,0,1,0->0,strong_hydrophilic,strong_hydrophilic,strong_hydrophilic->strong_hydrophilic,basic,polar,0,1->0,2,2,0,3.3221,,,,,,unknown,unknown,,,,,,0,0,0,0,,,MSH2 p.K882N,0,"criteria provided, single submitter",ClinVar,1794246,clinvar
hybrid,MSH2,K,E,882,11,11,0,1.0,0.0,121,0,0,0,7,7,13,13,4,4,2,2,6,6,0,0.333333,0.333333,0.0,-0.333333,-0.333333,0.0,0.0,5,5,0,11,11,0,11->11,1,1,1->1,1,1,1->1,146.19,147.13,0.9399999999999977,0.9399999999999977,-3.9,-3.5,0.3999999999999999,0.3999999999999999,1,-1,-2,2,0,0,1,0->0,strong_hydrophilic,strong_hydrophilic,strong_hydrophilic->strong_hydrophilic,basic,acidic,0,1->-1,2,2,0,4.4282,,,,,,unknown,unknown,,,,,,0,0,0,0,,,MSH2 p.K882E,0,"criteria provided, single submitter",ClinVar,3398559,clinvar
hybrid,MSH2,M,I,253,11,17,6,1.5454545454545454,0.4353180712578455,187,1,0,6,7,13,13,19,4,4,2,2,6,6,0,0.333333,0.333333,0.0,-0.333333,-0.333333,0.0,1.0,5,5,0,11,17,6,11->17,1,1,1->1,1,0,1->0,149.21,131.18,-18.03,18.03,1.9,4.5,2.6,2.6,0,0,0,0,0,0,0,0->1,mild_hydrophobic,strong_hydrophobic,mild_hydrophobic->strong_hydrophobic,hydrophobic,hydrophobic,1,0->0,1,3,2,3.1409,,,,,,unknown,unknown,,,,,,0,0,0,0,,,MSH2 p.M253I,0,"criteria provided, single submitter",ClinVar,2584100,clinvar
hybrid,MSH2,M,L,253,11,23,12,2.090909090909091,0.7375989431307791,253,1,0,12,7,19,13,29,4,4,2,6,6,10,4,0.333333,0.2,-0.133333,-0.333333,0.2,0.533333,1.5,5,5,0,11,23,12,11->23,1,0,1->0,1,1,1->1,149.21,131.18,-18.03,18.03,1.9,3.8,1.9,1.9,0,0,0,0,0,0,0,0->1,mild_hydrophobic,strong_hydrophobic,mild_hydrophobic->strong_hydrophobic,hydrophobic,hydrophobic,1,0->0,1,6,5,2.4409,,,,,,unknown,unknown,,,,,,0,0,0,0,,,MSH2 p.M253L,0,"criteria provided, single submitter",ClinVar,1759602,clinvar
hybrid,MSH2,M,I,663,11,17,6,1.5454545454545454,0.4353180712578455,187,1,0,6,7,13,13,19,4,4,2,2,6,6,0,0.333333,0.333333,0.0,-0.333333,-0.333333,0.0,1.0,5,5,0,11,17,6,11->17,1,1,1->1,1,0,1->0,149.21,131.18,-18.03,18.03,1.9,4.5,2.6,2.6,0,0,0,0,0,0,0,0->1,mild_hydrophobic,strong_hydrophobic,mild_hydrophobic->strong_hydrophobic,hydrophobic,hydrophobic,1,0->0,1,3,2,3.1409,,,,,,unknown,unknown,,,,,,0,0,0,0,,,MSH2 p.M663I,0,"criteria provided, single submitter",ClinVar,4111024,clinvar
hybrid,MSH2,M,L,67,11,23,12,2.090909090909091,0.7375989431307791,253,1,0,12,7,19,13,29,4,4,2,6,6,10,4,0.333333,0.2,-0.133333,-0.333333,0.2,0.533333,1.5,5,5,0,11,23,12,11->23,1,0,1->0,1,1,1->1,149.21,131.18,-18.03,18.03,1.9,3.8,1.9,1.9,0,0,0,0,0,0,0,0->1,mild_hydrophobic,strong_hydrophobic,mild_hydrophobic->strong_hydrophobic,hydrophobic,hydrophobic,1,0->0,1,6,5,2.4409,,,,,,unknown,unknown,,,,,,0,0,0,0,,,MSH2 p.M67L,0,"criteria provided, single submitter",ClinVar,3398622,clinvar
hybrid,MSH2,M,V,866,11,19,8,1.7272727272727273,0.5465437063680699,209,1,0,8,7,17,13,23,4,2,2,4,6,6,0,0.333333,0.333333,0.0,-0.333333,0.333333,0.666666,1.333333,5,1,-4,11,19,8,11->19,1,1,1->1,1,0,1->0,149.21,117.15,-32.06,32.06,1.9,4.2,2.3000000000000003,2.3000000000000003,0,0,0,0,0,0,0,0->1,mild_hydrophobic,strong_hydrophobic,mild_hydrophobic->strong_hydrophobic,hydrophobic,hydrophobic,1,0->0,1,4,3,3.2618,,,,,,unknown,unknown,,,,,,0,0,0,0,,,MSH2 p.M866V,0,"criteria provided, single submitter",ClinVar,483675,clinvar
hybrid,MSH2,M,L,899,11,23,12,2.090909090909091,0.7375989431307791,253,1,0,12,7,19,13,29,4,4,2,6,6,10,4,0.333333,0.2,-0.133333,-0.333333,0.2,0.533333,1.5,5,5,0,11,23,12,11->23,1,0,1->0,1,1,1->1,149.21,131.18,-18.03,18.03,1.9,3.8,1.9,1.9,0,0,0,0,0,0,0,0->1,mild_hydrophobic,strong_hydrophobic,mild_hydrophobic->strong_hydrophobic,hydrophobic,hydrophobic,1,0->0,1,6,5,2.4409,,,,,,unknown,unknown,,,,,,0,0,0,0,,,MSH2 p.M899L,0,"criteria provided, single submitter",ClinVar,3230841,clinvar
hybrid,MSH2,F,Y,131,17,17,0,1.0,0.0,289,0,0,0,13,13,19,19,4,4,2,2,6,6,0,0.333333,0.333333,0.0,-0.333333,-0.333333,0.0,0.0,5,5,0,17,17,0,17->17,1,1,1->1,0,0,0->0,165.19,181.19,16.0,16.0,2.8,-1.3,-4.1,4.1,0,0,0,0,1,0,1,1->1,strong_hydrophobic,mild_hydrophilic,strong_hydrophobic->mild_hydrophilic,aromatic,aromatic,1,0->0,2,2,0,5.78,,,,,,unknown,unknown,,,,,,0,0,0,0,,,MSH2 p.F131Y,0,"criteria provided, single submitter",ClinVar,4652383,clinvar
hybrid,MSH2,F,L,19,17,23,6,1.3529411764705883,0.3022808718729337,391,1,0,6,13,19,19,29,4,4,2,6,6,10,4,0.333333,0.2,-0.133333,-0.333333,0.2,0.533333,0.75,5,5,0,17,23,6,17->23,1,0,1->0,0,1,0->1,165.19,131.18,-34.00999999999999,34.00999999999999,2.8,3.8,1.0,1.0,0,0,0,0,0,1,1,1->1,strong_hydrophobic,strong_hydrophobic,strong_hydrophobic->strong_hydrophobic,aromatic,hydrophobic,0,0->0,2,6,4,4.2203,,,,,,unknown,unknown,,,,,,0,0,0,0,,,MSH2 p.F19L,0,"criteria provided, single submitter",ClinVar,3772965,clinvar
hybrid,MSH2,F,S,296,17,17,0,1.0,0.0,289,0,0,0,13,13,19,19,4,4,2,2,6,6,0,0.333333,0.333333,0.0,-0.333333,-0.333333,0.0,0.0,5,5,0,17,17,0,17->17,1,1,1->1,0,0,0->0,165.19,105.09,-60.099999999999994,60.099999999999994,2.8,-0.8,-3.5999999999999996,3.5999999999999996,0,0,0,0,1,1,0,1->0,strong_hydrophobic,mild_hydrophilic,strong_hydrophobic->mild_hydrophilic,aromatic,polar,0,0->0,2,6,4,8.803,,,,,,unknown,unknown,,,,,,0,0,0,0,,,MSH2 p.F296S,0,"criteria provided, single submitter",ClinVar,1764968,clinvar
hybrid,MSH2,F,L,313,17,23,6,1.3529411764705883,0.3022808718729337,391,1,0,6,13,19,19,29,4,4,2,6,6,10,4,0.333333,0.2,-0.133333,-0.333333,0.2,0.533333,0.75,5,5,0,17,23,6,17->23,1,0,1->0,0,1,0->1,165.19,131.18,-34.00999999999999,34.00999999999999,2.8,3.8,1.0,1.0,0,0,0,0,0,1,1,1->1,strong_hydrophobic,strong_hydrophobic,strong_hydrophobic->strong_hydrophobic,aromatic,hydrophobic,0,0->0,2,6,4,4.2203,,,,,,unknown,unknown,,,,,,0,0,0,0,,,MSH2 p.F313L,0,"criteria provided, single submitter",ClinVar,4111015,clinvar
hybrid,MSH2,F,L,394,17,23,6,1.3529411764705883,0.3022808718729337,391,1,0,6,13,19,19,29,4,4,2,6,6,10,4,0.333333,0.2,-0.133333,-0.333333,0.2,0.533333,0.75,5,5,0,17,23,6,17->23,1,0,1->0,0,1,0->1,165.19,131.18,-34.00999999999999,34.00999999999999,2.8,3.8,1.0,1.0,0,0,0,0,0,1,1,1->1,strong_hydrophobic,strong_hydrophobic,strong_hydrophobic->strong_hydrophobic,aromatic,hydrophobic,0,0->0,2,6,4,4.2203,,,,,,unknown,unknown,,,,,,0,0,0,0,,,MSH2 p.F394L,0,"criteria provided, single submitter",ClinVar,3296210,clinvar
hybrid,MSH2,F,V,85,17,19,2,1.1176470588235294,0.1112256351102244,323,1,0,2,13,17,19,23,4,2,2,4,6,6,0,0.333333,0.333333,0.0,-0.333333,0.333333,0.666666,0.333333,5,1,-4,17,19,2,17->19,1,1,1->1,0,0,0->0,165.19,117.15,-48.03999999999999,48.03999999999999,2.8,4.2,1.4000000000000004,1.4000000000000004,0,0,0,0,0,1,1,1->1,strong_hydrophobic,strong_hydrophobic,strong_hydrophobic->strong_hydrophobic,aromatic,hydrophobic,0,0->0,2,4,2,5.0412,,,,,,unknown,unknown,,,,,,0,0,0,0,,,MSH2 p.F85V,0,"criteria provided, single submitter",ClinVar,2567739,clinvar
hybrid,MSH2,F,L,887,17,23,6,1.3529411764705883,0.3022808718729337,391,1,0,6,13,19,19,29,4,4,2,6,6,10,4,0.333333,0.2,-0.133333,-0.333333,0.2,0.533333,0.75,5,5,0,17,23,6,17->23,1,0,1->0,0,1,0->1,165.19,131.18,-34.00999999999999,34.00999999999999,2.8,3.8,1.0,1.0,0,0,0,0,0,1,1,1->1,strong_hydrophobic,strong_hydrophobic,strong_hydrophobic->strong_hydrophobic,aromatic,hydrophobic,0,0->0,2,6,4,4.2203,,,,,,unknown,unknown,,,,,,0,0,0,0,,,MSH2 p.F887L,0,"criteria provided, single submitter",ClinVar,4651382,clinvar
hybrid,MSH2,P,S,125,17,17,0,1.0,0.0,289,0,0,0,13,13,19,19,4,4,2,2,6,6,0,0.333333,0.333333,0.0,-0.333333,-0.333333,0.0,0.0,5,5,0,17,17,0,17->17,1,1,1->1,0,0,0->0,115.13,105.09,-10.039999999999992,10.039999999999992,-1.6,-0.8,0.8,0.8,0,0,0,0,1,0,0,1->0,mild_hydrophilic,mild_hydrophilic,mild_hydrophilic->mild_hydrophilic,special,polar,0,0->0,4,6,2,3.3012,,,,,,unknown,unknown,,,,,,0,0,0,0,,,MSH2 p.P125S,0,"criteria provided, single submitter",ClinVar,2453472,clinvar
hybrid,MSH2,P,H,349,17,13,4,0.7647058823529411,-0.2682639865946794,221,0,1,4,13,11,19,17,4,2,2,4,6,6,0,0.333333,0.333333,0.0,-0.333333,0.333333,0.666666,0.666667,5,1,-4,17,13,-4,17->13,1,1,1->1,0,0,0->0,115.13,155.16,40.03,40.03,-1.6,-3.2,-1.6,1.6,0,1,1,1,1,1,0,1->0,mild_hydrophilic,strong_hydrophilic,mild_hydrophilic->strong_hydrophilic,special,basic,0,0->1,4,2,-2,7.7009,,,,,,unknown,unknown,,,,,,0,0,0,0,,,MSH2 p.P349H,1,"criteria provided, single submitter",ClinVar,2561334,clinvar
hybrid,MSH2,P,H,415,17,13,4,0.7647058823529411,-0.2682639865946794,221,0,1,4,13,11,19,17,4,2,2,4,6,6,0,0.333333,0.333333,0.0,-0.333333,0.333333,0.666666,0.666667,5,1,-4,17,13,-4,17->13,1,1,1->1,0,0,0->0,115.13,155.16,40.03,40.03,-1.6,-3.2,-1.6,1.6,0,1,1,1,1,1,0,1->0,mild_hydrophilic,strong_hydrophilic,mild_hydrophilic->strong_hydrophilic,special,basic,0,0->1,4,2,-2,7.7009,,,,,,unknown,unknown,,,,,,0,0,0,0,,,MSH2 p.P415H,0,"criteria provided, single submitter",ClinVar,2447346,clinvar
hybrid,MSH2,P,L,507,17,23,6,1.3529411764705883,0.3022808718729337,391,1,0,6,13,19,19,29,4,4,2,6,6,10,4,0.333333,0.2,-0.133333,-0.333333,0.2,0.533333,0.75,5,5,0,17,23,6,17->23,1,0,1->0,0,1,0->1,115.13,131.18,16.05000000000001,16.05000000000001,-1.6,3.8,5.4,5.4,0,0,0,0,0,0,1,1->1,mild_hydrophilic,strong_hydrophobic,mild_hydrophilic->strong_hydrophobic,special,hydrophobic,0,0->0,4,6,2,6.8815,,,,,,unknown,unknown,,,,,,0,0,0,0,,,MSH2 p.P507L,0,"criteria provided, single submitter",ClinVar,1774417,clinvar
hybrid,MSH2,P,L,616,17,23,6,1.3529411764705883,0.3022808718729337,391,1,0,6,13,19,19,29,4,4,2,6,6,10,4,0.333333,0.2,-0.133333,-0.333333,0.2,0.533333,0.75,5,5,0,17,23,6,17->23,1,0,1->0,0,1,0->1,115.13,131.18,16.05000000000001,16.05000000000001,-1.6,3.8,5.4,5.4,0,0,0,0,0,0,1,1->1,mild_hydrophilic,strong_hydrophobic,mild_hydrophilic->strong_hydrophobic,special,hydrophobic,0,0->0,4,6,2,6.8815,,,,,,unknown,unknown,,,,,,0,0,0,0,,,MSH2 p.P616L,0,"criteria provided, single submitter",ClinVar,1781260,clinvar
hybrid,MSH2,P,R,652,17,19,2,1.1176470588235294,0.1112256351102244,323,1,0,2,13,17,19,23,4,2,2,4,6,6,0,0.333333,0.333333,0.0,-0.333333,0.333333,0.666666,0.333333,5,1,-4,17,19,2,17->19,1,1,1->1,0,0,0->0,115.13,174.2,59.06999999999999,59.06999999999999,-1.6,-4.5,-2.9,2.9,0,1,1,1,1,0,0,1->0,mild_hydrophilic,strong_hydrophilic,mild_hydrophilic->strong_hydrophilic,special,basic,0,0->1,4,6,2,8.3721,,,,,,unknown,unknown,,,,,,0,0,0,0,,,MSH2 p.P652R,0,"criteria provided, single submitter",ClinVar,1783292,clinvar
hybrid,MSH2,P,R,696,17,19,2,1.1176470588235294,0.1112256351102244,323,1,0,2,13,17,19,23,4,2,2,4,6,6,0,0.333333,0.333333,0.0,-0.333333,0.333333,0.666666,0.333333,5,1,-4,17,19,2,17->19,1,1,1->1,0,0,0->0,115.13,174.2,59.06999999999999,59.06999999999999,-1.6,-4.5,-2.9,2.9,0,1,1,1,1,0,0,1->0,mild_hydrophilic,strong_hydrophilic,mild_hydrophilic->strong_hydrophilic,special,basic,0,0->1,4,6,2,8.3721,,,,,,unknown,unknown,,,,,,0,0,0,0,,,MSH2 p.P696R,1,"criteria provided, single submitter",ClinVar,2674577,clinvar
hybrid,MSH2,P,Q,696,17,7,10,0.4117647058823529,-0.8873031950009028,119,0,1,10,13,5,19,11,4,2,2,4,6,6,0,0.333333,0.333333,0.0,-0.333333,0.333333,0.666666,1.666667,5,1,-4,17,7,-10,17->7,1,1,1->1,0,0,0->0,115.13,146.15,31.02000000000001,31.02000000000001,-1.6,-3.5,-1.9,1.9,0,0,0,0,1,0,0,1->0,mild_hydrophilic,strong_hydrophilic,mild_hydrophilic->strong_hydrophilic,special,polar,0,0->0,4,2,-2,5.0306,,,,,,unknown,unknown,,,,,,0,0,0,0,,,MSH2 p.P696Q,1,"criteria provided, single submitter",ClinVar,3230831,clinvar
hybrid,MSH2,P,S,795,17,17,0,1.0,0.0,289,0,0,0,13,13,19,19,4,4,2,2,6,6,0,0.333333,0.333333,0.0,-0.333333,-0.333333,0.0,0.0,5,5,0,17,17,0,17->17,1,1,1->1,0,0,0->0,115.13,105.09,-10.039999999999992,10.039999999999992,-1.6,-0.8,0.8,0.8,0,0,0,0,1,0,0,1->0,mild_hydrophilic,mild_hydrophilic,mild_hydrophilic->mild_hydrophilic,special,polar,0,0->0,4,6,2,3.3012,,,,,,unknown,unknown,,,,,,0,0,0,0,,,MSH2 p.P795S,0,"criteria provided, single submitter",ClinVar,1790465,clinvar
hybrid,MSH2,S,P,129,17,17,0,1.0,0.0,289,0,0,0,13,13,19,19,4,4,2,2,6,6,0,0.333333,0.333333,0.0,-0.333333,-0.333333,0.0,0.0,5,5,0,17,17,0,17->17,1,1,1->1,0,0,0->0,105.09,115.13,10.039999999999992,10.039999999999992,-0.8,-1.6,-0.8,0.8,0,0,0,0,1,0,0,0->1,mild_hydrophilic,mild_hydrophilic,mild_hydrophilic->mild_hydrophilic,polar,special,0,0->0,6,4,-2,3.3012,,,,,,unknown,unknown,,,,,,0,0,0,0,,,MSH2 p.S129P,0,"criteria provided, single submitter",ClinVar,1735603,clinvar
hybrid,MSH2,S,A,153,17,13,4,0.7647058823529411,-0.2682639865946794,221,0,1,4,13,11,19,17,4,2,2,4,6,6,0,0.333333,0.333333,0.0,-0.333333,0.333333,0.666666,0.666667,5,1,-4,17,13,-4,17->13,1,1,1->1,0,0,0->0,105.09,89.09,-16.0,16.0,-0.8,1.8,2.6,2.6,0,0,0,0,1,0,0,0->1,mild_hydrophilic,mild_hydrophobic,mild_hydrophilic->mild_hydrophobic,polar,small_nonpolar,0,0->0,6,4,-2,5.28,,,,,,unknown,unknown,,,,,,0,0,0,0,,,MSH2 p.S153A,0,"criteria provided, single submitter",ClinVar,2587518,clinvar
hybrid,MSH2,S,P,185,17,17,0,1.0,0.0,289,0,0,0,13,13,19,19,4,4,2,2,6,6,0,0.333333,0.333333,0.0,-0.333333,-0.333333,0.0,0.0,5,5,0,17,17,0,17->17,1,1,1->1,0,0,0->0,105.09,115.13,10.039999999999992,10.039999999999992,-0.8,-1.6,-0.8,0.8,0,0,0,0,1,0,0,0->1,mild_hydrophilic,mild_hydrophilic,mild_hydrophilic->mild_hydrophilic,polar,special,0,0->0,6,4,-2,3.3012,,,,,,unknown,unknown,,,,,,0,0,0,0,,,MSH2 p.S185P,0,"criteria provided, single submitter",ClinVar,2567765,clinvar
hybrid,MSH2,S,F,271,17,17,0,1.0,0.0,289,0,0,0,13,13,19,19,4,4,2,2,6,6,0,0.333333,0.333333,0.0,-0.333333,-0.333333,0.0,0.0,5,5,0,17,17,0,17->17,1,1,1->1,0,0,0->0,105.09,165.19,60.099999999999994,60.099999999999994,-0.8,2.8,3.5999999999999996,3.5999999999999996,0,0,0,0,1,1,0,0->1,mild_hydrophilic,strong_hydrophobic,mild_hydrophilic->strong_hydrophobic,polar,aromatic,0,0->0,6,2,-4,8.803,,,,,,unknown,unknown,,,,,,0,0,0,0,,,MSH2 p.S271F,0,"criteria provided, single submitter",ClinVar,2453500,clinvar
hybrid,MSH2,S,T,297,17,17,0,1.0,0.0,289,0,0,0,13,13,19,19,4,4,2,2,6,6,0,0.333333,0.333333,0.0,-0.333333,-0.333333,0.0,0.0,5,5,0,17,17,0,17->17,1,1,1->1,0,0,0->0,105.09,119.12,14.030000000000001,14.030000000000001,-0.8,-0.7,0.10000000000000009,0.10000000000000009,0,0,0,0,0,0,0,0->1,mild_hydrophilic,mild_hydrophilic,mild_hydrophilic->mild_hydrophilic,polar,polar,1,0->0,6,4,-2,0.5209,,,,,,unknown,unknown,,,,,,0,0,0,0,,,MSH2 p.S297T,0,"criteria provided, single submitter",ClinVar,3913557,clinvar
hybrid,MSH2,S,W,316,17,11,6,0.6470588235294118,-0.4353180712578455,187,0,1,6,13,7,19,13,4,4,2,2,6,6,0,0.333333,0.333333,0.0,-0.333333,-0.333333,0.0,1.0,5,5,0,17,11,-6,17->11,1,1,1->1,0,1,0->1,105.09,204.23,99.13999999999999,99.13999999999999,-0.8,-0.9,-0.09999999999999998,0.09999999999999998,0,0,0,0,1,1,1,0->0,mild_hydrophilic,mild_hydrophilic,mild_hydrophilic->mild_hydrophilic,polar,aromatic,0,0->0,6,1,-5,6.4742,,,,,,unknown,unknown,,,,,,0,0,0,0,,,MSH2 p.S316W,0,"criteria provided, single submitter",ClinVar,2453460,clinvar
hybrid,MSH2,S,A,473,17,13,4,0.7647058823529411,-0.2682639865946794,221,0,1,4,13,11,19,17,4,2,2,4,6,6,0,0.333333,0.333333,0.0,-0.333333,0.333333,0.666666,0.666667,5,1,-4,17,13,-4,17->13,1,1,1->1,0,0,0->0,105.09,89.09,-16.0,16.0,-0.8,1.8,2.6,2.6,0,0,0,0,1,0,0,0->1,mild_hydrophilic,mild_hydrophobic,mild_hydrophilic->mild_hydrophobic,polar,small_nonpolar,0,0->0,6,4,-2,5.28,,,,,,unknown,unknown,,,,,,0,0,0,0,,,MSH2 p.S473A,0,"criteria provided, single submitter",ClinVar,3874907,clinvar
hybrid,MSH2,S,G,498,17,13,4,0.7647058823529411,-0.2682639865946794,221,0,1,4,13,11,19,17,4,2,2,4,6,6,0,0.333333,0.333333,0.0,-0.333333,0.333333,0.666666,0.666667,5,1,-4,17,13,-4,17->13,1,1,1->1,0,0,0->0,105.09,75.07,-30.02000000000001,30.02000000000001,-0.8,-0.4,0.4,0.4,0,0,0,0,1,0,0,0->1,mild_hydrophilic,mild_hydrophilic,mild_hydrophilic->mild_hydrophilic,polar,small_nonpolar,0,0->0,6,4,-2,3.5006,,,,,,unknown,unknown,,,,,,0,0,0,0,,,MSH2 p.S498G,0,"criteria provided, single submitter",ClinVar,1773807,clinvar
hybrid,MSH2,S,T,516,17,17,0,1.0,0.0,289,0,0,0,13,13,19,19,4,4,2,2,6,6,0,0.333333,0.333333,0.0,-0.333333,-0.333333,0.0,0.0,5,5,0,17,17,0,17->17,1,1,1->1,0,0,0->0,105.09,119.12,14.030000000000001,14.030000000000001,-0.8,-0.7,0.10000000000000009,0.10000000000000009,0,0,0,0,0,0,0,0->1,mild_hydrophilic,mild_hydrophilic,mild_hydrophilic->mild_hydrophilic,polar,polar,1,0->0,6,4,-2,0.5209,,,,,,unknown,unknown,,,,,,0,0,0,0,,,MSH2 p.S516T,0,"criteria provided, single submitter",ClinVar,3230814,clinvar
hybrid,MSH2,S,I,554,17,17,0,1.0,0.0,289,0,0,0,13,13,19,19,4,4,2,2,6,6,0,0.333333,0.333333,0.0,-0.333333,-0.333333,0.0,0.0,5,5,0,17,17,0,17->17,1,1,1->1,0,0,0->0,105.09,131.18,26.090000000000003,26.090000000000003,-0.8,4.5,5.3,5.3,0,0,0,0,1,0,0,0->1,mild_hydrophilic,strong_hydrophobic,mild_hydrophilic->strong_hydrophobic,polar,hydrophobic,0,0->0,6,3,-3,8.2827,,,,,,unknown,unknown,,,,,,0,0,0,0,,,MSH2 p.S554I,1,"criteria provided, single submitter",ClinVar,1777499,clinvar
hybrid,MSH2,S,A,585,17,13,4,0.7647058823529411,-0.2682639865946794,221,0,1,4,13,11,19,17,4,2,2,4,6,6,0,0.333333,0.333333,0.0,-0.333333,0.333333,0.666666,0.666667,5,1,-4,17,13,-4,17->13,1,1,1->1,0,0,0->0,105.09,89.09,-16.0,16.0,-0.8,1.8,2.6,2.6,0,0,0,0,1,0,0,0->1,mild_hydrophilic,mild_hydrophobic,mild_hydrophilic->mild_hydrophobic,polar,small_nonpolar,0,0->0,6,4,-2,5.28,,,,,,unknown,unknown,,,,,,0,0,0,0,,,MSH2 p.S585A,0,"criteria provided, single submitter",ClinVar,2567748,clinvar
hybrid,MSH2,S,P,612,17,17,0,1.0,0.0,289,0,0,0,13,13,19,19,4,4,2,2,6,6,0,0.333333,0.333333,0.0,-0.333333,-0.333333,0.0,0.0,5,5,0,17,17,0,17->17,1,1,1->1,0,0,0->0,105.09,115.13,10.039999999999992,10.039999999999992,-0.8,-1.6,-0.8,0.8,0,0,0,0,1,0,0,0->1,mild_hydrophilic,mild_hydrophilic,mild_hydrophilic->mild_hydrophilic,polar,special,0,0->0,6,4,-2,3.3012,,,,,,unknown,unknown,,,,,,0,0,0,0,,,MSH2 p.S612P,0,"criteria provided, single submitter",ClinVar,2447337,clinvar
hybrid,MSH2,S,L,676,17,23,6,1.3529411764705883,0.3022808718729337,391,1,0,6,13,19,19,29,4,4,2,6,6,10,4,0.333333,0.2,-0.133333,-0.333333,0.2,0.533333,0.75,5,5,0,17,23,6,17->23,1,0,1->0,0,1,0->1,105.09,131.18,26.090000000000003,26.090000000000003,-0.8,3.8,4.6,4.6,0,0,0,0,1,0,0,0->1,mild_hydrophilic,strong_hydrophobic,mild_hydrophilic->strong_hydrophobic,polar,hydrophobic,0,0->0,6,6,0,7.5827,,,,,,unknown,unknown,,,,,,0,0,0,0,,,MSH2 p.S676L,1,"criteria provided, single submitter",ClinVar,433893,clinvar
hybrid,MSH2,S,G,717,17,13,4,0.7647058823529411,-0.2682639865946794,221,0,1,4,13,11,19,17,4,2,2,4,6,6,0,0.333333,0.333333,0.0,-0.333333,0.333333,0.666666,0.666667,5,1,-4,17,13,-4,17->13,1,1,1->1,0,0,0->0,105.09,75.07,-30.02000000000001,30.02000000000001,-0.8,-0.4,0.4,0.4,0,0,0,0,1,0,0,0->1,mild_hydrophilic,mild_hydrophilic,mild_hydrophilic->mild_hydrophilic,polar,small_nonpolar,0,0->0,6,4,-2,3.5006,,,,,,unknown,unknown,,,,,,0,0,0,0,,,MSH2 p.S717G,0,"criteria provided, single submitter",ClinVar,848126,clinvar
hybrid,MSH2,S,W,860,17,11,6,0.6470588235294118,-0.4353180712578455,187,0,1,6,13,7,19,13,4,4,2,2,6,6,0,0.333333,0.333333,0.0,-0.333333,-0.333333,0.0,1.0,5,5,0,17,11,-6,17->11,1,1,1->1,0,1,0->1,105.09,204.23,99.13999999999999,99.13999999999999,-0.8,-0.9,-0.09999999999999998,0.09999999999999998,0,0,0,0,1,1,1,0->0,mild_hydrophilic,mild_hydrophilic,mild_hydrophilic->mild_hydrophilic,polar,aromatic,0,0->0,6,1,-5,6.4742,,,,,,unknown,unknown,,,,,,0,0,0,0,,,MSH2 p.S860W,0,"criteria provided, single submitter",ClinVar,3230839,clinvar
hybrid,MSH2,S,L,928,17,23,6,1.3529411764705883,0.3022808718729337,391,1,0,6,13,19,19,29,4,4,2,6,6,10,4,0.333333,0.2,-0.133333,-0.333333,0.2,0.533333,0.75,5,5,0,17,23,6,17->23,1,0,1->0,0,1,0->1,105.09,131.18,26.090000000000003,26.090000000000003,-0.8,3.8,4.6,4.6,0,0,0,0,1,0,0,0->1,mild_hydrophilic,strong_hydrophobic,mild_hydrophilic->strong_hydrophobic,polar,hydrophobic,0,0->0,6,6,0,7.5827,,,,,,unknown,unknown,,,,,,0,0,0,0,,,MSH2 p.S928L,0,"criteria provided, single submitter",ClinVar,2453497,clinvar
hybrid,MSH2,T,K,234,17,11,6,0.6470588235294118,-0.4353180712578455,187,0,1,6,13,7,19,13,4,4,2,2,6,6,0,0.333333,0.333333,0.0,-0.333333,-0.333333,0.0,1.0,5,5,0,17,11,-6,17->11,1,1,1->1,0,1,0->1,119.12,146.19,27.069999999999993,27.069999999999993,-0.7,-3.9,-3.2,3.2,0,1,1,1,0,0,0,1->0,mild_hydrophilic,strong_hydrophilic,mild_hydrophilic->strong_hydrophilic,polar,basic,0,0->1,4,2,-2,6.5121,,,,,,unknown,unknown,,,,,,0,0,0,0,,,MSH2 p.T234K,0,"criteria provided, single submitter",ClinVar,1756711,clinvar
hybrid,MSH2,T,I,292,17,17,0,1.0,0.0,289,0,0,0,13,13,19,19,4,4,2,2,6,6,0,0.333333,0.333333,0.0,-0.333333,-0.333333,0.0,0.0,5,5,0,17,17,0,17->17,1,1,1->1,0,0,0->0,119.12,131.18,12.060000000000002,12.060000000000002,-0.7,4.5,5.2,5.2,0,0,0,0,1,0,1,1->1,mild_hydrophilic,strong_hydrophobic,mild_hydrophilic->strong_hydrophobic,polar,hydrophobic,0,0->0,4,3,-1,7.7618,,,,,,unknown,unknown,,,,,,0,0,0,0,,,MSH2 p.T292I,0,"criteria provided, single submitter",ClinVar,2587515,clinvar
hybrid,MSH2,T,I,31,17,17,0,1.0,0.0,289,0,0,0,13,13,19,19,4,4,2,2,6,6,0,0.333333,0.333333,0.0,-0.333333,-0.333333,0.0,0.0,5,5,0,17,17,0,17->17,1,1,1->1,0,0,0->0,119.12,131.18,12.060000000000002,12.060000000000002,-0.7,4.5,5.2,5.2,0,0,0,0,1,0,1,1->1,mild_hydrophilic,strong_hydrophobic,mild_hydrophilic->strong_hydrophobic,polar,hydrophobic,0,0->0,4,3,-1,7.7618,,,,,,unknown,unknown,,,,,,0,0,0,0,,,MSH2 p.T31I,0,"criteria provided, single submitter",ClinVar,3673966,clinvar
hybrid,MSH2,T,P,31,17,17,0,1.0,0.0,289,0,0,0,13,13,19,19,4,4,2,2,6,6,0,0.333333,0.333333,0.0,-0.333333,-0.333333,0.0,0.0,5,5,0,17,17,0,17->17,1,1,1->1,0,0,0->0,119.12,115.13,-3.990000000000009,3.990000000000009,-0.7,-1.6,-0.9000000000000001,0.9000000000000001,0,0,0,0,1,0,1,1->1,mild_hydrophilic,mild_hydrophilic,mild_hydrophilic->mild_hydrophilic,polar,special,0,0->0,4,4,0,3.2197,,,,,,unknown,unknown,,,,,,0,0,0,0,,,MSH2 p.T31P,0,"criteria provided, single submitter",ClinVar,3398561,clinvar
hybrid,MSH2,T,P,335,17,17,0,1.0,0.0,289,0,0,0,13,13,19,19,4,4,2,2,6,6,0,0.333333,0.333333,0.0,-0.333333,-0.333333,0.0,0.0,5,5,0,17,17,0,17->17,1,1,1->1,0,0,0->0,119.12,115.13,-3.990000000000009,3.990000000000009,-0.7,-1.6,-0.9000000000000001,0.9000000000000001,0,0,0,0,1,0,1,1->1,mild_hydrophilic,mild_hydrophilic,mild_hydrophilic->mild_hydrophilic,polar,special,0,0->0,4,4,0,3.2197,,,,,,unknown,unknown,,,,,,0,0,0,0,,,MSH2 p.T335P,1,"criteria provided, single submitter",ClinVar,2561335,clinvar
hybrid,MSH2,T,S,335,17,17,0,1.0,0.0,289,0,0,0,13,13,19,19,4,4,2,2,6,6,0,0.333333,0.333333,0.0,-0.333333,-0.333333,0.0,0.0,5,5,0,17,17,0,17->17,1,1,1->1,0,0,0->0,119.12,105.09,-14.030000000000001,14.030000000000001,-0.7,-0.8,-0.10000000000000009,0.10000000000000009,0,0,0,0,0,0,0,1->0,mild_hydrophilic,mild_hydrophilic,mild_hydrophilic->mild_hydrophilic,polar,polar,1,0->0,4,6,2,0.5209,,,,,,unknown,unknown,,,,,,0,0,0,0,,,MSH2 p.T335S,0,"criteria provided, single submitter",ClinVar,2453496,clinvar
hybrid,MSH2,T,S,375,17,17,0,1.0,0.0,289,0,0,0,13,13,19,19,4,4,2,2,6,6,0,0.333333,0.333333,0.0,-0.333333,-0.333333,0.0,0.0,5,5,0,17,17,0,17->17,1,1,1->1,0,0,0->0,119.12,105.09,-14.030000000000001,14.030000000000001,-0.7,-0.8,-0.10000000000000009,0.10000000000000009,0,0,0,0,0,0,0,1->0,mild_hydrophilic,mild_hydrophilic,mild_hydrophilic->mild_hydrophilic,polar,polar,1,0->0,4,6,2,0.5209,,,,,,unknown,unknown,,,,,,0,0,0,0,,,MSH2 p.T375S,0,"criteria provided, single submitter",ClinVar,3296219,clinvar
hybrid,MSH2,T,R,456,17,19,2,1.1176470588235294,0.1112256351102244,323,1,0,2,13,17,19,23,4,2,2,4,6,6,0,0.333333,0.333333,0.0,-0.333333,0.333333,0.666666,0.333333,5,1,-4,17,19,2,17->19,1,1,1->1,0,0,0->0,119.12,174.2,55.079999999999984,55.079999999999984,-0.7,-4.5,-3.8,3.8,0,1,1,1,0,0,0,1->0,mild_hydrophilic,strong_hydrophilic,mild_hydrophilic->strong_hydrophilic,polar,basic,0,0->1,4,6,2,7.9524,,,,,,unknown,unknown,,,,,,0,0,0,0,,,MSH2 p.T456R,0,"criteria provided, single submitter",ClinVar,1770951,clinvar
hybrid,MSH2,T,K,495,17,11,6,0.6470588235294118,-0.4353180712578455,187,0,1,6,13,7,19,13,4,4,2,2,6,6,0,0.333333,0.333333,0.0,-0.333333,-0.333333,0.0,1.0,5,5,0,17,11,-6,17->11,1,1,1->1,0,1,0->1,119.12,146.19,27.069999999999993,27.069999999999993,-0.7,-3.9,-3.2,3.2,0,1,1,1,0,0,0,1->0,mild_hydrophilic,strong_hydrophilic,mild_hydrophilic->strong_hydrophilic,polar,basic,0,0->1,4,2,-2,6.5121,,,,,,unknown,unknown,,,,,,0,0,0,0,,,MSH2 p.T495K,0,"criteria provided, single submitter",ClinVar,3296237,clinvar
hybrid,MSH2,T,N,541,17,7,10,0.4117647058823529,-0.8873031950009028,119,0,1,10,13,5,19,11,4,2,2,4,6,6,0,0.333333,0.333333,0.0,-0.333333,0.333333,0.666666,1.666667,5,1,-4,17,7,-10,17->7,1,1,1->1,0,0,0->0,119.12,132.12,13.0,13.0,-0.7,-3.5,-2.8,2.8,0,0,0,0,0,0,0,1->0,mild_hydrophilic,strong_hydrophilic,mild_hydrophilic->strong_hydrophilic,polar,polar,1,0->0,4,2,-2,3.19,,,,,,unknown,unknown,,,,,,0,0,0,0,,,MSH2 p.T541N,0,"criteria provided, single submitter",ClinVar,1776628,clinvar
hybrid,MSH2,T,S,594,17,17,0,1.0,0.0,289,0,0,0,13,13,19,19,4,4,2,2,6,6,0,0.333333,0.333333,0.0,-0.333333,-0.333333,0.0,0.0,5,5,0,17,17,0,17->17,1,1,1->1,0,0,0->0,119.12,105.09,-14.030000000000001,14.030000000000001,-0.7,-0.8,-0.10000000000000009,0.10000000000000009,0,0,0,0,0,0,0,1->0,mild_hydrophilic,mild_hydrophilic,mild_hydrophilic->mild_hydrophilic,polar,polar,1,0->0,4,6,2,0.5209,,,,,,unknown,unknown,,,,,,0,0,0,0,,,MSH2 p.T594S,0,"criteria provided, single submitter",ClinVar,2567769,clinvar
hybrid,MSH2,T,S,60,17,17,0,1.0,0.0,289,0,0,0,13,13,19,19,4,4,2,2,6,6,0,0.333333,0.333333,0.0,-0.333333,-0.333333,0.0,0.0,5,5,0,17,17,0,17->17,1,1,1->1,0,0,0->0,119.12,105.09,-14.030000000000001,14.030000000000001,-0.7,-0.8,-0.10000000000000009,0.10000000000000009,0,0,0,0,0,0,0,1->0,mild_hydrophilic,mild_hydrophilic,mild_hydrophilic->mild_hydrophilic,polar,polar,1,0->0,4,6,2,0.5209,,,,,,unknown,unknown,,,,,,0,0,0,0,,,MSH2 p.T60S,0,"criteria provided, single submitter",ClinVar,1780163,clinvar
hybrid,MSH2,T,P,732,17,17,0,1.0,0.0,289,0,0,0,13,13,19,19,4,4,2,2,6,6,0,0.333333,0.333333,0.0,-0.333333,-0.333333,0.0,0.0,5,5,0,17,17,0,17->17,1,1,1->1,0,0,0->0,119.12,115.13,-3.990000000000009,3.990000000000009,-0.7,-1.6,-0.9000000000000001,0.9000000000000001,0,0,0,0,1,0,1,1->1,mild_hydrophilic,mild_hydrophilic,mild_hydrophilic->mild_hydrophilic,polar,special,0,0->0,4,4,0,3.2197,,,,,,unknown,unknown,,,,,,0,0,0,0,,,MSH2 p.T732P,1,"criteria provided, single submitter",ClinVar,2674578,clinvar
hybrid,MSH2,T,S,740,17,17,0,1.0,0.0,289,0,0,0,13,13,19,19,4,4,2,2,6,6,0,0.333333,0.333333,0.0,-0.333333,-0.333333,0.0,0.0,5,5,0,17,17,0,17->17,1,1,1->1,0,0,0->0,119.12,105.09,-14.030000000000001,14.030000000000001,-0.7,-0.8,-0.10000000000000009,0.10000000000000009,0,0,0,0,0,0,0,1->0,mild_hydrophilic,mild_hydrophilic,mild_hydrophilic->mild_hydrophilic,polar,polar,1,0->0,4,6,2,0.5209,,,,,,unknown,unknown,,,,,,0,0,0,0,,,MSH2 p.T740S,0,"criteria provided, single submitter",ClinVar,3296241,clinvar
hybrid,MSH2,T,P,905,17,17,0,1.0,0.0,289,0,0,0,13,13,19,19,4,4,2,2,6,6,0,0.333333,0.333333,0.0,-0.333333,-0.333333,0.0,0.0,5,5,0,17,17,0,17->17,1,1,1->1,0,0,0->0,119.12,115.13,-3.990000000000009,3.990000000000009,-0.7,-1.6,-0.9000000000000001,0.9000000000000001,0,0,0,0,1,0,1,1->1,mild_hydrophilic,mild_hydrophilic,mild_hydrophilic->mild_hydrophilic,polar,special,0,0->0,4,4,0,3.2197,,,,,,unknown,unknown,,,,,,0,0,0,0,,,MSH2 p.T905P,0,"criteria provided, single submitter",ClinVar,821700,clinvar
hybrid,MSH2,W,R,345,11,19,8,1.7272727272727273,0.5465437063680699,209,1,0,8,7,17,13,23,4,2,2,4,6,6,0,0.333333,0.333333,0.0,-0.333333,0.333333,0.666666,1.333333,5,1,-4,11,19,8,11->19,1,1,1->1,1,0,1->0,204.23,174.2,-30.03,30.03,-0.9,-4.5,-3.6,3.6,0,1,1,1,1,1,1,0->0,mild_hydrophilic,strong_hydrophilic,mild_hydrophilic->strong_hydrophilic,aromatic,basic,0,0->1,1,6,5,9.4009,,,,,,unknown,unknown,,,,,,0,0,0,0,,,MSH2 p.W345R,1,"criteria provided, single submitter",ClinVar,4111041,clinvar
hybrid,MSH2,Y,N,299,17,7,10,0.4117647058823529,-0.8873031950009028,119,0,1,10,13,5,19,11,4,2,2,4,6,6,0,0.333333,0.333333,0.0,-0.333333,0.333333,0.666666,1.666667,5,1,-4,17,7,-10,17->7,1,1,1->1,0,0,0->0,181.19,132.12,-49.06999999999999,49.06999999999999,-1.3,-3.5,-2.2,2.2,0,0,0,0,0,1,0,1->0,mild_hydrophilic,strong_hydrophilic,mild_hydrophilic->strong_hydrophilic,aromatic,polar,0,0->0,2,2,0,5.8721,,,,,,unknown,unknown,,,,,,0,0,0,0,,,MSH2 p.Y299N,0,"criteria provided, single submitter",ClinVar,1765259,clinvar
hybrid,MSH2,Y,H,619,17,13,4,0.7647058823529411,-0.2682639865946794,221,0,1,4,13,11,19,17,4,2,2,4,6,6,0,0.333333,0.333333,0.0,-0.333333,0.333333,0.666666,0.666667,5,1,-4,17,13,-4,17->13,1,1,1->1,0,0,0->0,181.19,155.16,-26.03,26.03,-1.3,-3.2,-1.9000000000000001,1.9000000000000001,0,1,1,1,0,0,0,1->0,mild_hydrophilic,strong_hydrophilic,mild_hydrophilic->strong_hydrophilic,aromatic,basic,0,0->1,2,2,0,5.1809,,,,,,unknown,unknown,,,,,,0,0,0,0,,,MSH2 p.Y619H,0,"criteria provided, single submitter",ClinVar,1781397,clinvar
hybrid,MSH2,Y,N,656,17,7,10,0.4117647058823529,-0.8873031950009028,119,0,1,10,13,5,19,11,4,2,2,4,6,6,0,0.333333,0.333333,0.0,-0.333333,0.333333,0.666666,1.666667,5,1,-4,17,7,-10,17->7,1,1,1->1,0,0,0->0,181.19,132.12,-49.06999999999999,49.06999999999999,-1.3,-3.5,-2.2,2.2,0,0,0,0,0,1,0,1->0,mild_hydrophilic,strong_hydrophilic,mild_hydrophilic->strong_hydrophilic,aromatic,polar,0,0->0,2,2,0,5.8721,,,,,,unknown,unknown,,,,,,0,0,0,0,,,MSH2 p.Y656N,0,"criteria provided, single submitter",ClinVar,3230823,clinvar
hybrid,MSH2,Y,C,66,17,5,12,0.29411764705882354,-1.2237754316221157,85,0,1,12,13,3,19,7,4,2,2,2,6,4,-2,0.333333,0.5,0.166667,-0.333333,0.0,0.333333,2.4,5,5,0,17,5,-12,17->5,1,1,1->1,0,1,0->1,181.19,121.16,-60.03,60.03,-1.3,2.5,3.8,3.8,0,0,0,0,0,1,0,1->0,mild_hydrophilic,strong_hydrophobic,mild_hydrophilic->strong_hydrophobic,aromatic,special,0,0->0,2,2,0,7.8009,,,,,,unknown,unknown,,,,,,0,0,0,0,,,MSH2 p.Y66C,0,"criteria provided, single submitter",ClinVar,3230824,clinvar
hybrid,MSH2,Y,H,66,17,13,4,0.7647058823529411,-0.2682639865946794,221,0,1,4,13,11,19,17,4,2,2,4,6,6,0,0.333333,0.333333,0.0,-0.333333,0.333333,0.666666,0.666667,5,1,-4,17,13,-4,17->13,1,1,1->1,0,0,0->0,181.19,155.16,-26.03,26.03,-1.3,-3.2,-1.9000000000000001,1.9000000000000001,0,1,1,1,0,0,0,1->0,mild_hydrophilic,strong_hydrophilic,mild_hydrophilic->strong_hydrophilic,aromatic,basic,0,0->1,2,2,0,5.1809,,,,,,unknown,unknown,,,,,,0,0,0,0,,,MSH2 p.Y66H,0,"criteria provided, single submitter",ClinVar,4111032,clinvar
hybrid,MSH2,Y,D,863,17,11,6,0.6470588235294118,-0.4353180712578455,187,0,1,6,13,7,19,13,4,4,2,2,6,6,0,0.333333,0.333333,0.0,-0.333333,-0.333333,0.0,1.0,5,5,0,17,11,-6,17->11,1,1,1->1,0,1,0->1,181.19,133.1,-48.09,48.09,-1.3,-3.5,-2.2,2.2,0,-1,-1,1,0,1,0,1->0,mild_hydrophilic,strong_hydrophilic,mild_hydrophilic->strong_hydrophilic,aromatic,acidic,0,0->-1,2,2,0,7.3427,,,,,,unknown,unknown,,,,,,0,0,0,0,,,MSH2 p.Y863D,0,"criteria provided, single submitter",ClinVar,821530,clinvar
hybrid,MSH2,V,A,267,19,13,6,0.6842105263157895,-0.3794896217049037,247,0,1,6,17,11,23,17,2,2,4,4,6,6,0,0.333333,0.333333,0.0,0.333333,0.333333,0.0,1.0,1,1,0,19,13,-6,19->13,1,1,1->1,0,0,0->0,117.15,89.09,-28.060000000000002,28.060000000000002,4.2,1.8,-2.4000000000000004,2.4000000000000004,0,0,0,0,0,0,1,1->1,strong_hydrophobic,mild_hydrophobic,strong_hydrophobic->mild_hydrophobic,hydrophobic,small_nonpolar,0,0->0,4,4,0,4.2418,,,,,,unknown,unknown,,,,,,0,0,0,0,,,MSH2 p.V267A,0,"criteria provided, single submitter",ClinVar,3874920,clinvar
hybrid,MSH2,V,I,267,19,17,2,0.8947368421052632,-0.11122563511022437,323,0,1,2,17,13,23,19,2,4,4,2,6,6,0,0.333333,0.333333,0.0,0.333333,-0.333333,-0.666666,0.333333,1,5,4,19,17,-2,19->17,1,1,1->1,0,0,0->0,117.15,131.18,14.030000000000001,14.030000000000001,4.2,4.5,0.2999999999999998,0.2999999999999998,0,0,0,0,0,0,1,1->1,strong_hydrophobic,strong_hydrophobic,strong_hydrophobic->strong_hydrophobic,hydrophobic,hydrophobic,1,0->0,4,3,-1,0.7209,,,,,,unknown,unknown,,,,,,0,0,0,0,,,MSH2 p.V267I,0,"criteria provided, single submitter",ClinVar,1761550,clinvar
hybrid,MSH2,V,L,267,19,23,4,1.2105263157894737,0.19105523676270922,437,1,0,4,17,19,23,29,2,4,4,6,6,10,4,0.333333,0.2,-0.133333,0.333333,0.2,-0.133333,0.5,1,5,4,19,23,4,19->23,1,0,1->0,0,1,0->1,117.15,131.18,14.030000000000001,14.030000000000001,4.2,3.8,-0.40000000000000036,0.40000000000000036,0,0,0,0,0,0,1,1->1,strong_hydrophobic,strong_hydrophobic,strong_hydrophobic->strong_hydrophobic,hydrophobic,hydrophobic,1,0->0,4,6,2,0.8209,,,,,,unknown,unknown,,,,,,0,0,0,0,,,MSH2 p.V267L,0,"criteria provided, single submitter",ClinVar,2453506,clinvar
hybrid,MSH2,V,A,317,19,13,6,0.6842105263157895,-0.3794896217049037,247,0,1,6,17,11,23,17,2,2,4,4,6,6,0,0.333333,0.333333,0.0,0.333333,0.333333,0.0,1.0,1,1,0,19,13,-6,19->13,1,1,1->1,0,0,0->0,117.15,89.09,-28.060000000000002,28.060000000000002,4.2,1.8,-2.4000000000000004,2.4000000000000004,0,0,0,0,0,0,1,1->1,strong_hydrophobic,mild_hydrophobic,strong_hydrophobic->mild_hydrophobic,hydrophobic,small_nonpolar,0,0->0,4,4,0,4.2418,,,,,,unknown,unknown,,,,,,0,0,0,0,,,MSH2 p.V317A,0,"criteria provided, single submitter",ClinVar,3230861,clinvar
hybrid,MSH2,V,L,34,19,23,4,1.2105263157894737,0.19105523676270922,437,1,0,4,17,19,23,29,2,4,4,6,6,10,4,0.333333,0.2,-0.133333,0.333333,0.2,-0.133333,0.5,1,5,4,19,23,4,19->23,1,0,1->0,0,1,0->1,117.15,131.18,14.030000000000001,14.030000000000001,4.2,3.8,-0.40000000000000036,0.40000000000000036,0,0,0,0,0,0,1,1->1,strong_hydrophobic,strong_hydrophobic,strong_hydrophobic->strong_hydrophobic,hydrophobic,hydrophobic,1,0->0,4,6,2,0.8209,,,,,,unknown,unknown,,,,,,0,0,0,0,,,MSH2 p.V34L,0,"criteria provided, single submitter",ClinVar,1797888,clinvar
hybrid,MSH2,V,E,437,19,11,8,0.5789473684210527,-0.5465437063680699,209,0,1,8,17,7,23,13,2,4,4,2,6,6,0,0.333333,0.333333,0.0,0.333333,-0.333333,-0.666666,1.333333,1,5,4,19,11,-8,19->11,1,1,1->1,0,1,0->1,117.15,147.13,29.97999999999999,29.97999999999999,4.2,-3.5,-7.7,7.7,0,-1,-1,1,1,0,0,1->0,strong_hydrophobic,strong_hydrophilic,strong_hydrophobic->strong_hydrophilic,hydrophobic,acidic,0,0->-1,4,2,-2,12.2994,,,,,,unknown,unknown,,,,,,0,0,0,0,,,MSH2 p.V437E,0,"criteria provided, single submitter",ClinVar,2453459,clinvar
hybrid,MSH2,V,F,532,19,17,2,0.8947368421052632,-0.11122563511022437,323,0,1,2,17,13,23,19,2,4,4,2,6,6,0,0.333333,0.333333,0.0,0.333333,-0.333333,-0.666666,0.333333,1,5,4,19,17,-2,19->17,1,1,1->1,0,0,0->0,117.15,165.19,48.03999999999999,48.03999999999999,4.2,2.8,-1.4000000000000004,1.4000000000000004,0,0,0,0,0,1,1,1->1,strong_hydrophobic,strong_hydrophobic,strong_hydrophobic->strong_hydrophobic,hydrophobic,aromatic,0,0->0,4,2,-2,5.0412,,,,,,unknown,unknown,,,,,,0,0,0,0,,,MSH2 p.V532F,0,"criteria provided, single submitter",ClinVar,4111028,clinvar
hybrid,MSH2,V,A,57,19,13,6,0.6842105263157895,-0.3794896217049037,247,0,1,6,17,11,23,17,2,2,4,4,6,6,0,0.333333,0.333333,0.0,0.333333,0.333333,0.0,1.0,1,1,0,19,13,-6,19->13,1,1,1->1,0,0,0->0,117.15,89.09,-28.060000000000002,28.060000000000002,4.2,1.8,-2.4000000000000004,2.4000000000000004,0,0,0,0,0,0,1,1->1,strong_hydrophobic,mild_hydrophobic,strong_hydrophobic->mild_hydrophobic,hydrophobic,small_nonpolar,0,0->0,4,4,0,4.2418,,,,,,unknown,unknown,,,,,,0,0,0,0,,,MSH2 p.V57A,0,"criteria provided, single submitter",ClinVar,1778539,clinvar
hybrid,MSH2,V,I,606,19,17,2,0.8947368421052632,-0.11122563511022437,323,0,1,2,17,13,23,19,2,4,4,2,6,6,0,0.333333,0.333333,0.0,0.333333,-0.333333,-0.666666,0.333333,1,5,4,19,17,-2,19->17,1,1,1->1,0,0,0->0,117.15,131.18,14.030000000000001,14.030000000000001,4.2,4.5,0.2999999999999998,0.2999999999999998,0,0,0,0,0,0,1,1->1,strong_hydrophobic,strong_hydrophobic,strong_hydrophobic->strong_hydrophobic,hydrophobic,hydrophobic,1,0->0,4,3,-1,0.7209,,,,,,unknown,unknown,,,,,,0,0,0,0,,,MSH2 p.V606I,0,"criteria provided, single submitter",ClinVar,1780677,clinvar
hybrid,MSH2,V,A,611,19,13,6,0.6842105263157895,-0.3794896217049037,247,0,1,6,17,11,23,17,2,2,4,4,6,6,0,0.333333,0.333333,0.0,0.333333,0.333333,0.0,1.0,1,1,0,19,13,-6,19->13,1,1,1->1,0,0,0->0,117.15,89.09,-28.060000000000002,28.060000000000002,4.2,1.8,-2.4000000000000004,2.4000000000000004,0,0,0,0,0,0,1,1->1,strong_hydrophobic,mild_hydrophobic,strong_hydrophobic->mild_hydrophobic,hydrophobic,small_nonpolar,0,0->0,4,4,0,4.2418,,,,,,unknown,unknown,,,,,,0,0,0,0,,,MSH2 p.V611A,0,"criteria provided, single submitter",ClinVar,1780989,clinvar
hybrid,MSH2,V,A,617,19,13,6,0.6842105263157895,-0.3794896217049037,247,0,1,6,17,11,23,17,2,2,4,4,6,6,0,0.333333,0.333333,0.0,0.333333,0.333333,0.0,1.0,1,1,0,19,13,-6,19->13,1,1,1->1,0,0,0->0,117.15,89.09,-28.060000000000002,28.060000000000002,4.2,1.8,-2.4000000000000004,2.4000000000000004,0,0,0,0,0,0,1,1->1,strong_hydrophobic,mild_hydrophobic,strong_hydrophobic->mild_hydrophobic,hydrophobic,small_nonpolar,0,0->0,4,4,0,4.2418,,,,,,unknown,unknown,,,,,,0,0,0,0,,,MSH2 p.V617A,0,"criteria provided, single submitter",ClinVar,619565,clinvar
hybrid,MSH2,V,I,617,19,17,2,0.8947368421052632,-0.11122563511022437,323,0,1,2,17,13,23,19,2,4,4,2,6,6,0,0.333333,0.333333,0.0,0.333333,-0.333333,-0.666666,0.333333,1,5,4,19,17,-2,19->17,1,1,1->1,0,0,0->0,117.15,131.18,14.030000000000001,14.030000000000001,4.2,4.5,0.2999999999999998,0.2999999999999998,0,0,0,0,0,0,1,1->1,strong_hydrophobic,strong_hydrophobic,strong_hydrophobic->strong_hydrophobic,hydrophobic,hydrophobic,1,0->0,4,3,-1,0.7209,,,,,,unknown,unknown,,,,,,0,0,0,0,,,MSH2 p.V617I,0,"criteria provided, single submitter",ClinVar,2496168,clinvar
hybrid,MSH2,V,I,644,19,17,2,0.8947368421052632,-0.11122563511022437,323,0,1,2,17,13,23,19,2,4,4,2,6,6,0,0.333333,0.333333,0.0,0.333333,-0.333333,-0.666666,0.333333,1,5,4,19,17,-2,19->17,1,1,1->1,0,0,0->0,117.15,131.18,14.030000000000001,14.030000000000001,4.2,4.5,0.2999999999999998,0.2999999999999998,0,0,0,0,0,0,1,1->1,strong_hydrophobic,strong_hydrophobic,strong_hydrophobic->strong_hydrophobic,hydrophobic,hydrophobic,1,0->0,4,3,-1,0.7209,,,,,,unknown,unknown,,,,,,0,0,0,0,,,MSH2 p.V644I,0,"criteria provided, single submitter",ClinVar,1782882,clinvar
hybrid,MSH2,V,F,644,19,17,2,0.8947368421052632,-0.11122563511022437,323,0,1,2,17,13,23,19,2,4,4,2,6,6,0,0.333333,0.333333,0.0,0.333333,-0.333333,-0.666666,0.333333,1,5,4,19,17,-2,19->17,1,1,1->1,0,0,0->0,117.15,165.19,48.03999999999999,48.03999999999999,4.2,2.8,-1.4000000000000004,1.4000000000000004,0,0,0,0,0,1,1,1->1,strong_hydrophobic,strong_hydrophobic,strong_hydrophobic->strong_hydrophobic,hydrophobic,aromatic,0,0->0,4,2,-2,5.0412,,,,,,unknown,unknown,,,,,,0,0,0,0,,,MSH2 p.V644F,0,"criteria provided, single submitter",ClinVar,2567772,clinvar
hybrid,MSH2,V,L,655,19,23,4,1.2105263157894737,0.19105523676270922,437,1,0,4,17,19,23,29,2,4,4,6,6,10,4,0.333333,0.2,-0.133333,0.333333,0.2,-0.133333,0.5,1,5,4,19,23,4,19->23,1,0,1->0,0,1,0->1,117.15,131.18,14.030000000000001,14.030000000000001,4.2,3.8,-0.40000000000000036,0.40000000000000036,0,0,0,0,0,0,1,1->1,strong_hydrophobic,strong_hydrophobic,strong_hydrophobic->strong_hydrophobic,hydrophobic,hydrophobic,1,0->0,4,6,2,0.8209,,,,,,unknown,unknown,,,,,,0,0,0,0,,,MSH2 p.V655L,0,"criteria provided, single submitter",ClinVar,2453504,clinvar
hybrid,MSH2,V,M,684,19,11,8,0.5789473684210527,-0.5465437063680699,209,0,1,8,17,7,23,13,2,4,4,2,6,6,0,0.333333,0.333333,0.0,0.333333,-0.333333,-0.666666,1.333333,1,5,4,19,11,-8,19->11,1,1,1->1,0,1,0->1,117.15,149.21,32.06,32.06,4.2,1.9,-2.3000000000000003,2.3000000000000003,0,0,0,0,0,0,0,1->0,strong_hydrophobic,mild_hydrophobic,strong_hydrophobic->mild_hydrophobic,hydrophobic,hydrophobic,1,0->0,4,1,-3,3.2618,,,,,,unknown,unknown,,,,,,0,0,0,0,,,MSH2 p.V684M,0,"criteria provided, single submitter",ClinVar,2561327,clinvar
hybrid,MSH2,V,L,923,19,23,4,1.2105263157894737,0.19105523676270922,437,1,0,4,17,19,23,29,2,4,4,6,6,10,4,0.333333,0.2,-0.133333,0.333333,0.2,-0.133333,0.5,1,5,4,19,23,4,19->23,1,0,1->0,0,1,0->1,117.15,131.18,14.030000000000001,14.030000000000001,4.2,3.8,-0.40000000000000036,0.40000000000000036,0,0,0,0,0,0,1,1->1,strong_hydrophobic,strong_hydrophobic,strong_hydrophobic->strong_hydrophobic,hydrophobic,hydrophobic,1,0->0,4,6,2,0.8209,,,,,,unknown,unknown,,,,,,0,0,0,0,,,MSH2 p.V923L,0,"criteria provided, single submitter",ClinVar,1795753,clinvar
hybrid,MSH2,V,L,95,19,23,4,1.2105263157894737,0.19105523676270922,437,1,0,4,17,19,23,29,2,4,4,6,6,10,4,0.333333,0.2,-0.133333,0.333333,0.2,-0.133333,0.5,1,5,4,19,23,4,19->23,1,0,1->0,0,1,0->1,117.15,131.18,14.030000000000001,14.030000000000001,4.2,3.8,-0.40000000000000036,0.40000000000000036,0,0,0,0,0,0,1,1->1,strong_hydrophobic,strong_hydrophobic,strong_hydrophobic->strong_hydrophobic,hydrophobic,hydrophobic,1,0->0,4,6,2,0.8209,,,,,,unknown,unknown,,,,,,0,0,0,0,,,MSH2 p.V95L,0,"criteria provided, single submitter",ClinVar,821880,clinvar
hybrid,GCK,A,D,119,13,11,2,0.8461538461538461,-0.1670540846631662,143,0,1,2,11,7,17,13,2,4,4,2,6,6,0,0.333333,0.333333,0.0,0.333333,-0.333333,-0.666666,0.333333,1,5,4,13,11,-2,13->11,1,1,1->1,0,1,0->1,89.09,133.1,44.00999999999999,44.00999999999999,1.8,-3.5,-5.3,5.3,0,-1,-1,1,1,0,0,1->0,mild_hydrophobic,strong_hydrophilic,mild_hydrophobic->strong_hydrophilic,small_nonpolar,acidic,0,0->-1,4,2,-2,10.3203,,,,,,unknown,unknown,,,,,,0,0,0,0,,,GCK p.A119D,1,"criteria provided, single submitter",ClinVar,1338287,clinvar
hybrid,GCK,A,P,188,13,17,4,1.3076923076923077,0.26826398659467937,221,1,0,4,11,13,17,19,2,4,4,2,6,6,0,0.333333,0.333333,0.0,0.333333,-0.333333,-0.666666,0.666667,1,5,4,13,17,4,13->17,1,1,1->1,0,0,0->0,89.09,115.13,26.039999999999992,26.039999999999992,1.8,-1.6,-3.4000000000000004,3.4000000000000004,0,0,0,0,0,0,1,1->1,mild_hydrophobic,mild_hydrophilic,mild_hydrophobic->mild_hydrophilic,small_nonpolar,special,0,0->0,4,4,0,5.1812,,,,,,unknown,unknown,,,,,,0,0,0,0,,,GCK p.A188P,1,"criteria provided, single submitter",ClinVar,2502089,clinvar
hybrid,GCK,A,D,232,13,11,2,0.8461538461538461,-0.1670540846631662,143,0,1,2,11,7,17,13,2,4,4,2,6,6,0,0.333333,0.333333,0.0,0.333333,-0.333333,-0.666666,0.333333,1,5,4,13,11,-2,13->11,1,1,1->1,0,1,0->1,89.09,133.1,44.00999999999999,44.00999999999999,1.8,-3.5,-5.3,5.3,0,-1,-1,1,1,0,0,1->0,mild_hydrophobic,strong_hydrophilic,mild_hydrophobic->strong_hydrophilic,small_nonpolar,acidic,0,0->-1,4,2,-2,10.3203,,,,,,unknown,unknown,,,,,,0,0,0,0,,,GCK p.A232D,1,"criteria provided, single submitter",ClinVar,1756314,clinvar
hybrid,GCK,R,L,303,19,23,4,1.2105263157894737,0.19105523676270922,437,1,0,4,17,19,23,29,2,4,4,6,6,10,4,0.333333,0.2,-0.133333,0.333333,0.2,-0.133333,0.5,1,5,4,19,23,4,19->23,1,0,1->0,0,1,0->1,174.2,131.18,-43.01999999999998,43.01999999999998,-4.5,3.8,8.3,8.3,1,0,-1,1,1,0,0,0->1,strong_hydrophilic,strong_hydrophobic,strong_hydrophilic->strong_hydrophobic,basic,hydrophobic,0,1->0,6,6,0,13.2906,,,,,,unknown,unknown,,,,,,0,0,0,0,,,GCK p.R303L,1,"criteria provided, single submitter",ClinVar,447424,clinvar
hybrid,GCK,R,C,369,19,5,14,0.2631578947368421,-1.3350010667323402,95,0,1,14,17,3,23,7,2,2,4,2,6,4,-2,0.333333,0.5,0.166667,0.333333,0.0,-0.333333,2.8,1,5,4,19,5,-14,19->5,1,1,1->1,0,1,0->1,174.2,121.16,-53.03999999999999,53.03999999999999,-4.5,2.5,7.0,7.0,1,0,-1,1,0,0,1,0->0,strong_hydrophilic,strong_hydrophobic,strong_hydrophilic->strong_hydrophobic,basic,special,0,1->0,6,2,-4,11.0912,,,,,,unknown,unknown,,,,,,0,0,0,0,,,GCK p.R369C,1,"criteria provided, single submitter",ClinVar,4685066,clinvar
hybrid,GCK,R,P,369,19,17,2,0.8947368421052632,-0.11122563511022437,323,0,1,2,17,13,23,19,2,4,4,2,6,6,0,0.333333,0.333333,0.0,0.333333,-0.333333,-0.666666,0.333333,1,5,4,19,17,-2,19->17,1,1,1->1,0,0,0->0,174.2,115.13,-59.06999999999999,59.06999999999999,-4.5,-1.6,2.9,2.9,1,0,-1,1,1,0,0,0->1,strong_hydrophilic,mild_hydrophilic,strong_hydrophilic->mild_hydrophilic,basic,special,0,1->0,6,4,-2,8.3721,,,,,,unknown,unknown,,,,,,0,0,0,0,,,GCK p.R369P,1,"criteria provided, single submitter",ClinVar,2632567,clinvar
hybrid,GCK,R,P,397,19,17,2,0.8947368421052632,-0.11122563511022437,323,0,1,2,17,13,23,19,2,4,4,2,6,6,0,0.333333,0.333333,0.0,0.333333,-0.333333,-0.666666,0.333333,1,5,4,19,17,-2,19->17,1,1,1->1,0,0,0->0,174.2,115.13,-59.06999999999999,59.06999999999999,-4.5,-1.6,2.9,2.9,1,0,-1,1,1,0,0,0->1,strong_hydrophilic,mild_hydrophilic,strong_hydrophilic->mild_hydrophilic,basic,special,0,1->0,6,4,-2,8.3721,,,,,,unknown,unknown,,,,,,0,0,0,0,,,GCK p.R397P,1,"criteria provided, single submitter",ClinVar,4077058,clinvar
hybrid,GCK,R,P,43,19,17,2,0.8947368421052632,-0.11122563511022437,323,0,1,2,17,13,23,19,2,4,4,2,6,6,0,0.333333,0.333333,0.0,0.333333,-0.333333,-0.666666,0.333333,1,5,4,19,17,-2,19->17,1,1,1->1,0,0,0->0,174.2,115.13,-59.06999999999999,59.06999999999999,-4.5,-1.6,2.9,2.9,1,0,-1,1,1,0,0,0->1,strong_hydrophilic,mild_hydrophilic,strong_hydrophilic->mild_hydrophilic,basic,special,0,1->0,6,4,-2,8.3721,,,,,,unknown,unknown,,,,,,0,0,0,0,,,GCK p.R43P,1,"criteria provided, single submitter",ClinVar,585913,clinvar
hybrid,GCK,R,K,46,19,11,8,0.5789473684210527,-0.5465437063680699,209,0,1,8,17,7,23,13,2,4,4,2,6,6,0,0.333333,0.333333,0.0,0.333333,-0.333333,-0.666666,1.333333,1,5,4,19,11,-8,19->11,1,1,1->1,0,1,0->1,174.2,146.19,-28.00999999999999,28.00999999999999,-4.5,-3.9,0.6000000000000001,0.6000000000000001,1,1,0,0,0,0,1,0->0,strong_hydrophilic,strong_hydrophilic,strong_hydrophilic->strong_hydrophilic,basic,basic,1,1->1,6,2,-4,1.4403,,,,,,unknown,unknown,,,,,,0,0,0,0,,,GCK p.R46K,0,"criteria provided, single submitter",ClinVar,1802664,clinvar
hybrid,GCK,N,K,204,7,11,4,1.5714285714285714,0.4519851237430572,77,1,0,4,5,7,11,13,2,4,4,2,6,6,0,0.333333,0.333333,0.0,0.333333,-0.333333,-0.666666,0.666667,1,5,4,7,11,4,7->11,1,1,1->1,0,1,0->1,132.12,146.19,14.069999999999993,14.069999999999993,-3.5,-3.9,-0.3999999999999999,0.3999999999999999,0,1,1,1,0,0,1,0->0,strong_hydrophilic,strong_hydrophilic,strong_hydrophilic->strong_hydrophilic,polar,basic,0,0->1,2,2,0,3.3221,,,,,,unknown,unknown,,,,,,0,0,0,0,,,GCK p.N204K,1,"criteria provided, single submitter",ClinVar,3234078,clinvar
hybrid,GCK,D,V,198,11,19,8,1.7272727272727273,0.5465437063680699,209,1,0,8,7,17,13,23,4,2,2,4,6,6,0,0.333333,0.333333,0.0,-0.333333,0.333333,0.666666,1.333333,5,1,-4,11,19,8,11->19,1,1,1->1,1,0,1->0,133.1,117.15,-15.949999999999989,15.949999999999989,-3.5,4.2,7.7,7.7,-1,0,1,1,1,0,0,0->1,strong_hydrophilic,strong_hydrophobic,strong_hydrophilic->strong_hydrophobic,acidic,hydrophobic,0,-1->0,2,4,2,11.8785,,,,,,unknown,unknown,,,,,,0,0,0,0,,,GCK p.D198V,1,"criteria provided, single submitter",ClinVar,3338871,clinvar
hybrid,GCK,D,G,205,11,13,2,1.1818181818181819,0.16705408466316624,143,1,0,2,7,11,13,17,4,2,2,4,6,6,0,0.333333,0.333333,0.0,-0.333333,0.333333,0.666666,0.333333,5,1,-4,11,13,2,11->13,1,1,1->1,1,0,1->0,133.1,75.07,-58.03,58.03,-3.5,-0.4,3.1,3.1,-1,0,1,1,1,0,0,0->1,strong_hydrophilic,mild_hydrophilic,strong_hydrophilic->mild_hydrophilic,acidic,small_nonpolar,0,-1->0,2,4,2,8.5409,,,,,,unknown,unknown,,,,,,0,0,0,0,,,GCK p.D205G,1,"criteria provided, single submitter",ClinVar,1679543,clinvar
hybrid,GCK,D,H,205,11,13,2,1.1818181818181819,0.16705408466316624,143,1,0,2,7,11,13,17,4,2,2,4,6,6,0,0.333333,0.333333,0.0,-0.333333,0.333333,0.666666,0.333333,5,1,-4,11,13,2,11->13,1,1,1->1,1,0,1->0,133.1,155.16,22.060000000000002,22.060000000000002,-3.5,-3.2,0.2999999999999998,0.2999999999999998,-1,1,2,2,0,1,1,0->0,strong_hydrophilic,strong_hydrophilic,strong_hydrophilic->strong_hydrophilic,acidic,basic,0,-1->1,2,2,0,6.1618,,,,,,unknown,unknown,,,,,,0,0,0,0,,,GCK p.D205H,1,"criteria provided, single submitter",ClinVar,2579457,clinvar
hybrid,GCK,D,Y,205,11,17,6,1.5454545454545454,0.4353180712578455,187,1,0,6,7,13,13,19,4,4,2,2,6,6,0,0.333333,0.333333,0.0,-0.333333,-0.333333,0.0,1.0,5,5,0,11,17,6,11->17,1,1,1->1,1,0,1->0,133.1,181.19,48.09,48.09,-3.5,-1.3,2.2,2.2,-1,0,1,1,0,1,0,0->1,strong_hydrophilic,mild_hydrophilic,strong_hydrophilic->mild_hydrophilic,acidic,aromatic,0,-1->0,2,2,0,7.3427,,,,,,unknown,unknown,,,,,,0,0,0,0,,,GCK p.D205Y,1,"criteria provided, single submitter",ClinVar,2136522,clinvar
hybrid,GCK,D,V,205,11,19,8,1.7272727272727273,0.5465437063680699,209,1,0,8,7,17,13,23,4,2,2,4,6,6,0,0.333333,0.333333,0.0,-0.333333,0.333333,0.666666,1.333333,5,1,-4,11,19,8,11->19,1,1,1->1,1,0,1->0,133.1,117.15,-15.949999999999989,15.949999999999989,-3.5,4.2,7.7,7.7,-1,0,1,1,1,0,0,0->1,strong_hydrophilic,strong_hydrophobic,strong_hydrophilic->strong_hydrophobic,acidic,hydrophobic,0,-1->0,2,4,2,11.8785,,,,,,unknown,unknown,,,,,,0,0,0,0,,,GCK p.D205V,1,"criteria provided, single submitter",ClinVar,1679544,clinvar
hybrid,GCK,D,E,278,11,11,0,1.0,0.0,121,0,0,0,7,7,13,13,4,4,2,2,6,6,0,0.333333,0.333333,0.0,-0.333333,-0.333333,0.0,0.0,5,5,0,11,11,0,11->11,1,1,1->1,1,1,1->1,133.1,147.13,14.030000000000001,14.030000000000001,-3.5,-3.5,0.0,0.0,-1,-1,0,0,0,0,1,0->0,strong_hydrophilic,strong_hydrophilic,strong_hydrophilic->strong_hydrophilic,acidic,acidic,1,-1->-1,2,2,0,0.4209,,,,,,unknown,unknown,,,,,,0,0,0,0,,,GCK p.D278E,1,"criteria provided, single submitter",ClinVar,2735003,clinvar
hybrid,GCK,C,F,129,5,17,12,3.4,1.2237754316221157,85,1,0,12,3,13,7,19,2,4,2,2,4,6,2,0.5,0.333333,-0.166667,0.0,-0.333333,-0.333333,2.4,5,5,0,5,17,12,5->17,1,1,1->1,1,0,1->0,121.16,165.19,44.03,44.03,2.5,2.8,0.2999999999999998,0.2999999999999998,0,0,0,0,1,1,0,0->1,strong_hydrophobic,strong_hydrophobic,strong_hydrophobic->strong_hydrophobic,special,aromatic,0,0->0,2,2,0,5.0209,,,,,,unknown,unknown,,,,,,0,0,0,0,,,GCK p.C129F,1,"criteria provided, single submitter",ClinVar,1807282,clinvar
hybrid,GCK,C,R,213,5,19,14,3.8,1.33500106673234,95,1,0,14,3,17,7,23,2,2,2,4,4,6,2,0.5,0.333333,-0.166667,0.0,0.333333,0.333333,2.8,5,1,-4,5,19,14,5->19,1,1,1->1,1,0,1->0,121.16,174.2,53.03999999999999,53.03999999999999,2.5,-4.5,-7.0,7.0,0,1,1,1,0,0,1,0->0,strong_hydrophobic,strong_hydrophilic,strong_hydrophobic->strong_hydrophilic,special,basic,0,0->1,2,6,4,11.0912,,,,,,unknown,unknown,,,,,,0,0,0,0,,,GCK p.C213R,1,"criteria provided, single submitter",ClinVar,2735011,clinvar
hybrid,GCK,C,S,382,5,17,12,3.4,1.2237754316221157,85,1,0,12,3,13,7,19,2,4,2,2,4,6,2,0.5,0.333333,-0.166667,0.0,-0.333333,-0.333333,2.4,5,5,0,5,17,12,5->17,1,1,1->1,1,0,1->0,121.16,105.09,-16.069999999999993,16.069999999999993,2.5,-0.8,-3.3,3.3,0,0,0,0,0,0,1,0->0,strong_hydrophobic,mild_hydrophilic,strong_hydrophobic->mild_hydrophilic,special,polar,0,0->0,2,6,4,4.7821,,,,,,unknown,unknown,,,,,,0,0,0,0,,,GCK p.C382S,1,"criteria provided, single submitter",ClinVar,1709202,clinvar
hybrid,GCK,C,F,434,5,17,12,3.4,1.2237754316221157,85,1,0,12,3,13,7,19,2,4,2,2,4,6,2,0.5,0.333333,-0.166667,0.0,-0.333333,-0.333333,2.4,5,5,0,5,17,12,5->17,1,1,1->1,1,0,1->0,121.16,165.19,44.03,44.03,2.5,2.8,0.2999999999999998,0.2999999999999998,0,0,0,0,1,1,0,0->1,strong_hydrophobic,strong_hydrophobic,strong_hydrophobic->strong_hydrophobic,special,aromatic,0,0->0,2,2,0,5.0209,,,,,,unknown,unknown,,,,,,0,0,0,0,,,GCK p.C434F,1,"criteria provided, single submitter",ClinVar,3720735,clinvar
hybrid,GCK,Q,P,106,7,17,10,2.4285714285714284,0.8873031950009027,119,1,0,10,5,13,11,19,2,4,4,2,6,6,0,0.333333,0.333333,0.0,0.333333,-0.333333,-0.666666,1.666667,1,5,4,7,17,10,7->17,1,1,1->1,0,0,0->0,146.15,115.13,-31.02000000000001,31.02000000000001,-3.5,-1.6,1.9,1.9,0,0,0,0,1,0,0,0->1,strong_hydrophilic,mild_hydrophilic,strong_hydrophilic->mild_hydrophilic,polar,special,0,0->0,2,4,2,5.0306,,,,,,unknown,unknown,,,,,,0,0,0,0,,,GCK p.Q106P,1,"criteria provided, single submitter",ClinVar,2576969,clinvar
hybrid,GCK,E,K,236,11,11,0,1.0,0.0,121,0,0,0,7,7,13,13,4,4,2,2,6,6,0,0.333333,0.333333,0.0,-0.333333,-0.333333,0.0,0.0,5,5,0,11,11,0,11->11,1,1,1->1,1,1,1->1,147.13,146.19,-0.9399999999999977,0.9399999999999977,-3.5,-3.9,-0.3999999999999999,0.3999999999999999,-1,1,2,2,0,0,1,0->0,strong_hydrophilic,strong_hydrophilic,strong_hydrophilic->strong_hydrophilic,acidic,basic,0,-1->1,2,2,0,4.4282,,,,,,unknown,unknown,,,,,,0,0,0,0,,,GCK p.E236K,1,"criteria provided, single submitter",ClinVar,129146,clinvar
hybrid,GCK,G,V,170,13,19,6,1.4615384615384615,0.3794896217049037,247,1,0,6,11,17,17,23,2,2,4,4,6,6,0,0.333333,0.333333,0.0,0.333333,0.333333,0.0,1.0,1,1,0,13,19,6,13->19,1,1,1->1,0,0,0->0,75.07,117.15,42.08000000000001,42.08000000000001,-0.4,4.2,4.6000000000000005,4.6000000000000005,0,0,0,0,0,0,1,1->1,mild_hydrophilic,strong_hydrophobic,mild_hydrophilic->strong_hydrophobic,small_nonpolar,hydrophobic,0,0->0,4,4,0,6.8624,,,,,,unknown,unknown,,,,,,0,0,0,0,,,GCK p.G170V,1,"criteria provided, single submitter",ClinVar,36225,clinvar
hybrid,GCK,G,R,229,13,19,6,1.4615384615384615,0.3794896217049037,247,1,0,6,11,17,17,23,2,2,4,4,6,6,0,0.333333,0.333333,0.0,0.333333,0.333333,0.0,1.0,1,1,0,13,19,6,13->19,1,1,1->1,0,0,0->0,75.07,174.2,99.13,99.13,-0.4,-4.5,-4.1,4.1,0,1,1,1,1,0,0,1->0,mild_hydrophilic,strong_hydrophilic,mild_hydrophilic->strong_hydrophilic,small_nonpolar,basic,0,0->1,4,6,2,10.7739,,,,,,unknown,unknown,,,,,,0,0,0,0,,,GCK p.G229R,1,"criteria provided, single submitter",ClinVar,3340323,clinvar
hybrid,GCK,G,V,294,13,19,6,1.4615384615384615,0.3794896217049037,247,1,0,6,11,17,17,23,2,2,4,4,6,6,0,0.333333,0.333333,0.0,0.333333,0.333333,0.0,1.0,1,1,0,13,19,6,13->19,1,1,1->1,0,0,0->0,75.07,117.15,42.08000000000001,42.08000000000001,-0.4,4.2,4.6000000000000005,4.6000000000000005,0,0,0,0,0,0,1,1->1,mild_hydrophilic,strong_hydrophobic,mild_hydrophilic->strong_hydrophobic,small_nonpolar,hydrophobic,0,0->0,4,4,0,6.8624,,,,,,unknown,unknown,,,,,,0,0,0,0,,,GCK p.G294V,1,"criteria provided, single submitter",ClinVar,1707504,clinvar
hybrid,GCK,G,D,299,13,11,2,0.8461538461538461,-0.1670540846631662,143,0,1,2,11,7,17,13,2,4,4,2,6,6,0,0.333333,0.333333,0.0,0.333333,-0.333333,-0.666666,0.333333,1,5,4,13,11,-2,13->11,1,1,1->1,0,1,0->1,75.07,133.1,58.03,58.03,-0.4,-3.5,-3.1,3.1,0,-1,-1,1,1,0,0,1->0,mild_hydrophilic,strong_hydrophilic,mild_hydrophilic->strong_hydrophilic,small_nonpolar,acidic,0,0->-1,4,2,-2,8.5409,,,,,,unknown,unknown,,,,,,0,0,0,0,,,GCK p.G299D,1,"criteria provided, single submitter",ClinVar,2734999,clinvar
hybrid,GCK,G,S,299,13,17,4,1.3076923076923077,0.26826398659467937,221,1,0,4,11,13,17,19,2,4,4,2,6,6,0,0.333333,0.333333,0.0,0.333333,-0.333333,-0.666666,0.666667,1,5,4,13,17,4,13->17,1,1,1->1,0,0,0->0,75.07,105.09,30.02000000000001,30.02000000000001,-0.4,-0.8,-0.4,0.4,0,0,0,0,1,0,0,1->0,mild_hydrophilic,mild_hydrophilic,mild_hydrophilic->mild_hydrophilic,small_nonpolar,polar,0,0->0,4,6,2,3.5006,,,,,,unknown,unknown,,,,,,0,0,0,0,,,GCK p.G299S,1,"criteria provided, single submitter",ClinVar,3767575,clinvar
hybrid,GCK,G,C,80,13,5,8,0.38461538461538464,-0.9555114450274363,65,0,1,8,11,3,17,7,2,2,4,2,6,4,-2,0.333333,0.5,0.166667,0.333333,0.0,-0.333333,1.6,1,5,4,13,5,-8,13->5,1,1,1->1,0,1,0->1,75.07,121.16,46.09,46.09,-0.4,2.5,2.9,2.9,0,0,0,0,1,0,0,1->0,mild_hydrophilic,strong_hydrophobic,mild_hydrophilic->strong_hydrophobic,small_nonpolar,special,0,0->0,4,2,-2,6.4827,,,,,,unknown,unknown,,,,,,0,0,0,0,,,GCK p.G80C,1,"criteria provided, single submitter",ClinVar,3897233,clinvar
hybrid,GCK,G,S,80,13,17,4,1.3076923076923077,0.26826398659467937,221,1,0,4,11,13,17,19,2,4,4,2,6,6,0,0.333333,0.333333,0.0,0.333333,-0.333333,-0.666666,0.666667,1,5,4,13,17,4,13->17,1,1,1->1,0,0,0->0,75.07,105.09,30.02000000000001,30.02000000000001,-0.4,-0.8,-0.4,0.4,0,0,0,0,1,0,0,1->0,mild_hydrophilic,mild_hydrophilic,mild_hydrophilic->mild_hydrophilic,small_nonpolar,polar,0,0->0,4,6,2,3.5006,,,,,,unknown,unknown,,,,,,0,0,0,0,,,GCK p.G80S,1,"criteria provided, single submitter",ClinVar,449415,clinvar
hybrid,GCK,G,D,81,13,11,2,0.8461538461538461,-0.1670540846631662,143,0,1,2,11,7,17,13,2,4,4,2,6,6,0,0.333333,0.333333,0.0,0.333333,-0.333333,-0.666666,0.333333,1,5,4,13,11,-2,13->11,1,1,1->1,0,1,0->1,75.07,133.1,58.03,58.03,-0.4,-3.5,-3.1,3.1,0,-1,-1,1,1,0,0,1->0,mild_hydrophilic,strong_hydrophilic,mild_hydrophilic->strong_hydrophilic,small_nonpolar,acidic,0,0->-1,4,2,-2,8.5409,,,,,,unknown,unknown,,,,,,0,0,0,0,,,GCK p.G81D,1,"criteria provided, single submitter",ClinVar,3236689,clinvar
hybrid,GCK,G,V,81,13,19,6,1.4615384615384615,0.3794896217049037,247,1,0,6,11,17,17,23,2,2,4,4,6,6,0,0.333333,0.333333,0.0,0.333333,0.333333,0.0,1.0,1,1,0,13,19,6,13->19,1,1,1->1,0,0,0->0,75.07,117.15,42.08000000000001,42.08000000000001,-0.4,4.2,4.6000000000000005,4.6000000000000005,0,0,0,0,0,0,1,1->1,mild_hydrophilic,strong_hydrophobic,mild_hydrophilic->strong_hydrophobic,small_nonpolar,hydrophobic,0,0->0,4,4,0,6.8624,,,,,,unknown,unknown,,,,,,0,0,0,0,,,GCK p.G81V,1,"criteria provided, single submitter",ClinVar,3766875,clinvar
hybrid,GCK,H,N,156,13,7,6,0.5384615384615384,-0.6190392084062235,91,0,1,6,11,5,17,11,2,2,4,4,6,6,0,0.333333,0.333333,0.0,0.333333,0.333333,0.0,1.0,1,1,0,13,7,-6,13->7,1,1,1->1,0,0,0->0,155.16,132.12,-23.039999999999992,23.039999999999992,-3.2,-3.5,-0.2999999999999998,0.2999999999999998,1,0,-1,1,0,1,1,0->0,strong_hydrophilic,strong_hydrophilic,strong_hydrophilic->strong_hydrophilic,basic,polar,0,1->0,2,2,0,4.6912,,,,,,unknown,unknown,,,,,,0,0,0,0,,,GCK p.H156N,1,"criteria provided, single submitter",ClinVar,4070585,clinvar
hybrid,GCK,I,N,110,17,7,10,0.4117647058823529,-0.8873031950009028,119,0,1,10,13,5,19,11,4,2,2,4,6,6,0,0.333333,0.333333,0.0,-0.333333,0.333333,0.666666,1.666667,5,1,-4,17,7,-10,17->7,1,1,1->1,0,0,0->0,131.18,132.12,0.9399999999999977,0.9399999999999977,4.5,-3.5,-8.0,8.0,0,0,0,0,1,0,0,1->0,strong_hydrophobic,strong_hydrophilic,strong_hydrophobic->strong_hydrophilic,hydrophobic,polar,0,0->0,3,2,-1,10.2282,,,,,,unknown,unknown,,,,,,0,0,0,0,,,GCK p.I110N,1,"criteria provided, single submitter",ClinVar,4747574,clinvar
hybrid,GCK,I,M,19,17,11,6,0.6470588235294118,-0.4353180712578455,187,0,1,6,13,7,19,13,4,4,2,2,6,6,0,0.333333,0.333333,0.0,-0.333333,-0.333333,0.0,1.0,5,5,0,17,11,-6,17->11,1,1,1->1,0,1,0->1,131.18,149.21,18.03,18.03,4.5,1.9,-2.6,2.6,0,0,0,0,0,0,0,1->0,strong_hydrophobic,mild_hydrophobic,strong_hydrophobic->mild_hydrophobic,hydrophobic,hydrophobic,1,0->0,3,1,-2,3.1409,,,,,,unknown,unknown,,,,,,0,0,0,0,,,GCK p.I19M,1,"criteria provided, single submitter",ClinVar,36230,clinvar
hybrid,GCK,I,T,211,17,17,0,1.0,0.0,289,0,0,0,13,13,19,19,4,4,2,2,6,6,0,0.333333,0.333333,0.0,-0.333333,-0.333333,0.0,0.0,5,5,0,17,17,0,17->17,1,1,1->1,0,0,0->0,131.18,119.12,-12.060000000000002,12.060000000000002,4.5,-0.7,-5.2,5.2,0,0,0,0,1,0,1,1->1,strong_hydrophobic,mild_hydrophilic,strong_hydrophobic->mild_hydrophilic,hydrophobic,polar,0,0->0,3,4,1,7.7618,,,,,,unknown,unknown,,,,,,0,0,0,0,,,GCK p.I211T,1,"criteria provided, single submitter",ClinVar,2684209,clinvar
hybrid,GCK,L,F,164,23,17,6,0.7391304347826086,-0.3022808718729337,391,0,1,6,19,13,29,19,4,4,6,2,10,6,-4,0.2,0.333333,0.133333,0.2,-0.333333,-0.533333,0.75,5,5,0,23,17,-6,23->17,0,1,0->1,1,0,1->0,131.18,165.19,34.00999999999999,34.00999999999999,3.8,2.8,-1.0,1.0,0,0,0,0,0,1,1,1->1,strong_hydrophobic,strong_hydrophobic,strong_hydrophobic->strong_hydrophobic,hydrophobic,aromatic,0,0->0,6,2,-4,4.2203,,,,,,unknown,unknown,,,,,,0,0,0,0,,,GCK p.L164F,1,"criteria provided, single submitter",ClinVar,3766600,clinvar
hybrid,GCK,L,F,165,23,17,6,0.7391304347826086,-0.3022808718729337,391,0,1,6,19,13,29,19,4,4,6,2,10,6,-4,0.2,0.333333,0.133333,0.2,-0.333333,-0.533333,0.75,5,5,0,23,17,-6,23->17,0,1,0->1,1,0,1->0,131.18,165.19,34.00999999999999,34.00999999999999,3.8,2.8,-1.0,1.0,0,0,0,0,0,1,1,1->1,strong_hydrophobic,strong_hydrophobic,strong_hydrophobic->strong_hydrophobic,hydrophobic,aromatic,0,0->0,6,2,-4,4.2203,,,,,,unknown,unknown,,,,,,0,0,0,0,,,GCK p.L165F,1,"criteria provided, single submitter",ClinVar,4687710,clinvar
hybrid,GCK,L,P,185,23,17,6,0.7391304347826086,-0.3022808718729337,391,0,1,6,19,13,29,19,4,4,6,2,10,6,-4,0.2,0.333333,0.133333,0.2,-0.333333,-0.533333,0.75,5,5,0,23,17,-6,23->17,0,1,0->1,1,0,1->0,131.18,115.13,-16.05000000000001,16.05000000000001,3.8,-1.6,-5.4,5.4,0,0,0,0,0,0,1,1->1,strong_hydrophobic,mild_hydrophilic,strong_hydrophobic->mild_hydrophilic,hydrophobic,special,0,0->0,6,4,-2,6.8815,,,,,,unknown,unknown,,,,,,0,0,0,0,,,GCK p.L185P,1,"criteria provided, single submitter",ClinVar,2664850,clinvar
hybrid,GCK,L,P,20,23,17,6,0.7391304347826086,-0.3022808718729337,391,0,1,6,19,13,29,19,4,4,6,2,10,6,-4,0.2,0.333333,0.133333,0.2,-0.333333,-0.533333,0.75,5,5,0,23,17,-6,23->17,0,1,0->1,1,0,1->0,131.18,115.13,-16.05000000000001,16.05000000000001,3.8,-1.6,-5.4,5.4,0,0,0,0,0,0,1,1->1,strong_hydrophobic,mild_hydrophilic,strong_hydrophobic->mild_hydrophilic,hydrophobic,special,0,0->0,6,4,-2,6.8815,,,,,,unknown,unknown,,,,,,0,0,0,0,,,GCK p.L20P,1,"criteria provided, single submitter",ClinVar,2504386,clinvar
hybrid,GCK,L,P,243,23,17,6,0.7391304347826086,-0.3022808718729337,391,0,1,6,19,13,29,19,4,4,6,2,10,6,-4,0.2,0.333333,0.133333,0.2,-0.333333,-0.533333,0.75,5,5,0,23,17,-6,23->17,0,1,0->1,1,0,1->0,131.18,115.13,-16.05000000000001,16.05000000000001,3.8,-1.6,-5.4,5.4,0,0,0,0,0,0,1,1->1,strong_hydrophobic,mild_hydrophilic,strong_hydrophobic->mild_hydrophilic,hydrophobic,special,0,0->0,6,4,-2,6.8815,,,,,,unknown,unknown,,,,,,0,0,0,0,,,GCK p.L243P,1,"criteria provided, single submitter",ClinVar,1456947,clinvar
hybrid,GCK,L,P,25,23,17,6,0.7391304347826086,-0.3022808718729337,391,0,1,6,19,13,29,19,4,4,6,2,10,6,-4,0.2,0.333333,0.133333,0.2,-0.333333,-0.533333,0.75,5,5,0,23,17,-6,23->17,0,1,0->1,1,0,1->0,131.18,115.13,-16.05000000000001,16.05000000000001,3.8,-1.6,-5.4,5.4,0,0,0,0,0,0,1,1->1,strong_hydrophobic,mild_hydrophilic,strong_hydrophobic->mild_hydrophilic,hydrophobic,special,0,0->0,6,4,-2,6.8815,,,,,,unknown,unknown,,,,,,0,0,0,0,,,GCK p.L25P,1,"criteria provided, single submitter",ClinVar,4262524,clinvar
hybrid,GCK,L,Q,306,23,7,16,0.30434782608695654,-1.1895840668738362,161,0,1,16,19,5,29,11,4,2,6,4,10,6,-4,0.2,0.333333,0.133333,0.2,0.333333,0.133333,2.0,5,1,-4,23,7,-16,23->7,0,1,0->1,1,0,1->0,131.18,146.15,14.969999999999999,14.969999999999999,3.8,-3.5,-7.3,7.3,0,0,0,0,1,0,0,1->0,strong_hydrophobic,strong_hydrophilic,strong_hydrophobic->strong_hydrophilic,hydrophobic,polar,0,0->0,6,2,-4,9.9491,,,,,,unknown,unknown,,,,,,0,0,0,0,,,GCK p.L306Q,1,"criteria provided, single submitter",ClinVar,1685328,clinvar
hybrid,GCK,L,P,309,23,17,6,0.7391304347826086,-0.3022808718729337,391,0,1,6,19,13,29,19,4,4,6,2,10,6,-4,0.2,0.333333,0.133333,0.2,-0.333333,-0.533333,0.75,5,5,0,23,17,-6,23->17,0,1,0->1,1,0,1->0,131.18,115.13,-16.05000000000001,16.05000000000001,3.8,-1.6,-5.4,5.4,0,0,0,0,0,0,1,1->1,strong_hydrophobic,mild_hydrophilic,strong_hydrophobic->mild_hydrophilic,hydrophobic,special,0,0->0,6,4,-2,6.8815,,,,,,unknown,unknown,,,,,,0,0,0,0,,,GCK p.L309P,1,"criteria provided, single submitter",ClinVar,1338573,clinvar
hybrid,GCK,L,R,314,23,19,4,0.8260869565217391,-0.19105523676270922,437,0,1,4,19,17,29,23,4,2,6,4,10,6,-4,0.2,0.333333,0.133333,0.2,0.333333,0.133333,0.5,5,1,-4,23,19,-4,23->19,0,1,0->1,1,0,1->0,131.18,174.2,43.01999999999998,43.01999999999998,3.8,-4.5,-8.3,8.3,0,1,1,1,1,0,0,1->0,strong_hydrophobic,strong_hydrophilic,strong_hydrophobic->strong_hydrophilic,hydrophobic,basic,0,0->1,6,6,0,13.2906,,,,,,unknown,unknown,,,,,,0,0,0,0,,,GCK p.L314R,1,"criteria provided, single submitter",ClinVar,1679546,clinvar
hybrid,GCK,K,R,161,11,19,8,1.7272727272727273,0.5465437063680699,209,1,0,8,7,17,13,23,4,2,2,4,6,6,0,0.333333,0.333333,0.0,-0.333333,0.333333,0.666666,1.333333,5,1,-4,11,19,8,11->19,1,1,1->1,1,0,1->0,146.19,174.2,28.00999999999999,28.00999999999999,-3.9,-4.5,-0.6000000000000001,0.6000000000000001,1,1,0,0,0,0,1,0->0,strong_hydrophilic,strong_hydrophilic,strong_hydrophilic->strong_hydrophilic,basic,basic,1,1->1,2,6,4,1.4403,,,,,,unknown,unknown,,,,,,0,0,0,0,,,GCK p.K161R,1,"criteria provided, single submitter",ClinVar,2580878,clinvar
hybrid,GCK,K,M,414,11,11,0,1.0,0.0,121,0,0,0,7,7,13,13,4,4,2,2,6,6,0,0.333333,0.333333,0.0,-0.333333,-0.333333,0.0,0.0,5,5,0,11,11,0,11->11,1,1,1->1,1,1,1->1,146.19,149.21,3.0200000000000102,3.0200000000000102,-3.9,1.9,5.8,5.8,1,0,-1,1,1,0,1,0->0,strong_hydrophilic,mild_hydrophobic,strong_hydrophilic->mild_hydrophobic,basic,hydrophobic,0,1->0,2,1,-1,9.5906,,,,,,unknown,unknown,,,,,,0,0,0,0,,,GCK p.K414M,1,"criteria provided, single submitter",ClinVar,3594705,clinvar
hybrid,GCK,K,N,420,11,7,4,0.6363636363636364,-0.45198512374305727,77,0,1,4,7,5,13,11,4,2,2,4,6,6,0,0.333333,0.333333,0.0,-0.333333,0.333333,0.666666,0.666667,5,1,-4,11,7,-4,11->7,1,1,1->1,1,0,1->0,146.19,132.12,-14.069999999999993,14.069999999999993,-3.9,-3.5,0.3999999999999999,0.3999999999999999,1,0,-1,1,0,0,1,0->0,strong_hydrophilic,strong_hydrophilic,strong_hydrophilic->strong_hydrophilic,basic,polar,0,1->0,2,2,0,3.3221,,,,,,unknown,unknown,,,,,,0,0,0,0,,,GCK p.K420N,1,"criteria provided, single submitter",ClinVar,1763107,clinvar
hybrid,GCK,M,L,1,11,23,12,2.090909090909091,0.7375989431307791,253,1,0,12,7,19,13,29,4,4,2,6,6,10,4,0.333333,0.2,-0.133333,-0.333333,0.2,0.533333,1.5,5,5,0,11,23,12,11->23,1,0,1->0,1,1,1->1,149.21,131.18,-18.03,18.03,1.9,3.8,1.9,1.9,0,0,0,0,0,0,0,0->1,mild_hydrophobic,strong_hydrophobic,mild_hydrophobic->strong_hydrophobic,hydrophobic,hydrophobic,1,0->0,1,6,5,2.4409,,,,,,unknown,unknown,,,,,,0,0,0,0,,,GCK p.M1L,0,"criteria provided, single submitter",ClinVar,2503474,clinvar
hybrid,GCK,M,K,251,11,11,0,1.0,0.0,121,0,0,0,7,7,13,13,4,4,2,2,6,6,0,0.333333,0.333333,0.0,-0.333333,-0.333333,0.0,0.0,5,5,0,11,11,0,11->11,1,1,1->1,1,1,1->1,149.21,146.19,-3.0200000000000102,3.0200000000000102,1.9,-3.9,-5.8,5.8,0,1,1,1,1,0,1,0->0,mild_hydrophobic,strong_hydrophilic,mild_hydrophobic->strong_hydrophilic,hydrophobic,basic,0,0->1,1,2,1,9.5906,,,,,,unknown,unknown,,,,,,0,0,0,0,,,GCK p.M251K,1,"criteria provided, single submitter",ClinVar,3383341,clinvar
hybrid,GCK,M,T,251,11,17,6,1.5454545454545454,0.4353180712578455,187,1,0,6,7,13,13,19,4,4,2,2,6,6,0,0.333333,0.333333,0.0,-0.333333,-0.333333,0.0,1.0,5,5,0,11,17,6,11->17,1,1,1->1,1,0,1->0,149.21,119.12,-30.090000000000003,30.090000000000003,1.9,-0.7,-2.5999999999999996,2.5999999999999996,0,0,0,0,1,0,0,0->1,mild_hydrophobic,mild_hydrophilic,mild_hydrophobic->mild_hydrophilic,hydrophobic,polar,0,0->0,1,4,3,5.7027,,,,,,unknown,unknown,,,,,,0,0,0,0,,,GCK p.M251T,1,"criteria provided, single submitter",ClinVar,36251,clinvar
hybrid,GCK,M,R,41,11,19,8,1.7272727272727273,0.5465437063680699,209,1,0,8,7,17,13,23,4,2,2,4,6,6,0,0.333333,0.333333,0.0,-0.333333,0.333333,0.666666,1.333333,5,1,-4,11,19,8,11->19,1,1,1->1,1,0,1->0,149.21,174.2,24.98999999999998,24.98999999999998,1.9,-4.5,-6.4,6.4,0,1,1,1,1,0,1,0->0,mild_hydrophobic,strong_hydrophilic,mild_hydrophobic->strong_hydrophilic,hydrophobic,basic,0,0->1,1,6,5,10.8497,,,,,,unknown,unknown,,,,,,0,0,0,0,,,GCK p.M41R,1,"criteria provided, single submitter",ClinVar,1700673,clinvar
hybrid,GCK,F,C,171,17,5,12,0.29411764705882354,-1.2237754316221157,85,0,1,12,13,3,19,7,4,2,2,2,6,4,-2,0.333333,0.5,0.166667,-0.333333,0.0,0.333333,2.4,5,5,0,17,5,-12,17->5,1,1,1->1,0,1,0->1,165.19,121.16,-44.03,44.03,2.8,2.5,-0.2999999999999998,0.2999999999999998,0,0,0,0,1,1,0,1->0,strong_hydrophobic,strong_hydrophobic,strong_hydrophobic->strong_hydrophobic,aromatic,special,0,0->0,2,2,0,5.0209,,,,,,unknown,unknown,,,,,,0,0,0,0,,,GCK p.F171C,1,"criteria provided, single submitter",ClinVar,4747572,clinvar
hybrid,GCK,F,V,171,17,19,2,1.1176470588235294,0.1112256351102244,323,1,0,2,13,17,19,23,4,2,2,4,6,6,0,0.333333,0.333333,0.0,-0.333333,0.333333,0.666666,0.333333,5,1,-4,17,19,2,17->19,1,1,1->1,0,0,0->0,165.19,117.15,-48.03999999999999,48.03999999999999,2.8,4.2,1.4000000000000004,1.4000000000000004,0,0,0,0,0,1,1,1->1,strong_hydrophobic,strong_hydrophobic,strong_hydrophobic->strong_hydrophobic,aromatic,hydrophobic,0,0->0,2,4,2,5.0412,,,,,,unknown,unknown,,,,,,0,0,0,0,,,GCK p.F171V,1,"criteria provided, single submitter",ClinVar,1338246,clinvar
hybrid,GCK,F,S,330,17,17,0,1.0,0.0,289,0,0,0,13,13,19,19,4,4,2,2,6,6,0,0.333333,0.333333,0.0,-0.333333,-0.333333,0.0,0.0,5,5,0,17,17,0,17->17,1,1,1->1,0,0,0->0,165.19,105.09,-60.099999999999994,60.099999999999994,2.8,-0.8,-3.5999999999999996,3.5999999999999996,0,0,0,0,1,1,0,1->0,strong_hydrophobic,mild_hydrophilic,strong_hydrophobic->mild_hydrophilic,aromatic,polar,0,0->0,2,6,4,8.803,,,,,,unknown,unknown,,,,,,0,0,0,0,,,GCK p.F330S,1,"criteria provided, single submitter",ClinVar,522430,clinvar
hybrid,GCK,S,Y,151,17,17,0,1.0,0.0,289,0,0,0,13,13,19,19,4,4,2,2,6,6,0,0.333333,0.333333,0.0,-0.333333,-0.333333,0.0,0.0,5,5,0,17,17,0,17->17,1,1,1->1,0,0,0->0,105.09,181.19,76.1,76.1,-0.8,-1.3,-0.5,0.5,0,0,0,0,0,1,0,0->1,mild_hydrophilic,mild_hydrophilic,mild_hydrophilic->mild_hydrophilic,polar,aromatic,0,0->0,6,2,-4,4.983,,,,,,unknown,unknown,,,,,,0,0,0,0,,,GCK p.S151Y,1,"criteria provided, single submitter",ClinVar,1346275,clinvar
hybrid,GCK,S,P,411,17,17,0,1.0,0.0,289,0,0,0,13,13,19,19,4,4,2,2,6,6,0,0.333333,0.333333,0.0,-0.333333,-0.333333,0.0,0.0,5,5,0,17,17,0,17->17,1,1,1->1,0,0,0->0,105.09,115.13,10.039999999999992,10.039999999999992,-0.8,-1.6,-0.8,0.8,0,0,0,0,1,0,0,0->1,mild_hydrophilic,mild_hydrophilic,mild_hydrophilic->mild_hydrophilic,polar,special,0,0->0,6,4,-2,3.3012,,,,,,unknown,unknown,,,,,,0,0,0,0,,,GCK p.S411P,1,"criteria provided, single submitter",ClinVar,4685911,clinvar
hybrid,GCK,T,S,103,17,17,0,1.0,0.0,289,0,0,0,13,13,19,19,4,4,2,2,6,6,0,0.333333,0.333333,0.0,-0.333333,-0.333333,0.0,0.0,5,5,0,17,17,0,17->17,1,1,1->1,0,0,0->0,119.12,105.09,-14.030000000000001,14.030000000000001,-0.7,-0.8,-0.10000000000000009,0.10000000000000009,0,0,0,0,0,0,0,1->0,mild_hydrophilic,mild_hydrophilic,mild_hydrophilic->mild_hydrophilic,polar,polar,1,0->0,4,6,2,0.5209,,,,,,unknown,unknown,,,,,,0,0,0,0,,,GCK p.T103S,1,"criteria provided, single submitter",ClinVar,2136529,clinvar
hybrid,GCK,T,A,206,17,13,4,0.7647058823529411,-0.2682639865946794,221,0,1,4,13,11,19,17,4,2,2,4,6,6,0,0.333333,0.333333,0.0,-0.333333,0.333333,0.666666,0.666667,5,1,-4,17,13,-4,17->13,1,1,1->1,0,0,0->0,119.12,89.09,-30.03,30.03,-0.7,1.8,2.5,2.5,0,0,0,0,1,0,1,1->1,mild_hydrophilic,mild_hydrophobic,mild_hydrophilic->mild_hydrophobic,polar,small_nonpolar,0,0->0,4,4,0,5.6009,,,,,,unknown,unknown,,,,,,0,0,0,0,,,GCK p.T206A,1,"criteria provided, single submitter",ClinVar,3720741,clinvar
hybrid,GCK,T,M,332,17,11,6,0.6470588235294118,-0.4353180712578455,187,0,1,6,13,7,19,13,4,4,2,2,6,6,0,0.333333,0.333333,0.0,-0.333333,-0.333333,0.0,1.0,5,5,0,17,11,-6,17->11,1,1,1->1,0,1,0->1,119.12,149.21,30.090000000000003,30.090000000000003,-0.7,1.9,2.5999999999999996,2.5999999999999996,0,0,0,0,1,0,0,1->0,mild_hydrophilic,mild_hydrophobic,mild_hydrophilic->mild_hydrophobic,polar,hydrophobic,0,0->0,4,1,-3,5.7027,,,,,,unknown,unknown,,,,,,0,0,0,0,,,GCK p.T332M,1,"criteria provided, single submitter",ClinVar,1801684,clinvar
hybrid,GCK,T,I,82,17,17,0,1.0,0.0,289,0,0,0,13,13,19,19,4,4,2,2,6,6,0,0.333333,0.333333,0.0,-0.333333,-0.333333,0.0,0.0,5,5,0,17,17,0,17->17,1,1,1->1,0,0,0->0,119.12,131.18,12.060000000000002,12.060000000000002,-0.7,4.5,5.2,5.2,0,0,0,0,1,0,1,1->1,mild_hydrophilic,strong_hydrophobic,mild_hydrophilic->strong_hydrophobic,polar,hydrophobic,0,0->0,4,3,-1,7.7618,,,,,,unknown,unknown,,,,,,0,0,0,0,,,GCK p.T82I,1,"criteria provided, single submitter",ClinVar,1723231,clinvar
hybrid,GCK,W,C,167,11,5,6,0.45454545454545453,-0.7884573603642702,55,0,1,6,7,3,13,7,4,2,2,2,6,4,-2,0.333333,0.5,0.166667,-0.333333,0.0,0.333333,1.2,5,5,0,11,5,-6,11->5,1,1,1->1,1,1,1->1,204.23,121.16,-83.07,83.07,-0.9,2.5,3.4,3.4,0,0,0,0,1,1,1,0->0,mild_hydrophilic,strong_hydrophobic,mild_hydrophilic->strong_hydrophobic,aromatic,special,0,0->0,1,2,1,9.2921,,,,,,unknown,unknown,,,,,,0,0,0,0,,,GCK p.W167C,1,"criteria provided, single submitter",ClinVar,1685845,clinvar
hybrid,GCK,Y,C,214,17,5,12,0.29411764705882354,-1.2237754316221157,85,0,1,12,13,3,19,7,4,2,2,2,6,4,-2,0.333333,0.5,0.166667,-0.333333,0.0,0.333333,2.4,5,5,0,17,5,-12,17->5,1,1,1->1,0,1,0->1,181.19,121.16,-60.03,60.03,-1.3,2.5,3.8,3.8,0,0,0,0,0,1,0,1->0,mild_hydrophilic,strong_hydrophobic,mild_hydrophilic->strong_hydrophobic,aromatic,special,0,0->0,2,2,0,7.8009,,,,,,unknown,unknown,,,,,,0,0,0,0,,,GCK p.Y214C,1,"criteria provided, single submitter",ClinVar,16144,clinvar
hybrid,GCK,V,A,154,19,13,6,0.6842105263157895,-0.3794896217049037,247,0,1,6,17,11,23,17,2,2,4,4,6,6,0,0.333333,0.333333,0.0,0.333333,0.333333,0.0,1.0,1,1,0,19,13,-6,19->13,1,1,1->1,0,0,0->0,117.15,89.09,-28.060000000000002,28.060000000000002,4.2,1.8,-2.4000000000000004,2.4000000000000004,0,0,0,0,0,0,1,1->1,strong_hydrophobic,mild_hydrophobic,strong_hydrophobic->mild_hydrophobic,hydrophobic,small_nonpolar,0,0->0,4,4,0,4.2418,,,,,,unknown,unknown,,,,,,0,0,0,0,,,GCK p.V154A,1,"criteria provided, single submitter",ClinVar,1700679,clinvar
hybrid,GCK,V,M,154,19,11,8,0.5789473684210527,-0.5465437063680699,209,0,1,8,17,7,23,13,2,4,4,2,6,6,0,0.333333,0.333333,0.0,0.333333,-0.333333,-0.666666,1.333333,1,5,4,19,11,-8,19->11,1,1,1->1,0,1,0->1,117.15,149.21,32.06,32.06,4.2,1.9,-2.3000000000000003,2.3000000000000003,0,0,0,0,0,0,0,1->0,strong_hydrophobic,mild_hydrophobic,strong_hydrophobic->mild_hydrophobic,hydrophobic,hydrophobic,1,0->0,4,1,-3,3.2618,,,,,,unknown,unknown,,,,,,0,0,0,0,,,GCK p.V154M,1,"criteria provided, single submitter",ClinVar,3383432,clinvar
hybrid,GCK,V,L,182,19,23,4,1.2105263157894737,0.19105523676270922,437,1,0,4,17,19,23,29,2,4,4,6,6,10,4,0.333333,0.2,-0.133333,0.333333,0.2,-0.133333,0.5,1,5,4,19,23,4,19->23,1,0,1->0,0,1,0->1,117.15,131.18,14.030000000000001,14.030000000000001,4.2,3.8,-0.40000000000000036,0.40000000000000036,0,0,0,0,0,0,1,1->1,strong_hydrophobic,strong_hydrophobic,strong_hydrophobic->strong_hydrophobic,hydrophobic,hydrophobic,1,0->0,4,6,2,0.8209,,,,,,unknown,unknown,,,,,,0,0,0,0,,,GCK p.V182L,1,"criteria provided, single submitter",ClinVar,4055754,clinvar
hybrid,GCK,V,L,200,19,23,4,1.2105263157894737,0.19105523676270922,437,1,0,4,17,19,23,29,2,4,4,6,6,10,4,0.333333,0.2,-0.133333,0.333333,0.2,-0.133333,0.5,1,5,4,19,23,4,19->23,1,0,1->0,0,1,0->1,117.15,131.18,14.030000000000001,14.030000000000001,4.2,3.8,-0.40000000000000036,0.40000000000000036,0,0,0,0,0,0,1,1->1,strong_hydrophobic,strong_hydrophobic,strong_hydrophobic->strong_hydrophobic,hydrophobic,hydrophobic,1,0->0,4,6,2,0.8209,,,,,,unknown,unknown,,,,,,0,0,0,0,,,GCK p.V200L,1,"criteria provided, single submitter",ClinVar,3342694,clinvar
hybrid,GCK,V,G,226,19,13,6,0.6842105263157895,-0.3794896217049037,247,0,1,6,17,11,23,17,2,2,4,4,6,6,0,0.333333,0.333333,0.0,0.333333,0.333333,0.0,1.0,1,1,0,19,13,-6,19->13,1,1,1->1,0,0,0->0,117.15,75.07,-42.08000000000001,42.08000000000001,4.2,-0.4,-4.6000000000000005,4.6000000000000005,0,0,0,0,0,0,1,1->1,strong_hydrophobic,mild_hydrophilic,strong_hydrophobic->mild_hydrophilic,hydrophobic,small_nonpolar,0,0->0,4,4,0,6.8624,,,,,,unknown,unknown,,,,,,0,0,0,0,,,GCK p.V226G,1,"criteria provided, single submitter",ClinVar,2580858,clinvar
hybrid,GCK,V,G,244,19,13,6,0.6842105263157895,-0.3794896217049037,247,0,1,6,17,11,23,17,2,2,4,4,6,6,0,0.333333,0.333333,0.0,0.333333,0.333333,0.0,1.0,1,1,0,19,13,-6,19->13,1,1,1->1,0,0,0->0,117.15,75.07,-42.08000000000001,42.08000000000001,4.2,-0.4,-4.6000000000000005,4.6000000000000005,0,0,0,0,0,0,1,1->1,strong_hydrophobic,mild_hydrophilic,strong_hydrophobic->mild_hydrophilic,hydrophobic,small_nonpolar,0,0->0,4,4,0,6.8624,,,,,,unknown,unknown,,,,,,0,0,0,0,,,GCK p.V244G,1,"criteria provided, single submitter",ClinVar,1758315,clinvar
hybrid,GCK,V,L,253,19,23,4,1.2105263157894737,0.19105523676270922,437,1,0,4,17,19,23,29,2,4,4,6,6,10,4,0.333333,0.2,-0.133333,0.333333,0.2,-0.133333,0.5,1,5,4,19,23,4,19->23,1,0,1->0,0,1,0->1,117.15,131.18,14.030000000000001,14.030000000000001,4.2,3.8,-0.40000000000000036,0.40000000000000036,0,0,0,0,0,0,1,1->1,strong_hydrophobic,strong_hydrophobic,strong_hydrophobic->strong_hydrophobic,hydrophobic,hydrophobic,1,0->0,4,6,2,0.8209,,,,,,unknown,unknown,,,,,,0,0,0,0,,,GCK p.V253L,1,no assertion criteria provided,ClinVar,3346399,clinvar
hybrid,GCK,V,F,253,19,17,2,0.8947368421052632,-0.11122563511022437,323,0,1,2,17,13,23,19,2,4,4,2,6,6,0,0.333333,0.333333,0.0,0.333333,-0.333333,-0.666666,0.333333,1,5,4,19,17,-2,19->17,1,1,1->1,0,0,0->0,117.15,165.19,48.03999999999999,48.03999999999999,4.2,2.8,-1.4000000000000004,1.4000000000000004,0,0,0,0,0,1,1,1->1,strong_hydrophobic,strong_hydrophobic,strong_hydrophobic->strong_hydrophobic,hydrophobic,aromatic,0,0->0,4,2,-2,5.0412,,,,,,unknown,unknown,,,,,,0,0,0,0,,,GCK p.V253F,1,"criteria provided, single submitter",ClinVar,449696,clinvar
hybrid,GCK,V,E,302,19,11,8,0.5789473684210527,-0.5465437063680699,209,0,1,8,17,7,23,13,2,4,4,2,6,6,0,0.333333,0.333333,0.0,0.333333,-0.333333,-0.666666,1.333333,1,5,4,19,11,-8,19->11,1,1,1->1,0,1,0->1,117.15,147.13,29.97999999999999,29.97999999999999,4.2,-3.5,-7.7,7.7,0,-1,-1,1,1,0,0,1->0,strong_hydrophobic,strong_hydrophilic,strong_hydrophobic->strong_hydrophilic,hydrophobic,acidic,0,0->-1,4,2,-2,12.2994,,,,,,unknown,unknown,,,,,,0,0,0,0,,,GCK p.V302E,1,"criteria provided, single submitter",ClinVar,3571584,clinvar
hybrid,GCK,V,L,389,19,23,4,1.2105263157894737,0.19105523676270922,437,1,0,4,17,19,23,29,2,4,4,6,6,10,4,0.333333,0.2,-0.133333,0.333333,0.2,-0.133333,0.5,1,5,4,19,23,4,19->23,1,0,1->0,0,1,0->1,117.15,131.18,14.030000000000001,14.030000000000001,4.2,3.8,-0.40000000000000036,0.40000000000000036,0,0,0,0,0,0,1,1->1,strong_hydrophobic,strong_hydrophobic,strong_hydrophobic->strong_hydrophobic,hydrophobic,hydrophobic,1,0->0,4,6,2,0.8209,,,,,,unknown,unknown,,,,,,0,0,0,0,,,GCK p.V389L,1,"criteria provided, single submitter",ClinVar,435300,clinvar
hybrid,GCK,V,L,412,19,23,4,1.2105263157894737,0.19105523676270922,437,1,0,4,17,19,23,29,2,4,4,6,6,10,4,0.333333,0.2,-0.133333,0.333333,0.2,-0.133333,0.5,1,5,4,19,23,4,19->23,1,0,1->0,0,1,0->1,117.15,131.18,14.030000000000001,14.030000000000001,4.2,3.8,-0.40000000000000036,0.40000000000000036,0,0,0,0,0,0,1,1->1,strong_hydrophobic,strong_hydrophobic,strong_hydrophobic->strong_hydrophobic,hydrophobic,hydrophobic,1,0->0,4,6,2,0.8209,,,,,,unknown,unknown,,,,,,0,0,0,0,,,GCK p.V412L,1,"criteria provided, single submitter",ClinVar,1879689,clinvar
hybrid,GCK,V,L,452,19,23,4,1.2105263157894737,0.19105523676270922,437,1,0,4,17,19,23,29,2,4,4,6,6,10,4,0.333333,0.2,-0.133333,0.333333,0.2,-0.133333,0.5,1,5,4,19,23,4,19->23,1,0,1->0,0,1,0->1,117.15,131.18,14.030000000000001,14.030000000000001,4.2,3.8,-0.40000000000000036,0.40000000000000036,0,0,0,0,0,0,1,1->1,strong_hydrophobic,strong_hydrophobic,strong_hydrophobic->strong_hydrophobic,hydrophobic,hydrophobic,1,0->0,4,6,2,0.8209,,,,,,unknown,unknown,,,,,,0,0,0,0,,,GCK p.V452L,1,"criteria provided, single submitter",ClinVar,2506148,clinvar
hybrid,GCK,V,M,455,19,11,8,0.5789473684210527,-0.5465437063680699,209,0,1,8,17,7,23,13,2,4,4,2,6,6,0,0.333333,0.333333,0.0,0.333333,-0.333333,-0.666666,1.333333,1,5,4,19,11,-8,19->11,1,1,1->1,0,1,0->1,117.15,149.21,32.06,32.06,4.2,1.9,-2.3000000000000003,2.3000000000000003,0,0,0,0,0,0,0,1->0,strong_hydrophobic,mild_hydrophobic,strong_hydrophobic->mild_hydrophobic,hydrophobic,hydrophobic,1,0->0,4,1,-3,3.2618,,,,,,unknown,unknown,,,,,,0,0,0,0,,,GCK p.V455M,1,"criteria provided, single submitter",ClinVar,16140,clinvar
hybrid,GCK,V,L,91,19,23,4,1.2105263157894737,0.19105523676270922,437,1,0,4,17,19,23,29,2,4,4,6,6,10,4,0.333333,0.2,-0.133333,0.333333,0.2,-0.133333,0.5,1,5,4,19,23,4,19->23,1,0,1->0,0,1,0->1,117.15,131.18,14.030000000000001,14.030000000000001,4.2,3.8,-0.40000000000000036,0.40000000000000036,0,0,0,0,0,0,1,1->1,strong_hydrophobic,strong_hydrophobic,strong_hydrophobic->strong_hydrophobic,hydrophobic,hydrophobic,1,0->0,4,6,2,0.8209,,,,,,unknown,unknown,,,,,,0,0,0,0,,,GCK p.V91L,1,"criteria provided, single submitter",ClinVar,4747575,clinvar
hybrid,F9,A,G,173,13,13,0,1.0,0.0,169,0,0,0,11,11,17,17,2,2,4,4,6,6,0,0.333333,0.333333,0.0,0.333333,0.333333,0.0,0.0,1,1,0,13,13,0,13->13,1,1,1->1,0,0,0->0,89.09,75.07,-14.02000000000001,14.02000000000001,1.8,-0.4,-2.2,2.2,0,0,0,0,0,0,1,1->1,mild_hydrophobic,mild_hydrophilic,mild_hydrophobic->mild_hydrophilic,small_nonpolar,small_nonpolar,1,0->0,4,4,0,2.6206,,,,,,unknown,unknown,,,,,,0,0,0,0,,,F9 p.A173G,1,"criteria provided, single submitter",ClinVar,3598107,clinvar
hybrid,F9,A,T,233,13,17,4,1.3076923076923077,0.26826398659467937,221,1,0,4,11,13,17,19,2,4,4,2,6,6,0,0.333333,0.333333,0.0,0.333333,-0.333333,-0.666666,0.666667,1,5,4,13,17,4,13->17,1,1,1->1,0,0,0->0,89.09,119.12,30.03,30.03,1.8,-0.7,-2.5,2.5,0,0,0,0,1,0,1,1->1,mild_hydrophobic,mild_hydrophilic,mild_hydrophobic->mild_hydrophilic,small_nonpolar,polar,0,0->0,4,4,0,5.6009,,,,,,unknown,unknown,,,,,,0,0,0,0,,,F9 p.A233T,1,no assertion criteria provided,ClinVar,10601,clinvar
hybrid,F9,A,T,266,13,17,4,1.3076923076923077,0.26826398659467937,221,1,0,4,11,13,17,19,2,4,4,2,6,6,0,0.333333,0.333333,0.0,0.333333,-0.333333,-0.666666,0.666667,1,5,4,13,17,4,13->17,1,1,1->1,0,0,0->0,89.09,119.12,30.03,30.03,1.8,-0.7,-2.5,2.5,0,0,0,0,1,0,1,1->1,mild_hydrophobic,mild_hydrophilic,mild_hydrophobic->mild_hydrophilic,small_nonpolar,polar,0,0->0,4,4,0,5.6009,,,,,,unknown,unknown,,,,,,0,0,0,0,,,F9 p.A266T,1,"criteria provided, single submitter",ClinVar,2138740,clinvar
hybrid,F9,A,P,279,13,17,4,1.3076923076923077,0.26826398659467937,221,1,0,4,11,13,17,19,2,4,4,2,6,6,0,0.333333,0.333333,0.0,0.333333,-0.333333,-0.666666,0.666667,1,5,4,13,17,4,13->17,1,1,1->1,0,0,0->0,89.09,115.13,26.039999999999992,26.039999999999992,1.8,-1.6,-3.4000000000000004,3.4000000000000004,0,0,0,0,0,0,1,1->1,mild_hydrophobic,mild_hydrophilic,mild_hydrophobic->mild_hydrophilic,small_nonpolar,special,0,0->0,4,4,0,5.1812,,,,,,unknown,unknown,,,,,,0,0,0,0,,,F9 p.A279P,1,"criteria provided, single submitter",ClinVar,1477908,clinvar
hybrid,F9,A,V,37,13,19,6,1.4615384615384615,0.3794896217049037,247,1,0,6,11,17,17,23,2,2,4,4,6,6,0,0.333333,0.333333,0.0,0.333333,0.333333,0.0,1.0,1,1,0,13,19,6,13->19,1,1,1->1,0,0,0->0,89.09,117.15,28.060000000000002,28.060000000000002,1.8,4.2,2.4000000000000004,2.4000000000000004,0,0,0,0,0,0,1,1->1,mild_hydrophobic,strong_hydrophobic,mild_hydrophobic->strong_hydrophobic,small_nonpolar,hydrophobic,0,0->0,4,4,0,4.2418,,,,,,unknown,unknown,,,,,,0,0,0,0,,,F9 p.A37V,1,no assertion criteria provided,ClinVar,10661,clinvar
hybrid,F9,A,T,380,13,17,4,1.3076923076923077,0.26826398659467937,221,1,0,4,11,13,17,19,2,4,4,2,6,6,0,0.333333,0.333333,0.0,0.333333,-0.333333,-0.666666,0.666667,1,5,4,13,17,4,13->17,1,1,1->1,0,0,0->0,89.09,119.12,30.03,30.03,1.8,-0.7,-2.5,2.5,0,0,0,0,1,0,1,1->1,mild_hydrophobic,mild_hydrophilic,mild_hydrophobic->mild_hydrophilic,small_nonpolar,polar,0,0->0,4,4,0,5.6009,,,,,,unknown,unknown,,,,,,0,0,0,0,,,F9 p.A380T,1,"criteria provided, single submitter",ClinVar,1698768,clinvar
hybrid,F9,A,P,397,13,17,4,1.3076923076923077,0.26826398659467937,221,1,0,4,11,13,17,19,2,4,4,2,6,6,0,0.333333,0.333333,0.0,0.333333,-0.333333,-0.666666,0.666667,1,5,4,13,17,4,13->17,1,1,1->1,0,0,0->0,89.09,115.13,26.039999999999992,26.039999999999992,1.8,-1.6,-3.4000000000000004,3.4000000000000004,0,0,0,0,0,0,1,1->1,mild_hydrophobic,mild_hydrophilic,mild_hydrophobic->mild_hydrophilic,small_nonpolar,special,0,0->0,4,4,0,5.1812,,,,,,unknown,unknown,,,,,,0,0,0,0,,,F9 p.A397P,1,no assertion criteria provided,ClinVar,10662,clinvar
hybrid,F9,A,V,397,13,19,6,1.4615384615384615,0.3794896217049037,247,1,0,6,11,17,17,23,2,2,4,4,6,6,0,0.333333,0.333333,0.0,0.333333,0.333333,0.0,1.0,1,1,0,13,19,6,13->19,1,1,1->1,0,0,0->0,89.09,117.15,28.060000000000002,28.060000000000002,1.8,4.2,2.4000000000000004,2.4000000000000004,0,0,0,0,0,0,1,1->1,mild_hydrophobic,strong_hydrophobic,mild_hydrophobic->strong_hydrophobic,small_nonpolar,hydrophobic,0,0->0,4,4,0,4.2418,,,,,,unknown,unknown,,,,,,0,0,0,0,,,F9 p.A397V,1,"criteria provided, single submitter",ClinVar,2138746,clinvar
hybrid,F9,A,E,436,13,11,2,0.8461538461538461,-0.1670540846631662,143,0,1,2,11,7,17,13,2,4,4,2,6,6,0,0.333333,0.333333,0.0,0.333333,-0.333333,-0.666666,0.333333,1,5,4,13,11,-2,13->11,1,1,1->1,0,1,0->1,89.09,147.13,58.03999999999999,58.03999999999999,1.8,-3.5,-5.3,5.3,0,-1,-1,1,1,0,0,1->0,mild_hydrophobic,strong_hydrophilic,mild_hydrophobic->strong_hydrophilic,small_nonpolar,acidic,0,0->-1,4,2,-2,10.7412,,,,,,unknown,unknown,,,,,,0,0,0,0,,,F9 p.A436E,1,no assertion criteria provided,ClinVar,10622,clinvar
hybrid,F9,A,T,436,13,17,4,1.3076923076923077,0.26826398659467937,221,1,0,4,11,13,17,19,2,4,4,2,6,6,0,0.333333,0.333333,0.0,0.333333,-0.333333,-0.666666,0.666667,1,5,4,13,17,4,13->17,1,1,1->1,0,0,0->0,89.09,119.12,30.03,30.03,1.8,-0.7,-2.5,2.5,0,0,0,0,1,0,1,1->1,mild_hydrophobic,mild_hydrophilic,mild_hydrophobic->mild_hydrophilic,small_nonpolar,polar,0,0->0,4,4,0,5.6009,,,,,,unknown,unknown,,,,,,0,0,0,0,,,F9 p.A436T,1,"criteria provided, single submitter",ClinVar,4688446,clinvar
hybrid,F9,A,V,436,13,19,6,1.4615384615384615,0.3794896217049037,247,1,0,6,11,17,17,23,2,2,4,4,6,6,0,0.333333,0.333333,0.0,0.333333,0.333333,0.0,1.0,1,1,0,13,19,6,13->19,1,1,1->1,0,0,0->0,89.09,117.15,28.060000000000002,28.060000000000002,1.8,4.2,2.4000000000000004,2.4000000000000004,0,0,0,0,0,0,1,1->1,mild_hydrophobic,strong_hydrophobic,mild_hydrophobic->strong_hydrophobic,small_nonpolar,hydrophobic,0,0->0,4,4,0,4.2418,,,,,,unknown,unknown,,,,,,0,0,0,0,,,F9 p.A436V,1,no assertion criteria provided,ClinVar,10623,clinvar
hybrid,F9,R,S,140,19,17,2,0.8947368421052632,-0.11122563511022437,323,0,1,2,17,13,23,19,2,4,4,2,6,6,0,0.333333,0.333333,0.0,0.333333,-0.333333,-0.666666,0.333333,1,5,4,19,17,-2,19->17,1,1,1->1,0,0,0->0,174.2,105.09,-69.10999999999999,69.10999999999999,-4.5,-0.8,3.7,3.7,1,0,-1,1,0,0,1,0->0,strong_hydrophilic,mild_hydrophilic,strong_hydrophilic->mild_hydrophilic,basic,polar,0,1->0,6,6,0,8.2733,,,,,,unknown,unknown,,,,,,0,0,0,0,,,F9 p.R140S,1,"criteria provided, single submitter",ClinVar,4688439,clinvar
hybrid,F9,R,L,294,19,23,4,1.2105263157894737,0.19105523676270922,437,1,0,4,17,19,23,29,2,4,4,6,6,10,4,0.333333,0.2,-0.133333,0.333333,0.2,-0.133333,0.5,1,5,4,19,23,4,19->23,1,0,1->0,0,1,0->1,174.2,131.18,-43.01999999999998,43.01999999999998,-4.5,3.8,8.3,8.3,1,0,-1,1,1,0,0,0->1,strong_hydrophilic,strong_hydrophobic,strong_hydrophilic->strong_hydrophobic,basic,hydrophobic,0,1->0,6,6,0,13.2906,,,,,,unknown,unknown,,,,,,0,0,0,0,,,F9 p.R294L,1,"criteria provided, single submitter",ClinVar,2138741,clinvar
hybrid,F9,R,L,379,19,23,4,1.2105263157894737,0.19105523676270922,437,1,0,4,17,19,23,29,2,4,4,6,6,10,4,0.333333,0.2,-0.133333,0.333333,0.2,-0.133333,0.5,1,5,4,19,23,4,19->23,1,0,1->0,0,1,0->1,174.2,131.18,-43.01999999999998,43.01999999999998,-4.5,3.8,8.3,8.3,1,0,-1,1,1,0,0,0->1,strong_hydrophilic,strong_hydrophobic,strong_hydrophilic->strong_hydrophobic,basic,hydrophobic,0,1->0,6,6,0,13.2906,,,,,,unknown,unknown,,,,,,0,0,0,0,,,F9 p.R379L,1,"criteria provided, single submitter",ClinVar,4783891,clinvar
hybrid,F9,R,L,384,19,23,4,1.2105263157894737,0.19105523676270922,437,1,0,4,17,19,23,29,2,4,4,6,6,10,4,0.333333,0.2,-0.133333,0.333333,0.2,-0.133333,0.5,1,5,4,19,23,4,19->23,1,0,1->0,0,1,0->1,174.2,131.18,-43.01999999999998,43.01999999999998,-4.5,3.8,8.3,8.3,1,0,-1,1,1,0,0,0->1,strong_hydrophilic,strong_hydrophobic,strong_hydrophilic->strong_hydrophobic,basic,hydrophobic,0,1->0,6,6,0,13.2906,,,,,,unknown,unknown,,,,,,0,0,0,0,,,F9 p.R384L,1,no assertion criteria provided,ClinVar,10668,clinvar
hybrid,F9,R,P,384,19,17,2,0.8947368421052632,-0.11122563511022437,323,0,1,2,17,13,23,19,2,4,4,2,6,6,0,0.333333,0.333333,0.0,0.333333,-0.333333,-0.666666,0.333333,1,5,4,19,17,-2,19->17,1,1,1->1,0,0,0->0,174.2,115.13,-59.06999999999999,59.06999999999999,-4.5,-1.6,2.9,2.9,1,0,-1,1,1,0,0,0->1,strong_hydrophilic,mild_hydrophilic,strong_hydrophilic->mild_hydrophilic,basic,special,0,1->0,6,4,-2,8.3721,,,,,,unknown,unknown,,,,,,0,0,0,0,,,F9 p.R384P,1,no assertion criteria provided,ClinVar,10660,clinvar
hybrid,F9,R,C,3,19,5,14,0.2631578947368421,-1.3350010667323402,95,0,1,14,17,3,23,7,2,2,4,2,6,4,-2,0.333333,0.5,0.166667,0.333333,0.0,-0.333333,2.8,1,5,4,19,5,-14,19->5,1,1,1->1,0,1,0->1,174.2,121.16,-53.03999999999999,53.03999999999999,-4.5,2.5,7.0,7.0,1,0,-1,1,0,0,1,0->0,strong_hydrophilic,strong_hydrophobic,strong_hydrophilic->strong_hydrophobic,basic,special,0,1->0,6,2,-4,11.0912,,,,,,unknown,unknown,,,,,,0,0,0,0,,,F9 p.R3C,0,"criteria provided, single submitter",ClinVar,765903,clinvar
hybrid,F9,R,S,3,19,17,2,0.8947368421052632,-0.11122563511022437,323,0,1,2,17,13,23,19,2,4,4,2,6,6,0,0.333333,0.333333,0.0,0.333333,-0.333333,-0.666666,0.333333,1,5,4,19,17,-2,19->17,1,1,1->1,0,0,0->0,174.2,105.09,-69.10999999999999,69.10999999999999,-4.5,-0.8,3.7,3.7,1,0,-1,1,0,0,1,0->0,strong_hydrophilic,mild_hydrophilic,strong_hydrophilic->mild_hydrophilic,basic,polar,0,1->0,6,6,0,8.2733,,,,,,unknown,unknown,,,,,,0,0,0,0,,,F9 p.R3S,0,"criteria provided, single submitter",ClinVar,2929110,clinvar
hybrid,F9,R,L,43,19,23,4,1.2105263157894737,0.19105523676270922,437,1,0,4,17,19,23,29,2,4,4,6,6,10,4,0.333333,0.2,-0.133333,0.333333,0.2,-0.133333,0.5,1,5,4,19,23,4,19->23,1,0,1->0,0,1,0->1,174.2,131.18,-43.01999999999998,43.01999999999998,-4.5,3.8,8.3,8.3,1,0,-1,1,1,0,0,0->1,strong_hydrophilic,strong_hydrophobic,strong_hydrophilic->strong_hydrophobic,basic,hydrophobic,0,1->0,6,6,0,13.2906,,,,,,unknown,unknown,,,,,,0,0,0,0,,,F9 p.R43L,1,"criteria provided, single submitter",ClinVar,993549,clinvar
hybrid,F9,R,S,46,19,17,2,0.8947368421052632,-0.11122563511022437,323,0,1,2,17,13,23,19,2,4,4,2,6,6,0,0.333333,0.333333,0.0,0.333333,-0.333333,-0.666666,0.333333,1,5,4,19,17,-2,19->17,1,1,1->1,0,0,0->0,174.2,105.09,-69.10999999999999,69.10999999999999,-4.5,-0.8,3.7,3.7,1,0,-1,1,0,0,1,0->0,strong_hydrophilic,mild_hydrophilic,strong_hydrophilic->mild_hydrophilic,basic,polar,0,1->0,6,6,0,8.2733,,,,,,unknown,unknown,,,,,,0,0,0,0,,,F9 p.R46S,1,no assertion criteria provided,ClinVar,10565,clinvar
hybrid,F9,N,H,138,7,13,6,1.8571428571428572,0.6190392084062235,91,1,0,6,5,11,11,17,2,2,4,4,6,6,0,0.333333,0.333333,0.0,0.333333,0.333333,0.0,1.0,1,1,0,7,13,6,7->13,1,1,1->1,0,0,0->0,132.12,155.16,23.039999999999992,23.039999999999992,-3.5,-3.2,0.2999999999999998,0.2999999999999998,0,1,1,1,0,1,1,0->0,strong_hydrophilic,strong_hydrophilic,strong_hydrophilic->strong_hydrophilic,polar,basic,0,0->1,2,2,0,4.6912,,,,,,unknown,unknown,,,,,,0,0,0,0,,,F9 p.N138H,1,"criteria provided, single submitter",ClinVar,2138737,clinvar
hybrid,F9,N,Y,166,7,17,10,2.4285714285714284,0.8873031950009027,119,1,0,10,5,13,11,19,2,4,4,2,6,6,0,0.333333,0.333333,0.0,0.333333,-0.333333,-0.666666,1.666667,1,5,4,7,17,10,7->17,1,1,1->1,0,0,0->0,132.12,181.19,49.06999999999999,49.06999999999999,-3.5,-1.3,2.2,2.2,0,0,0,0,0,1,0,0->1,strong_hydrophilic,mild_hydrophilic,strong_hydrophilic->mild_hydrophilic,polar,aromatic,0,0->0,2,2,0,5.8721,,,,,,unknown,unknown,,,,,,0,0,0,0,,,F9 p.N166Y,1,no assertion criteria provided,ClinVar,10582,clinvar
hybrid,F9,N,S,306,7,17,10,2.4285714285714284,0.8873031950009027,119,1,0,10,5,13,11,19,2,4,4,2,6,6,0,0.333333,0.333333,0.0,0.333333,-0.333333,-0.666666,1.666667,1,5,4,7,17,10,7->17,1,1,1->1,0,0,0->0,132.12,105.09,-27.03,27.03,-3.5,-0.8,2.7,2.7,0,0,0,0,0,0,1,0->0,strong_hydrophilic,mild_hydrophilic,strong_hydrophilic->mild_hydrophilic,polar,polar,1,0->0,2,6,4,3.5109,,,,,,unknown,unknown,,,,,,0,0,0,0,,,F9 p.N306S,1,"criteria provided, single submitter",ClinVar,10604,clinvar
hybrid,F9,N,D,36,7,11,4,1.5714285714285714,0.4519851237430572,77,1,0,4,5,7,11,13,2,4,4,2,6,6,0,0.333333,0.333333,0.0,0.333333,-0.333333,-0.666666,0.666667,1,5,4,7,11,4,7->11,1,1,1->1,0,1,0->1,132.12,133.1,0.9799999999999898,0.9799999999999898,-3.5,-3.5,0.0,0.0,0,-1,-1,1,0,0,1,0->0,strong_hydrophilic,strong_hydrophilic,strong_hydrophilic->strong_hydrophilic,polar,acidic,0,0->-1,2,2,0,2.5294,,,,,,unknown,unknown,,,,,,0,0,0,0,,,F9 p.N36D,0,"criteria provided, single submitter",ClinVar,1078704,clinvar
hybrid,F9,N,D,48,7,11,4,1.5714285714285714,0.4519851237430572,77,1,0,4,5,7,11,13,2,4,4,2,6,6,0,0.333333,0.333333,0.0,0.333333,-0.333333,-0.666666,0.666667,1,5,4,7,11,4,7->11,1,1,1->1,0,1,0->1,132.12,133.1,0.9799999999999898,0.9799999999999898,-3.5,-3.5,0.0,0.0,0,-1,-1,1,0,0,1,0->0,strong_hydrophilic,strong_hydrophilic,strong_hydrophilic->strong_hydrophilic,polar,acidic,0,0->-1,2,2,0,2.5294,,,,,,unknown,unknown,,,,,,0,0,0,0,,,F9 p.N48D,1,"criteria provided, single submitter",ClinVar,2925690,clinvar
hybrid,F9,N,Y,48,7,17,10,2.4285714285714284,0.8873031950009027,119,1,0,10,5,13,11,19,2,4,4,2,6,6,0,0.333333,0.333333,0.0,0.333333,-0.333333,-0.666666,1.666667,1,5,4,7,17,10,7->17,1,1,1->1,0,0,0->0,132.12,181.19,49.06999999999999,49.06999999999999,-3.5,-1.3,2.2,2.2,0,0,0,0,0,1,0,0->1,strong_hydrophilic,mild_hydrophilic,strong_hydrophilic->mild_hydrophilic,polar,aromatic,0,0->0,2,2,0,5.8721,,,,,,unknown,unknown,,,,,,0,0,0,0,,,F9 p.N48Y,1,no assertion criteria provided,ClinVar,973812,clinvar
hybrid,F9,N,K,59,7,11,4,1.5714285714285714,0.4519851237430572,77,1,0,4,5,7,11,13,2,4,4,2,6,6,0,0.333333,0.333333,0.0,0.333333,-0.333333,-0.666666,0.666667,1,5,4,7,11,4,7->11,1,1,1->1,0,1,0->1,132.12,146.19,14.069999999999993,14.069999999999993,-3.5,-3.9,-0.3999999999999999,0.3999999999999999,0,1,1,1,0,0,1,0->0,strong_hydrophilic,strong_hydrophilic,strong_hydrophilic->strong_hydrophilic,polar,basic,0,0->1,2,2,0,3.3221,,,,,,unknown,unknown,,,,,,0,0,0,0,,,F9 p.N59K,0,"criteria provided, single submitter",ClinVar,994375,clinvar
hybrid,F9,D,N,110,11,7,4,0.6363636363636364,-0.45198512374305727,77,0,1,4,7,5,13,11,4,2,2,4,6,6,0,0.333333,0.333333,0.0,-0.333333,0.333333,0.666666,0.666667,5,1,-4,11,7,-4,11->7,1,1,1->1,1,0,1->0,133.1,132.12,-0.9799999999999898,0.9799999999999898,-3.5,-3.5,0.0,0.0,-1,0,1,1,0,0,1,0->0,strong_hydrophilic,strong_hydrophilic,strong_hydrophilic->strong_hydrophilic,acidic,polar,0,-1->0,2,2,0,2.5294,,,,,,unknown,unknown,,,,,,0,0,0,0,,,F9 p.D110N,1,no assertion criteria provided,ClinVar,10643,clinvar
hybrid,F9,D,G,110,11,13,2,1.1818181818181819,0.16705408466316624,143,1,0,2,7,11,13,17,4,2,2,4,6,6,0,0.333333,0.333333,0.0,-0.333333,0.333333,0.666666,0.333333,5,1,-4,11,13,2,11->13,1,1,1->1,1,0,1->0,133.1,75.07,-58.03,58.03,-3.5,-0.4,3.1,3.1,-1,0,1,1,1,0,0,0->1,strong_hydrophilic,mild_hydrophilic,strong_hydrophilic->mild_hydrophilic,acidic,small_nonpolar,0,-1->0,2,4,2,8.5409,,,,,,unknown,unknown,,,,,,0,0,0,0,,,F9 p.D110G,1,no assertion criteria provided,ClinVar,10580,clinvar
hybrid,F9,D,E,315,11,11,0,1.0,0.0,121,0,0,0,7,7,13,13,4,4,2,2,6,6,0,0.333333,0.333333,0.0,-0.333333,-0.333333,0.0,0.0,5,5,0,11,11,0,11->11,1,1,1->1,1,1,1->1,133.1,147.13,14.030000000000001,14.030000000000001,-3.5,-3.5,0.0,0.0,-1,-1,0,0,0,0,1,0->0,strong_hydrophilic,strong_hydrophilic,strong_hydrophilic->strong_hydrophilic,acidic,acidic,1,-1->-1,2,2,0,0.4209,,,,,,unknown,unknown,,,,,,0,0,0,0,,,F9 p.D315E,1,"criteria provided, single submitter",ClinVar,4783890,clinvar
hybrid,F9,D,G,315,11,13,2,1.1818181818181819,0.16705408466316624,143,1,0,2,7,11,13,17,4,2,2,4,6,6,0,0.333333,0.333333,0.0,-0.333333,0.333333,0.666666,0.333333,5,1,-4,11,13,2,11->13,1,1,1->1,1,0,1->0,133.1,75.07,-58.03,58.03,-3.5,-0.4,3.1,3.1,-1,0,1,1,1,0,0,0->1,strong_hydrophilic,mild_hydrophilic,strong_hydrophilic->mild_hydrophilic,acidic,small_nonpolar,0,-1->0,2,4,2,8.5409,,,,,,unknown,unknown,,,,,,0,0,0,0,,,F9 p.D315G,1,"criteria provided, single submitter",ClinVar,2925695,clinvar
hybrid,F9,D,V,405,11,19,8,1.7272727272727273,0.5465437063680699,209,1,0,8,7,17,13,23,4,2,2,4,6,6,0,0.333333,0.333333,0.0,-0.333333,0.333333,0.666666,1.333333,5,1,-4,11,19,8,11->19,1,1,1->1,1,0,1->0,133.1,117.15,-15.949999999999989,15.949999999999989,-3.5,4.2,7.7,7.7,-1,0,1,1,1,0,0,0->1,strong_hydrophilic,strong_hydrophobic,strong_hydrophilic->strong_hydrophobic,acidic,hydrophobic,0,-1->0,2,4,2,11.8785,,,,,,unknown,unknown,,,,,,0,0,0,0,,,F9 p.D405V,1,"criteria provided, single submitter",ClinVar,2429487,clinvar
hybrid,F9,D,H,410,11,13,2,1.1818181818181819,0.16705408466316624,143,1,0,2,7,11,13,17,4,2,2,4,6,6,0,0.333333,0.333333,0.0,-0.333333,0.333333,0.666666,0.333333,5,1,-4,11,13,2,11->13,1,1,1->1,1,0,1->0,133.1,155.16,22.060000000000002,22.060000000000002,-3.5,-3.2,0.2999999999999998,0.2999999999999998,-1,1,2,2,0,1,1,0->0,strong_hydrophilic,strong_hydrophilic,strong_hydrophilic->strong_hydrophilic,acidic,basic,0,-1->1,2,2,0,6.1618,,,,,,unknown,unknown,,,,,,0,0,0,0,,,F9 p.D410H,1,no assertion criteria provided,ClinVar,10651,clinvar
hybrid,F9,D,V,410,11,19,8,1.7272727272727273,0.5465437063680699,209,1,0,8,7,17,13,23,4,2,2,4,6,6,0,0.333333,0.333333,0.0,-0.333333,0.333333,0.666666,1.333333,5,1,-4,11,19,8,11->19,1,1,1->1,1,0,1->0,133.1,117.15,-15.949999999999989,15.949999999999989,-3.5,4.2,7.7,7.7,-1,0,1,1,1,0,0,0->1,strong_hydrophilic,strong_hydrophobic,strong_hydrophilic->strong_hydrophobic,acidic,hydrophobic,0,-1->0,2,4,2,11.8785,,,,,,unknown,unknown,,,,,,0,0,0,0,,,F9 p.D410V,1,"criteria provided, single submitter",ClinVar,994026,clinvar
hybrid,F9,D,G,93,11,13,2,1.1818181818181819,0.16705408466316624,143,1,0,2,7,11,13,17,4,2,2,4,6,6,0,0.333333,0.333333,0.0,-0.333333,0.333333,0.666666,0.333333,5,1,-4,11,13,2,11->13,1,1,1->1,1,0,1->0,133.1,75.07,-58.03,58.03,-3.5,-0.4,3.1,3.1,-1,0,1,1,1,0,0,0->1,strong_hydrophilic,mild_hydrophilic,strong_hydrophilic->mild_hydrophilic,acidic,small_nonpolar,0,-1->0,2,4,2,8.5409,,,,,,unknown,unknown,,,,,,0,0,0,0,,,F9 p.D93G,1,no assertion criteria provided,ClinVar,10576,clinvar
hybrid,F9,D,A,95,11,13,2,1.1818181818181819,0.16705408466316624,143,1,0,2,7,11,13,17,4,2,2,4,6,6,0,0.333333,0.333333,0.0,-0.333333,0.333333,0.666666,0.333333,5,1,-4,11,13,2,11->13,1,1,1->1,1,0,1->0,133.1,89.09,-44.00999999999999,44.00999999999999,-3.5,1.8,5.3,5.3,-1,0,1,1,1,0,0,0->1,strong_hydrophilic,mild_hydrophobic,strong_hydrophilic->mild_hydrophobic,acidic,small_nonpolar,0,-1->0,2,4,2,10.3203,,,,,,unknown,unknown,,,,,,0,0,0,0,,,F9 p.D95A,1,no assertion criteria provided,ClinVar,973816,clinvar
hybrid,F9,D,V,95,11,19,8,1.7272727272727273,0.5465437063680699,209,1,0,8,7,17,13,23,4,2,2,4,6,6,0,0.333333,0.333333,0.0,-0.333333,0.333333,0.666666,1.333333,5,1,-4,11,19,8,11->19,1,1,1->1,1,0,1->0,133.1,117.15,-15.949999999999989,15.949999999999989,-3.5,4.2,7.7,7.7,-1,0,1,1,1,0,0,0->1,strong_hydrophilic,strong_hydrophobic,strong_hydrophilic->strong_hydrophobic,acidic,hydrophobic,0,-1->0,2,4,2,11.8785,,,,,,unknown,unknown,,,,,,0,0,0,0,,,F9 p.D95V,1,no assertion criteria provided,ClinVar,1684373,clinvar
hybrid,F9,C,Y,119,5,17,12,3.4,1.2237754316221157,85,1,0,12,3,13,7,19,2,4,2,2,4,6,2,0.5,0.333333,-0.166667,0.0,-0.333333,-0.333333,2.4,5,5,0,5,17,12,5->17,1,1,1->1,1,0,1->0,121.16,181.19,60.03,60.03,2.5,-1.3,-3.8,3.8,0,0,0,0,0,1,0,0->1,strong_hydrophobic,mild_hydrophilic,strong_hydrophobic->mild_hydrophilic,special,aromatic,0,0->0,2,2,0,7.8009,,,,,,unknown,unknown,,,,,,0,0,0,0,,,F9 p.C119Y,1,"criteria provided, single submitter",ClinVar,2138736,clinvar
hybrid,F9,C,R,128,5,19,14,3.8,1.33500106673234,95,1,0,14,3,17,7,23,2,2,2,4,4,6,2,0.5,0.333333,-0.166667,0.0,0.333333,0.333333,2.8,5,1,-4,5,19,14,5->19,1,1,1->1,1,0,1->0,121.16,174.2,53.03999999999999,53.03999999999999,2.5,-4.5,-7.0,7.0,0,1,1,1,0,0,1,0->0,strong_hydrophobic,strong_hydrophilic,strong_hydrophobic->strong_hydrophilic,special,basic,0,0->1,2,6,4,11.0912,,,,,,unknown,unknown,,,,,,0,0,0,0,,,F9 p.C128R,1,"criteria provided, single submitter",ClinVar,2131311,clinvar
hybrid,F9,C,S,134,5,17,12,3.4,1.2237754316221157,85,1,0,12,3,13,7,19,2,4,2,2,4,6,2,0.5,0.333333,-0.166667,0.0,-0.333333,-0.333333,2.4,5,5,0,5,17,12,5->17,1,1,1->1,1,0,1->0,121.16,105.09,-16.069999999999993,16.069999999999993,2.5,-0.8,-3.3,3.3,0,0,0,0,0,0,1,0->0,strong_hydrophobic,mild_hydrophilic,strong_hydrophobic->mild_hydrophilic,special,polar,0,0->0,2,6,4,4.7821,,,,,,unknown,unknown,,,,,,0,0,0,0,,,F9 p.C134S,1,no assertion criteria provided,ClinVar,973818,clinvar
hybrid,F9,C,Y,141,5,17,12,3.4,1.2237754316221157,85,1,0,12,3,13,7,19,2,4,2,2,4,6,2,0.5,0.333333,-0.166667,0.0,-0.333333,-0.333333,2.4,5,5,0,5,17,12,5->17,1,1,1->1,1,0,1->0,121.16,181.19,60.03,60.03,2.5,-1.3,-3.8,3.8,0,0,0,0,0,1,0,0->1,strong_hydrophobic,mild_hydrophilic,strong_hydrophobic->mild_hydrophilic,special,aromatic,0,0->0,2,2,0,7.8009,,,,,,unknown,unknown,,,,,,0,0,0,0,,,F9 p.C141Y,1,"criteria provided, single submitter",ClinVar,811510,clinvar
hybrid,F9,C,S,155,5,17,12,3.4,1.2237754316221157,85,1,0,12,3,13,7,19,2,4,2,2,4,6,2,0.5,0.333333,-0.166667,0.0,-0.333333,-0.333333,2.4,5,5,0,5,17,12,5->17,1,1,1->1,1,0,1->0,121.16,105.09,-16.069999999999993,16.069999999999993,2.5,-0.8,-3.3,3.3,0,0,0,0,0,0,1,0->0,strong_hydrophobic,mild_hydrophilic,strong_hydrophobic->mild_hydrophilic,special,polar,0,0->0,2,6,4,4.7821,,,,,,unknown,unknown,,,,,,0,0,0,0,,,F9 p.C155S,1,"criteria provided, single submitter",ClinVar,2637194,clinvar
hybrid,F9,C,Y,157,5,17,12,3.4,1.2237754316221157,85,1,0,12,3,13,7,19,2,4,2,2,4,6,2,0.5,0.333333,-0.166667,0.0,-0.333333,-0.333333,2.4,5,5,0,5,17,12,5->17,1,1,1->1,1,0,1->0,121.16,181.19,60.03,60.03,2.5,-1.3,-3.8,3.8,0,0,0,0,0,1,0,0->1,strong_hydrophobic,mild_hydrophilic,strong_hydrophobic->mild_hydrophilic,special,aromatic,0,0->0,2,2,0,7.8009,,,,,,unknown,unknown,,,,,,0,0,0,0,,,F9 p.C157Y,1,"criteria provided, single submitter",ClinVar,4688845,clinvar
hybrid,F9,C,Y,170,5,17,12,3.4,1.2237754316221157,85,1,0,12,3,13,7,19,2,4,2,2,4,6,2,0.5,0.333333,-0.166667,0.0,-0.333333,-0.333333,2.4,5,5,0,5,17,12,5->17,1,1,1->1,1,0,1->0,121.16,181.19,60.03,60.03,2.5,-1.3,-3.8,3.8,0,0,0,0,0,1,0,0->1,strong_hydrophobic,mild_hydrophilic,strong_hydrophobic->mild_hydrophilic,special,aromatic,0,0->0,2,2,0,7.8009,,,,,,unknown,unknown,,,,,,0,0,0,0,,,F9 p.C170Y,1,"criteria provided, single submitter",ClinVar,811517,clinvar
hybrid,F9,C,R,178,5,19,14,3.8,1.33500106673234,95,1,0,14,3,17,7,23,2,2,2,4,4,6,2,0.5,0.333333,-0.166667,0.0,0.333333,0.333333,2.8,5,1,-4,5,19,14,5->19,1,1,1->1,1,0,1->0,121.16,174.2,53.03999999999999,53.03999999999999,2.5,-4.5,-7.0,7.0,0,1,1,1,0,0,1,0->0,strong_hydrophobic,strong_hydrophilic,strong_hydrophobic->strong_hydrophilic,special,basic,0,0->1,2,6,4,11.0912,,,,,,unknown,unknown,,,,,,0,0,0,0,,,F9 p.C178R,1,"criteria provided, single submitter",ClinVar,1459950,clinvar
hybrid,F9,C,F,178,5,17,12,3.4,1.2237754316221157,85,1,0,12,3,13,7,19,2,4,2,2,4,6,2,0.5,0.333333,-0.166667,0.0,-0.333333,-0.333333,2.4,5,5,0,5,17,12,5->17,1,1,1->1,1,0,1->0,121.16,165.19,44.03,44.03,2.5,2.8,0.2999999999999998,0.2999999999999998,0,0,0,0,1,1,0,0->1,strong_hydrophobic,strong_hydrophobic,strong_hydrophobic->strong_hydrophobic,special,aromatic,0,0->0,2,2,0,5.0209,,,,,,unknown,unknown,,,,,,0,0,0,0,,,F9 p.C178F,1,"criteria provided, single submitter",ClinVar,811518,clinvar
hybrid,F9,C,Y,178,5,17,12,3.4,1.2237754316221157,85,1,0,12,3,13,7,19,2,4,2,2,4,6,2,0.5,0.333333,-0.166667,0.0,-0.333333,-0.333333,2.4,5,5,0,5,17,12,5->17,1,1,1->1,1,0,1->0,121.16,181.19,60.03,60.03,2.5,-1.3,-3.8,3.8,0,0,0,0,0,1,0,0->1,strong_hydrophobic,mild_hydrophilic,strong_hydrophobic->mild_hydrophilic,special,aromatic,0,0->0,2,2,0,7.8009,,,,,,unknown,unknown,,,,,,0,0,0,0,,,F9 p.C178Y,1,"criteria provided, single submitter",ClinVar,4537255,clinvar
hybrid,F9,C,R,18,5,19,14,3.8,1.33500106673234,95,1,0,14,3,17,7,23,2,2,2,4,4,6,2,0.5,0.333333,-0.166667,0.0,0.333333,0.333333,2.8,5,1,-4,5,19,14,5->19,1,1,1->1,1,0,1->0,121.16,174.2,53.03999999999999,53.03999999999999,2.5,-4.5,-7.0,7.0,0,1,1,1,0,0,1,0->0,strong_hydrophobic,strong_hydrophilic,strong_hydrophobic->strong_hydrophilic,special,basic,0,0->1,2,6,4,11.0912,,,,,,unknown,unknown,,,,,,0,0,0,0,,,F9 p.C18R,1,no assertion criteria provided,ClinVar,10568,clinvar
hybrid,F9,C,S,252,5,17,12,3.4,1.2237754316221157,85,1,0,12,3,13,7,19,2,4,2,2,4,6,2,0.5,0.333333,-0.166667,0.0,-0.333333,-0.333333,2.4,5,5,0,5,17,12,5->17,1,1,1->1,1,0,1->0,121.16,105.09,-16.069999999999993,16.069999999999993,2.5,-0.8,-3.3,3.3,0,0,0,0,0,0,1,0->0,strong_hydrophobic,mild_hydrophilic,strong_hydrophobic->mild_hydrophilic,special,polar,0,0->0,2,6,4,4.7821,,,,,,unknown,unknown,,,,,,0,0,0,0,,,F9 p.C252S,1,no assertion criteria provided,ClinVar,10666,clinvar
hybrid,F9,C,W,252,5,11,6,2.2,0.7884573603642703,55,1,0,6,3,7,7,13,2,4,2,2,4,6,2,0.5,0.333333,-0.166667,0.0,-0.333333,-0.333333,1.2,5,5,0,5,11,6,5->11,1,1,1->1,1,1,1->1,121.16,204.23,83.07,83.07,2.5,-0.9,-3.4,3.4,0,0,0,0,1,1,1,0->0,strong_hydrophobic,mild_hydrophilic,strong_hydrophobic->mild_hydrophilic,special,aromatic,0,0->0,2,1,-1,9.2921,,,,,,unknown,unknown,,,,,,0,0,0,0,,,F9 p.C252W,1,no assertion criteria provided,ClinVar,375453,clinvar
hybrid,F9,C,R,28,5,19,14,3.8,1.33500106673234,95,1,0,14,3,17,7,23,2,2,2,4,4,6,2,0.5,0.333333,-0.166667,0.0,0.333333,0.333333,2.8,5,1,-4,5,19,14,5->19,1,1,1->1,1,0,1->0,121.16,174.2,53.03999999999999,53.03999999999999,2.5,-4.5,-7.0,7.0,0,1,1,1,0,0,1,0->0,strong_hydrophobic,strong_hydrophilic,strong_hydrophobic->strong_hydrophilic,special,basic,0,0->1,2,6,4,11.0912,,,,,,unknown,unknown,,,,,,0,0,0,0,,,F9 p.C28R,1,"criteria provided, single submitter",ClinVar,10657,clinvar
hybrid,F9,C,F,335,5,17,12,3.4,1.2237754316221157,85,1,0,12,3,13,7,19,2,4,2,2,4,6,2,0.5,0.333333,-0.166667,0.0,-0.333333,-0.333333,2.4,5,5,0,5,17,12,5->17,1,1,1->1,1,0,1->0,121.16,165.19,44.03,44.03,2.5,2.8,0.2999999999999998,0.2999999999999998,0,0,0,0,1,1,0,0->1,strong_hydrophobic,strong_hydrophobic,strong_hydrophobic->strong_hydrophobic,special,aromatic,0,0->0,2,2,0,5.0209,,,,,,unknown,unknown,,,,,,0,0,0,0,,,F9 p.C335F,1,"criteria provided, single submitter",ClinVar,2691657,clinvar
hybrid,F9,C,W,335,5,11,6,2.2,0.7884573603642703,55,1,0,6,3,7,7,13,2,4,2,2,4,6,2,0.5,0.333333,-0.166667,0.0,-0.333333,-0.333333,1.2,5,5,0,5,11,6,5->11,1,1,1->1,1,1,1->1,121.16,204.23,83.07,83.07,2.5,-0.9,-3.4,3.4,0,0,0,0,1,1,1,0->0,strong_hydrophobic,mild_hydrophilic,strong_hydrophobic->mild_hydrophilic,special,aromatic,0,0->0,2,1,-1,9.2921,,,,,,unknown,unknown,,,,,,0,0,0,0,,,F9 p.C335W,1,no assertion criteria provided,ClinVar,973811,clinvar
hybrid,F9,C,Y,335,5,17,12,3.4,1.2237754316221157,85,1,0,12,3,13,7,19,2,4,2,2,4,6,2,0.5,0.333333,-0.166667,0.0,-0.333333,-0.333333,2.4,5,5,0,5,17,12,5->17,1,1,1->1,1,0,1->0,121.16,181.19,60.03,60.03,2.5,-1.3,-3.8,3.8,0,0,0,0,0,1,0,0->1,strong_hydrophobic,mild_hydrophilic,strong_hydrophobic->mild_hydrophilic,special,aromatic,0,0->0,2,2,0,7.8009,,,,,,unknown,unknown,,,,,,0,0,0,0,,,F9 p.C335Y,1,"criteria provided, single submitter",ClinVar,2444124,clinvar
hybrid,F9,C,R,382,5,19,14,3.8,1.33500106673234,95,1,0,14,3,17,7,23,2,2,2,4,4,6,2,0.5,0.333333,-0.166667,0.0,0.333333,0.333333,2.8,5,1,-4,5,19,14,5->19,1,1,1->1,1,0,1->0,121.16,174.2,53.03999999999999,53.03999999999999,2.5,-4.5,-7.0,7.0,0,1,1,1,0,0,1,0->0,strong_hydrophobic,strong_hydrophilic,strong_hydrophobic->strong_hydrophilic,special,basic,0,0->1,2,6,4,11.0912,,,,,,unknown,unknown,,,,,,0,0,0,0,,,F9 p.C382R,1,"criteria provided, single submitter",ClinVar,10614,clinvar
hybrid,F9,C,S,382,5,17,12,3.4,1.2237754316221157,85,1,0,12,3,13,7,19,2,4,2,2,4,6,2,0.5,0.333333,-0.166667,0.0,-0.333333,-0.333333,2.4,5,5,0,5,17,12,5->17,1,1,1->1,1,0,1->0,121.16,105.09,-16.069999999999993,16.069999999999993,2.5,-0.8,-3.3,3.3,0,0,0,0,0,0,1,0->0,strong_hydrophobic,mild_hydrophilic,strong_hydrophobic->mild_hydrophilic,special,polar,0,0->0,2,6,4,4.7821,,,,,,unknown,unknown,,,,,,0,0,0,0,,,F9 p.C382S,1,"criteria provided, single submitter",ClinVar,116175,clinvar
hybrid,F9,C,S,396,5,17,12,3.4,1.2237754316221157,85,1,0,12,3,13,7,19,2,4,2,2,4,6,2,0.5,0.333333,-0.166667,0.0,-0.333333,-0.333333,2.4,5,5,0,5,17,12,5->17,1,1,1->1,1,0,1->0,121.16,105.09,-16.069999999999993,16.069999999999993,2.5,-0.8,-3.3,3.3,0,0,0,0,0,0,1,0->0,strong_hydrophobic,mild_hydrophilic,strong_hydrophobic->mild_hydrophilic,special,polar,0,0->0,2,6,4,4.7821,,,,,,unknown,unknown,,,,,,0,0,0,0,,,F9 p.C396S,1,"criteria provided, single submitter",ClinVar,810871,clinvar
hybrid,F9,C,Y,396,5,17,12,3.4,1.2237754316221157,85,1,0,12,3,13,7,19,2,4,2,2,4,6,2,0.5,0.333333,-0.166667,0.0,-0.333333,-0.333333,2.4,5,5,0,5,17,12,5->17,1,1,1->1,1,0,1->0,121.16,181.19,60.03,60.03,2.5,-1.3,-3.8,3.8,0,0,0,0,0,1,0,0->1,strong_hydrophobic,mild_hydrophilic,strong_hydrophobic->mild_hydrophilic,special,aromatic,0,0->0,2,2,0,7.8009,,,,,,unknown,unknown,,,,,,0,0,0,0,,,F9 p.C396Y,1,"criteria provided, single submitter",ClinVar,2138745,clinvar
hybrid,F9,C,S,407,5,17,12,3.4,1.2237754316221157,85,1,0,12,3,13,7,19,2,4,2,2,4,6,2,0.5,0.333333,-0.166667,0.0,-0.333333,-0.333333,2.4,5,5,0,5,17,12,5->17,1,1,1->1,1,0,1->0,121.16,105.09,-16.069999999999993,16.069999999999993,2.5,-0.8,-3.3,3.3,0,0,0,0,0,0,1,0->0,strong_hydrophobic,mild_hydrophilic,strong_hydrophobic->mild_hydrophilic,special,polar,0,0->0,2,6,4,4.7821,,,,,,unknown,unknown,,,,,,0,0,0,0,,,F9 p.C407S,1,"criteria provided, single submitter",ClinVar,2925700,clinvar
hybrid,F9,C,Y,64,5,17,12,3.4,1.2237754316221157,85,1,0,12,3,13,7,19,2,4,2,2,4,6,2,0.5,0.333333,-0.166667,0.0,-0.333333,-0.333333,2.4,5,5,0,5,17,12,5->17,1,1,1->1,1,0,1->0,121.16,181.19,60.03,60.03,2.5,-1.3,-3.8,3.8,0,0,0,0,0,1,0,0->1,strong_hydrophobic,mild_hydrophilic,strong_hydrophobic->mild_hydrophilic,special,aromatic,0,0->0,2,2,0,7.8009,,,,,,unknown,unknown,,,,,,0,0,0,0,,,F9 p.C64Y,1,"criteria provided, single submitter",ClinVar,1076388,clinvar
hybrid,F9,C,S,69,5,17,12,3.4,1.2237754316221157,85,1,0,12,3,13,7,19,2,4,2,2,4,6,2,0.5,0.333333,-0.166667,0.0,-0.333333,-0.333333,2.4,5,5,0,5,17,12,5->17,1,1,1->1,1,0,1->0,121.16,105.09,-16.069999999999993,16.069999999999993,2.5,-0.8,-3.3,3.3,0,0,0,0,0,0,1,0->0,strong_hydrophobic,mild_hydrophilic,strong_hydrophobic->mild_hydrophilic,special,polar,0,0->0,2,6,4,4.7821,,,,,,unknown,unknown,,,,,,0,0,0,0,,,F9 p.C69S,1,"criteria provided, single submitter",ClinVar,1330991,clinvar
hybrid,F9,C,Y,69,5,17,12,3.4,1.2237754316221157,85,1,0,12,3,13,7,19,2,4,2,2,4,6,2,0.5,0.333333,-0.166667,0.0,-0.333333,-0.333333,2.4,5,5,0,5,17,12,5->17,1,1,1->1,1,0,1->0,121.16,181.19,60.03,60.03,2.5,-1.3,-3.8,3.8,0,0,0,0,0,1,0,0->1,strong_hydrophobic,mild_hydrophilic,strong_hydrophobic->mild_hydrophilic,special,aromatic,0,0->0,2,2,0,7.8009,,,,,,unknown,unknown,,,,,,0,0,0,0,,,F9 p.C69Y,1,"criteria provided, single submitter",ClinVar,994405,clinvar
hybrid,F9,Q,H,167,7,13,6,1.8571428571428572,0.6190392084062235,91,1,0,6,5,11,11,17,2,2,4,4,6,6,0,0.333333,0.333333,0.0,0.333333,0.333333,0.0,1.0,1,1,0,7,13,6,7->13,1,1,1->1,0,0,0->0,146.15,155.16,9.009999999999991,9.009999999999991,-3.5,-3.2,0.2999999999999998,0.2999999999999998,0,1,1,1,0,1,1,0->0,strong_hydrophilic,strong_hydrophilic,strong_hydrophilic->strong_hydrophilic,polar,basic,0,0->1,2,2,0,4.2703,,,,,,unknown,unknown,,,,,,0,0,0,0,,,F9 p.Q167H,1,"criteria provided, single submitter",ClinVar,4526076,clinvar
hybrid,F9,Q,L,237,7,23,16,3.2857142857142856,1.1895840668738364,161,1,0,16,5,19,11,29,2,4,4,6,6,10,4,0.333333,0.2,-0.133333,0.333333,0.2,-0.133333,2.0,1,5,4,7,23,16,7->23,1,0,1->0,0,1,0->1,146.15,131.18,-14.969999999999999,14.969999999999999,-3.5,3.8,7.3,7.3,0,0,0,0,1,0,0,0->1,strong_hydrophilic,strong_hydrophobic,strong_hydrophilic->strong_hydrophobic,polar,hydrophobic,0,0->0,2,6,4,9.9491,,,,,,unknown,unknown,,,,,,0,0,0,0,,,F9 p.Q237L,1,no assertion criteria provided,ClinVar,10596,clinvar
hybrid,F9,Q,R,241,7,19,12,2.7142857142857144,0.9985288301111273,133,1,0,12,5,17,11,23,2,2,4,4,6,6,0,0.333333,0.333333,0.0,0.333333,0.333333,0.0,2.0,1,1,0,7,19,12,7->19,1,1,1->1,0,0,0->0,146.15,174.2,28.049999999999983,28.049999999999983,-3.5,-4.5,-1.0,1.0,0,1,1,1,0,0,1,0->0,strong_hydrophilic,strong_hydrophilic,strong_hydrophilic->strong_hydrophilic,polar,basic,0,0->1,2,6,4,4.3415,,,,,,unknown,unknown,,,,,,0,0,0,0,,,F9 p.Q241R,1,"criteria provided, single submitter",ClinVar,3910035,clinvar
hybrid,F9,Q,P,96,7,17,10,2.4285714285714284,0.8873031950009027,119,1,0,10,5,13,11,19,2,4,4,2,6,6,0,0.333333,0.333333,0.0,0.333333,-0.333333,-0.666666,1.666667,1,5,4,7,17,10,7->17,1,1,1->1,0,0,0->0,146.15,115.13,-31.02000000000001,31.02000000000001,-3.5,-1.6,1.9,1.9,0,0,0,0,1,0,0,0->1,strong_hydrophilic,mild_hydrophilic,strong_hydrophilic->mild_hydrophilic,polar,special,0,0->0,2,4,2,5.0306,,,,,,unknown,unknown,,,,,,0,0,0,0,,,F9 p.Q96P,1,"criteria provided, single submitter",ClinVar,10577,clinvar
hybrid,F9,E,V,291,11,19,8,1.7272727272727273,0.5465437063680699,209,1,0,8,7,17,13,23,4,2,2,4,6,6,0,0.333333,0.333333,0.0,-0.333333,0.333333,0.666666,1.333333,5,1,-4,11,19,8,11->19,1,1,1->1,1,0,1->0,147.13,117.15,-29.97999999999999,29.97999999999999,-3.5,4.2,7.7,7.7,-1,0,1,1,1,0,0,0->1,strong_hydrophilic,strong_hydrophobic,strong_hydrophilic->strong_hydrophobic,acidic,hydrophobic,0,-1->0,2,4,2,12.2994,,,,,,unknown,unknown,,,,,,0,0,0,0,,,F9 p.E291V,1,no assertion criteria provided,ClinVar,10652,clinvar
hybrid,F9,E,G,320,11,13,2,1.1818181818181819,0.16705408466316624,143,1,0,2,7,11,13,17,4,2,2,4,6,6,0,0.333333,0.333333,0.0,-0.333333,0.333333,0.666666,0.333333,5,1,-4,11,13,2,11->13,1,1,1->1,1,0,1->0,147.13,75.07,-72.06,72.06,-3.5,-0.4,3.1,3.1,-1,0,1,1,1,0,0,0->1,strong_hydrophilic,mild_hydrophilic,strong_hydrophilic->mild_hydrophilic,acidic,small_nonpolar,0,-1->0,2,4,2,8.9618,,,,,,unknown,unknown,,,,,,0,0,0,0,,,F9 p.E320G,1,"criteria provided, single submitter",ClinVar,2683975,clinvar
hybrid,F9,E,G,433,11,13,2,1.1818181818181819,0.16705408466316624,143,1,0,2,7,11,13,17,4,2,2,4,6,6,0,0.333333,0.333333,0.0,-0.333333,0.333333,0.666666,0.333333,5,1,-4,11,13,2,11->13,1,1,1->1,1,0,1->0,147.13,75.07,-72.06,72.06,-3.5,-0.4,3.1,3.1,-1,0,1,1,1,0,0,0->1,strong_hydrophilic,mild_hydrophilic,strong_hydrophilic->mild_hydrophilic,acidic,small_nonpolar,0,-1->0,2,4,2,8.9618,,,,,,unknown,unknown,,,,,,0,0,0,0,,,F9 p.E433G,1,no assertion criteria provided,ClinVar,4067837,clinvar
hybrid,F9,E,K,54,11,11,0,1.0,0.0,121,0,0,0,7,7,13,13,4,4,2,2,6,6,0,0.333333,0.333333,0.0,-0.333333,-0.333333,0.0,0.0,5,5,0,11,11,0,11->11,1,1,1->1,1,1,1->1,147.13,146.19,-0.9399999999999977,0.9399999999999977,-3.5,-3.9,-0.3999999999999999,0.3999999999999999,-1,1,2,2,0,0,1,0->0,strong_hydrophilic,strong_hydrophilic,strong_hydrophilic->strong_hydrophilic,acidic,basic,0,-1->1,2,2,0,4.4282,,,,,,unknown,unknown,,,,,,0,0,0,0,,,F9 p.E54K,1,"criteria provided, single submitter",ClinVar,3759686,clinvar
hybrid,F9,E,V,54,11,19,8,1.7272727272727273,0.5465437063680699,209,1,0,8,7,17,13,23,4,2,2,4,6,6,0,0.333333,0.333333,0.0,-0.333333,0.333333,0.666666,1.333333,5,1,-4,11,19,8,11->19,1,1,1->1,1,0,1->0,147.13,117.15,-29.97999999999999,29.97999999999999,-3.5,4.2,7.7,7.7,-1,0,1,1,1,0,0,0->1,strong_hydrophilic,strong_hydrophobic,strong_hydrophilic->strong_hydrophobic,acidic,hydrophobic,0,-1->0,2,4,2,12.2994,,,,,,unknown,unknown,,,,,,0,0,0,0,,,F9 p.E54V,1,"criteria provided, single submitter",ClinVar,618117,clinvar
hybrid,F9,E,V,73,11,19,8,1.7272727272727273,0.5465437063680699,209,1,0,8,7,17,13,23,4,2,2,4,6,6,0,0.333333,0.333333,0.0,-0.333333,0.333333,0.666666,1.333333,5,1,-4,11,19,8,11->19,1,1,1->1,1,0,1->0,147.13,117.15,-29.97999999999999,29.97999999999999,-3.5,4.2,7.7,7.7,-1,0,1,1,1,0,0,0->1,strong_hydrophilic,strong_hydrophobic,strong_hydrophilic->strong_hydrophobic,acidic,hydrophobic,0,-1->0,2,4,2,12.2994,,,,,,unknown,unknown,,,,,,0,0,0,0,,,F9 p.E73V,1,no assertion criteria provided,ClinVar,10571,clinvar
hybrid,F9,E,K,76,11,11,0,1.0,0.0,121,0,0,0,7,7,13,13,4,4,2,2,6,6,0,0.333333,0.333333,0.0,-0.333333,-0.333333,0.0,0.0,5,5,0,11,11,0,11->11,1,1,1->1,1,1,1->1,147.13,146.19,-0.9399999999999977,0.9399999999999977,-3.5,-3.9,-0.3999999999999999,0.3999999999999999,-1,1,2,2,0,0,1,0->0,strong_hydrophilic,strong_hydrophilic,strong_hydrophilic->strong_hydrophilic,acidic,basic,0,-1->1,2,2,0,4.4282,,,,,,unknown,unknown,,,,,,0,0,0,0,,,F9 p.E76K,1,"criteria provided, single submitter",ClinVar,811519,clinvar
hybrid,F9,E,D,79,11,11,0,1.0,0.0,121,0,0,0,7,7,13,13,4,4,2,2,6,6,0,0.333333,0.333333,0.0,-0.333333,-0.333333,0.0,0.0,5,5,0,11,11,0,11->11,1,1,1->1,1,1,1->1,147.13,133.1,-14.030000000000001,14.030000000000001,-3.5,-3.5,0.0,0.0,-1,-1,0,0,0,0,1,0->0,strong_hydrophilic,strong_hydrophilic,strong_hydrophilic->strong_hydrophilic,acidic,acidic,1,-1->-1,2,2,0,0.4209,,,,,,unknown,unknown,,,,,,0,0,0,0,,,F9 p.E79D,1,no assertion criteria provided,ClinVar,10574,clinvar
hybrid,F9,E,V,79,11,19,8,1.7272727272727273,0.5465437063680699,209,1,0,8,7,17,13,23,4,2,2,4,6,6,0,0.333333,0.333333,0.0,-0.333333,0.333333,0.666666,1.333333,5,1,-4,11,19,8,11->19,1,1,1->1,1,0,1->0,147.13,117.15,-29.97999999999999,29.97999999999999,-3.5,4.2,7.7,7.7,-1,0,1,1,1,0,0,0->1,strong_hydrophilic,strong_hydrophobic,strong_hydrophilic->strong_hydrophobic,acidic,hydrophobic,0,-1->0,2,4,2,12.2994,,,,,,unknown,unknown,,,,,,0,0,0,0,,,F9 p.E79V,1,"criteria provided, single submitter",ClinVar,2925691,clinvar
hybrid,F9,E,D,7,11,11,0,1.0,0.0,121,0,0,0,7,7,13,13,4,4,2,2,6,6,0,0.333333,0.333333,0.0,-0.333333,-0.333333,0.0,0.0,5,5,0,11,11,0,11->11,1,1,1->1,1,1,1->1,147.13,133.1,-14.030000000000001,14.030000000000001,-3.5,-3.5,0.0,0.0,-1,-1,0,0,0,0,1,0->0,strong_hydrophilic,strong_hydrophilic,strong_hydrophilic->strong_hydrophilic,acidic,acidic,1,-1->-1,2,2,0,0.4209,,,,,,unknown,unknown,,,,,,0,0,0,0,,,F9 p.E7D,1,no assertion criteria provided,ClinVar,10566,clinvar
hybrid,F9,G,D,105,13,11,2,0.8461538461538461,-0.1670540846631662,143,0,1,2,11,7,17,13,2,4,4,2,6,6,0,0.333333,0.333333,0.0,0.333333,-0.333333,-0.666666,0.333333,1,5,4,13,11,-2,13->11,1,1,1->1,0,1,0->1,75.07,133.1,58.03,58.03,-0.4,-3.5,-3.1,3.1,0,-1,-1,1,1,0,0,1->0,mild_hydrophilic,strong_hydrophilic,mild_hydrophilic->strong_hydrophilic,small_nonpolar,acidic,0,0->-1,4,2,-2,8.5409,,,,,,unknown,unknown,,,,,,0,0,0,0,,,F9 p.G105D,1,"criteria provided, single submitter",ClinVar,1676742,clinvar
hybrid,F9,G,V,105,13,19,6,1.4615384615384615,0.3794896217049037,247,1,0,6,11,17,17,23,2,2,4,4,6,6,0,0.333333,0.333333,0.0,0.333333,0.333333,0.0,1.0,1,1,0,13,19,6,13->19,1,1,1->1,0,0,0->0,75.07,117.15,42.08000000000001,42.08000000000001,-0.4,4.2,4.6000000000000005,4.6000000000000005,0,0,0,0,0,0,1,1->1,mild_hydrophilic,strong_hydrophobic,mild_hydrophilic->strong_hydrophobic,small_nonpolar,hydrophobic,0,0->0,4,4,0,6.8624,,,,,,unknown,unknown,,,,,,0,0,0,0,,,F9 p.G105V,1,"criteria provided, single submitter",ClinVar,3759689,clinvar
hybrid,F9,G,V,122,13,19,6,1.4615384615384615,0.3794896217049037,247,1,0,6,11,17,17,23,2,2,4,4,6,6,0,0.333333,0.333333,0.0,0.333333,0.333333,0.0,1.0,1,1,0,13,19,6,13->19,1,1,1->1,0,0,0->0,75.07,117.15,42.08000000000001,42.08000000000001,-0.4,4.2,4.6000000000000005,4.6000000000000005,0,0,0,0,0,0,1,1->1,mild_hydrophilic,strong_hydrophobic,mild_hydrophilic->strong_hydrophobic,small_nonpolar,hydrophobic,0,0->0,4,4,0,6.8624,,,,,,unknown,unknown,,,,,,0,0,0,0,,,F9 p.G122V,1,no assertion criteria provided,ClinVar,1684372,clinvar
hybrid,F9,G,R,125,13,19,6,1.4615384615384615,0.3794896217049037,247,1,0,6,11,17,17,23,2,2,4,4,6,6,0,0.333333,0.333333,0.0,0.333333,0.333333,0.0,1.0,1,1,0,13,19,6,13->19,1,1,1->1,0,0,0->0,75.07,174.2,99.13,99.13,-0.4,-4.5,-4.1,4.1,0,1,1,1,1,0,0,1->0,mild_hydrophilic,strong_hydrophilic,mild_hydrophilic->strong_hydrophilic,small_nonpolar,basic,0,0->1,4,6,2,10.7739,,,,,,unknown,unknown,,,,,,0,0,0,0,,,F9 p.G125R,1,"criteria provided, single submitter",ClinVar,4081674,clinvar
hybrid,F9,G,A,160,13,13,0,1.0,0.0,169,0,0,0,11,11,17,17,2,2,4,4,6,6,0,0.333333,0.333333,0.0,0.333333,0.333333,0.0,0.0,1,1,0,13,13,0,13->13,1,1,1->1,0,0,0->0,75.07,89.09,14.02000000000001,14.02000000000001,-0.4,1.8,2.2,2.2,0,0,0,0,0,0,1,1->1,mild_hydrophilic,mild_hydrophobic,mild_hydrophilic->mild_hydrophobic,small_nonpolar,small_nonpolar,1,0->0,4,4,0,2.6206,,,,,,unknown,unknown,,,,,,0,0,0,0,,,F9 p.G160A,1,no assertion criteria provided,ClinVar,10581,clinvar
hybrid,F9,G,R,160,13,19,6,1.4615384615384615,0.3794896217049037,247,1,0,6,11,17,17,23,2,2,4,4,6,6,0,0.333333,0.333333,0.0,0.333333,0.333333,0.0,1.0,1,1,0,13,19,6,13->19,1,1,1->1,0,0,0->0,75.07,174.2,99.13,99.13,-0.4,-4.5,-4.1,4.1,0,1,1,1,1,0,0,1->0,mild_hydrophilic,strong_hydrophilic,mild_hydrophilic->strong_hydrophilic,small_nonpolar,basic,0,0->1,4,6,2,10.7739,,,,,,unknown,unknown,,,,,,0,0,0,0,,,F9 p.G160R,1,"criteria provided, single submitter",ClinVar,2138738,clinvar
hybrid,F9,G,E,160,13,11,2,0.8461538461538461,-0.1670540846631662,143,0,1,2,11,7,17,13,2,4,4,2,6,6,0,0.333333,0.333333,0.0,0.333333,-0.333333,-0.666666,0.333333,1,5,4,13,11,-2,13->11,1,1,1->1,0,1,0->1,75.07,147.13,72.06,72.06,-0.4,-3.5,-3.1,3.1,0,-1,-1,1,1,0,0,1->0,mild_hydrophilic,strong_hydrophilic,mild_hydrophilic->strong_hydrophilic,small_nonpolar,acidic,0,0->-1,4,2,-2,8.9618,,,,,,unknown,unknown,,,,,,0,0,0,0,,,F9 p.G160E,1,"criteria provided, single submitter",ClinVar,4783887,clinvar
hybrid,F9,G,R,230,13,19,6,1.4615384615384615,0.3794896217049037,247,1,0,6,11,17,17,23,2,2,4,4,6,6,0,0.333333,0.333333,0.0,0.333333,0.333333,0.0,1.0,1,1,0,13,19,6,13->19,1,1,1->1,0,0,0->0,75.07,174.2,99.13,99.13,-0.4,-4.5,-4.1,4.1,0,1,1,1,1,0,0,1->0,mild_hydrophilic,strong_hydrophilic,mild_hydrophilic->strong_hydrophilic,small_nonpolar,basic,0,0->1,4,6,2,10.7739,,,,,,unknown,unknown,,,,,,0,0,0,0,,,F9 p.G230R,1,"criteria provided, single submitter",ClinVar,4081673,clinvar
hybrid,F9,G,L,236,13,23,10,1.7692307692307692,0.5705448584676129,299,1,0,10,11,19,17,29,2,4,4,6,6,10,4,0.333333,0.2,-0.133333,0.333333,0.2,-0.133333,1.25,1,5,4,13,23,10,13->23,1,0,1->0,0,1,0->1,75.07,131.18,56.110000000000014,56.110000000000014,-0.4,3.8,4.2,4.2,0,0,0,0,0,0,1,1->1,mild_hydrophilic,strong_hydrophobic,mild_hydrophilic->strong_hydrophobic,small_nonpolar,hydrophobic,0,0->0,4,6,2,6.8833,,,,,,unknown,unknown,,,,,,0,0,0,0,,,F9 p.G236L,1,"criteria provided, single submitter",ClinVar,2635268,clinvar
hybrid,F9,G,R,253,13,19,6,1.4615384615384615,0.3794896217049037,247,1,0,6,11,17,17,23,2,2,4,4,6,6,0,0.333333,0.333333,0.0,0.333333,0.333333,0.0,1.0,1,1,0,13,19,6,13->19,1,1,1->1,0,0,0->0,75.07,174.2,99.13,99.13,-0.4,-4.5,-4.1,4.1,0,1,1,1,1,0,0,1->0,mild_hydrophilic,strong_hydrophilic,mild_hydrophilic->strong_hydrophilic,small_nonpolar,basic,0,0->1,4,6,2,10.7739,,,,,,unknown,unknown,,,,,,0,0,0,0,,,F9 p.G253R,1,"criteria provided, single submitter",ClinVar,627130,clinvar
hybrid,F9,G,S,254,13,17,4,1.3076923076923077,0.26826398659467937,221,1,0,4,11,13,17,19,2,4,4,2,6,6,0,0.333333,0.333333,0.0,0.333333,-0.333333,-0.666666,0.666667,1,5,4,13,17,4,13->17,1,1,1->1,0,0,0->0,75.07,105.09,30.02000000000001,30.02000000000001,-0.4,-0.8,-0.4,0.4,0,0,0,0,1,0,0,1->0,mild_hydrophilic,mild_hydrophilic,mild_hydrophilic->mild_hydrophilic,small_nonpolar,polar,0,0->0,4,6,2,3.5006,,,,,,unknown,unknown,,,,,,0,0,0,0,,,F9 p.G254S,1,"criteria provided, single submitter",ClinVar,3896563,clinvar
hybrid,F9,G,A,280,13,13,0,1.0,0.0,169,0,0,0,11,11,17,17,2,2,4,4,6,6,0,0.333333,0.333333,0.0,0.333333,0.333333,0.0,0.0,1,1,0,13,13,0,13->13,1,1,1->1,0,0,0->0,75.07,89.09,14.02000000000001,14.02000000000001,-0.4,1.8,2.2,2.2,0,0,0,0,0,0,1,1->1,mild_hydrophilic,mild_hydrophobic,mild_hydrophilic->mild_hydrophobic,small_nonpolar,small_nonpolar,1,0->0,4,4,0,2.6206,,,,,,unknown,unknown,,,,,,0,0,0,0,,,F9 p.G280A,1,"criteria provided, single submitter",ClinVar,4795939,clinvar
hybrid,F9,G,D,280,13,11,2,0.8461538461538461,-0.1670540846631662,143,0,1,2,11,7,17,13,2,4,4,2,6,6,0,0.333333,0.333333,0.0,0.333333,-0.333333,-0.666666,0.333333,1,5,4,13,11,-2,13->11,1,1,1->1,0,1,0->1,75.07,133.1,58.03,58.03,-0.4,-3.5,-3.1,3.1,0,-1,-1,1,1,0,0,1->0,mild_hydrophilic,strong_hydrophilic,mild_hydrophilic->strong_hydrophilic,small_nonpolar,acidic,0,0->-1,4,2,-2,8.5409,,,,,,unknown,unknown,,,,,,0,0,0,0,,,F9 p.G280D,1,"criteria provided, single submitter",ClinVar,1070513,clinvar
hybrid,F9,G,V,355,13,19,6,1.4615384615384615,0.3794896217049037,247,1,0,6,11,17,17,23,2,2,4,4,6,6,0,0.333333,0.333333,0.0,0.333333,0.333333,0.0,1.0,1,1,0,13,19,6,13->19,1,1,1->1,0,0,0->0,75.07,117.15,42.08000000000001,42.08000000000001,-0.4,4.2,4.6000000000000005,4.6000000000000005,0,0,0,0,0,0,1,1->1,mild_hydrophilic,strong_hydrophobic,mild_hydrophilic->strong_hydrophobic,small_nonpolar,hydrophobic,0,0->0,4,4,0,6.8624,,,,,,unknown,unknown,,,,,,0,0,0,0,,,F9 p.G355V,1,no assertion criteria provided,ClinVar,10609,clinvar
hybrid,F9,G,E,357,13,11,2,0.8461538461538461,-0.1670540846631662,143,0,1,2,11,7,17,13,2,4,4,2,6,6,0,0.333333,0.333333,0.0,0.333333,-0.333333,-0.666666,0.333333,1,5,4,13,11,-2,13->11,1,1,1->1,0,1,0->1,75.07,147.13,72.06,72.06,-0.4,-3.5,-3.1,3.1,0,-1,-1,1,1,0,0,1->0,mild_hydrophilic,strong_hydrophilic,mild_hydrophilic->strong_hydrophilic,small_nonpolar,acidic,0,0->-1,4,2,-2,8.9618,,,,,,unknown,unknown,,,,,,0,0,0,0,,,F9 p.G357E,1,"criteria provided, single submitter",ClinVar,10647,clinvar
hybrid,F9,G,V,357,13,19,6,1.4615384615384615,0.3794896217049037,247,1,0,6,11,17,17,23,2,2,4,4,6,6,0,0.333333,0.333333,0.0,0.333333,0.333333,0.0,1.0,1,1,0,13,19,6,13->19,1,1,1->1,0,0,0->0,75.07,117.15,42.08000000000001,42.08000000000001,-0.4,4.2,4.6000000000000005,4.6000000000000005,0,0,0,0,0,0,1,1->1,mild_hydrophilic,strong_hydrophobic,mild_hydrophilic->strong_hydrophobic,small_nonpolar,hydrophobic,0,0->0,4,4,0,6.8624,,,,,,unknown,unknown,,,,,,0,0,0,0,,,F9 p.G357V,1,"criteria provided, single submitter",ClinVar,3907396,clinvar
hybrid,F9,G,V,398,13,19,6,1.4615384615384615,0.3794896217049037,247,1,0,6,11,17,17,23,2,2,4,4,6,6,0,0.333333,0.333333,0.0,0.333333,0.333333,0.0,1.0,1,1,0,13,19,6,13->19,1,1,1->1,0,0,0->0,75.07,117.15,42.08000000000001,42.08000000000001,-0.4,4.2,4.6000000000000005,4.6000000000000005,0,0,0,0,0,0,1,1->1,mild_hydrophilic,strong_hydrophobic,mild_hydrophilic->strong_hydrophobic,small_nonpolar,hydrophobic,0,0->0,4,4,0,6.8624,,,,,,unknown,unknown,,,,,,0,0,0,0,,,F9 p.G398V,1,"criteria provided, single submitter",ClinVar,2444307,clinvar
hybrid,F9,G,R,402,13,19,6,1.4615384615384615,0.3794896217049037,247,1,0,6,11,17,17,23,2,2,4,4,6,6,0,0.333333,0.333333,0.0,0.333333,0.333333,0.0,1.0,1,1,0,13,19,6,13->19,1,1,1->1,0,0,0->0,75.07,174.2,99.13,99.13,-0.4,-4.5,-4.1,4.1,0,1,1,1,1,0,0,1->0,mild_hydrophilic,strong_hydrophilic,mild_hydrophilic->strong_hydrophilic,small_nonpolar,basic,0,0->1,4,6,2,10.7739,,,,,,unknown,unknown,,,,,,0,0,0,0,,,F9 p.G402R,1,"criteria provided, single submitter",ClinVar,4535627,clinvar
hybrid,F9,G,R,409,13,19,6,1.4615384615384615,0.3794896217049037,247,1,0,6,11,17,17,23,2,2,4,4,6,6,0,0.333333,0.333333,0.0,0.333333,0.333333,0.0,1.0,1,1,0,13,19,6,13->19,1,1,1->1,0,0,0->0,75.07,174.2,99.13,99.13,-0.4,-4.5,-4.1,4.1,0,1,1,1,1,0,0,1->0,mild_hydrophilic,strong_hydrophilic,mild_hydrophilic->strong_hydrophilic,small_nonpolar,basic,0,0->1,4,6,2,10.7739,,,,,,unknown,unknown,,,,,,0,0,0,0,,,F9 p.G409R,1,"criteria provided, single submitter",ClinVar,3338825,clinvar
hybrid,F9,G,V,409,13,19,6,1.4615384615384615,0.3794896217049037,247,1,0,6,11,17,17,23,2,2,4,4,6,6,0,0.333333,0.333333,0.0,0.333333,0.333333,0.0,1.0,1,1,0,13,19,6,13->19,1,1,1->1,0,0,0->0,75.07,117.15,42.08000000000001,42.08000000000001,-0.4,4.2,4.6000000000000005,4.6000000000000005,0,0,0,0,0,0,1,1->1,mild_hydrophilic,strong_hydrophobic,mild_hydrophilic->strong_hydrophobic,small_nonpolar,hydrophobic,0,0->0,4,4,0,6.8624,,,,,,unknown,unknown,,,,,,0,0,0,0,,,F9 p.G409V,1,"criteria provided, single submitter",ClinVar,4687707,clinvar
hybrid,F9,G,A,432,13,13,0,1.0,0.0,169,0,0,0,11,11,17,17,2,2,4,4,6,6,0,0.333333,0.333333,0.0,0.333333,0.333333,0.0,0.0,1,1,0,13,13,0,13->13,1,1,1->1,0,0,0->0,75.07,89.09,14.02000000000001,14.02000000000001,-0.4,1.8,2.2,2.2,0,0,0,0,0,0,1,1->1,mild_hydrophilic,mild_hydrophobic,mild_hydrophilic->mild_hydrophobic,small_nonpolar,small_nonpolar,1,0->0,4,4,0,2.6206,,,,,,unknown,unknown,,,,,,0,0,0,0,,,F9 p.G432A,1,"criteria provided, single submitter",ClinVar,837906,clinvar
hybrid,F9,G,S,432,13,17,4,1.3076923076923077,0.26826398659467937,221,1,0,4,11,13,17,19,2,4,4,2,6,6,0,0.333333,0.333333,0.0,0.333333,-0.333333,-0.666666,0.666667,1,5,4,13,17,4,13->17,1,1,1->1,0,0,0->0,75.07,105.09,30.02000000000001,30.02000000000001,-0.4,-0.8,-0.4,0.4,0,0,0,0,1,0,0,1->0,mild_hydrophilic,mild_hydrophilic,mild_hydrophilic->mild_hydrophilic,small_nonpolar,polar,0,0->0,4,6,2,3.5006,,,,,,unknown,unknown,,,,,,0,0,0,0,,,F9 p.G432S,1,"criteria provided, single submitter",ClinVar,2925702,clinvar
hybrid,F9,G,A,50,13,13,0,1.0,0.0,169,0,0,0,11,11,17,17,2,2,4,4,6,6,0,0.333333,0.333333,0.0,0.333333,0.333333,0.0,0.0,1,1,0,13,13,0,13->13,1,1,1->1,0,0,0->0,75.07,89.09,14.02000000000001,14.02000000000001,-0.4,1.8,2.2,2.2,0,0,0,0,0,0,1,1->1,mild_hydrophilic,mild_hydrophobic,mild_hydrophilic->mild_hydrophobic,small_nonpolar,small_nonpolar,1,0->0,4,4,0,2.6206,,,,,,unknown,unknown,,,,,,0,0,0,0,,,F9 p.G50A,1,"criteria provided, single submitter",ClinVar,1524877,clinvar
hybrid,F9,G,S,50,13,17,4,1.3076923076923077,0.26826398659467937,221,1,0,4,11,13,17,19,2,4,4,2,6,6,0,0.333333,0.333333,0.0,0.333333,-0.333333,-0.666666,0.666667,1,5,4,13,17,4,13->17,1,1,1->1,0,0,0->0,75.07,105.09,30.02000000000001,30.02000000000001,-0.4,-0.8,-0.4,0.4,0,0,0,0,1,0,0,1->0,mild_hydrophilic,mild_hydrophilic,mild_hydrophilic->mild_hydrophilic,small_nonpolar,polar,0,0->0,4,6,2,3.5006,,,,,,unknown,unknown,,,,,,0,0,0,0,,,F9 p.G50S,1,"criteria provided, single submitter",ClinVar,454495,clinvar
hybrid,F9,G,R,94,13,19,6,1.4615384615384615,0.3794896217049037,247,1,0,6,11,17,17,23,2,2,4,4,6,6,0,0.333333,0.333333,0.0,0.333333,0.333333,0.0,1.0,1,1,0,13,19,6,13->19,1,1,1->1,0,0,0->0,75.07,174.2,99.13,99.13,-0.4,-4.5,-4.1,4.1,0,1,1,1,1,0,0,1->0,mild_hydrophilic,strong_hydrophilic,mild_hydrophilic->strong_hydrophilic,small_nonpolar,basic,0,0->1,4,6,2,10.7739,,,,,,unknown,unknown,,,,,,0,0,0,0,,,F9 p.G94R,1,"criteria provided, single submitter",ClinVar,454496,clinvar
hybrid,F9,H,Y,282,13,17,4,1.3076923076923077,0.26826398659467937,221,1,0,4,11,13,17,19,2,4,4,2,6,6,0,0.333333,0.333333,0.0,0.333333,-0.333333,-0.666666,0.666667,1,5,4,13,17,4,13->17,1,1,1->1,0,0,0->0,155.16,181.19,26.03,26.03,-3.2,-1.3,1.9000000000000001,1.9000000000000001,1,0,-1,1,0,0,0,0->1,strong_hydrophilic,mild_hydrophilic,strong_hydrophilic->mild_hydrophilic,basic,aromatic,0,1->0,2,2,0,5.1809,,,,,,unknown,unknown,,,,,,0,0,0,0,,,F9 p.H282Y,0,"criteria provided, single submitter",ClinVar,1142361,clinvar
hybrid,F9,I,T,344,17,17,0,1.0,0.0,289,0,0,0,13,13,19,19,4,4,2,2,6,6,0,0.333333,0.333333,0.0,-0.333333,-0.333333,0.0,0.0,5,5,0,17,17,0,17->17,1,1,1->1,0,0,0->0,131.18,119.12,-12.060000000000002,12.060000000000002,4.5,-0.7,-5.2,5.2,0,0,0,0,1,0,1,1->1,strong_hydrophobic,mild_hydrophilic,strong_hydrophobic->mild_hydrophilic,hydrophobic,polar,0,0->0,3,4,1,7.7618,,,,,,unknown,unknown,,,,,,0,0,0,0,,,F9 p.I344T,1,no assertion criteria provided,ClinVar,10665,clinvar
hybrid,F9,I,F,390,17,17,0,1.0,0.0,289,0,0,0,13,13,19,19,4,4,2,2,6,6,0,0.333333,0.333333,0.0,-0.333333,-0.333333,0.0,0.0,5,5,0,17,17,0,17->17,1,1,1->1,0,0,0->0,131.18,165.19,34.00999999999999,34.00999999999999,4.5,2.8,-1.7000000000000002,1.7000000000000002,0,0,0,0,0,1,1,1->1,strong_hydrophobic,strong_hydrophobic,strong_hydrophobic->strong_hydrophobic,hydrophobic,aromatic,0,0->0,3,2,-1,4.9203,,,,,,unknown,unknown,,,,,,0,0,0,0,,,F9 p.I390F,1,"criteria provided, single submitter",ClinVar,2632738,clinvar
hybrid,F9,I,F,428,17,17,0,1.0,0.0,289,0,0,0,13,13,19,19,4,4,2,2,6,6,0,0.333333,0.333333,0.0,-0.333333,-0.333333,0.0,0.0,5,5,0,17,17,0,17->17,1,1,1->1,0,0,0->0,131.18,165.19,34.00999999999999,34.00999999999999,4.5,2.8,-1.7000000000000002,1.7000000000000002,0,0,0,0,0,1,1,1->1,strong_hydrophobic,strong_hydrophobic,strong_hydrophobic->strong_hydrophobic,hydrophobic,aromatic,0,0->0,3,2,-1,4.9203,,,,,,unknown,unknown,,,,,,0,0,0,0,,,F9 p.I428F,1,"criteria provided, single submitter",ClinVar,3380935,clinvar
hybrid,F9,I,T,454,17,17,0,1.0,0.0,289,0,0,0,13,13,19,19,4,4,2,2,6,6,0,0.333333,0.333333,0.0,-0.333333,-0.333333,0.0,0.0,5,5,0,17,17,0,17->17,1,1,1->1,0,0,0->0,131.18,119.12,-12.060000000000002,12.060000000000002,4.5,-0.7,-5.2,5.2,0,0,0,0,1,0,1,1->1,strong_hydrophobic,mild_hydrophilic,strong_hydrophobic->mild_hydrophilic,hydrophobic,polar,0,0->0,3,4,1,7.7618,,,,,,unknown,unknown,,,,,,0,0,0,0,,,F9 p.I454T,1,"criteria provided, single submitter",ClinVar,810865,clinvar
hybrid,F9,L,S,20,23,17,6,0.7391304347826086,-0.3022808718729337,391,0,1,6,19,13,29,19,4,4,6,2,10,6,-4,0.2,0.333333,0.133333,0.2,-0.333333,-0.533333,0.75,5,5,0,23,17,-6,23->17,0,1,0->1,1,0,1->0,131.18,105.09,-26.090000000000003,26.090000000000003,3.8,-0.8,-4.6,4.6,0,0,0,0,1,0,0,1->0,strong_hydrophobic,mild_hydrophilic,strong_hydrophobic->mild_hydrophilic,hydrophobic,polar,0,0->0,6,6,0,7.5827,,,,,,unknown,unknown,,,,,,0,0,0,0,,,F9 p.L20S,1,"criteria provided, single submitter",ClinVar,4783884,clinvar
hybrid,F9,L,P,23,23,17,6,0.7391304347826086,-0.3022808718729337,391,0,1,6,19,13,29,19,4,4,6,2,10,6,-4,0.2,0.333333,0.133333,0.2,-0.333333,-0.533333,0.75,5,5,0,23,17,-6,23->17,0,1,0->1,1,0,1->0,131.18,115.13,-16.05000000000001,16.05000000000001,3.8,-1.6,-5.4,5.4,0,0,0,0,0,0,1,1->1,strong_hydrophobic,mild_hydrophilic,strong_hydrophobic->mild_hydrophilic,hydrophobic,special,0,0->0,6,4,-2,6.8815,,,,,,unknown,unknown,,,,,,0,0,0,0,,,F9 p.L23P,1,"criteria provided, single submitter",ClinVar,2683971,clinvar
hybrid,F9,L,H,383,23,13,10,0.5652173913043478,-0.570544858467613,299,0,1,10,19,11,29,17,4,2,6,4,10,6,-4,0.2,0.333333,0.133333,0.2,0.333333,0.133333,1.25,5,1,-4,23,13,-10,23->13,0,1,0->1,1,0,1->0,131.18,155.16,23.97999999999999,23.97999999999999,3.8,-3.2,-7.0,7.0,0,1,1,1,1,1,0,1->0,strong_hydrophobic,strong_hydrophilic,strong_hydrophobic->strong_hydrophilic,hydrophobic,basic,0,0->1,6,2,-4,12.6194,,,,,,unknown,unknown,,,,,,0,0,0,0,,,F9 p.L383H,1,"criteria provided, single submitter",ClinVar,2925699,clinvar
hybrid,F9,K,E,362,11,11,0,1.0,0.0,121,0,0,0,7,7,13,13,4,4,2,2,6,6,0,0.333333,0.333333,0.0,-0.333333,-0.333333,0.0,0.0,5,5,0,11,11,0,11->11,1,1,1->1,1,1,1->1,146.19,147.13,0.9399999999999977,0.9399999999999977,-3.9,-3.5,0.3999999999999999,0.3999999999999999,1,-1,-2,2,0,0,1,0->0,strong_hydrophilic,strong_hydrophilic,strong_hydrophilic->strong_hydrophilic,basic,acidic,0,1->-1,2,2,0,4.4282,,,,,,unknown,unknown,,,,,,0,0,0,0,,,F9 p.K362E,1,"criteria provided, single submitter",ClinVar,2683967,clinvar
hybrid,F9,K,R,39,11,19,8,1.7272727272727273,0.5465437063680699,209,1,0,8,7,17,13,23,4,2,2,4,6,6,0,0.333333,0.333333,0.0,-0.333333,0.333333,0.666666,1.333333,5,1,-4,11,19,8,11->19,1,1,1->1,1,0,1->0,146.19,174.2,28.00999999999999,28.00999999999999,-3.9,-4.5,-0.6000000000000001,0.6000000000000001,1,1,0,0,0,0,1,0->0,strong_hydrophilic,strong_hydrophilic,strong_hydrophilic->strong_hydrophilic,basic,basic,1,1->1,2,6,4,1.4403,,,,,,unknown,unknown,,,,,,0,0,0,0,,,F9 p.K39R,0,"criteria provided, single submitter",ClinVar,1160362,clinvar
hybrid,F9,M,I,394,11,17,6,1.5454545454545454,0.4353180712578455,187,1,0,6,7,13,13,19,4,4,2,2,6,6,0,0.333333,0.333333,0.0,-0.333333,-0.333333,0.0,1.0,5,5,0,11,17,6,11->17,1,1,1->1,1,0,1->0,149.21,131.18,-18.03,18.03,1.9,4.5,2.6,2.6,0,0,0,0,0,0,0,0->1,mild_hydrophobic,strong_hydrophobic,mild_hydrophobic->strong_hydrophobic,hydrophobic,hydrophobic,1,0->0,1,3,2,3.1409,,,,,,unknown,unknown,,,,,,0,0,0,0,,,F9 p.M394I,1,"criteria provided, single submitter",ClinVar,2138744,clinvar
hybrid,F9,M,V,394,11,19,8,1.7272727272727273,0.5465437063680699,209,1,0,8,7,17,13,23,4,2,2,4,6,6,0,0.333333,0.333333,0.0,-0.333333,0.333333,0.666666,1.333333,5,1,-4,11,19,8,11->19,1,1,1->1,1,0,1->0,149.21,117.15,-32.06,32.06,1.9,4.2,2.3000000000000003,2.3000000000000003,0,0,0,0,0,0,0,0->1,mild_hydrophobic,strong_hydrophobic,mild_hydrophobic->strong_hydrophobic,hydrophobic,hydrophobic,1,0->0,1,4,3,3.2618,,,,,,unknown,unknown,,,,,,0,0,0,0,,,F9 p.M394V,1,no assertion criteria provided,ClinVar,10616,clinvar
hybrid,F9,F,S,123,17,17,0,1.0,0.0,289,0,0,0,13,13,19,19,4,4,2,2,6,6,0,0.333333,0.333333,0.0,-0.333333,-0.333333,0.0,0.0,5,5,0,17,17,0,17->17,1,1,1->1,0,0,0->0,165.19,105.09,-60.099999999999994,60.099999999999994,2.8,-0.8,-3.5999999999999996,3.5999999999999996,0,0,0,0,1,1,0,1->0,strong_hydrophobic,mild_hydrophilic,strong_hydrophobic->mild_hydrophilic,aromatic,polar,0,0->0,2,6,4,8.803,,,,,,unknown,unknown,,,,,,0,0,0,0,,,F9 p.F123S,1,"criteria provided, single submitter",ClinVar,1508905,clinvar
hybrid,F9,F,S,360,17,17,0,1.0,0.0,289,0,0,0,13,13,19,19,4,4,2,2,6,6,0,0.333333,0.333333,0.0,-0.333333,-0.333333,0.0,0.0,5,5,0,17,17,0,17->17,1,1,1->1,0,0,0->0,165.19,105.09,-60.099999999999994,60.099999999999994,2.8,-0.8,-3.5999999999999996,3.5999999999999996,0,0,0,0,1,1,0,1->0,strong_hydrophobic,mild_hydrophilic,strong_hydrophobic->mild_hydrophilic,aromatic,polar,0,0->0,2,6,4,8.803,,,,,,unknown,unknown,,,,,,0,0,0,0,,,F9 p.F360S,1,"criteria provided, single submitter",ClinVar,2925698,clinvar
hybrid,F9,F,L,378,17,23,6,1.3529411764705883,0.3022808718729337,391,1,0,6,13,19,19,29,4,4,2,6,6,10,4,0.333333,0.2,-0.133333,-0.333333,0.2,0.533333,0.75,5,5,0,17,23,6,17->23,1,0,1->0,0,1,0->1,165.19,131.18,-34.00999999999999,34.00999999999999,2.8,3.8,1.0,1.0,0,0,0,0,0,1,1,1->1,strong_hydrophobic,strong_hydrophobic,strong_hydrophobic->strong_hydrophobic,aromatic,hydrophobic,0,0->0,2,6,4,4.2203,,,,,,unknown,unknown,,,,,,0,0,0,0,,,F9 p.F378L,1,no assertion criteria provided,ClinVar,10621,clinvar
hybrid,F9,F,I,395,17,17,0,1.0,0.0,289,0,0,0,13,13,19,19,4,4,2,2,6,6,0,0.333333,0.333333,0.0,-0.333333,-0.333333,0.0,0.0,5,5,0,17,17,0,17->17,1,1,1->1,0,0,0->0,165.19,131.18,-34.00999999999999,34.00999999999999,2.8,4.5,1.7000000000000002,1.7000000000000002,0,0,0,0,0,1,1,1->1,strong_hydrophobic,strong_hydrophobic,strong_hydrophobic->strong_hydrophobic,aromatic,hydrophobic,0,0->0,2,3,1,4.9203,,,,,,unknown,unknown,,,,,,0,0,0,0,,,F9 p.F395I,1,"criteria provided, single submitter",ClinVar,1364269,clinvar
hybrid,F9,F,L,424,17,23,6,1.3529411764705883,0.3022808718729337,391,1,0,6,13,19,19,29,4,4,2,6,6,10,4,0.333333,0.2,-0.133333,-0.333333,0.2,0.533333,0.75,5,5,0,17,23,6,17->23,1,0,1->0,0,1,0->1,165.19,131.18,-34.00999999999999,34.00999999999999,2.8,3.8,1.0,1.0,0,0,0,0,0,1,1,1->1,strong_hydrophobic,strong_hydrophobic,strong_hydrophobic->strong_hydrophobic,aromatic,hydrophobic,0,0->0,2,6,4,4.2203,,,,,,unknown,unknown,,,,,,0,0,0,0,,,F9 p.F424L,1,"criteria provided, single submitter",ClinVar,2020181,clinvar
hybrid,F9,F,C,87,17,5,12,0.29411764705882354,-1.2237754316221157,85,0,1,12,13,3,19,7,4,2,2,2,6,4,-2,0.333333,0.5,0.166667,-0.333333,0.0,0.333333,2.4,5,5,0,17,5,-12,17->5,1,1,1->1,0,1,0->1,165.19,121.16,-44.03,44.03,2.8,2.5,-0.2999999999999998,0.2999999999999998,0,0,0,0,1,1,0,1->0,strong_hydrophobic,strong_hydrophobic,strong_hydrophobic->strong_hydrophobic,aromatic,special,0,0->0,2,2,0,5.0209,,,,,,unknown,unknown,,,,,,0,0,0,0,,,F9 p.F87C,1,"criteria provided, single submitter",ClinVar,811521,clinvar
hybrid,F9,P,Q,101,17,7,10,0.4117647058823529,-0.8873031950009028,119,0,1,10,13,5,19,11,4,2,2,4,6,6,0,0.333333,0.333333,0.0,-0.333333,0.333333,0.666666,1.666667,5,1,-4,17,7,-10,17->7,1,1,1->1,0,0,0->0,115.13,146.15,31.02000000000001,31.02000000000001,-1.6,-3.5,-1.9,1.9,0,0,0,0,1,0,0,1->0,mild_hydrophilic,strong_hydrophilic,mild_hydrophilic->strong_hydrophilic,special,polar,0,0->0,4,2,-2,5.0306,,,,,,unknown,unknown,,,,,,0,0,0,0,,,F9 p.P101Q,1,"criteria provided, single submitter",ClinVar,1067340,clinvar
hybrid,F9,P,S,175,17,17,0,1.0,0.0,289,0,0,0,13,13,19,19,4,4,2,2,6,6,0,0.333333,0.333333,0.0,-0.333333,-0.333333,0.0,0.0,5,5,0,17,17,0,17->17,1,1,1->1,0,0,0->0,115.13,105.09,-10.039999999999992,10.039999999999992,-1.6,-0.8,0.8,0.8,0,0,0,0,1,0,0,1->0,mild_hydrophilic,mild_hydrophilic,mild_hydrophilic->mild_hydrophilic,special,polar,0,0->0,4,6,2,3.3012,,,,,,unknown,unknown,,,,,,0,0,0,0,,,F9 p.P175S,0,"criteria provided, single submitter",ClinVar,700019,clinvar
hybrid,F9,P,S,197,17,17,0,1.0,0.0,289,0,0,0,13,13,19,19,4,4,2,2,6,6,0,0.333333,0.333333,0.0,-0.333333,-0.333333,0.0,0.0,5,5,0,17,17,0,17->17,1,1,1->1,0,0,0->0,115.13,105.09,-10.039999999999992,10.039999999999992,-1.6,-0.8,0.8,0.8,0,0,0,0,1,0,0,1->0,mild_hydrophilic,mild_hydrophilic,mild_hydrophilic->mild_hydrophilic,special,polar,0,0->0,4,6,2,3.3012,,,,,,unknown,unknown,,,,,,0,0,0,0,,,F9 p.P197S,0,"criteria provided, single submitter",ClinVar,1959260,clinvar
hybrid,F9,P,L,333,17,23,6,1.3529411764705883,0.3022808718729337,391,1,0,6,13,19,19,29,4,4,2,6,6,10,4,0.333333,0.2,-0.133333,-0.333333,0.2,0.533333,0.75,5,5,0,17,23,6,17->23,1,0,1->0,0,1,0->1,115.13,131.18,16.05000000000001,16.05000000000001,-1.6,3.8,5.4,5.4,0,0,0,0,0,0,1,1->1,mild_hydrophilic,strong_hydrophobic,mild_hydrophilic->strong_hydrophobic,special,hydrophobic,0,0->0,4,6,2,6.8815,,,,,,unknown,unknown,,,,,,0,0,0,0,,,F9 p.P333L,1,no assertion criteria provided,ClinVar,10605,clinvar
hybrid,F9,P,L,414,17,23,6,1.3529411764705883,0.3022808718729337,391,1,0,6,13,19,19,29,4,4,2,6,6,10,4,0.333333,0.2,-0.133333,-0.333333,0.2,0.533333,0.75,5,5,0,17,23,6,17->23,1,0,1->0,0,1,0->1,115.13,131.18,16.05000000000001,16.05000000000001,-1.6,3.8,5.4,5.4,0,0,0,0,0,0,1,1->1,mild_hydrophilic,strong_hydrophobic,mild_hydrophilic->strong_hydrophobic,special,hydrophobic,0,0->0,4,6,2,6.8815,,,,,,unknown,unknown,,,,,,0,0,0,0,,,F9 p.P414L,1,"criteria provided, single submitter",ClinVar,811507,clinvar
hybrid,F9,P,T,414,17,17,0,1.0,0.0,289,0,0,0,13,13,19,19,4,4,2,2,6,6,0,0.333333,0.333333,0.0,-0.333333,-0.333333,0.0,0.0,5,5,0,17,17,0,17->17,1,1,1->1,0,0,0->0,115.13,119.12,3.990000000000009,3.990000000000009,-1.6,-0.7,0.9000000000000001,0.9000000000000001,0,0,0,0,1,0,1,1->1,mild_hydrophilic,mild_hydrophilic,mild_hydrophilic->mild_hydrophilic,special,polar,0,0->0,4,4,0,3.2197,,,,,,unknown,unknown,,,,,,0,0,0,0,,,F9 p.P414T,1,no assertion criteria provided,ClinVar,10620,clinvar
hybrid,F9,S,P,169,17,17,0,1.0,0.0,289,0,0,0,13,13,19,19,4,4,2,2,6,6,0,0.333333,0.333333,0.0,-0.333333,-0.333333,0.0,0.0,5,5,0,17,17,0,17->17,1,1,1->1,0,0,0->0,105.09,115.13,10.039999999999992,10.039999999999992,-0.8,-1.6,-0.8,0.8,0,0,0,0,1,0,0,0->1,mild_hydrophilic,mild_hydrophilic,mild_hydrophilic->mild_hydrophilic,polar,special,0,0->0,6,4,-2,3.3012,,,,,,unknown,unknown,,,,,,0,0,0,0,,,F9 p.S169P,1,"criteria provided, single submitter",ClinVar,1803132,clinvar
hybrid,F9,S,R,354,17,19,2,1.1176470588235294,0.1112256351102244,323,1,0,2,13,17,19,23,4,2,2,4,6,6,0,0.333333,0.333333,0.0,-0.333333,0.333333,0.666666,0.333333,5,1,-4,17,19,2,17->19,1,1,1->1,0,0,0->0,105.09,174.2,69.10999999999999,69.10999999999999,-0.8,-4.5,-3.7,3.7,0,1,1,1,0,0,1,0->0,mild_hydrophilic,strong_hydrophilic,mild_hydrophilic->strong_hydrophilic,polar,basic,0,0->1,6,6,0,8.2733,,,,,,unknown,unknown,,,,,,0,0,0,0,,,F9 p.S354R,1,"criteria provided, single submitter",ClinVar,1417984,clinvar
hybrid,F9,S,L,406,17,23,6,1.3529411764705883,0.3022808718729337,391,1,0,6,13,19,19,29,4,4,2,6,6,10,4,0.333333,0.2,-0.133333,-0.333333,0.2,0.533333,0.75,5,5,0,17,23,6,17->23,1,0,1->0,0,1,0->1,105.09,131.18,26.090000000000003,26.090000000000003,-0.8,3.8,4.6,4.6,0,0,0,0,1,0,0,0->1,mild_hydrophilic,strong_hydrophobic,mild_hydrophilic->strong_hydrophobic,polar,hydrophobic,0,0->0,6,6,0,7.5827,,,,,,unknown,unknown,,,,,,0,0,0,0,,,F9 p.S406L,1,no assertion criteria provided,ClinVar,10617,clinvar
hybrid,F9,S,G,411,17,13,4,0.7647058823529411,-0.2682639865946794,221,0,1,4,13,11,19,17,4,2,2,4,6,6,0,0.333333,0.333333,0.0,-0.333333,0.333333,0.666666,0.666667,5,1,-4,17,13,-4,17->13,1,1,1->1,0,0,0->0,105.09,75.07,-30.02000000000001,30.02000000000001,-0.8,-0.4,0.4,0.4,0,0,0,0,1,0,0,0->1,mild_hydrophilic,mild_hydrophilic,mild_hydrophilic->mild_hydrophilic,polar,small_nonpolar,0,0->0,6,4,-2,3.5006,,,,,,unknown,unknown,,,,,,0,0,0,0,,,F9 p.S411G,1,"criteria provided, single submitter",ClinVar,10650,clinvar
hybrid,F9,S,I,411,17,17,0,1.0,0.0,289,0,0,0,13,13,19,19,4,4,2,2,6,6,0,0.333333,0.333333,0.0,-0.333333,-0.333333,0.0,0.0,5,5,0,17,17,0,17->17,1,1,1->1,0,0,0->0,105.09,131.18,26.090000000000003,26.090000000000003,-0.8,4.5,5.3,5.3,0,0,0,0,1,0,0,0->1,mild_hydrophilic,strong_hydrophobic,mild_hydrophilic->strong_hydrophobic,polar,hydrophobic,0,0->0,6,3,-3,8.2827,,,,,,unknown,unknown,,,,,,0,0,0,0,,,F9 p.S411I,1,no assertion criteria provided,ClinVar,10649,clinvar
hybrid,F9,S,R,430,17,19,2,1.1176470588235294,0.1112256351102244,323,1,0,2,13,17,19,23,4,2,2,4,6,6,0,0.333333,0.333333,0.0,-0.333333,0.333333,0.666666,0.333333,5,1,-4,17,19,2,17->19,1,1,1->1,0,0,0->0,105.09,174.2,69.10999999999999,69.10999999999999,-0.8,-4.5,-3.7,3.7,0,1,1,1,0,0,1,0->0,mild_hydrophilic,strong_hydrophilic,mild_hydrophilic->strong_hydrophilic,polar,basic,0,0->1,6,6,0,8.2733,,,,,,unknown,unknown,,,,,,0,0,0,0,,,F9 p.S430R,1,"criteria provided, single submitter",ClinVar,812043,clinvar
hybrid,F9,S,N,430,17,7,10,0.4117647058823529,-0.8873031950009028,119,0,1,10,13,5,19,11,4,2,2,4,6,6,0,0.333333,0.333333,0.0,-0.333333,0.333333,0.666666,1.666667,5,1,-4,17,7,-10,17->7,1,1,1->1,0,0,0->0,105.09,132.12,27.03,27.03,-0.8,-3.5,-2.7,2.7,0,0,0,0,0,0,1,0->0,mild_hydrophilic,strong_hydrophilic,mild_hydrophilic->strong_hydrophilic,polar,polar,1,0->0,6,2,-4,3.5109,,,,,,unknown,unknown,,,,,,0,0,0,0,,,F9 p.S430N,1,"criteria provided, single submitter",ClinVar,618644,clinvar
hybrid,F9,T,A,84,17,13,4,0.7647058823529411,-0.2682639865946794,221,0,1,4,13,11,19,17,4,2,2,4,6,6,0,0.333333,0.333333,0.0,-0.333333,0.333333,0.666666,0.666667,5,1,-4,17,13,-4,17->13,1,1,1->1,0,0,0->0,119.12,89.09,-30.03,30.03,-0.7,1.8,2.5,2.5,0,0,0,0,1,0,1,1->1,mild_hydrophilic,mild_hydrophobic,mild_hydrophilic->mild_hydrophobic,polar,small_nonpolar,0,0->0,4,4,0,5.6009,,,,,,unknown,unknown,,,,,,0,0,0,0,,,F9 p.T84A,0,"criteria provided, single submitter",ClinVar,695975,clinvar
hybrid,F9,T,I,84,17,17,0,1.0,0.0,289,0,0,0,13,13,19,19,4,4,2,2,6,6,0,0.333333,0.333333,0.0,-0.333333,-0.333333,0.0,0.0,5,5,0,17,17,0,17->17,1,1,1->1,0,0,0->0,119.12,131.18,12.060000000000002,12.060000000000002,-0.7,4.5,5.2,5.2,0,0,0,0,1,0,1,1->1,mild_hydrophilic,strong_hydrophobic,mild_hydrophilic->strong_hydrophobic,polar,hydrophobic,0,0->0,4,3,-1,7.7618,,,,,,unknown,unknown,,,,,,0,0,0,0,,,F9 p.T84I,1,"criteria provided, single submitter",ClinVar,2925692,clinvar
hybrid,F9,W,G,240,11,13,2,1.1818181818181819,0.16705408466316624,143,1,0,2,7,11,13,17,4,2,2,4,6,6,0,0.333333,0.333333,0.0,-0.333333,0.333333,0.666666,0.333333,5,1,-4,11,13,2,11->13,1,1,1->1,1,0,1->0,204.23,75.07,-129.16,129.16,-0.9,-0.4,0.5,0.5,0,0,0,0,0,1,0,0->1,mild_hydrophilic,mild_hydrophilic,mild_hydrophilic->mild_hydrophilic,aromatic,small_nonpolar,0,0->0,1,4,3,6.5748,,,,,,unknown,unknown,,,,,,0,0,0,0,,,F9 p.W240G,1,"criteria provided, single submitter",ClinVar,1491111,clinvar
hybrid,F9,W,C,431,11,5,6,0.45454545454545453,-0.7884573603642702,55,0,1,6,7,3,13,7,4,2,2,2,6,4,-2,0.333333,0.5,0.166667,-0.333333,0.0,0.333333,1.2,5,5,0,11,5,-6,11->5,1,1,1->1,1,1,1->1,204.23,121.16,-83.07,83.07,-0.9,2.5,3.4,3.4,0,0,0,0,1,1,1,0->0,mild_hydrophilic,strong_hydrophobic,mild_hydrophilic->strong_hydrophobic,aromatic,special,0,0->0,1,2,1,9.2921,,,,,,unknown,unknown,,,,,,0,0,0,0,,,F9 p.W431C,1,"criteria provided, single submitter",ClinVar,2925701,clinvar
hybrid,F9,W,R,453,11,19,8,1.7272727272727273,0.5465437063680699,209,1,0,8,7,17,13,23,4,2,2,4,6,6,0,0.333333,0.333333,0.0,-0.333333,0.333333,0.666666,1.333333,5,1,-4,11,19,8,11->19,1,1,1->1,1,0,1->0,204.23,174.2,-30.03,30.03,-0.9,-4.5,-3.6,3.6,0,1,1,1,1,1,1,0->0,mild_hydrophilic,strong_hydrophilic,mild_hydrophilic->strong_hydrophilic,aromatic,basic,0,0->1,1,6,5,9.4009,,,,,,unknown,unknown,,,,,,0,0,0,0,,,F9 p.W453R,1,no assertion criteria provided,ClinVar,10628,clinvar
hybrid,F9,Y,C,161,17,5,12,0.29411764705882354,-1.2237754316221157,85,0,1,12,13,3,19,7,4,2,2,2,6,4,-2,0.333333,0.5,0.166667,-0.333333,0.0,0.333333,2.4,5,5,0,17,5,-12,17->5,1,1,1->1,0,1,0->1,181.19,121.16,-60.03,60.03,-1.3,2.5,3.8,3.8,0,0,0,0,0,1,0,1->0,mild_hydrophilic,strong_hydrophobic,mild_hydrophilic->strong_hydrophobic,aromatic,special,0,0->0,2,2,0,7.8009,,,,,,unknown,unknown,,,,,,0,0,0,0,,,F9 p.Y161C,1,"criteria provided, single submitter",ClinVar,963994,clinvar
hybrid,F9,Y,C,305,17,5,12,0.29411764705882354,-1.2237754316221157,85,0,1,12,13,3,19,7,4,2,2,2,6,4,-2,0.333333,0.5,0.166667,-0.333333,0.0,0.333333,2.4,5,5,0,17,5,-12,17->5,1,1,1->1,0,1,0->1,181.19,121.16,-60.03,60.03,-1.3,2.5,3.8,3.8,0,0,0,0,0,1,0,1->0,mild_hydrophilic,strong_hydrophobic,mild_hydrophilic->strong_hydrophobic,aromatic,special,0,0->0,2,2,0,7.8009,,,,,,unknown,unknown,,,,,,0,0,0,0,,,F9 p.Y305C,1,no assertion criteria provided,ClinVar,812973,clinvar
hybrid,F9,Y,C,450,17,5,12,0.29411764705882354,-1.2237754316221157,85,0,1,12,13,3,19,7,4,2,2,2,6,4,-2,0.333333,0.5,0.166667,-0.333333,0.0,0.333333,2.4,5,5,0,17,5,-12,17->5,1,1,1->1,0,1,0->1,181.19,121.16,-60.03,60.03,-1.3,2.5,3.8,3.8,0,0,0,0,0,1,0,1->0,mild_hydrophilic,strong_hydrophobic,mild_hydrophilic->strong_hydrophobic,aromatic,special,0,0->0,2,2,0,7.8009,,,,,,unknown,unknown,,,,,,0,0,0,0,,,F9 p.Y450C,1,"criteria provided, single submitter",ClinVar,4542502,clinvar
hybrid,F9,Y,N,91,17,7,10,0.4117647058823529,-0.8873031950009028,119,0,1,10,13,5,19,11,4,2,2,4,6,6,0,0.333333,0.333333,0.0,-0.333333,0.333333,0.666666,1.666667,5,1,-4,17,7,-10,17->7,1,1,1->1,0,0,0->0,181.19,132.12,-49.06999999999999,49.06999999999999,-1.3,-3.5,-2.2,2.2,0,0,0,0,0,1,0,1->0,mild_hydrophilic,strong_hydrophilic,mild_hydrophilic->strong_hydrophilic,aromatic,polar,0,0->0,2,2,0,5.8721,,,,,,unknown,unknown,,,,,,0,0,0,0,,,F9 p.Y91N,1,no assertion criteria provided,ClinVar,1684374,clinvar
hybrid,F9,V,A,153,19,13,6,0.6842105263157895,-0.3794896217049037,247,0,1,6,17,11,23,17,2,2,4,4,6,6,0,0.333333,0.333333,0.0,0.333333,0.333333,0.0,1.0,1,1,0,19,13,-6,19->13,1,1,1->1,0,0,0->0,117.15,89.09,-28.060000000000002,28.060000000000002,4.2,1.8,-2.4000000000000004,2.4000000000000004,0,0,0,0,0,0,1,1->1,strong_hydrophobic,mild_hydrophobic,strong_hydrophobic->mild_hydrophobic,hydrophobic,small_nonpolar,0,0->0,4,4,0,4.2418,,,,,,unknown,unknown,,,,,,0,0,0,0,,,F9 p.V153A,1,"criteria provided, single submitter",ClinVar,3380933,clinvar
hybrid,F9,V,M,153,19,11,8,0.5789473684210527,-0.5465437063680699,209,0,1,8,17,7,23,13,2,4,4,2,6,6,0,0.333333,0.333333,0.0,0.333333,-0.333333,-0.666666,1.333333,1,5,4,19,11,-8,19->11,1,1,1->1,0,1,0->1,117.15,149.21,32.06,32.06,4.2,1.9,-2.3000000000000003,2.3000000000000003,0,0,0,0,0,0,0,1->0,strong_hydrophobic,mild_hydrophobic,strong_hydrophobic->mild_hydrophobic,hydrophobic,hydrophobic,1,0->0,4,1,-3,3.2618,,,,,,unknown,unknown,,,,,,0,0,0,0,,,F9 p.V153M,1,no assertion criteria provided,ClinVar,2631132,clinvar
hybrid,F9,V,F,181,19,17,2,0.8947368421052632,-0.11122563511022437,323,0,1,2,17,13,23,19,2,4,4,2,6,6,0,0.333333,0.333333,0.0,0.333333,-0.333333,-0.666666,0.333333,1,5,4,19,17,-2,19->17,1,1,1->1,0,0,0->0,117.15,165.19,48.03999999999999,48.03999999999999,4.2,2.8,-1.4000000000000004,1.4000000000000004,0,0,0,0,0,1,1,1->1,strong_hydrophobic,strong_hydrophobic,strong_hydrophobic->strong_hydrophobic,hydrophobic,aromatic,0,0->0,4,2,-2,5.0412,,,,,,unknown,unknown,,,,,,0,0,0,0,,,F9 p.V181F,1,no assertion criteria provided,ClinVar,10592,clinvar
hybrid,F9,V,G,195,19,13,6,0.6842105263157895,-0.3794896217049037,247,0,1,6,17,11,23,17,2,2,4,4,6,6,0,0.333333,0.333333,0.0,0.333333,0.333333,0.0,1.0,1,1,0,19,13,-6,19->13,1,1,1->1,0,0,0->0,117.15,75.07,-42.08000000000001,42.08000000000001,4.2,-0.4,-4.6000000000000005,4.6000000000000005,0,0,0,0,0,0,1,1->1,strong_hydrophobic,mild_hydrophilic,strong_hydrophobic->mild_hydrophilic,hydrophobic,small_nonpolar,0,0->0,4,4,0,6.8624,,,,,,unknown,unknown,,,,,,0,0,0,0,,,F9 p.V195G,0,"criteria provided, single submitter",ClinVar,2184672,clinvar
hybrid,F9,V,A,227,19,13,6,0.6842105263157895,-0.3794896217049037,247,0,1,6,17,11,23,17,2,2,4,4,6,6,0,0.333333,0.333333,0.0,0.333333,0.333333,0.0,1.0,1,1,0,19,13,-6,19->13,1,1,1->1,0,0,0->0,117.15,89.09,-28.060000000000002,28.060000000000002,4.2,1.8,-2.4000000000000004,2.4000000000000004,0,0,0,0,0,0,1,1->1,strong_hydrophobic,mild_hydrophobic,strong_hydrophobic->mild_hydrophobic,hydrophobic,small_nonpolar,0,0->0,4,4,0,4.2418,,,,,,unknown,unknown,,,,,,0,0,0,0,,,F9 p.V227A,1,"criteria provided, single submitter",ClinVar,4688182,clinvar
hybrid,F9,V,I,227,19,17,2,0.8947368421052632,-0.11122563511022437,323,0,1,2,17,13,23,19,2,4,4,2,6,6,0,0.333333,0.333333,0.0,0.333333,-0.333333,-0.666666,0.333333,1,5,4,19,17,-2,19->17,1,1,1->1,0,0,0->0,117.15,131.18,14.030000000000001,14.030000000000001,4.2,4.5,0.2999999999999998,0.2999999999999998,0,0,0,0,0,0,1,1->1,strong_hydrophobic,strong_hydrophobic,strong_hydrophobic->strong_hydrophobic,hydrophobic,hydrophobic,1,0->0,4,3,-1,0.7209,,,,,,unknown,unknown,,,,,,0,0,0,0,,,F9 p.V227I,0,"criteria provided, single submitter",ClinVar,1596936,clinvar
hybrid,F9,V,L,228,19,23,4,1.2105263157894737,0.19105523676270922,437,1,0,4,17,19,23,29,2,4,4,6,6,10,4,0.333333,0.2,-0.133333,0.333333,0.2,-0.133333,0.5,1,5,4,19,23,4,19->23,1,0,1->0,0,1,0->1,117.15,131.18,14.030000000000001,14.030000000000001,4.2,3.8,-0.40000000000000036,0.40000000000000036,0,0,0,0,0,0,1,1->1,strong_hydrophobic,strong_hydrophobic,strong_hydrophobic->strong_hydrophobic,hydrophobic,hydrophobic,1,0->0,4,6,2,0.8209,,,,,,unknown,unknown,,,,,,0,0,0,0,,,F9 p.V228L,1,no assertion criteria provided,ClinVar,10594,clinvar
hybrid,F9,V,F,228,19,17,2,0.8947368421052632,-0.11122563511022437,323,0,1,2,17,13,23,19,2,4,4,2,6,6,0,0.333333,0.333333,0.0,0.333333,-0.333333,-0.666666,0.333333,1,5,4,19,17,-2,19->17,1,1,1->1,0,0,0->0,117.15,165.19,48.03999999999999,48.03999999999999,4.2,2.8,-1.4000000000000004,1.4000000000000004,0,0,0,0,0,1,1,1->1,strong_hydrophobic,strong_hydrophobic,strong_hydrophobic->strong_hydrophobic,hydrophobic,aromatic,0,0->0,4,2,-2,5.0412,,,,,,unknown,unknown,,,,,,0,0,0,0,,,F9 p.V228F,1,no assertion criteria provided,ClinVar,10593,clinvar
hybrid,F9,V,L,30,19,23,4,1.2105263157894737,0.19105523676270922,437,1,0,4,17,19,23,29,2,4,4,6,6,10,4,0.333333,0.2,-0.133333,0.333333,0.2,-0.133333,0.5,1,5,4,19,23,4,19->23,1,0,1->0,0,1,0->1,117.15,131.18,14.030000000000001,14.030000000000001,4.2,3.8,-0.40000000000000036,0.40000000000000036,0,0,0,0,0,0,1,1->1,strong_hydrophobic,strong_hydrophobic,strong_hydrophobic->strong_hydrophobic,hydrophobic,hydrophobic,1,0->0,4,6,2,0.8209,,,,,,unknown,unknown,,,,,,0,0,0,0,,,F9 p.V30L,1,"criteria provided, single submitter",ClinVar,627400,clinvar
hybrid,F9,V,F,374,19,17,2,0.8947368421052632,-0.11122563511022437,323,0,1,2,17,13,23,19,2,4,4,2,6,6,0,0.333333,0.333333,0.0,0.333333,-0.333333,-0.666666,0.333333,1,5,4,19,17,-2,19->17,1,1,1->1,0,0,0->0,117.15,165.19,48.03999999999999,48.03999999999999,4.2,2.8,-1.4000000000000004,1.4000000000000004,0,0,0,0,0,1,1,1->1,strong_hydrophobic,strong_hydrophobic,strong_hydrophobic->strong_hydrophobic,hydrophobic,aromatic,0,0->0,4,2,-2,5.0412,,,,,,unknown,unknown,,,,,,0,0,0,0,,,F9 p.V374F,1,"criteria provided, single submitter",ClinVar,10639,clinvar
hybrid,F9,V,L,377,19,23,4,1.2105263157894737,0.19105523676270922,437,1,0,4,17,19,23,29,2,4,4,6,6,10,4,0.333333,0.2,-0.133333,0.333333,0.2,-0.133333,0.5,1,5,4,19,23,4,19->23,1,0,1->0,0,1,0->1,117.15,131.18,14.030000000000001,14.030000000000001,4.2,3.8,-0.40000000000000036,0.40000000000000036,0,0,0,0,0,0,1,1->1,strong_hydrophobic,strong_hydrophobic,strong_hydrophobic->strong_hydrophobic,hydrophobic,hydrophobic,1,0->0,4,6,2,0.8209,,,,,,unknown,unknown,,,,,,0,0,0,0,,,F9 p.V377L,1,no assertion criteria provided,ClinVar,3774330,clinvar
hybrid,F9,V,E,419,19,11,8,0.5789473684210527,-0.5465437063680699,209,0,1,8,17,7,23,13,2,4,4,2,6,6,0,0.333333,0.333333,0.0,0.333333,-0.333333,-0.666666,1.333333,1,5,4,19,11,-8,19->11,1,1,1->1,0,1,0->1,117.15,147.13,29.97999999999999,29.97999999999999,4.2,-3.5,-7.7,7.7,0,-1,-1,1,1,0,0,1->0,strong_hydrophobic,strong_hydrophilic,strong_hydrophobic->strong_hydrophilic,hydrophobic,acidic,0,0->-1,4,2,-2,12.2994,,,,,,unknown,unknown,,,,,,0,0,0,0,,,F9 p.V419E,1,no assertion criteria provided,ClinVar,10658,clinvar
hybrid,F9,V,G,419,19,13,6,0.6842105263157895,-0.3794896217049037,247,0,1,6,17,11,23,17,2,2,4,4,6,6,0,0.333333,0.333333,0.0,0.333333,0.333333,0.0,1.0,1,1,0,19,13,-6,19->13,1,1,1->1,0,0,0->0,117.15,75.07,-42.08000000000001,42.08000000000001,4.2,-0.4,-4.6000000000000005,4.6000000000000005,0,0,0,0,0,0,1,1->1,strong_hydrophobic,mild_hydrophilic,strong_hydrophobic->mild_hydrophilic,hydrophobic,small_nonpolar,0,0->0,4,4,0,6.8624,,,,,,unknown,unknown,,,,,,0,0,0,0,,,F9 p.V419G,1,"criteria provided, single submitter",ClinVar,618116,clinvar
