gnomad_variant_id,status,gene,hgvs_p,variation_id,live_gnomad_af,live_gnomad_ac,live_gnomad_an,error,is_rate_limited,cached_at
10-87864470-A-G,not_found,,,,,,,exact_variant_id_not_observed_in_complete_gene_level_public_api_subset,False,2026-05-11T00:14:07Z
10-87864470-A-T,found,,,,1.3685207385632722e-06,2.0,1461432.0,,False,2026-05-11T00:14:07Z
10-87864471-T-C,not_found,,,,,,,exact_variant_id_not_observed_in_complete_gene_level_public_api_subset,False,2026-05-11T00:14:07Z
10-87864471-T-G,not_found,,,,,,,exact_variant_id_not_observed_in_complete_gene_level_public_api_subset,False,2026-05-11T00:14:07Z
10-87864472-G-A,not_found,,,,,,,exact_variant_id_not_observed_in_complete_gene_level_public_api_subset,False,2026-05-11T00:14:07Z
10-87864483-T-C,not_found,,,,,,,exact_variant_id_not_observed_in_complete_gene_level_public_api_subset,False,2026-05-11T00:14:07Z
10-87864485-A-G,not_found,,,,,,,exact_variant_id_not_observed_in_complete_gene_level_public_api_subset,False,2026-05-11T00:14:07Z
10-87864486-A-T,not_found,,,,,,,exact_variant_id_not_observed_in_complete_gene_level_public_api_subset,False,2026-05-11T00:14:07Z
10-87864504-A-C,not_found,,,,,,,exact_variant_id_not_observed_in_complete_gene_level_public_api_subset,False,2026-05-11T00:14:07Z
10-87864504-A-T,not_found,,,,,,,exact_variant_id_not_observed_in_complete_gene_level_public_api_subset,False,2026-05-11T00:14:07Z
10-87864506-A-C,not_found,,,,,,,exact_variant_id_not_observed_in_complete_gene_level_public_api_subset,False,2026-05-11T00:14:07Z
10-87864506-A-G,not_found,,,,,,,exact_variant_id_not_observed_in_complete_gene_level_public_api_subset,False,2026-05-11T00:14:07Z
10-87864513-G-A,not_found,,,,,,,exact_variant_id_not_observed_in_complete_gene_level_public_api_subset,False,2026-05-11T00:14:07Z
10-87864513-G-C,not_found,,,,,,,exact_variant_id_not_observed_in_complete_gene_level_public_api_subset,False,2026-05-11T00:14:07Z
10-87864513-G-T,not_found,,,,,,,exact_variant_id_not_observed_in_complete_gene_level_public_api_subset,False,2026-05-11T00:14:07Z
10-87864514-A-T,not_found,,,,,,,exact_variant_id_not_observed_in_complete_gene_level_public_api_subset,False,2026-05-11T00:14:07Z
10-87864515-T-G,not_found,,,,,,,exact_variant_id_not_observed_in_complete_gene_level_public_api_subset,False,2026-05-11T00:14:07Z
10-87864525-A-T,not_found,,,,,,,exact_variant_id_not_observed_in_complete_gene_level_public_api_subset,False,2026-05-11T00:14:07Z
10-87864528-G-T,not_found,,,,,,,exact_variant_id_not_observed_in_complete_gene_level_public_api_subset,False,2026-05-11T00:14:07Z
10-87864531-T-C,not_found,,,,,,,exact_variant_id_not_observed_in_complete_gene_level_public_api_subset,False,2026-05-11T00:14:07Z
10-87864533-G-C,not_found,,,,,,,exact_variant_id_not_observed_in_complete_gene_level_public_api_subset,False,2026-05-11T00:14:07Z
10-87864534-A-T,not_found,,,,,,,exact_variant_id_not_observed_in_complete_gene_level_public_api_subset,False,2026-05-11T00:14:07Z
10-87864536-T-G,found,,,,6.841087021363347e-07,1.0,1461756.0,,False,2026-05-11T00:14:07Z
10-87864539-G-A,not_found,,,,,,,exact_variant_id_not_observed_in_complete_gene_level_public_api_subset,False,2026-05-11T00:14:07Z
10-87864539-G-C,found,,,,6.841414640353673e-07,1.0,1461686.0,,False,2026-05-11T00:14:07Z
10-87864539-G-T,not_found,,,,,,,exact_variant_id_not_observed_in_complete_gene_level_public_api_subset,False,2026-05-11T00:14:07Z
10-87864540-A-G,not_found,,,,,,,exact_variant_id_not_observed_in_complete_gene_level_public_api_subset,False,2026-05-11T00:14:07Z
10-87864540-A-T,not_found,,,,,,,exact_variant_id_not_observed_in_complete_gene_level_public_api_subset,False,2026-05-11T00:14:07Z
10-87864544-G-C,not_found,,,,,,,exact_variant_id_not_observed_in_complete_gene_level_public_api_subset,False,2026-05-11T00:14:07Z
10-87864545-A-C,not_found,,,,,,,exact_variant_id_not_observed_in_complete_gene_level_public_api_subset,False,2026-05-11T00:14:07Z
10-87864546-C-A,not_found,,,,,,,exact_variant_id_not_observed_in_complete_gene_level_public_api_subset,False,2026-05-11T00:14:07Z
10-87864546-C-T,found,,,,1.3684533193203714e-06,2.0,1461504.0,,False,2026-05-11T00:14:07Z
10-87864548-T-A,not_found,,,,,,,exact_variant_id_not_observed_in_complete_gene_level_public_api_subset,False,2026-05-11T00:14:07Z
10-87894025-A-C,not_found,,,,,,,exact_variant_id_not_observed_in_complete_gene_level_public_api_subset,False,2026-05-11T00:14:07Z
10-87894025-A-G,not_found,,,,,,,exact_variant_id_not_observed_in_complete_gene_level_public_api_subset,False,2026-05-11T00:14:07Z
10-87894025-A-T,not_found,,,,,,,exact_variant_id_not_observed_in_complete_gene_level_public_api_subset,False,2026-05-11T00:14:07Z
10-87894036-A-G,not_found,,,,,,,exact_variant_id_not_observed_in_complete_gene_level_public_api_subset,False,2026-05-11T00:14:07Z
10-87894040-T-G,not_found,,,,,,,exact_variant_id_not_observed_in_complete_gene_level_public_api_subset,False,2026-05-11T00:14:07Z
10-87894045-G-C,not_found,,,,,,,exact_variant_id_not_observed_in_complete_gene_level_public_api_subset,False,2026-05-11T00:14:07Z
10-87894048-A-C,not_found,,,,,,,exact_variant_id_not_observed_in_complete_gene_level_public_api_subset,False,2026-05-11T00:14:07Z
10-87894048-A-G,not_found,,,,,,,exact_variant_id_not_observed_in_complete_gene_level_public_api_subset,False,2026-05-11T00:14:07Z
10-87894049-T-C,not_found,,,,,,,exact_variant_id_not_observed_in_complete_gene_level_public_api_subset,False,2026-05-11T00:14:07Z
10-87894049-T-G,not_found,,,,,,,exact_variant_id_not_observed_in_complete_gene_level_public_api_subset,False,2026-05-11T00:14:07Z
10-87894050-G-T,found,,,,0.0,0.0,1460098.0,,False,2026-05-11T00:14:07Z
10-87894051-G-C,not_found,,,,,,,exact_variant_id_not_observed_in_complete_gene_level_public_api_subset,False,2026-05-11T00:14:07Z
10-87894052-G-A,not_found,,,,,,,exact_variant_id_not_observed_in_complete_gene_level_public_api_subset,False,2026-05-11T00:14:07Z
10-87894057-C-A,not_found,,,,,,,exact_variant_id_not_observed_in_complete_gene_level_public_api_subset,False,2026-05-11T00:14:07Z
10-87894058-C-G,not_found,,,,,,,exact_variant_id_not_observed_in_complete_gene_level_public_api_subset,False,2026-05-11T00:14:07Z
10-87894058-C-T,not_found,,,,,,,exact_variant_id_not_observed_in_complete_gene_level_public_api_subset,False,2026-05-11T00:14:07Z
10-87894076-G-A,not_found,,,,,,,exact_variant_id_not_observed_in_complete_gene_level_public_api_subset,False,2026-05-11T00:14:07Z
10-87894081-T-A,not_found,,,,,,,exact_variant_id_not_observed_in_complete_gene_level_public_api_subset,False,2026-05-11T00:14:07Z
10-87894081-T-C,not_found,,,,,,,exact_variant_id_not_observed_in_complete_gene_level_public_api_subset,False,2026-05-11T00:14:07Z
10-87894084-A-G,not_found,,,,,,,exact_variant_id_not_observed_in_complete_gene_level_public_api_subset,False,2026-05-11T00:14:07Z
10-87894085-G-A,not_found,,,,,,,exact_variant_id_not_observed_in_complete_gene_level_public_api_subset,False,2026-05-11T00:14:07Z
10-87894088-A-G,not_found,,,,,,,exact_variant_id_not_observed_in_complete_gene_level_public_api_subset,False,2026-05-11T00:14:07Z
10-87894089-C-G,not_found,,,,,,,exact_variant_id_not_observed_in_complete_gene_level_public_api_subset,False,2026-05-11T00:14:07Z
10-87894094-T-C,found,,,,6.85417871859758e-07,1.0,1458964.0,,False,2026-05-11T00:14:07Z
10-87894103-T-C,not_found,,,,,,,exact_variant_id_not_observed_in_complete_gene_level_public_api_subset,False,2026-05-11T00:14:07Z
10-87925515-T-C,not_found,,,,,,,exact_variant_id_not_observed_in_complete_gene_level_public_api_subset,False,2026-05-11T00:14:07Z
10-87925518-T-G,not_found,,,,,,,exact_variant_id_not_observed_in_complete_gene_level_public_api_subset,False,2026-05-11T00:14:07Z
10-87925529-C-G,not_found,,,,,,,exact_variant_id_not_observed_in_complete_gene_level_public_api_subset,False,2026-05-11T00:14:07Z
10-87925529-C-T,found,,,,0.0,0.0,1438454.0,,False,2026-05-11T00:14:07Z
10-87925530-A-C,not_found,,,,,,,exact_variant_id_not_observed_in_complete_gene_level_public_api_subset,False,2026-05-11T00:14:07Z
10-87925530-A-G,not_found,,,,,,,exact_variant_id_not_observed_in_complete_gene_level_public_api_subset,False,2026-05-11T00:14:07Z
10-87925539-A-C,not_found,,,,,,,exact_variant_id_not_observed_in_complete_gene_level_public_api_subset,False,2026-05-11T00:14:07Z
10-87925544-A-G,found,,,,0.0,0.0,1431706.0,,False,2026-05-11T00:14:07Z
10-87925546-G-T,found,,,,0.0,0.0,1430330.0,,False,2026-05-11T00:14:07Z
10-87925548-T-G,not_found,,,,,,,exact_variant_id_not_observed_in_complete_gene_level_public_api_subset,False,2026-05-11T00:14:07Z
10-87925550-T-C,found,,,,1.404172921086886e-06,2.0,1424326.0,,False,2026-05-11T00:14:07Z
10-87925550-T-G,not_found,,,,,,,exact_variant_id_not_observed_in_complete_gene_level_public_api_subset,False,2026-05-11T00:14:07Z
10-87925551-A-G,not_found,,,,,,,exact_variant_id_not_observed_in_complete_gene_level_public_api_subset,False,2026-05-11T00:14:07Z
10-87925557-T-C,not_found,,,,,,,exact_variant_id_not_observed_in_complete_gene_level_public_api_subset,False,2026-05-11T00:14:07Z
10-87931048-G-A,not_found,,,,,,,exact_variant_id_not_observed_in_complete_gene_level_public_api_subset,False,2026-05-11T00:14:07Z
10-87931071-G-A,found,,,,0.0001340506532735,195.0,1454674.0,,False,2026-05-11T00:14:07Z
10-87931078-T-G,not_found,,,,,,,exact_variant_id_not_observed_in_complete_gene_level_public_api_subset,False,2026-05-11T00:14:07Z
10-87931079-T-G,not_found,,,,,,,exact_variant_id_not_observed_in_complete_gene_level_public_api_subset,False,2026-05-11T00:14:07Z
10-87933028-T-C,found,,,,6.572547782422378e-06,1.0,152148.0,,False,2026-05-11T00:14:07Z
10-87933033-G-A,not_found,,,,,,,exact_variant_id_not_observed_in_complete_gene_level_public_api_subset,False,2026-05-11T00:14:07Z
10-87933033-G-T,not_found,,,,,,,exact_variant_id_not_observed_in_complete_gene_level_public_api_subset,False,2026-05-11T00:14:07Z
10-87933034-A-C,not_found,,,,,,,exact_variant_id_not_observed_in_complete_gene_level_public_api_subset,False,2026-05-11T00:14:07Z
10-87933034-A-G,found,,,,0.0,0.0,152086.0,,False,2026-05-11T00:14:07Z
10-87933034-A-T,not_found,,,,,,,exact_variant_id_not_observed_in_complete_gene_level_public_api_subset,False,2026-05-11T00:14:07Z
10-87933036-C-A,not_found,,,,,,,exact_variant_id_not_observed_in_complete_gene_level_public_api_subset,False,2026-05-11T00:14:07Z
10-87933036-C-G,not_found,,,,,,,exact_variant_id_not_observed_in_complete_gene_level_public_api_subset,False,2026-05-11T00:14:07Z
10-87933036-C-T,not_found,,,,,,,exact_variant_id_not_observed_in_complete_gene_level_public_api_subset,False,2026-05-11T00:14:07Z
10-87933037-A-C,not_found,,,,,,,exact_variant_id_not_observed_in_complete_gene_level_public_api_subset,False,2026-05-11T00:14:07Z
10-87933037-A-G,not_found,,,,,,,exact_variant_id_not_observed_in_complete_gene_level_public_api_subset,False,2026-05-11T00:14:07Z
10-87933043-C-T,not_found,,,,,,,exact_variant_id_not_observed_in_complete_gene_level_public_api_subset,False,2026-05-11T00:14:07Z
10-87933045-C-T,not_found,,,,,,,exact_variant_id_not_observed_in_complete_gene_level_public_api_subset,False,2026-05-11T00:14:07Z
10-87933046-C-A,not_found,,,,,,,exact_variant_id_not_observed_in_complete_gene_level_public_api_subset,False,2026-05-11T00:14:07Z
10-87933046-C-G,not_found,,,,,,,exact_variant_id_not_observed_in_complete_gene_level_public_api_subset,False,2026-05-11T00:14:07Z
10-87933046-C-T,not_found,,,,,,,exact_variant_id_not_observed_in_complete_gene_level_public_api_subset,False,2026-05-11T00:14:07Z
10-87933052-T-C,not_found,,,,,,,exact_variant_id_not_observed_in_complete_gene_level_public_api_subset,False,2026-05-11T00:14:07Z
10-87933052-T-G,not_found,,,,,,,exact_variant_id_not_observed_in_complete_gene_level_public_api_subset,False,2026-05-11T00:14:07Z
10-87933057-C-T,found,,,,6.843455945252352e-07,1.0,1461250.0,,False,2026-05-11T00:14:07Z
10-87933061-T-A,not_found,,,,,,,exact_variant_id_not_observed_in_complete_gene_level_public_api_subset,False,2026-05-11T00:14:07Z
10-87933061-T-C,found,,,,6.843090668214118e-07,1.0,1461328.0,,False,2026-05-11T00:14:07Z
10-87933072-T-C,not_found,,,,,,,exact_variant_id_not_observed_in_complete_gene_level_public_api_subset,False,2026-05-11T00:14:07Z
10-87933072-T-G,found,,,,6.573757559821194e-06,1.0,152120.0,,False,2026-05-11T00:14:07Z
10-87933073-G-A,not_found,,,,,,,exact_variant_id_not_observed_in_complete_gene_level_public_api_subset,False,2026-05-11T00:14:07Z
10-87933078-G-T,not_found,,,,,,,exact_variant_id_not_observed_in_complete_gene_level_public_api_subset,False,2026-05-11T00:14:07Z
10-87933079-A-G,not_found,,,,,,,exact_variant_id_not_observed_in_complete_gene_level_public_api_subset,False,2026-05-11T00:14:07Z
10-87933079-A-T,not_found,,,,,,,exact_variant_id_not_observed_in_complete_gene_level_public_api_subset,False,2026-05-11T00:14:07Z
10-87933081-C-T,not_found,,,,,,,exact_variant_id_not_observed_in_complete_gene_level_public_api_subset,False,2026-05-11T00:14:07Z
10-87933082-T-C,not_found,,,,,,,exact_variant_id_not_observed_in_complete_gene_level_public_api_subset,False,2026-05-11T00:14:07Z
10-87933082-T-G,not_found,,,,,,,exact_variant_id_not_observed_in_complete_gene_level_public_api_subset,False,2026-05-11T00:14:07Z
10-87933090-T-C,not_found,,,,,,,exact_variant_id_not_observed_in_complete_gene_level_public_api_subset,False,2026-05-11T00:14:07Z
10-87933092-G-T,found,,,,6.843783791182468e-07,1.0,1461180.0,,False,2026-05-11T00:14:07Z
10-87933093-C-G,not_found,,,,,,,exact_variant_id_not_observed_in_complete_gene_level_public_api_subset,False,2026-05-11T00:14:07Z
10-87933094-T-C,not_found,,,,,,,exact_variant_id_not_observed_in_complete_gene_level_public_api_subset,False,2026-05-11T00:14:07Z
10-87933094-T-G,not_found,,,,,,,exact_variant_id_not_observed_in_complete_gene_level_public_api_subset,False,2026-05-11T00:14:07Z
10-87933112-A-C,not_found,,,,,,,exact_variant_id_not_observed_in_complete_gene_level_public_api_subset,False,2026-05-11T00:14:07Z
10-87933114-G-C,not_found,,,,,,,exact_variant_id_not_observed_in_complete_gene_level_public_api_subset,False,2026-05-11T00:14:07Z
10-87933114-G-T,not_found,,,,,,,exact_variant_id_not_observed_in_complete_gene_level_public_api_subset,False,2026-05-11T00:14:07Z
10-87933115-T-C,not_found,,,,,,,exact_variant_id_not_observed_in_complete_gene_level_public_api_subset,False,2026-05-11T00:14:07Z
10-87933115-T-G,not_found,,,,,,,exact_variant_id_not_observed_in_complete_gene_level_public_api_subset,False,2026-05-11T00:14:07Z
10-87933120-G-A,not_found,,,,,,,exact_variant_id_not_observed_in_complete_gene_level_public_api_subset,False,2026-05-11T00:14:07Z
10-87933120-G-C,not_found,,,,,,,exact_variant_id_not_observed_in_complete_gene_level_public_api_subset,False,2026-05-11T00:14:07Z
10-87933120-G-T,found,,,,6.84352151192552e-07,1.0,1461236.0,,False,2026-05-11T00:14:07Z
10-87933121-C-A,not_found,,,,,,,exact_variant_id_not_observed_in_complete_gene_level_public_api_subset,False,2026-05-11T00:14:07Z
10-87933126-C-A,not_found,,,,,,,exact_variant_id_not_observed_in_complete_gene_level_public_api_subset,False,2026-05-11T00:14:07Z
10-87933126-C-G,not_found,,,,,,,exact_variant_id_not_observed_in_complete_gene_level_public_api_subset,False,2026-05-11T00:14:07Z
10-87933126-C-T,not_found,,,,,,,exact_variant_id_not_observed_in_complete_gene_level_public_api_subset,False,2026-05-11T00:14:07Z
10-87933127-A-G,not_found,,,,,,,exact_variant_id_not_observed_in_complete_gene_level_public_api_subset,False,2026-05-11T00:14:07Z
10-87933128-C-G,not_found,,,,,,,exact_variant_id_not_observed_in_complete_gene_level_public_api_subset,False,2026-05-11T00:14:07Z
10-87933129-T-C,not_found,,,,,,,exact_variant_id_not_observed_in_complete_gene_level_public_api_subset,False,2026-05-11T00:14:07Z
10-87933129-T-G,not_found,,,,,,,exact_variant_id_not_observed_in_complete_gene_level_public_api_subset,False,2026-05-11T00:14:07Z
10-87933130-G-A,not_found,,,,,,,exact_variant_id_not_observed_in_complete_gene_level_public_api_subset,False,2026-05-11T00:14:07Z
10-87933130-G-C,not_found,,,,,,,exact_variant_id_not_observed_in_complete_gene_level_public_api_subset,False,2026-05-11T00:14:07Z
10-87933131-T-G,not_found,,,,,,,exact_variant_id_not_observed_in_complete_gene_level_public_api_subset,False,2026-05-11T00:14:07Z
10-87933132-A-G,not_found,,,,,,,exact_variant_id_not_observed_in_complete_gene_level_public_api_subset,False,2026-05-11T00:14:07Z
10-87933133-A-G,not_found,,,,,,,exact_variant_id_not_observed_in_complete_gene_level_public_api_subset,False,2026-05-11T00:14:07Z
10-87933135-G-A,not_found,,,,,,,exact_variant_id_not_observed_in_complete_gene_level_public_api_subset,False,2026-05-11T00:14:07Z
10-87933135-G-C,not_found,,,,,,,exact_variant_id_not_observed_in_complete_gene_level_public_api_subset,False,2026-05-11T00:14:07Z
10-87933136-C-A,not_found,,,,,,,exact_variant_id_not_observed_in_complete_gene_level_public_api_subset,False,2026-05-11T00:14:07Z
10-87933136-C-T,not_found,,,,,,,exact_variant_id_not_observed_in_complete_gene_level_public_api_subset,False,2026-05-11T00:14:07Z
10-87933138-G-A,found,,,,6.84143336238662e-07,1.0,1461682.0,,False,2026-05-11T00:14:07Z
10-87933141-A-G,not_found,,,,,,,exact_variant_id_not_observed_in_complete_gene_level_public_api_subset,False,2026-05-11T00:14:07Z
10-87933142-A-G,not_found,,,,,,,exact_variant_id_not_observed_in_complete_gene_level_public_api_subset,False,2026-05-11T00:14:07Z
10-87933143-G-C,not_found,,,,,,,exact_variant_id_not_observed_in_complete_gene_level_public_api_subset,False,2026-05-11T00:14:07Z
10-87933144-G-A,found,,,,6.841358474869637e-07,1.0,1461698.0,,False,2026-05-11T00:14:07Z
10-87933145-G-A,not_found,,,,,,,exact_variant_id_not_observed_in_complete_gene_level_public_api_subset,False,2026-05-11T00:14:07Z
10-87933145-G-T,not_found,,,,,,,exact_variant_id_not_observed_in_complete_gene_level_public_api_subset,False,2026-05-11T00:14:07Z
10-87933147-C-G,not_found,,,,,,,exact_variant_id_not_observed_in_complete_gene_level_public_api_subset,False,2026-05-11T00:14:07Z
10-87933148-G-A,found,,,,1.3682773114992762e-06,2.0,1461692.0,,False,2026-05-11T00:14:07Z
10-87933148-G-C,not_found,,,,,,,exact_variant_id_not_observed_in_complete_gene_level_public_api_subset,False,2026-05-11T00:14:07Z
10-87933148-G-T,found,,,,6.841386557496381e-07,1.0,1461692.0,,False,2026-05-11T00:14:07Z
10-87933151-C-T,not_found,,,,,,,exact_variant_id_not_observed_in_complete_gene_level_public_api_subset,False,2026-05-11T00:14:07Z
10-87933153-G-A,not_found,,,,,,,exact_variant_id_not_observed_in_complete_gene_level_public_api_subset,False,2026-05-11T00:14:07Z
10-87933154-G-A,not_found,,,,,,,exact_variant_id_not_observed_in_complete_gene_level_public_api_subset,False,2026-05-11T00:14:07Z
10-87933154-G-T,not_found,,,,,,,exact_variant_id_not_observed_in_complete_gene_level_public_api_subset,False,2026-05-11T00:14:07Z
10-87933160-T-C,found,,,,6.841321031725942e-07,1.0,1461706.0,,False,2026-05-11T00:14:07Z
10-87933160-T-G,not_found,,,,,,,exact_variant_id_not_observed_in_complete_gene_level_public_api_subset,False,2026-05-11T00:14:07Z
10-87933161-G-C,not_found,,,,,,,exact_variant_id_not_observed_in_complete_gene_level_public_api_subset,False,2026-05-11T00:14:07Z
10-87933162-A-G,not_found,,,,,,,exact_variant_id_not_observed_in_complete_gene_level_public_api_subset,False,2026-05-11T00:14:07Z
10-87933163-T-A,not_found,,,,,,,exact_variant_id_not_observed_in_complete_gene_level_public_api_subset,False,2026-05-11T00:14:07Z
10-87933165-T-C,not_found,,,,,,,exact_variant_id_not_observed_in_complete_gene_level_public_api_subset,False,2026-05-11T00:14:07Z
10-87933166-G-A,not_found,,,,,,,exact_variant_id_not_observed_in_complete_gene_level_public_api_subset,False,2026-05-11T00:14:07Z
10-87933166-G-T,not_found,,,,,,,exact_variant_id_not_observed_in_complete_gene_level_public_api_subset,False,2026-05-11T00:14:07Z
10-87933167-T-G,not_found,,,,,,,exact_variant_id_not_observed_in_complete_gene_level_public_api_subset,False,2026-05-11T00:14:07Z
10-87933169-C-A,not_found,,,,,,,exact_variant_id_not_observed_in_complete_gene_level_public_api_subset,False,2026-05-11T00:14:07Z
10-87933181-A-C,not_found,,,,,,,exact_variant_id_not_observed_in_complete_gene_level_public_api_subset,False,2026-05-11T00:14:07Z
10-87933181-A-T,not_found,,,,,,,exact_variant_id_not_observed_in_complete_gene_level_public_api_subset,False,2026-05-11T00:14:07Z
10-87933184-G-C,not_found,,,,,,,exact_variant_id_not_observed_in_complete_gene_level_public_api_subset,False,2026-05-11T00:14:07Z
10-87933214-T-C,not_found,,,,,,,exact_variant_id_not_observed_in_complete_gene_level_public_api_subset,False,2026-05-11T00:14:07Z
10-87933220-T-G,not_found,,,,,,,exact_variant_id_not_observed_in_complete_gene_level_public_api_subset,False,2026-05-11T00:14:07Z
10-87933222-T-A,not_found,,,,,,,exact_variant_id_not_observed_in_complete_gene_level_public_api_subset,False,2026-05-11T00:14:07Z
10-87933222-T-C,not_found,,,,,,,exact_variant_id_not_observed_in_complete_gene_level_public_api_subset,False,2026-05-11T00:14:07Z
10-87933223-A-C,not_found,,,,,,,exact_variant_id_not_observed_in_complete_gene_level_public_api_subset,False,2026-05-11T00:14:07Z
10-87933223-A-G,found,,,,2.053553948915792e-06,3.0,1460882.0,,False,2026-05-11T00:14:07Z
10-87933234-A-G,not_found,,,,,,,exact_variant_id_not_observed_in_complete_gene_level_public_api_subset,False,2026-05-11T00:14:07Z
10-87933234-A-T,not_found,,,,,,,exact_variant_id_not_observed_in_complete_gene_level_public_api_subset,False,2026-05-11T00:14:07Z
10-87933235-G-A,not_found,,,,,,,exact_variant_id_not_observed_in_complete_gene_level_public_api_subset,False,2026-05-11T00:14:07Z
10-87933236-G-T,not_found,,,,,,,exact_variant_id_not_observed_in_complete_gene_level_public_api_subset,False,2026-05-11T00:14:07Z
10-87933238-C-T,not_found,,,,,,,exact_variant_id_not_observed_in_complete_gene_level_public_api_subset,False,2026-05-11T00:14:07Z
10-87933245-C-G,not_found,,,,,,,exact_variant_id_not_observed_in_complete_gene_level_public_api_subset,False,2026-05-11T00:14:07Z
10-87952118-G-A,found,,,,0.0,0.0,1460972.0,,False,2026-05-11T00:14:07Z
10-87952119-G-T,not_found,,,,,,,exact_variant_id_not_observed_in_complete_gene_level_public_api_subset,False,2026-05-11T00:14:07Z
10-87952122-T-A,not_found,,,,,,,exact_variant_id_not_observed_in_complete_gene_level_public_api_subset,False,2026-05-11T00:14:07Z
10-87952125-C-A,found,,,,0.0,0.0,1461146.0,,False,2026-05-11T00:14:07Z
10-87952134-G-A,not_found,,,,,,,exact_variant_id_not_observed_in_complete_gene_level_public_api_subset,False,2026-05-11T00:14:07Z
10-87952134-G-T,not_found,,,,,,,exact_variant_id_not_observed_in_complete_gene_level_public_api_subset,False,2026-05-11T00:14:07Z
10-87952135-T-A,found,,,,6.843334181906772e-07,1.0,1461276.0,,False,2026-05-11T00:14:07Z
10-87952136-C-A,not_found,,,,,,,exact_variant_id_not_observed_in_complete_gene_level_public_api_subset,False,2026-05-11T00:14:07Z
10-87952136-C-G,not_found,,,,,,,exact_variant_id_not_observed_in_complete_gene_level_public_api_subset,False,2026-05-11T00:14:07Z
10-87952137-A-G,not_found,,,,,,,exact_variant_id_not_observed_in_complete_gene_level_public_api_subset,False,2026-05-11T00:14:07Z
10-87952142-C-G,not_found,,,,,,,exact_variant_id_not_observed_in_complete_gene_level_public_api_subset,False,2026-05-11T00:14:07Z
10-87952142-C-T,found,,,,2.7378357955603256e-06,4.0,1461008.0,,False,2026-05-11T00:14:07Z
10-87952143-G-A,found,,,,2.0531941541456044e-06,3.0,1461138.0,,False,2026-05-11T00:14:07Z
10-87952143-G-C,not_found,,,,,,,exact_variant_id_not_observed_in_complete_gene_level_public_api_subset,False,2026-05-11T00:14:07Z
10-87952143-G-T,not_found,,,,,,,exact_variant_id_not_observed_in_complete_gene_level_public_api_subset,False,2026-05-11T00:14:07Z
10-87952145-T-A,not_found,,,,,,,exact_variant_id_not_observed_in_complete_gene_level_public_api_subset,False,2026-05-11T00:14:07Z
10-87952145-T-G,not_found,,,,,,,exact_variant_id_not_observed_in_complete_gene_level_public_api_subset,False,2026-05-11T00:14:07Z
10-87952146-A-G,found,,,,1.3687436438967035e-06,2.0,1461194.0,,False,2026-05-11T00:14:07Z
10-87952148-G-A,found,,,,6.5766974456107125e-06,1.0,152052.0,,False,2026-05-11T00:14:07Z
10-87952154-T-C,not_found,,,,,,,exact_variant_id_not_observed_in_complete_gene_level_public_api_subset,False,2026-05-11T00:14:07Z
10-87952155-A-G,found,,,,6.845648426664622e-07,1.0,1460782.0,,False,2026-05-11T00:14:07Z
10-87952167-T-C,not_found,,,,,,,exact_variant_id_not_observed_in_complete_gene_level_public_api_subset,False,2026-05-11T00:14:07Z
10-87952209-T-C,not_found,,,,,,,exact_variant_id_not_observed_in_complete_gene_level_public_api_subset,False,2026-05-11T00:14:07Z
10-87952218-T-A,not_found,,,,,,,exact_variant_id_not_observed_in_complete_gene_level_public_api_subset,False,2026-05-11T00:14:07Z
10-87952223-T-G,not_found,,,,,,,exact_variant_id_not_observed_in_complete_gene_level_public_api_subset,False,2026-05-11T00:14:07Z
10-87952224-T-C,not_found,,,,,,,exact_variant_id_not_observed_in_complete_gene_level_public_api_subset,False,2026-05-11T00:14:07Z
10-87952230-C-T,not_found,,,,,,,exact_variant_id_not_observed_in_complete_gene_level_public_api_subset,False,2026-05-11T00:14:07Z
10-87952235-C-G,not_found,,,,,,,exact_variant_id_not_observed_in_complete_gene_level_public_api_subset,False,2026-05-11T00:14:07Z
10-87952258-C-G,not_found,,,,,,,exact_variant_id_not_observed_in_complete_gene_level_public_api_subset,False,2026-05-11T00:14:07Z
10-87957879-A-G,not_found,,,,,,,exact_variant_id_not_observed_in_complete_gene_level_public_api_subset,False,2026-05-11T00:14:07Z
10-87957903-T-A,found,,,,2.736352442194555e-06,4.0,1461800.0,,False,2026-05-11T00:14:07Z
10-87957939-T-C,not_found,,,,,,,exact_variant_id_not_observed_in_complete_gene_level_public_api_subset,False,2026-05-11T00:14:07Z
10-87957940-T-C,not_found,,,,,,,exact_variant_id_not_observed_in_complete_gene_level_public_api_subset,False,2026-05-11T00:14:07Z
10-87957955-C-T,found,,,,2.0522615237904995e-06,3.0,1461802.0,,False,2026-05-11T00:14:07Z
10-87957958-T-C,not_found,,,,,,,exact_variant_id_not_observed_in_complete_gene_level_public_api_subset,False,2026-05-11T00:14:07Z
10-87957964-T-G,not_found,,,,,,,exact_variant_id_not_observed_in_complete_gene_level_public_api_subset,False,2026-05-11T00:14:07Z
10-87957970-G-T,not_found,,,,,,,exact_variant_id_not_observed_in_complete_gene_level_public_api_subset,False,2026-05-11T00:14:07Z
10-87957973-A-G,not_found,,,,,,,exact_variant_id_not_observed_in_complete_gene_level_public_api_subset,False,2026-05-11T00:14:07Z
10-87957973-A-T,not_found,,,,,,,exact_variant_id_not_observed_in_complete_gene_level_public_api_subset,False,2026-05-11T00:14:07Z
10-87957976-T-A,not_found,,,,,,,exact_variant_id_not_observed_in_complete_gene_level_public_api_subset,False,2026-05-11T00:14:07Z
10-87957979-A-C,not_found,,,,,,,exact_variant_id_not_observed_in_complete_gene_level_public_api_subset,False,2026-05-11T00:14:07Z
10-87957982-T-A,not_found,,,,,,,exact_variant_id_not_observed_in_complete_gene_level_public_api_subset,False,2026-05-11T00:14:07Z
10-87957982-T-G,not_found,,,,,,,exact_variant_id_not_observed_in_complete_gene_level_public_api_subset,False,2026-05-11T00:14:07Z
10-87958019-G-T,not_found,,,,,,,exact_variant_id_not_observed_in_complete_gene_level_public_api_subset,False,2026-05-11T00:14:07Z
10-87960907-A-C,found,,,,0.0,0.0,1443994.0,,False,2026-05-11T00:14:07Z
10-87960913-G-T,found,,,,0.0,0.0,1447056.0,,False,2026-05-11T00:14:07Z
10-87960919-A-G,found,,,,6.850234689040446e-07,1.0,1459804.0,,False,2026-05-11T00:14:07Z
10-87960921-A-G,found,,,,6.851426809633106e-07,1.0,1459550.0,,False,2026-05-11T00:14:07Z
10-87960922-C-G,not_found,,,,,,,exact_variant_id_not_observed_in_complete_gene_level_public_api_subset,False,2026-05-11T00:14:07Z
10-87960922-C-T,found,,,,0.0,0.0,144834.0,,False,2026-05-11T00:14:07Z
10-87960974-T-G,found,,,,3.07882194693753e-05,45.0,1461598.0,,False,2026-05-11T00:14:07Z
10-87960984-C-G,found,,,,2.3948817954770947e-05,35.0,1461450.0,,False,2026-05-11T00:14:07Z
10-87961021-A-G,not_found,,,,,,,exact_variant_id_not_observed_in_complete_gene_level_public_api_subset,False,2026-05-11T00:14:07Z
10-87961039-T-C,found,,,,6.84169548160747e-07,1.0,1461626.0,,False,2026-05-11T00:14:07Z
10-87961051-T-C,not_found,,,,,,,exact_variant_id_not_observed_in_complete_gene_level_public_api_subset,False,2026-05-11T00:14:07Z
10-87961068-G-A,not_found,,,,,,,exact_variant_id_not_observed_in_complete_gene_level_public_api_subset,False,2026-05-11T00:14:07Z
10-87961069-A-G,not_found,,,,,,,exact_variant_id_not_observed_in_complete_gene_level_public_api_subset,False,2026-05-11T00:14:07Z
10-87961118-G-T,not_found,,,,,,,exact_variant_id_not_observed_in_complete_gene_level_public_api_subset,False,2026-05-11T00:14:07Z
10-87965294-T-C,not_found,,,,,,,exact_variant_id_not_observed_in_complete_gene_level_public_api_subset,False,2026-05-11T00:14:07Z
10-87965320-C-T,not_found,,,,,,,exact_variant_id_not_observed_in_complete_gene_level_public_api_subset,False,2026-05-11T00:14:07Z
10-87965321-C-A,found,,,,0.0001234999897083,180.0,1457490.0,,False,2026-05-11T00:14:07Z
10-87965338-A-G,found,,,,5.488752859297193e-06,8.0,1457526.0,,False,2026-05-11T00:14:07Z
12-25209895-A-G,not_found,,,,,,,exact_variant_id_not_observed_in_complete_gene_level_public_api_subset,False,2026-05-11T00:14:07Z
12-25209896-A-C,not_found,,,,,,,exact_variant_id_not_observed_in_complete_gene_level_public_api_subset,False,2026-05-11T00:14:07Z
12-25209896-A-T,not_found,,,,,,,exact_variant_id_not_observed_in_complete_gene_level_public_api_subset,False,2026-05-11T00:14:07Z
12-25209901-T-C,not_found,,,,,,,exact_variant_id_not_observed_in_complete_gene_level_public_api_subset,False,2026-05-11T00:14:07Z
12-25209904-T-A,not_found,,,,,,,exact_variant_id_not_observed_in_complete_gene_level_public_api_subset,False,2026-05-11T00:14:07Z
12-25209904-T-C,found,,,,6.867546994624084e-07,1.0,1456124.0,,False,2026-05-11T00:14:07Z
12-25209908-C-A,not_found,,,,,,,exact_variant_id_not_observed_in_complete_gene_level_public_api_subset,False,2026-05-11T00:14:07Z
12-25215511-C-G,not_found,,,,,,,exact_variant_id_not_observed_in_complete_gene_level_public_api_subset,False,2026-05-11T00:14:07Z
12-25215553-T-G,not_found,,,,,,,exact_variant_id_not_observed_in_complete_gene_level_public_api_subset,False,2026-05-11T00:14:07Z
12-25225623-C-A,not_found,,,,,,,exact_variant_id_not_observed_in_complete_gene_level_public_api_subset,False,2026-05-11T00:14:07Z
12-25225624-T-A,not_found,,,,,,,exact_variant_id_not_observed_in_complete_gene_level_public_api_subset,False,2026-05-11T00:14:07Z
12-25225624-T-C,not_found,,,,,,,exact_variant_id_not_observed_in_complete_gene_level_public_api_subset,False,2026-05-11T00:14:07Z
12-25225625-T-C,not_found,,,,,,,exact_variant_id_not_observed_in_complete_gene_level_public_api_subset,False,2026-05-11T00:14:07Z
12-25225627-G-A,found,,,,2.7382031363378724e-06,4.0,1460812.0,,False,2026-05-11T00:14:07Z
12-25225628-C-G,found,,,,6.845348517229057e-07,1.0,1460846.0,,False,2026-05-11T00:14:07Z
12-25225709-C-T,not_found,,,,,,,exact_variant_id_not_observed_in_complete_gene_level_public_api_subset,False,2026-05-11T00:14:07Z
12-25225713-T-G,found,,,,6.844561379973088e-07,1.0,1461014.0,,False,2026-05-11T00:14:07Z
12-25225714-T-C,found,,,,6.845601564083046e-07,1.0,1460792.0,,False,2026-05-11T00:14:07Z
12-25225714-T-G,not_found,,,,,,,exact_variant_id_not_observed_in_complete_gene_level_public_api_subset,False,2026-05-11T00:14:07Z
12-25225717-T-C,not_found,,,,,,,exact_variant_id_not_observed_in_complete_gene_level_public_api_subset,False,2026-05-11T00:14:07Z
12-25225718-T-G,not_found,,,,,,,exact_variant_id_not_observed_in_complete_gene_level_public_api_subset,False,2026-05-11T00:14:07Z
12-25227234-C-T,found,,,,6.863898502160069e-07,1.0,1456898.0,,False,2026-05-11T00:14:07Z
12-25227295-C-A,not_found,,,,,,,exact_variant_id_not_observed_in_complete_gene_level_public_api_subset,False,2026-05-11T00:14:07Z
12-25227303-G-A,not_found,,,,,,,exact_variant_id_not_observed_in_complete_gene_level_public_api_subset,False,2026-05-11T00:14:07Z
12-25227310-T-A,not_found,,,,,,,exact_variant_id_not_observed_in_complete_gene_level_public_api_subset,False,2026-05-11T00:14:07Z
12-25227313-A-C,not_found,,,,,,,exact_variant_id_not_observed_in_complete_gene_level_public_api_subset,False,2026-05-11T00:14:07Z
12-25227313-A-G,not_found,,,,,,,exact_variant_id_not_observed_in_complete_gene_level_public_api_subset,False,2026-05-11T00:14:07Z
12-25227320-C-G,not_found,,,,,,,exact_variant_id_not_observed_in_complete_gene_level_public_api_subset,False,2026-05-11T00:14:07Z
12-25227322-T-A,not_found,,,,,,,exact_variant_id_not_observed_in_complete_gene_level_public_api_subset,False,2026-05-11T00:14:07Z
12-25227322-T-C,not_found,,,,,,,exact_variant_id_not_observed_in_complete_gene_level_public_api_subset,False,2026-05-11T00:14:07Z
12-25227330-C-A,not_found,,,,,,,exact_variant_id_not_observed_in_complete_gene_level_public_api_subset,False,2026-05-11T00:14:07Z
12-25227341-T-A,not_found,,,,,,,exact_variant_id_not_observed_in_complete_gene_level_public_api_subset,False,2026-05-11T00:14:07Z
12-25227341-TT-AC,not_found,,,,,,,exact_variant_id_not_observed_in_complete_gene_level_public_api_subset,False,2026-05-11T00:14:07Z
12-25227342-T-A,not_found,,,,,,,exact_variant_id_not_observed_in_complete_gene_level_public_api_subset,False,2026-05-11T00:14:07Z
12-25227343-G-T,not_found,,,,,,,exact_variant_id_not_observed_in_complete_gene_level_public_api_subset,False,2026-05-11T00:14:07Z
12-25227345-C-A,found,,,,2.0522306378880083e-06,3.0,1461824.0,,False,2026-05-11T00:14:07Z
12-25227346-C-G,not_found,,,,,,,exact_variant_id_not_observed_in_complete_gene_level_public_api_subset,False,2026-05-11T00:14:07Z
12-25227346-C-T,not_found,,,,,,,exact_variant_id_not_observed_in_complete_gene_level_public_api_subset,False,2026-05-11T00:14:07Z
12-25227348-GC-AA,not_found,,,,,,,exact_variant_id_not_observed_in_complete_gene_level_public_api_subset,False,2026-05-11T00:14:07Z
12-25227349-C-A,not_found,,,,,,,exact_variant_id_not_observed_in_complete_gene_level_public_api_subset,False,2026-05-11T00:14:07Z
12-25227349-C-T,not_found,,,,,,,exact_variant_id_not_observed_in_complete_gene_level_public_api_subset,False,2026-05-11T00:14:07Z
12-25227351-G-A,found,,,,6.84109638147048e-07,1.0,1461754.0,,False,2026-05-11T00:14:07Z
12-25227366-A-C,not_found,,,,,,,exact_variant_id_not_observed_in_complete_gene_level_public_api_subset,False,2026-05-11T00:14:07Z
12-25227376-T-G,not_found,,,,,,,exact_variant_id_not_observed_in_complete_gene_level_public_api_subset,False,2026-05-11T00:14:07Z
12-25245277-T-C,not_found,,,,,,,exact_variant_id_not_observed_in_complete_gene_level_public_api_subset,False,2026-05-11T00:14:07Z
12-25245284-G-A,not_found,,,,,,,exact_variant_id_not_observed_in_complete_gene_level_public_api_subset,False,2026-05-11T00:14:07Z
12-25245284-G-C,not_found,,,,,,,exact_variant_id_not_observed_in_complete_gene_level_public_api_subset,False,2026-05-11T00:14:07Z
12-25245284-G-T,not_found,,,,,,,exact_variant_id_not_observed_in_complete_gene_level_public_api_subset,False,2026-05-11T00:14:07Z
12-25245320-T-A,not_found,,,,,,,exact_variant_id_not_observed_in_complete_gene_level_public_api_subset,False,2026-05-11T00:14:07Z
12-25245320-T-C,not_found,,,,,,,exact_variant_id_not_observed_in_complete_gene_level_public_api_subset,False,2026-05-11T00:14:07Z
12-25245321-G-C,found,,,,6.846904582907113e-07,1.0,1460514.0,,False,2026-05-11T00:14:07Z
12-25245321-G-T,found,,,,0.0,0.0,1460514.0,,False,2026-05-11T00:14:07Z
12-25245326-G-A,found,,,,0.0,0.0,1460692.0,,False,2026-05-11T00:14:07Z
12-25245328-C-G,found,,,,6.569438969911969e-06,1.0,152220.0,,False,2026-05-11T00:14:07Z
12-25245332-G-A,not_found,,,,,,,exact_variant_id_not_observed_in_complete_gene_level_public_api_subset,False,2026-05-11T00:14:07Z
12-25245341-C-A,found,,,,0.0,0.0,1460670.0,,False,2026-05-11T00:14:07Z
12-25245345-C-T,found,,,,1.3693621647972591e-06,2.0,1460534.0,,False,2026-05-11T00:14:07Z
12-25245347-C-A,not_found,,,,,,,exact_variant_id_not_observed_in_complete_gene_level_public_api_subset,False,2026-05-11T00:14:07Z
12-25245347-C-T,found,,,,1.3692759132043384e-06,2.0,1460626.0,,False,2026-05-11T00:14:07Z
12-25245348-C-A,not_found,,,,,,,exact_variant_id_not_observed_in_complete_gene_level_public_api_subset,False,2026-05-11T00:14:07Z
12-25245348-CA-GC,not_found,,,,,,,exact_variant_id_not_observed_in_complete_gene_level_public_api_subset,False,2026-05-11T00:14:07Z
12-25245350-C-A,found,,,,6.84666081505389e-07,1.0,1460566.0,,False,2026-05-11T00:14:07Z
12-25245350-C-G,found,,,,1.369332163010778e-06,2.0,1460566.0,,False,2026-05-11T00:14:07Z
12-25245350-C-T,found,,,,2.738671826324388e-06,4.0,1460562.0,,False,2026-05-11T00:14:07Z
12-25245351-C-A,not_found,,,,,,,exact_variant_id_not_observed_in_complete_gene_level_public_api_subset,False,2026-05-11T00:14:07Z
12-25245351-C-G,not_found,,,,,,,exact_variant_id_not_observed_in_complete_gene_level_public_api_subset,False,2026-05-11T00:14:07Z
12-25245351-C-T,found,,,,3.4233116569239218e-06,5.0,1460574.0,,False,2026-05-11T00:14:07Z
12-25245365-A-T,not_found,,,,,,,exact_variant_id_not_observed_in_complete_gene_level_public_api_subset,False,2026-05-11T00:14:07Z
12-25245370-T-A,not_found,,,,,,,exact_variant_id_not_observed_in_complete_gene_level_public_api_subset,False,2026-05-11T00:14:07Z
12-25245372-T-C,found,,,,6.851098231046437e-07,1.0,1459620.0,,False,2026-05-11T00:14:07Z
12-25245372-T-G,not_found,,,,,,,exact_variant_id_not_observed_in_complete_gene_level_public_api_subset,False,2026-05-11T00:14:07Z
17-7669614-C-A,found,,,,6.842893996729097e-07,1.0,1461370.0,,False,2026-05-11T00:14:07Z
17-7669627-T-G,found,,,,6.840984061875333e-07,1.0,1461778.0,,False,2026-05-11T00:14:07Z
17-7669628-T-G,found,,,,8.893035931969644e-06,13.0,1461818.0,,False,2026-05-11T00:14:07Z
17-7669629-C-G,not_found,,,,,,,exact_variant_id_not_observed_in_complete_gene_level_public_api_subset,False,2026-05-11T00:14:07Z
17-7669632-T-G,not_found,,,,,,,exact_variant_id_not_observed_in_complete_gene_level_public_api_subset,False,2026-05-11T00:14:07Z
17-7669636-G-T,found,,,,0.0,0.0,1461822.0,,False,2026-05-11T00:14:07Z
17-7669640-A-G,found,,,,6.840600331085056e-06,10.0,1461860.0,,False,2026-05-11T00:14:07Z
17-7669641-T-C,found,,,,1.3682174042726691e-05,20.0,1461756.0,,False,2026-05-11T00:14:07Z
17-7669655-C-A,found,,,,2.052227830124789e-06,3.0,1461826.0,,False,2026-05-11T00:14:07Z
17-7669655-C-T,found,,,,4.788531603624508e-06,7.0,1461826.0,,False,2026-05-11T00:14:07Z
17-7669656-G-T,found,,,,5.472540161604111e-06,8.0,1461844.0,,False,2026-05-11T00:14:07Z
17-7669659-A-T,not_found,,,,,,,exact_variant_id_not_observed_in_complete_gene_level_public_api_subset,False,2026-05-11T00:14:07Z
17-7669668-G-T,not_found,,,,,,,exact_variant_id_not_observed_in_complete_gene_level_public_api_subset,False,2026-05-11T00:14:07Z
17-7669671-C-G,found,,,,4.104657828882288e-06,6.0,1461754.0,,False,2026-05-11T00:14:07Z
17-7670613-A-C,found,,,,6.989164054866309e-05,102.0,1459402.0,,False,2026-05-11T00:14:07Z
17-7670616-G-A,found,,,,5.477538667999535e-06,8.0,1460510.0,,False,2026-05-11T00:14:07Z
17-7670630-C-G,found,,,,0.0001320472523908,193.0,1461598.0,,False,2026-05-11T00:14:07Z
17-7670642-C-T,found,,,,6.84109638147048e-07,1.0,1461754.0,,False,2026-05-11T00:14:07Z
17-7670643-C-G,found,,,,3.420571591195175e-06,5.0,1461744.0,,False,2026-05-11T00:14:07Z
17-7670646-C-T,not_found,,,,,,,exact_variant_id_not_observed_in_complete_gene_level_public_api_subset,False,2026-05-11T00:14:07Z
17-7670648-T-A,not_found,,,,,,,exact_variant_id_not_observed_in_complete_gene_level_public_api_subset,False,2026-05-11T00:14:07Z
17-7670648-T-G,found,,,,6.84094662282988e-07,1.0,1461786.0,,False,2026-05-11T00:14:07Z
17-7670649-G-T,found,,,,1.2313906094152126e-05,18.0,1461762.0,,False,2026-05-11T00:14:07Z
17-7670660-A-C,not_found,,,,,,,exact_variant_id_not_observed_in_complete_gene_level_public_api_subset,False,2026-05-11T00:14:07Z
17-7670663-T-C,not_found,,,,,,,exact_variant_id_not_observed_in_complete_gene_level_public_api_subset,False,2026-05-11T00:14:07Z
17-7670669-G-C,not_found,,,,,,,exact_variant_id_not_observed_in_complete_gene_level_public_api_subset,False,2026-05-11T00:14:07Z
17-7670669-G-T,not_found,,,,,,,exact_variant_id_not_observed_in_complete_gene_level_public_api_subset,False,2026-05-11T00:14:07Z
17-7670678-A-C,not_found,,,,,,,exact_variant_id_not_observed_in_complete_gene_level_public_api_subset,False,2026-05-11T00:14:07Z
17-7670678-A-G,found,,,,6.840759433749297e-07,1.0,1461826.0,,False,2026-05-11T00:14:07Z
17-7670680-C-A,not_found,,,,,,,exact_variant_id_not_observed_in_complete_gene_level_public_api_subset,False,2026-05-11T00:14:07Z
17-7670684-C-G,not_found,,,,,,,exact_variant_id_not_observed_in_complete_gene_level_public_api_subset,False,2026-05-11T00:14:07Z
17-7670684-C-T,found,,,,6.156742453886e-06,9.0,1461812.0,,False,2026-05-11T00:14:07Z
17-7670686-G-C,not_found,,,,,,,exact_variant_id_not_observed_in_complete_gene_level_public_api_subset,False,2026-05-11T00:14:07Z
17-7670687-AA-CT,not_found,,,,,,,exact_variant_id_not_observed_in_complete_gene_level_public_api_subset,False,2026-05-11T00:14:07Z
17-7670689-C-G,not_found,,,,,,,exact_variant_id_not_observed_in_complete_gene_level_public_api_subset,False,2026-05-11T00:14:07Z
17-7670694-C-G,found,,,,7.525010398196187e-06,11.0,1461792.0,,False,2026-05-11T00:14:07Z
17-7670699-C-A,not_found,,,,,,,exact_variant_id_not_observed_in_complete_gene_level_public_api_subset,False,2026-05-11T00:14:07Z
17-7670699-C-G,not_found,,,,,,,exact_variant_id_not_observed_in_complete_gene_level_public_api_subset,False,2026-05-11T00:14:07Z
17-7670700-G-A,found,,,,0.0,0.0,152118.0,,False,2026-05-11T00:14:07Z
17-7670700-G-C,not_found,,,,,,,exact_variant_id_not_observed_in_complete_gene_level_public_api_subset,False,2026-05-11T00:14:07Z
17-7670700-G-T,not_found,,,,,,,exact_variant_id_not_observed_in_complete_gene_level_public_api_subset,False,2026-05-11T00:14:07Z
17-7670703-C-G,not_found,,,,,,,exact_variant_id_not_observed_in_complete_gene_level_public_api_subset,False,2026-05-11T00:14:07Z
17-7670705-C-A,not_found,,,,,,,exact_variant_id_not_observed_in_complete_gene_level_public_api_subset,False,2026-05-11T00:14:07Z
17-7670706-G-A,found,,,,2.052553581911256e-06,3.0,1461594.0,,False,2026-05-11T00:14:07Z
17-7670709-C-A,not_found,,,,,,,exact_variant_id_not_observed_in_complete_gene_level_public_api_subset,False,2026-05-11T00:14:07Z
17-7670711-C-T,found,,,,3.079104240679209e-05,45.0,1461464.0,,False,2026-05-11T00:14:07Z
17-7670712-G-A,found,,,,1.984452838451853e-05,29.0,1461360.0,,False,2026-05-11T00:14:07Z
17-7670714-A-T,not_found,,,,,,,exact_variant_id_not_observed_in_complete_gene_level_public_api_subset,False,2026-05-11T00:14:07Z
17-7670715-T-G,not_found,,,,,,,exact_variant_id_not_observed_in_complete_gene_level_public_api_subset,False,2026-05-11T00:14:07Z
17-7673550-T-G,found,,,,6.840759433749297e-07,1.0,1461826.0,,False,2026-05-11T00:14:07Z
17-7673551-T-A,not_found,,,,,,,exact_variant_id_not_observed_in_complete_gene_level_public_api_subset,False,2026-05-11T00:14:07Z
17-7673556-A-T,not_found,,,,,,,exact_variant_id_not_observed_in_complete_gene_level_public_api_subset,False,2026-05-11T00:14:07Z
17-7673558-C-T,found,,,,6.840619048661428e-07,1.0,1461856.0,,False,2026-05-11T00:14:07Z
17-7673572-T-G,not_found,,,,,,,exact_variant_id_not_observed_in_complete_gene_level_public_api_subset,False,2026-05-11T00:14:07Z
17-7673576-G-A,not_found,,,,,,,exact_variant_id_not_observed_in_complete_gene_level_public_api_subset,False,2026-05-11T00:14:07Z
17-7673579-G-T,found,,,,8.892670934236646e-06,13.0,1461878.0,,False,2026-05-11T00:14:07Z
17-7673582-G-T,found,,,,2.736191467734146e-06,4.0,1461886.0,,False,2026-05-11T00:14:07Z
17-7673585-A-T,found,,,,1.3680994772491897e-06,2.0,1461882.0,,False,2026-05-11T00:14:07Z
17-7673590-C-T,not_found,,,,,,,exact_variant_id_not_observed_in_complete_gene_level_public_api_subset,False,2026-05-11T00:14:07Z
17-7673593-G-C,found,,,,4.651500040358603e-05,68.0,1461894.0,,False,2026-05-11T00:14:07Z
17-7673593-G-T,not_found,,,,,,,exact_variant_id_not_observed_in_complete_gene_level_public_api_subset,False,2026-05-11T00:14:07Z
17-7673598-G-C,found,,,,1.3681032206517918e-06,2.0,1461878.0,,False,2026-05-11T00:14:07Z
17-7673599-T-C,not_found,,,,,,,exact_variant_id_not_observed_in_complete_gene_level_public_api_subset,False,2026-05-11T00:14:07Z
17-7673608-G-C,found,,,,6.840516103258959e-07,1.0,1461878.0,,False,2026-05-11T00:14:07Z
17-7673713-T-C,found,,,,1.3680919905054415e-06,2.0,1461890.0,,False,2026-05-11T00:14:07Z
17-7673715-C-G,not_found,,,,,,,exact_variant_id_not_observed_in_complete_gene_level_public_api_subset,False,2026-05-11T00:14:07Z
17-7673721-G-A,not_found,,,,,,,exact_variant_id_not_observed_in_complete_gene_level_public_api_subset,False,2026-05-11T00:14:07Z
17-7673728-C-T,found,,,,4.104270356496923e-06,6.0,1461892.0,,False,2026-05-11T00:14:07Z
17-7673733-T-C,not_found,,,,,,,exact_variant_id_not_observed_in_complete_gene_level_public_api_subset,False,2026-05-11T00:14:07Z
17-7673734-G-A,found,,,,1.3680919905054415e-06,2.0,1461890.0,,False,2026-05-11T00:14:07Z
17-7673737-G-A,found,,,,6.840441235821475e-07,1.0,1461894.0,,False,2026-05-11T00:14:07Z
17-7673743-C-A,found,,,,2.804584743606231e-05,41.0,1461892.0,,False,2026-05-11T00:14:07Z
17-7673745-T-C,found,,,,6.573671132380589e-06,1.0,152122.0,,False,2026-05-11T00:14:07Z
17-7673751-C-T,found,,,,0.0002243667794884,328.0,1461892.0,,False,2026-05-11T00:14:07Z
17-7673752-G-A,found,,,,9.576643933538091e-06,14.0,1461890.0,,False,2026-05-11T00:14:07Z
17-7673754-A-G,found,,,,6.840459952527208e-07,1.0,1461890.0,,False,2026-05-11T00:14:07Z
17-7673760-T-C,not_found,,,,,,,exact_variant_id_not_observed_in_complete_gene_level_public_api_subset,False,2026-05-11T00:14:07Z
17-7673763-T-G,not_found,,,,,,,exact_variant_id_not_observed_in_complete_gene_level_public_api_subset,False,2026-05-11T00:14:07Z
17-7673764-C-T,not_found,,,,,,,exact_variant_id_not_observed_in_complete_gene_level_public_api_subset,False,2026-05-11T00:14:07Z
17-7673766-T-A,found,,,,0.0,0.0,1461892.0,,False,2026-05-11T00:14:07Z
17-7673767-C-T,found,,,,6.573066203922806e-06,1.0,152136.0,,False,2026-05-11T00:14:07Z
17-7673769-G-A,found,,,,1.3148898122337348e-05,2.0,152104.0,,False,2026-05-11T00:14:07Z
17-7673773-G-A,found,,,,6.84050674473965e-05,100.0,1461880.0,,False,2026-05-11T00:14:07Z
17-7673775-C-G,not_found,,,,,,,exact_variant_id_not_observed_in_complete_gene_level_public_api_subset,False,2026-05-11T00:14:07Z
17-7673776-G-A,found,,,,0.0,0.0,1461868.0,,False,2026-05-11T00:14:07Z
17-7673776-G-C,not_found,,,,,,,exact_variant_id_not_observed_in_complete_gene_level_public_api_subset,False,2026-05-11T00:14:07Z
17-7673777-G-C,found,,,,0.0,0.0,1461888.0,,False,2026-05-11T00:14:07Z
17-7673778-T-A,not_found,,,,,,,exact_variant_id_not_observed_in_complete_gene_level_public_api_subset,False,2026-05-11T00:14:07Z
17-7673778-T-C,not_found,,,,,,,exact_variant_id_not_observed_in_complete_gene_level_public_api_subset,False,2026-05-11T00:14:07Z
17-7673778-T-G,not_found,,,,,,,exact_variant_id_not_observed_in_complete_gene_level_public_api_subset,False,2026-05-11T00:14:07Z
17-7673779-C-A,not_found,,,,,,,exact_variant_id_not_observed_in_complete_gene_level_public_api_subset,False,2026-05-11T00:14:07Z
17-7673779-C-G,found,,,,6.840450594161539e-07,1.0,1461892.0,,False,2026-05-11T00:14:07Z
17-7673779-C-T,found,,,,0.0,0.0,1461890.0,,False,2026-05-11T00:14:07Z
17-7673780-T-G,not_found,,,,,,,exact_variant_id_not_observed_in_complete_gene_level_public_api_subset,False,2026-05-11T00:14:07Z
17-7673781-C-G,not_found,,,,,,,exact_variant_id_not_observed_in_complete_gene_level_public_api_subset,False,2026-05-11T00:14:07Z
17-7673787-G-A,found,,,,6.840506744739651e-07,1.0,1461880.0,,False,2026-05-11T00:14:07Z
17-7673788-G-A,not_found,,,,,,,exact_variant_id_not_observed_in_complete_gene_level_public_api_subset,False,2026-05-11T00:14:07Z
17-7673788-G-T,not_found,,,,,,,exact_variant_id_not_observed_in_complete_gene_level_public_api_subset,False,2026-05-11T00:14:07Z
17-7673791-A-C,not_found,,,,,,,exact_variant_id_not_observed_in_complete_gene_level_public_api_subset,False,2026-05-11T00:14:07Z
17-7673793-G-C,not_found,,,,,,,exact_variant_id_not_observed_in_complete_gene_level_public_api_subset,False,2026-05-11T00:14:07Z
17-7673796-C-A,not_found,,,,,,,exact_variant_id_not_observed_in_complete_gene_level_public_api_subset,False,2026-05-11T00:14:07Z
17-7673796-C-T,found,,,,1.3681481430809329e-06,2.0,1461830.0,,False,2026-05-11T00:14:07Z
17-7673800-C-T,not_found,,,,,,,exact_variant_id_not_observed_in_complete_gene_level_public_api_subset,False,2026-05-11T00:14:07Z
17-7673802-C-A,found,,,,6.840843667567834e-07,1.0,1461808.0,,False,2026-05-11T00:14:07Z
17-7673802-C-G,found,,,,6.576610940849961e-06,1.0,152054.0,,False,2026-05-11T00:14:07Z
17-7673802-C-T,found,,,,1.0261532251995869e-05,15.0,1461770.0,,False,2026-05-11T00:14:07Z
17-7673803-G-A,found,,,,4.104640980735552e-06,6.0,1461760.0,,False,2026-05-11T00:14:07Z
17-7673803-G-C,found,,,,6.841049581190945e-07,1.0,1461764.0,,False,2026-05-11T00:14:07Z
17-7673803-G-T,found,,,,0.0,0.0,1461762.0,,False,2026-05-11T00:14:07Z
17-7673806-C-A,not_found,,,,,,,exact_variant_id_not_observed_in_complete_gene_level_public_api_subset,False,2026-05-11T00:14:07Z
17-7673806-C-T,found,,,,1.368219276294096e-06,2.0,1461754.0,,False,2026-05-11T00:14:07Z
17-7673808-T-A,found,,,,6.841311671004058e-07,1.0,1461708.0,,False,2026-05-11T00:14:07Z
17-7673811-A-G,not_found,,,,,,,exact_variant_id_not_observed_in_complete_gene_level_public_api_subset,False,2026-05-11T00:14:07Z
17-7673812-A-C,not_found,,,,,,,exact_variant_id_not_observed_in_complete_gene_level_public_api_subset,False,2026-05-11T00:14:07Z
17-7673814-C-A,not_found,,,,,,,exact_variant_id_not_observed_in_complete_gene_level_public_api_subset,False,2026-05-11T00:14:07Z
17-7673815-T-A,not_found,,,,,,,exact_variant_id_not_observed_in_complete_gene_level_public_api_subset,False,2026-05-11T00:14:07Z
17-7673820-C-G,not_found,,,,,,,exact_variant_id_not_observed_in_complete_gene_level_public_api_subset,False,2026-05-11T00:14:07Z
17-7673820-C-T,found,,,,4.106118527217407e-06,6.0,1461234.0,,False,2026-05-11T00:14:07Z
17-7673821-G-A,found,,,,2.053286901672197e-06,3.0,1461072.0,,False,2026-05-11T00:14:07Z
17-7673821-G-C,not_found,,,,,,,exact_variant_id_not_observed_in_complete_gene_level_public_api_subset,False,2026-05-11T00:14:07Z
17-7673823-C-T,found,,,,0.0,0.0,1461062.0,,False,2026-05-11T00:14:07Z
17-7673824-C-T,not_found,,,,,,,exact_variant_id_not_observed_in_complete_gene_level_public_api_subset,False,2026-05-11T00:14:07Z
17-7673826-A-G,found,,,,0.0,0.0,1460918.0,,False,2026-05-11T00:14:07Z
17-7673826-A-T,not_found,,,,,,,exact_variant_id_not_observed_in_complete_gene_level_public_api_subset,False,2026-05-11T00:14:07Z
17-7673832-T-C,not_found,,,,,,,exact_variant_id_not_observed_in_complete_gene_level_public_api_subset,False,2026-05-11T00:14:07Z
17-7673836-C-T,found,,,,2.397920523322175e-05,35.0,1459598.0,,False,2026-05-11T00:14:07Z
17-7674184-G-T,found,,,,2.058095931967581e-06,3.0,1457658.0,,False,2026-05-11T00:14:07Z
17-7674187-T-G,not_found,,,,,,,exact_variant_id_not_observed_in_complete_gene_level_public_api_subset,False,2026-05-11T00:14:07Z
17-7674191-C-T,found,,,,0.0,0.0,1459798.0,,False,2026-05-11T00:14:07Z
17-7674202-A-G,not_found,,,,,,,exact_variant_id_not_observed_in_complete_gene_level_public_api_subset,False,2026-05-11T00:14:07Z
17-7674202-A-T,found,,,,6.845273543976091e-07,1.0,1460862.0,,False,2026-05-11T00:14:07Z
17-7674203-T-C,found,,,,6.845132973553144e-06,10.0,1460892.0,,False,2026-05-11T00:14:07Z
17-7674206-T-C,not_found,,,,,,,exact_variant_id_not_observed_in_complete_gene_level_public_api_subset,False,2026-05-11T00:14:07Z
17-7674212-T-A,not_found,,,,,,,exact_variant_id_not_observed_in_complete_gene_level_public_api_subset,False,2026-05-11T00:14:07Z
17-7674212-T-G,not_found,,,,,,,exact_variant_id_not_observed_in_complete_gene_level_public_api_subset,False,2026-05-11T00:14:07Z
17-7674214-G-A,found,,,,6.841648673130656e-07,1.0,1461636.0,,False,2026-05-11T00:14:07Z
17-7674216-C-A,not_found,,,,,,,exact_variant_id_not_observed_in_complete_gene_level_public_api_subset,False,2026-05-11T00:14:07Z
17-7674217-C-G,found,,,,6.841292949637138e-07,1.0,1461712.0,,False,2026-05-11T00:14:07Z
17-7674220-C-A,not_found,,,,,,,exact_variant_id_not_observed_in_complete_gene_level_public_api_subset,False,2026-05-11T00:14:07Z
17-7674220-C-G,not_found,,,,,,,exact_variant_id_not_observed_in_complete_gene_level_public_api_subset,False,2026-05-11T00:14:07Z
17-7674220-C-T,found,,,,6.157568061652308e-06,9.0,1461616.0,,False,2026-05-11T00:14:07Z
17-7674221-G-A,found,,,,6.157306876069832e-06,9.0,1461678.0,,False,2026-05-11T00:14:07Z
17-7674221-G-C,not_found,,,,,,,exact_variant_id_not_observed_in_complete_gene_level_public_api_subset,False,2026-05-11T00:14:07Z
17-7674225-C-T,found,,,,6.84079687074588e-07,1.0,1461818.0,,False,2026-05-11T00:14:07Z
17-7674226-A-T,not_found,,,,,,,exact_variant_id_not_observed_in_complete_gene_level_public_api_subset,False,2026-05-11T00:14:07Z
17-7674227-T-C,found,,,,6.840834308152222e-07,1.0,1461810.0,,False,2026-05-11T00:14:07Z
17-7674229-C-A,found,,,,6.579293647034054e-06,1.0,151992.0,,False,2026-05-11T00:14:07Z
17-7674229-C-T,found,,,,2.7364759935802278e-06,4.0,1461734.0,,False,2026-05-11T00:14:07Z
17-7674230-C-A,not_found,,,,,,,exact_variant_id_not_observed_in_complete_gene_level_public_api_subset,False,2026-05-11T00:14:07Z
17-7674230-C-T,found,,,,2.7363823930211302e-06,4.0,1461784.0,,False,2026-05-11T00:14:07Z
17-7674232-C-A,found,,,,0.0,0.0,1461820.0,,False,2026-05-11T00:14:07Z
17-7674232-C-G,not_found,,,,,,,exact_variant_id_not_observed_in_complete_gene_level_public_api_subset,False,2026-05-11T00:14:07Z
17-7674232-C-T,found,,,,6.840787511458319e-07,1.0,1461820.0,,False,2026-05-11T00:14:07Z
17-7674233-C-T,found,,,,0.0,0.0,1461826.0,,False,2026-05-11T00:14:07Z
17-7674237-G-C,found,,,,0.0,0.0,1461814.0,,False,2026-05-11T00:14:07Z
17-7674238-C-T,found,,,,6.582758439096319e-06,1.0,151912.0,,False,2026-05-11T00:14:07Z
17-7674241-G-A,found,,,,6.840974702075551e-07,1.0,1461780.0,,False,2026-05-11T00:14:07Z
17-7674241-G-C,found,,,,6.840955982552826e-07,1.0,1461784.0,,False,2026-05-11T00:14:07Z
17-7674241-G-T,found,,,,0.0,0.0,1461786.0,,False,2026-05-11T00:14:07Z
17-7674242-A-C,not_found,,,,,,,exact_variant_id_not_observed_in_complete_gene_level_public_api_subset,False,2026-05-11T00:14:07Z
17-7674242-A-T,found,,,,1.3681462712541523e-06,2.0,1461832.0,,False,2026-05-11T00:14:07Z
17-7674244-C-T,not_found,,,,,,,exact_variant_id_not_observed_in_complete_gene_level_public_api_subset,False,2026-05-11T00:14:07Z
17-7674245-T-A,not_found,,,,,,,exact_variant_id_not_observed_in_complete_gene_level_public_api_subset,False,2026-05-11T00:14:07Z
17-7674245-T-C,not_found,,,,,,,exact_variant_id_not_observed_in_complete_gene_level_public_api_subset,False,2026-05-11T00:14:07Z
17-7674246-G-T,not_found,,,,,,,exact_variant_id_not_observed_in_complete_gene_level_public_api_subset,False,2026-05-11T00:14:07Z
17-7674247-T-C,found,,,,6.840955982552826e-07,1.0,1461784.0,,False,2026-05-11T00:14:07Z
17-7674249-A-C,found,,,,0.0,0.0,1461764.0,,False,2026-05-11T00:14:07Z
17-7674250-C-A,found,,,,6.841377196595183e-07,1.0,1461694.0,,False,2026-05-11T00:14:07Z
17-7674250-C-G,found,,,,6.841377196595183e-07,1.0,1461694.0,,False,2026-05-11T00:14:07Z
17-7674250-C-T,found,,,,2.0524187755269583e-06,3.0,1461690.0,,False,2026-05-11T00:14:07Z
17-7674251-A-C,found,,,,0.0,0.0,1461754.0,,False,2026-05-11T00:14:07Z
17-7674251-A-G,not_found,,,,,,,exact_variant_id_not_observed_in_complete_gene_level_public_api_subset,False,2026-05-11T00:14:07Z
17-7674252-C-T,found,,,,6.841676758139885e-07,1.0,1461630.0,,False,2026-05-11T00:14:07Z
17-7674253-A-T,not_found,,,,,,,exact_variant_id_not_observed_in_complete_gene_level_public_api_subset,False,2026-05-11T00:14:07Z
17-7674256-T-C,found,,,,6.84149889030888e-07,1.0,1461668.0,,False,2026-05-11T00:14:07Z
17-7674257-A-G,not_found,,,,,,,exact_variant_id_not_observed_in_complete_gene_level_public_api_subset,False,2026-05-11T00:14:07Z
17-7674259-T-C,found,,,,0.0002504005725005,366.0,1461658.0,,False,2026-05-11T00:14:07Z
17-7674262-T-C,found,,,,0.0,0.0,1461586.0,,False,2026-05-11T00:14:07Z
17-7674263-A-C,not_found,,,,,,,exact_variant_id_not_observed_in_complete_gene_level_public_api_subset,False,2026-05-11T00:14:07Z
17-7674263-A-G,not_found,,,,,,,exact_variant_id_not_observed_in_complete_gene_level_public_api_subset,False,2026-05-11T00:14:07Z
17-7674263-A-T,not_found,,,,,,,exact_variant_id_not_observed_in_complete_gene_level_public_api_subset,False,2026-05-11T00:14:07Z
17-7674268-A-C,not_found,,,,,,,exact_variant_id_not_observed_in_complete_gene_level_public_api_subset,False,2026-05-11T00:14:07Z
17-7674268-A-G,not_found,,,,,,,exact_variant_id_not_observed_in_complete_gene_level_public_api_subset,False,2026-05-11T00:14:07Z
17-7674268-A-T,not_found,,,,,,,exact_variant_id_not_observed_in_complete_gene_level_public_api_subset,False,2026-05-11T00:14:07Z
17-7674281-C-A,not_found,,,,,,,exact_variant_id_not_observed_in_complete_gene_level_public_api_subset,False,2026-05-11T00:14:07Z
17-7674872-T-C,found,,,,4.788577464133555e-06,7.0,1461812.0,,False,2026-05-11T00:14:07Z
17-7674872-T-G,not_found,,,,,,,exact_variant_id_not_observed_in_complete_gene_level_public_api_subset,False,2026-05-11T00:14:07Z
17-7674873-A-G,found,,,,6.840684560985387e-07,1.0,1461842.0,,False,2026-05-11T00:14:07Z
17-7674878-A-T,not_found,,,,,,,exact_variant_id_not_observed_in_complete_gene_level_public_api_subset,False,2026-05-11T00:14:07Z
17-7674885-C-T,found,,,,6.840525461803874e-07,1.0,1461876.0,,False,2026-05-11T00:14:07Z
17-7674890-T-A,not_found,,,,,,,exact_variant_id_not_observed_in_complete_gene_level_public_api_subset,False,2026-05-11T00:14:07Z
17-7674890-T-C,found,,,,0.0,0.0,152138.0,,False,2026-05-11T00:14:07Z
17-7674892-TCG-CCA,not_found,,,,,,,exact_variant_id_not_observed_in_complete_gene_level_public_api_subset,False,2026-05-11T00:14:07Z
17-7674893-C-G,not_found,,,,,,,exact_variant_id_not_observed_in_complete_gene_level_public_api_subset,False,2026-05-11T00:14:07Z
17-7674893-C-T,found,,,,2.7362064413035835e-06,4.0,1461878.0,,False,2026-05-11T00:14:07Z
17-7674896-A-G,not_found,,,,,,,exact_variant_id_not_observed_in_complete_gene_level_public_api_subset,False,2026-05-11T00:14:07Z
17-7674902-T-C,found,,,,6.840459952527208e-07,1.0,1461890.0,,False,2026-05-11T00:14:07Z
17-7674910-A-C,found,,,,6.840441235821475e-07,1.0,1461894.0,,False,2026-05-11T00:14:07Z
17-7674917-T-C,not_found,,,,,,,exact_variant_id_not_observed_in_complete_gene_level_public_api_subset,False,2026-05-11T00:14:07Z
17-7674918-A-C,found,,,,0.0,0.0,1461890.0,,False,2026-05-11T00:14:07Z
17-7674918-A-G,found,,,,0.0,0.0,1461892.0,,False,2026-05-11T00:14:07Z
17-7674919-C-G,not_found,,,,,,,exact_variant_id_not_observed_in_complete_gene_level_public_api_subset,False,2026-05-11T00:14:07Z
17-7674935-C-A,not_found,,,,,,,exact_variant_id_not_observed_in_complete_gene_level_public_api_subset,False,2026-05-11T00:14:07Z
17-7674942-C-T,found,,,,0.0,0.0,1461890.0,,False,2026-05-11T00:14:07Z
17-7674944-C-G,found,,,,0.0,0.0,1461882.0,,False,2026-05-11T00:14:07Z
17-7674947-A-G,found,,,,1.368095733867073e-06,2.0,1461886.0,,False,2026-05-11T00:14:07Z
17-7674950-A-C,found,,,,6.840450594161539e-07,1.0,1461892.0,,False,2026-05-11T00:14:07Z
17-7674951-G-A,not_found,,,,,,,exact_variant_id_not_observed_in_complete_gene_level_public_api_subset,False,2026-05-11T00:14:07Z
17-7674953-T-C,found,,,,6.840478669335365e-07,1.0,1461886.0,,False,2026-05-11T00:14:07Z
17-7674953-T-G,found,,,,6.571856680949502e-06,1.0,152164.0,,False,2026-05-11T00:14:07Z
17-7674954-G-A,found,,,,0.0,0.0,1461882.0,,False,2026-05-11T00:14:07Z
17-7674954-G-T,not_found,,,,,,,exact_variant_id_not_observed_in_complete_gene_level_public_api_subset,False,2026-05-11T00:14:07Z
17-7674955-C-G,not_found,,,,,,,exact_variant_id_not_observed_in_complete_gene_level_public_api_subset,False,2026-05-11T00:14:07Z
17-7674959-G-C,found,,,,3.4202252970807693e-06,5.0,1461892.0,,False,2026-05-11T00:14:07Z
17-7674962-G-A,found,,,,6.840478669335365e-07,1.0,1461886.0,,False,2026-05-11T00:14:07Z
17-7675054-A-T,found,,,,8.208765319608278e-06,12.0,1461852.0,,False,2026-05-11T00:14:07Z
17-7675056-C-T,found,,,,2.736262593648587e-06,4.0,1461848.0,,False,2026-05-11T00:14:07Z
17-7675057-G-C,not_found,,,,,,,exact_variant_id_not_observed_in_complete_gene_level_public_api_subset,False,2026-05-11T00:14:07Z
17-7675058-C-T,found,,,,6.840590972335282e-06,10.0,1461862.0,,False,2026-05-11T00:14:07Z
17-7675065-A-G,not_found,,,,,,,exact_variant_id_not_observed_in_complete_gene_level_public_api_subset,False,2026-05-11T00:14:07Z
17-7675070-C-G,found,,,,0.0,0.0,1461854.0,,False,2026-05-11T00:14:07Z
17-7675070-C-T,found,,,,1.504940308594851e-05,22.0,1461852.0,,False,2026-05-11T00:14:07Z
17-7675071-G-A,found,,,,1.3681050923607748e-06,2.0,1461876.0,,False,2026-05-11T00:14:07Z
17-7675074-C-T,not_found,,,,,,,exact_variant_id_not_observed_in_complete_gene_level_public_api_subset,False,2026-05-11T00:14:07Z
17-7675075-A-T,found,,,,0.0,0.0,1461884.0,,False,2026-05-11T00:14:07Z
17-7675076-T-C,found,,,,0.0,0.0,1461886.0,,False,2026-05-11T00:14:07Z
17-7675077-G-A,found,,,,6.840497386245948e-07,1.0,1461882.0,,False,2026-05-11T00:14:07Z
17-7675077-G-C,not_found,,,,,,,exact_variant_id_not_observed_in_complete_gene_level_public_api_subset,False,2026-05-11T00:14:07Z
17-7675078-G-C,not_found,,,,,,,exact_variant_id_not_observed_in_complete_gene_level_public_api_subset,False,2026-05-11T00:14:07Z
17-7675080-G-C,found,,,,6.840478669335365e-07,1.0,1461886.0,,False,2026-05-11T00:14:07Z
17-7675082-G-C,found,,,,1.3680994772491897e-06,2.0,1461882.0,,False,2026-05-11T00:14:07Z
17-7675084-GCA-CCG,not_found,,,,,,,exact_variant_id_not_observed_in_complete_gene_level_public_api_subset,False,2026-05-11T00:14:07Z
17-7675085-C-A,found,,,,1.3680976055555708e-06,2.0,1461884.0,,False,2026-05-11T00:14:07Z
17-7675085-C-T,found,,,,0.0,0.0,152236.0,,False,2026-05-11T00:14:07Z
17-7675088-C-A,not_found,,,,,,,exact_variant_id_not_observed_in_complete_gene_level_public_api_subset,False,2026-05-11T00:14:07Z
17-7675088-C-T,found,,,,4.104365813916263e-06,6.0,1461858.0,,False,2026-05-11T00:14:07Z
17-7675089-G-C,found,,,,2.0521492158737845e-06,3.0,1461882.0,,False,2026-05-11T00:14:07Z
17-7675094-A-G,not_found,,,,,,,exact_variant_id_not_observed_in_complete_gene_level_public_api_subset,False,2026-05-11T00:14:07Z
17-7675095-C-A,found,,,,6.840459952527208e-07,1.0,1461890.0,,False,2026-05-11T00:14:07Z
17-7675095-C-T,found,,,,1.3680976055555708e-06,2.0,1461884.0,,False,2026-05-11T00:14:07Z
17-7675099-C-A,not_found,,,,,,,exact_variant_id_not_observed_in_complete_gene_level_public_api_subset,False,2026-05-11T00:14:07Z
17-7675100-T-C,not_found,,,,,,,exact_variant_id_not_observed_in_complete_gene_level_public_api_subset,False,2026-05-11T00:14:07Z
17-7675101-C-T,not_found,,,,,,,exact_variant_id_not_observed_in_complete_gene_level_public_api_subset,False,2026-05-11T00:14:07Z
17-7675103-G-A,found,,,,1.4364985552928816e-05,21.0,1461888.0,,False,2026-05-11T00:14:07Z
17-7675109-T-A,not_found,,,,,,,exact_variant_id_not_observed_in_complete_gene_level_public_api_subset,False,2026-05-11T00:14:07Z
17-7675109-T-G,not_found,,,,,,,exact_variant_id_not_observed_in_complete_gene_level_public_api_subset,False,2026-05-11T00:14:07Z
17-7675116-A-T,not_found,,,,,,,exact_variant_id_not_observed_in_complete_gene_level_public_api_subset,False,2026-05-11T00:14:07Z
17-7675118-T-A,not_found,,,,,,,exact_variant_id_not_observed_in_complete_gene_level_public_api_subset,False,2026-05-11T00:14:07Z
17-7675122-T-C,found,,,,6.840478669335365e-07,1.0,1461886.0,,False,2026-05-11T00:14:07Z
17-7675124-T-C,found,,,,0.0,0.0,1461880.0,,False,2026-05-11T00:14:07Z
17-7675125-A-G,not_found,,,,,,,exact_variant_id_not_observed_in_complete_gene_level_public_api_subset,False,2026-05-11T00:14:07Z
17-7675131-C-T,not_found,,,,,,,exact_variant_id_not_observed_in_complete_gene_level_public_api_subset,False,2026-05-11T00:14:07Z
17-7675132-C-T,found,,,,2.736191467734146e-06,4.0,1461886.0,,False,2026-05-11T00:14:07Z
17-7675136-G-A,not_found,,,,,,,exact_variant_id_not_observed_in_complete_gene_level_public_api_subset,False,2026-05-11T00:14:07Z
17-7675136-G-T,not_found,,,,,,,exact_variant_id_not_observed_in_complete_gene_level_public_api_subset,False,2026-05-11T00:14:07Z
17-7675139-C-A,found,,,,6.840506744739651e-07,1.0,1461880.0,,False,2026-05-11T00:14:07Z
17-7675139-C-G,not_found,,,,,,,exact_variant_id_not_observed_in_complete_gene_level_public_api_subset,False,2026-05-11T00:14:07Z
17-7675139-C-T,found,,,,4.104320892224638e-06,6.0,1461874.0,,False,2026-05-11T00:14:07Z
17-7675140-G-C,found,,,,6.840478669335365e-07,1.0,1461886.0,,False,2026-05-11T00:14:07Z
17-7675140-G-T,not_found,,,,,,,exact_variant_id_not_observed_in_complete_gene_level_public_api_subset,False,2026-05-11T00:14:07Z
17-7675142-A-C,not_found,,,,,,,exact_variant_id_not_observed_in_complete_gene_level_public_api_subset,False,2026-05-11T00:14:07Z
17-7675143-C-A,found,,,,0.0,0.0,1461880.0,,False,2026-05-11T00:14:07Z
17-7675143-C-T,found,,,,1.5049073661111278e-05,22.0,1461884.0,,False,2026-05-11T00:14:07Z
17-7675145-C-G,not_found,,,,,,,exact_variant_id_not_observed_in_complete_gene_level_public_api_subset,False,2026-05-11T00:14:07Z
17-7675148-G-T,found,,,,0.0,0.0,1461882.0,,False,2026-05-11T00:14:07Z
17-7675157-G-A,found,,,,1.3681181944670563e-06,2.0,1461862.0,,False,2026-05-11T00:14:07Z
17-7675157-G-C,not_found,,,,,,,exact_variant_id_not_observed_in_complete_gene_level_public_api_subset,False,2026-05-11T00:14:07Z
17-7675160-G-C,not_found,,,,,,,exact_variant_id_not_observed_in_complete_gene_level_public_api_subset,False,2026-05-11T00:14:07Z
17-7675160-GG-AA,not_found,,,,,,,exact_variant_id_not_observed_in_complete_gene_level_public_api_subset,False,2026-05-11T00:14:07Z
17-7675161-G-A,not_found,,,,,,,exact_variant_id_not_observed_in_complete_gene_level_public_api_subset,False,2026-05-11T00:14:07Z
17-7675161-G-C,not_found,,,,,,,exact_variant_id_not_observed_in_complete_gene_level_public_api_subset,False,2026-05-11T00:14:07Z
17-7675161-G-T,found,,,,0.0,0.0,1461882.0,,False,2026-05-11T00:14:07Z
17-7675172-A-C,not_found,,,,,,,exact_variant_id_not_observed_in_complete_gene_level_public_api_subset,False,2026-05-11T00:14:07Z
17-7675184-A-G,not_found,,,,,,,exact_variant_id_not_observed_in_complete_gene_level_public_api_subset,False,2026-05-11T00:14:07Z
17-7675185-C-T,found,,,,2.0521632536911577e-06,3.0,1461872.0,,False,2026-05-11T00:14:07Z
17-7675189-G-C,not_found,,,,,,,exact_variant_id_not_observed_in_complete_gene_level_public_api_subset,False,2026-05-11T00:14:07Z
17-7675190-C-T,found,,,,2.0521492158737845e-06,3.0,1461882.0,,False,2026-05-11T00:14:07Z
17-7675199-G-A,found,,,,0.0,0.0,152176.0,,False,2026-05-11T00:14:07Z
17-7675200-C-G,not_found,,,,,,,exact_variant_id_not_observed_in_complete_gene_level_public_api_subset,False,2026-05-11T00:14:07Z
17-7675208-C-A,not_found,,,,,,,exact_variant_id_not_observed_in_complete_gene_level_public_api_subset,False,2026-05-11T00:14:07Z
17-7675208-C-G,not_found,,,,,,,exact_variant_id_not_observed_in_complete_gene_level_public_api_subset,False,2026-05-11T00:14:07Z
17-7675209-A-C,not_found,,,,,,,exact_variant_id_not_observed_in_complete_gene_level_public_api_subset,False,2026-05-11T00:14:07Z
17-7675209-A-G,not_found,,,,,,,exact_variant_id_not_observed_in_complete_gene_level_public_api_subset,False,2026-05-11T00:14:07Z
17-7675211-A-C,found,,,,1.3681481430809329e-06,2.0,1461830.0,,False,2026-05-11T00:14:07Z
17-7675214-A-G,not_found,,,,,,,exact_variant_id_not_observed_in_complete_gene_level_public_api_subset,False,2026-05-11T00:14:07Z
17-7675216-C-G,not_found,,,,,,,exact_variant_id_not_observed_in_complete_gene_level_public_api_subset,False,2026-05-11T00:14:07Z
17-7675217-T-C,found,,,,6.577562618396127e-06,1.0,152032.0,,False,2026-05-11T00:14:07Z
17-7675220-T-A,not_found,,,,,,,exact_variant_id_not_observed_in_complete_gene_level_public_api_subset,False,2026-05-11T00:14:07Z
17-7675221-T-G,not_found,,,,,,,exact_variant_id_not_observed_in_complete_gene_level_public_api_subset,False,2026-05-11T00:14:07Z
17-7675223-A-G,not_found,,,,,,,exact_variant_id_not_observed_in_complete_gene_level_public_api_subset,False,2026-05-11T00:14:07Z
17-7675223-A-T,not_found,,,,,,,exact_variant_id_not_observed_in_complete_gene_level_public_api_subset,False,2026-05-11T00:14:07Z
17-7675226-G-T,not_found,,,,,,,exact_variant_id_not_observed_in_complete_gene_level_public_api_subset,False,2026-05-11T00:14:07Z
17-7675232-G-A,not_found,,,,,,,exact_variant_id_not_observed_in_complete_gene_level_public_api_subset,False,2026-05-11T00:14:07Z
17-7675232-G-C,not_found,,,,,,,exact_variant_id_not_observed_in_complete_gene_level_public_api_subset,False,2026-05-11T00:14:07Z
17-7675232-G-T,not_found,,,,,,,exact_variant_id_not_observed_in_complete_gene_level_public_api_subset,False,2026-05-11T00:14:07Z
17-7675233-A-G,not_found,,,,,,,exact_variant_id_not_observed_in_complete_gene_level_public_api_subset,False,2026-05-11T00:14:07Z
17-7675233-A-T,not_found,,,,,,,exact_variant_id_not_observed_in_complete_gene_level_public_api_subset,False,2026-05-11T00:14:07Z
17-7675995-G-C,not_found,,,,,,,exact_variant_id_not_observed_in_complete_gene_level_public_api_subset,False,2026-05-11T00:14:07Z
17-7675995-G-T,not_found,,,,,,,exact_variant_id_not_observed_in_complete_gene_level_public_api_subset,False,2026-05-11T00:14:07Z
17-7675997-G-C,not_found,,,,,,,exact_variant_id_not_observed_in_complete_gene_level_public_api_subset,False,2026-05-11T00:14:07Z
17-7675999-A-G,not_found,,,,,,,exact_variant_id_not_observed_in_complete_gene_level_public_api_subset,False,2026-05-11T00:14:07Z
17-7675999-A-T,found,,,,1.3698967919756925e-06,2.0,1459964.0,,False,2026-05-11T00:14:07Z
17-7676005-C-T,found,,,,1.3698967919756925e-06,2.0,1459964.0,,False,2026-05-11T00:14:07Z
17-7676016-G-A,found,,,,6.569870573549701e-06,1.0,152210.0,,False,2026-05-11T00:14:07Z
17-7676025-T-C,found,,,,3.4246059305955666e-06,5.0,1460022.0,,False,2026-05-11T00:14:07Z
17-7676031-A-C,found,,,,0.0,0.0,1460046.0,,False,2026-05-11T00:14:07Z
17-7676032-A-G,not_found,,,,,,,exact_variant_id_not_observed_in_complete_gene_level_public_api_subset,False,2026-05-11T00:14:07Z
17-7676032-A-T,not_found,,,,,,,exact_variant_id_not_observed_in_complete_gene_level_public_api_subset,False,2026-05-11T00:14:07Z
17-7676037-A-C,not_found,,,,,,,exact_variant_id_not_observed_in_complete_gene_level_public_api_subset,False,2026-05-11T00:14:07Z
17-7676037-A-G,not_found,,,,,,,exact_variant_id_not_observed_in_complete_gene_level_public_api_subset,False,2026-05-11T00:14:07Z
17-7676037-A-T,not_found,,,,,,,exact_variant_id_not_observed_in_complete_gene_level_public_api_subset,False,2026-05-11T00:14:07Z
17-7676038-G-C,not_found,,,,,,,exact_variant_id_not_observed_in_complete_gene_level_public_api_subset,False,2026-05-11T00:14:07Z
17-7676040-C-A,found,,,,6.848911639451375e-07,1.0,1460086.0,,False,2026-05-11T00:14:07Z
17-7676040-C-G,not_found,,,,,,,exact_variant_id_not_observed_in_complete_gene_level_public_api_subset,False,2026-05-11T00:14:07Z
17-7676040-C-T,found,,,,6.300990077310409e-05,92.0,1460088.0,,False,2026-05-11T00:14:07Z
17-7676041-G-C,not_found,,,,,,,exact_variant_id_not_observed_in_complete_gene_level_public_api_subset,False,2026-05-11T00:14:07Z
17-7676043-A-C,not_found,,,,,,,exact_variant_id_not_observed_in_complete_gene_level_public_api_subset,False,2026-05-11T00:14:07Z
17-7676044-A-T,not_found,,,,,,,exact_variant_id_not_observed_in_complete_gene_level_public_api_subset,False,2026-05-11T00:14:07Z
17-7676047-C-T,found,,,,6.1637587422644825e-06,9.0,1460148.0,,False,2026-05-11T00:14:07Z
17-7676050-A-G,found,,,,3.355718486721627e-05,49.0,1460194.0,,False,2026-05-11T00:14:07Z
17-7676051-G-C,not_found,,,,,,,exact_variant_id_not_observed_in_complete_gene_level_public_api_subset,False,2026-05-11T00:14:07Z
17-7676056-C-G,not_found,,,,,,,exact_variant_id_not_observed_in_complete_gene_level_public_api_subset,False,2026-05-11T00:14:07Z
17-7676056-C-T,not_found,,,,,,,exact_variant_id_not_observed_in_complete_gene_level_public_api_subset,False,2026-05-11T00:14:07Z
17-7676086-A-T,not_found,,,,,,,exact_variant_id_not_observed_in_complete_gene_level_public_api_subset,False,2026-05-11T00:14:07Z
17-7676088-G-A,not_found,,,,,,,exact_variant_id_not_observed_in_complete_gene_level_public_api_subset,False,2026-05-11T00:14:07Z
17-7676089-A-C,not_found,,,,,,,exact_variant_id_not_observed_in_complete_gene_level_public_api_subset,False,2026-05-11T00:14:07Z
17-7676119-C-T,found,,,,3.423353846069579e-06,5.0,1460556.0,,False,2026-05-11T00:14:07Z
17-7676122-C-G,not_found,,,,,,,exact_variant_id_not_observed_in_complete_gene_level_public_api_subset,False,2026-05-11T00:14:07Z
17-7676124-G-A,found,,,,1.0953697352080586e-05,16.0,1460694.0,,False,2026-05-11T00:14:07Z
17-7676133-G-A,not_found,,,,,,,exact_variant_id_not_observed_in_complete_gene_level_public_api_subset,False,2026-05-11T00:14:07Z
17-7676142-G-C,not_found,,,,,,,exact_variant_id_not_observed_in_complete_gene_level_public_api_subset,False,2026-05-11T00:14:07Z
17-7676146-G-A,found,,,,6.844542640816198e-07,1.0,1461018.0,,False,2026-05-11T00:14:07Z
17-7676148-G-A,found,,,,6.844552010381817e-06,10.0,1461016.0,,False,2026-05-11T00:14:07Z
17-7676151-A-T,not_found,,,,,,,exact_variant_id_not_observed_in_complete_gene_level_public_api_subset,False,2026-05-11T00:14:07Z
17-7676152-C-T,found,,,,2.6009084014816965e-05,38.0,1461028.0,,False,2026-05-11T00:14:07Z
17-7676154-G-C,found,,,,0.7163184765845761,1046941.0,1461558.0,,False,2026-05-11T00:14:07Z
17-7676154-G-T,found,,,,9.578740669280296e-06,14.0,1461570.0,,False,2026-05-11T00:14:07Z
17-7676155-G-C,found,,,,6.157846122267456e-06,9.0,1461550.0,,False,2026-05-11T00:14:07Z
17-7676173-T-C,found,,,,6.575659538651727e-06,1.0,152076.0,,False,2026-05-11T00:14:07Z
17-7676181-G-A,found,,,,1.3681462712541523e-06,2.0,1461832.0,,False,2026-05-11T00:14:07Z
17-7676181-G-C,found,,,,1.231331644128737e-05,18.0,1461832.0,,False,2026-05-11T00:14:07Z
17-7676182-C-T,not_found,,,,,,,exact_variant_id_not_observed_in_complete_gene_level_public_api_subset,False,2026-05-11T00:14:07Z
17-7676184-T-C,not_found,,,,,,,exact_variant_id_not_observed_in_complete_gene_level_public_api_subset,False,2026-05-11T00:14:07Z
17-7676193-C-T,not_found,,,,,,,exact_variant_id_not_observed_in_complete_gene_level_public_api_subset,False,2026-05-11T00:14:07Z
17-7676197-G-C,not_found,,,,,,,exact_variant_id_not_observed_in_complete_gene_level_public_api_subset,False,2026-05-11T00:14:07Z
17-7676199-T-A,not_found,,,,,,,exact_variant_id_not_observed_in_complete_gene_level_public_api_subset,False,2026-05-11T00:14:07Z
17-7676220-A-G,found,,,,6.840497386245948e-07,1.0,1461882.0,,False,2026-05-11T00:14:07Z
17-7676224-C-G,found,,,,3.146633102580239e-05,46.0,1461880.0,,False,2026-05-11T00:14:07Z
17-7676224-C-T,found,,,,1.2996962815005336e-05,19.0,1461880.0,,False,2026-05-11T00:14:07Z
17-7676225-G-T,found,,,,1.36810134894793e-06,2.0,1461880.0,,False,2026-05-11T00:14:07Z
17-7676226-T-C,not_found,,,,,,,exact_variant_id_not_observed_in_complete_gene_level_public_api_subset,False,2026-05-11T00:14:07Z
17-7676230-G-A,found,,,,0.0004829391154689,706.0,1461882.0,,False,2026-05-11T00:14:07Z
17-7676262-G-T,not_found,,,,,,,exact_variant_id_not_observed_in_complete_gene_level_public_api_subset,False,2026-05-11T00:14:07Z
17-7676264-C-G,found,,,,1.026073204166678e-05,15.0,1461884.0,,False,2026-05-11T00:14:07Z
17-7676384-G-C,not_found,,,,,,,exact_variant_id_not_observed_in_complete_gene_level_public_api_subset,False,2026-05-11T00:14:07Z
17-7676393-T-C,found,,,,6.841339753246558e-07,1.0,1461702.0,,False,2026-05-11T00:14:07Z
17-7676533-T-G,not_found,,,,,,,exact_variant_id_not_observed_in_complete_gene_level_public_api_subset,False,2026-05-11T00:14:07Z
17-7676567-C-G,not_found,,,,,,,exact_variant_id_not_observed_in_complete_gene_level_public_api_subset,False,2026-05-11T00:14:07Z
17-7676567-C-T,found,,,,1.9838148074673527e-05,29.0,1461830.0,,False,2026-05-11T00:14:07Z
17-7676572-G-A,not_found,,,,,,,exact_variant_id_not_observed_in_complete_gene_level_public_api_subset,False,2026-05-11T00:14:07Z
17-7676572-G-C,not_found,,,,,,,exact_variant_id_not_observed_in_complete_gene_level_public_api_subset,False,2026-05-11T00:14:07Z
17-7676574-A-T,found,,,,1.3681462712541523e-06,2.0,1461832.0,,False,2026-05-11T00:14:07Z
17-7676584-G-A,found,,,,6.840974702075551e-07,1.0,1461780.0,,False,2026-05-11T00:14:07Z
17-7676584-G-T,not_found,,,,,,,exact_variant_id_not_observed_in_complete_gene_level_public_api_subset,False,2026-05-11T00:14:07Z
2-47403195-G-A,found,,,,0.0001697934064715,245.0,1442930.0,,False,2026-05-11T00:14:07Z
2-47403198-G-T,found,,,,1.3854042124600483e-06,2.0,1443622.0,,False,2026-05-11T00:14:07Z
2-47403203-G-T,found,,,,1.3838436256702993e-06,2.0,1445250.0,,False,2026-05-11T00:14:07Z
2-47403212-G-C,not_found,,,,,,,exact_variant_id_not_observed_in_complete_gene_level_public_api_subset,False,2026-05-11T00:14:07Z
2-47403214-C-T,found,,,,0.0009795225898079,1418.0,1447644.0,,False,2026-05-11T00:14:07Z
2-47403231-G-C,not_found,,,,,,,exact_variant_id_not_observed_in_complete_gene_level_public_api_subset,False,2026-05-11T00:14:07Z
2-47403234-G-C,not_found,,,,,,,exact_variant_id_not_observed_in_complete_gene_level_public_api_subset,False,2026-05-11T00:14:07Z
2-47403243-G-A,not_found,,,,,,,exact_variant_id_not_observed_in_complete_gene_level_public_api_subset,False,2026-05-11T00:14:07Z
2-47403243-G-C,not_found,,,,,,,exact_variant_id_not_observed_in_complete_gene_level_public_api_subset,False,2026-05-11T00:14:07Z
2-47403244-G-C,not_found,,,,,,,exact_variant_id_not_observed_in_complete_gene_level_public_api_subset,False,2026-05-11T00:14:07Z
2-47403248-C-A,not_found,,,,,,,exact_variant_id_not_observed_in_complete_gene_level_public_api_subset,False,2026-05-11T00:14:07Z
2-47403252-C-G,not_found,,,,,,,exact_variant_id_not_observed_in_complete_gene_level_public_api_subset,False,2026-05-11T00:14:07Z
2-47403262-A-C,not_found,,,,,,,exact_variant_id_not_observed_in_complete_gene_level_public_api_subset,False,2026-05-11T00:14:07Z
2-47403274-A-C,not_found,,,,,,,exact_variant_id_not_observed_in_complete_gene_level_public_api_subset,False,2026-05-11T00:14:07Z
2-47403277-A-G,not_found,,,,,,,exact_variant_id_not_observed_in_complete_gene_level_public_api_subset,False,2026-05-11T00:14:07Z
2-47403282-A-C,found,,,,6.904694501791768e-07,1.0,1448290.0,,False,2026-05-11T00:14:07Z
2-47403283-C-T,found,,,,4.142387672254288e-06,6.0,1448440.0,,False,2026-05-11T00:14:07Z
2-47403291-G-C,not_found,,,,,,,exact_variant_id_not_observed_in_complete_gene_level_public_api_subset,False,2026-05-11T00:14:07Z
2-47403295-G-T,found,,,,1.3794663672305005e-06,2.0,1449836.0,,False,2026-05-11T00:14:07Z
2-47403325-C-T,found,,,,4.127143535173581e-06,6.0,1453790.0,,False,2026-05-11T00:14:07Z
2-47403329-C-G,found,,,,0.0004649166726271,676.0,1454024.0,,False,2026-05-11T00:14:07Z
2-47403330-G-C,found,,,,4.125520331251779e-06,6.0,1454362.0,,False,2026-05-11T00:14:07Z
2-47403333-G-C,not_found,,,,,,,exact_variant_id_not_observed_in_complete_gene_level_public_api_subset,False,2026-05-11T00:14:07Z
2-47403343-T-C,not_found,,,,,,,exact_variant_id_not_observed_in_complete_gene_level_public_api_subset,False,2026-05-11T00:14:07Z
2-47403355-G-A,found,,,,1.1675888329056754e-05,17.0,1455992.0,,False,2026-05-11T00:14:07Z
2-47403358-A-G,not_found,,,,,,,exact_variant_id_not_observed_in_complete_gene_level_public_api_subset,False,2026-05-11T00:14:07Z
2-47403361-T-C,not_found,,,,,,,exact_variant_id_not_observed_in_complete_gene_level_public_api_subset,False,2026-05-11T00:14:07Z
2-47403363-T-C,found,,,,6.867499831746254e-07,1.0,1456134.0,,False,2026-05-11T00:14:07Z
2-47403369-A-T,not_found,,,,,,,exact_variant_id_not_observed_in_complete_gene_level_public_api_subset,False,2026-05-11T00:14:07Z
2-47403372-C-A,found,,,,0.0,0.0,1454784.0,,False,2026-05-11T00:14:07Z
2-47403373-A-G,found,,,,1.3748217887256364e-06,2.0,1454734.0,,False,2026-05-11T00:14:07Z
2-47403376-G-T,found,,,,0.0,0.0,1454084.0,,False,2026-05-11T00:14:07Z
2-47403384-A-G,found,,,,2.0659193547720672e-06,3.0,1452138.0,,False,2026-05-11T00:14:07Z
2-47403387-T-C,not_found,,,,,,,exact_variant_id_not_observed_in_complete_gene_level_public_api_subset,False,2026-05-11T00:14:07Z
2-47403388-A-G,not_found,,,,,,,exact_variant_id_not_observed_in_complete_gene_level_public_api_subset,False,2026-05-11T00:14:07Z
2-47403390-A-T,found,,,,6.901130267115148e-07,1.0,1449038.0,,False,2026-05-11T00:14:07Z
2-47403402-G-C,not_found,,,,,,,exact_variant_id_not_observed_in_complete_gene_level_public_api_subset,False,2026-05-11T00:14:07Z
2-47408406-A-C,not_found,,,,,,,exact_variant_id_not_observed_in_complete_gene_level_public_api_subset,False,2026-05-11T00:14:07Z
2-47408415-C-G,found,,,,6.851483140555436e-07,1.0,1459538.0,,False,2026-05-11T00:14:07Z
2-47408417-G-C,found,,,,6.849361981931384e-07,1.0,1459990.0,,False,2026-05-11T00:14:07Z
2-47408442-T-G,not_found,,,,,,,exact_variant_id_not_observed_in_complete_gene_level_public_api_subset,False,2026-05-11T00:14:07Z
2-47408445-G-C,found,,,,6.855344014873354e-07,1.0,1458716.0,,False,2026-05-11T00:14:07Z
2-47408460-G-C,not_found,,,,,,,exact_variant_id_not_observed_in_complete_gene_level_public_api_subset,False,2026-05-11T00:14:07Z
2-47408466-C-T,found,,,,6.847889206630948e-07,1.0,1460304.0,,False,2026-05-11T00:14:07Z
2-47408472-G-C,found,,,,6.848020511191035e-07,1.0,1460276.0,,False,2026-05-11T00:14:07Z
2-47408476-G-A,found,,,,2.807765320126336e-05,41.0,1460236.0,,False,2026-05-11T00:14:07Z
2-47408485-G-T,not_found,,,,,,,exact_variant_id_not_observed_in_complete_gene_level_public_api_subset,False,2026-05-11T00:14:07Z
2-47408493-G-A,found,,,,3.903264772829991e-05,57.0,1460316.0,,False,2026-05-11T00:14:07Z
2-47408499-A-G,found,,,,6.849099274954351e-07,1.0,1460046.0,,False,2026-05-11T00:14:07Z
2-47408501-G-T,found,,,,3.424990649775526e-06,5.0,1459858.0,,False,2026-05-11T00:14:07Z
2-47408505-A-G,found,,,,6.849643476057071e-07,1.0,1459930.0,,False,2026-05-11T00:14:07Z
2-47408506-G-A,found,,,,0.0001986510905944,290.0,1459846.0,,False,2026-05-11T00:14:07Z
2-47408514-A-C,not_found,,,,,,,exact_variant_id_not_observed_in_complete_gene_level_public_api_subset,False,2026-05-11T00:14:07Z
2-47408514-A-G,not_found,,,,,,,exact_variant_id_not_observed_in_complete_gene_level_public_api_subset,False,2026-05-11T00:14:07Z
2-47408533-A-G,not_found,,,,,,,exact_variant_id_not_observed_in_complete_gene_level_public_api_subset,False,2026-05-11T00:14:07Z
2-47408534-T-G,found,,,,4.804043082658365e-06,7.0,1457106.0,,False,2026-05-11T00:14:07Z
2-47408547-G-T,not_found,,,,,,,exact_variant_id_not_observed_in_complete_gene_level_public_api_subset,False,2026-05-11T00:14:07Z
2-47408554-A-C,not_found,,,,,,,exact_variant_id_not_observed_in_complete_gene_level_public_api_subset,False,2026-05-11T00:14:07Z
2-47410100-C-T,found,,,,1.3687099224625828e-06,2.0,1461230.0,,False,2026-05-11T00:14:07Z
2-47410107-A-G,found,,,,0.0024176043750906,3533.0,1461364.0,,False,2026-05-11T00:14:07Z
2-47410109-C-A,found,,,,0.0,0.0,1461366.0,,False,2026-05-11T00:14:07Z
2-47410110-T-C,not_found,,,,,,,exact_variant_id_not_observed_in_complete_gene_level_public_api_subset,False,2026-05-11T00:14:07Z
2-47410112-T-C,found,,,,6.841817186644772e-07,1.0,1461600.0,,False,2026-05-11T00:14:07Z
2-47410119-T-A,not_found,,,,,,,exact_variant_id_not_observed_in_complete_gene_level_public_api_subset,False,2026-05-11T00:14:07Z
2-47410124-G-C,not_found,,,,,,,exact_variant_id_not_observed_in_complete_gene_level_public_api_subset,False,2026-05-11T00:14:07Z
2-47410160-A-T,not_found,,,,,,,exact_variant_id_not_observed_in_complete_gene_level_public_api_subset,False,2026-05-11T00:14:07Z
2-47410172-G-C,not_found,,,,,,,exact_variant_id_not_observed_in_complete_gene_level_public_api_subset,False,2026-05-11T00:14:07Z
2-47410184-T-G,not_found,,,,,,,exact_variant_id_not_observed_in_complete_gene_level_public_api_subset,False,2026-05-11T00:14:07Z
2-47410187-G-C,found,,,,1.3681050923607748e-06,2.0,1461876.0,,False,2026-05-11T00:14:07Z
2-47410209-T-A,not_found,,,,,,,exact_variant_id_not_observed_in_complete_gene_level_public_api_subset,False,2026-05-11T00:14:07Z
2-47410211-G-A,found,,,,6.840488027777854e-07,1.0,1461884.0,,False,2026-05-11T00:14:07Z
2-47410215-T-A,not_found,,,,,,,exact_variant_id_not_observed_in_complete_gene_level_public_api_subset,False,2026-05-11T00:14:07Z
2-47410215-T-G,found,,,,2.0521436008006096e-06,3.0,1461886.0,,False,2026-05-11T00:14:07Z
2-47410217-G-A,not_found,,,,,,,exact_variant_id_not_observed_in_complete_gene_level_public_api_subset,False,2026-05-11T00:14:07Z
2-47410217-G-T,not_found,,,,,,,exact_variant_id_not_observed_in_complete_gene_level_public_api_subset,False,2026-05-11T00:14:07Z
2-47410218-G-A,not_found,,,,,,,exact_variant_id_not_observed_in_complete_gene_level_public_api_subset,False,2026-05-11T00:14:07Z
2-47410220-T-G,not_found,,,,,,,exact_variant_id_not_observed_in_complete_gene_level_public_api_subset,False,2026-05-11T00:14:07Z
2-47410226-G-C,found,,,,0.0001012392228111,148.0,1461884.0,,False,2026-05-11T00:14:07Z
2-47410232-A-G,found,,,,0.0001491226390055,218.0,1461884.0,,False,2026-05-11T00:14:07Z
2-47410243-A-T,not_found,,,,,,,exact_variant_id_not_observed_in_complete_gene_level_public_api_subset,False,2026-05-11T00:14:07Z
2-47410245-T-C,found,,,,6.840506744739651e-07,1.0,1461880.0,,False,2026-05-11T00:14:07Z
2-47410245-T-G,not_found,,,,,,,exact_variant_id_not_observed_in_complete_gene_level_public_api_subset,False,2026-05-11T00:14:07Z
2-47410251-T-C,not_found,,,,,,,exact_variant_id_not_observed_in_complete_gene_level_public_api_subset,False,2026-05-11T00:14:07Z
2-47410280-T-C,not_found,,,,,,,exact_variant_id_not_observed_in_complete_gene_level_public_api_subset,False,2026-05-11T00:14:07Z
2-47410287-T-A,not_found,,,,,,,exact_variant_id_not_observed_in_complete_gene_level_public_api_subset,False,2026-05-11T00:14:07Z
2-47410287-T-C,not_found,,,,,,,exact_variant_id_not_observed_in_complete_gene_level_public_api_subset,False,2026-05-11T00:14:07Z
2-47410287-T-G,not_found,,,,,,,exact_variant_id_not_observed_in_complete_gene_level_public_api_subset,False,2026-05-11T00:14:07Z
2-47410293-C-T,not_found,,,,,,,exact_variant_id_not_observed_in_complete_gene_level_public_api_subset,False,2026-05-11T00:14:07Z
2-47410296-T-C,not_found,,,,,,,exact_variant_id_not_observed_in_complete_gene_level_public_api_subset,False,2026-05-11T00:14:07Z
2-47410299-T-G,not_found,,,,,,,exact_variant_id_not_observed_in_complete_gene_level_public_api_subset,False,2026-05-11T00:14:07Z
2-47410304-C-A,not_found,,,,,,,exact_variant_id_not_observed_in_complete_gene_level_public_api_subset,False,2026-05-11T00:14:07Z
2-47410305-A-G,not_found,,,,,,,exact_variant_id_not_observed_in_complete_gene_level_public_api_subset,False,2026-05-11T00:14:07Z
2-47410308-T-A,not_found,,,,,,,exact_variant_id_not_observed_in_complete_gene_level_public_api_subset,False,2026-05-11T00:14:07Z
2-47410310-G-C,not_found,,,,,,,exact_variant_id_not_observed_in_complete_gene_level_public_api_subset,False,2026-05-11T00:14:07Z
2-47410320-A-C,not_found,,,,,,,exact_variant_id_not_observed_in_complete_gene_level_public_api_subset,False,2026-05-11T00:14:07Z
2-47410320-A-G,not_found,,,,,,,exact_variant_id_not_observed_in_complete_gene_level_public_api_subset,False,2026-05-11T00:14:07Z
2-47410322-T-C,not_found,,,,,,,exact_variant_id_not_observed_in_complete_gene_level_public_api_subset,False,2026-05-11T00:14:07Z
2-47410323-G-A,not_found,,,,,,,exact_variant_id_not_observed_in_complete_gene_level_public_api_subset,False,2026-05-11T00:14:07Z
2-47410324-T-G,not_found,,,,,,,exact_variant_id_not_observed_in_complete_gene_level_public_api_subset,False,2026-05-11T00:14:07Z
2-47410326-T-A,found,,,,6.840693919991244e-07,1.0,1461840.0,,False,2026-05-11T00:14:07Z
2-47410342-G-T,not_found,,,,,,,exact_variant_id_not_observed_in_complete_gene_level_public_api_subset,False,2026-05-11T00:14:07Z
2-47410347-C-T,found,,,,2.0523598033018364e-06,3.0,1461732.0,,False,2026-05-11T00:14:07Z
2-47410357-G-A,found,,,,6.841714205177535e-06,10.0,1461622.0,,False,2026-05-11T00:14:07Z
2-47410362-A-G,not_found,,,,,,,exact_variant_id_not_observed_in_complete_gene_level_public_api_subset,False,2026-05-11T00:14:07Z
2-47412417-A-G,found,,,,0.0,0.0,1448764.0,,False,2026-05-11T00:14:07Z
2-47412432-A-T,found,,,,6.872058758851211e-07,1.0,1455168.0,,False,2026-05-11T00:14:07Z
2-47412444-G-A,not_found,,,,,,,exact_variant_id_not_observed_in_complete_gene_level_public_api_subset,False,2026-05-11T00:14:07Z
2-47412448-G-T,not_found,,,,,,,exact_variant_id_not_observed_in_complete_gene_level_public_api_subset,False,2026-05-11T00:14:07Z
2-47412469-C-A,not_found,,,,,,,exact_variant_id_not_observed_in_complete_gene_level_public_api_subset,False,2026-05-11T00:14:07Z
2-47412477-A-T,not_found,,,,,,,exact_variant_id_not_observed_in_complete_gene_level_public_api_subset,False,2026-05-11T00:14:07Z
2-47412485-G-T,not_found,,,,,,,exact_variant_id_not_observed_in_complete_gene_level_public_api_subset,False,2026-05-11T00:14:07Z
2-47412489-C-G,found,,,,1.3705069642311389e-06,2.0,1459314.0,,False,2026-05-11T00:14:07Z
2-47412508-G-C,not_found,,,,,,,exact_variant_id_not_observed_in_complete_gene_level_public_api_subset,False,2026-05-11T00:14:07Z
2-47412513-A-G,not_found,,,,,,,exact_variant_id_not_observed_in_complete_gene_level_public_api_subset,False,2026-05-11T00:14:07Z
2-47412523-A-T,not_found,,,,,,,exact_variant_id_not_observed_in_complete_gene_level_public_api_subset,False,2026-05-11T00:14:07Z
2-47412525-A-T,not_found,,,,,,,exact_variant_id_not_observed_in_complete_gene_level_public_api_subset,False,2026-05-11T00:14:07Z
2-47412527-G-C,not_found,,,,,,,exact_variant_id_not_observed_in_complete_gene_level_public_api_subset,False,2026-05-11T00:14:07Z
2-47412535-C-G,found,,,,1.372163737554475e-06,2.0,1457552.0,,False,2026-05-11T00:14:07Z
2-47414275-G-A,not_found,,,,,,,exact_variant_id_not_observed_in_complete_gene_level_public_api_subset,False,2026-05-11T00:14:07Z
2-47414275-G-C,not_found,,,,,,,exact_variant_id_not_observed_in_complete_gene_level_public_api_subset,False,2026-05-11T00:14:07Z
2-47414276-T-C,not_found,,,,,,,exact_variant_id_not_observed_in_complete_gene_level_public_api_subset,False,2026-05-11T00:14:07Z
2-47414285-T-C,not_found,,,,,,,exact_variant_id_not_observed_in_complete_gene_level_public_api_subset,False,2026-05-11T00:14:07Z
2-47414285-T-G,not_found,,,,,,,exact_variant_id_not_observed_in_complete_gene_level_public_api_subset,False,2026-05-11T00:14:07Z
2-47414288-C-T,not_found,,,,,,,exact_variant_id_not_observed_in_complete_gene_level_public_api_subset,False,2026-05-11T00:14:07Z
2-47414291-C-T,found,,,,0.0002511795858753,367.0,1461106.0,,False,2026-05-11T00:14:07Z
2-47414315-T-C,not_found,,,,,,,exact_variant_id_not_observed_in_complete_gene_level_public_api_subset,False,2026-05-11T00:14:07Z
2-47414318-C-T,found,,,,2.0549296392091537e-06,3.0,1459904.0,,False,2026-05-11T00:14:07Z
2-47414323-G-T,found,,,,6.861101124397252e-07,1.0,1457492.0,,False,2026-05-11T00:14:07Z
2-47414324-A-T,found,,,,6.848114303245458e-07,1.0,1460256.0,,False,2026-05-11T00:14:07Z
2-47414339-A-G,not_found,,,,,,,exact_variant_id_not_observed_in_complete_gene_level_public_api_subset,False,2026-05-11T00:14:07Z
2-47414351-C-T,not_found,,,,,,,exact_variant_id_not_observed_in_complete_gene_level_public_api_subset,False,2026-05-11T00:14:07Z
2-47414360-A-C,found,,,,6.935880558588076e-07,1.0,1441778.0,,False,2026-05-11T00:14:07Z
2-47414363-T-C,not_found,,,,,,,exact_variant_id_not_observed_in_complete_gene_level_public_api_subset,False,2026-05-11T00:14:07Z
2-47414366-G-C,not_found,,,,,,,exact_variant_id_not_observed_in_complete_gene_level_public_api_subset,False,2026-05-11T00:14:07Z
2-47414371-T-A,not_found,,,,,,,exact_variant_id_not_observed_in_complete_gene_level_public_api_subset,False,2026-05-11T00:14:07Z
2-47414388-T-G,not_found,,,,,,,exact_variant_id_not_observed_in_complete_gene_level_public_api_subset,False,2026-05-11T00:14:07Z
2-47414398-A-G,not_found,,,,,,,exact_variant_id_not_observed_in_complete_gene_level_public_api_subset,False,2026-05-11T00:14:07Z
2-47414405-T-C,not_found,,,,,,,exact_variant_id_not_observed_in_complete_gene_level_public_api_subset,False,2026-05-11T00:14:07Z
2-47414405-T-G,not_found,,,,,,,exact_variant_id_not_observed_in_complete_gene_level_public_api_subset,False,2026-05-11T00:14:07Z
2-47414407-A-G,not_found,,,,,,,exact_variant_id_not_observed_in_complete_gene_level_public_api_subset,False,2026-05-11T00:14:07Z
2-47414409-C-G,found,,,,9.734842363697604e-07,1.0,1027238.0,,False,2026-05-11T00:14:07Z
2-47414415-T-A,found,,,,7.13551775316817e-07,1.0,1401440.0,,False,2026-05-11T00:14:07Z
2-47414418-G-T,found,,,,3.732561937199645e-05,16.0,428660.0,,False,2026-05-11T00:14:07Z
2-47416297-G-T,found,,,,9.937850737594136e-05,145.0,1459068.0,,False,2026-05-11T00:14:07Z
2-47416300-CT-GG,not_found,,,,,,,exact_variant_id_not_observed_in_complete_gene_level_public_api_subset,False,2026-05-11T00:14:07Z
2-47416302-G-A,found,,,,6.850319156369496e-07,1.0,1459786.0,,False,2026-05-11T00:14:07Z
2-47416303-T-C,found,,,,6.5710793654965765e-06,1.0,152182.0,,False,2026-05-11T00:14:07Z
2-47416318-G-A,found,,,,0.0147304823164341,21504.0,1459830.0,,False,2026-05-11T00:14:07Z
2-47416332-G-T,not_found,,,,,,,exact_variant_id_not_observed_in_complete_gene_level_public_api_subset,False,2026-05-11T00:14:07Z
2-47416335-G-T,found,,,,2.7401952389107725e-06,4.0,1459750.0,,False,2026-05-11T00:14:07Z
2-47416336-C-T,found,,,,6.850478711452357e-07,1.0,1459752.0,,False,2026-05-11T00:14:07Z
2-47416342-T-C,not_found,,,,,,,exact_variant_id_not_observed_in_complete_gene_level_public_api_subset,False,2026-05-11T00:14:07Z
2-47416342-T-G,not_found,,,,,,,exact_variant_id_not_observed_in_complete_gene_level_public_api_subset,False,2026-05-11T00:14:07Z
2-47416348-A-G,not_found,,,,,,,exact_variant_id_not_observed_in_complete_gene_level_public_api_subset,False,2026-05-11T00:14:07Z
2-47416350-T-C,not_found,,,,,,,exact_variant_id_not_observed_in_complete_gene_level_public_api_subset,False,2026-05-11T00:14:07Z
2-47416351-G-A,not_found,,,,,,,exact_variant_id_not_observed_in_complete_gene_level_public_api_subset,False,2026-05-11T00:14:07Z
2-47416351-G-T,not_found,,,,,,,exact_variant_id_not_observed_in_complete_gene_level_public_api_subset,False,2026-05-11T00:14:07Z
2-47416352-T-G,not_found,,,,,,,exact_variant_id_not_observed_in_complete_gene_level_public_api_subset,False,2026-05-11T00:14:07Z
2-47416356-A-C,not_found,,,,,,,exact_variant_id_not_observed_in_complete_gene_level_public_api_subset,False,2026-05-11T00:14:07Z
2-47416356-A-T,not_found,,,,,,,exact_variant_id_not_observed_in_complete_gene_level_public_api_subset,False,2026-05-11T00:14:07Z
2-47416365-G-C,not_found,,,,,,,exact_variant_id_not_observed_in_complete_gene_level_public_api_subset,False,2026-05-11T00:14:07Z
2-47416366-G-A,found,,,,6.84875215735693e-07,1.0,1460120.0,,False,2026-05-11T00:14:07Z
2-47416366-G-T,not_found,,,,,,,exact_variant_id_not_observed_in_complete_gene_level_public_api_subset,False,2026-05-11T00:14:07Z
2-47416366-GA-AT,not_found,,,,,,,exact_variant_id_not_observed_in_complete_gene_level_public_api_subset,False,2026-05-11T00:14:07Z
2-47416375-T-C,not_found,,,,,,,exact_variant_id_not_observed_in_complete_gene_level_public_api_subset,False,2026-05-11T00:14:07Z
2-47416383-C-G,not_found,,,,,,,exact_variant_id_not_observed_in_complete_gene_level_public_api_subset,False,2026-05-11T00:14:07Z
2-47416386-T-C,not_found,,,,,,,exact_variant_id_not_observed_in_complete_gene_level_public_api_subset,False,2026-05-11T00:14:07Z
2-47416398-C-A,not_found,,,,,,,exact_variant_id_not_observed_in_complete_gene_level_public_api_subset,False,2026-05-11T00:14:07Z
2-47416398-C-T,not_found,,,,,,,exact_variant_id_not_observed_in_complete_gene_level_public_api_subset,False,2026-05-11T00:14:07Z
2-47416399-C-A,not_found,,,,,,,exact_variant_id_not_observed_in_complete_gene_level_public_api_subset,False,2026-05-11T00:14:07Z
2-47416399-C-T,not_found,,,,,,,exact_variant_id_not_observed_in_complete_gene_level_public_api_subset,False,2026-05-11T00:14:07Z
2-47416399-CT-GC,not_found,,,,,,,exact_variant_id_not_observed_in_complete_gene_level_public_api_subset,False,2026-05-11T00:14:07Z
2-47416412-G-C,found,,,,2.7377233640049608e-06,4.0,1461068.0,,False,2026-05-11T00:14:07Z
2-47416417-G-A,not_found,,,,,,,exact_variant_id_not_observed_in_complete_gene_level_public_api_subset,False,2026-05-11T00:14:07Z
2-47416418-A-C,not_found,,,,,,,exact_variant_id_not_observed_in_complete_gene_level_public_api_subset,False,2026-05-11T00:14:07Z
2-47416420-T-A,not_found,,,,,,,exact_variant_id_not_observed_in_complete_gene_level_public_api_subset,False,2026-05-11T00:14:07Z
2-47416420-T-G,not_found,,,,,,,exact_variant_id_not_observed_in_complete_gene_level_public_api_subset,False,2026-05-11T00:14:07Z
2-47416428-A-G,not_found,,,,,,,exact_variant_id_not_observed_in_complete_gene_level_public_api_subset,False,2026-05-11T00:14:07Z
2-47416429-G-C,found,,,,6.84966224315479e-07,1.0,1459926.0,,False,2026-05-11T00:14:07Z
2-47416429-G-T,not_found,,,,,,,exact_variant_id_not_observed_in_complete_gene_level_public_api_subset,False,2026-05-11T00:14:07Z
2-47429742-A-T,not_found,,,,,,,exact_variant_id_not_observed_in_complete_gene_level_public_api_subset,False,2026-05-11T00:14:07Z
2-47429743-T-A,not_found,,,,,,,exact_variant_id_not_observed_in_complete_gene_level_public_api_subset,False,2026-05-11T00:14:07Z
2-47429746-A-C,not_found,,,,,,,exact_variant_id_not_observed_in_complete_gene_level_public_api_subset,False,2026-05-11T00:14:07Z
2-47429764-G-A,found,,,,2.2579325275023023e-05,33.0,1461514.0,,False,2026-05-11T00:14:07Z
2-47429778-A-C,not_found,,,,,,,exact_variant_id_not_observed_in_complete_gene_level_public_api_subset,False,2026-05-11T00:14:07Z
2-47429788-A-T,found,,,,6.840721997162468e-07,1.0,1461834.0,,False,2026-05-11T00:14:07Z
2-47429792-T-C,found,,,,2.0521969452364406e-06,3.0,1461848.0,,False,2026-05-11T00:14:07Z
2-47429794-C-G,found,,,,6.840834308152222e-07,1.0,1461810.0,,False,2026-05-11T00:14:07Z
2-47429798-A-C,found,,,,6.5696116045619385e-06,1.0,152216.0,,False,2026-05-11T00:14:07Z
2-47429833-C-T,found,,,,0.0007593149474225,1110.0,1461844.0,,False,2026-05-11T00:14:07Z
2-47429837-C-G,not_found,,,,,,,exact_variant_id_not_observed_in_complete_gene_level_public_api_subset,False,2026-05-11T00:14:07Z
2-47429845-T-C,not_found,,,,,,,exact_variant_id_not_observed_in_complete_gene_level_public_api_subset,False,2026-05-11T00:14:07Z
2-47429852-G-A,not_found,,,,,,,exact_variant_id_not_observed_in_complete_gene_level_public_api_subset,False,2026-05-11T00:14:07Z
2-47429852-G-C,found,,,,1.3681649897524442e-06,2.0,1461812.0,,False,2026-05-11T00:14:07Z
2-47429855-A-C,not_found,,,,,,,exact_variant_id_not_observed_in_complete_gene_level_public_api_subset,False,2026-05-11T00:14:07Z
2-47429858-C-G,not_found,,,,,,,exact_variant_id_not_observed_in_complete_gene_level_public_api_subset,False,2026-05-11T00:14:07Z
2-47429863-A-C,not_found,,,,,,,exact_variant_id_not_observed_in_complete_gene_level_public_api_subset,False,2026-05-11T00:14:07Z
2-47429868-A-C,not_found,,,,,,,exact_variant_id_not_observed_in_complete_gene_level_public_api_subset,False,2026-05-11T00:14:07Z
2-47429874-T-G,not_found,,,,,,,exact_variant_id_not_observed_in_complete_gene_level_public_api_subset,False,2026-05-11T00:14:07Z
2-47429888-A-T,found,,,,8.209001169782667e-06,12.0,1461810.0,,False,2026-05-11T00:14:07Z
2-47429896-A-T,found,,,,2.052244676819349e-06,3.0,1461814.0,,False,2026-05-11T00:14:07Z
2-47429897-T-G,not_found,,,,,,,exact_variant_id_not_observed_in_complete_gene_level_public_api_subset,False,2026-05-11T00:14:07Z
2-47429899-A-C,not_found,,,,,,,exact_variant_id_not_observed_in_complete_gene_level_public_api_subset,False,2026-05-11T00:14:07Z
2-47429906-T-C,not_found,,,,,,,exact_variant_id_not_observed_in_complete_gene_level_public_api_subset,False,2026-05-11T00:14:07Z
2-47429909-C-A,not_found,,,,,,,exact_variant_id_not_observed_in_complete_gene_level_public_api_subset,False,2026-05-11T00:14:07Z
2-47429920-C-A,found,,,,0.0001977122841583,289.0,1461720.0,,False,2026-05-11T00:14:07Z
2-47429920-C-G,not_found,,,,,,,exact_variant_id_not_observed_in_complete_gene_level_public_api_subset,False,2026-05-11T00:14:07Z
2-47429923-G-A,not_found,,,,,,,exact_variant_id_not_observed_in_complete_gene_level_public_api_subset,False,2026-05-11T00:14:07Z
2-47429929-G-C,not_found,,,,,,,exact_variant_id_not_observed_in_complete_gene_level_public_api_subset,False,2026-05-11T00:14:07Z
2-47429933-A-G,found,,,,1.3683203730588665e-06,2.0,1461646.0,,False,2026-05-11T00:14:07Z
2-47429941-G-A,not_found,,,,,,,exact_variant_id_not_observed_in_complete_gene_level_public_api_subset,False,2026-05-11T00:14:07Z
2-47445559-A-C,not_found,,,,,,,exact_variant_id_not_observed_in_complete_gene_level_public_api_subset,False,2026-05-11T00:14:07Z
2-47445559-A-G,not_found,,,,,,,exact_variant_id_not_observed_in_complete_gene_level_public_api_subset,False,2026-05-11T00:14:07Z
2-47445567-G-C,not_found,,,,,,,exact_variant_id_not_observed_in_complete_gene_level_public_api_subset,False,2026-05-11T00:14:07Z
2-47445581-T-A,not_found,,,,,,,exact_variant_id_not_observed_in_complete_gene_level_public_api_subset,False,2026-05-11T00:14:07Z
2-47445590-T-C,not_found,,,,,,,exact_variant_id_not_observed_in_complete_gene_level_public_api_subset,False,2026-05-11T00:14:07Z
2-47445590-T-G,not_found,,,,,,,exact_variant_id_not_observed_in_complete_gene_level_public_api_subset,False,2026-05-11T00:14:07Z
2-47445607-G-C,not_found,,,,,,,exact_variant_id_not_observed_in_complete_gene_level_public_api_subset,False,2026-05-11T00:14:07Z
2-47445629-T-A,not_found,,,,,,,exact_variant_id_not_observed_in_complete_gene_level_public_api_subset,False,2026-05-11T00:14:07Z
2-47445632-T-A,not_found,,,,,,,exact_variant_id_not_observed_in_complete_gene_level_public_api_subset,False,2026-05-11T00:14:07Z
2-47445635-A-C,not_found,,,,,,,exact_variant_id_not_observed_in_complete_gene_level_public_api_subset,False,2026-05-11T00:14:07Z
2-47445635-A-G,not_found,,,,,,,exact_variant_id_not_observed_in_complete_gene_level_public_api_subset,False,2026-05-11T00:14:07Z
2-47445638-C-G,not_found,,,,,,,exact_variant_id_not_observed_in_complete_gene_level_public_api_subset,False,2026-05-11T00:14:07Z
2-47445651-G-A,found,,,,6.947271598025307e-07,1.0,1439414.0,,False,2026-05-11T00:14:07Z
2-47463061-T-G,not_found,,,,,,,exact_variant_id_not_observed_in_complete_gene_level_public_api_subset,False,2026-05-11T00:14:07Z
2-47463077-T-G,not_found,,,,,,,exact_variant_id_not_observed_in_complete_gene_level_public_api_subset,False,2026-05-11T00:14:07Z
2-47463080-G-A,found,,,,1.368384034242442e-06,2.0,1461578.0,,False,2026-05-11T00:14:07Z
2-47463104-A-G,not_found,,,,,,,exact_variant_id_not_observed_in_complete_gene_level_public_api_subset,False,2026-05-11T00:14:07Z
2-47463106-T-A,not_found,,,,,,,exact_variant_id_not_observed_in_complete_gene_level_public_api_subset,False,2026-05-11T00:14:07Z
2-47463128-C-A,not_found,,,,,,,exact_variant_id_not_observed_in_complete_gene_level_public_api_subset,False,2026-05-11T00:14:07Z
2-47463136-A-G,not_found,,,,,,,exact_variant_id_not_observed_in_complete_gene_level_public_api_subset,False,2026-05-11T00:14:07Z
2-47466667-C-T,not_found,,,,,,,exact_variant_id_not_observed_in_complete_gene_level_public_api_subset,False,2026-05-11T00:14:07Z
2-47466676-A-C,not_found,,,,,,,exact_variant_id_not_observed_in_complete_gene_level_public_api_subset,False,2026-05-11T00:14:07Z
2-47466676-A-G,not_found,,,,,,,exact_variant_id_not_observed_in_complete_gene_level_public_api_subset,False,2026-05-11T00:14:07Z
2-47466679-T-C,not_found,,,,,,,exact_variant_id_not_observed_in_complete_gene_level_public_api_subset,False,2026-05-11T00:14:07Z
2-47466687-G-A,found,,,,6.8410215013305785e-06,10.0,1461770.0,,False,2026-05-11T00:14:07Z
2-47466694-G-C,found,,,,6.840974702075551e-07,1.0,1461780.0,,False,2026-05-11T00:14:07Z
2-47466699-C-G,not_found,,,,,,,exact_variant_id_not_observed_in_complete_gene_level_public_api_subset,False,2026-05-11T00:14:07Z
2-47466701-G-C,not_found,,,,,,,exact_variant_id_not_observed_in_complete_gene_level_public_api_subset,False,2026-05-11T00:14:07Z
2-47466715-T-C,not_found,,,,,,,exact_variant_id_not_observed_in_complete_gene_level_public_api_subset,False,2026-05-11T00:14:07Z
2-47466718-G-C,not_found,,,,,,,exact_variant_id_not_observed_in_complete_gene_level_public_api_subset,False,2026-05-11T00:14:07Z
2-47466741-G-T,not_found,,,,,,,exact_variant_id_not_observed_in_complete_gene_level_public_api_subset,False,2026-05-11T00:14:07Z
2-47466757-A-C,found,,,,2.0524384336884506e-06,3.0,1461676.0,,False,2026-05-11T00:14:07Z
2-47466758-A-C,not_found,,,,,,,exact_variant_id_not_observed_in_complete_gene_level_public_api_subset,False,2026-05-11T00:14:07Z
2-47466769-C-A,not_found,,,,,,,exact_variant_id_not_observed_in_complete_gene_level_public_api_subset,False,2026-05-11T00:14:07Z
2-47466775-A-C,not_found,,,,,,,exact_variant_id_not_observed_in_complete_gene_level_public_api_subset,False,2026-05-11T00:14:07Z
2-47466777-A-T,not_found,,,,,,,exact_variant_id_not_observed_in_complete_gene_level_public_api_subset,False,2026-05-11T00:14:07Z
2-47466807-A-G,not_found,,,,,,,exact_variant_id_not_observed_in_complete_gene_level_public_api_subset,False,2026-05-11T00:14:07Z
2-47466807-A-T,not_found,,,,,,,exact_variant_id_not_observed_in_complete_gene_level_public_api_subset,False,2026-05-11T00:14:07Z
2-47466808-G-A,not_found,,,,,,,exact_variant_id_not_observed_in_complete_gene_level_public_api_subset,False,2026-05-11T00:14:07Z
2-47466808-G-C,not_found,,,,,,,exact_variant_id_not_observed_in_complete_gene_level_public_api_subset,False,2026-05-11T00:14:07Z
2-47466808-G-T,not_found,,,,,,,exact_variant_id_not_observed_in_complete_gene_level_public_api_subset,False,2026-05-11T00:14:07Z
2-47470970-T-C,found,,,,0.0,0.0,1322560.0,,False,2026-05-11T00:14:07Z
2-47470970-T-G,not_found,,,,,,,exact_variant_id_not_observed_in_complete_gene_level_public_api_subset,False,2026-05-11T00:14:07Z
2-47470981-A-G,not_found,,,,,,,exact_variant_id_not_observed_in_complete_gene_level_public_api_subset,False,2026-05-11T00:14:07Z
2-47470993-A-G,found,,,,5.454401205918521e-05,77.0,1411704.0,,False,2026-05-11T00:14:07Z
2-47471002-A-G,found,,,,7.023172254536618e-07,1.0,1423858.0,,False,2026-05-11T00:14:07Z
2-47471014-G-A,not_found,,,,,,,exact_variant_id_not_observed_in_complete_gene_level_public_api_subset,False,2026-05-11T00:14:07Z
2-47471021-C-T,found,,,,0.0,0.0,1424732.0,,False,2026-05-11T00:14:07Z
2-47471029-G-C,found,,,,6.571511184712037e-06,1.0,152172.0,,False,2026-05-11T00:14:07Z
2-47471033-T-C,found,,,,0.0002209794489112,312.0,1411896.0,,False,2026-05-11T00:14:07Z
2-47471051-A-C,found,,,,3.686913227759802e-06,5.0,1356148.0,,False,2026-05-11T00:14:07Z
2-47471053-A-G,found,,,,1.4723463901011207e-06,2.0,1358376.0,,False,2026-05-11T00:14:07Z
2-47471056-T-G,not_found,,,,,,,exact_variant_id_not_observed_in_complete_gene_level_public_api_subset,False,2026-05-11T00:14:07Z
2-47471062-G-A,found,,,,0.0,0.0,1275418.0,,False,2026-05-11T00:14:07Z
2-47471062-G-C,not_found,,,,,,,exact_variant_id_not_observed_in_complete_gene_level_public_api_subset,False,2026-05-11T00:14:07Z
2-47471062-G-T,not_found,,,,,,,exact_variant_id_not_observed_in_complete_gene_level_public_api_subset,False,2026-05-11T00:14:07Z
2-47475045-A-G,not_found,,,,,,,exact_variant_id_not_observed_in_complete_gene_level_public_api_subset,False,2026-05-11T00:14:07Z
2-47475045-A-T,not_found,,,,,,,exact_variant_id_not_observed_in_complete_gene_level_public_api_subset,False,2026-05-11T00:14:07Z
2-47475049-T-C,not_found,,,,,,,exact_variant_id_not_observed_in_complete_gene_level_public_api_subset,False,2026-05-11T00:14:07Z
2-47475049-T-G,not_found,,,,,,,exact_variant_id_not_observed_in_complete_gene_level_public_api_subset,False,2026-05-11T00:14:07Z
2-47475056-T-A,not_found,,,,,,,exact_variant_id_not_observed_in_complete_gene_level_public_api_subset,False,2026-05-11T00:14:07Z
2-47475063-G-A,not_found,,,,,,,exact_variant_id_not_observed_in_complete_gene_level_public_api_subset,False,2026-05-11T00:14:07Z
2-47475064-C-A,not_found,,,,,,,exact_variant_id_not_observed_in_complete_gene_level_public_api_subset,False,2026-05-11T00:14:07Z
2-47475064-C-T,found,,,,6.841058941195625e-07,1.0,1461762.0,,False,2026-05-11T00:14:07Z
2-47475072-G-T,not_found,,,,,,,exact_variant_id_not_observed_in_complete_gene_level_public_api_subset,False,2026-05-11T00:14:07Z
2-47475073-A-G,not_found,,,,,,,exact_variant_id_not_observed_in_complete_gene_level_public_api_subset,False,2026-05-11T00:14:07Z
2-47475073-A-T,not_found,,,,,,,exact_variant_id_not_observed_in_complete_gene_level_public_api_subset,False,2026-05-11T00:14:07Z
2-47475076-C-A,not_found,,,,,,,exact_variant_id_not_observed_in_complete_gene_level_public_api_subset,False,2026-05-11T00:14:07Z
2-47475081-G-A,not_found,,,,,,,exact_variant_id_not_observed_in_complete_gene_level_public_api_subset,False,2026-05-11T00:14:07Z
2-47475094-A-C,not_found,,,,,,,exact_variant_id_not_observed_in_complete_gene_level_public_api_subset,False,2026-05-11T00:14:07Z
2-47475097-T-C,not_found,,,,,,,exact_variant_id_not_observed_in_complete_gene_level_public_api_subset,False,2026-05-11T00:14:07Z
2-47475099-T-C,not_found,,,,,,,exact_variant_id_not_observed_in_complete_gene_level_public_api_subset,False,2026-05-11T00:14:07Z
2-47475105-G-A,found,,,,6.840590972335282e-07,1.0,1461862.0,,False,2026-05-11T00:14:07Z
2-47475112-C-T,not_found,,,,,,,exact_variant_id_not_observed_in_complete_gene_level_public_api_subset,False,2026-05-11T00:14:07Z
2-47475114-G-A,not_found,,,,,,,exact_variant_id_not_observed_in_complete_gene_level_public_api_subset,False,2026-05-11T00:14:07Z
2-47475115-T-C,not_found,,,,,,,exact_variant_id_not_observed_in_complete_gene_level_public_api_subset,False,2026-05-11T00:14:07Z
2-47475120-T-C,not_found,,,,,,,exact_variant_id_not_observed_in_complete_gene_level_public_api_subset,False,2026-05-11T00:14:07Z
2-47475127-G-T,found,,,,5.472532674440399e-06,8.0,1461846.0,,False,2026-05-11T00:14:07Z
2-47475129-C-A,not_found,,,,,,,exact_variant_id_not_observed_in_complete_gene_level_public_api_subset,False,2026-05-11T00:14:07Z
2-47475130-C-A,not_found,,,,,,,exact_variant_id_not_observed_in_complete_gene_level_public_api_subset,False,2026-05-11T00:14:07Z
2-47475130-C-G,not_found,,,,,,,exact_variant_id_not_observed_in_complete_gene_level_public_api_subset,False,2026-05-11T00:14:07Z
2-47475130-C-T,found,,,,6.840544178970525e-07,1.0,1461872.0,,False,2026-05-11T00:14:07Z
2-47475133-C-G,found,,,,1.3681107075184524e-06,2.0,1461870.0,,False,2026-05-11T00:14:07Z
2-47475151-A-G,found,,,,0.0003830704740223,560.0,1461872.0,,False,2026-05-11T00:14:07Z
2-47475153-G-C,not_found,,,,,,,exact_variant_id_not_observed_in_complete_gene_level_public_api_subset,False,2026-05-11T00:14:07Z
2-47475157-G-T,found,,,,6.840534820374396e-07,1.0,1461874.0,,False,2026-05-11T00:14:07Z
2-47475160-T-G,not_found,,,,,,,exact_variant_id_not_observed_in_complete_gene_level_public_api_subset,False,2026-05-11T00:14:07Z
2-47475169-A-C,not_found,,,,,,,exact_variant_id_not_observed_in_complete_gene_level_public_api_subset,False,2026-05-11T00:14:07Z
2-47475171-G-A,found,,,,6.840544178970525e-07,1.0,1461872.0,,False,2026-05-11T00:14:07Z
2-47475171-G-C,found,,,,6.156489761073473e-06,9.0,1461872.0,,False,2026-05-11T00:14:07Z
2-47475180-C-T,found,,,,6.840881105486387e-07,1.0,1461800.0,,False,2026-05-11T00:14:07Z
2-47475183-G-T,found,,,,2.0521857145984284e-06,3.0,1461856.0,,False,2026-05-11T00:14:07Z
2-47475195-G-A,not_found,,,,,,,exact_variant_id_not_observed_in_complete_gene_level_public_api_subset,False,2026-05-11T00:14:07Z
2-47475195-G-T,not_found,,,,,,,exact_variant_id_not_observed_in_complete_gene_level_public_api_subset,False,2026-05-11T00:14:07Z
2-47475207-A-G,found,,,,6.840927903460826e-07,1.0,1461790.0,,False,2026-05-11T00:14:07Z
2-47475220-C-A,not_found,,,,,,,exact_variant_id_not_observed_in_complete_gene_level_public_api_subset,False,2026-05-11T00:14:07Z
2-47475220-C-G,found,,,,6.840909184194216e-07,1.0,1461794.0,,False,2026-05-11T00:14:07Z
2-47475223-A-G,found,,,,6.840824948762221e-07,1.0,1461812.0,,False,2026-05-11T00:14:07Z
2-47475225-G-A,not_found,,,,,,,exact_variant_id_not_observed_in_complete_gene_level_public_api_subset,False,2026-05-11T00:14:07Z
2-47475228-G-T,not_found,,,,,,,exact_variant_id_not_observed_in_complete_gene_level_public_api_subset,False,2026-05-11T00:14:07Z
2-47475231-T-A,not_found,,,,,,,exact_variant_id_not_observed_in_complete_gene_level_public_api_subset,False,2026-05-11T00:14:07Z
2-47475244-A-G,not_found,,,,,,,exact_variant_id_not_observed_in_complete_gene_level_public_api_subset,False,2026-05-11T00:14:07Z
2-47475250-A-G,not_found,,,,,,,exact_variant_id_not_observed_in_complete_gene_level_public_api_subset,False,2026-05-11T00:14:07Z
2-47475254-G-T,found,,,,6.857572337101798e-07,1.0,1458242.0,,False,2026-05-11T00:14:07Z
2-47475259-A-G,found,,,,6.844936184659951e-07,1.0,1460934.0,,False,2026-05-11T00:14:07Z
2-47475259-A-T,found,,,,6.844936184659951e-07,1.0,1460934.0,,False,2026-05-11T00:14:07Z
2-47475266-T-G,not_found,,,,,,,exact_variant_id_not_observed_in_complete_gene_level_public_api_subset,False,2026-05-11T00:14:07Z
2-47476367-G-T,not_found,,,,,,,exact_variant_id_not_observed_in_complete_gene_level_public_api_subset,False,2026-05-11T00:14:07Z
2-47476370-C-G,not_found,,,,,,,exact_variant_id_not_observed_in_complete_gene_level_public_api_subset,False,2026-05-11T00:14:07Z
2-47476372-A-T,not_found,,,,,,,exact_variant_id_not_observed_in_complete_gene_level_public_api_subset,False,2026-05-11T00:14:07Z
2-47476373-A-T,not_found,,,,,,,exact_variant_id_not_observed_in_complete_gene_level_public_api_subset,False,2026-05-11T00:14:07Z
2-47476381-G-A,not_found,,,,,,,exact_variant_id_not_observed_in_complete_gene_level_public_api_subset,False,2026-05-11T00:14:07Z
2-47476381-G-C,not_found,,,,,,,exact_variant_id_not_observed_in_complete_gene_level_public_api_subset,False,2026-05-11T00:14:07Z
2-47476382-G-A,not_found,,,,,,,exact_variant_id_not_observed_in_complete_gene_level_public_api_subset,False,2026-05-11T00:14:07Z
2-47476382-G-T,not_found,,,,,,,exact_variant_id_not_observed_in_complete_gene_level_public_api_subset,False,2026-05-11T00:14:07Z
2-47476388-C-T,not_found,,,,,,,exact_variant_id_not_observed_in_complete_gene_level_public_api_subset,False,2026-05-11T00:14:07Z
2-47476391-C-G,not_found,,,,,,,exact_variant_id_not_observed_in_complete_gene_level_public_api_subset,False,2026-05-11T00:14:07Z
2-47476400-G-C,not_found,,,,,,,exact_variant_id_not_observed_in_complete_gene_level_public_api_subset,False,2026-05-11T00:14:07Z
2-47476408-G-A,found,,,,6.840497386245948e-07,1.0,1461882.0,,False,2026-05-11T00:14:07Z
2-47476411-G-A,not_found,,,,,,,exact_variant_id_not_observed_in_complete_gene_level_public_api_subset,False,2026-05-11T00:14:07Z
2-47476414-A-C,not_found,,,,,,,exact_variant_id_not_observed_in_complete_gene_level_public_api_subset,False,2026-05-11T00:14:07Z
2-47476415-T-G,not_found,,,,,,,exact_variant_id_not_observed_in_complete_gene_level_public_api_subset,False,2026-05-11T00:14:07Z
2-47476421-T-C,not_found,,,,,,,exact_variant_id_not_observed_in_complete_gene_level_public_api_subset,False,2026-05-11T00:14:07Z
2-47476421-T-G,not_found,,,,,,,exact_variant_id_not_observed_in_complete_gene_level_public_api_subset,False,2026-05-11T00:14:07Z
2-47476424-T-G,not_found,,,,,,,exact_variant_id_not_observed_in_complete_gene_level_public_api_subset,False,2026-05-11T00:14:07Z
2-47476426-G-C,not_found,,,,,,,exact_variant_id_not_observed_in_complete_gene_level_public_api_subset,False,2026-05-11T00:14:07Z
2-47476435-G-C,not_found,,,,,,,exact_variant_id_not_observed_in_complete_gene_level_public_api_subset,False,2026-05-11T00:14:07Z
2-47476435-G-T,not_found,,,,,,,exact_variant_id_not_observed_in_complete_gene_level_public_api_subset,False,2026-05-11T00:14:07Z
2-47476436-G-T,not_found,,,,,,,exact_variant_id_not_observed_in_complete_gene_level_public_api_subset,False,2026-05-11T00:14:07Z
2-47476439-G-A,not_found,,,,,,,exact_variant_id_not_observed_in_complete_gene_level_public_api_subset,False,2026-05-11T00:14:07Z
2-47476441-T-A,not_found,,,,,,,exact_variant_id_not_observed_in_complete_gene_level_public_api_subset,False,2026-05-11T00:14:07Z
2-47476442-T-C,not_found,,,,,,,exact_variant_id_not_observed_in_complete_gene_level_public_api_subset,False,2026-05-11T00:14:07Z
2-47476444-G-A,not_found,,,,,,,exact_variant_id_not_observed_in_complete_gene_level_public_api_subset,False,2026-05-11T00:14:07Z
2-47476448-C-A,not_found,,,,,,,exact_variant_id_not_observed_in_complete_gene_level_public_api_subset,False,2026-05-11T00:14:07Z
2-47476448-C-G,not_found,,,,,,,exact_variant_id_not_observed_in_complete_gene_level_public_api_subset,False,2026-05-11T00:14:07Z
2-47476448-C-T,not_found,,,,,,,exact_variant_id_not_observed_in_complete_gene_level_public_api_subset,False,2026-05-11T00:14:07Z
2-47476450-T-C,not_found,,,,,,,exact_variant_id_not_observed_in_complete_gene_level_public_api_subset,False,2026-05-11T00:14:07Z
2-47476451-G-A,not_found,,,,,,,exact_variant_id_not_observed_in_complete_gene_level_public_api_subset,False,2026-05-11T00:14:07Z
2-47476451-G-T,not_found,,,,,,,exact_variant_id_not_observed_in_complete_gene_level_public_api_subset,False,2026-05-11T00:14:07Z
2-47476452-T-G,not_found,,,,,,,exact_variant_id_not_observed_in_complete_gene_level_public_api_subset,False,2026-05-11T00:14:07Z
2-47476460-C-A,not_found,,,,,,,exact_variant_id_not_observed_in_complete_gene_level_public_api_subset,False,2026-05-11T00:14:07Z
2-47476462-G-A,found,,,,1.3680976055555708e-06,2.0,1461884.0,,False,2026-05-11T00:14:07Z
2-47476484-T-A,found,,,,6.840469310918484e-07,1.0,1461888.0,,False,2026-05-11T00:14:07Z
2-47476493-G-C,not_found,,,,,,,exact_variant_id_not_observed_in_complete_gene_level_public_api_subset,False,2026-05-11T00:14:07Z
2-47476504-G-A,found,,,,6.572547782422378e-06,1.0,152148.0,,False,2026-05-11T00:14:07Z
2-47476510-A-G,found,,,,6.840488027777854e-07,1.0,1461884.0,,False,2026-05-11T00:14:07Z
2-47476539-G-A,not_found,,,,,,,exact_variant_id_not_observed_in_complete_gene_level_public_api_subset,False,2026-05-11T00:14:07Z
2-47476555-A-C,not_found,,,,,,,exact_variant_id_not_observed_in_complete_gene_level_public_api_subset,False,2026-05-11T00:14:07Z
2-47476571-G-A,not_found,,,,,,,exact_variant_id_not_observed_in_complete_gene_level_public_api_subset,False,2026-05-11T00:14:07Z
2-47478279-A-T,not_found,,,,,,,exact_variant_id_not_observed_in_complete_gene_level_public_api_subset,False,2026-05-11T00:14:07Z
2-47478291-T-A,not_found,,,,,,,exact_variant_id_not_observed_in_complete_gene_level_public_api_subset,False,2026-05-11T00:14:07Z
2-47478303-G-C,not_found,,,,,,,exact_variant_id_not_observed_in_complete_gene_level_public_api_subset,False,2026-05-11T00:14:07Z
2-47478303-G-T,not_found,,,,,,,exact_variant_id_not_observed_in_complete_gene_level_public_api_subset,False,2026-05-11T00:14:07Z
2-47478306-G-A,not_found,,,,,,,exact_variant_id_not_observed_in_complete_gene_level_public_api_subset,False,2026-05-11T00:14:07Z
2-47478307-A-G,not_found,,,,,,,exact_variant_id_not_observed_in_complete_gene_level_public_api_subset,False,2026-05-11T00:14:07Z
2-47478312-G-C,not_found,,,,,,,exact_variant_id_not_observed_in_complete_gene_level_public_api_subset,False,2026-05-11T00:14:07Z
2-47478342-G-C,found,,,,1.3681481430809329e-06,2.0,1461830.0,,False,2026-05-11T00:14:07Z
2-47478348-G-C,not_found,,,,,,,exact_variant_id_not_observed_in_complete_gene_level_public_api_subset,False,2026-05-11T00:14:07Z
2-47478378-A-G,not_found,,,,,,,exact_variant_id_not_observed_in_complete_gene_level_public_api_subset,False,2026-05-11T00:14:07Z
2-47478381-A-G,not_found,,,,,,,exact_variant_id_not_observed_in_complete_gene_level_public_api_subset,False,2026-05-11T00:14:07Z
2-47478414-C-G,not_found,,,,,,,exact_variant_id_not_observed_in_complete_gene_level_public_api_subset,False,2026-05-11T00:14:07Z
2-47478421-T-G,not_found,,,,,,,exact_variant_id_not_observed_in_complete_gene_level_public_api_subset,False,2026-05-11T00:14:07Z
2-47478444-C-T,not_found,,,,,,,exact_variant_id_not_observed_in_complete_gene_level_public_api_subset,False,2026-05-11T00:14:07Z
2-47478455-T-G,not_found,,,,,,,exact_variant_id_not_observed_in_complete_gene_level_public_api_subset,False,2026-05-11T00:14:07Z
2-47478459-C-G,not_found,,,,,,,exact_variant_id_not_observed_in_complete_gene_level_public_api_subset,False,2026-05-11T00:14:07Z
2-47478463-A-C,not_found,,,,,,,exact_variant_id_not_observed_in_complete_gene_level_public_api_subset,False,2026-05-11T00:14:07Z
2-47478517-A-T,not_found,,,,,,,exact_variant_id_not_observed_in_complete_gene_level_public_api_subset,False,2026-05-11T00:14:07Z
2-47480702-G-C,found,,,,6.840909184194216e-07,1.0,1461794.0,,False,2026-05-11T00:14:07Z
2-47480737-G-A,found,,,,0.0001470765290486,215.0,1461824.0,,False,2026-05-11T00:14:07Z
2-47480754-T-G,not_found,,,,,,,exact_variant_id_not_observed_in_complete_gene_level_public_api_subset,False,2026-05-11T00:14:07Z
2-47480758-A-T,found,,,,6.84070327902271e-07,1.0,1461838.0,,False,2026-05-11T00:14:07Z
2-47480770-A-C,found,,,,6.840759433749297e-07,1.0,1461826.0,,False,2026-05-11T00:14:07Z
2-47480802-G-T,found,,,,6.840768792960028e-07,1.0,1461824.0,,False,2026-05-11T00:14:07Z
2-47480806-A-C,not_found,,,,,,,exact_variant_id_not_observed_in_complete_gene_level_public_api_subset,False,2026-05-11T00:14:07Z
2-47480816-C-G,not_found,,,,,,,exact_variant_id_not_observed_in_complete_gene_level_public_api_subset,False,2026-05-11T00:14:07Z
2-47480816-C-T,found,,,,1.573695474872873e-05,23.0,1461528.0,,False,2026-05-11T00:14:07Z
2-47480824-T-G,not_found,,,,,,,exact_variant_id_not_observed_in_complete_gene_level_public_api_subset,False,2026-05-11T00:14:07Z
2-47480827-G-T,not_found,,,,,,,exact_variant_id_not_observed_in_complete_gene_level_public_api_subset,False,2026-05-11T00:14:07Z
2-47480833-A-G,not_found,,,,,,,exact_variant_id_not_observed_in_complete_gene_level_public_api_subset,False,2026-05-11T00:14:07Z
2-47480846-C-A,found,,,,2.736315004583328e-06,4.0,1461820.0,,False,2026-05-11T00:14:07Z
2-47482779-C-G,not_found,,,,,,,exact_variant_id_not_observed_in_complete_gene_level_public_api_subset,False,2026-05-11T00:14:07Z
2-47482788-A-G,not_found,,,,,,,exact_variant_id_not_observed_in_complete_gene_level_public_api_subset,False,2026-05-11T00:14:07Z
2-47482790-A-T,not_found,,,,,,,exact_variant_id_not_observed_in_complete_gene_level_public_api_subset,False,2026-05-11T00:14:07Z
2-47482801-A-T,not_found,,,,,,,exact_variant_id_not_observed_in_complete_gene_level_public_api_subset,False,2026-05-11T00:14:07Z
2-47482802-G-T,not_found,,,,,,,exact_variant_id_not_observed_in_complete_gene_level_public_api_subset,False,2026-05-11T00:14:07Z
2-47482803-T-C,not_found,,,,,,,exact_variant_id_not_observed_in_complete_gene_level_public_api_subset,False,2026-05-11T00:14:07Z
2-47482822-A-C,not_found,,,,,,,exact_variant_id_not_observed_in_complete_gene_level_public_api_subset,False,2026-05-11T00:14:07Z
2-47482822-A-G,not_found,,,,,,,exact_variant_id_not_observed_in_complete_gene_level_public_api_subset,False,2026-05-11T00:14:07Z
2-47482825-T-G,not_found,,,,,,,exact_variant_id_not_observed_in_complete_gene_level_public_api_subset,False,2026-05-11T00:14:07Z
2-47482827-C-T,found,,,,1.3685020103294532e-06,2.0,1461452.0,,False,2026-05-11T00:14:07Z
2-47482839-A-C,not_found,,,,,,,exact_variant_id_not_observed_in_complete_gene_level_public_api_subset,False,2026-05-11T00:14:07Z
2-47482851-A-G,found,,,,6.842781618098884e-07,1.0,1461394.0,,False,2026-05-11T00:14:07Z
2-47482853-C-G,not_found,,,,,,,exact_variant_id_not_observed_in_complete_gene_level_public_api_subset,False,2026-05-11T00:14:07Z
2-47482857-A-C,not_found,,,,,,,exact_variant_id_not_observed_in_complete_gene_level_public_api_subset,False,2026-05-11T00:14:07Z
2-47482858-C-G,found,,,,0.0001320868351173,193.0,1461160.0,,False,2026-05-11T00:14:07Z
2-47482893-G-C,found,,,,6.571252086372537e-06,1.0,152178.0,,False,2026-05-11T00:14:07Z
2-47482894-C-T,found,,,,6.851370479637042e-07,1.0,1459562.0,,False,2026-05-11T00:14:07Z
2-47482911-G-C,found,,,,6.566678048908618e-06,1.0,152284.0,,False,2026-05-11T00:14:07Z
2-47482918-A-G,not_found,,,,,,,exact_variant_id_not_observed_in_complete_gene_level_public_api_subset,False,2026-05-11T00:14:07Z
2-47482927-C-T,not_found,,,,,,,exact_variant_id_not_observed_in_complete_gene_level_public_api_subset,False,2026-05-11T00:14:07Z
2-47482929-C-G,not_found,,,,,,,exact_variant_id_not_observed_in_complete_gene_level_public_api_subset,False,2026-05-11T00:14:07Z
2-47482933-T-A,found,,,,6.852403343424639e-07,1.0,1459342.0,,False,2026-05-11T00:14:07Z
2-47482944-A-G,found,,,,6.855287620447404e-07,1.0,1458728.0,,False,2026-05-11T00:14:07Z
7-44145148-C-A,found,,,,5.9668899335137575e-05,87.0,1458046.0,,False,2026-05-11T00:14:07Z
7-44145167-G-A,not_found,,,,,,,exact_variant_id_not_observed_in_complete_gene_level_public_api_subset,False,2026-05-11T00:14:07Z
7-44145170-A-T,found,,,,4.871488754408354e-05,71.0,1457460.0,,False,2026-05-11T00:14:07Z
7-44145171-C-T,found,,,,0.0,0.0,1457848.0,,False,2026-05-11T00:14:07Z
7-44145173-G-A,found,,,,6.859811519818681e-07,1.0,1457766.0,,False,2026-05-11T00:14:07Z
7-44145173-G-T,found,,,,0.0,0.0,1457766.0,,False,2026-05-11T00:14:07Z
7-44145176-G-A,found,,,,1.37158595111942e-06,2.0,1458166.0,,False,2026-05-11T00:14:07Z
7-44145176-G-C,not_found,,,,,,,exact_variant_id_not_observed_in_complete_gene_level_public_api_subset,False,2026-05-11T00:14:07Z
7-44145180-C-G,not_found,,,,,,,exact_variant_id_not_observed_in_complete_gene_level_public_api_subset,False,2026-05-11T00:14:07Z
7-44145186-C-A,not_found,,,,,,,exact_variant_id_not_observed_in_complete_gene_level_public_api_subset,False,2026-05-11T00:14:07Z
7-44145189-C-A,not_found,,,,,,,exact_variant_id_not_observed_in_complete_gene_level_public_api_subset,False,2026-05-11T00:14:07Z
7-44145189-C-T,found,,,,6.856895225269579e-07,1.0,1458386.0,,False,2026-05-11T00:14:07Z
7-44145194-C-G,not_found,,,,,,,exact_variant_id_not_observed_in_complete_gene_level_public_api_subset,False,2026-05-11T00:14:07Z
7-44145194-C-T,found,,,,6.855090247263105e-07,1.0,1458770.0,,False,2026-05-11T00:14:07Z
7-44145195-G-C,not_found,,,,,,,exact_variant_id_not_observed_in_complete_gene_level_public_api_subset,False,2026-05-11T00:14:07Z
7-44145212-G-C,not_found,,,,,,,exact_variant_id_not_observed_in_complete_gene_level_public_api_subset,False,2026-05-11T00:14:07Z
7-44145224-G-A,found,,,,3.4241462576135893e-06,5.0,1460218.0,,False,2026-05-11T00:14:07Z
7-44145227-A-T,not_found,,,,,,,exact_variant_id_not_observed_in_complete_gene_level_public_api_subset,False,2026-05-11T00:14:07Z
7-44145228-T-A,found,,,,2.739103162842422e-06,4.0,1460332.0,,False,2026-05-11T00:14:07Z
7-44145233-C-A,not_found,,,,,,,exact_variant_id_not_observed_in_complete_gene_level_public_api_subset,False,2026-05-11T00:14:07Z
7-44145264-G-A,not_found,,,,,,,exact_variant_id_not_observed_in_complete_gene_level_public_api_subset,False,2026-05-11T00:14:07Z
7-44145266-A-T,not_found,,,,,,,exact_variant_id_not_observed_in_complete_gene_level_public_api_subset,False,2026-05-11T00:14:07Z
7-44145274-C-A,not_found,,,,,,,exact_variant_id_not_observed_in_complete_gene_level_public_api_subset,False,2026-05-11T00:14:07Z
7-44145278-A-G,not_found,,,,,,,exact_variant_id_not_observed_in_complete_gene_level_public_api_subset,False,2026-05-11T00:14:07Z
7-44145502-G-C,not_found,,,,,,,exact_variant_id_not_observed_in_complete_gene_level_public_api_subset,False,2026-05-11T00:14:07Z
7-44145503-T-C,found,,,,0.0,0.0,1451106.0,,False,2026-05-11T00:14:07Z
7-44145503-T-G,not_found,,,,,,,exact_variant_id_not_observed_in_complete_gene_level_public_api_subset,False,2026-05-11T00:14:07Z
7-44145504-G-A,found,,,,0.0,0.0,1452236.0,,False,2026-05-11T00:14:07Z
7-44145504-G-C,not_found,,,,,,,exact_variant_id_not_observed_in_complete_gene_level_public_api_subset,False,2026-05-11T00:14:07Z
7-44145509-T-A,found,,,,6.87579157550513e-07,1.0,1454378.0,,False,2026-05-11T00:14:07Z
7-44145510-T-C,found,,,,6.873617543671529e-07,1.0,1454838.0,,False,2026-05-11T00:14:07Z
7-44145515-A-C,found,,,,6.867301754732944e-07,1.0,1456176.0,,False,2026-05-11T00:14:07Z
7-44145515-A-G,not_found,,,,,,,exact_variant_id_not_observed_in_complete_gene_level_public_api_subset,False,2026-05-11T00:14:07Z
7-44145515-A-T,not_found,,,,,,,exact_variant_id_not_observed_in_complete_gene_level_public_api_subset,False,2026-05-11T00:14:07Z
7-44145516-C-G,not_found,,,,,,,exact_variant_id_not_observed_in_complete_gene_level_public_api_subset,False,2026-05-11T00:14:07Z
7-44145516-C-T,found,,,,0.0,0.0,1455948.0,,False,2026-05-11T00:14:07Z
7-44145518-G-A,not_found,,,,,,,exact_variant_id_not_observed_in_complete_gene_level_public_api_subset,False,2026-05-11T00:14:07Z
7-44145519-A-G,not_found,,,,,,,exact_variant_id_not_observed_in_complete_gene_level_public_api_subset,False,2026-05-11T00:14:07Z
7-44145521-C-T,found,,,,0.0,0.0,1456610.0,,False,2026-05-11T00:14:07Z
7-44145522-C-A,found,,,,0.0,0.0,1456968.0,,False,2026-05-11T00:14:07Z
7-44145522-C-G,found,,,,6.86356872628637e-07,1.0,1456968.0,,False,2026-05-11T00:14:07Z
7-44145522-C-T,not_found,,,,,,,exact_variant_id_not_observed_in_complete_gene_level_public_api_subset,False,2026-05-11T00:14:07Z
7-44145560-C-A,found,,,,1.3746176844565104e-06,2.0,1454950.0,,False,2026-05-11T00:14:07Z
7-44145560-C-G,not_found,,,,,,,exact_variant_id_not_observed_in_complete_gene_level_public_api_subset,False,2026-05-11T00:14:07Z
7-44145560-C-T,found,,,,6.873088422282552e-07,1.0,1454950.0,,False,2026-05-11T00:14:07Z
7-44145561-G-A,found,,,,1.3743456396823062e-06,2.0,1455238.0,,False,2026-05-11T00:14:07Z
7-44145561-G-C,not_found,,,,,,,exact_variant_id_not_observed_in_complete_gene_level_public_api_subset,False,2026-05-11T00:14:07Z
7-44145569-C-A,not_found,,,,,,,exact_variant_id_not_observed_in_complete_gene_level_public_api_subset,False,2026-05-11T00:14:07Z
7-44145569-C-G,not_found,,,,,,,exact_variant_id_not_observed_in_complete_gene_level_public_api_subset,False,2026-05-11T00:14:07Z
7-44145570-G-T,found,,,,0.0,0.0,1452074.0,,False,2026-05-11T00:14:07Z
7-44145575-C-A,found,,,,0.0,0.0,1449272.0,,False,2026-05-11T00:14:07Z
7-44145575-C-G,not_found,,,,,,,exact_variant_id_not_observed_in_complete_gene_level_public_api_subset,False,2026-05-11T00:14:07Z
7-44145576-G-A,found,,,,2.7574644562831585e-06,4.0,1450608.0,,False,2026-05-11T00:14:07Z
7-44145576-G-C,not_found,,,,,,,exact_variant_id_not_observed_in_complete_gene_level_public_api_subset,False,2026-05-11T00:14:07Z
7-44145576-G-T,found,,,,0.0,0.0,1450608.0,,False,2026-05-11T00:14:07Z
7-44145584-A-T,not_found,,,,,,,exact_variant_id_not_observed_in_complete_gene_level_public_api_subset,False,2026-05-11T00:14:07Z
7-44145585-C-G,not_found,,,,,,,exact_variant_id_not_observed_in_complete_gene_level_public_api_subset,False,2026-05-11T00:14:07Z
7-44145587-C-T,not_found,,,,,,,exact_variant_id_not_observed_in_complete_gene_level_public_api_subset,False,2026-05-11T00:14:07Z
7-44145590-G-A,found,,,,1.377160075578545e-06,2.0,1452264.0,,False,2026-05-11T00:14:07Z
7-44145590-G-T,found,,,,6.885800377892725e-07,1.0,1452264.0,,False,2026-05-11T00:14:07Z
7-44145591-C-T,not_found,,,,,,,exact_variant_id_not_observed_in_complete_gene_level_public_api_subset,False,2026-05-11T00:14:07Z
7-44145593-A-C,not_found,,,,,,,exact_variant_id_not_observed_in_complete_gene_level_public_api_subset,False,2026-05-11T00:14:07Z
7-44145593-A-G,found,,,,6.878544169883532e-07,1.0,1453796.0,,False,2026-05-11T00:14:07Z
7-44145594-G-C,found,,,,6.878525244187646e-07,1.0,1453800.0,,False,2026-05-11T00:14:07Z
7-44145596-C-A,not_found,,,,,,,exact_variant_id_not_observed_in_complete_gene_level_public_api_subset,False,2026-05-11T00:14:07Z
7-44145597-C-A,not_found,,,,,,,exact_variant_id_not_observed_in_complete_gene_level_public_api_subset,False,2026-05-11T00:14:07Z
7-44145597-C-G,not_found,,,,,,,exact_variant_id_not_observed_in_complete_gene_level_public_api_subset,False,2026-05-11T00:14:07Z
7-44145599-G-A,found,,,,0.0,0.0,1454586.0,,False,2026-05-11T00:14:07Z
7-44145599-G-T,found,,,,0.0,0.0,1454586.0,,False,2026-05-11T00:14:07Z
7-44145600-C-T,not_found,,,,,,,exact_variant_id_not_observed_in_complete_gene_level_public_api_subset,False,2026-05-11T00:14:07Z
7-44145602-G-A,found,,,,1.3746649254244275e-06,2.0,1454900.0,,False,2026-05-11T00:14:07Z
7-44145602-G-C,not_found,,,,,,,exact_variant_id_not_observed_in_complete_gene_level_public_api_subset,False,2026-05-11T00:14:07Z
7-44145603-A-G,not_found,,,,,,,exact_variant_id_not_observed_in_complete_gene_level_public_api_subset,False,2026-05-11T00:14:07Z
7-44145603-A-T,not_found,,,,,,,exact_variant_id_not_observed_in_complete_gene_level_public_api_subset,False,2026-05-11T00:14:07Z
7-44145605-C-G,not_found,,,,,,,exact_variant_id_not_observed_in_complete_gene_level_public_api_subset,False,2026-05-11T00:14:07Z
7-44145605-C-T,not_found,,,,,,,exact_variant_id_not_observed_in_complete_gene_level_public_api_subset,False,2026-05-11T00:14:07Z
7-44145606-A-C,found,,,,6.872417689053339e-07,1.0,1455092.0,,False,2026-05-11T00:14:07Z
7-44145606-A-G,not_found,,,,,,,exact_variant_id_not_observed_in_complete_gene_level_public_api_subset,False,2026-05-11T00:14:07Z
7-44145608-A-C,not_found,,,,,,,exact_variant_id_not_observed_in_complete_gene_level_public_api_subset,False,2026-05-11T00:14:07Z
7-44145608-A-G,found,,,,6.870783915220023e-07,1.0,1455438.0,,False,2026-05-11T00:14:07Z
7-44145608-A-T,not_found,,,,,,,exact_variant_id_not_observed_in_complete_gene_level_public_api_subset,False,2026-05-11T00:14:07Z
7-44145611-T-G,not_found,,,,,,,exact_variant_id_not_observed_in_complete_gene_level_public_api_subset,False,2026-05-11T00:14:07Z
7-44145614-G-A,found,,,,0.0,0.0,1454696.0,,False,2026-05-11T00:14:07Z
7-44145614-G-C,not_found,,,,,,,exact_variant_id_not_observed_in_complete_gene_level_public_api_subset,False,2026-05-11T00:14:07Z
7-44145614-G-T,found,,,,0.0,0.0,1454700.0,,False,2026-05-11T00:14:07Z
7-44145617-G-A,not_found,,,,,,,exact_variant_id_not_observed_in_complete_gene_level_public_api_subset,False,2026-05-11T00:14:07Z
7-44145617-G-C,found,,,,4.123648989499815e-06,6.0,1455022.0,,False,2026-05-11T00:14:07Z
7-44145617-G-T,not_found,,,,,,,exact_variant_id_not_observed_in_complete_gene_level_public_api_subset,False,2026-05-11T00:14:07Z
7-44145618-C-G,found,,,,6.874666578670935e-07,1.0,1454616.0,,False,2026-05-11T00:14:07Z
7-44145618-C-T,found,,,,6.874666578670935e-07,1.0,1454616.0,,False,2026-05-11T00:14:07Z
7-44145620-C-A,not_found,,,,,,,exact_variant_id_not_observed_in_complete_gene_level_public_api_subset,False,2026-05-11T00:14:07Z
7-44145620-C-T,found,,,,0.0,0.0,1454470.0,,False,2026-05-11T00:14:07Z
7-44145621-G-A,not_found,,,,,,,exact_variant_id_not_observed_in_complete_gene_level_public_api_subset,False,2026-05-11T00:14:07Z
7-44145621-G-T,found,,,,0.0,0.0,1454578.0,,False,2026-05-11T00:14:07Z
7-44145626-G-A,not_found,,,,,,,exact_variant_id_not_observed_in_complete_gene_level_public_api_subset,False,2026-05-11T00:14:07Z
7-44145629-A-T,found,,,,6.875375567390368e-07,1.0,1454466.0,,False,2026-05-11T00:14:07Z
7-44145630-C-T,found,,,,0.0,0.0,1454376.0,,False,2026-05-11T00:14:07Z
7-44145637-G-C,not_found,,,,,,,exact_variant_id_not_observed_in_complete_gene_level_public_api_subset,False,2026-05-11T00:14:07Z
7-44145638-C-A,not_found,,,,,,,exact_variant_id_not_observed_in_complete_gene_level_public_api_subset,False,2026-05-11T00:14:07Z
7-44145638-C-T,not_found,,,,,,,exact_variant_id_not_observed_in_complete_gene_level_public_api_subset,False,2026-05-11T00:14:07Z
7-44145639-A-G,found,,,,0.0,0.0,1453820.0,,False,2026-05-11T00:14:07Z
7-44145644-C-G,not_found,,,,,,,exact_variant_id_not_observed_in_complete_gene_level_public_api_subset,False,2026-05-11T00:14:07Z
7-44145645-G-A,not_found,,,,,,,exact_variant_id_not_observed_in_complete_gene_level_public_api_subset,False,2026-05-11T00:14:07Z
7-44145651-C-T,found,,,,6.883345195631554e-07,1.0,1452782.0,,False,2026-05-11T00:14:07Z
7-44145662-T-C,not_found,,,,,,,exact_variant_id_not_observed_in_complete_gene_level_public_api_subset,False,2026-05-11T00:14:07Z
7-44145663-C-T,not_found,,,,,,,exact_variant_id_not_observed_in_complete_gene_level_public_api_subset,False,2026-05-11T00:14:07Z
7-44145695-A-C,not_found,,,,,,,exact_variant_id_not_observed_in_complete_gene_level_public_api_subset,False,2026-05-11T00:14:07Z
7-44145695-A-G,found,,,,0.0,0.0,1448474.0,,False,2026-05-11T00:14:07Z
7-44145708-T-A,found,,,,0.0,0.0,1445848.0,,False,2026-05-11T00:14:07Z
7-44145720-C-A,found,,,,0.0,0.0,1438394.0,,False,2026-05-11T00:14:07Z
7-44145726-T-G,found,,,,5.783956002910097e-05,83.0,1435004.0,,False,2026-05-11T00:14:07Z
7-44146463-C-G,not_found,,,,,,,exact_variant_id_not_observed_in_complete_gene_level_public_api_subset,False,2026-05-11T00:14:07Z
7-44146463-C-T,not_found,,,,,,,exact_variant_id_not_observed_in_complete_gene_level_public_api_subset,False,2026-05-11T00:14:07Z
7-44146466-T-C,not_found,,,,,,,exact_variant_id_not_observed_in_complete_gene_level_public_api_subset,False,2026-05-11T00:14:07Z
7-44146467-C-T,found,,,,6.886947993900919e-07,1.0,1452022.0,,False,2026-05-11T00:14:07Z
7-44146472-T-G,not_found,,,,,,,exact_variant_id_not_observed_in_complete_gene_level_public_api_subset,False,2026-05-11T00:14:07Z
7-44146487-G-A,found,,,,0.0,0.0,1454812.0,,False,2026-05-11T00:14:07Z
7-44146493-A-G,not_found,,,,,,,exact_variant_id_not_observed_in_complete_gene_level_public_api_subset,False,2026-05-11T00:14:07Z
7-44146506-T-G,not_found,,,,,,,exact_variant_id_not_observed_in_complete_gene_level_public_api_subset,False,2026-05-11T00:14:07Z
7-44146511-A-G,found,,,,6.863352033679842e-07,1.0,1457014.0,,False,2026-05-11T00:14:07Z
7-44146530-C-T,found,,,,6.85801441280309e-07,1.0,1458148.0,,False,2026-05-11T00:14:07Z
7-44146531-G-C,found,,,,1.0972070594302205e-05,16.0,1458248.0,,False,2026-05-11T00:14:07Z
7-44146538-A-T,found,,,,6.855607201129804e-07,1.0,1458660.0,,False,2026-05-11T00:14:07Z
7-44146541-A-C,not_found,,,,,,,exact_variant_id_not_observed_in_complete_gene_level_public_api_subset,False,2026-05-11T00:14:07Z
7-44146556-A-G,not_found,,,,,,,exact_variant_id_not_observed_in_complete_gene_level_public_api_subset,False,2026-05-11T00:14:07Z
7-44146565-A-T,not_found,,,,,,,exact_variant_id_not_observed_in_complete_gene_level_public_api_subset,False,2026-05-11T00:14:07Z
7-44146571-A-G,not_found,,,,,,,exact_variant_id_not_observed_in_complete_gene_level_public_api_subset,False,2026-05-11T00:14:07Z
7-44146574-C-A,found,,,,0.0,0.0,1460110.0,,False,2026-05-11T00:14:07Z
7-44146574-C-T,found,,,,6.848799063084288e-07,1.0,1460110.0,,False,2026-05-11T00:14:07Z
7-44146575-G-A,found,,,,6.84923062592379e-07,1.0,1460018.0,,False,2026-05-11T00:14:07Z
7-44146577-A-T,not_found,,,,,,,exact_variant_id_not_observed_in_complete_gene_level_public_api_subset,False,2026-05-11T00:14:07Z
7-44146583-T-C,not_found,,,,,,,exact_variant_id_not_observed_in_complete_gene_level_public_api_subset,False,2026-05-11T00:14:07Z
7-44146584-C-G,not_found,,,,,,,exact_variant_id_not_observed_in_complete_gene_level_public_api_subset,False,2026-05-11T00:14:07Z
7-44146584-C-T,found,,,,0.0,0.0,1460032.0,,False,2026-05-11T00:14:07Z
7-44146586-C-T,not_found,,,,,,,exact_variant_id_not_observed_in_complete_gene_level_public_api_subset,False,2026-05-11T00:14:07Z
7-44146587-C-G,not_found,,,,,,,exact_variant_id_not_observed_in_complete_gene_level_public_api_subset,False,2026-05-11T00:14:07Z
7-44146587-C-T,not_found,,,,,,,exact_variant_id_not_observed_in_complete_gene_level_public_api_subset,False,2026-05-11T00:14:07Z
7-44146598-C-A,not_found,,,,,,,exact_variant_id_not_observed_in_complete_gene_level_public_api_subset,False,2026-05-11T00:14:07Z
7-44146598-C-T,found,,,,0.0,0.0,1459490.0,,False,2026-05-11T00:14:07Z
7-44146599-C-T,not_found,,,,,,,exact_variant_id_not_observed_in_complete_gene_level_public_api_subset,False,2026-05-11T00:14:07Z
7-44146601-C-A,not_found,,,,,,,exact_variant_id_not_observed_in_complete_gene_level_public_api_subset,False,2026-05-11T00:14:07Z
7-44146601-C-T,found,,,,6.852131012744964e-07,1.0,1459400.0,,False,2026-05-11T00:14:07Z
7-44146604-A-C,found,,,,6.853051389661761e-07,1.0,1459204.0,,False,2026-05-11T00:14:07Z
7-44146616-T-C,not_found,,,,,,,exact_variant_id_not_observed_in_complete_gene_level_public_api_subset,False,2026-05-11T00:14:07Z
7-44147678-C-G,found,,,,4.5257991121205015e-05,66.0,1458306.0,,False,2026-05-11T00:14:07Z
7-44147679-G-T,found,,,,6.856199444099349e-07,1.0,1458534.0,,False,2026-05-11T00:14:07Z
7-44147683-A-C,not_found,,,,,,,exact_variant_id_not_observed_in_complete_gene_level_public_api_subset,False,2026-05-11T00:14:07Z
7-44147689-C-A,not_found,,,,,,,exact_variant_id_not_observed_in_complete_gene_level_public_api_subset,False,2026-05-11T00:14:07Z
7-44147689-C-G,not_found,,,,,,,exact_variant_id_not_observed_in_complete_gene_level_public_api_subset,False,2026-05-11T00:14:07Z
7-44147690-G-A,found,,,,2.7399174462873434e-06,4.0,1459898.0,,False,2026-05-11T00:14:07Z
7-44147690-G-C,found,,,,6.849793615718359e-07,1.0,1459898.0,,False,2026-05-11T00:14:07Z
7-44147691-G-T,found,,,,6.847711015638802e-07,1.0,1460342.0,,False,2026-05-11T00:14:07Z
7-44147692-T-C,not_found,,,,,,,exact_variant_id_not_observed_in_complete_gene_level_public_api_subset,False,2026-05-11T00:14:07Z
7-44147692-T-G,not_found,,,,,,,exact_variant_id_not_observed_in_complete_gene_level_public_api_subset,False,2026-05-11T00:14:07Z
7-44147693-C-A,not_found,,,,,,,exact_variant_id_not_observed_in_complete_gene_level_public_api_subset,False,2026-05-11T00:14:07Z
7-44147693-C-T,not_found,,,,,,,exact_variant_id_not_observed_in_complete_gene_level_public_api_subset,False,2026-05-11T00:14:07Z
7-44147701-A-G,not_found,,,,,,,exact_variant_id_not_observed_in_complete_gene_level_public_api_subset,False,2026-05-11T00:14:07Z
7-44147711-C-T,not_found,,,,,,,exact_variant_id_not_observed_in_complete_gene_level_public_api_subset,False,2026-05-11T00:14:07Z
7-44147720-C-T,found,,,,2.053196964553608e-06,3.0,1461136.0,,False,2026-05-11T00:14:07Z
7-44147723-C-T,not_found,,,,,,,exact_variant_id_not_observed_in_complete_gene_level_public_api_subset,False,2026-05-11T00:14:07Z
7-44147726-A-G,found,,,,6.843914938350014e-07,1.0,1461152.0,,False,2026-05-11T00:14:07Z
7-44147731-C-T,not_found,,,,,,,exact_variant_id_not_observed_in_complete_gene_level_public_api_subset,False,2026-05-11T00:14:07Z
7-44147732-C-G,not_found,,,,,,,exact_variant_id_not_observed_in_complete_gene_level_public_api_subset,False,2026-05-11T00:14:07Z
7-44147734-A-G,not_found,,,,,,,exact_variant_id_not_observed_in_complete_gene_level_public_api_subset,False,2026-05-11T00:14:07Z
7-44147737-G-A,not_found,,,,,,,exact_variant_id_not_observed_in_complete_gene_level_public_api_subset,False,2026-05-11T00:14:07Z
7-44147738-C-A,not_found,,,,,,,exact_variant_id_not_observed_in_complete_gene_level_public_api_subset,False,2026-05-11T00:14:07Z
7-44147738-C-T,found,,,,6.843624547807508e-07,1.0,1461214.0,,False,2026-05-11T00:14:07Z
7-44147744-A-G,not_found,,,,,,,exact_variant_id_not_observed_in_complete_gene_level_public_api_subset,False,2026-05-11T00:14:07Z
7-44147747-C-G,not_found,,,,,,,exact_variant_id_not_observed_in_complete_gene_level_public_api_subset,False,2026-05-11T00:14:07Z
7-44147747-C-T,found,,,,1.3686968090202594e-06,2.0,1461244.0,,False,2026-05-11T00:14:07Z
7-44147749-G-A,not_found,,,,,,,exact_variant_id_not_observed_in_complete_gene_level_public_api_subset,False,2026-05-11T00:14:07Z
7-44147749-G-C,not_found,,,,,,,exact_variant_id_not_observed_in_complete_gene_level_public_api_subset,False,2026-05-11T00:14:07Z
7-44147750-T-C,not_found,,,,,,,exact_variant_id_not_observed_in_complete_gene_level_public_api_subset,False,2026-05-11T00:14:07Z
7-44147756-C-A,not_found,,,,,,,exact_variant_id_not_observed_in_complete_gene_level_public_api_subset,False,2026-05-11T00:14:07Z
7-44147756-C-G,found,,,,6.843427845634167e-07,1.0,1461256.0,,False,2026-05-11T00:14:07Z
7-44147760-C-T,not_found,,,,,,,exact_variant_id_not_observed_in_complete_gene_level_public_api_subset,False,2026-05-11T00:14:07Z
7-44147761-A-G,found,,,,6.843315449468958e-07,1.0,1461280.0,,False,2026-05-11T00:14:07Z
7-44147761-A-T,not_found,,,,,,,exact_variant_id_not_observed_in_complete_gene_level_public_api_subset,False,2026-05-11T00:14:07Z
7-44147762-T-C,not_found,,,,,,,exact_variant_id_not_observed_in_complete_gene_level_public_api_subset,False,2026-05-11T00:14:07Z
7-44147764-C-T,found,,,,1.368661216657702e-06,2.0,1461282.0,,False,2026-05-11T00:14:07Z
7-44147765-G-A,found,,,,2.7373261797875838e-06,4.0,1461280.0,,False,2026-05-11T00:14:07Z
7-44147776-C-G,not_found,,,,,,,exact_variant_id_not_observed_in_complete_gene_level_public_api_subset,False,2026-05-11T00:14:07Z
7-44147776-C-T,not_found,,,,,,,exact_variant_id_not_observed_in_complete_gene_level_public_api_subset,False,2026-05-11T00:14:07Z
7-44147777-C-T,found,,,,6.843277984900992e-07,1.0,1461288.0,,False,2026-05-11T00:14:07Z
7-44147782-A-C,not_found,,,,,,,exact_variant_id_not_observed_in_complete_gene_level_public_api_subset,False,2026-05-11T00:14:07Z
7-44147785-A-G,found,,,,6.843287351004526e-07,1.0,1461286.0,,False,2026-05-11T00:14:07Z
7-44147807-C-T,not_found,,,,,,,exact_variant_id_not_observed_in_complete_gene_level_public_api_subset,False,2026-05-11T00:14:07Z
7-44147809-A-C,not_found,,,,,,,exact_variant_id_not_observed_in_complete_gene_level_public_api_subset,False,2026-05-11T00:14:07Z
7-44147809-A-G,found,,,,6.843474678459342e-07,1.0,1461246.0,,False,2026-05-11T00:14:07Z
7-44147810-T-C,not_found,,,,,,,exact_variant_id_not_observed_in_complete_gene_level_public_api_subset,False,2026-05-11T00:14:07Z
7-44147818-G-T,not_found,,,,,,,exact_variant_id_not_observed_in_complete_gene_level_public_api_subset,False,2026-05-11T00:14:07Z
7-44147824-C-T,not_found,,,,,,,exact_variant_id_not_observed_in_complete_gene_level_public_api_subset,False,2026-05-11T00:14:07Z
7-44147825-A-G,not_found,,,,,,,exact_variant_id_not_observed_in_complete_gene_level_public_api_subset,False,2026-05-11T00:14:07Z
7-44147828-C-G,not_found,,,,,,,exact_variant_id_not_observed_in_complete_gene_level_public_api_subset,False,2026-05-11T00:14:07Z
7-44147830-G-A,found,,,,2.0533824684942683e-06,3.0,1461004.0,,False,2026-05-11T00:14:07Z
7-44147830-G-C,found,,,,6.844608228314228e-07,1.0,1461004.0,,False,2026-05-11T00:14:07Z
7-44147830-G-T,not_found,,,,,,,exact_variant_id_not_observed_in_complete_gene_level_public_api_subset,False,2026-05-11T00:14:07Z
7-44147831-T-C,not_found,,,,,,,exact_variant_id_not_observed_in_complete_gene_level_public_api_subset,False,2026-05-11T00:14:07Z
7-44149760-C-G,not_found,,,,,,,exact_variant_id_not_observed_in_complete_gene_level_public_api_subset,False,2026-05-11T00:14:07Z
7-44149760-C-T,not_found,,,,,,,exact_variant_id_not_observed_in_complete_gene_level_public_api_subset,False,2026-05-11T00:14:07Z
7-44149762-A-C,not_found,,,,,,,exact_variant_id_not_observed_in_complete_gene_level_public_api_subset,False,2026-05-11T00:14:07Z
7-44149762-A-G,not_found,,,,,,,exact_variant_id_not_observed_in_complete_gene_level_public_api_subset,False,2026-05-11T00:14:07Z
7-44149763-C-T,found,,,,1.2314883357529798e-05,18.0,1461646.0,,False,2026-05-11T00:14:07Z
7-44149768-A-G,not_found,,,,,,,exact_variant_id_not_observed_in_complete_gene_level_public_api_subset,False,2026-05-11T00:14:07Z
7-44149772-C-G,found,,,,6.841255507210683e-07,1.0,1461720.0,,False,2026-05-11T00:14:07Z
7-44149772-C-T,found,,,,6.841255507210683e-07,1.0,1461720.0,,False,2026-05-11T00:14:07Z
7-44149778-C-T,found,,,,2.7363898808302205e-06,4.0,1461780.0,,False,2026-05-11T00:14:07Z
7-44149780-C-T,not_found,,,,,,,exact_variant_id_not_observed_in_complete_gene_level_public_api_subset,False,2026-05-11T00:14:07Z
7-44149781-A-G,not_found,,,,,,,exact_variant_id_not_observed_in_complete_gene_level_public_api_subset,False,2026-05-11T00:14:07Z
7-44149790-C-T,found,,,,0.0001443410114542,211.0,1461816.0,,False,2026-05-11T00:14:07Z
7-44149798-T-C,not_found,,,,,,,exact_variant_id_not_observed_in_complete_gene_level_public_api_subset,False,2026-05-11T00:14:07Z
7-44149802-A-G,not_found,,,,,,,exact_variant_id_not_observed_in_complete_gene_level_public_api_subset,False,2026-05-11T00:14:07Z
7-44149807-A-G,not_found,,,,,,,exact_variant_id_not_observed_in_complete_gene_level_public_api_subset,False,2026-05-11T00:14:07Z
7-44149809-C-A,not_found,,,,,,,exact_variant_id_not_observed_in_complete_gene_level_public_api_subset,False,2026-05-11T00:14:07Z
7-44149810-A-G,found,,,,6.84070327902271e-07,1.0,1461838.0,,False,2026-05-11T00:14:07Z
7-44149810-A-T,not_found,,,,,,,exact_variant_id_not_observed_in_complete_gene_level_public_api_subset,False,2026-05-11T00:14:07Z
7-44149811-T-C,not_found,,,,,,,exact_variant_id_not_observed_in_complete_gene_level_public_api_subset,False,2026-05-11T00:14:07Z
7-44149813-G-A,found,,,,6.840740715404664e-07,1.0,1461830.0,,False,2026-05-11T00:14:07Z
7-44149813-G-C,not_found,,,,,,,exact_variant_id_not_observed_in_complete_gene_level_public_api_subset,False,2026-05-11T00:14:07Z
7-44149814-T-C,not_found,,,,,,,exact_variant_id_not_observed_in_complete_gene_level_public_api_subset,False,2026-05-11T00:14:07Z
7-44149816-G-A,not_found,,,,,,,exact_variant_id_not_observed_in_complete_gene_level_public_api_subset,False,2026-05-11T00:14:07Z
7-44149817-C-G,not_found,,,,,,,exact_variant_id_not_observed_in_complete_gene_level_public_api_subset,False,2026-05-11T00:14:07Z
7-44149817-C-T,found,,,,6.840675202005138e-07,1.0,1461844.0,,False,2026-05-11T00:14:07Z
7-44149822-G-A,found,,,,1.3681575022916638e-06,2.0,1461820.0,,False,2026-05-11T00:14:07Z
7-44149823-T-C,not_found,,,,,,,exact_variant_id_not_observed_in_complete_gene_level_public_api_subset,False,2026-05-11T00:14:07Z
7-44149823-T-G,not_found,,,,,,,exact_variant_id_not_observed_in_complete_gene_level_public_api_subset,False,2026-05-11T00:14:07Z
7-44149825-T-A,not_found,,,,,,,exact_variant_id_not_observed_in_complete_gene_level_public_api_subset,False,2026-05-11T00:14:07Z
7-44149825-T-C,not_found,,,,,,,exact_variant_id_not_observed_in_complete_gene_level_public_api_subset,False,2026-05-11T00:14:07Z
7-44149826-C-A,found,,,,0.0,0.0,1461848.0,,False,2026-05-11T00:14:07Z
7-44149826-C-G,not_found,,,,,,,exact_variant_id_not_observed_in_complete_gene_level_public_api_subset,False,2026-05-11T00:14:07Z
7-44149827-A-T,not_found,,,,,,,exact_variant_id_not_observed_in_complete_gene_level_public_api_subset,False,2026-05-11T00:14:07Z
7-44149831-A-G,not_found,,,,,,,exact_variant_id_not_observed_in_complete_gene_level_public_api_subset,False,2026-05-11T00:14:07Z
7-44149834-A-C,not_found,,,,,,,exact_variant_id_not_observed_in_complete_gene_level_public_api_subset,False,2026-05-11T00:14:07Z
7-44149834-A-G,found,,,,2.0521913299020696e-06,3.0,1461852.0,,False,2026-05-11T00:14:07Z
7-44149838-C-A,found,,,,2.052225022369253e-06,3.0,1461828.0,,False,2026-05-11T00:14:07Z
7-44149841-C-A,not_found,,,,,,,exact_variant_id_not_observed_in_complete_gene_level_public_api_subset,False,2026-05-11T00:14:07Z
7-44149846-T-A,not_found,,,,,,,exact_variant_id_not_observed_in_complete_gene_level_public_api_subset,False,2026-05-11T00:14:07Z
7-44149849-A-T,not_found,,,,,,,exact_variant_id_not_observed_in_complete_gene_level_public_api_subset,False,2026-05-11T00:14:07Z
7-44149976-C-T,not_found,,,,,,,exact_variant_id_not_observed_in_complete_gene_level_public_api_subset,False,2026-05-11T00:14:07Z
7-44149977-G-A,found,,,,1.0946652855639647e-05,16.0,1461634.0,,False,2026-05-11T00:14:07Z
7-44149981-G-C,found,,,,1.3683222453620716e-06,2.0,1461644.0,,False,2026-05-11T00:14:07Z
7-44149982-A-G,found,,,,6.841517612802942e-07,1.0,1461664.0,,False,2026-05-11T00:14:07Z
7-44149986-C-G,not_found,,,,,,,exact_variant_id_not_observed_in_complete_gene_level_public_api_subset,False,2026-05-11T00:14:07Z
7-44149986-C-T,found,GCK,p.Ala188Thr,804849.0,2.0524524754629305e-06,3.0,1461666.0,,False,2026-05-11T00:14:07Z
7-44149989-C-A,not_found,,,,,,,exact_variant_id_not_observed_in_complete_gene_level_public_api_subset,False,2026-05-11T00:14:07Z
7-44149989-C-G,not_found,,,,,,,exact_variant_id_not_observed_in_complete_gene_level_public_api_subset,False,2026-05-11T00:14:07Z
7-44149994-A-G,not_found,,,,,,,exact_variant_id_not_observed_in_complete_gene_level_public_api_subset,False,2026-05-11T00:14:07Z
7-44150004-C-A,not_found,,,,,,,exact_variant_id_not_observed_in_complete_gene_level_public_api_subset,False,2026-05-11T00:14:07Z
7-44150004-C-T,found,,,,2.0524609006198438e-06,3.0,1461660.0,,False,2026-05-11T00:14:07Z
7-44150015-C-A,not_found,,,,,,,exact_variant_id_not_observed_in_complete_gene_level_public_api_subset,False,2026-05-11T00:14:07Z
7-44150015-C-G,not_found,,,,,,,exact_variant_id_not_observed_in_complete_gene_level_public_api_subset,False,2026-05-11T00:14:07Z
7-44150015-C-T,not_found,,,,,,,exact_variant_id_not_observed_in_complete_gene_level_public_api_subset,False,2026-05-11T00:14:07Z
7-44150016-C-G,not_found,,,,,,,exact_variant_id_not_observed_in_complete_gene_level_public_api_subset,False,2026-05-11T00:14:07Z
7-44150017-T-A,not_found,,,,,,,exact_variant_id_not_observed_in_complete_gene_level_public_api_subset,False,2026-05-11T00:14:07Z
7-44150024-C-T,not_found,,,,,,,exact_variant_id_not_observed_in_complete_gene_level_public_api_subset,False,2026-05-11T00:14:07Z
7-44150025-C-G,not_found,,,,,,,exact_variant_id_not_observed_in_complete_gene_level_public_api_subset,False,2026-05-11T00:14:07Z
7-44150027-G-A,not_found,,,,,,,exact_variant_id_not_observed_in_complete_gene_level_public_api_subset,False,2026-05-11T00:14:07Z
7-44150036-A-C,not_found,,,,,,,exact_variant_id_not_observed_in_complete_gene_level_public_api_subset,False,2026-05-11T00:14:07Z
7-44150037-A-C,not_found,,,,,,,exact_variant_id_not_observed_in_complete_gene_level_public_api_subset,False,2026-05-11T00:14:07Z
7-44150039-C-A,not_found,,,,,,,exact_variant_id_not_observed_in_complete_gene_level_public_api_subset,False,2026-05-11T00:14:07Z
7-44150045-G-A,not_found,,,,,,,exact_variant_id_not_observed_in_complete_gene_level_public_api_subset,False,2026-05-11T00:14:07Z
7-44150045-G-T,not_found,,,,,,,exact_variant_id_not_observed_in_complete_gene_level_public_api_subset,False,2026-05-11T00:14:07Z
7-44150046-T-C,not_found,,,,,,,exact_variant_id_not_observed_in_complete_gene_level_public_api_subset,False,2026-05-11T00:14:07Z
7-44150046-T-G,not_found,,,,,,,exact_variant_id_not_observed_in_complete_gene_level_public_api_subset,False,2026-05-11T00:14:07Z
7-44150047-C-G,not_found,,,,,,,exact_variant_id_not_observed_in_complete_gene_level_public_api_subset,False,2026-05-11T00:14:07Z
7-44150055-G-A,found,,,,6.842107423823397e-07,1.0,1461538.0,,False,2026-05-11T00:14:07Z
7-44150057-A-G,not_found,,,,,,,exact_variant_id_not_observed_in_complete_gene_level_public_api_subset,False,2026-05-11T00:14:07Z
7-44150058-G-A,not_found,,,,,,,exact_variant_id_not_observed_in_complete_gene_level_public_api_subset,False,2026-05-11T00:14:07Z
7-44150957-T-C,not_found,,,,,,,exact_variant_id_not_observed_in_complete_gene_level_public_api_subset,False,2026-05-11T00:14:07Z
7-44150959-A-C,not_found,,,,,,,exact_variant_id_not_observed_in_complete_gene_level_public_api_subset,False,2026-05-11T00:14:07Z
7-44150961-C-G,not_found,,,,,,,exact_variant_id_not_observed_in_complete_gene_level_public_api_subset,False,2026-05-11T00:14:07Z
7-44150961-C-T,found,,,,2.736655724604861e-06,4.0,1461638.0,,False,2026-05-11T00:14:07Z
7-44150964-T-C,found,,,,6.841442723441519e-07,1.0,1461680.0,,False,2026-05-11T00:14:07Z
7-44150970-C-T,found,,,,1.3682623342008117e-06,2.0,1461708.0,,False,2026-05-11T00:14:07Z
7-44150973-G-A,not_found,,,,,,,exact_variant_id_not_observed_in_complete_gene_level_public_api_subset,False,2026-05-11T00:14:07Z
7-44150973-G-T,not_found,,,,,,,exact_variant_id_not_observed_in_complete_gene_level_public_api_subset,False,2026-05-11T00:14:07Z
7-44150974-C-A,not_found,,,,,,,exact_variant_id_not_observed_in_complete_gene_level_public_api_subset,False,2026-05-11T00:14:07Z
7-44150975-C-G,not_found,,,,,,,exact_variant_id_not_observed_in_complete_gene_level_public_api_subset,False,2026-05-11T00:14:07Z
7-44150978-A-C,not_found,,,,,,,exact_variant_id_not_observed_in_complete_gene_level_public_api_subset,False,2026-05-11T00:14:07Z
7-44150978-A-G,found,,,,2.0522474846286665e-06,3.0,1461812.0,,False,2026-05-11T00:14:07Z
7-44150979-C-T,not_found,,,,,,,exact_variant_id_not_observed_in_complete_gene_level_public_api_subset,False,2026-05-11T00:14:07Z
7-44150981-G-T,not_found,,,,,,,exact_variant_id_not_observed_in_complete_gene_level_public_api_subset,False,2026-05-11T00:14:07Z
7-44150982-G-A,not_found,,,,,,,exact_variant_id_not_observed_in_complete_gene_level_public_api_subset,False,2026-05-11T00:14:07Z
7-44150984-A-G,not_found,,,,,,,exact_variant_id_not_observed_in_complete_gene_level_public_api_subset,False,2026-05-11T00:14:07Z
7-44150985-A-G,not_found,,,,,,,exact_variant_id_not_observed_in_complete_gene_level_public_api_subset,False,2026-05-11T00:14:07Z
7-44150985-A-T,not_found,,,,,,,exact_variant_id_not_observed_in_complete_gene_level_public_api_subset,False,2026-05-11T00:14:07Z
7-44150987-G-T,not_found,,,,,,,exact_variant_id_not_observed_in_complete_gene_level_public_api_subset,False,2026-05-11T00:14:07Z
7-44150989-G-T,not_found,,,,,,,exact_variant_id_not_observed_in_complete_gene_level_public_api_subset,False,2026-05-11T00:14:07Z
7-44150990-A-G,found,,,,6.840843667567834e-07,1.0,1461808.0,,False,2026-05-11T00:14:07Z
7-44150990-A-T,not_found,,,,,,,exact_variant_id_not_observed_in_complete_gene_level_public_api_subset,False,2026-05-11T00:14:07Z
7-44151002-A-C,not_found,,,,,,,exact_variant_id_not_observed_in_complete_gene_level_public_api_subset,False,2026-05-11T00:14:07Z
7-44151002-A-G,not_found,,,,,,,exact_variant_id_not_observed_in_complete_gene_level_public_api_subset,False,2026-05-11T00:14:07Z
7-44151029-T-C,not_found,,,,,,,exact_variant_id_not_observed_in_complete_gene_level_public_api_subset,False,2026-05-11T00:14:07Z
7-44151030-G-C,not_found,,,,,,,exact_variant_id_not_observed_in_complete_gene_level_public_api_subset,False,2026-05-11T00:14:07Z
7-44151048-A-G,found,,,,6.840806230059049e-07,1.0,1461816.0,,False,2026-05-11T00:14:07Z
7-44151050-A-G,found,,,,6.840824948762221e-07,1.0,1461812.0,,False,2026-05-11T00:14:07Z
7-44151050-A-T,not_found,,,,,,,exact_variant_id_not_observed_in_complete_gene_level_public_api_subset,False,2026-05-11T00:14:07Z
7-44151053-C-A,not_found,,,,,,,exact_variant_id_not_observed_in_complete_gene_level_public_api_subset,False,2026-05-11T00:14:07Z
7-44151053-C-T,found,,,,1.3681743491936664e-06,2.0,1461802.0,,False,2026-05-11T00:14:07Z
7-44151069-C-G,not_found,,,,,,,exact_variant_id_not_observed_in_complete_gene_level_public_api_subset,False,2026-05-11T00:14:07Z
7-44151069-C-T,found,,,,1.6420181497739488e-05,24.0,1461616.0,,False,2026-05-11T00:14:07Z
7-44151074-A-G,not_found,,,,,,,exact_variant_id_not_observed_in_complete_gene_level_public_api_subset,False,2026-05-11T00:14:07Z
7-44151075-G-A,found,,,,6.8418078245651e-07,1.0,1461602.0,,False,2026-05-11T00:14:07Z
7-44151075-G-C,not_found,,,,,,,exact_variant_id_not_observed_in_complete_gene_level_public_api_subset,False,2026-05-11T00:14:07Z
7-44151075-G-T,found,,,,6.8418078245651e-07,1.0,1461602.0,,False,2026-05-11T00:14:07Z
7-44152278-G-T,found,,,,6.840497386245948e-07,1.0,1461882.0,,False,2026-05-11T00:14:07Z
7-44152284-C-A,not_found,,,,,,,exact_variant_id_not_observed_in_complete_gene_level_public_api_subset,False,2026-05-11T00:14:07Z
7-44152285-C-G,found,,,,6.840469310918484e-07,1.0,1461888.0,,False,2026-05-11T00:14:07Z
7-44152305-A-T,not_found,,,,,,,exact_variant_id_not_observed_in_complete_gene_level_public_api_subset,False,2026-05-11T00:14:07Z
7-44152312-A-G,found,,,,6.840441235821475e-07,1.0,1461894.0,,False,2026-05-11T00:14:07Z
7-44152317-T-G,found,,,,6.840450594161539e-07,1.0,1461892.0,,False,2026-05-11T00:14:07Z
7-44152326-G-C,found,,,,4.7883088650750325e-06,7.0,1461894.0,,False,2026-05-11T00:14:07Z
7-44152363-C-A,not_found,,,,,,,exact_variant_id_not_observed_in_complete_gene_level_public_api_subset,False,2026-05-11T00:14:07Z
7-44152365-T-G,not_found,,,,,,,exact_variant_id_not_observed_in_complete_gene_level_public_api_subset,False,2026-05-11T00:14:07Z
7-44152389-G-A,not_found,,,,,,,exact_variant_id_not_observed_in_complete_gene_level_public_api_subset,False,2026-05-11T00:14:07Z
7-44152392-C-A,not_found,,,,,,,exact_variant_id_not_observed_in_complete_gene_level_public_api_subset,False,2026-05-11T00:14:07Z
7-44152392-C-T,not_found,,,,,,,exact_variant_id_not_observed_in_complete_gene_level_public_api_subset,False,2026-05-11T00:14:07Z
7-44152396-C-A,not_found,,,,,,,exact_variant_id_not_observed_in_complete_gene_level_public_api_subset,False,2026-05-11T00:14:07Z
7-44152396-C-T,not_found,,,,,,,exact_variant_id_not_observed_in_complete_gene_level_public_api_subset,False,2026-05-11T00:14:07Z
7-44152400-G-C,not_found,,,,,,,exact_variant_id_not_observed_in_complete_gene_level_public_api_subset,False,2026-05-11T00:14:07Z
7-44152401-T-C,not_found,,,,,,,exact_variant_id_not_observed_in_complete_gene_level_public_api_subset,False,2026-05-11T00:14:07Z
7-44152402-C-A,not_found,,,,,,,exact_variant_id_not_observed_in_complete_gene_level_public_api_subset,False,2026-05-11T00:14:07Z
7-44152402-C-G,not_found,,,,,,,exact_variant_id_not_observed_in_complete_gene_level_public_api_subset,False,2026-05-11T00:14:07Z
7-44152402-C-T,not_found,,,,,,,exact_variant_id_not_observed_in_complete_gene_level_public_api_subset,False,2026-05-11T00:14:07Z
7-44152404-A-G,not_found,,,,,,,exact_variant_id_not_observed_in_complete_gene_level_public_api_subset,False,2026-05-11T00:14:07Z
7-44152420-C-T,found,,,,6.840525461803874e-07,1.0,1461876.0,,False,2026-05-11T00:14:07Z
7-44153301-C-T,not_found,,,,,,,exact_variant_id_not_observed_in_complete_gene_level_public_api_subset,False,2026-05-11T00:14:07Z
7-44153306-C-T,found,,,,4.378385552422273e-05,64.0,1461726.0,,False,2026-05-11T00:14:07Z
7-44153324-A-G,found,,,,6.840871745968332e-07,1.0,1461802.0,,False,2026-05-11T00:14:07Z
7-44153325-C-T,found,,,,1.3681724772951775e-06,2.0,1461804.0,,False,2026-05-11T00:14:07Z
7-44153330-G-A,found,,,,6.840740715404664e-07,1.0,1461830.0,,False,2026-05-11T00:14:07Z
7-44153334-G-A,found,,,,6.840693919991244e-07,1.0,1461840.0,,False,2026-05-11T00:14:07Z
7-44153338-C-T,not_found,,,,,,,exact_variant_id_not_observed_in_complete_gene_level_public_api_subset,False,2026-05-11T00:14:07Z
7-44153339-A-C,not_found,,,,,,,exact_variant_id_not_observed_in_complete_gene_level_public_api_subset,False,2026-05-11T00:14:07Z
7-44153339-A-G,not_found,,,,,,,exact_variant_id_not_observed_in_complete_gene_level_public_api_subset,False,2026-05-11T00:14:07Z
7-44153339-A-T,found,,,,6.840665843050499e-07,1.0,1461846.0,,False,2026-05-11T00:14:07Z
7-44153342-T-G,not_found,,,,,,,exact_variant_id_not_observed_in_complete_gene_level_public_api_subset,False,2026-05-11T00:14:07Z
7-44153347-A-C,found,,,,4.788452987652632e-06,7.0,1461850.0,,False,2026-05-11T00:14:07Z
7-44153361-G-A,not_found,,,,,,,exact_variant_id_not_observed_in_complete_gene_level_public_api_subset,False,2026-05-11T00:14:07Z
7-44153363-G-T,not_found,,,,,,,exact_variant_id_not_observed_in_complete_gene_level_public_api_subset,False,2026-05-11T00:14:07Z
7-44153367-C-T,found,,,,2.1889801267966734e-05,32.0,1461868.0,,False,2026-05-11T00:14:07Z
7-44153372-C-T,found,,,,1.368108835794105e-06,2.0,1461872.0,,False,2026-05-11T00:14:07Z
7-44153378-C-T,found,,,,6.840553537592262e-07,1.0,1461870.0,,False,2026-05-11T00:14:07Z
7-44153379-C-T,found,,,,1.3681125792479211e-06,2.0,1461868.0,,False,2026-05-11T00:14:07Z
7-44153381-C-G,not_found,,,,,,,exact_variant_id_not_observed_in_complete_gene_level_public_api_subset,False,2026-05-11T00:14:07Z
7-44153381-C-T,found,,,,2.736232645444446e-06,4.0,1461864.0,,False,2026-05-11T00:14:07Z
7-44153382-G-A,found,,,,1.3681125792479211e-06,2.0,1461868.0,,False,2026-05-11T00:14:07Z
7-44153382-G-T,not_found,,,,,,,exact_variant_id_not_observed_in_complete_gene_level_public_api_subset,False,2026-05-11T00:14:07Z
7-44153387-A-C,not_found,,,,,,,exact_variant_id_not_observed_in_complete_gene_level_public_api_subset,False,2026-05-11T00:14:07Z
7-44153391-C-T,not_found,,,,,,,exact_variant_id_not_observed_in_complete_gene_level_public_api_subset,False,2026-05-11T00:14:07Z
7-44153396-T-A,not_found,,,,,,,exact_variant_id_not_observed_in_complete_gene_level_public_api_subset,False,2026-05-11T00:14:07Z
7-44153396-T-G,found,,,,6.840619048661428e-07,1.0,1461856.0,,False,2026-05-11T00:14:07Z
7-44153399-A-C,not_found,,,,,,,exact_variant_id_not_observed_in_complete_gene_level_public_api_subset,False,2026-05-11T00:14:07Z
7-44153399-A-G,not_found,,,,,,,exact_variant_id_not_observed_in_complete_gene_level_public_api_subset,False,2026-05-11T00:14:07Z
7-44153400-T-C,not_found,,,,,,,exact_variant_id_not_observed_in_complete_gene_level_public_api_subset,False,2026-05-11T00:14:07Z
7-44153403-G-A,found,,,,4.104399505830299e-06,6.0,1461846.0,,False,2026-05-11T00:14:07Z
7-44153411-A-G,not_found,,,,,,,exact_variant_id_not_observed_in_complete_gene_level_public_api_subset,False,2026-05-11T00:14:07Z
7-44153420-A-G,not_found,,,,,,,exact_variant_id_not_observed_in_complete_gene_level_public_api_subset,False,2026-05-11T00:14:07Z
7-44153435-A-G,not_found,,,,,,,exact_variant_id_not_observed_in_complete_gene_level_public_api_subset,False,2026-05-11T00:14:07Z
7-44153450-A-G,not_found,,,,,,,exact_variant_id_not_observed_in_complete_gene_level_public_api_subset,False,2026-05-11T00:14:07Z
7-44153452-G-C,not_found,,,,,,,exact_variant_id_not_observed_in_complete_gene_level_public_api_subset,False,2026-05-11T00:14:07Z
7-44153453-A-T,found,,,,6.842669243159725e-07,1.0,1461418.0,,False,2026-05-11T00:14:07Z
7-44188923-C-T,found,GCK,p.Ala11Thr,129141.0,0.0006698139025725,979.0,1461600.0,,False,2026-05-11T00:14:07Z
7-44188944-C-T,found,,,,7.388576166642495e-05,108.0,1461716.0,,False,2026-05-11T00:14:07Z
7-44188953-T-A,not_found,,,,,,,exact_variant_id_not_observed_in_complete_gene_level_public_api_subset,False,2026-05-11T00:14:07Z
X-139530771-C-A,found,,,,2.7386155750544983e-06,3.0,1095444.0,,False,2026-05-11T00:14:07Z
X-139530771-C-T,found,,,,2.282181729218225e-05,25.0,1095443.0,,False,2026-05-11T00:14:07Z
X-139530772-G-A,found,,,,0.0001286671271915,141.0,1095851.0,,False,2026-05-11T00:14:07Z
X-139530783-A-T,found,,,,0.0013105777661119,1438.0,1097226.0,,False,2026-05-11T00:14:07Z
X-139530816-T-C,not_found,,,,,,,exact_variant_id_not_observed_in_complete_gene_level_public_api_subset,False,2026-05-11T00:14:07Z
X-139530823-T-C,not_found,,,,,,,exact_variant_id_not_observed_in_complete_gene_level_public_api_subset,False,2026-05-11T00:14:07Z
X-139530832-T-C,not_found,,,,,,,exact_variant_id_not_observed_in_complete_gene_level_public_api_subset,False,2026-05-11T00:14:07Z
X-139530846-T-C,not_found,,,,,,,exact_variant_id_not_observed_in_complete_gene_level_public_api_subset,False,2026-05-11T00:14:07Z
X-139530850-C-T,not_found,,,,,,,exact_variant_id_not_observed_in_complete_gene_level_public_api_subset,False,2026-05-11T00:14:07Z
X-139530852-G-A,not_found,,,,,,,exact_variant_id_not_observed_in_complete_gene_level_public_api_subset,False,2026-05-11T00:14:07Z
X-139530852-G-C,not_found,,,,,,,exact_variant_id_not_observed_in_complete_gene_level_public_api_subset,False,2026-05-11T00:14:07Z
X-139537027-A-G,found,,,,8.224751384042886e-06,9.0,1094258.0,,False,2026-05-11T00:14:07Z
X-139537031-C-T,found,,,,2.742799465702664e-06,3.0,1093773.0,,False,2026-05-11T00:14:07Z
X-139537037-A-G,found,,,,8.216409264823087e-06,9.0,1095369.0,,False,2026-05-11T00:14:07Z
X-139537048-C-T,found,,,,9.138904958130108e-07,1.0,1094223.0,,False,2026-05-11T00:14:07Z
X-139537049-G-A,not_found,,,,,,,exact_variant_id_not_observed_in_complete_gene_level_public_api_subset,False,2026-05-11T00:14:07Z
X-139537049-G-T,not_found,,,,,,,exact_variant_id_not_observed_in_complete_gene_level_public_api_subset,False,2026-05-11T00:14:07Z
X-139537051-C-T,found,,,,9.125461406142348e-07,1.0,1095835.0,,False,2026-05-11T00:14:07Z
X-139537059-G-Y,not_found,,,,,,,exact_variant_id_not_observed_in_complete_gene_level_public_api_subset,False,2026-05-11T00:14:07Z
X-139537063-A-G,not_found,,,,,,,exact_variant_id_not_observed_in_complete_gene_level_public_api_subset,False,2026-05-11T00:14:07Z
X-139537063-A-T,not_found,,,,,,,exact_variant_id_not_observed_in_complete_gene_level_public_api_subset,False,2026-05-11T00:14:07Z
X-139537069-G-A,found,,,,3.646790140902854e-06,4.0,1096855.0,,False,2026-05-11T00:14:07Z
X-139537070-G-A,not_found,,,,,,,exact_variant_id_not_observed_in_complete_gene_level_public_api_subset,False,2026-05-11T00:14:07Z
X-139537070-G-C,found,,,,4.558338066407692e-06,5.0,1096891.0,,False,2026-05-11T00:14:07Z
X-139537076-T-C,not_found,,,,,,,exact_variant_id_not_observed_in_complete_gene_level_public_api_subset,False,2026-05-11T00:14:07Z
X-139537081-G-A,not_found,,,,,,,exact_variant_id_not_observed_in_complete_gene_level_public_api_subset,False,2026-05-11T00:14:07Z
X-139537082-A-T,not_found,,,,,,,exact_variant_id_not_observed_in_complete_gene_level_public_api_subset,False,2026-05-11T00:14:07Z
X-139537084-T-A,found,,,,5.470230096111943e-06,6.0,1096846.0,,False,2026-05-11T00:14:07Z
X-139537098-C-A,found,,,,1.9143484059403142e-05,21.0,1096979.0,,False,2026-05-11T00:14:07Z
X-139537111-T-C,not_found,,,,,,,exact_variant_id_not_observed_in_complete_gene_level_public_api_subset,False,2026-05-11T00:14:07Z
X-139537112-G-A,not_found,,,,,,,exact_variant_id_not_observed_in_complete_gene_level_public_api_subset,False,2026-05-11T00:14:07Z
X-139537126-T-A,not_found,,,,,,,exact_variant_id_not_observed_in_complete_gene_level_public_api_subset,False,2026-05-11T00:14:07Z
X-139537127-G-A,not_found,,,,,,,exact_variant_id_not_observed_in_complete_gene_level_public_api_subset,False,2026-05-11T00:14:07Z
X-139537139-A-T,not_found,,,,,,,exact_variant_id_not_observed_in_complete_gene_level_public_api_subset,False,2026-05-11T00:14:07Z
X-139537145-G-A,found,,,,3.64450745392887e-06,4.0,1097542.0,,False,2026-05-11T00:14:07Z
X-139537147-G-A,not_found,,,,,,,exact_variant_id_not_observed_in_complete_gene_level_public_api_subset,False,2026-05-11T00:14:07Z
X-139537156-G-A,not_found,,,,,,,exact_variant_id_not_observed_in_complete_gene_level_public_api_subset,False,2026-05-11T00:14:07Z
X-139537157-A-T,not_found,,,,,,,exact_variant_id_not_observed_in_complete_gene_level_public_api_subset,False,2026-05-11T00:14:07Z
X-139537158-A-C,not_found,,,,,,,exact_variant_id_not_observed_in_complete_gene_level_public_api_subset,False,2026-05-11T00:14:07Z
X-139537171-A-G,found,,,,0.0002181064888961,239.0,1095795.0,,False,2026-05-11T00:14:07Z
X-139537172-C-T,not_found,,,,,,,exact_variant_id_not_observed_in_complete_gene_level_public_api_subset,False,2026-05-11T00:14:07Z
X-139537369-T-G,not_found,,,,,,,exact_variant_id_not_observed_in_complete_gene_level_public_api_subset,False,2026-05-11T00:14:07Z
X-139537380-T-A,found,,,,0.0,0.0,1072875.0,,False,2026-05-11T00:14:07Z
X-139537386-G-A,not_found,,,,,,,exact_variant_id_not_observed_in_complete_gene_level_public_api_subset,False,2026-05-11T00:14:07Z
X-139541076-A-G,not_found,,,,,,,exact_variant_id_not_observed_in_complete_gene_level_public_api_subset,False,2026-05-11T00:14:07Z
X-139541078-G-A,found,,,,0.0,0.0,1071072.0,,False,2026-05-11T00:14:07Z
X-139541082-A-C,not_found,,,,,,,exact_variant_id_not_observed_in_complete_gene_level_public_api_subset,False,2026-05-11T00:14:07Z
X-139541082-A-T,not_found,,,,,,,exact_variant_id_not_observed_in_complete_gene_level_public_api_subset,False,2026-05-11T00:14:07Z
X-139541085-A-C,not_found,,,,,,,exact_variant_id_not_observed_in_complete_gene_level_public_api_subset,False,2026-05-11T00:14:07Z
X-139541099-C-G,found,,,,1.792934046921084e-05,2.0,111549.0,,False,2026-05-11T00:14:07Z
X-139541100-C-A,found,,,,0.0,0.0,1084704.0,,False,2026-05-11T00:14:07Z
X-139541102-T-C,found,,,,9.214678983620908e-07,1.0,1085225.0,,False,2026-05-11T00:14:07Z
X-139541112-G-A,found,,,,9.197296730544958e-07,1.0,1087276.0,,False,2026-05-11T00:14:07Z
X-139541112-G-T,not_found,,,,,,,exact_variant_id_not_observed_in_complete_gene_level_public_api_subset,False,2026-05-11T00:14:07Z
X-139541114-G-A,found,,,,7.356450365569605e-06,8.0,1087481.0,,False,2026-05-11T00:14:07Z
X-139541126-G-A,not_found,,,,,,,exact_variant_id_not_observed_in_complete_gene_level_public_api_subset,False,2026-05-11T00:14:07Z
X-139541127-A-G,not_found,,,,,,,exact_variant_id_not_observed_in_complete_gene_level_public_api_subset,False,2026-05-11T00:14:07Z
X-139541142-A-G,not_found,,,,,,,exact_variant_id_not_observed_in_complete_gene_level_public_api_subset,False,2026-05-11T00:14:07Z
X-139541154-G-A,not_found,,,,,,,exact_variant_id_not_observed_in_complete_gene_level_public_api_subset,False,2026-05-11T00:14:07Z
X-139541163-G-T,not_found,,,,,,,exact_variant_id_not_observed_in_complete_gene_level_public_api_subset,False,2026-05-11T00:14:07Z
X-139541166-T-C,not_found,,,,,,,exact_variant_id_not_observed_in_complete_gene_level_public_api_subset,False,2026-05-11T00:14:07Z
X-139541171-G-A,not_found,,,,,,,exact_variant_id_not_observed_in_complete_gene_level_public_api_subset,False,2026-05-11T00:14:07Z
X-139541180-T-C,not_found,,,,,,,exact_variant_id_not_observed_in_complete_gene_level_public_api_subset,False,2026-05-11T00:14:07Z
X-139548372-G-C,not_found,,,,,,,exact_variant_id_not_observed_in_complete_gene_level_public_api_subset,False,2026-05-11T00:14:07Z
X-139548378-T-C,not_found,,,,,,,exact_variant_id_not_observed_in_complete_gene_level_public_api_subset,False,2026-05-11T00:14:07Z
X-139548383-A-C,not_found,,,,,,,exact_variant_id_not_observed_in_complete_gene_level_public_api_subset,False,2026-05-11T00:14:07Z
X-139548387-G-A,not_found,,,,,,,exact_variant_id_not_observed_in_complete_gene_level_public_api_subset,False,2026-05-11T00:14:07Z
X-139548391-A-T,not_found,,,,,,,exact_variant_id_not_observed_in_complete_gene_level_public_api_subset,False,2026-05-11T00:14:07Z
X-139548393-G-A,not_found,,,,,,,exact_variant_id_not_observed_in_complete_gene_level_public_api_subset,False,2026-05-11T00:14:07Z
X-139548428-G-A,found,,,,9.11600296087776e-07,1.0,1096972.0,,False,2026-05-11T00:14:07Z
X-139548429-T-C,not_found,,,,,,,exact_variant_id_not_observed_in_complete_gene_level_public_api_subset,False,2026-05-11T00:14:07Z
X-139548435-G-C,not_found,,,,,,,exact_variant_id_not_observed_in_complete_gene_level_public_api_subset,False,2026-05-11T00:14:07Z
X-139548441-G-A,not_found,,,,,,,exact_variant_id_not_observed_in_complete_gene_level_public_api_subset,False,2026-05-11T00:14:07Z
X-139548449-G-A,not_found,,,,,,,exact_variant_id_not_observed_in_complete_gene_level_public_api_subset,False,2026-05-11T00:14:07Z
X-139548450-G-A,not_found,,,,,,,exact_variant_id_not_observed_in_complete_gene_level_public_api_subset,False,2026-05-11T00:14:07Z
X-139548450-G-C,not_found,,,,,,,exact_variant_id_not_observed_in_complete_gene_level_public_api_subset,False,2026-05-11T00:14:07Z
X-139548453-A-G,not_found,,,,,,,exact_variant_id_not_observed_in_complete_gene_level_public_api_subset,False,2026-05-11T00:14:07Z
X-139548467-A-T,not_found,,,,,,,exact_variant_id_not_observed_in_complete_gene_level_public_api_subset,False,2026-05-11T00:14:07Z
X-139548472-G-T,not_found,,,,,,,exact_variant_id_not_observed_in_complete_gene_level_public_api_subset,False,2026-05-11T00:14:07Z
X-139548476-T-C,not_found,,,,,,,exact_variant_id_not_observed_in_complete_gene_level_public_api_subset,False,2026-05-11T00:14:07Z
X-139548480-G-A,not_found,,,,,,,exact_variant_id_not_observed_in_complete_gene_level_public_api_subset,False,2026-05-11T00:14:07Z
X-139548489-C-G,not_found,,,,,,,exact_variant_id_not_observed_in_complete_gene_level_public_api_subset,False,2026-05-11T00:14:07Z
X-139548491-G-A,not_found,,,,,,,exact_variant_id_not_observed_in_complete_gene_level_public_api_subset,False,2026-05-11T00:14:07Z
X-139551064-C-T,found,,,,1.1871040323184508e-05,13.0,1095102.0,,False,2026-05-11T00:14:07Z
X-139551073-T-C,not_found,,,,,,,exact_variant_id_not_observed_in_complete_gene_level_public_api_subset,False,2026-05-11T00:14:07Z
X-139551074-G-A,not_found,,,,,,,exact_variant_id_not_observed_in_complete_gene_level_public_api_subset,False,2026-05-11T00:14:07Z
X-139551074-G-T,not_found,,,,,,,exact_variant_id_not_observed_in_complete_gene_level_public_api_subset,False,2026-05-11T00:14:07Z
X-139551082-G-T,not_found,,,,,,,exact_variant_id_not_observed_in_complete_gene_level_public_api_subset,False,2026-05-11T00:14:07Z
X-139551112-C-T,not_found,F9,p.Arg191Cys,10584.0,,,,"[{""message"": ""Variant not found""}]",False,2026-05-11T00:14:07Z
X-139551113-G-A,found,F9,p.Arg191His,10585.0,2.7328327998236413e-06,3.0,1097762.0,,False,2026-05-11T00:14:07Z
X-139551121-A-G,found,,,,0.2726546364279903,299272.0,1097623.0,,False,2026-05-11T00:14:07Z
X-139551125-T-G,found,,,,1.822409808938556e-06,2.0,1097448.0,,False,2026-05-11T00:14:07Z
X-139551130-C-T,found,,,,1.8224729134963232e-06,2.0,1097410.0,,False,2026-05-11T00:14:07Z
X-139551199-T-A,found,,,,6.374873527062704e-05,70.0,1098061.0,,False,2026-05-11T00:14:07Z
X-139551217-C-T,not_found,,,,,,,exact_variant_id_not_observed_in_complete_gene_level_public_api_subset,False,2026-05-11T00:14:07Z
X-139551218-G-A,not_found,F9,p.Arg226Gln,10591.0,,,,"[{""message"": ""Variant not found""}]",False,2026-05-11T00:14:07Z
X-139551220-G-A,found,,,,1.3659808835528616e-05,15.0,1098112.0,,False,2026-05-11T00:14:07Z
X-139551221-T-C,not_found,,,,,,,exact_variant_id_not_observed_in_complete_gene_level_public_api_subset,False,2026-05-11T00:14:07Z
X-139551223-G-C,not_found,,,,,,,exact_variant_id_not_observed_in_complete_gene_level_public_api_subset,False,2026-05-11T00:14:07Z
X-139551223-G-T,not_found,,,,,,,exact_variant_id_not_observed_in_complete_gene_level_public_api_subset,False,2026-05-11T00:14:07Z
X-139551229-G-A,not_found,,,,,,,exact_variant_id_not_observed_in_complete_gene_level_public_api_subset,False,2026-05-11T00:14:07Z
X-139551238-G-A,not_found,,,,,,,exact_variant_id_not_observed_in_complete_gene_level_public_api_subset,False,2026-05-11T00:14:07Z
X-139551247-GG-CT,not_found,,,,,,,exact_variant_id_not_observed_in_complete_gene_level_public_api_subset,False,2026-05-11T00:14:07Z
X-139551251-A-T,not_found,,,,,,,exact_variant_id_not_observed_in_complete_gene_level_public_api_subset,False,2026-05-11T00:14:07Z
X-139551253-T-G,found,,,,9.13054395215595e-06,10.0,1095225.0,,False,2026-05-11T00:14:07Z
X-139551259-T-G,not_found,,,,,,,exact_variant_id_not_observed_in_complete_gene_level_public_api_subset,False,2026-05-11T00:14:07Z
X-139551263-A-G,not_found,,,,,,,exact_variant_id_not_observed_in_complete_gene_level_public_api_subset,False,2026-05-11T00:14:07Z
X-139560748-T-C,not_found,,,,,,,exact_variant_id_not_observed_in_complete_gene_level_public_api_subset,False,2026-05-11T00:14:07Z
X-139560772-G-A,not_found,,,,,,,exact_variant_id_not_observed_in_complete_gene_level_public_api_subset,False,2026-05-11T00:14:07Z
X-139560772-G-C,not_found,,,,,,,exact_variant_id_not_observed_in_complete_gene_level_public_api_subset,False,2026-05-11T00:14:07Z
X-139560773-T-G,not_found,,,,,,,exact_variant_id_not_observed_in_complete_gene_level_public_api_subset,False,2026-05-11T00:14:07Z
X-139560774-G-A,not_found,,,,,,,exact_variant_id_not_observed_in_complete_gene_level_public_api_subset,False,2026-05-11T00:14:07Z
X-139560777-G-A,not_found,,,,,,,exact_variant_id_not_observed_in_complete_gene_level_public_api_subset,False,2026-05-11T00:14:07Z
X-139560813-G-A,not_found,,,,,,,exact_variant_id_not_observed_in_complete_gene_level_public_api_subset,False,2026-05-11T00:14:07Z
X-139560819-T-A,not_found,,,,,,,exact_variant_id_not_observed_in_complete_gene_level_public_api_subset,False,2026-05-11T00:14:07Z
X-139560819-T-C,not_found,,,,,,,exact_variant_id_not_observed_in_complete_gene_level_public_api_subset,False,2026-05-11T00:14:07Z
X-139560819-T-G,not_found,,,,,,,exact_variant_id_not_observed_in_complete_gene_level_public_api_subset,False,2026-05-11T00:14:07Z
X-139560820-G-A,not_found,,,,,,,exact_variant_id_not_observed_in_complete_gene_level_public_api_subset,False,2026-05-11T00:14:07Z
X-139560852-G-A,found,F9,p.Ala279Thr,216926.0,1.9034548657540869e-06,2.0,1050721.0,,False,2026-05-11T00:14:07Z
X-139560852-G-C,not_found,,,,,,,exact_variant_id_not_observed_in_complete_gene_level_public_api_subset,False,2026-05-11T00:14:07Z
X-139561524-G-A,not_found,,,,,,,exact_variant_id_not_observed_in_complete_gene_level_public_api_subset,False,2026-05-11T00:14:07Z
X-139561524-G-C,not_found,,,,,,,exact_variant_id_not_observed_in_complete_gene_level_public_api_subset,False,2026-05-11T00:14:07Z
X-139561529-C-T,found,,,,1.101913196787923e-05,12.0,1089015.0,,False,2026-05-11T00:14:07Z
X-139561557-A-T,not_found,,,,,,,exact_variant_id_not_observed_in_complete_gene_level_public_api_subset,False,2026-05-11T00:14:07Z
X-139561566-G-A,found,,,,1.8280934082607885e-06,2.0,1094036.0,,False,2026-05-11T00:14:07Z
X-139561566-G-T,not_found,,,,,,,exact_variant_id_not_observed_in_complete_gene_level_public_api_subset,False,2026-05-11T00:14:07Z
X-139561592-C-T,found,,,,0.0007941780987796,869.0,1094213.0,,False,2026-05-11T00:14:07Z
X-139561599-A-G,not_found,,,,,,,exact_variant_id_not_observed_in_complete_gene_level_public_api_subset,False,2026-05-11T00:14:07Z
X-139561602-A-G,not_found,,,,,,,exact_variant_id_not_observed_in_complete_gene_level_public_api_subset,False,2026-05-11T00:14:07Z
X-139561629-A-G,not_found,,,,,,,exact_variant_id_not_observed_in_complete_gene_level_public_api_subset,False,2026-05-11T00:14:07Z
X-139561630-C-A,not_found,,,,,,,exact_variant_id_not_observed_in_complete_gene_level_public_api_subset,False,2026-05-11T00:14:07Z
X-139561632-T-C,not_found,,,,,,,exact_variant_id_not_observed_in_complete_gene_level_public_api_subset,False,2026-05-11T00:14:07Z
X-139561635-C-T,found,F9,p.Ala317Val,1334561.0,2.733784103956697e-06,3.0,1097380.0,,False,2026-05-11T00:14:07Z
X-139561637-C-T,not_found,,,,,,,exact_variant_id_not_observed_in_complete_gene_level_public_api_subset,False,2026-05-11T00:14:07Z
X-139561638-T-G,not_found,,,,,,,exact_variant_id_not_observed_in_complete_gene_level_public_api_subset,False,2026-05-11T00:14:07Z
X-139561644-A-G,not_found,,,,,,,exact_variant_id_not_observed_in_complete_gene_level_public_api_subset,False,2026-05-11T00:14:07Z
X-139561652-G-A,found,,,,0.0003415253889974,375.0,1098015.0,,False,2026-05-11T00:14:07Z
X-139561683-C-T,not_found,,,,,,,exact_variant_id_not_observed_in_complete_gene_level_public_api_subset,False,2026-05-11T00:14:07Z
X-139561689-G-A,not_found,,,,,,,exact_variant_id_not_observed_in_complete_gene_level_public_api_subset,False,2026-05-11T00:14:07Z
X-139561689-G-T,not_found,,,,,,,exact_variant_id_not_observed_in_complete_gene_level_public_api_subset,False,2026-05-11T00:14:07Z
X-139561690-C-G,not_found,,,,,,,exact_variant_id_not_observed_in_complete_gene_level_public_api_subset,False,2026-05-11T00:14:07Z
X-139561694-G-A,not_found,F9,p.Ala337Thr,626950.0,,,,"[{""message"": ""Variant not found""}]",False,2026-05-11T00:14:07Z
X-139561694-G-C,not_found,F9,p.Ala337Pro,10606.0,,,,"[{""message"": ""Variant not found""}]",False,2026-05-11T00:14:07Z
X-139561695-C-T,not_found,F9,p.Ala337Val,3242389.0,,,,"[{""message"": ""Variant not found""}]",False,2026-05-11T00:14:07Z
X-139561709-A-G,found,,,,6.374374286866877e-06,7.0,1098147.0,,False,2026-05-11T00:14:07Z
X-139561710-C-T,found,,,,9.107418356548142e-07,1.0,1098006.0,,False,2026-05-11T00:14:07Z
X-139561716-T-C,found,,,,9.105983632905018e-07,1.0,1098179.0,,False,2026-05-11T00:14:07Z
X-139561743-T-C,not_found,,,,,,,exact_variant_id_not_observed_in_complete_gene_level_public_api_subset,False,2026-05-11T00:14:07Z
X-139561747-T-A,not_found,,,,,,,exact_variant_id_not_observed_in_complete_gene_level_public_api_subset,False,2026-05-11T00:14:07Z
X-139561749-G-T,not_found,,,,,,,exact_variant_id_not_observed_in_complete_gene_level_public_api_subset,False,2026-05-11T00:14:07Z
X-139561754-G-A,not_found,,,,,,,exact_variant_id_not_observed_in_complete_gene_level_public_api_subset,False,2026-05-11T00:14:07Z
X-139561755-G-A,not_found,,,,,,,exact_variant_id_not_observed_in_complete_gene_level_public_api_subset,False,2026-05-11T00:14:07Z
X-139561755-G-T,not_found,,,,,,,exact_variant_id_not_observed_in_complete_gene_level_public_api_subset,False,2026-05-11T00:14:07Z
X-139561764-T-C,not_found,,,,,,,exact_variant_id_not_observed_in_complete_gene_level_public_api_subset,False,2026-05-11T00:14:07Z
X-139561769-A-G,not_found,,,,,,,exact_variant_id_not_observed_in_complete_gene_level_public_api_subset,False,2026-05-11T00:14:07Z
X-139561791-T-C,not_found,,,,,,,exact_variant_id_not_observed_in_complete_gene_level_public_api_subset,False,2026-05-11T00:14:07Z
X-139561800-T-C,not_found,,,,,,,exact_variant_id_not_observed_in_complete_gene_level_public_api_subset,False,2026-05-11T00:14:07Z
X-139561805-G-T,not_found,,,,,,,exact_variant_id_not_observed_in_complete_gene_level_public_api_subset,False,2026-05-11T00:14:07Z
X-139561814-G-C,not_found,,,,,,,exact_variant_id_not_observed_in_complete_gene_level_public_api_subset,False,2026-05-11T00:14:07Z
X-139561821-G-A,found,,,,9.105900714722148e-07,1.0,1098189.0,,False,2026-05-11T00:14:07Z
X-139561821-G-T,not_found,,,,,,,exact_variant_id_not_observed_in_complete_gene_level_public_api_subset,False,2026-05-11T00:14:07Z
X-139561823-G-A,not_found,,,,,,,exact_variant_id_not_observed_in_complete_gene_level_public_api_subset,False,2026-05-11T00:14:07Z
X-139561829-T-A,not_found,,,,,,,exact_variant_id_not_observed_in_complete_gene_level_public_api_subset,False,2026-05-11T00:14:07Z
X-139561829-T-C,not_found,,,,,,,exact_variant_id_not_observed_in_complete_gene_level_public_api_subset,False,2026-05-11T00:14:07Z
X-139561833-T-A,not_found,,,,,,,exact_variant_id_not_observed_in_complete_gene_level_public_api_subset,False,2026-05-11T00:14:07Z
X-139561836-G-C,not_found,,,,,,,exact_variant_id_not_observed_in_complete_gene_level_public_api_subset,False,2026-05-11T00:14:07Z
X-139561836-G-T,not_found,,,,,,,exact_variant_id_not_observed_in_complete_gene_level_public_api_subset,False,2026-05-11T00:14:07Z
X-139561853-A-T,not_found,,,,,,,exact_variant_id_not_observed_in_complete_gene_level_public_api_subset,False,2026-05-11T00:14:07Z
X-139561859-A-G,found,,,,3.642456472645152e-06,4.0,1098160.0,,False,2026-05-11T00:14:07Z
X-139561865-A-G,not_found,,,,,,,exact_variant_id_not_observed_in_complete_gene_level_public_api_subset,False,2026-05-11T00:14:07Z
X-139561867-G-A,not_found,,,,,,,exact_variant_id_not_observed_in_complete_gene_level_public_api_subset,False,2026-05-11T00:14:07Z
X-139561868-T-A,not_found,,,,,,,exact_variant_id_not_observed_in_complete_gene_level_public_api_subset,False,2026-05-11T00:14:07Z
X-139561871-T-A,not_found,,,,,,,exact_variant_id_not_observed_in_complete_gene_level_public_api_subset,False,2026-05-11T00:14:07Z
X-139561872-G-A,not_found,,,,,,,exact_variant_id_not_observed_in_complete_gene_level_public_api_subset,False,2026-05-11T00:14:07Z
X-139561874-G-C,not_found,,,,,,,exact_variant_id_not_observed_in_complete_gene_level_public_api_subset,False,2026-05-11T00:14:07Z
X-139561875-C-T,found,,,,8.933995640210128e-06,1.0,111932.0,,False,2026-05-11T00:14:07Z
X-139561878-G-T,not_found,,,,,,,exact_variant_id_not_observed_in_complete_gene_level_public_api_subset,False,2026-05-11T00:14:07Z
X-139561889-G-A,not_found,,,,,,,exact_variant_id_not_observed_in_complete_gene_level_public_api_subset,False,2026-05-11T00:14:07Z
X-139561899-A-T,not_found,,,,,,,exact_variant_id_not_observed_in_complete_gene_level_public_api_subset,False,2026-05-11T00:14:07Z
X-139561902-C-T,not_found,,,,,,,exact_variant_id_not_observed_in_complete_gene_level_public_api_subset,False,2026-05-11T00:14:07Z
X-139561904-T-A,not_found,,,,,,,exact_variant_id_not_observed_in_complete_gene_level_public_api_subset,False,2026-05-11T00:14:07Z
X-139561910-G-A,not_found,,,,,,,exact_variant_id_not_observed_in_complete_gene_level_public_api_subset,False,2026-05-11T00:14:07Z
X-139561911-G-T,not_found,,,,,,,exact_variant_id_not_observed_in_complete_gene_level_public_api_subset,False,2026-05-11T00:14:07Z
X-139561913-G-C,not_found,,,,,,,exact_variant_id_not_observed_in_complete_gene_level_public_api_subset,False,2026-05-11T00:14:07Z
X-139561914-A-T,not_found,,,,,,,exact_variant_id_not_observed_in_complete_gene_level_public_api_subset,False,2026-05-11T00:14:07Z
X-139561916-A-G,not_found,,,,,,,exact_variant_id_not_observed_in_complete_gene_level_public_api_subset,False,2026-05-11T00:14:07Z
X-139561917-G-T,not_found,,,,,,,exact_variant_id_not_observed_in_complete_gene_level_public_api_subset,False,2026-05-11T00:14:07Z
X-139561920-G-A,not_found,,,,,,,exact_variant_id_not_observed_in_complete_gene_level_public_api_subset,False,2026-05-11T00:14:07Z
X-139561925-C-A,not_found,,,,,,,exact_variant_id_not_observed_in_complete_gene_level_public_api_subset,False,2026-05-11T00:14:07Z
X-139561926-C-T,not_found,,,,,,,exact_variant_id_not_observed_in_complete_gene_level_public_api_subset,False,2026-05-11T00:14:07Z
X-139561941-T-A,not_found,,,,,,,exact_variant_id_not_observed_in_complete_gene_level_public_api_subset,False,2026-05-11T00:14:07Z
X-139561941-T-G,not_found,,,,,,,exact_variant_id_not_observed_in_complete_gene_level_public_api_subset,False,2026-05-11T00:14:07Z
X-139561957-C-A,not_found,,,,,,,exact_variant_id_not_observed_in_complete_gene_level_public_api_subset,False,2026-05-11T00:14:07Z
X-139561967-A-T,not_found,,,,,,,exact_variant_id_not_observed_in_complete_gene_level_public_api_subset,False,2026-05-11T00:14:07Z
X-139561974-G-A,not_found,,,,,,,exact_variant_id_not_observed_in_complete_gene_level_public_api_subset,False,2026-05-11T00:14:07Z
X-139561975-C-A,not_found,,,,,,,exact_variant_id_not_observed_in_complete_gene_level_public_api_subset,False,2026-05-11T00:14:07Z
X-139561978-G-T,not_found,,,,,,,exact_variant_id_not_observed_in_complete_gene_level_public_api_subset,False,2026-05-11T00:14:07Z
X-139561979-G-A,not_found,,,,,,,exact_variant_id_not_observed_in_complete_gene_level_public_api_subset,False,2026-05-11T00:14:07Z
X-139561980-G-C,not_found,,,,,,,exact_variant_id_not_observed_in_complete_gene_level_public_api_subset,False,2026-05-11T00:14:07Z
X-139561983-A-G,not_found,,,,,,,exact_variant_id_not_observed_in_complete_gene_level_public_api_subset,False,2026-05-11T00:14:07Z
X-139561988-T-G,not_found,,,,,,,exact_variant_id_not_observed_in_complete_gene_level_public_api_subset,False,2026-05-11T00:14:07Z
X-139561989-G-A,not_found,,,,,,,exact_variant_id_not_observed_in_complete_gene_level_public_api_subset,False,2026-05-11T00:14:07Z
X-139561991-G-A,not_found,,,,,,,exact_variant_id_not_observed_in_complete_gene_level_public_api_subset,False,2026-05-11T00:14:07Z
X-139561992-C-A,not_found,,,,,,,exact_variant_id_not_observed_in_complete_gene_level_public_api_subset,False,2026-05-11T00:14:07Z
X-139561992-C-T,not_found,,,,,,,exact_variant_id_not_observed_in_complete_gene_level_public_api_subset,False,2026-05-11T00:14:07Z
X-139562009-G-A,not_found,,,,,,,exact_variant_id_not_observed_in_complete_gene_level_public_api_subset,False,2026-05-11T00:14:07Z
X-139562010-G-A,not_found,,,,,,,exact_variant_id_not_observed_in_complete_gene_level_public_api_subset,False,2026-05-11T00:14:07Z
X-139562010-G-C,not_found,,,,,,,exact_variant_id_not_observed_in_complete_gene_level_public_api_subset,False,2026-05-11T00:14:07Z
X-139562010-G-T,not_found,,,,,,,exact_variant_id_not_observed_in_complete_gene_level_public_api_subset,False,2026-05-11T00:14:07Z
X-139562013-T-C,found,,,,9.110430258289808e-07,1.0,1097643.0,,False,2026-05-11T00:14:07Z
X-139562034-A-G,not_found,,,,,,,exact_variant_id_not_observed_in_complete_gene_level_public_api_subset,False,2026-05-11T00:14:07Z
X-139562042-T-C,not_found,,,,,,,exact_variant_id_not_observed_in_complete_gene_level_public_api_subset,False,2026-05-11T00:14:07Z
X-139562046-T-C,not_found,,,,,,,exact_variant_id_not_observed_in_complete_gene_level_public_api_subset,False,2026-05-11T00:14:07Z
X-139562066-A-C,found,,,,0.0001752987611307,192.0,1095273.0,,False,2026-05-11T00:14:07Z
