gene,hgvs_p,variation_id,clinical_significance,review_status,source_cohort_kind,gnomad_variant_id,coordinate_ready,mavedb_line_available,source_trace_ready,cached_gnomad_status,cached_gnomad_af,cached_gnomad_ac,cached_gnomad_an,cached_gnomad_error,is_rate_limited,gnomad_sync_status,sync_priority_score
F9,p.Ala279Thr,216926,Pathogenic,reviewed by expert panel,combined_external,X-139560852-G-A,True,True,True,found,1.9034548657540869e-06,2.0,1050721.0,,False,cached_found,55
F9,p.Ala317Val,1334561,Pathogenic/Likely pathogenic,"criteria provided, multiple submitters, no conflicts",combined_external,X-139561635-C-T,True,True,True,found,2.733784103956697e-06,3.0,1097380.0,,False,cached_found,55
F9,p.Ala337Pro,10606,Likely pathogenic,reviewed by expert panel,combined_external,X-139561694-G-C,True,True,True,not_found,,,,"[{""message"": ""Variant not found""}]",False,cached_not_found,55
F9,p.Ala337Thr,626950,Pathogenic,reviewed by expert panel,combined_external,X-139561694-G-A,True,True,True,not_found,,,,"[{""message"": ""Variant not found""}]",False,cached_not_found,55
F9,p.Ala337Val,3242389,Pathogenic,reviewed by expert panel,combined_external,X-139561695-C-T,True,True,True,not_found,,,,"[{""message"": ""Variant not found""}]",False,cached_not_found,55
F9,p.Arg191Cys,10584,Pathogenic/Likely pathogenic,"criteria provided, multiple submitters, no conflicts",combined_external,X-139551112-C-T,True,True,True,not_found,,,,"[{""message"": ""Variant not found""}]",False,cached_not_found,55
F9,p.Arg191His,10585,Pathogenic,reviewed by expert panel,combined_external,X-139551113-G-A,True,True,True,found,2.7328327998236413e-06,3.0,1097762.0,,False,cached_found,55
F9,p.Arg226Gln,10591,Pathogenic,"criteria provided, multiple submitters, no conflicts",combined_external,X-139551218-G-A,True,True,True,not_found,,,,"[{""message"": ""Variant not found""}]",False,cached_not_found,55
F9,p.Arg226Trp,10590,Pathogenic/Likely pathogenic,"criteria provided, multiple submitters, no conflicts",combined_external,X-139551217-C-T,True,True,True,not_found,,,,exact_variant_id_not_observed_in_complete_gene_level_public_api_subset,False,cached_not_found,55
F9,p.Arg294Gln,10602,Pathogenic,reviewed by expert panel,combined_external,X-139561566-G-A,True,True,True,found,1.8280934082607885e-06,2.0,1094036.0,,False,cached_found,55
F9,p.Arg379Gln,10613,Pathogenic,"criteria provided, multiple submitters, no conflicts",combined_external,X-139561821-G-A,True,True,True,found,9.105900714722148e-07,1.0,1098189.0,,False,cached_found,55
F9,p.Arg3His,695909,Benign,reviewed by expert panel,combined_external,X-139530772-G-A,True,True,True,found,0.0001286671271915,141.0,1095851.0,,False,cached_found,55
F9,p.Arg43Gln,810864,Pathogenic,"criteria provided, multiple submitters, no conflicts",combined_external,X-139537049-G-A,True,True,True,not_found,,,,exact_variant_id_not_observed_in_complete_gene_level_public_api_subset,False,cached_not_found,55
F9,p.Arg75Gln,10573,Pathogenic,reviewed by expert panel,combined_external,X-139537145-G-A,True,True,True,found,3.64450745392887e-06,4.0,1097542.0,,False,cached_found,55
F9,p.Asp93Asn,994410,Pathogenic,reviewed by expert panel,combined_external,X-139537386-G-A,True,True,True,not_found,,,,exact_variant_id_not_observed_in_complete_gene_level_public_api_subset,False,cached_not_found,55
F9,p.Cys102Arg,811522,Pathogenic,"criteria provided, multiple submitters, no conflicts",combined_external,X-139541102-T-C,True,True,True,found,9.214678983620908e-07,1.0,1085225.0,,False,cached_found,55
F9,p.Cys252Tyr,2138739,Pathogenic,"criteria provided, multiple submitters, no conflicts",combined_external,X-139560772-G-A,True,True,True,not_found,,,,exact_variant_id_not_observed_in_complete_gene_level_public_api_subset,False,cached_not_found,55
F9,p.Cys268Arg,4686603,Likely pathogenic,reviewed by expert panel,combined_external,X-139560819-T-C,True,True,True,not_found,,,,exact_variant_id_not_observed_in_complete_gene_level_public_api_subset,False,cached_not_found,55
F9,p.Cys268Gly,4686604,Likely pathogenic,reviewed by expert panel,combined_external,X-139560819-T-G,True,True,True,not_found,,,,exact_variant_id_not_observed_in_complete_gene_level_public_api_subset,False,cached_not_found,55
F9,p.Cys268Ser,627143,Likely pathogenic,reviewed by expert panel,combined_external,X-139560819-T-A,True,True,True,not_found,,,,exact_variant_id_not_observed_in_complete_gene_level_public_api_subset,False,cached_not_found,55
F9,p.Cys268Tyr,4686605,Pathogenic,reviewed by expert panel,combined_external,X-139560820-G-A,True,True,True,not_found,,,,exact_variant_id_not_observed_in_complete_gene_level_public_api_subset,False,cached_not_found,55
F9,p.Cys435Gly,3242385,Likely pathogenic,reviewed by expert panel,combined_external,X-139561988-T-G,True,True,True,not_found,,,,exact_variant_id_not_observed_in_complete_gene_level_public_api_subset,False,cached_not_found,55
F9,p.Cys435Tyr,811512,Pathogenic,reviewed by expert panel,combined_external,X-139561989-G-A,True,True,True,not_found,,,,exact_variant_id_not_observed_in_complete_gene_level_public_api_subset,False,cached_not_found,55
F9,p.Glu323Lys,695891,Benign/Likely benign,"criteria provided, multiple submitters, no conflicts",combined_external,X-139561652-G-A,True,True,True,found,0.0003415253889974,375.0,1098015.0,,False,cached_found,55
F9,p.Glu79Lys,994019,Likely pathogenic,"criteria provided, multiple submitters, no conflicts",combined_external,X-139537156-G-A,True,True,True,not_found,,,,exact_variant_id_not_observed_in_complete_gene_level_public_api_subset,False,cached_not_found,55
F9,p.Gly106Ser,10579,Pathogenic,reviewed by expert panel,combined_external,X-139541114-G-A,True,True,True,found,7.356450365569605e-06,8.0,1087481.0,,False,cached_found,55
F9,p.Gly357Arg,10611,Pathogenic/Likely pathogenic,"criteria provided, multiple submitters, no conflicts",combined_external,X-139561754-G-A,True,True,True,not_found,,,,exact_variant_id_not_observed_in_complete_gene_level_public_api_subset,False,cached_not_found,55
F9,p.Gly412Glu,2775451,Pathogenic,reviewed by expert panel,combined_external,X-139561920-G-A,True,True,True,not_found,,,,exact_variant_id_not_observed_in_complete_gene_level_public_api_subset,False,cached_not_found,55
F9,p.Gly442Ala,3242383,Likely pathogenic,reviewed by expert panel,combined_external,X-139562010-G-C,True,True,True,not_found,,,,exact_variant_id_not_observed_in_complete_gene_level_public_api_subset,False,cached_not_found,55
F9,p.Gly442Arg,10624,Pathogenic,reviewed by expert panel,combined_external,X-139562009-G-A,True,True,True,not_found,,,,exact_variant_id_not_observed_in_complete_gene_level_public_api_subset,False,cached_not_found,55
F9,p.Gly442Glu,811513,Likely pathogenic,reviewed by expert panel,combined_external,X-139562010-G-A,True,True,True,not_found,,,,exact_variant_id_not_observed_in_complete_gene_level_public_api_subset,False,cached_not_found,55
F9,p.Gly442Val,3242384,Likely pathogenic,reviewed by expert panel,combined_external,X-139562010-G-T,True,True,True,not_found,,,,exact_variant_id_not_observed_in_complete_gene_level_public_api_subset,False,cached_not_found,55
F9,p.Gly50Asp,3385073,Likely pathogenic,"criteria provided, multiple submitters, no conflicts",combined_external,X-139537070-G-A,True,True,True,not_found,,,,exact_variant_id_not_observed_in_complete_gene_level_public_api_subset,False,cached_not_found,55
F9,p.His303Tyr,10641,Benign/Likely benign,"criteria provided, multiple submitters, no conflicts",combined_external,X-139561592-C-T,True,True,True,found,0.0007941780987796,869.0,1094213.0,,False,cached_found,55
F9,p.Ile136Thr,627177,Likely pathogenic,reviewed by expert panel,combined_external,X-139548378-T-C,True,True,True,not_found,,,,exact_variant_id_not_observed_in_complete_gene_level_public_api_subset,False,cached_not_found,55
F9,p.Ile316Thr,811502,Pathogenic/Likely pathogenic,"criteria provided, multiple submitters, no conflicts",combined_external,X-139561632-T-C,True,True,True,not_found,,,,exact_variant_id_not_observed_in_complete_gene_level_public_api_subset,False,cached_not_found,55
F9,p.Ile443Thr,10627,Pathogenic/Likely pathogenic,"criteria provided, multiple submitters, no conflicts",combined_external,X-139562013-T-C,True,True,True,found,9.110430258289808e-07,1.0,1097643.0,,False,cached_found,55
F9,p.Ile7Phe,367997,Benign,reviewed by expert panel,combined_external,X-139530783-A-T,True,True,True,found,0.0013105777661119,1438.0,1097226.0,,False,cached_found,55
F9,p.Leu244Ser,811504,Pathogenic/Likely pathogenic,"criteria provided, multiple submitters, no conflicts",combined_external,X-139560748-T-C,True,True,True,not_found,,,,exact_variant_id_not_observed_in_complete_gene_level_public_api_subset,False,cached_not_found,55
F9,p.Leu318Arg,3390363,Likely pathogenic,reviewed by expert panel,combined_external,X-139561638-T-G,True,True,True,not_found,,,,exact_variant_id_not_observed_in_complete_gene_level_public_api_subset,False,cached_not_found,55
F9,p.Leu318Phe,3390362,Pathogenic,reviewed by expert panel,combined_external,X-139561637-C-T,True,True,True,not_found,,,,exact_variant_id_not_observed_in_complete_gene_level_public_api_subset,False,cached_not_found,55
F9,p.Leu369Pro,626973,Likely pathogenic,reviewed by expert panel,combined_external,X-139561791-T-C,True,True,True,not_found,,,,exact_variant_id_not_observed_in_complete_gene_level_public_api_subset,False,cached_not_found,55
F9,p.Leu372Pro,520832,Likely pathogenic,reviewed by expert panel,combined_external,X-139561800-T-C,True,True,True,not_found,,,,exact_variant_id_not_observed_in_complete_gene_level_public_api_subset,False,cached_not_found,55
F9,p.Leu52Ser,4087781,Likely pathogenic,reviewed by expert panel,combined_external,X-139537076-T-C,True,True,True,not_found,,,,exact_variant_id_not_observed_in_complete_gene_level_public_api_subset,False,cached_not_found,55
F9,p.Phe238Val,1166447,Benign,reviewed by expert panel,combined_external,X-139551253-T-G,True,True,True,found,9.13054395215595e-06,10.0,1095225.0,,False,cached_found,55
F9,p.Phe55Ile,1069182,Pathogenic/Likely pathogenic,"criteria provided, multiple submitters, no conflicts",combined_external,X-139537084-T-A,True,True,True,found,5.470230096111943e-06,6.0,1096846.0,,False,cached_found,55
F9,p.Pro101Ala,10578,Pathogenic,"criteria provided, multiple submitters, no conflicts",combined_external,X-139541099-C-G,True,True,True,found,1.792934046921084e-05,2.0,111549.0,,False,cached_found,55
F9,p.Pro44Ser,1085717,Likely benign,reviewed by expert panel,combined_external,X-139537051-C-T,True,True,True,found,9.125461406142348e-07,1.0,1095835.0,,False,cached_found,55
F9,p.Ser220Thr,368001,Benign/Likely benign,"criteria provided, multiple submitters, no conflicts",combined_external,X-139551199-T-A,True,True,True,found,6.374873527062704e-05,70.0,1098061.0,,False,cached_found,55
F9,p.Thr194Ala,10588,Benign,reviewed by expert panel,combined_external,X-139551121-A-G,True,True,True,found,0.2726546364279903,299272.0,1097623.0,,False,cached_found,55
F9,p.Thr29Ile,2138734,Likely pathogenic,reviewed by expert panel,combined_external,X-139530850-C-T,True,True,True,not_found,,,,exact_variant_id_not_observed_in_complete_gene_level_public_api_subset,False,cached_not_found,55
F9,p.Thr342Ala,812974,Likely pathogenic,"criteria provided, multiple submitters, no conflicts",combined_external,X-139561709-A-G,True,True,True,found,6.374374286866877e-06,7.0,1098147.0,,False,cached_found,55
F9,p.Thr342Met,10607,Pathogenic,reviewed by expert panel,combined_external,X-139561710-C-T,True,True,True,found,9.107418356548142e-07,1.0,1098006.0,,False,cached_found,55
F9,p.Thr461Pro,368004,Benign,"criteria provided, multiple submitters, no conflicts",combined_external,X-139562066-A-C,True,True,True,found,0.0001752987611307,192.0,1095273.0,,False,cached_found,55
F9,p.Tyr115Cys,810872,Pathogenic,"criteria provided, multiple submitters, no conflicts",combined_external,X-139541142-A-G,True,True,True,not_found,,,,exact_variant_id_not_observed_in_complete_gene_level_public_api_subset,False,cached_not_found,55
F9,p.Val174Met,811516,Likely pathogenic,reviewed by expert panel,combined_external,X-139548491-G-A,True,True,True,not_found,,,,exact_variant_id_not_observed_in_complete_gene_level_public_api_subset,False,cached_not_found,55
F9,p.Val30Ile,651569,Likely pathogenic,reviewed by expert panel,combined_external,X-139530852-G-A,True,True,True,not_found,,,,exact_variant_id_not_observed_in_complete_gene_level_public_api_subset,False,cached_not_found,55
F9,p.Val353Ala,10608,Pathogenic,"criteria provided, multiple submitters, no conflicts",combined_external,X-139561743-T-C,True,True,True,not_found,,,,exact_variant_id_not_observed_in_complete_gene_level_public_api_subset,False,cached_not_found,55
GCK,p.Ala11Thr,129141,Benign,reviewed by expert panel,combined_external,7-44188923-C-T,True,True,True,found,0.0006698139025725,979.0,1461600.0,,False,cached_found,55
GCK,p.Ala188Thr,804849,Pathogenic,"criteria provided, multiple submitters, no conflicts",combined_external,7-44149986-C-T,True,True,True,found,2.0524524754629305e-06,3.0,1461666.0,,False,cached_found,55
GCK,p.Ala201Ser,198050,Pathogenic,reviewed by expert panel,combined_external,7-44149838-C-A,True,True,True,found,2.052225022369253e-06,3.0,1461828.0,,False,cached_found,55
GCK,p.Ala208Pro,2691827,Likely pathogenic,reviewed by expert panel,combined_external,7-44149817-C-G,True,True,True,not_found,,,,exact_variant_id_not_observed_in_complete_gene_level_public_api_subset,False,cached_not_found,55
GCK,p.Ala208Thr,804344,Pathogenic,reviewed by expert panel,combined_external,7-44149817-C-T,True,True,True,found,6.840675202005138e-07,1.0,1461844.0,,False,cached_found,55
GCK,p.Ala208Val,447411,Pathogenic,reviewed by expert panel,combined_external,7-44149816-G-A,True,True,True,not_found,,,,exact_variant_id_not_observed_in_complete_gene_level_public_api_subset,False,cached_not_found,55
GCK,p.Ala259Ser,2578354,Likely pathogenic,reviewed by expert panel,combined_external,7-44147738-C-A,True,True,True,not_found,,,,exact_variant_id_not_observed_in_complete_gene_level_public_api_subset,False,cached_not_found,55
GCK,p.Ala259Thr,435302,Pathogenic,reviewed by expert panel,combined_external,7-44147738-C-T,True,True,True,found,6.843624547807508e-07,1.0,1461214.0,,False,cached_found,55
GCK,p.Ala259Val,447417,Pathogenic,reviewed by expert panel,combined_external,7-44147737-G-A,True,True,True,not_found,,,,exact_variant_id_not_observed_in_complete_gene_level_public_api_subset,False,cached_not_found,55
GCK,p.Ala378Gly,972776,Likely pathogenic,reviewed by expert panel,combined_external,7-44145617-G-C,True,True,True,found,4.123648989499815e-06,6.0,1455022.0,,False,cached_found,55
GCK,p.Ala378Pro,2628365,Likely pathogenic,reviewed by expert panel,combined_external,7-44145618-C-G,True,True,True,found,6.874666578670935e-07,1.0,1454616.0,,False,cached_found,55
GCK,p.Ala378Thr,16145,Pathogenic,reviewed by expert panel,combined_external,7-44145618-C-T,True,True,True,found,6.874666578670935e-07,1.0,1454616.0,,False,cached_found,55
GCK,p.Ala378Val,21076,Pathogenic,reviewed by expert panel,combined_external,7-44145617-G-A,True,True,True,not_found,,,,exact_variant_id_not_observed_in_complete_gene_level_public_api_subset,False,cached_not_found,55
GCK,p.Ala379Gly,447382,Likely pathogenic,reviewed by expert panel,combined_external,7-44145614-G-C,True,True,True,not_found,,,,exact_variant_id_not_observed_in_complete_gene_level_public_api_subset,False,cached_not_found,55
GCK,p.Ala379Val,804834,Likely pathogenic,reviewed by expert panel,combined_external,7-44145614-G-A,True,True,True,found,0.0,0.0,1454696.0,,False,cached_found,55
GCK,p.Ala384Glu,2136509,Pathogenic,reviewed by expert panel,combined_external,7-44145599-G-T,True,True,True,found,0.0,0.0,1454586.0,,False,cached_found,55
GCK,p.Ala384Thr,1734018,Likely pathogenic,reviewed by expert panel,combined_external,7-44145600-C-T,True,True,True,not_found,,,,exact_variant_id_not_observed_in_complete_gene_level_public_api_subset,False,cached_not_found,55
GCK,p.Ala384Val,804836,Likely pathogenic,reviewed by expert panel,combined_external,7-44145599-G-A,True,True,True,found,0.0,0.0,1454586.0,,False,cached_found,55
GCK,p.Ala387Glu,36181,Likely pathogenic,reviewed by expert panel,combined_external,7-44145590-G-T,True,True,True,found,6.885800377892725e-07,1.0,1452264.0,,False,cached_found,55
GCK,p.Ala387Thr,3024417,Pathogenic,reviewed by expert panel,combined_external,7-44145591-C-T,True,True,True,not_found,,,,exact_variant_id_not_observed_in_complete_gene_level_public_api_subset,False,cached_not_found,55
GCK,p.Ala387Val,36182,Pathogenic,reviewed by expert panel,combined_external,7-44145590-G-A,True,True,True,found,1.377160075578545e-06,2.0,1452264.0,,False,cached_found,55
GCK,p.Ala449Ser,3233991,Likely pathogenic,reviewed by expert panel,combined_external,7-44145189-C-A,True,True,True,not_found,,,,exact_variant_id_not_observed_in_complete_gene_level_public_api_subset,False,cached_not_found,55
GCK,p.Ala449Thr,36199,Pathogenic,reviewed by expert panel,combined_external,7-44145189-C-T,True,True,True,found,6.856895225269579e-07,1.0,1458386.0,,False,cached_found,55
GCK,p.Ala450Ser,1770532,Pathogenic/Likely pathogenic,"criteria provided, multiple submitters, no conflicts",combined_external,7-44145186-C-A,True,True,True,not_found,,,,exact_variant_id_not_observed_in_complete_gene_level_public_api_subset,False,cached_not_found,55
GCK,p.Ala454Glu,393447,Likely pathogenic,reviewed by expert panel,combined_external,7-44145173-G-T,True,True,True,found,0.0,0.0,1457766.0,,False,cached_found,55
GCK,p.Ala454Val,3068512,Likely pathogenic,reviewed by expert panel,combined_external,7-44145173-G-A,True,True,True,found,6.859811519818681e-07,1.0,1457766.0,,False,cached_found,55
GCK,p.Ala456Val,16143,Pathogenic,"criteria provided, multiple submitters, no conflicts",combined_external,7-44145167-G-A,True,True,True,not_found,,,,exact_variant_id_not_observed_in_complete_gene_level_public_api_subset,False,cached_not_found,55
GCK,p.Arg155Ser,2628364,Likely pathogenic,reviewed by expert panel,combined_external,7-44150974-C-A,True,True,True,not_found,,,,exact_variant_id_not_observed_in_complete_gene_level_public_api_subset,False,cached_not_found,55
GCK,p.Arg155Thr,447401,Likely pathogenic,reviewed by expert panel,combined_external,7-44150975-C-G,True,True,True,not_found,,,,exact_variant_id_not_observed_in_complete_gene_level_public_api_subset,False,cached_not_found,55
GCK,p.Arg191Gln,283358,Pathogenic,reviewed by expert panel,combined_external,7-44149976-C-T,True,True,True,not_found,,,,exact_variant_id_not_observed_in_complete_gene_level_public_api_subset,False,cached_not_found,55
GCK,p.Arg191Trp,426122,Pathogenic,reviewed by expert panel,combined_external,7-44149977-G-A,True,True,True,found,1.0946652855639647e-05,16.0,1461634.0,,False,cached_found,55
GCK,p.Arg250Cys,393451,Pathogenic,reviewed by expert panel,combined_external,7-44147765-G-A,True,True,True,found,2.7373261797875838e-06,4.0,1461280.0,,False,cached_found,55
GCK,p.Arg250His,435311,Likely pathogenic,reviewed by expert panel,combined_external,7-44147764-C-T,True,True,True,found,1.368661216657702e-06,2.0,1461282.0,,False,cached_found,55
GCK,p.Arg275Cys,585927,Pathogenic,reviewed by expert panel,combined_external,7-44147690-G-A,True,True,True,found,2.7399174462873434e-06,4.0,1459898.0,,False,cached_found,55
GCK,p.Arg275Gly,2664365,Pathogenic,reviewed by expert panel,combined_external,7-44147690-G-C,True,True,True,found,6.849793615718359e-07,1.0,1459898.0,,False,cached_found,55
GCK,p.Arg275Leu,435310,Likely pathogenic,reviewed by expert panel,combined_external,7-44147689-C-A,True,True,True,not_found,,,,exact_variant_id_not_observed_in_complete_gene_level_public_api_subset,False,cached_not_found,55
GCK,p.Arg275Pro,2581126,Likely pathogenic,reviewed by expert panel,combined_external,7-44147689-C-G,True,True,True,not_found,,,,exact_variant_id_not_observed_in_complete_gene_level_public_api_subset,False,cached_not_found,55
GCK,p.Arg303Gln,435301,Likely pathogenic,"criteria provided, multiple submitters, no conflicts",combined_external,7-44146574-C-T,True,True,True,found,6.848799063084288e-07,1.0,1460110.0,,False,cached_found,55
GCK,p.Arg303Trp,36264,Likely pathogenic,"criteria provided, multiple submitters, no conflicts",combined_external,7-44146575-G-A,True,True,True,found,6.84923062592379e-07,1.0,1460018.0,,False,cached_found,55
GCK,p.Arg377Cys,585908,Pathogenic,reviewed by expert panel,combined_external,7-44145621-G-A,True,True,True,not_found,,,,exact_variant_id_not_observed_in_complete_gene_level_public_api_subset,False,cached_not_found,55
GCK,p.Arg377His,36176,Likely pathogenic,reviewed by expert panel,combined_external,7-44145620-C-T,True,True,True,found,0.0,0.0,1454470.0,,False,cached_found,55
GCK,p.Arg377Leu,872751,Likely pathogenic,reviewed by expert panel,combined_external,7-44145620-C-A,True,True,True,not_found,,,,exact_variant_id_not_observed_in_complete_gene_level_public_api_subset,False,cached_not_found,55
GCK,p.Arg377Ser,1727652,Likely pathogenic,reviewed by expert panel,combined_external,7-44145621-G-T,True,True,True,found,0.0,0.0,1454578.0,,False,cached_found,55
GCK,p.Arg392Cys,585909,Pathogenic,reviewed by expert panel,combined_external,7-44145576-G-A,True,True,True,found,2.7574644562831585e-06,4.0,1450608.0,,False,cached_found,55
GCK,p.Arg392Gly,1301416,Likely pathogenic,reviewed by expert panel,combined_external,7-44145576-G-C,True,True,True,not_found,,,,exact_variant_id_not_observed_in_complete_gene_level_public_api_subset,False,cached_not_found,55
GCK,p.Arg392Leu,36185,Pathogenic,reviewed by expert panel,combined_external,7-44145575-C-A,True,True,True,found,0.0,0.0,1449272.0,,False,cached_found,55
GCK,p.Arg392Pro,2574162,Likely pathogenic,reviewed by expert panel,combined_external,7-44145575-C-G,True,True,True,not_found,,,,exact_variant_id_not_observed_in_complete_gene_level_public_api_subset,False,cached_not_found,55
GCK,p.Arg392Ser,2581305,Pathogenic,reviewed by expert panel,combined_external,7-44145576-G-T,True,True,True,found,0.0,0.0,1450608.0,,False,cached_found,55
GCK,p.Arg394Leu,1522625,Likely pathogenic,reviewed by expert panel,combined_external,7-44145569-C-A,True,True,True,not_found,,,,exact_variant_id_not_observed_in_complete_gene_level_public_api_subset,False,cached_not_found,55
GCK,p.Arg394Pro,2169517,Likely pathogenic,reviewed by expert panel,combined_external,7-44145569-C-G,True,True,True,not_found,,,,exact_variant_id_not_observed_in_complete_gene_level_public_api_subset,False,cached_not_found,55
GCK,p.Arg394Ser,3602130,Likely pathogenic,reviewed by expert panel,combined_external,7-44145570-G-T,True,True,True,found,0.0,0.0,1452074.0,,False,cached_found,55
GCK,p.Arg397Cys,2734991,Likely pathogenic,reviewed by expert panel,combined_external,7-44145561-G-A,True,True,True,found,1.3743456396823062e-06,2.0,1455238.0,,False,cached_found,55
GCK,p.Arg397Gly,2578359,Likely pathogenic,reviewed by expert panel,combined_external,7-44145561-G-C,True,True,True,not_found,,,,exact_variant_id_not_observed_in_complete_gene_level_public_api_subset,False,cached_not_found,55
GCK,p.Arg397Leu,21077,Pathogenic,reviewed by expert panel,combined_external,7-44145560-C-A,True,True,True,found,1.3746176844565104e-06,2.0,1454950.0,,False,cached_found,55
GCK,p.Arg43Cys,585911,Pathogenic,reviewed by expert panel,combined_external,7-44153382-G-A,True,True,True,found,1.3681125792479211e-06,2.0,1461868.0,,False,cached_found,55
GCK,p.Arg43His,393453,Pathogenic,reviewed by expert panel,combined_external,7-44153381-C-T,True,True,True,found,2.736232645444446e-06,4.0,1461864.0,,False,cached_found,55
GCK,p.Arg43Ser,585910,Pathogenic/Likely pathogenic,"criteria provided, multiple submitters, no conflicts",combined_external,7-44153382-G-T,True,True,True,not_found,,,,exact_variant_id_not_observed_in_complete_gene_level_public_api_subset,False,cached_not_found,55
GCK,p.Arg447Gln,429500,Pathogenic/Likely pathogenic,"criteria provided, multiple submitters, no conflicts",combined_external,7-44145194-C-T,True,True,True,found,6.855090247263105e-07,1.0,1458770.0,,False,cached_found,55
GCK,p.Arg447Gly,36198,Pathogenic/Likely pathogenic,"criteria provided, multiple submitters, no conflicts",combined_external,7-44145195-G-C,True,True,True,not_found,,,,exact_variant_id_not_observed_in_complete_gene_level_public_api_subset,False,cached_not_found,55
GCK,p.Arg447Pro,804842,Likely pathogenic,"criteria provided, multiple submitters, no conflicts",combined_external,7-44145194-C-G,True,True,True,not_found,,,,exact_variant_id_not_observed_in_complete_gene_level_public_api_subset,False,cached_not_found,55
GCK,p.Asp124Asn,211073,Pathogenic,reviewed by expert panel,combined_external,7-44151069-C-T,True,True,True,found,1.6420181497739488e-05,24.0,1461616.0,,False,cached_found,55
GCK,p.Asp124His,447397,Pathogenic,reviewed by expert panel,combined_external,7-44151069-C-G,True,True,True,not_found,,,,exact_variant_id_not_observed_in_complete_gene_level_public_api_subset,False,cached_not_found,55
GCK,p.Asp160Asn,447404,Pathogenic,reviewed by expert panel,combined_external,7-44150961-C-T,True,True,True,found,2.736655724604861e-06,4.0,1461638.0,,False,cached_found,55
GCK,p.Asp160Glu,4687871,Likely pathogenic,reviewed by expert panel,combined_external,7-44150959-A-C,True,True,True,not_found,,,,exact_variant_id_not_observed_in_complete_gene_level_public_api_subset,False,cached_not_found,55
GCK,p.Asp187His,3238987,Likely pathogenic,reviewed by expert panel,combined_external,7-44149989-C-G,True,True,True,not_found,,,,exact_variant_id_not_observed_in_complete_gene_level_public_api_subset,False,cached_not_found,55
GCK,p.Asp217Asn,911631,Benign,reviewed by expert panel,combined_external,7-44149790-C-T,True,True,True,found,0.0001443410114542,211.0,1461816.0,,False,cached_found,55
GCK,p.Asp274Ala,3383925,Pathogenic,reviewed by expert panel,combined_external,7-44147692-T-G,True,True,True,not_found,,,,exact_variant_id_not_observed_in_complete_gene_level_public_api_subset,False,cached_not_found,55
GCK,p.Asp274Glu,994611,Likely pathogenic,reviewed by expert panel,combined_external,7-44147691-G-T,True,True,True,found,6.847711015638802e-07,1.0,1460342.0,,False,cached_found,55
GCK,p.Asp274Gly,3383923,Likely pathogenic,reviewed by expert panel,combined_external,7-44147692-T-C,True,True,True,not_found,,,,exact_variant_id_not_observed_in_complete_gene_level_public_api_subset,False,cached_not_found,55
GCK,p.Asp344Tyr,219179,Likely pathogenic,reviewed by expert panel,combined_external,7-44145720-C-A,True,True,True,found,0.0,0.0,1438394.0,,False,cached_found,55
GCK,p.Asp363Gly,3383915,Pathogenic,reviewed by expert panel,combined_external,7-44145662-T-C,True,True,True,not_found,,,,exact_variant_id_not_observed_in_complete_gene_level_public_api_subset,False,cached_not_found,55
GCK,p.Asp4Asn,911766,Likely benign,reviewed by expert panel,combined_external,7-44188944-C-T,True,True,True,found,7.388576166642495e-05,108.0,1461716.0,,False,cached_found,55
GCK,p.Asp78Asn,3383928,Pathogenic,reviewed by expert panel,combined_external,7-44152402-C-T,True,True,True,not_found,,,,exact_variant_id_not_observed_in_complete_gene_level_public_api_subset,False,cached_not_found,55
GCK,p.Asp78Glu,3383930,Pathogenic,reviewed by expert panel,combined_external,7-44152400-G-C,True,True,True,not_found,,,,exact_variant_id_not_observed_in_complete_gene_level_public_api_subset,False,cached_not_found,55
GCK,p.Asp78Gly,3383931,Likely pathogenic,reviewed by expert panel,combined_external,7-44152401-T-C,True,True,True,not_found,,,,exact_variant_id_not_observed_in_complete_gene_level_public_api_subset,False,cached_not_found,55
GCK,p.Asp78His,3383929,Pathogenic,reviewed by expert panel,combined_external,7-44152402-C-G,True,True,True,not_found,,,,exact_variant_id_not_observed_in_complete_gene_level_public_api_subset,False,cached_not_found,55
GCK,p.Asp78Tyr,2500039,Pathogenic,reviewed by expert panel,combined_external,7-44152402-C-A,True,True,True,not_found,,,,exact_variant_id_not_observed_in_complete_gene_level_public_api_subset,False,cached_not_found,55
GCK,p.Cys129Tyr,1210150,Likely pathogenic,"criteria provided, multiple submitters, no conflicts",combined_external,7-44151053-C-T,True,True,True,found,1.3681743491936664e-06,2.0,1461802.0,,False,cached_found,55
GCK,p.Cys220Arg,36239,Likely pathogenic,reviewed by expert panel,combined_external,7-44149781-A-G,True,True,True,not_found,,,,exact_variant_id_not_observed_in_complete_gene_level_public_api_subset,False,cached_not_found,55
GCK,p.Cys230Arg,198397,Likely pathogenic,reviewed by expert panel,combined_external,7-44147825-A-G,True,True,True,not_found,,,,exact_variant_id_not_observed_in_complete_gene_level_public_api_subset,False,cached_not_found,55
GCK,p.Cys230Tyr,2628366,Pathogenic,reviewed by expert panel,combined_external,7-44147824-C-T,True,True,True,not_found,,,,exact_variant_id_not_observed_in_complete_gene_level_public_api_subset,False,cached_not_found,55
GCK,p.Cys371Arg,2578362,Likely pathogenic,reviewed by expert panel,combined_external,7-44145639-A-G,True,True,True,found,0.0,0.0,1453820.0,,False,cached_found,55
GCK,p.Cys371Trp,447379,Likely pathogenic,reviewed by expert panel,combined_external,7-44145637-G-C,True,True,True,not_found,,,,exact_variant_id_not_observed_in_complete_gene_level_public_api_subset,False,cached_not_found,55
GCK,p.Cys382Arg,447384,Pathogenic,reviewed by expert panel,combined_external,7-44145606-A-G,True,True,True,not_found,,,,exact_variant_id_not_observed_in_complete_gene_level_public_api_subset,False,cached_not_found,55
GCK,p.Cys382Gly,2581125,Likely pathogenic,reviewed by expert panel,combined_external,7-44145606-A-C,True,True,True,found,6.872417689053339e-07,1.0,1455092.0,,False,cached_found,55
GCK,p.Cys382Tyr,1256304,Pathogenic,reviewed by expert panel,combined_external,7-44145605-C-T,True,True,True,not_found,,,,exact_variant_id_not_observed_in_complete_gene_level_public_api_subset,False,cached_not_found,55
GCK,p.Gln337Pro,3602116,Likely pathogenic,reviewed by expert panel,combined_external,7-44146472-T-G,True,True,True,not_found,,,,exact_variant_id_not_observed_in_complete_gene_level_public_api_subset,False,cached_not_found,55
GCK,p.Gln38Leu,2691828,Likely pathogenic,reviewed by expert panel,combined_external,7-44153396-T-A,True,True,True,not_found,,,,exact_variant_id_not_observed_in_complete_gene_level_public_api_subset,False,cached_not_found,55
GCK,p.Gln38Pro,420070,Pathogenic,reviewed by expert panel,combined_external,7-44153396-T-G,True,True,True,found,6.840619048661428e-07,1.0,1461856.0,,False,cached_found,55
GCK,p.Glu157Lys,447402,Pathogenic,reviewed by expert panel,combined_external,7-44150970-C-T,True,True,True,found,1.3682623342008117e-06,2.0,1461708.0,,False,cached_found,55
GCK,p.Glu177Asp,3383919,Likely pathogenic,reviewed by expert panel,combined_external,7-44150017-T-A,True,True,True,not_found,,,,exact_variant_id_not_observed_in_complete_gene_level_public_api_subset,False,cached_not_found,55
GCK,p.Glu221Lys,36241,Pathogenic,reviewed by expert panel,combined_external,7-44149778-C-T,True,True,True,found,2.7363898808302205e-06,4.0,1461780.0,,False,cached_found,55
GCK,p.Glu256Gln,421063,Likely pathogenic,"criteria provided, multiple submitters, no conflicts",combined_external,7-44147747-C-G,True,True,True,not_found,,,,exact_variant_id_not_observed_in_complete_gene_level_public_api_subset,False,cached_not_found,55
GCK,p.Glu256Lys,265175,Pathogenic,"criteria provided, multiple submitters, no conflicts",combined_external,7-44147747-C-T,True,True,True,found,1.3686968090202594e-06,2.0,1461244.0,,False,cached_found,55
GCK,p.Glu265Lys,447419,Pathogenic,"criteria provided, multiple submitters, no conflicts",combined_external,7-44147720-C-T,True,True,True,found,2.053196964553608e-06,3.0,1461136.0,,False,cached_found,55
GCK,p.Glu268Lys,447420,Pathogenic,reviewed by expert panel,combined_external,7-44147711-C-T,True,True,True,not_found,,,,exact_variant_id_not_observed_in_complete_gene_level_public_api_subset,False,cached_not_found,55
GCK,p.Glu279Gln,211076,Benign,reviewed by expert panel,combined_external,7-44147678-C-G,True,True,True,found,4.5257991121205015e-05,66.0,1458306.0,,False,cached_found,55
GCK,p.Glu300Gln,2578349,Pathogenic,reviewed by expert panel,combined_external,7-44146584-C-G,True,True,True,not_found,,,,exact_variant_id_not_observed_in_complete_gene_level_public_api_subset,False,cached_not_found,55
GCK,p.Glu300Gly,3068849,Likely pathogenic,"criteria provided, multiple submitters, no conflicts",combined_external,7-44146583-T-C,True,True,True,not_found,,,,exact_variant_id_not_observed_in_complete_gene_level_public_api_subset,False,cached_not_found,55
GCK,p.Glu300Lys,1436793,Likely pathogenic,reviewed by expert panel,combined_external,7-44146584-C-T,True,True,True,found,0.0,0.0,1460032.0,,False,cached_found,55
GCK,p.Glu339Gly,393450,Pathogenic,reviewed by expert panel,combined_external,7-44146466-T-C,True,True,True,not_found,,,,exact_variant_id_not_observed_in_complete_gene_level_public_api_subset,False,cached_not_found,55
GCK,p.Glu339Lys,39759,Likely pathogenic,reviewed by expert panel,combined_external,7-44146467-C-T,True,True,True,found,6.886947993900919e-07,1.0,1452022.0,,False,cached_found,55
GCK,p.Glu40Lys,195024,Pathogenic,reviewed by expert panel,combined_external,7-44153391-C-T,True,True,True,not_found,,,,exact_variant_id_not_observed_in_complete_gene_level_public_api_subset,False,cached_not_found,55
GCK,p.Glu48Lys,1299600,Likely benign,reviewed by expert panel,combined_external,7-44153367-C-T,True,True,True,found,2.1889801267966734e-05,32.0,1461868.0,,False,cached_found,55
GCK,p.Glu70Lys,1679552,Pathogenic/Likely pathogenic,"criteria provided, multiple submitters, no conflicts",combined_external,7-44153301-C-T,True,True,True,not_found,,,,exact_variant_id_not_observed_in_complete_gene_level_public_api_subset,False,cached_not_found,55
GCK,p.Gly117Arg,1496579,Likely pathogenic,reviewed by expert panel,combined_external,7-44152285-C-G,True,True,True,found,6.840469310918484e-07,1.0,1461888.0,,False,cached_found,55
GCK,p.Gly117Val,2662928,Likely pathogenic,reviewed by expert panel,combined_external,7-44152284-C-A,True,True,True,not_found,,,,exact_variant_id_not_observed_in_complete_gene_level_public_api_subset,False,cached_not_found,55
GCK,p.Gly175Arg,3024423,Pathogenic,reviewed by expert panel,combined_external,7-44150025-C-G,True,True,True,not_found,,,,exact_variant_id_not_observed_in_complete_gene_level_public_api_subset,False,cached_not_found,55
GCK,p.Gly175Glu,1746350,Likely pathogenic,reviewed by expert panel,combined_external,7-44150024-C-T,True,True,True,not_found,,,,exact_variant_id_not_observed_in_complete_gene_level_public_api_subset,False,cached_not_found,55
GCK,p.Gly178Ala,4531183,Likely pathogenic,reviewed by expert panel,combined_external,7-44150015-C-G,True,True,True,not_found,,,,exact_variant_id_not_observed_in_complete_gene_level_public_api_subset,False,cached_not_found,55
GCK,p.Gly178Arg,4814053,Likely pathogenic,reviewed by expert panel,combined_external,7-44150016-C-G,True,True,True,not_found,,,,exact_variant_id_not_observed_in_complete_gene_level_public_api_subset,False,cached_not_found,55
GCK,p.Gly178Glu,265174,Pathogenic,reviewed by expert panel,combined_external,7-44150015-C-T,True,True,True,not_found,,,,exact_variant_id_not_observed_in_complete_gene_level_public_api_subset,False,cached_not_found,55
GCK,p.Gly178Val,4814054,Likely pathogenic,reviewed by expert panel,combined_external,7-44150015-C-A,True,True,True,not_found,,,,exact_variant_id_not_observed_in_complete_gene_level_public_api_subset,False,cached_not_found,55
GCK,p.Gly223Arg,2578075,Likely pathogenic,"criteria provided, multiple submitters, no conflicts",combined_external,7-44149772-C-G,True,True,True,found,6.841255507210683e-07,1.0,1461720.0,,False,cached_found,55
GCK,p.Gly223Ser,435306,Pathogenic,"criteria provided, multiple submitters, no conflicts",combined_external,7-44149772-C-T,True,True,True,found,6.841255507210683e-07,1.0,1461720.0,,False,cached_found,55
GCK,p.Gly227Arg,2580859,Pathogenic,reviewed by expert panel,combined_external,7-44149760-C-G,True,True,True,not_found,,,,exact_variant_id_not_observed_in_complete_gene_level_public_api_subset,False,cached_not_found,55
GCK,p.Gly227Ser,2136518,Pathogenic,reviewed by expert panel,combined_external,7-44149760-C-T,True,True,True,not_found,,,,exact_variant_id_not_observed_in_complete_gene_level_public_api_subset,False,cached_not_found,55
GCK,p.Gly246Ala,804856,Likely pathogenic,reviewed by expert panel,combined_external,7-44147776-C-G,True,True,True,not_found,,,,exact_variant_id_not_observed_in_complete_gene_level_public_api_subset,False,cached_not_found,55
GCK,p.Gly246Arg,995372,Pathogenic,reviewed by expert panel,combined_external,7-44147777-C-T,True,True,True,found,6.843277984900992e-07,1.0,1461288.0,,False,cached_found,55
GCK,p.Gly246Glu,995373,Likely pathogenic,reviewed by expert panel,combined_external,7-44147776-C-T,True,True,True,not_found,,,,exact_variant_id_not_observed_in_complete_gene_level_public_api_subset,False,cached_not_found,55
GCK,p.Gly261Arg,447418,Pathogenic,reviewed by expert panel,combined_external,7-44147732-C-G,True,True,True,not_found,,,,exact_variant_id_not_observed_in_complete_gene_level_public_api_subset,False,cached_not_found,55
GCK,p.Gly261Glu,2578353,Pathogenic,reviewed by expert panel,combined_external,7-44147731-C-T,True,True,True,not_found,,,,exact_variant_id_not_observed_in_complete_gene_level_public_api_subset,False,cached_not_found,55
GCK,p.Gly264Ser,21078,Pathogenic,reviewed by expert panel,combined_external,7-44147723-C-T,True,True,True,not_found,,,,exact_variant_id_not_observed_in_complete_gene_level_public_api_subset,False,cached_not_found,55
GCK,p.Gly294Asp,3338870,Pathogenic,reviewed by expert panel,combined_external,7-44146601-C-T,True,True,True,found,6.852131012744964e-07,1.0,1459400.0,,False,cached_found,55
GCK,p.Gly295Asp,994613,Likely pathogenic,reviewed by expert panel,combined_external,7-44146598-C-T,True,True,True,found,0.0,0.0,1459490.0,,False,cached_found,55
GCK,p.Gly295Ser,447423,Likely pathogenic,reviewed by expert panel,combined_external,7-44146599-C-T,True,True,True,not_found,,,,exact_variant_id_not_observed_in_complete_gene_level_public_api_subset,False,cached_not_found,55
GCK,p.Gly295Val,2578352,Likely pathogenic,reviewed by expert panel,combined_external,7-44146598-C-A,True,True,True,not_found,,,,exact_variant_id_not_observed_in_complete_gene_level_public_api_subset,False,cached_not_found,55
GCK,p.Gly299Arg,16136,Pathogenic/Likely pathogenic,"criteria provided, multiple submitters, no conflicts",combined_external,7-44146587-C-G,True,True,True,not_found,,,,exact_variant_id_not_observed_in_complete_gene_level_public_api_subset,False,cached_not_found,55
GCK,p.Gly318Arg,585929,Pathogenic,reviewed by expert panel,combined_external,7-44146530-C-T,True,True,True,found,6.85801441280309e-07,1.0,1458148.0,,False,cached_found,55
GCK,p.Gly385Arg,2065408,Likely pathogenic,reviewed by expert panel,combined_external,7-44145597-C-G,True,True,True,not_found,,,,exact_variant_id_not_observed_in_complete_gene_level_public_api_subset,False,cached_not_found,55
GCK,p.Gly385Trp,3901861,Likely pathogenic,reviewed by expert panel,combined_external,7-44145597-C-A,True,True,True,not_found,,,,exact_variant_id_not_observed_in_complete_gene_level_public_api_subset,False,cached_not_found,55
GCK,p.Gly385Val,3901862,Likely pathogenic,reviewed by expert panel,combined_external,7-44145596-C-A,True,True,True,not_found,,,,exact_variant_id_not_observed_in_complete_gene_level_public_api_subset,False,cached_not_found,55
GCK,p.Gly410Arg,1472875,Pathogenic,reviewed by expert panel,combined_external,7-44145522-C-G,True,True,True,found,6.86356872628637e-07,1.0,1456968.0,,False,cached_found,55
GCK,p.Gly410Cys,3233996,Pathogenic,reviewed by expert panel,combined_external,7-44145522-C-A,True,True,True,found,0.0,0.0,1456968.0,,False,cached_found,55
GCK,p.Gly410Ser,3233995,Pathogenic,reviewed by expert panel,combined_external,7-44145522-C-T,True,True,True,not_found,,,,exact_variant_id_not_observed_in_complete_gene_level_public_api_subset,False,cached_not_found,55
GCK,p.Gly44Ser,76898,Pathogenic/Likely pathogenic,"criteria provided, multiple submitters, no conflicts",combined_external,7-44153379-C-T,True,True,True,found,1.3681125792479211e-06,2.0,1461868.0,,False,cached_found,55
GCK,p.Gly68Asp,972774,Likely benign,reviewed by expert panel,combined_external,7-44153306-C-T,True,True,True,found,4.378385552422273e-05,64.0,1461726.0,,False,cached_found,55
GCK,p.Gly72Arg,36209,Pathogenic,reviewed by expert panel,combined_external,7-44152420-C-T,True,True,True,found,6.840525461803874e-07,1.0,1461876.0,,False,cached_found,55
GCK,p.His137Arg,2136527,Likely pathogenic,reviewed by expert panel,combined_external,7-44151029-T-C,True,True,True,not_found,,,,exact_variant_id_not_observed_in_complete_gene_level_public_api_subset,False,cached_not_found,55
GCK,p.His137Asp,3893273,Likely pathogenic,reviewed by expert panel,combined_external,7-44151030-G-C,True,True,True,not_found,,,,exact_variant_id_not_observed_in_complete_gene_level_public_api_subset,False,cached_not_found,55
GCK,p.His156Tyr,585921,Likely pathogenic,reviewed by expert panel,combined_external,7-44150973-G-A,True,True,True,not_found,,,,exact_variant_id_not_observed_in_complete_gene_level_public_api_subset,False,cached_not_found,55
GCK,p.His317Gln,447426,Likely pathogenic,reviewed by expert panel,combined_external,7-44146531-G-C,True,True,True,found,1.0972070594302205e-05,16.0,1458248.0,,False,cached_found,55
GCK,p.His380Pro,1098819,Pathogenic,reviewed by expert panel,combined_external,7-44145611-T-G,True,True,True,not_found,,,,exact_variant_id_not_observed_in_complete_gene_level_public_api_subset,False,cached_not_found,55
GCK,p.His416Arg,1700674,Pathogenic,reviewed by expert panel,combined_external,7-44145503-T-C,True,True,True,found,0.0,0.0,1451106.0,,False,cached_found,55
GCK,p.His416Asp,4687878,Likely pathogenic,reviewed by expert panel,combined_external,7-44145504-G-C,True,True,True,not_found,,,,exact_variant_id_not_observed_in_complete_gene_level_public_api_subset,False,cached_not_found,55
GCK,p.His416Gln,4687875,Likely pathogenic,reviewed by expert panel,combined_external,7-44145502-G-C,True,True,True,not_found,,,,exact_variant_id_not_observed_in_complete_gene_level_public_api_subset,False,cached_not_found,55
GCK,p.His416Pro,804839,Likely pathogenic,reviewed by expert panel,combined_external,7-44145503-T-G,True,True,True,not_found,,,,exact_variant_id_not_observed_in_complete_gene_level_public_api_subset,False,cached_not_found,55
GCK,p.His416Tyr,4687877,Likely pathogenic,reviewed by expert panel,combined_external,7-44145504-G-A,True,True,True,found,0.0,0.0,1452236.0,,False,cached_found,55
GCK,p.His424Tyr,1709730,Likely pathogenic,reviewed by expert panel,combined_external,7-44145264-G-A,True,True,True,not_found,,,,exact_variant_id_not_observed_in_complete_gene_level_public_api_subset,False,cached_not_found,55
GCK,p.His50Tyr,631495,Pathogenic/Likely pathogenic,"criteria provided, multiple submitters, no conflicts",combined_external,7-44153361-G-A,True,True,True,not_found,,,,exact_variant_id_not_observed_in_complete_gene_level_public_api_subset,False,cached_not_found,55
GCK,p.Ile130Asn,3024422,Likely pathogenic,reviewed by expert panel,combined_external,7-44151050-A-T,True,True,True,not_found,,,,exact_variant_id_not_observed_in_complete_gene_level_public_api_subset,False,cached_not_found,55
GCK,p.Ile130Thr,1704126,Likely pathogenic,reviewed by expert panel,combined_external,7-44151050-A-G,True,True,True,found,6.840824948762221e-07,1.0,1461812.0,,False,cached_found,55
GCK,p.Ile159Val,1679549,Pathogenic/Likely pathogenic,"criteria provided, multiple submitters, no conflicts",combined_external,7-44150964-T-C,True,True,True,found,6.841442723441519e-07,1.0,1461680.0,,False,cached_found,55
GCK,p.Ile189Met,2664364,Likely pathogenic,reviewed by expert panel,combined_external,7-44149981-G-C,True,True,True,found,1.3683222453620716e-06,2.0,1461644.0,,False,cached_found,55
GCK,p.Ile189Thr,431972,Pathogenic,reviewed by expert panel,combined_external,7-44149982-A-G,True,True,True,found,6.841517612802942e-07,1.0,1461664.0,,False,cached_found,55
GCK,p.Ile19Asn,2136531,Pathogenic,reviewed by expert panel,combined_external,7-44153453-A-T,True,True,True,found,6.842669243159725e-07,1.0,1461418.0,,False,cached_found,55
GCK,p.Ile293Arg,1700684,Pathogenic/Likely pathogenic,"criteria provided, multiple submitters, no conflicts",combined_external,7-44146604-A-C,True,True,True,found,6.853051389661761e-07,1.0,1459204.0,,False,cached_found,55
GCK,p.Ile348Phe,36172,Likely pathogenic,reviewed by expert panel,combined_external,7-44145708-T-A,True,True,True,found,0.0,0.0,1445848.0,,False,cached_found,55
GCK,p.Ile436Asn,36195,Pathogenic,reviewed by expert panel,combined_external,7-44145227-A-T,True,True,True,not_found,,,,exact_variant_id_not_observed_in_complete_gene_level_public_api_subset,False,cached_not_found,55
GCK,p.Ile436Phe,2691824,Likely pathogenic,reviewed by expert panel,combined_external,7-44145228-T-A,True,True,True,found,2.739103162842422e-06,4.0,1460332.0,,False,cached_found,55
GCK,p.Leu122Ile,435307,Likely pathogenic,reviewed by expert panel,combined_external,7-44151075-G-T,True,True,True,found,6.8418078245651e-07,1.0,1461602.0,,False,cached_found,55
GCK,p.Leu122Phe,3338654,Likely pathogenic,reviewed by expert panel,combined_external,7-44151075-G-A,True,True,True,found,6.8418078245651e-07,1.0,1461602.0,,False,cached_found,55
GCK,p.Leu122Pro,2735019,Likely pathogenic,reviewed by expert panel,combined_external,7-44151074-A-G,True,True,True,not_found,,,,exact_variant_id_not_observed_in_complete_gene_level_public_api_subset,False,cached_not_found,55
GCK,p.Leu122Val,585919,Likely pathogenic,reviewed by expert panel,combined_external,7-44151075-G-C,True,True,True,not_found,,,,exact_variant_id_not_observed_in_complete_gene_level_public_api_subset,False,cached_not_found,55
GCK,p.Leu146Arg,2578355,Likely pathogenic,reviewed by expert panel,combined_external,7-44151002-A-C,True,True,True,not_found,,,,exact_variant_id_not_observed_in_complete_gene_level_public_api_subset,False,cached_not_found,55
GCK,p.Leu146Pro,2428681,Pathogenic,reviewed by expert panel,combined_external,7-44151002-A-G,True,True,True,not_found,,,,exact_variant_id_not_observed_in_complete_gene_level_public_api_subset,False,cached_not_found,55
GCK,p.Leu164Pro,997861,Pathogenic/Likely pathogenic,"criteria provided, multiple submitters, no conflicts",combined_external,7-44150057-A-G,True,True,True,not_found,,,,exact_variant_id_not_observed_in_complete_gene_level_public_api_subset,False,cached_not_found,55
GCK,p.Leu271Pro,36259,Likely pathogenic,reviewed by expert panel,combined_external,7-44147701-A-G,True,True,True,not_found,,,,exact_variant_id_not_observed_in_complete_gene_level_public_api_subset,False,cached_not_found,55
GCK,p.Leu304Pro,447425,Pathogenic,reviewed by expert panel,combined_external,7-44146571-A-G,True,True,True,not_found,,,,exact_variant_id_not_observed_in_complete_gene_level_public_api_subset,False,cached_not_found,55
GCK,p.Leu30Pro,235097,Likely pathogenic,reviewed by expert panel,combined_external,7-44153420-A-G,True,True,True,not_found,,,,exact_variant_id_not_observed_in_complete_gene_level_public_api_subset,False,cached_not_found,55
GCK,p.Leu315His,36266,Pathogenic,"criteria provided, multiple submitters, no conflicts",combined_external,7-44146538-A-T,True,True,True,found,6.855607201129804e-07,1.0,1458660.0,,False,cached_found,55
GCK,p.Leu324Pro,36270,Pathogenic/Likely pathogenic,"criteria provided, multiple submitters, no conflicts",combined_external,7-44146511-A-G,True,True,True,found,6.863352033679842e-07,1.0,1457014.0,,False,cached_found,55
GCK,p.Leu352Arg,4071499,Likely pathogenic,reviewed by expert panel,combined_external,7-44145695-A-C,True,True,True,not_found,,,,exact_variant_id_not_observed_in_complete_gene_level_public_api_subset,False,cached_not_found,55
GCK,p.Leu352Pro,3893306,Likely pathogenic,reviewed by expert panel,combined_external,7-44145695-A-G,True,True,True,found,0.0,0.0,1448474.0,,False,cached_found,55
GCK,p.Leu386Arg,3233999,Likely pathogenic,reviewed by expert panel,combined_external,7-44145593-A-C,True,True,True,not_found,,,,exact_variant_id_not_observed_in_complete_gene_level_public_api_subset,False,cached_not_found,55
GCK,p.Leu386Pro,36180,Pathogenic,reviewed by expert panel,combined_external,7-44145593-A-G,True,True,True,found,6.878544169883532e-07,1.0,1453796.0,,False,cached_found,55
GCK,p.Leu386Val,804837,Pathogenic,reviewed by expert panel,combined_external,7-44145594-G-C,True,True,True,found,6.878525244187646e-07,1.0,1453800.0,,False,cached_found,55
GCK,p.Leu77Pro,995367,Likely pathogenic,reviewed by expert panel,combined_external,7-44152404-A-G,True,True,True,not_found,,,,exact_variant_id_not_observed_in_complete_gene_level_public_api_subset,False,cached_not_found,55
GCK,p.Lys414Glu,36188,Pathogenic,reviewed by expert panel,combined_external,7-44145510-T-C,True,True,True,found,6.873617543671529e-07,1.0,1454838.0,,False,cached_found,55
GCK,p.Lys56Thr,1807279,Likely pathogenic,reviewed by expert panel,combined_external,7-44153342-T-G,True,True,True,not_found,,,,exact_variant_id_not_observed_in_complete_gene_level_public_api_subset,False,cached_not_found,55
GCK,p.Lys90Thr,1676241,Likely pathogenic,"criteria provided, multiple submitters, no conflicts",combined_external,7-44152365-T-G,True,True,True,not_found,,,,exact_variant_id_not_observed_in_complete_gene_level_public_api_subset,False,cached_not_found,55
GCK,p.Met197Lys,4531182,Likely pathogenic,reviewed by expert panel,combined_external,7-44149849-A-T,True,True,True,not_found,,,,exact_variant_id_not_observed_in_complete_gene_level_public_api_subset,False,cached_not_found,55
GCK,p.Met202Arg,3234002,Pathogenic,reviewed by expert panel,combined_external,7-44149834-A-C,True,True,True,not_found,,,,exact_variant_id_not_observed_in_complete_gene_level_public_api_subset,False,cached_not_found,55
GCK,p.Met202Thr,36233,Pathogenic,reviewed by expert panel,combined_external,7-44149834-A-G,True,True,True,found,2.0521913299020696e-06,3.0,1461852.0,,False,cached_found,55
GCK,p.Met210Lys,16141,Pathogenic,reviewed by expert panel,combined_external,7-44149810-A-T,True,True,True,not_found,,,,exact_variant_id_not_observed_in_complete_gene_level_public_api_subset,False,cached_not_found,55
GCK,p.Met210Thr,804852,Pathogenic,reviewed by expert panel,combined_external,7-44149810-A-G,True,True,True,found,6.84070327902271e-07,1.0,1461838.0,,False,cached_found,55
GCK,p.Met210Val,2505486,Likely pathogenic,reviewed by expert panel,combined_external,7-44149811-T-C,True,True,True,not_found,,,,exact_variant_id_not_observed_in_complete_gene_level_public_api_subset,False,cached_not_found,55
GCK,p.Met235Arg,4687879,Likely pathogenic,reviewed by expert panel,combined_external,7-44147809-A-C,True,True,True,not_found,,,,exact_variant_id_not_observed_in_complete_gene_level_public_api_subset,False,cached_not_found,55
GCK,p.Met235Val,381599,Pathogenic,reviewed by expert panel,combined_external,7-44147810-T-C,True,True,True,not_found,,,,exact_variant_id_not_observed_in_complete_gene_level_public_api_subset,False,cached_not_found,55
GCK,p.Met251Ile,2735006,Pathogenic/Likely pathogenic,"criteria provided, multiple submitters, no conflicts",combined_external,7-44147760-C-T,True,True,True,not_found,,,,exact_variant_id_not_observed_in_complete_gene_level_public_api_subset,False,cached_not_found,55
GCK,p.Met251Val,1678597,Pathogenic,"criteria provided, multiple submitters, no conflicts",combined_external,7-44147762-T-C,True,True,True,not_found,,,,exact_variant_id_not_observed_in_complete_gene_level_public_api_subset,False,cached_not_found,55
GCK,p.Met37Arg,2578357,Pathogenic,reviewed by expert panel,combined_external,7-44153399-A-C,True,True,True,not_found,,,,exact_variant_id_not_observed_in_complete_gene_level_public_api_subset,False,cached_not_found,55
GCK,p.Met37Thr,2682651,Likely pathogenic,reviewed by expert panel,combined_external,7-44153399-A-G,True,True,True,not_found,,,,exact_variant_id_not_observed_in_complete_gene_level_public_api_subset,False,cached_not_found,55
GCK,p.Met37Val,2664358,Likely pathogenic,reviewed by expert panel,combined_external,7-44153400-T-C,True,True,True,not_found,,,,exact_variant_id_not_observed_in_complete_gene_level_public_api_subset,False,cached_not_found,55
GCK,p.Met381Arg,36178,Likely pathogenic,reviewed by expert panel,combined_external,7-44145608-A-C,True,True,True,not_found,,,,exact_variant_id_not_observed_in_complete_gene_level_public_api_subset,False,cached_not_found,55
GCK,p.Met381Thr,2574163,Pathogenic,reviewed by expert panel,combined_external,7-44145608-A-G,True,True,True,found,6.870783915220023e-07,1.0,1455438.0,,False,cached_found,55
GCK,p.Met462Ile,36202,Likely benign,reviewed by expert panel,combined_external,7-44145148-C-A,True,True,True,found,5.9668899335137575e-05,87.0,1458046.0,,False,cached_found,55
GCK,p.Met57Arg,3767143,Likely pathogenic,reviewed by expert panel,combined_external,7-44153339-A-C,True,True,True,not_found,,,,exact_variant_id_not_observed_in_complete_gene_level_public_api_subset,False,cached_not_found,55
GCK,p.Met57Ile,418225,Pathogenic,reviewed by expert panel,combined_external,7-44153338-C-T,True,True,True,not_found,,,,exact_variant_id_not_observed_in_complete_gene_level_public_api_subset,False,cached_not_found,55
GCK,p.Met57Thr,3720746,Likely pathogenic,reviewed by expert panel,combined_external,7-44153339-A-G,True,True,True,not_found,,,,exact_variant_id_not_observed_in_complete_gene_level_public_api_subset,False,cached_not_found,55
GCK,p.Phe150Leu,3068510,Likely pathogenic,reviewed by expert panel,combined_external,7-44150989-G-T,True,True,True,not_found,,,,exact_variant_id_not_observed_in_complete_gene_level_public_api_subset,False,cached_not_found,55
GCK,p.Phe150Ser,36218,Pathogenic,reviewed by expert panel,combined_external,7-44150990-A-G,True,True,True,found,6.840843667567834e-07,1.0,1461808.0,,False,cached_found,55
GCK,p.Phe150Tyr,129142,Pathogenic,reviewed by expert panel,combined_external,7-44150990-A-T,True,True,True,not_found,,,,exact_variant_id_not_observed_in_complete_gene_level_public_api_subset,False,cached_not_found,55
GCK,p.Phe152Ile,3233993,Pathogenic,reviewed by expert panel,combined_external,7-44150985-A-T,True,True,True,not_found,,,,exact_variant_id_not_observed_in_complete_gene_level_public_api_subset,False,cached_not_found,55
GCK,p.Phe152Leu,995370,Pathogenic,reviewed by expert panel,combined_external,7-44150985-A-G,True,True,True,not_found,,,,exact_variant_id_not_observed_in_complete_gene_level_public_api_subset,False,cached_not_found,55
GCK,p.Phe152Ser,1741488,Pathogenic,reviewed by expert panel,combined_external,7-44150984-A-G,True,True,True,not_found,,,,exact_variant_id_not_observed_in_complete_gene_level_public_api_subset,False,cached_not_found,55
GCK,p.Phe260Ser,36257,Likely pathogenic,"criteria provided, multiple submitters, no conflicts",combined_external,7-44147734-A-G,True,True,True,not_found,,,,exact_variant_id_not_observed_in_complete_gene_level_public_api_subset,False,cached_not_found,55
GCK,p.Phe419Ser,2571658,Likely pathogenic,reviewed by expert panel,combined_external,7-44145278-A-G,True,True,True,not_found,,,,exact_variant_id_not_observed_in_complete_gene_level_public_api_subset,False,cached_not_found,55
GCK,p.Phe423Tyr,36189,Pathogenic,reviewed by expert panel,combined_external,7-44145266-A-T,True,True,True,not_found,,,,exact_variant_id_not_observed_in_complete_gene_level_public_api_subset,False,cached_not_found,55
GCK,p.Pro153His,2567920,Likely pathogenic,reviewed by expert panel,combined_external,7-44150981-G-T,True,True,True,not_found,,,,exact_variant_id_not_observed_in_complete_gene_level_public_api_subset,False,cached_not_found,55
GCK,p.Pro153Ser,36221,Likely pathogenic,reviewed by expert panel,combined_external,7-44150982-G-A,True,True,True,not_found,,,,exact_variant_id_not_observed_in_complete_gene_level_public_api_subset,False,cached_not_found,55
GCK,p.Pro59Ser,36205,Pathogenic/Likely pathogenic,"criteria provided, multiple submitters, no conflicts",combined_external,7-44153334-G-A,True,True,True,found,6.840693919991244e-07,1.0,1461840.0,,False,cached_found,55
GCK,p.Ser131Pro,16138,Likely pathogenic,"criteria provided, multiple submitters, no conflicts",combined_external,7-44151048-A-G,True,True,True,found,6.840806230059049e-07,1.0,1461816.0,,False,cached_found,55
GCK,p.Ser174Leu,2691829,Pathogenic,reviewed by expert panel,combined_external,7-44150027-G-A,True,True,True,not_found,,,,exact_variant_id_not_observed_in_complete_gene_level_public_api_subset,False,cached_not_found,55
GCK,p.Ser263Pro,36258,Pathogenic,reviewed by expert panel,combined_external,7-44147726-A-G,True,True,True,found,6.843914938350014e-07,1.0,1461152.0,,False,cached_found,55
GCK,p.Ser340Asn,1405403,Pathogenic,reviewed by expert panel,combined_external,7-44146463-C-T,True,True,True,not_found,,,,exact_variant_id_not_observed_in_complete_gene_level_public_api_subset,False,cached_not_found,55
GCK,p.Ser340Thr,2580863,Pathogenic,reviewed by expert panel,combined_external,7-44146463-C-G,True,True,True,not_found,,,,exact_variant_id_not_observed_in_complete_gene_level_public_api_subset,False,cached_not_found,55
GCK,p.Ser375Phe,36175,Likely pathogenic,reviewed by expert panel,combined_external,7-44145626-G-A,True,True,True,not_found,,,,exact_variant_id_not_observed_in_complete_gene_level_public_api_subset,False,cached_not_found,55
GCK,p.Ser383Leu,236014,Pathogenic,reviewed by expert panel,combined_external,7-44145602-G-A,True,True,True,found,1.3746649254244275e-06,2.0,1454900.0,,False,cached_found,55
GCK,p.Ser383Pro,1256306,Likely pathogenic,reviewed by expert panel,combined_external,7-44145603-A-G,True,True,True,not_found,,,,exact_variant_id_not_observed_in_complete_gene_level_public_api_subset,False,cached_not_found,55
GCK,p.Ser383Thr,3024419,Likely pathogenic,reviewed by expert panel,combined_external,7-44145603-A-T,True,True,True,not_found,,,,exact_variant_id_not_observed_in_complete_gene_level_public_api_subset,False,cached_not_found,55
GCK,p.Ser383Trp,3024418,Likely pathogenic,reviewed by expert panel,combined_external,7-44145602-G-C,True,True,True,not_found,,,,exact_variant_id_not_observed_in_complete_gene_level_public_api_subset,False,cached_not_found,55
GCK,p.Ser411Phe,2136506,Likely pathogenic,"criteria provided, multiple submitters, no conflicts",combined_external,7-44145518-G-A,True,True,True,not_found,,,,exact_variant_id_not_observed_in_complete_gene_level_public_api_subset,False,cached_not_found,55
GCK,p.Ser441Trp,1320655,Pathogenic,reviewed by expert panel,combined_external,7-44145212-G-C,True,True,True,not_found,,,,exact_variant_id_not_observed_in_complete_gene_level_public_api_subset,False,cached_not_found,55
GCK,p.Ser453Leu,36200,Pathogenic/Likely pathogenic,"criteria provided, multiple submitters, no conflicts",combined_external,7-44145176-G-A,True,True,True,found,1.37158595111942e-06,2.0,1458166.0,,False,cached_found,55
GCK,p.Ser453Trp,2734985,Pathogenic/Likely pathogenic,"criteria provided, multiple submitters, no conflicts",combined_external,7-44145176-G-C,True,True,True,not_found,,,,exact_variant_id_not_observed_in_complete_gene_level_public_api_subset,False,cached_not_found,55
GCK,p.Ser54Arg,3383913,Likely pathogenic,reviewed by expert panel,combined_external,7-44153347-A-C,True,True,True,found,4.788452987652632e-06,7.0,1461850.0,,False,cached_found,55
GCK,p.Thr168Ala,2574157,Pathogenic,reviewed by expert panel,combined_external,7-44150046-T-C,True,True,True,not_found,,,,exact_variant_id_not_observed_in_complete_gene_level_public_api_subset,False,cached_not_found,55
GCK,p.Thr168Asn,2682649,Pathogenic,reviewed by expert panel,combined_external,7-44150045-G-T,True,True,True,not_found,,,,exact_variant_id_not_observed_in_complete_gene_level_public_api_subset,False,cached_not_found,55
GCK,p.Thr168Ile,1490297,Pathogenic,reviewed by expert panel,combined_external,7-44150045-G-A,True,True,True,not_found,,,,exact_variant_id_not_observed_in_complete_gene_level_public_api_subset,False,cached_not_found,55
GCK,p.Thr168Pro,2574158,Pathogenic,reviewed by expert panel,combined_external,7-44150046-T-G,True,True,True,not_found,,,,exact_variant_id_not_observed_in_complete_gene_level_public_api_subset,False,cached_not_found,55
GCK,p.Thr206Met,1191898,Pathogenic/Likely pathogenic,"criteria provided, multiple submitters, no conflicts",combined_external,7-44149822-G-A,True,True,True,found,1.3681575022916638e-06,2.0,1461820.0,,False,cached_found,55
GCK,p.Thr206Pro,129145,Pathogenic/Likely pathogenic,"criteria provided, multiple submitters, no conflicts",combined_external,7-44149823-T-G,True,True,True,not_found,,,,exact_variant_id_not_observed_in_complete_gene_level_public_api_subset,False,cached_not_found,55
GCK,p.Thr209Ala,3661587,Likely pathogenic,reviewed by expert panel,combined_external,7-44149814-T-C,True,True,True,not_found,,,,exact_variant_id_not_observed_in_complete_gene_level_public_api_subset,False,cached_not_found,55
GCK,p.Thr209Arg,4687874,Likely pathogenic,reviewed by expert panel,combined_external,7-44149813-G-C,True,True,True,not_found,,,,exact_variant_id_not_observed_in_complete_gene_level_public_api_subset,False,cached_not_found,55
GCK,p.Thr209Met,804851,Pathogenic,reviewed by expert panel,combined_external,7-44149813-G-A,True,True,True,found,6.840740715404664e-07,1.0,1461830.0,,False,cached_found,55
GCK,p.Thr228Ala,447413,Pathogenic,reviewed by expert panel,combined_external,7-44147831-T-C,True,True,True,not_found,,,,exact_variant_id_not_observed_in_complete_gene_level_public_api_subset,False,cached_not_found,55
GCK,p.Thr228Arg,3024420,Pathogenic,reviewed by expert panel,combined_external,7-44147830-G-C,True,True,True,found,6.844608228314228e-07,1.0,1461004.0,,False,cached_found,55
GCK,p.Thr228Lys,3024421,Pathogenic,reviewed by expert panel,combined_external,7-44147830-G-T,True,True,True,not_found,,,,exact_variant_id_not_observed_in_complete_gene_level_public_api_subset,False,cached_not_found,55
GCK,p.Thr228Met,16134,Pathogenic,reviewed by expert panel,combined_external,7-44147830-G-A,True,True,True,found,2.0533824684942683e-06,3.0,1461004.0,,False,cached_found,55
GCK,p.Thr255Ala,2735005,Pathogenic,reviewed by expert panel,combined_external,7-44147750-T-C,True,True,True,not_found,,,,exact_variant_id_not_observed_in_complete_gene_level_public_api_subset,False,cached_not_found,55
GCK,p.Thr255Ile,3720739,Pathogenic,reviewed by expert panel,combined_external,7-44147749-G-A,True,True,True,not_found,,,,exact_variant_id_not_observed_in_complete_gene_level_public_api_subset,False,cached_not_found,55
GCK,p.Thr255Ser,4531184,Pathogenic,reviewed by expert panel,combined_external,7-44147749-G-C,True,True,True,not_found,,,,exact_variant_id_not_observed_in_complete_gene_level_public_api_subset,False,cached_not_found,55
GCK,p.Thr326Pro,2664366,Pathogenic,reviewed by expert panel,combined_external,7-44146506-T-G,True,True,True,not_found,,,,exact_variant_id_not_observed_in_complete_gene_level_public_api_subset,False,cached_not_found,55
GCK,p.Thr342Pro,908615,Benign,reviewed by expert panel,combined_external,7-44145726-T-G,True,True,True,found,5.783956002910097e-05,83.0,1435004.0,,False,cached_found,55
GCK,p.Thr49Asn,36204,Likely pathogenic,reviewed by expert panel,combined_external,7-44153363-G-T,True,True,True,not_found,,,,exact_variant_id_not_observed_in_complete_gene_level_public_api_subset,False,cached_not_found,55
GCK,p.Thr60Ile,1343440,Pathogenic,reviewed by expert panel,combined_external,7-44153330-G-A,True,True,True,found,6.840740715404664e-07,1.0,1461830.0,,False,cached_found,55
GCK,p.Trp257Arg,447416,Pathogenic/Likely pathogenic,"criteria provided, multiple submitters, no conflicts",combined_external,7-44147744-A-G,True,True,True,not_found,,,,exact_variant_id_not_observed_in_complete_gene_level_public_api_subset,False,cached_not_found,55
GCK,p.Tyr108His,585918,Pathogenic,reviewed by expert panel,combined_external,7-44152312-A-G,True,True,True,found,6.840441235821475e-07,1.0,1461894.0,,False,cached_found,55
GCK,p.Tyr289Cys,1709898,Pathogenic/Likely pathogenic,"criteria provided, multiple submitters, no conflicts",combined_external,7-44146616-T-C,True,True,True,not_found,,,,exact_variant_id_not_observed_in_complete_gene_level_public_api_subset,False,cached_not_found,55
GCK,p.Val154Gly,2682650,Likely pathogenic,reviewed by expert panel,combined_external,7-44150978-A-C,True,True,True,not_found,,,,exact_variant_id_not_observed_in_complete_gene_level_public_api_subset,False,cached_not_found,55
GCK,p.Val182Met,129144,Pathogenic,reviewed by expert panel,combined_external,7-44150004-C-T,True,True,True,found,2.0524609006198438e-06,3.0,1461660.0,,False,cached_found,55
GCK,p.Val203Ala,585923,Pathogenic,reviewed by expert panel,combined_external,7-44149831-A-G,True,True,True,not_found,,,,exact_variant_id_not_observed_in_complete_gene_level_public_api_subset,False,cached_not_found,55
GCK,p.Val226Ala,36244,Likely pathogenic,reviewed by expert panel,combined_external,7-44149762-A-G,True,True,True,not_found,,,,exact_variant_id_not_observed_in_complete_gene_level_public_api_subset,False,cached_not_found,55
GCK,p.Val226Met,36243,Pathogenic,reviewed by expert panel,combined_external,7-44149763-C-T,True,True,True,found,1.2314883357529798e-05,18.0,1461646.0,,False,cached_found,55
GCK,p.Val277Gly,447422,Likely pathogenic,reviewed by expert panel,combined_external,7-44147683-A-C,True,True,True,not_found,,,,exact_variant_id_not_observed_in_complete_gene_level_public_api_subset,False,cached_not_found,55
GCK,p.Val33Ala,585930,Likely pathogenic,reviewed by expert panel,combined_external,7-44153411-A-G,True,True,True,not_found,,,,exact_variant_id_not_observed_in_complete_gene_level_public_api_subset,False,cached_not_found,55
GCK,p.Val367Met,381598,Pathogenic,reviewed by expert panel,combined_external,7-44145651-C-T,True,True,True,found,6.883345195631554e-07,1.0,1452782.0,,False,cached_found,55
GCK,p.Val374Glu,2578348,Likely pathogenic,reviewed by expert panel,combined_external,7-44145629-A-T,True,True,True,found,6.875375567390368e-07,1.0,1454466.0,,False,cached_found,55
GCK,p.Val374Met,447380,Likely pathogenic,reviewed by expert panel,combined_external,7-44145630-C-T,True,True,True,found,0.0,0.0,1454376.0,,False,cached_found,55
GCK,p.Val412Ala,2734988,Pathogenic,reviewed by expert panel,combined_external,7-44145515-A-G,True,True,True,not_found,,,,exact_variant_id_not_observed_in_complete_gene_level_public_api_subset,False,cached_not_found,55
GCK,p.Val412Glu,3233992,Pathogenic,reviewed by expert panel,combined_external,7-44145515-A-T,True,True,True,not_found,,,,exact_variant_id_not_observed_in_complete_gene_level_public_api_subset,False,cached_not_found,55
GCK,p.Val412Gly,447387,Pathogenic,reviewed by expert panel,combined_external,7-44145515-A-C,True,True,True,found,6.867301754732944e-07,1.0,1456176.0,,False,cached_found,55
GCK,p.Val455Glu,585916,Likely pathogenic,reviewed by expert panel,combined_external,7-44145170-A-T,True,True,True,found,4.871488754408354e-05,71.0,1457460.0,,False,cached_found,55
GCK,p.Val62Ala,585917,Pathogenic,reviewed by expert panel,combined_external,7-44153324-A-G,True,True,True,found,6.840871745968332e-07,1.0,1461802.0,,False,cached_found,55
GCK,p.Val62Met,419624,Pathogenic,reviewed by expert panel,combined_external,7-44153325-C-T,True,True,True,found,1.3681724772951775e-06,2.0,1461804.0,,False,cached_found,55
KRAS,p.Asp119Asn,40460,Likely pathogenic,"criteria provided, multiple submitters, no conflicts",combined_external,12-25225709-C-T,True,True,True,not_found,,,,exact_variant_id_not_observed_in_complete_gene_level_public_api_subset,False,cached_not_found,55
KRAS,p.Lys117Asn,375965,Pathogenic,"criteria provided, multiple submitters, no conflicts",combined_external,12-25225713-T-G,True,True,True,found,6.844561379973088e-07,1.0,1461014.0,,False,cached_found,55
KRAS,p.Met72Leu,179141,Pathogenic/Likely pathogenic,"criteria provided, multiple submitters, no conflicts",combined_external,12-25227310-T-A,True,True,True,not_found,,,,exact_variant_id_not_observed_in_complete_gene_level_public_api_subset,False,cached_not_found,55
KRAS,p.Ser65Ile,438796,Likely pathogenic,reviewed by expert panel,combined_external,12-25227330-C-A,True,True,True,not_found,,,,exact_variant_id_not_observed_in_complete_gene_level_public_api_subset,False,cached_not_found,55
KRAS,p.Tyr71Asp,228267,Likely pathogenic,"criteria provided, multiple submitters, no conflicts",combined_external,12-25227313-A-C,True,True,True,not_found,,,,exact_variant_id_not_observed_in_complete_gene_level_public_api_subset,False,cached_not_found,55
MSH2,p.Ala207Val,1417674,Likely benign,"criteria provided, multiple submitters, no conflicts",combined_external,2-47410347-C-T,True,True,True,found,2.0523598033018364e-06,3.0,1461732.0,,False,cached_found,55
MSH2,p.Ala272Val,41651,Benign,reviewed by expert panel,combined_external,2-47414291-C-T,True,True,True,found,0.0002511795858753,367.0,1461106.0,,False,cached_found,55
MSH2,p.Ala2Thr,41650,Likely benign,reviewed by expert panel,combined_external,2-47403195-G-A,True,True,True,found,0.0001697934064715,245.0,1442930.0,,False,cached_found,55
MSH2,p.Ala328Ser,455631,Likely benign,"criteria provided, multiple submitters, no conflicts",combined_external,2-47416335-G-T,True,True,True,found,2.7401952389107725e-06,4.0,1459750.0,,False,cached_found,55
MSH2,p.Ala328Val,823501,Likely benign,"criteria provided, multiple submitters, no conflicts",combined_external,2-47416336-C-T,True,True,True,found,6.850478711452357e-07,1.0,1459752.0,,False,cached_found,55
MSH2,p.Ala45Val,90634,Benign/Likely benign,"criteria provided, multiple submitters, no conflicts",combined_external,2-47403325-C-T,True,True,True,found,4.127143535173581e-06,6.0,1453790.0,,False,cached_found,55
MSH2,p.Ala600Val,90789,Likely pathogenic,"criteria provided, multiple submitters, no conflicts",combined_external,2-47475064-C-T,True,True,True,found,6.841058941195625e-07,1.0,1461762.0,,False,cached_found,55
MSH2,p.Ala604Asp,2673297,Pathogenic/Likely pathogenic,"criteria provided, multiple submitters, no conflicts",combined_external,2-47475076-C-A,True,True,True,not_found,,,,exact_variant_id_not_observed_in_complete_gene_level_public_api_subset,False,cached_not_found,55
MSH2,p.Ala636Pro,1764,Pathogenic,reviewed by expert panel,combined_external,2-47475171-G-C,True,True,True,found,6.156489761073473e-06,9.0,1461872.0,,False,cached_found,55
MSH2,p.Ala640Ser,569189,Benign/Likely benign,"criteria provided, multiple submitters, no conflicts",combined_external,2-47475183-G-T,True,True,True,found,2.0521857145984284e-06,3.0,1461856.0,,False,cached_found,55
MSH2,p.Ala689Pro,428497,Likely pathogenic,"criteria provided, multiple submitters, no conflicts",combined_external,2-47476426-G-C,True,True,True,not_found,,,,exact_variant_id_not_observed_in_complete_gene_level_public_api_subset,False,cached_not_found,55
MSH2,p.Ala700Glu,229885,Pathogenic/Likely pathogenic,"criteria provided, multiple submitters, no conflicts",combined_external,2-47476460-C-A,True,True,True,not_found,,,,exact_variant_id_not_observed_in_complete_gene_level_public_api_subset,False,cached_not_found,55
MSH2,p.Ala763Pro,1685955,Pathogenic/Likely pathogenic,"criteria provided, multiple submitters, no conflicts",combined_external,2-47478348-G-C,True,True,True,not_found,,,,exact_variant_id_not_observed_in_complete_gene_level_public_api_subset,False,cached_not_found,55
MSH2,p.Ala834Thr,90986,Likely benign,reviewed by expert panel,combined_external,2-47480737-G-A,True,True,True,found,0.0001470765290486,215.0,1461824.0,,False,cached_found,55
MSH2,p.Arg359Gly,1784640,Likely pathogenic,"criteria provided, multiple submitters, no conflicts",combined_external,2-47416428-A-G,True,True,True,not_found,,,,exact_variant_id_not_observed_in_complete_gene_level_public_api_subset,False,cached_not_found,55
MSH2,p.Arg359Ile,1066604,Likely pathogenic,"criteria provided, multiple submitters, no conflicts",combined_external,2-47416429-G-T,True,True,True,not_found,,,,exact_variant_id_not_observed_in_complete_gene_level_public_api_subset,False,cached_not_found,55
MSH2,p.Arg359Ser,90539,Pathogenic,reviewed by expert panel,combined_external,2-47429742-A-T,True,True,True,not_found,,,,exact_variant_id_not_observed_in_complete_gene_level_public_api_subset,False,cached_not_found,55
MSH2,p.Arg359Thr,142767,Pathogenic/Likely pathogenic,"criteria provided, multiple submitters, no conflicts",combined_external,2-47416429-G-C,True,True,True,found,6.84966224315479e-07,1.0,1459926.0,,False,cached_found,55
MSH2,p.Arg524Pro,1759,Likely pathogenic,reviewed by expert panel,combined_external,2-47466718-G-C,True,True,True,not_found,,,,exact_variant_id_not_observed_in_complete_gene_level_public_api_subset,False,cached_not_found,55
MSH2,p.Arg55Gln,220448,Likely benign,reviewed by expert panel,combined_external,2-47403355-G-A,True,True,True,found,1.1675888329056754e-05,17.0,1455992.0,,False,cached_found,55
MSH2,p.Arg621Leu,218040,Pathogenic/Likely pathogenic,"criteria provided, multiple submitters, no conflicts",combined_external,2-47475127-G-T,True,True,True,found,5.472532674440399e-06,8.0,1461846.0,,False,cached_found,55
MSH2,p.Arg680Pro,483690,Pathogenic/Likely pathogenic,"criteria provided, multiple submitters, no conflicts",combined_external,2-47476400-G-C,True,True,True,not_found,,,,exact_variant_id_not_observed_in_complete_gene_level_public_api_subset,False,cached_not_found,55
MSH2,p.Arg711Pro,820781,Pathogenic/Likely pathogenic,"criteria provided, multiple submitters, no conflicts",combined_external,2-47476493-G-C,True,True,True,not_found,,,,exact_variant_id_not_observed_in_complete_gene_level_public_api_subset,False,cached_not_found,55
MSH2,p.Arg96His,91053,Likely benign,reviewed by expert panel,combined_external,2-47408476-G-A,True,True,True,found,2.807765320126336e-05,41.0,1460236.0,,False,cached_found,55
MSH2,p.Asn109Asp,1729503,Likely benign,"criteria provided, multiple submitters, no conflicts",combined_external,2-47408514-A-G,True,True,True,not_found,,,,exact_variant_id_not_observed_in_complete_gene_level_public_api_subset,False,cached_not_found,55
MSH2,p.Asn115Lys,1731638,Benign/Likely benign,"criteria provided, multiple submitters, no conflicts",combined_external,2-47408534-T-G,True,True,True,found,4.804043082658365e-06,7.0,1457106.0,,False,cached_found,55
MSH2,p.Asn127Ser,36577,Benign,reviewed by expert panel,combined_external,2-47410107-A-G,True,True,True,found,0.0024176043750906,3533.0,1461364.0,,False,cached_found,55
MSH2,p.Asn583Thr,90764,Likely benign,"criteria provided, multiple submitters, no conflicts",combined_external,2-47471051-A-C,True,True,True,found,3.686913227759802e-06,5.0,1356148.0,,False,cached_found,55
MSH2,p.Asn671Ile,1784432,Pathogenic/Likely pathogenic,"criteria provided, multiple submitters, no conflicts",combined_external,2-47476373-A-T,True,True,True,not_found,,,,exact_variant_id_not_observed_in_complete_gene_level_public_api_subset,False,cached_not_found,55
MSH2,p.Asn671Tyr,1784426,Likely pathogenic,"criteria provided, multiple submitters, no conflicts",combined_external,2-47476372-A-T,True,True,True,not_found,,,,exact_variant_id_not_observed_in_complete_gene_level_public_api_subset,False,cached_not_found,55
MSH2,p.Asn798Lys,936706,Likely benign,"criteria provided, multiple submitters, no conflicts",combined_external,2-47478455-T-G,True,True,True,not_found,,,,exact_variant_id_not_observed_in_complete_gene_level_public_api_subset,False,cached_not_found,55
MSH2,p.Asp167His,91112,Benign,reviewed by expert panel,combined_external,2-47410226-G-C,True,True,True,found,0.0001012392228111,148.0,1461884.0,,False,cached_found,55
MSH2,p.Asp283Tyr,2447341,Likely benign,"criteria provided, multiple submitters, no conflicts",combined_external,2-47414323-G-T,True,True,True,found,6.861101124397252e-07,1.0,1457492.0,,False,cached_found,55
MSH2,p.Asp283Val,455620,Benign/Likely benign,"criteria provided, multiple submitters, no conflicts",combined_external,2-47414324-A-T,True,True,True,found,6.848114303245458e-07,1.0,1460256.0,,False,cached_found,55
MSH2,p.Asp603Gly,90791,Likely pathogenic,reviewed by expert panel,combined_external,2-47475073-A-G,True,True,True,not_found,,,,exact_variant_id_not_observed_in_complete_gene_level_public_api_subset,False,cached_not_found,55
MSH2,p.Asp603Tyr,1780503,Likely pathogenic,"criteria provided, multiple submitters, no conflicts",combined_external,2-47475072-G-T,True,True,True,not_found,,,,exact_variant_id_not_observed_in_complete_gene_level_public_api_subset,False,cached_not_found,55
MSH2,p.Asp603Val,480909,Pathogenic/Likely pathogenic,"criteria provided, multiple submitters, no conflicts",combined_external,2-47475073-A-T,True,True,True,not_found,,,,exact_variant_id_not_observed_in_complete_gene_level_public_api_subset,False,cached_not_found,55
MSH2,p.Asp660Gly,427603,Likely pathogenic,reviewed by expert panel,combined_external,2-47475244-A-G,True,True,True,not_found,,,,exact_variant_id_not_observed_in_complete_gene_level_public_api_subset,False,cached_not_found,55
MSH2,p.Asp748His,237385,Likely pathogenic,"criteria provided, multiple submitters, no conflicts",combined_external,2-47478303-G-C,True,True,True,not_found,,,,exact_variant_id_not_observed_in_complete_gene_level_public_api_subset,False,cached_not_found,55
MSH2,p.Cys199Arg,91146,Pathogenic,reviewed by expert panel,combined_external,2-47410322-T-C,True,True,True,not_found,,,,exact_variant_id_not_observed_in_complete_gene_level_public_api_subset,False,cached_not_found,55
MSH2,p.Cys199Tyr,91147,Likely pathogenic,"criteria provided, multiple submitters, no conflicts",combined_external,2-47410323-G-A,True,True,True,not_found,,,,exact_variant_id_not_observed_in_complete_gene_level_public_api_subset,False,cached_not_found,55
MSH2,p.Cys333Arg,91272,Pathogenic,"criteria provided, multiple submitters, no conflicts",combined_external,2-47416350-T-C,True,True,True,not_found,,,,exact_variant_id_not_observed_in_complete_gene_level_public_api_subset,False,cached_not_found,55
MSH2,p.Cys333Phe,638846,Pathogenic/Likely pathogenic,"criteria provided, multiple submitters, no conflicts",combined_external,2-47416351-G-T,True,True,True,not_found,,,,exact_variant_id_not_observed_in_complete_gene_level_public_api_subset,False,cached_not_found,55
MSH2,p.Cys333Trp,450154,Pathogenic/Likely pathogenic,"criteria provided, multiple submitters, no conflicts",combined_external,2-47416352-T-G,True,True,True,not_found,,,,exact_variant_id_not_observed_in_complete_gene_level_public_api_subset,False,cached_not_found,55
MSH2,p.Cys333Tyr,91273,Pathogenic,reviewed by expert panel,combined_external,2-47416351-G-A,True,True,True,not_found,,,,exact_variant_id_not_observed_in_complete_gene_level_public_api_subset,False,cached_not_found,55
MSH2,p.Cys697Arg,90882,Pathogenic,reviewed by expert panel,combined_external,2-47476450-T-C,True,True,True,not_found,,,,exact_variant_id_not_observed_in_complete_gene_level_public_api_subset,False,cached_not_found,55
MSH2,p.Cys697Phe,90883,Pathogenic,reviewed by expert panel,combined_external,2-47476451-G-T,True,True,True,not_found,,,,exact_variant_id_not_observed_in_complete_gene_level_public_api_subset,False,cached_not_found,55
MSH2,p.Cys697Trp,2453475,Likely pathogenic,"criteria provided, multiple submitters, no conflicts",combined_external,2-47476452-T-G,True,True,True,not_found,,,,exact_variant_id_not_observed_in_complete_gene_level_public_api_subset,False,cached_not_found,55
MSH2,p.Cys697Tyr,187518,Likely pathogenic,reviewed by expert panel,combined_external,2-47476451-G-A,True,True,True,not_found,,,,exact_variant_id_not_observed_in_complete_gene_level_public_api_subset,False,cached_not_found,55
MSH2,p.Gln419Glu,1057949,Benign/Likely benign,"criteria provided, multiple submitters, no conflicts",combined_external,2-47429920-C-G,True,True,True,not_found,,,,exact_variant_id_not_observed_in_complete_gene_level_public_api_subset,False,cached_not_found,55
MSH2,p.Gln629Arg,90812,Benign,reviewed by expert panel,combined_external,2-47475151-A-G,True,True,True,found,0.0003830704740223,560.0,1461872.0,,False,cached_found,55
MSH2,p.Gln855His,455571,Benign/Likely benign,"criteria provided, multiple submitters, no conflicts",combined_external,2-47480802-G-T,True,True,True,found,6.840768792960028e-07,1.0,1461824.0,,False,cached_found,55
MSH2,p.Glu198Gly,91145,Benign,reviewed by expert panel,combined_external,2-47410320-A-G,True,True,True,not_found,,,,exact_variant_id_not_observed_in_complete_gene_level_public_api_subset,False,cached_not_found,55
MSH2,p.Glu749Lys,90942,Likely pathogenic,reviewed by expert panel,combined_external,2-47478306-G-A,True,True,True,not_found,,,,exact_variant_id_not_observed_in_complete_gene_level_public_api_subset,False,cached_not_found,55
MSH2,p.Gly162Arg,91105,Pathogenic,reviewed by expert panel,combined_external,2-47410211-G-A,True,True,True,found,6.840488027777854e-07,1.0,1461884.0,,False,cached_found,55
MSH2,p.Gly164Arg,91109,Pathogenic,reviewed by expert panel,combined_external,2-47410217-G-A,True,True,True,not_found,,,,exact_variant_id_not_observed_in_complete_gene_level_public_api_subset,False,cached_not_found,55
MSH2,p.Gly164Glu,188119,Likely pathogenic,reviewed by expert panel,combined_external,2-47410218-G-A,True,True,True,not_found,,,,exact_variant_id_not_observed_in_complete_gene_level_public_api_subset,False,cached_not_found,55
MSH2,p.Gly315Val,41652,Likely benign,reviewed by expert panel,combined_external,2-47416297-G-T,True,True,True,found,9.937850737594136e-05,145.0,1459068.0,,False,cached_found,55
MSH2,p.Gly322Asp,1762,Benign,reviewed by expert panel,combined_external,2-47416318-G-A,True,True,True,found,0.0147304823164341,21504.0,1459830.0,,False,cached_found,55
MSH2,p.Gly338Arg,232810,Pathogenic/Likely pathogenic,"criteria provided, multiple submitters, no conflicts",combined_external,2-47416365-G-C,True,True,True,not_found,,,,exact_variant_id_not_observed_in_complete_gene_level_public_api_subset,False,cached_not_found,55
MSH2,p.Gly338Glu,90504,Pathogenic,reviewed by expert panel,combined_external,2-47416366-G-A,True,True,True,found,6.84875215735693e-07,1.0,1460120.0,,False,cached_found,55
MSH2,p.Gly338Val,568928,Pathogenic/Likely pathogenic,"criteria provided, multiple submitters, no conflicts",combined_external,2-47416366-G-T,True,True,True,not_found,,,,exact_variant_id_not_observed_in_complete_gene_level_public_api_subset,False,cached_not_found,55
MSH2,p.Gly426Arg,246389,Likely pathogenic,"criteria provided, multiple submitters, no conflicts",combined_external,2-47429941-G-A,True,True,True,not_found,,,,exact_variant_id_not_observed_in_complete_gene_level_public_api_subset,False,cached_not_found,55
MSH2,p.Gly587Arg,90771,Pathogenic,reviewed by expert panel,combined_external,2-47471062-G-C,True,True,True,not_found,,,,exact_variant_id_not_observed_in_complete_gene_level_public_api_subset,False,cached_not_found,55
MSH2,p.Gly587Ser,483724,Likely pathogenic,"criteria provided, multiple submitters, no conflicts",combined_external,2-47471062-G-A,True,True,True,found,0.0,0.0,1275418.0,,False,cached_found,55
MSH2,p.Gly669Val,90854,Pathogenic,reviewed by expert panel,combined_external,2-47476367-G-T,True,True,True,not_found,,,,exact_variant_id_not_observed_in_complete_gene_level_public_api_subset,False,cached_not_found,55
MSH2,p.Gly674Arg,90860,Likely pathogenic,reviewed by expert panel,combined_external,2-47476381-G-C,True,True,True,not_found,,,,exact_variant_id_not_observed_in_complete_gene_level_public_api_subset,False,cached_not_found,55
MSH2,p.Gly674Asp,90861,Likely pathogenic,reviewed by expert panel,combined_external,2-47476382-G-A,True,True,True,not_found,,,,exact_variant_id_not_observed_in_complete_gene_level_public_api_subset,False,cached_not_found,55
MSH2,p.Gly674Ser,820546,Likely pathogenic,"criteria provided, multiple submitters, no conflicts",combined_external,2-47476381-G-A,True,True,True,not_found,,,,exact_variant_id_not_observed_in_complete_gene_level_public_api_subset,False,cached_not_found,55
MSH2,p.Gly683Arg,90868,Pathogenic,reviewed by expert panel,combined_external,2-47476408-G-A,True,True,True,found,6.840497386245948e-07,1.0,1461882.0,,False,cached_found,55
MSH2,p.Gly692Arg,90878,Likely pathogenic,reviewed by expert panel,combined_external,2-47476435-G-C,True,True,True,not_found,,,,exact_variant_id_not_observed_in_complete_gene_level_public_api_subset,False,cached_not_found,55
MSH2,p.Gly692Val,90880,Likely pathogenic,reviewed by expert panel,combined_external,2-47476436-G-T,True,True,True,not_found,,,,exact_variant_id_not_observed_in_complete_gene_level_public_api_subset,False,cached_not_found,55
MSH2,p.Gly71Arg,142708,Pathogenic/Likely pathogenic,"criteria provided, multiple submitters, no conflicts",combined_external,2-47403402-G-C,True,True,True,not_found,,,,exact_variant_id_not_observed_in_complete_gene_level_public_api_subset,False,cached_not_found,55
MSH2,p.Gly751Arg,439192,Likely pathogenic,reviewed by expert panel,combined_external,2-47478312-G-C,True,True,True,not_found,,,,exact_variant_id_not_observed_in_complete_gene_level_public_api_subset,False,cached_not_found,55
MSH2,p.Gly761Arg,483671,Pathogenic/Likely pathogenic,"criteria provided, multiple submitters, no conflicts",combined_external,2-47478342-G-C,True,True,True,found,1.3681481430809329e-06,2.0,1461830.0,,False,cached_found,55
MSH2,p.His46Gln,90654,Likely benign,reviewed by expert panel,combined_external,2-47403329-C-G,True,True,True,found,0.0004649166726271,676.0,1454024.0,,False,cached_found,55
MSH2,p.His610Pro,1780893,Likely pathogenic,"criteria provided, multiple submitters, no conflicts",combined_external,2-47475094-A-C,True,True,True,not_found,,,,exact_variant_id_not_observed_in_complete_gene_level_public_api_subset,False,cached_not_found,55
MSH2,p.His639Tyr,1756,Pathogenic,reviewed by expert panel,combined_external,2-47475180-C-T,True,True,True,found,6.840881105486387e-07,1.0,1461800.0,,False,cached_found,55
MSH2,p.His801Pro,428545,Likely pathogenic,"criteria provided, multiple submitters, no conflicts",combined_external,2-47478463-A-C,True,True,True,not_found,,,,exact_variant_id_not_observed_in_complete_gene_level_public_api_subset,False,cached_not_found,55
MSH2,p.His839Gln,2587531,Likely benign,"criteria provided, multiple submitters, no conflicts",combined_external,2-47480754-T-G,True,True,True,not_found,,,,exact_variant_id_not_observed_in_complete_gene_level_public_api_subset,False,cached_not_found,55
MSH2,p.Ile169Val,91115,Likely benign,reviewed by expert panel,combined_external,2-47410232-A-G,True,True,True,found,0.0001491226390055,218.0,1461884.0,,False,cached_found,55
MSH2,p.Ile356Arg,433880,Pathogenic/Likely pathogenic,"criteria provided, multiple submitters, no conflicts",combined_external,2-47416420-T-G,True,True,True,not_found,,,,exact_variant_id_not_observed_in_complete_gene_level_public_api_subset,False,cached_not_found,55
MSH2,p.Ile356Lys,483753,Pathogenic/Likely pathogenic,"criteria provided, multiple submitters, no conflicts",combined_external,2-47416420-T-A,True,True,True,not_found,,,,exact_variant_id_not_observed_in_complete_gene_level_public_api_subset,False,cached_not_found,55
MSH2,p.Ile577Thr,41644,Likely benign,reviewed by expert panel,combined_external,2-47471033-T-C,True,True,True,found,0.0002209794489112,312.0,1411896.0,,False,cached_found,55
MSH2,p.Ile584Val,576261,Likely benign,"criteria provided, multiple submitters, no conflicts",combined_external,2-47471053-A-G,True,True,True,found,1.4723463901011207e-06,2.0,1358376.0,,False,cached_found,55
MSH2,p.Ile648Val,1783071,Benign/Likely benign,"criteria provided, multiple submitters, no conflicts",combined_external,2-47475207-A-G,True,True,True,found,6.840927903460826e-07,1.0,1461790.0,,False,cached_found,55
MSH2,p.Ile685Arg,1492933,Pathogenic/Likely pathogenic,"criteria provided, multiple submitters, no conflicts",combined_external,2-47476415-T-G,True,True,True,not_found,,,,exact_variant_id_not_observed_in_complete_gene_level_public_api_subset,False,cached_not_found,55
MSH2,p.Ile708Asn,1786275,Likely pathogenic,"criteria provided, multiple submitters, no conflicts",combined_external,2-47476484-T-A,True,True,True,found,6.840469310918484e-07,1.0,1461888.0,,False,cached_found,55
MSH2,p.Ile774Val,408475,Pathogenic/Likely pathogenic,"criteria provided, multiple submitters, no conflicts",combined_external,2-47478381-A-G,True,True,True,not_found,,,,exact_variant_id_not_observed_in_complete_gene_level_public_api_subset,False,cached_not_found,55
MSH2,p.Leu173Arg,91122,Pathogenic,reviewed by expert panel,combined_external,2-47410245-T-G,True,True,True,not_found,,,,exact_variant_id_not_observed_in_complete_gene_level_public_api_subset,False,cached_not_found,55
MSH2,p.Leu173Pro,91121,Pathogenic/Likely pathogenic,"criteria provided, multiple submitters, no conflicts",combined_external,2-47410245-T-C,True,True,True,found,6.840506744739651e-07,1.0,1461880.0,,False,cached_found,55
MSH2,p.Leu175Pro,91125,Pathogenic/Likely pathogenic,"criteria provided, multiple submitters, no conflicts",combined_external,2-47410251-T-C,True,True,True,not_found,,,,exact_variant_id_not_observed_in_complete_gene_level_public_api_subset,False,cached_not_found,55
MSH2,p.Leu187Arg,91135,Pathogenic,reviewed by expert panel,combined_external,2-47410287-T-G,True,True,True,not_found,,,,exact_variant_id_not_observed_in_complete_gene_level_public_api_subset,False,cached_not_found,55
MSH2,p.Leu187Pro,91134,Pathogenic,reviewed by expert panel,combined_external,2-47410287-T-C,True,True,True,not_found,,,,exact_variant_id_not_observed_in_complete_gene_level_public_api_subset,False,cached_not_found,55
MSH2,p.Leu270Pro,827451,Pathogenic/Likely pathogenic,"criteria provided, multiple submitters, no conflicts",combined_external,2-47414285-T-C,True,True,True,not_found,,,,exact_variant_id_not_observed_in_complete_gene_level_public_api_subset,False,cached_not_found,55
MSH2,p.Leu310Arg,91246,Pathogenic,"criteria provided, multiple submitters, no conflicts",combined_external,2-47414405-T-G,True,True,True,not_found,,,,exact_variant_id_not_observed_in_complete_gene_level_public_api_subset,False,cached_not_found,55
MSH2,p.Leu310Pro,91245,Pathogenic,reviewed by expert panel,combined_external,2-47414405-T-C,True,True,True,not_found,,,,exact_variant_id_not_observed_in_complete_gene_level_public_api_subset,False,cached_not_found,55
MSH2,p.Leu330Pro,91270,Pathogenic,reviewed by expert panel,combined_external,2-47416342-T-C,True,True,True,not_found,,,,exact_variant_id_not_observed_in_complete_gene_level_public_api_subset,False,cached_not_found,55
MSH2,p.Leu341Pro,90507,Likely pathogenic,reviewed by expert panel,combined_external,2-47416375-T-C,True,True,True,not_found,,,,exact_variant_id_not_observed_in_complete_gene_level_public_api_subset,False,cached_not_found,55
MSH2,p.Leu376Ser,1021004,Likely benign,"criteria provided, multiple submitters, no conflicts",combined_external,2-47429792-T-C,True,True,True,found,2.0521969452364406e-06,3.0,1461848.0,,False,cached_found,55
MSH2,p.Leu390Phe,41641,Benign,reviewed by expert panel,combined_external,2-47429833-C-T,True,True,True,found,0.0007593149474225,1110.0,1461844.0,,False,cached_found,55
MSH2,p.Leu440Arg,1504444,Likely pathogenic,"criteria provided, multiple submitters, no conflicts",combined_external,2-47445590-T-G,True,True,True,not_found,,,,exact_variant_id_not_observed_in_complete_gene_level_public_api_subset,False,cached_not_found,55
MSH2,p.Leu440Pro,90625,Pathogenic,reviewed by expert panel,combined_external,2-47445590-T-C,True,True,True,not_found,,,,exact_variant_id_not_observed_in_complete_gene_level_public_api_subset,False,cached_not_found,55
MSH2,p.Leu478Arg,1772564,Likely pathogenic,"criteria provided, multiple submitters, no conflicts",combined_external,2-47463077-T-G,True,True,True,not_found,,,,exact_variant_id_not_observed_in_complete_gene_level_public_api_subset,False,cached_not_found,55
MSH2,p.Leu556Ser,90737,Pathogenic/Likely pathogenic,"criteria provided, multiple submitters, no conflicts",combined_external,2-47470970-T-C,True,True,True,found,0.0,0.0,1322560.0,,False,cached_found,55
MSH2,p.Leu556Trp,427602,Likely pathogenic,reviewed by expert panel,combined_external,2-47470970-T-G,True,True,True,not_found,,,,exact_variant_id_not_observed_in_complete_gene_level_public_api_subset,False,cached_not_found,55
MSH2,p.Leu595Arg,184645,Pathogenic,"criteria provided, multiple submitters, no conflicts",combined_external,2-47475049-T-G,True,True,True,not_found,,,,exact_variant_id_not_observed_in_complete_gene_level_public_api_subset,False,cached_not_found,55
MSH2,p.Leu687Arg,1785226,Likely pathogenic,"criteria provided, multiple submitters, no conflicts",combined_external,2-47476421-T-G,True,True,True,not_found,,,,exact_variant_id_not_observed_in_complete_gene_level_public_api_subset,False,cached_not_found,55
MSH2,p.Leu687Pro,90873,Pathogenic/Likely pathogenic,"criteria provided, multiple submitters, no conflicts",combined_external,2-47476421-T-C,True,True,True,not_found,,,,exact_variant_id_not_observed_in_complete_gene_level_public_api_subset,False,cached_not_found,55
MSH2,p.Leu787Arg,619523,Pathogenic/Likely pathogenic,"criteria provided, multiple submitters, no conflicts",combined_external,2-47478421-T-G,True,True,True,not_found,,,,exact_variant_id_not_observed_in_complete_gene_level_public_api_subset,False,cached_not_found,55
MSH2,p.Leu93Phe,91044,Likely pathogenic,reviewed by expert panel,combined_external,2-47408466-C-T,True,True,True,found,6.847889206630948e-07,1.0,1460304.0,,False,cached_found,55
MSH2,p.Lys65Glu,645314,Likely benign,"criteria provided, multiple submitters, no conflicts",combined_external,2-47403384-A-G,True,True,True,found,2.0659193547720672e-06,3.0,1452138.0,,False,cached_found,55
MSH2,p.Lys773Glu,619522,Likely benign,"criteria provided, multiple submitters, no conflicts",combined_external,2-47478378-A-G,True,True,True,not_found,,,,exact_variant_id_not_observed_in_complete_gene_level_public_api_subset,False,cached_not_found,55
MSH2,p.Met210Ile,577710,Benign/Likely benign,"criteria provided, multiple submitters, no conflicts",combined_external,2-47410357-G-A,True,True,True,found,6.841714205177535e-06,10.0,1461622.0,,False,cached_found,55
MSH2,p.Met453Lys,90638,Pathogenic,reviewed by expert panel,combined_external,2-47445629-T-A,True,True,True,not_found,,,,exact_variant_id_not_observed_in_complete_gene_level_public_api_subset,False,cached_not_found,55
MSH2,p.Met460Ile,2819272,Benign/Likely benign,"criteria provided, multiple submitters, no conflicts",combined_external,2-47445651-G-A,True,True,True,found,6.947271598025307e-07,1.0,1439414.0,,False,cached_found,55
MSH2,p.Met688Arg,90874,Pathogenic,reviewed by expert panel,combined_external,2-47476424-T-G,True,True,True,not_found,,,,exact_variant_id_not_observed_in_complete_gene_level_public_api_subset,False,cached_not_found,55
MSH2,p.Met894Arg,633493,Likely benign,reviewed by expert panel,combined_external,2-47482825-T-G,True,True,True,not_found,,,,exact_variant_id_not_observed_in_complete_gene_level_public_api_subset,False,cached_not_found,55
MSH2,p.Phe523Ser,142614,Likely pathogenic,"criteria provided, multiple submitters, no conflicts",combined_external,2-47466715-T-C,True,True,True,not_found,,,,exact_variant_id_not_observed_in_complete_gene_level_public_api_subset,False,cached_not_found,55
MSH2,p.Phe58Leu,570175,Likely benign,"criteria provided, multiple submitters, no conflicts",combined_external,2-47403363-T-C,True,True,True,found,6.867499831746254e-07,1.0,1456134.0,,False,cached_found,55
MSH2,p.Phe694Ile,820674,Likely pathogenic,"criteria provided, multiple submitters, no conflicts",combined_external,2-47476441-T-A,True,True,True,not_found,,,,exact_variant_id_not_observed_in_complete_gene_level_public_api_subset,False,cached_not_found,55
MSH2,p.Phe694Ser,428522,Pathogenic/Likely pathogenic,"criteria provided, multiple submitters, no conflicts",combined_external,2-47476442-T-C,True,True,True,not_found,,,,exact_variant_id_not_observed_in_complete_gene_level_public_api_subset,False,cached_not_found,55
MSH2,p.Pro349Arg,561171,Likely pathogenic,reviewed by expert panel,combined_external,2-47416399-CT-GC,True,True,True,not_found,,,,exact_variant_id_not_observed_in_complete_gene_level_public_api_subset,False,cached_not_found,55
MSH2,p.Pro349Leu,90514,Pathogenic,reviewed by expert panel,combined_external,2-47416399-C-T,True,True,True,not_found,,,,exact_variant_id_not_observed_in_complete_gene_level_public_api_subset,False,cached_not_found,55
MSH2,p.Pro349Ser,489908,Likely pathogenic,"criteria provided, multiple submitters, no conflicts",combined_external,2-47416398-C-T,True,True,True,not_found,,,,exact_variant_id_not_observed_in_complete_gene_level_public_api_subset,False,cached_not_found,55
MSH2,p.Pro349Thr,422795,Likely pathogenic,"criteria provided, multiple submitters, no conflicts",combined_external,2-47416398-C-A,True,True,True,not_found,,,,exact_variant_id_not_observed_in_complete_gene_level_public_api_subset,False,cached_not_found,55
MSH2,p.Pro622Arg,265573,Pathogenic/Likely pathogenic,"criteria provided, multiple submitters, no conflicts",combined_external,2-47475130-C-G,True,True,True,not_found,,,,exact_variant_id_not_observed_in_complete_gene_level_public_api_subset,False,cached_not_found,55
MSH2,p.Pro622Gln,427606,Likely pathogenic,"criteria provided, multiple submitters, no conflicts",combined_external,2-47475130-C-A,True,True,True,not_found,,,,exact_variant_id_not_observed_in_complete_gene_level_public_api_subset,False,cached_not_found,55
MSH2,p.Pro622Leu,1753,Pathogenic,reviewed by expert panel,combined_external,2-47475130-C-T,True,True,True,found,6.840544178970525e-07,1.0,1461872.0,,False,cached_found,55
MSH2,p.Pro622Thr,90805,Pathogenic/Likely pathogenic,"criteria provided, multiple submitters, no conflicts",combined_external,2-47475129-C-A,True,True,True,not_found,,,,exact_variant_id_not_observed_in_complete_gene_level_public_api_subset,False,cached_not_found,55
MSH2,p.Pro652His,90823,Likely pathogenic,reviewed by expert panel,combined_external,2-47475220-C-A,True,True,True,not_found,,,,exact_variant_id_not_observed_in_complete_gene_level_public_api_subset,False,cached_not_found,55
MSH2,p.Pro670Arg,455537,Likely benign,"criteria provided, multiple submitters, no conflicts",combined_external,2-47476370-C-G,True,True,True,not_found,,,,exact_variant_id_not_observed_in_complete_gene_level_public_api_subset,False,cached_not_found,55
MSH2,p.Pro696Leu,90881,Pathogenic,reviewed by expert panel,combined_external,2-47476448-C-T,True,True,True,not_found,,,,exact_variant_id_not_observed_in_complete_gene_level_public_api_subset,False,cached_not_found,55
MSH2,p.Pro895Ser,655967,Likely benign,"criteria provided, multiple submitters, no conflicts",combined_external,2-47482827-C-T,True,True,True,found,1.3685020103294532e-06,2.0,1461452.0,,False,cached_found,55
MSH2,p.Ser281Leu,2798450,Likely benign,"criteria provided, multiple submitters, no conflicts",combined_external,2-47414318-C-T,True,True,True,found,2.0549296392091537e-06,3.0,1459904.0,,False,cached_found,55
MSH2,p.Ser479Asn,2073483,Benign/Likely benign,"criteria provided, multiple submitters, no conflicts",combined_external,2-47463080-G-A,True,True,True,found,1.368384034242442e-06,2.0,1461578.0,,False,cached_found,55
MSH2,p.Ser554Asn,483664,Pathogenic/Likely pathogenic,"criteria provided, multiple submitters, no conflicts",combined_external,2-47466808-G-A,True,True,True,not_found,,,,exact_variant_id_not_observed_in_complete_gene_level_public_api_subset,False,cached_not_found,55
MSH2,p.Ser554Cys,90718,Pathogenic,reviewed by expert panel,combined_external,2-47466807-A-T,True,True,True,not_found,,,,exact_variant_id_not_observed_in_complete_gene_level_public_api_subset,False,cached_not_found,55
MSH2,p.Ser554Gly,90717,Pathogenic,reviewed by expert panel,combined_external,2-47466807-A-G,True,True,True,not_found,,,,exact_variant_id_not_observed_in_complete_gene_level_public_api_subset,False,cached_not_found,55
MSH2,p.Ser554Thr,90724,Pathogenic,reviewed by expert panel,combined_external,2-47466808-G-C,True,True,True,not_found,,,,exact_variant_id_not_observed_in_complete_gene_level_public_api_subset,False,cached_not_found,55
MSH2,p.Ser860Leu,91006,Likely benign,reviewed by expert panel,combined_external,2-47480816-C-T,True,True,True,found,1.573695474872873e-05,23.0,1461528.0,,False,cached_found,55
MSH2,p.Thr564Ala,90750,Benign,reviewed by expert panel,combined_external,2-47470993-A-G,True,True,True,found,5.454401205918521e-05,77.0,1411704.0,,False,cached_found,55
MSH2,p.Thr594Ala,1039589,Benign/Likely benign,"criteria provided, multiple submitters, no conflicts",combined_external,2-47475045-A-G,True,True,True,not_found,,,,exact_variant_id_not_observed_in_complete_gene_level_public_api_subset,False,cached_not_found,55
MSH2,p.Thr677Arg,233888,Pathogenic/Likely pathogenic,"criteria provided, multiple submitters, no conflicts",combined_external,2-47476391-C-G,True,True,True,not_found,,,,exact_variant_id_not_observed_in_complete_gene_level_public_api_subset,False,cached_not_found,55
MSH2,p.Thr8Met,90964,Benign,reviewed by expert panel,combined_external,2-47403214-C-T,True,True,True,found,0.0009795225898079,1418.0,1447644.0,,False,cached_found,55
MSH2,p.Thr905Arg,91037,Likely benign,reviewed by expert panel,combined_external,2-47482858-C-G,True,True,True,found,0.0001320868351173,193.0,1461160.0,,False,cached_found,55
MSH2,p.Thr934Ala,1796214,Likely benign,"criteria provided, multiple submitters, no conflicts",combined_external,2-47482944-A-G,True,True,True,found,6.855287620447404e-07,1.0,1458728.0,,False,cached_found,55
MSH2,p.Tyr165Asp,91111,Likely pathogenic,reviewed by expert panel,combined_external,2-47410220-T-G,True,True,True,not_found,,,,exact_variant_id_not_observed_in_complete_gene_level_public_api_subset,False,cached_not_found,55
MSH2,p.Tyr408Phe,192221,Likely benign,"criteria provided, multiple submitters, no conflicts",combined_external,2-47429888-A-T,True,True,True,found,8.209001169782667e-06,12.0,1461810.0,,False,cached_found,55
MSH2,p.Val102Ile,36575,Likely benign,reviewed by expert panel,combined_external,2-47408493-G-A,True,True,True,found,3.903264772829991e-05,57.0,1460316.0,,False,cached_found,55
MSH2,p.Val161Asp,91104,Pathogenic,reviewed by expert panel,combined_external,2-47410209-T-A,True,True,True,not_found,,,,exact_variant_id_not_observed_in_complete_gene_level_public_api_subset,False,cached_not_found,55
MSH2,p.Val163Asp,91107,Pathogenic,reviewed by expert panel,combined_external,2-47410215-T-A,True,True,True,not_found,,,,exact_variant_id_not_observed_in_complete_gene_level_public_api_subset,False,cached_not_found,55
MSH2,p.Val163Gly,91108,Pathogenic,reviewed by expert panel,combined_external,2-47410215-T-G,True,True,True,found,2.0521436008006096e-06,3.0,1461886.0,,False,cached_found,55
MSH2,p.Val200Asp,91148,Pathogenic,reviewed by expert panel,combined_external,2-47410326-T-A,True,True,True,found,6.840693919991244e-07,1.0,1461840.0,,False,cached_found,55
MSH2,p.Val317Ile,2093480,Benign/Likely benign,"criteria provided, multiple submitters, no conflicts",combined_external,2-47416302-G-A,True,True,True,found,6.850319156369496e-07,1.0,1459786.0,,False,cached_found,55
MSH2,p.Val367Ile,455471,Benign/Likely benign,"criteria provided, multiple submitters, no conflicts",combined_external,2-47429764-G-A,True,True,True,found,2.2579325275023023e-05,33.0,1461514.0,,False,cached_found,55
MSH2,p.Val3Leu,630046,Benign,reviewed by expert panel,combined_external,2-47403198-G-T,True,True,True,found,1.3854042124600483e-06,2.0,1443622.0,,False,cached_found,55
MSH2,p.Val695Met,633496,Pathogenic,reviewed by expert panel,combined_external,2-47476444-G-A,True,True,True,not_found,,,,exact_variant_id_not_observed_in_complete_gene_level_public_api_subset,False,cached_not_found,55
PTEN,p.Ala126Thr,468683,Likely pathogenic,"criteria provided, multiple submitters, no conflicts",combined_external,10-87933135-G-A,True,True,True,not_found,,,,exact_variant_id_not_observed_in_complete_gene_level_public_api_subset,False,cached_not_found,55
PTEN,p.Ala79Thr,41682,Likely benign,reviewed by expert panel,combined_external,10-87931071-G-A,True,True,True,found,0.0001340506532735,195.0,1454674.0,,False,cached_found,55
PTEN,p.Arg130Gln,7829,Pathogenic,reviewed by expert panel,combined_external,10-87933148-G-A,True,True,True,found,1.3682773114992762e-06,2.0,1461692.0,,False,cached_found,55
PTEN,p.Arg130Gly,375958,Pathogenic,reviewed by expert panel,combined_external,10-87933147-C-G,True,True,True,not_found,,,,exact_variant_id_not_observed_in_complete_gene_level_public_api_subset,False,cached_not_found,55
PTEN,p.Arg130Leu,376509,Pathogenic/Likely pathogenic,"criteria provided, multiple submitters, no conflicts",combined_external,10-87933148-G-T,True,True,True,found,6.841386557496381e-07,1.0,1461692.0,,False,cached_found,55
PTEN,p.Arg130Pro,142018,Pathogenic,reviewed by expert panel,combined_external,10-87933148-G-C,True,True,True,not_found,,,,exact_variant_id_not_observed_in_complete_gene_level_public_api_subset,False,cached_not_found,55
PTEN,p.Arg159Gly,186094,Pathogenic/Likely pathogenic,"criteria provided, multiple submitters, no conflicts",combined_external,10-87933234-A-G,True,True,True,not_found,,,,exact_variant_id_not_observed_in_complete_gene_level_public_api_subset,False,cached_not_found,55
PTEN,p.Arg159Lys,646006,Pathogenic,reviewed by expert panel,combined_external,10-87933235-G-A,True,True,True,not_found,,,,exact_variant_id_not_observed_in_complete_gene_level_public_api_subset,False,cached_not_found,55
PTEN,p.Arg159Ser,375959,Likely pathogenic,reviewed by expert panel,combined_external,10-87933236-G-T,True,True,True,not_found,,,,exact_variant_id_not_observed_in_complete_gene_level_public_api_subset,False,cached_not_found,55
PTEN,p.Arg15Lys,404147,Likely pathogenic,reviewed by expert panel,combined_external,10-87864513-G-A,True,True,True,not_found,,,,exact_variant_id_not_observed_in_complete_gene_level_public_api_subset,False,cached_not_found,55
PTEN,p.Arg15Ser,419769,Pathogenic/Likely pathogenic,"criteria provided, multiple submitters, no conflicts",combined_external,10-87864514-A-T,True,True,True,not_found,,,,exact_variant_id_not_observed_in_complete_gene_level_public_api_subset,False,cached_not_found,55
PTEN,p.Arg15Thr,428243,Likely pathogenic,reviewed by expert panel,combined_external,10-87864513-G-C,True,True,True,not_found,,,,exact_variant_id_not_observed_in_complete_gene_level_public_api_subset,False,cached_not_found,55
PTEN,p.Arg173Cys,189500,Pathogenic,reviewed by expert panel,combined_external,10-87952142-C-T,True,True,True,found,2.7378357955603256e-06,4.0,1461008.0,,False,cached_found,55
PTEN,p.Arg173Gly,1176553,Pathogenic,"criteria provided, multiple submitters, no conflicts",combined_external,10-87952142-C-G,True,True,True,not_found,,,,exact_variant_id_not_observed_in_complete_gene_level_public_api_subset,False,cached_not_found,55
PTEN,p.Arg173His,376032,Pathogenic/Likely pathogenic,"criteria provided, multiple submitters, no conflicts",combined_external,10-87952143-G-A,True,True,True,found,2.0531941541456044e-06,3.0,1461138.0,,False,cached_found,55
PTEN,p.Arg173Pro,185195,Pathogenic,"criteria provided, multiple submitters, no conflicts",combined_external,10-87952143-G-C,True,True,True,not_found,,,,exact_variant_id_not_observed_in_complete_gene_level_public_api_subset,False,cached_not_found,55
PTEN,p.Arg47Gly,189401,Pathogenic,reviewed by expert panel,combined_external,10-87894084-A-G,True,True,True,not_found,,,,exact_variant_id_not_observed_in_complete_gene_level_public_api_subset,False,cached_not_found,55
PTEN,p.Arg47Lys,373446,Likely pathogenic,reviewed by expert panel,combined_external,10-87894085-G-A,True,True,True,not_found,,,,exact_variant_id_not_observed_in_complete_gene_level_public_api_subset,False,cached_not_found,55
PTEN,p.Asn276Ser,2502345,Pathogenic,"criteria provided, multiple submitters, no conflicts",combined_external,10-87960919-A-G,True,True,True,found,6.850234689040446e-07,1.0,1459804.0,,False,cached_found,55
PTEN,p.Asn31Asp,943637,Likely pathogenic,reviewed by expert panel,combined_external,10-87894036-A-G,True,True,True,not_found,,,,exact_variant_id_not_observed_in_complete_gene_level_public_api_subset,False,cached_not_found,55
PTEN,p.Asp107Tyr,484614,Pathogenic,reviewed by expert panel,combined_external,10-87933078-G-T,True,True,True,not_found,,,,exact_variant_id_not_observed_in_complete_gene_level_public_api_subset,False,cached_not_found,55
PTEN,p.Asp107Val,372481,Pathogenic,reviewed by expert panel,combined_external,10-87933079-A-T,True,True,True,not_found,,,,exact_variant_id_not_observed_in_complete_gene_level_public_api_subset,False,cached_not_found,55
PTEN,p.Asp22His,233456,Likely pathogenic,reviewed by expert panel,combined_external,10-87864533-G-C,True,True,True,not_found,,,,exact_variant_id_not_observed_in_complete_gene_level_public_api_subset,False,cached_not_found,55
PTEN,p.Asp24Asn,185200,Pathogenic,"criteria provided, multiple submitters, no conflicts",combined_external,10-87864539-G-A,True,True,True,not_found,,,,exact_variant_id_not_observed_in_complete_gene_level_public_api_subset,False,cached_not_found,55
PTEN,p.Asp24Gly,208723,Pathogenic/Likely pathogenic,"criteria provided, multiple submitters, no conflicts",combined_external,10-87864540-A-G,True,True,True,not_found,,,,exact_variant_id_not_observed_in_complete_gene_level_public_api_subset,False,cached_not_found,55
PTEN,p.Asp24Tyr,189398,Pathogenic,"criteria provided, multiple submitters, no conflicts",combined_external,10-87864539-G-T,True,True,True,not_found,,,,exact_variant_id_not_observed_in_complete_gene_level_public_api_subset,False,cached_not_found,55
PTEN,p.Asp24Val,1511392,Pathogenic/Likely pathogenic,"criteria provided, multiple submitters, no conflicts",combined_external,10-87864540-A-T,True,True,True,not_found,,,,exact_variant_id_not_observed_in_complete_gene_level_public_api_subset,False,cached_not_found,55
PTEN,p.Asp252Gly,7849,Pathogenic,reviewed by expert panel,combined_external,10-87957973-A-G,True,True,True,not_found,,,,exact_variant_id_not_observed_in_complete_gene_level_public_api_subset,False,cached_not_found,55
PTEN,p.Asp252Val,575811,Pathogenic/Likely pathogenic,"criteria provided, multiple submitters, no conflicts",combined_external,10-87957973-A-T,True,True,True,not_found,,,,exact_variant_id_not_observed_in_complete_gene_level_public_api_subset,False,cached_not_found,55
PTEN,p.Asp310Gly,566673,Pathogenic/Likely pathogenic,"criteria provided, multiple submitters, no conflicts",combined_external,10-87961021-A-G,True,True,True,not_found,,,,exact_variant_id_not_observed_in_complete_gene_level_public_api_subset,False,cached_not_found,55
PTEN,p.Asp326Asn,2498032,Pathogenic,"criteria provided, multiple submitters, no conflicts",combined_external,10-87961068-G-A,True,True,True,not_found,,,,exact_variant_id_not_observed_in_complete_gene_level_public_api_subset,False,cached_not_found,55
PTEN,p.Asp92Ala,428196,Pathogenic/Likely pathogenic,"criteria provided, multiple submitters, no conflicts",combined_external,10-87933034-A-C,True,True,True,not_found,,,,exact_variant_id_not_observed_in_complete_gene_level_public_api_subset,False,cached_not_found,55
PTEN,p.Asp92Gly,565960,Pathogenic/Likely pathogenic,"criteria provided, multiple submitters, no conflicts",combined_external,10-87933034-A-G,True,True,True,found,0.0,0.0,152086.0,,False,cached_found,55
PTEN,p.Asp92Tyr,468679,Pathogenic/Likely pathogenic,"criteria provided, multiple submitters, no conflicts",combined_external,10-87933033-G-T,True,True,True,not_found,,,,exact_variant_id_not_observed_in_complete_gene_level_public_api_subset,False,cached_not_found,55
PTEN,p.Cys105Arg,2628372,Likely pathogenic,"criteria provided, multiple submitters, no conflicts",combined_external,10-87933072-T-C,True,True,True,not_found,,,,exact_variant_id_not_observed_in_complete_gene_level_public_api_subset,False,cached_not_found,55
PTEN,p.Cys124Arg,7817,Pathogenic,reviewed by expert panel,combined_external,10-87933129-T-C,True,True,True,not_found,,,,exact_variant_id_not_observed_in_complete_gene_level_public_api_subset,False,cached_not_found,55
PTEN,p.Cys124Gly,185817,Pathogenic,"criteria provided, multiple submitters, no conflicts",combined_external,10-87933129-T-G,True,True,True,not_found,,,,exact_variant_id_not_observed_in_complete_gene_level_public_api_subset,False,cached_not_found,55
PTEN,p.Cys124Ser,2447220,Pathogenic/Likely pathogenic,"criteria provided, multiple submitters, no conflicts",combined_external,10-87933130-G-C,True,True,True,not_found,,,,exact_variant_id_not_observed_in_complete_gene_level_public_api_subset,False,cached_not_found,55
PTEN,p.Cys124Trp,1734391,Pathogenic/Likely pathogenic,"criteria provided, multiple submitters, no conflicts",combined_external,10-87933131-T-G,True,True,True,not_found,,,,exact_variant_id_not_observed_in_complete_gene_level_public_api_subset,False,cached_not_found,55
PTEN,p.Cys124Tyr,233631,Pathogenic/Likely pathogenic,"criteria provided, multiple submitters, no conflicts",combined_external,10-87933130-G-A,True,True,True,not_found,,,,exact_variant_id_not_observed_in_complete_gene_level_public_api_subset,False,cached_not_found,55
PTEN,p.Cys136Arg,183726,Pathogenic/Likely pathogenic,"criteria provided, multiple submitters, no conflicts",combined_external,10-87933165-T-C,True,True,True,not_found,,,,exact_variant_id_not_observed_in_complete_gene_level_public_api_subset,False,cached_not_found,55
PTEN,p.Cys136Trp,224543,Pathogenic,reviewed by expert panel,combined_external,10-87933167-T-G,True,True,True,not_found,,,,exact_variant_id_not_observed_in_complete_gene_level_public_api_subset,False,cached_not_found,55
PTEN,p.Gln171Arg,189412,Likely pathogenic,reviewed by expert panel,combined_external,10-87952137-A-G,True,True,True,not_found,,,,exact_variant_id_not_observed_in_complete_gene_level_public_api_subset,False,cached_not_found,55
PTEN,p.Gln171Glu,844941,Likely pathogenic,reviewed by expert panel,combined_external,10-87952136-C-G,True,True,True,not_found,,,,exact_variant_id_not_observed_in_complete_gene_level_public_api_subset,False,cached_not_found,55
PTEN,p.Gln298Glu,127695,Likely benign,reviewed by expert panel,combined_external,10-87960984-C-G,True,True,True,found,2.3948817954770947e-05,35.0,1461450.0,,False,cached_found,55
PTEN,p.Gly127Arg,139568,Pathogenic/Likely pathogenic,"criteria provided, multiple submitters, no conflicts",combined_external,10-87933138-G-A,True,True,True,found,6.84143336238662e-07,1.0,1461682.0,,False,cached_found,55
PTEN,p.Gly129Arg,189484,Pathogenic/Likely pathogenic,"criteria provided, multiple submitters, no conflicts",combined_external,10-87933144-G-A,True,True,True,found,6.841358474869637e-07,1.0,1461698.0,,False,cached_found,55
PTEN,p.Gly129Glu,7812,Pathogenic/Likely pathogenic,"criteria provided, multiple submitters, no conflicts",combined_external,10-87933145-G-A,True,True,True,not_found,,,,exact_variant_id_not_observed_in_complete_gene_level_public_api_subset,False,cached_not_found,55
PTEN,p.Gly129Val,856036,Pathogenic/Likely pathogenic,"criteria provided, multiple submitters, no conflicts",combined_external,10-87933145-G-T,True,True,True,not_found,,,,exact_variant_id_not_observed_in_complete_gene_level_public_api_subset,False,cached_not_found,55
PTEN,p.Gly165Arg,428256,Pathogenic,reviewed by expert panel,combined_external,10-87952118-G-A,True,True,True,found,0.0,0.0,1460972.0,,False,cached_found,55
PTEN,p.Gly165Val,1341516,Pathogenic/Likely pathogenic,"criteria provided, multiple submitters, no conflicts",combined_external,10-87952119-G-T,True,True,True,not_found,,,,exact_variant_id_not_observed_in_complete_gene_level_public_api_subset,False,cached_not_found,55
PTEN,p.Gly20Val,428266,Likely pathogenic,reviewed by expert panel,combined_external,10-87864528-G-T,True,True,True,not_found,,,,exact_variant_id_not_observed_in_complete_gene_level_public_api_subset,False,cached_not_found,55
PTEN,p.Gly251Val,536548,Likely pathogenic,reviewed by expert panel,combined_external,10-87957970-G-T,True,True,True,not_found,,,,exact_variant_id_not_observed_in_complete_gene_level_public_api_subset,False,cached_not_found,55
PTEN,p.Gly36Arg,189400,Likely pathogenic,reviewed by expert panel,combined_external,10-87894051-G-C,True,True,True,not_found,,,,exact_variant_id_not_observed_in_complete_gene_level_public_api_subset,False,cached_not_found,55
PTEN,p.Gly44Asp,427582,Pathogenic/Likely pathogenic,"criteria provided, multiple submitters, no conflicts",combined_external,10-87894076-G-A,True,True,True,not_found,,,,exact_variant_id_not_observed_in_complete_gene_level_public_api_subset,False,cached_not_found,55
PTEN,p.His123Arg,7816,Pathogenic,reviewed by expert panel,combined_external,10-87933127-A-G,True,True,True,not_found,,,,exact_variant_id_not_observed_in_complete_gene_level_public_api_subset,False,cached_not_found,55
PTEN,p.His141Leu,1708039,Likely pathogenic,"criteria provided, multiple submitters, no conflicts",combined_external,10-87933181-A-T,True,True,True,not_found,,,,exact_variant_id_not_observed_in_complete_gene_level_public_api_subset,False,cached_not_found,55
PTEN,p.His141Pro,216422,Likely pathogenic,reviewed by expert panel,combined_external,10-87933181-A-C,True,True,True,not_found,,,,exact_variant_id_not_observed_in_complete_gene_level_public_api_subset,False,cached_not_found,55
PTEN,p.His61Arg,189402,Likely pathogenic,reviewed by expert panel,combined_external,10-87925530-A-G,True,True,True,not_found,,,,exact_variant_id_not_observed_in_complete_gene_level_public_api_subset,False,cached_not_found,55
PTEN,p.His61Asp,7841,Likely pathogenic,reviewed by expert panel,combined_external,10-87925529-C-G,True,True,True,not_found,,,,exact_variant_id_not_observed_in_complete_gene_level_public_api_subset,False,cached_not_found,55
PTEN,p.His64Pro,2574362,Pathogenic/Likely pathogenic,"criteria provided, multiple submitters, no conflicts",combined_external,10-87925539-A-C,True,True,True,not_found,,,,exact_variant_id_not_observed_in_complete_gene_level_public_api_subset,False,cached_not_found,55
PTEN,p.His93Arg,7848,Pathogenic,reviewed by expert panel,combined_external,10-87933037-A-G,True,True,True,not_found,,,,exact_variant_id_not_observed_in_complete_gene_level_public_api_subset,False,cached_not_found,55
PTEN,p.His93Pro,468680,Likely pathogenic,reviewed by expert panel,combined_external,10-87933037-A-C,True,True,True,not_found,,,,exact_variant_id_not_observed_in_complete_gene_level_public_api_subset,False,cached_not_found,55
PTEN,p.Ile135Lys,428235,Pathogenic/Likely pathogenic,"criteria provided, multiple submitters, no conflicts",combined_external,10-87933163-T-A,True,True,True,not_found,,,,exact_variant_id_not_observed_in_complete_gene_level_public_api_subset,False,cached_not_found,55
PTEN,p.Ile50Thr,492727,Pathogenic,reviewed by expert panel,combined_external,10-87894094-T-C,True,True,True,found,6.85417871859758e-07,1.0,1458964.0,,False,cached_found,55
PTEN,p.Leu108Pro,418436,Pathogenic/Likely pathogenic,"criteria provided, multiple submitters, no conflicts",combined_external,10-87933082-T-C,True,True,True,not_found,,,,exact_variant_id_not_observed_in_complete_gene_level_public_api_subset,False,cached_not_found,55
PTEN,p.Leu112Arg,2674303,Pathogenic,"criteria provided, multiple submitters, no conflicts",combined_external,10-87933094-T-G,True,True,True,not_found,,,,exact_variant_id_not_observed_in_complete_gene_level_public_api_subset,False,cached_not_found,55
PTEN,p.Leu112Val,1406308,Likely pathogenic,reviewed by expert panel,combined_external,10-87933093-C-G,True,True,True,not_found,,,,exact_variant_id_not_observed_in_complete_gene_level_public_api_subset,False,cached_not_found,55
PTEN,p.Leu181Pro,825730,Pathogenic,reviewed by expert panel,combined_external,10-87952167-T-C,True,True,True,not_found,,,,exact_variant_id_not_observed_in_complete_gene_level_public_api_subset,False,cached_not_found,55
PTEN,p.Leu23Val,234830,Likely pathogenic,reviewed by expert panel,combined_external,10-87864536-T-G,True,True,True,found,6.841087021363347e-07,1.0,1461756.0,,False,cached_found,55
PTEN,p.Leu247Ser,223142,Likely pathogenic,reviewed by expert panel,combined_external,10-87957958-T-C,True,True,True,not_found,,,,exact_variant_id_not_observed_in_complete_gene_level_public_api_subset,False,cached_not_found,55
PTEN,p.Leu316Pro,418653,Likely pathogenic,reviewed by expert panel,combined_external,10-87961039-T-C,True,True,True,found,6.84169548160747e-07,1.0,1461626.0,,False,cached_found,55
PTEN,p.Leu320Ser,1043063,Likely pathogenic,reviewed by expert panel,combined_external,10-87961051-T-C,True,True,True,not_found,,,,exact_variant_id_not_observed_in_complete_gene_level_public_api_subset,False,cached_not_found,55
PTEN,p.Leu345Pro,484605,Pathogenic,reviewed by expert panel,combined_external,10-87965294-T-C,True,True,True,not_found,,,,exact_variant_id_not_observed_in_complete_gene_level_public_api_subset,False,cached_not_found,55
PTEN,p.Leu57Trp,185713,Likely pathogenic,reviewed by expert panel,combined_external,10-87925518-T-G,True,True,True,not_found,,,,exact_variant_id_not_observed_in_complete_gene_level_public_api_subset,False,cached_not_found,55
PTEN,p.Leu98Arg,404143,Pathogenic/Likely pathogenic,"criteria provided, multiple submitters, no conflicts",combined_external,10-87933052-T-G,True,True,True,not_found,,,,exact_variant_id_not_observed_in_complete_gene_level_public_api_subset,False,cached_not_found,55
PTEN,p.Lys125Glu,1338262,Pathogenic,reviewed by expert panel,combined_external,10-87933132-A-G,True,True,True,not_found,,,,exact_variant_id_not_observed_in_complete_gene_level_public_api_subset,False,cached_not_found,55
PTEN,p.Lys13Glu,988004,Pathogenic/Likely pathogenic,"criteria provided, multiple submitters, no conflicts",combined_external,10-87864506-A-G,True,True,True,not_found,,,,exact_variant_id_not_observed_in_complete_gene_level_public_api_subset,False,cached_not_found,55
PTEN,p.Lys254Thr,428207,Likely pathogenic,"criteria provided, multiple submitters, no conflicts",combined_external,10-87957979-A-C,True,True,True,not_found,,,,exact_variant_id_not_observed_in_complete_gene_level_public_api_subset,False,cached_not_found,55
PTEN,p.Lys267Asn,536549,Pathogenic,reviewed by expert panel,combined_external,10-87958019-G-T,True,True,True,not_found,,,,exact_variant_id_not_observed_in_complete_gene_level_public_api_subset,False,cached_not_found,55
PTEN,p.Lys66Asn,1691744,Likely pathogenic,reviewed by expert panel,combined_external,10-87925546-G-T,True,True,True,found,0.0,0.0,1430330.0,,False,cached_found,55
PTEN,p.Lys6Glu,644390,Pathogenic,reviewed by expert panel,combined_external,10-87864485-A-G,True,True,True,not_found,,,,exact_variant_id_not_observed_in_complete_gene_level_public_api_subset,False,cached_not_found,55
PTEN,p.Met134Ile,619908,Likely pathogenic,reviewed by expert panel,combined_external,10-87933161-G-C,True,True,True,not_found,,,,exact_variant_id_not_observed_in_complete_gene_level_public_api_subset,False,cached_not_found,55
PTEN,p.Met134Thr,427588,Pathogenic/Likely pathogenic,"criteria provided, multiple submitters, no conflicts",combined_external,10-87933160-T-C,True,True,True,found,6.841321031725942e-07,1.0,1461706.0,,False,cached_found,55
PTEN,p.Met1Val,484600,Pathogenic,reviewed by expert panel,combined_external,10-87864470-A-G,True,True,True,not_found,,,,exact_variant_id_not_observed_in_complete_gene_level_public_api_subset,False,cached_not_found,55
PTEN,p.Met35Arg,7825,Pathogenic,reviewed by expert panel,combined_external,10-87894049-T-G,True,True,True,not_found,,,,exact_variant_id_not_observed_in_complete_gene_level_public_api_subset,False,cached_not_found,55
PTEN,p.Met35Thr,428244,Likely pathogenic,"criteria provided, multiple submitters, no conflicts",combined_external,10-87894049-T-C,True,True,True,not_found,,,,exact_variant_id_not_observed_in_complete_gene_level_public_api_subset,False,cached_not_found,55
PTEN,p.Met35Val,231916,Pathogenic,reviewed by expert panel,combined_external,10-87894048-A-G,True,True,True,not_found,,,,exact_variant_id_not_observed_in_complete_gene_level_public_api_subset,False,cached_not_found,55
PTEN,p.Phe241Leu,440220,Likely pathogenic,"criteria provided, multiple submitters, no conflicts",combined_external,10-87957939-T-C,True,True,True,not_found,,,,exact_variant_id_not_observed_in_complete_gene_level_public_api_subset,False,cached_not_found,55
PTEN,p.Phe241Ser,7850,Likely pathogenic,reviewed by expert panel,combined_external,10-87957940-T-C,True,True,True,not_found,,,,exact_variant_id_not_observed_in_complete_gene_level_public_api_subset,False,cached_not_found,55
PTEN,p.Phe90Ser,976246,Pathogenic/Likely pathogenic,"criteria provided, multiple submitters, no conflicts",combined_external,10-87933028-T-C,True,True,True,found,6.572547782422378e-06,1.0,152148.0,,False,cached_found,55
PTEN,p.Pro204Ala,189415,Pathogenic,reviewed by expert panel,combined_external,10-87952235-C-G,True,True,True,not_found,,,,exact_variant_id_not_observed_in_complete_gene_level_public_api_subset,False,cached_not_found,55
PTEN,p.Pro246Leu,142269,Pathogenic,reviewed by expert panel,combined_external,10-87957955-C-T,True,True,True,found,2.0522615237904995e-06,3.0,1461802.0,,False,cached_found,55
PTEN,p.Pro354Gln,143020,Likely benign,reviewed by expert panel,combined_external,10-87965321-C-A,True,True,True,found,0.0001234999897083,180.0,1457490.0,,False,cached_found,55
PTEN,p.Pro38Leu,818421,Pathogenic,reviewed by expert panel,combined_external,10-87894058-C-T,True,True,True,not_found,,,,exact_variant_id_not_observed_in_complete_gene_level_public_api_subset,False,cached_not_found,55
PTEN,p.Pro96Leu,449089,Likely pathogenic,reviewed by expert panel,combined_external,10-87933046-C-T,True,True,True,not_found,,,,exact_variant_id_not_observed_in_complete_gene_level_public_api_subset,False,cached_not_found,55
PTEN,p.Ser170Arg,7815,Pathogenic,reviewed by expert panel,combined_external,10-87952135-T-A,True,True,True,found,6.843334181906772e-07,1.0,1461276.0,,False,cached_found,55
PTEN,p.Ser294Arg,127693,Likely benign,reviewed by expert panel,combined_external,10-87960974-T-G,True,True,True,found,3.07882194693753e-05,45.0,1461598.0,,False,cached_found,55
PTEN,p.Ser360Gly,140777,Likely benign,reviewed by expert panel,combined_external,10-87965338-A-G,True,True,True,found,5.488752859297193e-06,8.0,1457526.0,,False,cached_found,55
PTEN,p.Thr131Ile,39669,Pathogenic,reviewed by expert panel,combined_external,10-87933151-C-T,True,True,True,not_found,,,,exact_variant_id_not_observed_in_complete_gene_level_public_api_subset,False,cached_not_found,55
PTEN,p.Thr167Asn,39668,Likely pathogenic,reviewed by expert panel,combined_external,10-87952125-C-A,True,True,True,found,0.0,0.0,1461146.0,,False,cached_found,55
PTEN,p.Thr26Asn,949068,Likely pathogenic,"criteria provided, multiple submitters, no conflicts",combined_external,10-87864546-C-A,True,True,True,not_found,,,,exact_variant_id_not_observed_in_complete_gene_level_public_api_subset,False,cached_not_found,55
PTEN,p.Thr26Pro,234410,Pathogenic,"criteria provided, multiple submitters, no conflicts",combined_external,10-87864545-A-C,True,True,True,not_found,,,,exact_variant_id_not_observed_in_complete_gene_level_public_api_subset,False,cached_not_found,55
PTEN,p.Thr277Arg,428268,Likely pathogenic,reviewed by expert panel,combined_external,10-87960922-C-G,True,True,True,not_found,,,,exact_variant_id_not_observed_in_complete_gene_level_public_api_subset,False,cached_not_found,55
PTEN,p.Trp111Arg,92820,Pathogenic,reviewed by expert panel,combined_external,10-87933090-T-C,True,True,True,not_found,,,,exact_variant_id_not_observed_in_complete_gene_level_public_api_subset,False,cached_not_found,55
PTEN,p.Trp274Leu,427600,Pathogenic/Likely pathogenic,"criteria provided, multiple submitters, no conflicts",combined_external,10-87960913-G-T,True,True,True,found,0.0,0.0,1447056.0,,False,cached_found,55
PTEN,p.Tyr155Ser,547759,Pathogenic/Likely pathogenic,"criteria provided, multiple submitters, no conflicts",combined_external,10-87933223-A-C,True,True,True,not_found,,,,exact_variant_id_not_observed_in_complete_gene_level_public_api_subset,False,cached_not_found,55
PTEN,p.Tyr16Asp,422899,Pathogenic/Likely pathogenic,"criteria provided, multiple submitters, no conflicts",combined_external,10-87864515-T-G,True,True,True,not_found,,,,exact_variant_id_not_observed_in_complete_gene_level_public_api_subset,False,cached_not_found,55
PTEN,p.Tyr177Cys,580948,Likely pathogenic,reviewed by expert panel,combined_external,10-87952155-A-G,True,True,True,found,6.845648426664622e-07,1.0,1460782.0,,False,cached_found,55
PTEN,p.Tyr27Cys,404160,Likely pathogenic,reviewed by expert panel,combined_external,10-87894025-A-G,True,True,True,not_found,,,,exact_variant_id_not_observed_in_complete_gene_level_public_api_subset,False,cached_not_found,55
PTEN,p.Tyr27Ser,280724,Likely pathogenic,reviewed by expert panel,combined_external,10-87894025-A-C,True,True,True,not_found,,,,exact_variant_id_not_observed_in_complete_gene_level_public_api_subset,False,cached_not_found,55
PTEN,p.Tyr68Asp,536540,Pathogenic/Likely pathogenic,"criteria provided, multiple submitters, no conflicts",combined_external,10-87925550-T-G,True,True,True,not_found,,,,exact_variant_id_not_observed_in_complete_gene_level_public_api_subset,False,cached_not_found,55
PTEN,p.Tyr68Cys,233777,Pathogenic/Likely pathogenic,"criteria provided, multiple submitters, no conflicts",combined_external,10-87925551-A-G,True,True,True,not_found,,,,exact_variant_id_not_observed_in_complete_gene_level_public_api_subset,False,cached_not_found,55
PTEN,p.Val119Ala,3256748,Likely pathogenic,reviewed by expert panel,combined_external,10-87933115-T-C,True,True,True,not_found,,,,exact_variant_id_not_observed_in_complete_gene_level_public_api_subset,False,cached_not_found,55
PTEN,p.Val119Leu,428226,Likely pathogenic,"criteria provided, multiple submitters, no conflicts",combined_external,10-87933114-G-C,True,True,True,not_found,,,,exact_variant_id_not_observed_in_complete_gene_level_public_api_subset,False,cached_not_found,55
PTEN,p.Val175Met,1067224,Pathogenic,"criteria provided, multiple submitters, no conflicts",combined_external,10-87952148-G-A,True,True,True,found,6.5766974456107125e-06,1.0,152052.0,,False,cached_found,55
PTEN,p.Val249Gly,1066565,Likely pathogenic,"criteria provided, multiple submitters, no conflicts",combined_external,10-87957964-T-G,True,True,True,not_found,,,,exact_variant_id_not_observed_in_complete_gene_level_public_api_subset,False,cached_not_found,55
PTEN,p.Val255Glu,623214,Likely pathogenic,"criteria provided, multiple submitters, no conflicts",combined_external,10-87957982-T-A,True,True,True,not_found,,,,exact_variant_id_not_observed_in_complete_gene_level_public_api_subset,False,cached_not_found,55
TP53,p.Ala138Pro,12376,Likely pathogenic,reviewed by expert panel,combined_external,17-7675200-C-G,True,True,True,not_found,,,,exact_variant_id_not_observed_in_complete_gene_level_public_api_subset,False,cached_not_found,55
TP53,p.Ala138Val,184863,Likely pathogenic,reviewed by expert panel,combined_external,17-7675199-G-A,True,True,True,found,0.0,0.0,152176.0,,False,cached_found,55
TP53,p.Ala159Asp,1026335,Pathogenic/Likely pathogenic,"criteria provided, multiple submitters, no conflicts",combined_external,17-7675136-G-T,True,True,True,not_found,,,,exact_variant_id_not_observed_in_complete_gene_level_public_api_subset,False,cached_not_found,55
TP53,p.Ala159Val,458545,Pathogenic/Likely pathogenic,"criteria provided, multiple submitters, no conflicts",combined_external,17-7675136-G-A,True,True,True,not_found,,,,exact_variant_id_not_observed_in_complete_gene_level_public_api_subset,False,cached_not_found,55
TP53,p.Ala161Thr,161518,Pathogenic/Likely pathogenic,"criteria provided, multiple submitters, no conflicts",combined_external,17-7675131-C-T,True,True,True,not_found,,,,exact_variant_id_not_observed_in_complete_gene_level_public_api_subset,False,cached_not_found,55
TP53,p.Ala276Gly,185319,Pathogenic/Likely pathogenic,"criteria provided, multiple submitters, no conflicts",combined_external,17-7673793-G-C,True,True,True,not_found,,,,exact_variant_id_not_observed_in_complete_gene_level_public_api_subset,False,cached_not_found,55
TP53,p.Ala347Asp,43587,Pathogenic,reviewed by expert panel,combined_external,17-7670669-G-T,True,True,True,not_found,,,,exact_variant_id_not_observed_in_complete_gene_level_public_api_subset,False,cached_not_found,55
TP53,p.Ala63Gly,229693,Likely benign,reviewed by expert panel,combined_external,17-7676181-G-C,True,True,True,found,1.231331644128737e-05,18.0,1461832.0,,False,cached_found,55
TP53,p.Ala63Val,182922,Benign,reviewed by expert panel,combined_external,17-7676181-G-A,True,True,True,found,1.3681462712541523e-06,2.0,1461832.0,,False,cached_found,55
TP53,p.Ala74Val,141547,Likely benign,reviewed by expert panel,combined_external,17-7676148-G-A,True,True,True,found,6.844552010381817e-06,10.0,1461016.0,,False,cached_found,55
TP53,p.Ala84Thr,140833,Likely benign,reviewed by expert panel,combined_external,17-7676119-C-T,True,True,True,found,3.423353846069579e-06,5.0,1460556.0,,False,cached_found,55
TP53,p.Arg110Gly,823452,Likely pathogenic,reviewed by expert panel,combined_external,17-7676041-G-C,True,True,True,not_found,,,,exact_variant_id_not_observed_in_complete_gene_level_public_api_subset,False,cached_not_found,55
TP53,p.Arg110His,127808,Likely benign,reviewed by expert panel,combined_external,17-7676040-C-T,True,True,True,found,6.300990077310409e-05,92.0,1460088.0,,False,cached_found,55
TP53,p.Arg110Leu,406597,Pathogenic,reviewed by expert panel,combined_external,17-7676040-C-A,True,True,True,found,6.848911639451375e-07,1.0,1460086.0,,False,cached_found,55
TP53,p.Arg110Pro,233627,Pathogenic,reviewed by expert panel,combined_external,17-7676040-C-G,True,True,True,not_found,,,,exact_variant_id_not_observed_in_complete_gene_level_public_api_subset,False,cached_not_found,55
TP53,p.Arg156Pro,634768,Pathogenic/Likely pathogenic,"criteria provided, multiple submitters, no conflicts",combined_external,17-7675145-C-G,True,True,True,not_found,,,,exact_variant_id_not_observed_in_complete_gene_level_public_api_subset,False,cached_not_found,55
TP53,p.Arg158Gly,856171,Pathogenic,"criteria provided, multiple submitters, no conflicts",combined_external,17-7675140-G-C,True,True,True,found,6.840478669335365e-07,1.0,1461886.0,,False,cached_found,55
TP53,p.Arg158His,141963,Pathogenic/Likely pathogenic,"criteria provided, multiple submitters, no conflicts",combined_external,17-7675139-C-T,True,True,True,found,4.104320892224638e-06,6.0,1461874.0,,False,cached_found,55
TP53,p.Arg158Leu,528248,Pathogenic,reviewed by expert panel,combined_external,17-7675139-C-A,True,True,True,found,6.840506744739651e-07,1.0,1461880.0,,False,cached_found,55
TP53,p.Arg158Pro,246118,Pathogenic,reviewed by expert panel,combined_external,17-7675139-C-G,True,True,True,not_found,,,,exact_variant_id_not_observed_in_complete_gene_level_public_api_subset,False,cached_not_found,55
TP53,p.Arg175Gly,376649,Pathogenic,reviewed by expert panel,combined_external,17-7675089-G-C,True,True,True,found,2.0521492158737845e-06,3.0,1461882.0,,False,cached_found,55
TP53,p.Arg175His,12374,Pathogenic,reviewed by expert panel,combined_external,17-7675088-C-T,True,True,True,found,4.104365813916263e-06,6.0,1461858.0,,False,cached_found,55
TP53,p.Arg175Leu,182963,Likely pathogenic,reviewed by expert panel,combined_external,17-7675088-C-A,True,True,True,not_found,,,,exact_variant_id_not_observed_in_complete_gene_level_public_api_subset,False,cached_not_found,55
TP53,p.Arg181Cys,142624,Likely pathogenic,reviewed by expert panel,combined_external,17-7675071-G-A,True,True,True,found,1.3681050923607748e-06,2.0,1461876.0,,False,cached_found,55
TP53,p.Arg181His,142320,Pathogenic/Likely pathogenic,"criteria provided, multiple submitters, no conflicts",combined_external,17-7675070-C-T,True,True,True,found,1.504940308594851e-05,22.0,1461852.0,,False,cached_found,55
TP53,p.Arg181Pro,825729,Pathogenic/Likely pathogenic,"criteria provided, multiple submitters, no conflicts",combined_external,17-7675070-C-G,True,True,True,found,0.0,0.0,1461854.0,,False,cached_found,55
TP53,p.Arg196Pro,231165,Pathogenic/Likely pathogenic,"criteria provided, multiple submitters, no conflicts",combined_external,17-7674944-C-G,True,True,True,found,0.0,0.0,1461882.0,,False,cached_found,55
TP53,p.Arg213Gln,135359,Pathogenic/Likely pathogenic,"criteria provided, multiple submitters, no conflicts",combined_external,17-7674893-C-T,True,True,True,found,2.7362064413035835e-06,4.0,1461878.0,,False,cached_found,55
TP53,p.Arg213Pro,231214,Pathogenic/Likely pathogenic,"criteria provided, multiple submitters, no conflicts",combined_external,17-7674893-C-G,True,True,True,not_found,,,,exact_variant_id_not_observed_in_complete_gene_level_public_api_subset,False,cached_not_found,55
TP53,p.Arg248Gln,12356,Pathogenic,reviewed by expert panel,combined_external,17-7674220-C-T,True,True,True,found,6.157568061652308e-06,9.0,1461616.0,,False,cached_found,55
TP53,p.Arg248Gly,376652,Pathogenic/Likely pathogenic,"criteria provided, multiple submitters, no conflicts",combined_external,17-7674221-G-C,True,True,True,not_found,,,,exact_variant_id_not_observed_in_complete_gene_level_public_api_subset,False,cached_not_found,55
TP53,p.Arg248Leu,230253,Pathogenic,reviewed by expert panel,combined_external,17-7674220-C-A,True,True,True,not_found,,,,exact_variant_id_not_observed_in_complete_gene_level_public_api_subset,False,cached_not_found,55
TP53,p.Arg248Pro,237954,Pathogenic/Likely pathogenic,"criteria provided, multiple submitters, no conflicts",combined_external,17-7674220-C-G,True,True,True,not_found,,,,exact_variant_id_not_observed_in_complete_gene_level_public_api_subset,False,cached_not_found,55
TP53,p.Arg248Trp,12347,Pathogenic,reviewed by expert panel,combined_external,17-7674221-G-A,True,True,True,found,6.157306876069832e-06,9.0,1461678.0,,False,cached_found,55
TP53,p.Arg249Ser,12352,Pathogenic/Likely pathogenic,"criteria provided, multiple submitters, no conflicts",combined_external,17-7674216-C-A,True,True,True,not_found,,,,exact_variant_id_not_observed_in_complete_gene_level_public_api_subset,False,cached_not_found,55
TP53,p.Arg249Thr,376015,Pathogenic/Likely pathogenic,"criteria provided, multiple submitters, no conflicts",combined_external,17-7674217-C-G,True,True,True,found,6.841292949637138e-07,1.0,1461712.0,,False,cached_found,55
TP53,p.Arg267Gln,127823,Likely pathogenic,reviewed by expert panel,combined_external,17-7673820-C-T,True,True,True,found,4.106118527217407e-06,6.0,1461234.0,,False,cached_found,55
TP53,p.Arg267Gly,1761541,Pathogenic,"criteria provided, multiple submitters, no conflicts",combined_external,17-7673821-G-C,True,True,True,not_found,,,,exact_variant_id_not_observed_in_complete_gene_level_public_api_subset,False,cached_not_found,55
TP53,p.Arg267Pro,428867,Pathogenic,"criteria provided, multiple submitters, no conflicts",combined_external,17-7673820-C-G,True,True,True,not_found,,,,exact_variant_id_not_observed_in_complete_gene_level_public_api_subset,False,cached_not_found,55
TP53,p.Arg267Trp,141764,Pathogenic/Likely pathogenic,"criteria provided, multiple submitters, no conflicts",combined_external,17-7673821-G-A,True,True,True,found,2.053286901672197e-06,3.0,1461072.0,,False,cached_found,55
TP53,p.Arg273Cys,43594,Pathogenic/Likely pathogenic,"criteria provided, multiple submitters, no conflicts",combined_external,17-7673803-G-A,True,True,True,found,4.104640980735552e-06,6.0,1461760.0,,False,cached_found,55
TP53,p.Arg273Gly,634682,Pathogenic/Likely pathogenic,"criteria provided, multiple submitters, no conflicts",combined_external,17-7673803-G-C,True,True,True,found,6.841049581190945e-07,1.0,1461764.0,,False,cached_found,55
TP53,p.Arg273His,12366,Pathogenic,reviewed by expert panel,combined_external,17-7673802-C-T,True,True,True,found,1.0261532251995869e-05,15.0,1461770.0,,False,cached_found,55
TP53,p.Arg273Leu,376655,Pathogenic,"criteria provided, multiple submitters, no conflicts",combined_external,17-7673802-C-A,True,True,True,found,6.840843667567834e-07,1.0,1461808.0,,False,cached_found,55
TP53,p.Arg273Pro,231060,Pathogenic/Likely pathogenic,"criteria provided, multiple submitters, no conflicts",combined_external,17-7673802-C-G,True,True,True,found,6.576610940849961e-06,1.0,152054.0,,False,cached_found,55
TP53,p.Arg273Ser,376656,Pathogenic,"criteria provided, multiple submitters, no conflicts",combined_external,17-7673803-G-T,True,True,True,found,0.0,0.0,1461762.0,,False,cached_found,55
TP53,p.Arg280Ser,634747,Pathogenic/Likely pathogenic,"criteria provided, multiple submitters, no conflicts",combined_external,17-7673780-T-G,True,True,True,not_found,,,,exact_variant_id_not_observed_in_complete_gene_level_public_api_subset,False,cached_not_found,55
TP53,p.Arg280Thr,12368,Pathogenic/Likely pathogenic,"criteria provided, multiple submitters, no conflicts",combined_external,17-7673781-C-G,True,True,True,not_found,,,,exact_variant_id_not_observed_in_complete_gene_level_public_api_subset,False,cached_not_found,55
TP53,p.Arg282Gly,140821,Pathogenic,"criteria provided, multiple submitters, no conflicts",combined_external,17-7673776-G-C,True,True,True,not_found,,,,exact_variant_id_not_observed_in_complete_gene_level_public_api_subset,False,cached_not_found,55
TP53,p.Arg282Pro,376659,Pathogenic/Likely pathogenic,"criteria provided, multiple submitters, no conflicts",combined_external,17-7673775-C-G,True,True,True,not_found,,,,exact_variant_id_not_observed_in_complete_gene_level_public_api_subset,False,cached_not_found,55
TP53,p.Arg282Trp,12364,Pathogenic/Likely pathogenic,"criteria provided, multiple submitters, no conflicts",combined_external,17-7673776-G-A,True,True,True,found,0.0,0.0,1461868.0,,False,cached_found,55
TP53,p.Arg283Cys,127824,Likely benign,reviewed by expert panel,combined_external,17-7673773-G-A,True,True,True,found,6.84050674473965e-05,100.0,1461880.0,,False,cached_found,55
TP53,p.Arg290Cys,216472,Likely benign,reviewed by expert panel,combined_external,17-7673752-G-A,True,True,True,found,9.576643933538091e-06,14.0,1461890.0,,False,cached_found,55
TP53,p.Arg290His,127825,Benign,reviewed by expert panel,combined_external,17-7673751-C-T,True,True,True,found,0.0002243667794884,328.0,1461892.0,,False,cached_found,55
TP53,p.Arg333Cys,184745,Likely benign,reviewed by expert panel,combined_external,17-7670712-G-A,True,True,True,found,1.984452838451853e-05,29.0,1461360.0,,False,cached_found,55
TP53,p.Arg333His,142273,Benign,reviewed by expert panel,combined_external,17-7670711-C-T,True,True,True,found,3.079104240679209e-05,45.0,1461464.0,,False,cached_found,55
TP53,p.Arg335Cys,141159,Likely benign,reviewed by expert panel,combined_external,17-7670706-G-A,True,True,True,found,2.052553581911256e-06,3.0,1461594.0,,False,cached_found,55
TP53,p.Arg337Cys,142536,Pathogenic,reviewed by expert panel,combined_external,17-7670700-G-A,True,True,True,found,0.0,0.0,152118.0,,False,cached_found,55
TP53,p.Arg337Gly,237938,Likely pathogenic,reviewed by expert panel,combined_external,17-7670700-G-C,True,True,True,not_found,,,,exact_variant_id_not_observed_in_complete_gene_level_public_api_subset,False,cached_not_found,55
TP53,p.Arg337Leu,142828,Likely pathogenic,reviewed by expert panel,combined_external,17-7670699-C-A,True,True,True,not_found,,,,exact_variant_id_not_observed_in_complete_gene_level_public_api_subset,False,cached_not_found,55
TP53,p.Arg337Pro,177879,Likely pathogenic,reviewed by expert panel,combined_external,17-7670699-C-G,True,True,True,not_found,,,,exact_variant_id_not_observed_in_complete_gene_level_public_api_subset,False,cached_not_found,55
TP53,p.Arg337Ser,1019612,Likely pathogenic,reviewed by expert panel,combined_external,17-7670700-G-T,True,True,True,not_found,,,,exact_variant_id_not_observed_in_complete_gene_level_public_api_subset,False,cached_not_found,55
TP53,p.Arg342Gln,233136,Likely benign,reviewed by expert panel,combined_external,17-7670684-C-T,True,True,True,found,6.156742453886e-06,9.0,1461812.0,,False,cached_found,55
TP53,p.Arg342Pro,215996,Pathogenic,reviewed by expert panel,combined_external,17-7670684-C-G,True,True,True,not_found,,,,exact_variant_id_not_observed_in_complete_gene_level_public_api_subset,False,cached_not_found,55
TP53,p.Arg379His,246221,Likely benign,reviewed by expert panel,combined_external,17-7669655-C-T,True,True,True,found,4.788531603624508e-06,7.0,1461826.0,,False,cached_found,55
TP53,p.Arg379Leu,216463,Likely benign,reviewed by expert panel,combined_external,17-7669655-C-A,True,True,True,found,2.052227830124789e-06,3.0,1461826.0,,False,cached_found,55
TP53,p.Arg379Ser,186762,Likely benign,reviewed by expert panel,combined_external,17-7669656-G-T,True,True,True,found,5.472540161604111e-06,8.0,1461844.0,,False,cached_found,55
TP53,p.Asn131Ile,428902,Pathogenic/Likely pathogenic,"criteria provided, multiple submitters, no conflicts",combined_external,17-7675220-T-A,True,True,True,not_found,,,,exact_variant_id_not_observed_in_complete_gene_level_public_api_subset,False,cached_not_found,55
TP53,p.Asn235Ser,127821,Benign,reviewed by expert panel,combined_external,17-7674259-T-C,True,True,True,found,0.0002504005725005,366.0,1461658.0,,False,cached_found,55
TP53,p.Asn239Ser,376637,Pathogenic/Likely pathogenic,"criteria provided, multiple submitters, no conflicts",combined_external,17-7674247-T-C,True,True,True,found,6.840955982552826e-07,1.0,1461784.0,,False,cached_found,55
TP53,p.Asp186Asn,406601,Likely benign,reviewed by expert panel,combined_external,17-7675056-C-T,True,True,True,found,2.736262593648587e-06,4.0,1461848.0,,False,cached_found,55
TP53,p.Asp186Glu,230006,Likely benign,"criteria provided, multiple submitters, no conflicts",combined_external,17-7675054-A-T,True,True,True,found,8.208765319608278e-06,12.0,1461852.0,,False,cached_found,55
TP53,p.Asp281Ala,376589,Pathogenic/Likely pathogenic,"criteria provided, multiple submitters, no conflicts",combined_external,17-7673778-T-G,True,True,True,not_found,,,,exact_variant_id_not_observed_in_complete_gene_level_public_api_subset,False,cached_not_found,55
TP53,p.Asp281Asn,376586,Pathogenic/Likely pathogenic,"criteria provided, multiple submitters, no conflicts",combined_external,17-7673779-C-T,True,True,True,found,0.0,0.0,1461890.0,,False,cached_found,55
TP53,p.Asp281Glu,376587,Pathogenic/Likely pathogenic,"criteria provided, multiple submitters, no conflicts",combined_external,17-7673777-G-C,True,True,True,found,0.0,0.0,1461888.0,,False,cached_found,55
TP53,p.Asp281Gly,141141,Pathogenic,"criteria provided, multiple submitters, no conflicts",combined_external,17-7673778-T-C,True,True,True,not_found,,,,exact_variant_id_not_observed_in_complete_gene_level_public_api_subset,False,cached_not_found,55
TP53,p.Asp281His,376588,Pathogenic/Likely pathogenic,"criteria provided, multiple submitters, no conflicts",combined_external,17-7673779-C-G,True,True,True,found,6.840450594161539e-07,1.0,1461892.0,,False,cached_found,55
TP53,p.Asp281Tyr,376585,Pathogenic/Likely pathogenic,"criteria provided, multiple submitters, no conflicts",combined_external,17-7673779-C-A,True,True,True,not_found,,,,exact_variant_id_not_observed_in_complete_gene_level_public_api_subset,False,cached_not_found,55
TP53,p.Asp281Val,182968,Pathogenic/Likely pathogenic,"criteria provided, multiple submitters, no conflicts",combined_external,17-7673778-T-A,True,True,True,not_found,,,,exact_variant_id_not_observed_in_complete_gene_level_public_api_subset,False,cached_not_found,55
TP53,p.Asp48Glu,141056,Likely benign,reviewed by expert panel,combined_external,17-7676225-G-T,True,True,True,found,1.36810134894793e-06,2.0,1461880.0,,False,cached_found,55
TP53,p.Asp48Gly,2795844,Likely benign,reviewed by expert panel,combined_external,17-7676226-T-C,True,True,True,not_found,,,,exact_variant_id_not_observed_in_complete_gene_level_public_api_subset,False,cached_not_found,55
TP53,p.Asp49Asn,186363,Benign,reviewed by expert panel,combined_external,17-7676224-C-T,True,True,True,found,1.2996962815005336e-05,19.0,1461880.0,,False,cached_found,55
TP53,p.Asp49His,135948,Benign,reviewed by expert panel,combined_external,17-7676224-C-G,True,True,True,found,3.146633102580239e-05,46.0,1461880.0,,False,cached_found,55
TP53,p.Asp7Glu,140782,Likely benign,reviewed by expert panel,combined_external,17-7676574-A-T,True,True,True,found,1.3681462712541523e-06,2.0,1461832.0,,False,cached_found,55
TP53,p.Cys124Ser,182926,Likely benign,reviewed by expert panel,combined_external,17-7675999-A-T,True,True,True,found,1.3698967919756925e-06,2.0,1459964.0,,False,cached_found,55
TP53,p.Cys135Arg,376560,Pathogenic/Likely pathogenic,"criteria provided, multiple submitters, no conflicts",combined_external,17-7675209-A-G,True,True,True,not_found,,,,exact_variant_id_not_observed_in_complete_gene_level_public_api_subset,False,cached_not_found,55
TP53,p.Cys135Gly,376563,Pathogenic,reviewed by expert panel,combined_external,17-7675209-A-C,True,True,True,not_found,,,,exact_variant_id_not_observed_in_complete_gene_level_public_api_subset,False,cached_not_found,55
TP53,p.Cys135Phe,376559,Pathogenic/Likely pathogenic,"criteria provided, multiple submitters, no conflicts",combined_external,17-7675208-C-A,True,True,True,not_found,,,,exact_variant_id_not_observed_in_complete_gene_level_public_api_subset,False,cached_not_found,55
TP53,p.Cys141Trp,376564,Pathogenic,"criteria provided, multiple submitters, no conflicts",combined_external,17-7675189-G-C,True,True,True,not_found,,,,exact_variant_id_not_observed_in_complete_gene_level_public_api_subset,False,cached_not_found,55
TP53,p.Cys141Tyr,140801,Pathogenic/Likely pathogenic,"criteria provided, multiple submitters, no conflicts",combined_external,17-7675190-C-T,True,True,True,found,2.0521492158737845e-06,3.0,1461882.0,,False,cached_found,55
TP53,p.Cys176Phe,376569,Pathogenic/Likely pathogenic,"criteria provided, multiple submitters, no conflicts",combined_external,17-7675085-C-A,True,True,True,found,1.3680976055555708e-06,2.0,1461884.0,,False,cached_found,55
TP53,p.Cys176Tyr,186451,Pathogenic,"criteria provided, multiple submitters, no conflicts",combined_external,17-7675085-C-T,True,True,True,found,0.0,0.0,152236.0,,False,cached_found,55
TP53,p.Cys238Arg,376576,Pathogenic/Likely pathogenic,"criteria provided, multiple submitters, no conflicts",combined_external,17-7674251-A-G,True,True,True,not_found,,,,exact_variant_id_not_observed_in_complete_gene_level_public_api_subset,False,cached_not_found,55
TP53,p.Cys238Gly,376577,Pathogenic/Likely pathogenic,"criteria provided, multiple submitters, no conflicts",combined_external,17-7674251-A-C,True,True,True,found,0.0,0.0,1461754.0,,False,cached_found,55
TP53,p.Cys238Phe,376574,Pathogenic/Likely pathogenic,"criteria provided, multiple submitters, no conflicts",combined_external,17-7674250-C-A,True,True,True,found,6.841377196595183e-07,1.0,1461694.0,,False,cached_found,55
TP53,p.Cys238Ser,376575,Pathogenic/Likely pathogenic,"criteria provided, multiple submitters, no conflicts",combined_external,17-7674250-C-G,True,True,True,found,6.841377196595183e-07,1.0,1461694.0,,False,cached_found,55
TP53,p.Cys238Trp,161515,Pathogenic/Likely pathogenic,"criteria provided, multiple submitters, no conflicts",combined_external,17-7674249-A-C,True,True,True,found,0.0,0.0,1461764.0,,False,cached_found,55
TP53,p.Cys238Tyr,182935,Pathogenic/Likely pathogenic,"criteria provided, multiple submitters, no conflicts",combined_external,17-7674250-C-T,True,True,True,found,2.0524187755269583e-06,3.0,1461690.0,,False,cached_found,55
TP53,p.Cys242Tyr,12354,Pathogenic/Likely pathogenic,"criteria provided, multiple submitters, no conflicts",combined_external,17-7674238-C-T,True,True,True,found,6.582758439096319e-06,1.0,151912.0,,False,cached_found,55
TP53,p.Cys275Phe,376582,Pathogenic,"criteria provided, multiple submitters, no conflicts",combined_external,17-7673796-C-A,True,True,True,not_found,,,,exact_variant_id_not_observed_in_complete_gene_level_public_api_subset,False,cached_not_found,55
TP53,p.Cys275Tyr,215997,Pathogenic/Likely pathogenic,"criteria provided, multiple submitters, no conflicts",combined_external,17-7673796-C-T,True,True,True,found,1.3681481430809329e-06,2.0,1461830.0,,False,cached_found,55
TP53,p.Cys277Gly,2757236,Likely pathogenic,reviewed by expert panel,combined_external,17-7673791-A-C,True,True,True,not_found,,,,exact_variant_id_not_observed_in_complete_gene_level_public_api_subset,False,cached_not_found,55
TP53,p.Gln317Lys,231008,Benign,reviewed by expert panel,combined_external,17-7673579-G-T,True,True,True,found,8.892670934236646e-06,13.0,1461878.0,,False,cached_found,55
TP53,p.Gln354Lys,231485,Benign,reviewed by expert panel,combined_external,17-7670649-G-T,True,True,True,found,1.2313906094152126e-05,18.0,1461762.0,,False,cached_found,55
TP53,p.Glu171Lys,141566,Likely benign,reviewed by expert panel,combined_external,17-7675101-C-T,True,True,True,not_found,,,,exact_variant_id_not_observed_in_complete_gene_level_public_api_subset,False,cached_not_found,55
TP53,p.Glu180Lys,245711,Likely pathogenic,reviewed by expert panel,combined_external,17-7675074-C-T,True,True,True,not_found,,,,exact_variant_id_not_observed_in_complete_gene_level_public_api_subset,False,cached_not_found,55
TP53,p.Glu258Lys,12348,Pathogenic/Likely pathogenic,"criteria provided, multiple submitters, no conflicts",combined_external,17-7674191-C-T,True,True,True,found,0.0,0.0,1459798.0,,False,cached_found,55
TP53,p.Glu271Val,3147994,Likely pathogenic,"criteria provided, multiple submitters, no conflicts",combined_external,17-7673808-T-A,True,True,True,found,6.841311671004058e-07,1.0,1461708.0,,False,cached_found,55
TP53,p.Glu285Lys,420133,Pathogenic/Likely pathogenic,"criteria provided, multiple submitters, no conflicts",combined_external,17-7673767-C-T,True,True,True,found,6.573066203922806e-06,1.0,152136.0,,False,cached_found,55
TP53,p.Glu286Lys,183752,Pathogenic/Likely pathogenic,"criteria provided, multiple submitters, no conflicts",combined_external,17-7673764-C-T,True,True,True,not_found,,,,exact_variant_id_not_observed_in_complete_gene_level_public_api_subset,False,cached_not_found,55
TP53,p.Glu298Lys,141483,Benign,reviewed by expert panel,combined_external,17-7673728-C-T,True,True,True,found,4.104270356496923e-06,6.0,1461892.0,,False,cached_found,55
TP53,p.Glu339Gln,141893,Likely benign,reviewed by expert panel,combined_external,17-7670694-C-G,True,True,True,found,7.525010398196187e-06,11.0,1461792.0,,False,cached_found,55
TP53,p.Glu388Ala,141425,Likely benign,reviewed by expert panel,combined_external,17-7669628-T-G,True,True,True,found,8.893035931969644e-06,13.0,1461818.0,,False,cached_found,55
TP53,p.Gly105Arg,406574,Pathogenic/Likely pathogenic,"criteria provided, multiple submitters, no conflicts",combined_external,17-7676056-C-G,True,True,True,not_found,,,,exact_variant_id_not_observed_in_complete_gene_level_public_api_subset,False,cached_not_found,55
TP53,p.Gly105Ser,428884,Pathogenic/Likely pathogenic,"criteria provided, multiple submitters, no conflicts",combined_external,17-7676056-C-T,True,True,True,not_found,,,,exact_variant_id_not_observed_in_complete_gene_level_public_api_subset,False,cached_not_found,55
TP53,p.Gly108Ser,142431,Likely benign,reviewed by expert panel,combined_external,17-7676047-C-T,True,True,True,found,6.1637587422644825e-06,9.0,1460148.0,,False,cached_found,55
TP53,p.Gly244Ala,458560,Pathogenic/Likely pathogenic,"criteria provided, multiple submitters, no conflicts",combined_external,17-7674232-C-G,True,True,True,not_found,,,,exact_variant_id_not_observed_in_complete_gene_level_public_api_subset,False,cached_not_found,55
TP53,p.Gly244Asp,372785,Pathogenic/Likely pathogenic,"criteria provided, multiple submitters, no conflicts",combined_external,17-7674232-C-T,True,True,True,found,6.840787511458319e-07,1.0,1461820.0,,False,cached_found,55
TP53,p.Gly244Ser,376600,Pathogenic,"criteria provided, multiple submitters, no conflicts",combined_external,17-7674233-C-T,True,True,True,found,0.0,0.0,1461826.0,,False,cached_found,55
TP53,p.Gly245Asp,12355,Pathogenic/Likely pathogenic,"criteria provided, multiple submitters, no conflicts",combined_external,17-7674229-C-T,True,True,True,found,2.7364759935802278e-06,4.0,1461734.0,,False,cached_found,55
TP53,p.Gly245Cys,12349,Pathogenic,"criteria provided, multiple submitters, no conflicts",combined_external,17-7674230-C-A,True,True,True,not_found,,,,exact_variant_id_not_observed_in_complete_gene_level_public_api_subset,False,cached_not_found,55
TP53,p.Gly245Ser,12365,Pathogenic,reviewed by expert panel,combined_external,17-7674230-C-T,True,True,True,found,2.7363823930211302e-06,4.0,1461784.0,,False,cached_found,55
TP53,p.Gly245Val,376603,Pathogenic,"criteria provided, multiple submitters, no conflicts",combined_external,17-7674229-C-A,True,True,True,found,6.579293647034054e-06,1.0,151992.0,,False,cached_found,55
TP53,p.Gly262Ser,141228,Likely benign,reviewed by expert panel,combined_external,17-7673836-C-T,True,True,True,found,2.397920523322175e-05,35.0,1459598.0,,False,cached_found,55
TP53,p.Gly266Arg,458566,Pathogenic,"criteria provided, multiple submitters, no conflicts",combined_external,17-7673824-C-T,True,True,True,not_found,,,,exact_variant_id_not_observed_in_complete_gene_level_public_api_subset,False,cached_not_found,55
TP53,p.Gly266Glu,161516,Pathogenic/Likely pathogenic,"criteria provided, multiple submitters, no conflicts",combined_external,17-7673823-C-T,True,True,True,found,0.0,0.0,1461062.0,,False,cached_found,55
TP53,p.Gly293Trp,127826,Likely benign,reviewed by expert panel,combined_external,17-7673743-C-A,True,True,True,found,2.804584743606231e-05,41.0,1461892.0,,False,cached_found,55
TP53,p.Gly334Trp,428876,Likely pathogenic,"criteria provided, multiple submitters, no conflicts",combined_external,17-7670709-C-A,True,True,True,not_found,,,,exact_variant_id_not_observed_in_complete_gene_level_public_api_subset,False,cached_not_found,55
TP53,p.Gly356Arg,234059,Likely benign,reviewed by expert panel,combined_external,17-7670643-C-G,True,True,True,found,3.420571591195175e-06,5.0,1461744.0,,False,cached_found,55
TP53,p.Gly360Ala,142003,Benign,reviewed by expert panel,combined_external,17-7670630-C-G,True,True,True,found,0.0001320472523908,193.0,1461598.0,,False,cached_found,55
TP53,p.Gly374Arg,230269,Benign,reviewed by expert panel,combined_external,17-7669671-C-G,True,True,True,found,4.104657828882288e-06,6.0,1461754.0,,False,cached_found,55
TP53,p.His115Arg,182925,Likely benign,reviewed by expert panel,combined_external,17-7676025-T-C,True,True,True,found,3.4246059305955666e-06,5.0,1460022.0,,False,cached_found,55
TP53,p.His178Asp,482223,Pathogenic,reviewed by expert panel,combined_external,17-7675080-G-C,True,True,True,found,6.840478669335365e-07,1.0,1461886.0,,False,cached_found,55
TP53,p.His178Gln,947223,Pathogenic/Likely pathogenic,"criteria provided, multiple submitters, no conflicts",combined_external,17-7675078-G-C,True,True,True,not_found,,,,exact_variant_id_not_observed_in_complete_gene_level_public_api_subset,False,cached_not_found,55
TP53,p.His179Arg,376606,Pathogenic/Likely pathogenic,"criteria provided, multiple submitters, no conflicts",combined_external,17-7675076-T-C,True,True,True,found,0.0,0.0,1461886.0,,False,cached_found,55
TP53,p.His179Asp,376610,Pathogenic/Likely pathogenic,"criteria provided, multiple submitters, no conflicts",combined_external,17-7675077-G-C,True,True,True,not_found,,,,exact_variant_id_not_observed_in_complete_gene_level_public_api_subset,False,cached_not_found,55
TP53,p.His179Gln,406578,Pathogenic,reviewed by expert panel,combined_external,17-7675075-A-T,True,True,True,found,0.0,0.0,1461884.0,,False,cached_found,55
TP53,p.His179Tyr,127815,Pathogenic/Likely pathogenic,"criteria provided, multiple submitters, no conflicts",combined_external,17-7675077-G-A,True,True,True,found,6.840497386245948e-07,1.0,1461882.0,,False,cached_found,55
TP53,p.His193Arg,184979,Pathogenic/Likely pathogenic,"criteria provided, multiple submitters, no conflicts",combined_external,17-7674953-T-C,True,True,True,found,6.840478669335365e-07,1.0,1461886.0,,False,cached_found,55
TP53,p.His193Asn,3460301,Pathogenic/Likely pathogenic,"criteria provided, multiple submitters, no conflicts",combined_external,17-7674954-G-T,True,True,True,not_found,,,,exact_variant_id_not_observed_in_complete_gene_level_public_api_subset,False,cached_not_found,55
TP53,p.His193Pro,376612,Pathogenic,reviewed by expert panel,combined_external,17-7674953-T-G,True,True,True,found,6.571856680949502e-06,1.0,152164.0,,False,cached_found,55
TP53,p.His193Tyr,230256,Pathogenic/Likely pathogenic,"criteria provided, multiple submitters, no conflicts",combined_external,17-7674954-G-A,True,True,True,found,0.0,0.0,1461882.0,,False,cached_found,55
TP53,p.His214Arg,376615,Pathogenic,reviewed by expert panel,combined_external,17-7674890-T-C,True,True,True,found,0.0,0.0,152138.0,,False,cached_found,55
TP53,p.His214Leu,376616,Likely pathogenic,reviewed by expert panel,combined_external,17-7674890-T-A,True,True,True,not_found,,,,exact_variant_id_not_observed_in_complete_gene_level_public_api_subset,False,cached_not_found,55
TP53,p.His296Tyr,132973,Likely benign,reviewed by expert panel,combined_external,17-7673734-G-A,True,True,True,found,1.3680919905054415e-06,2.0,1461890.0,,False,cached_found,55
TP53,p.His365Tyr,80708,Likely benign,reviewed by expert panel,combined_external,17-7670616-G-A,True,True,True,found,5.477538667999535e-06,8.0,1460510.0,,False,cached_found,55
TP53,p.Ile195Thr,216077,Pathogenic,"criteria provided, multiple submitters, no conflicts",combined_external,17-7674947-A-G,True,True,True,found,1.368095733867073e-06,2.0,1461886.0,,False,cached_found,55
TP53,p.Ile232Asn,850008,Pathogenic/Likely pathogenic,"criteria provided, multiple submitters, no conflicts",combined_external,17-7674268-A-T,True,True,True,not_found,,,,exact_variant_id_not_observed_in_complete_gene_level_public_api_subset,False,cached_not_found,55
TP53,p.Ile232Thr,141224,Pathogenic/Likely pathogenic,"criteria provided, multiple submitters, no conflicts",combined_external,17-7674268-A-G,True,True,True,not_found,,,,exact_variant_id_not_observed_in_complete_gene_level_public_api_subset,False,cached_not_found,55
TP53,p.Ile251Leu,182937,Pathogenic/Likely pathogenic,"criteria provided, multiple submitters, no conflicts",combined_external,17-7674212-T-G,True,True,True,not_found,,,,exact_variant_id_not_observed_in_complete_gene_level_public_api_subset,False,cached_not_found,55
TP53,p.Ile254Asn,856299,Pathogenic,reviewed by expert panel,combined_external,17-7674202-A-T,True,True,True,found,6.845273543976091e-07,1.0,1460862.0,,False,cached_found,55
TP53,p.Ile254Thr,1759844,Pathogenic,reviewed by expert panel,combined_external,17-7674202-A-G,True,True,True,not_found,,,,exact_variant_id_not_observed_in_complete_gene_level_public_api_subset,False,cached_not_found,55
TP53,p.Ile254Val,406605,Likely benign,reviewed by expert panel,combined_external,17-7674203-T-C,True,True,True,found,6.845132973553144e-06,10.0,1460892.0,,False,cached_found,55
TP53,p.Ile50Thr,216464,Likely benign,reviewed by expert panel,combined_external,17-7676220-A-G,True,True,True,found,6.840497386245948e-07,1.0,1461882.0,,False,cached_found,55
TP53,p.Leu111Arg,376631,Pathogenic,reviewed by expert panel,combined_external,17-7676037-A-C,True,True,True,not_found,,,,exact_variant_id_not_observed_in_complete_gene_level_public_api_subset,False,cached_not_found,55
TP53,p.Leu111Gln,376632,Pathogenic,reviewed by expert panel,combined_external,17-7676037-A-T,True,True,True,not_found,,,,exact_variant_id_not_observed_in_complete_gene_level_public_api_subset,False,cached_not_found,55
TP53,p.Leu111Pro,376630,Pathogenic,reviewed by expert panel,combined_external,17-7676037-A-G,True,True,True,not_found,,,,exact_variant_id_not_observed_in_complete_gene_level_public_api_subset,False,cached_not_found,55
TP53,p.Leu111Val,1730178,Likely benign,reviewed by expert panel,combined_external,17-7676038-G-C,True,True,True,not_found,,,,exact_variant_id_not_observed_in_complete_gene_level_public_api_subset,False,cached_not_found,55
TP53,p.Leu130Pro,428873,Pathogenic,"criteria provided, multiple submitters, no conflicts",combined_external,17-7675223-A-G,True,True,True,not_found,,,,exact_variant_id_not_observed_in_complete_gene_level_public_api_subset,False,cached_not_found,55
TP53,p.Leu194Arg,376633,Pathogenic,reviewed by expert panel,combined_external,17-7674950-A-C,True,True,True,found,6.840450594161539e-07,1.0,1461892.0,,False,cached_found,55
TP53,p.Leu194Phe,127817,Pathogenic/Likely pathogenic,"criteria provided, multiple submitters, no conflicts",combined_external,17-7674951-G-A,True,True,True,not_found,,,,exact_variant_id_not_observed_in_complete_gene_level_public_api_subset,False,cached_not_found,55
TP53,p.Leu265Gln,953467,Pathogenic/Likely pathogenic,"criteria provided, multiple submitters, no conflicts",combined_external,17-7673826-A-T,True,True,True,not_found,,,,exact_variant_id_not_observed_in_complete_gene_level_public_api_subset,False,cached_not_found,55
TP53,p.Leu265Pro,245777,Pathogenic/Likely pathogenic,"criteria provided, multiple submitters, no conflicts",combined_external,17-7673826-A-G,True,True,True,found,0.0,0.0,1460918.0,,False,cached_found,55
TP53,p.Leu289Pro,1172923,Likely benign,reviewed by expert panel,combined_external,17-7673754-A-G,True,True,True,found,6.840459952527208e-07,1.0,1461890.0,,False,cached_found,55
TP53,p.Leu344Arg,2758378,Likely pathogenic,reviewed by expert panel,combined_external,17-7670678-A-C,True,True,True,not_found,,,,exact_variant_id_not_observed_in_complete_gene_level_public_api_subset,False,cached_not_found,55
TP53,p.Leu344Pro,12375,Likely pathogenic,reviewed by expert panel,combined_external,17-7670678-A-G,True,True,True,found,6.840759433749297e-07,1.0,1461826.0,,False,cached_found,55
TP53,p.Leu35Phe,142562,Likely benign,reviewed by expert panel,combined_external,17-7676264-C-G,True,True,True,found,1.026073204166678e-05,15.0,1461884.0,,False,cached_found,55
TP53,p.Lys132Arg,376625,Pathogenic/Likely pathogenic,"criteria provided, multiple submitters, no conflicts",combined_external,17-7675217-T-C,True,True,True,found,6.577562618396127e-06,1.0,152032.0,,False,cached_found,55
TP53,p.Lys132Asn,376624,Likely pathogenic,reviewed by expert panel,combined_external,17-7675216-C-G,True,True,True,not_found,,,,exact_variant_id_not_observed_in_complete_gene_level_public_api_subset,False,cached_not_found,55
TP53,p.Lys164Glu,246416,Pathogenic,reviewed by expert panel,combined_external,17-7675122-T-C,True,True,True,found,6.840478669335365e-07,1.0,1461886.0,,False,cached_found,55
TP53,p.Lys292Arg,406577,Likely benign,reviewed by expert panel,combined_external,17-7673745-T-C,True,True,True,found,6.573671132380589e-06,1.0,152122.0,,False,cached_found,55
TP53,p.Met133Thr,12357,Pathogenic,"criteria provided, multiple submitters, no conflicts",combined_external,17-7675214-A-G,True,True,True,not_found,,,,exact_variant_id_not_observed_in_complete_gene_level_public_api_subset,False,cached_not_found,55
TP53,p.Met160Ile,230758,Likely benign,reviewed by expert panel,combined_external,17-7675132-C-T,True,True,True,found,2.736191467734146e-06,4.0,1461886.0,,False,cached_found,55
TP53,p.Met237Ile,142714,Pathogenic,reviewed by expert panel,combined_external,17-7674252-C-T,True,True,True,found,6.841676758139885e-07,1.0,1461630.0,,False,cached_found,55
TP53,p.Met237Lys,376636,Pathogenic/Likely pathogenic,"criteria provided, multiple submitters, no conflicts",combined_external,17-7674253-A-T,True,True,True,not_found,,,,exact_variant_id_not_observed_in_complete_gene_level_public_api_subset,False,cached_not_found,55
TP53,p.Met246Ile,480961,Pathogenic/Likely pathogenic,"criteria provided, multiple submitters, no conflicts",combined_external,17-7674225-C-T,True,True,True,found,6.84079687074588e-07,1.0,1461818.0,,False,cached_found,55
TP53,p.Met246Lys,480764,Likely pathogenic,"criteria provided, multiple submitters, no conflicts",combined_external,17-7674226-A-T,True,True,True,not_found,,,,exact_variant_id_not_observed_in_complete_gene_level_public_api_subset,False,cached_not_found,55
TP53,p.Met246Val,100815,Pathogenic/Likely pathogenic,"criteria provided, multiple submitters, no conflicts",combined_external,17-7674227-T-C,True,True,True,found,6.840834308152222e-07,1.0,1461810.0,,False,cached_found,55
TP53,p.Met384Thr,406575,Benign,reviewed by expert panel,combined_external,17-7669640-A-G,True,True,True,found,6.840600331085056e-06,10.0,1461860.0,,False,cached_found,55
TP53,p.Met384Val,182939,Likely benign,reviewed by expert panel,combined_external,17-7669641-T-C,True,True,True,found,1.3682174042726691e-05,20.0,1461756.0,,False,cached_found,55
TP53,p.Phe109Ile,2627017,Likely pathogenic,"criteria provided, multiple submitters, no conflicts",combined_external,17-7676044-A-T,True,True,True,not_found,,,,exact_variant_id_not_observed_in_complete_gene_level_public_api_subset,False,cached_not_found,55
TP53,p.Phe113Ile,1469551,Pathogenic/Likely pathogenic,"criteria provided, multiple submitters, no conflicts",combined_external,17-7676032-A-T,True,True,True,not_found,,,,exact_variant_id_not_observed_in_complete_gene_level_public_api_subset,False,cached_not_found,55
TP53,p.Phe134Cys,230477,Likely pathogenic,"criteria provided, multiple submitters, no conflicts",combined_external,17-7675211-A-C,True,True,True,found,1.3681481430809329e-06,2.0,1461830.0,,False,cached_found,55
TP53,p.Phe270Ser,376594,Pathogenic/Likely pathogenic,"criteria provided, multiple submitters, no conflicts",combined_external,17-7673811-A-G,True,True,True,not_found,,,,exact_variant_id_not_observed_in_complete_gene_level_public_api_subset,False,cached_not_found,55
TP53,p.Pro151Ala,376641,Pathogenic,"criteria provided, multiple submitters, no conflicts",combined_external,17-7675161-G-C,True,True,True,not_found,,,,exact_variant_id_not_observed_in_complete_gene_level_public_api_subset,False,cached_not_found,55
TP53,p.Pro151Arg,376640,Pathogenic/Likely pathogenic,"criteria provided, multiple submitters, no conflicts",combined_external,17-7675160-G-C,True,True,True,not_found,,,,exact_variant_id_not_observed_in_complete_gene_level_public_api_subset,False,cached_not_found,55
TP53,p.Pro151Ser,12370,Pathogenic/Likely pathogenic,"criteria provided, multiple submitters, no conflicts",combined_external,17-7675161-G-A,True,True,True,not_found,,,,exact_variant_id_not_observed_in_complete_gene_level_public_api_subset,False,cached_not_found,55
TP53,p.Pro151Thr,12369,Pathogenic/Likely pathogenic,"criteria provided, multiple submitters, no conflicts",combined_external,17-7675161-G-T,True,True,True,found,0.0,0.0,1461882.0,,False,cached_found,55
TP53,p.Pro152Arg,824998,Pathogenic/Likely pathogenic,"criteria provided, multiple submitters, no conflicts",combined_external,17-7675157-G-C,True,True,True,not_found,,,,exact_variant_id_not_observed_in_complete_gene_level_public_api_subset,False,cached_not_found,55
TP53,p.Pro152Leu,142766,Pathogenic,reviewed by expert panel,combined_external,17-7675157-G-A,True,True,True,found,1.3681181944670563e-06,2.0,1461862.0,,False,cached_found,55
TP53,p.Pro177Arg,458547,Pathogenic/Likely pathogenic,"criteria provided, multiple submitters, no conflicts",combined_external,17-7675082-G-C,True,True,True,found,1.3680994772491897e-06,2.0,1461882.0,,False,cached_found,55
TP53,p.Pro190Leu,418517,Likely pathogenic,reviewed by expert panel,combined_external,17-7674962-G-A,True,True,True,found,6.840478669335365e-07,1.0,1461886.0,,False,cached_found,55
TP53,p.Pro191Arg,127816,Likely benign,reviewed by expert panel,combined_external,17-7674959-G-C,True,True,True,found,3.4202252970807693e-06,5.0,1461892.0,,False,cached_found,55
TP53,p.Pro250Leu,420136,Pathogenic/Likely pathogenic,"criteria provided, multiple submitters, no conflicts",combined_external,17-7674214-G-A,True,True,True,found,6.841648673130656e-07,1.0,1461636.0,,False,cached_found,55
TP53,p.Pro278Leu,232497,Pathogenic,"criteria provided, multiple submitters, no conflicts",combined_external,17-7673787-G-A,True,True,True,found,6.840506744739651e-07,1.0,1461880.0,,False,cached_found,55
TP53,p.Pro278Ser,376642,Pathogenic/Likely pathogenic,"criteria provided, multiple submitters, no conflicts",combined_external,17-7673788-G-A,True,True,True,not_found,,,,exact_variant_id_not_observed_in_complete_gene_level_public_api_subset,False,cached_not_found,55
TP53,p.Pro278Thr,376643,Pathogenic/Likely pathogenic,"criteria provided, multiple submitters, no conflicts",combined_external,17-7673788-G-T,True,True,True,not_found,,,,exact_variant_id_not_observed_in_complete_gene_level_public_api_subset,False,cached_not_found,55
TP53,p.Pro295Ser,428862,Likely benign,reviewed by expert panel,combined_external,17-7673737-G-A,True,True,True,found,6.840441235821475e-07,1.0,1461894.0,,False,cached_found,55
TP53,p.Pro316Thr,230382,Likely benign,reviewed by expert panel,combined_external,17-7673582-G-T,True,True,True,found,2.736191467734146e-06,4.0,1461886.0,,False,cached_found,55
TP53,p.Pro36Gln,141597,Benign,reviewed by expert panel,combined_external,17-7676262-G-T,True,True,True,not_found,,,,exact_variant_id_not_observed_in_complete_gene_level_public_api_subset,False,cached_not_found,55
TP53,p.Pro47Ser,43588,Benign,reviewed by expert panel,combined_external,17-7676230-G-A,True,True,True,found,0.0004829391154689,706.0,1461882.0,,False,cached_found,55
TP53,p.Pro4Leu,237941,Likely benign,reviewed by expert panel,combined_external,17-7676584-G-A,True,True,True,found,6.840974702075551e-07,1.0,1461780.0,,False,cached_found,55
TP53,p.Pro72Ala,142854,Likely benign,reviewed by expert panel,combined_external,17-7676155-G-C,True,True,True,found,6.157846122267456e-06,9.0,1461550.0,,False,cached_found,55
TP53,p.Pro72Arg,12351,Benign,reviewed by expert panel,combined_external,17-7676154-G-C,True,True,True,found,0.7163184765845761,1046941.0,1461558.0,,False,cached_found,55
TP53,p.Pro72His,185120,Benign,reviewed by expert panel,combined_external,17-7676154-G-T,True,True,True,found,9.578740669280296e-06,14.0,1461570.0,,False,cached_found,55
TP53,p.Pro82Leu,182946,Likely benign,reviewed by expert panel,combined_external,17-7676124-G-A,True,True,True,found,1.0953697352080586e-05,16.0,1460694.0,,False,cached_found,55
TP53,p.Ser106Arg,492752,Pathogenic,reviewed by expert panel,combined_external,17-7676051-G-C,True,True,True,not_found,,,,exact_variant_id_not_observed_in_complete_gene_level_public_api_subset,False,cached_not_found,55
TP53,p.Ser127Phe,182928,Pathogenic/Likely pathogenic,"criteria provided, multiple submitters, no conflicts",combined_external,17-7675232-G-A,True,True,True,not_found,,,,exact_variant_id_not_observed_in_complete_gene_level_public_api_subset,False,cached_not_found,55
TP53,p.Ser127Pro,934410,Pathogenic/Likely pathogenic,"criteria provided, multiple submitters, no conflicts",combined_external,17-7675233-A-G,True,True,True,not_found,,,,exact_variant_id_not_observed_in_complete_gene_level_public_api_subset,False,cached_not_found,55
TP53,p.Ser127Thr,824232,Likely pathogenic,reviewed by expert panel,combined_external,17-7675233-A-T,True,True,True,not_found,,,,exact_variant_id_not_observed_in_complete_gene_level_public_api_subset,False,cached_not_found,55
TP53,p.Ser127Tyr,656751,Pathogenic,reviewed by expert panel,combined_external,17-7675232-G-T,True,True,True,not_found,,,,exact_variant_id_not_observed_in_complete_gene_level_public_api_subset,False,cached_not_found,55
TP53,p.Ser185Asn,141359,Likely benign,reviewed by expert panel,combined_external,17-7675058-C-T,True,True,True,found,6.840590972335282e-06,10.0,1461862.0,,False,cached_found,55
TP53,p.Ser240Gly,584921,Pathogenic/Likely pathogenic,"criteria provided, multiple submitters, no conflicts",combined_external,17-7674245-T-C,True,True,True,not_found,,,,exact_variant_id_not_observed_in_complete_gene_level_public_api_subset,False,cached_not_found,55
TP53,p.Ser241Ala,376665,Pathogenic/Likely pathogenic,"criteria provided, multiple submitters, no conflicts",combined_external,17-7674242-A-C,True,True,True,not_found,,,,exact_variant_id_not_observed_in_complete_gene_level_public_api_subset,False,cached_not_found,55
TP53,p.Ser241Cys,177791,Pathogenic/Likely pathogenic,"criteria provided, multiple submitters, no conflicts",combined_external,17-7674241-G-C,True,True,True,found,6.840955982552826e-07,1.0,1461784.0,,False,cached_found,55
TP53,p.Ser241Phe,12359,Pathogenic/Likely pathogenic,"criteria provided, multiple submitters, no conflicts",combined_external,17-7674241-G-A,True,True,True,found,6.840974702075551e-07,1.0,1461780.0,,False,cached_found,55
TP53,p.Ser241Thr,959232,Pathogenic/Likely pathogenic,"criteria provided, multiple submitters, no conflicts",combined_external,17-7674242-A-T,True,True,True,found,1.3681462712541523e-06,2.0,1461832.0,,False,cached_found,55
TP53,p.Ser241Tyr,376663,Pathogenic/Likely pathogenic,"criteria provided, multiple submitters, no conflicts",combined_external,17-7674241-G-T,True,True,True,found,0.0,0.0,1461786.0,,False,cached_found,55
TP53,p.Ser260Tyr,231033,Likely benign,reviewed by expert panel,combined_external,17-7674184-G-T,True,True,True,found,2.058095931967581e-06,3.0,1457658.0,,False,cached_found,55
TP53,p.Ser303Gly,142332,Likely benign,reviewed by expert panel,combined_external,17-7673713-T-C,True,True,True,found,1.3680919905054415e-06,2.0,1461890.0,,False,cached_found,55
TP53,p.Ser315Thr,185212,Likely benign,reviewed by expert panel,combined_external,17-7673585-A-T,True,True,True,found,1.3680994772491897e-06,2.0,1461882.0,,False,cached_found,55
TP53,p.Ser366Ala,135360,Benign,reviewed by expert panel,combined_external,17-7670613-A-C,True,True,True,found,6.989164054866309e-05,102.0,1459402.0,,False,cached_found,55
TP53,p.Thr118Ile,419837,Likely benign,reviewed by expert panel,combined_external,17-7676016-G-A,True,True,True,found,6.569870573549701e-06,1.0,152210.0,,False,cached_found,55
TP53,p.Thr125Arg,376667,Pathogenic/Likely pathogenic,"criteria provided, multiple submitters, no conflicts",combined_external,17-7675995-G-C,True,True,True,not_found,,,,exact_variant_id_not_observed_in_complete_gene_level_public_api_subset,False,cached_not_found,55
TP53,p.Thr125Lys,216465,Pathogenic,"criteria provided, multiple submitters, no conflicts",combined_external,17-7675995-G-T,True,True,True,not_found,,,,exact_variant_id_not_observed_in_complete_gene_level_public_api_subset,False,cached_not_found,55
TP53,p.Thr155Asn,406564,Pathogenic/Likely pathogenic,"criteria provided, multiple submitters, no conflicts",combined_external,17-7675148-G-T,True,True,True,found,0.0,0.0,1461882.0,,False,cached_found,55
TP53,p.Thr170Met,184014,Likely benign,reviewed by expert panel,combined_external,17-7675103-G-A,True,True,True,found,1.4364985552928816e-05,21.0,1461888.0,,False,cached_found,55
TP53,p.Thr253Ala,827132,Pathogenic/Likely pathogenic,"criteria provided, multiple submitters, no conflicts",combined_external,17-7674206-T-C,True,True,True,not_found,,,,exact_variant_id_not_observed_in_complete_gene_level_public_api_subset,False,cached_not_found,55
TP53,p.Thr284Ile,216471,Likely benign,reviewed by expert panel,combined_external,17-7673769-G-A,True,True,True,found,1.3148898122337348e-05,2.0,152104.0,,False,cached_found,55
TP53,p.Thr312Ser,141102,Benign,reviewed by expert panel,combined_external,17-7673593-G-C,True,True,True,found,4.651500040358603e-05,68.0,1461894.0,,False,cached_found,55
TP53,p.Tyr107His,140786,Benign,reviewed by expert panel,combined_external,17-7676050-A-G,True,True,True,found,3.355718486721627e-05,49.0,1460194.0,,False,cached_found,55
TP53,p.Tyr163Cys,127814,Pathogenic,reviewed by expert panel,combined_external,17-7675124-T-C,True,True,True,found,0.0,0.0,1461880.0,,False,cached_found,55
TP53,p.Tyr163His,376680,Pathogenic,reviewed by expert panel,combined_external,17-7675125-A-G,True,True,True,not_found,,,,exact_variant_id_not_observed_in_complete_gene_level_public_api_subset,False,cached_not_found,55
TP53,p.Tyr205Asp,376686,Pathogenic/Likely pathogenic,"criteria provided, multiple submitters, no conflicts",combined_external,17-7674918-A-C,True,True,True,found,0.0,0.0,1461890.0,,False,cached_found,55
TP53,p.Tyr205Cys,376681,Pathogenic,"criteria provided, multiple submitters, no conflicts",combined_external,17-7674917-T-C,True,True,True,not_found,,,,exact_variant_id_not_observed_in_complete_gene_level_public_api_subset,False,cached_not_found,55
TP53,p.Tyr205His,376685,Pathogenic/Likely pathogenic,"criteria provided, multiple submitters, no conflicts",combined_external,17-7674918-A-G,True,True,True,found,0.0,0.0,1461892.0,,False,cached_found,55
TP53,p.Tyr220Cys,127819,Pathogenic,reviewed by expert panel,combined_external,17-7674872-T-C,True,True,True,found,4.788577464133555e-06,7.0,1461812.0,,False,cached_found,55
TP53,p.Tyr220His,376687,Pathogenic/Likely pathogenic,"criteria provided, multiple submitters, no conflicts",combined_external,17-7674873-A-G,True,True,True,found,6.840684560985387e-07,1.0,1461842.0,,False,cached_found,55
TP53,p.Tyr220Ser,12383,Pathogenic,"criteria provided, multiple submitters, no conflicts",combined_external,17-7674872-T-G,True,True,True,not_found,,,,exact_variant_id_not_observed_in_complete_gene_level_public_api_subset,False,cached_not_found,55
TP53,p.Tyr234Asn,376692,Pathogenic/Likely pathogenic,"criteria provided, multiple submitters, no conflicts",combined_external,17-7674263-A-T,True,True,True,not_found,,,,exact_variant_id_not_observed_in_complete_gene_level_public_api_subset,False,cached_not_found,55
TP53,p.Tyr234Asp,219759,Pathogenic/Likely pathogenic,"criteria provided, multiple submitters, no conflicts",combined_external,17-7674263-A-C,True,True,True,not_found,,,,exact_variant_id_not_observed_in_complete_gene_level_public_api_subset,False,cached_not_found,55
TP53,p.Tyr234Cys,127820,Pathogenic/Likely pathogenic,"criteria provided, multiple submitters, no conflicts",combined_external,17-7674262-T-C,True,True,True,found,0.0,0.0,1461586.0,,False,cached_found,55
TP53,p.Tyr234His,376691,Pathogenic/Likely pathogenic,"criteria provided, multiple submitters, no conflicts",combined_external,17-7674263-A-G,True,True,True,not_found,,,,exact_variant_id_not_observed_in_complete_gene_level_public_api_subset,False,cached_not_found,55
TP53,p.Tyr236Cys,376693,Pathogenic/Likely pathogenic,"criteria provided, multiple submitters, no conflicts",combined_external,17-7674256-T-C,True,True,True,found,6.84149889030888e-07,1.0,1461668.0,,False,cached_found,55
TP53,p.Tyr236His,216469,Pathogenic/Likely pathogenic,"criteria provided, multiple submitters, no conflicts",combined_external,17-7674257-A-G,True,True,True,not_found,,,,exact_variant_id_not_observed_in_complete_gene_level_public_api_subset,False,cached_not_found,55
TP53,p.Val10Ile,127806,Benign,reviewed by expert panel,combined_external,17-7676567-C-T,True,True,True,found,1.9838148074673527e-05,29.0,1461830.0,,False,cached_found,55
TP53,p.Val10Leu,231387,Likely benign,reviewed by expert panel,combined_external,17-7676567-C-G,True,True,True,not_found,,,,exact_variant_id_not_observed_in_complete_gene_level_public_api_subset,False,cached_not_found,55
TP53,p.Val122Met,141101,Likely benign,reviewed by expert panel,combined_external,17-7676005-C-T,True,True,True,found,1.3698967919756925e-06,2.0,1459964.0,,False,cached_found,55
TP53,p.Val143Ala,804214,Pathogenic,reviewed by expert panel,combined_external,17-7675184-A-G,True,True,True,not_found,,,,exact_variant_id_not_observed_in_complete_gene_level_public_api_subset,False,cached_not_found,55
TP53,p.Val143Met,142657,Pathogenic/Likely pathogenic,"criteria provided, multiple submitters, no conflicts",combined_external,17-7675185-C-T,True,True,True,found,2.0521632536911577e-06,3.0,1461872.0,,False,cached_found,55
TP53,p.Val147Gly,3602769,Pathogenic/Likely pathogenic,"criteria provided, multiple submitters, no conflicts",combined_external,17-7675172-A-C,True,True,True,not_found,,,,exact_variant_id_not_observed_in_complete_gene_level_public_api_subset,False,cached_not_found,55
TP53,p.Val157Gly,915695,Pathogenic/Likely pathogenic,"criteria provided, multiple submitters, no conflicts",combined_external,17-7675142-A-C,True,True,True,not_found,,,,exact_variant_id_not_observed_in_complete_gene_level_public_api_subset,False,cached_not_found,55
TP53,p.Val157Ile,185404,Likely benign,reviewed by expert panel,combined_external,17-7675143-C-T,True,True,True,found,1.5049073661111278e-05,22.0,1461884.0,,False,cached_found,55
TP53,p.Val157Phe,12353,Pathogenic/Likely pathogenic,"criteria provided, multiple submitters, no conflicts",combined_external,17-7675143-C-A,True,True,True,found,0.0,0.0,1461880.0,,False,cached_found,55
TP53,p.Val173Ala,376017,Pathogenic/Likely pathogenic,"criteria provided, multiple submitters, no conflicts",combined_external,17-7675094-A-G,True,True,True,not_found,,,,exact_variant_id_not_observed_in_complete_gene_level_public_api_subset,False,cached_not_found,55
TP53,p.Val173Leu,376668,Pathogenic/Likely pathogenic,"criteria provided, multiple submitters, no conflicts",combined_external,17-7675095-C-A,True,True,True,found,6.840459952527208e-07,1.0,1461890.0,,False,cached_found,55
TP53,p.Val173Met,233951,Pathogenic,reviewed by expert panel,combined_external,17-7675095-C-T,True,True,True,found,1.3680976055555708e-06,2.0,1461884.0,,False,cached_found,55
TP53,p.Val197Met,188060,Likely pathogenic,reviewed by expert panel,combined_external,17-7674942-C-T,True,True,True,found,0.0,0.0,1461890.0,,False,cached_found,55
TP53,p.Val216Met,182965,Pathogenic/Likely pathogenic,"criteria provided, multiple submitters, no conflicts",combined_external,17-7674885-C-T,True,True,True,found,6.840525461803874e-07,1.0,1461876.0,,False,cached_found,55
TP53,p.Val218Glu,1754112,Likely pathogenic,"criteria provided, multiple submitters, no conflicts",combined_external,17-7674878-A-T,True,True,True,not_found,,,,exact_variant_id_not_observed_in_complete_gene_level_public_api_subset,False,cached_not_found,55
TP53,p.Val272Leu,12358,Pathogenic/Likely pathogenic,"criteria provided, multiple submitters, no conflicts",combined_external,17-7673806-C-A,True,True,True,not_found,,,,exact_variant_id_not_observed_in_complete_gene_level_public_api_subset,False,cached_not_found,55
TP53,p.Val272Met,185814,Pathogenic,reviewed by expert panel,combined_external,17-7673806-C-T,True,True,True,found,1.368219276294096e-06,2.0,1461754.0,,False,cached_found,55
TP53,p.Val73Met,142386,Benign,reviewed by expert panel,combined_external,17-7676152-C-T,True,True,True,found,2.6009084014816965e-05,38.0,1461028.0,,False,cached_found,55
F9,p.Arg43Trp,811505,Pathogenic,"criteria provided, multiple submitters, no conflicts",combined_external,X-139537048-C-T,True,False,True,found,9.138904958130108e-07,1.0,1094223.0,,False,cached_found,35
F9,p.Asn392Asp,810869,Pathogenic/Likely pathogenic,"criteria provided, multiple submitters, no conflicts",combined_external,X-139561859-A-G,True,False,True,found,3.642456472645152e-06,4.0,1098160.0,,False,cached_found,35
F9,p.Cys64Arg,811523,Likely pathogenic,"criteria provided, multiple submitters, no conflicts",combined_external,X-139537111-T-C,True,False,True,not_found,,,,exact_variant_id_not_observed_in_complete_gene_level_public_api_subset,False,cached_not_found,35
F9,p.Gly139Asp,810876,Pathogenic/Likely pathogenic,"criteria provided, multiple submitters, no conflicts",combined_external,X-139548387-G-A,True,False,True,not_found,,,,exact_variant_id_not_observed_in_complete_gene_level_public_api_subset,False,cached_not_found,35
GCK,p.Ala378Asp,2664370,Pathogenic,reviewed by expert panel,combined_external,7-44145617-G-T,True,False,True,not_found,,,,exact_variant_id_not_observed_in_complete_gene_level_public_api_subset,False,cached_not_found,35
GCK,p.Ala379Glu,36177,Likely pathogenic,reviewed by expert panel,combined_external,7-44145614-G-T,True,False,True,found,0.0,0.0,1454700.0,,False,cached_found,35
GCK,p.Arg36Trp,431973,Pathogenic,reviewed by expert panel,combined_external,7-44153403-G-A,True,False,True,found,4.104399505830299e-06,6.0,1461846.0,,False,cached_found,35
GCK,p.Arg397His,995102,Likely pathogenic,reviewed by expert panel,combined_external,7-44145560-C-T,True,False,True,found,6.873088422282552e-07,1.0,1454950.0,,False,cached_found,35
GCK,p.Asp160His,1743101,Pathogenic,reviewed by expert panel,combined_external,7-44150961-C-G,True,False,True,not_found,,,,exact_variant_id_not_observed_in_complete_gene_level_public_api_subset,False,cached_not_found,35
GCK,p.Asp187Tyr,3238986,Likely pathogenic,reviewed by expert panel,combined_external,7-44149989-C-A,True,False,True,not_found,,,,exact_variant_id_not_observed_in_complete_gene_level_public_api_subset,False,cached_not_found,35
GCK,p.Asp274Asn,3383924,Likely pathogenic,reviewed by expert panel,combined_external,7-44147693-C-T,True,False,True,not_found,,,,exact_variant_id_not_observed_in_complete_gene_level_public_api_subset,False,cached_not_found,35
GCK,p.Asp274Tyr,3383926,Likely pathogenic,reviewed by expert panel,combined_external,7-44147693-C-A,True,False,True,not_found,,,,exact_variant_id_not_observed_in_complete_gene_level_public_api_subset,False,cached_not_found,35
GCK,p.Asp363Asn,418228,Likely pathogenic,reviewed by expert panel,combined_external,7-44145663-C-T,True,False,True,not_found,,,,exact_variant_id_not_observed_in_complete_gene_level_public_api_subset,False,cached_not_found,35
GCK,p.Cys220Tyr,36240,Likely pathogenic,"criteria provided, multiple submitters, no conflicts",combined_external,7-44149780-C-T,True,False,True,not_found,,,,exact_variant_id_not_observed_in_complete_gene_level_public_api_subset,False,cached_not_found,35
GCK,p.Cys371Phe,129140,Pathogenic,reviewed by expert panel,combined_external,7-44145638-C-A,True,False,True,not_found,,,,exact_variant_id_not_observed_in_complete_gene_level_public_api_subset,False,cached_not_found,35
GCK,p.Cys371Tyr,2578347,Likely pathogenic,reviewed by expert panel,combined_external,7-44145638-C-T,True,False,True,not_found,,,,exact_variant_id_not_observed_in_complete_gene_level_public_api_subset,False,cached_not_found,35
GCK,p.Gly388Asp,995101,Pathogenic,reviewed by expert panel,combined_external,7-44145587-C-T,True,False,True,not_found,,,,exact_variant_id_not_observed_in_complete_gene_level_public_api_subset,False,cached_not_found,35
GCK,p.Gly410Asp,447386,Pathogenic,reviewed by expert panel,combined_external,7-44145521-C-T,True,False,True,found,0.0,0.0,1456610.0,,False,cached_found,35
GCK,p.Gly44Asp,36196,Likely pathogenic,"criteria provided, multiple submitters, no conflicts",combined_external,7-44153378-C-T,True,False,True,found,6.840553537592262e-07,1.0,1461870.0,,False,cached_found,35
GCK,p.Met210Ile,36236,Pathogenic,reviewed by expert panel,combined_external,7-44149809-C-A,True,False,True,not_found,,,,exact_variant_id_not_observed_in_complete_gene_level_public_api_subset,False,cached_not_found,35
GCK,p.Met224Thr,1464253,Pathogenic,reviewed by expert panel,combined_external,7-44149768-A-G,True,False,True,not_found,,,,exact_variant_id_not_observed_in_complete_gene_level_public_api_subset,False,cached_not_found,35
GCK,p.Met235Thr,36248,Pathogenic,reviewed by expert panel,combined_external,7-44147809-A-G,True,False,True,found,6.843474678459342e-07,1.0,1461246.0,,False,cached_found,35
GCK,p.Met381Lys,447383,Likely pathogenic,reviewed by expert panel,combined_external,7-44145608-A-T,True,False,True,not_found,,,,exact_variant_id_not_observed_in_complete_gene_level_public_api_subset,False,cached_not_found,35
GCK,p.Met57Lys,2684202,Likely pathogenic,reviewed by expert panel,combined_external,7-44153339-A-T,True,False,True,found,6.840665843050499e-07,1.0,1461846.0,,False,cached_found,35
GCK,p.Thr437Ile,585914,Likely pathogenic,reviewed by expert panel,combined_external,7-44145224-G-A,True,False,True,found,3.4241462576135893e-06,5.0,1460218.0,,False,cached_found,35
GCK,p.Val389Asp,3250353,Likely pathogenic,reviewed by expert panel,combined_external,7-44145584-A-T,True,False,True,not_found,,,,exact_variant_id_not_observed_in_complete_gene_level_public_api_subset,False,cached_not_found,35
GCK,p.Val412Met,3233994,Pathogenic,reviewed by expert panel,combined_external,7-44145516-C-T,True,False,True,found,0.0,0.0,1455948.0,,False,cached_found,35
KRAS,p.Ala146Pro,375963,Pathogenic/Likely pathogenic,"criteria provided, multiple submitters, no conflicts",combined_external,12-25225628-C-G,True,False,True,found,6.845348517229057e-07,1.0,1460846.0,,False,cached_found,35
KRAS,p.Ala146Val,375962,Pathogenic/Likely pathogenic,"criteria provided, multiple submitters, no conflicts",combined_external,12-25225627-G-A,True,False,True,found,2.7382031363378724e-06,4.0,1460812.0,,False,cached_found,35
KRAS,p.Ala59Ser,222075,Pathogenic/Likely pathogenic,"criteria provided, multiple submitters, no conflicts",combined_external,12-25227349-C-A,True,False,True,not_found,,,,exact_variant_id_not_observed_in_complete_gene_level_public_api_subset,False,cached_not_found,35
KRAS,p.Asp153Gly,40465,Pathogenic/Likely pathogenic,"criteria provided, multiple submitters, no conflicts",combined_external,12-25209904-T-C,True,False,True,found,6.867546994624084e-07,1.0,1456124.0,,False,cached_found,35
KRAS,p.Asp153Val,12587,Pathogenic,reviewed by expert panel,combined_external,12-25209904-T-A,True,False,True,not_found,,,,exact_variant_id_not_observed_in_complete_gene_level_public_api_subset,False,cached_not_found,35
KRAS,p.Gln22Arg,40452,Pathogenic,reviewed by expert panel,combined_external,12-25245320-T-C,True,False,True,not_found,,,,exact_variant_id_not_observed_in_complete_gene_level_public_api_subset,False,cached_not_found,35
KRAS,p.Gln22Lys,376325,Pathogenic/Likely pathogenic,"criteria provided, multiple submitters, no conflicts",combined_external,12-25245321-G-T,True,False,True,found,0.0,0.0,1460514.0,,False,cached_found,35
KRAS,p.Gly12Ala,45122,Pathogenic/Likely pathogenic,"criteria provided, multiple submitters, no conflicts",combined_external,12-25245350-C-G,True,False,True,found,1.369332163010778e-06,2.0,1460566.0,,False,cached_found,35
KRAS,p.Gly12Arg,12579,Pathogenic/Likely pathogenic,"criteria provided, multiple submitters, no conflicts",combined_external,12-25245351-C-G,True,False,True,not_found,,,,exact_variant_id_not_observed_in_complete_gene_level_public_api_subset,False,cached_not_found,35
KRAS,p.Gly12Asp,12582,Pathogenic/Likely pathogenic,"criteria provided, multiple submitters, no conflicts",combined_external,12-25245350-C-T,True,False,True,found,2.738671826324388e-06,4.0,1460562.0,,False,cached_found,35
KRAS,p.Gly12Ser,12584,Pathogenic,"criteria provided, multiple submitters, no conflicts",combined_external,12-25245351-C-T,True,False,True,found,3.4233116569239218e-06,5.0,1460574.0,,False,cached_found,35
KRAS,p.Gly12Val,12583,Pathogenic,"criteria provided, multiple submitters, no conflicts",combined_external,12-25245350-C-A,True,False,True,found,6.84666081505389e-07,1.0,1460566.0,,False,cached_found,35
KRAS,p.Gly13Asp,12580,Pathogenic,"criteria provided, multiple submitters, no conflicts",combined_external,12-25245347-C-T,True,False,True,found,1.3692759132043384e-06,2.0,1460626.0,,False,cached_found,35
KRAS,p.Gly13Cys,45123,Pathogenic/Likely pathogenic,"criteria provided, multiple submitters, no conflicts",combined_external,12-25245348-C-A,True,False,True,not_found,,,,exact_variant_id_not_observed_in_complete_gene_level_public_api_subset,False,cached_not_found,35
KRAS,p.Gly60Arg,12586,Pathogenic,reviewed by expert panel,combined_external,12-25227346-C-G,True,False,True,not_found,,,,exact_variant_id_not_observed_in_complete_gene_level_public_api_subset,False,cached_not_found,35
KRAS,p.Gly60Ser,12597,Pathogenic,"criteria provided, multiple submitters, no conflicts",combined_external,12-25227346-C-T,True,False,True,not_found,,,,exact_variant_id_not_observed_in_complete_gene_level_public_api_subset,False,cached_not_found,35
KRAS,p.Gly60Val,163766,Pathogenic/Likely pathogenic,"criteria provided, multiple submitters, no conflicts",combined_external,12-25227345-C-A,True,False,True,found,2.0522306378880083e-06,3.0,1461824.0,,False,cached_found,35
KRAS,p.Ile36Met,163768,Pathogenic/Likely pathogenic,"criteria provided, multiple submitters, no conflicts",combined_external,12-25245277-T-C,True,False,True,not_found,,,,exact_variant_id_not_observed_in_complete_gene_level_public_api_subset,False,cached_not_found,35
KRAS,p.Lys147Glu,31941,Pathogenic/Likely pathogenic,"criteria provided, multiple submitters, no conflicts",combined_external,12-25225625-T-C,True,False,True,not_found,,,,exact_variant_id_not_observed_in_complete_gene_level_public_api_subset,False,cached_not_found,35
KRAS,p.Lys5Asn,12594,Pathogenic,reviewed by expert panel,combined_external,12-25245370-T-A,True,False,True,not_found,,,,exact_variant_id_not_observed_in_complete_gene_level_public_api_subset,False,cached_not_found,35
KRAS,p.Lys5Glu,12596,Pathogenic/Likely pathogenic,"criteria provided, multiple submitters, no conflicts",combined_external,12-25245372-T-C,True,False,True,found,6.851098231046437e-07,1.0,1459620.0,,False,cached_found,35
KRAS,p.Phe156Ile,163758,Pathogenic,"criteria provided, multiple submitters, no conflicts",combined_external,12-25209896-A-T,True,False,True,not_found,,,,exact_variant_id_not_observed_in_complete_gene_level_public_api_subset,False,cached_not_found,35
KRAS,p.Phe156Val,45127,Pathogenic/Likely pathogenic,"criteria provided, multiple submitters, no conflicts",combined_external,12-25209896-A-C,True,False,True,not_found,,,,exact_variant_id_not_observed_in_complete_gene_level_public_api_subset,False,cached_not_found,35
KRAS,p.Pro34Arg,12590,Pathogenic/Likely pathogenic,"criteria provided, multiple submitters, no conflicts",combined_external,12-25245284-G-C,True,False,True,not_found,,,,exact_variant_id_not_observed_in_complete_gene_level_public_api_subset,False,cached_not_found,35
KRAS,p.Pro34Leu,40454,Pathogenic,reviewed by expert panel,combined_external,12-25245284-G-A,True,False,True,not_found,,,,exact_variant_id_not_observed_in_complete_gene_level_public_api_subset,False,cached_not_found,35
KRAS,p.Thr58Ile,12588,Pathogenic,reviewed by expert panel,combined_external,12-25227351-G-A,True,False,True,found,6.84109638147048e-07,1.0,1461754.0,,False,cached_found,35
KRAS,p.Val14Ile,12589,Pathogenic,reviewed by expert panel,combined_external,12-25245345-C-T,True,False,True,found,1.3693621647972591e-06,2.0,1460534.0,,False,cached_found,35
MSH2,p.Arg106Lys,91062,Benign,reviewed by expert panel,combined_external,2-47408506-G-A,True,False,True,found,0.0001986510905944,290.0,1459846.0,,False,cached_found,35
MSH2,p.Cys693Tyr,393457,Likely pathogenic,"criteria provided, multiple submitters, no conflicts",combined_external,2-47476439-G-A,True,False,True,not_found,,,,exact_variant_id_not_observed_in_complete_gene_level_public_api_subset,False,cached_not_found,35
MSH2,p.Gln419Lys,90583,Likely benign,reviewed by expert panel,combined_external,2-47429920-C-A,True,False,True,found,0.0001977122841583,289.0,1461720.0,,False,cached_found,35
MSH2,p.Gly164Trp,91110,Pathogenic/Likely pathogenic,"criteria provided, multiple submitters, no conflicts",combined_external,2-47410217-G-T,True,False,True,not_found,,,,exact_variant_id_not_observed_in_complete_gene_level_public_api_subset,False,cached_not_found,35
MSH2,p.Gly692Trp,428464,Pathogenic/Likely pathogenic,"criteria provided, multiple submitters, no conflicts",combined_external,2-47476435-G-T,True,False,True,not_found,,,,exact_variant_id_not_observed_in_complete_gene_level_public_api_subset,False,cached_not_found,35
MSH2,p.Met726Ile,408484,Likely benign,"criteria provided, multiple submitters, no conflicts",combined_external,2-47476539-G-A,True,False,True,not_found,,,,exact_variant_id_not_observed_in_complete_gene_level_public_api_subset,False,cached_not_found,35
PTEN,p.Ala126Asp,2674280,Likely pathogenic,"criteria provided, multiple submitters, no conflicts",combined_external,10-87933136-C-A,True,False,True,not_found,,,,exact_variant_id_not_observed_in_complete_gene_level_public_api_subset,False,cached_not_found,35
PTEN,p.Ala126Pro,1067089,Pathogenic,"criteria provided, multiple submitters, no conflicts",combined_external,10-87933135-G-C,True,False,True,not_found,,,,exact_variant_id_not_observed_in_complete_gene_level_public_api_subset,False,cached_not_found,35
PTEN,p.Ala126Val,428234,Pathogenic/Likely pathogenic,"criteria provided, multiple submitters, no conflicts",combined_external,10-87933136-C-T,True,False,True,not_found,,,,exact_variant_id_not_observed_in_complete_gene_level_public_api_subset,False,cached_not_found,35
PTEN,p.Ala34Pro,822002,Pathogenic,reviewed by expert panel,combined_external,10-87894045-G-C,True,False,True,not_found,,,,exact_variant_id_not_observed_in_complete_gene_level_public_api_subset,False,cached_not_found,35
PTEN,p.Asn48Lys,231771,Pathogenic/Likely pathogenic,"criteria provided, multiple submitters, no conflicts",combined_external,10-87894089-C-G,True,False,True,not_found,,,,exact_variant_id_not_observed_in_complete_gene_level_public_api_subset,False,cached_not_found,35
PTEN,p.Asn48Ser,1379224,Pathogenic,"criteria provided, multiple submitters, no conflicts",combined_external,10-87894088-A-G,True,False,True,not_found,,,,exact_variant_id_not_observed_in_complete_gene_level_public_api_subset,False,cached_not_found,35
PTEN,p.Asp162Glu,224544,Likely pathogenic,"criteria provided, multiple submitters, no conflicts",combined_external,10-87933245-C-G,True,False,True,not_found,,,,exact_variant_id_not_observed_in_complete_gene_level_public_api_subset,False,cached_not_found,35
PTEN,p.Asp24His,186005,Pathogenic,reviewed by expert panel,combined_external,10-87864539-G-C,True,False,True,found,6.841414640353673e-07,1.0,1461686.0,,False,cached_found,35
PTEN,p.Cys105Tyr,142261,Pathogenic,reviewed by expert panel,combined_external,10-87933073-G-A,True,False,True,not_found,,,,exact_variant_id_not_observed_in_complete_gene_level_public_api_subset,False,cached_not_found,35
PTEN,p.Cys136Phe,1737618,Pathogenic/Likely pathogenic,"criteria provided, multiple submitters, no conflicts",combined_external,10-87933166-G-T,True,False,True,not_found,,,,exact_variant_id_not_observed_in_complete_gene_level_public_api_subset,False,cached_not_found,35
PTEN,p.Cys136Tyr,189406,Pathogenic,reviewed by expert panel,combined_external,10-87933166-G-A,True,False,True,not_found,,,,exact_variant_id_not_observed_in_complete_gene_level_public_api_subset,False,cached_not_found,35
PTEN,p.Cys211Trp,279878,Pathogenic,reviewed by expert panel,combined_external,10-87952258-C-G,True,False,True,not_found,,,,exact_variant_id_not_observed_in_complete_gene_level_public_api_subset,False,cached_not_found,35
PTEN,p.Cys71Tyr,936561,Pathogenic,reviewed by expert panel,combined_external,10-87931048-G-A,True,False,True,not_found,,,,exact_variant_id_not_observed_in_complete_gene_level_public_api_subset,False,cached_not_found,35
PTEN,p.Gly132Asp,92822,Pathogenic,reviewed by expert panel,combined_external,10-87933154-G-A,True,False,True,not_found,,,,exact_variant_id_not_observed_in_complete_gene_level_public_api_subset,False,cached_not_found,35
PTEN,p.Gly132Ser,856796,Pathogenic/Likely pathogenic,"criteria provided, multiple submitters, no conflicts",combined_external,10-87933153-G-A,True,False,True,not_found,,,,exact_variant_id_not_observed_in_complete_gene_level_public_api_subset,False,cached_not_found,35
PTEN,p.Gly132Val,7852,Pathogenic/Likely pathogenic,"criteria provided, multiple submitters, no conflicts",combined_external,10-87933154-G-T,True,False,True,not_found,,,,exact_variant_id_not_observed_in_complete_gene_level_public_api_subset,False,cached_not_found,35
PTEN,p.Gly36Glu,486972,Pathogenic,reviewed by expert panel,combined_external,10-87894052-G-A,True,False,True,not_found,,,,exact_variant_id_not_observed_in_complete_gene_level_public_api_subset,False,cached_not_found,35
PTEN,p.His123Asp,428277,Pathogenic,reviewed by expert panel,combined_external,10-87933126-C-G,True,False,True,not_found,,,,exact_variant_id_not_observed_in_complete_gene_level_public_api_subset,False,cached_not_found,35
PTEN,p.His123Gln,427587,Pathogenic/Likely pathogenic,"criteria provided, multiple submitters, no conflicts",combined_external,10-87933128-C-G,True,False,True,not_found,,,,exact_variant_id_not_observed_in_complete_gene_level_public_api_subset,False,cached_not_found,35
PTEN,p.His123Tyr,189486,Pathogenic/Likely pathogenic,"criteria provided, multiple submitters, no conflicts",combined_external,10-87933126-C-T,True,False,True,not_found,,,,exact_variant_id_not_observed_in_complete_gene_level_public_api_subset,False,cached_not_found,35
PTEN,p.His93Tyr,646993,Pathogenic/Likely pathogenic,"criteria provided, multiple submitters, no conflicts",combined_external,10-87933036-C-T,True,False,True,not_found,,,,exact_variant_id_not_observed_in_complete_gene_level_public_api_subset,False,cached_not_found,35
PTEN,p.Ile101Asn,648578,Pathogenic/Likely pathogenic,"criteria provided, multiple submitters, no conflicts",combined_external,10-87933061-T-A,True,False,True,not_found,,,,exact_variant_id_not_observed_in_complete_gene_level_public_api_subset,False,cached_not_found,35
PTEN,p.Ile101Thr,822660,Pathogenic/Likely pathogenic,"criteria provided, multiple submitters, no conflicts",combined_external,10-87933061-T-C,True,False,True,found,6.843090668214118e-07,1.0,1461328.0,,False,cached_found,35
PTEN,p.Ile135Val,142287,Pathogenic/Likely pathogenic,"criteria provided, multiple submitters, no conflicts",combined_external,10-87933162-A-G,True,False,True,not_found,,,,exact_variant_id_not_observed_in_complete_gene_level_public_api_subset,False,cached_not_found,35
PTEN,p.Ile253Asn,480942,Pathogenic/Likely pathogenic,"criteria provided, multiple submitters, no conflicts",combined_external,10-87957976-T-A,True,False,True,not_found,,,,exact_variant_id_not_observed_in_complete_gene_level_public_api_subset,False,cached_not_found,35
PTEN,p.Ile5Thr,3254879,Likely pathogenic,"criteria provided, multiple submitters, no conflicts",combined_external,10-87864483-T-C,True,False,True,not_found,,,,exact_variant_id_not_observed_in_complete_gene_level_public_api_subset,False,cached_not_found,35
PTEN,p.Leu152Pro,536551,Likely pathogenic,"criteria provided, multiple submitters, no conflicts",combined_external,10-87933214-T-C,True,False,True,not_found,,,,exact_variant_id_not_observed_in_complete_gene_level_public_api_subset,False,cached_not_found,35
PTEN,p.Leu25Phe,1068214,Pathogenic,"criteria provided, multiple submitters, no conflicts",combined_external,10-87864544-G-C,True,False,True,not_found,,,,exact_variant_id_not_observed_in_complete_gene_level_public_api_subset,False,cached_not_found,35
PTEN,p.Leu70Pro,7826,Likely pathogenic,reviewed by expert panel,combined_external,10-87925557-T-C,True,False,True,not_found,,,,exact_variant_id_not_observed_in_complete_gene_level_public_api_subset,False,cached_not_found,35
PTEN,p.Lys128Arg,864223,Pathogenic/Likely pathogenic,"criteria provided, multiple submitters, no conflicts",combined_external,10-87933142-A-G,True,False,True,not_found,,,,exact_variant_id_not_observed_in_complete_gene_level_public_api_subset,False,cached_not_found,35
PTEN,p.Lys128Asn,428220,Likely pathogenic,"criteria provided, multiple submitters, no conflicts",combined_external,10-87933143-G-C,True,False,True,not_found,,,,exact_variant_id_not_observed_in_complete_gene_level_public_api_subset,False,cached_not_found,35
PTEN,p.Lys128Glu,958105,Likely pathogenic,"criteria provided, multiple submitters, no conflicts",combined_external,10-87933141-A-G,True,False,True,not_found,,,,exact_variant_id_not_observed_in_complete_gene_level_public_api_subset,False,cached_not_found,35
PTEN,p.Met1Arg,2674279,Pathogenic/Likely pathogenic,"criteria provided, multiple submitters, no conflicts",combined_external,10-87864471-T-G,True,False,True,not_found,,,,exact_variant_id_not_observed_in_complete_gene_level_public_api_subset,False,cached_not_found,35
PTEN,p.Phe200Ser,189414,Likely pathogenic,reviewed by expert panel,combined_external,10-87952224-T-C,True,False,True,not_found,,,,exact_variant_id_not_observed_in_complete_gene_level_public_api_subset,False,cached_not_found,35
PTEN,p.Pro95Leu,189403,Pathogenic,reviewed by expert panel,combined_external,10-87933043-C-T,True,False,True,not_found,,,,exact_variant_id_not_observed_in_complete_gene_level_public_api_subset,False,cached_not_found,35
PTEN,p.Pro96Arg,492730,Pathogenic/Likely pathogenic,"criteria provided, multiple submitters, no conflicts",combined_external,10-87933046-C-G,True,False,True,not_found,,,,exact_variant_id_not_observed_in_complete_gene_level_public_api_subset,False,cached_not_found,35
PTEN,p.Pro96Gln,1457597,Pathogenic/Likely pathogenic,"criteria provided, multiple submitters, no conflicts",combined_external,10-87933046-C-A,True,False,True,not_found,,,,exact_variant_id_not_observed_in_complete_gene_level_public_api_subset,False,cached_not_found,35
PTEN,p.Ser170Asn,951765,Likely pathogenic,"criteria provided, multiple submitters, no conflicts",combined_external,10-87952134-G-A,True,False,True,not_found,,,,exact_variant_id_not_observed_in_complete_gene_level_public_api_subset,False,cached_not_found,35
PTEN,p.Ser170Ile,233590,Pathogenic,"criteria provided, multiple submitters, no conflicts",combined_external,10-87952134-G-T,True,False,True,not_found,,,,exact_variant_id_not_observed_in_complete_gene_level_public_api_subset,False,cached_not_found,35
PTEN,p.Ser229Thr,141771,Likely benign,reviewed by expert panel,combined_external,10-87957903-T-A,True,False,True,found,2.736352442194555e-06,4.0,1461800.0,,False,cached_found,35
PTEN,p.Thr26Ile,189399,Pathogenic/Likely pathogenic,"criteria provided, multiple submitters, no conflicts",combined_external,10-87864546-C-T,True,False,True,found,1.3684533193203714e-06,2.0,1461504.0,,False,cached_found,35
PTEN,p.Thr277Ile,184277,Pathogenic,reviewed by expert panel,combined_external,10-87960922-C-T,True,False,True,found,0.0,0.0,144834.0,,False,cached_found,35
PTEN,p.Tyr155Cys,404168,Pathogenic,reviewed by expert panel,combined_external,10-87933223-A-G,True,False,True,found,2.053553948915792e-06,3.0,1460882.0,,False,cached_found,35
PTEN,p.Tyr155His,428237,Pathogenic/Likely pathogenic,"criteria provided, multiple submitters, no conflicts",combined_external,10-87933222-T-C,True,False,True,not_found,,,,exact_variant_id_not_observed_in_complete_gene_level_public_api_subset,False,cached_not_found,35
PTEN,p.Tyr174Asn,142220,Likely pathogenic,reviewed by expert panel,combined_external,10-87952145-T-A,True,False,True,not_found,,,,exact_variant_id_not_observed_in_complete_gene_level_public_api_subset,False,cached_not_found,35
PTEN,p.Tyr174Cys,220007,Likely pathogenic,reviewed by expert panel,combined_external,10-87952146-A-G,True,False,True,found,1.3687436438967035e-06,2.0,1461194.0,,False,cached_found,35
PTEN,p.Tyr27Asn,2735432,Likely pathogenic,"criteria provided, multiple submitters, no conflicts",combined_external,10-87864548-T-A,True,False,True,not_found,,,,exact_variant_id_not_observed_in_complete_gene_level_public_api_subset,False,cached_not_found,35
PTEN,p.Tyr68His,189474,Pathogenic/Likely pathogenic,"criteria provided, multiple submitters, no conflicts",combined_external,10-87925550-T-C,True,False,True,found,1.404172921086886e-06,2.0,1424326.0,,False,cached_found,35
PTEN,p.Val119Phe,428193,Likely pathogenic,reviewed by expert panel,combined_external,10-87933114-G-T,True,False,True,not_found,,,,exact_variant_id_not_observed_in_complete_gene_level_public_api_subset,False,cached_not_found,35
TP53,p.Arg213Trp,3460335,Pathogenic/Likely pathogenic,"criteria provided, multiple submitters, no conflicts",combined_external,17-7674892-TCG-CCA,True,False,True,not_found,,,,exact_variant_id_not_observed_in_complete_gene_level_public_api_subset,False,cached_not_found,35
F9,p.Ala173Gly,3598107,Likely pathogenic,"criteria provided, single submitter",training,X-139548489-C-G,True,True,True,not_found,,,,exact_variant_id_not_observed_in_complete_gene_level_public_api_subset,False,cached_not_found,30
F9,p.Ala233Thr,10601,Pathogenic,no assertion criteria provided,training,X-139551238-G-A,True,True,True,not_found,,,,exact_variant_id_not_observed_in_complete_gene_level_public_api_subset,False,cached_not_found,30
F9,p.Ala266Thr,2138740,Likely pathogenic,"criteria provided, single submitter",training,X-139560813-G-A,True,True,True,not_found,,,,exact_variant_id_not_observed_in_complete_gene_level_public_api_subset,False,cached_not_found,30
F9,p.Ala279Pro,1477908,Likely pathogenic,"criteria provided, single submitter",training,X-139560852-G-C,True,True,True,not_found,,,,exact_variant_id_not_observed_in_complete_gene_level_public_api_subset,False,cached_not_found,30
F9,p.Ala37Val,10661,Pathogenic,no assertion criteria provided,training,X-139537031-C-T,True,True,True,found,2.742799465702664e-06,3.0,1093773.0,,False,cached_found,30
F9,p.Ala380Thr,1698768,Pathogenic,"criteria provided, single submitter",training,X-139561823-G-A,True,True,True,not_found,,,,exact_variant_id_not_observed_in_complete_gene_level_public_api_subset,False,cached_not_found,30
F9,p.Ala397Pro,10662,Pathogenic,no assertion criteria provided,training,X-139561874-G-C,True,True,True,not_found,,,,exact_variant_id_not_observed_in_complete_gene_level_public_api_subset,False,cached_not_found,30
F9,p.Ala397Val,2138746,Pathogenic,"criteria provided, single submitter",training,X-139561875-C-T,True,True,True,found,8.933995640210128e-06,1.0,111932.0,,False,cached_found,30
F9,p.Ala436Glu,10622,Pathogenic,no assertion criteria provided,training,X-139561992-C-A,True,True,True,not_found,,,,exact_variant_id_not_observed_in_complete_gene_level_public_api_subset,False,cached_not_found,30
F9,p.Ala436Thr,4688446,Pathogenic,"criteria provided, single submitter",training,X-139561991-G-A,True,True,True,not_found,,,,exact_variant_id_not_observed_in_complete_gene_level_public_api_subset,False,cached_not_found,30
F9,p.Ala436Val,10623,Pathogenic,no assertion criteria provided,training,X-139561992-C-T,True,True,True,not_found,,,,exact_variant_id_not_observed_in_complete_gene_level_public_api_subset,False,cached_not_found,30
F9,p.Arg140Ser,4688439,Likely pathogenic,"criteria provided, single submitter",training,X-139548391-A-T,True,True,True,not_found,,,,exact_variant_id_not_observed_in_complete_gene_level_public_api_subset,False,cached_not_found,30
F9,p.Arg294Leu,2138741,Pathogenic,"criteria provided, single submitter",training,X-139561566-G-T,True,True,True,not_found,,,,exact_variant_id_not_observed_in_complete_gene_level_public_api_subset,False,cached_not_found,30
F9,p.Arg379Leu,4783891,Pathogenic,"criteria provided, single submitter",training,X-139561821-G-T,True,True,True,not_found,,,,exact_variant_id_not_observed_in_complete_gene_level_public_api_subset,False,cached_not_found,30
F9,p.Arg384Leu,10668,Pathogenic,no assertion criteria provided,training,X-139561836-G-T,True,True,True,not_found,,,,exact_variant_id_not_observed_in_complete_gene_level_public_api_subset,False,cached_not_found,30
F9,p.Arg384Pro,10660,Pathogenic,no assertion criteria provided,training,X-139561836-G-C,True,True,True,not_found,,,,exact_variant_id_not_observed_in_complete_gene_level_public_api_subset,False,cached_not_found,30
F9,p.Arg3Cys,765903,Benign,"criteria provided, single submitter",training,X-139530771-C-T,True,True,True,found,2.282181729218225e-05,25.0,1095443.0,,False,cached_found,30
F9,p.Arg3Ser,2929110,Likely benign,"criteria provided, single submitter",training,X-139530771-C-A,True,True,True,found,2.7386155750544983e-06,3.0,1095444.0,,False,cached_found,30
F9,p.Arg43Leu,993549,Pathogenic,"criteria provided, single submitter",training,X-139537049-G-T,True,True,True,not_found,,,,exact_variant_id_not_observed_in_complete_gene_level_public_api_subset,False,cached_not_found,30
F9,p.Arg46Ser,10565,Pathogenic,no assertion criteria provided,training,X-139537059-G-Y,True,True,True,not_found,,,,exact_variant_id_not_observed_in_complete_gene_level_public_api_subset,False,cached_not_found,30
F9,p.Asn138His,2138737,Pathogenic,"criteria provided, single submitter",training,X-139548383-A-C,True,True,True,not_found,,,,exact_variant_id_not_observed_in_complete_gene_level_public_api_subset,False,cached_not_found,30
F9,p.Asn166Tyr,10582,Pathogenic,no assertion criteria provided,training,X-139548467-A-T,True,True,True,not_found,,,,exact_variant_id_not_observed_in_complete_gene_level_public_api_subset,False,cached_not_found,30
F9,p.Asn306Ser,10604,Likely pathogenic,"criteria provided, single submitter",training,X-139561602-A-G,True,True,True,not_found,,,,exact_variant_id_not_observed_in_complete_gene_level_public_api_subset,False,cached_not_found,30
F9,p.Asn36Asp,1078704,Likely benign,"criteria provided, single submitter",training,X-139537027-A-G,True,True,True,found,8.224751384042886e-06,9.0,1094258.0,,False,cached_found,30
F9,p.Asn48Asp,2925690,Pathogenic,"criteria provided, single submitter",training,X-139537063-A-G,True,True,True,not_found,,,,exact_variant_id_not_observed_in_complete_gene_level_public_api_subset,False,cached_not_found,30
F9,p.Asn48Tyr,973812,Pathogenic,no assertion criteria provided,training,X-139537063-A-T,True,True,True,not_found,,,,exact_variant_id_not_observed_in_complete_gene_level_public_api_subset,False,cached_not_found,30
F9,p.Asn59Lys,994375,Likely benign,"criteria provided, single submitter",training,X-139537098-C-A,True,True,True,found,1.9143484059403142e-05,21.0,1096979.0,,False,cached_found,30
F9,p.Asp110Asn,10643,Pathogenic,no assertion criteria provided,training,X-139541126-G-A,True,True,True,not_found,,,,exact_variant_id_not_observed_in_complete_gene_level_public_api_subset,False,cached_not_found,30
F9,p.Asp110Gly,10580,Pathogenic,no assertion criteria provided,training,X-139541127-A-G,True,True,True,not_found,,,,exact_variant_id_not_observed_in_complete_gene_level_public_api_subset,False,cached_not_found,30
F9,p.Asp315Glu,4783890,Likely pathogenic,"criteria provided, single submitter",training,X-139561630-C-A,True,True,True,not_found,,,,exact_variant_id_not_observed_in_complete_gene_level_public_api_subset,False,cached_not_found,30
F9,p.Asp315Gly,2925695,Pathogenic,"criteria provided, single submitter",training,X-139561629-A-G,True,True,True,not_found,,,,exact_variant_id_not_observed_in_complete_gene_level_public_api_subset,False,cached_not_found,30
F9,p.Asp405Val,2429487,Likely pathogenic,"criteria provided, single submitter",training,X-139561899-A-T,True,True,True,not_found,,,,exact_variant_id_not_observed_in_complete_gene_level_public_api_subset,False,cached_not_found,30
F9,p.Asp410His,10651,Pathogenic,no assertion criteria provided,training,X-139561913-G-C,True,True,True,not_found,,,,exact_variant_id_not_observed_in_complete_gene_level_public_api_subset,False,cached_not_found,30
F9,p.Asp410Val,994026,Likely pathogenic,"criteria provided, single submitter",training,X-139561914-A-T,True,True,True,not_found,,,,exact_variant_id_not_observed_in_complete_gene_level_public_api_subset,False,cached_not_found,30
F9,p.Asp93Gly,10576,Pathogenic,no assertion criteria provided,training,X-139541076-A-G,True,True,True,not_found,,,,exact_variant_id_not_observed_in_complete_gene_level_public_api_subset,False,cached_not_found,30
F9,p.Asp95Ala,973816,Likely pathogenic,no assertion criteria provided,training,X-139541082-A-C,True,True,True,not_found,,,,exact_variant_id_not_observed_in_complete_gene_level_public_api_subset,False,cached_not_found,30
F9,p.Asp95Val,1684373,Likely pathogenic,no assertion criteria provided,training,X-139541082-A-T,True,True,True,not_found,,,,exact_variant_id_not_observed_in_complete_gene_level_public_api_subset,False,cached_not_found,30
F9,p.Cys119Tyr,2138736,Pathogenic,"criteria provided, single submitter",training,X-139541154-G-A,True,True,True,not_found,,,,exact_variant_id_not_observed_in_complete_gene_level_public_api_subset,False,cached_not_found,30
F9,p.Cys128Arg,2131311,Likely pathogenic,"criteria provided, single submitter",training,X-139541180-T-C,True,True,True,not_found,,,,exact_variant_id_not_observed_in_complete_gene_level_public_api_subset,False,cached_not_found,30
F9,p.Cys134Ser,973818,Pathogenic,no assertion criteria provided,training,X-139548372-G-C,True,True,True,not_found,,,,exact_variant_id_not_observed_in_complete_gene_level_public_api_subset,False,cached_not_found,30
F9,p.Cys141Tyr,811510,Pathogenic,"criteria provided, single submitter",training,X-139548393-G-A,True,True,True,not_found,,,,exact_variant_id_not_observed_in_complete_gene_level_public_api_subset,False,cached_not_found,30
F9,p.Cys155Ser,2637194,Likely pathogenic,"criteria provided, single submitter",training,X-139548435-G-C,True,True,True,not_found,,,,exact_variant_id_not_observed_in_complete_gene_level_public_api_subset,False,cached_not_found,30
F9,p.Cys157Tyr,4688845,Pathogenic,"criteria provided, single submitter",training,X-139548441-G-A,True,True,True,not_found,,,,exact_variant_id_not_observed_in_complete_gene_level_public_api_subset,False,cached_not_found,30
F9,p.Cys170Tyr,811517,Pathogenic,"criteria provided, single submitter",training,X-139548480-G-A,True,True,True,not_found,,,,exact_variant_id_not_observed_in_complete_gene_level_public_api_subset,False,cached_not_found,30
F9,p.Cys178Arg,1459950,Pathogenic,"criteria provided, single submitter",training,X-139551073-T-C,True,True,True,not_found,,,,exact_variant_id_not_observed_in_complete_gene_level_public_api_subset,False,cached_not_found,30
F9,p.Cys178Phe,811518,Pathogenic,"criteria provided, single submitter",training,X-139551074-G-T,True,True,True,not_found,,,,exact_variant_id_not_observed_in_complete_gene_level_public_api_subset,False,cached_not_found,30
F9,p.Cys178Tyr,4537255,Pathogenic,"criteria provided, single submitter",training,X-139551074-G-A,True,True,True,not_found,,,,exact_variant_id_not_observed_in_complete_gene_level_public_api_subset,False,cached_not_found,30
F9,p.Cys18Arg,10568,Pathogenic,no assertion criteria provided,training,X-139530816-T-C,True,True,True,not_found,,,,exact_variant_id_not_observed_in_complete_gene_level_public_api_subset,False,cached_not_found,30
F9,p.Cys252Ser,10666,Pathogenic,no assertion criteria provided,training,X-139560772-G-C,True,True,True,not_found,,,,exact_variant_id_not_observed_in_complete_gene_level_public_api_subset,False,cached_not_found,30
F9,p.Cys252Trp,375453,Likely pathogenic,no assertion criteria provided,training,X-139560773-T-G,True,True,True,not_found,,,,exact_variant_id_not_observed_in_complete_gene_level_public_api_subset,False,cached_not_found,30
F9,p.Cys28Arg,10657,Pathogenic,"criteria provided, single submitter",training,X-139530846-T-C,True,True,True,not_found,,,,exact_variant_id_not_observed_in_complete_gene_level_public_api_subset,False,cached_not_found,30
F9,p.Cys335Phe,2691657,Likely pathogenic,"criteria provided, single submitter",training,X-139561689-G-T,True,True,True,not_found,,,,exact_variant_id_not_observed_in_complete_gene_level_public_api_subset,False,cached_not_found,30
F9,p.Cys335Trp,973811,Likely pathogenic,no assertion criteria provided,training,X-139561690-C-G,True,True,True,not_found,,,,exact_variant_id_not_observed_in_complete_gene_level_public_api_subset,False,cached_not_found,30
F9,p.Cys335Tyr,2444124,Likely pathogenic,"criteria provided, single submitter",training,X-139561689-G-A,True,True,True,not_found,,,,exact_variant_id_not_observed_in_complete_gene_level_public_api_subset,False,cached_not_found,30
F9,p.Cys382Arg,10614,Pathogenic,"criteria provided, single submitter",training,X-139561829-T-C,True,True,True,not_found,,,,exact_variant_id_not_observed_in_complete_gene_level_public_api_subset,False,cached_not_found,30
F9,p.Cys382Ser,116175,Likely pathogenic,"criteria provided, single submitter",training,X-139561829-T-A,True,True,True,not_found,,,,exact_variant_id_not_observed_in_complete_gene_level_public_api_subset,False,cached_not_found,30
F9,p.Cys396Ser,810871,Pathogenic,"criteria provided, single submitter",training,X-139561871-T-A,True,True,True,not_found,,,,exact_variant_id_not_observed_in_complete_gene_level_public_api_subset,False,cached_not_found,30
F9,p.Cys396Tyr,2138745,Pathogenic,"criteria provided, single submitter",training,X-139561872-G-A,True,True,True,not_found,,,,exact_variant_id_not_observed_in_complete_gene_level_public_api_subset,False,cached_not_found,30
F9,p.Cys407Ser,2925700,Likely pathogenic,"criteria provided, single submitter",training,X-139561904-T-A,True,True,True,not_found,,,,exact_variant_id_not_observed_in_complete_gene_level_public_api_subset,False,cached_not_found,30
F9,p.Cys69Ser,1330991,Likely pathogenic,"criteria provided, single submitter",training,X-139537126-T-A,True,True,True,not_found,,,,exact_variant_id_not_observed_in_complete_gene_level_public_api_subset,False,cached_not_found,30
F9,p.Cys69Tyr,994405,Pathogenic,"criteria provided, single submitter",training,X-139537127-G-A,True,True,True,not_found,,,,exact_variant_id_not_observed_in_complete_gene_level_public_api_subset,False,cached_not_found,30
F9,p.Gln167His,4526076,Pathogenic,"criteria provided, single submitter",training,X-139548472-G-T,True,True,True,not_found,,,,exact_variant_id_not_observed_in_complete_gene_level_public_api_subset,False,cached_not_found,30
F9,p.Gln237Leu,10596,Pathogenic,no assertion criteria provided,training,X-139551251-A-T,True,True,True,not_found,,,,exact_variant_id_not_observed_in_complete_gene_level_public_api_subset,False,cached_not_found,30
F9,p.Gln241Arg,3910035,Likely pathogenic,"criteria provided, single submitter",training,X-139551263-A-G,True,True,True,not_found,,,,exact_variant_id_not_observed_in_complete_gene_level_public_api_subset,False,cached_not_found,30
F9,p.Gln96Pro,10577,Likely pathogenic,"criteria provided, single submitter",training,X-139541085-A-C,True,True,True,not_found,,,,exact_variant_id_not_observed_in_complete_gene_level_public_api_subset,False,cached_not_found,30
F9,p.Glu320Gly,2683975,Likely pathogenic,"criteria provided, single submitter",training,X-139561644-A-G,True,True,True,not_found,,,,exact_variant_id_not_observed_in_complete_gene_level_public_api_subset,False,cached_not_found,30
F9,p.Glu433Gly,4067837,Likely pathogenic,no assertion criteria provided,training,X-139561983-A-G,True,True,True,not_found,,,,exact_variant_id_not_observed_in_complete_gene_level_public_api_subset,False,cached_not_found,30
F9,p.Glu54Lys,3759686,Pathogenic,"criteria provided, single submitter",training,X-139537081-G-A,True,True,True,not_found,,,,exact_variant_id_not_observed_in_complete_gene_level_public_api_subset,False,cached_not_found,30
F9,p.Glu54Val,618117,Likely pathogenic,"criteria provided, single submitter",training,X-139537082-A-T,True,True,True,not_found,,,,exact_variant_id_not_observed_in_complete_gene_level_public_api_subset,False,cached_not_found,30
F9,p.Glu73Val,10571,Pathogenic,no assertion criteria provided,training,X-139537139-A-T,True,True,True,not_found,,,,exact_variant_id_not_observed_in_complete_gene_level_public_api_subset,False,cached_not_found,30
F9,p.Glu76Lys,811519,Pathogenic,"criteria provided, single submitter",training,X-139537147-G-A,True,True,True,not_found,,,,exact_variant_id_not_observed_in_complete_gene_level_public_api_subset,False,cached_not_found,30
F9,p.Glu79Asp,10574,Pathogenic,no assertion criteria provided,training,X-139537158-A-C,True,True,True,not_found,,,,exact_variant_id_not_observed_in_complete_gene_level_public_api_subset,False,cached_not_found,30
F9,p.Glu79Val,2925691,Likely pathogenic,"criteria provided, single submitter",training,X-139537157-A-T,True,True,True,not_found,,,,exact_variant_id_not_observed_in_complete_gene_level_public_api_subset,False,cached_not_found,30
F9,p.Gly105Asp,1676742,Likely pathogenic,"criteria provided, single submitter",training,X-139541112-G-A,True,True,True,found,9.197296730544958e-07,1.0,1087276.0,,False,cached_found,30
F9,p.Gly105Val,3759689,Likely pathogenic,"criteria provided, single submitter",training,X-139541112-G-T,True,True,True,not_found,,,,exact_variant_id_not_observed_in_complete_gene_level_public_api_subset,False,cached_not_found,30
F9,p.Gly122Val,1684372,Likely pathogenic,no assertion criteria provided,training,X-139541163-G-T,True,True,True,not_found,,,,exact_variant_id_not_observed_in_complete_gene_level_public_api_subset,False,cached_not_found,30
F9,p.Gly125Arg,4081674,Likely pathogenic,"criteria provided, single submitter",training,X-139541171-G-A,True,True,True,not_found,,,,exact_variant_id_not_observed_in_complete_gene_level_public_api_subset,False,cached_not_found,30
F9,p.Gly160Ala,10581,Pathogenic,no assertion criteria provided,training,X-139548450-G-C,True,True,True,not_found,,,,exact_variant_id_not_observed_in_complete_gene_level_public_api_subset,False,cached_not_found,30
F9,p.Gly160Arg,2138738,Pathogenic,"criteria provided, single submitter",training,X-139548449-G-A,True,True,True,not_found,,,,exact_variant_id_not_observed_in_complete_gene_level_public_api_subset,False,cached_not_found,30
F9,p.Gly160Glu,4783887,Likely pathogenic,"criteria provided, single submitter",training,X-139548450-G-A,True,True,True,not_found,,,,exact_variant_id_not_observed_in_complete_gene_level_public_api_subset,False,cached_not_found,30
F9,p.Gly230Arg,4081673,Likely pathogenic,"criteria provided, single submitter",training,X-139551229-G-A,True,True,True,not_found,,,,exact_variant_id_not_observed_in_complete_gene_level_public_api_subset,False,cached_not_found,30
F9,p.Gly236Leu,2635268,Likely pathogenic,"criteria provided, single submitter",training,X-139551247-GG-CT,True,True,True,not_found,,,,exact_variant_id_not_observed_in_complete_gene_level_public_api_subset,False,cached_not_found,30
F9,p.Gly253Arg,627130,Likely pathogenic,"criteria provided, single submitter",training,X-139560774-G-A,True,True,True,not_found,,,,exact_variant_id_not_observed_in_complete_gene_level_public_api_subset,False,cached_not_found,30
F9,p.Gly254Ser,3896563,Pathogenic,"criteria provided, single submitter",training,X-139560777-G-A,True,True,True,not_found,,,,exact_variant_id_not_observed_in_complete_gene_level_public_api_subset,False,cached_not_found,30
F9,p.Gly280Ala,4795939,Likely pathogenic,"criteria provided, single submitter",training,X-139561524-G-C,True,True,True,not_found,,,,exact_variant_id_not_observed_in_complete_gene_level_public_api_subset,False,cached_not_found,30
F9,p.Gly280Asp,1070513,Pathogenic,"criteria provided, single submitter",training,X-139561524-G-A,True,True,True,not_found,,,,exact_variant_id_not_observed_in_complete_gene_level_public_api_subset,False,cached_not_found,30
F9,p.Gly355Val,10609,Pathogenic,no assertion criteria provided,training,X-139561749-G-T,True,True,True,not_found,,,,exact_variant_id_not_observed_in_complete_gene_level_public_api_subset,False,cached_not_found,30
F9,p.Gly357Glu,10647,Pathogenic,"criteria provided, single submitter",training,X-139561755-G-A,True,True,True,not_found,,,,exact_variant_id_not_observed_in_complete_gene_level_public_api_subset,False,cached_not_found,30
F9,p.Gly357Val,3907396,Pathogenic,"criteria provided, single submitter",training,X-139561755-G-T,True,True,True,not_found,,,,exact_variant_id_not_observed_in_complete_gene_level_public_api_subset,False,cached_not_found,30
F9,p.Gly398Val,2444307,Likely pathogenic,"criteria provided, single submitter",training,X-139561878-G-T,True,True,True,not_found,,,,exact_variant_id_not_observed_in_complete_gene_level_public_api_subset,False,cached_not_found,30
F9,p.Gly402Arg,4535627,Likely pathogenic,"criteria provided, single submitter",training,X-139561889-G-A,True,True,True,not_found,,,,exact_variant_id_not_observed_in_complete_gene_level_public_api_subset,False,cached_not_found,30
F9,p.Gly409Arg,3338825,Likely pathogenic,"criteria provided, single submitter",training,X-139561910-G-A,True,True,True,not_found,,,,exact_variant_id_not_observed_in_complete_gene_level_public_api_subset,False,cached_not_found,30
F9,p.Gly409Val,4687707,Likely pathogenic,"criteria provided, single submitter",training,X-139561911-G-T,True,True,True,not_found,,,,exact_variant_id_not_observed_in_complete_gene_level_public_api_subset,False,cached_not_found,30
F9,p.Gly432Ala,837906,Likely pathogenic,"criteria provided, single submitter",training,X-139561980-G-C,True,True,True,not_found,,,,exact_variant_id_not_observed_in_complete_gene_level_public_api_subset,False,cached_not_found,30
F9,p.Gly432Ser,2925702,Pathogenic,"criteria provided, single submitter",training,X-139561979-G-A,True,True,True,not_found,,,,exact_variant_id_not_observed_in_complete_gene_level_public_api_subset,False,cached_not_found,30
F9,p.Gly50Ala,1524877,Likely pathogenic,"criteria provided, single submitter",training,X-139537070-G-C,True,True,True,found,4.558338066407692e-06,5.0,1096891.0,,False,cached_found,30
F9,p.Gly50Ser,454495,Pathogenic,"criteria provided, single submitter",training,X-139537069-G-A,True,True,True,found,3.646790140902854e-06,4.0,1096855.0,,False,cached_found,30
F9,p.Gly94Arg,454496,Likely pathogenic,"criteria provided, single submitter",training,X-139541078-G-A,True,True,True,found,0.0,0.0,1071072.0,,False,cached_found,30
F9,p.His282Tyr,1142361,Likely benign,"criteria provided, single submitter",training,X-139561529-C-T,True,True,True,found,1.101913196787923e-05,12.0,1089015.0,,False,cached_found,30
F9,p.Ile344Thr,10665,Pathogenic,no assertion criteria provided,training,X-139561716-T-C,True,True,True,found,9.105983632905018e-07,1.0,1098179.0,,False,cached_found,30
F9,p.Ile390Phe,2632738,Likely pathogenic,"criteria provided, single submitter",training,X-139561853-A-T,True,True,True,not_found,,,,exact_variant_id_not_observed_in_complete_gene_level_public_api_subset,False,cached_not_found,30
F9,p.Ile428Phe,3380935,Likely pathogenic,"criteria provided, single submitter",training,X-139561967-A-T,True,True,True,not_found,,,,exact_variant_id_not_observed_in_complete_gene_level_public_api_subset,False,cached_not_found,30
F9,p.Ile454Thr,810865,Pathogenic,"criteria provided, single submitter",training,X-139562046-T-C,True,True,True,not_found,,,,exact_variant_id_not_observed_in_complete_gene_level_public_api_subset,False,cached_not_found,30
F9,p.Leu20Ser,4783884,Pathogenic,"criteria provided, single submitter",training,X-139530823-T-C,True,True,True,not_found,,,,exact_variant_id_not_observed_in_complete_gene_level_public_api_subset,False,cached_not_found,30
F9,p.Leu23Pro,2683971,Pathogenic,"criteria provided, single submitter",training,X-139530832-T-C,True,True,True,not_found,,,,exact_variant_id_not_observed_in_complete_gene_level_public_api_subset,False,cached_not_found,30
F9,p.Leu383His,2925699,Pathogenic,"criteria provided, single submitter",training,X-139561833-T-A,True,True,True,not_found,,,,exact_variant_id_not_observed_in_complete_gene_level_public_api_subset,False,cached_not_found,30
F9,p.Lys362Glu,2683967,Likely pathogenic,"criteria provided, single submitter",training,X-139561769-A-G,True,True,True,not_found,,,,exact_variant_id_not_observed_in_complete_gene_level_public_api_subset,False,cached_not_found,30
F9,p.Lys39Arg,1160362,Likely benign,"criteria provided, single submitter",training,X-139537037-A-G,True,True,True,found,8.216409264823087e-06,9.0,1095369.0,,False,cached_found,30
F9,p.Met394Ile,2138744,Pathogenic,"criteria provided, single submitter",training,X-139561867-G-A,True,True,True,not_found,,,,exact_variant_id_not_observed_in_complete_gene_level_public_api_subset,False,cached_not_found,30
F9,p.Met394Val,10616,Pathogenic,no assertion criteria provided,training,X-139561865-A-G,True,True,True,not_found,,,,exact_variant_id_not_observed_in_complete_gene_level_public_api_subset,False,cached_not_found,30
F9,p.Phe123Ser,1508905,Likely pathogenic,"criteria provided, single submitter",training,X-139541166-T-C,True,True,True,not_found,,,,exact_variant_id_not_observed_in_complete_gene_level_public_api_subset,False,cached_not_found,30
F9,p.Phe360Ser,2925698,Likely pathogenic,"criteria provided, single submitter",training,X-139561764-T-C,True,True,True,not_found,,,,exact_variant_id_not_observed_in_complete_gene_level_public_api_subset,False,cached_not_found,30
F9,p.Phe395Ile,1364269,Pathogenic,"criteria provided, single submitter",training,X-139561868-T-A,True,True,True,not_found,,,,exact_variant_id_not_observed_in_complete_gene_level_public_api_subset,False,cached_not_found,30
F9,p.Phe424Leu,2020181,Likely pathogenic,"criteria provided, single submitter",training,X-139561957-C-A,True,True,True,not_found,,,,exact_variant_id_not_observed_in_complete_gene_level_public_api_subset,False,cached_not_found,30
F9,p.Phe87Cys,811521,Pathogenic,"criteria provided, single submitter",training,X-139537369-T-G,True,True,True,not_found,,,,exact_variant_id_not_observed_in_complete_gene_level_public_api_subset,False,cached_not_found,30
F9,p.Pro101Gln,1067340,Likely pathogenic,"criteria provided, single submitter",training,X-139541100-C-A,True,True,True,found,0.0,0.0,1084704.0,,False,cached_found,30
F9,p.Pro175Ser,700019,Benign,"criteria provided, single submitter",training,X-139551064-C-T,True,True,True,found,1.1871040323184508e-05,13.0,1095102.0,,False,cached_found,30
F9,p.Pro197Ser,1959260,Likely benign,"criteria provided, single submitter",training,X-139551130-C-T,True,True,True,found,1.8224729134963232e-06,2.0,1097410.0,,False,cached_found,30
F9,p.Pro333Leu,10605,Pathogenic,no assertion criteria provided,training,X-139561683-C-T,True,True,True,not_found,,,,exact_variant_id_not_observed_in_complete_gene_level_public_api_subset,False,cached_not_found,30
F9,p.Pro414Leu,811507,Pathogenic,"criteria provided, single submitter",training,X-139561926-C-T,True,True,True,not_found,,,,exact_variant_id_not_observed_in_complete_gene_level_public_api_subset,False,cached_not_found,30
F9,p.Pro414Thr,10620,Pathogenic,no assertion criteria provided,training,X-139561925-C-A,True,True,True,not_found,,,,exact_variant_id_not_observed_in_complete_gene_level_public_api_subset,False,cached_not_found,30
F9,p.Ser169Pro,1803132,Likely pathogenic,"criteria provided, single submitter",training,X-139548476-T-C,True,True,True,not_found,,,,exact_variant_id_not_observed_in_complete_gene_level_public_api_subset,False,cached_not_found,30
F9,p.Ser354Arg,1417984,Pathogenic,"criteria provided, single submitter",training,X-139561747-T-A,True,True,True,not_found,,,,exact_variant_id_not_observed_in_complete_gene_level_public_api_subset,False,cached_not_found,30
F9,p.Ser406Leu,10617,Pathogenic,no assertion criteria provided,training,X-139561902-C-T,True,True,True,not_found,,,,exact_variant_id_not_observed_in_complete_gene_level_public_api_subset,False,cached_not_found,30
F9,p.Ser411Gly,10650,Pathogenic,"criteria provided, single submitter",training,X-139561916-A-G,True,True,True,not_found,,,,exact_variant_id_not_observed_in_complete_gene_level_public_api_subset,False,cached_not_found,30
F9,p.Ser411Ile,10649,Pathogenic,no assertion criteria provided,training,X-139561917-G-T,True,True,True,not_found,,,,exact_variant_id_not_observed_in_complete_gene_level_public_api_subset,False,cached_not_found,30
F9,p.Ser430Arg,812043,Likely pathogenic,"criteria provided, single submitter",training,X-139561975-C-A,True,True,True,not_found,,,,exact_variant_id_not_observed_in_complete_gene_level_public_api_subset,False,cached_not_found,30
F9,p.Ser430Asn,618644,Likely pathogenic,"criteria provided, single submitter",training,X-139561974-G-A,True,True,True,not_found,,,,exact_variant_id_not_observed_in_complete_gene_level_public_api_subset,False,cached_not_found,30
F9,p.Thr84Ala,695975,Likely benign,"criteria provided, single submitter",training,X-139537171-A-G,True,True,True,found,0.0002181064888961,239.0,1095795.0,,False,cached_found,30
F9,p.Thr84Ile,2925692,Likely pathogenic,"criteria provided, single submitter",training,X-139537172-C-T,True,True,True,not_found,,,,exact_variant_id_not_observed_in_complete_gene_level_public_api_subset,False,cached_not_found,30
F9,p.Trp240Gly,1491111,Likely pathogenic,"criteria provided, single submitter",training,X-139551259-T-G,True,True,True,not_found,,,,exact_variant_id_not_observed_in_complete_gene_level_public_api_subset,False,cached_not_found,30
F9,p.Trp431Cys,2925701,Pathogenic,"criteria provided, single submitter",training,X-139561978-G-T,True,True,True,not_found,,,,exact_variant_id_not_observed_in_complete_gene_level_public_api_subset,False,cached_not_found,30
F9,p.Trp453Arg,10628,Pathogenic,no assertion criteria provided,training,X-139562042-T-C,True,True,True,not_found,,,,exact_variant_id_not_observed_in_complete_gene_level_public_api_subset,False,cached_not_found,30
F9,p.Tyr161Cys,963994,Likely pathogenic,"criteria provided, single submitter",training,X-139548453-A-G,True,True,True,not_found,,,,exact_variant_id_not_observed_in_complete_gene_level_public_api_subset,False,cached_not_found,30
F9,p.Tyr305Cys,812973,Likely pathogenic,no assertion criteria provided,training,X-139561599-A-G,True,True,True,not_found,,,,exact_variant_id_not_observed_in_complete_gene_level_public_api_subset,False,cached_not_found,30
F9,p.Tyr450Cys,4542502,Likely pathogenic,"criteria provided, single submitter",training,X-139562034-A-G,True,True,True,not_found,,,,exact_variant_id_not_observed_in_complete_gene_level_public_api_subset,False,cached_not_found,30
F9,p.Tyr91Asn,1684374,Likely pathogenic,no assertion criteria provided,training,X-139537380-T-A,True,True,True,found,0.0,0.0,1072875.0,,False,cached_found,30
F9,p.Val153Ala,3380933,Likely pathogenic,"criteria provided, single submitter",training,X-139548429-T-C,True,True,True,not_found,,,,exact_variant_id_not_observed_in_complete_gene_level_public_api_subset,False,cached_not_found,30
F9,p.Val153Met,2631132,Likely pathogenic,no assertion criteria provided,training,X-139548428-G-A,True,True,True,found,9.11600296087776e-07,1.0,1096972.0,,False,cached_found,30
F9,p.Val181Phe,10592,Pathogenic,no assertion criteria provided,training,X-139551082-G-T,True,True,True,not_found,,,,exact_variant_id_not_observed_in_complete_gene_level_public_api_subset,False,cached_not_found,30
F9,p.Val195Gly,2184672,Likely benign,"criteria provided, single submitter",training,X-139551125-T-G,True,True,True,found,1.822409808938556e-06,2.0,1097448.0,,False,cached_found,30
F9,p.Val227Ala,4688182,Pathogenic,"criteria provided, single submitter",training,X-139551221-T-C,True,True,True,not_found,,,,exact_variant_id_not_observed_in_complete_gene_level_public_api_subset,False,cached_not_found,30
F9,p.Val227Ile,1596936,Benign,"criteria provided, single submitter",training,X-139551220-G-A,True,True,True,found,1.3659808835528616e-05,15.0,1098112.0,,False,cached_found,30
F9,p.Val228Leu,10594,Pathogenic,no assertion criteria provided,training,X-139551223-G-C,True,True,True,not_found,,,,exact_variant_id_not_observed_in_complete_gene_level_public_api_subset,False,cached_not_found,30
F9,p.Val228Phe,10593,Pathogenic,no assertion criteria provided,training,X-139551223-G-T,True,True,True,not_found,,,,exact_variant_id_not_observed_in_complete_gene_level_public_api_subset,False,cached_not_found,30
F9,p.Val30Leu,627400,Pathogenic,"criteria provided, single submitter",training,X-139530852-G-C,True,True,True,not_found,,,,exact_variant_id_not_observed_in_complete_gene_level_public_api_subset,False,cached_not_found,30
F9,p.Val374Phe,10639,Pathogenic,"criteria provided, single submitter",training,X-139561805-G-T,True,True,True,not_found,,,,exact_variant_id_not_observed_in_complete_gene_level_public_api_subset,False,cached_not_found,30
F9,p.Val377Leu,3774330,Likely pathogenic,no assertion criteria provided,training,X-139561814-G-C,True,True,True,not_found,,,,exact_variant_id_not_observed_in_complete_gene_level_public_api_subset,False,cached_not_found,30
F9,p.Val419Glu,10658,Pathogenic,no assertion criteria provided,training,X-139561941-T-A,True,True,True,not_found,,,,exact_variant_id_not_observed_in_complete_gene_level_public_api_subset,False,cached_not_found,30
F9,p.Val419Gly,618116,Likely pathogenic,"criteria provided, single submitter",training,X-139561941-T-G,True,True,True,not_found,,,,exact_variant_id_not_observed_in_complete_gene_level_public_api_subset,False,cached_not_found,30
GCK,p.Ala119Asp,1338287,Likely pathogenic,"criteria provided, single submitter",training,7-44152278-G-T,True,True,True,found,6.840497386245948e-07,1.0,1461882.0,,False,cached_found,30
GCK,p.Ala188Pro,2502089,Likely pathogenic,"criteria provided, single submitter",training,7-44149986-C-G,True,True,True,not_found,,,,exact_variant_id_not_observed_in_complete_gene_level_public_api_subset,False,cached_not_found,30
GCK,p.Ala232Asp,1756314,Pathogenic,"criteria provided, single submitter",training,7-44147818-G-T,True,True,True,not_found,,,,exact_variant_id_not_observed_in_complete_gene_level_public_api_subset,False,cached_not_found,30
GCK,p.Arg303Leu,447424,Pathogenic,"criteria provided, single submitter",training,7-44146574-C-A,True,True,True,found,0.0,0.0,1460110.0,,False,cached_found,30
GCK,p.Arg369Cys,4685066,Likely pathogenic,"criteria provided, single submitter",training,7-44145645-G-A,True,True,True,not_found,,,,exact_variant_id_not_observed_in_complete_gene_level_public_api_subset,False,cached_not_found,30
GCK,p.Arg369Pro,2632567,Pathogenic,"criteria provided, single submitter",training,7-44145644-C-G,True,True,True,not_found,,,,exact_variant_id_not_observed_in_complete_gene_level_public_api_subset,False,cached_not_found,30
GCK,p.Arg397Pro,4077058,Likely pathogenic,"criteria provided, single submitter",training,7-44145560-C-G,True,True,True,not_found,,,,exact_variant_id_not_observed_in_complete_gene_level_public_api_subset,False,cached_not_found,30
GCK,p.Arg43Pro,585913,Likely pathogenic,"criteria provided, single submitter",training,7-44153381-C-G,True,True,True,not_found,,,,exact_variant_id_not_observed_in_complete_gene_level_public_api_subset,False,cached_not_found,30
GCK,p.Arg46Lys,1802664,Benign,"criteria provided, single submitter",training,7-44153372-C-T,True,True,True,found,1.368108835794105e-06,2.0,1461872.0,,False,cached_found,30
GCK,p.Asn204Lys,3234078,Likely pathogenic,"criteria provided, single submitter",training,7-44149827-A-T,True,True,True,not_found,,,,exact_variant_id_not_observed_in_complete_gene_level_public_api_subset,False,cached_not_found,30
GCK,p.Asp198Val,3338871,Likely pathogenic,"criteria provided, single submitter",training,7-44149846-T-A,True,True,True,not_found,,,,exact_variant_id_not_observed_in_complete_gene_level_public_api_subset,False,cached_not_found,30
GCK,p.Asp205Gly,1679543,Likely pathogenic,"criteria provided, single submitter",training,7-44149825-T-C,True,True,True,not_found,,,,exact_variant_id_not_observed_in_complete_gene_level_public_api_subset,False,cached_not_found,30
GCK,p.Asp205His,2579457,Pathogenic,"criteria provided, single submitter",training,7-44149826-C-G,True,True,True,not_found,,,,exact_variant_id_not_observed_in_complete_gene_level_public_api_subset,False,cached_not_found,30
GCK,p.Asp205Val,1679544,Likely pathogenic,"criteria provided, single submitter",training,7-44149825-T-A,True,True,True,not_found,,,,exact_variant_id_not_observed_in_complete_gene_level_public_api_subset,False,cached_not_found,30
GCK,p.Asp278Glu,2735003,Pathogenic,"criteria provided, single submitter",training,7-44147679-G-T,True,True,True,found,6.856199444099349e-07,1.0,1458534.0,,False,cached_found,30
GCK,p.Cys129Phe,1807282,Likely pathogenic,"criteria provided, single submitter",training,7-44151053-C-A,True,True,True,not_found,,,,exact_variant_id_not_observed_in_complete_gene_level_public_api_subset,False,cached_not_found,30
GCK,p.Cys213Arg,2735011,Pathogenic,"criteria provided, single submitter",training,7-44149802-A-G,True,True,True,not_found,,,,exact_variant_id_not_observed_in_complete_gene_level_public_api_subset,False,cached_not_found,30
GCK,p.Cys382Ser,1709202,Likely pathogenic,"criteria provided, single submitter",training,7-44145605-C-G,True,True,True,not_found,,,,exact_variant_id_not_observed_in_complete_gene_level_public_api_subset,False,cached_not_found,30
GCK,p.Gln106Pro,2576969,Likely pathogenic,"criteria provided, single submitter",training,7-44152317-T-G,True,True,True,found,6.840450594161539e-07,1.0,1461892.0,,False,cached_found,30
GCK,p.Glu236Lys,129146,Pathogenic,"criteria provided, single submitter",training,7-44147807-C-T,True,True,True,not_found,,,,exact_variant_id_not_observed_in_complete_gene_level_public_api_subset,False,cached_not_found,30
GCK,p.Gly170Val,36225,Likely pathogenic,"criteria provided, single submitter",training,7-44150039-C-A,True,True,True,not_found,,,,exact_variant_id_not_observed_in_complete_gene_level_public_api_subset,False,cached_not_found,30
GCK,p.Gly229Arg,3340323,Likely pathogenic,"criteria provided, single submitter",training,7-44147828-C-G,True,True,True,not_found,,,,exact_variant_id_not_observed_in_complete_gene_level_public_api_subset,False,cached_not_found,30
GCK,p.Gly294Val,1707504,Likely pathogenic,"criteria provided, single submitter",training,7-44146601-C-A,True,True,True,not_found,,,,exact_variant_id_not_observed_in_complete_gene_level_public_api_subset,False,cached_not_found,30
GCK,p.Gly299Asp,2734999,Pathogenic,"criteria provided, single submitter",training,7-44146586-C-T,True,True,True,not_found,,,,exact_variant_id_not_observed_in_complete_gene_level_public_api_subset,False,cached_not_found,30
GCK,p.Gly299Ser,3767575,Likely pathogenic,"criteria provided, single submitter",training,7-44146587-C-T,True,True,True,not_found,,,,exact_variant_id_not_observed_in_complete_gene_level_public_api_subset,False,cached_not_found,30
GCK,p.Gly80Cys,3897233,Likely pathogenic,"criteria provided, single submitter",training,7-44152396-C-A,True,True,True,not_found,,,,exact_variant_id_not_observed_in_complete_gene_level_public_api_subset,False,cached_not_found,30
GCK,p.Gly80Ser,449415,Likely pathogenic,"criteria provided, single submitter",training,7-44152396-C-T,True,True,True,not_found,,,,exact_variant_id_not_observed_in_complete_gene_level_public_api_subset,False,cached_not_found,30
GCK,p.Gly81Asp,3236689,Likely pathogenic,"criteria provided, single submitter",training,7-44152392-C-T,True,True,True,not_found,,,,exact_variant_id_not_observed_in_complete_gene_level_public_api_subset,False,cached_not_found,30
GCK,p.Gly81Val,3766875,Likely pathogenic,"criteria provided, single submitter",training,7-44152392-C-A,True,True,True,not_found,,,,exact_variant_id_not_observed_in_complete_gene_level_public_api_subset,False,cached_not_found,30
GCK,p.His156Asn,4070585,Likely pathogenic,"criteria provided, single submitter",training,7-44150973-G-T,True,True,True,not_found,,,,exact_variant_id_not_observed_in_complete_gene_level_public_api_subset,False,cached_not_found,30
GCK,p.Ile110Asn,4747574,Likely pathogenic,"criteria provided, single submitter",training,7-44152305-A-T,True,True,True,not_found,,,,exact_variant_id_not_observed_in_complete_gene_level_public_api_subset,False,cached_not_found,30
GCK,p.Ile19Met,36230,Likely pathogenic,"criteria provided, single submitter",training,7-44153452-G-C,True,True,True,not_found,,,,exact_variant_id_not_observed_in_complete_gene_level_public_api_subset,False,cached_not_found,30
GCK,p.Ile211Thr,2684209,Pathogenic,"criteria provided, single submitter",training,7-44149807-A-G,True,True,True,not_found,,,,exact_variant_id_not_observed_in_complete_gene_level_public_api_subset,False,cached_not_found,30
GCK,p.Leu164Phe,3766600,Likely pathogenic,"criteria provided, single submitter",training,7-44150058-G-A,True,True,True,not_found,,,,exact_variant_id_not_observed_in_complete_gene_level_public_api_subset,False,cached_not_found,30
GCK,p.Leu165Phe,4687710,Likely pathogenic,"criteria provided, single submitter",training,7-44150055-G-A,True,True,True,found,6.842107423823397e-07,1.0,1461538.0,,False,cached_found,30
GCK,p.Leu185Pro,2664850,Likely pathogenic,"criteria provided, single submitter",training,7-44149994-A-G,True,True,True,not_found,,,,exact_variant_id_not_observed_in_complete_gene_level_public_api_subset,False,cached_not_found,30
GCK,p.Leu20Pro,2504386,Likely pathogenic,"criteria provided, single submitter",training,7-44153450-A-G,True,True,True,not_found,,,,exact_variant_id_not_observed_in_complete_gene_level_public_api_subset,False,cached_not_found,30
GCK,p.Leu25Pro,4262524,Likely pathogenic,"criteria provided, single submitter",training,7-44153435-A-G,True,True,True,not_found,,,,exact_variant_id_not_observed_in_complete_gene_level_public_api_subset,False,cached_not_found,30
GCK,p.Leu306Gln,1685328,Likely pathogenic,"criteria provided, single submitter",training,7-44146565-A-T,True,True,True,not_found,,,,exact_variant_id_not_observed_in_complete_gene_level_public_api_subset,False,cached_not_found,30
GCK,p.Leu309Pro,1338573,Pathogenic,"criteria provided, single submitter",training,7-44146556-A-G,True,True,True,not_found,,,,exact_variant_id_not_observed_in_complete_gene_level_public_api_subset,False,cached_not_found,30
GCK,p.Leu314Arg,1679546,Likely pathogenic,"criteria provided, single submitter",training,7-44146541-A-C,True,True,True,not_found,,,,exact_variant_id_not_observed_in_complete_gene_level_public_api_subset,False,cached_not_found,30
GCK,p.Lys161Arg,2580878,Likely pathogenic,"criteria provided, single submitter",training,7-44150957-T-C,True,True,True,not_found,,,,exact_variant_id_not_observed_in_complete_gene_level_public_api_subset,False,cached_not_found,30
GCK,p.Lys414Met,3594705,Likely pathogenic,"criteria provided, single submitter",training,7-44145509-T-A,True,True,True,found,6.87579157550513e-07,1.0,1454378.0,,False,cached_found,30
GCK,p.Lys420Asn,1763107,Likely pathogenic,"criteria provided, single submitter",training,7-44145274-C-A,True,True,True,not_found,,,,exact_variant_id_not_observed_in_complete_gene_level_public_api_subset,False,cached_not_found,30
GCK,p.Met251Thr,36251,Likely pathogenic,"criteria provided, single submitter",training,7-44147761-A-G,True,True,True,found,6.843315449468958e-07,1.0,1461280.0,,False,cached_found,30
GCK,p.Met41Arg,1700673,Likely pathogenic,"criteria provided, single submitter",training,7-44153387-A-C,True,True,True,not_found,,,,exact_variant_id_not_observed_in_complete_gene_level_public_api_subset,False,cached_not_found,30
GCK,p.Phe171Cys,4747572,Pathogenic,"criteria provided, single submitter",training,7-44150036-A-C,True,True,True,not_found,,,,exact_variant_id_not_observed_in_complete_gene_level_public_api_subset,False,cached_not_found,30
GCK,p.Phe171Val,1338246,Likely pathogenic,"criteria provided, single submitter",training,7-44150037-A-C,True,True,True,not_found,,,,exact_variant_id_not_observed_in_complete_gene_level_public_api_subset,False,cached_not_found,30
GCK,p.Phe330Ser,522430,Likely pathogenic,"criteria provided, single submitter",training,7-44146493-A-G,True,True,True,not_found,,,,exact_variant_id_not_observed_in_complete_gene_level_public_api_subset,False,cached_not_found,30
GCK,p.Ser151Tyr,1346275,Likely pathogenic,"criteria provided, single submitter",training,7-44150987-G-T,True,True,True,not_found,,,,exact_variant_id_not_observed_in_complete_gene_level_public_api_subset,False,cached_not_found,30
GCK,p.Ser411Pro,4685911,Likely pathogenic,"criteria provided, single submitter",training,7-44145519-A-G,True,True,True,not_found,,,,exact_variant_id_not_observed_in_complete_gene_level_public_api_subset,False,cached_not_found,30
GCK,p.Thr103Ser,2136529,Likely pathogenic,"criteria provided, single submitter",training,7-44152326-G-C,True,True,True,found,4.7883088650750325e-06,7.0,1461894.0,,False,cached_found,30
GCK,p.Thr206Ala,3720741,Likely pathogenic,"criteria provided, single submitter",training,7-44149823-T-C,True,True,True,not_found,,,,exact_variant_id_not_observed_in_complete_gene_level_public_api_subset,False,cached_not_found,30
GCK,p.Thr332Met,1801684,Likely pathogenic,"criteria provided, single submitter",training,7-44146487-G-A,True,True,True,found,0.0,0.0,1454812.0,,False,cached_found,30
GCK,p.Thr82Ile,1723231,Likely pathogenic,"criteria provided, single submitter",training,7-44152389-G-A,True,True,True,not_found,,,,exact_variant_id_not_observed_in_complete_gene_level_public_api_subset,False,cached_not_found,30
GCK,p.Trp167Cys,1685845,Pathogenic,"criteria provided, single submitter",training,7-44150047-C-G,True,True,True,not_found,,,,exact_variant_id_not_observed_in_complete_gene_level_public_api_subset,False,cached_not_found,30
GCK,p.Tyr214Cys,16144,Pathogenic,"criteria provided, single submitter",training,7-44149798-T-C,True,True,True,not_found,,,,exact_variant_id_not_observed_in_complete_gene_level_public_api_subset,False,cached_not_found,30
GCK,p.Val154Ala,1700679,Likely pathogenic,"criteria provided, single submitter",training,7-44150978-A-G,True,True,True,found,2.0522474846286665e-06,3.0,1461812.0,,False,cached_found,30
GCK,p.Val154Met,3383432,Likely pathogenic,"criteria provided, single submitter",training,7-44150979-C-T,True,True,True,not_found,,,,exact_variant_id_not_observed_in_complete_gene_level_public_api_subset,False,cached_not_found,30
GCK,p.Val182Leu,4055754,Likely pathogenic,"criteria provided, single submitter",training,7-44150004-C-A,True,True,True,not_found,,,,exact_variant_id_not_observed_in_complete_gene_level_public_api_subset,False,cached_not_found,30
GCK,p.Val200Leu,3342694,Likely pathogenic,"criteria provided, single submitter",training,7-44149841-C-A,True,True,True,not_found,,,,exact_variant_id_not_observed_in_complete_gene_level_public_api_subset,False,cached_not_found,30
GCK,p.Val226Gly,2580858,Likely pathogenic,"criteria provided, single submitter",training,7-44149762-A-C,True,True,True,not_found,,,,exact_variant_id_not_observed_in_complete_gene_level_public_api_subset,False,cached_not_found,30
GCK,p.Val244Gly,1758315,Likely pathogenic,"criteria provided, single submitter",training,7-44147782-A-C,True,True,True,not_found,,,,exact_variant_id_not_observed_in_complete_gene_level_public_api_subset,False,cached_not_found,30
GCK,p.Val253Leu,3346399,Likely pathogenic,no assertion criteria provided,training,7-44147756-C-G,True,True,True,found,6.843427845634167e-07,1.0,1461256.0,,False,cached_found,30
GCK,p.Val253Phe,449696,Likely pathogenic,"criteria provided, single submitter",training,7-44147756-C-A,True,True,True,not_found,,,,exact_variant_id_not_observed_in_complete_gene_level_public_api_subset,False,cached_not_found,30
GCK,p.Val302Glu,3571584,Likely pathogenic,"criteria provided, single submitter",training,7-44146577-A-T,True,True,True,not_found,,,,exact_variant_id_not_observed_in_complete_gene_level_public_api_subset,False,cached_not_found,30
GCK,p.Val389Leu,435300,Pathogenic,"criteria provided, single submitter",training,7-44145585-C-G,True,True,True,not_found,,,,exact_variant_id_not_observed_in_complete_gene_level_public_api_subset,False,cached_not_found,30
GCK,p.Val412Leu,1879689,Likely pathogenic,"criteria provided, single submitter",training,7-44145516-C-G,True,True,True,not_found,,,,exact_variant_id_not_observed_in_complete_gene_level_public_api_subset,False,cached_not_found,30
GCK,p.Val452Leu,2506148,Likely pathogenic,"criteria provided, single submitter",training,7-44145180-C-G,True,True,True,not_found,,,,exact_variant_id_not_observed_in_complete_gene_level_public_api_subset,False,cached_not_found,30
GCK,p.Val455Met,16140,Pathogenic,"criteria provided, single submitter",training,7-44145171-C-T,True,True,True,found,0.0,0.0,1457848.0,,False,cached_found,30
GCK,p.Val91Leu,4747575,Pathogenic,"criteria provided, single submitter",training,7-44152363-C-A,True,True,True,not_found,,,,exact_variant_id_not_observed_in_complete_gene_level_public_api_subset,False,cached_not_found,30
KRAS,p.Arg68Gly,2828010,Likely pathogenic,"criteria provided, single submitter",training,12-25227322-T-C,True,True,True,not_found,,,,exact_variant_id_not_observed_in_complete_gene_level_public_api_subset,False,cached_not_found,30
KRAS,p.Arg68Ser,4698285,Pathogenic,"criteria provided, single submitter",training,12-25227320-C-G,True,True,True,not_found,,,,exact_variant_id_not_observed_in_complete_gene_level_public_api_subset,False,cached_not_found,30
KRAS,p.Arg68Trp,3238829,Likely pathogenic,"criteria provided, single submitter",training,12-25227322-T-A,True,True,True,not_found,,,,exact_variant_id_not_observed_in_complete_gene_level_public_api_subset,False,cached_not_found,30
KRAS,p.Arg97Lys,163761,Likely pathogenic,no assertion criteria provided,training,12-25227234-C-T,True,True,True,found,6.863898502160069e-07,1.0,1456898.0,,False,cached_found,30
KRAS,p.Asn116His,1219824,Pathogenic,"criteria provided, single submitter",training,12-25225718-T-G,True,True,True,not_found,,,,exact_variant_id_not_observed_in_complete_gene_level_public_api_subset,False,cached_not_found,30
KRAS,p.Asn116Ser,156338,Likely pathogenic,"criteria provided, single submitter",training,12-25225717-T-C,True,True,True,not_found,,,,exact_variant_id_not_observed_in_complete_gene_level_public_api_subset,False,cached_not_found,30
KRAS,p.Gly77Cys,1676497,Likely pathogenic,"criteria provided, single submitter",training,12-25227295-C-A,True,True,True,not_found,,,,exact_variant_id_not_observed_in_complete_gene_level_public_api_subset,False,cached_not_found,30
KRAS,p.Lys117Arg,4279977,Likely pathogenic,"criteria provided, single submitter",training,12-25225714-T-C,True,True,True,found,6.845601564083046e-07,1.0,1460792.0,,False,cached_found,30
KRAS,p.Lys117Thr,3224559,Likely pathogenic,"criteria provided, single submitter",training,12-25225714-T-G,True,True,True,not_found,,,,exact_variant_id_not_observed_in_complete_gene_level_public_api_subset,False,cached_not_found,30
KRAS,p.Thr74Ile,981550,Likely pathogenic,no assertion criteria provided,training,12-25227303-G-A,True,True,True,not_found,,,,exact_variant_id_not_observed_in_complete_gene_level_public_api_subset,False,cached_not_found,30
KRAS,p.Tyr71His,31940,Pathogenic,no assertion criteria provided,training,12-25227313-A-G,True,True,True,not_found,,,,exact_variant_id_not_observed_in_complete_gene_level_public_api_subset,False,cached_not_found,30
MSH2,p.Ala120Ser,3913543,Likely benign,"criteria provided, single submitter",training,2-47408547-G-T,True,True,True,not_found,,,,exact_variant_id_not_observed_in_complete_gene_level_public_api_subset,False,cached_not_found,30
MSH2,p.Ala14Pro,3874885,Likely benign,"criteria provided, single submitter",training,2-47403231-G-C,True,True,True,not_found,,,,exact_variant_id_not_observed_in_complete_gene_level_public_api_subset,False,cached_not_found,30
MSH2,p.Ala154Pro,1741885,Likely benign,"criteria provided, single submitter",training,2-47410187-G-C,True,True,True,found,1.3681050923607748e-06,2.0,1461876.0,,False,cached_found,30
MSH2,p.Ala15Pro,3874883,Likely benign,"criteria provided, single submitter",training,2-47403234-G-C,True,True,True,not_found,,,,exact_variant_id_not_observed_in_complete_gene_level_public_api_subset,False,cached_not_found,30
MSH2,p.Ala189Val,1748949,Likely benign,"criteria provided, single submitter",training,2-47410293-C-T,True,True,True,not_found,,,,exact_variant_id_not_observed_in_complete_gene_level_public_api_subset,False,cached_not_found,30
MSH2,p.Ala256Gly,4799755,Benign,"criteria provided, single submitter",training,2-47412535-C-G,True,True,True,found,1.372163737554475e-06,2.0,1457552.0,,False,cached_found,30
MSH2,p.Ala327Ser,4652438,Likely benign,"criteria provided, single submitter",training,2-47416332-G-T,True,True,True,not_found,,,,exact_variant_id_not_observed_in_complete_gene_level_public_api_subset,False,cached_not_found,30
MSH2,p.Ala391Gly,2567745,Likely benign,"criteria provided, single submitter",training,2-47429837-C-G,True,True,True,not_found,,,,exact_variant_id_not_observed_in_complete_gene_level_public_api_subset,False,cached_not_found,30
MSH2,p.Ala398Gly,4652783,Likely benign,"criteria provided, single submitter",training,2-47429858-C-G,True,True,True,not_found,,,,exact_variant_id_not_observed_in_complete_gene_level_public_api_subset,False,cached_not_found,30
MSH2,p.Ala420Thr,4652661,Likely benign,"criteria provided, single submitter",training,2-47429923-G-A,True,True,True,not_found,,,,exact_variant_id_not_observed_in_complete_gene_level_public_api_subset,False,cached_not_found,30
MSH2,p.Ala573Val,819917,Likely benign,"criteria provided, single submitter",training,2-47471021-C-T,True,True,True,found,0.0,0.0,1424732.0,,False,cached_found,30
MSH2,p.Ala576Pro,90762,Likely benign,"criteria provided, single submitter",training,2-47471029-G-C,True,True,True,found,6.571511184712037e-06,1.0,152172.0,,False,cached_found,30
MSH2,p.Ala600Asp,1780308,Likely pathogenic,"criteria provided, single submitter",training,2-47475064-C-A,True,True,True,not_found,,,,exact_variant_id_not_observed_in_complete_gene_level_public_api_subset,False,cached_not_found,30
MSH2,p.Ala600Thr,651698,Likely benign,"criteria provided, single submitter",training,2-47475063-G-A,True,True,True,not_found,,,,exact_variant_id_not_observed_in_complete_gene_level_public_api_subset,False,cached_not_found,30
MSH2,p.Ala623Gly,3913563,Benign,"criteria provided, single submitter",training,2-47475133-C-G,True,True,True,found,1.3681107075184524e-06,2.0,1461870.0,,False,cached_found,30
MSH2,p.Ala636Thr,2447350,Benign,"criteria provided, single submitter",training,2-47475171-G-A,True,True,True,found,6.840544178970525e-07,1.0,1461872.0,,False,cached_found,30
MSH2,p.Ala870Glu,3874879,Likely benign,"criteria provided, single submitter",training,2-47480846-C-A,True,True,True,found,2.736315004583328e-06,4.0,1461820.0,,False,cached_found,30
MSH2,p.Ala917Pro,4799780,Likely benign,"criteria provided, single submitter",training,2-47482893-G-C,True,True,True,found,6.571252086372537e-06,1.0,152178.0,,False,cached_found,30
MSH2,p.Ala917Val,4771574,Benign,"criteria provided, single submitter",training,2-47482894-C-T,True,True,True,found,6.851370479637042e-07,1.0,1459562.0,,False,cached_found,30
MSH2,p.Arg106Gly,1728407,Likely benign,"criteria provided, single submitter",training,2-47408505-A-G,True,True,True,found,6.849643476057071e-07,1.0,1459930.0,,False,cached_found,30
MSH2,p.Arg21Gly,2453494,Likely benign,"criteria provided, single submitter",training,2-47403252-C-G,True,True,True,not_found,,,,exact_variant_id_not_observed_in_complete_gene_level_public_api_subset,False,cached_not_found,30
MSH2,p.Arg227Ile,2496585,Likely benign,"criteria provided, single submitter",training,2-47412448-G-T,True,True,True,not_found,,,,exact_variant_id_not_observed_in_complete_gene_level_public_api_subset,False,cached_not_found,30
MSH2,p.Arg308Gly,3230860,Likely benign,"criteria provided, single submitter",training,2-47414398-A-G,True,True,True,not_found,,,,exact_variant_id_not_observed_in_complete_gene_level_public_api_subset,False,cached_not_found,30
MSH2,p.Arg355Lys,1781308,Likely benign,"criteria provided, single submitter",training,2-47416417-G-A,True,True,True,not_found,,,,exact_variant_id_not_observed_in_complete_gene_level_public_api_subset,False,cached_not_found,30
MSH2,p.Arg355Ser,3874888,Likely benign,"criteria provided, single submitter",training,2-47416418-A-C,True,True,True,not_found,,,,exact_variant_id_not_observed_in_complete_gene_level_public_api_subset,False,cached_not_found,30
MSH2,p.Arg35Leu,1061189,Likely benign,"criteria provided, single submitter",training,2-47403295-G-T,True,True,True,found,1.3794663672305005e-06,2.0,1449836.0,,False,cached_found,30
MSH2,p.Arg396Lys,2587532,Likely benign,"criteria provided, single submitter",training,2-47429852-G-A,True,True,True,not_found,,,,exact_variant_id_not_observed_in_complete_gene_level_public_api_subset,False,cached_not_found,30
MSH2,p.Arg396Thr,2802720,Likely benign,"criteria provided, single submitter",training,2-47429852-G-C,True,True,True,found,1.3681649897524442e-06,2.0,1461812.0,,False,cached_found,30
MSH2,p.Arg631Ile,960608,Benign,"criteria provided, single submitter",training,2-47475157-G-T,True,True,True,found,6.840534820374396e-07,1.0,1461874.0,,False,cached_found,30
MSH2,p.Arg737Lys,1503460,Likely pathogenic,"criteria provided, single submitter",training,2-47476571-G-A,True,True,True,not_found,,,,exact_variant_id_not_observed_in_complete_gene_level_public_api_subset,False,cached_not_found,30
MSH2,p.Arg929Gly,3913559,Likely benign,"criteria provided, single submitter",training,2-47482929-C-G,True,True,True,not_found,,,,exact_variant_id_not_observed_in_complete_gene_level_public_api_subset,False,cached_not_found,30
MSH2,p.Arg99Ile,1798272,Likely benign,"criteria provided, single submitter",training,2-47408485-G-T,True,True,True,not_found,,,,exact_variant_id_not_observed_in_complete_gene_level_public_api_subset,False,cached_not_found,30
MSH2,p.Asn109His,4111014,Likely benign,"criteria provided, single submitter",training,2-47408514-A-C,True,True,True,not_found,,,,exact_variant_id_not_observed_in_complete_gene_level_public_api_subset,False,cached_not_found,30
MSH2,p.Asn115Ser,4111038,Likely benign,"criteria provided, single submitter",training,2-47408533-A-G,True,True,True,not_found,,,,exact_variant_id_not_observed_in_complete_gene_level_public_api_subset,False,cached_not_found,30
MSH2,p.Asn311Asp,3398638,Likely benign,"criteria provided, single submitter",training,2-47414407-A-G,True,True,True,not_found,,,,exact_variant_id_not_observed_in_complete_gene_level_public_api_subset,False,cached_not_found,30
MSH2,p.Asn311Lys,3633390,Likely benign,"criteria provided, single submitter",training,2-47414409-C-G,True,True,True,found,9.734842363697604e-07,1.0,1027238.0,,False,cached_found,30
MSH2,p.Asn361His,3913579,Likely benign,"criteria provided, single submitter",training,2-47429746-A-C,True,True,True,not_found,,,,exact_variant_id_not_observed_in_complete_gene_level_public_api_subset,False,cached_not_found,30
MSH2,p.Asn400His,1746476,Likely benign,"criteria provided, single submitter",training,2-47429863-A-C,True,True,True,not_found,,,,exact_variant_id_not_observed_in_complete_gene_level_public_api_subset,False,cached_not_found,30
MSH2,p.Asn412His,1756350,Likely benign,"criteria provided, single submitter",training,2-47429899-A-C,True,True,True,not_found,,,,exact_variant_id_not_observed_in_complete_gene_level_public_api_subset,False,cached_not_found,30
MSH2,p.Asn560Asp,1777832,Likely benign,"criteria provided, single submitter",training,2-47470981-A-G,True,True,True,not_found,,,,exact_variant_id_not_observed_in_complete_gene_level_public_api_subset,False,cached_not_found,30
MSH2,p.Asn653Ser,3398633,Likely benign,"criteria provided, single submitter",training,2-47475223-A-G,True,True,True,found,6.840824948762221e-07,1.0,1461812.0,,False,cached_found,30
MSH2,p.Asn903Asp,3230842,Benign,"criteria provided, single submitter",training,2-47482851-A-G,True,True,True,found,6.842781618098884e-07,1.0,1461394.0,,False,cached_found,30
MSH2,p.Asn903Lys,2587533,Likely benign,"criteria provided, single submitter",training,2-47482853-C-G,True,True,True,not_found,,,,exact_variant_id_not_observed_in_complete_gene_level_public_api_subset,False,cached_not_found,30
MSH2,p.Asp133His,3398603,Likely benign,"criteria provided, single submitter",training,2-47410124-G-C,True,True,True,not_found,,,,exact_variant_id_not_observed_in_complete_gene_level_public_api_subset,False,cached_not_found,30
MSH2,p.Asp295Ala,1764866,Likely benign,"criteria provided, single submitter",training,2-47414360-A-C,True,True,True,found,6.935880558588076e-07,1.0,1441778.0,,False,cached_found,30
MSH2,p.Asp403Glu,3230806,Likely benign,"criteria provided, single submitter",training,2-47429874-T-G,True,True,True,not_found,,,,exact_variant_id_not_observed_in_complete_gene_level_public_api_subset,False,cached_not_found,30
MSH2,p.Asp446His,1770251,Likely benign,"criteria provided, single submitter",training,2-47445607-G-C,True,True,True,not_found,,,,exact_variant_id_not_observed_in_complete_gene_level_public_api_subset,False,cached_not_found,30
MSH2,p.Asp487Gly,1773149,Likely benign,"criteria provided, single submitter",training,2-47463104-A-G,True,True,True,not_found,,,,exact_variant_id_not_observed_in_complete_gene_level_public_api_subset,False,cached_not_found,30
MSH2,p.Asp514Asn,1774845,Likely benign,"criteria provided, single submitter",training,2-47466687-G-A,True,True,True,found,6.8410215013305785e-06,10.0,1461770.0,,False,cached_found,30
MSH2,p.Asp543Ala,2587528,Likely benign,"criteria provided, single submitter",training,2-47466775-A-C,True,True,True,not_found,,,,exact_variant_id_not_observed_in_complete_gene_level_public_api_subset,False,cached_not_found,30
MSH2,p.Asp597Glu,3913542,Likely benign,"criteria provided, single submitter",training,2-47475056-T-A,True,True,True,not_found,,,,exact_variant_id_not_observed_in_complete_gene_level_public_api_subset,False,cached_not_found,30
MSH2,p.Asp654Asn,1783429,Likely benign,"criteria provided, single submitter",training,2-47475225-G-A,True,True,True,not_found,,,,exact_variant_id_not_observed_in_complete_gene_level_public_api_subset,False,cached_not_found,30
MSH2,p.Asp748Tyr,1788302,Likely pathogenic,"criteria provided, single submitter",training,2-47478303-G-T,True,True,True,not_found,,,,exact_variant_id_not_observed_in_complete_gene_level_public_api_subset,False,cached_not_found,30
MSH2,p.Asp864Tyr,483714,Likely benign,"criteria provided, single submitter",training,2-47480827-G-T,True,True,True,not_found,,,,exact_variant_id_not_observed_in_complete_gene_level_public_api_subset,False,cached_not_found,30
MSH2,p.Asp91His,619519,Likely benign,"criteria provided, single submitter",training,2-47408460-G-C,True,True,True,not_found,,,,exact_variant_id_not_observed_in_complete_gene_level_public_api_subset,False,cached_not_found,30
MSH2,p.Cys199Trp,826091,Likely pathogenic,"criteria provided, single submitter",training,2-47410324-T-G,True,True,True,not_found,,,,exact_variant_id_not_observed_in_complete_gene_level_public_api_subset,False,cached_not_found,30
MSH2,p.Cys822Ser,2191723,Likely benign,"criteria provided, single submitter",training,2-47480702-G-C,True,True,True,found,6.840909184194216e-07,1.0,1461794.0,,False,cached_found,30
MSH2,p.Gln193Arg,3398647,Likely benign,"criteria provided, single submitter",training,2-47410305-A-G,True,True,True,not_found,,,,exact_variant_id_not_observed_in_complete_gene_level_public_api_subset,False,cached_not_found,30
MSH2,p.Gln193Lys,1749593,Likely benign,"criteria provided, single submitter",training,2-47410304-C-A,True,True,True,not_found,,,,exact_variant_id_not_observed_in_complete_gene_level_public_api_subset,False,cached_not_found,30
MSH2,p.Gln239His,3230854,Likely benign,"criteria provided, single submitter",training,2-47412485-G-T,True,True,True,not_found,,,,exact_variant_id_not_observed_in_complete_gene_level_public_api_subset,False,cached_not_found,30
MSH2,p.Gln24Pro,3874914,Likely benign,"criteria provided, single submitter",training,2-47403262-A-C,True,True,True,not_found,,,,exact_variant_id_not_observed_in_complete_gene_level_public_api_subset,False,cached_not_found,30
MSH2,p.Gln252Leu,1759505,Likely benign,"criteria provided, single submitter",training,2-47412523-A-T,True,True,True,not_found,,,,exact_variant_id_not_observed_in_complete_gene_level_public_api_subset,False,cached_not_found,30
MSH2,p.Gln288Arg,1764125,Likely benign,"criteria provided, single submitter",training,2-47414339-A-G,True,True,True,not_found,,,,exact_variant_id_not_observed_in_complete_gene_level_public_api_subset,False,cached_not_found,30
MSH2,p.Gln314His,483693,Likely pathogenic,"criteria provided, single submitter",training,2-47414418-G-T,True,True,True,found,3.732561937199645e-05,16.0,428660.0,,False,cached_found,30
MSH2,p.Gln344Glu,1771017,Likely benign,"criteria provided, single submitter",training,2-47416383-C-G,True,True,True,not_found,,,,exact_variant_id_not_observed_in_complete_gene_level_public_api_subset,False,cached_not_found,30
MSH2,p.Gln377Glu,837376,Likely benign,"criteria provided, single submitter",training,2-47429794-C-G,True,True,True,found,6.840834308152222e-07,1.0,1461810.0,,False,cached_found,30
MSH2,p.Gln397Pro,3296235,Likely benign,"criteria provided, single submitter",training,2-47429855-A-C,True,True,True,not_found,,,,exact_variant_id_not_observed_in_complete_gene_level_public_api_subset,False,cached_not_found,30
MSH2,p.Gln4His,619517,Likely benign,"criteria provided, single submitter",training,2-47403203-G-T,True,True,True,found,1.3838436256702993e-06,2.0,1445250.0,,False,cached_found,30
MSH2,p.Gln510Arg,3296209,Likely benign,"criteria provided, single submitter",training,2-47466676-A-G,True,True,True,not_found,,,,exact_variant_id_not_observed_in_complete_gene_level_public_api_subset,False,cached_not_found,30
MSH2,p.Gln510Pro,3398595,Likely benign,"criteria provided, single submitter",training,2-47466676-A-C,True,True,True,not_found,,,,exact_variant_id_not_observed_in_complete_gene_level_public_api_subset,False,cached_not_found,30
MSH2,p.Gln518Glu,2453457,Likely benign,"criteria provided, single submitter",training,2-47466699-C-G,True,True,True,not_found,,,,exact_variant_id_not_observed_in_complete_gene_level_public_api_subset,False,cached_not_found,30
MSH2,p.Gln518His,3913555,Likely benign,"criteria provided, single submitter",training,2-47466701-G-C,True,True,True,not_found,,,,exact_variant_id_not_observed_in_complete_gene_level_public_api_subset,False,cached_not_found,30
MSH2,p.Gln61Arg,1780911,Likely benign,"criteria provided, single submitter",training,2-47403373-A-G,True,True,True,found,1.3748217887256364e-06,2.0,1454734.0,,False,cached_found,30
MSH2,p.Gln61Lys,3913566,Likely benign,"criteria provided, single submitter",training,2-47403372-C-A,True,True,True,found,0.0,0.0,1454784.0,,False,cached_found,30
MSH2,p.Gln662Arg,1783863,Likely benign,"criteria provided, single submitter",training,2-47475250-A-G,True,True,True,not_found,,,,exact_variant_id_not_observed_in_complete_gene_level_public_api_subset,False,cached_not_found,30
MSH2,p.Gln76His,230330,Likely benign,"criteria provided, single submitter",training,2-47408417-G-C,True,True,True,found,6.849361981931384e-07,1.0,1459990.0,,False,cached_found,30
MSH2,p.Gln879Glu,3230840,Likely benign,"criteria provided, single submitter",training,2-47482779-C-G,True,True,True,not_found,,,,exact_variant_id_not_observed_in_complete_gene_level_public_api_subset,False,cached_not_found,30
MSH2,p.Gln893Arg,2447342,Likely benign,"criteria provided, single submitter",training,2-47482822-A-G,True,True,True,not_found,,,,exact_variant_id_not_observed_in_complete_gene_level_public_api_subset,False,cached_not_found,30
MSH2,p.Gln893Pro,3913581,Likely benign,"criteria provided, single submitter",training,2-47482822-A-C,True,True,True,not_found,,,,exact_variant_id_not_observed_in_complete_gene_level_public_api_subset,False,cached_not_found,30
MSH2,p.Glu198Ala,1750605,Likely pathogenic,"criteria provided, single submitter",training,2-47410320-A-C,True,True,True,not_found,,,,exact_variant_id_not_observed_in_complete_gene_level_public_api_subset,False,cached_not_found,30
MSH2,p.Glu205Asp,1751947,Likely benign,"criteria provided, single submitter",training,2-47410342-G-T,True,True,True,not_found,,,,exact_variant_id_not_observed_in_complete_gene_level_public_api_subset,False,cached_not_found,30
MSH2,p.Glu226Lys,1755344,Likely benign,"criteria provided, single submitter",training,2-47412444-G-A,True,True,True,not_found,,,,exact_variant_id_not_observed_in_complete_gene_level_public_api_subset,False,cached_not_found,30
MSH2,p.Glu28Ala,2453462,Likely benign,"criteria provided, single submitter",training,2-47403274-A-C,True,True,True,not_found,,,,exact_variant_id_not_observed_in_complete_gene_level_public_api_subset,False,cached_not_found,30
MSH2,p.Glu371Asp,1795591,Likely benign,"criteria provided, single submitter",training,2-47429778-A-C,True,True,True,not_found,,,,exact_variant_id_not_observed_in_complete_gene_level_public_api_subset,False,cached_not_found,30
MSH2,p.Glu378Ala,231853,Likely benign,"criteria provided, single submitter",training,2-47429798-A-C,True,True,True,found,6.5696116045619385e-06,1.0,152216.0,,False,cached_found,30
MSH2,p.Glu422Gln,3296233,Likely benign,"criteria provided, single submitter",training,2-47429929-G-C,True,True,True,not_found,,,,exact_variant_id_not_observed_in_complete_gene_level_public_api_subset,False,cached_not_found,30
MSH2,p.Glu455Ala,2567740,Likely benign,"criteria provided, single submitter",training,2-47445635-A-C,True,True,True,not_found,,,,exact_variant_id_not_observed_in_complete_gene_level_public_api_subset,False,cached_not_found,30
MSH2,p.Glu455Gly,2567762,Likely benign,"criteria provided, single submitter",training,2-47445635-A-G,True,True,True,not_found,,,,exact_variant_id_not_observed_in_complete_gene_level_public_api_subset,False,cached_not_found,30
MSH2,p.Glu48Gln,1772475,Likely benign,"criteria provided, single submitter",training,2-47403333-G-C,True,True,True,not_found,,,,exact_variant_id_not_observed_in_complete_gene_level_public_api_subset,False,cached_not_found,30
MSH2,p.Glu56Gly,3230817,Likely benign,"criteria provided, single submitter",training,2-47403358-A-G,True,True,True,not_found,,,,exact_variant_id_not_observed_in_complete_gene_level_public_api_subset,False,cached_not_found,30
MSH2,p.Glu571Lys,2445291,Benign,"criteria provided, single submitter",training,2-47471014-G-A,True,True,True,not_found,,,,exact_variant_id_not_observed_in_complete_gene_level_public_api_subset,False,cached_not_found,30
MSH2,p.Glu701Lys,2734197,Likely benign,"criteria provided, single submitter",training,2-47476462-G-A,True,True,True,found,1.3680976055555708e-06,2.0,1461884.0,,False,cached_found,30
MSH2,p.Glu749Gly,2674579,Likely pathogenic,"criteria provided, single submitter",training,2-47478307-A-G,True,True,True,not_found,,,,exact_variant_id_not_observed_in_complete_gene_level_public_api_subset,False,cached_not_found,30
MSH2,p.Glu7Asp,3296217,Likely benign,"criteria provided, single submitter",training,2-47403212-G-C,True,True,True,not_found,,,,exact_variant_id_not_observed_in_complete_gene_level_public_api_subset,False,cached_not_found,30
MSH2,p.Glu86Gln,2778099,Likely benign,"criteria provided, single submitter",training,2-47408445-G-C,True,True,True,found,6.855344014873354e-07,1.0,1458716.0,,False,cached_found,30
MSH2,p.Glu886Asp,4652698,Likely benign,"criteria provided, single submitter",training,2-47482802-G-T,True,True,True,not_found,,,,exact_variant_id_not_observed_in_complete_gene_level_public_api_subset,False,cached_not_found,30
MSH2,p.Glu886Val,1794396,Likely benign,"criteria provided, single submitter",training,2-47482801-A-T,True,True,True,not_found,,,,exact_variant_id_not_observed_in_complete_gene_level_public_api_subset,False,cached_not_found,30
MSH2,p.Glu925Gly,3296231,Likely benign,"criteria provided, single submitter",training,2-47482918-A-G,True,True,True,not_found,,,,exact_variant_id_not_observed_in_complete_gene_level_public_api_subset,False,cached_not_found,30
MSH2,p.Gly149Arg,1740769,Likely pathogenic,"criteria provided, single submitter",training,2-47410172-G-C,True,True,True,not_found,,,,exact_variant_id_not_observed_in_complete_gene_level_public_api_subset,False,cached_not_found,30
MSH2,p.Gly18Ala,2587526,Likely benign,"criteria provided, single submitter",training,2-47403244-G-C,True,True,True,not_found,,,,exact_variant_id_not_observed_in_complete_gene_level_public_api_subset,False,cached_not_found,30
MSH2,p.Gly18Arg,2567752,Likely benign,"criteria provided, single submitter",training,2-47403243-G-C,True,True,True,not_found,,,,exact_variant_id_not_observed_in_complete_gene_level_public_api_subset,False,cached_not_found,30
MSH2,p.Gly18Ser,3230848,Likely benign,"criteria provided, single submitter",training,2-47403243-G-A,True,True,True,not_found,,,,exact_variant_id_not_observed_in_complete_gene_level_public_api_subset,False,cached_not_found,30
MSH2,p.Gly195Arg,2567768,Likely benign,"criteria provided, single submitter",training,2-47410310-G-C,True,True,True,not_found,,,,exact_variant_id_not_observed_in_complete_gene_level_public_api_subset,False,cached_not_found,30
MSH2,p.Gly247Ala,3913577,Likely benign,"criteria provided, single submitter",training,2-47412508-G-C,True,True,True,not_found,,,,exact_variant_id_not_observed_in_complete_gene_level_public_api_subset,False,cached_not_found,30
MSH2,p.Gly338Asp,1734968,Likely pathogenic,"criteria provided, single submitter",training,2-47416366-GA-AT,True,True,True,not_found,,,,exact_variant_id_not_observed_in_complete_gene_level_public_api_subset,False,cached_not_found,30
MSH2,p.Gly47Arg,1991825,Likely benign,"criteria provided, single submitter",training,2-47403330-G-C,True,True,True,found,4.125520331251779e-06,6.0,1454362.0,,False,cached_found,30
MSH2,p.Gly587Cys,428463,Pathogenic,"criteria provided, single submitter",training,2-47471062-G-T,True,True,True,not_found,,,,exact_variant_id_not_observed_in_complete_gene_level_public_api_subset,False,cached_not_found,30
MSH2,p.Gly614Arg,1447487,Likely benign,"criteria provided, single submitter",training,2-47475105-G-A,True,True,True,found,6.840590972335282e-07,1.0,1461862.0,,False,cached_found,30
MSH2,p.Gly62Val,1781482,Likely benign,"criteria provided, single submitter",training,2-47403376-G-T,True,True,True,found,0.0,0.0,1454084.0,,False,cached_found,30
MSH2,p.Gly630Arg,486885,Likely benign,"criteria provided, single submitter",training,2-47475153-G-C,True,True,True,not_found,,,,exact_variant_id_not_observed_in_complete_gene_level_public_api_subset,False,cached_not_found,30
MSH2,p.Gly674Val,1784570,Likely pathogenic,"criteria provided, single submitter",training,2-47476382-G-T,True,True,True,not_found,,,,exact_variant_id_not_observed_in_complete_gene_level_public_api_subset,False,cached_not_found,30
MSH2,p.Gly715Ser,4799769,Likely benign,"criteria provided, single submitter",training,2-47476504-G-A,True,True,True,found,6.572547782422378e-06,1.0,152148.0,,False,cached_found,30
MSH2,p.His665Arg,3230825,Likely benign,"criteria provided, single submitter",training,2-47475259-A-G,True,True,True,found,6.844936184659951e-07,1.0,1460934.0,,False,cached_found,30
MSH2,p.His665Leu,4111039,Likely benign,"criteria provided, single submitter",training,2-47475259-A-T,True,True,True,found,6.844936184659951e-07,1.0,1460934.0,,False,cached_found,30
MSH2,p.His785Asp,2453482,Likely benign,"criteria provided, single submitter",training,2-47478414-C-G,True,True,True,not_found,,,,exact_variant_id_not_observed_in_complete_gene_level_public_api_subset,False,cached_not_found,30
MSH2,p.Ile145Phe,3398594,Likely benign,"criteria provided, single submitter",training,2-47410160-A-T,True,True,True,not_found,,,,exact_variant_id_not_observed_in_complete_gene_level_public_api_subset,False,cached_not_found,30
MSH2,p.Ile194Asn,3230849,Likely benign,"criteria provided, single submitter",training,2-47410308-T-A,True,True,True,not_found,,,,exact_variant_id_not_observed_in_complete_gene_level_public_api_subset,False,cached_not_found,30
MSH2,p.Ile217Val,1469992,Benign,"criteria provided, single submitter",training,2-47412417-A-G,True,True,True,found,0.0,0.0,1448764.0,,False,cached_found,30
MSH2,p.Ile222Phe,4111061,Likely benign,"criteria provided, single submitter",training,2-47412432-A-T,True,True,True,found,6.872058758851211e-07,1.0,1455168.0,,False,cached_found,30
MSH2,p.Ile237Phe,3230853,Likely benign,"criteria provided, single submitter",training,2-47412477-A-T,True,True,True,not_found,,,,exact_variant_id_not_observed_in_complete_gene_level_public_api_subset,False,cached_not_found,30
MSH2,p.Ile304Met,3913545,Likely benign,"criteria provided, single submitter",training,2-47414388-T-G,True,True,True,not_found,,,,exact_variant_id_not_observed_in_complete_gene_level_public_api_subset,False,cached_not_found,30
MSH2,p.Ile411Arg,1755986,Likely pathogenic,"criteria provided, single submitter",training,2-47429897-T-G,True,True,True,not_found,,,,exact_variant_id_not_observed_in_complete_gene_level_public_api_subset,False,cached_not_found,30
MSH2,p.Ile411Leu,2863370,Likely benign,"criteria provided, single submitter",training,2-47429896-A-T,True,True,True,found,2.052244676819349e-06,3.0,1461814.0,,False,cached_found,30
MSH2,p.Ile454Lys,1770848,Likely pathogenic,"criteria provided, single submitter",training,2-47445632-T-A,True,True,True,not_found,,,,exact_variant_id_not_observed_in_complete_gene_level_public_api_subset,False,cached_not_found,30
MSH2,p.Ile511Thr,2567751,Likely benign,"criteria provided, single submitter",training,2-47466679-T-C,True,True,True,not_found,,,,exact_variant_id_not_observed_in_complete_gene_level_public_api_subset,False,cached_not_found,30
MSH2,p.Ile544Phe,3398589,Likely benign,"criteria provided, single submitter",training,2-47466777-A-T,True,True,True,not_found,,,,exact_variant_id_not_observed_in_complete_gene_level_public_api_subset,False,cached_not_found,30
MSH2,p.Ile632Ser,1782145,Likely benign,"criteria provided, single submitter",training,2-47475160-T-G,True,True,True,not_found,,,,exact_variant_id_not_observed_in_complete_gene_level_public_api_subset,False,cached_not_found,30
MSH2,p.Ile667Met,1784261,Likely benign,"criteria provided, single submitter",training,2-47475266-T-G,True,True,True,not_found,,,,exact_variant_id_not_observed_in_complete_gene_level_public_api_subset,False,cached_not_found,30
MSH2,p.Ile685Leu,4759161,Likely benign,"criteria provided, single submitter",training,2-47476414-A-C,True,True,True,not_found,,,,exact_variant_id_not_observed_in_complete_gene_level_public_api_subset,False,cached_not_found,30
MSH2,p.Ile841Leu,4111026,Likely benign,"criteria provided, single submitter",training,2-47480758-A-T,True,True,True,found,6.84070327902271e-07,1.0,1461838.0,,False,cached_found,30
MSH2,p.Ile857Leu,3230838,Likely benign,"criteria provided, single submitter",training,2-47480806-A-C,True,True,True,not_found,,,,exact_variant_id_not_observed_in_complete_gene_level_public_api_subset,False,cached_not_found,30
MSH2,p.Ile930Lys,156505,Likely benign,"criteria provided, single submitter",training,2-47482933-T-A,True,True,True,found,6.852403343424639e-07,1.0,1459342.0,,False,cached_found,30
MSH2,p.Leu128Ile,3874906,Likely benign,"criteria provided, single submitter",training,2-47410109-C-A,True,True,True,found,0.0,0.0,1461366.0,,False,cached_found,30
MSH2,p.Leu128Pro,1735430,Likely benign,"criteria provided, single submitter",training,2-47410110-T-C,True,True,True,not_found,,,,exact_variant_id_not_observed_in_complete_gene_level_public_api_subset,False,cached_not_found,30
MSH2,p.Leu187His,1748628,Likely pathogenic,"criteria provided, single submitter",training,2-47410287-T-A,True,True,True,not_found,,,,exact_variant_id_not_observed_in_complete_gene_level_public_api_subset,False,cached_not_found,30
MSH2,p.Leu190Pro,428550,Likely pathogenic,"criteria provided, single submitter",training,2-47410296-T-C,True,True,True,not_found,,,,exact_variant_id_not_observed_in_complete_gene_level_public_api_subset,False,cached_not_found,30
MSH2,p.Leu191Arg,1749330,Likely pathogenic,"criteria provided, single submitter",training,2-47410299-T-G,True,True,True,not_found,,,,exact_variant_id_not_observed_in_complete_gene_level_public_api_subset,False,cached_not_found,30
MSH2,p.Leu241Val,455611,Likely benign,"criteria provided, single submitter",training,2-47412489-C-G,True,True,True,found,1.3705069642311389e-06,2.0,1459314.0,,False,cached_found,30
MSH2,p.Leu270Arg,2674583,Likely pathogenic,"criteria provided, single submitter",training,2-47414285-T-G,True,True,True,not_found,,,,exact_variant_id_not_observed_in_complete_gene_level_public_api_subset,False,cached_not_found,30
MSH2,p.Leu280Ser,822383,Likely benign,"criteria provided, single submitter",training,2-47414315-T-C,True,True,True,not_found,,,,exact_variant_id_not_observed_in_complete_gene_level_public_api_subset,False,cached_not_found,30
MSH2,p.Leu330Arg,2674575,Likely pathogenic,"criteria provided, single submitter",training,2-47416342-T-G,True,True,True,not_found,,,,exact_variant_id_not_observed_in_complete_gene_level_public_api_subset,False,cached_not_found,30
MSH2,p.Leu360Met,818348,Likely benign,"criteria provided, single submitter",training,2-47429743-T-A,True,True,True,not_found,,,,exact_variant_id_not_observed_in_complete_gene_level_public_api_subset,False,cached_not_found,30
MSH2,p.Leu401Phe,3913572,Likely benign,"criteria provided, single submitter",training,2-47429868-A-C,True,True,True,not_found,,,,exact_variant_id_not_observed_in_complete_gene_level_public_api_subset,False,cached_not_found,30
MSH2,p.Leu414Pro,90579,Likely pathogenic,"criteria provided, single submitter",training,2-47429906-T-C,True,True,True,not_found,,,,exact_variant_id_not_observed_in_complete_gene_level_public_api_subset,False,cached_not_found,30
MSH2,p.Leu432Phe,3296243,Likely benign,"criteria provided, single submitter",training,2-47445567-G-C,True,True,True,not_found,,,,exact_variant_id_not_observed_in_complete_gene_level_public_api_subset,False,cached_not_found,30
MSH2,p.Leu488Met,3398575,Likely benign,"criteria provided, single submitter",training,2-47463106-T-A,True,True,True,not_found,,,,exact_variant_id_not_observed_in_complete_gene_level_public_api_subset,False,cached_not_found,30
MSH2,p.Leu51Pro,3398591,Likely benign,"criteria provided, single submitter",training,2-47403343-T-C,True,True,True,not_found,,,,exact_variant_id_not_observed_in_complete_gene_level_public_api_subset,False,cached_not_found,30
MSH2,p.Leu595Pro,848798,Likely pathogenic,"criteria provided, single submitter",training,2-47475049-T-C,True,True,True,not_found,,,,exact_variant_id_not_observed_in_complete_gene_level_public_api_subset,False,cached_not_found,30
MSH2,p.Leu744Ile,3913540,Likely benign,"criteria provided, single submitter",training,2-47478291-T-A,True,True,True,not_found,,,,exact_variant_id_not_observed_in_complete_gene_level_public_api_subset,False,cached_not_found,30
MSH2,p.Leu800Val,1790646,Likely benign,"criteria provided, single submitter",training,2-47478459-C-G,True,True,True,not_found,,,,exact_variant_id_not_observed_in_complete_gene_level_public_api_subset,False,cached_not_found,30
MSH2,p.Lys104Asn,2453471,Likely benign,"criteria provided, single submitter",training,2-47408501-G-T,True,True,True,found,3.424990649775526e-06,5.0,1459858.0,,False,cached_found,30
MSH2,p.Lys104Glu,2587535,Likely benign,"criteria provided, single submitter",training,2-47408499-A-G,True,True,True,found,6.849099274954351e-07,1.0,1460046.0,,False,cached_found,30
MSH2,p.Lys122Thr,1733652,Likely benign,"criteria provided, single submitter",training,2-47408554-A-C,True,True,True,not_found,,,,exact_variant_id_not_observed_in_complete_gene_level_public_api_subset,False,cached_not_found,30
MSH2,p.Lys172Asn,3398642,Likely benign,"criteria provided, single submitter",training,2-47410243-A-T,True,True,True,not_found,,,,exact_variant_id_not_observed_in_complete_gene_level_public_api_subset,False,cached_not_found,30
MSH2,p.Lys212Arg,1753036,Likely benign,"criteria provided, single submitter",training,2-47410362-A-G,True,True,True,not_found,,,,exact_variant_id_not_observed_in_complete_gene_level_public_api_subset,False,cached_not_found,30
MSH2,p.Lys249Glu,1759007,Likely benign,"criteria provided, single submitter",training,2-47412513-A-G,True,True,True,not_found,,,,exact_variant_id_not_observed_in_complete_gene_level_public_api_subset,False,cached_not_found,30
MSH2,p.Lys29Arg,2453488,Likely benign,"criteria provided, single submitter",training,2-47403277-A-G,True,True,True,not_found,,,,exact_variant_id_not_observed_in_complete_gene_level_public_api_subset,False,cached_not_found,30
MSH2,p.Lys332Arg,1768723,Likely benign,"criteria provided, single submitter",training,2-47416348-A-G,True,True,True,not_found,,,,exact_variant_id_not_observed_in_complete_gene_level_public_api_subset,False,cached_not_found,30
MSH2,p.Lys353Asn,3230802,Likely benign,"criteria provided, single submitter",training,2-47416412-G-C,True,True,True,found,2.7377233640049608e-06,4.0,1461068.0,,False,cached_found,30
MSH2,p.Lys423Arg,2750348,Likely benign,"criteria provided, single submitter",training,2-47429933-A-G,True,True,True,found,1.3683203730588665e-06,2.0,1461646.0,,False,cached_found,30
MSH2,p.Lys430Gln,3230810,Likely benign,"criteria provided, single submitter",training,2-47445559-A-C,True,True,True,not_found,,,,exact_variant_id_not_observed_in_complete_gene_level_public_api_subset,False,cached_not_found,30
MSH2,p.Lys430Glu,3398610,Likely benign,"criteria provided, single submitter",training,2-47445559-A-G,True,True,True,not_found,,,,exact_variant_id_not_observed_in_complete_gene_level_public_api_subset,False,cached_not_found,30
MSH2,p.Lys537Asn,1776389,Likely benign,"criteria provided, single submitter",training,2-47466758-A-C,True,True,True,not_found,,,,exact_variant_id_not_observed_in_complete_gene_level_public_api_subset,False,cached_not_found,30
MSH2,p.Lys537Thr,2785469,Likely benign,"criteria provided, single submitter",training,2-47466757-A-C,True,True,True,found,2.0524384336884506e-06,3.0,1461676.0,,False,cached_found,30
MSH2,p.Lys567Glu,408500,Likely benign,"criteria provided, single submitter",training,2-47471002-A-G,True,True,True,found,7.023172254536618e-07,1.0,1423858.0,,False,cached_found,30
MSH2,p.Lys635Thr,2453470,Likely benign,"criteria provided, single submitter",training,2-47475169-A-C,True,True,True,not_found,,,,exact_variant_id_not_observed_in_complete_gene_level_public_api_subset,False,cached_not_found,30
MSH2,p.Lys73Gln,3398626,Likely benign,"criteria provided, single submitter",training,2-47408406-A-C,True,True,True,not_found,,,,exact_variant_id_not_observed_in_complete_gene_level_public_api_subset,False,cached_not_found,30
MSH2,p.Lys819Ile,4652740,Likely benign,"criteria provided, single submitter",training,2-47478517-A-T,True,True,True,not_found,,,,exact_variant_id_not_observed_in_complete_gene_level_public_api_subset,False,cached_not_found,30
MSH2,p.Lys845Gln,2755828,Likely benign,"criteria provided, single submitter",training,2-47480770-A-C,True,True,True,found,6.840759433749297e-07,1.0,1461826.0,,False,cached_found,30
MSH2,p.Lys882Asn,1794246,Likely benign,"criteria provided, single submitter",training,2-47482790-A-T,True,True,True,not_found,,,,exact_variant_id_not_observed_in_complete_gene_level_public_api_subset,False,cached_not_found,30
MSH2,p.Lys882Glu,3398559,Likely benign,"criteria provided, single submitter",training,2-47482788-A-G,True,True,True,not_found,,,,exact_variant_id_not_observed_in_complete_gene_level_public_api_subset,False,cached_not_found,30
MSH2,p.Met253Leu,1759602,Benign,"criteria provided, single submitter",training,2-47412525-A-T,True,True,True,not_found,,,,exact_variant_id_not_observed_in_complete_gene_level_public_api_subset,False,cached_not_found,30
MSH2,p.Met663Ile,4111024,Likely benign,"criteria provided, single submitter",training,2-47475254-G-T,True,True,True,found,6.857572337101798e-07,1.0,1458242.0,,False,cached_found,30
MSH2,p.Met67Leu,3398622,Benign,"criteria provided, single submitter",training,2-47403390-A-T,True,True,True,found,6.901130267115148e-07,1.0,1449038.0,,False,cached_found,30
MSH2,p.Met866Val,483675,Likely benign,"criteria provided, single submitter",training,2-47480833-A-G,True,True,True,not_found,,,,exact_variant_id_not_observed_in_complete_gene_level_public_api_subset,False,cached_not_found,30
MSH2,p.Met899Leu,3230841,Likely benign,"criteria provided, single submitter",training,2-47482839-A-C,True,True,True,not_found,,,,exact_variant_id_not_observed_in_complete_gene_level_public_api_subset,False,cached_not_found,30
MSH2,p.Phe131Tyr,4652383,Likely benign,"criteria provided, single submitter",training,2-47410119-T-A,True,True,True,not_found,,,,exact_variant_id_not_observed_in_complete_gene_level_public_api_subset,False,cached_not_found,30
MSH2,p.Phe19Leu,3772965,Benign,"criteria provided, single submitter",training,2-47403248-C-A,True,True,True,not_found,,,,exact_variant_id_not_observed_in_complete_gene_level_public_api_subset,False,cached_not_found,30
MSH2,p.Phe296Ser,1764968,Likely benign,"criteria provided, single submitter",training,2-47414363-T-C,True,True,True,not_found,,,,exact_variant_id_not_observed_in_complete_gene_level_public_api_subset,False,cached_not_found,30
MSH2,p.Phe313Leu,4111015,Likely benign,"criteria provided, single submitter",training,2-47414415-T-A,True,True,True,found,7.13551775316817e-07,1.0,1401440.0,,False,cached_found,30
MSH2,p.Phe394Leu,3296210,Likely benign,"criteria provided, single submitter",training,2-47429845-T-C,True,True,True,not_found,,,,exact_variant_id_not_observed_in_complete_gene_level_public_api_subset,False,cached_not_found,30
MSH2,p.Phe85Val,2567739,Likely benign,"criteria provided, single submitter",training,2-47408442-T-G,True,True,True,not_found,,,,exact_variant_id_not_observed_in_complete_gene_level_public_api_subset,False,cached_not_found,30
MSH2,p.Phe887Leu,4651382,Likely benign,"criteria provided, single submitter",training,2-47482803-T-C,True,True,True,not_found,,,,exact_variant_id_not_observed_in_complete_gene_level_public_api_subset,False,cached_not_found,30
MSH2,p.Pro125Ser,2453472,Likely benign,"criteria provided, single submitter",training,2-47410100-C-T,True,True,True,found,1.3687099224625828e-06,2.0,1461230.0,,False,cached_found,30
MSH2,p.Pro349His,2561334,Likely pathogenic,"criteria provided, single submitter",training,2-47416399-C-A,True,True,True,not_found,,,,exact_variant_id_not_observed_in_complete_gene_level_public_api_subset,False,cached_not_found,30
MSH2,p.Pro415His,2447346,Likely benign,"criteria provided, single submitter",training,2-47429909-C-A,True,True,True,not_found,,,,exact_variant_id_not_observed_in_complete_gene_level_public_api_subset,False,cached_not_found,30
MSH2,p.Pro507Leu,1774417,Likely benign,"criteria provided, single submitter",training,2-47466667-C-T,True,True,True,not_found,,,,exact_variant_id_not_observed_in_complete_gene_level_public_api_subset,False,cached_not_found,30
MSH2,p.Pro616Leu,1781260,Likely benign,"criteria provided, single submitter",training,2-47475112-C-T,True,True,True,not_found,,,,exact_variant_id_not_observed_in_complete_gene_level_public_api_subset,False,cached_not_found,30
MSH2,p.Pro652Arg,1783292,Likely benign,"criteria provided, single submitter",training,2-47475220-C-G,True,True,True,found,6.840909184194216e-07,1.0,1461794.0,,False,cached_found,30
MSH2,p.Pro696Arg,2674577,Likely pathogenic,"criteria provided, single submitter",training,2-47476448-C-G,True,True,True,not_found,,,,exact_variant_id_not_observed_in_complete_gene_level_public_api_subset,False,cached_not_found,30
MSH2,p.Pro696Gln,3230831,Likely pathogenic,"criteria provided, single submitter",training,2-47476448-C-A,True,True,True,not_found,,,,exact_variant_id_not_observed_in_complete_gene_level_public_api_subset,False,cached_not_found,30
MSH2,p.Pro795Ser,1790465,Likely benign,"criteria provided, single submitter",training,2-47478444-C-T,True,True,True,not_found,,,,exact_variant_id_not_observed_in_complete_gene_level_public_api_subset,False,cached_not_found,30
MSH2,p.Ser129Pro,1735603,Likely benign,"criteria provided, single submitter",training,2-47410112-T-C,True,True,True,found,6.841817186644772e-07,1.0,1461600.0,,False,cached_found,30
MSH2,p.Ser153Ala,2587518,Likely benign,"criteria provided, single submitter",training,2-47410184-T-G,True,True,True,not_found,,,,exact_variant_id_not_observed_in_complete_gene_level_public_api_subset,False,cached_not_found,30
MSH2,p.Ser185Pro,2567765,Likely benign,"criteria provided, single submitter",training,2-47410280-T-C,True,True,True,not_found,,,,exact_variant_id_not_observed_in_complete_gene_level_public_api_subset,False,cached_not_found,30
MSH2,p.Ser271Phe,2453500,Likely benign,"criteria provided, single submitter",training,2-47414288-C-T,True,True,True,not_found,,,,exact_variant_id_not_observed_in_complete_gene_level_public_api_subset,False,cached_not_found,30
MSH2,p.Ser297Thr,3913557,Likely benign,"criteria provided, single submitter",training,2-47414366-G-C,True,True,True,not_found,,,,exact_variant_id_not_observed_in_complete_gene_level_public_api_subset,False,cached_not_found,30
MSH2,p.Ser316Trp,2453460,Likely benign,"criteria provided, single submitter",training,2-47416300-CT-GG,True,True,True,not_found,,,,exact_variant_id_not_observed_in_complete_gene_level_public_api_subset,False,cached_not_found,30
MSH2,p.Ser473Ala,3874907,Likely benign,"criteria provided, single submitter",training,2-47463061-T-G,True,True,True,not_found,,,,exact_variant_id_not_observed_in_complete_gene_level_public_api_subset,False,cached_not_found,30
MSH2,p.Ser498Gly,1773807,Likely benign,"criteria provided, single submitter",training,2-47463136-A-G,True,True,True,not_found,,,,exact_variant_id_not_observed_in_complete_gene_level_public_api_subset,False,cached_not_found,30
MSH2,p.Ser516Thr,3230814,Likely benign,"criteria provided, single submitter",training,2-47466694-G-C,True,True,True,found,6.840974702075551e-07,1.0,1461780.0,,False,cached_found,30
MSH2,p.Ser554Ile,1777499,Likely pathogenic,"criteria provided, single submitter",training,2-47466808-G-T,True,True,True,not_found,,,,exact_variant_id_not_observed_in_complete_gene_level_public_api_subset,False,cached_not_found,30
MSH2,p.Ser585Ala,2567748,Likely benign,"criteria provided, single submitter",training,2-47471056-T-G,True,True,True,not_found,,,,exact_variant_id_not_observed_in_complete_gene_level_public_api_subset,False,cached_not_found,30
MSH2,p.Ser612Pro,2447337,Likely benign,"criteria provided, single submitter",training,2-47475099-T-C,True,True,True,not_found,,,,exact_variant_id_not_observed_in_complete_gene_level_public_api_subset,False,cached_not_found,30
MSH2,p.Ser676Leu,433893,Likely pathogenic,"criteria provided, single submitter",training,2-47476388-C-T,True,True,True,not_found,,,,exact_variant_id_not_observed_in_complete_gene_level_public_api_subset,False,cached_not_found,30
MSH2,p.Ser717Gly,848126,Likely benign,"criteria provided, single submitter",training,2-47476510-A-G,True,True,True,found,6.840488027777854e-07,1.0,1461884.0,,False,cached_found,30
MSH2,p.Ser860Trp,3230839,Likely benign,"criteria provided, single submitter",training,2-47480816-C-G,True,True,True,not_found,,,,exact_variant_id_not_observed_in_complete_gene_level_public_api_subset,False,cached_not_found,30
MSH2,p.Ser928Leu,2453497,Likely benign,"criteria provided, single submitter",training,2-47482927-C-T,True,True,True,not_found,,,,exact_variant_id_not_observed_in_complete_gene_level_public_api_subset,False,cached_not_found,30
MSH2,p.Thr234Lys,1756711,Likely benign,"criteria provided, single submitter",training,2-47412469-C-A,True,True,True,not_found,,,,exact_variant_id_not_observed_in_complete_gene_level_public_api_subset,False,cached_not_found,30
MSH2,p.Thr292Ile,2587515,Likely benign,"criteria provided, single submitter",training,2-47414351-C-T,True,True,True,not_found,,,,exact_variant_id_not_observed_in_complete_gene_level_public_api_subset,False,cached_not_found,30
MSH2,p.Thr31Ile,3673966,Likely benign,"criteria provided, single submitter",training,2-47403283-C-T,True,True,True,found,4.142387672254288e-06,6.0,1448440.0,,False,cached_found,30
MSH2,p.Thr31Pro,3398561,Likely benign,"criteria provided, single submitter",training,2-47403282-A-C,True,True,True,found,6.904694501791768e-07,1.0,1448290.0,,False,cached_found,30
MSH2,p.Thr335Pro,2561335,Likely pathogenic,"criteria provided, single submitter",training,2-47416356-A-C,True,True,True,not_found,,,,exact_variant_id_not_observed_in_complete_gene_level_public_api_subset,False,cached_not_found,30
MSH2,p.Thr335Ser,2453496,Likely benign,"criteria provided, single submitter",training,2-47416356-A-T,True,True,True,not_found,,,,exact_variant_id_not_observed_in_complete_gene_level_public_api_subset,False,cached_not_found,30
MSH2,p.Thr375Ser,3296219,Benign,"criteria provided, single submitter",training,2-47429788-A-T,True,True,True,found,6.840721997162468e-07,1.0,1461834.0,,False,cached_found,30
MSH2,p.Thr456Arg,1770951,Likely benign,"criteria provided, single submitter",training,2-47445638-C-G,True,True,True,not_found,,,,exact_variant_id_not_observed_in_complete_gene_level_public_api_subset,False,cached_not_found,30
MSH2,p.Thr495Lys,3296237,Likely benign,"criteria provided, single submitter",training,2-47463128-C-A,True,True,True,not_found,,,,exact_variant_id_not_observed_in_complete_gene_level_public_api_subset,False,cached_not_found,30
MSH2,p.Thr541Asn,1776628,Likely benign,"criteria provided, single submitter",training,2-47466769-C-A,True,True,True,not_found,,,,exact_variant_id_not_observed_in_complete_gene_level_public_api_subset,False,cached_not_found,30
MSH2,p.Thr594Ser,2567769,Likely benign,"criteria provided, single submitter",training,2-47475045-A-T,True,True,True,not_found,,,,exact_variant_id_not_observed_in_complete_gene_level_public_api_subset,False,cached_not_found,30
MSH2,p.Thr60Ser,1780163,Likely benign,"criteria provided, single submitter",training,2-47403369-A-T,True,True,True,not_found,,,,exact_variant_id_not_observed_in_complete_gene_level_public_api_subset,False,cached_not_found,30
MSH2,p.Thr732Pro,2674578,Likely pathogenic,"criteria provided, single submitter",training,2-47476555-A-C,True,True,True,not_found,,,,exact_variant_id_not_observed_in_complete_gene_level_public_api_subset,False,cached_not_found,30
MSH2,p.Thr740Ser,3296241,Likely benign,"criteria provided, single submitter",training,2-47478279-A-T,True,True,True,not_found,,,,exact_variant_id_not_observed_in_complete_gene_level_public_api_subset,False,cached_not_found,30
MSH2,p.Thr905Pro,821700,Likely benign,"criteria provided, single submitter",training,2-47482857-A-C,True,True,True,not_found,,,,exact_variant_id_not_observed_in_complete_gene_level_public_api_subset,False,cached_not_found,30
MSH2,p.Trp345Arg,4111041,Likely pathogenic,"criteria provided, single submitter",training,2-47416386-T-C,True,True,True,not_found,,,,exact_variant_id_not_observed_in_complete_gene_level_public_api_subset,False,cached_not_found,30
MSH2,p.Tyr299Asn,1765259,Likely benign,"criteria provided, single submitter",training,2-47414371-T-A,True,True,True,not_found,,,,exact_variant_id_not_observed_in_complete_gene_level_public_api_subset,False,cached_not_found,30
MSH2,p.Tyr619His,1781397,Likely benign,"criteria provided, single submitter",training,2-47475120-T-C,True,True,True,not_found,,,,exact_variant_id_not_observed_in_complete_gene_level_public_api_subset,False,cached_not_found,30
MSH2,p.Tyr656Asn,3230823,Benign,"criteria provided, single submitter",training,2-47475231-T-A,True,True,True,not_found,,,,exact_variant_id_not_observed_in_complete_gene_level_public_api_subset,False,cached_not_found,30
MSH2,p.Tyr66Cys,3230824,Likely benign,"criteria provided, single submitter",training,2-47403388-A-G,True,True,True,not_found,,,,exact_variant_id_not_observed_in_complete_gene_level_public_api_subset,False,cached_not_found,30
MSH2,p.Tyr66His,4111032,Likely benign,"criteria provided, single submitter",training,2-47403387-T-C,True,True,True,not_found,,,,exact_variant_id_not_observed_in_complete_gene_level_public_api_subset,False,cached_not_found,30
MSH2,p.Tyr863Asp,821530,Likely benign,"criteria provided, single submitter",training,2-47480824-T-G,True,True,True,not_found,,,,exact_variant_id_not_observed_in_complete_gene_level_public_api_subset,False,cached_not_found,30
MSH2,p.Val267Ala,3874920,Likely benign,"criteria provided, single submitter",training,2-47414276-T-C,True,True,True,not_found,,,,exact_variant_id_not_observed_in_complete_gene_level_public_api_subset,False,cached_not_found,30
MSH2,p.Val267Ile,1761550,Likely benign,"criteria provided, single submitter",training,2-47414275-G-A,True,True,True,not_found,,,,exact_variant_id_not_observed_in_complete_gene_level_public_api_subset,False,cached_not_found,30
MSH2,p.Val267Leu,2453506,Likely benign,"criteria provided, single submitter",training,2-47414275-G-C,True,True,True,not_found,,,,exact_variant_id_not_observed_in_complete_gene_level_public_api_subset,False,cached_not_found,30
MSH2,p.Val317Ala,3230861,Likely benign,"criteria provided, single submitter",training,2-47416303-T-C,True,True,True,found,6.5710793654965765e-06,1.0,152182.0,,False,cached_found,30
MSH2,p.Val34Leu,1797888,Likely benign,"criteria provided, single submitter",training,2-47403291-G-C,True,True,True,not_found,,,,exact_variant_id_not_observed_in_complete_gene_level_public_api_subset,False,cached_not_found,30
MSH2,p.Val437Glu,2453459,Likely benign,"criteria provided, single submitter",training,2-47445581-T-A,True,True,True,not_found,,,,exact_variant_id_not_observed_in_complete_gene_level_public_api_subset,False,cached_not_found,30
MSH2,p.Val532Phe,4111028,Likely benign,"criteria provided, single submitter",training,2-47466741-G-T,True,True,True,not_found,,,,exact_variant_id_not_observed_in_complete_gene_level_public_api_subset,False,cached_not_found,30
MSH2,p.Val57Ala,1778539,Likely benign,"criteria provided, single submitter",training,2-47403361-T-C,True,True,True,not_found,,,,exact_variant_id_not_observed_in_complete_gene_level_public_api_subset,False,cached_not_found,30
MSH2,p.Val606Ile,1780677,Likely benign,"criteria provided, single submitter",training,2-47475081-G-A,True,True,True,not_found,,,,exact_variant_id_not_observed_in_complete_gene_level_public_api_subset,False,cached_not_found,30
MSH2,p.Val611Ala,1780989,Likely benign,"criteria provided, single submitter",training,2-47475097-T-C,True,True,True,not_found,,,,exact_variant_id_not_observed_in_complete_gene_level_public_api_subset,False,cached_not_found,30
MSH2,p.Val617Ala,619565,Likely benign,"criteria provided, single submitter",training,2-47475115-T-C,True,True,True,not_found,,,,exact_variant_id_not_observed_in_complete_gene_level_public_api_subset,False,cached_not_found,30
MSH2,p.Val617Ile,2496168,Likely benign,"criteria provided, single submitter",training,2-47475114-G-A,True,True,True,not_found,,,,exact_variant_id_not_observed_in_complete_gene_level_public_api_subset,False,cached_not_found,30
MSH2,p.Val644Ile,1782882,Likely benign,"criteria provided, single submitter",training,2-47475195-G-A,True,True,True,not_found,,,,exact_variant_id_not_observed_in_complete_gene_level_public_api_subset,False,cached_not_found,30
MSH2,p.Val644Phe,2567772,Likely benign,"criteria provided, single submitter",training,2-47475195-G-T,True,True,True,not_found,,,,exact_variant_id_not_observed_in_complete_gene_level_public_api_subset,False,cached_not_found,30
MSH2,p.Val655Leu,2453504,Likely benign,"criteria provided, single submitter",training,2-47475228-G-T,True,True,True,not_found,,,,exact_variant_id_not_observed_in_complete_gene_level_public_api_subset,False,cached_not_found,30
MSH2,p.Val684Met,2561327,Likely benign,"criteria provided, single submitter",training,2-47476411-G-A,True,True,True,not_found,,,,exact_variant_id_not_observed_in_complete_gene_level_public_api_subset,False,cached_not_found,30
MSH2,p.Val923Leu,1795753,Likely benign,"criteria provided, single submitter",training,2-47482911-G-C,True,True,True,found,6.566678048908618e-06,1.0,152284.0,,False,cached_found,30
MSH2,p.Val95Leu,821880,Likely benign,"criteria provided, single submitter",training,2-47408472-G-C,True,True,True,found,6.848020511191035e-07,1.0,1460276.0,,False,cached_found,30
PTEN,p.Ala121Glu,2674284,Likely pathogenic,"criteria provided, single submitter",training,10-87933121-C-A,True,True,True,not_found,,,,exact_variant_id_not_observed_in_complete_gene_level_public_api_subset,False,cached_not_found,30
PTEN,p.Ala121Pro,2687614,Likely pathogenic,"criteria provided, single submitter",training,10-87933120-G-C,True,True,True,not_found,,,,exact_variant_id_not_observed_in_complete_gene_level_public_api_subset,False,cached_not_found,30
PTEN,p.Ala121Ser,4677133,Likely pathogenic,"criteria provided, single submitter",training,10-87933120-G-T,True,True,True,found,6.84352151192552e-07,1.0,1461236.0,,False,cached_found,30
PTEN,p.Ala121Thr,2502558,Likely pathogenic,"criteria provided, single submitter",training,10-87933120-G-A,True,True,True,not_found,,,,exact_variant_id_not_observed_in_complete_gene_level_public_api_subset,False,cached_not_found,30
PTEN,p.Arg142Pro,486225,Likely pathogenic,"criteria provided, single submitter",training,10-87933184-G-C,True,True,True,not_found,,,,exact_variant_id_not_observed_in_complete_gene_level_public_api_subset,False,cached_not_found,30
PTEN,p.Arg159Trp,3667044,Pathogenic,"criteria provided, single submitter",training,10-87933234-A-T,True,True,True,not_found,,,,exact_variant_id_not_observed_in_complete_gene_level_public_api_subset,False,cached_not_found,30
PTEN,p.Arg15Ile,4530405,Likely pathogenic,"criteria provided, single submitter",training,10-87864513-G-T,True,True,True,not_found,,,,exact_variant_id_not_observed_in_complete_gene_level_public_api_subset,False,cached_not_found,30
PTEN,p.Arg173Leu,428258,Likely pathogenic,"criteria provided, single submitter",training,10-87952143-G-T,True,True,True,not_found,,,,exact_variant_id_not_observed_in_complete_gene_level_public_api_subset,False,cached_not_found,30
PTEN,p.Asn12Ile,944445,Likely pathogenic,"criteria provided, single submitter",training,10-87864504-A-T,True,True,True,not_found,,,,exact_variant_id_not_observed_in_complete_gene_level_public_api_subset,False,cached_not_found,30
PTEN,p.Asn12Thr,427586,Pathogenic,"criteria provided, single submitter",training,10-87864504-A-C,True,True,True,not_found,,,,exact_variant_id_not_observed_in_complete_gene_level_public_api_subset,False,cached_not_found,30
PTEN,p.Asp107Gly,1728902,Likely pathogenic,"criteria provided, single submitter",training,10-87933079-A-G,True,True,True,not_found,,,,exact_variant_id_not_observed_in_complete_gene_level_public_api_subset,False,cached_not_found,30
PTEN,p.Asp19Val,2001733,Pathogenic,"criteria provided, single submitter",training,10-87864525-A-T,True,True,True,not_found,,,,exact_variant_id_not_observed_in_complete_gene_level_public_api_subset,False,cached_not_found,30
PTEN,p.Asp22Val,3231166,Likely pathogenic,"criteria provided, single submitter",training,10-87864534-A-T,True,True,True,not_found,,,,exact_variant_id_not_observed_in_complete_gene_level_public_api_subset,False,cached_not_found,30
PTEN,p.Asp326Gly,857109,Likely pathogenic,"criteria provided, single submitter",training,10-87961069-A-G,True,True,True,not_found,,,,exact_variant_id_not_observed_in_complete_gene_level_public_api_subset,False,cached_not_found,30
PTEN,p.Asp92Val,1795656,Pathogenic,"criteria provided, single submitter",training,10-87933034-A-T,True,True,True,not_found,,,,exact_variant_id_not_observed_in_complete_gene_level_public_api_subset,False,cached_not_found,30
PTEN,p.Cys105Gly,1728081,Likely pathogenic,"criteria provided, single submitter",training,10-87933072-T-G,True,True,True,found,6.573757559821194e-06,1.0,152120.0,,False,cached_found,30
PTEN,p.Gln171Lys,1198486,Pathogenic,"criteria provided, single submitter",training,10-87952136-C-A,True,True,True,not_found,,,,exact_variant_id_not_observed_in_complete_gene_level_public_api_subset,False,cached_not_found,30
PTEN,p.His123Asn,3572467,Likely pathogenic,"criteria provided, single submitter",training,10-87933126-C-A,True,True,True,not_found,,,,exact_variant_id_not_observed_in_complete_gene_level_public_api_subset,False,cached_not_found,30
PTEN,p.His272Pro,428223,Likely pathogenic,"criteria provided, single submitter",training,10-87960907-A-C,True,True,True,found,0.0,0.0,1443994.0,,False,cached_found,30
PTEN,p.His61Pro,3231146,Likely pathogenic,"criteria provided, single submitter",training,10-87925530-A-C,True,True,True,not_found,,,,exact_variant_id_not_observed_in_complete_gene_level_public_api_subset,False,cached_not_found,30
PTEN,p.His61Tyr,4813809,Likely pathogenic,"criteria provided, single submitter",training,10-87925529-C-T,True,True,True,found,0.0,0.0,1438454.0,,False,cached_found,30
PTEN,p.His93Asn,523356,Likely pathogenic,"criteria provided, single submitter",training,10-87933036-C-A,True,True,True,not_found,,,,exact_variant_id_not_observed_in_complete_gene_level_public_api_subset,False,cached_not_found,30
PTEN,p.His93Asp,189482,Likely pathogenic,"criteria provided, single submitter",training,10-87933036-C-G,True,True,True,not_found,,,,exact_variant_id_not_observed_in_complete_gene_level_public_api_subset,False,cached_not_found,30
PTEN,p.Ile67Arg,2429351,Likely pathogenic,"criteria provided, single submitter",training,10-87925548-T-G,True,True,True,not_found,,,,exact_variant_id_not_observed_in_complete_gene_level_public_api_subset,False,cached_not_found,30
PTEN,p.Leu108Arg,2764628,Likely pathogenic,"criteria provided, single submitter",training,10-87933082-T-G,True,True,True,not_found,,,,exact_variant_id_not_observed_in_complete_gene_level_public_api_subset,False,cached_not_found,30
PTEN,p.Leu108Phe,2562403,Likely pathogenic,"criteria provided, single submitter",training,10-87933081-C-T,True,True,True,not_found,,,,exact_variant_id_not_observed_in_complete_gene_level_public_api_subset,False,cached_not_found,30
PTEN,p.Leu112Pro,7832,Pathogenic,"criteria provided, single submitter",training,10-87933094-T-C,True,True,True,not_found,,,,exact_variant_id_not_observed_in_complete_gene_level_public_api_subset,False,cached_not_found,30
PTEN,p.Leu98Pro,3767590,Pathogenic,"criteria provided, single submitter",training,10-87933052-T-C,True,True,True,not_found,,,,exact_variant_id_not_observed_in_complete_gene_level_public_api_subset,False,cached_not_found,30
PTEN,p.Lys125Arg,1803052,Likely pathogenic,"criteria provided, single submitter",training,10-87933133-A-G,True,True,True,not_found,,,,exact_variant_id_not_observed_in_complete_gene_level_public_api_subset,False,cached_not_found,30
PTEN,p.Lys13Gln,846550,Likely pathogenic,"criteria provided, single submitter",training,10-87864506-A-C,True,True,True,not_found,,,,exact_variant_id_not_observed_in_complete_gene_level_public_api_subset,False,cached_not_found,30
PTEN,p.Lys342Asn,1067478,Likely pathogenic,"criteria provided, single submitter",training,10-87961118-G-T,True,True,True,not_found,,,,exact_variant_id_not_observed_in_complete_gene_level_public_api_subset,False,cached_not_found,30
PTEN,p.Lys66Glu,2499958,Likely pathogenic,"criteria provided, single submitter",training,10-87925544-A-G,True,True,True,found,0.0,0.0,1431706.0,,False,cached_found,30
PTEN,p.Lys6Ile,3903209,Likely pathogenic,"criteria provided, single submitter",training,10-87864486-A-T,True,True,True,not_found,,,,exact_variant_id_not_observed_in_complete_gene_level_public_api_subset,False,cached_not_found,30
PTEN,p.Met134Arg,431829,Likely pathogenic,"criteria provided, single submitter",training,10-87933160-T-G,True,True,True,not_found,,,,exact_variant_id_not_observed_in_complete_gene_level_public_api_subset,False,cached_not_found,30
PTEN,p.Met35Ile,3663585,Likely pathogenic,"criteria provided, single submitter",training,10-87894050-G-T,True,True,True,found,0.0,0.0,1460098.0,,False,cached_found,30
PTEN,p.Met35Leu,976722,Likely pathogenic,"criteria provided, single submitter",training,10-87894048-A-C,True,True,True,not_found,,,,exact_variant_id_not_observed_in_complete_gene_level_public_api_subset,False,cached_not_found,30
PTEN,p.Phe154Cys,1175130,Likely pathogenic,no assertion criteria provided,training,10-87933220-T-G,True,True,True,not_found,,,,exact_variant_id_not_observed_in_complete_gene_level_public_api_subset,False,cached_not_found,30
PTEN,p.Phe195Ser,1750073,Likely pathogenic,"criteria provided, single submitter",training,10-87952209-T-C,True,True,True,not_found,,,,exact_variant_id_not_observed_in_complete_gene_level_public_api_subset,False,cached_not_found,30
PTEN,p.Phe21Ser,3338761,Pathogenic,"criteria provided, single submitter",training,10-87864531-T-C,True,True,True,not_found,,,,exact_variant_id_not_observed_in_complete_gene_level_public_api_subset,False,cached_not_found,30
PTEN,p.Phe56Ser,1777889,Likely pathogenic,"criteria provided, single submitter",training,10-87925515-T-C,True,True,True,not_found,,,,exact_variant_id_not_observed_in_complete_gene_level_public_api_subset,False,cached_not_found,30
PTEN,p.Phe81Cys,234710,Likely pathogenic,"criteria provided, single submitter",training,10-87931078-T-G,True,True,True,not_found,,,,exact_variant_id_not_observed_in_complete_gene_level_public_api_subset,False,cached_not_found,30
PTEN,p.Phe81Leu,1802604,Pathogenic,"criteria provided, single submitter",training,10-87931079-T-G,True,True,True,not_found,,,,exact_variant_id_not_observed_in_complete_gene_level_public_api_subset,False,cached_not_found,30
PTEN,p.Pro354Ser,4146996,Likely benign,"criteria provided, single submitter",training,10-87965320-C-T,True,True,True,not_found,,,,exact_variant_id_not_observed_in_complete_gene_level_public_api_subset,False,cached_not_found,30
PTEN,p.Pro38Arg,424262,Pathogenic,"criteria provided, single submitter",training,10-87894058-C-G,True,True,True,not_found,,,,exact_variant_id_not_observed_in_complete_gene_level_public_api_subset,False,cached_not_found,30
PTEN,p.Pro38Thr,229912,Likely pathogenic,"criteria provided, single submitter",training,10-87894057-C-A,True,True,True,not_found,,,,exact_variant_id_not_observed_in_complete_gene_level_public_api_subset,False,cached_not_found,30
PTEN,p.Pro96Ser,92819,Pathogenic,"criteria provided, single submitter",training,10-87933045-C-T,True,True,True,not_found,,,,exact_variant_id_not_observed_in_complete_gene_level_public_api_subset,False,cached_not_found,30
PTEN,p.Thr202Ile,427595,Pathogenic,"criteria provided, single submitter",training,10-87952230-C-T,True,True,True,not_found,,,,exact_variant_id_not_observed_in_complete_gene_level_public_api_subset,False,cached_not_found,30
PTEN,p.Thr277Ala,571869,Pathogenic,"criteria provided, single submitter",training,10-87960921-A-G,True,True,True,found,6.851426809633106e-07,1.0,1459550.0,,False,cached_found,30
PTEN,p.Trp111Cys,3669092,Pathogenic,"criteria provided, single submitter",training,10-87933092-G-T,True,True,True,found,6.843783791182468e-07,1.0,1461180.0,,False,cached_found,30
PTEN,p.Tyr155Asn,1742096,Likely pathogenic,"criteria provided, single submitter",training,10-87933222-T-A,True,True,True,not_found,,,,exact_variant_id_not_observed_in_complete_gene_level_public_api_subset,False,cached_not_found,30
PTEN,p.Tyr46Asn,4075814,Likely pathogenic,"criteria provided, single submitter",training,10-87894081-T-A,True,True,True,not_found,,,,exact_variant_id_not_observed_in_complete_gene_level_public_api_subset,False,cached_not_found,30
PTEN,p.Tyr46His,1701143,Likely pathogenic,"criteria provided, single submitter",training,10-87894081-T-C,True,True,True,not_found,,,,exact_variant_id_not_observed_in_complete_gene_level_public_api_subset,False,cached_not_found,30
PTEN,p.Val119Gly,484619,Likely pathogenic,"criteria provided, single submitter",training,10-87933115-T-G,True,True,True,not_found,,,,exact_variant_id_not_observed_in_complete_gene_level_public_api_subset,False,cached_not_found,30
PTEN,p.Val166Glu,486974,Likely pathogenic,"criteria provided, single submitter",training,10-87952122-T-A,True,True,True,not_found,,,,exact_variant_id_not_observed_in_complete_gene_level_public_api_subset,False,cached_not_found,30
PTEN,p.Val255Gly,3381971,Likely pathogenic,"criteria provided, single submitter",training,10-87957982-T-G,True,True,True,not_found,,,,exact_variant_id_not_observed_in_complete_gene_level_public_api_subset,False,cached_not_found,30
PTEN,p.Val53Ala,916219,Likely pathogenic,"criteria provided, single submitter",training,10-87894103-T-C,True,True,True,not_found,,,,exact_variant_id_not_observed_in_complete_gene_level_public_api_subset,False,cached_not_found,30
TP53,p.Ala129Asp,1735669,Benign,"criteria provided, single submitter",training,17-7675226-G-T,True,True,True,not_found,,,,exact_variant_id_not_observed_in_complete_gene_level_public_api_subset,False,cached_not_found,30
TP53,p.Ala307Gly,485027,Likely benign,"criteria provided, single submitter",training,17-7673608-G-C,True,True,True,found,6.840516103258959e-07,1.0,1461878.0,,False,cached_found,30
TP53,p.Ala347Gly,2683739,Likely benign,"criteria provided, single submitter",training,17-7670669-G-C,True,True,True,not_found,,,,exact_variant_id_not_observed_in_complete_gene_level_public_api_subset,False,cached_not_found,30
TP53,p.Ala355Thr,1781085,Likely benign,"criteria provided, single submitter",training,17-7670646-C-T,True,True,True,not_found,,,,exact_variant_id_not_observed_in_complete_gene_level_public_api_subset,False,cached_not_found,30
TP53,p.Ala63Thr,231015,Likely benign,"criteria provided, single submitter",training,17-7676182-C-T,True,True,True,not_found,,,,exact_variant_id_not_observed_in_complete_gene_level_public_api_subset,False,cached_not_found,30
TP53,p.Ala76Gly,3460333,Benign,"criteria provided, single submitter",training,17-7676142-G-C,True,True,True,not_found,,,,exact_variant_id_not_observed_in_complete_gene_level_public_api_subset,False,cached_not_found,30
TP53,p.Ala79Val,4189271,Likely benign,"criteria provided, single submitter",training,17-7676133-G-A,True,True,True,not_found,,,,exact_variant_id_not_observed_in_complete_gene_level_public_api_subset,False,cached_not_found,30
TP53,p.Ala83Pro,3972448,Likely benign,"criteria provided, single submitter",training,17-7676122-C-G,True,True,True,not_found,,,,exact_variant_id_not_observed_in_complete_gene_level_public_api_subset,False,cached_not_found,30
TP53,p.Arg158Ser,1067910,Pathogenic,"criteria provided, single submitter",training,17-7675140-G-T,True,True,True,not_found,,,,exact_variant_id_not_observed_in_complete_gene_level_public_api_subset,False,cached_not_found,30
TP53,p.Arg335Leu,3328160,Likely benign,"criteria provided, single submitter",training,17-7670705-C-A,True,True,True,not_found,,,,exact_variant_id_not_observed_in_complete_gene_level_public_api_subset,False,cached_not_found,30
TP53,p.Asn131His,4279056,Likely pathogenic,"criteria provided, single submitter",training,17-7675221-T-G,True,True,True,not_found,,,,exact_variant_id_not_observed_in_complete_gene_level_public_api_subset,False,cached_not_found,30
TP53,p.Asn210Ser,3232058,Likely benign,"criteria provided, single submitter",training,17-7674902-T-C,True,True,True,found,6.840459952527208e-07,1.0,1461890.0,,False,cached_found,30
TP53,p.Asn239Lys,4189258,Pathogenic,"criteria provided, single submitter",training,17-7674246-G-T,True,True,True,not_found,,,,exact_variant_id_not_observed_in_complete_gene_level_public_api_subset,False,cached_not_found,30
TP53,p.Asn263Ser,827313,Likely benign,"criteria provided, single submitter",training,17-7673832-T-C,True,True,True,not_found,,,,exact_variant_id_not_observed_in_complete_gene_level_public_api_subset,False,cached_not_found,30
TP53,p.Asn29Asp,822586,Likely benign,"criteria provided, single submitter",training,17-7676393-T-C,True,True,True,found,6.841339753246558e-07,1.0,1461702.0,,False,cached_found,30
TP53,p.Asn310Lys,428879,Likely benign,"criteria provided, single submitter",training,17-7673598-G-C,True,True,True,found,1.3681032206517918e-06,2.0,1461878.0,,False,cached_found,30
TP53,p.Asn310Ser,1766454,Likely benign,"criteria provided, single submitter",training,17-7673599-T-C,True,True,True,not_found,,,,exact_variant_id_not_observed_in_complete_gene_level_public_api_subset,False,cached_not_found,30
TP53,p.Asp207Glu,3809687,Likely benign,"criteria provided, single submitter",training,17-7674910-A-C,True,True,True,found,6.840441235821475e-07,1.0,1461894.0,,False,cached_found,30
TP53,p.Asp21Ala,3972456,Likely benign,"criteria provided, single submitter",training,17-7676533-T-G,True,True,True,not_found,,,,exact_variant_id_not_observed_in_complete_gene_level_public_api_subset,False,cached_not_found,30
TP53,p.Asp228Tyr,2450759,Likely benign,"criteria provided, single submitter",training,17-7674281-C-A,True,True,True,not_found,,,,exact_variant_id_not_observed_in_complete_gene_level_public_api_subset,False,cached_not_found,30
TP53,p.Asp259Ala,2671888,Pathogenic,no assertion criteria provided,training,17-7674187-T-G,True,True,True,not_found,,,,exact_variant_id_not_observed_in_complete_gene_level_public_api_subset,False,cached_not_found,30
TP53,p.Asp324Asn,2578516,Benign,no assertion criteria provided,training,17-7673558-C-T,True,True,True,found,6.840619048661428e-07,1.0,1461856.0,,False,cached_found,30
TP53,p.Asp324Glu,2450758,Likely benign,"criteria provided, single submitter",training,17-7673556-A-T,True,True,True,not_found,,,,exact_variant_id_not_observed_in_complete_gene_level_public_api_subset,False,cached_not_found,30
TP53,p.Asp393Tyr,1741120,Likely benign,"criteria provided, single submitter",training,17-7669614-C-A,True,True,True,found,6.842893996729097e-07,1.0,1461370.0,,False,cached_found,30
TP53,p.Asp57Val,1778520,Likely benign,"criteria provided, single submitter",training,17-7676199-T-A,True,True,True,not_found,,,,exact_variant_id_not_observed_in_complete_gene_level_public_api_subset,False,cached_not_found,30
TP53,p.Cys124Arg,4056245,Likely pathogenic,"criteria provided, single submitter",training,17-7675999-A-G,True,True,True,not_found,,,,exact_variant_id_not_observed_in_complete_gene_level_public_api_subset,False,cached_not_found,30
TP53,p.Cys124Trp,3809674,Likely benign,"criteria provided, single submitter",training,17-7675997-G-C,True,True,True,not_found,,,,exact_variant_id_not_observed_in_complete_gene_level_public_api_subset,False,cached_not_found,30
TP53,p.Cys135Ser,3893309,Likely pathogenic,"criteria provided, single submitter",training,17-7675208-C-G,True,True,True,not_found,,,,exact_variant_id_not_observed_in_complete_gene_level_public_api_subset,False,cached_not_found,30
TP53,p.Cys176Arg,634759,Likely pathogenic,no assertion criteria provided,training,17-7675084-GCA-CCG,True,True,True,not_found,,,,exact_variant_id_not_observed_in_complete_gene_level_public_api_subset,False,cached_not_found,30
TP53,p.Cys242Trp,376580,Pathogenic,"criteria provided, single submitter",training,17-7674237-G-C,True,True,True,found,0.0,0.0,1461814.0,,False,cached_found,30
TP53,p.Gln165Leu,2505496,Pathogenic,no assertion criteria provided,training,17-7675118-T-A,True,True,True,not_found,,,,exact_variant_id_not_observed_in_complete_gene_level_public_api_subset,False,cached_not_found,30
TP53,p.Gln192His,988617,Likely benign,"criteria provided, single submitter",training,17-7674955-C-G,True,True,True,not_found,,,,exact_variant_id_not_observed_in_complete_gene_level_public_api_subset,False,cached_not_found,30
TP53,p.Gln354Leu,3232047,Benign,"criteria provided, single submitter",training,17-7670648-T-A,True,True,True,not_found,,,,exact_variant_id_not_observed_in_complete_gene_level_public_api_subset,False,cached_not_found,30
TP53,p.Gln354Pro,3328171,Likely benign,"criteria provided, single submitter",training,17-7670648-T-G,True,True,True,found,6.84094662282988e-07,1.0,1461786.0,,False,cached_found,30
TP53,p.Gln375Lys,1798385,Likely benign,"criteria provided, single submitter",training,17-7669668-G-T,True,True,True,not_found,,,,exact_variant_id_not_observed_in_complete_gene_level_public_api_subset,False,cached_not_found,30
TP53,p.Glu171Asp,2446885,Pathogenic,no assertion criteria provided,training,17-7675099-C-A,True,True,True,not_found,,,,exact_variant_id_not_observed_in_complete_gene_level_public_api_subset,False,cached_not_found,30
TP53,p.Glu171Gly,1745525,Pathogenic,"criteria provided, single submitter",training,17-7675100-T-C,True,True,True,not_found,,,,exact_variant_id_not_observed_in_complete_gene_level_public_api_subset,False,cached_not_found,30
TP53,p.Glu204Asp,3460304,Likely benign,"criteria provided, single submitter",training,17-7674919-C-G,True,True,True,not_found,,,,exact_variant_id_not_observed_in_complete_gene_level_public_api_subset,False,cached_not_found,30
TP53,p.Glu285Val,12384,Pathogenic,"criteria provided, single submitter",training,17-7673766-T-A,True,True,True,found,0.0,0.0,1461892.0,,False,cached_found,30
TP53,p.Glu286Ala,376593,Likely pathogenic,"criteria provided, single submitter",training,17-7673763-T-G,True,True,True,not_found,,,,exact_variant_id_not_observed_in_complete_gene_level_public_api_subset,False,cached_not_found,30
TP53,p.Glu287Gly,4757808,Likely benign,"criteria provided, single submitter",training,17-7673760-T-C,True,True,True,not_found,,,,exact_variant_id_not_observed_in_complete_gene_level_public_api_subset,False,cached_not_found,30
TP53,p.Glu326Asp,3972458,Likely benign,"criteria provided, single submitter",training,17-7673550-T-G,True,True,True,found,6.840759433749297e-07,1.0,1461826.0,,False,cached_found,30
TP53,p.Glu326Val,2578514,Likely pathogenic,no assertion criteria provided,training,17-7673551-T-A,True,True,True,not_found,,,,exact_variant_id_not_observed_in_complete_gene_level_public_api_subset,False,cached_not_found,30
TP53,p.Glu336Gln,2450754,Likely benign,"criteria provided, single submitter",training,17-7670703-C-G,True,True,True,not_found,,,,exact_variant_id_not_observed_in_complete_gene_level_public_api_subset,False,cached_not_found,30
TP53,p.Glu343Asp,3460327,Benign,"criteria provided, single submitter",training,17-7670680-C-A,True,True,True,not_found,,,,exact_variant_id_not_observed_in_complete_gene_level_public_api_subset,False,cached_not_found,30
TP53,p.Glu349Gly,1775423,Likely benign,"criteria provided, single submitter",training,17-7670663-T-C,True,True,True,not_found,,,,exact_variant_id_not_observed_in_complete_gene_level_public_api_subset,False,cached_not_found,30
TP53,p.Glu388Asp,4553123,Likely benign,"criteria provided, single submitter",training,17-7669627-T-G,True,True,True,found,6.840984061875333e-07,1.0,1461778.0,,False,cached_found,30
TP53,p.Glu388Gln,1737291,Likely benign,"criteria provided, single submitter",training,17-7669629-C-G,True,True,True,not_found,,,,exact_variant_id_not_observed_in_complete_gene_level_public_api_subset,False,cached_not_found,30
TP53,p.Glu62Gly,3809683,Likely benign,"criteria provided, single submitter",training,17-7676184-T-C,True,True,True,not_found,,,,exact_variant_id_not_observed_in_complete_gene_level_public_api_subset,False,cached_not_found,30
TP53,p.Gly199Val,451799,Likely pathogenic,"criteria provided, single submitter",training,17-7674935-C-A,True,True,True,not_found,,,,exact_variant_id_not_observed_in_complete_gene_level_public_api_subset,False,cached_not_found,30
TP53,p.Gly244Val,376601,Likely pathogenic,"criteria provided, single submitter",training,17-7674232-C-A,True,True,True,found,0.0,0.0,1461820.0,,False,cached_found,30
TP53,p.Gly302Ala,3328162,Likely benign,"criteria provided, single submitter",training,17-7673715-C-G,True,True,True,not_found,,,,exact_variant_id_not_observed_in_complete_gene_level_public_api_subset,False,cached_not_found,30
TP53,p.Gly356Glu,3460336,Likely benign,"criteria provided, single submitter",training,17-7670642-C-T,True,True,True,found,6.84109638147048e-07,1.0,1461754.0,,False,cached_found,30
TP53,p.Gly59Asp,820048,Likely benign,"criteria provided, single submitter",training,17-7676193-C-T,True,True,True,not_found,,,,exact_variant_id_not_observed_in_complete_gene_level_public_api_subset,False,cached_not_found,30
TP53,p.His168Leu,1744933,Pathogenic,"criteria provided, single submitter",training,17-7675109-T-A,True,True,True,not_found,,,,exact_variant_id_not_observed_in_complete_gene_level_public_api_subset,False,cached_not_found,30
TP53,p.His168Pro,3328154,Likely pathogenic,"criteria provided, single submitter",training,17-7675109-T-G,True,True,True,not_found,,,,exact_variant_id_not_observed_in_complete_gene_level_public_api_subset,False,cached_not_found,30
TP53,p.His296Arg,100816,Likely pathogenic,no assertion criteria provided,training,17-7673733-T-C,True,True,True,not_found,,,,exact_variant_id_not_observed_in_complete_gene_level_public_api_subset,False,cached_not_found,30
TP53,p.Ile232Ser,634756,Pathogenic,"criteria provided, single submitter",training,17-7674268-A-C,True,True,True,not_found,,,,exact_variant_id_not_observed_in_complete_gene_level_public_api_subset,False,cached_not_found,30
TP53,p.Ile251Phe,1518844,Likely pathogenic,"criteria provided, single submitter",training,17-7674212-T-A,True,True,True,not_found,,,,exact_variant_id_not_observed_in_complete_gene_level_public_api_subset,False,cached_not_found,30
TP53,p.Ile332Asn,1768732,Likely pathogenic,"criteria provided, single submitter",training,17-7670714-A-T,True,True,True,not_found,,,,exact_variant_id_not_observed_in_complete_gene_level_public_api_subset,False,cached_not_found,30
TP53,p.Ile332Leu,4189263,Likely benign,"criteria provided, single submitter",training,17-7670715-T-G,True,True,True,not_found,,,,exact_variant_id_not_observed_in_complete_gene_level_public_api_subset,False,cached_not_found,30
TP53,p.Leu130His,824351,Pathogenic,"criteria provided, single submitter",training,17-7675223-A-T,True,True,True,not_found,,,,exact_variant_id_not_observed_in_complete_gene_level_public_api_subset,False,cached_not_found,30
TP53,p.Leu32Val,1767161,Likely benign,"criteria provided, single submitter",training,17-7676384-G-C,True,True,True,not_found,,,,exact_variant_id_not_observed_in_complete_gene_level_public_api_subset,False,cached_not_found,30
TP53,p.Leu350Arg,4189250,Likely benign,"criteria provided, single submitter",training,17-7670660-A-C,True,True,True,not_found,,,,exact_variant_id_not_observed_in_complete_gene_level_public_api_subset,False,cached_not_found,30
TP53,p.Lys319Thr,3328169,Likely benign,"criteria provided, single submitter",training,17-7673572-T-G,True,True,True,not_found,,,,exact_variant_id_not_observed_in_complete_gene_level_public_api_subset,False,cached_not_found,30
TP53,p.Met340Ile,3256325,Likely benign,"criteria provided, single submitter",training,17-7670689-C-G,True,True,True,not_found,,,,exact_variant_id_not_observed_in_complete_gene_level_public_api_subset,False,cached_not_found,30
TP53,p.Met66Val,1783578,Likely benign,"criteria provided, single submitter",training,17-7676173-T-C,True,True,True,found,6.575659538651727e-06,1.0,152076.0,,False,cached_found,30
TP53,p.Phe109Cys,634784,Likely pathogenic,"criteria provided, single submitter",training,17-7676043-A-C,True,True,True,not_found,,,,exact_variant_id_not_observed_in_complete_gene_level_public_api_subset,False,cached_not_found,30
TP53,p.Phe113Cys,634690,Pathogenic,"criteria provided, single submitter",training,17-7676031-A-C,True,True,True,found,0.0,0.0,1460046.0,,False,cached_found,30
TP53,p.Phe113Leu,3634432,Pathogenic,"criteria provided, single submitter",training,17-7676032-A-G,True,True,True,not_found,,,,exact_variant_id_not_observed_in_complete_gene_level_public_api_subset,False,cached_not_found,30
TP53,p.Phe212Ser,3460339,Likely benign,"criteria provided, single submitter",training,17-7674896-A-G,True,True,True,not_found,,,,exact_variant_id_not_observed_in_complete_gene_level_public_api_subset,False,cached_not_found,30
TP53,p.Phe270Val,376598,Pathogenic,"criteria provided, single submitter",training,17-7673812-A-C,True,True,True,not_found,,,,exact_variant_id_not_observed_in_complete_gene_level_public_api_subset,False,cached_not_found,30
TP53,p.Phe341Leu,2585878,Likely benign,"criteria provided, single submitter",training,17-7670686-G-C,True,True,True,not_found,,,,exact_variant_id_not_observed_in_complete_gene_level_public_api_subset,False,cached_not_found,30
TP53,p.Phe341Ser,2450748,Likely pathogenic,"criteria provided, single submitter",training,17-7670687-AA-CT,True,True,True,not_found,,,,exact_variant_id_not_observed_in_complete_gene_level_public_api_subset,False,cached_not_found,30
TP53,p.Phe385Leu,1735082,Likely benign,"criteria provided, single submitter",training,17-7669636-G-T,True,True,True,found,0.0,0.0,1461822.0,,False,cached_found,30
TP53,p.Pro300Leu,1765377,Likely benign,"criteria provided, single submitter",training,17-7673721-G-A,True,True,True,not_found,,,,exact_variant_id_not_observed_in_complete_gene_level_public_api_subset,False,cached_not_found,30
TP53,p.Pro318Ser,2575170,Benign,no assertion criteria provided,training,17-7673576-G-A,True,True,True,not_found,,,,exact_variant_id_not_observed_in_complete_gene_level_public_api_subset,False,cached_not_found,30
TP53,p.Pro4Gln,2450740,Likely benign,"criteria provided, single submitter",training,17-7676584-G-T,True,True,True,not_found,,,,exact_variant_id_not_observed_in_complete_gene_level_public_api_subset,False,cached_not_found,30
TP53,p.Pro58Ala,1778944,Likely benign,"criteria provided, single submitter",training,17-7676197-G-C,True,True,True,not_found,,,,exact_variant_id_not_observed_in_complete_gene_level_public_api_subset,False,cached_not_found,30
TP53,p.Pro75Ser,4758197,Likely benign,"criteria provided, single submitter",training,17-7676146-G-A,True,True,True,found,6.844542640816198e-07,1.0,1461018.0,,False,cached_found,30
TP53,p.Pro8Arg,1790705,Likely benign,"criteria provided, single submitter",training,17-7676572-G-C,True,True,True,not_found,,,,exact_variant_id_not_observed_in_complete_gene_level_public_api_subset,False,cached_not_found,30
TP53,p.Pro8Leu,231868,Likely benign,"criteria provided, single submitter",training,17-7676572-G-A,True,True,True,not_found,,,,exact_variant_id_not_observed_in_complete_gene_level_public_api_subset,False,cached_not_found,30
TP53,p.Ser127Cys,219532,Pathogenic,"criteria provided, single submitter",training,17-7675232-G-C,True,True,True,not_found,,,,exact_variant_id_not_observed_in_complete_gene_level_public_api_subset,False,cached_not_found,30
TP53,p.Ser166Thr,3809673,Likely benign,"criteria provided, single submitter",training,17-7675116-A-T,True,True,True,not_found,,,,exact_variant_id_not_observed_in_complete_gene_level_public_api_subset,False,cached_not_found,30
TP53,p.Ser183Pro,3328150,Likely benign,"criteria provided, single submitter",training,17-7675065-A-G,True,True,True,not_found,,,,exact_variant_id_not_observed_in_complete_gene_level_public_api_subset,False,cached_not_found,30
TP53,p.Ser185Arg,1748280,Likely benign,"criteria provided, single submitter",training,17-7675057-G-C,True,True,True,not_found,,,,exact_variant_id_not_observed_in_complete_gene_level_public_api_subset,False,cached_not_found,30
TP53,p.Ser240Asn,2502882,Pathogenic,no assertion criteria provided,training,17-7674244-C-T,True,True,True,not_found,,,,exact_variant_id_not_observed_in_complete_gene_level_public_api_subset,False,cached_not_found,30
TP53,p.Ser240Cys,3972460,Likely pathogenic,"criteria provided, single submitter",training,17-7674245-T-A,True,True,True,not_found,,,,exact_variant_id_not_observed_in_complete_gene_level_public_api_subset,False,cached_not_found,30
TP53,p.Ser269Cys,2575177,Benign,no assertion criteria provided,training,17-7673815-T-A,True,True,True,not_found,,,,exact_variant_id_not_observed_in_complete_gene_level_public_api_subset,False,cached_not_found,30
TP53,p.Ser269Ile,2575169,Likely pathogenic,no assertion criteria provided,training,17-7673814-C-A,True,True,True,not_found,,,,exact_variant_id_not_observed_in_complete_gene_level_public_api_subset,False,cached_not_found,30
TP53,p.Ser313Asn,2450750,Likely benign,"criteria provided, single submitter",training,17-7673590-C-T,True,True,True,not_found,,,,exact_variant_id_not_observed_in_complete_gene_level_public_api_subset,False,cached_not_found,30
TP53,p.Ser378Thr,3972449,Likely benign,"criteria provided, single submitter",training,17-7669659-A-T,True,True,True,not_found,,,,exact_variant_id_not_observed_in_complete_gene_level_public_api_subset,False,cached_not_found,30
TP53,p.Ser94Ala,3460308,Likely benign,"criteria provided, single submitter",training,17-7676089-A-C,True,True,True,not_found,,,,exact_variant_id_not_observed_in_complete_gene_level_public_api_subset,False,cached_not_found,30
TP53,p.Ser94Leu,1796426,Likely benign,"criteria provided, single submitter",training,17-7676088-G-A,True,True,True,not_found,,,,exact_variant_id_not_observed_in_complete_gene_level_public_api_subset,False,cached_not_found,30
TP53,p.Ser95Thr,4189261,Likely benign,"criteria provided, single submitter",training,17-7676086-A-T,True,True,True,not_found,,,,exact_variant_id_not_observed_in_complete_gene_level_public_api_subset,False,cached_not_found,30
TP53,p.Thr312Asn,1766672,Likely benign,"criteria provided, single submitter",training,17-7673593-G-T,True,True,True,not_found,,,,exact_variant_id_not_observed_in_complete_gene_level_public_api_subset,False,cached_not_found,30
TP53,p.Thr387Pro,2585882,Likely benign,"criteria provided, single submitter",training,17-7669632-T-G,True,True,True,not_found,,,,exact_variant_id_not_observed_in_complete_gene_level_public_api_subset,False,cached_not_found,30
TP53,p.Val274Ile,3460325,Benign,"criteria provided, single submitter",training,17-7673800-C-T,True,True,True,not_found,,,,exact_variant_id_not_observed_in_complete_gene_level_public_api_subset,False,cached_not_found,30
TP53,p.Val73Glu,3460312,Likely benign,"criteria provided, single submitter",training,17-7676151-A-T,True,True,True,not_found,,,,exact_variant_id_not_observed_in_complete_gene_level_public_api_subset,False,cached_not_found,30
F9,p.Cys64Tyr,1076388,Pathogenic,"criteria provided, single submitter",training,X-139537112-G-A,True,False,True,not_found,,,,exact_variant_id_not_observed_in_complete_gene_level_public_api_subset,False,cached_not_found,10
F9,p.Glu291Val,10652,Pathogenic,no assertion criteria provided,training,X-139561557-A-T,True,False,True,not_found,,,,exact_variant_id_not_observed_in_complete_gene_level_public_api_subset,False,cached_not_found,10
F9,p.Glu7Asp,10566,Pathogenic,no assertion criteria provided,training,,False,False,True,,,,,,False,coordinate_missing,10
F9,p.Phe378Leu,10621,Pathogenic,no assertion criteria provided,training,,False,False,True,,,,,,False,coordinate_missing,10
GCK,p.Asp205Tyr,2136522,Likely pathogenic,"criteria provided, single submitter",training,7-44149826-C-A,True,False,True,found,0.0,0.0,1461848.0,,False,cached_found,10
GCK,p.Cys434Phe,3720735,Likely pathogenic,"criteria provided, single submitter",training,7-44145233-C-A,True,False,True,not_found,,,,exact_variant_id_not_observed_in_complete_gene_level_public_api_subset,False,cached_not_found,10
GCK,p.Leu243Pro,1456947,Pathogenic,"criteria provided, single submitter",training,7-44147785-A-G,True,False,True,found,6.843287351004526e-07,1.0,1461286.0,,False,cached_found,10
GCK,p.Met1Leu,2503474,Likely benign,"criteria provided, single submitter",training,7-44188953-T-A,True,False,True,not_found,,,,exact_variant_id_not_observed_in_complete_gene_level_public_api_subset,False,cached_not_found,10
GCK,p.Met251Lys,3383341,Likely pathogenic,"criteria provided, single submitter",training,7-44147761-A-T,True,False,True,not_found,,,,exact_variant_id_not_observed_in_complete_gene_level_public_api_subset,False,cached_not_found,10
KRAS,p.Ala18Val,1695421,Pathogenic,"criteria provided, single submitter",training,12-25245332-G-A,True,False,True,not_found,,,,exact_variant_id_not_observed_in_complete_gene_level_public_api_subset,False,cached_not_found,10
KRAS,p.Ala59Leu,2431456,Likely pathogenic,"criteria provided, single submitter",training,12-25227348-GC-AA,True,False,True,not_found,,,,exact_variant_id_not_observed_in_complete_gene_level_public_api_subset,False,cached_not_found,10
KRAS,p.Ala59Thr,12581,Pathogenic,no assertion criteria provided,training,12-25227349-C-T,True,False,True,not_found,,,,exact_variant_id_not_observed_in_complete_gene_level_public_api_subset,False,cached_not_found,10
KRAS,p.Arg167Thr,981552,Likely benign,no assertion criteria provided,training,12-25215511-C-G,True,False,True,not_found,,,,exact_variant_id_not_observed_in_complete_gene_level_public_api_subset,False,cached_not_found,10
KRAS,p.Asp154Gly,981803,Likely pathogenic,"criteria provided, single submitter",training,12-25209901-T-C,True,False,True,not_found,,,,exact_variant_id_not_observed_in_complete_gene_level_public_api_subset,False,cached_not_found,10
KRAS,p.Gln22Glu,40451,Pathogenic,"criteria provided, single submitter",training,12-25245321-G-C,True,False,True,found,6.846904582907113e-07,1.0,1460514.0,,False,cached_found,10
KRAS,p.Gln22Leu,40453,Likely pathogenic,"criteria provided, single submitter",training,12-25245320-T-A,True,False,True,not_found,,,,exact_variant_id_not_observed_in_complete_gene_level_public_api_subset,False,cached_not_found,10
KRAS,p.Gln61Arg,4279990,Pathogenic,"criteria provided, single submitter",training,12-25227341-TT-AC,True,False,True,not_found,,,,exact_variant_id_not_observed_in_complete_gene_level_public_api_subset,False,cached_not_found,10
KRAS,p.Gln61His,45117,Pathogenic,"criteria provided, single submitter",training,12-25227341-T-A,True,False,True,not_found,,,,exact_variant_id_not_observed_in_complete_gene_level_public_api_subset,False,cached_not_found,10
KRAS,p.Gln61Leu,45116,Pathogenic,"criteria provided, single submitter",training,12-25227342-T-A,True,False,True,not_found,,,,exact_variant_id_not_observed_in_complete_gene_level_public_api_subset,False,cached_not_found,10
KRAS,p.Gln61Lys,177777,Pathogenic,"criteria provided, single submitter",training,12-25227343-G-T,True,False,True,not_found,,,,exact_variant_id_not_observed_in_complete_gene_level_public_api_subset,False,cached_not_found,10
KRAS,p.Glu153Ala,981551,Likely pathogenic,no assertion criteria provided,training,12-25215553-T-G,True,False,True,not_found,,,,exact_variant_id_not_observed_in_complete_gene_level_public_api_subset,False,cached_not_found,10
KRAS,p.Gly12Cys,12578,Likely pathogenic,"criteria provided, single submitter",training,12-25245351-C-A,True,False,True,not_found,,,,exact_variant_id_not_observed_in_complete_gene_level_public_api_subset,False,cached_not_found,10
KRAS,p.Gly13Arg,1691382,Pathogenic,"criteria provided, single submitter",training,12-25245348-CA-GC,True,False,True,not_found,,,,exact_variant_id_not_observed_in_complete_gene_level_public_api_subset,False,cached_not_found,10
KRAS,p.Gly13Val,45124,Pathogenic,"criteria provided, single submitter",training,12-25245347-C-A,True,False,True,not_found,,,,exact_variant_id_not_observed_in_complete_gene_level_public_api_subset,False,cached_not_found,10
KRAS,p.Gly15Val,452631,Likely pathogenic,"criteria provided, single submitter",training,12-25245341-C-A,True,False,True,found,0.0,0.0,1460670.0,,False,cached_found,10
KRAS,p.Leu19Phe,217822,Pathogenic,"criteria provided, single submitter",training,12-25245328-C-G,True,False,True,found,6.569438969911969e-06,1.0,152220.0,,False,cached_found,10
KRAS,p.Leu53Trp,3775823,Likely pathogenic,"criteria provided, single submitter",training,12-25227366-A-C,True,False,True,not_found,,,,exact_variant_id_not_observed_in_complete_gene_level_public_api_subset,False,cached_not_found,10
KRAS,p.Lys147Arg,431103,Pathogenic,"criteria provided, single submitter",training,12-25225624-T-C,True,False,True,not_found,,,,exact_variant_id_not_observed_in_complete_gene_level_public_api_subset,False,cached_not_found,10
KRAS,p.Lys147Asn,2752227,Likely pathogenic,"criteria provided, single submitter",training,12-25225623-C-A,True,False,True,not_found,,,,exact_variant_id_not_observed_in_complete_gene_level_public_api_subset,False,cached_not_found,10
KRAS,p.Lys147Met,1803998,Likely pathogenic,"criteria provided, single submitter",training,12-25225624-T-A,True,False,True,not_found,,,,exact_variant_id_not_observed_in_complete_gene_level_public_api_subset,False,cached_not_found,10
KRAS,p.Lys5Gln,2010214,Likely pathogenic,"criteria provided, single submitter",training,12-25245372-T-G,True,False,True,not_found,,,,exact_variant_id_not_observed_in_complete_gene_level_public_api_subset,False,cached_not_found,10
KRAS,p.Phe156Ser,2716407,Pathogenic,"criteria provided, single submitter",training,12-25209895-A-G,True,False,True,not_found,,,,exact_variant_id_not_observed_in_complete_gene_level_public_api_subset,False,cached_not_found,10
KRAS,p.Pro34Gln,2630513,Likely pathogenic,"criteria provided, single submitter",training,12-25245284-G-T,True,False,True,not_found,,,,exact_variant_id_not_observed_in_complete_gene_level_public_api_subset,False,cached_not_found,10
KRAS,p.Thr20Met,4689816,Likely pathogenic,"criteria provided, single submitter",training,12-25245326-G-A,True,False,True,found,0.0,0.0,1460692.0,,False,cached_found,10
KRAS,p.Thr50Pro,2575733,Likely pathogenic,"criteria provided, single submitter",training,12-25227376-T-G,True,False,True,not_found,,,,exact_variant_id_not_observed_in_complete_gene_level_public_api_subset,False,cached_not_found,10
KRAS,p.Val152Phe,45126,Likely pathogenic,"criteria provided, single submitter",training,12-25209908-C-A,True,False,True,not_found,,,,exact_variant_id_not_observed_in_complete_gene_level_public_api_subset,False,cached_not_found,10
KRAS,p.Val7Glu,2503842,Likely pathogenic,"criteria provided, single submitter",training,12-25245365-A-T,True,False,True,not_found,,,,exact_variant_id_not_observed_in_complete_gene_level_public_api_subset,False,cached_not_found,10
MSH2,p.Gln76Glu,3296229,Likely benign,"criteria provided, single submitter",training,2-47408415-C-G,True,False,True,found,6.851483140555436e-07,1.0,1459538.0,,False,cached_found,10
MSH2,p.Met253Ile,2584100,Likely benign,"criteria provided, single submitter",training,2-47412527-G-C,True,False,True,not_found,,,,exact_variant_id_not_observed_in_complete_gene_level_public_api_subset,False,cached_not_found,10
PTEN,p.Ala137Glu,3340217,Likely pathogenic,"criteria provided, single submitter",training,10-87933169-C-A,True,False,True,not_found,,,,exact_variant_id_not_observed_in_complete_gene_level_public_api_subset,False,cached_not_found,10
PTEN,p.Asp92Asn,4527406,Likely pathogenic,"criteria provided, single submitter",training,10-87933033-G-A,True,False,True,not_found,,,,exact_variant_id_not_observed_in_complete_gene_level_public_api_subset,False,cached_not_found,10
PTEN,p.His118Pro,2624869,Likely pathogenic,"criteria provided, single submitter",training,10-87933112-A-C,True,False,True,not_found,,,,exact_variant_id_not_observed_in_complete_gene_level_public_api_subset,False,cached_not_found,10
PTEN,p.Ile32Ser,4744225,Likely pathogenic,"criteria provided, single submitter",training,10-87894040-T-G,True,False,True,not_found,,,,exact_variant_id_not_observed_in_complete_gene_level_public_api_subset,False,cached_not_found,10
PTEN,p.Leu100Phe,1207213,Likely pathogenic,"criteria provided, single submitter",training,10-87933057-C-T,True,False,True,found,6.843455945252352e-07,1.0,1461250.0,,False,cached_found,10
PTEN,p.Lys221Glu,3026433,Likely pathogenic,"criteria provided, single submitter",training,10-87957879-A-G,True,False,True,not_found,,,,exact_variant_id_not_observed_in_complete_gene_level_public_api_subset,False,cached_not_found,10
PTEN,p.Met198Lys,468702,Likely pathogenic,"criteria provided, single submitter",training,10-87952218-T-A,True,False,True,not_found,,,,exact_variant_id_not_observed_in_complete_gene_level_public_api_subset,False,cached_not_found,10
PTEN,p.Met1Ile,1457954,Pathogenic,"criteria provided, single submitter",training,10-87864472-G-A,True,False,True,not_found,,,,exact_variant_id_not_observed_in_complete_gene_level_public_api_subset,False,cached_not_found,10
PTEN,p.Met1Leu,3148533,Likely pathogenic,"criteria provided, single submitter",training,10-87864470-A-T,True,False,True,found,1.3685207385632722e-06,2.0,1461432.0,,False,cached_found,10
PTEN,p.Met1Thr,1686106,Pathogenic,"criteria provided, single submitter",training,10-87864471-T-C,True,False,True,not_found,,,,exact_variant_id_not_observed_in_complete_gene_level_public_api_subset,False,cached_not_found,10
PTEN,p.Phe200Val,142452,Likely pathogenic,"criteria provided, single submitter",training,10-87952223-T-G,True,False,True,not_found,,,,exact_variant_id_not_observed_in_complete_gene_level_public_api_subset,False,cached_not_found,10
PTEN,p.Thr160Ile,431851,Likely pathogenic,"criteria provided, single submitter",training,10-87933238-C-T,True,False,True,not_found,,,,exact_variant_id_not_observed_in_complete_gene_level_public_api_subset,False,cached_not_found,10
PTEN,p.Tyr174Asp,4538586,Pathogenic,"criteria provided, single submitter",training,10-87952145-T-G,True,False,True,not_found,,,,exact_variant_id_not_observed_in_complete_gene_level_public_api_subset,False,cached_not_found,10
PTEN,p.Tyr177His,974864,Likely pathogenic,"criteria provided, single submitter",training,10-87952154-T-C,True,False,True,not_found,,,,exact_variant_id_not_observed_in_complete_gene_level_public_api_subset,False,cached_not_found,10
PTEN,p.Tyr27Phe,2663192,Pathogenic,"criteria provided, single submitter",training,10-87894025-A-T,True,False,True,not_found,,,,exact_variant_id_not_observed_in_complete_gene_level_public_api_subset,False,cached_not_found,10
TP53,p.Pro151Phe,824960,Likely pathogenic,"criteria provided, single submitter",training,17-7675160-GG-AA,True,False,True,not_found,,,,exact_variant_id_not_observed_in_complete_gene_level_public_api_subset,False,cached_not_found,10
