gene,hgvs_p,label,review_status,variant_id,protein_change_raw,LastEvaluated,source,meta_dataset,source_name,source_kind,source_type,feature_gnomad_af,feature_gnomad_ac,feature_gnomad_an,feature_gnomad_popmax_af,meta_gnomad_variant_id,meta_gnomad_transcript_id,meta_gnomad_consequence,meta_gnomad_dataset,meta_gnomad_reference_genome,feature_mave_score,feature_mave_se,meta_mavedb_urn,meta_assay_name
BRCA1,BRCA1 p.Ala108Ser,Likely benign,"criteria provided, single submitter",1729180,NM_007294.4(BRCA1):c.322G>T (p.Ala108Ser),"Feb 05, 2021",ClinVar,clinvar,clinvar_variant_summary,cohort,file,,,,,,,,,,0.0,,urn:mavedb:00000081-a-1,BRCA1 RING and BRCT domains depletion scores
BRCA1,BRCA1 p.Ala1277Pro,Likely benign,"criteria provided, single submitter",55019,NM_007294.4(BRCA1):c.3829G>C (p.Ala1277Pro),"Mar 23, 2023",ClinVar,clinvar,clinvar_variant_summary,cohort,file,,,,,,,,,,,,,
BRCA1,BRCA1 p.Ala1584Ser,Likely benign,"criteria provided, multiple submitters, no conflicts",55279,NM_007294.4(BRCA1):c.4750G>T (p.Ala1584Ser),"Dec 08, 2025",ClinVar,clinvar,clinvar_variant_summary,cohort,file,1.796684683077213e-05,29.0,1614084.0,2.986857825567503e-05,17-43071164-C-A,ENST00000357654,missense_variant,gnomad_r4,GRCh38,,,,
BRCA1,BRCA1 p.Ala1611Thr,Likely benign,"criteria provided, single submitter",4539182,NM_007294.4(BRCA1):c.4831G>A (p.Ala1611Thr),"Dec 29, 2025",ClinVar,clinvar,clinvar_variant_summary,cohort,file,1.2391496954789625e-06,2.0,1614010.0,2.9400523329315263e-05,17-43071083-C-T,ENST00000357654,missense_variant,gnomad_r4,GRCh38,,,,
BRCA1,BRCA1 p.Ala1623Gly,Pathogenic/Likely pathogenic,"criteria provided, multiple submitters, no conflicts",37614,NM_007294.4(BRCA1):c.4868C>G (p.Ala1623Gly),"Sep 25, 2025",ClinVar,clinvar,clinvar_variant_summary,cohort,file,3.09759787480005e-06,5.0,1614154.0,4.496419051867093e-06,17-43071046-G-C,ENST00000357654,missense_variant,gnomad_r4,GRCh38,,,,
BRCA1,BRCA1 p.Ala1641Ser,Likely benign,"criteria provided, single submitter",868409,NM_007294.4(BRCA1):c.4921G>T (p.Ala1641Ser),"Feb 09, 2024",ClinVar,clinvar,clinvar_variant_summary,cohort,file,,,,,,,,,,,,,
BRCA1,BRCA1 p.Ala1641Thr,Likely benign,"criteria provided, single submitter",55316,NM_007294.4(BRCA1):c.4921G>A (p.Ala1641Thr),"May 28, 2021",ClinVar,clinvar,clinvar_variant_summary,cohort,file,,,,,,,,,,,,,
BRCA1,BRCA1 p.Ala1752Glu,Pathogenic,"criteria provided, single submitter",868230,NM_007294.4(BRCA1):c.5255C>A (p.Ala1752Glu),"Dec 15, 2021",ClinVar,clinvar,clinvar_variant_summary,cohort,file,,,,,,,,,,,,,
BRCA1,BRCA1 p.Ala1752Pro,Pathogenic/Likely pathogenic,"criteria provided, multiple submitters, no conflicts",55483,NM_007294.4(BRCA1):c.5254G>C (p.Ala1752Pro),"Mar 04, 2025",ClinVar,clinvar,clinvar_variant_summary,cohort,file,,,,,,,,,,,,,
BRCA1,BRCA1 p.Ala1789Asp,Likely pathogenic,"criteria provided, single submitter",868380,NM_007294.4(BRCA1):c.5366C>A (p.Ala1789Asp),"Feb 01, 2023",ClinVar,clinvar,clinvar_variant_summary,cohort,file,,,,,,,,,,,,,
BRCA1,BRCA1 p.Ala1789Val,Likely pathogenic,"criteria provided, single submitter",865385,NM_007294.4(BRCA1):c.5366C>T (p.Ala1789Val),"Dec 13, 2024",ClinVar,clinvar,clinvar_variant_summary,cohort,file,,,,,,,,,,,,,
BRCA1,BRCA1 p.Ala1814Thr,Likely benign,"criteria provided, single submitter",865516,NM_007294.4(BRCA1):c.5440G>A (p.Ala1814Thr),"Dec 11, 2025",ClinVar,clinvar,clinvar_variant_summary,cohort,file,6.194957799947467e-07,1.0,1614216.0,8.992741059416839e-07,17-43047670-C-T,ENST00000357654,missense_variant,gnomad_r4,GRCh38,,,,
BRCA1,BRCA1 p.Ala1823Pro,Likely pathogenic,"criteria provided, single submitter",868921,NM_007294.4(BRCA1):c.5467G>C (p.Ala1823Pro),"Mar 01, 2019",ClinVar,clinvar,clinvar_variant_summary,cohort,file,,,,,,,,,,,,,
BRCA1,BRCA1 p.Ala1823Ser,Pathogenic,"criteria provided, multiple submitters, no conflicts",868922,NM_007294.4(BRCA1):c.5467G>T (p.Ala1823Ser),"Apr 02, 2025",ClinVar,clinvar,clinvar_variant_summary,cohort,file,,,,,,,,,,,,,
BRCA1,BRCA1 p.Ala1823Thr,Pathogenic/Likely pathogenic,"criteria provided, multiple submitters, no conflicts",55588,NM_007294.4(BRCA1):c.5467G>A (p.Ala1823Thr),"Apr 02, 2025",ClinVar,clinvar,clinvar_variant_summary,cohort,file,,,,,,,,,,,,,
BRCA1,BRCA1 p.Ala1830Ser,Likely pathogenic,"criteria provided, single submitter",864931,NM_007294.4(BRCA1):c.5488G>T (p.Ala1830Ser),"Jan 01, 2022",ClinVar,clinvar,clinvar_variant_summary,cohort,file,,,,,,,,,,,,,
BRCA1,BRCA1 p.Ala1843Pro,Likely pathogenic,"criteria provided, multiple submitters, no conflicts",55614,NM_007294.4(BRCA1):c.5527G>C (p.Ala1843Pro),"Dec 29, 2025",ClinVar,clinvar,clinvar_variant_summary,cohort,file,6.195748477394811e-07,1.0,1614010.0,1.1594471755866804e-05,17-43045743-C-G,ENST00000357654,missense_variant,gnomad_r4,GRCh38,,,,
BRCA1,BRCA1 p.Ala439Val,Likely benign,"criteria provided, single submitter",3903873,NM_007294.4(BRCA1):c.1316C>T (p.Ala439Val),"Mar 14, 2025",ClinVar,clinvar,clinvar_variant_summary,cohort,file,,,,,,,,,,,,,
BRCA1,BRCA1 p.Ala521Pro,Likely benign,"criteria provided, single submitter",431216,NM_007294.4(BRCA1):c.1561G>C (p.Ala521Pro),"Mar 23, 2023",ClinVar,clinvar,clinvar_variant_summary,cohort,file,,,,,,,,,,,,,
BRCA1,BRCA1 p.Ala744Thr,Likely benign,"criteria provided, multiple submitters, no conflicts",187051,NM_007294.4(BRCA1):c.2230G>A (p.Ala744Thr),"Mar 23, 2023",ClinVar,clinvar,clinvar_variant_summary,cohort,file,6.195740799944486e-07,1.0,1614012.0,3.827311696264544e-05,17-43093301-C-T,ENST00000357654,missense_variant,gnomad_r4,GRCh38,,,,
BRCA1,BRCA1 p.Arg1076Ser,Likely benign,"criteria provided, single submitter",54803,NM_007294.4(BRCA1):c.3228A>T (p.Arg1076Ser),"Mar 23, 2023",ClinVar,clinvar,clinvar_variant_summary,cohort,file,,,,,,,,,,,,,
BRCA1,BRCA1 p.Arg1188Met,Likely benign,"criteria provided, single submitter",1050301,NM_007294.4(BRCA1):c.3563G>T (p.Arg1188Met),"Mar 23, 2023",ClinVar,clinvar,clinvar_variant_summary,cohort,file,,,,,,,,,,,,,
BRCA1,BRCA1 p.Arg1243Thr,Likely benign,"criteria provided, multiple submitters, no conflicts",1708959,NM_007294.4(BRCA1):c.3728G>C (p.Arg1243Thr),"Feb 09, 2024",ClinVar,clinvar,clinvar_variant_summary,cohort,file,,,,,,,,,,,,,
BRCA1,BRCA1 p.Arg133Ser,Likely benign,no assertion criteria provided,91619,NM_007294.4(BRCA1):c.397C>A (p.Arg133Ser),"Nov 13, 2008",ClinVar,clinvar,clinvar_variant_summary,cohort,file,6.19607862575933e-07,1.0,1613924.0,1.1595816229504394e-05,17-43104166-G-T,ENST00000357654,missense_variant,gnomad_r4,GRCh38,0.0,,urn:mavedb:00000081-a-1,BRCA1 RING and BRCT domains depletion scores
BRCA1,BRCA1 p.Arg1495Lys,Pathogenic,"criteria provided, multiple submitters, no conflicts",37597,NM_007294.4(BRCA1):c.4484G>A (p.Arg1495Lys),"Nov 02, 2025",ClinVar,clinvar,clinvar_variant_summary,cohort,file,,,,,,,,,,,,,
BRCA1,BRCA1 p.Arg1495Met,Pathogenic,"criteria provided, multiple submitters, no conflicts",37598,NM_007294.4(BRCA1):c.4484G>T (p.Arg1495Met),"Jan 02, 2026",ClinVar,clinvar,clinvar_variant_summary,cohort,file,2.479058156225287e-06,4.0,1613516.0,3.5978211595058035e-06,17-43076488-C-A,ENST00000357654,missense_variant,gnomad_r4,GRCh38,,,,
BRCA1,BRCA1 p.Arg1589His,Benign/Likely benign,"criteria provided, multiple submitters, no conflicts",55284,NM_007294.4(BRCA1):c.4766G>A (p.Arg1589His),"Jan 18, 2026",ClinVar,clinvar,clinvar_variant_summary,cohort,file,1.5487548011398836e-05,25.0,1614200.0,0.0001623037863154,17-43071148-C-T,ENST00000357654,missense_variant,gnomad_r4,GRCh38,,,,
BRCA1,BRCA1 p.Arg1699Leu,Likely pathogenic,"criteria provided, multiple submitters, no conflicts",55398,NM_007294.4(BRCA1):c.5096G>T (p.Arg1699Leu),"Jun 28, 2023",ClinVar,clinvar,clinvar_variant_summary,cohort,file,,,,,,,,,,,,,
BRCA1,BRCA1 p.Arg1751Gly,Likely pathogenic,"criteria provided, single submitter",433728,NM_007294.4(BRCA1):c.5251C>G (p.Arg1751Gly),"Jan 06, 2020",ClinVar,clinvar,clinvar_variant_summary,cohort,file,,,,,,,,,,,,,
BRCA1,BRCA1 p.Arg1753Ile,Likely pathogenic,"criteria provided, single submitter",865210,NM_007294.4(BRCA1):c.5258G>T (p.Arg1753Ile),"Sep 17, 2024",ClinVar,clinvar,clinvar_variant_summary,cohort,file,,,,,,,,,,,,,
BRCA1,BRCA1 p.Arg1753Ser,Pathogenic,"criteria provided, single submitter",865211,NM_007294.4(BRCA1):c.5259A>C (p.Arg1753Ser),"Apr 29, 2024",ClinVar,clinvar,clinvar_variant_summary,cohort,file,,,,,,,,,,,,,
BRCA1,BRCA1 p.Arg71Lys,Pathogenic,"criteria provided, multiple submitters, no conflicts",54471,NM_007294.4(BRCA1):c.212G>A (p.Arg71Lys),"Apr 14, 2025",ClinVar,clinvar,clinvar_variant_summary,cohort,file,0.0,0.0,1579798.0,0.0,17-43106456-C-T,ENST00000357654,missense_variant,gnomad_r4,GRCh38,0.19855398241475,,urn:mavedb:00000081-a-2,BRCA1 RING and BRCT domains mean HDR fluorescence score
BRCA1,BRCA1 p.Arg71Met,Pathogenic/Likely pathogenic,"criteria provided, multiple submitters, no conflicts",185705,NM_007294.4(BRCA1):c.212G>T (p.Arg71Met),"Oct 18, 2024",ClinVar,clinvar,clinvar_variant_summary,cohort,file,,,,,,,,,,0.6283016592093333,,urn:mavedb:00000081-a-2,BRCA1 RING and BRCT domains mean HDR fluorescence score
BRCA1,BRCA1 p.Arg71Thr,Pathogenic,"criteria provided, multiple submitters, no conflicts",267512,NM_007294.4(BRCA1):c.212G>C (p.Arg71Thr),"Dec 31, 2025",ClinVar,clinvar,clinvar_variant_summary,cohort,file,,,,,,,,,,,,,
BRCA1,BRCA1 p.Arg71Trp,Likely pathogenic,"criteria provided, single submitter",867340,NM_007294.4(BRCA1):c.211A>T (p.Arg71Trp),"Sep 27, 2019",ClinVar,clinvar,clinvar_variant_summary,cohort,file,,,,,,,,,,0.07439252452135,,urn:mavedb:00000081-a-2,BRCA1 RING and BRCT domains mean HDR fluorescence score
BRCA1,BRCA1 p.Arg7Leu,Likely benign,"criteria provided, single submitter",820717,NM_007294.4(BRCA1):c.20G>T (p.Arg7Leu),"Sep 15, 2022",ClinVar,clinvar,clinvar_variant_summary,cohort,file,6.197952692266691e-07,1.0,1613436.0,8.996543527976551e-07,17-43124077-C-A,ENST00000357654,missense_variant,gnomad_r4,GRCh38,0.0780238362145,,urn:mavedb:00000081-a-2,BRCA1 RING and BRCT domains mean HDR fluorescence score
BRCA1,BRCA1 p.Arg841Gln,Benign/Likely benign,"criteria provided, multiple submitters, no conflicts",54591,NM_007294.4(BRCA1):c.2522G>A (p.Arg841Gln),"Jan 18, 2026",ClinVar,clinvar,clinvar_variant_summary,cohort,file,7.250013942334505e-05,117.0,1613790.0,0.0001926782273603,17-43093009-C-T,ENST00000357654,missense_variant,gnomad_r4,GRCh38,,,,
BRCA1,BRCA1 p.Arg979Cys,Likely benign,"criteria provided, multiple submitters, no conflicts",54727,NM_007294.4(BRCA1):c.2935C>T (p.Arg979Cys),"Jan 13, 2026",ClinVar,clinvar,clinvar_variant_summary,cohort,file,1.1773030836665927e-05,19.0,1613858.0,0.0003467406380027,17-43092596-G-A,ENST00000357654,missense_variant,gnomad_r4,GRCh38,,,,
BRCA1,BRCA1 p.Asn1043Ser,Likely benign,"criteria provided, single submitter",3226132,NM_007294.4(BRCA1):c.3128A>G (p.Asn1043Ser),"Sep 20, 2023",ClinVar,clinvar,clinvar_variant_summary,cohort,file,1.2392003687860298e-06,2.0,1613944.0,2.5200342724661052e-05,17-43092403-T-C,ENST00000357654,missense_variant,gnomad_r4,GRCh38,,,,
BRCA1,BRCA1 p.Asn13Lys,Likely benign,"criteria provided, single submitter",869089,NM_007294.4(BRCA1):c.39T>A (p.Asn13Lys),"Mar 29, 2024",ClinVar,clinvar,clinvar_variant_summary,cohort,file,1.2393216944501934e-06,2.0,1613786.0,0.0002069536423841,17-43124058-A-T,ENST00000357654,missense_variant,gnomad_r4,GRCh38,,,,
BRCA1,BRCA1 p.Asn1519Ser,Likely benign,"criteria provided, single submitter",4539184,NM_007294.4(BRCA1):c.4556A>G (p.Asn1519Ser),"Dec 29, 2025",ClinVar,clinvar,clinvar_variant_summary,cohort,file,1.2390253331119608e-06,2.0,1614172.0,3.744056310606911e-05,17-43074450-T-C,ENST00000357654,missense_variant,gnomad_r4,GRCh38,,,,
BRCA1,BRCA1 p.Asn1647Asp,Benign,"criteria provided, single submitter",865439,NM_007294.4(BRCA1):c.4939A>G (p.Asn1647Asp),"Sep 25, 2025",ClinVar,clinvar,clinvar_variant_summary,cohort,file,,,,,,,,,,,,,
BRCA1,BRCA1 p.Asn1647Lys,Benign,"criteria provided, single submitter",865710,NM_007294.4(BRCA1):c.4941C>G (p.Asn1647Lys),"Dec 24, 2024",ClinVar,clinvar,clinvar_variant_summary,cohort,file,1.2390038409119069e-06,2.0,1614200.0,0.0001733703190013,17-43070973-G-T,ENST00000357654,missense_variant,gnomad_r4,GRCh38,,,,
BRCA1,BRCA1 p.Asn16Asp,Likely benign,"criteria provided, single submitter",868725,NM_007294.4(BRCA1):c.46A>G (p.Asn16Asp),"Jun 09, 2025",ClinVar,clinvar,clinvar_variant_summary,cohort,file,,,,,,,,,,-0.17411529525,,urn:mavedb:00001222-b-2,Scores from multiplexed functional assay of BRCA1 variants
BRCA1,BRCA1 p.Asn1730Lys,Likely benign,"criteria provided, single submitter",867457,NM_007294.4(BRCA1):c.5190T>G (p.Asn1730Lys),"Sep 07, 2023",ClinVar,clinvar,clinvar_variant_summary,cohort,file,6.213449383998628e-07,1.0,1609412.0,9.027486892089032e-07,17-43063336-A-C,ENST00000357654,missense_variant,gnomad_r4,GRCh38,,,,
BRCA1,BRCA1 p.Asn1819Ser,Benign/Likely benign,"criteria provided, multiple submitters, no conflicts",55585,NM_007294.4(BRCA1):c.5456A>G (p.Asn1819Ser),"Feb 03, 2026",ClinVar,clinvar,clinvar_variant_summary,cohort,file,6.567224839474721e-05,106.0,1614076.0,0.0002015113350125,17-43047654-T-C,ENST00000357654,missense_variant,gnomad_r4,GRCh38,,,,
BRCA1,BRCA1 p.Asn247Asp,Likely benign,"criteria provided, multiple submitters, no conflicts",232600,NM_007294.4(BRCA1):c.739A>G (p.Asn247Asp),"Mar 23, 2023",ClinVar,clinvar,clinvar_variant_summary,cohort,file,6.198160138144593e-07,1.0,1613382.0,8.994957426866498e-07,17-43094792-T-C,ENST00000357654,missense_variant,gnomad_r4,GRCh38,,,,
BRCA1,BRCA1 p.Asn343Cys,Likely benign,no assertion criteria provided,2683811,NM_007294.4(BRCA1):c.1027_1028delinsTG (p.Asn343Cys),"Sep 01, 2023",ClinVar,clinvar,clinvar_variant_summary,cohort,file,,,,,,,,,,,,,
BRCA1,BRCA1 p.Asn363Ser,Likely benign,"criteria provided, single submitter",3481900,NM_007294.4(BRCA1):c.1088A>G (p.Asn363Ser),"Dec 02, 2024",ClinVar,clinvar,clinvar_variant_summary,cohort,file,,,,,,,,,,,,,
BRCA1,BRCA1 p.Asn376Ser,Likely benign,"criteria provided, single submitter",54139,NM_007294.4(BRCA1):c.1127A>G (p.Asn376Ser),"Mar 23, 2023",ClinVar,clinvar,clinvar_variant_summary,cohort,file,,,,,,,,,,,,,
BRCA1,BRCA1 p.Asn66Ser,Likely benign,"criteria provided, single submitter",865249,NM_007294.4(BRCA1):c.197A>G (p.Asn66Ser),"May 31, 2024",ClinVar,clinvar,clinvar_variant_summary,cohort,file,,,,,,,,,,0.427131267365875,,urn:mavedb:00000081-a-2,BRCA1 RING and BRCT domains mean HDR fluorescence score
BRCA1,BRCA1 p.Asn909Asp,Likely benign,"criteria provided, single submitter",4758075,NM_007294.4(BRCA1):c.2725A>G (p.Asn909Asp),"Aug 26, 2025",ClinVar,clinvar,clinvar_variant_summary,cohort,file,,,,,,,,,,,,,
BRCA1,BRCA1 p.Asn916Tyr,Likely benign,"criteria provided, single submitter",91598,NM_007294.4(BRCA1):c.2746A>T (p.Asn916Tyr),"Mar 23, 2023",ClinVar,clinvar,clinvar_variant_summary,cohort,file,,,,,,,,,,,,,
BRCA1,BRCA1 p.Asp1156Ala,Likely benign,"criteria provided, single submitter",1174984,NM_007294.4(BRCA1):c.3467A>C (p.Asp1156Ala),"Mar 23, 2023",ClinVar,clinvar,clinvar_variant_summary,cohort,file,,,,,,,,,,,,,
BRCA1,BRCA1 p.Asp1162Asn,Likely benign,"criteria provided, single submitter",3226138,NM_007294.4(BRCA1):c.3484G>A (p.Asp1162Asn),"Nov 27, 2023",ClinVar,clinvar,clinvar_variant_summary,cohort,file,,,,,,,,,,,,,
BRCA1,BRCA1 p.Asp1337Glu,Likely benign,"criteria provided, single submitter",55075,NM_007294.4(BRCA1):c.4011C>G (p.Asp1337Glu),"Mar 23, 2023",ClinVar,clinvar,clinvar_variant_summary,cohort,file,,,,,,,,,,,,,
BRCA1,BRCA1 p.Asp1441Asn,Likely pathogenic,"criteria provided, single submitter",2687847,NM_007294.4(BRCA1):c.4321G>A (p.Asp1441Asn),"Jan 18, 2024",ClinVar,clinvar,clinvar_variant_summary,cohort,file,6.195211101818295e-07,1.0,1614150.0,1.15931275939623e-05,17-43082440-C-T,ENST00000357654,missense_variant,gnomad_r4,GRCh38,,,,
BRCA1,BRCA1 p.Asp1692Asn,Pathogenic/Likely pathogenic,"criteria provided, multiple submitters, no conflicts",37632,NM_007294.4(BRCA1):c.5074G>A (p.Asp1692Asn),"Oct 26, 2025",ClinVar,clinvar,clinvar_variant_summary,cohort,file,,,,,,,,,,,,,
BRCA1,BRCA1 p.Asp1692Tyr,Pathogenic,"criteria provided, single submitter",55376,NM_007294.4(BRCA1):c.5074G>T (p.Asp1692Tyr),"Oct 02, 2015",ClinVar,clinvar,clinvar_variant_summary,cohort,file,,,,,,,,,,,,,
BRCA1,BRCA1 p.Asp1739Glu,Likely pathogenic,"criteria provided, single submitter",55467,NM_007294.4(BRCA1):c.5217T>G (p.Asp1739Glu),"Mar 08, 2021",ClinVar,clinvar,clinvar_variant_summary,cohort,file,,,,,,,,,,,,,
BRCA1,BRCA1 p.Asp1739Gly,Pathogenic/Likely pathogenic,"criteria provided, multiple submitters, no conflicts",55465,NM_007294.4(BRCA1):c.5216A>G (p.Asp1739Gly),"Apr 03, 2025",ClinVar,clinvar,clinvar_variant_summary,cohort,file,6.195894352566215e-07,1.0,1613972.0,8.993420413625392e-07,17-43057113-T-C,ENST00000357654,missense_variant,gnomad_r4,GRCh38,,,,
BRCA1,BRCA1 p.Asp1739His,Likely pathogenic,"criteria provided, single submitter",481487,NM_007294.4(BRCA1):c.5215G>C (p.Asp1739His),"Jun 18, 2024",ClinVar,clinvar,clinvar_variant_summary,cohort,file,,,,,,,,,,,,,
BRCA1,BRCA1 p.Asp1739Tyr,Pathogenic/Likely pathogenic,"criteria provided, multiple submitters, no conflicts",55464,NM_007294.4(BRCA1):c.5215G>T (p.Asp1739Tyr),"Nov 10, 2025",ClinVar,clinvar,clinvar_variant_summary,cohort,file,,,,,,,,,,,,,
BRCA1,BRCA1 p.Asp1739Val,Pathogenic/Likely pathogenic,"criteria provided, multiple submitters, no conflicts",55466,NM_007294.4(BRCA1):c.5216A>T (p.Asp1739Val),"Jun 28, 2022",ClinVar,clinvar,clinvar_variant_summary,cohort,file,,,,,,,,,,,,,
BRCA1,BRCA1 p.Asp1757Glu,Likely benign,"criteria provided, single submitter",867299,NM_007294.4(BRCA1):c.5271C>G (p.Asp1757Glu),"Apr 29, 2025",ClinVar,clinvar,clinvar_variant_summary,cohort,file,,,,,,,,,,,,,
BRCA1,BRCA1 p.Asp1757Tyr,Likely benign,"criteria provided, single submitter",441431,NM_007294.4(BRCA1):c.5269G>T (p.Asp1757Tyr),"May 20, 2021",ClinVar,clinvar,clinvar_variant_summary,cohort,file,,,,,,,,,,,,,
BRCA1,BRCA1 p.Asp1813Glu,Likely benign,"criteria provided, single submitter",867392,NM_007294.4(BRCA1):c.5439T>A (p.Asp1813Glu),"Jan 16, 2025",ClinVar,clinvar,clinvar_variant_summary,cohort,file,,,,,,,,,,,,,
BRCA1,BRCA1 p.Asp1818Gly,Pathogenic/Likely pathogenic,"criteria provided, multiple submitters, no conflicts",37672,NM_007294.4(BRCA1):c.5453A>G (p.Asp1818Gly),"Nov 07, 2025",ClinVar,clinvar,clinvar_variant_summary,cohort,file,,,,,,,,,,,,,
BRCA1,BRCA1 p.Asp2Asn,Likely benign,"criteria provided, single submitter",868680,NM_007294.4(BRCA1):c.4G>A (p.Asp2Asn),"May 16, 2025",ClinVar,clinvar,clinvar_variant_summary,cohort,file,2.1961707566686724e-06,3.0,1612060.0,1.473014376620316e-05,17-43124093-C-T,ENST00000357654,missense_variant,gnomad_r4,GRCh38,-0.09705859468975,,urn:mavedb:00000081-a-2,BRCA1 RING and BRCT domains mean HDR fluorescence score
BRCA1,BRCA1 p.Asp390Gly,Likely benign,"criteria provided, single submitter",3338486,NM_007294.4(BRCA1):c.1169A>G (p.Asp390Gly),"Aug 12, 2024",ClinVar,clinvar,clinvar_variant_summary,cohort,file,,,,,,,,,,,,,
BRCA1,BRCA1 p.Asp40Gly,Likely benign,"criteria provided, single submitter",868157,NM_007294.4(BRCA1):c.119A>G (p.Asp40Gly),"Apr 08, 2025",ClinVar,clinvar,clinvar_variant_summary,cohort,file,,,,,,,,,,0.0,,urn:mavedb:00000081-a-1,BRCA1 RING and BRCT domains depletion scores
BRCA1,BRCA1 p.Asp414Tyr,Likely benign,"criteria provided, single submitter",1050740,NM_007294.4(BRCA1):c.1240G>T (p.Asp414Tyr),"Mar 23, 2023",ClinVar,clinvar,clinvar_variant_summary,cohort,file,,,,,,,,,,,,,
BRCA1,BRCA1 p.Asp458Glu,Likely benign,no assertion criteria provided,2683812,NM_007294.4(BRCA1):c.1374C>G (p.Asp458Glu),"Sep 01, 2023",ClinVar,clinvar,clinvar_variant_summary,cohort,file,6.195994165851893e-07,1.0,1613946.0,8.993080723691192e-07,17-43094157-G-T,ENST00000357654,missense_variant,gnomad_r4,GRCh38,,,,
BRCA1,BRCA1 p.Asp522Asn,Likely benign,"criteria provided, single submitter",54293,NM_007294.4(BRCA1):c.1564G>A (p.Asp522Asn),"Mar 23, 2023",ClinVar,clinvar,clinvar_variant_summary,cohort,file,,,,,,,,,,,,,
BRCA1,BRCA1 p.Asp693Tyr,Benign,no assertion criteria provided,125534,NM_007294.4(BRCA1):c.2077G>T (p.Asp693Tyr),"Dec 17, 2010",ClinVar,clinvar,clinvar_variant_summary,cohort,file,,,,,,,,,,,,,
BRCA1,BRCA1 p.Asp746Val,Likely benign,no assertion criteria provided,2683814,NM_007294.4(BRCA1):c.2237A>T (p.Asp746Val),"Sep 01, 2023",ClinVar,clinvar,clinvar_variant_summary,cohort,file,,,,,,,,,,,,,
BRCA1,BRCA1 p.Asp749His,Likely benign,"criteria provided, single submitter",125550,NM_007294.4(BRCA1):c.2245G>C (p.Asp749His),"Mar 23, 2023",ClinVar,clinvar,clinvar_variant_summary,cohort,file,,,,,,,,,,,,,
BRCA1,BRCA1 p.Asp825Val,Likely benign,"criteria provided, single submitter",54576,NM_007294.4(BRCA1):c.2474A>T (p.Asp825Val),"Mar 23, 2023",ClinVar,clinvar,clinvar_variant_summary,cohort,file,,,,,,,,,,,,,
BRCA1,BRCA1 p.Asp96Ala,Likely pathogenic,"criteria provided, single submitter",868826,NM_007294.4(BRCA1):c.287A>C (p.Asp96Ala),"Jun 12, 2023",ClinVar,clinvar,clinvar_variant_summary,cohort,file,,,,,,,,,,,,,
BRCA1,BRCA1 p.Asp96Gly,Pathogenic/Likely pathogenic,"criteria provided, multiple submitters, no conflicts",220258,NM_007294.4(BRCA1):c.287A>G (p.Asp96Gly),"Oct 22, 2024",ClinVar,clinvar,clinvar_variant_summary,cohort,file,,,,,,,,,,-0.6826432705357499,,urn:mavedb:00000081-a-2,BRCA1 RING and BRCT domains mean HDR fluorescence score
BRCA1,BRCA1 p.Asp96Val,Pathogenic/Likely pathogenic,"criteria provided, multiple submitters, no conflicts",868827,NM_007294.4(BRCA1):c.287A>T (p.Asp96Val),"Jun 19, 2024",ClinVar,clinvar,clinvar_variant_summary,cohort,file,6.196332019297856e-07,1.0,1613858.0,8.994180765045016e-07,17-43104882-T-A,ENST00000357654,missense_variant,gnomad_r4,GRCh38,,,,
BRCA1,BRCA1 p.Cys1697Phe,Likely pathogenic,"criteria provided, single submitter",867631,NM_007294.4(BRCA1):c.5090G>T (p.Cys1697Phe),"Oct 12, 2021",ClinVar,clinvar,clinvar_variant_summary,cohort,file,,,,,,,,,,,,,
BRCA1,BRCA1 p.Cys1787Tyr,Likely pathogenic,"criteria provided, multiple submitters, no conflicts",662455,NM_007294.4(BRCA1):c.5360G>A (p.Cys1787Tyr),"Dec 29, 2025",ClinVar,clinvar,clinvar_variant_summary,cohort,file,,,,,,,,,,,,,
BRCA1,BRCA1 p.Cys1847Ser,Likely benign,"criteria provided, single submitter",867639,NM_007294.4(BRCA1):c.5540G>C (p.Cys1847Ser),"Nov 14, 2023",ClinVar,clinvar,clinvar_variant_summary,cohort,file,,,,,,,,,,,,,
BRCA1,BRCA1 p.Cys24Arg,Pathogenic/Likely pathogenic,"criteria provided, multiple submitters, no conflicts",55674,NM_007294.4(BRCA1):c.70T>C (p.Cys24Arg),"Jul 16, 2024",ClinVar,clinvar,clinvar_variant_summary,cohort,file,,,,,,,,,,,,,
BRCA1,BRCA1 p.Cys24Gly,Pathogenic/Likely pathogenic,"criteria provided, multiple submitters, no conflicts",649351,NM_007294.4(BRCA1):c.70T>G (p.Cys24Gly),"May 17, 2024",ClinVar,clinvar,clinvar_variant_summary,cohort,file,,,,,,,,,,,,,
BRCA1,BRCA1 p.Cys24Ser,Pathogenic/Likely pathogenic,"criteria provided, multiple submitters, no conflicts",638952,NM_007294.4(BRCA1):c.70T>A (p.Cys24Ser),"May 17, 2024",ClinVar,clinvar,clinvar_variant_summary,cohort,file,,,,,,,,,,,,,
BRCA1,BRCA1 p.Cys24Trp,Pathogenic,"criteria provided, single submitter",652430,NM_007294.4(BRCA1):c.72T>G (p.Cys24Trp),"Aug 09, 2022",ClinVar,clinvar,clinvar_variant_summary,cohort,file,,,,,,,,,,,,,
BRCA1,BRCA1 p.Cys24Tyr,Pathogenic/Likely pathogenic,"criteria provided, multiple submitters, no conflicts",55678,NM_007294.4(BRCA1):c.71G>A (p.Cys24Tyr),"Feb 20, 2026",ClinVar,clinvar,clinvar_variant_summary,cohort,file,,,,,,,,,,,,,
BRCA1,BRCA1 p.Cys27Arg,Likely pathogenic,"criteria provided, single submitter",867750,NM_007294.4(BRCA1):c.79T>C (p.Cys27Arg),"Jan 13, 2025",ClinVar,clinvar,clinvar_variant_summary,cohort,file,,,,,,,,,,4.0,,urn:mavedb:00000081-a-1,BRCA1 RING and BRCT domains depletion scores
BRCA1,BRCA1 p.Cys27Gly,Likely pathogenic,"criteria provided, single submitter",867751,NM_007294.4(BRCA1):c.79T>G (p.Cys27Gly),"Jul 07, 2025",ClinVar,clinvar,clinvar_variant_summary,cohort,file,,,,,,,,,,4.0,,urn:mavedb:00000081-a-1,BRCA1 RING and BRCT domains depletion scores
BRCA1,BRCA1 p.Cys27Phe,Likely pathogenic,"criteria provided, multiple submitters, no conflicts",481469,NM_007294.4(BRCA1):c.80G>T (p.Cys27Phe),"Nov 25, 2025",ClinVar,clinvar,clinvar_variant_summary,cohort,file,6.211990383838885e-07,1.0,1609790.0,9.023853654750967e-07,17-43124017-C-A,ENST00000357654,missense_variant,gnomad_r4,GRCh38,,,,
BRCA1,BRCA1 p.Cys27Trp,Likely pathogenic,"criteria provided, multiple submitters, no conflicts",867463,NM_007294.4(BRCA1):c.81T>G (p.Cys27Trp),"Feb 26, 2026",ClinVar,clinvar,clinvar_variant_summary,cohort,file,,,,,,,,,,-0.41156297336695,,urn:mavedb:00000081-a-2,BRCA1 RING and BRCT domains mean HDR fluorescence score
BRCA1,BRCA1 p.Cys27Tyr,Likely pathogenic,"criteria provided, multiple submitters, no conflicts",827453,NM_007294.4(BRCA1):c.80G>A (p.Cys27Tyr),"Jun 01, 2023",ClinVar,clinvar,clinvar_variant_summary,cohort,file,,,,,,,,,,,,,
BRCA1,BRCA1 p.Cys39Gly,Pathogenic/Likely pathogenic,"criteria provided, multiple submitters, no conflicts",54153,NM_007294.4(BRCA1):c.115T>G (p.Cys39Gly),"Dec 29, 2025",ClinVar,clinvar,clinvar_variant_summary,cohort,file,,,,,,,,,,4.0,,urn:mavedb:00000081-a-1,BRCA1 RING and BRCT domains depletion scores
BRCA1,BRCA1 p.Cys39Phe,Pathogenic/Likely pathogenic,"criteria provided, multiple submitters, no conflicts",37393,NM_007294.4(BRCA1):c.116G>T (p.Cys39Phe),"Jan 09, 2026",ClinVar,clinvar,clinvar_variant_summary,cohort,file,,,,,,,,,,4.0,,urn:mavedb:00000081-a-1,BRCA1 RING and BRCT domains depletion scores
BRCA1,BRCA1 p.Cys39Ser,Pathogenic/Likely pathogenic,"criteria provided, multiple submitters, no conflicts",54151,NM_007294.4(BRCA1):c.115T>A (p.Cys39Ser),"Dec 13, 2025",ClinVar,clinvar,clinvar_variant_summary,cohort,file,,,,,,,,,,-1.0236028934085,,urn:mavedb:00000081-a-2,BRCA1 RING and BRCT domains mean HDR fluorescence score
BRCA1,BRCA1 p.Cys39Trp,Pathogenic,"criteria provided, multiple submitters, no conflicts",267497,NM_007294.4(BRCA1):c.117T>G (p.Cys39Trp),"Jan 30, 2019",ClinVar,clinvar,clinvar_variant_summary,cohort,file,,,,,,,,,,-1.7753689205774998,,urn:mavedb:00000081-a-2,BRCA1 RING and BRCT domains mean HDR fluorescence score
BRCA1,BRCA1 p.Cys39Tyr,Pathogenic,"criteria provided, multiple submitters, no conflicts",37392,NM_007294.4(BRCA1):c.116G>A (p.Cys39Tyr),"Jan 26, 2026",ClinVar,clinvar,clinvar_variant_summary,cohort,file,,,,,,,,,,-1.2125257737885,,urn:mavedb:00000081-a-2,BRCA1 RING and BRCT domains mean HDR fluorescence score
BRCA1,BRCA1 p.Cys44Arg,Pathogenic,"criteria provided, single submitter",54192,NM_007294.4(BRCA1):c.130T>C (p.Cys44Arg),"Mar 06, 2019",ClinVar,clinvar,clinvar_variant_summary,cohort,file,,,,,,,,,,4.0,,urn:mavedb:00000081-a-1,BRCA1 RING and BRCT domains depletion scores
BRCA1,BRCA1 p.Cys44Trp,Likely pathogenic,"criteria provided, single submitter",647970,NM_007294.4(BRCA1):c.132C>G (p.Cys44Trp),"Mar 06, 2019",ClinVar,clinvar,clinvar_variant_summary,cohort,file,,,,,,,,,,-0.597452786856,,urn:mavedb:00000081-a-2,BRCA1 RING and BRCT domains mean HDR fluorescence score
BRCA1,BRCA1 p.Cys47Arg,Pathogenic/Likely pathogenic,"criteria provided, multiple submitters, no conflicts",651975,NM_007294.4(BRCA1):c.139T>C (p.Cys47Arg),"Jul 15, 2025",ClinVar,clinvar,clinvar_variant_summary,cohort,file,,,,,,,,,,3.0,,urn:mavedb:00000081-a-1,BRCA1 RING and BRCT domains depletion scores
BRCA1,BRCA1 p.Cys47Gly,Likely pathogenic,"criteria provided, single submitter",54242,NM_007294.4(BRCA1):c.139T>G (p.Cys47Gly),"May 13, 2016",ClinVar,clinvar,clinvar_variant_summary,cohort,file,6.296364856713625e-07,1.0,1588218.0,9.176096635308886e-07,17-43106529-A-C,ENST00000357654,missense_variant,gnomad_r4,GRCh38,4.0,,urn:mavedb:00000081-a-1,BRCA1 RING and BRCT domains depletion scores
BRCA1,BRCA1 p.Cys47Phe,Pathogenic/Likely pathogenic,"criteria provided, multiple submitters, no conflicts",54247,NM_007294.4(BRCA1):c.140G>T (p.Cys47Phe),"Mar 04, 2025",ClinVar,clinvar,clinvar_variant_summary,cohort,file,,,,,,,,,,,,,
BRCA1,BRCA1 p.Cys47Ser,Pathogenic,"criteria provided, single submitter",267508,NM_007294.4(BRCA1):c.139T>A (p.Cys47Ser),"Oct 02, 2015",ClinVar,clinvar,clinvar_variant_summary,cohort,file,,,,,,,,,,-0.7806880522305,,urn:mavedb:00000081-a-2,BRCA1 RING and BRCT domains mean HDR fluorescence score
BRCA1,BRCA1 p.Cys61Arg,Pathogenic/Likely pathogenic,"criteria provided, multiple submitters, no conflicts",54360,NM_007294.4(BRCA1):c.181T>C (p.Cys61Arg),"Jun 07, 2025",ClinVar,clinvar,clinvar_variant_summary,cohort,file,,,,,,,,,,-1.1818796039495,,urn:mavedb:00000081-a-2,BRCA1 RING and BRCT domains mean HDR fluorescence score
BRCA1,BRCA1 p.Cys61Ser,Pathogenic,"criteria provided, multiple submitters, no conflicts",54359,NM_007294.4(BRCA1):c.181T>A (p.Cys61Ser),"Apr 02, 2020",ClinVar,clinvar,clinvar_variant_summary,cohort,file,,,,,,,,,,,,,
BRCA1,BRCA1 p.Cys61Tyr,Pathogenic,"criteria provided, multiple submitters, no conflicts",54364,NM_007294.4(BRCA1):c.182G>A (p.Cys61Tyr),"Aug 14, 2025",ClinVar,clinvar,clinvar_variant_summary,cohort,file,1.2462829610686128e-06,2.0,1604772.0,1.666555562962469e-05,17-43106486-C-T,ENST00000357654,missense_variant,gnomad_r4,GRCh38,,,,
BRCA1,BRCA1 p.Cys644Trp,Likely benign,"criteria provided, single submitter",54403,NM_007294.4(BRCA1):c.1932T>G (p.Cys644Trp),"Mar 23, 2023",ClinVar,clinvar,clinvar_variant_summary,cohort,file,,,,,,,,,,,,,
BRCA1,BRCA1 p.Cys64Arg,Pathogenic,"criteria provided, multiple submitters, no conflicts",54394,NM_007294.4(BRCA1):c.190T>C (p.Cys64Arg),"Sep 11, 2025",ClinVar,clinvar,clinvar_variant_summary,cohort,file,0.0,0.0,1602460.0,0.0,17-43106478-A-G,ENST00000357654,missense_variant,gnomad_r4,GRCh38,,,,
BRCA1,BRCA1 p.Cys64Gly,Pathogenic,"criteria provided, multiple submitters, no conflicts",17660,NM_007294.4(BRCA1):c.190T>G (p.Cys64Gly),"Jan 05, 2026",ClinVar,clinvar,clinvar_variant_summary,cohort,file,1.872259480185878e-06,3.0,1602342.0,4.8243921265920496e-05,17-43106478-A-C,ENST00000357654,missense_variant,gnomad_r4,GRCh38,-2.19033032055925,,urn:mavedb:00000081-a-2,BRCA1 RING and BRCT domains mean HDR fluorescence score
BRCA1,BRCA1 p.Cys64Ser,Pathogenic/Likely pathogenic,"criteria provided, multiple submitters, no conflicts",462571,NM_007294.4(BRCA1):c.191G>C (p.Cys64Ser),"Jan 28, 2026",ClinVar,clinvar,clinvar_variant_summary,cohort,file,,,,,,,,,,,,,
BRCA1,BRCA1 p.Cys64Trp,Pathogenic/Likely pathogenic,"criteria provided, multiple submitters, no conflicts",224427,NM_007294.4(BRCA1):c.192T>G (p.Cys64Trp),"Apr 18, 2021",ClinVar,clinvar,clinvar_variant_summary,cohort,file,,,,,,,,,,,,,
BRCA1,BRCA1 p.Cys805Arg,Likely benign,"criteria provided, single submitter",54562,NM_007294.4(BRCA1):c.2413T>C (p.Cys805Arg),"Mar 23, 2023",ClinVar,clinvar,clinvar_variant_summary,cohort,file,,,,,,,,,,,,,
BRCA1,BRCA1 p.Gln1144His,Likely benign,"criteria provided, single submitter",54884,NM_007294.4(BRCA1):c.3432G>T (p.Gln1144His),"Mar 23, 2023",ClinVar,clinvar,clinvar_variant_summary,cohort,file,,,,,,,,,,,,,
BRCA1,BRCA1 p.Gln1273Arg,Likely benign,"criteria provided, multiple submitters, no conflicts",96917,NM_007294.4(BRCA1):c.3818A>G (p.Gln1273Arg),"Oct 07, 2025",ClinVar,clinvar,clinvar_variant_summary,cohort,file,,,,,,,,,,,,,
BRCA1,BRCA1 p.Gln1408His,Likely pathogenic,"criteria provided, single submitter",694279,NM_007294.4(BRCA1):c.4224G>C (p.Gln1408His),"Aug 30, 2017",ClinVar,clinvar,clinvar_variant_summary,cohort,file,,,,,,,,,,,,,
BRCA1,BRCA1 p.Gln1721His,Likely benign,"criteria provided, single submitter",868763,NM_007294.4(BRCA1):c.5163G>T (p.Gln1721His),"May 16, 2025",ClinVar,clinvar,clinvar_variant_summary,cohort,file,,,,,,,,,,,,,
BRCA1,BRCA1 p.Gln1779His,Likely benign,"criteria provided, single submitter",865637,NM_007294.4(BRCA1):c.5337A>C (p.Gln1779His),"Aug 19, 2023",ClinVar,clinvar,clinvar_variant_summary,cohort,file,,,,,,,,,,,,,
BRCA1,BRCA1 p.Gln1811Arg,Pathogenic/Likely pathogenic,"criteria provided, multiple submitters, no conflicts",55578,NM_007294.4(BRCA1):c.5432A>G (p.Gln1811Arg),"Aug 03, 2025",ClinVar,clinvar,clinvar_variant_summary,cohort,file,6.194888721213901e-07,1.0,1614234.0,8.992724885567576e-07,17-43047678-T-C,ENST00000357654,missense_variant,gnomad_r4,GRCh38,,,,
BRCA1,BRCA1 p.Gln1811Pro,Likely pathogenic,"criteria provided, single submitter",868483,NM_007294.4(BRCA1):c.5432A>C (p.Gln1811Pro),"Mar 08, 2024",ClinVar,clinvar,clinvar_variant_summary,cohort,file,6.194888721213901e-07,1.0,1614234.0,8.992724885567576e-07,17-43047678-T-G,ENST00000357654,missense_variant,gnomad_r4,GRCh38,,,,
BRCA1,BRCA1 p.Gln1826Glu,Likely benign,"criteria provided, single submitter",868968,NM_007294.4(BRCA1):c.5476C>G (p.Gln1826Glu),"Mar 21, 2023",ClinVar,clinvar,clinvar_variant_summary,cohort,file,,,,,,,,,,,,,
BRCA1,BRCA1 p.Gln1826His,Benign,"criteria provided, single submitter",864919,NM_007294.4(BRCA1):c.5478G>C (p.Gln1826His),"Mar 19, 2024",ClinVar,clinvar,clinvar_variant_summary,cohort,file,6.195080610388902e-07,1.0,1614184.0,8.992724885567576e-07,17-43045792-C-A,ENST00000357654,missense_variant,gnomad_r4,GRCh38,,,,
BRCA1,BRCA1 p.Gln1846Arg,Likely benign,"criteria provided, single submitter",864986,NM_007294.4(BRCA1):c.5537A>G (p.Gln1846Arg),"Apr 16, 2024",ClinVar,clinvar,clinvar_variant_summary,cohort,file,,,,,,,,,,,,,
BRCA1,BRCA1 p.Gln1846His,Likely benign,"criteria provided, single submitter",867634,NM_007294.4(BRCA1):c.5538G>T (p.Gln1846His),"Dec 30, 2024",ClinVar,clinvar,clinvar_variant_summary,cohort,file,1.8589157316320535e-06,3.0,1613844.0,4.830917874396135e-05,17-43045732-C-G,ENST00000357654,missense_variant,gnomad_r4,GRCh38,,,,
BRCA1,BRCA1 p.Gln1848Arg,Likely benign,"criteria provided, single submitter",869023,NM_007294.4(BRCA1):c.5543A>G (p.Gln1848Arg),"Jan 13, 2021",ClinVar,clinvar,clinvar_variant_summary,cohort,file,,,,,,,,,,,,,
BRCA1,BRCA1 p.Gln804Leu,Likely benign,"criteria provided, single submitter",3481827,NM_007294.4(BRCA1):c.2411A>T (p.Gln804Leu),"Jul 25, 2024",ClinVar,clinvar,clinvar_variant_summary,cohort,file,,,,,,,,,,,,,
BRCA1,BRCA1 p.Gln94His,Benign/Likely benign,"criteria provided, multiple submitters, no conflicts",821868,NM_007294.4(BRCA1):c.282G>T (p.Gln94His),"Nov 26, 2025",ClinVar,clinvar,clinvar_variant_summary,cohort,file,1.8588949984571168e-06,3.0,1613862.0,7.566204287515763e-05,17-43104887-C-A,ENST00000357654,missense_variant,gnomad_r4,GRCh38,,,,
BRCA1,BRCA1 p.Glu1013Lys,Likely benign,"criteria provided, single submitter",433703,NM_007294.4(BRCA1):c.3037G>A (p.Glu1013Lys),"Mar 23, 2023",ClinVar,clinvar,clinvar_variant_summary,cohort,file,,,,,,,,,,,,,
BRCA1,BRCA1 p.Glu1346Lys,Benign/Likely benign,"criteria provided, multiple submitters, no conflicts",37561,NM_007294.4(BRCA1):c.4036G>A (p.Glu1346Lys),"Jan 13, 2026",ClinVar,clinvar,clinvar_variant_summary,cohort,file,4.276693384637125e-05,69.0,1613396.0,7.348186467579801e-05,17-43091495-C-T,ENST00000357654,missense_variant,gnomad_r4,GRCh38,,,,
BRCA1,BRCA1 p.Glu1559Gln,Pathogenic/Likely pathogenic,"criteria provided, multiple submitters, no conflicts",37605,NM_007294.4(BRCA1):c.4675G>C (p.Glu1559Gln),"Nov 13, 2025",ClinVar,clinvar,clinvar_variant_summary,cohort,file,,,,,,,,,,,,,
BRCA1,BRCA1 p.Glu1638Val,Benign,"criteria provided, single submitter",868843,NM_007294.4(BRCA1):c.4913A>T (p.Glu1638Val),"Mar 04, 2025",ClinVar,clinvar,clinvar_variant_summary,cohort,file,,,,,,,,,,,,,
BRCA1,BRCA1 p.Glu1644Gln,Likely benign,"criteria provided, single submitter",825302,NM_007294.4(BRCA1):c.4930G>C (p.Glu1644Gln),"Jul 03, 2019",ClinVar,clinvar,clinvar_variant_summary,cohort,file,,,,,,,,,,,,,
BRCA1,BRCA1 p.Glu1682Val,Likely pathogenic,"criteria provided, single submitter",55362,NM_007294.4(BRCA1):c.5045A>T (p.Glu1682Val),"Jul 28, 2025",ClinVar,clinvar,clinvar_variant_summary,cohort,file,,,,,,,,,,,,,
BRCA1,BRCA1 p.Glu1849Lys,Likely benign,"criteria provided, single submitter",869028,NM_007294.4(BRCA1):c.5545G>A (p.Glu1849Lys),"Jan 19, 2022",ClinVar,clinvar,clinvar_variant_summary,cohort,file,,,,,,,,,,,,,
BRCA1,BRCA1 p.Glu33Asp,Likely benign,"criteria provided, single submitter",865114,NM_007294.4(BRCA1):c.99A>C (p.Glu33Asp),"Oct 07, 2022",ClinVar,clinvar,clinvar_variant_summary,cohort,file,,,,,,,,,,,,,
BRCA1,BRCA1 p.Glu33Lys,Likely benign,"criteria provided, single submitter",868136,NM_007294.4(BRCA1):c.97G>A (p.Glu33Lys),"Sep 18, 2023",ClinVar,clinvar,clinvar_variant_summary,cohort,file,,,,,,,,,,-0.03176073075,,urn:mavedb:00001222-b-2,Scores from multiplexed functional assay of BRCA1 variants
BRCA1,BRCA1 p.Glu362Asp,Likely benign,"criteria provided, single submitter",4215103,NM_007294.4(BRCA1):c.1086G>C (p.Glu362Asp),"Aug 19, 2025",ClinVar,clinvar,clinvar_variant_summary,cohort,file,,,,,,,,,,,,,
BRCA1,BRCA1 p.Glu421Lys,Likely benign,"criteria provided, single submitter",54179,NM_007294.4(BRCA1):c.1261G>A (p.Glu421Lys),"Mar 23, 2023",ClinVar,clinvar,clinvar_variant_summary,cohort,file,,,,,,,,,,,,,
BRCA1,BRCA1 p.Glu736Ala,Benign/Likely benign,"criteria provided, multiple submitters, no conflicts",37455,NM_007294.4(BRCA1):c.2207A>C (p.Glu736Ala),"Jan 27, 2026",ClinVar,clinvar,clinvar_variant_summary,cohort,file,3.718780834891089e-06,6.0,1613432.0,0.0001922337562475,17-43093324-T-G,ENST00000357654,missense_variant,gnomad_r4,GRCh38,,,,
BRCA1,BRCA1 p.Glu736Gly,Likely benign,"criteria provided, multiple submitters, no conflicts",481433,NM_007294.4(BRCA1):c.2207A>G (p.Glu736Gly),"Mar 23, 2023",ClinVar,clinvar,clinvar_variant_summary,cohort,file,,,,,,,,,,,,,
BRCA1,BRCA1 p.Glu75Lys,Likely benign,"criteria provided, single submitter",867356,NM_007294.4(BRCA1):c.223G>A (p.Glu75Lys),"Apr 07, 2023",ClinVar,clinvar,clinvar_variant_summary,cohort,file,,,,,,,,,,0.3870315630915,,urn:mavedb:00000081-a-2,BRCA1 RING and BRCT domains mean HDR fluorescence score
BRCA1,BRCA1 p.Glu879Lys,Likely benign,"criteria provided, single submitter",54624,NM_007294.4(BRCA1):c.2635G>A (p.Glu879Lys),"Mar 23, 2023",ClinVar,clinvar,clinvar_variant_summary,cohort,file,6.196178444982273e-07,1.0,1613898.0,8.993113074007924e-07,17-43092896-C-T,ENST00000357654,missense_variant,gnomad_r4,GRCh38,,,,
BRCA1,BRCA1 p.Glu880Lys,Likely benign,"criteria provided, single submitter",4625766,NM_007294.4(BRCA1):c.2638G>A (p.Glu880Lys),"Dec 10, 2025",ClinVar,clinvar,clinvar_variant_summary,cohort,file,,,,,,,,,,,,,
BRCA1,BRCA1 p.Gly1184Arg,Likely benign,"criteria provided, multiple submitters, no conflicts",1732593,NM_007294.4(BRCA1):c.3550G>A (p.Gly1184Arg),"Mar 23, 2023",ClinVar,clinvar,clinvar_variant_summary,cohort,file,6.195310893091237e-07,1.0,1614124.0,2.236235967619303e-05,17-43091981-C-T,ENST00000357654,missense_variant,gnomad_r4,GRCh38,,,,
BRCA1,BRCA1 p.Gly1201Ser,Benign/Likely benign,"criteria provided, multiple submitters, no conflicts",54932,NM_007294.4(BRCA1):c.3601G>A (p.Gly1201Ser),"Jan 20, 2026",ClinVar,clinvar,clinvar_variant_summary,cohort,file,1.1772184682033292e-05,19.0,1613974.0,6.546216286986122e-05,17-43091930-C-T,ENST00000357654,missense_variant,gnomad_r4,GRCh38,,,,
BRCA1,BRCA1 p.Gly1205Arg,Likely benign,"criteria provided, single submitter",54937,NM_007294.4(BRCA1):c.3613G>C (p.Gly1205Arg),"Mar 23, 2023",ClinVar,clinvar,clinvar_variant_summary,cohort,file,,,,,,,,,,,,,
BRCA1,BRCA1 p.Gly1332Glu,Likely benign,"criteria provided, multiple submitters, no conflicts",824466,NM_007294.4(BRCA1):c.3995G>A (p.Gly1332Glu),"Mar 23, 2023",ClinVar,clinvar,clinvar_variant_summary,cohort,file,,,,,,,,,,,,,
BRCA1,BRCA1 p.Gly1515Arg,Likely benign,"criteria provided, single submitter",3481776,NM_007294.4(BRCA1):c.4543G>A (p.Gly1515Arg),"Jun 25, 2024",ClinVar,clinvar,clinvar_variant_summary,cohort,file,,,,,,,,,,,,,
BRCA1,BRCA1 p.Gly1515Glu,Likely benign,"criteria provided, multiple submitters, no conflicts",91632,NM_007294.4(BRCA1):c.4544G>A (p.Gly1515Glu),"Jul 01, 2024",ClinVar,clinvar,clinvar_variant_summary,cohort,file,2.4782164771657133e-06,4.0,1614064.0,3.5972193494428807e-06,17-43074462-C-T,ENST00000357654,missense_variant,gnomad_r4,GRCh38,,,,
BRCA1,BRCA1 p.Gly1543Glu,Likely benign,"criteria provided, single submitter",3992563,NM_007294.4(BRCA1):c.4628G>A (p.Gly1543Glu),"Jun 09, 2025",ClinVar,clinvar,clinvar_variant_summary,cohort,file,,,,,,,,,,,,,
BRCA1,BRCA1 p.Gly1706Arg,Pathogenic/Likely pathogenic,"criteria provided, multiple submitters, no conflicts",267219,NM_007294.4(BRCA1):c.5116G>C (p.Gly1706Arg),"Sep 09, 2025",ClinVar,clinvar,clinvar_variant_summary,cohort,file,,,,,,,,,,,,,
BRCA1,BRCA1 p.Gly1706Val,Likely pathogenic,"criteria provided, single submitter",868673,NM_007294.4(BRCA1):c.5117G>T (p.Gly1706Val),"Apr 15, 2024",ClinVar,clinvar,clinvar_variant_summary,cohort,file,,,,,,,,,,,,,
BRCA1,BRCA1 p.Gly1738Glu,Pathogenic/Likely pathogenic,"criteria provided, multiple submitters, no conflicts",55462,NM_007294.4(BRCA1):c.5213G>A (p.Gly1738Glu),"Dec 29, 2025",ClinVar,clinvar,clinvar_variant_summary,cohort,file,,,,,,,,,,,,,
BRCA1,BRCA1 p.Gly1738Val,Pathogenic,"criteria provided, single submitter",845528,NM_007294.4(BRCA1):c.5213G>T (p.Gly1738Val),"Jan 30, 2019",ClinVar,clinvar,clinvar_variant_summary,cohort,file,,,,,,,,,,,,,
BRCA1,BRCA1 p.Gly1743Glu,Likely pathogenic,"criteria provided, multiple submitters, no conflicts",867253,NM_007294.4(BRCA1):c.5228G>A (p.Gly1743Glu),"Dec 17, 2025",ClinVar,clinvar,clinvar_variant_summary,cohort,file,,,,,,,,,,,,,
BRCA1,BRCA1 p.Gly1748Arg,Likely pathogenic,"criteria provided, multiple submitters, no conflicts",240819,NM_007294.4(BRCA1):c.5242G>C (p.Gly1748Arg),"Apr 30, 2024",ClinVar,clinvar,clinvar_variant_summary,cohort,file,,,,,,,,,,,,,
BRCA1,BRCA1 p.Gly1748Asp,Pathogenic/Likely pathogenic,"criteria provided, multiple submitters, no conflicts",55476,NM_007294.4(BRCA1):c.5243G>A (p.Gly1748Asp),"Dec 08, 2025",ClinVar,clinvar,clinvar_variant_summary,cohort,file,,,,,,,,,,,,,
BRCA1,BRCA1 p.Gly1788Ala,Likely pathogenic,"criteria provided, single submitter",531438,NM_007294.4(BRCA1):c.5363G>C (p.Gly1788Ala),"Nov 04, 2024",ClinVar,clinvar,clinvar_variant_summary,cohort,file,,,,,,,,,,,,,
BRCA1,BRCA1 p.Gly1788Cys,Likely pathogenic,"criteria provided, multiple submitters, no conflicts",55550,NM_007294.4(BRCA1):c.5362G>T (p.Gly1788Cys),"Nov 29, 2022",ClinVar,clinvar,clinvar_variant_summary,cohort,file,,,,,,,,,,,,,
BRCA1,BRCA1 p.Gly1788Ser,Likely pathogenic,"criteria provided, single submitter",868033,NM_007294.4(BRCA1):c.5362G>A (p.Gly1788Ser),"Jan 26, 2026",ClinVar,clinvar,clinvar_variant_summary,cohort,file,,,,,,,,,,,,,
BRCA1,BRCA1 p.Gly1803Ala,Pathogenic/Likely pathogenic,"criteria provided, multiple submitters, no conflicts",37668,NM_007294.4(BRCA1):c.5408G>C (p.Gly1803Ala),"Oct 20, 2025",ClinVar,clinvar,clinvar_variant_summary,cohort,file,6.195180397457993e-07,1.0,1614158.0,8.992838103734187e-07,17-43047702-C-G,ENST00000357654,missense_variant,gnomad_r4,GRCh38,,,,
BRCA1,BRCA1 p.Gly1825Arg,Likely benign,"criteria provided, single submitter",868567,NM_007294.4(BRCA1):c.5473G>C (p.Gly1825Arg),"Jul 30, 2025",ClinVar,clinvar,clinvar_variant_summary,cohort,file,,,,,,,,,,,,,
BRCA1,BRCA1 p.Gly263Ala,Likely benign,"criteria provided, single submitter",55700,NM_007294.4(BRCA1):c.788G>C (p.Gly263Ala),"Mar 23, 2023",ClinVar,clinvar,clinvar_variant_summary,cohort,file,,,,,,,,,,,,,
BRCA1,BRCA1 p.Gly263Cys,Likely benign,"criteria provided, single submitter",55699,NM_007294.4(BRCA1):c.787G>T (p.Gly263Cys),"Mar 23, 2023",ClinVar,clinvar,clinvar_variant_summary,cohort,file,,,,,,,,,,,,,
BRCA1,BRCA1 p.Gly552Val,Likely benign,"criteria provided, single submitter",54319,NM_007294.4(BRCA1):c.1655G>T (p.Gly552Val),"Mar 23, 2023",ClinVar,clinvar,clinvar_variant_summary,cohort,file,,,,,,,,,,,,,
BRCA1,BRCA1 p.Gly960Asp,Likely benign,"criteria provided, single submitter",54708,NM_007294.4(BRCA1):c.2879G>A (p.Gly960Asp),"Mar 23, 2023",ClinVar,clinvar,clinvar_variant_summary,cohort,file,,,,,,,,,,,,,
BRCA1,BRCA1 p.His1283Arg,Likely benign,"criteria provided, multiple submitters, no conflicts",55028,NM_007294.4(BRCA1):c.3848A>G (p.His1283Arg),"Jan 31, 2026",ClinVar,clinvar,clinvar_variant_summary,cohort,file,1.4249197398468274e-05,23.0,1614126.0,4.471871925588051e-05,17-43091683-T-C,ENST00000357654,missense_variant,gnomad_r4,GRCh38,,,,
BRCA1,BRCA1 p.His1284Arg,Likely benign,"criteria provided, single submitter",55029,NM_007294.4(BRCA1):c.3851A>G (p.His1284Arg),"Mar 23, 2023",ClinVar,clinvar,clinvar_variant_summary,cohort,file,,,,,,,,,,,,,
BRCA1,BRCA1 p.His1673Asp,Likely benign,"criteria provided, single submitter",865536,NM_007294.4(BRCA1):c.5017C>G (p.His1673Asp),"Nov 16, 2023",ClinVar,clinvar,clinvar_variant_summary,cohort,file,,,,,,,,,,,,,
BRCA1,BRCA1 p.His1673Tyr,Likely benign,"criteria provided, single submitter",865537,NM_007294.4(BRCA1):c.5017C>T (p.His1673Tyr),"Mar 03, 2021",ClinVar,clinvar,clinvar_variant_summary,cohort,file,6.198329178386674e-07,1.0,1613338.0,1.1594471755866804e-05,17-43067665-G-A,ENST00000357654,missense_variant,gnomad_r4,GRCh38,,,,
BRCA1,BRCA1 p.His1686Arg,Pathogenic/Likely pathogenic,"criteria provided, multiple submitters, no conflicts",183179,NM_007294.4(BRCA1):c.5057A>G (p.His1686Arg),"Jun 20, 2025",ClinVar,clinvar,clinvar_variant_summary,cohort,file,1.2405608823861443e-06,2.0,1612174.0,1.8014577396028864e-06,17-43067625-T-C,ENST00000357654,missense_variant,gnomad_r4,GRCh38,,,,
BRCA1,BRCA1 p.His1686Asp,Likely pathogenic,"criteria provided, multiple submitters, no conflicts",867583,NM_007294.4(BRCA1):c.5056C>G (p.His1686Asp),"Jan 26, 2026",ClinVar,clinvar,clinvar_variant_summary,cohort,file,,,,,,,,,,,,,
BRCA1,BRCA1 p.His1686Gln,Pathogenic,"criteria provided, single submitter",55366,NM_007294.4(BRCA1):c.5058T>A (p.His1686Gln),"May 03, 2022",ClinVar,clinvar,clinvar_variant_summary,cohort,file,,,,,,,,,,,,,
BRCA1,BRCA1 p.His1732Asp,Likely benign,"criteria provided, single submitter",867501,NM_007294.4(BRCA1):c.5194C>G (p.His1732Asp),"Nov 20, 2024",ClinVar,clinvar,clinvar_variant_summary,cohort,file,,,,,,,,,,,,,
BRCA1,BRCA1 p.His1805Tyr,Likely benign,"criteria provided, single submitter",142988,NM_007294.4(BRCA1):c.5413C>T (p.His1805Tyr),"Jul 21, 2025",ClinVar,clinvar,clinvar_variant_summary,cohort,file,6.195272511451961e-07,1.0,1614134.0,8.992854277990709e-07,17-43047697-G-A,ENST00000357654,missense_variant,gnomad_r4,GRCh38,,,,
BRCA1,BRCA1 p.His1860Pro,Benign,no assertion criteria provided,41833,NM_007294.4(BRCA1):c.5579A>C (p.His1860Pro),"Jul 13, 2012",ClinVar,clinvar,clinvar_variant_summary,cohort,file,0.0005140721834239,829.0,1612614.0,0.0092371306096126,17-43045691-T-G,ENST00000357654,missense_variant,gnomad_r4,GRCh38,,,,
BRCA1,BRCA1 p.His1862Leu,Benign/Likely benign,"criteria provided, multiple submitters, no conflicts",55637,NM_007294.4(BRCA1):c.5585A>T (p.His1862Leu),"Jan 26, 2026",ClinVar,clinvar,clinvar_variant_summary,cohort,file,4.957809045026822e-06,8.0,1613616.0,1.4700693872750794e-05,17-43045685-T-A,ENST00000357654,missense_variant,gnomad_r4,GRCh38,,,,
BRCA1,BRCA1 p.His318Gln,Likely benign,"criteria provided, single submitter",4625758,NM_007294.4(BRCA1):c.954T>G (p.His318Gln),"Dec 10, 2025",ClinVar,clinvar,clinvar_variant_summary,cohort,file,6.19565634924667e-07,1.0,1614034.0,8.992741059416839e-07,17-43094577-A-C,ENST00000357654,missense_variant,gnomad_r4,GRCh38,,,,
BRCA1,BRCA1 p.His318Leu,Likely pathogenic,"criteria provided, single submitter",2445397,NM_007294.4(BRCA1):c.953A>T (p.His318Leu),"Jan 01, 2022",ClinVar,clinvar,clinvar_variant_summary,cohort,file,,,,,,,,,,,,,
BRCA1,BRCA1 p.His41Asp,Likely pathogenic,"criteria provided, single submitter",868161,NM_007294.4(BRCA1):c.121C>G (p.His41Asp),"Dec 29, 2022",ClinVar,clinvar,clinvar_variant_summary,cohort,file,,,,,,,,,,,,,
BRCA1,BRCA1 p.His41Tyr,Pathogenic/Likely pathogenic,"criteria provided, multiple submitters, no conflicts",580736,NM_007294.4(BRCA1):c.121C>T (p.His41Tyr),"Apr 13, 2025",ClinVar,clinvar,clinvar_variant_summary,cohort,file,,,,,,,,,,-1.25010122101925,,urn:mavedb:00000081-a-2,BRCA1 RING and BRCT domains mean HDR fluorescence score
BRCA1,BRCA1 p.His476Arg,Benign/Likely benign,"criteria provided, multiple submitters, no conflicts",54251,NM_007294.4(BRCA1):c.1427A>G (p.His476Arg),"Jan 31, 2026",ClinVar,clinvar,clinvar_variant_summary,cohort,file,0.0001201882867221,194.0,1614134.0,0.0022402771969651,17-43094104-T-C,ENST00000357654,missense_variant,gnomad_r4,GRCh38,,,,
BRCA1,BRCA1 p.His601Gln,Likely benign,"criteria provided, single submitter",3256351,NM_007294.4(BRCA1):c.1803C>A (p.His601Gln),"Mar 04, 2025",ClinVar,clinvar,clinvar_variant_summary,cohort,file,,,,,,,,,,,,,
BRCA1,BRCA1 p.His839Tyr,Benign,"criteria provided, single submitter",2445306,NM_007294.4(BRCA1):c.2515C>T (p.His839Tyr),"Jan 01, 2022",ClinVar,clinvar,clinvar_variant_summary,cohort,file,,,,,,,,,,,,,
BRCA1,BRCA1 p.His971Asn,Likely benign,"criteria provided, single submitter",54714,NM_007294.4(BRCA1):c.2911C>A (p.His971Asn),"Mar 23, 2023",ClinVar,clinvar,clinvar_variant_summary,cohort,file,,,,,,,,,,,,,
BRCA1,BRCA1 p.Ile1405Val,Likely benign,"criteria provided, multiple submitters, no conflicts",37575,NM_007294.4(BRCA1):c.4213A>G (p.Ile1405Val),"Nov 16, 2025",ClinVar,clinvar,clinvar_variant_summary,cohort,file,2.4162341194561367e-05,39.0,1614082.0,0.0003246075726309,17-43082548-T-C,ENST00000357654,missense_variant,gnomad_r4,GRCh38,,,,
BRCA1,BRCA1 p.Ile1432Leu,Likely benign,"criteria provided, single submitter",55163,NM_007294.4(BRCA1):c.4294A>C (p.Ile1432Leu),"Aug 30, 2018",ClinVar,clinvar,clinvar_variant_summary,cohort,file,,,,,,,,,,,,,
BRCA1,BRCA1 p.Ile1593Leu,Likely benign,no assertion criteria provided,55286,NM_007294.4(BRCA1):c.4777A>T (p.Ile1593Leu),"Sep 01, 2023",ClinVar,clinvar,clinvar_variant_summary,cohort,file,,,,,,,,,,,,,
BRCA1,BRCA1 p.Ile1674Val,Likely benign,"criteria provided, single submitter",867544,NM_007294.4(BRCA1):c.5020A>G (p.Ile1674Val),"Apr 10, 2024",ClinVar,clinvar,clinvar_variant_summary,cohort,file,1.8590885260774347e-06,3.0,1613694.0,2.6988222339770923e-06,17-43067662-T-C,ENST00000357654,missense_variant,gnomad_r4,GRCh38,,,,
BRCA1,BRCA1 p.Ile171Val,Likely benign,"criteria provided, single submitter",431182,NM_007294.4(BRCA1):c.511A>G (p.Ile171Val),"Apr 18, 2017",ClinVar,clinvar,clinvar_variant_summary,cohort,file,6.197353482168975e-07,1.0,1613592.0,1.1594202898550725e-05,17-43099811-T-C,ENST00000357654,missense_variant,gnomad_r4,GRCh38,0.0,,urn:mavedb:00000081-a-1,BRCA1 RING and BRCT domains depletion scores
BRCA1,BRCA1 p.Ile1723Thr,Likely benign,"criteria provided, multiple submitters, no conflicts",531248,NM_007294.4(BRCA1):c.5168T>C (p.Ile1723Thr),"May 17, 2025",ClinVar,clinvar,clinvar_variant_summary,cohort,file,,,,,,,,,,,,,
BRCA1,BRCA1 p.Ile1766Asn,Pathogenic/Likely pathogenic,"criteria provided, multiple submitters, no conflicts",267594,NM_007294.4(BRCA1):c.5297T>A (p.Ile1766Asn),"Sep 11, 2025",ClinVar,clinvar,clinvar_variant_summary,cohort,file,,,,,,,,,,,,,
BRCA1,BRCA1 p.Ile1766Thr,Likely pathogenic,"criteria provided, single submitter",867965,NM_007294.4(BRCA1):c.5297T>C (p.Ile1766Thr),"Jul 24, 2023",ClinVar,clinvar,clinvar_variant_summary,cohort,file,,,,,,,,,,,,,
BRCA1,BRCA1 p.Ile1824Asn,Likely benign,"criteria provided, single submitter",867577,NM_007294.4(BRCA1):c.5471T>A (p.Ile1824Asn),"Jun 28, 2022",ClinVar,clinvar,clinvar_variant_summary,cohort,file,,,,,,,,,,,,,
BRCA1,BRCA1 p.Ile21Leu,Likely benign,"criteria provided, single submitter",868777,NM_007294.4(BRCA1):c.61A>C (p.Ile21Leu),"Jan 03, 2024",ClinVar,clinvar,clinvar_variant_summary,cohort,file,,,,,,,,,,,,,
BRCA1,BRCA1 p.Ile26Asn,Pathogenic,no assertion criteria provided,252890,NM_007294.4(BRCA1):c.77T>A (p.Ile26Asn),"Jul 15, 2010",ClinVar,clinvar,clinvar_variant_summary,cohort,file,,,,,,,,,,-0.0336063122176,,urn:mavedb:00000081-a-2,BRCA1 RING and BRCT domains mean HDR fluorescence score
BRCA1,BRCA1 p.Ile26Met,Likely benign,"criteria provided, single submitter",867748,NM_007294.4(BRCA1):c.78C>G (p.Ile26Met),"Sep 05, 2025",ClinVar,clinvar,clinvar_variant_summary,cohort,file,,,,,,,,,,,,,
BRCA1,BRCA1 p.Ile379Met,Benign/Likely benign,"criteria provided, multiple submitters, no conflicts",54143,NM_007294.4(BRCA1):c.1137T>G (p.Ile379Met),"Feb 02, 2026",ClinVar,clinvar,clinvar_variant_summary,cohort,file,0.000278162910538,449.0,1614162.0,0.0057646356033452,17-43094394-A-C,ENST00000357654,missense_variant,gnomad_r4,GRCh38,,,,
BRCA1,BRCA1 p.Ile429Val,Likely benign,"criteria provided, single submitter",4056259,NM_007294.4(BRCA1):c.1285A>G (p.Ile429Val),"Nov 06, 2024",ClinVar,clinvar,clinvar_variant_summary,cohort,file,6.195272511451961e-07,1.0,1614134.0,1.159366522132307e-05,17-43094246-T-C,ENST00000357654,missense_variant,gnomad_r4,GRCh38,,,,
BRCA1,BRCA1 p.Ile492Val,Benign/Likely benign,"criteria provided, multiple submitters, no conflicts",660456,NM_007294.4(BRCA1):c.1474A>G (p.Ile492Val),"Jul 17, 2023",ClinVar,clinvar,clinvar_variant_summary,cohort,file,,,,,,,,,,,,,
BRCA1,BRCA1 p.Ile548Ser,Likely benign,"criteria provided, single submitter",1209888,NM_007294.4(BRCA1):c.1643T>G (p.Ile548Ser),"Mar 23, 2023",ClinVar,clinvar,clinvar_variant_summary,cohort,file,,,,,,,,,,,,,
BRCA1,BRCA1 p.Ile600Met,Likely benign,"criteria provided, single submitter",54354,NM_007294.4(BRCA1):c.1800C>G (p.Ile600Met),"Mar 23, 2023",ClinVar,clinvar,clinvar_variant_summary,cohort,file,,,,,,,,,,,,,
BRCA1,BRCA1 p.Ile783Val,Benign/Likely benign,"criteria provided, multiple submitters, no conflicts",54541,NM_007294.4(BRCA1):c.2347A>G (p.Ile783Val),"Jan 19, 2026",ClinVar,clinvar,clinvar_variant_summary,cohort,file,1.1153549679149557e-05,18.0,1613836.0,0.0003779289493575,17-43093184-T-C,ENST00000357654,missense_variant,gnomad_r4,GRCh38,,,,
BRCA1,BRCA1 p.Ile90Val,Likely benign,"criteria provided, single submitter",441388,NM_007294.4(BRCA1):c.268A>G (p.Ile90Val),"May 20, 2021",ClinVar,clinvar,clinvar_variant_summary,cohort,file,,,,,,,,,,0.0,,urn:mavedb:00000081-a-1,BRCA1 RING and BRCT domains depletion scores
BRCA1,BRCA1 p.Leu1223Phe,Likely benign,"criteria provided, multiple submitters, no conflicts",462619,NM_007294.4(BRCA1):c.3667C>T (p.Leu1223Phe),"Apr 30, 2024",ClinVar,clinvar,clinvar_variant_summary,cohort,file,,,,,,,,,,,,,
BRCA1,BRCA1 p.Leu1261Phe,Likely benign,"criteria provided, single submitter",41819,NM_007294.4(BRCA1):c.3783A>T (p.Leu1261Phe),"Mar 23, 2023",ClinVar,clinvar,clinvar_variant_summary,cohort,file,6.19485034480537e-07,1.0,1614244.0,8.992870452305412e-07,17-43091748-T-A,ENST00000357654,missense_variant,gnomad_r4,GRCh38,,,,
BRCA1,BRCA1 p.Leu1276Ser,Likely benign,"criteria provided, single submitter",3992578,NM_007294.4(BRCA1):c.3827T>C (p.Leu1276Ser),"May 01, 2025",ClinVar,clinvar,clinvar_variant_summary,cohort,file,,,,,,,,,,,,,
BRCA1,BRCA1 p.Leu1276Val,Likely benign,"criteria provided, multiple submitters, no conflicts",506525,NM_007294.4(BRCA1):c.3826T>G (p.Leu1276Val),"Mar 23, 2023",ClinVar,clinvar,clinvar_variant_summary,cohort,file,,,,,,,,,,,,,
BRCA1,BRCA1 p.Leu1306Phe,Likely benign,"criteria provided, single submitter",1285144,NM_007294.4(BRCA1):c.3918G>T (p.Leu1306Phe),"Mar 23, 2023",ClinVar,clinvar,clinvar_variant_summary,cohort,file,1.8584988533062075e-06,3.0,1614206.0,2.697822317825052e-06,17-43091613-C-A,ENST00000357654,missense_variant,gnomad_r4,GRCh38,,,,
BRCA1,BRCA1 p.Leu138Arg,Likely benign,"criteria provided, multiple submitters, no conflicts",1738154,NM_007294.4(BRCA1):c.413T>G (p.Leu138Arg),"Feb 24, 2025",ClinVar,clinvar,clinvar_variant_summary,cohort,file,,,,,,,,,,0.0,,urn:mavedb:00000081-a-1,BRCA1 RING and BRCT domains depletion scores
BRCA1,BRCA1 p.Leu1605Phe,Likely benign,"criteria provided, single submitter",3825325,NM_007294.4(BRCA1):c.4815G>C (p.Leu1605Phe),"Mar 07, 2025",ClinVar,clinvar,clinvar_variant_summary,cohort,file,,,,,,,,,,,,,
BRCA1,BRCA1 p.Leu1705Pro,Pathogenic/Likely pathogenic,"criteria provided, multiple submitters, no conflicts",37637,NM_007294.4(BRCA1):c.5114T>C (p.Leu1705Pro),"Jan 22, 2026",ClinVar,clinvar,clinvar_variant_summary,cohort,file,,,,,,,,,,,,,
BRCA1,BRCA1 p.Leu1780Gln,Likely pathogenic,"criteria provided, single submitter",462670,NM_007294.4(BRCA1):c.5339T>A (p.Leu1780Gln),"Feb 01, 2024",ClinVar,clinvar,clinvar_variant_summary,cohort,file,,,,,,,,,,,,,
BRCA1,BRCA1 p.Leu1780Pro,Pathogenic/Likely pathogenic,"criteria provided, multiple submitters, no conflicts",55541,NM_007294.4(BRCA1):c.5339T>C (p.Leu1780Pro),"Nov 13, 2025",ClinVar,clinvar,clinvar_variant_summary,cohort,file,1.2391082385828569e-06,2.0,1614064.0,5.038037180714394e-05,17-43049188-A-G,ENST00000357654,missense_variant,gnomad_r4,GRCh38,,,,
BRCA1,BRCA1 p.Leu1795Arg,Likely benign,"criteria provided, single submitter",868042,NM_007294.4(BRCA1):c.5384T>G (p.Leu1795Arg),"Sep 19, 2023",ClinVar,clinvar,clinvar_variant_summary,cohort,file,,,,,,,,,,,,,
BRCA1,BRCA1 p.Leu1800Ile,Likely benign,"criteria provided, single submitter",868419,NM_007294.4(BRCA1):c.5398C>A (p.Leu1800Ile),"Mar 12, 2025",ClinVar,clinvar,clinvar_variant_summary,cohort,file,,,,,,,,,,,,,
BRCA1,BRCA1 p.Leu204Phe,Benign,no assertion criteria provided,91712,NP_009225.1(BRCA1):p.Leu204Phe,"Feb 12, 2010",ClinVar,clinvar,clinvar_variant_summary,cohort,file,0.0001097043066068,177.0,1613428.0,0.000153834251241,17-43095904-C-G,ENST00000357654,missense_variant,gnomad_r4,GRCh38,,,,
BRCA1,BRCA1 p.Leu218Val,Benign,"criteria provided, single submitter",1684697,NM_007294.4(BRCA1):c.652T>G (p.Leu218Val),"May 04, 2022",ClinVar,clinvar,clinvar_variant_summary,cohort,file,1.2393462696296957e-06,2.0,1613754.0,1.7988490963481564e-06,17-43095864-A-C,ENST00000357654,missense_variant,gnomad_r4,GRCh38,,,,
BRCA1,BRCA1 p.Leu358Pro,Likely benign,"criteria provided, multiple submitters, no conflicts",1784220,NM_007294.4(BRCA1):c.1073T>C (p.Leu358Pro),"Mar 23, 2023",ClinVar,clinvar,clinvar_variant_summary,cohort,file,,,,,,,,,,,,,
BRCA1,BRCA1 p.Leu3Phe,Likely benign,"criteria provided, single submitter",864988,NM_007294.4(BRCA1):c.9A>C (p.Leu3Phe),"Nov 18, 2023",ClinVar,clinvar,clinvar_variant_summary,cohort,file,,,,,,,,,,0.23514994151025,,urn:mavedb:00000081-a-2,BRCA1 RING and BRCT domains mean HDR fluorescence score
BRCA1,BRCA1 p.Leu413Val,Likely benign,"criteria provided, multiple submitters, no conflicts",479198,NM_007294.4(BRCA1):c.1237T>G (p.Leu413Val),"Mar 23, 2023",ClinVar,clinvar,clinvar_variant_summary,cohort,file,1.858565633386777e-06,3.0,1614148.0,2.6978320221869704e-06,17-43094294-A-C,ENST00000357654,missense_variant,gnomad_r4,GRCh38,,,,
BRCA1,BRCA1 p.Leu474Ser,Likely benign,"criteria provided, single submitter",805950,NM_007294.4(BRCA1):c.1421T>C (p.Leu474Ser),"Mar 23, 2023",ClinVar,clinvar,clinvar_variant_summary,cohort,file,,,,,,,,,,,,,
BRCA1,BRCA1 p.Leu892Ser,Likely benign,"criteria provided, single submitter",54638,NM_007294.4(BRCA1):c.2675T>C (p.Leu892Ser),"Mar 23, 2023",ClinVar,clinvar,clinvar_variant_summary,cohort,file,,,,,,,,,,,,,
BRCA1,BRCA1 p.Leu954Gln,Likely benign,"criteria provided, multiple submitters, no conflicts",1796968,NM_007294.4(BRCA1):c.2861T>A (p.Leu954Gln),"Mar 23, 2023",ClinVar,clinvar,clinvar_variant_summary,cohort,file,,,,,,,,,,,,,
BRCA1,BRCA1 p.Leu95Ile,Likely benign,"criteria provided, single submitter",868346,NM_007294.4(BRCA1):c.283C>A (p.Leu95Ile),"Aug 14, 2023",ClinVar,clinvar,clinvar_variant_summary,cohort,file,,,,,,,,,,0.3963386895332501,,urn:mavedb:00000081-a-2,BRCA1 RING and BRCT domains mean HDR fluorescence score
BRCA1,BRCA1 p.Leu95Pro,Likely pathogenic,"criteria provided, single submitter",868350,NM_007294.4(BRCA1):c.284T>C (p.Leu95Pro),"Mar 18, 2025",ClinVar,clinvar,clinvar_variant_summary,cohort,file,,,,,,,,,,,,,
BRCA1,BRCA1 p.Leu983Val,Likely benign,"criteria provided, single submitter",3730837,NM_007294.4(BRCA1):c.2947C>G (p.Leu983Val),"Dec 10, 2024",ClinVar,clinvar,clinvar_variant_summary,cohort,file,,,,,,,,,,,,,
BRCA1,BRCA1 p.Lys1037Ile,Likely benign,"criteria provided, single submitter",3600337,NM_007294.4(BRCA1):c.3110A>T (p.Lys1037Ile),"Jan 10, 2025",ClinVar,clinvar,clinvar_variant_summary,cohort,file,,,,,,,,,,,,,
BRCA1,BRCA1 p.Lys1233Arg,Likely benign,"criteria provided, single submitter",54964,NM_007294.4(BRCA1):c.3698A>G (p.Lys1233Arg),"Mar 23, 2023",ClinVar,clinvar,clinvar_variant_summary,cohort,file,,,,,,,,,,,,,
BRCA1,BRCA1 p.Lys1636Asn,Likely benign,"criteria provided, single submitter",865673,NM_007294.4(BRCA1):c.4908G>T (p.Lys1636Asn),"Jun 16, 2023",ClinVar,clinvar,clinvar_variant_summary,cohort,file,,,,,,,,,,,,,
BRCA1,BRCA1 p.Lys1648Arg,Likely benign,"criteria provided, single submitter",868434,NM_007294.4(BRCA1):c.4943A>G (p.Lys1648Arg),"Jun 10, 2021",ClinVar,clinvar,clinvar_variant_summary,cohort,file,6.194819644020884e-07,1.0,1614252.0,0.0001928268414963,17-43070971-T-C,ENST00000357654,missense_variant,gnomad_r4,GRCh38,,,,
BRCA1,BRCA1 p.Lys1648Thr,Likely benign,"criteria provided, single submitter",868433,NM_007294.4(BRCA1):c.4943A>C (p.Lys1648Thr),"Apr 13, 2022",ClinVar,clinvar,clinvar_variant_summary,cohort,file,,,,,,,,,,,,,
BRCA1,BRCA1 p.Lys1667Thr,Likely benign,"criteria provided, single submitter",868102,NM_007294.4(BRCA1):c.5000A>C (p.Lys1667Thr),"Dec 09, 2023",ClinVar,clinvar,clinvar_variant_summary,cohort,file,,,,,,,,,,,,,
BRCA1,BRCA1 p.Lys1702Gln,Likely pathogenic,"criteria provided, single submitter",867649,NM_007294.4(BRCA1):c.5104A>C (p.Lys1702Gln),"Nov 24, 2021",ClinVar,clinvar,clinvar_variant_summary,cohort,file,,,,,,,,,,,,,
BRCA1,BRCA1 p.Lys1711Asn,Likely benign,"criteria provided, single submitter",864997,NM_007294.4(BRCA1):c.5133A>C (p.Lys1711Asn),"Jul 20, 2023",ClinVar,clinvar,clinvar_variant_summary,cohort,file,,,,,,,,,,,,,
BRCA1,BRCA1 p.Lys1711Glu,Likely pathogenic,"criteria provided, single submitter",864993,NM_007294.4(BRCA1):c.5131A>G (p.Lys1711Glu),"Jun 09, 2023",ClinVar,clinvar,clinvar_variant_summary,cohort,file,,,,,,,,,,,,,
BRCA1,BRCA1 p.Lys301Gln,Likely benign,"criteria provided, single submitter",1049569,NM_007294.4(BRCA1):c.901A>C (p.Lys301Gln),"Mar 23, 2023",ClinVar,clinvar,clinvar_variant_summary,cohort,file,,,,,,,,,,,,,
BRCA1,BRCA1 p.Lys355Arg,Likely benign,"criteria provided, single submitter",54112,NM_007294.4(BRCA1):c.1064A>G (p.Lys355Arg),"Mar 23, 2023",ClinVar,clinvar,clinvar_variant_summary,cohort,file,,,,,,,,,,,,,
BRCA1,BRCA1 p.Lys556Gln,Likely benign,"criteria provided, single submitter",156488,NM_007294.4(BRCA1):c.1666A>C (p.Lys556Gln),"Mar 23, 2023",ClinVar,clinvar,clinvar_variant_summary,cohort,file,,,,,,,,,,,,,
BRCA1,BRCA1 p.Lys654Glu,Likely benign,"criteria provided, single submitter",54415,NM_007294.4(BRCA1):c.1960A>G (p.Lys654Glu),"Mar 23, 2023",ClinVar,clinvar,clinvar_variant_summary,cohort,file,,,,,,,,,,,,,
BRCA1,BRCA1 p.Lys912Arg,Likely benign,"criteria provided, multiple submitters, no conflicts",37487,NM_007294.4(BRCA1):c.2735A>G (p.Lys912Arg),"Jan 27, 2026",ClinVar,clinvar,clinvar_variant_summary,cohort,file,6.815314879938934e-06,11.0,1614012.0,0.0002460519840737,17-43092796-T-C,ENST00000357654,missense_variant,gnomad_r4,GRCh38,,,,
BRCA1,BRCA1 p.Met1411Thr,Likely pathogenic,"criteria provided, multiple submitters, no conflicts",55147,NM_007294.4(BRCA1):c.4232T>C (p.Met1411Thr),"Sep 12, 2025",ClinVar,clinvar,clinvar_variant_summary,cohort,file,,,,,,,,,,,,,
BRCA1,BRCA1 p.Met1663Arg,Likely pathogenic,"criteria provided, single submitter",868096,NM_007294.4(BRCA1):c.4988T>G (p.Met1663Arg),"Oct 25, 2023",ClinVar,clinvar,clinvar_variant_summary,cohort,file,,,,,,,,,,,,,
BRCA1,BRCA1 p.Met1689Arg,Pathogenic/Likely pathogenic,"criteria provided, multiple submitters, no conflicts",37625,NM_007294.4(BRCA1):c.5066T>G (p.Met1689Arg),"Apr 14, 2025",ClinVar,clinvar,clinvar_variant_summary,cohort,file,,,,,,,,,,,,,
BRCA1,BRCA1 p.Met1689Lys,Likely pathogenic,"criteria provided, single submitter",864899,NM_007294.4(BRCA1):c.5066T>A (p.Met1689Lys),"Aug 03, 2021",ClinVar,clinvar,clinvar_variant_summary,cohort,file,,,,,,,,,,,,,
BRCA1,BRCA1 p.Met1775Val,Likely pathogenic,"criteria provided, single submitter",868306,NM_007294.4(BRCA1):c.5323A>G (p.Met1775Val),"Aug 18, 2022",ClinVar,clinvar,clinvar_variant_summary,cohort,file,6.195502808421423e-07,1.0,1614074.0,8.993371884920814e-07,17-43051072-T-C,ENST00000357654,missense_variant,gnomad_r4,GRCh38,,,,
BRCA1,BRCA1 p.Met1783Leu,Benign,"criteria provided, single submitter",865370,NM_007294.4(BRCA1):c.5347A>T (p.Met1783Leu),"Jul 20, 2021",ClinVar,clinvar,clinvar_variant_summary,cohort,file,6.19586364143298e-06,10.0,1613980.0,0.0005773672055427,17-43049180-T-G,ENST00000357654,missense_variant,gnomad_r4,GRCh38,,,,
BRCA1,BRCA1 p.Met1827Leu,Benign,"criteria provided, single submitter",864921,NM_007294.4(BRCA1):c.5479A>T (p.Met1827Leu),"Oct 09, 2025",ClinVar,clinvar,clinvar_variant_summary,cohort,file,,,,,,,,,,,,,
BRCA1,BRCA1 p.Met18Arg,Likely pathogenic,"criteria provided, multiple submitters, no conflicts",531241,NM_007294.4(BRCA1):c.53T>G (p.Met18Arg),"Apr 28, 2025",ClinVar,clinvar,clinvar_variant_summary,cohort,file,,,,,,,,,,4.0,,urn:mavedb:00000081-a-1,BRCA1 RING and BRCT domains depletion scores
BRCA1,BRCA1 p.Met18Leu,Likely benign,"criteria provided, single submitter",865041,NM_007294.4(BRCA1):c.52A>C (p.Met18Leu),"Dec 26, 2023",ClinVar,clinvar,clinvar_variant_summary,cohort,file,,,,,,,,,,0.03848274028945,,urn:mavedb:00000081-a-2,BRCA1 RING and BRCT domains mean HDR fluorescence score
BRCA1,BRCA1 p.Met18Lys,Pathogenic/Likely pathogenic,"criteria provided, multiple submitters, no conflicts",55559,NM_007294.4(BRCA1):c.53T>A (p.Met18Lys),"Feb 05, 2025",ClinVar,clinvar,clinvar_variant_summary,cohort,file,,,,,,,,,,-1.940982116775,,urn:mavedb:00000081-a-2,BRCA1 RING and BRCT domains mean HDR fluorescence score
BRCA1,BRCA1 p.Met1Arg,Pathogenic,"criteria provided, multiple submitters, no conflicts",54746,NM_007294.4(BRCA1):c.2T>G (p.Met1Arg),"Apr 29, 2021",ClinVar,clinvar,clinvar_variant_summary,cohort,file,,,,,,,,,,,,,
BRCA1,BRCA1 p.Met1Lys,Pathogenic,"criteria provided, single submitter",801069,NM_007294.4(BRCA1):c.2T>A (p.Met1Lys),"Feb 27, 2019",ClinVar,clinvar,clinvar_variant_summary,cohort,file,,,,,,,,,,,,,
BRCA1,BRCA1 p.Met1Thr,Pathogenic,"criteria provided, multiple submitters, no conflicts",54745,NM_007294.4(BRCA1):c.2T>C (p.Met1Thr),"Sep 24, 2025",ClinVar,clinvar,clinvar_variant_summary,cohort,file,,,,,,,,,,,,,
BRCA1,BRCA1 p.Met1Val,Pathogenic/Likely pathogenic,"criteria provided, multiple submitters, no conflicts",54432,NM_007294.4(BRCA1):c.1A>G (p.Met1Val),"Nov 09, 2025",ClinVar,clinvar,clinvar_variant_summary,cohort,file,,,,,,,,,,,,,
BRCA1,BRCA1 p.Met48Ile,Likely benign,"criteria provided, single submitter",867272,NM_007294.4(BRCA1):c.144G>T (p.Met48Ile),"Mar 04, 2024",ClinVar,clinvar,clinvar_variant_summary,cohort,file,,,,,,,,,,-0.0780220718237499,,urn:mavedb:00000081-a-2,BRCA1 RING and BRCT domains mean HDR fluorescence score
BRCA1,BRCA1 p.Met658Ile,Benign,"criteria provided, single submitter",1168433,NM_007294.4(BRCA1):c.1974G>A (p.Met658Ile),"Aug 14, 2020",ClinVar,clinvar,clinvar_variant_summary,cohort,file,4.461270594650193e-05,72.0,1613890.0,0.002016129032258,17-43093557-C-G,ENST00000357654,missense_variant,gnomad_r4,GRCh38,,,,
BRCA1,BRCA1 p.Met751Val,Likely benign,"criteria provided, single submitter",3825318,NM_007294.4(BRCA1):c.2251A>G (p.Met751Val),"Feb 28, 2025",ClinVar,clinvar,clinvar_variant_summary,cohort,file,6.20241968796867e-07,1.0,1612274.0,9.006363896729429e-07,17-43093280-T-C,ENST00000357654,missense_variant,gnomad_r4,GRCh38,,,,
BRCA1,BRCA1 p.Phe1124Leu,Likely benign,"criteria provided, single submitter",3765081,NM_007294.4(BRCA1):c.3372C>G (p.Phe1124Leu),"Mar 04, 2025",ClinVar,clinvar,clinvar_variant_summary,cohort,file,6.197952692266691e-07,1.0,1613436.0,8.994051334447396e-07,17-43092159-G-T,ENST00000357654,missense_variant,gnomad_r4,GRCh38,,,,
BRCA1,BRCA1 p.Phe1668Val,Likely benign,no assertion criteria provided,868515,NM_007294.4(BRCA1):c.5002T>G (p.Phe1668Val),"Feb 02, 2024",ClinVar,clinvar,clinvar_variant_summary,cohort,file,,,,,,,,,,,,,
BRCA1,BRCA1 p.Phe1695Val,Pathogenic,no assertion criteria provided,869009,NM_007294.4(BRCA1):c.5083T>G (p.Phe1695Val),-,ClinVar,clinvar,clinvar_variant_summary,cohort,file,,,,,,,,,,,,,
BRCA1,BRCA1 p.Phe1734Ser,Pathogenic,"criteria provided, single submitter",55454,NM_007294.4(BRCA1):c.5201T>C (p.Phe1734Ser),"Sep 08, 2025",ClinVar,clinvar,clinvar_variant_summary,cohort,file,,,,,,,,,,,,,
BRCA1,BRCA1 p.Phe1798Ile,Likely benign,"criteria provided, single submitter",865692,NM_007294.4(BRCA1):c.5392T>A (p.Phe1798Ile),"Mar 04, 2025",ClinVar,clinvar,clinvar_variant_summary,cohort,file,,,,,,,,,,,,,
BRCA1,BRCA1 p.Phe901Leu,Likely benign,"criteria provided, multiple submitters, no conflicts",1794958,NM_007294.4(BRCA1):c.2703T>G (p.Phe901Leu),"Mar 23, 2023",ClinVar,clinvar,clinvar_variant_summary,cohort,file,,,,,,,,,,,,,
BRCA1,BRCA1 p.Phe952Leu,Likely benign,"criteria provided, single submitter",3992573,NM_007294.4(BRCA1):c.2854T>C (p.Phe952Leu),"May 30, 2025",ClinVar,clinvar,clinvar_variant_summary,cohort,file,,,,,,,,,,,,,
BRCA1,BRCA1 p.Pro1020Ser,Likely benign,"criteria provided, multiple submitters, no conflicts",1709805,NM_007294.4(BRCA1):c.3058C>T (p.Pro1020Ser),"Feb 09, 2024",ClinVar,clinvar,clinvar_variant_summary,cohort,file,,,,,,,,,,,,,
BRCA1,BRCA1 p.Pro1445Ala,Likely benign,"criteria provided, single submitter",1325657,NM_007294.4(BRCA1):c.4333C>G (p.Pro1445Ala),"Apr 19, 2022",ClinVar,clinvar,clinvar_variant_summary,cohort,file,,,,,,,,,,,,,
BRCA1,BRCA1 p.Pro1749Arg,Pathogenic,"criteria provided, single submitter",55479,NM_007294.4(BRCA1):c.5246C>G (p.Pro1749Arg),"Jan 02, 2014",ClinVar,clinvar,clinvar_variant_summary,cohort,file,,,,,,,,,,,,,
BRCA1,BRCA1 p.Pro1749Thr,Likely benign,"criteria provided, single submitter",232831,NM_007294.4(BRCA1):c.5245C>A (p.Pro1749Thr),"May 09, 2023",ClinVar,clinvar,clinvar_variant_summary,cohort,file,,,,,,,,,,,,,
BRCA1,BRCA1 p.Pro1812Ala,Pathogenic/Likely pathogenic,"criteria provided, multiple submitters, no conflicts",37670,NM_007294.4(BRCA1):c.5434C>G (p.Pro1812Ala),"Oct 22, 2024",ClinVar,clinvar,clinvar_variant_summary,cohort,file,6.195188073519536e-07,1.0,1614156.0,8.992757233324281e-07,17-43047676-G-C,ENST00000357654,missense_variant,gnomad_r4,GRCh38,,,,
BRCA1,BRCA1 p.Pro1831Leu,Likely benign,"criteria provided, single submitter",867597,NM_007294.4(BRCA1):c.5492C>T (p.Pro1831Leu),"Aug 11, 2024",ClinVar,clinvar,clinvar_variant_summary,cohort,file,,,,,,,,,,,,,
BRCA1,BRCA1 p.Pro1831Ser,Likely benign,"criteria provided, single submitter",867595,NM_007294.4(BRCA1):c.5491C>T (p.Pro1831Ser),"Apr 04, 2025",ClinVar,clinvar,clinvar_variant_summary,cohort,file,,,,,,,,,,,,,
BRCA1,BRCA1 p.Pro1856Ser,Likely benign,"criteria provided, multiple submitters, no conflicts",55632,NM_007294.4(BRCA1):c.5566C>T (p.Pro1856Ser),"Dec 30, 2025",ClinVar,clinvar,clinvar_variant_summary,cohort,file,4.337550671886599e-06,7.0,1613814.0,4.639187214400037e-05,17-43045704-G-A,ENST00000357654,missense_variant,gnomad_r4,GRCh38,,,,
BRCA1,BRCA1 p.Pro334His,Likely benign,"criteria provided, multiple submitters, no conflicts",96893,NM_007294.4(BRCA1):c.1001C>A (p.Pro334His),"Apr 14, 2025",ClinVar,clinvar,clinvar_variant_summary,cohort,file,0.0,0.0,1613774.0,0.0,17-43094530-G-T,ENST00000357654,missense_variant,gnomad_r4,GRCh38,,,,
BRCA1,BRCA1 p.Pro34Arg,Likely pathogenic,"criteria provided, single submitter",867486,NM_007294.4(BRCA1):c.101C>G (p.Pro34Arg),"Jul 27, 2020",ClinVar,clinvar,clinvar_variant_summary,cohort,file,1.2394200010163244e-06,2.0,1613658.0,1.7989299964381187e-06,17-43115759-G-C,ENST00000357654,missense_variant,gnomad_r4,GRCh38,-0.4096788298472499,,urn:mavedb:00000081-a-2,BRCA1 RING and BRCT domains mean HDR fluorescence score
BRCA1,BRCA1 p.Pro490Ser,Likely benign,"criteria provided, multiple submitters, no conflicts",1773294,NM_007294.4(BRCA1):c.1468C>T (p.Pro490Ser),"Mar 23, 2023",ClinVar,clinvar,clinvar_variant_summary,cohort,file,,,,,,,,,,,,,
BRCA1,BRCA1 p.Pro529Ala,Likely benign,"criteria provided, single submitter",4684220,NM_007294.4(BRCA1):c.1585C>G (p.Pro529Ala),"Aug 12, 2025",ClinVar,clinvar,clinvar_variant_summary,cohort,file,,,,,,,,,,,,,
BRCA1,BRCA1 p.Pro633Thr,Likely benign,"criteria provided, single submitter",54386,NM_007294.4(BRCA1):c.1897C>A (p.Pro633Thr),"Mar 23, 2023",ClinVar,clinvar,clinvar_variant_summary,cohort,file,,,,,,,,,,,,,
BRCA1,BRCA1 p.Pro634Arg,Likely benign,"criteria provided, single submitter",54392,NM_007294.4(BRCA1):c.1901C>G (p.Pro634Arg),"Mar 23, 2023",ClinVar,clinvar,clinvar_variant_summary,cohort,file,,,,,,,,,,,,,
BRCA1,BRCA1 p.Pro798Ala,Likely benign,"criteria provided, single submitter",599042,NM_007294.4(BRCA1):c.2392C>G (p.Pro798Ala),"Mar 23, 2023",ClinVar,clinvar,clinvar_variant_summary,cohort,file,1.2395582710145411e-06,2.0,1613478.0,1.798823209856112e-06,17-43093139-G-C,ENST00000357654,missense_variant,gnomad_r4,GRCh38,,,,
BRCA1,BRCA1 p.Pro968Ala,Likely benign,"criteria provided, multiple submitters, no conflicts",1797469,NM_007294.4(BRCA1):c.2902C>G (p.Pro968Ala),"Mar 23, 2023",ClinVar,clinvar,clinvar_variant_summary,cohort,file,,,,,,,,,,,,,
BRCA1,BRCA1 p.Pro981Ala,Likely benign,no assertion criteria provided,2683815,NM_007294.4(BRCA1):c.2941C>G (p.Pro981Ala),"Sep 01, 2023",ClinVar,clinvar,clinvar_variant_summary,cohort,file,,,,,,,,,,,,,
BRCA1,BRCA1 p.Ser1024Arg,Likely benign,"criteria provided, single submitter",54765,NM_007294.4(BRCA1):c.3072C>G (p.Ser1024Arg),"Mar 23, 2023",ClinVar,clinvar,clinvar_variant_summary,cohort,file,6.196447205030524e-07,1.0,1613828.0,1.159366522132307e-05,17-43092459-G-T,ENST00000357654,missense_variant,gnomad_r4,GRCh38,,,,
BRCA1,BRCA1 p.Ser1125Tyr,Likely benign,"criteria provided, single submitter",433706,NM_007294.4(BRCA1):c.3374C>A (p.Ser1125Tyr),"Mar 23, 2023",ClinVar,clinvar,clinvar_variant_summary,cohort,file,1.2396105143763829e-06,2.0,1613410.0,1.7988393888263291e-06,17-43092157-G-T,ENST00000357654,missense_variant,gnomad_r4,GRCh38,,,,
BRCA1,BRCA1 p.Ser1218Cys,Likely benign,"criteria provided, single submitter",54955,NM_007294.4(BRCA1):c.3652A>T (p.Ser1218Cys),"Mar 23, 2023",ClinVar,clinvar,clinvar_variant_summary,cohort,file,,,,,,,,,,,,,
BRCA1,BRCA1 p.Ser1241Cys,Likely benign,"criteria provided, single submitter",54980,NM_007294.4(BRCA1):c.3722C>G (p.Ser1241Cys),"Mar 23, 2023",ClinVar,clinvar,clinvar_variant_summary,cohort,file,6.195049907322053e-07,1.0,1614192.0,8.992854277990709e-07,17-43091809-G-C,ENST00000357654,missense_variant,gnomad_r4,GRCh38,,,,
BRCA1,BRCA1 p.Ser1253Tyr,Likely benign,"criteria provided, single submitter",54990,NM_007294.4(BRCA1):c.3758C>A (p.Ser1253Tyr),"Mar 23, 2023",ClinVar,clinvar,clinvar_variant_summary,cohort,file,,,,,,,,,,,,,
BRCA1,BRCA1 p.Ser1266Arg,Likely benign,"criteria provided, single submitter",91615,NM_007294.4(BRCA1):c.3798C>G (p.Ser1266Arg),"Mar 23, 2023",ClinVar,clinvar,clinvar_variant_summary,cohort,file,6.195456747657807e-07,1.0,1614086.0,6.544502617801048e-05,17-43091733-G-T,ENST00000357654,missense_variant,gnomad_r4,GRCh38,,,,
BRCA1,BRCA1 p.Ser1320Pro,Benign,no assertion criteria provided,125659,NM_007294.4(BRCA1):c.3958T>C (p.Ser1320Pro),"Jan 01, 2000",ClinVar,clinvar,clinvar_variant_summary,cohort,file,,,,,,,,,,,,,
BRCA1,BRCA1 p.Ser1486Asn,Likely benign,no assertion criteria provided,1275856,NM_007294.4(BRCA1):c.4457G>A (p.Ser1486Asn),-,ClinVar,clinvar,clinvar_variant_summary,cohort,file,1.2394522612567055e-06,2.0,1613616.0,1.4700261664657632e-05,17-43076515-C-T,ENST00000357654,missense_variant,gnomad_r4,GRCh38,,,,
BRCA1,BRCA1 p.Ser153Arg,Likely benign,"criteria provided, multiple submitters, no conflicts",37600,NM_007294.4(BRCA1):c.457A>C (p.Ser153Arg),"Nov 22, 2025",ClinVar,clinvar,clinvar_variant_summary,cohort,file,3.7204226400119055e-05,60.0,1612720.0,0.000149130074565,17-43099865-T-G,ENST00000357654,missense_variant,gnomad_r4,GRCh38,0.0,,urn:mavedb:00000081-a-1,BRCA1 RING and BRCT domains depletion scores
BRCA1,BRCA1 p.Ser1577Pro,Benign/Likely benign,"criteria provided, multiple submitters, no conflicts",55272,NM_007294.4(BRCA1):c.4729T>C (p.Ser1577Pro),"Feb 03, 2026",ClinVar,clinvar,clinvar_variant_summary,cohort,file,8.301788601768157e-05,134.0,1614110.0,0.0032999143533679,17-43071185-A-G,ENST00000357654,missense_variant,gnomad_r4,GRCh38,,,,
BRCA1,BRCA1 p.Ser1613Cys,Benign/Likely benign,"criteria provided, multiple submitters, no conflicts",37613,NM_007294.4(BRCA1):c.4837A>T (p.Ser1613Cys),"Jan 30, 2026",ClinVar,clinvar,clinvar_variant_summary,cohort,file,3.036172588442468e-05,49.0,1613874.0,0.0006768843978146,17-43071077-T-A,ENST00000357654,missense_variant,gnomad_r4,GRCh38,,,,
BRCA1,BRCA1 p.Ser1631Arg,Likely benign,"criteria provided, single submitter",868376,NM_007294.4(BRCA1):c.4891A>C (p.Ser1631Arg),"Dec 05, 2025",ClinVar,clinvar,clinvar_variant_summary,cohort,file,,,,,,,,,,,,,
BRCA1,BRCA1 p.Ser1633Gly,Likely benign,"criteria provided, multiple submitters, no conflicts",865661,NM_007294.4(BRCA1):c.4897A>G (p.Ser1633Gly),"Dec 11, 2024",ClinVar,clinvar,clinvar_variant_summary,cohort,file,,,,,,,,,,,,,
BRCA1,BRCA1 p.Ser1642Leu,Likely benign,"criteria provided, single submitter",868853,NM_007294.4(BRCA1):c.4925C>T (p.Ser1642Leu),"Dec 09, 2023",ClinVar,clinvar,clinvar_variant_summary,cohort,file,,,,,,,,,,,,,
BRCA1,BRCA1 p.Ser1655Phe,Pathogenic/Likely pathogenic,"criteria provided, multiple submitters, no conflicts",55333,NM_007294.4(BRCA1):c.4964C>T (p.Ser1655Phe),"Mar 04, 2025",ClinVar,clinvar,clinvar_variant_summary,cohort,file,,,,,,,,,,,,,
BRCA1,BRCA1 p.Ser1722Pro,Likely pathogenic,"criteria provided, multiple submitters, no conflicts",125791,NM_007294.4(BRCA1):c.5164T>C (p.Ser1722Pro),"Apr 09, 2021",ClinVar,clinvar,clinvar_variant_summary,cohort,file,,,,,,,,,,,,,
BRCA1,BRCA1 p.Ser1841Arg,Likely pathogenic,"criteria provided, multiple submitters, no conflicts",37681,NM_007294.4(BRCA1):c.5521A>C (p.Ser1841Arg),"Nov 06, 2025",ClinVar,clinvar,clinvar_variant_summary,cohort,file,,,,,,,,,,,,,
BRCA1,BRCA1 p.Ser1841Ile,Likely pathogenic,"criteria provided, multiple submitters, no conflicts",869004,NM_007294.4(BRCA1):c.5522G>T (p.Ser1841Ile),"Nov 06, 2025",ClinVar,clinvar,clinvar_variant_summary,cohort,file,,,,,,,,,,,,,
BRCA1,BRCA1 p.Ser229Tyr,Likely benign,"criteria provided, single submitter",3778920,NM_007294.4(BRCA1):c.686C>A (p.Ser229Tyr),"Dec 12, 2024",ClinVar,clinvar,clinvar_variant_summary,cohort,file,0.0,0.0,1612282.0,0.0,17-43094845-G-T,ENST00000357654,missense_variant,gnomad_r4,GRCh38,,,,
BRCA1,BRCA1 p.Ser264Cys,Likely benign,"criteria provided, single submitter",55703,NM_007294.4(BRCA1):c.790A>T (p.Ser264Cys),"Mar 23, 2023",ClinVar,clinvar,clinvar_variant_summary,cohort,file,,,,,,,,,,,,,
BRCA1,BRCA1 p.Ser377Asn,Likely benign,"criteria provided, single submitter",54142,NM_007294.4(BRCA1):c.1130G>A (p.Ser377Asn),"Mar 23, 2023",ClinVar,clinvar,clinvar_variant_summary,cohort,file,,,,,,,,,,,,,
BRCA1,BRCA1 p.Ser378Arg,Benign,no assertion criteria provided,91718,NP_009225.1(BRCA1):p.Ser378Arg,"Jan 25, 2012",ClinVar,clinvar,clinvar_variant_summary,cohort,file,6.815230429136473e-06,11.0,1614032.0,1.4698965192850424e-05,17-43094397-G-T,ENST00000357654,missense_variant,gnomad_r4,GRCh38,,,,
BRCA1,BRCA1 p.Ser403Phe,Likely benign,"criteria provided, single submitter",54163,NM_007294.4(BRCA1):c.1208C>T (p.Ser403Phe),"Mar 23, 2023",ClinVar,clinvar,clinvar_variant_summary,cohort,file,,,,,,,,,,,,,
BRCA1,BRCA1 p.Ser59Ala,Likely benign,"criteria provided, single submitter",865225,NM_007294.4(BRCA1):c.175T>G (p.Ser59Ala),"Mar 27, 2024",ClinVar,clinvar,clinvar_variant_summary,cohort,file,6.230948873818301e-07,1.0,1604892.0,2.5270393207318306e-05,17-43106493-A-C,ENST00000357654,missense_variant,gnomad_r4,GRCh38,-0.0728332687660749,,urn:mavedb:00000081-a-2,BRCA1 RING and BRCT domains mean HDR fluorescence score
BRCA1,BRCA1 p.Ser694Arg,Likely benign,"criteria provided, single submitter",3904754,NM_007294.4(BRCA1):c.2082C>G (p.Ser694Arg),"Feb 24, 2025",ClinVar,clinvar,clinvar_variant_summary,cohort,file,6.19663151111056e-07,1.0,1613780.0,2.5196532957065108e-05,17-43093449-G-C,ENST00000357654,missense_variant,gnomad_r4,GRCh38,,,,
BRCA1,BRCA1 p.Ser945Thr,Likely benign,"criteria provided, single submitter",2445711,NM_007294.4(BRCA1):c.2834G>C (p.Ser945Thr),"Apr 04, 2025",ClinVar,clinvar,clinvar_variant_summary,cohort,file,1.8586370242973424e-06,3.0,1614086.0,2.697875692679584e-06,17-43092697-C-G,ENST00000357654,missense_variant,gnomad_r4,GRCh38,,,,
BRCA1,BRCA1 p.Thr1312Ser,Likely benign,"criteria provided, multiple submitters, no conflicts",479229,NM_007294.4(BRCA1):c.3935C>G (p.Thr1312Ser),"Mar 23, 2023",ClinVar,clinvar,clinvar_variant_summary,cohort,file,,,,,,,,,,,,,
BRCA1,BRCA1 p.Thr1561Ile,Benign/Likely benign,"criteria provided, multiple submitters, no conflicts",55259,NM_007294.4(BRCA1):c.4682C>T (p.Thr1561Ile),"Feb 03, 2026",ClinVar,clinvar,clinvar_variant_summary,cohort,file,0.0002329506169474,376.0,1614076.0,0.004451395572666,17-43071232-G-A,ENST00000357654,missense_variant,gnomad_r4,GRCh38,,,,
BRCA1,BRCA1 p.Thr1640Ala,Likely benign,"criteria provided, single submitter",481432,NM_007294.4(BRCA1):c.4918A>G (p.Thr1640Ala),"May 20, 2021",ClinVar,clinvar,clinvar_variant_summary,cohort,file,,,,,,,,,,,,,
BRCA1,BRCA1 p.Thr1643Ser,Likely benign,"criteria provided, single submitter",865426,NM_007294.4(BRCA1):c.4927A>T (p.Thr1643Ser),"Dec 12, 2023",ClinVar,clinvar,clinvar_variant_summary,cohort,file,,,,,,,,,,,,,
BRCA1,BRCA1 p.Thr1677Asn,Likely benign,"criteria provided, single submitter",868942,NM_007294.4(BRCA1):c.5030C>A (p.Thr1677Asn),"Dec 01, 2021",ClinVar,clinvar,clinvar_variant_summary,cohort,file,,,,,,,,,,,,,
BRCA1,BRCA1 p.Thr1677Ser,Likely benign,"criteria provided, single submitter",868943,NM_007294.4(BRCA1):c.5030C>G (p.Thr1677Ser),"Apr 28, 2025",ClinVar,clinvar,clinvar_variant_summary,cohort,file,,,,,,,,,,,,,
BRCA1,BRCA1 p.Thr1681Ala,Likely benign,"criteria provided, single submitter",868956,NM_007294.4(BRCA1):c.5041A>G (p.Thr1681Ala),"Dec 11, 2024",ClinVar,clinvar,clinvar_variant_summary,cohort,file,,,,,,,,,,,,,
BRCA1,BRCA1 p.Thr1684Ala,Likely benign,"criteria provided, single submitter",485376,NM_007294.4(BRCA1):c.5050A>G (p.Thr1684Ala),"May 20, 2021",ClinVar,clinvar,clinvar_variant_summary,cohort,file,,,,,,,,,,,,,
BRCA1,BRCA1 p.Thr1691Arg,Likely pathogenic,"criteria provided, multiple submitters, no conflicts",55373,NM_007294.4(BRCA1):c.5072C>G (p.Thr1691Arg),"Sep 10, 2025",ClinVar,clinvar,clinvar_variant_summary,cohort,file,,,,,,,,,,,,,
BRCA1,BRCA1 p.Thr1691Ile,Pathogenic/Likely pathogenic,"criteria provided, multiple submitters, no conflicts",37628,NM_007294.4(BRCA1):c.5072C>T (p.Thr1691Ile),"Feb 27, 2025",ClinVar,clinvar,clinvar_variant_summary,cohort,file,,,,,,,,,,,,,
BRCA1,BRCA1 p.Thr1691Lys,Pathogenic/Likely pathogenic,"criteria provided, multiple submitters, no conflicts",37627,NM_007294.4(BRCA1):c.5072C>A (p.Thr1691Lys),"Dec 02, 2025",ClinVar,clinvar,clinvar_variant_summary,cohort,file,,,,,,,,,,,,,
BRCA1,BRCA1 p.Thr1816Ala,Likely benign,"criteria provided, single submitter",868902,NM_007294.4(BRCA1):c.5446A>G (p.Thr1816Ala),"Sep 13, 2023",ClinVar,clinvar,clinvar_variant_summary,cohort,file,,,,,,,,,,,,,
BRCA1,BRCA1 p.Thr1816Arg,Likely benign,"criteria provided, single submitter",825739,NM_007294.4(BRCA1):c.5447C>G (p.Thr1816Arg),"Sep 28, 2023",ClinVar,clinvar,clinvar_variant_summary,cohort,file,,,,,,,,,,,,,
BRCA1,BRCA1 p.Thr248Asn,Likely benign,"criteria provided, single submitter",55687,NM_007294.4(BRCA1):c.743C>A (p.Thr248Asn),"Mar 23, 2023",ClinVar,clinvar,clinvar_variant_summary,cohort,file,,,,,,,,,,,,,
BRCA1,BRCA1 p.Thr367Ser,Likely benign,"criteria provided, single submitter",2691999,NM_007294.4(BRCA1):c.1100C>G (p.Thr367Ser),"Mar 04, 2025",ClinVar,clinvar,clinvar_variant_summary,cohort,file,,,,,,,,,,,,,
BRCA1,BRCA1 p.Thr37Ala,Likely pathogenic,no assertion criteria provided,868146,NM_007294.4(BRCA1):c.109A>G (p.Thr37Ala),"Jul 31, 2021",ClinVar,clinvar,clinvar_variant_summary,cohort,file,,,,,,,,,,-0.0640467001063,,urn:mavedb:00000081-a-2,BRCA1 RING and BRCT domains mean HDR fluorescence score
BRCA1,BRCA1 p.Thr37Arg,Pathogenic/Likely pathogenic,"criteria provided, multiple submitters, no conflicts",54132,NM_007294.4(BRCA1):c.110C>G (p.Thr37Arg),"Jan 15, 2025",ClinVar,clinvar,clinvar_variant_summary,cohort,file,1.2394829868565223e-06,2.0,1613576.0,2.9877502240812668e-05,17-43115750-G-C,ENST00000357654,missense_variant,gnomad_r4,GRCh38,3.0,,urn:mavedb:00000081-a-1,BRCA1 RING and BRCT domains depletion scores
BRCA1,BRCA1 p.Thr582Ala,Likely benign,"criteria provided, single submitter",54340,NM_007294.4(BRCA1):c.1744A>G (p.Thr582Ala),"Mar 23, 2023",ClinVar,clinvar,clinvar_variant_summary,cohort,file,,,,,,,,,,,,,
BRCA1,BRCA1 p.Thr617Asn,Likely benign,"criteria provided, single submitter",1049469,NM_007294.4(BRCA1):c.1850C>A (p.Thr617Asn),"Mar 23, 2023",ClinVar,clinvar,clinvar_variant_summary,cohort,file,,,,,,,,,,,,,
BRCA1,BRCA1 p.Thr967Ser,Likely benign,"criteria provided, single submitter",54711,NM_007294.4(BRCA1):c.2899A>T (p.Thr967Ser),"Mar 23, 2023",ClinVar,clinvar,clinvar_variant_summary,cohort,file,,,,,,,,,,,,,
BRCA1,BRCA1 p.Thr97Ser,Likely benign,"criteria provided, single submitter",865373,NM_007294.4(BRCA1):c.289A>T (p.Thr97Ser),"Oct 18, 2024",ClinVar,clinvar,clinvar_variant_summary,cohort,file,6.196562395045725e-07,1.0,1613798.0,1.656232402530723e-05,17-43104880-T-A,ENST00000357654,missense_variant,gnomad_r4,GRCh38,-0.3775232001539075,,urn:mavedb:00000081-a-2,BRCA1 RING and BRCT domains mean HDR fluorescence score
BRCA1,BRCA1 p.Trp1712Gly,Likely pathogenic,"criteria provided, single submitter",867686,NM_007294.4(BRCA1):c.5134T>G (p.Trp1712Gly),"Nov 25, 2025",ClinVar,clinvar,clinvar_variant_summary,cohort,file,,,,,,,,,,,,,
BRCA1,BRCA1 p.Trp1718Cys,Pathogenic/Likely pathogenic,"criteria provided, multiple submitters, no conflicts",55435,NM_007294.4(BRCA1):c.5154G>T (p.Trp1718Cys),"Oct 30, 2025",ClinVar,clinvar,clinvar_variant_summary,cohort,file,,,,,,,,,,,,,
BRCA1,BRCA1 p.Trp1837Cys,Pathogenic/Likely pathogenic,"criteria provided, multiple submitters, no conflicts",37680,NM_007294.4(BRCA1):c.5511G>T (p.Trp1837Cys),"Jun 19, 2025",ClinVar,clinvar,clinvar_variant_summary,cohort,file,6.195671703747762e-07,1.0,1614030.0,1.159366522132307e-05,17-43045759-C-G,ENST00000357654,missense_variant,gnomad_r4,GRCh38,,,,
BRCA1,BRCA1 p.Trp1837Ser,Likely pathogenic,"criteria provided, multiple submitters, no conflicts",1065962,NM_007294.4(BRCA1):c.5510_5511delinsCT (p.Trp1837Ser),"Sep 05, 2025",ClinVar,clinvar,clinvar_variant_summary,cohort,file,,,,,,,,,,,,,
BRCA1,BRCA1 p.Tyr1113His,Likely benign,"criteria provided, single submitter",2585842,NM_007294.4(BRCA1):c.3337T>C (p.Tyr1113His),"Aug 25, 2023",ClinVar,clinvar,clinvar_variant_summary,cohort,file,,,,,,,,,,,,,
BRCA1,BRCA1 p.Tyr1202His,Likely benign,"criteria provided, multiple submitters, no conflicts",1733143,NM_007294.4(BRCA1):c.3604T>C (p.Tyr1202His),"Mar 23, 2023",ClinVar,clinvar,clinvar_variant_summary,cohort,file,,,,,,,,,,,,,
BRCA1,BRCA1 p.Tyr1666Asn,Likely benign,"criteria provided, single submitter",865512,NM_007294.4(BRCA1):c.4996T>A (p.Tyr1666Asn),"Sep 19, 2022",ClinVar,clinvar,clinvar_variant_summary,cohort,file,,,,,,,,,,,,,
BRCA1,BRCA1 p.Tyr1703Asp,Likely pathogenic,"criteria provided, multiple submitters, no conflicts",252884,NM_007294.4(BRCA1):c.5107T>G (p.Tyr1703Asp),"Dec 14, 2024",ClinVar,clinvar,clinvar_variant_summary,cohort,file,,,,,,,,,,,,,
BRCA1,BRCA1 p.Tyr179Phe,Likely benign,"criteria provided, single submitter",1687140,NM_007294.4(BRCA1):c.536A>T (p.Tyr179Phe),"Feb 24, 2025",ClinVar,clinvar,clinvar_variant_summary,cohort,file,,,,,,,,,,0.0,,urn:mavedb:00000081-a-1,BRCA1 RING and BRCT domains depletion scores
BRCA1,BRCA1 p.Tyr1853Asn,Likely pathogenic,"criteria provided, multiple submitters, no conflicts",433738,NM_007294.4(BRCA1):c.5557T>A (p.Tyr1853Asn),"Jan 14, 2026",ClinVar,clinvar,clinvar_variant_summary,cohort,file,,,,,,,,,,,,,
BRCA1,BRCA1 p.Tyr1853Cys,Pathogenic/Likely pathogenic,"criteria provided, multiple submitters, no conflicts",55627,NM_007294.4(BRCA1):c.5558A>G (p.Tyr1853Cys),"Oct 29, 2025",ClinVar,clinvar,clinvar_variant_summary,cohort,file,6.196262909913772e-07,1.0,1613876.0,8.993824839864949e-07,17-43045712-T-C,ENST00000357654,missense_variant,gnomad_r4,GRCh38,,,,
BRCA1,BRCA1 p.Tyr1853His,Likely pathogenic,"criteria provided, single submitter",865014,NM_007294.4(BRCA1):c.5557T>C (p.Tyr1853His),"Mar 29, 2021",ClinVar,clinvar,clinvar_variant_summary,cohort,file,,,,,,,,,,,,,
BRCA1,BRCA1 p.Tyr1853Ser,Likely pathogenic,"criteria provided, single submitter",865016,NM_007294.4(BRCA1):c.5558A>C (p.Tyr1853Ser),"Sep 10, 2020",ClinVar,clinvar,clinvar_variant_summary,cohort,file,,,,,,,,,,,,,
BRCA1,BRCA1 p.Tyr465Asp,Likely benign,"criteria provided, single submitter",54239,NM_007294.4(BRCA1):c.1393T>G (p.Tyr465Asp),"Mar 23, 2023",ClinVar,clinvar,clinvar_variant_summary,cohort,file,,,,,,,,,,,,,
BRCA1,BRCA1 p.Tyr655Asp,Likely benign,"criteria provided, single submitter",54418,NM_007294.4(BRCA1):c.1963T>G (p.Tyr655Asp),"Mar 23, 2023",ClinVar,clinvar,clinvar_variant_summary,cohort,file,6.196477921949164e-07,1.0,1613820.0,8.993032198652484e-07,17-43093568-A-C,ENST00000357654,missense_variant,gnomad_r4,GRCh38,,,,
BRCA1,BRCA1 p.Val1047Ala,Likely benign,"criteria provided, single submitter",54775,NM_007294.4(BRCA1):c.3140T>C (p.Val1047Ala),"Mar 23, 2023",ClinVar,clinvar,clinvar_variant_summary,cohort,file,,,,,,,,,,,,,
BRCA1,BRCA1 p.Val1176Asp,Likely benign,"criteria provided, single submitter",54908,NM_007294.4(BRCA1):c.3527T>A (p.Val1176Asp),"Mar 23, 2023",ClinVar,clinvar,clinvar_variant_summary,cohort,file,,,,,,,,,,,,,
BRCA1,BRCA1 p.Val1181Ala,Likely benign,"criteria provided, single submitter",54912,NM_007294.4(BRCA1):c.3542T>C (p.Val1181Ala),"Mar 23, 2023",ClinVar,clinvar,clinvar_variant_summary,cohort,file,,,,,,,,,,,,,
BRCA1,BRCA1 p.Val11Ile,Likely benign,"criteria provided, single submitter",865020,NM_007294.4(BRCA1):c.31G>A (p.Val11Ile),"Mar 19, 2025",ClinVar,clinvar,clinvar_variant_summary,cohort,file,,,,,,,,,,,,,
BRCA1,BRCA1 p.Val14Ile,Likely benign,"criteria provided, single submitter",869092,NM_007294.4(BRCA1):c.40G>A (p.Val14Ile),"Apr 04, 2025",ClinVar,clinvar,clinvar_variant_summary,cohort,file,,,,,,,,,,1.9905793879643003,,urn:mavedb:00000081-a-2,BRCA1 RING and BRCT domains mean HDR fluorescence score
BRCA1,BRCA1 p.Val1602Leu,Likely benign,"criteria provided, single submitter",3481797,NM_007294.4(BRCA1):c.4804G>C (p.Val1602Leu),"Oct 25, 2024",ClinVar,clinvar,clinvar_variant_summary,cohort,file,,,,,,,,,,,,,
BRCA1,BRCA1 p.Val1646Asp,Likely benign,"criteria provided, single submitter",868862,NM_007294.4(BRCA1):c.4937T>A (p.Val1646Asp),"Feb 03, 2022",ClinVar,clinvar,clinvar_variant_summary,cohort,file,,,,,,,,,,,,,
BRCA1,BRCA1 p.Val1646Phe,Likely benign,"criteria provided, single submitter",868861,NM_007294.4(BRCA1):c.4936G>T (p.Val1646Phe),"Feb 26, 2025",ClinVar,clinvar,clinvar_variant_summary,cohort,file,,,,,,,,,,,,,
BRCA1,BRCA1 p.Val1653Ala,Likely benign,"criteria provided, single submitter",868876,NM_007294.4(BRCA1):c.4958T>C (p.Val1653Ala),"Dec 08, 2023",ClinVar,clinvar,clinvar_variant_summary,cohort,file,,,,,,,,,,,,,
BRCA1,BRCA1 p.Val1653Glu,Likely pathogenic,"criteria provided, single submitter",868875,NM_007294.4(BRCA1):c.4958T>A (p.Val1653Glu),"Feb 27, 2024",ClinVar,clinvar,clinvar_variant_summary,cohort,file,,,,,,,,,,,,,
BRCA1,BRCA1 p.Val1665Gly,Likely benign,"criteria provided, single submitter",825350,NM_007294.4(BRCA1):c.4994T>G (p.Val1665Gly),"Jul 30, 2021",ClinVar,clinvar,clinvar_variant_summary,cohort,file,1.8617443800142985e-06,3.0,1611392.0,2.703940181632675e-06,17-43067688-A-C,ENST00000357654,missense_variant,gnomad_r4,GRCh38,,,,
BRCA1,BRCA1 p.Val1687Gly,Likely pathogenic,"criteria provided, multiple submitters, no conflicts",433721,NM_007294.4(BRCA1):c.5060T>G (p.Val1687Gly),"Feb 21, 2025",ClinVar,clinvar,clinvar_variant_summary,cohort,file,6.203689458194577e-07,1.0,1611944.0,9.009106404753926e-07,17-43067622-A-C,ENST00000357654,missense_variant,gnomad_r4,GRCh38,,,,
BRCA1,BRCA1 p.Val1687Ile,Likely benign,"criteria provided, single submitter",868573,NM_007294.4(BRCA1):c.5059G>A (p.Val1687Ile),"Sep 02, 2020",ClinVar,clinvar,clinvar_variant_summary,cohort,file,,,,,,,,,,,,,
BRCA1,BRCA1 p.Val1688Phe,Likely pathogenic,"criteria provided, single submitter",868976,NM_007294.4(BRCA1):c.5062G>T (p.Val1688Phe),"May 01, 2020",ClinVar,clinvar,clinvar_variant_summary,cohort,file,,,,,,,,,,,,,
BRCA1,BRCA1 p.Val1713Gly,Pathogenic,"criteria provided, single submitter",1745580,NM_007294.4(BRCA1):c.5138_5139delinsGG (p.Val1713Gly),"Oct 06, 2021",ClinVar,clinvar,clinvar_variant_summary,cohort,file,6.197837450556751e-07,1.0,1613466.0,8.997417741108302e-07,17-43063888-A-C,ENST00000357654,missense_variant,gnomad_r4,GRCh38,,,,
BRCA1,BRCA1 p.Val1713Leu,Likely pathogenic,"criteria provided, single submitter",868700,NM_007294.4(BRCA1):c.5137G>T (p.Val1713Leu),"Oct 28, 2021",ClinVar,clinvar,clinvar_variant_summary,cohort,file,,,,,,,,,,,,,
BRCA1,BRCA1 p.Val1714Gly,Pathogenic/Likely pathogenic,"criteria provided, multiple submitters, no conflicts",55413,NM_007294.4(BRCA1):c.5141T>G (p.Val1714Gly),"Mar 17, 2024",ClinVar,clinvar,clinvar_variant_summary,cohort,file,6.199520405101461e-07,1.0,1613028.0,9.001159349324193e-07,17-43063885-A-C,ENST00000357654,missense_variant,gnomad_r4,GRCh38,,,,
BRCA1,BRCA1 p.Val1719Gly,Likely pathogenic,"criteria provided, single submitter",482950,NM_007294.4(BRCA1):c.5156T>G (p.Val1719Gly),"Oct 12, 2021",ClinVar,clinvar,clinvar_variant_summary,cohort,file,,,,,,,,,,,,,
BRCA1,BRCA1 p.Val1736Gly,Pathogenic/Likely pathogenic,"criteria provided, multiple submitters, no conflicts",55456,NM_007294.4(BRCA1):c.5207T>G (p.Val1736Gly),"Mar 16, 2022",ClinVar,clinvar,clinvar_variant_summary,cohort,file,,,,,,,,,,,,,
BRCA1,BRCA1 p.Val1736Phe,Likely pathogenic,"criteria provided, multiple submitters, no conflicts",867843,NM_007294.4(BRCA1):c.5206G>T (p.Val1736Phe),"Dec 03, 2025",ClinVar,clinvar,clinvar_variant_summary,cohort,file,6.195756154864164e-07,1.0,1614008.0,3.827018752391887e-05,17-43057123-C-A,ENST00000357654,missense_variant,gnomad_r4,GRCh38,,,,
BRCA1,BRCA1 p.Val1784Glu,Likely pathogenic,"criteria provided, single submitter",868026,NM_007294.4(BRCA1):c.5351T>A (p.Val1784Glu),"Mar 01, 2024",ClinVar,clinvar,clinvar_variant_summary,cohort,file,,,,,,,,,,,,,
BRCA1,BRCA1 p.Val1809Asp,Likely pathogenic,"criteria provided, single submitter",825725,NM_007294.4(BRCA1):c.5426T>A (p.Val1809Asp),"Sep 05, 2019",ClinVar,clinvar,clinvar_variant_summary,cohort,file,,,,,,,,,,,,,
BRCA1,BRCA1 p.Val1833Gly,Likely pathogenic,"criteria provided, single submitter",2135737,NM_007294.4(BRCA1):c.5498T>G (p.Val1833Gly),"May 09, 2022",ClinVar,clinvar,clinvar_variant_summary,cohort,file,,,,,,,,,,,,,
BRCA1,BRCA1 p.Val1833Met,Pathogenic/Likely pathogenic,"criteria provided, multiple submitters, no conflicts",55598,NM_007294.4(BRCA1):c.5497G>A (p.Val1833Met),"Aug 22, 2025",ClinVar,clinvar,clinvar_variant_summary,cohort,file,6.19528018774177e-07,1.0,1614132.0,8.992724885567576e-07,17-43045773-C-T,ENST00000357654,missense_variant,gnomad_r4,GRCh38,,,,
BRCA1,BRCA1 p.Val1838Gly,Likely pathogenic,"criteria provided, single submitter",254643,NM_007294.4(BRCA1):c.5513T>G (p.Val1838Gly),"Jul 01, 2015",ClinVar,clinvar,clinvar_variant_summary,cohort,file,,,,,,,,,,,,,
BRCA1,BRCA1 p.Val1842Leu,Likely benign,"criteria provided, single submitter",869008,NM_007294.4(BRCA1):c.5524G>C (p.Val1842Leu),"Dec 05, 2025",ClinVar,clinvar,clinvar_variant_summary,cohort,file,,,,,,,,,,,,,
BRCA1,BRCA1 p.Val35Ala,Likely pathogenic,no assertion criteria provided,867804,NM_007294.4(BRCA1):c.104T>C (p.Val35Ala),"Feb 02, 2024",ClinVar,clinvar,clinvar_variant_summary,cohort,file,,,,,,,,,,0.8615013210897,,urn:mavedb:00000081-a-2,BRCA1 RING and BRCT domains mean HDR fluorescence score
BRCA2,BRCA2 p.Ala1193Ser,Likely benign,"criteria provided, multiple submitters, no conflicts",823949,NM_000059.4(BRCA2):c.3577G>T (p.Ala1193Ser),"Dec 27, 2023",ClinVar,clinvar,clinvar_variant_summary,cohort,file,,,,,,,,,,,,,
BRCA2,BRCA2 p.Ala1253Thr,Likely benign,"criteria provided, single submitter",3992705,NM_000059.4(BRCA2):c.3757G>A (p.Ala1253Thr),"May 14, 2025",ClinVar,clinvar,clinvar_variant_summary,cohort,file,6.21193635995438e-07,1.0,1609804.0,1.17638754911418e-05,13-32338112-G-A,ENST00000380152,missense_variant,gnomad_r4,GRCh38,,,,
BRCA2,BRCA2 p.Ala1668Gly,Likely benign,"criteria provided, single submitter",51754,NM_000059.4(BRCA2):c.5003C>G (p.Ala1668Gly),"Mar 23, 2023",ClinVar,clinvar,clinvar_variant_summary,cohort,file,6.288003118849547e-07,1.0,1590330.0,1.227023976048492e-05,13-32339358-C-G,ENST00000380152,missense_variant,gnomad_r4,GRCh38,,,,
BRCA2,BRCA2 p.Ala1825Val,Benign/Likely benign,"criteria provided, multiple submitters, no conflicts",37968,NM_000059.4(BRCA2):c.5474C>T (p.Ala1825Val),"Jan 06, 2026",ClinVar,clinvar,clinvar_variant_summary,cohort,file,8.055820640251837e-06,13.0,1613740.0,0.0001341621573274,13-32339829-C-T,ENST00000380152,missense_variant,gnomad_r4,GRCh38,,,,
BRCA2,BRCA2 p.Ala2061Val,Likely benign,"criteria provided, single submitter",2692062,NM_000059.4(BRCA2):c.6182C>T (p.Ala2061Val),"Mar 04, 2025",ClinVar,clinvar,clinvar_variant_summary,cohort,file,,,,,,,,,,,,,
BRCA2,BRCA2 p.Ala2233Val,Likely benign,"criteria provided, multiple submitters, no conflicts",409574,NM_000059.4(BRCA2):c.6698C>T (p.Ala2233Val),"Aug 22, 2024",ClinVar,clinvar,clinvar_variant_summary,cohort,file,,,,,,,,,,,,,
BRCA2,BRCA2 p.Ala2351Gly,Benign/Likely benign,"criteria provided, multiple submitters, no conflicts",38081,NM_000059.4(BRCA2):c.7052C>G (p.Ala2351Gly),"Feb 03, 2026",ClinVar,clinvar,clinvar_variant_summary,cohort,file,7.189019145101675e-05,116.0,1613572.0,0.0021235521235521,13-32354905-C-G,ENST00000380152,missense_variant,gnomad_r4,GRCh38,,,,
BRCA2,BRCA2 p.Ala2487Thr,Likely benign,"criteria provided, single submitter",1759001,NM_000059.4(BRCA2):c.7459G>A (p.Ala2487Thr),"May 15, 2025",ClinVar,clinvar,clinvar_variant_summary,cohort,file,,,,,,,,,,,,,
BRCA2,BRCA2 p.Ala2603Pro,Likely pathogenic,"criteria provided, single submitter",995947,NM_000059.4(BRCA2):c.7807G>C (p.Ala2603Pro),"Oct 10, 2018",ClinVar,clinvar,clinvar_variant_summary,cohort,file,,,,,,,,,,1.0690424752246337,,urn:mavedb:00001224-a-1,Scores from arrayed screen of BRCA2 homology directed repair function in VC-8 cells
BRCA2,BRCA2 p.Ala2632Gly,Likely benign,"criteria provided, single submitter",1761059,NM_000059.4(BRCA2):c.7895C>G (p.Ala2632Gly),"Nov 10, 2020",ClinVar,clinvar,clinvar_variant_summary,cohort,file,,,,,,,,,,3.6784086839578105,,urn:mavedb:00001224-a-1,Scores from arrayed screen of BRCA2 homology directed repair function in VC-8 cells
BRCA2,BRCA2 p.Ala2633Val,Likely benign,"criteria provided, single submitter",1761065,NM_000059.4(BRCA2):c.7898C>T (p.Ala2633Val),"May 19, 2025",ClinVar,clinvar,clinvar_variant_summary,cohort,file,,,,,,,,,,,,,
BRCA2,BRCA2 p.Ala2698Gly,Likely benign,"criteria provided, single submitter",827443,NM_000059.4(BRCA2):c.8093C>G (p.Ala2698Gly),"May 09, 2025",ClinVar,clinvar,clinvar_variant_summary,cohort,file,,,,,,,,,,,,,
BRCA2,BRCA2 p.Ala2738Thr,Likely benign,"criteria provided, single submitter",230765,NM_000059.4(BRCA2):c.8212G>A (p.Ala2738Thr),"May 08, 2025",ClinVar,clinvar,clinvar_variant_summary,cohort,file,,,,,,,,,,,,,
BRCA2,BRCA2 p.Ala2780Asp,Likely pathogenic,"criteria provided, single submitter",483085,NM_000059.4(BRCA2):c.8339C>A (p.Ala2780Asp),"Mar 25, 2025",ClinVar,clinvar,clinvar_variant_summary,cohort,file,,,,,,,,,,1.039014309161874,,urn:mavedb:00001224-a-1,Scores from arrayed screen of BRCA2 homology directed repair function in VC-8 cells
BRCA2,BRCA2 p.Ala2825Ser,Benign,"criteria provided, single submitter",142989,NM_000059.4(BRCA2):c.8473G>T (p.Ala2825Ser),"May 19, 2025",ClinVar,clinvar,clinvar_variant_summary,cohort,file,,,,,,,,,,,,,
BRCA2,BRCA2 p.Ala2902Ser,Likely benign,"criteria provided, single submitter",3482095,NM_000059.4(BRCA2):c.8704G>T (p.Ala2902Ser),"May 15, 2025",ClinVar,clinvar,clinvar_variant_summary,cohort,file,,,,,,,,,,,,,
BRCA2,BRCA2 p.Ala2951Pro,Likely benign,"criteria provided, single submitter",1764884,NM_000059.4(BRCA2):c.8851G>C (p.Ala2951Pro),"May 16, 2025",ClinVar,clinvar,clinvar_variant_summary,cohort,file,,,,,,,,,,,,,
BRCA2,BRCA2 p.Ala2951Ser,Likely benign,"criteria provided, single submitter",441405,NM_000059.4(BRCA2):c.8851G>T (p.Ala2951Ser),"May 16, 2025",ClinVar,clinvar,clinvar_variant_summary,cohort,file,,,,,,,,,,,,,
BRCA2,BRCA2 p.Ala3023Asp,Likely benign,"criteria provided, single submitter",3261538,NM_000059.4(BRCA2):c.9068C>A (p.Ala3023Asp),"May 16, 2025",ClinVar,clinvar,clinvar_variant_summary,cohort,file,,,,,,,,,,,,,
BRCA2,BRCA2 p.Ala3028Pro,Pathogenic/Likely pathogenic,"criteria provided, multiple submitters, no conflicts",126199,NM_000059.4(BRCA2):c.9082G>C (p.Ala3028Pro),"Nov 12, 2025",ClinVar,clinvar,clinvar_variant_summary,cohort,file,3.717891360735845e-06,6.0,1613818.0,5.396586119620728e-06,13-32379878-G-C,ENST00000380152,missense_variant,gnomad_r4,GRCh38,1.1831987469977272,,urn:mavedb:00001224-a-1,Scores from arrayed screen of BRCA2 homology directed repair function in VC-8 cells
BRCA2,BRCA2 p.Ala3140Ser,Likely benign,"criteria provided, single submitter",4629057,NM_000059.4(BRCA2):c.9418G>T (p.Ala3140Ser),"Nov 04, 2025",ClinVar,clinvar,clinvar_variant_summary,cohort,file,,,,,,,,,,,,,
BRCA2,BRCA2 p.Ala3186Glu,Likely benign,"criteria provided, single submitter",4629089,NM_000059.4(BRCA2):c.9557C>A (p.Ala3186Glu),"Nov 18, 2025",ClinVar,clinvar,clinvar_variant_summary,cohort,file,,,,,,,,,,,,,
BRCA2,BRCA2 p.Ala3235Asp,Likely benign,"criteria provided, single submitter",3825457,NM_000059.4(BRCA2):c.9704C>A (p.Ala3235Asp),"Mar 06, 2025",ClinVar,clinvar,clinvar_variant_summary,cohort,file,,,,,,,,,,,,,
BRCA2,BRCA2 p.Ala3399Ser,Likely benign,"criteria provided, single submitter",433844,NM_000059.4(BRCA2):c.10195G>T (p.Ala3399Ser),"Nov 20, 2018",ClinVar,clinvar,clinvar_variant_summary,cohort,file,,,,,,,,,,,,,
BRCA2,BRCA2 p.Ala487Ser,Likely benign,"criteria provided, single submitter",433759,NM_000059.4(BRCA2):c.1459G>T (p.Ala487Ser),"Mar 23, 2023",ClinVar,clinvar,clinvar_variant_summary,cohort,file,,,,,,,,,,,,,
BRCA2,BRCA2 p.Ala573Thr,Likely benign,"criteria provided, single submitter",4628581,NM_000059.4(BRCA2):c.1717G>A (p.Ala573Thr),"Sep 26, 2025",ClinVar,clinvar,clinvar_variant_summary,cohort,file,6.196393451155689e-07,1.0,1613842.0,8.994358738199401e-07,13-32333195-G-A,ENST00000380152,missense_variant,gnomad_r4,GRCh38,,,,
BRCA2,BRCA2 p.Ala618Pro,Likely benign,"criteria provided, single submitter",51214,NM_000059.4(BRCA2):c.1852G>C (p.Ala618Pro),"Mar 23, 2023",ClinVar,clinvar,clinvar_variant_summary,cohort,file,,,,,,,,,,,,,
BRCA2,BRCA2 p.Ala737Ser,Likely benign,"criteria provided, single submitter",51255,NM_000059.4(BRCA2):c.2209G>T (p.Ala737Ser),"Mar 23, 2023",ClinVar,clinvar,clinvar_variant_summary,cohort,file,1.239109773973986e-06,2.0,1614062.0,2.5200342724661052e-05,13-32336564-G-T,ENST00000380152,missense_variant,gnomad_r4,GRCh38,,,,
BRCA2,BRCA2 p.Arg1315Lys,Likely benign,"criteria provided, single submitter",51571,NM_000059.4(BRCA2):c.3944G>A (p.Arg1315Lys),"Mar 23, 2023",ClinVar,clinvar,clinvar_variant_summary,cohort,file,,,,,,,,,,,,,
BRCA2,BRCA2 p.Arg2336Gly,Likely benign,"criteria provided, single submitter",141563,NM_000059.4(BRCA2):c.7006C>G (p.Arg2336Gly),"Apr 27, 2023",ClinVar,clinvar,clinvar_variant_summary,cohort,file,,,,,,,,,,,,,
BRCA2,BRCA2 p.Arg2336Leu,Pathogenic/Likely pathogenic,"criteria provided, multiple submitters, no conflicts",52242,NM_000059.4(BRCA2):c.7007G>T (p.Arg2336Leu),"Sep 10, 2025",ClinVar,clinvar,clinvar_variant_summary,cohort,file,6.238886982562311e-07,1.0,1602850.0,1.9173984737508147e-05,13-32346896-G-T,ENST00000380152,missense_variant,gnomad_r4,GRCh38,,,,
BRCA2,BRCA2 p.Arg2336Pro,Pathogenic/Likely pathogenic,"criteria provided, multiple submitters, no conflicts",52241,NM_000059.4(BRCA2):c.7007G>C (p.Arg2336Pro),"Jul 11, 2025",ClinVar,clinvar,clinvar_variant_summary,cohort,file,1.2477758395659735e-06,2.0,1602852.0,3.851486673856109e-05,13-32346896-G-C,ENST00000380152,missense_variant,gnomad_r4,GRCh38,,,,
BRCA2,BRCA2 p.Arg2488Thr,Likely benign,"criteria provided, single submitter",1759029,NM_000059.4(BRCA2):c.7463G>C (p.Arg2488Thr),"Apr 18, 2025",ClinVar,clinvar,clinvar_variant_summary,cohort,file,,,,,,,,,,,,,
BRCA2,BRCA2 p.Arg2520Gln,Likely benign,"criteria provided, multiple submitters, no conflicts",96853,NM_000059.4(BRCA2):c.7559G>A (p.Arg2520Gln),"Dec 24, 2025",ClinVar,clinvar,clinvar_variant_summary,cohort,file,1.3630443968342677e-05,22.0,1614034.0,0.000179211469534,13-32356551-G-A,ENST00000380152,missense_variant,gnomad_r4,GRCh38,4.232098341397712,,urn:mavedb:00001224-a-1,Scores from arrayed screen of BRCA2 homology directed repair function in VC-8 cells
BRCA2,BRCA2 p.Arg2602Thr,Pathogenic,"criteria provided, single submitter",52415,NM_000059.4(BRCA2):c.7805G>C (p.Arg2602Thr),"Oct 02, 2015",ClinVar,clinvar,clinvar_variant_summary,cohort,file,,,,,,,,,,4.409915053723124,,urn:mavedb:00001224-a-1,Scores from arrayed screen of BRCA2 homology directed repair function in VC-8 cells
BRCA2,BRCA2 p.Arg2659Lys,Pathogenic/Likely pathogenic,"criteria provided, multiple submitters, no conflicts",38131,NM_000059.4(BRCA2):c.7976G>A (p.Arg2659Lys),"Dec 24, 2025",ClinVar,clinvar,clinvar_variant_summary,cohort,file,6.195564223838301e-07,1.0,1614058.0,1.8728696108176948e-05,13-32362693-G-A,ENST00000380152,missense_variant,gnomad_r4,GRCh38,,,,
BRCA2,BRCA2 p.Arg2659Ser,Likely pathogenic,"criteria provided, single submitter",2586259,NM_000059.4(BRCA2):c.7977A>T (p.Arg2659Ser),"Jun 17, 2025",ClinVar,clinvar,clinvar_variant_summary,cohort,file,,,,,,,,,,1.000826735166633,,urn:mavedb:00001224-a-1,Scores from arrayed screen of BRCA2 homology directed repair function in VC-8 cells
BRCA2,BRCA2 p.Arg2668Ser,Likely benign,"criteria provided, single submitter",827386,NM_000059.4(BRCA2):c.8004A>C (p.Arg2668Ser),"May 19, 2025",ClinVar,clinvar,clinvar_variant_summary,cohort,file,,,,,,,,,,,,,
BRCA2,BRCA2 p.Arg2784Trp,Pathogenic/Likely pathogenic,"criteria provided, multiple submitters, no conflicts",38155,NM_000059.4(BRCA2):c.8350C>T (p.Arg2784Trp),"Dec 29, 2025",ClinVar,clinvar,clinvar_variant_summary,cohort,file,4.957458806615729e-06,8.0,1613730.0,0.0034013605442176,13-32370420-C-T,ENST00000380152,missense_variant,gnomad_r4,GRCh38,1.349240423809681,,urn:mavedb:00001224-a-1,Scores from arrayed screen of BRCA2 homology directed repair function in VC-8 cells
BRCA2,BRCA2 p.Arg2787Leu,Likely benign,"criteria provided, single submitter",1763091,NM_000059.4(BRCA2):c.8360G>T (p.Arg2787Leu),"May 08, 2025",ClinVar,clinvar,clinvar_variant_summary,cohort,file,6.196593113106414e-07,1.0,1613790.0,1.6557936218829686e-05,13-32370430-G-T,ENST00000380152,missense_variant,gnomad_r4,GRCh38,,,,
BRCA2,BRCA2 p.Arg2799Gly,Likely benign,"criteria provided, single submitter",2565978,NM_000059.4(BRCA2):c.8395A>G (p.Arg2799Gly),"May 08, 2025",ClinVar,clinvar,clinvar_variant_summary,cohort,file,,,,,,,,,,,,,
BRCA2,BRCA2 p.Arg2799Ser,Likely benign,"criteria provided, single submitter",3261638,NM_000059.4(BRCA2):c.8397A>T (p.Arg2799Ser),"May 08, 2025",ClinVar,clinvar,clinvar_variant_summary,cohort,file,,,,,,,,,,,,,
BRCA2,BRCA2 p.Arg2824Lys,Likely benign,"criteria provided, single submitter",1763512,NM_000059.4(BRCA2):c.8471G>A (p.Arg2824Lys),"May 15, 2025",ClinVar,clinvar,clinvar_variant_summary,cohort,file,6.198298443111397e-07,1.0,1613346.0,8.998664598173631e-07,13-32370541-G-A,ENST00000380152,missense_variant,gnomad_r4,GRCh38,,,,
BRCA2,BRCA2 p.Arg2888Ser,Likely benign,"criteria provided, single submitter",3992776,NM_000059.4(BRCA2):c.8662C>A (p.Arg2888Ser),"Apr 16, 2025",ClinVar,clinvar,clinvar_variant_summary,cohort,file,,,,,,,,,,,,,
BRCA2,BRCA2 p.Arg2991His,Benign/Likely benign,"criteria provided, multiple submitters, no conflicts",38200,NM_000059.4(BRCA2):c.8972G>A (p.Arg2991His),"Jan 14, 2026",ClinVar,clinvar,clinvar_variant_summary,cohort,file,3.846884085936909e-05,62.0,1611694.0,0.0003354203935599,13-32379768-G-A,ENST00000380152,missense_variant,gnomad_r4,GRCh38,3.8974410791643295,,urn:mavedb:00001224-a-1,Scores from arrayed screen of BRCA2 homology directed repair function in VC-8 cells
BRCA2,BRCA2 p.Arg3052Leu,Likely pathogenic,"criteria provided, multiple submitters, no conflicts",462517,NM_000059.4(BRCA2):c.9155G>T (p.Arg3052Leu),"Oct 21, 2024",ClinVar,clinvar,clinvar_variant_summary,cohort,file,,,,,,,,,,1.040084600291877,,urn:mavedb:00001224-a-1,Scores from arrayed screen of BRCA2 homology directed repair function in VC-8 cells
BRCA2,BRCA2 p.Arg3385Cys,Benign/Likely benign,"criteria provided, multiple submitters, no conflicts",37721,NM_000059.4(BRCA2):c.10153C>T (p.Arg3385Cys),"Dec 31, 2025",ClinVar,clinvar,clinvar_variant_summary,cohort,file,1.4869833197646104e-05,24.0,1614006.0,0.000115933964014,13-32398666-C-T,ENST00000380152,missense_variant,gnomad_r4,GRCh38,,,,
BRCA2,BRCA2 p.Arg841Ser,Likely benign,"criteria provided, multiple submitters, no conflicts",1792567,NM_000059.4(BRCA2):c.2523A>T (p.Arg841Ser),"Mar 11, 2025",ClinVar,clinvar,clinvar_variant_summary,cohort,file,,,,,,,,,,,,,
BRCA2,BRCA2 p.Asn1098Tyr,Likely benign,"criteria provided, single submitter",1174597,NM_000059.4(BRCA2):c.3292A>T (p.Asn1098Tyr),"Mar 23, 2023",ClinVar,clinvar,clinvar_variant_summary,cohort,file,,,,,,,,,,,,,
BRCA2,BRCA2 p.Asn1201Ser,Likely benign,"criteria provided, single submitter",3261607,NM_000059.4(BRCA2):c.3602A>G (p.Asn1201Ser),"May 15, 2024",ClinVar,clinvar,clinvar_variant_summary,cohort,file,,,,,,,,,,,,,
BRCA2,BRCA2 p.Asn1288Asp,Likely benign,"criteria provided, single submitter",3825377,NM_000059.4(BRCA2):c.3862A>G (p.Asn1288Asp),"Feb 10, 2025",ClinVar,clinvar,clinvar_variant_summary,cohort,file,,,,,,,,,,,,,
BRCA2,BRCA2 p.Asn1296His,Likely benign,"criteria provided, single submitter",3482156,NM_000059.4(BRCA2):c.3886A>C (p.Asn1296His),"Nov 01, 2024",ClinVar,clinvar,clinvar_variant_summary,cohort,file,,,,,,,,,,,,,
BRCA2,BRCA2 p.Asn1363His,Likely benign,"criteria provided, multiple submitters, no conflicts",1737670,NM_000059.4(BRCA2):c.4087A>C (p.Asn1363His),"Jul 11, 2024",ClinVar,clinvar,clinvar_variant_summary,cohort,file,,,,,,,,,,,,,
BRCA2,BRCA2 p.Asn1377Ile,Likely benign,"criteria provided, single submitter",1285184,NM_000059.4(BRCA2):c.4130A>T (p.Asn1377Ile),"Mar 23, 2023",ClinVar,clinvar,clinvar_variant_summary,cohort,file,,,,,,,,,,,,,
BRCA2,BRCA2 p.Asn1473Ser,Likely benign,"criteria provided, single submitter",3992878,NM_000059.4(BRCA2):c.4418A>G (p.Asn1473Ser),"Jun 12, 2025",ClinVar,clinvar,clinvar_variant_summary,cohort,file,6.204851946027716e-07,1.0,1611642.0,1.4701990649533946e-05,13-32338773-A-G,ENST00000380152,missense_variant,gnomad_r4,GRCh38,,,,
BRCA2,BRCA2 p.Asn1603Lys,Likely benign,"criteria provided, multiple submitters, no conflicts",1743239,NM_000059.4(BRCA2):c.4809C>A (p.Asn1603Lys),"Mar 23, 2023",ClinVar,clinvar,clinvar_variant_summary,cohort,file,,,,,,,,,,,,,
BRCA2,BRCA2 p.Asn1718Asp,Likely benign,"criteria provided, single submitter",3227222,NM_000059.4(BRCA2):c.5152A>G (p.Asn1718Asp),"Feb 22, 2024",ClinVar,clinvar,clinvar_variant_summary,cohort,file,,,,,,,,,,,,,
BRCA2,BRCA2 p.Asn1747Ser,Likely benign,"criteria provided, single submitter",3992817,NM_000059.4(BRCA2):c.5240A>G (p.Asn1747Ser),"May 17, 2025",ClinVar,clinvar,clinvar_variant_summary,cohort,file,,,,,,,,,,,,,
BRCA2,BRCA2 p.Asn1766Lys,Likely benign,"criteria provided, single submitter",267224,NM_000059.4(BRCA2):c.5298T>A (p.Asn1766Lys),"Mar 23, 2023",ClinVar,clinvar,clinvar_variant_summary,cohort,file,,,,,,,,,,,,,
BRCA2,BRCA2 p.Asn1778Lys,Likely benign,"criteria provided, single submitter",1050653,NM_000059.4(BRCA2):c.5334T>A (p.Asn1778Lys),"Mar 23, 2023",ClinVar,clinvar,clinvar_variant_summary,cohort,file,,,,,,,,,,,,,
BRCA2,BRCA2 p.Asn1805Asp,Likely benign,"criteria provided, single submitter",433794,NM_000059.4(BRCA2):c.5413A>G (p.Asn1805Asp),"Mar 23, 2023",ClinVar,clinvar,clinvar_variant_summary,cohort,file,,,,,,,,,,,,,
BRCA2,BRCA2 p.Asn1935Ile,Likely benign,"criteria provided, single submitter",4215287,NM_000059.4(BRCA2):c.5804A>T (p.Asn1935Ile),"Jul 15, 2025",ClinVar,clinvar,clinvar_variant_summary,cohort,file,,,,,,,,,,,,,
BRCA2,BRCA2 p.Asn213Ser,Likely benign,"criteria provided, single submitter",3482150,NM_000059.4(BRCA2):c.638A>G (p.Asn213Ser),"Nov 12, 2024",ClinVar,clinvar,clinvar_variant_summary,cohort,file,,,,,,,,,,,,,
BRCA2,BRCA2 p.Asn2288Ser,Likely benign,"criteria provided, single submitter",1755849,NM_000059.4(BRCA2):c.6863A>G (p.Asn2288Ser),"May 04, 2021",ClinVar,clinvar,clinvar_variant_summary,cohort,file,,,,,,,,,,,,,
BRCA2,BRCA2 p.Asn235His,Likely benign,"criteria provided, single submitter",4683788,NM_000059.4(BRCA2):c.703A>C (p.Asn235His),"Dec 17, 2024",ClinVar,clinvar,clinvar_variant_summary,cohort,file,,,,,,,,,,,,,
BRCA2,BRCA2 p.Asn2374Ile,Likely benign,"criteria provided, single submitter",3774432,NM_000059.4(BRCA2):c.7121A>T (p.Asn2374Ile),"Nov 21, 2024",ClinVar,clinvar,clinvar_variant_summary,cohort,file,,,,,,,,,,,,,
BRCA2,BRCA2 p.Asn2452Tyr,Likely benign,"criteria provided, single submitter",3228404,NM_000059.4(BRCA2):c.7354A>T (p.Asn2452Tyr),"Jan 23, 2024",ClinVar,clinvar,clinvar_variant_summary,cohort,file,,,,,,,,,,,,,
BRCA2,BRCA2 p.Asn289Lys,Likely benign,"criteria provided, single submitter",4215289,NM_000059.4(BRCA2):c.867T>A (p.Asn289Lys),"Jul 07, 2025",ClinVar,clinvar,clinvar_variant_summary,cohort,file,,,,,,,,,,,,,
BRCA2,BRCA2 p.Asn2910Asp,Benign,"criteria provided, single submitter",1764459,NM_000059.4(BRCA2):c.8728A>G (p.Asn2910Asp),"May 19, 2025",ClinVar,clinvar,clinvar_variant_summary,cohort,file,6.195134341488195e-07,1.0,1614170.0,8.992821929535844e-07,13-32376765-A-G,ENST00000380152,missense_variant,gnomad_r4,GRCh38,,,,
BRCA2,BRCA2 p.Asn2910Ser,Benign,"criteria provided, single submitter",4629423,NM_000059.4(BRCA2):c.8729A>G (p.Asn2910Ser),"Dec 09, 2025",ClinVar,clinvar,clinvar_variant_summary,cohort,file,,,,,,,,,,,,,
BRCA2,BRCA2 p.Asn2931Thr,Benign,"criteria provided, single submitter",4215927,NM_000059.4(BRCA2):c.8792A>C (p.Asn2931Thr),"Sep 05, 2025",ClinVar,clinvar,clinvar_variant_summary,cohort,file,,,,,,,,,,,,,
BRCA2,BRCA2 p.Asn2937Thr,Benign,"criteria provided, single submitter",3261637,NM_000059.4(BRCA2):c.8810A>C (p.Asn2937Thr),"May 22, 2025",ClinVar,clinvar,clinvar_variant_summary,cohort,file,,,,,,,,,,,,,
BRCA2,BRCA2 p.Asn3024Asp,Benign,"criteria provided, single submitter",483008,NM_000059.4(BRCA2):c.9070A>G (p.Asn3024Asp),"May 23, 2025",ClinVar,clinvar,clinvar_variant_summary,cohort,file,,,,,,,,,,,,,
BRCA2,BRCA2 p.Asn3124His,Likely benign,"criteria provided, single submitter",823194,NM_000059.4(BRCA2):c.9370A>C (p.Asn3124His),"Jan 11, 2022",ClinVar,clinvar,clinvar_variant_summary,cohort,file,,,,,,,,,,3.951850258383839,,urn:mavedb:00001224-a-1,Scores from arrayed screen of BRCA2 homology directed repair function in VC-8 cells
BRCA2,BRCA2 p.Asn3174Lys,Benign,"criteria provided, single submitter",38245,NM_000059.4(BRCA2):c.9522T>A (p.Asn3174Lys),"May 23, 2025",ClinVar,clinvar,clinvar_variant_summary,cohort,file,,,,,,,,,,,,,
BRCA2,BRCA2 p.Asn3187Lys,Likely benign,"criteria provided, single submitter",142647,NM_000059.4(BRCA2):c.9561T>A (p.Asn3187Lys),"Jan 24, 2020",ClinVar,clinvar,clinvar_variant_summary,cohort,file,,,,,,,,,,4.60307051218178,,urn:mavedb:00001224-a-1,Scores from arrayed screen of BRCA2 homology directed repair function in VC-8 cells
BRCA2,BRCA2 p.Asn3337Asp,Likely benign,"criteria provided, single submitter",479287,NM_000059.4(BRCA2):c.10009A>G (p.Asn3337Asp),"Mar 17, 2016",ClinVar,clinvar,clinvar_variant_summary,cohort,file,,,,,,,,,,,,,
BRCA2,BRCA2 p.Asn3348Asp,Likely benign,"criteria provided, single submitter",3992795,NM_000059.4(BRCA2):c.10042A>G (p.Asn3348Asp),"May 08, 2025",ClinVar,clinvar,clinvar_variant_summary,cohort,file,,,,,,,,,,,,,
BRCA2,BRCA2 p.Asn361Asp,Likely benign,"criteria provided, single submitter",3261535,NM_000059.4(BRCA2):c.1081A>G (p.Asn361Asp),"May 30, 2024",ClinVar,clinvar,clinvar_variant_summary,cohort,file,1.240143955910402e-06,2.0,1612716.0,3.8349440098174566e-05,13-32332559-A-G,ENST00000380152,missense_variant,gnomad_r4,GRCh38,,,,
BRCA2,BRCA2 p.Asn369Ser,Likely benign,"criteria provided, single submitter",3256252,NM_000059.4(BRCA2):c.1106A>G (p.Asn369Ser),"Mar 04, 2025",ClinVar,clinvar,clinvar_variant_summary,cohort,file,,,,,,,,,,,,,
BRCA2,BRCA2 p.Asn433Lys,Likely benign,"criteria provided, single submitter",3261604,NM_000059.4(BRCA2):c.1299C>A (p.Asn433Lys),"Apr 29, 2024",ClinVar,clinvar,clinvar_variant_summary,cohort,file,1.2440379481335698e-06,2.0,1607668.0,0.0002075550020755,13-32332777-C-A,ENST00000380152,missense_variant,gnomad_r4,GRCh38,,,,
BRCA2,BRCA2 p.Asn560Asp,Likely benign,"criteria provided, single submitter",51173,NM_000059.4(BRCA2):c.1678A>G (p.Asn560Asp),"Mar 23, 2023",ClinVar,clinvar,clinvar_variant_summary,cohort,file,,,,,,,,,,,,,
BRCA2,BRCA2 p.Asn560Lys,Likely benign,"criteria provided, single submitter",3825385,NM_000059.4(BRCA2):c.1680T>G (p.Asn560Lys),"Dec 24, 2024",ClinVar,clinvar,clinvar_variant_summary,cohort,file,,,,,,,,,,,,,
BRCA2,BRCA2 p.Asn801Lys,Likely benign,"criteria provided, multiple submitters, no conflicts",485423,NM_000059.4(BRCA2):c.2403C>A (p.Asn801Lys),"Mar 23, 2023",ClinVar,clinvar,clinvar_variant_summary,cohort,file,,,,,,,,,,,,,
BRCA2,BRCA2 p.Asn818Lys,Likely benign,"criteria provided, single submitter",3482183,NM_000059.4(BRCA2):c.2454T>A (p.Asn818Lys),"Nov 25, 2024",ClinVar,clinvar,clinvar_variant_summary,cohort,file,,,,,,,,,,,,,
BRCA2,BRCA2 p.Asn856Lys,Likely benign,"criteria provided, multiple submitters, no conflicts",802928,NM_000059.4(BRCA2):c.2568T>A (p.Asn856Lys),"Mar 23, 2023",ClinVar,clinvar,clinvar_variant_summary,cohort,file,,,,,,,,,,,,,
BRCA2,BRCA2 p.Asp1199Gly,Likely benign,"criteria provided, single submitter",1050461,NM_000059.4(BRCA2):c.3596A>G (p.Asp1199Gly),"Mar 23, 2023",ClinVar,clinvar,clinvar_variant_summary,cohort,file,,,,,,,,,,,,,
BRCA2,BRCA2 p.Asp1267Asn,Likely benign,"criteria provided, single submitter",1050590,NM_000059.4(BRCA2):c.3799G>A (p.Asp1267Asn),"Mar 23, 2023",ClinVar,clinvar,clinvar_variant_summary,cohort,file,6.265507130147114e-07,1.0,1596040.0,1.2101556260135054e-05,13-32338154-G-A,ENST00000380152,missense_variant,gnomad_r4,GRCh38,,,,
BRCA2,BRCA2 p.Asp1360Val,Likely benign,"criteria provided, single submitter",433782,NM_000059.4(BRCA2):c.4079A>T (p.Asp1360Val),"Mar 23, 2023",ClinVar,clinvar,clinvar_variant_summary,cohort,file,1.2414834237133269e-06,2.0,1610976.0,1.8000471612356244e-06,13-32338434-A-T,ENST00000380152,missense_variant,gnomad_r4,GRCh38,,,,
BRCA2,BRCA2 p.Asp1420Gly,Likely benign,"criteria provided, single submitter",4215850,NM_000059.4(BRCA2):c.4259A>G (p.Asp1420Gly),"Jul 23, 2025",ClinVar,clinvar,clinvar_variant_summary,cohort,file,,,,,,,,,,,,,
BRCA2,BRCA2 p.Asp1547Asn,Likely benign,"criteria provided, single submitter",559989,NM_000059.4(BRCA2):c.4639G>A (p.Asp1547Asn),"Mar 23, 2023",ClinVar,clinvar,clinvar_variant_summary,cohort,file,,,,,,,,,,,,,
BRCA2,BRCA2 p.Asp156Glu,Likely benign,"criteria provided, single submitter",479347,NM_000059.4(BRCA2):c.468T>A (p.Asp156Glu),"Sep 02, 2016",ClinVar,clinvar,clinvar_variant_summary,cohort,file,6.214530566790046e-07,1.0,1609132.0,1.1620610314453717e-05,13-32326143-T-G,ENST00000380152,missense_variant,gnomad_r4,GRCh38,,,,
BRCA2,BRCA2 p.Asp1699Asn,Benign/Likely benign,"criteria provided, multiple submitters, no conflicts",37946,NM_000059.4(BRCA2):c.5095G>A (p.Asp1699Asn),"Jan 21, 2026",ClinVar,clinvar,clinvar_variant_summary,cohort,file,0.0002400139094675,381.0,1587408.0,0.0042944332332529,13-32339450-G-A,ENST00000380152,missense_variant,gnomad_r4,GRCh38,,,,
BRCA2,BRCA2 p.Asp1902Ala,Likely benign,no assertion criteria provided,2683822,NM_000059.4(BRCA2):c.5705A>C (p.Asp1902Ala),"Sep 01, 2023",ClinVar,clinvar,clinvar_variant_summary,cohort,file,,,,,,,,,,,,,
BRCA2,BRCA2 p.Asp1911Gly,Likely benign,"criteria provided, multiple submitters, no conflicts",142690,NM_000059.4(BRCA2):c.5732A>G (p.Asp1911Gly),"Sep 19, 2024",ClinVar,clinvar,clinvar_variant_summary,cohort,file,,,,,,,,,,,,,
BRCA2,BRCA2 p.Asp1911His,Likely benign,no assertion criteria provided,2683823,NM_000059.4(BRCA2):c.5731G>C (p.Asp1911His),"Sep 01, 2023",ClinVar,clinvar,clinvar_variant_summary,cohort,file,,,,,,,,,,,,,
BRCA2,BRCA2 p.Asp1911Val,Likely benign,"criteria provided, single submitter",41555,NM_000059.4(BRCA2):c.5732A>T (p.Asp1911Val),"Mar 23, 2023",ClinVar,clinvar,clinvar_variant_summary,cohort,file,,,,,,,,,,,,,
BRCA2,BRCA2 p.Asp23Tyr,Pathogenic/Likely pathogenic,"criteria provided, multiple submitters, no conflicts",52185,NM_000059.4(BRCA2):c.67G>T (p.Asp23Tyr),"Jun 17, 2021",ClinVar,clinvar,clinvar_variant_summary,cohort,file,,,,,,,,,,,,,
BRCA2,BRCA2 p.Asp2451Gly,Likely benign,"criteria provided, single submitter",1758457,NM_000059.4(BRCA2):c.7352A>G (p.Asp2451Gly),"May 03, 2024",ClinVar,clinvar,clinvar_variant_summary,cohort,file,1.239467623866197e-06,2.0,1613596.0,1.7993248933000335e-06,13-32355205-A-G,ENST00000380152,missense_variant,gnomad_r4,GRCh38,,,,
BRCA2,BRCA2 p.Asp2489His,Likely benign,"criteria provided, single submitter",3992762,NM_000059.4(BRCA2):c.7465G>C (p.Asp2489His),"Apr 02, 2025",ClinVar,clinvar,clinvar_variant_summary,cohort,file,,,,,,,,,,,,,
BRCA2,BRCA2 p.Asp2492Asn,Likely benign,"criteria provided, single submitter",3992698,NM_000059.4(BRCA2):c.7474G>A (p.Asp2492Asn),"May 27, 2025",ClinVar,clinvar,clinvar_variant_summary,cohort,file,,,,,,,,,,,,,
BRCA2,BRCA2 p.Asp2692Gly,Likely benign,"criteria provided, single submitter",2451547,NM_000059.4(BRCA2):c.8075A>G (p.Asp2692Gly),"May 19, 2025",ClinVar,clinvar,clinvar_variant_summary,cohort,file,,,,,,,,,,,,,
BRCA2,BRCA2 p.Asp2723Val,Pathogenic/Likely pathogenic,"criteria provided, multiple submitters, no conflicts",140975,NM_000059.4(BRCA2):c.8168A>T (p.Asp2723Val),"Jan 21, 2025",ClinVar,clinvar,clinvar_variant_summary,cohort,file,6.195165045391975e-07,1.0,1614162.0,8.992789581313703e-07,13-32363370-A-T,ENST00000380152,missense_variant,gnomad_r4,GRCh38,0.9766991913819824,,urn:mavedb:00001224-a-1,Scores from arrayed screen of BRCA2 homology directed repair function in VC-8 cells
BRCA2,BRCA2 p.Asp2797His,Likely benign,"criteria provided, single submitter",1763177,NM_000059.4(BRCA2):c.8389G>C (p.Asp2797His),"May 16, 2025",ClinVar,clinvar,clinvar_variant_summary,cohort,file,,,,,,,,,,,,,
BRCA2,BRCA2 p.Asp2811Asn,Likely benign,"criteria provided, single submitter",3229281,NM_000059.4(BRCA2):c.8431G>A (p.Asp2811Asn),"May 08, 2025",ClinVar,clinvar,clinvar_variant_summary,cohort,file,,,,,,,,,,,,,
BRCA2,BRCA2 p.Asp2983Gly,Likely benign,"criteria provided, single submitter",3992667,NM_000059.4(BRCA2):c.8948A>G (p.Asp2983Gly),"May 14, 2025",ClinVar,clinvar,clinvar_variant_summary,cohort,file,,,,,,,,,,,,,
BRCA2,BRCA2 p.Asp3064His,Likely benign,"criteria provided, single submitter",2586292,NM_000059.4(BRCA2):c.9190G>C (p.Asp3064His),"May 15, 2025",ClinVar,clinvar,clinvar_variant_summary,cohort,file,,,,,,,,,,,,,
BRCA2,BRCA2 p.Asp3095Glu,Pathogenic,"criteria provided, multiple submitters, no conflicts",52805,NM_000059.4(BRCA2):c.9285C>G (p.Asp3095Glu),"Feb 03, 2026",ClinVar,clinvar,clinvar_variant_summary,cohort,file,1.2395628805458043e-06,2.0,1613472.0,1.7990562151095537e-06,13-32394717-C-G,ENST00000380152,missense_variant,gnomad_r4,GRCh38,0.9480231256621984,,urn:mavedb:00001224-a-1,Scores from arrayed screen of BRCA2 homology directed repair function in VC-8 cells
BRCA2,BRCA2 p.Asp362His,Likely benign,"criteria provided, single submitter",4539145,NM_000059.4(BRCA2):c.1084G>C (p.Asp362His),"Dec 29, 2025",ClinVar,clinvar,clinvar_variant_summary,cohort,file,,,,,,,,,,,,,
BRCA2,BRCA2 p.Asp381Asn,Benign/Likely benign,"criteria provided, multiple submitters, no conflicts",91747,NM_000059.4(BRCA2):c.1141G>A (p.Asp381Asn),"Jan 14, 2026",ClinVar,clinvar,clinvar_variant_summary,cohort,file,1.8586324182666396e-05,30.0,1614090.0,0.0006261460709334,13-32332619-G-A,ENST00000380152,missense_variant,gnomad_r4,GRCh38,,,,
BRCA2,BRCA2 p.Asp427Glu,Benign/Likely benign,"criteria provided, multiple submitters, no conflicts",441324,NM_000059.4(BRCA2):c.1281C>G (p.Asp427Glu),"Jun 05, 2024",ClinVar,clinvar,clinvar_variant_summary,cohort,file,9.950211628563575e-06,16.0,1608124.0,0.0002075550020755,13-32332759-C-A,ENST00000380152,missense_variant,gnomad_r4,GRCh38,,,,
BRCA2,BRCA2 p.Asp438Val,Likely benign,"criteria provided, single submitter",1687144,NM_000059.4(BRCA2):c.1313A>T (p.Asp438Val),"Mar 23, 2023",ClinVar,clinvar,clinvar_variant_summary,cohort,file,,,,,,,,,,,,,
BRCA2,BRCA2 p.Asp559Asn,Likely benign,"criteria provided, multiple submitters, no conflicts",518255,NM_000059.4(BRCA2):c.1675G>A (p.Asp559Asn),"Mar 23, 2023",ClinVar,clinvar,clinvar_variant_summary,cohort,file,,,,,,,,,,,,,
BRCA2,BRCA2 p.Asp707Tyr,Likely benign,"criteria provided, single submitter",51245,NM_000059.4(BRCA2):c.2119G>T (p.Asp707Tyr),"Mar 23, 2023",ClinVar,clinvar,clinvar_variant_summary,cohort,file,,,,,,,,,,,,,
BRCA2,BRCA2 p.Asp935Asn,Benign/Likely benign,"criteria provided, multiple submitters, no conflicts",51349,NM_000059.4(BRCA2):c.2803G>A (p.Asp935Asn),"Feb 03, 2026",ClinVar,clinvar,clinvar_variant_summary,cohort,file,0.0011556388359091,1865.0,1613826.0,0.0015037891529313,13-32337158-G-A,ENST00000380152,missense_variant,gnomad_r4,GRCh38,,,,
BRCA2,BRCA2 p.Asp988Asn,Likely benign,"criteria provided, single submitter",1050363,NM_000059.4(BRCA2):c.2962G>A (p.Asp988Asn),"Mar 23, 2023",ClinVar,clinvar,clinvar_variant_summary,cohort,file,,,,,,,,,,,,,
BRCA2,BRCA2 p.Cys1044Trp,Likely benign,"criteria provided, single submitter",51402,NM_000059.4(BRCA2):c.3132T>G (p.Cys1044Trp),"Mar 23, 2023",ClinVar,clinvar,clinvar_variant_summary,cohort,file,,,,,,,,,,,,,
BRCA2,BRCA2 p.Cys1081Ser,Likely benign,"criteria provided, single submitter",3992836,NM_000059.4(BRCA2):c.3242G>C (p.Cys1081Ser),"May 18, 2025",ClinVar,clinvar,clinvar_variant_summary,cohort,file,6.270213601096535e-07,1.0,1594842.0,9.067876684131396e-07,13-32337596-T-A,ENST00000380152,missense_variant,gnomad_r4,GRCh38,,,,
BRCA2,BRCA2 p.Cys1573Tyr,Likely benign,"criteria provided, multiple submitters, no conflicts",51702,NM_000059.4(BRCA2):c.4718G>A (p.Cys1573Tyr),"Dec 23, 2025",ClinVar,clinvar,clinvar_variant_summary,cohort,file,4.956697055350197e-06,8.0,1613978.0,7.1949175102707445e-06,13-32339073-G-A,ENST00000380152,missense_variant,gnomad_r4,GRCh38,,,,
BRCA2,BRCA2 p.Cys1960Tyr,Benign/Likely benign,"criteria provided, multiple submitters, no conflicts",38003,NM_000059.4(BRCA2):c.5879G>A (p.Cys1960Tyr),"Jan 16, 2026",ClinVar,clinvar,clinvar_variant_summary,cohort,file,6.258248805665884e-05,101.0,1613870.0,0.0014720077220077,13-32340234-G-A,ENST00000380152,missense_variant,gnomad_r4,GRCh38,,,,
BRCA2,BRCA2 p.Cys2605Arg,Likely benign,"criteria provided, single submitter",3261630,NM_000059.4(BRCA2):c.7813T>C (p.Cys2605Arg),"May 19, 2025",ClinVar,clinvar,clinvar_variant_summary,cohort,file,,,,,,,,,,,,,
BRCA2,BRCA2 p.Cys315Ser,Benign/Likely benign,"criteria provided, multiple submitters, no conflicts",38241,NM_000059.4(BRCA2):c.943T>A (p.Cys315Ser),"Feb 03, 2026",ClinVar,clinvar,clinvar_variant_summary,cohort,file,8.860134297014323e-05,141.0,1591398.0,0.0050115651503469,13-32332421-T-A,ENST00000380152,missense_variant,gnomad_r4,GRCh38,,,,
BRCA2,BRCA2 p.Cys3173Phe,Likely benign,"criteria provided, single submitter",3825453,NM_000059.4(BRCA2):c.9518G>T (p.Cys3173Phe),"Jun 24, 2025",ClinVar,clinvar,clinvar_variant_summary,cohort,file,,,,,,,,,,,,,
BRCA2,BRCA2 p.Cys3304Trp,Likely benign,"criteria provided, single submitter",3482020,NM_000059.4(BRCA2):c.9912T>G (p.Cys3304Trp),"Jul 29, 2024",ClinVar,clinvar,clinvar_variant_summary,cohort,file,,,,,,,,,,,,,
BRCA2,BRCA2 p.Cys711Phe,Likely benign,"criteria provided, multiple submitters, no conflicts",1786435,NM_000059.4(BRCA2):c.2132G>T (p.Cys711Phe),"Mar 23, 2023",ClinVar,clinvar,clinvar_variant_summary,cohort,file,,,,,,,,,,,,,
BRCA2,BRCA2 p.Gln1089Glu,Likely benign,"criteria provided, single submitter",4215290,NM_000059.4(BRCA2):c.3265C>G (p.Gln1089Glu),"Jul 07, 2025",ClinVar,clinvar,clinvar_variant_summary,cohort,file,,,,,,,,,,,,,
BRCA2,BRCA2 p.Gln1396Glu,Likely benign,"criteria provided, single submitter",3482138,NM_000059.4(BRCA2):c.4186C>G (p.Gln1396Glu),"Oct 14, 2024",ClinVar,clinvar,clinvar_variant_summary,cohort,file,,,,,,,,,,,,,
BRCA2,BRCA2 p.Gln1507His,Likely benign,"criteria provided, multiple submitters, no conflicts",1671339,NM_000059.4(BRCA2):c.4521G>C (p.Gln1507His),"Jul 30, 2025",ClinVar,clinvar,clinvar_variant_summary,cohort,file,,,,,,,,,,,,,
BRCA2,BRCA2 p.Gln1562Arg,Likely benign,"criteria provided, single submitter",431192,NM_000059.4(BRCA2):c.4685A>G (p.Gln1562Arg),"Mar 23, 2023",ClinVar,clinvar,clinvar_variant_summary,cohort,file,,,,,,,,,,,,,
BRCA2,BRCA2 p.Gln2539Glu,Likely benign,"criteria provided, single submitter",3992753,NM_000059.4(BRCA2):c.7615C>G (p.Gln2539Glu),"Apr 09, 2025",ClinVar,clinvar,clinvar_variant_summary,cohort,file,,,,,,,,,,,,,
BRCA2,BRCA2 p.Gln2655Arg,Pathogenic/Likely pathogenic,"criteria provided, multiple submitters, no conflicts",52450,NM_000059.4(BRCA2):c.7964A>G (p.Gln2655Arg),"Dec 29, 2025",ClinVar,clinvar,clinvar_variant_summary,cohort,file,1.2390145869187318e-06,2.0,1614186.0,1.6559032952475575e-05,13-32362681-A-G,ENST00000380152,missense_variant,gnomad_r4,GRCh38,,,,
BRCA2,BRCA2 p.Gln2731His,Likely benign,"criteria provided, single submitter",827498,NM_000059.4(BRCA2):c.8193G>C (p.Gln2731His),"May 08, 2025",ClinVar,clinvar,clinvar_variant_summary,cohort,file,,,,,,,,,,,,,
BRCA2,BRCA2 p.Gln2749Glu,Likely benign,"criteria provided, single submitter",479309,NM_000059.4(BRCA2):c.8245C>G (p.Gln2749Glu),"May 08, 2025",ClinVar,clinvar,clinvar_variant_summary,cohort,file,,,,,,,,,,,,,
BRCA2,BRCA2 p.Gln2829Arg,Pathogenic/Likely pathogenic,"criteria provided, multiple submitters, no conflicts",38161,NM_000059.4(BRCA2):c.8486A>G (p.Gln2829Arg),"Jul 30, 2025",ClinVar,clinvar,clinvar_variant_summary,cohort,file,6.216253513737298e-07,1.0,1608686.0,9.03267298472033e-07,13-32370556-A-G,ENST00000380152,missense_variant,gnomad_r4,GRCh38,5.245691711184539,,urn:mavedb:00001224-a-1,Scores from arrayed screen of BRCA2 homology directed repair function in VC-8 cells
BRCA2,BRCA2 p.Gln2829His,Pathogenic,"criteria provided, single submitter",4687466,NM_000059.4(BRCA2):c.8487G>C (p.Gln2829His),"Oct 29, 2025",ClinVar,clinvar,clinvar_variant_summary,cohort,file,,,,,,,,,,,,,
BRCA2,BRCA2 p.Gln2829Pro,Likely pathogenic,"criteria provided, multiple submitters, no conflicts",1484629,NM_000059.4(BRCA2):c.8486A>C (p.Gln2829Pro),"Jan 26, 2026",ClinVar,clinvar,clinvar_variant_summary,cohort,file,,,,,,,,,,,,,
BRCA2,BRCA2 p.Gln2870Pro,Likely benign,"criteria provided, single submitter",3992662,NM_000059.4(BRCA2):c.8609A>C (p.Gln2870Pro),"Mar 25, 2025",ClinVar,clinvar,clinvar_variant_summary,cohort,file,,,,,,,,,,,,,
BRCA2,BRCA2 p.Gln2943Glu,Benign,"criteria provided, single submitter",3261570,NM_000059.4(BRCA2):c.8827C>G (p.Gln2943Glu),"May 22, 2025",ClinVar,clinvar,clinvar_variant_summary,cohort,file,,,,,,,,,,,,,
BRCA2,BRCA2 p.Gln2945Glu,Benign,"criteria provided, single submitter",1764821,NM_000059.4(BRCA2):c.8833C>G (p.Gln2945Glu),"May 22, 2025",ClinVar,clinvar,clinvar_variant_summary,cohort,file,,,,,,,,,,,,,
BRCA2,BRCA2 p.Gln2957His,Benign,"criteria provided, single submitter",232467,NM_000059.4(BRCA2):c.8871A>T (p.Gln2957His),"May 22, 2025",ClinVar,clinvar,clinvar_variant_summary,cohort,file,,,,,,,,,,,,,
BRCA2,BRCA2 p.Gln2960Glu,Likely benign,"criteria provided, single submitter",3261595,NM_000059.4(BRCA2):c.8878C>G (p.Gln2960Glu),"May 02, 2024",ClinVar,clinvar,clinvar_variant_summary,cohort,file,,,,,,,,,,,,,
BRCA2,BRCA2 p.Gln3037Leu,Likely benign,"criteria provided, single submitter",3992792,NM_000059.4(BRCA2):c.9110A>T (p.Gln3037Leu),"May 01, 2025",ClinVar,clinvar,clinvar_variant_summary,cohort,file,,,,,,,,,,,,,
BRCA2,BRCA2 p.Gln321His,Likely benign,"criteria provided, single submitter",125930,NM_000059.4(BRCA2):c.963A>C (p.Gln321His),"Mar 23, 2023",ClinVar,clinvar,clinvar_variant_summary,cohort,file,,,,,,,,,,,,,
BRCA2,BRCA2 p.Gln3394His,Likely benign,"criteria provided, single submitter",4215853,NM_000059.4(BRCA2):c.10182G>C (p.Gln3394His),"Jul 14, 2025",ClinVar,clinvar,clinvar_variant_summary,cohort,file,,,,,,,,,,,,,
BRCA2,BRCA2 p.Gln3409Pro,Likely benign,no assertion criteria provided,2683807,NM_000059.4(BRCA2):c.10226A>C (p.Gln3409Pro),"Sep 01, 2023",ClinVar,clinvar,clinvar_variant_summary,cohort,file,,,,,,,,,,,,,
BRCA2,BRCA2 p.Gln499Arg,Likely benign,"criteria provided, single submitter",51133,NM_000059.4(BRCA2):c.1496A>G (p.Gln499Arg),"Mar 23, 2023",ClinVar,clinvar,clinvar_variant_summary,cohort,file,,,,,,,,,,,,,
BRCA2,BRCA2 p.Gln548Lys,Likely benign,"criteria provided, single submitter",3992799,NM_000059.4(BRCA2):c.1642C>A (p.Gln548Lys),"Apr 30, 2025",ClinVar,clinvar,clinvar_variant_summary,cohort,file,,,,,,,,,,,,,
BRCA2,BRCA2 p.Gln713Leu,Benign/Likely benign,"criteria provided, multiple submitters, no conflicts",51249,NM_000059.4(BRCA2):c.2138A>T (p.Gln713Leu),"Feb 03, 2026",ClinVar,clinvar,clinvar_variant_summary,cohort,file,0.0002242677533946,362.0,1614142.0,0.0046407617581994,13-32336493-A-T,ENST00000380152,missense_variant,gnomad_r4,GRCh38,,,,
BRCA2,BRCA2 p.Gln713Pro,Likely benign,"criteria provided, single submitter",156490,NM_000059.4(BRCA2):c.2138A>C (p.Gln713Pro),"Mar 23, 2023",ClinVar,clinvar,clinvar_variant_summary,cohort,file,,,,,,,,,,,,,
BRCA2,BRCA2 p.Glu1320Gly,Likely benign,"criteria provided, single submitter",3226569,NM_000059.4(BRCA2):c.3959A>G (p.Glu1320Gly),"Jan 19, 2024",ClinVar,clinvar,clinvar_variant_summary,cohort,file,0.0,0.0,1585252.0,0.0,13-32338314-A-G,ENST00000380152,missense_variant,gnomad_r4,GRCh38,,,,
BRCA2,BRCA2 p.Glu1353Asp,Likely benign,"criteria provided, multiple submitters, no conflicts",1710049,NM_000059.4(BRCA2):c.4059A>C (p.Glu1353Asp),"Feb 09, 2024",ClinVar,clinvar,clinvar_variant_summary,cohort,file,,,,,,,,,,,,,
BRCA2,BRCA2 p.Glu1407Gln,Likely benign,"criteria provided, single submitter",4215910,NM_000059.4(BRCA2):c.4219G>C (p.Glu1407Gln),"Aug 18, 2025",ClinVar,clinvar,clinvar_variant_summary,cohort,file,,,,,,,,,,,,,
BRCA2,BRCA2 p.Glu1481Gly,Likely benign,"criteria provided, single submitter",3482136,NM_000059.4(BRCA2):c.4442A>G (p.Glu1481Gly),"Oct 29, 2024",ClinVar,clinvar,clinvar_variant_summary,cohort,file,,,,,,,,,,,,,
BRCA2,BRCA2 p.Glu1780Gly,Likely benign,"criteria provided, single submitter",4628997,NM_000059.4(BRCA2):c.5339A>G (p.Glu1780Gly),"Nov 04, 2025",ClinVar,clinvar,clinvar_variant_summary,cohort,file,,,,,,,,,,,,,
BRCA2,BRCA2 p.Glu1895Gln,Likely benign,"criteria provided, single submitter",51909,NM_000059.4(BRCA2):c.5683G>C (p.Glu1895Gln),"Mar 23, 2023",ClinVar,clinvar,clinvar_variant_summary,cohort,file,,,,,,,,,,,,,
BRCA2,BRCA2 p.Glu1928Gln,Likely benign,"criteria provided, multiple submitters, no conflicts",1749615,NM_000059.4(BRCA2):c.5782G>C (p.Glu1928Gln),"Mar 23, 2023",ClinVar,clinvar,clinvar_variant_summary,cohort,file,,,,,,,,,,,,,
BRCA2,BRCA2 p.Glu218Ala,Likely benign,"criteria provided, single submitter",1754091,NM_000059.4(BRCA2):c.653A>C (p.Glu218Ala),"Oct 04, 2017",ClinVar,clinvar,clinvar_variant_summary,cohort,file,,,,,,,,,,,,,
BRCA2,BRCA2 p.Glu2475Lys,Likely benign,"criteria provided, single submitter",4215922,NM_000059.4(BRCA2):c.7423G>A (p.Glu2475Lys),"Sep 05, 2025",ClinVar,clinvar,clinvar_variant_summary,cohort,file,,,,,,,,,,,,,
BRCA2,BRCA2 p.Glu254Asp,Likely benign,"criteria provided, single submitter",3228790,NM_000059.4(BRCA2):c.762A>T (p.Glu254Asp),"Nov 15, 2023",ClinVar,clinvar,clinvar_variant_summary,cohort,file,,,,,,,,,,,,,
BRCA2,BRCA2 p.Glu2558Ala,Likely benign,"criteria provided, single submitter",3228853,NM_000059.4(BRCA2):c.7673A>C (p.Glu2558Ala),"May 05, 2025",ClinVar,clinvar,clinvar_variant_summary,cohort,file,,,,,,,,,,,,,
BRCA2,BRCA2 p.Glu2635Asp,Likely benign,"criteria provided, single submitter",4215892,NM_000059.4(BRCA2):c.7905A>C (p.Glu2635Asp),"Aug 18, 2025",ClinVar,clinvar,clinvar_variant_summary,cohort,file,,,,,,,,,,,,,
BRCA2,BRCA2 p.Glu2663Lys,Pathogenic/Likely pathogenic,"criteria provided, multiple submitters, no conflicts",52461,NM_000059.4(BRCA2):c.7987G>A (p.Glu2663Lys),"Sep 09, 2025",ClinVar,clinvar,clinvar_variant_summary,cohort,file,6.197668437133951e-07,1.0,1613510.0,8.994196944131647e-07,13-32363189-G-A,ENST00000380152,missense_variant,gnomad_r4,GRCh38,0.8255975784070837,,urn:mavedb:00001224-a-1,Scores from arrayed screen of BRCA2 homology directed repair function in VC-8 cells
BRCA2,BRCA2 p.Glu2757Val,Likely benign,"criteria provided, single submitter",3229226,NM_000059.4(BRCA2):c.8270A>T (p.Glu2757Val),"May 08, 2025",ClinVar,clinvar,clinvar_variant_summary,cohort,file,,,,,,,,,,4.6143577455838685,,urn:mavedb:00001224-a-1,Scores from arrayed screen of BRCA2 homology directed repair function in VC-8 cells
BRCA2,BRCA2 p.Glu2772Val,Likely benign,"criteria provided, single submitter",479321,NM_000059.4(BRCA2):c.8315A>T (p.Glu2772Val),"May 08, 2025",ClinVar,clinvar,clinvar_variant_summary,cohort,file,,,,,,,,,,,,,
BRCA2,BRCA2 p.Glu2832Lys,Likely benign,"criteria provided, single submitter",1763584,NM_000059.4(BRCA2):c.8494G>A (p.Glu2832Lys),"May 15, 2025",ClinVar,clinvar,clinvar_variant_summary,cohort,file,,,,,,,,,,,,,
BRCA2,BRCA2 p.Glu2850Ala,Likely benign,"criteria provided, single submitter",4629247,NM_000059.4(BRCA2):c.8549A>C (p.Glu2850Ala),"Nov 19, 2025",ClinVar,clinvar,clinvar_variant_summary,cohort,file,,,,,,,,,,,,,
BRCA2,BRCA2 p.Glu2856Gly,Benign,"criteria provided, single submitter",4626202,NM_000059.4(BRCA2):c.8567A>G (p.Glu2856Gly),"Nov 12, 2025",ClinVar,clinvar,clinvar_variant_summary,cohort,file,,,,,,,,,,,,,
BRCA2,BRCA2 p.Glu2871Asp,Benign,"criteria provided, single submitter",1764043,NM_000059.4(BRCA2):c.8613G>C (p.Glu2871Asp),"May 16, 2025",ClinVar,clinvar,clinvar_variant_summary,cohort,file,,,,,,,,,,,,,
BRCA2,BRCA2 p.Glu2875Asp,Benign,"criteria provided, single submitter",822609,NM_000059.4(BRCA2):c.8625A>C (p.Glu2875Asp),"May 19, 2025",ClinVar,clinvar,clinvar_variant_summary,cohort,file,,,,,,,,,,,,,
BRCA2,BRCA2 p.Glu2878Lys,Pathogenic/Likely pathogenic,"criteria provided, multiple submitters, no conflicts",91730,NM_000059.4(BRCA2):c.8632G>A (p.Glu2878Lys),"Sep 17, 2025",ClinVar,clinvar,clinvar_variant_summary,cohort,file,,,,,,,,,,4.870913373548653,,urn:mavedb:00001224-a-1,Scores from arrayed screen of BRCA2 homology directed repair function in VC-8 cells
BRCA2,BRCA2 p.Glu2903Gln,Likely benign,"criteria provided, single submitter",3229407,NM_000059.4(BRCA2):c.8707G>C (p.Glu2903Gln),"May 15, 2025",ClinVar,clinvar,clinvar_variant_summary,cohort,file,,,,,,,,,,,,,
BRCA2,BRCA2 p.Glu2903Lys,Likely benign,"criteria provided, single submitter",2451481,NM_000059.4(BRCA2):c.8707G>A (p.Glu2903Lys),"May 15, 2025",ClinVar,clinvar,clinvar_variant_summary,cohort,file,,,,,,,,,,,,,
BRCA2,BRCA2 p.Glu2918Asp,Likely pathogenic,"criteria provided, single submitter",4071408,NM_000059.4(BRCA2):c.8754G>C (p.Glu2918Asp),"Jun 12, 2025",ClinVar,clinvar,clinvar_variant_summary,cohort,file,,,,,,,,,,,,,
BRCA2,BRCA2 p.Glu2947Lys,Likely benign,"criteria provided, multiple submitters, no conflicts",1651000,NM_000059.4(BRCA2):c.8839G>A (p.Glu2947Lys),"May 15, 2025",ClinVar,clinvar,clinvar_variant_summary,cohort,file,,,,,,,,,,4.889608253299843,,urn:mavedb:00001224-a-1,Scores from arrayed screen of BRCA2 homology directed repair function in VC-8 cells
BRCA2,BRCA2 p.Glu2981Val,Likely benign,"criteria provided, single submitter",4215273,NM_000059.4(BRCA2):c.8942A>T (p.Glu2981Val),"Jun 23, 2025",ClinVar,clinvar,clinvar_variant_summary,cohort,file,,,,,,,,,,,,,
BRCA2,BRCA2 p.Glu3002Lys,Pathogenic/Likely pathogenic,"criteria provided, multiple submitters, no conflicts",38201,NM_000059.4(BRCA2):c.9004G>A (p.Glu3002Lys),"Dec 29, 2025",ClinVar,clinvar,clinvar_variant_summary,cohort,file,1.8606289670160104e-06,3.0,1612358.0,2.7016317855985013e-06,13-32379800-G-A,ENST00000380152,missense_variant,gnomad_r4,GRCh38,1.0743218432235364,,urn:mavedb:00001224-a-1,Scores from arrayed screen of BRCA2 homology directed repair function in VC-8 cells
BRCA2,BRCA2 p.Glu3043Asp,Likely benign,"criteria provided, single submitter",1765893,NM_000059.4(BRCA2):c.9129A>T (p.Glu3043Asp),"May 15, 2025",ClinVar,clinvar,clinvar_variant_summary,cohort,file,,,,,,,,,,,,,
BRCA2,BRCA2 p.Glu3096Gln,Likely benign,"criteria provided, single submitter",1766432,NM_000059.4(BRCA2):c.9286G>C (p.Glu3096Gln),"May 15, 2025",ClinVar,clinvar,clinvar_variant_summary,cohort,file,,,,,,,,,,,,,
BRCA2,BRCA2 p.Glu3130Lys,Likely benign,"criteria provided, single submitter",3481999,NM_000059.4(BRCA2):c.9388G>A (p.Glu3130Lys),"May 16, 2025",ClinVar,clinvar,clinvar_variant_summary,cohort,file,,,,,,,,,,,,,
BRCA2,BRCA2 p.Glu3130Val,Likely benign,"criteria provided, single submitter",1766756,NM_000059.4(BRCA2):c.9389A>T (p.Glu3130Val),"May 16, 2025",ClinVar,clinvar,clinvar_variant_summary,cohort,file,,,,,,,,,,,,,
BRCA2,BRCA2 p.Glu3157Gly,Likely benign,"criteria provided, single submitter",3261517,NM_000059.4(BRCA2):c.9470A>G (p.Glu3157Gly),"May 16, 2025",ClinVar,clinvar,clinvar_variant_summary,cohort,file,,,,,,,,,,,,,
BRCA2,BRCA2 p.Glu3258Lys,Likely benign,"criteria provided, single submitter",4215874,NM_000059.4(BRCA2):c.9772G>A (p.Glu3258Lys),"Jul 31, 2025",ClinVar,clinvar,clinvar_variant_summary,cohort,file,,,,,,,,,,,,,
BRCA2,BRCA2 p.Glu3367Asp,Likely benign,"criteria provided, single submitter",2566046,NM_000059.4(BRCA2):c.10101A>C (p.Glu3367Asp),"Jun 12, 2023",ClinVar,clinvar,clinvar_variant_summary,cohort,file,,,,,,,,,,,,,
BRCA2,BRCA2 p.Glu3403Gln,Likely benign,"criteria provided, single submitter",1757403,NM_000059.4(BRCA2):c.10207G>C (p.Glu3403Gln),"May 09, 2025",ClinVar,clinvar,clinvar_variant_summary,cohort,file,,,,,,,,,,,,,
BRCA2,BRCA2 p.Glu377Gln,Likely benign,"criteria provided, single submitter",417620,NM_000059.4(BRCA2):c.1129G>C (p.Glu377Gln),"Mar 23, 2023",ClinVar,clinvar,clinvar_variant_summary,cohort,file,,,,,,,,,,,,,
BRCA2,BRCA2 p.Glu984Lys,Likely benign,"criteria provided, single submitter",3992681,NM_000059.4(BRCA2):c.2950G>A (p.Glu984Lys),"Apr 30, 2025",ClinVar,clinvar,clinvar_variant_summary,cohort,file,,,,,,,,,,,,,
BRCA2,BRCA2 p.Gly1376Arg,Likely benign,"criteria provided, single submitter",3765271,NM_000059.4(BRCA2):c.4126G>C (p.Gly1376Arg),"Mar 04, 2025",ClinVar,clinvar,clinvar_variant_summary,cohort,file,1.243485689344944e-06,2.0,1608382.0,1.8013733670550428e-06,13-32338481-G-C,ENST00000380152,missense_variant,gnomad_r4,GRCh38,,,,
BRCA2,BRCA2 p.Gly1508Val,Likely benign,"criteria provided, single submitter",3765272,NM_000059.4(BRCA2):c.4523G>T (p.Gly1508Val),"Mar 04, 2025",ClinVar,clinvar,clinvar_variant_summary,cohort,file,,,,,,,,,,,,,
BRCA2,BRCA2 p.Gly1696Val,Pathogenic,no assertion criteria provided,431311,NM_000059.4(BRCA2):c.5087G>T (p.Gly1696Val),"Jan 31, 2014",ClinVar,clinvar,clinvar_variant_summary,cohort,file,1.2586960161012394e-06,2.0,1588946.0,2.457062827096489e-05,13-32339442-G-T,ENST00000380152,missense_variant,gnomad_r4,GRCh38,,,,
BRCA2,BRCA2 p.Gly173Arg,Pathogenic/Likely pathogenic,"criteria provided, multiple submitters, no conflicts",182177,NM_000059.4(BRCA2):c.517G>C (p.Gly173Arg),"Jan 05, 2026",ClinVar,clinvar,clinvar_variant_summary,cohort,file,6.24254795837469e-07,1.0,1601910.0,9.082916124719336e-07,13-32326499-G-C,ENST00000380152,missense_variant,gnomad_r4,GRCh38,,,,
BRCA2,BRCA2 p.Gly2063Lys,Likely benign,"criteria provided, single submitter",2443084,NM_000059.4(BRCA2):c.6187_6188delinsAA (p.Gly2063Lys),"Mar 23, 2023",ClinVar,clinvar,clinvar_variant_summary,cohort,file,,,,,,,,,,,,,
BRCA2,BRCA2 p.Gly2168Ala,Likely benign,"criteria provided, single submitter",433806,NM_000059.4(BRCA2):c.6503G>C (p.Gly2168Ala),"Mar 23, 2023",ClinVar,clinvar,clinvar_variant_summary,cohort,file,,,,,,,,,,,,,
BRCA2,BRCA2 p.Gly2181Arg,Likely benign,"criteria provided, multiple submitters, no conflicts",387276,NM_000059.4(BRCA2):c.6541G>A (p.Gly2181Arg),"Mar 23, 2023",ClinVar,clinvar,clinvar_variant_summary,cohort,file,7.466902952662324e-06,12.0,1607092.0,0.0001688781664656,13-32340896-G-C,ENST00000380152,missense_variant,gnomad_r4,GRCh38,,,,
BRCA2,BRCA2 p.Gly2195Ser,Likely benign,"criteria provided, multiple submitters, no conflicts",802940,NM_000059.4(BRCA2):c.6583G>A (p.Gly2195Ser),"Mar 23, 2023",ClinVar,clinvar,clinvar_variant_summary,cohort,file,,,,,,,,,,,,,
BRCA2,BRCA2 p.Gly2529Arg,Likely benign,"criteria provided, single submitter",1759631,NM_000059.4(BRCA2):c.7585G>C (p.Gly2529Arg),"Apr 29, 2025",ClinVar,clinvar,clinvar_variant_summary,cohort,file,,,,,,,,,,,,,
BRCA2,BRCA2 p.Gly2529Val,Likely benign,"criteria provided, single submitter",3825450,NM_000059.4(BRCA2):c.7586G>T (p.Gly2529Val),"Jun 24, 2025",ClinVar,clinvar,clinvar_variant_summary,cohort,file,,,,,,,,,,,,,
BRCA2,BRCA2 p.Gly2596Arg,Likely pathogenic,"criteria provided, single submitter",995946,NM_000059.4(BRCA2):c.7786G>C (p.Gly2596Arg),"Nov 19, 2018",ClinVar,clinvar,clinvar_variant_summary,cohort,file,4.337195916096325e-06,7.0,1613946.0,6.295564145503079e-06,13-32357910-G-A,ENST00000380152,missense_variant,gnomad_r4,GRCh38,1.2806164789499668,,urn:mavedb:00001224-a-1,Scores from arrayed screen of BRCA2 homology directed repair function in VC-8 cells
BRCA2,BRCA2 p.Gly2609Asp,Pathogenic/Likely pathogenic,"criteria provided, multiple submitters, no conflicts",52423,NM_000059.4(BRCA2):c.7826G>A (p.Gly2609Asp),"Nov 17, 2025",ClinVar,clinvar,clinvar_variant_summary,cohort,file,6.196193802071264e-07,1.0,1613894.0,8.994261661060243e-07,13-32362543-G-A,ENST00000380152,missense_variant,gnomad_r4,GRCh38,1.756632227595914,,urn:mavedb:00001224-a-1,Scores from arrayed screen of BRCA2 homology directed repair function in VC-8 cells
BRCA2,BRCA2 p.Gly2724Arg,Likely pathogenic,"criteria provided, single submitter",2058629,NM_000059.4(BRCA2):c.8170G>A (p.Gly2724Arg),"Apr 29, 2022",ClinVar,clinvar,clinvar_variant_summary,cohort,file,,,,,,,,,,,,,
BRCA2,BRCA2 p.Gly2724Trp,Likely pathogenic,"criteria provided, single submitter",381831,NM_000059.4(BRCA2):c.8170G>T (p.Gly2724Trp),"Jun 09, 2017",ClinVar,clinvar,clinvar_variant_summary,cohort,file,6.195272511451961e-07,1.0,1614134.0,1.1593396401409756e-05,13-32363372-G-T,ENST00000380152,missense_variant,gnomad_r4,GRCh38,1.117879068251608,,urn:mavedb:00001224-a-1,Scores from arrayed screen of BRCA2 homology directed repair function in VC-8 cells
BRCA2,BRCA2 p.Gly2724Val,Likely pathogenic,"criteria provided, multiple submitters, no conflicts",52517,NM_000059.4(BRCA2):c.8171G>T (p.Gly2724Val),"Nov 10, 2022",ClinVar,clinvar,clinvar_variant_summary,cohort,file,,,,,,,,,,1.065907898910376,,urn:mavedb:00001224-a-1,Scores from arrayed screen of BRCA2 homology directed repair function in VC-8 cells
BRCA2,BRCA2 p.Gly2743Cys,Likely benign,"criteria provided, single submitter",827523,NM_000059.4(BRCA2):c.8227G>T (p.Gly2743Cys),"Jan 09, 2022",ClinVar,clinvar,clinvar_variant_summary,cohort,file,,,,,,,,,,3.594574869536457,,urn:mavedb:00001224-a-1,Scores from arrayed screen of BRCA2 homology directed repair function in VC-8 cells
BRCA2,BRCA2 p.Gly2793Arg,Pathogenic/Likely pathogenic,"criteria provided, multiple submitters, no conflicts",52569,NM_000059.4(BRCA2):c.8377G>A (p.Gly2793Arg),"Jan 19, 2026",ClinVar,clinvar,clinvar_variant_summary,cohort,file,1.239304799579628e-06,2.0,1613808.0,4.471871925588051e-05,13-32370447-G-A,ENST00000380152,missense_variant,gnomad_r4,GRCh38,1.178807693797724,,urn:mavedb:00001224-a-1,Scores from arrayed screen of BRCA2 homology directed repair function in VC-8 cells
BRCA2,BRCA2 p.Gly2793Glu,Pathogenic/Likely pathogenic,"criteria provided, multiple submitters, no conflicts",38157,NM_000059.4(BRCA2):c.8378G>A (p.Gly2793Glu),"Oct 17, 2025",ClinVar,clinvar,clinvar_variant_summary,cohort,file,6.196132374172042e-07,1.0,1613910.0,1.6557387906483872e-05,13-32370448-G-A,ENST00000380152,missense_variant,gnomad_r4,GRCh38,1.0869008509239952,,urn:mavedb:00001224-a-1,Scores from arrayed screen of BRCA2 homology directed repair function in VC-8 cells
BRCA2,BRCA2 p.Gly3076Arg,Likely pathogenic,"criteria provided, single submitter",1487627,NM_000059.4(BRCA2):c.9226G>A (p.Gly3076Arg),"Nov 29, 2022",ClinVar,clinvar,clinvar_variant_summary,cohort,file,6.196846548728283e-07,1.0,1613724.0,2.238438465326588e-05,13-32380115-G-A,ENST00000380152,missense_variant,gnomad_r4,GRCh38,1.0337743358863785,,urn:mavedb:00001224-a-1,Scores from arrayed screen of BRCA2 homology directed repair function in VC-8 cells
BRCA2,BRCA2 p.Gly3141Arg,Likely benign,"criteria provided, single submitter",4215896,NM_000059.4(BRCA2):c.9421G>C (p.Gly3141Arg),"Aug 20, 2025",ClinVar,clinvar,clinvar_variant_summary,cohort,file,,,,,,,,,,,,,
BRCA2,BRCA2 p.Gly3212Arg,Benign/Likely benign,"criteria provided, multiple submitters, no conflicts",38257,NM_000059.4(BRCA2):c.9634G>C (p.Gly3212Arg),"Feb 03, 2026",ClinVar,clinvar,clinvar_variant_summary,cohort,file,0.0002311014182068,373.0,1614012.0,0.0047417320560342,13-32397030-G-C,ENST00000380152,missense_variant,gnomad_r4,GRCh38,,,,
BRCA2,BRCA2 p.His1467Leu,Likely benign,"criteria provided, single submitter",4629355,NM_000059.4(BRCA2):c.4400A>T (p.His1467Leu),"Nov 24, 2025",ClinVar,clinvar,clinvar_variant_summary,cohort,file,6.220127836067287e-07,1.0,1607684.0,3.000660145231951e-05,13-32338755-A-T,ENST00000380152,missense_variant,gnomad_r4,GRCh38,,,,
BRCA2,BRCA2 p.His179Arg,Likely benign,"criteria provided, single submitter",3261634,NM_000059.4(BRCA2):c.536A>G (p.His179Arg),"Jun 05, 2024",ClinVar,clinvar,clinvar_variant_summary,cohort,file,5.578074448700309e-06,9.0,1613460.0,0.0004139072847682,13-32326518-A-G,ENST00000380152,missense_variant,gnomad_r4,GRCh38,,,,
BRCA2,BRCA2 p.His1856Cys,Pathogenic,no assertion criteria provided,1012159,NM_000059.4(BRCA2):c.5566_5567inv (p.His1856Cys),-,ClinVar,clinvar,clinvar_variant_summary,cohort,file,,,,,,,,,,,,,
BRCA2,BRCA2 p.His2178Tyr,Likely benign,"criteria provided, single submitter",52124,NM_000059.4(BRCA2):c.6532C>T (p.His2178Tyr),"Mar 23, 2023",ClinVar,clinvar,clinvar_variant_summary,cohort,file,,,,,,,,,,,,,
BRCA2,BRCA2 p.His2548Asn,Benign,"criteria provided, single submitter",3992855,NM_000059.4(BRCA2):c.7642C>A (p.His2548Asn),"Jun 09, 2025",ClinVar,clinvar,clinvar_variant_summary,cohort,file,,,,,,,,,,,,,
BRCA2,BRCA2 p.His2623Arg,Pathogenic/Likely pathogenic,"criteria provided, multiple submitters, no conflicts",38123,NM_000059.4(BRCA2):c.7868A>G (p.His2623Arg),"Oct 02, 2025",ClinVar,clinvar,clinvar_variant_summary,cohort,file,6.195249482696668e-07,1.0,1614140.0,8.993177775339627e-07,13-32362585-A-G,ENST00000380152,missense_variant,gnomad_r4,GRCh38,0.8321223620832527,,urn:mavedb:00001224-a-1,Scores from arrayed screen of BRCA2 homology directed repair function in VC-8 cells
BRCA2,BRCA2 p.His2623Pro,Likely pathogenic,"criteria provided, single submitter",2130148,NM_000059.4(BRCA2):c.7868A>C (p.His2623Pro),"Mar 27, 2025",ClinVar,clinvar,clinvar_variant_summary,cohort,file,,,,,,,,,,,,,
BRCA2,BRCA2 p.His2623Tyr,Likely pathogenic,"criteria provided, multiple submitters, no conflicts",573433,NM_000059.4(BRCA2):c.7867C>T (p.His2623Tyr),"Nov 30, 2023",ClinVar,clinvar,clinvar_variant_summary,cohort,file,,,,,,,,,,1.154007798579722,,urn:mavedb:00001224-a-1,Scores from arrayed screen of BRCA2 homology directed repair function in VC-8 cells
BRCA2,BRCA2 p.His3056Pro,Likely benign,"criteria provided, single submitter",1766018,NM_000059.4(BRCA2):c.9167A>C (p.His3056Pro),"May 15, 2025",ClinVar,clinvar,clinvar_variant_summary,cohort,file,,,,,,,,,,,,,
BRCA2,BRCA2 p.His962Tyr,Likely benign,"criteria provided, multiple submitters, no conflicts",462280,NM_000059.4(BRCA2):c.2884C>T (p.His962Tyr),"Aug 14, 2025",ClinVar,clinvar,clinvar_variant_summary,cohort,file,2.482273464620777e-05,40.0,1611426.0,0.0005999025158411,13-32337239-C-T,ENST00000380152,missense_variant,gnomad_r4,GRCh38,,,,
BRCA2,BRCA2 p.Ile1173Met,Likely benign,no assertion criteria provided,2683818,NM_000059.4(BRCA2):c.3519T>G (p.Ile1173Met),"Sep 01, 2023",ClinVar,clinvar,clinvar_variant_summary,cohort,file,6.195379981240389e-07,1.0,1614106.0,1.1593396401409756e-05,13-32337874-T-G,ENST00000380152,missense_variant,gnomad_r4,GRCh38,,,,
BRCA2,BRCA2 p.Ile1258Arg,Likely benign,"criteria provided, multiple submitters, no conflicts",531276,NM_000059.4(BRCA2):c.3773T>G (p.Ile1258Arg),"Mar 23, 2023",ClinVar,clinvar,clinvar_variant_summary,cohort,file,,,,,,,,,,,,,
BRCA2,BRCA2 p.Ile1275Val,Likely benign,"criteria provided, single submitter",3226456,NM_000059.4(BRCA2):c.3823A>G (p.Ile1275Val),"Dec 15, 2023",ClinVar,clinvar,clinvar_variant_summary,cohort,file,,,,,,,,,,,,,
BRCA2,BRCA2 p.Ile1556Thr,Likely benign,"criteria provided, single submitter",4215863,NM_000059.4(BRCA2):c.4667T>C (p.Ile1556Thr),"Jul 18, 2025",ClinVar,clinvar,clinvar_variant_summary,cohort,file,,,,,,,,,,,,,
BRCA2,BRCA2 p.Ile1607Asn,Likely benign,"criteria provided, single submitter",3992790,NM_000059.4(BRCA2):c.4820T>A (p.Ile1607Asn),"Apr 21, 2025",ClinVar,clinvar,clinvar_variant_summary,cohort,file,,,,,,,,,,,,,
BRCA2,BRCA2 p.Ile1724Val,Benign/Likely benign,"criteria provided, multiple submitters, no conflicts",96817,NM_000059.4(BRCA2):c.5170A>G (p.Ile1724Val),"Jan 28, 2026",ClinVar,clinvar,clinvar_variant_summary,cohort,file,3.49258262764454e-05,56.0,1603398.0,0.0007233447461059,13-32339525-A-G,ENST00000380152,missense_variant,gnomad_r4,GRCh38,,,,
BRCA2,BRCA2 p.Ile1945Val,Likely benign,"criteria provided, single submitter",3825442,NM_000059.4(BRCA2):c.5833A>G (p.Ile1945Val),"Feb 19, 2025",ClinVar,clinvar,clinvar_variant_summary,cohort,file,,,,,,,,,,,,,
BRCA2,BRCA2 p.Ile2315Leu,Benign,"criteria provided, single submitter",2000815,NM_000059.4(BRCA2):c.6943A>T (p.Ile2315Leu),"May 31, 2022",ClinVar,clinvar,clinvar_variant_summary,cohort,file,2.2406257818850384e-05,36.0,1606694.0,9.51873286628084e-05,13-32346832-A-C,ENST00000380152,missense_variant,gnomad_r4,GRCh38,,,,
BRCA2,BRCA2 p.Ile2495Val,Likely benign,"criteria provided, single submitter",3261515,NM_000059.4(BRCA2):c.7483A>G (p.Ile2495Val),"Apr 25, 2025",ClinVar,clinvar,clinvar_variant_summary,cohort,file,,,,,,,,,,,,,
BRCA2,BRCA2 p.Ile2588Leu,Likely benign,"criteria provided, single submitter",1760509,NM_000059.4(BRCA2):c.7762A>C (p.Ile2588Leu),"May 19, 2025",ClinVar,clinvar,clinvar_variant_summary,cohort,file,,,,,,,,,,,,,
BRCA2,BRCA2 p.Ile2627Asn,Likely pathogenic,"criteria provided, multiple submitters, no conflicts",230735,NM_000059.4(BRCA2):c.7880T>A (p.Ile2627Asn),"Aug 30, 2025",ClinVar,clinvar,clinvar_variant_summary,cohort,file,,,,,,,,,,1.1641763240924965,,urn:mavedb:00001224-a-1,Scores from arrayed screen of BRCA2 homology directed repair function in VC-8 cells
BRCA2,BRCA2 p.Ile2664Phe,Likely benign,"criteria provided, single submitter",3992665,NM_000059.4(BRCA2):c.7990A>T (p.Ile2664Phe),"Apr 03, 2025",ClinVar,clinvar,clinvar_variant_summary,cohort,file,,,,,,,,,,,,,
BRCA2,BRCA2 p.Ile2672Val,Likely benign,"criteria provided, multiple submitters, no conflicts",38135,NM_000059.4(BRCA2):c.8014A>G (p.Ile2672Val),"Oct 20, 2025",ClinVar,clinvar,clinvar_variant_summary,cohort,file,4.9569427559858186e-06,8.0,1613898.0,5.974072525240457e-05,13-32363216-A-G,ENST00000380152,missense_variant,gnomad_r4,GRCh38,4.373799021357613,,urn:mavedb:00001224-a-1,Scores from arrayed screen of BRCA2 homology directed repair function in VC-8 cells
BRCA2,BRCA2 p.Ile2752Val,Benign,"criteria provided, single submitter",1762638,NM_000059.4(BRCA2):c.8254A>G (p.Ile2752Val),"Dec 06, 2023",ClinVar,clinvar,clinvar_variant_summary,cohort,file,,,,,,,,,,,,,
BRCA2,BRCA2 p.Ile3048Met,Benign,"criteria provided, single submitter",2565970,NM_000059.4(BRCA2):c.9144T>G (p.Ile3048Met),"May 23, 2025",ClinVar,clinvar,clinvar_variant_summary,cohort,file,,,,,,,,,,,,,
BRCA2,BRCA2 p.Ile3075Val,Benign,"criteria provided, single submitter",2565960,NM_000059.4(BRCA2):c.9223A>G (p.Ile3075Val),"May 23, 2025",ClinVar,clinvar,clinvar_variant_summary,cohort,file,,,,,,,,,,,,,
BRCA2,BRCA2 p.Ile3113Ser,Likely benign,"criteria provided, single submitter",3230019,NM_000059.4(BRCA2):c.9338T>G (p.Ile3113Ser),"May 15, 2025",ClinVar,clinvar,clinvar_variant_summary,cohort,file,,,,,,,,,,,,,
BRCA2,BRCA2 p.Ile3208Val,Likely benign,"criteria provided, single submitter",3992866,NM_000059.4(BRCA2):c.9622A>G (p.Ile3208Val),"Jun 06, 2025",ClinVar,clinvar,clinvar_variant_summary,cohort,file,,,,,,,,,,,,,
BRCA2,BRCA2 p.Ile3412Ser,Likely benign,"criteria provided, single submitter",392267,NM_000059.4(BRCA2):c.10235T>G (p.Ile3412Ser),"Dec 20, 2016",ClinVar,clinvar,clinvar_variant_summary,cohort,file,,,,,,,,,,,,,
BRCA2,BRCA2 p.Ile383Val,Likely benign,"criteria provided, single submitter",4629013,NM_000059.4(BRCA2):c.1147A>G (p.Ile383Val),"Oct 30, 2025",ClinVar,clinvar,clinvar_variant_summary,cohort,file,,,,,,,,,,,,,
BRCA2,BRCA2 p.Ile505Leu,Likely benign,"criteria provided, single submitter",4215906,NM_000059.4(BRCA2):c.1513A>C (p.Ile505Leu),"Aug 26, 2025",ClinVar,clinvar,clinvar_variant_summary,cohort,file,,,,,,,,,,,,,
BRCA2,BRCA2 p.Ile505Val,Likely benign,"criteria provided, multiple submitters, no conflicts",37744,NM_000059.4(BRCA2):c.1513A>G (p.Ile505Val),"Jan 19, 2026",ClinVar,clinvar,clinvar_variant_summary,cohort,file,2.5097598285332084e-05,40.0,1593778.0,5.879240402140044e-05,13-32332991-A-G,ENST00000380152,missense_variant,gnomad_r4,GRCh38,,,,
BRCA2,BRCA2 p.Ile542Met,Likely benign,"criteria provided, single submitter",3261629,NM_000059.4(BRCA2):c.1626A>G (p.Ile542Met),"Jun 04, 2024",ClinVar,clinvar,clinvar_variant_summary,cohort,file,,,,,,,,,,,,,
BRCA2,BRCA2 p.Ile614Met,Likely benign,"criteria provided, single submitter",3225537,NM_000059.4(BRCA2):c.1842T>G (p.Ile614Met),"Feb 01, 2024",ClinVar,clinvar,clinvar_variant_summary,cohort,file,,,,,,,,,,,,,
BRCA2,BRCA2 p.Ile921Asn,Likely benign,"criteria provided, single submitter",3261616,NM_000059.4(BRCA2):c.2762T>A (p.Ile921Asn),"May 22, 2024",ClinVar,clinvar,clinvar_variant_summary,cohort,file,,,,,,,,,,,,,
BRCA2,BRCA2 p.Ile982Leu,Benign,no assertion criteria provided,91676,NP_000050.2(BRCA2):p.Ile982Leu,"Sep 01, 2007",ClinVar,clinvar,clinvar_variant_summary,cohort,file,4.030912759885349e-05,65.0,1612538.0,6.542789845590159e-05,13-32337299-A-C,ENST00000380152,missense_variant,gnomad_r4,GRCh38,,,,
BRCA2,BRCA2 p.Leu1260Ser,Likely benign,"criteria provided, single submitter",3261551,NM_000059.4(BRCA2):c.3779T>C (p.Leu1260Ser),"Mar 26, 2024",ClinVar,clinvar,clinvar_variant_summary,cohort,file,,,,,,,,,,,,,
BRCA2,BRCA2 p.Leu1357Ile,Likely benign,"criteria provided, single submitter",3992843,NM_000059.4(BRCA2):c.4069C>A (p.Leu1357Ile),"Jun 05, 2025",ClinVar,clinvar,clinvar_variant_summary,cohort,file,,,,,,,,,,,,,
BRCA2,BRCA2 p.Leu1384Val,Likely benign,"criteria provided, multiple submitters, no conflicts",481593,NM_000059.4(BRCA2):c.4150T>G (p.Leu1384Val),"Mar 23, 2023",ClinVar,clinvar,clinvar_variant_summary,cohort,file,,,,,,,,,,,,,
BRCA2,BRCA2 p.Leu1522Phe,Likely benign,"criteria provided, single submitter",51675,NM_000059.4(BRCA2):c.4566G>T (p.Leu1522Phe),"Mar 23, 2023",ClinVar,clinvar,clinvar_variant_summary,cohort,file,,,,,,,,,,,,,
BRCA2,BRCA2 p.Leu2069Ser,Likely benign,"criteria provided, multiple submitters, no conflicts",1752192,NM_000059.4(BRCA2):c.6206T>C (p.Leu2069Ser),"Mar 23, 2023",ClinVar,clinvar,clinvar_variant_summary,cohort,file,,,,,,,,,,,,,
BRCA2,BRCA2 p.Leu2396Ser,Likely benign,"criteria provided, single submitter",230839,NM_000059.4(BRCA2):c.7187T>C (p.Leu2396Ser),"Mar 16, 2015",ClinVar,clinvar,clinvar_variant_summary,cohort,file,,,,,,,,,,,,,
BRCA2,BRCA2 p.Leu2480Ile,Likely benign,"criteria provided, single submitter",4628325,NM_000059.4(BRCA2):c.7438T>A (p.Leu2480Ile),"Sep 24, 2025",ClinVar,clinvar,clinvar_variant_summary,cohort,file,,,,,,,,,,,,,
BRCA2,BRCA2 p.Leu2510Pro,Pathogenic/Likely pathogenic,"criteria provided, multiple submitters, no conflicts",9345,NM_000059.4(BRCA2):c.7529T>C (p.Leu2510Pro),"Nov 12, 2025",ClinVar,clinvar,clinvar_variant_summary,cohort,file,,,,,,,,,,1.060173436634592,,urn:mavedb:00001224-a-1,Scores from arrayed screen of BRCA2 homology directed repair function in VC-8 cells
BRCA2,BRCA2 p.Leu2581Val,Likely benign,"criteria provided, single submitter",1760404,NM_000059.4(BRCA2):c.7741T>G (p.Leu2581Val),"May 15, 2025",ClinVar,clinvar,clinvar_variant_summary,cohort,file,,,,,,,,,,,,,
BRCA2,BRCA2 p.Leu2614His,Likely benign,"criteria provided, single submitter",4629302,NM_000059.4(BRCA2):c.7841T>A (p.Leu2614His),"Dec 04, 2025",ClinVar,clinvar,clinvar_variant_summary,cohort,file,,,,,,,,,,4.491720381864906,,urn:mavedb:00001224-a-1,Scores from arrayed screen of BRCA2 homology directed repair function in VC-8 cells
BRCA2,BRCA2 p.Leu2647Pro,Pathogenic/Likely pathogenic,"criteria provided, multiple submitters, no conflicts",52443,NM_000059.4(BRCA2):c.7940T>C (p.Leu2647Pro),"May 28, 2025",ClinVar,clinvar,clinvar_variant_summary,cohort,file,,,,,,,,,,0.9974222641620596,,urn:mavedb:00001224-a-1,Scores from arrayed screen of BRCA2 homology directed repair function in VC-8 cells
BRCA2,BRCA2 p.Leu2653Pro,Pathogenic/Likely pathogenic,"criteria provided, multiple submitters, no conflicts",52447,NM_000059.4(BRCA2):c.7958T>C (p.Leu2653Pro),"Sep 24, 2025",ClinVar,clinvar,clinvar_variant_summary,cohort,file,3.716988495920605e-06,6.0,1614210.0,5.395693157721506e-06,13-32362675-T-C,ENST00000380152,missense_variant,gnomad_r4,GRCh38,0.9159248739296214,,urn:mavedb:00001224-a-1,Scores from arrayed screen of BRCA2 homology directed repair function in VC-8 cells
BRCA2,BRCA2 p.Leu2686Pro,Pathogenic/Likely pathogenic,"criteria provided, multiple submitters, no conflicts",52489,NM_000059.4(BRCA2):c.8057T>C (p.Leu2686Pro),"Mar 05, 2025",ClinVar,clinvar,clinvar_variant_summary,cohort,file,6.195234130288251e-07,1.0,1614144.0,8.992999848917603e-07,13-32363259-T-C,ENST00000380152,missense_variant,gnomad_r4,GRCh38,0.8575963132340493,,urn:mavedb:00001224-a-1,Scores from arrayed screen of BRCA2 homology directed repair function in VC-8 cells
BRCA2,BRCA2 p.Leu2688Pro,Pathogenic/Likely pathogenic,"criteria provided, multiple submitters, no conflicts",38137,NM_000059.4(BRCA2):c.8063T>C (p.Leu2688Pro),"Jan 13, 2026",ClinVar,clinvar,clinvar_variant_summary,cohort,file,1.2391113093689203e-06,2.0,1614060.0,1.4697668949704576e-05,13-32363265-T-C,ENST00000380152,missense_variant,gnomad_r4,GRCh38,0.9972897691938764,,urn:mavedb:00001224-a-1,Scores from arrayed screen of BRCA2 homology directed repair function in VC-8 cells
BRCA2,BRCA2 p.Leu2732Val,Likely benign,"criteria provided, single submitter",441355,NM_000059.4(BRCA2):c.8194T>G (p.Leu2732Val),"May 08, 2025",ClinVar,clinvar,clinvar_variant_summary,cohort,file,,,,,,,,,,,,,
BRCA2,BRCA2 p.Leu2740Ile,Benign,"criteria provided, single submitter",1762491,NM_000059.4(BRCA2):c.8218T>A (p.Leu2740Ile),"May 21, 2025",ClinVar,clinvar,clinvar_variant_summary,cohort,file,,,,,,,,,,,,,
BRCA2,BRCA2 p.Leu2753Phe,Benign,"criteria provided, single submitter",3825475,NM_000059.4(BRCA2):c.8257C>T (p.Leu2753Phe),"Jun 24, 2025",ClinVar,clinvar,clinvar_variant_summary,cohort,file,,,,,,,,,,,,,
BRCA2,BRCA2 p.Leu2776Ile,Likely benign,"criteria provided, single submitter",233108,NM_000059.4(BRCA2):c.8326T>A (p.Leu2776Ile),"Jan 09, 2022",ClinVar,clinvar,clinvar_variant_summary,cohort,file,,,,,,,,,,4.449269454614981,,urn:mavedb:00001224-a-1,Scores from arrayed screen of BRCA2 homology directed repair function in VC-8 cells
BRCA2,BRCA2 p.Leu2805Ile,Likely benign,"criteria provided, single submitter",822395,NM_000059.4(BRCA2):c.8413T>A (p.Leu2805Ile),"May 08, 2025",ClinVar,clinvar,clinvar_variant_summary,cohort,file,,,,,,,,,,,,,
BRCA2,BRCA2 p.Leu2862Gln,Likely benign,"criteria provided, single submitter",481572,NM_000059.4(BRCA2):c.8585T>A (p.Leu2862Gln),"Jan 11, 2022",ClinVar,clinvar,clinvar_variant_summary,cohort,file,,,,,,,,,,3.627962851555132,,urn:mavedb:00001224-a-1,Scores from arrayed screen of BRCA2 homology directed repair function in VC-8 cells
BRCA2,BRCA2 p.Leu2865Phe,Likely benign,"criteria provided, single submitter",822583,NM_000059.4(BRCA2):c.8595A>T (p.Leu2865Phe),"May 16, 2025",ClinVar,clinvar,clinvar_variant_summary,cohort,file,6.195149693402042e-07,1.0,1614166.0,8.993177775339627e-07,13-32371063-A-T,ENST00000380152,missense_variant,gnomad_r4,GRCh38,,,,
BRCA2,BRCA2 p.Leu2890Arg,Likely benign,"criteria provided, single submitter",3992856,NM_000059.4(BRCA2):c.8669T>G (p.Leu2890Arg),"Jun 07, 2025",ClinVar,clinvar,clinvar_variant_summary,cohort,file,1.861638092590432e-06,3.0,1611484.0,3.8284839203675343e-05,13-32376706-T-G,ENST00000380152,missense_variant,gnomad_r4,GRCh38,,,,
BRCA2,BRCA2 p.Leu2890Pro,Likely benign,"criteria provided, single submitter",1764232,NM_000059.4(BRCA2):c.8669T>C (p.Leu2890Pro),"May 15, 2025",ClinVar,clinvar,clinvar_variant_summary,cohort,file,,,,,,,,,,,,,
BRCA2,BRCA2 p.Leu2917Phe,Likely benign,"criteria provided, single submitter",2565957,NM_000059.4(BRCA2):c.8749C>T (p.Leu2917Phe),"May 15, 2025",ClinVar,clinvar,clinvar_variant_summary,cohort,file,,,,,,,,,,,,,
BRCA2,BRCA2 p.Leu2929Trp,Likely benign,"criteria provided, multiple submitters, no conflicts",669147,NM_000059.4(BRCA2):c.8786T>G (p.Leu2929Trp),"Jun 06, 2025",ClinVar,clinvar,clinvar_variant_summary,cohort,file,,,,,,,,,,3.852131073405307,,urn:mavedb:00001224-a-1,Scores from arrayed screen of BRCA2 homology directed repair function in VC-8 cells
BRCA2,BRCA2 p.Leu2936Val,Benign,"criteria provided, single submitter",3261609,NM_000059.4(BRCA2):c.8806T>G (p.Leu2936Val),"May 22, 2025",ClinVar,clinvar,clinvar_variant_summary,cohort,file,,,,,,,,,,,,,
BRCA2,BRCA2 p.Leu2987Arg,Likely pathogenic,"criteria provided, single submitter",3261636,NM_000059.4(BRCA2):c.8960T>G (p.Leu2987Arg),"Apr 07, 2025",ClinVar,clinvar,clinvar_variant_summary,cohort,file,,,,,,,,,,,,,
BRCA2,BRCA2 p.Leu2987Val,Likely benign,"criteria provided, single submitter",1765242,NM_000059.4(BRCA2):c.8959C>G (p.Leu2987Val),"May 15, 2025",ClinVar,clinvar,clinvar_variant_summary,cohort,file,6.208496202883722e-07,1.0,1610696.0,9.01723012331964e-07,13-32379755-C-G,ENST00000380152,missense_variant,gnomad_r4,GRCh38,,,,
BRCA2,BRCA2 p.Leu2996Ser,Likely benign,"criteria provided, single submitter",4629264,NM_000059.4(BRCA2):c.8987T>C (p.Leu2996Ser),"Dec 03, 2025",ClinVar,clinvar,clinvar_variant_summary,cohort,file,,,,,,,,,,,,,
BRCA2,BRCA2 p.Leu3027Ile,Likely benign,"criteria provided, single submitter",1765692,NM_000059.4(BRCA2):c.9079T>A (p.Leu3027Ile),"May 15, 2025",ClinVar,clinvar,clinvar_variant_summary,cohort,file,,,,,,,,,,,,,
BRCA2,BRCA2 p.Leu3055Ile,Likely benign,"criteria provided, single submitter",1766015,NM_000059.4(BRCA2):c.9163C>A (p.Leu3055Ile),"Jun 24, 2025",ClinVar,clinvar,clinvar_variant_summary,cohort,file,,,,,,,,,,,,,
BRCA2,BRCA2 p.Leu3074Pro,Likely pathogenic,"criteria provided, single submitter",3376536,NM_000059.4(BRCA2):c.9221T>C (p.Leu3074Pro),"Nov 14, 2024",ClinVar,clinvar,clinvar_variant_summary,cohort,file,,,,,,,,,,1.0734780761303602,,urn:mavedb:00001224-a-1,Scores from arrayed screen of BRCA2 homology directed repair function in VC-8 cells
BRCA2,BRCA2 p.Leu3093Phe,Likely benign,"criteria provided, single submitter",3229931,NM_000059.4(BRCA2):c.9279G>T (p.Leu3093Phe),"May 15, 2025",ClinVar,clinvar,clinvar_variant_summary,cohort,file,,,,,,,,,,,,,
BRCA2,BRCA2 p.Leu3101Arg,Pathogenic/Likely pathogenic,"criteria provided, multiple submitters, no conflicts",38230,NM_000059.4(BRCA2):c.9302T>G (p.Leu3101Arg),"Dec 11, 2025",ClinVar,clinvar,clinvar_variant_summary,cohort,file,4.46121530940387e-05,72.0,1613910.0,6.205661001827522e-05,13-32394734-T-G,ENST00000380152,missense_variant,gnomad_r4,GRCh38,1.149454753079536,,urn:mavedb:00001224-a-1,Scores from arrayed screen of BRCA2 homology directed repair function in VC-8 cells
BRCA2,BRCA2 p.Leu3125Phe,Pathogenic/Likely pathogenic,"criteria provided, multiple submitters, no conflicts",433840,NM_000059.4(BRCA2):c.9373C>T (p.Leu3125Phe),"Sep 25, 2025",ClinVar,clinvar,clinvar_variant_summary,cohort,file,,,,,,,,,,1.0837649183962004,,urn:mavedb:00001224-a-1,Scores from arrayed screen of BRCA2 homology directed repair function in VC-8 cells
BRCA2,BRCA2 p.Leu3215His,Likely benign,"criteria provided, single submitter",3992772,NM_000059.4(BRCA2):c.9644T>A (p.Leu3215His),"Apr 03, 2025",ClinVar,clinvar,clinvar_variant_summary,cohort,file,,,,,,,,,,,,,
BRCA2,BRCA2 p.Leu3215Phe,Likely benign,"criteria provided, single submitter",481553,NM_000059.4(BRCA2):c.9643C>T (p.Leu3215Phe),"Jun 17, 2016",ClinVar,clinvar,clinvar_variant_summary,cohort,file,,,,,,,,,,,,,
BRCA2,BRCA2 p.Leu3344His,Likely benign,"criteria provided, single submitter",3248649,NM_000059.4(BRCA2):c.10031T>A (p.Leu3344His),"May 23, 2024",ClinVar,clinvar,clinvar_variant_summary,cohort,file,,,,,,,,,,,,,
BRCA2,BRCA2 p.Leu557Ser,Likely benign,"criteria provided, single submitter",3482145,NM_000059.4(BRCA2):c.1670T>C (p.Leu557Ser),"Nov 12, 2024",ClinVar,clinvar,clinvar_variant_summary,cohort,file,,,,,,,,,,,,,
BRCA2,BRCA2 p.Leu574Ser,Likely benign,"criteria provided, single submitter",4215151,NM_000059.4(BRCA2):c.1721T>C (p.Leu574Ser),"Sep 12, 2025",ClinVar,clinvar,clinvar_variant_summary,cohort,file,,,,,,,,,,,,,
BRCA2,BRCA2 p.Leu583Met,Likely benign,"criteria provided, single submitter",3482026,NM_000059.4(BRCA2):c.1747T>A (p.Leu583Met),"Aug 21, 2024",ClinVar,clinvar,clinvar_variant_summary,cohort,file,,,,,,,,,,,,,
BRCA2,BRCA2 p.Leu759Phe,Likely benign,"criteria provided, single submitter",51264,NM_000059.4(BRCA2):c.2275C>T (p.Leu759Phe),"Mar 23, 2023",ClinVar,clinvar,clinvar_variant_summary,cohort,file,,,,,,,,,,,,,
BRCA2,BRCA2 p.Leu901Pro,Likely benign,"criteria provided, multiple submitters, no conflicts",1794947,NM_000059.4(BRCA2):c.2702T>C (p.Leu901Pro),"Mar 23, 2023",ClinVar,clinvar,clinvar_variant_summary,cohort,file,6.230630527348106e-07,1.0,1604974.0,9.012484092965576e-07,13-32337057-T-C,ENST00000380152,missense_variant,gnomad_r4,GRCh38,,,,
BRCA2,BRCA2 p.Leu90Val,Likely benign,"criteria provided, single submitter",1794778,NM_000059.4(BRCA2):c.268C>G (p.Leu90Val),"May 08, 2024",ClinVar,clinvar,clinvar_variant_summary,cohort,file,6.196247552482217e-07,1.0,1613880.0,2.987571701720841e-05,13-32319277-C-G,ENST00000380152,missense_variant,gnomad_r4,GRCh38,,,,
BRCA2,BRCA2 p.Lys1025Arg,Likely benign,"criteria provided, single submitter",559992,NM_000059.4(BRCA2):c.3074A>G (p.Lys1025Arg),"Mar 23, 2023",ClinVar,clinvar,clinvar_variant_summary,cohort,file,,,,,,,,,,,,,
BRCA2,BRCA2 p.Lys1082Glu,Likely benign,"criteria provided, single submitter",3226173,NM_000059.4(BRCA2):c.3244A>G (p.Lys1082Glu),"Jan 10, 2024",ClinVar,clinvar,clinvar_variant_summary,cohort,file,3.136825833391888e-06,5.0,1593968.0,4.535649296339368e-06,13-32337599-A-G,ENST00000380152,missense_variant,gnomad_r4,GRCh38,,,,
BRCA2,BRCA2 p.Lys1132Asn,Benign,no assertion criteria provided,126009,NM_000059.4(BRCA2):c.3396A>C (p.Lys1132Asn),"Dec 17, 2010",ClinVar,clinvar,clinvar_variant_summary,cohort,file,,,,,,,,,,,,,
BRCA2,BRCA2 p.Lys1191Asn,Likely benign,"criteria provided, single submitter",3992854,NM_000059.4(BRCA2):c.3573G>C (p.Lys1191Asn),"Jun 09, 2025",ClinVar,clinvar,clinvar_variant_summary,cohort,file,,,,,,,,,,,,,
BRCA2,BRCA2 p.Lys1281Asn,Likely benign,"criteria provided, single submitter",4215876,NM_000059.4(BRCA2):c.3843A>C (p.Lys1281Asn),"Jul 25, 2025",ClinVar,clinvar,clinvar_variant_summary,cohort,file,,,,,,,,,,,,,
BRCA2,BRCA2 p.Lys1286Asn,Likely benign,"criteria provided, single submitter",545614,NM_000059.4(BRCA2):c.3858A>T (p.Lys1286Asn),"Mar 23, 2023",ClinVar,clinvar,clinvar_variant_summary,cohort,file,,,,,,,,,,,,,
BRCA2,BRCA2 p.Lys1314Asn,Likely benign,"criteria provided, single submitter",3336564,NM_000059.4(BRCA2):c.3942G>C (p.Lys1314Asn),"May 16, 2024",ClinVar,clinvar,clinvar_variant_summary,cohort,file,0.0,0.0,1579192.0,0.0,13-32338297-G-T,ENST00000380152,missense_variant,gnomad_r4,GRCh38,,,,
BRCA2,BRCA2 p.Lys1343Arg,Likely benign,"criteria provided, single submitter",2920722,NM_000059.4(BRCA2):c.4028A>G (p.Lys1343Arg),"Feb 09, 2024",ClinVar,clinvar,clinvar_variant_summary,cohort,file,,,,,,,,,,,,,
BRCA2,BRCA2 p.Lys1531Asn,Likely benign,"criteria provided, single submitter",41550,NM_000059.4(BRCA2):c.4593A>T (p.Lys1531Asn),"Mar 23, 2023",ClinVar,clinvar,clinvar_variant_summary,cohort,file,,,,,,,,,,,,,
BRCA2,BRCA2 p.Lys1691Gln,Likely benign,"criteria provided, single submitter",3481972,NM_000059.4(BRCA2):c.5071A>C (p.Lys1691Gln),"Jul 02, 2024",ClinVar,clinvar,clinvar_variant_summary,cohort,file,,,,,,,,,,,,,
BRCA2,BRCA2 p.Lys172Asn,Likely pathogenic,"criteria provided, single submitter",441345,NM_000059.4(BRCA2):c.516G>T (p.Lys172Asn),"Jan 05, 2023",ClinVar,clinvar,clinvar_variant_summary,cohort,file,,,,,,,,,,,,,
BRCA2,BRCA2 p.Lys178Thr,Likely benign,"criteria provided, single submitter",3778940,NM_000059.4(BRCA2):c.533A>C (p.Lys178Thr),"Jun 25, 2024",ClinVar,clinvar,clinvar_variant_summary,cohort,file,,,,,,,,,,,,,
BRCA2,BRCA2 p.Lys1823Gln,Likely benign,"criteria provided, single submitter",51867,NM_000059.4(BRCA2):c.5467A>C (p.Lys1823Gln),"Mar 23, 2023",ClinVar,clinvar,clinvar_variant_summary,cohort,file,,,,,,,,,,,,,
BRCA2,BRCA2 p.Lys1828Glu,Likely benign,"criteria provided, multiple submitters, no conflicts",1747811,NM_000059.4(BRCA2):c.5482A>G (p.Lys1828Glu),"Mar 23, 2023",ClinVar,clinvar,clinvar_variant_summary,cohort,file,,,,,,,,,,,,,
BRCA2,BRCA2 p.Lys1944Glu,Likely benign,"criteria provided, multiple submitters, no conflicts",531537,NM_000059.4(BRCA2):c.5830A>G (p.Lys1944Glu),"Apr 02, 2025",ClinVar,clinvar,clinvar_variant_summary,cohort,file,,,,,,,,,,,,,
BRCA2,BRCA2 p.Lys2017Asn,Likely benign,"criteria provided, single submitter",2692059,NM_000059.4(BRCA2):c.6051A>C (p.Lys2017Asn),"Mar 04, 2025",ClinVar,clinvar,clinvar_variant_summary,cohort,file,,,,,,,,,,,,,
BRCA2,BRCA2 p.Lys2077Asn,Likely benign,no assertion criteria provided,96963,NP_000050.2(BRCA2):p.Lys2077Asn,"May 01, 2012",ClinVar,clinvar,clinvar_variant_summary,cohort,file,6.582297345968032e-05,106.0,1610380.0,0.0012422360248447,13-32340586-G-C,ENST00000380152,missense_variant,gnomad_r4,GRCh38,,,,
BRCA2,BRCA2 p.Lys2128Asn,Likely benign,"criteria provided, single submitter",52078,NM_000059.4(BRCA2):c.6384A>C (p.Lys2128Asn),"Mar 23, 2023",ClinVar,clinvar,clinvar_variant_summary,cohort,file,,,,,,,,,,,,,
BRCA2,BRCA2 p.Lys2446Glu,Likely benign,"criteria provided, multiple submitters, no conflicts",848086,NM_000059.4(BRCA2):c.7336A>G (p.Lys2446Glu),"Jul 20, 2025",ClinVar,clinvar,clinvar_variant_summary,cohort,file,6.196577754038e-07,1.0,1613794.0,8.995313441696876e-07,13-32355189-A-G,ENST00000380152,missense_variant,gnomad_r4,GRCh38,,,,
BRCA2,BRCA2 p.Lys2448Asn,Likely benign,"criteria provided, single submitter",1758423,NM_000059.4(BRCA2):c.7344G>T (p.Lys2448Asn),"Dec 11, 2021",ClinVar,clinvar,clinvar_variant_summary,cohort,file,0.0,0.0,1611356.0,0.0,13-32355197-G-T,ENST00000380152,missense_variant,gnomad_r4,GRCh38,,,,
BRCA2,BRCA2 p.Lys2524Asn,Likely benign,"criteria provided, single submitter",2451545,NM_000059.4(BRCA2):c.7572A>T (p.Lys2524Asn),"Apr 25, 2025",ClinVar,clinvar,clinvar_variant_summary,cohort,file,,,,,,,,,,,,,
BRCA2,BRCA2 p.Lys2551Arg,Benign,"criteria provided, single submitter",3992775,NM_000059.4(BRCA2):c.7652A>G (p.Lys2551Arg),"Apr 07, 2025",ClinVar,clinvar,clinvar_variant_summary,cohort,file,,,,,,,,,,,,,
BRCA2,BRCA2 p.Lys2555Thr,Likely benign,"criteria provided, single submitter",3482114,NM_000059.4(BRCA2):c.7664A>C (p.Lys2555Thr),"May 05, 2025",ClinVar,clinvar,clinvar_variant_summary,cohort,file,,,,,,,,,,,,,
BRCA2,BRCA2 p.Lys2577Asn,Benign,"criteria provided, single submitter",1684754,NM_000059.4(BRCA2):c.7731A>T (p.Lys2577Asn),"May 04, 2022",ClinVar,clinvar,clinvar_variant_summary,cohort,file,,,,,,,,,,,,,
BRCA2,BRCA2 p.Lys2630Gln,Likely pathogenic,"criteria provided, single submitter",995948,NM_000059.4(BRCA2):c.7888A>C (p.Lys2630Gln),"Nov 23, 2018",ClinVar,clinvar,clinvar_variant_summary,cohort,file,,,,,,,,,,0.9829777889913968,,urn:mavedb:00001224-a-1,Scores from arrayed screen of BRCA2 homology directed repair function in VC-8 cells
BRCA2,BRCA2 p.Lys2674Asn,Likely benign,"criteria provided, single submitter",483104,NM_000059.4(BRCA2):c.8022G>T (p.Lys2674Asn),"Jan 05, 2022",ClinVar,clinvar,clinvar_variant_summary,cohort,file,1.2392356889964546e-06,2.0,1613898.0,2.3191094619666047e-05,13-32363224-G-T,ENST00000380152,missense_variant,gnomad_r4,GRCh38,3.0040952831610075,,urn:mavedb:00001224-a-1,Scores from arrayed screen of BRCA2 homology directed repair function in VC-8 cells
BRCA2,BRCA2 p.Lys2674Met,Likely benign,"criteria provided, single submitter",3481942,NM_000059.4(BRCA2):c.8021A>T (p.Lys2674Met),"May 19, 2025",ClinVar,clinvar,clinvar_variant_summary,cohort,file,,,,,,,,,,,,,
BRCA2,BRCA2 p.Lys2715Arg,Likely benign,"criteria provided, single submitter",2586302,NM_000059.4(BRCA2):c.8144A>G (p.Lys2715Arg),"May 08, 2025",ClinVar,clinvar,clinvar_variant_summary,cohort,file,6.195165045391975e-07,1.0,1614162.0,1.1593396401409756e-05,13-32363346-A-G,ENST00000380152,missense_variant,gnomad_r4,GRCh38,,,,
BRCA2,BRCA2 p.Lys2833Asn,Likely benign,"criteria provided, single submitter",231248,NM_000059.4(BRCA2):c.8499G>C (p.Lys2833Asn),"Jan 11, 2022",ClinVar,clinvar,clinvar_variant_summary,cohort,file,,,,,,,,,,3.0038258149497707,,urn:mavedb:00001224-a-1,Scores from arrayed screen of BRCA2 homology directed repair function in VC-8 cells
BRCA2,BRCA2 p.Lys2950Asn,Benign/Likely benign,"criteria provided, multiple submitters, no conflicts",1169136,NM_000059.4(BRCA2):c.8850G>C (p.Lys2950Asn),"Nov 14, 2023",ClinVar,clinvar,clinvar_variant_summary,cohort,file,0.0008142091265779,1314.0,1613836.0,0.0029411764705882,13-32379412-G-T,ENST00000380152,missense_variant,gnomad_r4,GRCh38,5.414868251738424,,urn:mavedb:00001224-a-1,Scores from arrayed screen of BRCA2 homology directed repair function in VC-8 cells
BRCA2,BRCA2 p.Lys2950Thr,Likely benign,"criteria provided, single submitter",822764,NM_000059.4(BRCA2):c.8849A>C (p.Lys2950Thr),"May 15, 2025",ClinVar,clinvar,clinvar_variant_summary,cohort,file,,,,,,,,,,,,,
BRCA2,BRCA2 p.Lys2979Gln,Benign,"criteria provided, single submitter",2586266,NM_000059.4(BRCA2):c.8935A>C (p.Lys2979Gln),"May 22, 2025",ClinVar,clinvar,clinvar_variant_summary,cohort,file,,,,,,,,,,,,,
BRCA2,BRCA2 p.Lys3019Asn,Benign,"criteria provided, single submitter",4215923,NM_000059.4(BRCA2):c.9057A>C (p.Lys3019Asn),"Sep 08, 2025",ClinVar,clinvar,clinvar_variant_summary,cohort,file,,,,,,,,,,,,,
BRCA2,BRCA2 p.Lys3032Arg,Likely benign,"criteria provided, single submitter",3992835,NM_000059.4(BRCA2):c.9095A>G (p.Lys3032Arg),"May 18, 2025",ClinVar,clinvar,clinvar_variant_summary,cohort,file,,,,,,,,,,,,,
BRCA2,BRCA2 p.Lys3196Asn,Likely benign,"criteria provided, single submitter",3992741,NM_000059.4(BRCA2):c.9588A>C (p.Lys3196Asn),"Mar 18, 2025",ClinVar,clinvar,clinvar_variant_summary,cohort,file,,,,,,,,,,,,,
BRCA2,BRCA2 p.Lys322Gln,Benign/Likely benign,"criteria provided, multiple submitters, no conflicts",38258,NM_000059.4(BRCA2):c.964A>C (p.Lys322Gln),"Jan 28, 2026",ClinVar,clinvar,clinvar_variant_summary,cohort,file,0.0001844375033834,293.0,1588614.0,0.0070490146538655,13-32332442-A-C,ENST00000380152,missense_variant,gnomad_r4,GRCh38,,,,
BRCA2,BRCA2 p.Lys3415Glu,Likely benign,"criteria provided, single submitter",3482049,NM_000059.4(BRCA2):c.10243A>G (p.Lys3415Glu),"Aug 21, 2024",ClinVar,clinvar,clinvar_variant_summary,cohort,file,,,,,,,,,,,,,
BRCA2,BRCA2 p.Lys410Asn,Likely benign,"criteria provided, single submitter",3992851,NM_000059.4(BRCA2):c.1230A>C (p.Lys410Asn),"May 29, 2025",ClinVar,clinvar,clinvar_variant_summary,cohort,file,,,,,,,,,,,,,
BRCA2,BRCA2 p.Lys437Thr,Likely benign,"criteria provided, single submitter",3482019,NM_000059.4(BRCA2):c.1310A>C (p.Lys437Thr),"Jul 11, 2024",ClinVar,clinvar,clinvar_variant_summary,cohort,file,,,,,,,,,,,,,
BRCA2,BRCA2 p.Lys457Thr,Likely benign,"criteria provided, single submitter",4215254,NM_000059.4(BRCA2):c.1370A>C (p.Lys457Thr),"Jul 28, 2025",ClinVar,clinvar,clinvar_variant_summary,cohort,file,,,,,,,,,,,,,
BRCA2,BRCA2 p.Lys944Thr,Likely benign,"criteria provided, single submitter",2451475,NM_000059.4(BRCA2):c.2831A>C (p.Lys944Thr),"Nov 07, 2022",ClinVar,clinvar,clinvar_variant_summary,cohort,file,,,,,,,,,,,,,
BRCA2,BRCA2 p.Met1149Ile,Likely benign,"criteria provided, single submitter",3482027,NM_000059.4(BRCA2):c.3447G>C (p.Met1149Ile),"Aug 21, 2024",ClinVar,clinvar,clinvar_variant_summary,cohort,file,9.912988741323038e-06,16.0,1614044.0,2.236035955458164e-05,13-32337802-G-A,ENST00000380152,missense_variant,gnomad_r4,GRCh38,,,,
BRCA2,BRCA2 p.Met1149Val,Benign/Likely benign,"criteria provided, multiple submitters, no conflicts",51465,NM_000059.4(BRCA2):c.3445A>G (p.Met1149Val),"Feb 04, 2026",ClinVar,clinvar,clinvar_variant_summary,cohort,file,6.691151324104501e-05,108.0,1614072.0,0.0019282684149633,13-32337800-A-G,ENST00000380152,missense_variant,gnomad_r4,GRCh38,,,,
BRCA2,BRCA2 p.Met1272Arg,Likely benign,"criteria provided, single submitter",4215907,NM_000059.4(BRCA2):c.3815T>G (p.Met1272Arg),"Aug 21, 2025",ClinVar,clinvar,clinvar_variant_summary,cohort,file,,,,,,,,,,,,,
BRCA2,BRCA2 p.Met1936Ile,Likely benign,"criteria provided, multiple submitters, no conflicts",1749822,NM_000059.4(BRCA2):c.5808G>T (p.Met1936Ile),"Aug 26, 2025",ClinVar,clinvar,clinvar_variant_summary,cohort,file,4.959554830358427e-06,8.0,1613048.0,8.97934750074828e-05,13-32340163-G-A,ENST00000380152,missense_variant,gnomad_r4,GRCh38,,,,
BRCA2,BRCA2 p.Met1Arg,Pathogenic,"criteria provided, multiple submitters, no conflicts",51385,NM_000059.4(BRCA2):c.2T>G (p.Met1Arg),"Oct 20, 2025",ClinVar,clinvar,clinvar_variant_summary,cohort,file,,,,,,,,,,,,,
BRCA2,BRCA2 p.Met1Lys,Pathogenic/Likely pathogenic,"criteria provided, multiple submitters, no conflicts",431282,NM_000059.4(BRCA2):c.2T>A (p.Met1Lys),"Jul 17, 2022",ClinVar,clinvar,clinvar_variant_summary,cohort,file,,,,,,,,,,,,,
BRCA2,BRCA2 p.Met1Thr,Pathogenic/Likely pathogenic,"criteria provided, multiple submitters, no conflicts",51384,NM_000059.4(BRCA2):c.2T>C (p.Met1Thr),"Dec 09, 2025",ClinVar,clinvar,clinvar_variant_summary,cohort,file,,,,,,,,,,,,,
BRCA2,BRCA2 p.Met1Val,Pathogenic,"criteria provided, single submitter",216026,NM_000059.4(BRCA2):c.1A>G (p.Met1Val),"Apr 28, 2019",ClinVar,clinvar,clinvar_variant_summary,cohort,file,,,,,,,,,,,,,
BRCA2,BRCA2 p.Met2634Ile,Benign,no assertion criteria provided,873412,NM_000059.4(BRCA2):c.7902G>A (p.Met2634Ile),"Sep 01, 2019",ClinVar,clinvar,clinvar_variant_summary,cohort,file,6.195011528916455e-07,1.0,1614202.0,1.1593396401409756e-05,13-32362619-G-A,ENST00000380152,missense_variant,gnomad_r4,GRCh38,,,,
BRCA2,BRCA2 p.Met2676Thr,Benign/Likely benign,"criteria provided, multiple submitters, no conflicts",38136,NM_000059.4(BRCA2):c.8027T>C (p.Met2676Thr),"Dec 08, 2025",ClinVar,clinvar,clinvar_variant_summary,cohort,file,1.672932936455811e-05,27.0,1613932.0,2.1584014878580923e-05,13-32363229-T-C,ENST00000380152,missense_variant,gnomad_r4,GRCh38,5.65511585223142,,urn:mavedb:00001224-a-1,Scores from arrayed screen of BRCA2 homology directed repair function in VC-8 cells
BRCA2,BRCA2 p.Met2952Thr,Likely benign,"criteria provided, single submitter",1764893,NM_000059.4(BRCA2):c.8855T>C (p.Met2952Thr),"May 15, 2025",ClinVar,clinvar,clinvar_variant_summary,cohort,file,,,,,,,,,,,,,
BRCA2,BRCA2 p.Met3322Leu,Likely benign,"criteria provided, single submitter",3482077,NM_000059.4(BRCA2):c.9964A>C (p.Met3322Leu),"Sep 18, 2024",ClinVar,clinvar,clinvar_variant_summary,cohort,file,,,,,,,,,,,,,
BRCA2,BRCA2 p.Phe1219Leu,Likely benign,"criteria provided, single submitter",3778936,NM_000059.4(BRCA2):c.3657T>G (p.Phe1219Leu),"Aug 06, 2024",ClinVar,clinvar,clinvar_variant_summary,cohort,file,,,,,,,,,,,,,
BRCA2,BRCA2 p.Phe2055Tyr,Likely benign,"criteria provided, single submitter",2692060,NM_000059.4(BRCA2):c.6164T>A (p.Phe2055Tyr),"Mar 04, 2025",ClinVar,clinvar,clinvar_variant_summary,cohort,file,,,,,,,,,,,,,
BRCA2,BRCA2 p.Phe2457Leu,Likely benign,"criteria provided, single submitter",1758573,NM_000059.4(BRCA2):c.7371T>A (p.Phe2457Leu),"Dec 03, 2021",ClinVar,clinvar,clinvar_variant_summary,cohort,file,0.0,0.0,1611734.0,0.0,13-32355224-T-A,ENST00000380152,missense_variant,gnomad_r4,GRCh38,,,,
BRCA2,BRCA2 p.Phe266Leu,Likely benign,"criteria provided, multiple submitters, no conflicts",142396,NM_000059.4(BRCA2):c.796T>C (p.Phe266Leu),"Dec 23, 2025",ClinVar,clinvar,clinvar_variant_summary,cohort,file,6.87574773756646e-06,11.0,1599826.0,0.0002556712532539,13-32332274-T-C,ENST00000380152,missense_variant,gnomad_r4,GRCh38,,,,
BRCA2,BRCA2 p.Phe2794Leu,Likely benign,"criteria provided, single submitter",4628351,NM_000059.4(BRCA2):c.8382C>A (p.Phe2794Leu),"Sep 15, 2025",ClinVar,clinvar,clinvar_variant_summary,cohort,file,1.239258725001053e-06,2.0,1613868.0,1.4698533086397976e-05,13-32370452-C-G,ENST00000380152,missense_variant,gnomad_r4,GRCh38,3.5603591008488102,,urn:mavedb:00001224-a-1,Scores from arrayed screen of BRCA2 homology directed repair function in VC-8 cells
BRCA2,BRCA2 p.Phe2795Val,Likely benign,"criteria provided, single submitter",1763171,NM_000059.4(BRCA2):c.8383T>G (p.Phe2795Val),"May 08, 2025",ClinVar,clinvar,clinvar_variant_summary,cohort,file,6.195472101169581e-07,1.0,1614082.0,1.6559032952475575e-05,13-32370453-T-G,ENST00000380152,missense_variant,gnomad_r4,GRCh38,,,,
BRCA2,BRCA2 p.Phe2873Ser,Likely benign,"criteria provided, single submitter",2468038,NM_000059.4(BRCA2):c.8618T>C (p.Phe2873Ser),"May 15, 2025",ClinVar,clinvar,clinvar_variant_summary,cohort,file,,,,,,,,,,,,,
BRCA2,BRCA2 p.Phe2921Ile,Likely benign,"criteria provided, single submitter",4629576,NM_000059.4(BRCA2):c.8761T>A (p.Phe2921Ile),"Dec 12, 2025",ClinVar,clinvar,clinvar_variant_summary,cohort,file,,,,,,,,,,,,,
BRCA2,BRCA2 p.Phe3057Val,Likely benign,"criteria provided, single submitter",141012,NM_000059.4(BRCA2):c.9169T>G (p.Phe3057Val),"May 14, 2025",ClinVar,clinvar,clinvar_variant_summary,cohort,file,,,,,,,,,,,,,
BRCA2,BRCA2 p.Phe3060Ile,Benign,"criteria provided, single submitter",3481944,NM_000059.4(BRCA2):c.9178T>A (p.Phe3060Ile),"May 23, 2025",ClinVar,clinvar,clinvar_variant_summary,cohort,file,,,,,,,,,,,,,
BRCA2,BRCA2 p.Phe3060Val,Likely benign,"criteria provided, single submitter",3992748,NM_000059.4(BRCA2):c.9178T>G (p.Phe3060Val),"Mar 25, 2025",ClinVar,clinvar,clinvar_variant_summary,cohort,file,,,,,,,,,,,,,
BRCA2,BRCA2 p.Phe3090Ser,Likely benign,"criteria provided, single submitter",2566001,NM_000059.4(BRCA2):c.9269T>C (p.Phe3090Ser),"May 15, 2025",ClinVar,clinvar,clinvar_variant_summary,cohort,file,,,,,,,,,,,,,
BRCA2,BRCA2 p.Phe3325Leu,Likely benign,"criteria provided, single submitter",1768781,NM_000059.4(BRCA2):c.9975T>G (p.Phe3325Leu),"Sep 01, 2020",ClinVar,clinvar,clinvar_variant_summary,cohort,file,,,,,,,,,,,,,
BRCA2,BRCA2 p.Phe354Leu,Likely benign,"criteria provided, single submitter",3261554,NM_000059.4(BRCA2):c.1062T>G (p.Phe354Leu),"Mar 28, 2024",ClinVar,clinvar,clinvar_variant_summary,cohort,file,6.201204273869985e-07,1.0,1612620.0,2.2507314877335133e-05,13-32332538-T-C,ENST00000380152,missense_variant,gnomad_r4,GRCh38,,,,
BRCA2,BRCA2 p.Phe625Leu,Likely benign,"criteria provided, single submitter",2586289,NM_000059.4(BRCA2):c.1875T>G (p.Phe625Leu),"Jul 25, 2023",ClinVar,clinvar,clinvar_variant_summary,cohort,file,2.4869435463814973e-06,4.0,1608400.0,3.6004118871198864e-06,13-32333353-T-A,ENST00000380152,missense_variant,gnomad_r4,GRCh38,,,,
BRCA2,BRCA2 p.Pro1039Leu,Likely benign,"criteria provided, single submitter",1049505,NM_000059.4(BRCA2):c.3116C>T (p.Pro1039Leu),"Mar 23, 2023",ClinVar,clinvar,clinvar_variant_summary,cohort,file,,,,,,,,,,,,,
BRCA2,BRCA2 p.Pro1171Ala,Likely benign,"criteria provided, single submitter",3992852,NM_000059.4(BRCA2):c.3511C>G (p.Pro1171Ala),"Jun 06, 2025",ClinVar,clinvar,clinvar_variant_summary,cohort,file,6.195817575303966e-07,1.0,1613992.0,8.993145424557402e-07,13-32337866-C-G,ENST00000380152,missense_variant,gnomad_r4,GRCh38,,,,
BRCA2,BRCA2 p.Pro2276Ala,Likely benign,"criteria provided, multiple submitters, no conflicts",1755661,NM_000059.4(BRCA2):c.6826C>G (p.Pro2276Ala),"Mar 23, 2023",ClinVar,clinvar,clinvar_variant_summary,cohort,file,,,,,,,,,,,,,
BRCA2,BRCA2 p.Pro2505Ser,Likely benign,"criteria provided, single submitter",1759289,NM_000059.4(BRCA2):c.7513C>T (p.Pro2505Ser),"Apr 25, 2025",ClinVar,clinvar,clinvar_variant_summary,cohort,file,,,,,,,,,,,,,
BRCA2,BRCA2 p.Pro2532Ala,Likely benign,"criteria provided, single submitter",827143,NM_000059.4(BRCA2):c.7594C>G (p.Pro2532Ala),"May 15, 2025",ClinVar,clinvar,clinvar_variant_summary,cohort,file,,,,,,,,,,,,,
BRCA2,BRCA2 p.Pro2639Arg,Likely benign,"criteria provided, single submitter",827329,NM_000059.4(BRCA2):c.7916C>G (p.Pro2639Arg),"Jan 05, 2022",ClinVar,clinvar,clinvar_variant_summary,cohort,file,,,,,,,,,,3.41431856491079,,urn:mavedb:00001224-a-1,Scores from arrayed screen of BRCA2 homology directed repair function in VC-8 cells
BRCA2,BRCA2 p.Pro2734Arg,Likely benign,"criteria provided, single submitter",3482010,NM_000059.4(BRCA2):c.8201C>G (p.Pro2734Arg),"May 08, 2025",ClinVar,clinvar,clinvar_variant_summary,cohort,file,,,,,,,,,,,,,
BRCA2,BRCA2 p.Pro2785Thr,Likely benign,"criteria provided, single submitter",185579,NM_000059.4(BRCA2):c.8353C>A (p.Pro2785Thr),"Jan 11, 2022",ClinVar,clinvar,clinvar_variant_summary,cohort,file,,,,,,,,,,4.292914146852375,,urn:mavedb:00001224-a-1,Scores from arrayed screen of BRCA2 homology directed repair function in VC-8 cells
BRCA2,BRCA2 p.Pro2804Ala,Likely benign,"criteria provided, single submitter",4628406,NM_000059.4(BRCA2):c.8410C>G (p.Pro2804Ala),"Sep 24, 2025",ClinVar,clinvar,clinvar_variant_summary,cohort,file,1.2393585575849362e-06,2.0,1613738.0,2.3191632459008788e-05,13-32370480-C-G,ENST00000380152,missense_variant,gnomad_r4,GRCh38,,,,
BRCA2,BRCA2 p.Pro2804His,Likely benign,"criteria provided, single submitter",230680,NM_000059.4(BRCA2):c.8411C>A (p.Pro2804His),"May 08, 2025",ClinVar,clinvar,clinvar_variant_summary,cohort,file,,,,,,,,,,,,,
BRCA2,BRCA2 p.Pro2883Leu,Benign,"criteria provided, single submitter",3992784,NM_000059.4(BRCA2):c.8648C>T (p.Pro2883Leu),"Apr 22, 2025",ClinVar,clinvar,clinvar_variant_summary,cohort,file,,,,,,,,,,,,,
BRCA2,BRCA2 p.Pro2886Gln,Benign,"criteria provided, single submitter",1764198,NM_000059.4(BRCA2):c.8657C>A (p.Pro2886Gln),"May 19, 2025",ClinVar,clinvar,clinvar_variant_summary,cohort,file,,,,,,,,,,,,,
BRCA2,BRCA2 p.Pro2886Thr,Benign,"criteria provided, single submitter",230631,NM_000059.4(BRCA2):c.8656C>A (p.Pro2886Thr),"May 19, 2025",ClinVar,clinvar,clinvar_variant_summary,cohort,file,6.195725445100916e-07,1.0,1614016.0,8.993177775339627e-07,13-32376693-C-A,ENST00000380152,missense_variant,gnomad_r4,GRCh38,,,,
BRCA2,BRCA2 p.Pro3063Ser,Benign/Likely benign,"criteria provided, multiple submitters, no conflicts",52770,NM_000059.4(BRCA2):c.9187C>T (p.Pro3063Ser),"Dec 21, 2025",ClinVar,clinvar,clinvar_variant_summary,cohort,file,9.913897797627604e-06,16.0,1613896.0,4.9680389494253634e-05,13-32380076-C-T,ENST00000380152,missense_variant,gnomad_r4,GRCh38,3.762857770289039,,urn:mavedb:00001224-a-1,Scores from arrayed screen of BRCA2 homology directed repair function in VC-8 cells
BRCA2,BRCA2 p.Pro3067Ser,Likely benign,"criteria provided, multiple submitters, no conflicts",1582641,NM_000059.4(BRCA2):c.9199C>T (p.Pro3067Ser),"May 15, 2025",ClinVar,clinvar,clinvar_variant_summary,cohort,file,1.239247974758997e-06,2.0,1613882.0,4.8276527952109686e-05,13-32380088-C-T,ENST00000380152,missense_variant,gnomad_r4,GRCh38,,,,
BRCA2,BRCA2 p.Pro3129Thr,Likely benign,"criteria provided, single submitter",823205,NM_000059.4(BRCA2):c.9385C>A (p.Pro3129Thr),"May 16, 2025",ClinVar,clinvar,clinvar_variant_summary,cohort,file,,,,,,,,,,,,,
BRCA2,BRCA2 p.Pro3202Leu,Benign/Likely benign,"criteria provided, multiple submitters, no conflicts",38254,NM_000059.4(BRCA2):c.9605C>T (p.Pro3202Leu),"Oct 17, 2025",ClinVar,clinvar,clinvar_variant_summary,cohort,file,4.956819902623273e-06,8.0,1613938.0,2.987571701720841e-05,13-32397001-C-T,ENST00000380152,missense_variant,gnomad_r4,GRCh38,,,,
BRCA2,BRCA2 p.Pro40Ala,Likely benign,"criteria provided, single submitter",1744513,NM_000059.4(BRCA2):c.118C>G (p.Pro40Ala),"Jul 26, 2019",ClinVar,clinvar,clinvar_variant_summary,cohort,file,,,,,,,,,,,,,
BRCA2,BRCA2 p.Pro41Leu,Benign/Likely benign,"criteria provided, multiple submitters, no conflicts",184823,NM_000059.4(BRCA2):c.122C>T (p.Pro41Leu),"Jan 19, 2026",ClinVar,clinvar,clinvar_variant_summary,cohort,file,1.4254849437801134e-05,23.0,1613486.0,0.0068027210884353,13-32319131-C-T,ENST00000380152,missense_variant,gnomad_r4,GRCh38,,,,
BRCA2,BRCA2 p.Pro740Leu,Likely benign,"criteria provided, single submitter",1297517,NM_000059.4(BRCA2):c.2219C>T (p.Pro740Leu),"Mar 23, 2023",ClinVar,clinvar,clinvar_variant_summary,cohort,file,6.196032556433464e-07,1.0,1613936.0,8.993436589976636e-07,13-32336574-C-T,ENST00000380152,missense_variant,gnomad_r4,GRCh38,,,,
BRCA2,BRCA2 p.Pro814Ser,Likely benign,"criteria provided, single submitter",4627937,NM_000059.4(BRCA2):c.2440C>T (p.Pro814Ser),"Nov 13, 2025",ClinVar,clinvar,clinvar_variant_summary,cohort,file,,,,,,,,,,,,,
BRCA2,BRCA2 p.Pro835Ser,Likely benign,"criteria provided, single submitter",51297,NM_000059.4(BRCA2):c.2503C>T (p.Pro835Ser),"Mar 23, 2023",ClinVar,clinvar,clinvar_variant_summary,cohort,file,,,,,,,,,,,,,
BRCA2,BRCA2 p.Ser1041Asn,Likely benign,"criteria provided, single submitter",51401,NM_000059.4(BRCA2):c.3122G>A (p.Ser1041Asn),"Mar 23, 2023",ClinVar,clinvar,clinvar_variant_summary,cohort,file,,,,,,,,,,,,,
BRCA2,BRCA2 p.Ser1075Asn,Likely benign,"criteria provided, single submitter",1049417,NM_000059.4(BRCA2):c.3224G>A (p.Ser1075Asn),"Mar 23, 2023",ClinVar,clinvar,clinvar_variant_summary,cohort,file,,,,,,,,,,,,,
BRCA2,BRCA2 p.Ser1134Thr,Likely benign,"criteria provided, multiple submitters, no conflicts",91799,NM_000059.4(BRCA2):c.3401G>C (p.Ser1134Thr),"Dec 15, 2025",ClinVar,clinvar,clinvar_variant_summary,cohort,file,6.1967083085465e-06,10.0,1613760.0,6.547930853850184e-05,13-32337756-G-C,ENST00000380152,missense_variant,gnomad_r4,GRCh38,,,,
BRCA2,BRCA2 p.Ser1205Tyr,Likely benign,"criteria provided, single submitter",2692042,NM_000059.4(BRCA2):c.3614C>A (p.Ser1205Tyr),"Mar 04, 2025",ClinVar,clinvar,clinvar_variant_summary,cohort,file,,,,,,,,,,,,,
BRCA2,BRCA2 p.Ser1479Thr,Likely benign,"criteria provided, multiple submitters, no conflicts",51648,NM_000059.4(BRCA2):c.4436G>C (p.Ser1479Thr),"Feb 01, 2026",ClinVar,clinvar,clinvar_variant_summary,cohort,file,0.0001109711400641,179.0,1613032.0,0.0001556284420423,13-32338791-G-C,ENST00000380152,missense_variant,gnomad_r4,GRCh38,,,,
BRCA2,BRCA2 p.Ser1744Asn,Likely benign,"criteria provided, single submitter",3261556,NM_000059.4(BRCA2):c.5231G>A (p.Ser1744Asn),"Mar 29, 2024",ClinVar,clinvar,clinvar_variant_summary,cohort,file,6.208881681067133e-07,1.0,1610596.0,9.010827410216116e-07,13-32339586-G-A,ENST00000380152,missense_variant,gnomad_r4,GRCh38,,,,
BRCA2,BRCA2 p.Ser1770Ala,Likely benign,"criteria provided, single submitter",3482033,NM_000059.4(BRCA2):c.5308T>G (p.Ser1770Ala),"Aug 06, 2024",ClinVar,clinvar,clinvar_variant_summary,cohort,file,,,,,,,,,,,,,
BRCA2,BRCA2 p.Ser1848Thr,Likely benign,no assertion criteria provided,2683821,NM_000059.4(BRCA2):c.5543G>C (p.Ser1848Thr),"Sep 01, 2023",ClinVar,clinvar,clinvar_variant_summary,cohort,file,,,,,,,,,,,,,
BRCA2,BRCA2 p.Ser2006Arg,Likely benign,"criteria provided, single submitter",51988,NM_000059.4(BRCA2):c.6018T>A (p.Ser2006Arg),"Mar 23, 2023",ClinVar,clinvar,clinvar_variant_summary,cohort,file,6.19607862575933e-07,1.0,1613924.0,8.993857195535449e-07,13-32340373-T-A,ENST00000380152,missense_variant,gnomad_r4,GRCh38,,,,
BRCA2,BRCA2 p.Ser2012Pro,Likely benign,"criteria provided, single submitter",2920723,NM_000059.4(BRCA2):c.6034T>C (p.Ser2012Pro),"Feb 09, 2024",ClinVar,clinvar,clinvar_variant_summary,cohort,file,,,,,,,,,,,,,
BRCA2,BRCA2 p.Ser2022Ala,Likely benign,"criteria provided, single submitter",4082323,NM_000059.4(BRCA2):c.6064T>G (p.Ser2022Ala),"Jul 07, 2025",ClinVar,clinvar,clinvar_variant_summary,cohort,file,,,,,,,,,,,,,
BRCA2,BRCA2 p.Ser2091Arg,Likely benign,no assertion criteria provided,96965,NP_000050.2(BRCA2):p.Ser2091Arg,"May 01, 2012",ClinVar,clinvar,clinvar_variant_summary,cohort,file,1.182555440066223e-05,19.0,1606740.0,0.0001750087504375,13-32340626-A-C,ENST00000380152,missense_variant,gnomad_r4,GRCh38,,,,
BRCA2,BRCA2 p.Ser2219Leu,Likely benign,"criteria provided, single submitter",4082324,NM_000059.4(BRCA2):c.6656C>T (p.Ser2219Leu),"Apr 15, 2025",ClinVar,clinvar,clinvar_variant_summary,cohort,file,,,,,,,,,,,,,
BRCA2,BRCA2 p.Ser231Asp,Pathogenic,no assertion criteria provided,1012165,NM_000059.4(BRCA2):c.691_692delinsGA (p.Ser231Asp),-,ClinVar,clinvar,clinvar_variant_summary,cohort,file,,,,,,,,,,,,,
BRCA2,BRCA2 p.Ser2546Pro,Likely benign,"criteria provided, single submitter",482970,NM_000059.4(BRCA2):c.7636T>C (p.Ser2546Pro),"Apr 23, 2025",ClinVar,clinvar,clinvar_variant_summary,cohort,file,,,,,,,,,,,,,
BRCA2,BRCA2 p.Ser2616Cys,Likely benign,"criteria provided, single submitter",827285,NM_000059.4(BRCA2):c.7847C>G (p.Ser2616Cys),"May 19, 2025",ClinVar,clinvar,clinvar_variant_summary,cohort,file,,,,,,,,,,,,,
BRCA2,BRCA2 p.Ser2670Leu,Pathogenic/Likely pathogenic,"criteria provided, multiple submitters, no conflicts",52471,NM_000059.4(BRCA2):c.8009C>T (p.Ser2670Leu),"Jan 11, 2026",ClinVar,clinvar,clinvar_variant_summary,cohort,file,2.479193369645252e-06,4.0,1613428.0,0.0002076411960132,13-32363211-C-T,ENST00000380152,missense_variant,gnomad_r4,GRCh38,0.9761722439100292,,urn:mavedb:00001224-a-1,Scores from arrayed screen of BRCA2 homology directed repair function in VC-8 cells
BRCA2,BRCA2 p.Ser2697Ile,Likely benign,"criteria provided, single submitter",1761955,NM_000059.4(BRCA2):c.8090G>T (p.Ser2697Ile),"May 19, 2025",ClinVar,clinvar,clinvar_variant_summary,cohort,file,,,,,,,,,,,,,
BRCA2,BRCA2 p.Ser2701Phe,Likely benign,"criteria provided, single submitter",1762009,NM_000059.4(BRCA2):c.8102C>T (p.Ser2701Phe),"May 19, 2025",ClinVar,clinvar,clinvar_variant_summary,cohort,file,,,,,,,,,,,,,
BRCA2,BRCA2 p.Ser2782Arg,Likely benign,"criteria provided, single submitter",4215929,NM_000059.4(BRCA2):c.8346T>A (p.Ser2782Arg),"Sep 12, 2025",ClinVar,clinvar,clinvar_variant_summary,cohort,file,,,,,,,,,,5.342544662521735,,urn:mavedb:00001224-a-1,Scores from arrayed screen of BRCA2 homology directed repair function in VC-8 cells
BRCA2,BRCA2 p.Ser2782Asn,Likely benign,"criteria provided, single submitter",3229257,NM_000059.4(BRCA2):c.8345G>A (p.Ser2782Asn),"May 08, 2025",ClinVar,clinvar,clinvar_variant_summary,cohort,file,6.197307393883505e-07,1.0,1613604.0,3.827311696264544e-05,13-32370415-G-A,ENST00000380152,missense_variant,gnomad_r4,GRCh38,4.993607799538154,,urn:mavedb:00001224-a-1,Scores from arrayed screen of BRCA2 homology directed repair function in VC-8 cells
BRCA2,BRCA2 p.Ser2810Cys,Likely benign,"criteria provided, single submitter",822407,NM_000059.4(BRCA2):c.8428A>T (p.Ser2810Cys),"May 08, 2025",ClinVar,clinvar,clinvar_variant_summary,cohort,file,,,,,,,,,,,,,
BRCA2,BRCA2 p.Ser286Pro,Likely benign,"criteria provided, multiple submitters, no conflicts",52622,NM_000059.4(BRCA2):c.856T>C (p.Ser286Pro),"Dec 22, 2025",ClinVar,clinvar,clinvar_variant_summary,cohort,file,1.7482561145257607e-05,28.0,1601596.0,7.107994124058191e-05,13-32332334-T-C,ENST00000380152,missense_variant,gnomad_r4,GRCh38,,,,
BRCA2,BRCA2 p.Ser303Phe,Likely benign,"criteria provided, single submitter",1050114,NM_000059.4(BRCA2):c.908C>T (p.Ser303Phe),"Mar 23, 2023",ClinVar,clinvar,clinvar_variant_summary,cohort,file,,,,,,,,,,,,,
BRCA2,BRCA2 p.Ser3123Arg,Likely benign,"criteria provided, single submitter",1766690,NM_000059.4(BRCA2):c.9367A>C (p.Ser3123Arg),"Jan 11, 2022",ClinVar,clinvar,clinvar_variant_summary,cohort,file,,,,,,,,,,4.556123284032709,,urn:mavedb:00001224-a-1,Scores from arrayed screen of BRCA2 homology directed repair function in VC-8 cells
BRCA2,BRCA2 p.Ser3218Ala,Likely benign,"criteria provided, single submitter",4539221,NM_000059.4(BRCA2):c.9652T>G (p.Ser3218Ala),"Dec 29, 2025",ClinVar,clinvar,clinvar_variant_summary,cohort,file,,,,,,,,,,,,,
BRCA2,BRCA2 p.Ser3250Leu,Likely benign,"criteria provided, single submitter",1708988,NM_000059.4(BRCA2):c.9749C>T (p.Ser3250Leu),"Feb 09, 2024",ClinVar,clinvar,clinvar_variant_summary,cohort,file,,,,,,,,,,,,,
BRCA2,BRCA2 p.Ser3303Arg,Likely benign,"criteria provided, single submitter",4082326,NM_000059.4(BRCA2):c.9909T>G (p.Ser3303Arg),"Aug 04, 2025",ClinVar,clinvar,clinvar_variant_summary,cohort,file,6.195341598745072e-07,1.0,1614116.0,8.992757233324281e-07,13-32398422-T-A,ENST00000380152,missense_variant,gnomad_r4,GRCh38,,,,
BRCA2,BRCA2 p.Ser3389Phe,Likely benign,"criteria provided, multiple submitters, no conflicts",96760,NM_000059.4(BRCA2):c.10166C>T (p.Ser3389Phe),"Sep 29, 2025",ClinVar,clinvar,clinvar_variant_summary,cohort,file,3.09784352916248e-06,5.0,1614026.0,0.0002070393374741,13-32398679-C-T,ENST00000380152,missense_variant,gnomad_r4,GRCh38,,,,
BRCA2,BRCA2 p.Ser496Ala,Likely benign,"criteria provided, single submitter",3825458,NM_000059.4(BRCA2):c.1485_1486delinsGG (p.Ser496Ala),"Feb 26, 2025",ClinVar,clinvar,clinvar_variant_summary,cohort,file,,,,,,,,,,,,,
BRCA2,BRCA2 p.Ser5Cys,Likely benign,"criteria provided, single submitter",1773975,NM_000059.4(BRCA2):c.14C>G (p.Ser5Cys),"Sep 28, 2021",ClinVar,clinvar,clinvar_variant_summary,cohort,file,,,,,,,,,,,,,
BRCA2,BRCA2 p.Ser646Arg,Benign,no assertion criteria provided,125973,NM_000059.4(BRCA2):c.1938C>A (p.Ser646Arg),"Dec 17, 2010",ClinVar,clinvar,clinvar_variant_summary,cohort,file,1.2475890341914252e-06,2.0,1603092.0,1.8053441798411655e-06,13-32336291-A-C,ENST00000380152,missense_variant,gnomad_r4,GRCh38,,,,
BRCA2,BRCA2 p.Ser646Asn,Likely benign,"criteria provided, multiple submitters, no conflicts",1782985,NM_000059.4(BRCA2):c.1937G>A (p.Ser646Asn),"Mar 23, 2023",ClinVar,clinvar,clinvar_variant_summary,cohort,file,6.23754051282563e-07,1.0,1603196.0,1.6711229946524065e-05,13-32336292-G-A,ENST00000380152,missense_variant,gnomad_r4,GRCh38,,,,
BRCA2,BRCA2 p.Ser648Pro,Likely benign,"criteria provided, single submitter",3765267,NM_000059.4(BRCA2):c.1942T>C (p.Ser648Pro),"Mar 04, 2025",ClinVar,clinvar,clinvar_variant_summary,cohort,file,,,,,,,,,,,,,
BRCA2,BRCA2 p.Ser942Leu,Likely benign,"criteria provided, single submitter",4215251,NM_000059.4(BRCA2):c.2825C>T (p.Ser942Leu),"Jul 17, 2025",ClinVar,clinvar,clinvar_variant_summary,cohort,file,,,,,,,,,,,,,
BRCA2,BRCA2 p.Ser958Gly,Likely benign,"criteria provided, multiple submitters, no conflicts",51364,NM_000059.4(BRCA2):c.2872A>G (p.Ser958Gly),"Feb 12, 2025",ClinVar,clinvar,clinvar_variant_summary,cohort,file,6.203543215743104e-07,1.0,1611982.0,8.998113995306584e-07,13-32337227-A-G,ENST00000380152,missense_variant,gnomad_r4,GRCh38,,,,
BRCA2,BRCA2 p.Ser976Phe,Benign/Likely benign,"criteria provided, multiple submitters, no conflicts",434528,NM_000059.4(BRCA2):c.2927C>T (p.Ser976Phe),"Jan 23, 2026",ClinVar,clinvar,clinvar_variant_summary,cohort,file,0.0003497939068878,564.0,1612378.0,0.0069657118837446,13-32337282-C-T,ENST00000380152,missense_variant,gnomad_r4,GRCh38,,,,
BRCA2,BRCA2 p.Ser976Thr,Benign/Likely benign,"criteria provided, multiple submitters, no conflicts",434527,NM_000059.4(BRCA2):c.2926T>A (p.Ser976Thr),"Jan 23, 2026",ClinVar,clinvar,clinvar_variant_summary,cohort,file,0.0003499037144388,564.0,1611872.0,0.0069753457606734,13-32337281-T-A,ENST00000380152,missense_variant,gnomad_r4,GRCh38,,,,
BRCA2,BRCA2 p.Thr1185Arg,Likely benign,"criteria provided, single submitter",3992746,NM_000059.4(BRCA2):c.3554C>G (p.Thr1185Arg),"Mar 17, 2025",ClinVar,clinvar,clinvar_variant_summary,cohort,file,,,,,,,,,,,,,
BRCA2,BRCA2 p.Thr1302Asn,Likely benign,"criteria provided, single submitter",51558,NM_000059.4(BRCA2):c.3905C>A (p.Thr1302Asn),"Mar 23, 2023",ClinVar,clinvar,clinvar_variant_summary,cohort,file,,,,,,,,,,,,,
BRCA2,BRCA2 p.Thr1388Asn,Likely benign,"criteria provided, single submitter",51607,NM_000059.4(BRCA2):c.4163C>A (p.Thr1388Asn),"Mar 23, 2023",ClinVar,clinvar,clinvar_variant_summary,cohort,file,6.236031289910601e-07,1.0,1603584.0,0.0002073828287017,13-32338518-C-A,ENST00000380152,missense_variant,gnomad_r4,GRCh38,,,,
BRCA2,BRCA2 p.Thr1526Arg,Likely benign,"criteria provided, single submitter",3778939,NM_000059.4(BRCA2):c.4577C>G (p.Thr1526Arg),"Feb 26, 2024",ClinVar,clinvar,clinvar_variant_summary,cohort,file,,,,,,,,,,,,,
BRCA2,BRCA2 p.Thr1557Ser,Benign/Likely benign,"criteria provided, multiple submitters, no conflicts",37917,NM_000059.4(BRCA2):c.4670C>G (p.Thr1557Ser),"Feb 03, 2026",ClinVar,clinvar,clinvar_variant_summary,cohort,file,3.965485406394097e-05,64.0,1613926.0,0.0001928268414963,13-32339025-C-G,ENST00000380152,missense_variant,gnomad_r4,GRCh38,,,,
BRCA2,BRCA2 p.Thr1586Ile,Likely benign,"criteria provided, single submitter",3825379,NM_000059.4(BRCA2):c.4757C>T (p.Thr1586Ile),"Dec 12, 2024",ClinVar,clinvar,clinvar_variant_summary,cohort,file,6.195948097781974e-07,1.0,1613958.0,8.993566002881539e-07,13-32339112-C-T,ENST00000380152,missense_variant,gnomad_r4,GRCh38,,,,
BRCA2,BRCA2 p.Thr1609Ile,Likely benign,"criteria provided, single submitter",3261547,NM_000059.4(BRCA2):c.4826C>T (p.Thr1609Ile),"Mar 19, 2024",ClinVar,clinvar,clinvar_variant_summary,cohort,file,,,,,,,,,,,,,
BRCA2,BRCA2 p.Thr1609Ser,Likely benign,no assertion criteria provided,2683820,NM_000059.4(BRCA2):c.4826C>G (p.Thr1609Ser),"Sep 01, 2023",ClinVar,clinvar,clinvar_variant_summary,cohort,file,,,,,,,,,,,,,
BRCA2,BRCA2 p.Thr1684Ser,Likely benign,"criteria provided, single submitter",3482194,NM_000059.4(BRCA2):c.5050A>T (p.Thr1684Ser),"Dec 06, 2024",ClinVar,clinvar,clinvar_variant_summary,cohort,file,4.386805991624961e-06,7.0,1595694.0,1.881325958535576e-05,13-32339406-C-G,ENST00000380152,missense_variant,gnomad_r4,GRCh38,,,,
BRCA2,BRCA2 p.Thr17Ala,Likely benign,"criteria provided, single submitter",3481929,NM_000059.4(BRCA2):c.49A>G (p.Thr17Ala),"Aug 21, 2024",ClinVar,clinvar,clinvar_variant_summary,cohort,file,,,,,,,,,,,,,
BRCA2,BRCA2 p.Thr1915Lys,Benign,"criteria provided, single submitter",1684735,NM_000059.4(BRCA2):c.5744C>A (p.Thr1915Lys),"May 04, 2022",ClinVar,clinvar,clinvar_variant_summary,cohort,file,,,,,,,,,,,,,
BRCA2,BRCA2 p.Thr2097Lys,Likely benign,"criteria provided, single submitter",1050331,NM_000059.4(BRCA2):c.6290C>A (p.Thr2097Lys),"Mar 23, 2023",ClinVar,clinvar,clinvar_variant_summary,cohort,file,,,,,,,,,,,,,
BRCA2,BRCA2 p.Thr2542Ala,Likely benign,"criteria provided, single submitter",3992707,NM_000059.4(BRCA2):c.7624A>G (p.Thr2542Ala),"Mar 19, 2025",ClinVar,clinvar,clinvar_variant_summary,cohort,file,,,,,,,,,,,,,
BRCA2,BRCA2 p.Thr2542Arg,Benign,"criteria provided, single submitter",52371,NM_000059.4(BRCA2):c.7625C>G (p.Thr2542Arg),"May 21, 2025",ClinVar,clinvar,clinvar_variant_summary,cohort,file,,,,,,,,,,,,,
BRCA2,BRCA2 p.Thr2607Pro,Likely pathogenic,"criteria provided, single submitter",3228950,NM_000059.4(BRCA2):c.7819_7821delinsCCC (p.Thr2607Pro),"Jan 30, 2024",ClinVar,clinvar,clinvar_variant_summary,cohort,file,,,,,,,,,,0.8520758041141299,,urn:mavedb:00001224-a-1,Scores from arrayed screen of BRCA2 homology directed repair function in VC-8 cells
BRCA2,BRCA2 p.Thr2703Asn,Likely benign,"criteria provided, single submitter",2566024,NM_000059.4(BRCA2):c.8108C>A (p.Thr2703Asn),"May 09, 2025",ClinVar,clinvar,clinvar_variant_summary,cohort,file,,,,,,,,,,,,,
BRCA2,BRCA2 p.Thr2708Ser,Benign,"criteria provided, single submitter",3482112,NM_000059.4(BRCA2):c.8123C>G (p.Thr2708Ser),"May 09, 2025",ClinVar,clinvar,clinvar_variant_summary,cohort,file,,,,,,,,,,,,,
BRCA2,BRCA2 p.Thr2713Ala,Likely benign,"criteria provided, single submitter",4539216,NM_000059.4(BRCA2):c.8137A>G (p.Thr2713Ala),"Dec 29, 2025",ClinVar,clinvar,clinvar_variant_summary,cohort,file,,,,,,,,,,,,,
BRCA2,BRCA2 p.Thr2722Lys,Pathogenic/Likely pathogenic,"criteria provided, multiple submitters, no conflicts",230821,NM_000059.4(BRCA2):c.8165C>A (p.Thr2722Lys),"Oct 26, 2025",ClinVar,clinvar,clinvar_variant_summary,cohort,file,,,,,,,,,,0.9951023300453592,,urn:mavedb:00001224-a-1,Scores from arrayed screen of BRCA2 homology directed repair function in VC-8 cells
BRCA2,BRCA2 p.Thr2880Ile,Likely benign,"criteria provided, single submitter",481031,NM_000059.4(BRCA2):c.8639C>T (p.Thr2880Ile),"Dec 16, 2016",ClinVar,clinvar,clinvar_variant_summary,cohort,file,,,,,,,,,,,,,
BRCA2,BRCA2 p.Thr2881Pro,Benign,"criteria provided, single submitter",1764138,NM_000059.4(BRCA2):c.8641A>C (p.Thr2881Pro),"Jun 24, 2025",ClinVar,clinvar,clinvar_variant_summary,cohort,file,,,,,,,,,,,,,
BRCA2,BRCA2 p.Thr3030Ile,Likely benign,"criteria provided, single submitter",141494,NM_000059.4(BRCA2):c.9089C>T (p.Thr3030Ile),"Mar 04, 2020",ClinVar,clinvar,clinvar_variant_summary,cohort,file,6.19961264820174e-07,1.0,1613004.0,8.99647877820621e-07,13-32379885-C-T,ENST00000380152,missense_variant,gnomad_r4,GRCh38,4.20730271789854,,urn:mavedb:00001224-a-1,Scores from arrayed screen of BRCA2 homology directed repair function in VC-8 cells
BRCA2,BRCA2 p.Thr3085Arg,Likely benign,"criteria provided, single submitter",3229883,NM_000059.4(BRCA2):c.9254C>G (p.Thr3085Arg),"May 15, 2025",ClinVar,clinvar,clinvar_variant_summary,cohort,file,,,,,,,,,,,,,
BRCA2,BRCA2 p.Thr3085Ile,Pathogenic,"criteria provided, single submitter",1456012,NM_000059.4(BRCA2):c.9254_9255delinsTT (p.Thr3085Ile),"Sep 08, 2021",ClinVar,clinvar,clinvar_variant_summary,cohort,file,,,,,,,,,,,,,
BRCA2,BRCA2 p.Thr3137Ser,Likely benign,"criteria provided, single submitter",823240,NM_000059.4(BRCA2):c.9410C>G (p.Thr3137Ser),"May 16, 2025",ClinVar,clinvar,clinvar_variant_summary,cohort,file,3.097647770189229e-06,5.0,1614128.0,5.796832610661534e-05,13-32394841-A-T,ENST00000380152,missense_variant,gnomad_r4,GRCh38,,,,
BRCA2,BRCA2 p.Thr317Arg,Likely benign,"criteria provided, multiple submitters, no conflicts",2004176,NM_000059.4(BRCA2):c.950C>G (p.Thr317Arg),"Aug 04, 2023",ClinVar,clinvar,clinvar_variant_summary,cohort,file,,,,,,,,,,,,,
BRCA2,BRCA2 p.Thr3371Ala,Benign/Likely benign,"criteria provided, multiple submitters, no conflicts",37720,NM_000059.4(BRCA2):c.10111A>G (p.Thr3371Ala),"Jan 31, 2026",ClinVar,clinvar,clinvar_variant_summary,cohort,file,1.053228952148711e-05,17.0,1614084.0,0.0003843197540353,13-32398624-A-G,ENST00000380152,missense_variant,gnomad_r4,GRCh38,,,,
BRCA2,BRCA2 p.Thr3411Ala,Likely benign,"criteria provided, single submitter",922784,NM_000059.4(BRCA2):c.10231A>G (p.Thr3411Ala),"May 16, 2018",ClinVar,clinvar,clinvar_variant_summary,cohort,file,,,,,,,,,,,,,
BRCA2,BRCA2 p.Thr3413Ala,Likely benign,"criteria provided, single submitter",4626636,NM_000059.4(BRCA2):c.10237A>G (p.Thr3413Ala),"Sep 25, 2025",ClinVar,clinvar,clinvar_variant_summary,cohort,file,,,,,,,,,,,,,
BRCA2,BRCA2 p.Thr3413Ile,Likely benign,"criteria provided, multiple submitters, no conflicts",631384,NM_000059.4(BRCA2):c.10238C>T (p.Thr3413Ile),"Nov 30, 2022",ClinVar,clinvar,clinvar_variant_summary,cohort,file,,,,,,,,,,,,,
BRCA2,BRCA2 p.Thr680Ala,Likely benign,"criteria provided, single submitter",4215870,NM_000059.4(BRCA2):c.2038A>G (p.Thr680Ala),"Jul 25, 2025",ClinVar,clinvar,clinvar_variant_summary,cohort,file,,,,,,,,,,,,,
BRCA2,BRCA2 p.Thr87Ile,Likely benign,"criteria provided, single submitter",3261646,NM_000059.4(BRCA2):c.260C>T (p.Thr87Ile),"Jun 13, 2024",ClinVar,clinvar,clinvar_variant_summary,cohort,file,,,,,,,,,,,,,
BRCA2,BRCA2 p.Trp2586Cys,Likely benign,"criteria provided, single submitter",4628272,NM_000059.4(BRCA2):c.7758G>C (p.Trp2586Cys),"Sep 17, 2025",ClinVar,clinvar,clinvar_variant_summary,cohort,file,1.2390944202339162e-06,2.0,1614082.0,5.041084841457882e-05,13-32357882-G-C,ENST00000380152,missense_variant,gnomad_r4,GRCh38,,,,
BRCA2,BRCA2 p.Trp2619Gly,Pathogenic,"criteria provided, single submitter",2560930,NM_000059.4(BRCA2):c.7855T>G (p.Trp2619Gly),"Apr 20, 2023",ClinVar,clinvar,clinvar_variant_summary,cohort,file,,,,,,,,,,1.0439262120330826,,urn:mavedb:00001224-a-1,Scores from arrayed screen of BRCA2 homology directed repair function in VC-8 cells
BRCA2,BRCA2 p.Trp2626Arg,Pathogenic/Likely pathogenic,"criteria provided, multiple submitters, no conflicts",429208,NM_000059.4(BRCA2):c.7876T>C (p.Trp2626Arg),"Jul 30, 2025",ClinVar,clinvar,clinvar_variant_summary,cohort,file,,,,,,,,,,1.0881656853613484,,urn:mavedb:00001224-a-1,Scores from arrayed screen of BRCA2 homology directed repair function in VC-8 cells
BRCA2,BRCA2 p.Trp3106Arg,Likely benign,"criteria provided, single submitter",1766554,NM_000059.4(BRCA2):c.9316T>C (p.Trp3106Arg),"May 15, 2025",ClinVar,clinvar,clinvar_variant_summary,cohort,file,,,,,,,,,,,,,
BRCA2,BRCA2 p.Trp31Arg,Likely pathogenic,"criteria provided, multiple submitters, no conflicts",52775,NM_000059.4(BRCA2):c.91T>C (p.Trp31Arg),"Nov 10, 2024",ClinVar,clinvar,clinvar_variant_summary,cohort,file,,,,,,,,,,,,,
BRCA2,BRCA2 p.Trp31Ser,Likely pathogenic,"criteria provided, multiple submitters, no conflicts",2098802,NM_000059.4(BRCA2):c.92G>C (p.Trp31Ser),"Jul 15, 2022",ClinVar,clinvar,clinvar_variant_summary,cohort,file,,,,,,,,,,,,,
BRCA2,BRCA2 p.Tyr1135His,Likely benign,"criteria provided, single submitter",51457,NM_000059.4(BRCA2):c.3403T>C (p.Tyr1135His),"Mar 23, 2023",ClinVar,clinvar,clinvar_variant_summary,cohort,file,,,,,,,,,,,,,
BRCA2,BRCA2 p.Tyr1480His,Likely benign,"criteria provided, multiple submitters, no conflicts",479343,NM_000059.4(BRCA2):c.4438T>C (p.Tyr1480His),"Mar 23, 2023",ClinVar,clinvar,clinvar_variant_summary,cohort,file,,,,,,,,,,,,,
BRCA2,BRCA2 p.Tyr1716Cys,Likely benign,"criteria provided, multiple submitters, no conflicts",825477,NM_000059.4(BRCA2):c.5147A>G (p.Tyr1716Cys),"Mar 23, 2023",ClinVar,clinvar,clinvar_variant_summary,cohort,file,1.8935783707904171e-06,3.0,1584302.0,2.728170543397009e-06,13-32339502-A-G,ENST00000380152,missense_variant,gnomad_r4,GRCh38,,,,
BRCA2,BRCA2 p.Tyr1751Ser,Likely benign,"criteria provided, multiple submitters, no conflicts",479319,NM_000059.4(BRCA2):c.5252A>C (p.Tyr1751Ser),"Jun 06, 2024",ClinVar,clinvar,clinvar_variant_summary,cohort,file,6.205013651030032e-07,1.0,1611600.0,9.005763688760807e-07,13-32339607-A-C,ENST00000380152,missense_variant,gnomad_r4,GRCh38,,,,
BRCA2,BRCA2 p.Tyr1894His,Likely benign,"criteria provided, single submitter",3482212,NM_000059.4(BRCA2):c.5680T>C (p.Tyr1894His),"Dec 02, 2024",ClinVar,clinvar,clinvar_variant_summary,cohort,file,,,,,,,,,,,,,
BRCA2,BRCA2 p.Tyr2567His,Likely benign,"criteria provided, single submitter",482981,NM_000059.4(BRCA2):c.7699T>C (p.Tyr2567His),"May 05, 2025",ClinVar,clinvar,clinvar_variant_summary,cohort,file,,,,,,,,,,,,,
BRCA2,BRCA2 p.Tyr2601Cys,Likely pathogenic,"criteria provided, multiple submitters, no conflicts",185651,NM_000059.4(BRCA2):c.7802A>G (p.Tyr2601Cys),"Oct 19, 2025",ClinVar,clinvar,clinvar_variant_summary,cohort,file,,,,,,,,,,,,,
BRCA2,BRCA2 p.Tyr2624Asp,Pathogenic,"criteria provided, single submitter",2578326,NM_000059.4(BRCA2):c.7870T>G (p.Tyr2624Asp),"Sep 06, 2023",ClinVar,clinvar,clinvar_variant_summary,cohort,file,,,,,,,,,,0.932591832060021,,urn:mavedb:00001224-a-1,Scores from arrayed screen of BRCA2 homology directed repair function in VC-8 cells
BRCA2,BRCA2 p.Tyr2660Asp,Pathogenic/Likely pathogenic,"criteria provided, multiple submitters, no conflicts",52458,NM_000059.4(BRCA2):c.7978T>G (p.Tyr2660Asp),"Nov 10, 2025",ClinVar,clinvar,clinvar_variant_summary,cohort,file,1.8600060264195253e-06,3.0,1612898.0,2.6996042380187066e-06,13-32363180-T-G,ENST00000380152,missense_variant,gnomad_r4,GRCh38,0.8780282759837124,,urn:mavedb:00001224-a-1,Scores from arrayed screen of BRCA2 homology directed repair function in VC-8 cells
BRCA2,BRCA2 p.Tyr2726Asn,Likely pathogenic,"criteria provided, single submitter",1505734,NM_000059.4(BRCA2):c.8176T>A (p.Tyr2726Asn),"Mar 23, 2022",ClinVar,clinvar,clinvar_variant_summary,cohort,file,6.195088286203166e-07,1.0,1614182.0,8.992805755395683e-07,13-32363378-T-A,ENST00000380152,missense_variant,gnomad_r4,GRCh38,,,,
BRCA2,BRCA2 p.Tyr2726Cys,Pathogenic/Likely pathogenic,"criteria provided, multiple submitters, no conflicts",52520,NM_000059.4(BRCA2):c.8177A>G (p.Tyr2726Cys),"Jan 09, 2026",ClinVar,clinvar,clinvar_variant_summary,cohort,file,3.097713020431276e-06,5.0,1614094.0,3.743916136278547e-05,13-32363379-A-G,ENST00000380152,missense_variant,gnomad_r4,GRCh38,1.3588534849807663,,urn:mavedb:00001224-a-1,Scores from arrayed screen of BRCA2 homology directed repair function in VC-8 cells
BRCA2,BRCA2 p.Tyr2789Phe,Likely benign,"criteria provided, single submitter",483121,NM_000059.4(BRCA2):c.8366A>T (p.Tyr2789Phe),"May 08, 2025",ClinVar,clinvar,clinvar_variant_summary,cohort,file,,,,,,,,,,,,,
BRCA2,BRCA2 p.Tyr2884Phe,Benign/Likely benign,"criteria provided, multiple submitters, no conflicts",491359,NM_000059.4(BRCA2):c.8651A>T (p.Tyr2884Phe),"Oct 07, 2025",ClinVar,clinvar,clinvar_variant_summary,cohort,file,6.195264835181174e-07,1.0,1614136.0,8.992951324751659e-07,13-32376688-A-T,ENST00000380152,missense_variant,gnomad_r4,GRCh38,,,,
BRCA2,BRCA2 p.Tyr2920His,Benign,"criteria provided, single submitter",2586281,NM_000059.4(BRCA2):c.8758T>C (p.Tyr2920His),"May 22, 2025",ClinVar,clinvar,clinvar_variant_summary,cohort,file,,,,,,,,,,,,,
BRCA2,BRCA2 p.Tyr2977Cys,Benign,"criteria provided, single submitter",1765160,NM_000059.4(BRCA2):c.8930A>G (p.Tyr2977Cys),"May 22, 2025",ClinVar,clinvar,clinvar_variant_summary,cohort,file,1.239993254436696e-06,2.0,1612912.0,2.4114980225716216e-05,13-32379492-A-G,ENST00000380152,missense_variant,gnomad_r4,GRCh38,,,,
BRCA2,BRCA2 p.Tyr3035Phe,Benign,"criteria provided, single submitter",232526,NM_000059.4(BRCA2):c.9104A>T (p.Tyr3035Phe),"May 22, 2025",ClinVar,clinvar,clinvar_variant_summary,cohort,file,,,,,,,,,,,,,
BRCA2,BRCA2 p.Tyr3225Asn,Likely benign,"criteria provided, single submitter",3261573,NM_000059.4(BRCA2):c.9673T>A (p.Tyr3225Asn),"Mar 25, 2024",ClinVar,clinvar,clinvar_variant_summary,cohort,file,,,,,,,,,,,,,
BRCA2,BRCA2 p.Tyr748Cys,Likely benign,"criteria provided, multiple submitters, no conflicts",1788306,NM_000059.4(BRCA2):c.2243A>G (p.Tyr748Cys),"Mar 23, 2023",ClinVar,clinvar,clinvar_variant_summary,cohort,file,,,,,,,,,,,,,
BRCA2,BRCA2 p.Tyr828Cys,Likely benign,"criteria provided, single submitter",51296,NM_000059.4(BRCA2):c.2483A>G (p.Tyr828Cys),"Mar 23, 2023",ClinVar,clinvar,clinvar_variant_summary,cohort,file,,,,,,,,,,,,,
BRCA2,BRCA2 p.Tyr989Asp,Likely benign,"criteria provided, single submitter",51380,NM_000059.4(BRCA2):c.2965T>G (p.Tyr989Asp),"Mar 23, 2023",ClinVar,clinvar,clinvar_variant_summary,cohort,file,,,,,,,,,,,,,
BRCA2,BRCA2 p.Val1078Gly,Likely benign,"criteria provided, single submitter",1687121,NM_000059.4(BRCA2):c.3233T>G (p.Val1078Gly),"Mar 23, 2023",ClinVar,clinvar,clinvar_variant_summary,cohort,file,,,,,,,,,,,,,
BRCA2,BRCA2 p.Val1283Gly,Likely benign,"criteria provided, single submitter",51540,NM_000059.4(BRCA2):c.3848T>G (p.Val1283Gly),"Mar 23, 2023",ClinVar,clinvar,clinvar_variant_summary,cohort,file,,,,,,,,,,,,,
BRCA2,BRCA2 p.Val1283Leu,Likely benign,"criteria provided, single submitter",3481988,NM_000059.4(BRCA2):c.3847G>T (p.Val1283Leu),"Aug 01, 2024",ClinVar,clinvar,clinvar_variant_summary,cohort,file,0.0,0.0,1548256.0,0.0,13-32338202-G-T,ENST00000380152,missense_variant,gnomad_r4,GRCh38,,,,
BRCA2,BRCA2 p.Val1497Phe,Likely benign,"criteria provided, single submitter",433784,NM_000059.4(BRCA2):c.4489G>T (p.Val1497Phe),"Mar 23, 2023",ClinVar,clinvar,clinvar_variant_summary,cohort,file,,,,,,,,,,,,,
BRCA2,BRCA2 p.Val159Met,Pathogenic/Likely pathogenic,"criteria provided, multiple submitters, no conflicts",51711,NM_000059.4(BRCA2):c.475G>A (p.Val159Met),"Oct 31, 2024",ClinVar,clinvar,clinvar_variant_summary,cohort,file,,,,,,,,,,,,,
BRCA2,BRCA2 p.Val1775Leu,Likely benign,"criteria provided, single submitter",559991,NM_000059.4(BRCA2):c.5323G>C (p.Val1775Leu),"Mar 23, 2023",ClinVar,clinvar,clinvar_variant_summary,cohort,file,6.201881154591811e-07,1.0,1612414.0,9.003736550668527e-07,13-32339678-G-C,ENST00000380152,missense_variant,gnomad_r4,GRCh38,,,,
BRCA2,BRCA2 p.Val211Ile,Pathogenic,"criteria provided, multiple submitters, no conflicts",52058,NM_000059.4(BRCA2):c.631G>A (p.Val211Ile),"Sep 27, 2025",ClinVar,clinvar,clinvar_variant_summary,cohort,file,6.3429721137574e-07,1.0,1576548.0,9.271483882452418e-07,13-32326613-G-A,ENST00000380152,missense_variant,gnomad_r4,GRCh38,,,,
BRCA2,BRCA2 p.Val211Leu,Pathogenic/Likely pathogenic,"criteria provided, multiple submitters, no conflicts",38035,NM_000059.4(BRCA2):c.631G>C (p.Val211Leu),"Aug 21, 2025",ClinVar,clinvar,clinvar_variant_summary,cohort,file,6.3429721137574e-07,1.0,1576548.0,9.271483882452418e-07,13-32326613-G-C,ENST00000380152,missense_variant,gnomad_r4,GRCh38,,,,
BRCA2,BRCA2 p.Val2138Ile,Likely benign,"criteria provided, single submitter",3825447,NM_000059.4(BRCA2):c.6412G>A (p.Val2138Ile),"Feb 13, 2025",ClinVar,clinvar,clinvar_variant_summary,cohort,file,,,,,,,,,,,,,
BRCA2,BRCA2 p.Val2179Ala,Likely benign,"criteria provided, single submitter",3256255,NM_000059.4(BRCA2):c.6536T>C (p.Val2179Ala),"Mar 04, 2025",ClinVar,clinvar,clinvar_variant_summary,cohort,file,,,,,,,,,,,,,
BRCA2,BRCA2 p.Val2211Ile,Likely benign,"criteria provided, single submitter",2451523,NM_000059.4(BRCA2):c.6631G>A (p.Val2211Ile),"Jan 05, 2023",ClinVar,clinvar,clinvar_variant_summary,cohort,file,,,,,,,,,,,,,
BRCA2,BRCA2 p.Val2407Glu,Pathogenic,"criteria provided, single submitter",966654,NM_000059.4(BRCA2):c.7220_7221inv (p.Val2407Glu),"Aug 10, 2019",ClinVar,clinvar,clinvar_variant_summary,cohort,file,,,,,,,,,,,,,
BRCA2,BRCA2 p.Val2466Ala,Benign,"criteria provided, multiple submitters, no conflicts",133738,NM_000059.4(BRCA2):c.7397T>C (p.Val2466Ala),"Feb 04, 2026",ClinVar,clinvar,clinvar_variant_summary,cohort,file,0.9962754044067976,1607588.0,1613598.0,1.0,13-32355250-T-C,ENST00000380152,missense_variant,gnomad_r4,GRCh38,,,,
BRCA2,BRCA2 p.Val2531Ala,Likely benign,"criteria provided, single submitter",4628767,NM_000059.4(BRCA2):c.7592T>C (p.Val2531Ala),"Oct 08, 2025",ClinVar,clinvar,clinvar_variant_summary,cohort,file,,,,,,,,,,,,,
BRCA2,BRCA2 p.Val2728Phe,Likely benign,"criteria provided, single submitter",2565997,NM_000059.4(BRCA2):c.8182G>T (p.Val2728Phe),"May 08, 2025",ClinVar,clinvar,clinvar_variant_summary,cohort,file,,,,,,,,,,,,,
BRCA2,BRCA2 p.Val2820Ala,Likely benign,"criteria provided, single submitter",4628412,NM_000059.4(BRCA2):c.8459T>C (p.Val2820Ala),"Sep 24, 2025",ClinVar,clinvar,clinvar_variant_summary,cohort,file,1.239307871340014e-06,2.0,1613804.0,2.318948125130441e-05,13-32370529-T-C,ENST00000380152,missense_variant,gnomad_r4,GRCh38,,,,
BRCA2,BRCA2 p.Val2855Met,Benign,"criteria provided, single submitter",3261503,NM_000059.4(BRCA2):c.8563G>A (p.Val2855Met),"May 19, 2025",ClinVar,clinvar,clinvar_variant_summary,cohort,file,,,,,,,,,,,,,
BRCA2,BRCA2 p.Val3082Leu,Likely benign,"criteria provided, single submitter",1766307,NM_000059.4(BRCA2):c.9244G>C (p.Val3082Leu),"May 15, 2025",ClinVar,clinvar,clinvar_variant_summary,cohort,file,,,,,,,,,,,,,
BRCA2,BRCA2 p.Val3365Ile,Likely benign,"criteria provided, single submitter",3825364,NM_000059.4(BRCA2):c.10093G>A (p.Val3365Ile),"Jan 07, 2025",ClinVar,clinvar,clinvar_variant_summary,cohort,file,1.2390284034871216e-06,2.0,1614168.0,1.7985546814579804e-06,13-32398606-G-A,ENST00000380152,missense_variant,gnomad_r4,GRCh38,,,,
BRCA2,BRCA2 p.Val358Ala,Likely benign,"criteria provided, single submitter",3992858,NM_000059.4(BRCA2):c.1073T>C (p.Val358Ala),"Jun 09, 2025",ClinVar,clinvar,clinvar_variant_summary,cohort,file,,,,,,,,,,,,,
BRCA2,BRCA2 p.Val358Met,Likely benign,"criteria provided, multiple submitters, no conflicts",480892,NM_000059.4(BRCA2):c.1072G>A (p.Val358Met),"Mar 23, 2023",ClinVar,clinvar,clinvar_variant_summary,cohort,file,,,,,,,,,,,,,
BRCA2,BRCA2 p.Val494Leu,Likely benign,"criteria provided, single submitter",4215272,NM_000059.4(BRCA2):c.1480G>C (p.Val494Leu),"Jun 18, 2025",ClinVar,clinvar,clinvar_variant_summary,cohort,file,6.239914737805023e-07,1.0,1602586.0,9.01443391157922e-07,13-32332958-G-T,ENST00000380152,missense_variant,gnomad_r4,GRCh38,,,,
BRCA2,BRCA2 p.Val741Leu,Likely benign,"criteria provided, single submitter",51256,NM_000059.4(BRCA2):c.2221G>T (p.Val741Leu),"Mar 23, 2023",ClinVar,clinvar,clinvar_variant_summary,cohort,file,,,,,,,,,,,,,
BRCA2,BRCA2 p.Val875Leu,Likely benign,"criteria provided, single submitter",834050,NM_000059.4(BRCA2):c.2623G>C (p.Val875Leu),"Mar 23, 2023",ClinVar,clinvar,clinvar_variant_summary,cohort,file,,,,,,,,,,,,,
