prime_mode,gene,aa_ref,aa_alt,position,prime_ref,prime_alt,prime_diff,prime_ratio,prime_log_ratio,prime_product,prime_is_increase,prime_is_decrease,prime_distance_rank,prime_previous_ref,prime_previous_alt,prime_following_ref,prime_following_alt,prime_gap_before_ref,prime_gap_before_alt,prime_gap_after_ref,prime_gap_after_alt,prime_gap_span_ref,prime_gap_span_alt,prime_gap_delta,prime_local_density_ref,prime_local_density_alt,prime_local_density_delta,prime_neighbor_asymmetry_ref,prime_neighbor_asymmetry_alt,prime_neighbor_asymmetry_delta,prime_curvature_score,prime_mod_6_ref,prime_mod_6_alt,prime_mod_6_delta,prime_mod_30_ref,prime_mod_30_alt,prime_mod_30_delta,prime_mod_30_transition,prime_twin_ref,prime_twin_alt,prime_twin_transition,prime_sophie_germain_ref,prime_sophie_germain_alt,prime_sophie_transition,mass_ref,mass_alt,mass_diff,mass_abs_diff,hydro_ref,hydro_alt,hydro_diff,hydro_abs_diff,charge_ref,charge_alt,charge_diff,charge_abs_diff,polar_switch,aromatic_switch,prime_mass_retention,mass_prime_transition,hydro_class_ref,hydro_class_alt,hydro_class_transition,class_group_ref,class_group_alt,conservative_class_change,charge_transition_type,codon_count_ref,codon_count_alt,codon_count_diff,biochemical_severity_score,phylop,gerp,siphy,rsa,ddg_foldx,functional_domain,protein_interface,distance_to_key_site,revel,bayesdel,alphamissense,cadd,has_conservation_data,has_structure_data,in_functional_domain,in_protein_interface,conservation_signal_mean,structure_signal_mean,feature_gnomad_af,feature_gnomad_ac,feature_gnomad_an,feature_gnomad_popmax_af,feature_mave_score,feature_mave_se,variant,label,review_status,source,variant_id,meta_dataset,meta_gnomad_variant_id,meta_gnomad_transcript_id,meta_gnomad_consequence,meta_gnomad_dataset,meta_gnomad_reference_genome,meta_mavedb_urn,meta_assay_name
hybrid,BRCA1,A,S,108,13,17,4,1.3076923076923077,0.26826398659467937,221,1,0,4,11,13,17,19,2,4,4,2,6,6,0,0.333333,0.333333,0.0,0.333333,-0.333333,-0.666666,0.666667,1,5,4,13,17,4,13->17,1,1,1->1,0,0,0->0,89.09,105.09,16.0,16.0,1.8,-0.8,-2.6,2.6,0,0,0,0,1,0,0,1->0,mild_hydrophobic,mild_hydrophilic,mild_hydrophobic->mild_hydrophilic,small_nonpolar,polar,0,0->0,4,6,2,5.28,,,,,,unknown,unknown,,,,,,0,0,0,0,,,,,,,0.0,,BRCA1 p.A108S,0,"criteria provided, single submitter",ClinVar,1729180,clinvar,,,,,,urn:mavedb:00000081-a-1,BRCA1 RING and BRCT domains depletion scores
hybrid,BRCA1,A,P,1277,13,17,4,1.3076923076923077,0.26826398659467937,221,1,0,4,11,13,17,19,2,4,4,2,6,6,0,0.333333,0.333333,0.0,0.333333,-0.333333,-0.666666,0.666667,1,5,4,13,17,4,13->17,1,1,1->1,0,0,0->0,89.09,115.13,26.039999999999992,26.039999999999992,1.8,-1.6,-3.4000000000000004,3.4000000000000004,0,0,0,0,0,0,1,1->1,mild_hydrophobic,mild_hydrophilic,mild_hydrophobic->mild_hydrophilic,small_nonpolar,special,0,0->0,4,4,0,5.1812,,,,,,unknown,unknown,,,,,,0,0,0,0,,,,,,,,,BRCA1 p.A1277P,0,"criteria provided, single submitter",ClinVar,55019,clinvar,,,,,,,
hybrid,BRCA1,A,S,1584,13,17,4,1.3076923076923077,0.26826398659467937,221,1,0,4,11,13,17,19,2,4,4,2,6,6,0,0.333333,0.333333,0.0,0.333333,-0.333333,-0.666666,0.666667,1,5,4,13,17,4,13->17,1,1,1->1,0,0,0->0,89.09,105.09,16.0,16.0,1.8,-0.8,-2.6,2.6,0,0,0,0,1,0,0,1->0,mild_hydrophobic,mild_hydrophilic,mild_hydrophobic->mild_hydrophilic,small_nonpolar,polar,0,0->0,4,6,2,5.28,,,,,,unknown,unknown,,,,,,0,0,0,0,,,1.796684683077213e-05,29.0,1614084.0,2.986857825567503e-05,,,BRCA1 p.A1584S,0,"criteria provided, multiple submitters, no conflicts",ClinVar,55279,clinvar,17-43071164-C-A,ENST00000357654,missense_variant,gnomad_r4,GRCh38,,
hybrid,BRCA1,A,T,1611,13,17,4,1.3076923076923077,0.26826398659467937,221,1,0,4,11,13,17,19,2,4,4,2,6,6,0,0.333333,0.333333,0.0,0.333333,-0.333333,-0.666666,0.666667,1,5,4,13,17,4,13->17,1,1,1->1,0,0,0->0,89.09,119.12,30.03,30.03,1.8,-0.7,-2.5,2.5,0,0,0,0,1,0,1,1->1,mild_hydrophobic,mild_hydrophilic,mild_hydrophobic->mild_hydrophilic,small_nonpolar,polar,0,0->0,4,4,0,5.6009,,,,,,unknown,unknown,,,,,,0,0,0,0,,,1.2391496954789625e-06,2.0,1614010.0,2.9400523329315263e-05,,,BRCA1 p.A1611T,0,"criteria provided, single submitter",ClinVar,4539182,clinvar,17-43071083-C-T,ENST00000357654,missense_variant,gnomad_r4,GRCh38,,
hybrid,BRCA1,A,G,1623,13,13,0,1.0,0.0,169,0,0,0,11,11,17,17,2,2,4,4,6,6,0,0.333333,0.333333,0.0,0.333333,0.333333,0.0,0.0,1,1,0,13,13,0,13->13,1,1,1->1,0,0,0->0,89.09,75.07,-14.02000000000001,14.02000000000001,1.8,-0.4,-2.2,2.2,0,0,0,0,0,0,1,1->1,mild_hydrophobic,mild_hydrophilic,mild_hydrophobic->mild_hydrophilic,small_nonpolar,small_nonpolar,1,0->0,4,4,0,2.6206,,,,,,unknown,unknown,,,,,,0,0,0,0,,,3.09759787480005e-06,5.0,1614154.0,4.496419051867093e-06,,,BRCA1 p.A1623G,1,"criteria provided, multiple submitters, no conflicts",ClinVar,37614,clinvar,17-43071046-G-C,ENST00000357654,missense_variant,gnomad_r4,GRCh38,,
hybrid,BRCA1,A,S,1641,13,17,4,1.3076923076923077,0.26826398659467937,221,1,0,4,11,13,17,19,2,4,4,2,6,6,0,0.333333,0.333333,0.0,0.333333,-0.333333,-0.666666,0.666667,1,5,4,13,17,4,13->17,1,1,1->1,0,0,0->0,89.09,105.09,16.0,16.0,1.8,-0.8,-2.6,2.6,0,0,0,0,1,0,0,1->0,mild_hydrophobic,mild_hydrophilic,mild_hydrophobic->mild_hydrophilic,small_nonpolar,polar,0,0->0,4,6,2,5.28,,,,,,unknown,unknown,,,,,,0,0,0,0,,,,,,,,,BRCA1 p.A1641S,0,"criteria provided, single submitter",ClinVar,868409,clinvar,,,,,,,
hybrid,BRCA1,A,T,1641,13,17,4,1.3076923076923077,0.26826398659467937,221,1,0,4,11,13,17,19,2,4,4,2,6,6,0,0.333333,0.333333,0.0,0.333333,-0.333333,-0.666666,0.666667,1,5,4,13,17,4,13->17,1,1,1->1,0,0,0->0,89.09,119.12,30.03,30.03,1.8,-0.7,-2.5,2.5,0,0,0,0,1,0,1,1->1,mild_hydrophobic,mild_hydrophilic,mild_hydrophobic->mild_hydrophilic,small_nonpolar,polar,0,0->0,4,4,0,5.6009,,,,,,unknown,unknown,,,,,,0,0,0,0,,,,,,,,,BRCA1 p.A1641T,0,"criteria provided, single submitter",ClinVar,55316,clinvar,,,,,,,
hybrid,BRCA1,A,E,1752,13,11,2,0.8461538461538461,-0.1670540846631662,143,0,1,2,11,7,17,13,2,4,4,2,6,6,0,0.333333,0.333333,0.0,0.333333,-0.333333,-0.666666,0.333333,1,5,4,13,11,-2,13->11,1,1,1->1,0,1,0->1,89.09,147.13,58.03999999999999,58.03999999999999,1.8,-3.5,-5.3,5.3,0,-1,-1,1,1,0,0,1->0,mild_hydrophobic,strong_hydrophilic,mild_hydrophobic->strong_hydrophilic,small_nonpolar,acidic,0,0->-1,4,2,-2,10.7412,,,,,,unknown,unknown,,,,,,0,0,0,0,,,,,,,,,BRCA1 p.A1752E,1,"criteria provided, single submitter",ClinVar,868230,clinvar,,,,,,,
hybrid,BRCA1,A,P,1752,13,17,4,1.3076923076923077,0.26826398659467937,221,1,0,4,11,13,17,19,2,4,4,2,6,6,0,0.333333,0.333333,0.0,0.333333,-0.333333,-0.666666,0.666667,1,5,4,13,17,4,13->17,1,1,1->1,0,0,0->0,89.09,115.13,26.039999999999992,26.039999999999992,1.8,-1.6,-3.4000000000000004,3.4000000000000004,0,0,0,0,0,0,1,1->1,mild_hydrophobic,mild_hydrophilic,mild_hydrophobic->mild_hydrophilic,small_nonpolar,special,0,0->0,4,4,0,5.1812,,,,,,unknown,unknown,,,,,,0,0,0,0,,,,,,,,,BRCA1 p.A1752P,1,"criteria provided, multiple submitters, no conflicts",ClinVar,55483,clinvar,,,,,,,
hybrid,BRCA1,A,D,1789,13,11,2,0.8461538461538461,-0.1670540846631662,143,0,1,2,11,7,17,13,2,4,4,2,6,6,0,0.333333,0.333333,0.0,0.333333,-0.333333,-0.666666,0.333333,1,5,4,13,11,-2,13->11,1,1,1->1,0,1,0->1,89.09,133.1,44.00999999999999,44.00999999999999,1.8,-3.5,-5.3,5.3,0,-1,-1,1,1,0,0,1->0,mild_hydrophobic,strong_hydrophilic,mild_hydrophobic->strong_hydrophilic,small_nonpolar,acidic,0,0->-1,4,2,-2,10.3203,,,,,,unknown,unknown,,,,,,0,0,0,0,,,,,,,,,BRCA1 p.A1789D,1,"criteria provided, single submitter",ClinVar,868380,clinvar,,,,,,,
hybrid,BRCA1,A,V,1789,13,19,6,1.4615384615384615,0.3794896217049037,247,1,0,6,11,17,17,23,2,2,4,4,6,6,0,0.333333,0.333333,0.0,0.333333,0.333333,0.0,1.0,1,1,0,13,19,6,13->19,1,1,1->1,0,0,0->0,89.09,117.15,28.060000000000002,28.060000000000002,1.8,4.2,2.4000000000000004,2.4000000000000004,0,0,0,0,0,0,1,1->1,mild_hydrophobic,strong_hydrophobic,mild_hydrophobic->strong_hydrophobic,small_nonpolar,hydrophobic,0,0->0,4,4,0,4.2418,,,,,,unknown,unknown,,,,,,0,0,0,0,,,,,,,,,BRCA1 p.A1789V,1,"criteria provided, single submitter",ClinVar,865385,clinvar,,,,,,,
hybrid,BRCA1,A,T,1814,13,17,4,1.3076923076923077,0.26826398659467937,221,1,0,4,11,13,17,19,2,4,4,2,6,6,0,0.333333,0.333333,0.0,0.333333,-0.333333,-0.666666,0.666667,1,5,4,13,17,4,13->17,1,1,1->1,0,0,0->0,89.09,119.12,30.03,30.03,1.8,-0.7,-2.5,2.5,0,0,0,0,1,0,1,1->1,mild_hydrophobic,mild_hydrophilic,mild_hydrophobic->mild_hydrophilic,small_nonpolar,polar,0,0->0,4,4,0,5.6009,,,,,,unknown,unknown,,,,,,0,0,0,0,,,6.194957799947467e-07,1.0,1614216.0,8.992741059416839e-07,,,BRCA1 p.A1814T,0,"criteria provided, single submitter",ClinVar,865516,clinvar,17-43047670-C-T,ENST00000357654,missense_variant,gnomad_r4,GRCh38,,
hybrid,BRCA1,A,P,1823,13,17,4,1.3076923076923077,0.26826398659467937,221,1,0,4,11,13,17,19,2,4,4,2,6,6,0,0.333333,0.333333,0.0,0.333333,-0.333333,-0.666666,0.666667,1,5,4,13,17,4,13->17,1,1,1->1,0,0,0->0,89.09,115.13,26.039999999999992,26.039999999999992,1.8,-1.6,-3.4000000000000004,3.4000000000000004,0,0,0,0,0,0,1,1->1,mild_hydrophobic,mild_hydrophilic,mild_hydrophobic->mild_hydrophilic,small_nonpolar,special,0,0->0,4,4,0,5.1812,,,,,,unknown,unknown,,,,,,0,0,0,0,,,,,,,,,BRCA1 p.A1823P,1,"criteria provided, single submitter",ClinVar,868921,clinvar,,,,,,,
hybrid,BRCA1,A,S,1823,13,17,4,1.3076923076923077,0.26826398659467937,221,1,0,4,11,13,17,19,2,4,4,2,6,6,0,0.333333,0.333333,0.0,0.333333,-0.333333,-0.666666,0.666667,1,5,4,13,17,4,13->17,1,1,1->1,0,0,0->0,89.09,105.09,16.0,16.0,1.8,-0.8,-2.6,2.6,0,0,0,0,1,0,0,1->0,mild_hydrophobic,mild_hydrophilic,mild_hydrophobic->mild_hydrophilic,small_nonpolar,polar,0,0->0,4,6,2,5.28,,,,,,unknown,unknown,,,,,,0,0,0,0,,,,,,,,,BRCA1 p.A1823S,1,"criteria provided, multiple submitters, no conflicts",ClinVar,868922,clinvar,,,,,,,
hybrid,BRCA1,A,T,1823,13,17,4,1.3076923076923077,0.26826398659467937,221,1,0,4,11,13,17,19,2,4,4,2,6,6,0,0.333333,0.333333,0.0,0.333333,-0.333333,-0.666666,0.666667,1,5,4,13,17,4,13->17,1,1,1->1,0,0,0->0,89.09,119.12,30.03,30.03,1.8,-0.7,-2.5,2.5,0,0,0,0,1,0,1,1->1,mild_hydrophobic,mild_hydrophilic,mild_hydrophobic->mild_hydrophilic,small_nonpolar,polar,0,0->0,4,4,0,5.6009,,,,,,unknown,unknown,,,,,,0,0,0,0,,,,,,,,,BRCA1 p.A1823T,1,"criteria provided, multiple submitters, no conflicts",ClinVar,55588,clinvar,,,,,,,
hybrid,BRCA1,A,S,1830,13,17,4,1.3076923076923077,0.26826398659467937,221,1,0,4,11,13,17,19,2,4,4,2,6,6,0,0.333333,0.333333,0.0,0.333333,-0.333333,-0.666666,0.666667,1,5,4,13,17,4,13->17,1,1,1->1,0,0,0->0,89.09,105.09,16.0,16.0,1.8,-0.8,-2.6,2.6,0,0,0,0,1,0,0,1->0,mild_hydrophobic,mild_hydrophilic,mild_hydrophobic->mild_hydrophilic,small_nonpolar,polar,0,0->0,4,6,2,5.28,,,,,,unknown,unknown,,,,,,0,0,0,0,,,,,,,,,BRCA1 p.A1830S,1,"criteria provided, single submitter",ClinVar,864931,clinvar,,,,,,,
hybrid,BRCA1,A,P,1843,13,17,4,1.3076923076923077,0.26826398659467937,221,1,0,4,11,13,17,19,2,4,4,2,6,6,0,0.333333,0.333333,0.0,0.333333,-0.333333,-0.666666,0.666667,1,5,4,13,17,4,13->17,1,1,1->1,0,0,0->0,89.09,115.13,26.039999999999992,26.039999999999992,1.8,-1.6,-3.4000000000000004,3.4000000000000004,0,0,0,0,0,0,1,1->1,mild_hydrophobic,mild_hydrophilic,mild_hydrophobic->mild_hydrophilic,small_nonpolar,special,0,0->0,4,4,0,5.1812,,,,,,unknown,unknown,,,,,,0,0,0,0,,,6.195748477394811e-07,1.0,1614010.0,1.1594471755866804e-05,,,BRCA1 p.A1843P,1,"criteria provided, multiple submitters, no conflicts",ClinVar,55614,clinvar,17-43045743-C-G,ENST00000357654,missense_variant,gnomad_r4,GRCh38,,
hybrid,BRCA1,A,V,439,13,19,6,1.4615384615384615,0.3794896217049037,247,1,0,6,11,17,17,23,2,2,4,4,6,6,0,0.333333,0.333333,0.0,0.333333,0.333333,0.0,1.0,1,1,0,13,19,6,13->19,1,1,1->1,0,0,0->0,89.09,117.15,28.060000000000002,28.060000000000002,1.8,4.2,2.4000000000000004,2.4000000000000004,0,0,0,0,0,0,1,1->1,mild_hydrophobic,strong_hydrophobic,mild_hydrophobic->strong_hydrophobic,small_nonpolar,hydrophobic,0,0->0,4,4,0,4.2418,,,,,,unknown,unknown,,,,,,0,0,0,0,,,,,,,,,BRCA1 p.A439V,0,"criteria provided, single submitter",ClinVar,3903873,clinvar,,,,,,,
hybrid,BRCA1,A,P,521,13,17,4,1.3076923076923077,0.26826398659467937,221,1,0,4,11,13,17,19,2,4,4,2,6,6,0,0.333333,0.333333,0.0,0.333333,-0.333333,-0.666666,0.666667,1,5,4,13,17,4,13->17,1,1,1->1,0,0,0->0,89.09,115.13,26.039999999999992,26.039999999999992,1.8,-1.6,-3.4000000000000004,3.4000000000000004,0,0,0,0,0,0,1,1->1,mild_hydrophobic,mild_hydrophilic,mild_hydrophobic->mild_hydrophilic,small_nonpolar,special,0,0->0,4,4,0,5.1812,,,,,,unknown,unknown,,,,,,0,0,0,0,,,,,,,,,BRCA1 p.A521P,0,"criteria provided, single submitter",ClinVar,431216,clinvar,,,,,,,
hybrid,BRCA1,A,T,744,13,17,4,1.3076923076923077,0.26826398659467937,221,1,0,4,11,13,17,19,2,4,4,2,6,6,0,0.333333,0.333333,0.0,0.333333,-0.333333,-0.666666,0.666667,1,5,4,13,17,4,13->17,1,1,1->1,0,0,0->0,89.09,119.12,30.03,30.03,1.8,-0.7,-2.5,2.5,0,0,0,0,1,0,1,1->1,mild_hydrophobic,mild_hydrophilic,mild_hydrophobic->mild_hydrophilic,small_nonpolar,polar,0,0->0,4,4,0,5.6009,,,,,,unknown,unknown,,,,,,0,0,0,0,,,6.195740799944486e-07,1.0,1614012.0,3.827311696264544e-05,,,BRCA1 p.A744T,0,"criteria provided, multiple submitters, no conflicts",ClinVar,187051,clinvar,17-43093301-C-T,ENST00000357654,missense_variant,gnomad_r4,GRCh38,,
hybrid,BRCA1,R,S,1076,19,17,2,0.8947368421052632,-0.11122563511022437,323,0,1,2,17,13,23,19,2,4,4,2,6,6,0,0.333333,0.333333,0.0,0.333333,-0.333333,-0.666666,0.333333,1,5,4,19,17,-2,19->17,1,1,1->1,0,0,0->0,174.2,105.09,-69.10999999999999,69.10999999999999,-4.5,-0.8,3.7,3.7,1,0,-1,1,0,0,1,0->0,strong_hydrophilic,mild_hydrophilic,strong_hydrophilic->mild_hydrophilic,basic,polar,0,1->0,6,6,0,8.2733,,,,,,unknown,unknown,,,,,,0,0,0,0,,,,,,,,,BRCA1 p.R1076S,0,"criteria provided, single submitter",ClinVar,54803,clinvar,,,,,,,
hybrid,BRCA1,R,M,1188,19,11,8,0.5789473684210527,-0.5465437063680699,209,0,1,8,17,7,23,13,2,4,4,2,6,6,0,0.333333,0.333333,0.0,0.333333,-0.333333,-0.666666,1.333333,1,5,4,19,11,-8,19->11,1,1,1->1,0,1,0->1,174.2,149.21,-24.98999999999998,24.98999999999998,-4.5,1.9,6.4,6.4,1,0,-1,1,1,0,1,0->0,strong_hydrophilic,mild_hydrophobic,strong_hydrophilic->mild_hydrophobic,basic,hydrophobic,0,1->0,6,1,-5,10.8497,,,,,,unknown,unknown,,,,,,0,0,0,0,,,,,,,,,BRCA1 p.R1188M,0,"criteria provided, single submitter",ClinVar,1050301,clinvar,,,,,,,
hybrid,BRCA1,R,T,1243,19,17,2,0.8947368421052632,-0.11122563511022437,323,0,1,2,17,13,23,19,2,4,4,2,6,6,0,0.333333,0.333333,0.0,0.333333,-0.333333,-0.666666,0.333333,1,5,4,19,17,-2,19->17,1,1,1->1,0,0,0->0,174.2,119.12,-55.079999999999984,55.079999999999984,-4.5,-0.7,3.8,3.8,1,0,-1,1,0,0,0,0->1,strong_hydrophilic,mild_hydrophilic,strong_hydrophilic->mild_hydrophilic,basic,polar,0,1->0,6,4,-2,7.9524,,,,,,unknown,unknown,,,,,,0,0,0,0,,,,,,,,,BRCA1 p.R1243T,0,"criteria provided, multiple submitters, no conflicts",ClinVar,1708959,clinvar,,,,,,,
hybrid,BRCA1,R,S,133,19,17,2,0.8947368421052632,-0.11122563511022437,323,0,1,2,17,13,23,19,2,4,4,2,6,6,0,0.333333,0.333333,0.0,0.333333,-0.333333,-0.666666,0.333333,1,5,4,19,17,-2,19->17,1,1,1->1,0,0,0->0,174.2,105.09,-69.10999999999999,69.10999999999999,-4.5,-0.8,3.7,3.7,1,0,-1,1,0,0,1,0->0,strong_hydrophilic,mild_hydrophilic,strong_hydrophilic->mild_hydrophilic,basic,polar,0,1->0,6,6,0,8.2733,,,,,,unknown,unknown,,,,,,0,0,0,0,,,6.19607862575933e-07,1.0,1613924.0,1.1595816229504394e-05,0.0,,BRCA1 p.R133S,0,no assertion criteria provided,ClinVar,91619,clinvar,17-43104166-G-T,ENST00000357654,missense_variant,gnomad_r4,GRCh38,urn:mavedb:00000081-a-1,BRCA1 RING and BRCT domains depletion scores
hybrid,BRCA1,R,K,1495,19,11,8,0.5789473684210527,-0.5465437063680699,209,0,1,8,17,7,23,13,2,4,4,2,6,6,0,0.333333,0.333333,0.0,0.333333,-0.333333,-0.666666,1.333333,1,5,4,19,11,-8,19->11,1,1,1->1,0,1,0->1,174.2,146.19,-28.00999999999999,28.00999999999999,-4.5,-3.9,0.6000000000000001,0.6000000000000001,1,1,0,0,0,0,1,0->0,strong_hydrophilic,strong_hydrophilic,strong_hydrophilic->strong_hydrophilic,basic,basic,1,1->1,6,2,-4,1.4403,,,,,,unknown,unknown,,,,,,0,0,0,0,,,,,,,,,BRCA1 p.R1495K,1,"criteria provided, multiple submitters, no conflicts",ClinVar,37597,clinvar,,,,,,,
hybrid,BRCA1,R,M,1495,19,11,8,0.5789473684210527,-0.5465437063680699,209,0,1,8,17,7,23,13,2,4,4,2,6,6,0,0.333333,0.333333,0.0,0.333333,-0.333333,-0.666666,1.333333,1,5,4,19,11,-8,19->11,1,1,1->1,0,1,0->1,174.2,149.21,-24.98999999999998,24.98999999999998,-4.5,1.9,6.4,6.4,1,0,-1,1,1,0,1,0->0,strong_hydrophilic,mild_hydrophobic,strong_hydrophilic->mild_hydrophobic,basic,hydrophobic,0,1->0,6,1,-5,10.8497,,,,,,unknown,unknown,,,,,,0,0,0,0,,,2.479058156225287e-06,4.0,1613516.0,3.5978211595058035e-06,,,BRCA1 p.R1495M,1,"criteria provided, multiple submitters, no conflicts",ClinVar,37598,clinvar,17-43076488-C-A,ENST00000357654,missense_variant,gnomad_r4,GRCh38,,
hybrid,BRCA1,R,H,1589,19,13,6,0.6842105263157895,-0.3794896217049037,247,0,1,6,17,11,23,17,2,2,4,4,6,6,0,0.333333,0.333333,0.0,0.333333,0.333333,0.0,1.0,1,1,0,19,13,-6,19->13,1,1,1->1,0,0,0->0,174.2,155.16,-19.039999999999992,19.039999999999992,-4.5,-3.2,1.2999999999999998,1.2999999999999998,1,1,0,0,0,1,1,0->0,strong_hydrophilic,strong_hydrophilic,strong_hydrophilic->strong_hydrophilic,basic,basic,1,1->1,6,2,-4,3.0712,,,,,,unknown,unknown,,,,,,0,0,0,0,,,1.5487548011398836e-05,25.0,1614200.0,0.0001623037863154,,,BRCA1 p.R1589H,0,"criteria provided, multiple submitters, no conflicts",ClinVar,55284,clinvar,17-43071148-C-T,ENST00000357654,missense_variant,gnomad_r4,GRCh38,,
hybrid,BRCA1,R,L,1699,19,23,4,1.2105263157894737,0.19105523676270922,437,1,0,4,17,19,23,29,2,4,4,6,6,10,4,0.333333,0.2,-0.133333,0.333333,0.2,-0.133333,0.5,1,5,4,19,23,4,19->23,1,0,1->0,0,1,0->1,174.2,131.18,-43.01999999999998,43.01999999999998,-4.5,3.8,8.3,8.3,1,0,-1,1,1,0,0,0->1,strong_hydrophilic,strong_hydrophobic,strong_hydrophilic->strong_hydrophobic,basic,hydrophobic,0,1->0,6,6,0,13.2906,,,,,,unknown,unknown,,,,,,0,0,0,0,,,,,,,,,BRCA1 p.R1699L,1,"criteria provided, multiple submitters, no conflicts",ClinVar,55398,clinvar,,,,,,,
hybrid,BRCA1,R,G,1751,19,13,6,0.6842105263157895,-0.3794896217049037,247,0,1,6,17,11,23,17,2,2,4,4,6,6,0,0.333333,0.333333,0.0,0.333333,0.333333,0.0,1.0,1,1,0,19,13,-6,19->13,1,1,1->1,0,0,0->0,174.2,75.07,-99.13,99.13,-4.5,-0.4,4.1,4.1,1,0,-1,1,1,0,0,0->1,strong_hydrophilic,mild_hydrophilic,strong_hydrophilic->mild_hydrophilic,basic,small_nonpolar,0,1->0,6,4,-2,10.7739,,,,,,unknown,unknown,,,,,,0,0,0,0,,,,,,,,,BRCA1 p.R1751G,1,"criteria provided, single submitter",ClinVar,433728,clinvar,,,,,,,
hybrid,BRCA1,R,I,1753,19,17,2,0.8947368421052632,-0.11122563511022437,323,0,1,2,17,13,23,19,2,4,4,2,6,6,0,0.333333,0.333333,0.0,0.333333,-0.333333,-0.666666,0.333333,1,5,4,19,17,-2,19->17,1,1,1->1,0,0,0->0,174.2,131.18,-43.01999999999998,43.01999999999998,-4.5,4.5,9.0,9.0,1,0,-1,1,1,0,0,0->1,strong_hydrophilic,strong_hydrophobic,strong_hydrophilic->strong_hydrophobic,basic,hydrophobic,0,1->0,6,3,-3,13.9906,,,,,,unknown,unknown,,,,,,0,0,0,0,,,,,,,,,BRCA1 p.R1753I,1,"criteria provided, single submitter",ClinVar,865210,clinvar,,,,,,,
hybrid,BRCA1,R,S,1753,19,17,2,0.8947368421052632,-0.11122563511022437,323,0,1,2,17,13,23,19,2,4,4,2,6,6,0,0.333333,0.333333,0.0,0.333333,-0.333333,-0.666666,0.333333,1,5,4,19,17,-2,19->17,1,1,1->1,0,0,0->0,174.2,105.09,-69.10999999999999,69.10999999999999,-4.5,-0.8,3.7,3.7,1,0,-1,1,0,0,1,0->0,strong_hydrophilic,mild_hydrophilic,strong_hydrophilic->mild_hydrophilic,basic,polar,0,1->0,6,6,0,8.2733,,,,,,unknown,unknown,,,,,,0,0,0,0,,,,,,,,,BRCA1 p.R1753S,1,"criteria provided, single submitter",ClinVar,865211,clinvar,,,,,,,
hybrid,BRCA1,R,K,71,19,11,8,0.5789473684210527,-0.5465437063680699,209,0,1,8,17,7,23,13,2,4,4,2,6,6,0,0.333333,0.333333,0.0,0.333333,-0.333333,-0.666666,1.333333,1,5,4,19,11,-8,19->11,1,1,1->1,0,1,0->1,174.2,146.19,-28.00999999999999,28.00999999999999,-4.5,-3.9,0.6000000000000001,0.6000000000000001,1,1,0,0,0,0,1,0->0,strong_hydrophilic,strong_hydrophilic,strong_hydrophilic->strong_hydrophilic,basic,basic,1,1->1,6,2,-4,1.4403,,,,,,unknown,unknown,,,,,,0,0,0,0,,,0.0,0.0,1579798.0,0.0,0.19855398241475,,BRCA1 p.R71K,1,"criteria provided, multiple submitters, no conflicts",ClinVar,54471,clinvar,17-43106456-C-T,ENST00000357654,missense_variant,gnomad_r4,GRCh38,urn:mavedb:00000081-a-2,BRCA1 RING and BRCT domains mean HDR fluorescence score
hybrid,BRCA1,R,M,71,19,11,8,0.5789473684210527,-0.5465437063680699,209,0,1,8,17,7,23,13,2,4,4,2,6,6,0,0.333333,0.333333,0.0,0.333333,-0.333333,-0.666666,1.333333,1,5,4,19,11,-8,19->11,1,1,1->1,0,1,0->1,174.2,149.21,-24.98999999999998,24.98999999999998,-4.5,1.9,6.4,6.4,1,0,-1,1,1,0,1,0->0,strong_hydrophilic,mild_hydrophobic,strong_hydrophilic->mild_hydrophobic,basic,hydrophobic,0,1->0,6,1,-5,10.8497,,,,,,unknown,unknown,,,,,,0,0,0,0,,,,,,,0.6283016592093333,,BRCA1 p.R71M,1,"criteria provided, multiple submitters, no conflicts",ClinVar,185705,clinvar,,,,,,urn:mavedb:00000081-a-2,BRCA1 RING and BRCT domains mean HDR fluorescence score
hybrid,BRCA1,R,T,71,19,17,2,0.8947368421052632,-0.11122563511022437,323,0,1,2,17,13,23,19,2,4,4,2,6,6,0,0.333333,0.333333,0.0,0.333333,-0.333333,-0.666666,0.333333,1,5,4,19,17,-2,19->17,1,1,1->1,0,0,0->0,174.2,119.12,-55.079999999999984,55.079999999999984,-4.5,-0.7,3.8,3.8,1,0,-1,1,0,0,0,0->1,strong_hydrophilic,mild_hydrophilic,strong_hydrophilic->mild_hydrophilic,basic,polar,0,1->0,6,4,-2,7.9524,,,,,,unknown,unknown,,,,,,0,0,0,0,,,,,,,,,BRCA1 p.R71T,1,"criteria provided, multiple submitters, no conflicts",ClinVar,267512,clinvar,,,,,,,
hybrid,BRCA1,R,W,71,19,11,8,0.5789473684210527,-0.5465437063680699,209,0,1,8,17,7,23,13,2,4,4,2,6,6,0,0.333333,0.333333,0.0,0.333333,-0.333333,-0.666666,1.333333,1,5,4,19,11,-8,19->11,1,1,1->1,0,1,0->1,174.2,204.23,30.03,30.03,-4.5,-0.9,3.6,3.6,1,0,-1,1,1,1,1,0->0,strong_hydrophilic,mild_hydrophilic,strong_hydrophilic->mild_hydrophilic,basic,aromatic,0,1->0,6,1,-5,9.4009,,,,,,unknown,unknown,,,,,,0,0,0,0,,,,,,,0.07439252452135,,BRCA1 p.R71W,1,"criteria provided, single submitter",ClinVar,867340,clinvar,,,,,,urn:mavedb:00000081-a-2,BRCA1 RING and BRCT domains mean HDR fluorescence score
hybrid,BRCA1,R,L,7,19,23,4,1.2105263157894737,0.19105523676270922,437,1,0,4,17,19,23,29,2,4,4,6,6,10,4,0.333333,0.2,-0.133333,0.333333,0.2,-0.133333,0.5,1,5,4,19,23,4,19->23,1,0,1->0,0,1,0->1,174.2,131.18,-43.01999999999998,43.01999999999998,-4.5,3.8,8.3,8.3,1,0,-1,1,1,0,0,0->1,strong_hydrophilic,strong_hydrophobic,strong_hydrophilic->strong_hydrophobic,basic,hydrophobic,0,1->0,6,6,0,13.2906,,,,,,unknown,unknown,,,,,,0,0,0,0,,,6.197952692266691e-07,1.0,1613436.0,8.996543527976551e-07,0.0780238362145,,BRCA1 p.R7L,0,"criteria provided, single submitter",ClinVar,820717,clinvar,17-43124077-C-A,ENST00000357654,missense_variant,gnomad_r4,GRCh38,urn:mavedb:00000081-a-2,BRCA1 RING and BRCT domains mean HDR fluorescence score
hybrid,BRCA1,R,Q,841,19,7,12,0.3684210526315789,-0.9985288301111273,133,0,1,12,17,5,23,11,2,2,4,4,6,6,0,0.333333,0.333333,0.0,0.333333,0.333333,0.0,2.0,1,1,0,19,7,-12,19->7,1,1,1->1,0,0,0->0,174.2,146.15,-28.049999999999983,28.049999999999983,-4.5,-3.5,1.0,1.0,1,0,-1,1,0,0,1,0->0,strong_hydrophilic,strong_hydrophilic,strong_hydrophilic->strong_hydrophilic,basic,polar,0,1->0,6,2,-4,4.3415,,,,,,unknown,unknown,,,,,,0,0,0,0,,,7.250013942334505e-05,117.0,1613790.0,0.0001926782273603,,,BRCA1 p.R841Q,0,"criteria provided, multiple submitters, no conflicts",ClinVar,54591,clinvar,17-43093009-C-T,ENST00000357654,missense_variant,gnomad_r4,GRCh38,,
hybrid,BRCA1,R,C,979,19,5,14,0.2631578947368421,-1.3350010667323402,95,0,1,14,17,3,23,7,2,2,4,2,6,4,-2,0.333333,0.5,0.166667,0.333333,0.0,-0.333333,2.8,1,5,4,19,5,-14,19->5,1,1,1->1,0,1,0->1,174.2,121.16,-53.03999999999999,53.03999999999999,-4.5,2.5,7.0,7.0,1,0,-1,1,0,0,1,0->0,strong_hydrophilic,strong_hydrophobic,strong_hydrophilic->strong_hydrophobic,basic,special,0,1->0,6,2,-4,11.0912,,,,,,unknown,unknown,,,,,,0,0,0,0,,,1.1773030836665927e-05,19.0,1613858.0,0.0003467406380027,,,BRCA1 p.R979C,0,"criteria provided, multiple submitters, no conflicts",ClinVar,54727,clinvar,17-43092596-G-A,ENST00000357654,missense_variant,gnomad_r4,GRCh38,,
hybrid,BRCA1,N,S,1043,7,17,10,2.4285714285714284,0.8873031950009027,119,1,0,10,5,13,11,19,2,4,4,2,6,6,0,0.333333,0.333333,0.0,0.333333,-0.333333,-0.666666,1.666667,1,5,4,7,17,10,7->17,1,1,1->1,0,0,0->0,132.12,105.09,-27.03,27.03,-3.5,-0.8,2.7,2.7,0,0,0,0,0,0,1,0->0,strong_hydrophilic,mild_hydrophilic,strong_hydrophilic->mild_hydrophilic,polar,polar,1,0->0,2,6,4,3.5109,,,,,,unknown,unknown,,,,,,0,0,0,0,,,1.2392003687860298e-06,2.0,1613944.0,2.5200342724661052e-05,,,BRCA1 p.N1043S,0,"criteria provided, single submitter",ClinVar,3226132,clinvar,17-43092403-T-C,ENST00000357654,missense_variant,gnomad_r4,GRCh38,,
hybrid,BRCA1,N,K,13,7,11,4,1.5714285714285714,0.4519851237430572,77,1,0,4,5,7,11,13,2,4,4,2,6,6,0,0.333333,0.333333,0.0,0.333333,-0.333333,-0.666666,0.666667,1,5,4,7,11,4,7->11,1,1,1->1,0,1,0->1,132.12,146.19,14.069999999999993,14.069999999999993,-3.5,-3.9,-0.3999999999999999,0.3999999999999999,0,1,1,1,0,0,1,0->0,strong_hydrophilic,strong_hydrophilic,strong_hydrophilic->strong_hydrophilic,polar,basic,0,0->1,2,2,0,3.3221,,,,,,unknown,unknown,,,,,,0,0,0,0,,,1.2393216944501934e-06,2.0,1613786.0,0.0002069536423841,,,BRCA1 p.N13K,0,"criteria provided, single submitter",ClinVar,869089,clinvar,17-43124058-A-T,ENST00000357654,missense_variant,gnomad_r4,GRCh38,,
hybrid,BRCA1,N,S,1519,7,17,10,2.4285714285714284,0.8873031950009027,119,1,0,10,5,13,11,19,2,4,4,2,6,6,0,0.333333,0.333333,0.0,0.333333,-0.333333,-0.666666,1.666667,1,5,4,7,17,10,7->17,1,1,1->1,0,0,0->0,132.12,105.09,-27.03,27.03,-3.5,-0.8,2.7,2.7,0,0,0,0,0,0,1,0->0,strong_hydrophilic,mild_hydrophilic,strong_hydrophilic->mild_hydrophilic,polar,polar,1,0->0,2,6,4,3.5109,,,,,,unknown,unknown,,,,,,0,0,0,0,,,1.2390253331119608e-06,2.0,1614172.0,3.744056310606911e-05,,,BRCA1 p.N1519S,0,"criteria provided, single submitter",ClinVar,4539184,clinvar,17-43074450-T-C,ENST00000357654,missense_variant,gnomad_r4,GRCh38,,
hybrid,BRCA1,N,D,1647,7,11,4,1.5714285714285714,0.4519851237430572,77,1,0,4,5,7,11,13,2,4,4,2,6,6,0,0.333333,0.333333,0.0,0.333333,-0.333333,-0.666666,0.666667,1,5,4,7,11,4,7->11,1,1,1->1,0,1,0->1,132.12,133.1,0.9799999999999898,0.9799999999999898,-3.5,-3.5,0.0,0.0,0,-1,-1,1,0,0,1,0->0,strong_hydrophilic,strong_hydrophilic,strong_hydrophilic->strong_hydrophilic,polar,acidic,0,0->-1,2,2,0,2.5294,,,,,,unknown,unknown,,,,,,0,0,0,0,,,,,,,,,BRCA1 p.N1647D,0,"criteria provided, single submitter",ClinVar,865439,clinvar,,,,,,,
hybrid,BRCA1,N,K,1647,7,11,4,1.5714285714285714,0.4519851237430572,77,1,0,4,5,7,11,13,2,4,4,2,6,6,0,0.333333,0.333333,0.0,0.333333,-0.333333,-0.666666,0.666667,1,5,4,7,11,4,7->11,1,1,1->1,0,1,0->1,132.12,146.19,14.069999999999993,14.069999999999993,-3.5,-3.9,-0.3999999999999999,0.3999999999999999,0,1,1,1,0,0,1,0->0,strong_hydrophilic,strong_hydrophilic,strong_hydrophilic->strong_hydrophilic,polar,basic,0,0->1,2,2,0,3.3221,,,,,,unknown,unknown,,,,,,0,0,0,0,,,1.2390038409119069e-06,2.0,1614200.0,0.0001733703190013,,,BRCA1 p.N1647K,0,"criteria provided, single submitter",ClinVar,865710,clinvar,17-43070973-G-T,ENST00000357654,missense_variant,gnomad_r4,GRCh38,,
hybrid,BRCA1,N,D,16,7,11,4,1.5714285714285714,0.4519851237430572,77,1,0,4,5,7,11,13,2,4,4,2,6,6,0,0.333333,0.333333,0.0,0.333333,-0.333333,-0.666666,0.666667,1,5,4,7,11,4,7->11,1,1,1->1,0,1,0->1,132.12,133.1,0.9799999999999898,0.9799999999999898,-3.5,-3.5,0.0,0.0,0,-1,-1,1,0,0,1,0->0,strong_hydrophilic,strong_hydrophilic,strong_hydrophilic->strong_hydrophilic,polar,acidic,0,0->-1,2,2,0,2.5294,,,,,,unknown,unknown,,,,,,0,0,0,0,,,,,,,-0.17411529525,,BRCA1 p.N16D,0,"criteria provided, single submitter",ClinVar,868725,clinvar,,,,,,urn:mavedb:00001222-b-2,Scores from multiplexed functional assay of BRCA1 variants
hybrid,BRCA1,N,K,1730,7,11,4,1.5714285714285714,0.4519851237430572,77,1,0,4,5,7,11,13,2,4,4,2,6,6,0,0.333333,0.333333,0.0,0.333333,-0.333333,-0.666666,0.666667,1,5,4,7,11,4,7->11,1,1,1->1,0,1,0->1,132.12,146.19,14.069999999999993,14.069999999999993,-3.5,-3.9,-0.3999999999999999,0.3999999999999999,0,1,1,1,0,0,1,0->0,strong_hydrophilic,strong_hydrophilic,strong_hydrophilic->strong_hydrophilic,polar,basic,0,0->1,2,2,0,3.3221,,,,,,unknown,unknown,,,,,,0,0,0,0,,,6.213449383998628e-07,1.0,1609412.0,9.027486892089032e-07,,,BRCA1 p.N1730K,0,"criteria provided, single submitter",ClinVar,867457,clinvar,17-43063336-A-C,ENST00000357654,missense_variant,gnomad_r4,GRCh38,,
hybrid,BRCA1,N,S,1819,7,17,10,2.4285714285714284,0.8873031950009027,119,1,0,10,5,13,11,19,2,4,4,2,6,6,0,0.333333,0.333333,0.0,0.333333,-0.333333,-0.666666,1.666667,1,5,4,7,17,10,7->17,1,1,1->1,0,0,0->0,132.12,105.09,-27.03,27.03,-3.5,-0.8,2.7,2.7,0,0,0,0,0,0,1,0->0,strong_hydrophilic,mild_hydrophilic,strong_hydrophilic->mild_hydrophilic,polar,polar,1,0->0,2,6,4,3.5109,,,,,,unknown,unknown,,,,,,0,0,0,0,,,6.567224839474721e-05,106.0,1614076.0,0.0002015113350125,,,BRCA1 p.N1819S,0,"criteria provided, multiple submitters, no conflicts",ClinVar,55585,clinvar,17-43047654-T-C,ENST00000357654,missense_variant,gnomad_r4,GRCh38,,
hybrid,BRCA1,N,D,247,7,11,4,1.5714285714285714,0.4519851237430572,77,1,0,4,5,7,11,13,2,4,4,2,6,6,0,0.333333,0.333333,0.0,0.333333,-0.333333,-0.666666,0.666667,1,5,4,7,11,4,7->11,1,1,1->1,0,1,0->1,132.12,133.1,0.9799999999999898,0.9799999999999898,-3.5,-3.5,0.0,0.0,0,-1,-1,1,0,0,1,0->0,strong_hydrophilic,strong_hydrophilic,strong_hydrophilic->strong_hydrophilic,polar,acidic,0,0->-1,2,2,0,2.5294,,,,,,unknown,unknown,,,,,,0,0,0,0,,,6.198160138144593e-07,1.0,1613382.0,8.994957426866498e-07,,,BRCA1 p.N247D,0,"criteria provided, multiple submitters, no conflicts",ClinVar,232600,clinvar,17-43094792-T-C,ENST00000357654,missense_variant,gnomad_r4,GRCh38,,
hybrid,BRCA1,N,C,343,7,5,2,0.7142857142857143,-0.3364722366212129,35,0,1,2,5,3,11,7,2,2,4,2,6,4,-2,0.333333,0.5,0.166667,0.333333,0.0,-0.333333,0.4,1,5,4,7,5,-2,7->5,1,1,1->1,0,1,0->1,132.12,121.16,-10.960000000000008,10.960000000000008,-3.5,2.5,6.0,6.0,0,0,0,0,0,0,1,0->0,strong_hydrophilic,strong_hydrophobic,strong_hydrophilic->strong_hydrophobic,polar,special,0,0->0,2,2,0,7.3288,,,,,,unknown,unknown,,,,,,0,0,0,0,,,,,,,,,BRCA1 p.N343C,0,no assertion criteria provided,ClinVar,2683811,clinvar,,,,,,,
hybrid,BRCA1,N,S,363,7,17,10,2.4285714285714284,0.8873031950009027,119,1,0,10,5,13,11,19,2,4,4,2,6,6,0,0.333333,0.333333,0.0,0.333333,-0.333333,-0.666666,1.666667,1,5,4,7,17,10,7->17,1,1,1->1,0,0,0->0,132.12,105.09,-27.03,27.03,-3.5,-0.8,2.7,2.7,0,0,0,0,0,0,1,0->0,strong_hydrophilic,mild_hydrophilic,strong_hydrophilic->mild_hydrophilic,polar,polar,1,0->0,2,6,4,3.5109,,,,,,unknown,unknown,,,,,,0,0,0,0,,,,,,,,,BRCA1 p.N363S,0,"criteria provided, single submitter",ClinVar,3481900,clinvar,,,,,,,
hybrid,BRCA1,N,S,376,7,17,10,2.4285714285714284,0.8873031950009027,119,1,0,10,5,13,11,19,2,4,4,2,6,6,0,0.333333,0.333333,0.0,0.333333,-0.333333,-0.666666,1.666667,1,5,4,7,17,10,7->17,1,1,1->1,0,0,0->0,132.12,105.09,-27.03,27.03,-3.5,-0.8,2.7,2.7,0,0,0,0,0,0,1,0->0,strong_hydrophilic,mild_hydrophilic,strong_hydrophilic->mild_hydrophilic,polar,polar,1,0->0,2,6,4,3.5109,,,,,,unknown,unknown,,,,,,0,0,0,0,,,,,,,,,BRCA1 p.N376S,0,"criteria provided, single submitter",ClinVar,54139,clinvar,,,,,,,
hybrid,BRCA1,N,S,66,7,17,10,2.4285714285714284,0.8873031950009027,119,1,0,10,5,13,11,19,2,4,4,2,6,6,0,0.333333,0.333333,0.0,0.333333,-0.333333,-0.666666,1.666667,1,5,4,7,17,10,7->17,1,1,1->1,0,0,0->0,132.12,105.09,-27.03,27.03,-3.5,-0.8,2.7,2.7,0,0,0,0,0,0,1,0->0,strong_hydrophilic,mild_hydrophilic,strong_hydrophilic->mild_hydrophilic,polar,polar,1,0->0,2,6,4,3.5109,,,,,,unknown,unknown,,,,,,0,0,0,0,,,,,,,0.427131267365875,,BRCA1 p.N66S,0,"criteria provided, single submitter",ClinVar,865249,clinvar,,,,,,urn:mavedb:00000081-a-2,BRCA1 RING and BRCT domains mean HDR fluorescence score
hybrid,BRCA1,N,D,909,7,11,4,1.5714285714285714,0.4519851237430572,77,1,0,4,5,7,11,13,2,4,4,2,6,6,0,0.333333,0.333333,0.0,0.333333,-0.333333,-0.666666,0.666667,1,5,4,7,11,4,7->11,1,1,1->1,0,1,0->1,132.12,133.1,0.9799999999999898,0.9799999999999898,-3.5,-3.5,0.0,0.0,0,-1,-1,1,0,0,1,0->0,strong_hydrophilic,strong_hydrophilic,strong_hydrophilic->strong_hydrophilic,polar,acidic,0,0->-1,2,2,0,2.5294,,,,,,unknown,unknown,,,,,,0,0,0,0,,,,,,,,,BRCA1 p.N909D,0,"criteria provided, single submitter",ClinVar,4758075,clinvar,,,,,,,
hybrid,BRCA1,N,Y,916,7,17,10,2.4285714285714284,0.8873031950009027,119,1,0,10,5,13,11,19,2,4,4,2,6,6,0,0.333333,0.333333,0.0,0.333333,-0.333333,-0.666666,1.666667,1,5,4,7,17,10,7->17,1,1,1->1,0,0,0->0,132.12,181.19,49.06999999999999,49.06999999999999,-3.5,-1.3,2.2,2.2,0,0,0,0,0,1,0,0->1,strong_hydrophilic,mild_hydrophilic,strong_hydrophilic->mild_hydrophilic,polar,aromatic,0,0->0,2,2,0,5.8721,,,,,,unknown,unknown,,,,,,0,0,0,0,,,,,,,,,BRCA1 p.N916Y,0,"criteria provided, single submitter",ClinVar,91598,clinvar,,,,,,,
hybrid,BRCA1,D,A,1156,11,13,2,1.1818181818181819,0.16705408466316624,143,1,0,2,7,11,13,17,4,2,2,4,6,6,0,0.333333,0.333333,0.0,-0.333333,0.333333,0.666666,0.333333,5,1,-4,11,13,2,11->13,1,1,1->1,1,0,1->0,133.1,89.09,-44.00999999999999,44.00999999999999,-3.5,1.8,5.3,5.3,-1,0,1,1,1,0,0,0->1,strong_hydrophilic,mild_hydrophobic,strong_hydrophilic->mild_hydrophobic,acidic,small_nonpolar,0,-1->0,2,4,2,10.3203,,,,,,unknown,unknown,,,,,,0,0,0,0,,,,,,,,,BRCA1 p.D1156A,0,"criteria provided, single submitter",ClinVar,1174984,clinvar,,,,,,,
hybrid,BRCA1,D,N,1162,11,7,4,0.6363636363636364,-0.45198512374305727,77,0,1,4,7,5,13,11,4,2,2,4,6,6,0,0.333333,0.333333,0.0,-0.333333,0.333333,0.666666,0.666667,5,1,-4,11,7,-4,11->7,1,1,1->1,1,0,1->0,133.1,132.12,-0.9799999999999898,0.9799999999999898,-3.5,-3.5,0.0,0.0,-1,0,1,1,0,0,1,0->0,strong_hydrophilic,strong_hydrophilic,strong_hydrophilic->strong_hydrophilic,acidic,polar,0,-1->0,2,2,0,2.5294,,,,,,unknown,unknown,,,,,,0,0,0,0,,,,,,,,,BRCA1 p.D1162N,0,"criteria provided, single submitter",ClinVar,3226138,clinvar,,,,,,,
hybrid,BRCA1,D,E,1337,11,11,0,1.0,0.0,121,0,0,0,7,7,13,13,4,4,2,2,6,6,0,0.333333,0.333333,0.0,-0.333333,-0.333333,0.0,0.0,5,5,0,11,11,0,11->11,1,1,1->1,1,1,1->1,133.1,147.13,14.030000000000001,14.030000000000001,-3.5,-3.5,0.0,0.0,-1,-1,0,0,0,0,1,0->0,strong_hydrophilic,strong_hydrophilic,strong_hydrophilic->strong_hydrophilic,acidic,acidic,1,-1->-1,2,2,0,0.4209,,,,,,unknown,unknown,,,,,,0,0,0,0,,,,,,,,,BRCA1 p.D1337E,0,"criteria provided, single submitter",ClinVar,55075,clinvar,,,,,,,
hybrid,BRCA1,D,N,1441,11,7,4,0.6363636363636364,-0.45198512374305727,77,0,1,4,7,5,13,11,4,2,2,4,6,6,0,0.333333,0.333333,0.0,-0.333333,0.333333,0.666666,0.666667,5,1,-4,11,7,-4,11->7,1,1,1->1,1,0,1->0,133.1,132.12,-0.9799999999999898,0.9799999999999898,-3.5,-3.5,0.0,0.0,-1,0,1,1,0,0,1,0->0,strong_hydrophilic,strong_hydrophilic,strong_hydrophilic->strong_hydrophilic,acidic,polar,0,-1->0,2,2,0,2.5294,,,,,,unknown,unknown,,,,,,0,0,0,0,,,6.195211101818295e-07,1.0,1614150.0,1.15931275939623e-05,,,BRCA1 p.D1441N,1,"criteria provided, single submitter",ClinVar,2687847,clinvar,17-43082440-C-T,ENST00000357654,missense_variant,gnomad_r4,GRCh38,,
hybrid,BRCA1,D,N,1692,11,7,4,0.6363636363636364,-0.45198512374305727,77,0,1,4,7,5,13,11,4,2,2,4,6,6,0,0.333333,0.333333,0.0,-0.333333,0.333333,0.666666,0.666667,5,1,-4,11,7,-4,11->7,1,1,1->1,1,0,1->0,133.1,132.12,-0.9799999999999898,0.9799999999999898,-3.5,-3.5,0.0,0.0,-1,0,1,1,0,0,1,0->0,strong_hydrophilic,strong_hydrophilic,strong_hydrophilic->strong_hydrophilic,acidic,polar,0,-1->0,2,2,0,2.5294,,,,,,unknown,unknown,,,,,,0,0,0,0,,,,,,,,,BRCA1 p.D1692N,1,"criteria provided, multiple submitters, no conflicts",ClinVar,37632,clinvar,,,,,,,
hybrid,BRCA1,D,Y,1692,11,17,6,1.5454545454545454,0.4353180712578455,187,1,0,6,7,13,13,19,4,4,2,2,6,6,0,0.333333,0.333333,0.0,-0.333333,-0.333333,0.0,1.0,5,5,0,11,17,6,11->17,1,1,1->1,1,0,1->0,133.1,181.19,48.09,48.09,-3.5,-1.3,2.2,2.2,-1,0,1,1,0,1,0,0->1,strong_hydrophilic,mild_hydrophilic,strong_hydrophilic->mild_hydrophilic,acidic,aromatic,0,-1->0,2,2,0,7.3427,,,,,,unknown,unknown,,,,,,0,0,0,0,,,,,,,,,BRCA1 p.D1692Y,1,"criteria provided, single submitter",ClinVar,55376,clinvar,,,,,,,
hybrid,BRCA1,D,E,1739,11,11,0,1.0,0.0,121,0,0,0,7,7,13,13,4,4,2,2,6,6,0,0.333333,0.333333,0.0,-0.333333,-0.333333,0.0,0.0,5,5,0,11,11,0,11->11,1,1,1->1,1,1,1->1,133.1,147.13,14.030000000000001,14.030000000000001,-3.5,-3.5,0.0,0.0,-1,-1,0,0,0,0,1,0->0,strong_hydrophilic,strong_hydrophilic,strong_hydrophilic->strong_hydrophilic,acidic,acidic,1,-1->-1,2,2,0,0.4209,,,,,,unknown,unknown,,,,,,0,0,0,0,,,,,,,,,BRCA1 p.D1739E,1,"criteria provided, single submitter",ClinVar,55467,clinvar,,,,,,,
hybrid,BRCA1,D,G,1739,11,13,2,1.1818181818181819,0.16705408466316624,143,1,0,2,7,11,13,17,4,2,2,4,6,6,0,0.333333,0.333333,0.0,-0.333333,0.333333,0.666666,0.333333,5,1,-4,11,13,2,11->13,1,1,1->1,1,0,1->0,133.1,75.07,-58.03,58.03,-3.5,-0.4,3.1,3.1,-1,0,1,1,1,0,0,0->1,strong_hydrophilic,mild_hydrophilic,strong_hydrophilic->mild_hydrophilic,acidic,small_nonpolar,0,-1->0,2,4,2,8.5409,,,,,,unknown,unknown,,,,,,0,0,0,0,,,6.195894352566215e-07,1.0,1613972.0,8.993420413625392e-07,,,BRCA1 p.D1739G,1,"criteria provided, multiple submitters, no conflicts",ClinVar,55465,clinvar,17-43057113-T-C,ENST00000357654,missense_variant,gnomad_r4,GRCh38,,
hybrid,BRCA1,D,H,1739,11,13,2,1.1818181818181819,0.16705408466316624,143,1,0,2,7,11,13,17,4,2,2,4,6,6,0,0.333333,0.333333,0.0,-0.333333,0.333333,0.666666,0.333333,5,1,-4,11,13,2,11->13,1,1,1->1,1,0,1->0,133.1,155.16,22.060000000000002,22.060000000000002,-3.5,-3.2,0.2999999999999998,0.2999999999999998,-1,1,2,2,0,1,1,0->0,strong_hydrophilic,strong_hydrophilic,strong_hydrophilic->strong_hydrophilic,acidic,basic,0,-1->1,2,2,0,6.1618,,,,,,unknown,unknown,,,,,,0,0,0,0,,,,,,,,,BRCA1 p.D1739H,1,"criteria provided, single submitter",ClinVar,481487,clinvar,,,,,,,
hybrid,BRCA1,D,Y,1739,11,17,6,1.5454545454545454,0.4353180712578455,187,1,0,6,7,13,13,19,4,4,2,2,6,6,0,0.333333,0.333333,0.0,-0.333333,-0.333333,0.0,1.0,5,5,0,11,17,6,11->17,1,1,1->1,1,0,1->0,133.1,181.19,48.09,48.09,-3.5,-1.3,2.2,2.2,-1,0,1,1,0,1,0,0->1,strong_hydrophilic,mild_hydrophilic,strong_hydrophilic->mild_hydrophilic,acidic,aromatic,0,-1->0,2,2,0,7.3427,,,,,,unknown,unknown,,,,,,0,0,0,0,,,,,,,,,BRCA1 p.D1739Y,1,"criteria provided, multiple submitters, no conflicts",ClinVar,55464,clinvar,,,,,,,
hybrid,BRCA1,D,V,1739,11,19,8,1.7272727272727273,0.5465437063680699,209,1,0,8,7,17,13,23,4,2,2,4,6,6,0,0.333333,0.333333,0.0,-0.333333,0.333333,0.666666,1.333333,5,1,-4,11,19,8,11->19,1,1,1->1,1,0,1->0,133.1,117.15,-15.949999999999989,15.949999999999989,-3.5,4.2,7.7,7.7,-1,0,1,1,1,0,0,0->1,strong_hydrophilic,strong_hydrophobic,strong_hydrophilic->strong_hydrophobic,acidic,hydrophobic,0,-1->0,2,4,2,11.8785,,,,,,unknown,unknown,,,,,,0,0,0,0,,,,,,,,,BRCA1 p.D1739V,1,"criteria provided, multiple submitters, no conflicts",ClinVar,55466,clinvar,,,,,,,
hybrid,BRCA1,D,E,1757,11,11,0,1.0,0.0,121,0,0,0,7,7,13,13,4,4,2,2,6,6,0,0.333333,0.333333,0.0,-0.333333,-0.333333,0.0,0.0,5,5,0,11,11,0,11->11,1,1,1->1,1,1,1->1,133.1,147.13,14.030000000000001,14.030000000000001,-3.5,-3.5,0.0,0.0,-1,-1,0,0,0,0,1,0->0,strong_hydrophilic,strong_hydrophilic,strong_hydrophilic->strong_hydrophilic,acidic,acidic,1,-1->-1,2,2,0,0.4209,,,,,,unknown,unknown,,,,,,0,0,0,0,,,,,,,,,BRCA1 p.D1757E,0,"criteria provided, single submitter",ClinVar,867299,clinvar,,,,,,,
hybrid,BRCA1,D,Y,1757,11,17,6,1.5454545454545454,0.4353180712578455,187,1,0,6,7,13,13,19,4,4,2,2,6,6,0,0.333333,0.333333,0.0,-0.333333,-0.333333,0.0,1.0,5,5,0,11,17,6,11->17,1,1,1->1,1,0,1->0,133.1,181.19,48.09,48.09,-3.5,-1.3,2.2,2.2,-1,0,1,1,0,1,0,0->1,strong_hydrophilic,mild_hydrophilic,strong_hydrophilic->mild_hydrophilic,acidic,aromatic,0,-1->0,2,2,0,7.3427,,,,,,unknown,unknown,,,,,,0,0,0,0,,,,,,,,,BRCA1 p.D1757Y,0,"criteria provided, single submitter",ClinVar,441431,clinvar,,,,,,,
hybrid,BRCA1,D,E,1813,11,11,0,1.0,0.0,121,0,0,0,7,7,13,13,4,4,2,2,6,6,0,0.333333,0.333333,0.0,-0.333333,-0.333333,0.0,0.0,5,5,0,11,11,0,11->11,1,1,1->1,1,1,1->1,133.1,147.13,14.030000000000001,14.030000000000001,-3.5,-3.5,0.0,0.0,-1,-1,0,0,0,0,1,0->0,strong_hydrophilic,strong_hydrophilic,strong_hydrophilic->strong_hydrophilic,acidic,acidic,1,-1->-1,2,2,0,0.4209,,,,,,unknown,unknown,,,,,,0,0,0,0,,,,,,,,,BRCA1 p.D1813E,0,"criteria provided, single submitter",ClinVar,867392,clinvar,,,,,,,
hybrid,BRCA1,D,G,1818,11,13,2,1.1818181818181819,0.16705408466316624,143,1,0,2,7,11,13,17,4,2,2,4,6,6,0,0.333333,0.333333,0.0,-0.333333,0.333333,0.666666,0.333333,5,1,-4,11,13,2,11->13,1,1,1->1,1,0,1->0,133.1,75.07,-58.03,58.03,-3.5,-0.4,3.1,3.1,-1,0,1,1,1,0,0,0->1,strong_hydrophilic,mild_hydrophilic,strong_hydrophilic->mild_hydrophilic,acidic,small_nonpolar,0,-1->0,2,4,2,8.5409,,,,,,unknown,unknown,,,,,,0,0,0,0,,,,,,,,,BRCA1 p.D1818G,1,"criteria provided, multiple submitters, no conflicts",ClinVar,37672,clinvar,,,,,,,
hybrid,BRCA1,D,N,2,11,7,4,0.6363636363636364,-0.45198512374305727,77,0,1,4,7,5,13,11,4,2,2,4,6,6,0,0.333333,0.333333,0.0,-0.333333,0.333333,0.666666,0.666667,5,1,-4,11,7,-4,11->7,1,1,1->1,1,0,1->0,133.1,132.12,-0.9799999999999898,0.9799999999999898,-3.5,-3.5,0.0,0.0,-1,0,1,1,0,0,1,0->0,strong_hydrophilic,strong_hydrophilic,strong_hydrophilic->strong_hydrophilic,acidic,polar,0,-1->0,2,2,0,2.5294,,,,,,unknown,unknown,,,,,,0,0,0,0,,,2.1961707566686724e-06,3.0,1612060.0,1.473014376620316e-05,-0.09705859468975,,BRCA1 p.D2N,0,"criteria provided, single submitter",ClinVar,868680,clinvar,17-43124093-C-T,ENST00000357654,missense_variant,gnomad_r4,GRCh38,urn:mavedb:00000081-a-2,BRCA1 RING and BRCT domains mean HDR fluorescence score
hybrid,BRCA1,D,G,390,11,13,2,1.1818181818181819,0.16705408466316624,143,1,0,2,7,11,13,17,4,2,2,4,6,6,0,0.333333,0.333333,0.0,-0.333333,0.333333,0.666666,0.333333,5,1,-4,11,13,2,11->13,1,1,1->1,1,0,1->0,133.1,75.07,-58.03,58.03,-3.5,-0.4,3.1,3.1,-1,0,1,1,1,0,0,0->1,strong_hydrophilic,mild_hydrophilic,strong_hydrophilic->mild_hydrophilic,acidic,small_nonpolar,0,-1->0,2,4,2,8.5409,,,,,,unknown,unknown,,,,,,0,0,0,0,,,,,,,,,BRCA1 p.D390G,0,"criteria provided, single submitter",ClinVar,3338486,clinvar,,,,,,,
hybrid,BRCA1,D,G,40,11,13,2,1.1818181818181819,0.16705408466316624,143,1,0,2,7,11,13,17,4,2,2,4,6,6,0,0.333333,0.333333,0.0,-0.333333,0.333333,0.666666,0.333333,5,1,-4,11,13,2,11->13,1,1,1->1,1,0,1->0,133.1,75.07,-58.03,58.03,-3.5,-0.4,3.1,3.1,-1,0,1,1,1,0,0,0->1,strong_hydrophilic,mild_hydrophilic,strong_hydrophilic->mild_hydrophilic,acidic,small_nonpolar,0,-1->0,2,4,2,8.5409,,,,,,unknown,unknown,,,,,,0,0,0,0,,,,,,,0.0,,BRCA1 p.D40G,0,"criteria provided, single submitter",ClinVar,868157,clinvar,,,,,,urn:mavedb:00000081-a-1,BRCA1 RING and BRCT domains depletion scores
hybrid,BRCA1,D,Y,414,11,17,6,1.5454545454545454,0.4353180712578455,187,1,0,6,7,13,13,19,4,4,2,2,6,6,0,0.333333,0.333333,0.0,-0.333333,-0.333333,0.0,1.0,5,5,0,11,17,6,11->17,1,1,1->1,1,0,1->0,133.1,181.19,48.09,48.09,-3.5,-1.3,2.2,2.2,-1,0,1,1,0,1,0,0->1,strong_hydrophilic,mild_hydrophilic,strong_hydrophilic->mild_hydrophilic,acidic,aromatic,0,-1->0,2,2,0,7.3427,,,,,,unknown,unknown,,,,,,0,0,0,0,,,,,,,,,BRCA1 p.D414Y,0,"criteria provided, single submitter",ClinVar,1050740,clinvar,,,,,,,
hybrid,BRCA1,D,E,458,11,11,0,1.0,0.0,121,0,0,0,7,7,13,13,4,4,2,2,6,6,0,0.333333,0.333333,0.0,-0.333333,-0.333333,0.0,0.0,5,5,0,11,11,0,11->11,1,1,1->1,1,1,1->1,133.1,147.13,14.030000000000001,14.030000000000001,-3.5,-3.5,0.0,0.0,-1,-1,0,0,0,0,1,0->0,strong_hydrophilic,strong_hydrophilic,strong_hydrophilic->strong_hydrophilic,acidic,acidic,1,-1->-1,2,2,0,0.4209,,,,,,unknown,unknown,,,,,,0,0,0,0,,,6.195994165851893e-07,1.0,1613946.0,8.993080723691192e-07,,,BRCA1 p.D458E,0,no assertion criteria provided,ClinVar,2683812,clinvar,17-43094157-G-T,ENST00000357654,missense_variant,gnomad_r4,GRCh38,,
hybrid,BRCA1,D,N,522,11,7,4,0.6363636363636364,-0.45198512374305727,77,0,1,4,7,5,13,11,4,2,2,4,6,6,0,0.333333,0.333333,0.0,-0.333333,0.333333,0.666666,0.666667,5,1,-4,11,7,-4,11->7,1,1,1->1,1,0,1->0,133.1,132.12,-0.9799999999999898,0.9799999999999898,-3.5,-3.5,0.0,0.0,-1,0,1,1,0,0,1,0->0,strong_hydrophilic,strong_hydrophilic,strong_hydrophilic->strong_hydrophilic,acidic,polar,0,-1->0,2,2,0,2.5294,,,,,,unknown,unknown,,,,,,0,0,0,0,,,,,,,,,BRCA1 p.D522N,0,"criteria provided, single submitter",ClinVar,54293,clinvar,,,,,,,
hybrid,BRCA1,D,Y,693,11,17,6,1.5454545454545454,0.4353180712578455,187,1,0,6,7,13,13,19,4,4,2,2,6,6,0,0.333333,0.333333,0.0,-0.333333,-0.333333,0.0,1.0,5,5,0,11,17,6,11->17,1,1,1->1,1,0,1->0,133.1,181.19,48.09,48.09,-3.5,-1.3,2.2,2.2,-1,0,1,1,0,1,0,0->1,strong_hydrophilic,mild_hydrophilic,strong_hydrophilic->mild_hydrophilic,acidic,aromatic,0,-1->0,2,2,0,7.3427,,,,,,unknown,unknown,,,,,,0,0,0,0,,,,,,,,,BRCA1 p.D693Y,0,no assertion criteria provided,ClinVar,125534,clinvar,,,,,,,
hybrid,BRCA1,D,V,746,11,19,8,1.7272727272727273,0.5465437063680699,209,1,0,8,7,17,13,23,4,2,2,4,6,6,0,0.333333,0.333333,0.0,-0.333333,0.333333,0.666666,1.333333,5,1,-4,11,19,8,11->19,1,1,1->1,1,0,1->0,133.1,117.15,-15.949999999999989,15.949999999999989,-3.5,4.2,7.7,7.7,-1,0,1,1,1,0,0,0->1,strong_hydrophilic,strong_hydrophobic,strong_hydrophilic->strong_hydrophobic,acidic,hydrophobic,0,-1->0,2,4,2,11.8785,,,,,,unknown,unknown,,,,,,0,0,0,0,,,,,,,,,BRCA1 p.D746V,0,no assertion criteria provided,ClinVar,2683814,clinvar,,,,,,,
hybrid,BRCA1,D,H,749,11,13,2,1.1818181818181819,0.16705408466316624,143,1,0,2,7,11,13,17,4,2,2,4,6,6,0,0.333333,0.333333,0.0,-0.333333,0.333333,0.666666,0.333333,5,1,-4,11,13,2,11->13,1,1,1->1,1,0,1->0,133.1,155.16,22.060000000000002,22.060000000000002,-3.5,-3.2,0.2999999999999998,0.2999999999999998,-1,1,2,2,0,1,1,0->0,strong_hydrophilic,strong_hydrophilic,strong_hydrophilic->strong_hydrophilic,acidic,basic,0,-1->1,2,2,0,6.1618,,,,,,unknown,unknown,,,,,,0,0,0,0,,,,,,,,,BRCA1 p.D749H,0,"criteria provided, single submitter",ClinVar,125550,clinvar,,,,,,,
hybrid,BRCA1,D,V,825,11,19,8,1.7272727272727273,0.5465437063680699,209,1,0,8,7,17,13,23,4,2,2,4,6,6,0,0.333333,0.333333,0.0,-0.333333,0.333333,0.666666,1.333333,5,1,-4,11,19,8,11->19,1,1,1->1,1,0,1->0,133.1,117.15,-15.949999999999989,15.949999999999989,-3.5,4.2,7.7,7.7,-1,0,1,1,1,0,0,0->1,strong_hydrophilic,strong_hydrophobic,strong_hydrophilic->strong_hydrophobic,acidic,hydrophobic,0,-1->0,2,4,2,11.8785,,,,,,unknown,unknown,,,,,,0,0,0,0,,,,,,,,,BRCA1 p.D825V,0,"criteria provided, single submitter",ClinVar,54576,clinvar,,,,,,,
hybrid,BRCA1,D,A,96,11,13,2,1.1818181818181819,0.16705408466316624,143,1,0,2,7,11,13,17,4,2,2,4,6,6,0,0.333333,0.333333,0.0,-0.333333,0.333333,0.666666,0.333333,5,1,-4,11,13,2,11->13,1,1,1->1,1,0,1->0,133.1,89.09,-44.00999999999999,44.00999999999999,-3.5,1.8,5.3,5.3,-1,0,1,1,1,0,0,0->1,strong_hydrophilic,mild_hydrophobic,strong_hydrophilic->mild_hydrophobic,acidic,small_nonpolar,0,-1->0,2,4,2,10.3203,,,,,,unknown,unknown,,,,,,0,0,0,0,,,,,,,,,BRCA1 p.D96A,1,"criteria provided, single submitter",ClinVar,868826,clinvar,,,,,,,
hybrid,BRCA1,D,G,96,11,13,2,1.1818181818181819,0.16705408466316624,143,1,0,2,7,11,13,17,4,2,2,4,6,6,0,0.333333,0.333333,0.0,-0.333333,0.333333,0.666666,0.333333,5,1,-4,11,13,2,11->13,1,1,1->1,1,0,1->0,133.1,75.07,-58.03,58.03,-3.5,-0.4,3.1,3.1,-1,0,1,1,1,0,0,0->1,strong_hydrophilic,mild_hydrophilic,strong_hydrophilic->mild_hydrophilic,acidic,small_nonpolar,0,-1->0,2,4,2,8.5409,,,,,,unknown,unknown,,,,,,0,0,0,0,,,,,,,-0.6826432705357499,,BRCA1 p.D96G,1,"criteria provided, multiple submitters, no conflicts",ClinVar,220258,clinvar,,,,,,urn:mavedb:00000081-a-2,BRCA1 RING and BRCT domains mean HDR fluorescence score
hybrid,BRCA1,D,V,96,11,19,8,1.7272727272727273,0.5465437063680699,209,1,0,8,7,17,13,23,4,2,2,4,6,6,0,0.333333,0.333333,0.0,-0.333333,0.333333,0.666666,1.333333,5,1,-4,11,19,8,11->19,1,1,1->1,1,0,1->0,133.1,117.15,-15.949999999999989,15.949999999999989,-3.5,4.2,7.7,7.7,-1,0,1,1,1,0,0,0->1,strong_hydrophilic,strong_hydrophobic,strong_hydrophilic->strong_hydrophobic,acidic,hydrophobic,0,-1->0,2,4,2,11.8785,,,,,,unknown,unknown,,,,,,0,0,0,0,,,6.196332019297856e-07,1.0,1613858.0,8.994180765045016e-07,,,BRCA1 p.D96V,1,"criteria provided, multiple submitters, no conflicts",ClinVar,868827,clinvar,17-43104882-T-A,ENST00000357654,missense_variant,gnomad_r4,GRCh38,,
hybrid,BRCA1,C,F,1697,5,17,12,3.4,1.2237754316221157,85,1,0,12,3,13,7,19,2,4,2,2,4,6,2,0.5,0.333333,-0.166667,0.0,-0.333333,-0.333333,2.4,5,5,0,5,17,12,5->17,1,1,1->1,1,0,1->0,121.16,165.19,44.03,44.03,2.5,2.8,0.2999999999999998,0.2999999999999998,0,0,0,0,1,1,0,0->1,strong_hydrophobic,strong_hydrophobic,strong_hydrophobic->strong_hydrophobic,special,aromatic,0,0->0,2,2,0,5.0209,,,,,,unknown,unknown,,,,,,0,0,0,0,,,,,,,,,BRCA1 p.C1697F,1,"criteria provided, single submitter",ClinVar,867631,clinvar,,,,,,,
hybrid,BRCA1,C,Y,1787,5,17,12,3.4,1.2237754316221157,85,1,0,12,3,13,7,19,2,4,2,2,4,6,2,0.5,0.333333,-0.166667,0.0,-0.333333,-0.333333,2.4,5,5,0,5,17,12,5->17,1,1,1->1,1,0,1->0,121.16,181.19,60.03,60.03,2.5,-1.3,-3.8,3.8,0,0,0,0,0,1,0,0->1,strong_hydrophobic,mild_hydrophilic,strong_hydrophobic->mild_hydrophilic,special,aromatic,0,0->0,2,2,0,7.8009,,,,,,unknown,unknown,,,,,,0,0,0,0,,,,,,,,,BRCA1 p.C1787Y,1,"criteria provided, multiple submitters, no conflicts",ClinVar,662455,clinvar,,,,,,,
hybrid,BRCA1,C,S,1847,5,17,12,3.4,1.2237754316221157,85,1,0,12,3,13,7,19,2,4,2,2,4,6,2,0.5,0.333333,-0.166667,0.0,-0.333333,-0.333333,2.4,5,5,0,5,17,12,5->17,1,1,1->1,1,0,1->0,121.16,105.09,-16.069999999999993,16.069999999999993,2.5,-0.8,-3.3,3.3,0,0,0,0,0,0,1,0->0,strong_hydrophobic,mild_hydrophilic,strong_hydrophobic->mild_hydrophilic,special,polar,0,0->0,2,6,4,4.7821,,,,,,unknown,unknown,,,,,,0,0,0,0,,,,,,,,,BRCA1 p.C1847S,0,"criteria provided, single submitter",ClinVar,867639,clinvar,,,,,,,
hybrid,BRCA1,C,R,24,5,19,14,3.8,1.33500106673234,95,1,0,14,3,17,7,23,2,2,2,4,4,6,2,0.5,0.333333,-0.166667,0.0,0.333333,0.333333,2.8,5,1,-4,5,19,14,5->19,1,1,1->1,1,0,1->0,121.16,174.2,53.03999999999999,53.03999999999999,2.5,-4.5,-7.0,7.0,0,1,1,1,0,0,1,0->0,strong_hydrophobic,strong_hydrophilic,strong_hydrophobic->strong_hydrophilic,special,basic,0,0->1,2,6,4,11.0912,,,,,,unknown,unknown,,,,,,0,0,0,0,,,,,,,,,BRCA1 p.C24R,1,"criteria provided, multiple submitters, no conflicts",ClinVar,55674,clinvar,,,,,,,
hybrid,BRCA1,C,G,24,5,13,8,2.6,0.9555114450274363,65,1,0,8,3,11,7,17,2,2,2,4,4,6,2,0.5,0.333333,-0.166667,0.0,0.333333,0.333333,1.6,5,1,-4,5,13,8,5->13,1,1,1->1,1,0,1->0,121.16,75.07,-46.09,46.09,2.5,-0.4,-2.9,2.9,0,0,0,0,1,0,0,0->1,strong_hydrophobic,mild_hydrophilic,strong_hydrophobic->mild_hydrophilic,special,small_nonpolar,0,0->0,2,4,2,6.4827,,,,,,unknown,unknown,,,,,,0,0,0,0,,,,,,,,,BRCA1 p.C24G,1,"criteria provided, multiple submitters, no conflicts",ClinVar,649351,clinvar,,,,,,,
hybrid,BRCA1,C,S,24,5,17,12,3.4,1.2237754316221157,85,1,0,12,3,13,7,19,2,4,2,2,4,6,2,0.5,0.333333,-0.166667,0.0,-0.333333,-0.333333,2.4,5,5,0,5,17,12,5->17,1,1,1->1,1,0,1->0,121.16,105.09,-16.069999999999993,16.069999999999993,2.5,-0.8,-3.3,3.3,0,0,0,0,0,0,1,0->0,strong_hydrophobic,mild_hydrophilic,strong_hydrophobic->mild_hydrophilic,special,polar,0,0->0,2,6,4,4.7821,,,,,,unknown,unknown,,,,,,0,0,0,0,,,,,,,,,BRCA1 p.C24S,1,"criteria provided, multiple submitters, no conflicts",ClinVar,638952,clinvar,,,,,,,
hybrid,BRCA1,C,W,24,5,11,6,2.2,0.7884573603642703,55,1,0,6,3,7,7,13,2,4,2,2,4,6,2,0.5,0.333333,-0.166667,0.0,-0.333333,-0.333333,1.2,5,5,0,5,11,6,5->11,1,1,1->1,1,1,1->1,121.16,204.23,83.07,83.07,2.5,-0.9,-3.4,3.4,0,0,0,0,1,1,1,0->0,strong_hydrophobic,mild_hydrophilic,strong_hydrophobic->mild_hydrophilic,special,aromatic,0,0->0,2,1,-1,9.2921,,,,,,unknown,unknown,,,,,,0,0,0,0,,,,,,,,,BRCA1 p.C24W,1,"criteria provided, single submitter",ClinVar,652430,clinvar,,,,,,,
hybrid,BRCA1,C,Y,24,5,17,12,3.4,1.2237754316221157,85,1,0,12,3,13,7,19,2,4,2,2,4,6,2,0.5,0.333333,-0.166667,0.0,-0.333333,-0.333333,2.4,5,5,0,5,17,12,5->17,1,1,1->1,1,0,1->0,121.16,181.19,60.03,60.03,2.5,-1.3,-3.8,3.8,0,0,0,0,0,1,0,0->1,strong_hydrophobic,mild_hydrophilic,strong_hydrophobic->mild_hydrophilic,special,aromatic,0,0->0,2,2,0,7.8009,,,,,,unknown,unknown,,,,,,0,0,0,0,,,,,,,,,BRCA1 p.C24Y,1,"criteria provided, multiple submitters, no conflicts",ClinVar,55678,clinvar,,,,,,,
hybrid,BRCA1,C,R,27,5,19,14,3.8,1.33500106673234,95,1,0,14,3,17,7,23,2,2,2,4,4,6,2,0.5,0.333333,-0.166667,0.0,0.333333,0.333333,2.8,5,1,-4,5,19,14,5->19,1,1,1->1,1,0,1->0,121.16,174.2,53.03999999999999,53.03999999999999,2.5,-4.5,-7.0,7.0,0,1,1,1,0,0,1,0->0,strong_hydrophobic,strong_hydrophilic,strong_hydrophobic->strong_hydrophilic,special,basic,0,0->1,2,6,4,11.0912,,,,,,unknown,unknown,,,,,,0,0,0,0,,,,,,,4.0,,BRCA1 p.C27R,1,"criteria provided, single submitter",ClinVar,867750,clinvar,,,,,,urn:mavedb:00000081-a-1,BRCA1 RING and BRCT domains depletion scores
hybrid,BRCA1,C,G,27,5,13,8,2.6,0.9555114450274363,65,1,0,8,3,11,7,17,2,2,2,4,4,6,2,0.5,0.333333,-0.166667,0.0,0.333333,0.333333,1.6,5,1,-4,5,13,8,5->13,1,1,1->1,1,0,1->0,121.16,75.07,-46.09,46.09,2.5,-0.4,-2.9,2.9,0,0,0,0,1,0,0,0->1,strong_hydrophobic,mild_hydrophilic,strong_hydrophobic->mild_hydrophilic,special,small_nonpolar,0,0->0,2,4,2,6.4827,,,,,,unknown,unknown,,,,,,0,0,0,0,,,,,,,4.0,,BRCA1 p.C27G,1,"criteria provided, single submitter",ClinVar,867751,clinvar,,,,,,urn:mavedb:00000081-a-1,BRCA1 RING and BRCT domains depletion scores
hybrid,BRCA1,C,F,27,5,17,12,3.4,1.2237754316221157,85,1,0,12,3,13,7,19,2,4,2,2,4,6,2,0.5,0.333333,-0.166667,0.0,-0.333333,-0.333333,2.4,5,5,0,5,17,12,5->17,1,1,1->1,1,0,1->0,121.16,165.19,44.03,44.03,2.5,2.8,0.2999999999999998,0.2999999999999998,0,0,0,0,1,1,0,0->1,strong_hydrophobic,strong_hydrophobic,strong_hydrophobic->strong_hydrophobic,special,aromatic,0,0->0,2,2,0,5.0209,,,,,,unknown,unknown,,,,,,0,0,0,0,,,6.211990383838885e-07,1.0,1609790.0,9.023853654750967e-07,,,BRCA1 p.C27F,1,"criteria provided, multiple submitters, no conflicts",ClinVar,481469,clinvar,17-43124017-C-A,ENST00000357654,missense_variant,gnomad_r4,GRCh38,,
hybrid,BRCA1,C,W,27,5,11,6,2.2,0.7884573603642703,55,1,0,6,3,7,7,13,2,4,2,2,4,6,2,0.5,0.333333,-0.166667,0.0,-0.333333,-0.333333,1.2,5,5,0,5,11,6,5->11,1,1,1->1,1,1,1->1,121.16,204.23,83.07,83.07,2.5,-0.9,-3.4,3.4,0,0,0,0,1,1,1,0->0,strong_hydrophobic,mild_hydrophilic,strong_hydrophobic->mild_hydrophilic,special,aromatic,0,0->0,2,1,-1,9.2921,,,,,,unknown,unknown,,,,,,0,0,0,0,,,,,,,-0.41156297336695,,BRCA1 p.C27W,1,"criteria provided, multiple submitters, no conflicts",ClinVar,867463,clinvar,,,,,,urn:mavedb:00000081-a-2,BRCA1 RING and BRCT domains mean HDR fluorescence score
hybrid,BRCA1,C,Y,27,5,17,12,3.4,1.2237754316221157,85,1,0,12,3,13,7,19,2,4,2,2,4,6,2,0.5,0.333333,-0.166667,0.0,-0.333333,-0.333333,2.4,5,5,0,5,17,12,5->17,1,1,1->1,1,0,1->0,121.16,181.19,60.03,60.03,2.5,-1.3,-3.8,3.8,0,0,0,0,0,1,0,0->1,strong_hydrophobic,mild_hydrophilic,strong_hydrophobic->mild_hydrophilic,special,aromatic,0,0->0,2,2,0,7.8009,,,,,,unknown,unknown,,,,,,0,0,0,0,,,,,,,,,BRCA1 p.C27Y,1,"criteria provided, multiple submitters, no conflicts",ClinVar,827453,clinvar,,,,,,,
hybrid,BRCA1,C,G,39,5,13,8,2.6,0.9555114450274363,65,1,0,8,3,11,7,17,2,2,2,4,4,6,2,0.5,0.333333,-0.166667,0.0,0.333333,0.333333,1.6,5,1,-4,5,13,8,5->13,1,1,1->1,1,0,1->0,121.16,75.07,-46.09,46.09,2.5,-0.4,-2.9,2.9,0,0,0,0,1,0,0,0->1,strong_hydrophobic,mild_hydrophilic,strong_hydrophobic->mild_hydrophilic,special,small_nonpolar,0,0->0,2,4,2,6.4827,,,,,,unknown,unknown,,,,,,0,0,0,0,,,,,,,4.0,,BRCA1 p.C39G,1,"criteria provided, multiple submitters, no conflicts",ClinVar,54153,clinvar,,,,,,urn:mavedb:00000081-a-1,BRCA1 RING and BRCT domains depletion scores
hybrid,BRCA1,C,F,39,5,17,12,3.4,1.2237754316221157,85,1,0,12,3,13,7,19,2,4,2,2,4,6,2,0.5,0.333333,-0.166667,0.0,-0.333333,-0.333333,2.4,5,5,0,5,17,12,5->17,1,1,1->1,1,0,1->0,121.16,165.19,44.03,44.03,2.5,2.8,0.2999999999999998,0.2999999999999998,0,0,0,0,1,1,0,0->1,strong_hydrophobic,strong_hydrophobic,strong_hydrophobic->strong_hydrophobic,special,aromatic,0,0->0,2,2,0,5.0209,,,,,,unknown,unknown,,,,,,0,0,0,0,,,,,,,4.0,,BRCA1 p.C39F,1,"criteria provided, multiple submitters, no conflicts",ClinVar,37393,clinvar,,,,,,urn:mavedb:00000081-a-1,BRCA1 RING and BRCT domains depletion scores
hybrid,BRCA1,C,S,39,5,17,12,3.4,1.2237754316221157,85,1,0,12,3,13,7,19,2,4,2,2,4,6,2,0.5,0.333333,-0.166667,0.0,-0.333333,-0.333333,2.4,5,5,0,5,17,12,5->17,1,1,1->1,1,0,1->0,121.16,105.09,-16.069999999999993,16.069999999999993,2.5,-0.8,-3.3,3.3,0,0,0,0,0,0,1,0->0,strong_hydrophobic,mild_hydrophilic,strong_hydrophobic->mild_hydrophilic,special,polar,0,0->0,2,6,4,4.7821,,,,,,unknown,unknown,,,,,,0,0,0,0,,,,,,,-1.0236028934085,,BRCA1 p.C39S,1,"criteria provided, multiple submitters, no conflicts",ClinVar,54151,clinvar,,,,,,urn:mavedb:00000081-a-2,BRCA1 RING and BRCT domains mean HDR fluorescence score
hybrid,BRCA1,C,W,39,5,11,6,2.2,0.7884573603642703,55,1,0,6,3,7,7,13,2,4,2,2,4,6,2,0.5,0.333333,-0.166667,0.0,-0.333333,-0.333333,1.2,5,5,0,5,11,6,5->11,1,1,1->1,1,1,1->1,121.16,204.23,83.07,83.07,2.5,-0.9,-3.4,3.4,0,0,0,0,1,1,1,0->0,strong_hydrophobic,mild_hydrophilic,strong_hydrophobic->mild_hydrophilic,special,aromatic,0,0->0,2,1,-1,9.2921,,,,,,unknown,unknown,,,,,,0,0,0,0,,,,,,,-1.7753689205774998,,BRCA1 p.C39W,1,"criteria provided, multiple submitters, no conflicts",ClinVar,267497,clinvar,,,,,,urn:mavedb:00000081-a-2,BRCA1 RING and BRCT domains mean HDR fluorescence score
hybrid,BRCA1,C,Y,39,5,17,12,3.4,1.2237754316221157,85,1,0,12,3,13,7,19,2,4,2,2,4,6,2,0.5,0.333333,-0.166667,0.0,-0.333333,-0.333333,2.4,5,5,0,5,17,12,5->17,1,1,1->1,1,0,1->0,121.16,181.19,60.03,60.03,2.5,-1.3,-3.8,3.8,0,0,0,0,0,1,0,0->1,strong_hydrophobic,mild_hydrophilic,strong_hydrophobic->mild_hydrophilic,special,aromatic,0,0->0,2,2,0,7.8009,,,,,,unknown,unknown,,,,,,0,0,0,0,,,,,,,-1.2125257737885,,BRCA1 p.C39Y,1,"criteria provided, multiple submitters, no conflicts",ClinVar,37392,clinvar,,,,,,urn:mavedb:00000081-a-2,BRCA1 RING and BRCT domains mean HDR fluorescence score
hybrid,BRCA1,C,R,44,5,19,14,3.8,1.33500106673234,95,1,0,14,3,17,7,23,2,2,2,4,4,6,2,0.5,0.333333,-0.166667,0.0,0.333333,0.333333,2.8,5,1,-4,5,19,14,5->19,1,1,1->1,1,0,1->0,121.16,174.2,53.03999999999999,53.03999999999999,2.5,-4.5,-7.0,7.0,0,1,1,1,0,0,1,0->0,strong_hydrophobic,strong_hydrophilic,strong_hydrophobic->strong_hydrophilic,special,basic,0,0->1,2,6,4,11.0912,,,,,,unknown,unknown,,,,,,0,0,0,0,,,,,,,4.0,,BRCA1 p.C44R,1,"criteria provided, single submitter",ClinVar,54192,clinvar,,,,,,urn:mavedb:00000081-a-1,BRCA1 RING and BRCT domains depletion scores
hybrid,BRCA1,C,W,44,5,11,6,2.2,0.7884573603642703,55,1,0,6,3,7,7,13,2,4,2,2,4,6,2,0.5,0.333333,-0.166667,0.0,-0.333333,-0.333333,1.2,5,5,0,5,11,6,5->11,1,1,1->1,1,1,1->1,121.16,204.23,83.07,83.07,2.5,-0.9,-3.4,3.4,0,0,0,0,1,1,1,0->0,strong_hydrophobic,mild_hydrophilic,strong_hydrophobic->mild_hydrophilic,special,aromatic,0,0->0,2,1,-1,9.2921,,,,,,unknown,unknown,,,,,,0,0,0,0,,,,,,,-0.597452786856,,BRCA1 p.C44W,1,"criteria provided, single submitter",ClinVar,647970,clinvar,,,,,,urn:mavedb:00000081-a-2,BRCA1 RING and BRCT domains mean HDR fluorescence score
hybrid,BRCA1,C,R,47,5,19,14,3.8,1.33500106673234,95,1,0,14,3,17,7,23,2,2,2,4,4,6,2,0.5,0.333333,-0.166667,0.0,0.333333,0.333333,2.8,5,1,-4,5,19,14,5->19,1,1,1->1,1,0,1->0,121.16,174.2,53.03999999999999,53.03999999999999,2.5,-4.5,-7.0,7.0,0,1,1,1,0,0,1,0->0,strong_hydrophobic,strong_hydrophilic,strong_hydrophobic->strong_hydrophilic,special,basic,0,0->1,2,6,4,11.0912,,,,,,unknown,unknown,,,,,,0,0,0,0,,,,,,,3.0,,BRCA1 p.C47R,1,"criteria provided, multiple submitters, no conflicts",ClinVar,651975,clinvar,,,,,,urn:mavedb:00000081-a-1,BRCA1 RING and BRCT domains depletion scores
hybrid,BRCA1,C,G,47,5,13,8,2.6,0.9555114450274363,65,1,0,8,3,11,7,17,2,2,2,4,4,6,2,0.5,0.333333,-0.166667,0.0,0.333333,0.333333,1.6,5,1,-4,5,13,8,5->13,1,1,1->1,1,0,1->0,121.16,75.07,-46.09,46.09,2.5,-0.4,-2.9,2.9,0,0,0,0,1,0,0,0->1,strong_hydrophobic,mild_hydrophilic,strong_hydrophobic->mild_hydrophilic,special,small_nonpolar,0,0->0,2,4,2,6.4827,,,,,,unknown,unknown,,,,,,0,0,0,0,,,6.296364856713625e-07,1.0,1588218.0,9.176096635308886e-07,4.0,,BRCA1 p.C47G,1,"criteria provided, single submitter",ClinVar,54242,clinvar,17-43106529-A-C,ENST00000357654,missense_variant,gnomad_r4,GRCh38,urn:mavedb:00000081-a-1,BRCA1 RING and BRCT domains depletion scores
hybrid,BRCA1,C,F,47,5,17,12,3.4,1.2237754316221157,85,1,0,12,3,13,7,19,2,4,2,2,4,6,2,0.5,0.333333,-0.166667,0.0,-0.333333,-0.333333,2.4,5,5,0,5,17,12,5->17,1,1,1->1,1,0,1->0,121.16,165.19,44.03,44.03,2.5,2.8,0.2999999999999998,0.2999999999999998,0,0,0,0,1,1,0,0->1,strong_hydrophobic,strong_hydrophobic,strong_hydrophobic->strong_hydrophobic,special,aromatic,0,0->0,2,2,0,5.0209,,,,,,unknown,unknown,,,,,,0,0,0,0,,,,,,,,,BRCA1 p.C47F,1,"criteria provided, multiple submitters, no conflicts",ClinVar,54247,clinvar,,,,,,,
hybrid,BRCA1,C,S,47,5,17,12,3.4,1.2237754316221157,85,1,0,12,3,13,7,19,2,4,2,2,4,6,2,0.5,0.333333,-0.166667,0.0,-0.333333,-0.333333,2.4,5,5,0,5,17,12,5->17,1,1,1->1,1,0,1->0,121.16,105.09,-16.069999999999993,16.069999999999993,2.5,-0.8,-3.3,3.3,0,0,0,0,0,0,1,0->0,strong_hydrophobic,mild_hydrophilic,strong_hydrophobic->mild_hydrophilic,special,polar,0,0->0,2,6,4,4.7821,,,,,,unknown,unknown,,,,,,0,0,0,0,,,,,,,-0.7806880522305,,BRCA1 p.C47S,1,"criteria provided, single submitter",ClinVar,267508,clinvar,,,,,,urn:mavedb:00000081-a-2,BRCA1 RING and BRCT domains mean HDR fluorescence score
hybrid,BRCA1,C,R,61,5,19,14,3.8,1.33500106673234,95,1,0,14,3,17,7,23,2,2,2,4,4,6,2,0.5,0.333333,-0.166667,0.0,0.333333,0.333333,2.8,5,1,-4,5,19,14,5->19,1,1,1->1,1,0,1->0,121.16,174.2,53.03999999999999,53.03999999999999,2.5,-4.5,-7.0,7.0,0,1,1,1,0,0,1,0->0,strong_hydrophobic,strong_hydrophilic,strong_hydrophobic->strong_hydrophilic,special,basic,0,0->1,2,6,4,11.0912,,,,,,unknown,unknown,,,,,,0,0,0,0,,,,,,,-1.1818796039495,,BRCA1 p.C61R,1,"criteria provided, multiple submitters, no conflicts",ClinVar,54360,clinvar,,,,,,urn:mavedb:00000081-a-2,BRCA1 RING and BRCT domains mean HDR fluorescence score
hybrid,BRCA1,C,S,61,5,17,12,3.4,1.2237754316221157,85,1,0,12,3,13,7,19,2,4,2,2,4,6,2,0.5,0.333333,-0.166667,0.0,-0.333333,-0.333333,2.4,5,5,0,5,17,12,5->17,1,1,1->1,1,0,1->0,121.16,105.09,-16.069999999999993,16.069999999999993,2.5,-0.8,-3.3,3.3,0,0,0,0,0,0,1,0->0,strong_hydrophobic,mild_hydrophilic,strong_hydrophobic->mild_hydrophilic,special,polar,0,0->0,2,6,4,4.7821,,,,,,unknown,unknown,,,,,,0,0,0,0,,,,,,,,,BRCA1 p.C61S,1,"criteria provided, multiple submitters, no conflicts",ClinVar,54359,clinvar,,,,,,,
hybrid,BRCA1,C,Y,61,5,17,12,3.4,1.2237754316221157,85,1,0,12,3,13,7,19,2,4,2,2,4,6,2,0.5,0.333333,-0.166667,0.0,-0.333333,-0.333333,2.4,5,5,0,5,17,12,5->17,1,1,1->1,1,0,1->0,121.16,181.19,60.03,60.03,2.5,-1.3,-3.8,3.8,0,0,0,0,0,1,0,0->1,strong_hydrophobic,mild_hydrophilic,strong_hydrophobic->mild_hydrophilic,special,aromatic,0,0->0,2,2,0,7.8009,,,,,,unknown,unknown,,,,,,0,0,0,0,,,1.2462829610686128e-06,2.0,1604772.0,1.666555562962469e-05,,,BRCA1 p.C61Y,1,"criteria provided, multiple submitters, no conflicts",ClinVar,54364,clinvar,17-43106486-C-T,ENST00000357654,missense_variant,gnomad_r4,GRCh38,,
hybrid,BRCA1,C,W,644,5,11,6,2.2,0.7884573603642703,55,1,0,6,3,7,7,13,2,4,2,2,4,6,2,0.5,0.333333,-0.166667,0.0,-0.333333,-0.333333,1.2,5,5,0,5,11,6,5->11,1,1,1->1,1,1,1->1,121.16,204.23,83.07,83.07,2.5,-0.9,-3.4,3.4,0,0,0,0,1,1,1,0->0,strong_hydrophobic,mild_hydrophilic,strong_hydrophobic->mild_hydrophilic,special,aromatic,0,0->0,2,1,-1,9.2921,,,,,,unknown,unknown,,,,,,0,0,0,0,,,,,,,,,BRCA1 p.C644W,0,"criteria provided, single submitter",ClinVar,54403,clinvar,,,,,,,
hybrid,BRCA1,C,R,64,5,19,14,3.8,1.33500106673234,95,1,0,14,3,17,7,23,2,2,2,4,4,6,2,0.5,0.333333,-0.166667,0.0,0.333333,0.333333,2.8,5,1,-4,5,19,14,5->19,1,1,1->1,1,0,1->0,121.16,174.2,53.03999999999999,53.03999999999999,2.5,-4.5,-7.0,7.0,0,1,1,1,0,0,1,0->0,strong_hydrophobic,strong_hydrophilic,strong_hydrophobic->strong_hydrophilic,special,basic,0,0->1,2,6,4,11.0912,,,,,,unknown,unknown,,,,,,0,0,0,0,,,0.0,0.0,1602460.0,0.0,,,BRCA1 p.C64R,1,"criteria provided, multiple submitters, no conflicts",ClinVar,54394,clinvar,17-43106478-A-G,ENST00000357654,missense_variant,gnomad_r4,GRCh38,,
hybrid,BRCA1,C,G,64,5,13,8,2.6,0.9555114450274363,65,1,0,8,3,11,7,17,2,2,2,4,4,6,2,0.5,0.333333,-0.166667,0.0,0.333333,0.333333,1.6,5,1,-4,5,13,8,5->13,1,1,1->1,1,0,1->0,121.16,75.07,-46.09,46.09,2.5,-0.4,-2.9,2.9,0,0,0,0,1,0,0,0->1,strong_hydrophobic,mild_hydrophilic,strong_hydrophobic->mild_hydrophilic,special,small_nonpolar,0,0->0,2,4,2,6.4827,,,,,,unknown,unknown,,,,,,0,0,0,0,,,1.872259480185878e-06,3.0,1602342.0,4.8243921265920496e-05,-2.19033032055925,,BRCA1 p.C64G,1,"criteria provided, multiple submitters, no conflicts",ClinVar,17660,clinvar,17-43106478-A-C,ENST00000357654,missense_variant,gnomad_r4,GRCh38,urn:mavedb:00000081-a-2,BRCA1 RING and BRCT domains mean HDR fluorescence score
hybrid,BRCA1,C,S,64,5,17,12,3.4,1.2237754316221157,85,1,0,12,3,13,7,19,2,4,2,2,4,6,2,0.5,0.333333,-0.166667,0.0,-0.333333,-0.333333,2.4,5,5,0,5,17,12,5->17,1,1,1->1,1,0,1->0,121.16,105.09,-16.069999999999993,16.069999999999993,2.5,-0.8,-3.3,3.3,0,0,0,0,0,0,1,0->0,strong_hydrophobic,mild_hydrophilic,strong_hydrophobic->mild_hydrophilic,special,polar,0,0->0,2,6,4,4.7821,,,,,,unknown,unknown,,,,,,0,0,0,0,,,,,,,,,BRCA1 p.C64S,1,"criteria provided, multiple submitters, no conflicts",ClinVar,462571,clinvar,,,,,,,
hybrid,BRCA1,C,W,64,5,11,6,2.2,0.7884573603642703,55,1,0,6,3,7,7,13,2,4,2,2,4,6,2,0.5,0.333333,-0.166667,0.0,-0.333333,-0.333333,1.2,5,5,0,5,11,6,5->11,1,1,1->1,1,1,1->1,121.16,204.23,83.07,83.07,2.5,-0.9,-3.4,3.4,0,0,0,0,1,1,1,0->0,strong_hydrophobic,mild_hydrophilic,strong_hydrophobic->mild_hydrophilic,special,aromatic,0,0->0,2,1,-1,9.2921,,,,,,unknown,unknown,,,,,,0,0,0,0,,,,,,,,,BRCA1 p.C64W,1,"criteria provided, multiple submitters, no conflicts",ClinVar,224427,clinvar,,,,,,,
hybrid,BRCA1,C,R,805,5,19,14,3.8,1.33500106673234,95,1,0,14,3,17,7,23,2,2,2,4,4,6,2,0.5,0.333333,-0.166667,0.0,0.333333,0.333333,2.8,5,1,-4,5,19,14,5->19,1,1,1->1,1,0,1->0,121.16,174.2,53.03999999999999,53.03999999999999,2.5,-4.5,-7.0,7.0,0,1,1,1,0,0,1,0->0,strong_hydrophobic,strong_hydrophilic,strong_hydrophobic->strong_hydrophilic,special,basic,0,0->1,2,6,4,11.0912,,,,,,unknown,unknown,,,,,,0,0,0,0,,,,,,,,,BRCA1 p.C805R,0,"criteria provided, single submitter",ClinVar,54562,clinvar,,,,,,,
hybrid,BRCA1,Q,H,1144,7,13,6,1.8571428571428572,0.6190392084062235,91,1,0,6,5,11,11,17,2,2,4,4,6,6,0,0.333333,0.333333,0.0,0.333333,0.333333,0.0,1.0,1,1,0,7,13,6,7->13,1,1,1->1,0,0,0->0,146.15,155.16,9.009999999999991,9.009999999999991,-3.5,-3.2,0.2999999999999998,0.2999999999999998,0,1,1,1,0,1,1,0->0,strong_hydrophilic,strong_hydrophilic,strong_hydrophilic->strong_hydrophilic,polar,basic,0,0->1,2,2,0,4.2703,,,,,,unknown,unknown,,,,,,0,0,0,0,,,,,,,,,BRCA1 p.Q1144H,0,"criteria provided, single submitter",ClinVar,54884,clinvar,,,,,,,
hybrid,BRCA1,Q,R,1273,7,19,12,2.7142857142857144,0.9985288301111273,133,1,0,12,5,17,11,23,2,2,4,4,6,6,0,0.333333,0.333333,0.0,0.333333,0.333333,0.0,2.0,1,1,0,7,19,12,7->19,1,1,1->1,0,0,0->0,146.15,174.2,28.049999999999983,28.049999999999983,-3.5,-4.5,-1.0,1.0,0,1,1,1,0,0,1,0->0,strong_hydrophilic,strong_hydrophilic,strong_hydrophilic->strong_hydrophilic,polar,basic,0,0->1,2,6,4,4.3415,,,,,,unknown,unknown,,,,,,0,0,0,0,,,,,,,,,BRCA1 p.Q1273R,0,"criteria provided, multiple submitters, no conflicts",ClinVar,96917,clinvar,,,,,,,
hybrid,BRCA1,Q,H,1408,7,13,6,1.8571428571428572,0.6190392084062235,91,1,0,6,5,11,11,17,2,2,4,4,6,6,0,0.333333,0.333333,0.0,0.333333,0.333333,0.0,1.0,1,1,0,7,13,6,7->13,1,1,1->1,0,0,0->0,146.15,155.16,9.009999999999991,9.009999999999991,-3.5,-3.2,0.2999999999999998,0.2999999999999998,0,1,1,1,0,1,1,0->0,strong_hydrophilic,strong_hydrophilic,strong_hydrophilic->strong_hydrophilic,polar,basic,0,0->1,2,2,0,4.2703,,,,,,unknown,unknown,,,,,,0,0,0,0,,,,,,,,,BRCA1 p.Q1408H,1,"criteria provided, single submitter",ClinVar,694279,clinvar,,,,,,,
hybrid,BRCA1,Q,H,1721,7,13,6,1.8571428571428572,0.6190392084062235,91,1,0,6,5,11,11,17,2,2,4,4,6,6,0,0.333333,0.333333,0.0,0.333333,0.333333,0.0,1.0,1,1,0,7,13,6,7->13,1,1,1->1,0,0,0->0,146.15,155.16,9.009999999999991,9.009999999999991,-3.5,-3.2,0.2999999999999998,0.2999999999999998,0,1,1,1,0,1,1,0->0,strong_hydrophilic,strong_hydrophilic,strong_hydrophilic->strong_hydrophilic,polar,basic,0,0->1,2,2,0,4.2703,,,,,,unknown,unknown,,,,,,0,0,0,0,,,,,,,,,BRCA1 p.Q1721H,0,"criteria provided, single submitter",ClinVar,868763,clinvar,,,,,,,
hybrid,BRCA1,Q,H,1779,7,13,6,1.8571428571428572,0.6190392084062235,91,1,0,6,5,11,11,17,2,2,4,4,6,6,0,0.333333,0.333333,0.0,0.333333,0.333333,0.0,1.0,1,1,0,7,13,6,7->13,1,1,1->1,0,0,0->0,146.15,155.16,9.009999999999991,9.009999999999991,-3.5,-3.2,0.2999999999999998,0.2999999999999998,0,1,1,1,0,1,1,0->0,strong_hydrophilic,strong_hydrophilic,strong_hydrophilic->strong_hydrophilic,polar,basic,0,0->1,2,2,0,4.2703,,,,,,unknown,unknown,,,,,,0,0,0,0,,,,,,,,,BRCA1 p.Q1779H,0,"criteria provided, single submitter",ClinVar,865637,clinvar,,,,,,,
hybrid,BRCA1,Q,R,1811,7,19,12,2.7142857142857144,0.9985288301111273,133,1,0,12,5,17,11,23,2,2,4,4,6,6,0,0.333333,0.333333,0.0,0.333333,0.333333,0.0,2.0,1,1,0,7,19,12,7->19,1,1,1->1,0,0,0->0,146.15,174.2,28.049999999999983,28.049999999999983,-3.5,-4.5,-1.0,1.0,0,1,1,1,0,0,1,0->0,strong_hydrophilic,strong_hydrophilic,strong_hydrophilic->strong_hydrophilic,polar,basic,0,0->1,2,6,4,4.3415,,,,,,unknown,unknown,,,,,,0,0,0,0,,,6.194888721213901e-07,1.0,1614234.0,8.992724885567576e-07,,,BRCA1 p.Q1811R,1,"criteria provided, multiple submitters, no conflicts",ClinVar,55578,clinvar,17-43047678-T-C,ENST00000357654,missense_variant,gnomad_r4,GRCh38,,
hybrid,BRCA1,Q,P,1811,7,17,10,2.4285714285714284,0.8873031950009027,119,1,0,10,5,13,11,19,2,4,4,2,6,6,0,0.333333,0.333333,0.0,0.333333,-0.333333,-0.666666,1.666667,1,5,4,7,17,10,7->17,1,1,1->1,0,0,0->0,146.15,115.13,-31.02000000000001,31.02000000000001,-3.5,-1.6,1.9,1.9,0,0,0,0,1,0,0,0->1,strong_hydrophilic,mild_hydrophilic,strong_hydrophilic->mild_hydrophilic,polar,special,0,0->0,2,4,2,5.0306,,,,,,unknown,unknown,,,,,,0,0,0,0,,,6.194888721213901e-07,1.0,1614234.0,8.992724885567576e-07,,,BRCA1 p.Q1811P,1,"criteria provided, single submitter",ClinVar,868483,clinvar,17-43047678-T-G,ENST00000357654,missense_variant,gnomad_r4,GRCh38,,
hybrid,BRCA1,Q,E,1826,7,11,4,1.5714285714285714,0.4519851237430572,77,1,0,4,5,7,11,13,2,4,4,2,6,6,0,0.333333,0.333333,0.0,0.333333,-0.333333,-0.666666,0.666667,1,5,4,7,11,4,7->11,1,1,1->1,0,1,0->1,146.15,147.13,0.9799999999999898,0.9799999999999898,-3.5,-3.5,0.0,0.0,0,-1,-1,1,0,0,1,0->0,strong_hydrophilic,strong_hydrophilic,strong_hydrophilic->strong_hydrophilic,polar,acidic,0,0->-1,2,2,0,2.5294,,,,,,unknown,unknown,,,,,,0,0,0,0,,,,,,,,,BRCA1 p.Q1826E,0,"criteria provided, single submitter",ClinVar,868968,clinvar,,,,,,,
hybrid,BRCA1,Q,H,1826,7,13,6,1.8571428571428572,0.6190392084062235,91,1,0,6,5,11,11,17,2,2,4,4,6,6,0,0.333333,0.333333,0.0,0.333333,0.333333,0.0,1.0,1,1,0,7,13,6,7->13,1,1,1->1,0,0,0->0,146.15,155.16,9.009999999999991,9.009999999999991,-3.5,-3.2,0.2999999999999998,0.2999999999999998,0,1,1,1,0,1,1,0->0,strong_hydrophilic,strong_hydrophilic,strong_hydrophilic->strong_hydrophilic,polar,basic,0,0->1,2,2,0,4.2703,,,,,,unknown,unknown,,,,,,0,0,0,0,,,6.195080610388902e-07,1.0,1614184.0,8.992724885567576e-07,,,BRCA1 p.Q1826H,0,"criteria provided, single submitter",ClinVar,864919,clinvar,17-43045792-C-A,ENST00000357654,missense_variant,gnomad_r4,GRCh38,,
hybrid,BRCA1,Q,R,1846,7,19,12,2.7142857142857144,0.9985288301111273,133,1,0,12,5,17,11,23,2,2,4,4,6,6,0,0.333333,0.333333,0.0,0.333333,0.333333,0.0,2.0,1,1,0,7,19,12,7->19,1,1,1->1,0,0,0->0,146.15,174.2,28.049999999999983,28.049999999999983,-3.5,-4.5,-1.0,1.0,0,1,1,1,0,0,1,0->0,strong_hydrophilic,strong_hydrophilic,strong_hydrophilic->strong_hydrophilic,polar,basic,0,0->1,2,6,4,4.3415,,,,,,unknown,unknown,,,,,,0,0,0,0,,,,,,,,,BRCA1 p.Q1846R,0,"criteria provided, single submitter",ClinVar,864986,clinvar,,,,,,,
hybrid,BRCA1,Q,H,1846,7,13,6,1.8571428571428572,0.6190392084062235,91,1,0,6,5,11,11,17,2,2,4,4,6,6,0,0.333333,0.333333,0.0,0.333333,0.333333,0.0,1.0,1,1,0,7,13,6,7->13,1,1,1->1,0,0,0->0,146.15,155.16,9.009999999999991,9.009999999999991,-3.5,-3.2,0.2999999999999998,0.2999999999999998,0,1,1,1,0,1,1,0->0,strong_hydrophilic,strong_hydrophilic,strong_hydrophilic->strong_hydrophilic,polar,basic,0,0->1,2,2,0,4.2703,,,,,,unknown,unknown,,,,,,0,0,0,0,,,1.8589157316320535e-06,3.0,1613844.0,4.830917874396135e-05,,,BRCA1 p.Q1846H,0,"criteria provided, single submitter",ClinVar,867634,clinvar,17-43045732-C-G,ENST00000357654,missense_variant,gnomad_r4,GRCh38,,
hybrid,BRCA1,Q,R,1848,7,19,12,2.7142857142857144,0.9985288301111273,133,1,0,12,5,17,11,23,2,2,4,4,6,6,0,0.333333,0.333333,0.0,0.333333,0.333333,0.0,2.0,1,1,0,7,19,12,7->19,1,1,1->1,0,0,0->0,146.15,174.2,28.049999999999983,28.049999999999983,-3.5,-4.5,-1.0,1.0,0,1,1,1,0,0,1,0->0,strong_hydrophilic,strong_hydrophilic,strong_hydrophilic->strong_hydrophilic,polar,basic,0,0->1,2,6,4,4.3415,,,,,,unknown,unknown,,,,,,0,0,0,0,,,,,,,,,BRCA1 p.Q1848R,0,"criteria provided, single submitter",ClinVar,869023,clinvar,,,,,,,
hybrid,BRCA1,Q,L,804,7,23,16,3.2857142857142856,1.1895840668738364,161,1,0,16,5,19,11,29,2,4,4,6,6,10,4,0.333333,0.2,-0.133333,0.333333,0.2,-0.133333,2.0,1,5,4,7,23,16,7->23,1,0,1->0,0,1,0->1,146.15,131.18,-14.969999999999999,14.969999999999999,-3.5,3.8,7.3,7.3,0,0,0,0,1,0,0,0->1,strong_hydrophilic,strong_hydrophobic,strong_hydrophilic->strong_hydrophobic,polar,hydrophobic,0,0->0,2,6,4,9.9491,,,,,,unknown,unknown,,,,,,0,0,0,0,,,,,,,,,BRCA1 p.Q804L,0,"criteria provided, single submitter",ClinVar,3481827,clinvar,,,,,,,
hybrid,BRCA1,Q,H,94,7,13,6,1.8571428571428572,0.6190392084062235,91,1,0,6,5,11,11,17,2,2,4,4,6,6,0,0.333333,0.333333,0.0,0.333333,0.333333,0.0,1.0,1,1,0,7,13,6,7->13,1,1,1->1,0,0,0->0,146.15,155.16,9.009999999999991,9.009999999999991,-3.5,-3.2,0.2999999999999998,0.2999999999999998,0,1,1,1,0,1,1,0->0,strong_hydrophilic,strong_hydrophilic,strong_hydrophilic->strong_hydrophilic,polar,basic,0,0->1,2,2,0,4.2703,,,,,,unknown,unknown,,,,,,0,0,0,0,,,1.8588949984571168e-06,3.0,1613862.0,7.566204287515763e-05,,,BRCA1 p.Q94H,0,"criteria provided, multiple submitters, no conflicts",ClinVar,821868,clinvar,17-43104887-C-A,ENST00000357654,missense_variant,gnomad_r4,GRCh38,,
hybrid,BRCA1,E,K,1013,11,11,0,1.0,0.0,121,0,0,0,7,7,13,13,4,4,2,2,6,6,0,0.333333,0.333333,0.0,-0.333333,-0.333333,0.0,0.0,5,5,0,11,11,0,11->11,1,1,1->1,1,1,1->1,147.13,146.19,-0.9399999999999977,0.9399999999999977,-3.5,-3.9,-0.3999999999999999,0.3999999999999999,-1,1,2,2,0,0,1,0->0,strong_hydrophilic,strong_hydrophilic,strong_hydrophilic->strong_hydrophilic,acidic,basic,0,-1->1,2,2,0,4.4282,,,,,,unknown,unknown,,,,,,0,0,0,0,,,,,,,,,BRCA1 p.E1013K,0,"criteria provided, single submitter",ClinVar,433703,clinvar,,,,,,,
hybrid,BRCA1,E,K,1346,11,11,0,1.0,0.0,121,0,0,0,7,7,13,13,4,4,2,2,6,6,0,0.333333,0.333333,0.0,-0.333333,-0.333333,0.0,0.0,5,5,0,11,11,0,11->11,1,1,1->1,1,1,1->1,147.13,146.19,-0.9399999999999977,0.9399999999999977,-3.5,-3.9,-0.3999999999999999,0.3999999999999999,-1,1,2,2,0,0,1,0->0,strong_hydrophilic,strong_hydrophilic,strong_hydrophilic->strong_hydrophilic,acidic,basic,0,-1->1,2,2,0,4.4282,,,,,,unknown,unknown,,,,,,0,0,0,0,,,4.276693384637125e-05,69.0,1613396.0,7.348186467579801e-05,,,BRCA1 p.E1346K,0,"criteria provided, multiple submitters, no conflicts",ClinVar,37561,clinvar,17-43091495-C-T,ENST00000357654,missense_variant,gnomad_r4,GRCh38,,
hybrid,BRCA1,E,Q,1559,11,7,4,0.6363636363636364,-0.45198512374305727,77,0,1,4,7,5,13,11,4,2,2,4,6,6,0,0.333333,0.333333,0.0,-0.333333,0.333333,0.666666,0.666667,5,1,-4,11,7,-4,11->7,1,1,1->1,1,0,1->0,147.13,146.15,-0.9799999999999898,0.9799999999999898,-3.5,-3.5,0.0,0.0,-1,0,1,1,0,0,1,0->0,strong_hydrophilic,strong_hydrophilic,strong_hydrophilic->strong_hydrophilic,acidic,polar,0,-1->0,2,2,0,2.5294,,,,,,unknown,unknown,,,,,,0,0,0,0,,,,,,,,,BRCA1 p.E1559Q,1,"criteria provided, multiple submitters, no conflicts",ClinVar,37605,clinvar,,,,,,,
hybrid,BRCA1,E,V,1638,11,19,8,1.7272727272727273,0.5465437063680699,209,1,0,8,7,17,13,23,4,2,2,4,6,6,0,0.333333,0.333333,0.0,-0.333333,0.333333,0.666666,1.333333,5,1,-4,11,19,8,11->19,1,1,1->1,1,0,1->0,147.13,117.15,-29.97999999999999,29.97999999999999,-3.5,4.2,7.7,7.7,-1,0,1,1,1,0,0,0->1,strong_hydrophilic,strong_hydrophobic,strong_hydrophilic->strong_hydrophobic,acidic,hydrophobic,0,-1->0,2,4,2,12.2994,,,,,,unknown,unknown,,,,,,0,0,0,0,,,,,,,,,BRCA1 p.E1638V,0,"criteria provided, single submitter",ClinVar,868843,clinvar,,,,,,,
hybrid,BRCA1,E,Q,1644,11,7,4,0.6363636363636364,-0.45198512374305727,77,0,1,4,7,5,13,11,4,2,2,4,6,6,0,0.333333,0.333333,0.0,-0.333333,0.333333,0.666666,0.666667,5,1,-4,11,7,-4,11->7,1,1,1->1,1,0,1->0,147.13,146.15,-0.9799999999999898,0.9799999999999898,-3.5,-3.5,0.0,0.0,-1,0,1,1,0,0,1,0->0,strong_hydrophilic,strong_hydrophilic,strong_hydrophilic->strong_hydrophilic,acidic,polar,0,-1->0,2,2,0,2.5294,,,,,,unknown,unknown,,,,,,0,0,0,0,,,,,,,,,BRCA1 p.E1644Q,0,"criteria provided, single submitter",ClinVar,825302,clinvar,,,,,,,
hybrid,BRCA1,E,V,1682,11,19,8,1.7272727272727273,0.5465437063680699,209,1,0,8,7,17,13,23,4,2,2,4,6,6,0,0.333333,0.333333,0.0,-0.333333,0.333333,0.666666,1.333333,5,1,-4,11,19,8,11->19,1,1,1->1,1,0,1->0,147.13,117.15,-29.97999999999999,29.97999999999999,-3.5,4.2,7.7,7.7,-1,0,1,1,1,0,0,0->1,strong_hydrophilic,strong_hydrophobic,strong_hydrophilic->strong_hydrophobic,acidic,hydrophobic,0,-1->0,2,4,2,12.2994,,,,,,unknown,unknown,,,,,,0,0,0,0,,,,,,,,,BRCA1 p.E1682V,1,"criteria provided, single submitter",ClinVar,55362,clinvar,,,,,,,
hybrid,BRCA1,E,K,1849,11,11,0,1.0,0.0,121,0,0,0,7,7,13,13,4,4,2,2,6,6,0,0.333333,0.333333,0.0,-0.333333,-0.333333,0.0,0.0,5,5,0,11,11,0,11->11,1,1,1->1,1,1,1->1,147.13,146.19,-0.9399999999999977,0.9399999999999977,-3.5,-3.9,-0.3999999999999999,0.3999999999999999,-1,1,2,2,0,0,1,0->0,strong_hydrophilic,strong_hydrophilic,strong_hydrophilic->strong_hydrophilic,acidic,basic,0,-1->1,2,2,0,4.4282,,,,,,unknown,unknown,,,,,,0,0,0,0,,,,,,,,,BRCA1 p.E1849K,0,"criteria provided, single submitter",ClinVar,869028,clinvar,,,,,,,
hybrid,BRCA1,E,D,33,11,11,0,1.0,0.0,121,0,0,0,7,7,13,13,4,4,2,2,6,6,0,0.333333,0.333333,0.0,-0.333333,-0.333333,0.0,0.0,5,5,0,11,11,0,11->11,1,1,1->1,1,1,1->1,147.13,133.1,-14.030000000000001,14.030000000000001,-3.5,-3.5,0.0,0.0,-1,-1,0,0,0,0,1,0->0,strong_hydrophilic,strong_hydrophilic,strong_hydrophilic->strong_hydrophilic,acidic,acidic,1,-1->-1,2,2,0,0.4209,,,,,,unknown,unknown,,,,,,0,0,0,0,,,,,,,,,BRCA1 p.E33D,0,"criteria provided, single submitter",ClinVar,865114,clinvar,,,,,,,
hybrid,BRCA1,E,K,33,11,11,0,1.0,0.0,121,0,0,0,7,7,13,13,4,4,2,2,6,6,0,0.333333,0.333333,0.0,-0.333333,-0.333333,0.0,0.0,5,5,0,11,11,0,11->11,1,1,1->1,1,1,1->1,147.13,146.19,-0.9399999999999977,0.9399999999999977,-3.5,-3.9,-0.3999999999999999,0.3999999999999999,-1,1,2,2,0,0,1,0->0,strong_hydrophilic,strong_hydrophilic,strong_hydrophilic->strong_hydrophilic,acidic,basic,0,-1->1,2,2,0,4.4282,,,,,,unknown,unknown,,,,,,0,0,0,0,,,,,,,-0.03176073075,,BRCA1 p.E33K,0,"criteria provided, single submitter",ClinVar,868136,clinvar,,,,,,urn:mavedb:00001222-b-2,Scores from multiplexed functional assay of BRCA1 variants
hybrid,BRCA1,E,D,362,11,11,0,1.0,0.0,121,0,0,0,7,7,13,13,4,4,2,2,6,6,0,0.333333,0.333333,0.0,-0.333333,-0.333333,0.0,0.0,5,5,0,11,11,0,11->11,1,1,1->1,1,1,1->1,147.13,133.1,-14.030000000000001,14.030000000000001,-3.5,-3.5,0.0,0.0,-1,-1,0,0,0,0,1,0->0,strong_hydrophilic,strong_hydrophilic,strong_hydrophilic->strong_hydrophilic,acidic,acidic,1,-1->-1,2,2,0,0.4209,,,,,,unknown,unknown,,,,,,0,0,0,0,,,,,,,,,BRCA1 p.E362D,0,"criteria provided, single submitter",ClinVar,4215103,clinvar,,,,,,,
hybrid,BRCA1,E,K,421,11,11,0,1.0,0.0,121,0,0,0,7,7,13,13,4,4,2,2,6,6,0,0.333333,0.333333,0.0,-0.333333,-0.333333,0.0,0.0,5,5,0,11,11,0,11->11,1,1,1->1,1,1,1->1,147.13,146.19,-0.9399999999999977,0.9399999999999977,-3.5,-3.9,-0.3999999999999999,0.3999999999999999,-1,1,2,2,0,0,1,0->0,strong_hydrophilic,strong_hydrophilic,strong_hydrophilic->strong_hydrophilic,acidic,basic,0,-1->1,2,2,0,4.4282,,,,,,unknown,unknown,,,,,,0,0,0,0,,,,,,,,,BRCA1 p.E421K,0,"criteria provided, single submitter",ClinVar,54179,clinvar,,,,,,,
hybrid,BRCA1,E,A,736,11,13,2,1.1818181818181819,0.16705408466316624,143,1,0,2,7,11,13,17,4,2,2,4,6,6,0,0.333333,0.333333,0.0,-0.333333,0.333333,0.666666,0.333333,5,1,-4,11,13,2,11->13,1,1,1->1,1,0,1->0,147.13,89.09,-58.03999999999999,58.03999999999999,-3.5,1.8,5.3,5.3,-1,0,1,1,1,0,0,0->1,strong_hydrophilic,mild_hydrophobic,strong_hydrophilic->mild_hydrophobic,acidic,small_nonpolar,0,-1->0,2,4,2,10.7412,,,,,,unknown,unknown,,,,,,0,0,0,0,,,3.718780834891089e-06,6.0,1613432.0,0.0001922337562475,,,BRCA1 p.E736A,0,"criteria provided, multiple submitters, no conflicts",ClinVar,37455,clinvar,17-43093324-T-G,ENST00000357654,missense_variant,gnomad_r4,GRCh38,,
hybrid,BRCA1,E,G,736,11,13,2,1.1818181818181819,0.16705408466316624,143,1,0,2,7,11,13,17,4,2,2,4,6,6,0,0.333333,0.333333,0.0,-0.333333,0.333333,0.666666,0.333333,5,1,-4,11,13,2,11->13,1,1,1->1,1,0,1->0,147.13,75.07,-72.06,72.06,-3.5,-0.4,3.1,3.1,-1,0,1,1,1,0,0,0->1,strong_hydrophilic,mild_hydrophilic,strong_hydrophilic->mild_hydrophilic,acidic,small_nonpolar,0,-1->0,2,4,2,8.9618,,,,,,unknown,unknown,,,,,,0,0,0,0,,,,,,,,,BRCA1 p.E736G,0,"criteria provided, multiple submitters, no conflicts",ClinVar,481433,clinvar,,,,,,,
hybrid,BRCA1,E,K,75,11,11,0,1.0,0.0,121,0,0,0,7,7,13,13,4,4,2,2,6,6,0,0.333333,0.333333,0.0,-0.333333,-0.333333,0.0,0.0,5,5,0,11,11,0,11->11,1,1,1->1,1,1,1->1,147.13,146.19,-0.9399999999999977,0.9399999999999977,-3.5,-3.9,-0.3999999999999999,0.3999999999999999,-1,1,2,2,0,0,1,0->0,strong_hydrophilic,strong_hydrophilic,strong_hydrophilic->strong_hydrophilic,acidic,basic,0,-1->1,2,2,0,4.4282,,,,,,unknown,unknown,,,,,,0,0,0,0,,,,,,,0.3870315630915,,BRCA1 p.E75K,0,"criteria provided, single submitter",ClinVar,867356,clinvar,,,,,,urn:mavedb:00000081-a-2,BRCA1 RING and BRCT domains mean HDR fluorescence score
hybrid,BRCA1,E,K,879,11,11,0,1.0,0.0,121,0,0,0,7,7,13,13,4,4,2,2,6,6,0,0.333333,0.333333,0.0,-0.333333,-0.333333,0.0,0.0,5,5,0,11,11,0,11->11,1,1,1->1,1,1,1->1,147.13,146.19,-0.9399999999999977,0.9399999999999977,-3.5,-3.9,-0.3999999999999999,0.3999999999999999,-1,1,2,2,0,0,1,0->0,strong_hydrophilic,strong_hydrophilic,strong_hydrophilic->strong_hydrophilic,acidic,basic,0,-1->1,2,2,0,4.4282,,,,,,unknown,unknown,,,,,,0,0,0,0,,,6.196178444982273e-07,1.0,1613898.0,8.993113074007924e-07,,,BRCA1 p.E879K,0,"criteria provided, single submitter",ClinVar,54624,clinvar,17-43092896-C-T,ENST00000357654,missense_variant,gnomad_r4,GRCh38,,
hybrid,BRCA1,E,K,880,11,11,0,1.0,0.0,121,0,0,0,7,7,13,13,4,4,2,2,6,6,0,0.333333,0.333333,0.0,-0.333333,-0.333333,0.0,0.0,5,5,0,11,11,0,11->11,1,1,1->1,1,1,1->1,147.13,146.19,-0.9399999999999977,0.9399999999999977,-3.5,-3.9,-0.3999999999999999,0.3999999999999999,-1,1,2,2,0,0,1,0->0,strong_hydrophilic,strong_hydrophilic,strong_hydrophilic->strong_hydrophilic,acidic,basic,0,-1->1,2,2,0,4.4282,,,,,,unknown,unknown,,,,,,0,0,0,0,,,,,,,,,BRCA1 p.E880K,0,"criteria provided, single submitter",ClinVar,4625766,clinvar,,,,,,,
hybrid,BRCA1,G,R,1184,13,19,6,1.4615384615384615,0.3794896217049037,247,1,0,6,11,17,17,23,2,2,4,4,6,6,0,0.333333,0.333333,0.0,0.333333,0.333333,0.0,1.0,1,1,0,13,19,6,13->19,1,1,1->1,0,0,0->0,75.07,174.2,99.13,99.13,-0.4,-4.5,-4.1,4.1,0,1,1,1,1,0,0,1->0,mild_hydrophilic,strong_hydrophilic,mild_hydrophilic->strong_hydrophilic,small_nonpolar,basic,0,0->1,4,6,2,10.7739,,,,,,unknown,unknown,,,,,,0,0,0,0,,,6.195310893091237e-07,1.0,1614124.0,2.236235967619303e-05,,,BRCA1 p.G1184R,0,"criteria provided, multiple submitters, no conflicts",ClinVar,1732593,clinvar,17-43091981-C-T,ENST00000357654,missense_variant,gnomad_r4,GRCh38,,
hybrid,BRCA1,G,S,1201,13,17,4,1.3076923076923077,0.26826398659467937,221,1,0,4,11,13,17,19,2,4,4,2,6,6,0,0.333333,0.333333,0.0,0.333333,-0.333333,-0.666666,0.666667,1,5,4,13,17,4,13->17,1,1,1->1,0,0,0->0,75.07,105.09,30.02000000000001,30.02000000000001,-0.4,-0.8,-0.4,0.4,0,0,0,0,1,0,0,1->0,mild_hydrophilic,mild_hydrophilic,mild_hydrophilic->mild_hydrophilic,small_nonpolar,polar,0,0->0,4,6,2,3.5006,,,,,,unknown,unknown,,,,,,0,0,0,0,,,1.1772184682033292e-05,19.0,1613974.0,6.546216286986122e-05,,,BRCA1 p.G1201S,0,"criteria provided, multiple submitters, no conflicts",ClinVar,54932,clinvar,17-43091930-C-T,ENST00000357654,missense_variant,gnomad_r4,GRCh38,,
hybrid,BRCA1,G,R,1205,13,19,6,1.4615384615384615,0.3794896217049037,247,1,0,6,11,17,17,23,2,2,4,4,6,6,0,0.333333,0.333333,0.0,0.333333,0.333333,0.0,1.0,1,1,0,13,19,6,13->19,1,1,1->1,0,0,0->0,75.07,174.2,99.13,99.13,-0.4,-4.5,-4.1,4.1,0,1,1,1,1,0,0,1->0,mild_hydrophilic,strong_hydrophilic,mild_hydrophilic->strong_hydrophilic,small_nonpolar,basic,0,0->1,4,6,2,10.7739,,,,,,unknown,unknown,,,,,,0,0,0,0,,,,,,,,,BRCA1 p.G1205R,0,"criteria provided, single submitter",ClinVar,54937,clinvar,,,,,,,
hybrid,BRCA1,G,E,1332,13,11,2,0.8461538461538461,-0.1670540846631662,143,0,1,2,11,7,17,13,2,4,4,2,6,6,0,0.333333,0.333333,0.0,0.333333,-0.333333,-0.666666,0.333333,1,5,4,13,11,-2,13->11,1,1,1->1,0,1,0->1,75.07,147.13,72.06,72.06,-0.4,-3.5,-3.1,3.1,0,-1,-1,1,1,0,0,1->0,mild_hydrophilic,strong_hydrophilic,mild_hydrophilic->strong_hydrophilic,small_nonpolar,acidic,0,0->-1,4,2,-2,8.9618,,,,,,unknown,unknown,,,,,,0,0,0,0,,,,,,,,,BRCA1 p.G1332E,0,"criteria provided, multiple submitters, no conflicts",ClinVar,824466,clinvar,,,,,,,
hybrid,BRCA1,G,R,1515,13,19,6,1.4615384615384615,0.3794896217049037,247,1,0,6,11,17,17,23,2,2,4,4,6,6,0,0.333333,0.333333,0.0,0.333333,0.333333,0.0,1.0,1,1,0,13,19,6,13->19,1,1,1->1,0,0,0->0,75.07,174.2,99.13,99.13,-0.4,-4.5,-4.1,4.1,0,1,1,1,1,0,0,1->0,mild_hydrophilic,strong_hydrophilic,mild_hydrophilic->strong_hydrophilic,small_nonpolar,basic,0,0->1,4,6,2,10.7739,,,,,,unknown,unknown,,,,,,0,0,0,0,,,,,,,,,BRCA1 p.G1515R,0,"criteria provided, single submitter",ClinVar,3481776,clinvar,,,,,,,
hybrid,BRCA1,G,E,1515,13,11,2,0.8461538461538461,-0.1670540846631662,143,0,1,2,11,7,17,13,2,4,4,2,6,6,0,0.333333,0.333333,0.0,0.333333,-0.333333,-0.666666,0.333333,1,5,4,13,11,-2,13->11,1,1,1->1,0,1,0->1,75.07,147.13,72.06,72.06,-0.4,-3.5,-3.1,3.1,0,-1,-1,1,1,0,0,1->0,mild_hydrophilic,strong_hydrophilic,mild_hydrophilic->strong_hydrophilic,small_nonpolar,acidic,0,0->-1,4,2,-2,8.9618,,,,,,unknown,unknown,,,,,,0,0,0,0,,,2.4782164771657133e-06,4.0,1614064.0,3.5972193494428807e-06,,,BRCA1 p.G1515E,0,"criteria provided, multiple submitters, no conflicts",ClinVar,91632,clinvar,17-43074462-C-T,ENST00000357654,missense_variant,gnomad_r4,GRCh38,,
hybrid,BRCA1,G,E,1543,13,11,2,0.8461538461538461,-0.1670540846631662,143,0,1,2,11,7,17,13,2,4,4,2,6,6,0,0.333333,0.333333,0.0,0.333333,-0.333333,-0.666666,0.333333,1,5,4,13,11,-2,13->11,1,1,1->1,0,1,0->1,75.07,147.13,72.06,72.06,-0.4,-3.5,-3.1,3.1,0,-1,-1,1,1,0,0,1->0,mild_hydrophilic,strong_hydrophilic,mild_hydrophilic->strong_hydrophilic,small_nonpolar,acidic,0,0->-1,4,2,-2,8.9618,,,,,,unknown,unknown,,,,,,0,0,0,0,,,,,,,,,BRCA1 p.G1543E,0,"criteria provided, single submitter",ClinVar,3992563,clinvar,,,,,,,
hybrid,BRCA1,G,R,1706,13,19,6,1.4615384615384615,0.3794896217049037,247,1,0,6,11,17,17,23,2,2,4,4,6,6,0,0.333333,0.333333,0.0,0.333333,0.333333,0.0,1.0,1,1,0,13,19,6,13->19,1,1,1->1,0,0,0->0,75.07,174.2,99.13,99.13,-0.4,-4.5,-4.1,4.1,0,1,1,1,1,0,0,1->0,mild_hydrophilic,strong_hydrophilic,mild_hydrophilic->strong_hydrophilic,small_nonpolar,basic,0,0->1,4,6,2,10.7739,,,,,,unknown,unknown,,,,,,0,0,0,0,,,,,,,,,BRCA1 p.G1706R,1,"criteria provided, multiple submitters, no conflicts",ClinVar,267219,clinvar,,,,,,,
hybrid,BRCA1,G,V,1706,13,19,6,1.4615384615384615,0.3794896217049037,247,1,0,6,11,17,17,23,2,2,4,4,6,6,0,0.333333,0.333333,0.0,0.333333,0.333333,0.0,1.0,1,1,0,13,19,6,13->19,1,1,1->1,0,0,0->0,75.07,117.15,42.08000000000001,42.08000000000001,-0.4,4.2,4.6000000000000005,4.6000000000000005,0,0,0,0,0,0,1,1->1,mild_hydrophilic,strong_hydrophobic,mild_hydrophilic->strong_hydrophobic,small_nonpolar,hydrophobic,0,0->0,4,4,0,6.8624,,,,,,unknown,unknown,,,,,,0,0,0,0,,,,,,,,,BRCA1 p.G1706V,1,"criteria provided, single submitter",ClinVar,868673,clinvar,,,,,,,
hybrid,BRCA1,G,E,1738,13,11,2,0.8461538461538461,-0.1670540846631662,143,0,1,2,11,7,17,13,2,4,4,2,6,6,0,0.333333,0.333333,0.0,0.333333,-0.333333,-0.666666,0.333333,1,5,4,13,11,-2,13->11,1,1,1->1,0,1,0->1,75.07,147.13,72.06,72.06,-0.4,-3.5,-3.1,3.1,0,-1,-1,1,1,0,0,1->0,mild_hydrophilic,strong_hydrophilic,mild_hydrophilic->strong_hydrophilic,small_nonpolar,acidic,0,0->-1,4,2,-2,8.9618,,,,,,unknown,unknown,,,,,,0,0,0,0,,,,,,,,,BRCA1 p.G1738E,1,"criteria provided, multiple submitters, no conflicts",ClinVar,55462,clinvar,,,,,,,
hybrid,BRCA1,G,V,1738,13,19,6,1.4615384615384615,0.3794896217049037,247,1,0,6,11,17,17,23,2,2,4,4,6,6,0,0.333333,0.333333,0.0,0.333333,0.333333,0.0,1.0,1,1,0,13,19,6,13->19,1,1,1->1,0,0,0->0,75.07,117.15,42.08000000000001,42.08000000000001,-0.4,4.2,4.6000000000000005,4.6000000000000005,0,0,0,0,0,0,1,1->1,mild_hydrophilic,strong_hydrophobic,mild_hydrophilic->strong_hydrophobic,small_nonpolar,hydrophobic,0,0->0,4,4,0,6.8624,,,,,,unknown,unknown,,,,,,0,0,0,0,,,,,,,,,BRCA1 p.G1738V,1,"criteria provided, single submitter",ClinVar,845528,clinvar,,,,,,,
hybrid,BRCA1,G,E,1743,13,11,2,0.8461538461538461,-0.1670540846631662,143,0,1,2,11,7,17,13,2,4,4,2,6,6,0,0.333333,0.333333,0.0,0.333333,-0.333333,-0.666666,0.333333,1,5,4,13,11,-2,13->11,1,1,1->1,0,1,0->1,75.07,147.13,72.06,72.06,-0.4,-3.5,-3.1,3.1,0,-1,-1,1,1,0,0,1->0,mild_hydrophilic,strong_hydrophilic,mild_hydrophilic->strong_hydrophilic,small_nonpolar,acidic,0,0->-1,4,2,-2,8.9618,,,,,,unknown,unknown,,,,,,0,0,0,0,,,,,,,,,BRCA1 p.G1743E,1,"criteria provided, multiple submitters, no conflicts",ClinVar,867253,clinvar,,,,,,,
hybrid,BRCA1,G,R,1748,13,19,6,1.4615384615384615,0.3794896217049037,247,1,0,6,11,17,17,23,2,2,4,4,6,6,0,0.333333,0.333333,0.0,0.333333,0.333333,0.0,1.0,1,1,0,13,19,6,13->19,1,1,1->1,0,0,0->0,75.07,174.2,99.13,99.13,-0.4,-4.5,-4.1,4.1,0,1,1,1,1,0,0,1->0,mild_hydrophilic,strong_hydrophilic,mild_hydrophilic->strong_hydrophilic,small_nonpolar,basic,0,0->1,4,6,2,10.7739,,,,,,unknown,unknown,,,,,,0,0,0,0,,,,,,,,,BRCA1 p.G1748R,1,"criteria provided, multiple submitters, no conflicts",ClinVar,240819,clinvar,,,,,,,
hybrid,BRCA1,G,D,1748,13,11,2,0.8461538461538461,-0.1670540846631662,143,0,1,2,11,7,17,13,2,4,4,2,6,6,0,0.333333,0.333333,0.0,0.333333,-0.333333,-0.666666,0.333333,1,5,4,13,11,-2,13->11,1,1,1->1,0,1,0->1,75.07,133.1,58.03,58.03,-0.4,-3.5,-3.1,3.1,0,-1,-1,1,1,0,0,1->0,mild_hydrophilic,strong_hydrophilic,mild_hydrophilic->strong_hydrophilic,small_nonpolar,acidic,0,0->-1,4,2,-2,8.5409,,,,,,unknown,unknown,,,,,,0,0,0,0,,,,,,,,,BRCA1 p.G1748D,1,"criteria provided, multiple submitters, no conflicts",ClinVar,55476,clinvar,,,,,,,
hybrid,BRCA1,G,A,1788,13,13,0,1.0,0.0,169,0,0,0,11,11,17,17,2,2,4,4,6,6,0,0.333333,0.333333,0.0,0.333333,0.333333,0.0,0.0,1,1,0,13,13,0,13->13,1,1,1->1,0,0,0->0,75.07,89.09,14.02000000000001,14.02000000000001,-0.4,1.8,2.2,2.2,0,0,0,0,0,0,1,1->1,mild_hydrophilic,mild_hydrophobic,mild_hydrophilic->mild_hydrophobic,small_nonpolar,small_nonpolar,1,0->0,4,4,0,2.6206,,,,,,unknown,unknown,,,,,,0,0,0,0,,,,,,,,,BRCA1 p.G1788A,1,"criteria provided, single submitter",ClinVar,531438,clinvar,,,,,,,
hybrid,BRCA1,G,C,1788,13,5,8,0.38461538461538464,-0.9555114450274363,65,0,1,8,11,3,17,7,2,2,4,2,6,4,-2,0.333333,0.5,0.166667,0.333333,0.0,-0.333333,1.6,1,5,4,13,5,-8,13->5,1,1,1->1,0,1,0->1,75.07,121.16,46.09,46.09,-0.4,2.5,2.9,2.9,0,0,0,0,1,0,0,1->0,mild_hydrophilic,strong_hydrophobic,mild_hydrophilic->strong_hydrophobic,small_nonpolar,special,0,0->0,4,2,-2,6.4827,,,,,,unknown,unknown,,,,,,0,0,0,0,,,,,,,,,BRCA1 p.G1788C,1,"criteria provided, multiple submitters, no conflicts",ClinVar,55550,clinvar,,,,,,,
hybrid,BRCA1,G,S,1788,13,17,4,1.3076923076923077,0.26826398659467937,221,1,0,4,11,13,17,19,2,4,4,2,6,6,0,0.333333,0.333333,0.0,0.333333,-0.333333,-0.666666,0.666667,1,5,4,13,17,4,13->17,1,1,1->1,0,0,0->0,75.07,105.09,30.02000000000001,30.02000000000001,-0.4,-0.8,-0.4,0.4,0,0,0,0,1,0,0,1->0,mild_hydrophilic,mild_hydrophilic,mild_hydrophilic->mild_hydrophilic,small_nonpolar,polar,0,0->0,4,6,2,3.5006,,,,,,unknown,unknown,,,,,,0,0,0,0,,,,,,,,,BRCA1 p.G1788S,1,"criteria provided, single submitter",ClinVar,868033,clinvar,,,,,,,
hybrid,BRCA1,G,A,1803,13,13,0,1.0,0.0,169,0,0,0,11,11,17,17,2,2,4,4,6,6,0,0.333333,0.333333,0.0,0.333333,0.333333,0.0,0.0,1,1,0,13,13,0,13->13,1,1,1->1,0,0,0->0,75.07,89.09,14.02000000000001,14.02000000000001,-0.4,1.8,2.2,2.2,0,0,0,0,0,0,1,1->1,mild_hydrophilic,mild_hydrophobic,mild_hydrophilic->mild_hydrophobic,small_nonpolar,small_nonpolar,1,0->0,4,4,0,2.6206,,,,,,unknown,unknown,,,,,,0,0,0,0,,,6.195180397457993e-07,1.0,1614158.0,8.992838103734187e-07,,,BRCA1 p.G1803A,1,"criteria provided, multiple submitters, no conflicts",ClinVar,37668,clinvar,17-43047702-C-G,ENST00000357654,missense_variant,gnomad_r4,GRCh38,,
hybrid,BRCA1,G,R,1825,13,19,6,1.4615384615384615,0.3794896217049037,247,1,0,6,11,17,17,23,2,2,4,4,6,6,0,0.333333,0.333333,0.0,0.333333,0.333333,0.0,1.0,1,1,0,13,19,6,13->19,1,1,1->1,0,0,0->0,75.07,174.2,99.13,99.13,-0.4,-4.5,-4.1,4.1,0,1,1,1,1,0,0,1->0,mild_hydrophilic,strong_hydrophilic,mild_hydrophilic->strong_hydrophilic,small_nonpolar,basic,0,0->1,4,6,2,10.7739,,,,,,unknown,unknown,,,,,,0,0,0,0,,,,,,,,,BRCA1 p.G1825R,0,"criteria provided, single submitter",ClinVar,868567,clinvar,,,,,,,
hybrid,BRCA1,G,A,263,13,13,0,1.0,0.0,169,0,0,0,11,11,17,17,2,2,4,4,6,6,0,0.333333,0.333333,0.0,0.333333,0.333333,0.0,0.0,1,1,0,13,13,0,13->13,1,1,1->1,0,0,0->0,75.07,89.09,14.02000000000001,14.02000000000001,-0.4,1.8,2.2,2.2,0,0,0,0,0,0,1,1->1,mild_hydrophilic,mild_hydrophobic,mild_hydrophilic->mild_hydrophobic,small_nonpolar,small_nonpolar,1,0->0,4,4,0,2.6206,,,,,,unknown,unknown,,,,,,0,0,0,0,,,,,,,,,BRCA1 p.G263A,0,"criteria provided, single submitter",ClinVar,55700,clinvar,,,,,,,
hybrid,BRCA1,G,C,263,13,5,8,0.38461538461538464,-0.9555114450274363,65,0,1,8,11,3,17,7,2,2,4,2,6,4,-2,0.333333,0.5,0.166667,0.333333,0.0,-0.333333,1.6,1,5,4,13,5,-8,13->5,1,1,1->1,0,1,0->1,75.07,121.16,46.09,46.09,-0.4,2.5,2.9,2.9,0,0,0,0,1,0,0,1->0,mild_hydrophilic,strong_hydrophobic,mild_hydrophilic->strong_hydrophobic,small_nonpolar,special,0,0->0,4,2,-2,6.4827,,,,,,unknown,unknown,,,,,,0,0,0,0,,,,,,,,,BRCA1 p.G263C,0,"criteria provided, single submitter",ClinVar,55699,clinvar,,,,,,,
hybrid,BRCA1,G,V,552,13,19,6,1.4615384615384615,0.3794896217049037,247,1,0,6,11,17,17,23,2,2,4,4,6,6,0,0.333333,0.333333,0.0,0.333333,0.333333,0.0,1.0,1,1,0,13,19,6,13->19,1,1,1->1,0,0,0->0,75.07,117.15,42.08000000000001,42.08000000000001,-0.4,4.2,4.6000000000000005,4.6000000000000005,0,0,0,0,0,0,1,1->1,mild_hydrophilic,strong_hydrophobic,mild_hydrophilic->strong_hydrophobic,small_nonpolar,hydrophobic,0,0->0,4,4,0,6.8624,,,,,,unknown,unknown,,,,,,0,0,0,0,,,,,,,,,BRCA1 p.G552V,0,"criteria provided, single submitter",ClinVar,54319,clinvar,,,,,,,
hybrid,BRCA1,G,D,960,13,11,2,0.8461538461538461,-0.1670540846631662,143,0,1,2,11,7,17,13,2,4,4,2,6,6,0,0.333333,0.333333,0.0,0.333333,-0.333333,-0.666666,0.333333,1,5,4,13,11,-2,13->11,1,1,1->1,0,1,0->1,75.07,133.1,58.03,58.03,-0.4,-3.5,-3.1,3.1,0,-1,-1,1,1,0,0,1->0,mild_hydrophilic,strong_hydrophilic,mild_hydrophilic->strong_hydrophilic,small_nonpolar,acidic,0,0->-1,4,2,-2,8.5409,,,,,,unknown,unknown,,,,,,0,0,0,0,,,,,,,,,BRCA1 p.G960D,0,"criteria provided, single submitter",ClinVar,54708,clinvar,,,,,,,
hybrid,BRCA1,H,R,1283,13,19,6,1.4615384615384615,0.3794896217049037,247,1,0,6,11,17,17,23,2,2,4,4,6,6,0,0.333333,0.333333,0.0,0.333333,0.333333,0.0,1.0,1,1,0,13,19,6,13->19,1,1,1->1,0,0,0->0,155.16,174.2,19.039999999999992,19.039999999999992,-3.2,-4.5,-1.2999999999999998,1.2999999999999998,1,1,0,0,0,1,1,0->0,strong_hydrophilic,strong_hydrophilic,strong_hydrophilic->strong_hydrophilic,basic,basic,1,1->1,2,6,4,3.0712,,,,,,unknown,unknown,,,,,,0,0,0,0,,,1.4249197398468274e-05,23.0,1614126.0,4.471871925588051e-05,,,BRCA1 p.H1283R,0,"criteria provided, multiple submitters, no conflicts",ClinVar,55028,clinvar,17-43091683-T-C,ENST00000357654,missense_variant,gnomad_r4,GRCh38,,
hybrid,BRCA1,H,R,1284,13,19,6,1.4615384615384615,0.3794896217049037,247,1,0,6,11,17,17,23,2,2,4,4,6,6,0,0.333333,0.333333,0.0,0.333333,0.333333,0.0,1.0,1,1,0,13,19,6,13->19,1,1,1->1,0,0,0->0,155.16,174.2,19.039999999999992,19.039999999999992,-3.2,-4.5,-1.2999999999999998,1.2999999999999998,1,1,0,0,0,1,1,0->0,strong_hydrophilic,strong_hydrophilic,strong_hydrophilic->strong_hydrophilic,basic,basic,1,1->1,2,6,4,3.0712,,,,,,unknown,unknown,,,,,,0,0,0,0,,,,,,,,,BRCA1 p.H1284R,0,"criteria provided, single submitter",ClinVar,55029,clinvar,,,,,,,
hybrid,BRCA1,H,D,1673,13,11,2,0.8461538461538461,-0.1670540846631662,143,0,1,2,11,7,17,13,2,4,4,2,6,6,0,0.333333,0.333333,0.0,0.333333,-0.333333,-0.666666,0.333333,1,5,4,13,11,-2,13->11,1,1,1->1,0,1,0->1,155.16,133.1,-22.060000000000002,22.060000000000002,-3.2,-3.5,-0.2999999999999998,0.2999999999999998,1,-1,-2,2,0,1,1,0->0,strong_hydrophilic,strong_hydrophilic,strong_hydrophilic->strong_hydrophilic,basic,acidic,0,1->-1,2,2,0,6.1618,,,,,,unknown,unknown,,,,,,0,0,0,0,,,,,,,,,BRCA1 p.H1673D,0,"criteria provided, single submitter",ClinVar,865536,clinvar,,,,,,,
hybrid,BRCA1,H,Y,1673,13,17,4,1.3076923076923077,0.26826398659467937,221,1,0,4,11,13,17,19,2,4,4,2,6,6,0,0.333333,0.333333,0.0,0.333333,-0.333333,-0.666666,0.666667,1,5,4,13,17,4,13->17,1,1,1->1,0,0,0->0,155.16,181.19,26.03,26.03,-3.2,-1.3,1.9000000000000001,1.9000000000000001,1,0,-1,1,0,0,0,0->1,strong_hydrophilic,mild_hydrophilic,strong_hydrophilic->mild_hydrophilic,basic,aromatic,0,1->0,2,2,0,5.1809,,,,,,unknown,unknown,,,,,,0,0,0,0,,,6.198329178386674e-07,1.0,1613338.0,1.1594471755866804e-05,,,BRCA1 p.H1673Y,0,"criteria provided, single submitter",ClinVar,865537,clinvar,17-43067665-G-A,ENST00000357654,missense_variant,gnomad_r4,GRCh38,,
hybrid,BRCA1,H,R,1686,13,19,6,1.4615384615384615,0.3794896217049037,247,1,0,6,11,17,17,23,2,2,4,4,6,6,0,0.333333,0.333333,0.0,0.333333,0.333333,0.0,1.0,1,1,0,13,19,6,13->19,1,1,1->1,0,0,0->0,155.16,174.2,19.039999999999992,19.039999999999992,-3.2,-4.5,-1.2999999999999998,1.2999999999999998,1,1,0,0,0,1,1,0->0,strong_hydrophilic,strong_hydrophilic,strong_hydrophilic->strong_hydrophilic,basic,basic,1,1->1,2,6,4,3.0712,,,,,,unknown,unknown,,,,,,0,0,0,0,,,1.2405608823861443e-06,2.0,1612174.0,1.8014577396028864e-06,,,BRCA1 p.H1686R,1,"criteria provided, multiple submitters, no conflicts",ClinVar,183179,clinvar,17-43067625-T-C,ENST00000357654,missense_variant,gnomad_r4,GRCh38,,
hybrid,BRCA1,H,D,1686,13,11,2,0.8461538461538461,-0.1670540846631662,143,0,1,2,11,7,17,13,2,4,4,2,6,6,0,0.333333,0.333333,0.0,0.333333,-0.333333,-0.666666,0.333333,1,5,4,13,11,-2,13->11,1,1,1->1,0,1,0->1,155.16,133.1,-22.060000000000002,22.060000000000002,-3.2,-3.5,-0.2999999999999998,0.2999999999999998,1,-1,-2,2,0,1,1,0->0,strong_hydrophilic,strong_hydrophilic,strong_hydrophilic->strong_hydrophilic,basic,acidic,0,1->-1,2,2,0,6.1618,,,,,,unknown,unknown,,,,,,0,0,0,0,,,,,,,,,BRCA1 p.H1686D,1,"criteria provided, multiple submitters, no conflicts",ClinVar,867583,clinvar,,,,,,,
hybrid,BRCA1,H,Q,1686,13,7,6,0.5384615384615384,-0.6190392084062235,91,0,1,6,11,5,17,11,2,2,4,4,6,6,0,0.333333,0.333333,0.0,0.333333,0.333333,0.0,1.0,1,1,0,13,7,-6,13->7,1,1,1->1,0,0,0->0,155.16,146.15,-9.009999999999991,9.009999999999991,-3.2,-3.5,-0.2999999999999998,0.2999999999999998,1,0,-1,1,0,1,1,0->0,strong_hydrophilic,strong_hydrophilic,strong_hydrophilic->strong_hydrophilic,basic,polar,0,1->0,2,2,0,4.2703,,,,,,unknown,unknown,,,,,,0,0,0,0,,,,,,,,,BRCA1 p.H1686Q,1,"criteria provided, single submitter",ClinVar,55366,clinvar,,,,,,,
hybrid,BRCA1,H,D,1732,13,11,2,0.8461538461538461,-0.1670540846631662,143,0,1,2,11,7,17,13,2,4,4,2,6,6,0,0.333333,0.333333,0.0,0.333333,-0.333333,-0.666666,0.333333,1,5,4,13,11,-2,13->11,1,1,1->1,0,1,0->1,155.16,133.1,-22.060000000000002,22.060000000000002,-3.2,-3.5,-0.2999999999999998,0.2999999999999998,1,-1,-2,2,0,1,1,0->0,strong_hydrophilic,strong_hydrophilic,strong_hydrophilic->strong_hydrophilic,basic,acidic,0,1->-1,2,2,0,6.1618,,,,,,unknown,unknown,,,,,,0,0,0,0,,,,,,,,,BRCA1 p.H1732D,0,"criteria provided, single submitter",ClinVar,867501,clinvar,,,,,,,
hybrid,BRCA1,H,Y,1805,13,17,4,1.3076923076923077,0.26826398659467937,221,1,0,4,11,13,17,19,2,4,4,2,6,6,0,0.333333,0.333333,0.0,0.333333,-0.333333,-0.666666,0.666667,1,5,4,13,17,4,13->17,1,1,1->1,0,0,0->0,155.16,181.19,26.03,26.03,-3.2,-1.3,1.9000000000000001,1.9000000000000001,1,0,-1,1,0,0,0,0->1,strong_hydrophilic,mild_hydrophilic,strong_hydrophilic->mild_hydrophilic,basic,aromatic,0,1->0,2,2,0,5.1809,,,,,,unknown,unknown,,,,,,0,0,0,0,,,6.195272511451961e-07,1.0,1614134.0,8.992854277990709e-07,,,BRCA1 p.H1805Y,0,"criteria provided, single submitter",ClinVar,142988,clinvar,17-43047697-G-A,ENST00000357654,missense_variant,gnomad_r4,GRCh38,,
hybrid,BRCA1,H,P,1860,13,17,4,1.3076923076923077,0.26826398659467937,221,1,0,4,11,13,17,19,2,4,4,2,6,6,0,0.333333,0.333333,0.0,0.333333,-0.333333,-0.666666,0.666667,1,5,4,13,17,4,13->17,1,1,1->1,0,0,0->0,155.16,115.13,-40.03,40.03,-3.2,-1.6,1.6,1.6,1,0,-1,1,1,1,0,0->1,strong_hydrophilic,mild_hydrophilic,strong_hydrophilic->mild_hydrophilic,basic,special,0,1->0,2,4,2,7.7009,,,,,,unknown,unknown,,,,,,0,0,0,0,,,0.0005140721834239,829.0,1612614.0,0.0092371306096126,,,BRCA1 p.H1860P,0,no assertion criteria provided,ClinVar,41833,clinvar,17-43045691-T-G,ENST00000357654,missense_variant,gnomad_r4,GRCh38,,
hybrid,BRCA1,H,L,1862,13,23,10,1.7692307692307692,0.5705448584676129,299,1,0,10,11,19,17,29,2,4,4,6,6,10,4,0.333333,0.2,-0.133333,0.333333,0.2,-0.133333,1.25,1,5,4,13,23,10,13->23,1,0,1->0,0,1,0->1,155.16,131.18,-23.97999999999999,23.97999999999999,-3.2,3.8,7.0,7.0,1,0,-1,1,1,1,0,0->1,strong_hydrophilic,strong_hydrophobic,strong_hydrophilic->strong_hydrophobic,basic,hydrophobic,0,1->0,2,6,4,12.6194,,,,,,unknown,unknown,,,,,,0,0,0,0,,,4.957809045026822e-06,8.0,1613616.0,1.4700693872750794e-05,,,BRCA1 p.H1862L,0,"criteria provided, multiple submitters, no conflicts",ClinVar,55637,clinvar,17-43045685-T-A,ENST00000357654,missense_variant,gnomad_r4,GRCh38,,
hybrid,BRCA1,H,Q,318,13,7,6,0.5384615384615384,-0.6190392084062235,91,0,1,6,11,5,17,11,2,2,4,4,6,6,0,0.333333,0.333333,0.0,0.333333,0.333333,0.0,1.0,1,1,0,13,7,-6,13->7,1,1,1->1,0,0,0->0,155.16,146.15,-9.009999999999991,9.009999999999991,-3.2,-3.5,-0.2999999999999998,0.2999999999999998,1,0,-1,1,0,1,1,0->0,strong_hydrophilic,strong_hydrophilic,strong_hydrophilic->strong_hydrophilic,basic,polar,0,1->0,2,2,0,4.2703,,,,,,unknown,unknown,,,,,,0,0,0,0,,,6.19565634924667e-07,1.0,1614034.0,8.992741059416839e-07,,,BRCA1 p.H318Q,0,"criteria provided, single submitter",ClinVar,4625758,clinvar,17-43094577-A-C,ENST00000357654,missense_variant,gnomad_r4,GRCh38,,
hybrid,BRCA1,H,L,318,13,23,10,1.7692307692307692,0.5705448584676129,299,1,0,10,11,19,17,29,2,4,4,6,6,10,4,0.333333,0.2,-0.133333,0.333333,0.2,-0.133333,1.25,1,5,4,13,23,10,13->23,1,0,1->0,0,1,0->1,155.16,131.18,-23.97999999999999,23.97999999999999,-3.2,3.8,7.0,7.0,1,0,-1,1,1,1,0,0->1,strong_hydrophilic,strong_hydrophobic,strong_hydrophilic->strong_hydrophobic,basic,hydrophobic,0,1->0,2,6,4,12.6194,,,,,,unknown,unknown,,,,,,0,0,0,0,,,,,,,,,BRCA1 p.H318L,1,"criteria provided, single submitter",ClinVar,2445397,clinvar,,,,,,,
hybrid,BRCA1,H,D,41,13,11,2,0.8461538461538461,-0.1670540846631662,143,0,1,2,11,7,17,13,2,4,4,2,6,6,0,0.333333,0.333333,0.0,0.333333,-0.333333,-0.666666,0.333333,1,5,4,13,11,-2,13->11,1,1,1->1,0,1,0->1,155.16,133.1,-22.060000000000002,22.060000000000002,-3.2,-3.5,-0.2999999999999998,0.2999999999999998,1,-1,-2,2,0,1,1,0->0,strong_hydrophilic,strong_hydrophilic,strong_hydrophilic->strong_hydrophilic,basic,acidic,0,1->-1,2,2,0,6.1618,,,,,,unknown,unknown,,,,,,0,0,0,0,,,,,,,,,BRCA1 p.H41D,1,"criteria provided, single submitter",ClinVar,868161,clinvar,,,,,,,
hybrid,BRCA1,H,Y,41,13,17,4,1.3076923076923077,0.26826398659467937,221,1,0,4,11,13,17,19,2,4,4,2,6,6,0,0.333333,0.333333,0.0,0.333333,-0.333333,-0.666666,0.666667,1,5,4,13,17,4,13->17,1,1,1->1,0,0,0->0,155.16,181.19,26.03,26.03,-3.2,-1.3,1.9000000000000001,1.9000000000000001,1,0,-1,1,0,0,0,0->1,strong_hydrophilic,mild_hydrophilic,strong_hydrophilic->mild_hydrophilic,basic,aromatic,0,1->0,2,2,0,5.1809,,,,,,unknown,unknown,,,,,,0,0,0,0,,,,,,,-1.25010122101925,,BRCA1 p.H41Y,1,"criteria provided, multiple submitters, no conflicts",ClinVar,580736,clinvar,,,,,,urn:mavedb:00000081-a-2,BRCA1 RING and BRCT domains mean HDR fluorescence score
hybrid,BRCA1,H,R,476,13,19,6,1.4615384615384615,0.3794896217049037,247,1,0,6,11,17,17,23,2,2,4,4,6,6,0,0.333333,0.333333,0.0,0.333333,0.333333,0.0,1.0,1,1,0,13,19,6,13->19,1,1,1->1,0,0,0->0,155.16,174.2,19.039999999999992,19.039999999999992,-3.2,-4.5,-1.2999999999999998,1.2999999999999998,1,1,0,0,0,1,1,0->0,strong_hydrophilic,strong_hydrophilic,strong_hydrophilic->strong_hydrophilic,basic,basic,1,1->1,2,6,4,3.0712,,,,,,unknown,unknown,,,,,,0,0,0,0,,,0.0001201882867221,194.0,1614134.0,0.0022402771969651,,,BRCA1 p.H476R,0,"criteria provided, multiple submitters, no conflicts",ClinVar,54251,clinvar,17-43094104-T-C,ENST00000357654,missense_variant,gnomad_r4,GRCh38,,
hybrid,BRCA1,H,Q,601,13,7,6,0.5384615384615384,-0.6190392084062235,91,0,1,6,11,5,17,11,2,2,4,4,6,6,0,0.333333,0.333333,0.0,0.333333,0.333333,0.0,1.0,1,1,0,13,7,-6,13->7,1,1,1->1,0,0,0->0,155.16,146.15,-9.009999999999991,9.009999999999991,-3.2,-3.5,-0.2999999999999998,0.2999999999999998,1,0,-1,1,0,1,1,0->0,strong_hydrophilic,strong_hydrophilic,strong_hydrophilic->strong_hydrophilic,basic,polar,0,1->0,2,2,0,4.2703,,,,,,unknown,unknown,,,,,,0,0,0,0,,,,,,,,,BRCA1 p.H601Q,0,"criteria provided, single submitter",ClinVar,3256351,clinvar,,,,,,,
hybrid,BRCA1,H,Y,839,13,17,4,1.3076923076923077,0.26826398659467937,221,1,0,4,11,13,17,19,2,4,4,2,6,6,0,0.333333,0.333333,0.0,0.333333,-0.333333,-0.666666,0.666667,1,5,4,13,17,4,13->17,1,1,1->1,0,0,0->0,155.16,181.19,26.03,26.03,-3.2,-1.3,1.9000000000000001,1.9000000000000001,1,0,-1,1,0,0,0,0->1,strong_hydrophilic,mild_hydrophilic,strong_hydrophilic->mild_hydrophilic,basic,aromatic,0,1->0,2,2,0,5.1809,,,,,,unknown,unknown,,,,,,0,0,0,0,,,,,,,,,BRCA1 p.H839Y,0,"criteria provided, single submitter",ClinVar,2445306,clinvar,,,,,,,
hybrid,BRCA1,H,N,971,13,7,6,0.5384615384615384,-0.6190392084062235,91,0,1,6,11,5,17,11,2,2,4,4,6,6,0,0.333333,0.333333,0.0,0.333333,0.333333,0.0,1.0,1,1,0,13,7,-6,13->7,1,1,1->1,0,0,0->0,155.16,132.12,-23.039999999999992,23.039999999999992,-3.2,-3.5,-0.2999999999999998,0.2999999999999998,1,0,-1,1,0,1,1,0->0,strong_hydrophilic,strong_hydrophilic,strong_hydrophilic->strong_hydrophilic,basic,polar,0,1->0,2,2,0,4.6912,,,,,,unknown,unknown,,,,,,0,0,0,0,,,,,,,,,BRCA1 p.H971N,0,"criteria provided, single submitter",ClinVar,54714,clinvar,,,,,,,
hybrid,BRCA1,I,V,1405,17,19,2,1.1176470588235294,0.1112256351102244,323,1,0,2,13,17,19,23,4,2,2,4,6,6,0,0.333333,0.333333,0.0,-0.333333,0.333333,0.666666,0.333333,5,1,-4,17,19,2,17->19,1,1,1->1,0,0,0->0,131.18,117.15,-14.030000000000001,14.030000000000001,4.5,4.2,-0.2999999999999998,0.2999999999999998,0,0,0,0,0,0,1,1->1,strong_hydrophobic,strong_hydrophobic,strong_hydrophobic->strong_hydrophobic,hydrophobic,hydrophobic,1,0->0,3,4,1,0.7209,,,,,,unknown,unknown,,,,,,0,0,0,0,,,2.4162341194561367e-05,39.0,1614082.0,0.0003246075726309,,,BRCA1 p.I1405V,0,"criteria provided, multiple submitters, no conflicts",ClinVar,37575,clinvar,17-43082548-T-C,ENST00000357654,missense_variant,gnomad_r4,GRCh38,,
hybrid,BRCA1,I,L,1432,17,23,6,1.3529411764705883,0.3022808718729337,391,1,0,6,13,19,19,29,4,4,2,6,6,10,4,0.333333,0.2,-0.133333,-0.333333,0.2,0.533333,0.75,5,5,0,17,23,6,17->23,1,0,1->0,0,1,0->1,131.18,131.18,0.0,0.0,4.5,3.8,-0.7000000000000002,0.7000000000000002,0,0,0,0,0,0,1,1->1,strong_hydrophobic,strong_hydrophobic,strong_hydrophobic->strong_hydrophobic,hydrophobic,hydrophobic,1,0->0,3,6,3,0.7,,,,,,unknown,unknown,,,,,,0,0,0,0,,,,,,,,,BRCA1 p.I1432L,0,"criteria provided, single submitter",ClinVar,55163,clinvar,,,,,,,
hybrid,BRCA1,I,L,1593,17,23,6,1.3529411764705883,0.3022808718729337,391,1,0,6,13,19,19,29,4,4,2,6,6,10,4,0.333333,0.2,-0.133333,-0.333333,0.2,0.533333,0.75,5,5,0,17,23,6,17->23,1,0,1->0,0,1,0->1,131.18,131.18,0.0,0.0,4.5,3.8,-0.7000000000000002,0.7000000000000002,0,0,0,0,0,0,1,1->1,strong_hydrophobic,strong_hydrophobic,strong_hydrophobic->strong_hydrophobic,hydrophobic,hydrophobic,1,0->0,3,6,3,0.7,,,,,,unknown,unknown,,,,,,0,0,0,0,,,,,,,,,BRCA1 p.I1593L,0,no assertion criteria provided,ClinVar,55286,clinvar,,,,,,,
hybrid,BRCA1,I,V,1674,17,19,2,1.1176470588235294,0.1112256351102244,323,1,0,2,13,17,19,23,4,2,2,4,6,6,0,0.333333,0.333333,0.0,-0.333333,0.333333,0.666666,0.333333,5,1,-4,17,19,2,17->19,1,1,1->1,0,0,0->0,131.18,117.15,-14.030000000000001,14.030000000000001,4.5,4.2,-0.2999999999999998,0.2999999999999998,0,0,0,0,0,0,1,1->1,strong_hydrophobic,strong_hydrophobic,strong_hydrophobic->strong_hydrophobic,hydrophobic,hydrophobic,1,0->0,3,4,1,0.7209,,,,,,unknown,unknown,,,,,,0,0,0,0,,,1.8590885260774347e-06,3.0,1613694.0,2.6988222339770923e-06,,,BRCA1 p.I1674V,0,"criteria provided, single submitter",ClinVar,867544,clinvar,17-43067662-T-C,ENST00000357654,missense_variant,gnomad_r4,GRCh38,,
hybrid,BRCA1,I,V,171,17,19,2,1.1176470588235294,0.1112256351102244,323,1,0,2,13,17,19,23,4,2,2,4,6,6,0,0.333333,0.333333,0.0,-0.333333,0.333333,0.666666,0.333333,5,1,-4,17,19,2,17->19,1,1,1->1,0,0,0->0,131.18,117.15,-14.030000000000001,14.030000000000001,4.5,4.2,-0.2999999999999998,0.2999999999999998,0,0,0,0,0,0,1,1->1,strong_hydrophobic,strong_hydrophobic,strong_hydrophobic->strong_hydrophobic,hydrophobic,hydrophobic,1,0->0,3,4,1,0.7209,,,,,,unknown,unknown,,,,,,0,0,0,0,,,6.197353482168975e-07,1.0,1613592.0,1.1594202898550725e-05,0.0,,BRCA1 p.I171V,0,"criteria provided, single submitter",ClinVar,431182,clinvar,17-43099811-T-C,ENST00000357654,missense_variant,gnomad_r4,GRCh38,urn:mavedb:00000081-a-1,BRCA1 RING and BRCT domains depletion scores
hybrid,BRCA1,I,T,1723,17,17,0,1.0,0.0,289,0,0,0,13,13,19,19,4,4,2,2,6,6,0,0.333333,0.333333,0.0,-0.333333,-0.333333,0.0,0.0,5,5,0,17,17,0,17->17,1,1,1->1,0,0,0->0,131.18,119.12,-12.060000000000002,12.060000000000002,4.5,-0.7,-5.2,5.2,0,0,0,0,1,0,1,1->1,strong_hydrophobic,mild_hydrophilic,strong_hydrophobic->mild_hydrophilic,hydrophobic,polar,0,0->0,3,4,1,7.7618,,,,,,unknown,unknown,,,,,,0,0,0,0,,,,,,,,,BRCA1 p.I1723T,0,"criteria provided, multiple submitters, no conflicts",ClinVar,531248,clinvar,,,,,,,
hybrid,BRCA1,I,N,1766,17,7,10,0.4117647058823529,-0.8873031950009028,119,0,1,10,13,5,19,11,4,2,2,4,6,6,0,0.333333,0.333333,0.0,-0.333333,0.333333,0.666666,1.666667,5,1,-4,17,7,-10,17->7,1,1,1->1,0,0,0->0,131.18,132.12,0.9399999999999977,0.9399999999999977,4.5,-3.5,-8.0,8.0,0,0,0,0,1,0,0,1->0,strong_hydrophobic,strong_hydrophilic,strong_hydrophobic->strong_hydrophilic,hydrophobic,polar,0,0->0,3,2,-1,10.2282,,,,,,unknown,unknown,,,,,,0,0,0,0,,,,,,,,,BRCA1 p.I1766N,1,"criteria provided, multiple submitters, no conflicts",ClinVar,267594,clinvar,,,,,,,
hybrid,BRCA1,I,T,1766,17,17,0,1.0,0.0,289,0,0,0,13,13,19,19,4,4,2,2,6,6,0,0.333333,0.333333,0.0,-0.333333,-0.333333,0.0,0.0,5,5,0,17,17,0,17->17,1,1,1->1,0,0,0->0,131.18,119.12,-12.060000000000002,12.060000000000002,4.5,-0.7,-5.2,5.2,0,0,0,0,1,0,1,1->1,strong_hydrophobic,mild_hydrophilic,strong_hydrophobic->mild_hydrophilic,hydrophobic,polar,0,0->0,3,4,1,7.7618,,,,,,unknown,unknown,,,,,,0,0,0,0,,,,,,,,,BRCA1 p.I1766T,1,"criteria provided, single submitter",ClinVar,867965,clinvar,,,,,,,
hybrid,BRCA1,I,N,1824,17,7,10,0.4117647058823529,-0.8873031950009028,119,0,1,10,13,5,19,11,4,2,2,4,6,6,0,0.333333,0.333333,0.0,-0.333333,0.333333,0.666666,1.666667,5,1,-4,17,7,-10,17->7,1,1,1->1,0,0,0->0,131.18,132.12,0.9399999999999977,0.9399999999999977,4.5,-3.5,-8.0,8.0,0,0,0,0,1,0,0,1->0,strong_hydrophobic,strong_hydrophilic,strong_hydrophobic->strong_hydrophilic,hydrophobic,polar,0,0->0,3,2,-1,10.2282,,,,,,unknown,unknown,,,,,,0,0,0,0,,,,,,,,,BRCA1 p.I1824N,0,"criteria provided, single submitter",ClinVar,867577,clinvar,,,,,,,
hybrid,BRCA1,I,L,21,17,23,6,1.3529411764705883,0.3022808718729337,391,1,0,6,13,19,19,29,4,4,2,6,6,10,4,0.333333,0.2,-0.133333,-0.333333,0.2,0.533333,0.75,5,5,0,17,23,6,17->23,1,0,1->0,0,1,0->1,131.18,131.18,0.0,0.0,4.5,3.8,-0.7000000000000002,0.7000000000000002,0,0,0,0,0,0,1,1->1,strong_hydrophobic,strong_hydrophobic,strong_hydrophobic->strong_hydrophobic,hydrophobic,hydrophobic,1,0->0,3,6,3,0.7,,,,,,unknown,unknown,,,,,,0,0,0,0,,,,,,,,,BRCA1 p.I21L,0,"criteria provided, single submitter",ClinVar,868777,clinvar,,,,,,,
hybrid,BRCA1,I,N,26,17,7,10,0.4117647058823529,-0.8873031950009028,119,0,1,10,13,5,19,11,4,2,2,4,6,6,0,0.333333,0.333333,0.0,-0.333333,0.333333,0.666666,1.666667,5,1,-4,17,7,-10,17->7,1,1,1->1,0,0,0->0,131.18,132.12,0.9399999999999977,0.9399999999999977,4.5,-3.5,-8.0,8.0,0,0,0,0,1,0,0,1->0,strong_hydrophobic,strong_hydrophilic,strong_hydrophobic->strong_hydrophilic,hydrophobic,polar,0,0->0,3,2,-1,10.2282,,,,,,unknown,unknown,,,,,,0,0,0,0,,,,,,,-0.0336063122176,,BRCA1 p.I26N,1,no assertion criteria provided,ClinVar,252890,clinvar,,,,,,urn:mavedb:00000081-a-2,BRCA1 RING and BRCT domains mean HDR fluorescence score
hybrid,BRCA1,I,M,26,17,11,6,0.6470588235294118,-0.4353180712578455,187,0,1,6,13,7,19,13,4,4,2,2,6,6,0,0.333333,0.333333,0.0,-0.333333,-0.333333,0.0,1.0,5,5,0,17,11,-6,17->11,1,1,1->1,0,1,0->1,131.18,149.21,18.03,18.03,4.5,1.9,-2.6,2.6,0,0,0,0,0,0,0,1->0,strong_hydrophobic,mild_hydrophobic,strong_hydrophobic->mild_hydrophobic,hydrophobic,hydrophobic,1,0->0,3,1,-2,3.1409,,,,,,unknown,unknown,,,,,,0,0,0,0,,,,,,,,,BRCA1 p.I26M,0,"criteria provided, single submitter",ClinVar,867748,clinvar,,,,,,,
hybrid,BRCA1,I,M,379,17,11,6,0.6470588235294118,-0.4353180712578455,187,0,1,6,13,7,19,13,4,4,2,2,6,6,0,0.333333,0.333333,0.0,-0.333333,-0.333333,0.0,1.0,5,5,0,17,11,-6,17->11,1,1,1->1,0,1,0->1,131.18,149.21,18.03,18.03,4.5,1.9,-2.6,2.6,0,0,0,0,0,0,0,1->0,strong_hydrophobic,mild_hydrophobic,strong_hydrophobic->mild_hydrophobic,hydrophobic,hydrophobic,1,0->0,3,1,-2,3.1409,,,,,,unknown,unknown,,,,,,0,0,0,0,,,0.000278162910538,449.0,1614162.0,0.0057646356033452,,,BRCA1 p.I379M,0,"criteria provided, multiple submitters, no conflicts",ClinVar,54143,clinvar,17-43094394-A-C,ENST00000357654,missense_variant,gnomad_r4,GRCh38,,
hybrid,BRCA1,I,V,429,17,19,2,1.1176470588235294,0.1112256351102244,323,1,0,2,13,17,19,23,4,2,2,4,6,6,0,0.333333,0.333333,0.0,-0.333333,0.333333,0.666666,0.333333,5,1,-4,17,19,2,17->19,1,1,1->1,0,0,0->0,131.18,117.15,-14.030000000000001,14.030000000000001,4.5,4.2,-0.2999999999999998,0.2999999999999998,0,0,0,0,0,0,1,1->1,strong_hydrophobic,strong_hydrophobic,strong_hydrophobic->strong_hydrophobic,hydrophobic,hydrophobic,1,0->0,3,4,1,0.7209,,,,,,unknown,unknown,,,,,,0,0,0,0,,,6.195272511451961e-07,1.0,1614134.0,1.159366522132307e-05,,,BRCA1 p.I429V,0,"criteria provided, single submitter",ClinVar,4056259,clinvar,17-43094246-T-C,ENST00000357654,missense_variant,gnomad_r4,GRCh38,,
hybrid,BRCA1,I,V,492,17,19,2,1.1176470588235294,0.1112256351102244,323,1,0,2,13,17,19,23,4,2,2,4,6,6,0,0.333333,0.333333,0.0,-0.333333,0.333333,0.666666,0.333333,5,1,-4,17,19,2,17->19,1,1,1->1,0,0,0->0,131.18,117.15,-14.030000000000001,14.030000000000001,4.5,4.2,-0.2999999999999998,0.2999999999999998,0,0,0,0,0,0,1,1->1,strong_hydrophobic,strong_hydrophobic,strong_hydrophobic->strong_hydrophobic,hydrophobic,hydrophobic,1,0->0,3,4,1,0.7209,,,,,,unknown,unknown,,,,,,0,0,0,0,,,,,,,,,BRCA1 p.I492V,0,"criteria provided, multiple submitters, no conflicts",ClinVar,660456,clinvar,,,,,,,
hybrid,BRCA1,I,S,548,17,17,0,1.0,0.0,289,0,0,0,13,13,19,19,4,4,2,2,6,6,0,0.333333,0.333333,0.0,-0.333333,-0.333333,0.0,0.0,5,5,0,17,17,0,17->17,1,1,1->1,0,0,0->0,131.18,105.09,-26.090000000000003,26.090000000000003,4.5,-0.8,-5.3,5.3,0,0,0,0,1,0,0,1->0,strong_hydrophobic,mild_hydrophilic,strong_hydrophobic->mild_hydrophilic,hydrophobic,polar,0,0->0,3,6,3,8.2827,,,,,,unknown,unknown,,,,,,0,0,0,0,,,,,,,,,BRCA1 p.I548S,0,"criteria provided, single submitter",ClinVar,1209888,clinvar,,,,,,,
hybrid,BRCA1,I,M,600,17,11,6,0.6470588235294118,-0.4353180712578455,187,0,1,6,13,7,19,13,4,4,2,2,6,6,0,0.333333,0.333333,0.0,-0.333333,-0.333333,0.0,1.0,5,5,0,17,11,-6,17->11,1,1,1->1,0,1,0->1,131.18,149.21,18.03,18.03,4.5,1.9,-2.6,2.6,0,0,0,0,0,0,0,1->0,strong_hydrophobic,mild_hydrophobic,strong_hydrophobic->mild_hydrophobic,hydrophobic,hydrophobic,1,0->0,3,1,-2,3.1409,,,,,,unknown,unknown,,,,,,0,0,0,0,,,,,,,,,BRCA1 p.I600M,0,"criteria provided, single submitter",ClinVar,54354,clinvar,,,,,,,
hybrid,BRCA1,I,V,783,17,19,2,1.1176470588235294,0.1112256351102244,323,1,0,2,13,17,19,23,4,2,2,4,6,6,0,0.333333,0.333333,0.0,-0.333333,0.333333,0.666666,0.333333,5,1,-4,17,19,2,17->19,1,1,1->1,0,0,0->0,131.18,117.15,-14.030000000000001,14.030000000000001,4.5,4.2,-0.2999999999999998,0.2999999999999998,0,0,0,0,0,0,1,1->1,strong_hydrophobic,strong_hydrophobic,strong_hydrophobic->strong_hydrophobic,hydrophobic,hydrophobic,1,0->0,3,4,1,0.7209,,,,,,unknown,unknown,,,,,,0,0,0,0,,,1.1153549679149557e-05,18.0,1613836.0,0.0003779289493575,,,BRCA1 p.I783V,0,"criteria provided, multiple submitters, no conflicts",ClinVar,54541,clinvar,17-43093184-T-C,ENST00000357654,missense_variant,gnomad_r4,GRCh38,,
hybrid,BRCA1,I,V,90,17,19,2,1.1176470588235294,0.1112256351102244,323,1,0,2,13,17,19,23,4,2,2,4,6,6,0,0.333333,0.333333,0.0,-0.333333,0.333333,0.666666,0.333333,5,1,-4,17,19,2,17->19,1,1,1->1,0,0,0->0,131.18,117.15,-14.030000000000001,14.030000000000001,4.5,4.2,-0.2999999999999998,0.2999999999999998,0,0,0,0,0,0,1,1->1,strong_hydrophobic,strong_hydrophobic,strong_hydrophobic->strong_hydrophobic,hydrophobic,hydrophobic,1,0->0,3,4,1,0.7209,,,,,,unknown,unknown,,,,,,0,0,0,0,,,,,,,0.0,,BRCA1 p.I90V,0,"criteria provided, single submitter",ClinVar,441388,clinvar,,,,,,urn:mavedb:00000081-a-1,BRCA1 RING and BRCT domains depletion scores
hybrid,BRCA1,L,F,1223,23,17,6,0.7391304347826086,-0.3022808718729337,391,0,1,6,19,13,29,19,4,4,6,2,10,6,-4,0.2,0.333333,0.133333,0.2,-0.333333,-0.533333,0.75,5,5,0,23,17,-6,23->17,0,1,0->1,1,0,1->0,131.18,165.19,34.00999999999999,34.00999999999999,3.8,2.8,-1.0,1.0,0,0,0,0,0,1,1,1->1,strong_hydrophobic,strong_hydrophobic,strong_hydrophobic->strong_hydrophobic,hydrophobic,aromatic,0,0->0,6,2,-4,4.2203,,,,,,unknown,unknown,,,,,,0,0,0,0,,,,,,,,,BRCA1 p.L1223F,0,"criteria provided, multiple submitters, no conflicts",ClinVar,462619,clinvar,,,,,,,
hybrid,BRCA1,L,F,1261,23,17,6,0.7391304347826086,-0.3022808718729337,391,0,1,6,19,13,29,19,4,4,6,2,10,6,-4,0.2,0.333333,0.133333,0.2,-0.333333,-0.533333,0.75,5,5,0,23,17,-6,23->17,0,1,0->1,1,0,1->0,131.18,165.19,34.00999999999999,34.00999999999999,3.8,2.8,-1.0,1.0,0,0,0,0,0,1,1,1->1,strong_hydrophobic,strong_hydrophobic,strong_hydrophobic->strong_hydrophobic,hydrophobic,aromatic,0,0->0,6,2,-4,4.2203,,,,,,unknown,unknown,,,,,,0,0,0,0,,,6.19485034480537e-07,1.0,1614244.0,8.992870452305412e-07,,,BRCA1 p.L1261F,0,"criteria provided, single submitter",ClinVar,41819,clinvar,17-43091748-T-A,ENST00000357654,missense_variant,gnomad_r4,GRCh38,,
hybrid,BRCA1,L,S,1276,23,17,6,0.7391304347826086,-0.3022808718729337,391,0,1,6,19,13,29,19,4,4,6,2,10,6,-4,0.2,0.333333,0.133333,0.2,-0.333333,-0.533333,0.75,5,5,0,23,17,-6,23->17,0,1,0->1,1,0,1->0,131.18,105.09,-26.090000000000003,26.090000000000003,3.8,-0.8,-4.6,4.6,0,0,0,0,1,0,0,1->0,strong_hydrophobic,mild_hydrophilic,strong_hydrophobic->mild_hydrophilic,hydrophobic,polar,0,0->0,6,6,0,7.5827,,,,,,unknown,unknown,,,,,,0,0,0,0,,,,,,,,,BRCA1 p.L1276S,0,"criteria provided, single submitter",ClinVar,3992578,clinvar,,,,,,,
hybrid,BRCA1,L,V,1276,23,19,4,0.8260869565217391,-0.19105523676270922,437,0,1,4,19,17,29,23,4,2,6,4,10,6,-4,0.2,0.333333,0.133333,0.2,0.333333,0.133333,0.5,5,1,-4,23,19,-4,23->19,0,1,0->1,1,0,1->0,131.18,117.15,-14.030000000000001,14.030000000000001,3.8,4.2,0.40000000000000036,0.40000000000000036,0,0,0,0,0,0,1,1->1,strong_hydrophobic,strong_hydrophobic,strong_hydrophobic->strong_hydrophobic,hydrophobic,hydrophobic,1,0->0,6,4,-2,0.8209,,,,,,unknown,unknown,,,,,,0,0,0,0,,,,,,,,,BRCA1 p.L1276V,0,"criteria provided, multiple submitters, no conflicts",ClinVar,506525,clinvar,,,,,,,
hybrid,BRCA1,L,F,1306,23,17,6,0.7391304347826086,-0.3022808718729337,391,0,1,6,19,13,29,19,4,4,6,2,10,6,-4,0.2,0.333333,0.133333,0.2,-0.333333,-0.533333,0.75,5,5,0,23,17,-6,23->17,0,1,0->1,1,0,1->0,131.18,165.19,34.00999999999999,34.00999999999999,3.8,2.8,-1.0,1.0,0,0,0,0,0,1,1,1->1,strong_hydrophobic,strong_hydrophobic,strong_hydrophobic->strong_hydrophobic,hydrophobic,aromatic,0,0->0,6,2,-4,4.2203,,,,,,unknown,unknown,,,,,,0,0,0,0,,,1.8584988533062075e-06,3.0,1614206.0,2.697822317825052e-06,,,BRCA1 p.L1306F,0,"criteria provided, single submitter",ClinVar,1285144,clinvar,17-43091613-C-A,ENST00000357654,missense_variant,gnomad_r4,GRCh38,,
hybrid,BRCA1,L,R,138,23,19,4,0.8260869565217391,-0.19105523676270922,437,0,1,4,19,17,29,23,4,2,6,4,10,6,-4,0.2,0.333333,0.133333,0.2,0.333333,0.133333,0.5,5,1,-4,23,19,-4,23->19,0,1,0->1,1,0,1->0,131.18,174.2,43.01999999999998,43.01999999999998,3.8,-4.5,-8.3,8.3,0,1,1,1,1,0,0,1->0,strong_hydrophobic,strong_hydrophilic,strong_hydrophobic->strong_hydrophilic,hydrophobic,basic,0,0->1,6,6,0,13.2906,,,,,,unknown,unknown,,,,,,0,0,0,0,,,,,,,0.0,,BRCA1 p.L138R,0,"criteria provided, multiple submitters, no conflicts",ClinVar,1738154,clinvar,,,,,,urn:mavedb:00000081-a-1,BRCA1 RING and BRCT domains depletion scores
hybrid,BRCA1,L,F,1605,23,17,6,0.7391304347826086,-0.3022808718729337,391,0,1,6,19,13,29,19,4,4,6,2,10,6,-4,0.2,0.333333,0.133333,0.2,-0.333333,-0.533333,0.75,5,5,0,23,17,-6,23->17,0,1,0->1,1,0,1->0,131.18,165.19,34.00999999999999,34.00999999999999,3.8,2.8,-1.0,1.0,0,0,0,0,0,1,1,1->1,strong_hydrophobic,strong_hydrophobic,strong_hydrophobic->strong_hydrophobic,hydrophobic,aromatic,0,0->0,6,2,-4,4.2203,,,,,,unknown,unknown,,,,,,0,0,0,0,,,,,,,,,BRCA1 p.L1605F,0,"criteria provided, single submitter",ClinVar,3825325,clinvar,,,,,,,
hybrid,BRCA1,L,P,1705,23,17,6,0.7391304347826086,-0.3022808718729337,391,0,1,6,19,13,29,19,4,4,6,2,10,6,-4,0.2,0.333333,0.133333,0.2,-0.333333,-0.533333,0.75,5,5,0,23,17,-6,23->17,0,1,0->1,1,0,1->0,131.18,115.13,-16.05000000000001,16.05000000000001,3.8,-1.6,-5.4,5.4,0,0,0,0,0,0,1,1->1,strong_hydrophobic,mild_hydrophilic,strong_hydrophobic->mild_hydrophilic,hydrophobic,special,0,0->0,6,4,-2,6.8815,,,,,,unknown,unknown,,,,,,0,0,0,0,,,,,,,,,BRCA1 p.L1705P,1,"criteria provided, multiple submitters, no conflicts",ClinVar,37637,clinvar,,,,,,,
hybrid,BRCA1,L,Q,1780,23,7,16,0.30434782608695654,-1.1895840668738362,161,0,1,16,19,5,29,11,4,2,6,4,10,6,-4,0.2,0.333333,0.133333,0.2,0.333333,0.133333,2.0,5,1,-4,23,7,-16,23->7,0,1,0->1,1,0,1->0,131.18,146.15,14.969999999999999,14.969999999999999,3.8,-3.5,-7.3,7.3,0,0,0,0,1,0,0,1->0,strong_hydrophobic,strong_hydrophilic,strong_hydrophobic->strong_hydrophilic,hydrophobic,polar,0,0->0,6,2,-4,9.9491,,,,,,unknown,unknown,,,,,,0,0,0,0,,,,,,,,,BRCA1 p.L1780Q,1,"criteria provided, single submitter",ClinVar,462670,clinvar,,,,,,,
hybrid,BRCA1,L,P,1780,23,17,6,0.7391304347826086,-0.3022808718729337,391,0,1,6,19,13,29,19,4,4,6,2,10,6,-4,0.2,0.333333,0.133333,0.2,-0.333333,-0.533333,0.75,5,5,0,23,17,-6,23->17,0,1,0->1,1,0,1->0,131.18,115.13,-16.05000000000001,16.05000000000001,3.8,-1.6,-5.4,5.4,0,0,0,0,0,0,1,1->1,strong_hydrophobic,mild_hydrophilic,strong_hydrophobic->mild_hydrophilic,hydrophobic,special,0,0->0,6,4,-2,6.8815,,,,,,unknown,unknown,,,,,,0,0,0,0,,,1.2391082385828569e-06,2.0,1614064.0,5.038037180714394e-05,,,BRCA1 p.L1780P,1,"criteria provided, multiple submitters, no conflicts",ClinVar,55541,clinvar,17-43049188-A-G,ENST00000357654,missense_variant,gnomad_r4,GRCh38,,
hybrid,BRCA1,L,R,1795,23,19,4,0.8260869565217391,-0.19105523676270922,437,0,1,4,19,17,29,23,4,2,6,4,10,6,-4,0.2,0.333333,0.133333,0.2,0.333333,0.133333,0.5,5,1,-4,23,19,-4,23->19,0,1,0->1,1,0,1->0,131.18,174.2,43.01999999999998,43.01999999999998,3.8,-4.5,-8.3,8.3,0,1,1,1,1,0,0,1->0,strong_hydrophobic,strong_hydrophilic,strong_hydrophobic->strong_hydrophilic,hydrophobic,basic,0,0->1,6,6,0,13.2906,,,,,,unknown,unknown,,,,,,0,0,0,0,,,,,,,,,BRCA1 p.L1795R,0,"criteria provided, single submitter",ClinVar,868042,clinvar,,,,,,,
hybrid,BRCA1,L,I,1800,23,17,6,0.7391304347826086,-0.3022808718729337,391,0,1,6,19,13,29,19,4,4,6,2,10,6,-4,0.2,0.333333,0.133333,0.2,-0.333333,-0.533333,0.75,5,5,0,23,17,-6,23->17,0,1,0->1,1,0,1->0,131.18,131.18,0.0,0.0,3.8,4.5,0.7000000000000002,0.7000000000000002,0,0,0,0,0,0,1,1->1,strong_hydrophobic,strong_hydrophobic,strong_hydrophobic->strong_hydrophobic,hydrophobic,hydrophobic,1,0->0,6,3,-3,0.7,,,,,,unknown,unknown,,,,,,0,0,0,0,,,,,,,,,BRCA1 p.L1800I,0,"criteria provided, single submitter",ClinVar,868419,clinvar,,,,,,,
hybrid,BRCA1,L,F,204,23,17,6,0.7391304347826086,-0.3022808718729337,391,0,1,6,19,13,29,19,4,4,6,2,10,6,-4,0.2,0.333333,0.133333,0.2,-0.333333,-0.533333,0.75,5,5,0,23,17,-6,23->17,0,1,0->1,1,0,1->0,131.18,165.19,34.00999999999999,34.00999999999999,3.8,2.8,-1.0,1.0,0,0,0,0,0,1,1,1->1,strong_hydrophobic,strong_hydrophobic,strong_hydrophobic->strong_hydrophobic,hydrophobic,aromatic,0,0->0,6,2,-4,4.2203,,,,,,unknown,unknown,,,,,,0,0,0,0,,,0.0001097043066068,177.0,1613428.0,0.000153834251241,,,BRCA1 p.L204F,0,no assertion criteria provided,ClinVar,91712,clinvar,17-43095904-C-G,ENST00000357654,missense_variant,gnomad_r4,GRCh38,,
hybrid,BRCA1,L,V,218,23,19,4,0.8260869565217391,-0.19105523676270922,437,0,1,4,19,17,29,23,4,2,6,4,10,6,-4,0.2,0.333333,0.133333,0.2,0.333333,0.133333,0.5,5,1,-4,23,19,-4,23->19,0,1,0->1,1,0,1->0,131.18,117.15,-14.030000000000001,14.030000000000001,3.8,4.2,0.40000000000000036,0.40000000000000036,0,0,0,0,0,0,1,1->1,strong_hydrophobic,strong_hydrophobic,strong_hydrophobic->strong_hydrophobic,hydrophobic,hydrophobic,1,0->0,6,4,-2,0.8209,,,,,,unknown,unknown,,,,,,0,0,0,0,,,1.2393462696296957e-06,2.0,1613754.0,1.7988490963481564e-06,,,BRCA1 p.L218V,0,"criteria provided, single submitter",ClinVar,1684697,clinvar,17-43095864-A-C,ENST00000357654,missense_variant,gnomad_r4,GRCh38,,
hybrid,BRCA1,L,P,358,23,17,6,0.7391304347826086,-0.3022808718729337,391,0,1,6,19,13,29,19,4,4,6,2,10,6,-4,0.2,0.333333,0.133333,0.2,-0.333333,-0.533333,0.75,5,5,0,23,17,-6,23->17,0,1,0->1,1,0,1->0,131.18,115.13,-16.05000000000001,16.05000000000001,3.8,-1.6,-5.4,5.4,0,0,0,0,0,0,1,1->1,strong_hydrophobic,mild_hydrophilic,strong_hydrophobic->mild_hydrophilic,hydrophobic,special,0,0->0,6,4,-2,6.8815,,,,,,unknown,unknown,,,,,,0,0,0,0,,,,,,,,,BRCA1 p.L358P,0,"criteria provided, multiple submitters, no conflicts",ClinVar,1784220,clinvar,,,,,,,
hybrid,BRCA1,L,F,3,23,17,6,0.7391304347826086,-0.3022808718729337,391,0,1,6,19,13,29,19,4,4,6,2,10,6,-4,0.2,0.333333,0.133333,0.2,-0.333333,-0.533333,0.75,5,5,0,23,17,-6,23->17,0,1,0->1,1,0,1->0,131.18,165.19,34.00999999999999,34.00999999999999,3.8,2.8,-1.0,1.0,0,0,0,0,0,1,1,1->1,strong_hydrophobic,strong_hydrophobic,strong_hydrophobic->strong_hydrophobic,hydrophobic,aromatic,0,0->0,6,2,-4,4.2203,,,,,,unknown,unknown,,,,,,0,0,0,0,,,,,,,0.23514994151025,,BRCA1 p.L3F,0,"criteria provided, single submitter",ClinVar,864988,clinvar,,,,,,urn:mavedb:00000081-a-2,BRCA1 RING and BRCT domains mean HDR fluorescence score
hybrid,BRCA1,L,V,413,23,19,4,0.8260869565217391,-0.19105523676270922,437,0,1,4,19,17,29,23,4,2,6,4,10,6,-4,0.2,0.333333,0.133333,0.2,0.333333,0.133333,0.5,5,1,-4,23,19,-4,23->19,0,1,0->1,1,0,1->0,131.18,117.15,-14.030000000000001,14.030000000000001,3.8,4.2,0.40000000000000036,0.40000000000000036,0,0,0,0,0,0,1,1->1,strong_hydrophobic,strong_hydrophobic,strong_hydrophobic->strong_hydrophobic,hydrophobic,hydrophobic,1,0->0,6,4,-2,0.8209,,,,,,unknown,unknown,,,,,,0,0,0,0,,,1.858565633386777e-06,3.0,1614148.0,2.6978320221869704e-06,,,BRCA1 p.L413V,0,"criteria provided, multiple submitters, no conflicts",ClinVar,479198,clinvar,17-43094294-A-C,ENST00000357654,missense_variant,gnomad_r4,GRCh38,,
hybrid,BRCA1,L,S,474,23,17,6,0.7391304347826086,-0.3022808718729337,391,0,1,6,19,13,29,19,4,4,6,2,10,6,-4,0.2,0.333333,0.133333,0.2,-0.333333,-0.533333,0.75,5,5,0,23,17,-6,23->17,0,1,0->1,1,0,1->0,131.18,105.09,-26.090000000000003,26.090000000000003,3.8,-0.8,-4.6,4.6,0,0,0,0,1,0,0,1->0,strong_hydrophobic,mild_hydrophilic,strong_hydrophobic->mild_hydrophilic,hydrophobic,polar,0,0->0,6,6,0,7.5827,,,,,,unknown,unknown,,,,,,0,0,0,0,,,,,,,,,BRCA1 p.L474S,0,"criteria provided, single submitter",ClinVar,805950,clinvar,,,,,,,
hybrid,BRCA1,L,S,892,23,17,6,0.7391304347826086,-0.3022808718729337,391,0,1,6,19,13,29,19,4,4,6,2,10,6,-4,0.2,0.333333,0.133333,0.2,-0.333333,-0.533333,0.75,5,5,0,23,17,-6,23->17,0,1,0->1,1,0,1->0,131.18,105.09,-26.090000000000003,26.090000000000003,3.8,-0.8,-4.6,4.6,0,0,0,0,1,0,0,1->0,strong_hydrophobic,mild_hydrophilic,strong_hydrophobic->mild_hydrophilic,hydrophobic,polar,0,0->0,6,6,0,7.5827,,,,,,unknown,unknown,,,,,,0,0,0,0,,,,,,,,,BRCA1 p.L892S,0,"criteria provided, single submitter",ClinVar,54638,clinvar,,,,,,,
hybrid,BRCA1,L,Q,954,23,7,16,0.30434782608695654,-1.1895840668738362,161,0,1,16,19,5,29,11,4,2,6,4,10,6,-4,0.2,0.333333,0.133333,0.2,0.333333,0.133333,2.0,5,1,-4,23,7,-16,23->7,0,1,0->1,1,0,1->0,131.18,146.15,14.969999999999999,14.969999999999999,3.8,-3.5,-7.3,7.3,0,0,0,0,1,0,0,1->0,strong_hydrophobic,strong_hydrophilic,strong_hydrophobic->strong_hydrophilic,hydrophobic,polar,0,0->0,6,2,-4,9.9491,,,,,,unknown,unknown,,,,,,0,0,0,0,,,,,,,,,BRCA1 p.L954Q,0,"criteria provided, multiple submitters, no conflicts",ClinVar,1796968,clinvar,,,,,,,
hybrid,BRCA1,L,I,95,23,17,6,0.7391304347826086,-0.3022808718729337,391,0,1,6,19,13,29,19,4,4,6,2,10,6,-4,0.2,0.333333,0.133333,0.2,-0.333333,-0.533333,0.75,5,5,0,23,17,-6,23->17,0,1,0->1,1,0,1->0,131.18,131.18,0.0,0.0,3.8,4.5,0.7000000000000002,0.7000000000000002,0,0,0,0,0,0,1,1->1,strong_hydrophobic,strong_hydrophobic,strong_hydrophobic->strong_hydrophobic,hydrophobic,hydrophobic,1,0->0,6,3,-3,0.7,,,,,,unknown,unknown,,,,,,0,0,0,0,,,,,,,0.3963386895332501,,BRCA1 p.L95I,0,"criteria provided, single submitter",ClinVar,868346,clinvar,,,,,,urn:mavedb:00000081-a-2,BRCA1 RING and BRCT domains mean HDR fluorescence score
hybrid,BRCA1,L,P,95,23,17,6,0.7391304347826086,-0.3022808718729337,391,0,1,6,19,13,29,19,4,4,6,2,10,6,-4,0.2,0.333333,0.133333,0.2,-0.333333,-0.533333,0.75,5,5,0,23,17,-6,23->17,0,1,0->1,1,0,1->0,131.18,115.13,-16.05000000000001,16.05000000000001,3.8,-1.6,-5.4,5.4,0,0,0,0,0,0,1,1->1,strong_hydrophobic,mild_hydrophilic,strong_hydrophobic->mild_hydrophilic,hydrophobic,special,0,0->0,6,4,-2,6.8815,,,,,,unknown,unknown,,,,,,0,0,0,0,,,,,,,,,BRCA1 p.L95P,1,"criteria provided, single submitter",ClinVar,868350,clinvar,,,,,,,
hybrid,BRCA1,L,V,983,23,19,4,0.8260869565217391,-0.19105523676270922,437,0,1,4,19,17,29,23,4,2,6,4,10,6,-4,0.2,0.333333,0.133333,0.2,0.333333,0.133333,0.5,5,1,-4,23,19,-4,23->19,0,1,0->1,1,0,1->0,131.18,117.15,-14.030000000000001,14.030000000000001,3.8,4.2,0.40000000000000036,0.40000000000000036,0,0,0,0,0,0,1,1->1,strong_hydrophobic,strong_hydrophobic,strong_hydrophobic->strong_hydrophobic,hydrophobic,hydrophobic,1,0->0,6,4,-2,0.8209,,,,,,unknown,unknown,,,,,,0,0,0,0,,,,,,,,,BRCA1 p.L983V,0,"criteria provided, single submitter",ClinVar,3730837,clinvar,,,,,,,
hybrid,BRCA1,K,I,1037,11,17,6,1.5454545454545454,0.4353180712578455,187,1,0,6,7,13,13,19,4,4,2,2,6,6,0,0.333333,0.333333,0.0,-0.333333,-0.333333,0.0,1.0,5,5,0,11,17,6,11->17,1,1,1->1,1,0,1->0,146.19,131.18,-15.009999999999991,15.009999999999991,-3.9,4.5,8.4,8.4,1,0,-1,1,1,0,0,0->1,strong_hydrophilic,strong_hydrophobic,strong_hydrophilic->strong_hydrophobic,basic,hydrophobic,0,1->0,2,3,1,12.5503,,,,,,unknown,unknown,,,,,,0,0,0,0,,,,,,,,,BRCA1 p.K1037I,0,"criteria provided, single submitter",ClinVar,3600337,clinvar,,,,,,,
hybrid,BRCA1,K,R,1233,11,19,8,1.7272727272727273,0.5465437063680699,209,1,0,8,7,17,13,23,4,2,2,4,6,6,0,0.333333,0.333333,0.0,-0.333333,0.333333,0.666666,1.333333,5,1,-4,11,19,8,11->19,1,1,1->1,1,0,1->0,146.19,174.2,28.00999999999999,28.00999999999999,-3.9,-4.5,-0.6000000000000001,0.6000000000000001,1,1,0,0,0,0,1,0->0,strong_hydrophilic,strong_hydrophilic,strong_hydrophilic->strong_hydrophilic,basic,basic,1,1->1,2,6,4,1.4403,,,,,,unknown,unknown,,,,,,0,0,0,0,,,,,,,,,BRCA1 p.K1233R,0,"criteria provided, single submitter",ClinVar,54964,clinvar,,,,,,,
hybrid,BRCA1,K,N,1636,11,7,4,0.6363636363636364,-0.45198512374305727,77,0,1,4,7,5,13,11,4,2,2,4,6,6,0,0.333333,0.333333,0.0,-0.333333,0.333333,0.666666,0.666667,5,1,-4,11,7,-4,11->7,1,1,1->1,1,0,1->0,146.19,132.12,-14.069999999999993,14.069999999999993,-3.9,-3.5,0.3999999999999999,0.3999999999999999,1,0,-1,1,0,0,1,0->0,strong_hydrophilic,strong_hydrophilic,strong_hydrophilic->strong_hydrophilic,basic,polar,0,1->0,2,2,0,3.3221,,,,,,unknown,unknown,,,,,,0,0,0,0,,,,,,,,,BRCA1 p.K1636N,0,"criteria provided, single submitter",ClinVar,865673,clinvar,,,,,,,
hybrid,BRCA1,K,R,1648,11,19,8,1.7272727272727273,0.5465437063680699,209,1,0,8,7,17,13,23,4,2,2,4,6,6,0,0.333333,0.333333,0.0,-0.333333,0.333333,0.666666,1.333333,5,1,-4,11,19,8,11->19,1,1,1->1,1,0,1->0,146.19,174.2,28.00999999999999,28.00999999999999,-3.9,-4.5,-0.6000000000000001,0.6000000000000001,1,1,0,0,0,0,1,0->0,strong_hydrophilic,strong_hydrophilic,strong_hydrophilic->strong_hydrophilic,basic,basic,1,1->1,2,6,4,1.4403,,,,,,unknown,unknown,,,,,,0,0,0,0,,,6.194819644020884e-07,1.0,1614252.0,0.0001928268414963,,,BRCA1 p.K1648R,0,"criteria provided, single submitter",ClinVar,868434,clinvar,17-43070971-T-C,ENST00000357654,missense_variant,gnomad_r4,GRCh38,,
hybrid,BRCA1,K,T,1648,11,17,6,1.5454545454545454,0.4353180712578455,187,1,0,6,7,13,13,19,4,4,2,2,6,6,0,0.333333,0.333333,0.0,-0.333333,-0.333333,0.0,1.0,5,5,0,11,17,6,11->17,1,1,1->1,1,0,1->0,146.19,119.12,-27.069999999999993,27.069999999999993,-3.9,-0.7,3.2,3.2,1,0,-1,1,0,0,0,0->1,strong_hydrophilic,mild_hydrophilic,strong_hydrophilic->mild_hydrophilic,basic,polar,0,1->0,2,4,2,6.5121,,,,,,unknown,unknown,,,,,,0,0,0,0,,,,,,,,,BRCA1 p.K1648T,0,"criteria provided, single submitter",ClinVar,868433,clinvar,,,,,,,
hybrid,BRCA1,K,T,1667,11,17,6,1.5454545454545454,0.4353180712578455,187,1,0,6,7,13,13,19,4,4,2,2,6,6,0,0.333333,0.333333,0.0,-0.333333,-0.333333,0.0,1.0,5,5,0,11,17,6,11->17,1,1,1->1,1,0,1->0,146.19,119.12,-27.069999999999993,27.069999999999993,-3.9,-0.7,3.2,3.2,1,0,-1,1,0,0,0,0->1,strong_hydrophilic,mild_hydrophilic,strong_hydrophilic->mild_hydrophilic,basic,polar,0,1->0,2,4,2,6.5121,,,,,,unknown,unknown,,,,,,0,0,0,0,,,,,,,,,BRCA1 p.K1667T,0,"criteria provided, single submitter",ClinVar,868102,clinvar,,,,,,,
hybrid,BRCA1,K,Q,1702,11,7,4,0.6363636363636364,-0.45198512374305727,77,0,1,4,7,5,13,11,4,2,2,4,6,6,0,0.333333,0.333333,0.0,-0.333333,0.333333,0.666666,0.666667,5,1,-4,11,7,-4,11->7,1,1,1->1,1,0,1->0,146.19,146.15,-0.03999999999999204,0.03999999999999204,-3.9,-3.5,0.3999999999999999,0.3999999999999999,1,0,-1,1,0,0,1,0->0,strong_hydrophilic,strong_hydrophilic,strong_hydrophilic->strong_hydrophilic,basic,polar,0,1->0,2,2,0,2.9012,,,,,,unknown,unknown,,,,,,0,0,0,0,,,,,,,,,BRCA1 p.K1702Q,1,"criteria provided, single submitter",ClinVar,867649,clinvar,,,,,,,
hybrid,BRCA1,K,N,1711,11,7,4,0.6363636363636364,-0.45198512374305727,77,0,1,4,7,5,13,11,4,2,2,4,6,6,0,0.333333,0.333333,0.0,-0.333333,0.333333,0.666666,0.666667,5,1,-4,11,7,-4,11->7,1,1,1->1,1,0,1->0,146.19,132.12,-14.069999999999993,14.069999999999993,-3.9,-3.5,0.3999999999999999,0.3999999999999999,1,0,-1,1,0,0,1,0->0,strong_hydrophilic,strong_hydrophilic,strong_hydrophilic->strong_hydrophilic,basic,polar,0,1->0,2,2,0,3.3221,,,,,,unknown,unknown,,,,,,0,0,0,0,,,,,,,,,BRCA1 p.K1711N,0,"criteria provided, single submitter",ClinVar,864997,clinvar,,,,,,,
hybrid,BRCA1,K,E,1711,11,11,0,1.0,0.0,121,0,0,0,7,7,13,13,4,4,2,2,6,6,0,0.333333,0.333333,0.0,-0.333333,-0.333333,0.0,0.0,5,5,0,11,11,0,11->11,1,1,1->1,1,1,1->1,146.19,147.13,0.9399999999999977,0.9399999999999977,-3.9,-3.5,0.3999999999999999,0.3999999999999999,1,-1,-2,2,0,0,1,0->0,strong_hydrophilic,strong_hydrophilic,strong_hydrophilic->strong_hydrophilic,basic,acidic,0,1->-1,2,2,0,4.4282,,,,,,unknown,unknown,,,,,,0,0,0,0,,,,,,,,,BRCA1 p.K1711E,1,"criteria provided, single submitter",ClinVar,864993,clinvar,,,,,,,
hybrid,BRCA1,K,Q,301,11,7,4,0.6363636363636364,-0.45198512374305727,77,0,1,4,7,5,13,11,4,2,2,4,6,6,0,0.333333,0.333333,0.0,-0.333333,0.333333,0.666666,0.666667,5,1,-4,11,7,-4,11->7,1,1,1->1,1,0,1->0,146.19,146.15,-0.03999999999999204,0.03999999999999204,-3.9,-3.5,0.3999999999999999,0.3999999999999999,1,0,-1,1,0,0,1,0->0,strong_hydrophilic,strong_hydrophilic,strong_hydrophilic->strong_hydrophilic,basic,polar,0,1->0,2,2,0,2.9012,,,,,,unknown,unknown,,,,,,0,0,0,0,,,,,,,,,BRCA1 p.K301Q,0,"criteria provided, single submitter",ClinVar,1049569,clinvar,,,,,,,
hybrid,BRCA1,K,R,355,11,19,8,1.7272727272727273,0.5465437063680699,209,1,0,8,7,17,13,23,4,2,2,4,6,6,0,0.333333,0.333333,0.0,-0.333333,0.333333,0.666666,1.333333,5,1,-4,11,19,8,11->19,1,1,1->1,1,0,1->0,146.19,174.2,28.00999999999999,28.00999999999999,-3.9,-4.5,-0.6000000000000001,0.6000000000000001,1,1,0,0,0,0,1,0->0,strong_hydrophilic,strong_hydrophilic,strong_hydrophilic->strong_hydrophilic,basic,basic,1,1->1,2,6,4,1.4403,,,,,,unknown,unknown,,,,,,0,0,0,0,,,,,,,,,BRCA1 p.K355R,0,"criteria provided, single submitter",ClinVar,54112,clinvar,,,,,,,
hybrid,BRCA1,K,Q,556,11,7,4,0.6363636363636364,-0.45198512374305727,77,0,1,4,7,5,13,11,4,2,2,4,6,6,0,0.333333,0.333333,0.0,-0.333333,0.333333,0.666666,0.666667,5,1,-4,11,7,-4,11->7,1,1,1->1,1,0,1->0,146.19,146.15,-0.03999999999999204,0.03999999999999204,-3.9,-3.5,0.3999999999999999,0.3999999999999999,1,0,-1,1,0,0,1,0->0,strong_hydrophilic,strong_hydrophilic,strong_hydrophilic->strong_hydrophilic,basic,polar,0,1->0,2,2,0,2.9012,,,,,,unknown,unknown,,,,,,0,0,0,0,,,,,,,,,BRCA1 p.K556Q,0,"criteria provided, single submitter",ClinVar,156488,clinvar,,,,,,,
hybrid,BRCA1,K,E,654,11,11,0,1.0,0.0,121,0,0,0,7,7,13,13,4,4,2,2,6,6,0,0.333333,0.333333,0.0,-0.333333,-0.333333,0.0,0.0,5,5,0,11,11,0,11->11,1,1,1->1,1,1,1->1,146.19,147.13,0.9399999999999977,0.9399999999999977,-3.9,-3.5,0.3999999999999999,0.3999999999999999,1,-1,-2,2,0,0,1,0->0,strong_hydrophilic,strong_hydrophilic,strong_hydrophilic->strong_hydrophilic,basic,acidic,0,1->-1,2,2,0,4.4282,,,,,,unknown,unknown,,,,,,0,0,0,0,,,,,,,,,BRCA1 p.K654E,0,"criteria provided, single submitter",ClinVar,54415,clinvar,,,,,,,
hybrid,BRCA1,K,R,912,11,19,8,1.7272727272727273,0.5465437063680699,209,1,0,8,7,17,13,23,4,2,2,4,6,6,0,0.333333,0.333333,0.0,-0.333333,0.333333,0.666666,1.333333,5,1,-4,11,19,8,11->19,1,1,1->1,1,0,1->0,146.19,174.2,28.00999999999999,28.00999999999999,-3.9,-4.5,-0.6000000000000001,0.6000000000000001,1,1,0,0,0,0,1,0->0,strong_hydrophilic,strong_hydrophilic,strong_hydrophilic->strong_hydrophilic,basic,basic,1,1->1,2,6,4,1.4403,,,,,,unknown,unknown,,,,,,0,0,0,0,,,6.815314879938934e-06,11.0,1614012.0,0.0002460519840737,,,BRCA1 p.K912R,0,"criteria provided, multiple submitters, no conflicts",ClinVar,37487,clinvar,17-43092796-T-C,ENST00000357654,missense_variant,gnomad_r4,GRCh38,,
hybrid,BRCA1,M,T,1411,11,17,6,1.5454545454545454,0.4353180712578455,187,1,0,6,7,13,13,19,4,4,2,2,6,6,0,0.333333,0.333333,0.0,-0.333333,-0.333333,0.0,1.0,5,5,0,11,17,6,11->17,1,1,1->1,1,0,1->0,149.21,119.12,-30.090000000000003,30.090000000000003,1.9,-0.7,-2.5999999999999996,2.5999999999999996,0,0,0,0,1,0,0,0->1,mild_hydrophobic,mild_hydrophilic,mild_hydrophobic->mild_hydrophilic,hydrophobic,polar,0,0->0,1,4,3,5.7027,,,,,,unknown,unknown,,,,,,0,0,0,0,,,,,,,,,BRCA1 p.M1411T,1,"criteria provided, multiple submitters, no conflicts",ClinVar,55147,clinvar,,,,,,,
hybrid,BRCA1,M,R,1663,11,19,8,1.7272727272727273,0.5465437063680699,209,1,0,8,7,17,13,23,4,2,2,4,6,6,0,0.333333,0.333333,0.0,-0.333333,0.333333,0.666666,1.333333,5,1,-4,11,19,8,11->19,1,1,1->1,1,0,1->0,149.21,174.2,24.98999999999998,24.98999999999998,1.9,-4.5,-6.4,6.4,0,1,1,1,1,0,1,0->0,mild_hydrophobic,strong_hydrophilic,mild_hydrophobic->strong_hydrophilic,hydrophobic,basic,0,0->1,1,6,5,10.8497,,,,,,unknown,unknown,,,,,,0,0,0,0,,,,,,,,,BRCA1 p.M1663R,1,"criteria provided, single submitter",ClinVar,868096,clinvar,,,,,,,
hybrid,BRCA1,M,R,1689,11,19,8,1.7272727272727273,0.5465437063680699,209,1,0,8,7,17,13,23,4,2,2,4,6,6,0,0.333333,0.333333,0.0,-0.333333,0.333333,0.666666,1.333333,5,1,-4,11,19,8,11->19,1,1,1->1,1,0,1->0,149.21,174.2,24.98999999999998,24.98999999999998,1.9,-4.5,-6.4,6.4,0,1,1,1,1,0,1,0->0,mild_hydrophobic,strong_hydrophilic,mild_hydrophobic->strong_hydrophilic,hydrophobic,basic,0,0->1,1,6,5,10.8497,,,,,,unknown,unknown,,,,,,0,0,0,0,,,,,,,,,BRCA1 p.M1689R,1,"criteria provided, multiple submitters, no conflicts",ClinVar,37625,clinvar,,,,,,,
hybrid,BRCA1,M,K,1689,11,11,0,1.0,0.0,121,0,0,0,7,7,13,13,4,4,2,2,6,6,0,0.333333,0.333333,0.0,-0.333333,-0.333333,0.0,0.0,5,5,0,11,11,0,11->11,1,1,1->1,1,1,1->1,149.21,146.19,-3.0200000000000102,3.0200000000000102,1.9,-3.9,-5.8,5.8,0,1,1,1,1,0,1,0->0,mild_hydrophobic,strong_hydrophilic,mild_hydrophobic->strong_hydrophilic,hydrophobic,basic,0,0->1,1,2,1,9.5906,,,,,,unknown,unknown,,,,,,0,0,0,0,,,,,,,,,BRCA1 p.M1689K,1,"criteria provided, single submitter",ClinVar,864899,clinvar,,,,,,,
hybrid,BRCA1,M,V,1775,11,19,8,1.7272727272727273,0.5465437063680699,209,1,0,8,7,17,13,23,4,2,2,4,6,6,0,0.333333,0.333333,0.0,-0.333333,0.333333,0.666666,1.333333,5,1,-4,11,19,8,11->19,1,1,1->1,1,0,1->0,149.21,117.15,-32.06,32.06,1.9,4.2,2.3000000000000003,2.3000000000000003,0,0,0,0,0,0,0,0->1,mild_hydrophobic,strong_hydrophobic,mild_hydrophobic->strong_hydrophobic,hydrophobic,hydrophobic,1,0->0,1,4,3,3.2618,,,,,,unknown,unknown,,,,,,0,0,0,0,,,6.195502808421423e-07,1.0,1614074.0,8.993371884920814e-07,,,BRCA1 p.M1775V,1,"criteria provided, single submitter",ClinVar,868306,clinvar,17-43051072-T-C,ENST00000357654,missense_variant,gnomad_r4,GRCh38,,
hybrid,BRCA1,M,L,1783,11,23,12,2.090909090909091,0.7375989431307791,253,1,0,12,7,19,13,29,4,4,2,6,6,10,4,0.333333,0.2,-0.133333,-0.333333,0.2,0.533333,1.5,5,5,0,11,23,12,11->23,1,0,1->0,1,1,1->1,149.21,131.18,-18.03,18.03,1.9,3.8,1.9,1.9,0,0,0,0,0,0,0,0->1,mild_hydrophobic,strong_hydrophobic,mild_hydrophobic->strong_hydrophobic,hydrophobic,hydrophobic,1,0->0,1,6,5,2.4409,,,,,,unknown,unknown,,,,,,0,0,0,0,,,6.19586364143298e-06,10.0,1613980.0,0.0005773672055427,,,BRCA1 p.M1783L,0,"criteria provided, single submitter",ClinVar,865370,clinvar,17-43049180-T-G,ENST00000357654,missense_variant,gnomad_r4,GRCh38,,
hybrid,BRCA1,M,L,1827,11,23,12,2.090909090909091,0.7375989431307791,253,1,0,12,7,19,13,29,4,4,2,6,6,10,4,0.333333,0.2,-0.133333,-0.333333,0.2,0.533333,1.5,5,5,0,11,23,12,11->23,1,0,1->0,1,1,1->1,149.21,131.18,-18.03,18.03,1.9,3.8,1.9,1.9,0,0,0,0,0,0,0,0->1,mild_hydrophobic,strong_hydrophobic,mild_hydrophobic->strong_hydrophobic,hydrophobic,hydrophobic,1,0->0,1,6,5,2.4409,,,,,,unknown,unknown,,,,,,0,0,0,0,,,,,,,,,BRCA1 p.M1827L,0,"criteria provided, single submitter",ClinVar,864921,clinvar,,,,,,,
hybrid,BRCA1,M,R,18,11,19,8,1.7272727272727273,0.5465437063680699,209,1,0,8,7,17,13,23,4,2,2,4,6,6,0,0.333333,0.333333,0.0,-0.333333,0.333333,0.666666,1.333333,5,1,-4,11,19,8,11->19,1,1,1->1,1,0,1->0,149.21,174.2,24.98999999999998,24.98999999999998,1.9,-4.5,-6.4,6.4,0,1,1,1,1,0,1,0->0,mild_hydrophobic,strong_hydrophilic,mild_hydrophobic->strong_hydrophilic,hydrophobic,basic,0,0->1,1,6,5,10.8497,,,,,,unknown,unknown,,,,,,0,0,0,0,,,,,,,4.0,,BRCA1 p.M18R,1,"criteria provided, multiple submitters, no conflicts",ClinVar,531241,clinvar,,,,,,urn:mavedb:00000081-a-1,BRCA1 RING and BRCT domains depletion scores
hybrid,BRCA1,M,L,18,11,23,12,2.090909090909091,0.7375989431307791,253,1,0,12,7,19,13,29,4,4,2,6,6,10,4,0.333333,0.2,-0.133333,-0.333333,0.2,0.533333,1.5,5,5,0,11,23,12,11->23,1,0,1->0,1,1,1->1,149.21,131.18,-18.03,18.03,1.9,3.8,1.9,1.9,0,0,0,0,0,0,0,0->1,mild_hydrophobic,strong_hydrophobic,mild_hydrophobic->strong_hydrophobic,hydrophobic,hydrophobic,1,0->0,1,6,5,2.4409,,,,,,unknown,unknown,,,,,,0,0,0,0,,,,,,,0.03848274028945,,BRCA1 p.M18L,0,"criteria provided, single submitter",ClinVar,865041,clinvar,,,,,,urn:mavedb:00000081-a-2,BRCA1 RING and BRCT domains mean HDR fluorescence score
hybrid,BRCA1,M,K,18,11,11,0,1.0,0.0,121,0,0,0,7,7,13,13,4,4,2,2,6,6,0,0.333333,0.333333,0.0,-0.333333,-0.333333,0.0,0.0,5,5,0,11,11,0,11->11,1,1,1->1,1,1,1->1,149.21,146.19,-3.0200000000000102,3.0200000000000102,1.9,-3.9,-5.8,5.8,0,1,1,1,1,0,1,0->0,mild_hydrophobic,strong_hydrophilic,mild_hydrophobic->strong_hydrophilic,hydrophobic,basic,0,0->1,1,2,1,9.5906,,,,,,unknown,unknown,,,,,,0,0,0,0,,,,,,,-1.940982116775,,BRCA1 p.M18K,1,"criteria provided, multiple submitters, no conflicts",ClinVar,55559,clinvar,,,,,,urn:mavedb:00000081-a-2,BRCA1 RING and BRCT domains mean HDR fluorescence score
hybrid,BRCA1,M,R,1,11,19,8,1.7272727272727273,0.5465437063680699,209,1,0,8,7,17,13,23,4,2,2,4,6,6,0,0.333333,0.333333,0.0,-0.333333,0.333333,0.666666,1.333333,5,1,-4,11,19,8,11->19,1,1,1->1,1,0,1->0,149.21,174.2,24.98999999999998,24.98999999999998,1.9,-4.5,-6.4,6.4,0,1,1,1,1,0,1,0->0,mild_hydrophobic,strong_hydrophilic,mild_hydrophobic->strong_hydrophilic,hydrophobic,basic,0,0->1,1,6,5,10.8497,,,,,,unknown,unknown,,,,,,0,0,0,0,,,,,,,,,BRCA1 p.M1R,1,"criteria provided, multiple submitters, no conflicts",ClinVar,54746,clinvar,,,,,,,
hybrid,BRCA1,M,K,1,11,11,0,1.0,0.0,121,0,0,0,7,7,13,13,4,4,2,2,6,6,0,0.333333,0.333333,0.0,-0.333333,-0.333333,0.0,0.0,5,5,0,11,11,0,11->11,1,1,1->1,1,1,1->1,149.21,146.19,-3.0200000000000102,3.0200000000000102,1.9,-3.9,-5.8,5.8,0,1,1,1,1,0,1,0->0,mild_hydrophobic,strong_hydrophilic,mild_hydrophobic->strong_hydrophilic,hydrophobic,basic,0,0->1,1,2,1,9.5906,,,,,,unknown,unknown,,,,,,0,0,0,0,,,,,,,,,BRCA1 p.M1K,1,"criteria provided, single submitter",ClinVar,801069,clinvar,,,,,,,
hybrid,BRCA1,M,T,1,11,17,6,1.5454545454545454,0.4353180712578455,187,1,0,6,7,13,13,19,4,4,2,2,6,6,0,0.333333,0.333333,0.0,-0.333333,-0.333333,0.0,1.0,5,5,0,11,17,6,11->17,1,1,1->1,1,0,1->0,149.21,119.12,-30.090000000000003,30.090000000000003,1.9,-0.7,-2.5999999999999996,2.5999999999999996,0,0,0,0,1,0,0,0->1,mild_hydrophobic,mild_hydrophilic,mild_hydrophobic->mild_hydrophilic,hydrophobic,polar,0,0->0,1,4,3,5.7027,,,,,,unknown,unknown,,,,,,0,0,0,0,,,,,,,,,BRCA1 p.M1T,1,"criteria provided, multiple submitters, no conflicts",ClinVar,54745,clinvar,,,,,,,
hybrid,BRCA1,M,V,1,11,19,8,1.7272727272727273,0.5465437063680699,209,1,0,8,7,17,13,23,4,2,2,4,6,6,0,0.333333,0.333333,0.0,-0.333333,0.333333,0.666666,1.333333,5,1,-4,11,19,8,11->19,1,1,1->1,1,0,1->0,149.21,117.15,-32.06,32.06,1.9,4.2,2.3000000000000003,2.3000000000000003,0,0,0,0,0,0,0,0->1,mild_hydrophobic,strong_hydrophobic,mild_hydrophobic->strong_hydrophobic,hydrophobic,hydrophobic,1,0->0,1,4,3,3.2618,,,,,,unknown,unknown,,,,,,0,0,0,0,,,,,,,,,BRCA1 p.M1V,1,"criteria provided, multiple submitters, no conflicts",ClinVar,54432,clinvar,,,,,,,
hybrid,BRCA1,M,I,48,11,17,6,1.5454545454545454,0.4353180712578455,187,1,0,6,7,13,13,19,4,4,2,2,6,6,0,0.333333,0.333333,0.0,-0.333333,-0.333333,0.0,1.0,5,5,0,11,17,6,11->17,1,1,1->1,1,0,1->0,149.21,131.18,-18.03,18.03,1.9,4.5,2.6,2.6,0,0,0,0,0,0,0,0->1,mild_hydrophobic,strong_hydrophobic,mild_hydrophobic->strong_hydrophobic,hydrophobic,hydrophobic,1,0->0,1,3,2,3.1409,,,,,,unknown,unknown,,,,,,0,0,0,0,,,,,,,-0.0780220718237499,,BRCA1 p.M48I,0,"criteria provided, single submitter",ClinVar,867272,clinvar,,,,,,urn:mavedb:00000081-a-2,BRCA1 RING and BRCT domains mean HDR fluorescence score
hybrid,BRCA1,M,I,658,11,17,6,1.5454545454545454,0.4353180712578455,187,1,0,6,7,13,13,19,4,4,2,2,6,6,0,0.333333,0.333333,0.0,-0.333333,-0.333333,0.0,1.0,5,5,0,11,17,6,11->17,1,1,1->1,1,0,1->0,149.21,131.18,-18.03,18.03,1.9,4.5,2.6,2.6,0,0,0,0,0,0,0,0->1,mild_hydrophobic,strong_hydrophobic,mild_hydrophobic->strong_hydrophobic,hydrophobic,hydrophobic,1,0->0,1,3,2,3.1409,,,,,,unknown,unknown,,,,,,0,0,0,0,,,4.461270594650193e-05,72.0,1613890.0,0.002016129032258,,,BRCA1 p.M658I,0,"criteria provided, single submitter",ClinVar,1168433,clinvar,17-43093557-C-G,ENST00000357654,missense_variant,gnomad_r4,GRCh38,,
hybrid,BRCA1,M,V,751,11,19,8,1.7272727272727273,0.5465437063680699,209,1,0,8,7,17,13,23,4,2,2,4,6,6,0,0.333333,0.333333,0.0,-0.333333,0.333333,0.666666,1.333333,5,1,-4,11,19,8,11->19,1,1,1->1,1,0,1->0,149.21,117.15,-32.06,32.06,1.9,4.2,2.3000000000000003,2.3000000000000003,0,0,0,0,0,0,0,0->1,mild_hydrophobic,strong_hydrophobic,mild_hydrophobic->strong_hydrophobic,hydrophobic,hydrophobic,1,0->0,1,4,3,3.2618,,,,,,unknown,unknown,,,,,,0,0,0,0,,,6.20241968796867e-07,1.0,1612274.0,9.006363896729429e-07,,,BRCA1 p.M751V,0,"criteria provided, single submitter",ClinVar,3825318,clinvar,17-43093280-T-C,ENST00000357654,missense_variant,gnomad_r4,GRCh38,,
hybrid,BRCA1,F,L,1124,17,23,6,1.3529411764705883,0.3022808718729337,391,1,0,6,13,19,19,29,4,4,2,6,6,10,4,0.333333,0.2,-0.133333,-0.333333,0.2,0.533333,0.75,5,5,0,17,23,6,17->23,1,0,1->0,0,1,0->1,165.19,131.18,-34.00999999999999,34.00999999999999,2.8,3.8,1.0,1.0,0,0,0,0,0,1,1,1->1,strong_hydrophobic,strong_hydrophobic,strong_hydrophobic->strong_hydrophobic,aromatic,hydrophobic,0,0->0,2,6,4,4.2203,,,,,,unknown,unknown,,,,,,0,0,0,0,,,6.197952692266691e-07,1.0,1613436.0,8.994051334447396e-07,,,BRCA1 p.F1124L,0,"criteria provided, single submitter",ClinVar,3765081,clinvar,17-43092159-G-T,ENST00000357654,missense_variant,gnomad_r4,GRCh38,,
hybrid,BRCA1,F,V,1668,17,19,2,1.1176470588235294,0.1112256351102244,323,1,0,2,13,17,19,23,4,2,2,4,6,6,0,0.333333,0.333333,0.0,-0.333333,0.333333,0.666666,0.333333,5,1,-4,17,19,2,17->19,1,1,1->1,0,0,0->0,165.19,117.15,-48.03999999999999,48.03999999999999,2.8,4.2,1.4000000000000004,1.4000000000000004,0,0,0,0,0,1,1,1->1,strong_hydrophobic,strong_hydrophobic,strong_hydrophobic->strong_hydrophobic,aromatic,hydrophobic,0,0->0,2,4,2,5.0412,,,,,,unknown,unknown,,,,,,0,0,0,0,,,,,,,,,BRCA1 p.F1668V,0,no assertion criteria provided,ClinVar,868515,clinvar,,,,,,,
hybrid,BRCA1,F,V,1695,17,19,2,1.1176470588235294,0.1112256351102244,323,1,0,2,13,17,19,23,4,2,2,4,6,6,0,0.333333,0.333333,0.0,-0.333333,0.333333,0.666666,0.333333,5,1,-4,17,19,2,17->19,1,1,1->1,0,0,0->0,165.19,117.15,-48.03999999999999,48.03999999999999,2.8,4.2,1.4000000000000004,1.4000000000000004,0,0,0,0,0,1,1,1->1,strong_hydrophobic,strong_hydrophobic,strong_hydrophobic->strong_hydrophobic,aromatic,hydrophobic,0,0->0,2,4,2,5.0412,,,,,,unknown,unknown,,,,,,0,0,0,0,,,,,,,,,BRCA1 p.F1695V,1,no assertion criteria provided,ClinVar,869009,clinvar,,,,,,,
hybrid,BRCA1,F,S,1734,17,17,0,1.0,0.0,289,0,0,0,13,13,19,19,4,4,2,2,6,6,0,0.333333,0.333333,0.0,-0.333333,-0.333333,0.0,0.0,5,5,0,17,17,0,17->17,1,1,1->1,0,0,0->0,165.19,105.09,-60.099999999999994,60.099999999999994,2.8,-0.8,-3.5999999999999996,3.5999999999999996,0,0,0,0,1,1,0,1->0,strong_hydrophobic,mild_hydrophilic,strong_hydrophobic->mild_hydrophilic,aromatic,polar,0,0->0,2,6,4,8.803,,,,,,unknown,unknown,,,,,,0,0,0,0,,,,,,,,,BRCA1 p.F1734S,1,"criteria provided, single submitter",ClinVar,55454,clinvar,,,,,,,
hybrid,BRCA1,F,I,1798,17,17,0,1.0,0.0,289,0,0,0,13,13,19,19,4,4,2,2,6,6,0,0.333333,0.333333,0.0,-0.333333,-0.333333,0.0,0.0,5,5,0,17,17,0,17->17,1,1,1->1,0,0,0->0,165.19,131.18,-34.00999999999999,34.00999999999999,2.8,4.5,1.7000000000000002,1.7000000000000002,0,0,0,0,0,1,1,1->1,strong_hydrophobic,strong_hydrophobic,strong_hydrophobic->strong_hydrophobic,aromatic,hydrophobic,0,0->0,2,3,1,4.9203,,,,,,unknown,unknown,,,,,,0,0,0,0,,,,,,,,,BRCA1 p.F1798I,0,"criteria provided, single submitter",ClinVar,865692,clinvar,,,,,,,
hybrid,BRCA1,F,L,901,17,23,6,1.3529411764705883,0.3022808718729337,391,1,0,6,13,19,19,29,4,4,2,6,6,10,4,0.333333,0.2,-0.133333,-0.333333,0.2,0.533333,0.75,5,5,0,17,23,6,17->23,1,0,1->0,0,1,0->1,165.19,131.18,-34.00999999999999,34.00999999999999,2.8,3.8,1.0,1.0,0,0,0,0,0,1,1,1->1,strong_hydrophobic,strong_hydrophobic,strong_hydrophobic->strong_hydrophobic,aromatic,hydrophobic,0,0->0,2,6,4,4.2203,,,,,,unknown,unknown,,,,,,0,0,0,0,,,,,,,,,BRCA1 p.F901L,0,"criteria provided, multiple submitters, no conflicts",ClinVar,1794958,clinvar,,,,,,,
hybrid,BRCA1,F,L,952,17,23,6,1.3529411764705883,0.3022808718729337,391,1,0,6,13,19,19,29,4,4,2,6,6,10,4,0.333333,0.2,-0.133333,-0.333333,0.2,0.533333,0.75,5,5,0,17,23,6,17->23,1,0,1->0,0,1,0->1,165.19,131.18,-34.00999999999999,34.00999999999999,2.8,3.8,1.0,1.0,0,0,0,0,0,1,1,1->1,strong_hydrophobic,strong_hydrophobic,strong_hydrophobic->strong_hydrophobic,aromatic,hydrophobic,0,0->0,2,6,4,4.2203,,,,,,unknown,unknown,,,,,,0,0,0,0,,,,,,,,,BRCA1 p.F952L,0,"criteria provided, single submitter",ClinVar,3992573,clinvar,,,,,,,
hybrid,BRCA1,P,S,1020,17,17,0,1.0,0.0,289,0,0,0,13,13,19,19,4,4,2,2,6,6,0,0.333333,0.333333,0.0,-0.333333,-0.333333,0.0,0.0,5,5,0,17,17,0,17->17,1,1,1->1,0,0,0->0,115.13,105.09,-10.039999999999992,10.039999999999992,-1.6,-0.8,0.8,0.8,0,0,0,0,1,0,0,1->0,mild_hydrophilic,mild_hydrophilic,mild_hydrophilic->mild_hydrophilic,special,polar,0,0->0,4,6,2,3.3012,,,,,,unknown,unknown,,,,,,0,0,0,0,,,,,,,,,BRCA1 p.P1020S,0,"criteria provided, multiple submitters, no conflicts",ClinVar,1709805,clinvar,,,,,,,
hybrid,BRCA1,P,A,1445,17,13,4,0.7647058823529411,-0.2682639865946794,221,0,1,4,13,11,19,17,4,2,2,4,6,6,0,0.333333,0.333333,0.0,-0.333333,0.333333,0.666666,0.666667,5,1,-4,17,13,-4,17->13,1,1,1->1,0,0,0->0,115.13,89.09,-26.039999999999992,26.039999999999992,-1.6,1.8,3.4000000000000004,3.4000000000000004,0,0,0,0,0,0,1,1->1,mild_hydrophilic,mild_hydrophobic,mild_hydrophilic->mild_hydrophobic,special,small_nonpolar,0,0->0,4,4,0,5.1812,,,,,,unknown,unknown,,,,,,0,0,0,0,,,,,,,,,BRCA1 p.P1445A,0,"criteria provided, single submitter",ClinVar,1325657,clinvar,,,,,,,
hybrid,BRCA1,P,R,1749,17,19,2,1.1176470588235294,0.1112256351102244,323,1,0,2,13,17,19,23,4,2,2,4,6,6,0,0.333333,0.333333,0.0,-0.333333,0.333333,0.666666,0.333333,5,1,-4,17,19,2,17->19,1,1,1->1,0,0,0->0,115.13,174.2,59.06999999999999,59.06999999999999,-1.6,-4.5,-2.9,2.9,0,1,1,1,1,0,0,1->0,mild_hydrophilic,strong_hydrophilic,mild_hydrophilic->strong_hydrophilic,special,basic,0,0->1,4,6,2,8.3721,,,,,,unknown,unknown,,,,,,0,0,0,0,,,,,,,,,BRCA1 p.P1749R,1,"criteria provided, single submitter",ClinVar,55479,clinvar,,,,,,,
hybrid,BRCA1,P,T,1749,17,17,0,1.0,0.0,289,0,0,0,13,13,19,19,4,4,2,2,6,6,0,0.333333,0.333333,0.0,-0.333333,-0.333333,0.0,0.0,5,5,0,17,17,0,17->17,1,1,1->1,0,0,0->0,115.13,119.12,3.990000000000009,3.990000000000009,-1.6,-0.7,0.9000000000000001,0.9000000000000001,0,0,0,0,1,0,1,1->1,mild_hydrophilic,mild_hydrophilic,mild_hydrophilic->mild_hydrophilic,special,polar,0,0->0,4,4,0,3.2197,,,,,,unknown,unknown,,,,,,0,0,0,0,,,,,,,,,BRCA1 p.P1749T,0,"criteria provided, single submitter",ClinVar,232831,clinvar,,,,,,,
hybrid,BRCA1,P,A,1812,17,13,4,0.7647058823529411,-0.2682639865946794,221,0,1,4,13,11,19,17,4,2,2,4,6,6,0,0.333333,0.333333,0.0,-0.333333,0.333333,0.666666,0.666667,5,1,-4,17,13,-4,17->13,1,1,1->1,0,0,0->0,115.13,89.09,-26.039999999999992,26.039999999999992,-1.6,1.8,3.4000000000000004,3.4000000000000004,0,0,0,0,0,0,1,1->1,mild_hydrophilic,mild_hydrophobic,mild_hydrophilic->mild_hydrophobic,special,small_nonpolar,0,0->0,4,4,0,5.1812,,,,,,unknown,unknown,,,,,,0,0,0,0,,,6.195188073519536e-07,1.0,1614156.0,8.992757233324281e-07,,,BRCA1 p.P1812A,1,"criteria provided, multiple submitters, no conflicts",ClinVar,37670,clinvar,17-43047676-G-C,ENST00000357654,missense_variant,gnomad_r4,GRCh38,,
hybrid,BRCA1,P,L,1831,17,23,6,1.3529411764705883,0.3022808718729337,391,1,0,6,13,19,19,29,4,4,2,6,6,10,4,0.333333,0.2,-0.133333,-0.333333,0.2,0.533333,0.75,5,5,0,17,23,6,17->23,1,0,1->0,0,1,0->1,115.13,131.18,16.05000000000001,16.05000000000001,-1.6,3.8,5.4,5.4,0,0,0,0,0,0,1,1->1,mild_hydrophilic,strong_hydrophobic,mild_hydrophilic->strong_hydrophobic,special,hydrophobic,0,0->0,4,6,2,6.8815,,,,,,unknown,unknown,,,,,,0,0,0,0,,,,,,,,,BRCA1 p.P1831L,0,"criteria provided, single submitter",ClinVar,867597,clinvar,,,,,,,
hybrid,BRCA1,P,S,1831,17,17,0,1.0,0.0,289,0,0,0,13,13,19,19,4,4,2,2,6,6,0,0.333333,0.333333,0.0,-0.333333,-0.333333,0.0,0.0,5,5,0,17,17,0,17->17,1,1,1->1,0,0,0->0,115.13,105.09,-10.039999999999992,10.039999999999992,-1.6,-0.8,0.8,0.8,0,0,0,0,1,0,0,1->0,mild_hydrophilic,mild_hydrophilic,mild_hydrophilic->mild_hydrophilic,special,polar,0,0->0,4,6,2,3.3012,,,,,,unknown,unknown,,,,,,0,0,0,0,,,,,,,,,BRCA1 p.P1831S,0,"criteria provided, single submitter",ClinVar,867595,clinvar,,,,,,,
hybrid,BRCA1,P,S,1856,17,17,0,1.0,0.0,289,0,0,0,13,13,19,19,4,4,2,2,6,6,0,0.333333,0.333333,0.0,-0.333333,-0.333333,0.0,0.0,5,5,0,17,17,0,17->17,1,1,1->1,0,0,0->0,115.13,105.09,-10.039999999999992,10.039999999999992,-1.6,-0.8,0.8,0.8,0,0,0,0,1,0,0,1->0,mild_hydrophilic,mild_hydrophilic,mild_hydrophilic->mild_hydrophilic,special,polar,0,0->0,4,6,2,3.3012,,,,,,unknown,unknown,,,,,,0,0,0,0,,,4.337550671886599e-06,7.0,1613814.0,4.639187214400037e-05,,,BRCA1 p.P1856S,0,"criteria provided, multiple submitters, no conflicts",ClinVar,55632,clinvar,17-43045704-G-A,ENST00000357654,missense_variant,gnomad_r4,GRCh38,,
hybrid,BRCA1,P,H,334,17,13,4,0.7647058823529411,-0.2682639865946794,221,0,1,4,13,11,19,17,4,2,2,4,6,6,0,0.333333,0.333333,0.0,-0.333333,0.333333,0.666666,0.666667,5,1,-4,17,13,-4,17->13,1,1,1->1,0,0,0->0,115.13,155.16,40.03,40.03,-1.6,-3.2,-1.6,1.6,0,1,1,1,1,1,0,1->0,mild_hydrophilic,strong_hydrophilic,mild_hydrophilic->strong_hydrophilic,special,basic,0,0->1,4,2,-2,7.7009,,,,,,unknown,unknown,,,,,,0,0,0,0,,,0.0,0.0,1613774.0,0.0,,,BRCA1 p.P334H,0,"criteria provided, multiple submitters, no conflicts",ClinVar,96893,clinvar,17-43094530-G-T,ENST00000357654,missense_variant,gnomad_r4,GRCh38,,
hybrid,BRCA1,P,R,34,17,19,2,1.1176470588235294,0.1112256351102244,323,1,0,2,13,17,19,23,4,2,2,4,6,6,0,0.333333,0.333333,0.0,-0.333333,0.333333,0.666666,0.333333,5,1,-4,17,19,2,17->19,1,1,1->1,0,0,0->0,115.13,174.2,59.06999999999999,59.06999999999999,-1.6,-4.5,-2.9,2.9,0,1,1,1,1,0,0,1->0,mild_hydrophilic,strong_hydrophilic,mild_hydrophilic->strong_hydrophilic,special,basic,0,0->1,4,6,2,8.3721,,,,,,unknown,unknown,,,,,,0,0,0,0,,,1.2394200010163244e-06,2.0,1613658.0,1.7989299964381187e-06,-0.4096788298472499,,BRCA1 p.P34R,1,"criteria provided, single submitter",ClinVar,867486,clinvar,17-43115759-G-C,ENST00000357654,missense_variant,gnomad_r4,GRCh38,urn:mavedb:00000081-a-2,BRCA1 RING and BRCT domains mean HDR fluorescence score
hybrid,BRCA1,P,S,490,17,17,0,1.0,0.0,289,0,0,0,13,13,19,19,4,4,2,2,6,6,0,0.333333,0.333333,0.0,-0.333333,-0.333333,0.0,0.0,5,5,0,17,17,0,17->17,1,1,1->1,0,0,0->0,115.13,105.09,-10.039999999999992,10.039999999999992,-1.6,-0.8,0.8,0.8,0,0,0,0,1,0,0,1->0,mild_hydrophilic,mild_hydrophilic,mild_hydrophilic->mild_hydrophilic,special,polar,0,0->0,4,6,2,3.3012,,,,,,unknown,unknown,,,,,,0,0,0,0,,,,,,,,,BRCA1 p.P490S,0,"criteria provided, multiple submitters, no conflicts",ClinVar,1773294,clinvar,,,,,,,
hybrid,BRCA1,P,A,529,17,13,4,0.7647058823529411,-0.2682639865946794,221,0,1,4,13,11,19,17,4,2,2,4,6,6,0,0.333333,0.333333,0.0,-0.333333,0.333333,0.666666,0.666667,5,1,-4,17,13,-4,17->13,1,1,1->1,0,0,0->0,115.13,89.09,-26.039999999999992,26.039999999999992,-1.6,1.8,3.4000000000000004,3.4000000000000004,0,0,0,0,0,0,1,1->1,mild_hydrophilic,mild_hydrophobic,mild_hydrophilic->mild_hydrophobic,special,small_nonpolar,0,0->0,4,4,0,5.1812,,,,,,unknown,unknown,,,,,,0,0,0,0,,,,,,,,,BRCA1 p.P529A,0,"criteria provided, single submitter",ClinVar,4684220,clinvar,,,,,,,
hybrid,BRCA1,P,T,633,17,17,0,1.0,0.0,289,0,0,0,13,13,19,19,4,4,2,2,6,6,0,0.333333,0.333333,0.0,-0.333333,-0.333333,0.0,0.0,5,5,0,17,17,0,17->17,1,1,1->1,0,0,0->0,115.13,119.12,3.990000000000009,3.990000000000009,-1.6,-0.7,0.9000000000000001,0.9000000000000001,0,0,0,0,1,0,1,1->1,mild_hydrophilic,mild_hydrophilic,mild_hydrophilic->mild_hydrophilic,special,polar,0,0->0,4,4,0,3.2197,,,,,,unknown,unknown,,,,,,0,0,0,0,,,,,,,,,BRCA1 p.P633T,0,"criteria provided, single submitter",ClinVar,54386,clinvar,,,,,,,
hybrid,BRCA1,P,R,634,17,19,2,1.1176470588235294,0.1112256351102244,323,1,0,2,13,17,19,23,4,2,2,4,6,6,0,0.333333,0.333333,0.0,-0.333333,0.333333,0.666666,0.333333,5,1,-4,17,19,2,17->19,1,1,1->1,0,0,0->0,115.13,174.2,59.06999999999999,59.06999999999999,-1.6,-4.5,-2.9,2.9,0,1,1,1,1,0,0,1->0,mild_hydrophilic,strong_hydrophilic,mild_hydrophilic->strong_hydrophilic,special,basic,0,0->1,4,6,2,8.3721,,,,,,unknown,unknown,,,,,,0,0,0,0,,,,,,,,,BRCA1 p.P634R,0,"criteria provided, single submitter",ClinVar,54392,clinvar,,,,,,,
hybrid,BRCA1,P,A,798,17,13,4,0.7647058823529411,-0.2682639865946794,221,0,1,4,13,11,19,17,4,2,2,4,6,6,0,0.333333,0.333333,0.0,-0.333333,0.333333,0.666666,0.666667,5,1,-4,17,13,-4,17->13,1,1,1->1,0,0,0->0,115.13,89.09,-26.039999999999992,26.039999999999992,-1.6,1.8,3.4000000000000004,3.4000000000000004,0,0,0,0,0,0,1,1->1,mild_hydrophilic,mild_hydrophobic,mild_hydrophilic->mild_hydrophobic,special,small_nonpolar,0,0->0,4,4,0,5.1812,,,,,,unknown,unknown,,,,,,0,0,0,0,,,1.2395582710145411e-06,2.0,1613478.0,1.798823209856112e-06,,,BRCA1 p.P798A,0,"criteria provided, single submitter",ClinVar,599042,clinvar,17-43093139-G-C,ENST00000357654,missense_variant,gnomad_r4,GRCh38,,
hybrid,BRCA1,P,A,968,17,13,4,0.7647058823529411,-0.2682639865946794,221,0,1,4,13,11,19,17,4,2,2,4,6,6,0,0.333333,0.333333,0.0,-0.333333,0.333333,0.666666,0.666667,5,1,-4,17,13,-4,17->13,1,1,1->1,0,0,0->0,115.13,89.09,-26.039999999999992,26.039999999999992,-1.6,1.8,3.4000000000000004,3.4000000000000004,0,0,0,0,0,0,1,1->1,mild_hydrophilic,mild_hydrophobic,mild_hydrophilic->mild_hydrophobic,special,small_nonpolar,0,0->0,4,4,0,5.1812,,,,,,unknown,unknown,,,,,,0,0,0,0,,,,,,,,,BRCA1 p.P968A,0,"criteria provided, multiple submitters, no conflicts",ClinVar,1797469,clinvar,,,,,,,
hybrid,BRCA1,P,A,981,17,13,4,0.7647058823529411,-0.2682639865946794,221,0,1,4,13,11,19,17,4,2,2,4,6,6,0,0.333333,0.333333,0.0,-0.333333,0.333333,0.666666,0.666667,5,1,-4,17,13,-4,17->13,1,1,1->1,0,0,0->0,115.13,89.09,-26.039999999999992,26.039999999999992,-1.6,1.8,3.4000000000000004,3.4000000000000004,0,0,0,0,0,0,1,1->1,mild_hydrophilic,mild_hydrophobic,mild_hydrophilic->mild_hydrophobic,special,small_nonpolar,0,0->0,4,4,0,5.1812,,,,,,unknown,unknown,,,,,,0,0,0,0,,,,,,,,,BRCA1 p.P981A,0,no assertion criteria provided,ClinVar,2683815,clinvar,,,,,,,
hybrid,BRCA1,S,R,1024,17,19,2,1.1176470588235294,0.1112256351102244,323,1,0,2,13,17,19,23,4,2,2,4,6,6,0,0.333333,0.333333,0.0,-0.333333,0.333333,0.666666,0.333333,5,1,-4,17,19,2,17->19,1,1,1->1,0,0,0->0,105.09,174.2,69.10999999999999,69.10999999999999,-0.8,-4.5,-3.7,3.7,0,1,1,1,0,0,1,0->0,mild_hydrophilic,strong_hydrophilic,mild_hydrophilic->strong_hydrophilic,polar,basic,0,0->1,6,6,0,8.2733,,,,,,unknown,unknown,,,,,,0,0,0,0,,,6.196447205030524e-07,1.0,1613828.0,1.159366522132307e-05,,,BRCA1 p.S1024R,0,"criteria provided, single submitter",ClinVar,54765,clinvar,17-43092459-G-T,ENST00000357654,missense_variant,gnomad_r4,GRCh38,,
hybrid,BRCA1,S,Y,1125,17,17,0,1.0,0.0,289,0,0,0,13,13,19,19,4,4,2,2,6,6,0,0.333333,0.333333,0.0,-0.333333,-0.333333,0.0,0.0,5,5,0,17,17,0,17->17,1,1,1->1,0,0,0->0,105.09,181.19,76.1,76.1,-0.8,-1.3,-0.5,0.5,0,0,0,0,0,1,0,0->1,mild_hydrophilic,mild_hydrophilic,mild_hydrophilic->mild_hydrophilic,polar,aromatic,0,0->0,6,2,-4,4.983,,,,,,unknown,unknown,,,,,,0,0,0,0,,,1.2396105143763829e-06,2.0,1613410.0,1.7988393888263291e-06,,,BRCA1 p.S1125Y,0,"criteria provided, single submitter",ClinVar,433706,clinvar,17-43092157-G-T,ENST00000357654,missense_variant,gnomad_r4,GRCh38,,
hybrid,BRCA1,S,C,1218,17,5,12,0.29411764705882354,-1.2237754316221157,85,0,1,12,13,3,19,7,4,2,2,2,6,4,-2,0.333333,0.5,0.166667,-0.333333,0.0,0.333333,2.4,5,5,0,17,5,-12,17->5,1,1,1->1,0,1,0->1,105.09,121.16,16.069999999999993,16.069999999999993,-0.8,2.5,3.3,3.3,0,0,0,0,0,0,1,0->0,mild_hydrophilic,strong_hydrophobic,mild_hydrophilic->strong_hydrophobic,polar,special,0,0->0,6,2,-4,4.7821,,,,,,unknown,unknown,,,,,,0,0,0,0,,,,,,,,,BRCA1 p.S1218C,0,"criteria provided, single submitter",ClinVar,54955,clinvar,,,,,,,
hybrid,BRCA1,S,C,1241,17,5,12,0.29411764705882354,-1.2237754316221157,85,0,1,12,13,3,19,7,4,2,2,2,6,4,-2,0.333333,0.5,0.166667,-0.333333,0.0,0.333333,2.4,5,5,0,17,5,-12,17->5,1,1,1->1,0,1,0->1,105.09,121.16,16.069999999999993,16.069999999999993,-0.8,2.5,3.3,3.3,0,0,0,0,0,0,1,0->0,mild_hydrophilic,strong_hydrophobic,mild_hydrophilic->strong_hydrophobic,polar,special,0,0->0,6,2,-4,4.7821,,,,,,unknown,unknown,,,,,,0,0,0,0,,,6.195049907322053e-07,1.0,1614192.0,8.992854277990709e-07,,,BRCA1 p.S1241C,0,"criteria provided, single submitter",ClinVar,54980,clinvar,17-43091809-G-C,ENST00000357654,missense_variant,gnomad_r4,GRCh38,,
hybrid,BRCA1,S,Y,1253,17,17,0,1.0,0.0,289,0,0,0,13,13,19,19,4,4,2,2,6,6,0,0.333333,0.333333,0.0,-0.333333,-0.333333,0.0,0.0,5,5,0,17,17,0,17->17,1,1,1->1,0,0,0->0,105.09,181.19,76.1,76.1,-0.8,-1.3,-0.5,0.5,0,0,0,0,0,1,0,0->1,mild_hydrophilic,mild_hydrophilic,mild_hydrophilic->mild_hydrophilic,polar,aromatic,0,0->0,6,2,-4,4.983,,,,,,unknown,unknown,,,,,,0,0,0,0,,,,,,,,,BRCA1 p.S1253Y,0,"criteria provided, single submitter",ClinVar,54990,clinvar,,,,,,,
hybrid,BRCA1,S,R,1266,17,19,2,1.1176470588235294,0.1112256351102244,323,1,0,2,13,17,19,23,4,2,2,4,6,6,0,0.333333,0.333333,0.0,-0.333333,0.333333,0.666666,0.333333,5,1,-4,17,19,2,17->19,1,1,1->1,0,0,0->0,105.09,174.2,69.10999999999999,69.10999999999999,-0.8,-4.5,-3.7,3.7,0,1,1,1,0,0,1,0->0,mild_hydrophilic,strong_hydrophilic,mild_hydrophilic->strong_hydrophilic,polar,basic,0,0->1,6,6,0,8.2733,,,,,,unknown,unknown,,,,,,0,0,0,0,,,6.195456747657807e-07,1.0,1614086.0,6.544502617801048e-05,,,BRCA1 p.S1266R,0,"criteria provided, single submitter",ClinVar,91615,clinvar,17-43091733-G-T,ENST00000357654,missense_variant,gnomad_r4,GRCh38,,
hybrid,BRCA1,S,P,1320,17,17,0,1.0,0.0,289,0,0,0,13,13,19,19,4,4,2,2,6,6,0,0.333333,0.333333,0.0,-0.333333,-0.333333,0.0,0.0,5,5,0,17,17,0,17->17,1,1,1->1,0,0,0->0,105.09,115.13,10.039999999999992,10.039999999999992,-0.8,-1.6,-0.8,0.8,0,0,0,0,1,0,0,0->1,mild_hydrophilic,mild_hydrophilic,mild_hydrophilic->mild_hydrophilic,polar,special,0,0->0,6,4,-2,3.3012,,,,,,unknown,unknown,,,,,,0,0,0,0,,,,,,,,,BRCA1 p.S1320P,0,no assertion criteria provided,ClinVar,125659,clinvar,,,,,,,
hybrid,BRCA1,S,N,1486,17,7,10,0.4117647058823529,-0.8873031950009028,119,0,1,10,13,5,19,11,4,2,2,4,6,6,0,0.333333,0.333333,0.0,-0.333333,0.333333,0.666666,1.666667,5,1,-4,17,7,-10,17->7,1,1,1->1,0,0,0->0,105.09,132.12,27.03,27.03,-0.8,-3.5,-2.7,2.7,0,0,0,0,0,0,1,0->0,mild_hydrophilic,strong_hydrophilic,mild_hydrophilic->strong_hydrophilic,polar,polar,1,0->0,6,2,-4,3.5109,,,,,,unknown,unknown,,,,,,0,0,0,0,,,1.2394522612567055e-06,2.0,1613616.0,1.4700261664657632e-05,,,BRCA1 p.S1486N,0,no assertion criteria provided,ClinVar,1275856,clinvar,17-43076515-C-T,ENST00000357654,missense_variant,gnomad_r4,GRCh38,,
hybrid,BRCA1,S,R,153,17,19,2,1.1176470588235294,0.1112256351102244,323,1,0,2,13,17,19,23,4,2,2,4,6,6,0,0.333333,0.333333,0.0,-0.333333,0.333333,0.666666,0.333333,5,1,-4,17,19,2,17->19,1,1,1->1,0,0,0->0,105.09,174.2,69.10999999999999,69.10999999999999,-0.8,-4.5,-3.7,3.7,0,1,1,1,0,0,1,0->0,mild_hydrophilic,strong_hydrophilic,mild_hydrophilic->strong_hydrophilic,polar,basic,0,0->1,6,6,0,8.2733,,,,,,unknown,unknown,,,,,,0,0,0,0,,,3.7204226400119055e-05,60.0,1612720.0,0.000149130074565,0.0,,BRCA1 p.S153R,0,"criteria provided, multiple submitters, no conflicts",ClinVar,37600,clinvar,17-43099865-T-G,ENST00000357654,missense_variant,gnomad_r4,GRCh38,urn:mavedb:00000081-a-1,BRCA1 RING and BRCT domains depletion scores
hybrid,BRCA1,S,P,1577,17,17,0,1.0,0.0,289,0,0,0,13,13,19,19,4,4,2,2,6,6,0,0.333333,0.333333,0.0,-0.333333,-0.333333,0.0,0.0,5,5,0,17,17,0,17->17,1,1,1->1,0,0,0->0,105.09,115.13,10.039999999999992,10.039999999999992,-0.8,-1.6,-0.8,0.8,0,0,0,0,1,0,0,0->1,mild_hydrophilic,mild_hydrophilic,mild_hydrophilic->mild_hydrophilic,polar,special,0,0->0,6,4,-2,3.3012,,,,,,unknown,unknown,,,,,,0,0,0,0,,,8.301788601768157e-05,134.0,1614110.0,0.0032999143533679,,,BRCA1 p.S1577P,0,"criteria provided, multiple submitters, no conflicts",ClinVar,55272,clinvar,17-43071185-A-G,ENST00000357654,missense_variant,gnomad_r4,GRCh38,,
hybrid,BRCA1,S,C,1613,17,5,12,0.29411764705882354,-1.2237754316221157,85,0,1,12,13,3,19,7,4,2,2,2,6,4,-2,0.333333,0.5,0.166667,-0.333333,0.0,0.333333,2.4,5,5,0,17,5,-12,17->5,1,1,1->1,0,1,0->1,105.09,121.16,16.069999999999993,16.069999999999993,-0.8,2.5,3.3,3.3,0,0,0,0,0,0,1,0->0,mild_hydrophilic,strong_hydrophobic,mild_hydrophilic->strong_hydrophobic,polar,special,0,0->0,6,2,-4,4.7821,,,,,,unknown,unknown,,,,,,0,0,0,0,,,3.036172588442468e-05,49.0,1613874.0,0.0006768843978146,,,BRCA1 p.S1613C,0,"criteria provided, multiple submitters, no conflicts",ClinVar,37613,clinvar,17-43071077-T-A,ENST00000357654,missense_variant,gnomad_r4,GRCh38,,
hybrid,BRCA1,S,R,1631,17,19,2,1.1176470588235294,0.1112256351102244,323,1,0,2,13,17,19,23,4,2,2,4,6,6,0,0.333333,0.333333,0.0,-0.333333,0.333333,0.666666,0.333333,5,1,-4,17,19,2,17->19,1,1,1->1,0,0,0->0,105.09,174.2,69.10999999999999,69.10999999999999,-0.8,-4.5,-3.7,3.7,0,1,1,1,0,0,1,0->0,mild_hydrophilic,strong_hydrophilic,mild_hydrophilic->strong_hydrophilic,polar,basic,0,0->1,6,6,0,8.2733,,,,,,unknown,unknown,,,,,,0,0,0,0,,,,,,,,,BRCA1 p.S1631R,0,"criteria provided, single submitter",ClinVar,868376,clinvar,,,,,,,
hybrid,BRCA1,S,G,1633,17,13,4,0.7647058823529411,-0.2682639865946794,221,0,1,4,13,11,19,17,4,2,2,4,6,6,0,0.333333,0.333333,0.0,-0.333333,0.333333,0.666666,0.666667,5,1,-4,17,13,-4,17->13,1,1,1->1,0,0,0->0,105.09,75.07,-30.02000000000001,30.02000000000001,-0.8,-0.4,0.4,0.4,0,0,0,0,1,0,0,0->1,mild_hydrophilic,mild_hydrophilic,mild_hydrophilic->mild_hydrophilic,polar,small_nonpolar,0,0->0,6,4,-2,3.5006,,,,,,unknown,unknown,,,,,,0,0,0,0,,,,,,,,,BRCA1 p.S1633G,0,"criteria provided, multiple submitters, no conflicts",ClinVar,865661,clinvar,,,,,,,
hybrid,BRCA1,S,L,1642,17,23,6,1.3529411764705883,0.3022808718729337,391,1,0,6,13,19,19,29,4,4,2,6,6,10,4,0.333333,0.2,-0.133333,-0.333333,0.2,0.533333,0.75,5,5,0,17,23,6,17->23,1,0,1->0,0,1,0->1,105.09,131.18,26.090000000000003,26.090000000000003,-0.8,3.8,4.6,4.6,0,0,0,0,1,0,0,0->1,mild_hydrophilic,strong_hydrophobic,mild_hydrophilic->strong_hydrophobic,polar,hydrophobic,0,0->0,6,6,0,7.5827,,,,,,unknown,unknown,,,,,,0,0,0,0,,,,,,,,,BRCA1 p.S1642L,0,"criteria provided, single submitter",ClinVar,868853,clinvar,,,,,,,
hybrid,BRCA1,S,F,1655,17,17,0,1.0,0.0,289,0,0,0,13,13,19,19,4,4,2,2,6,6,0,0.333333,0.333333,0.0,-0.333333,-0.333333,0.0,0.0,5,5,0,17,17,0,17->17,1,1,1->1,0,0,0->0,105.09,165.19,60.099999999999994,60.099999999999994,-0.8,2.8,3.5999999999999996,3.5999999999999996,0,0,0,0,1,1,0,0->1,mild_hydrophilic,strong_hydrophobic,mild_hydrophilic->strong_hydrophobic,polar,aromatic,0,0->0,6,2,-4,8.803,,,,,,unknown,unknown,,,,,,0,0,0,0,,,,,,,,,BRCA1 p.S1655F,1,"criteria provided, multiple submitters, no conflicts",ClinVar,55333,clinvar,,,,,,,
hybrid,BRCA1,S,P,1722,17,17,0,1.0,0.0,289,0,0,0,13,13,19,19,4,4,2,2,6,6,0,0.333333,0.333333,0.0,-0.333333,-0.333333,0.0,0.0,5,5,0,17,17,0,17->17,1,1,1->1,0,0,0->0,105.09,115.13,10.039999999999992,10.039999999999992,-0.8,-1.6,-0.8,0.8,0,0,0,0,1,0,0,0->1,mild_hydrophilic,mild_hydrophilic,mild_hydrophilic->mild_hydrophilic,polar,special,0,0->0,6,4,-2,3.3012,,,,,,unknown,unknown,,,,,,0,0,0,0,,,,,,,,,BRCA1 p.S1722P,1,"criteria provided, multiple submitters, no conflicts",ClinVar,125791,clinvar,,,,,,,
hybrid,BRCA1,S,R,1841,17,19,2,1.1176470588235294,0.1112256351102244,323,1,0,2,13,17,19,23,4,2,2,4,6,6,0,0.333333,0.333333,0.0,-0.333333,0.333333,0.666666,0.333333,5,1,-4,17,19,2,17->19,1,1,1->1,0,0,0->0,105.09,174.2,69.10999999999999,69.10999999999999,-0.8,-4.5,-3.7,3.7,0,1,1,1,0,0,1,0->0,mild_hydrophilic,strong_hydrophilic,mild_hydrophilic->strong_hydrophilic,polar,basic,0,0->1,6,6,0,8.2733,,,,,,unknown,unknown,,,,,,0,0,0,0,,,,,,,,,BRCA1 p.S1841R,1,"criteria provided, multiple submitters, no conflicts",ClinVar,37681,clinvar,,,,,,,
hybrid,BRCA1,S,I,1841,17,17,0,1.0,0.0,289,0,0,0,13,13,19,19,4,4,2,2,6,6,0,0.333333,0.333333,0.0,-0.333333,-0.333333,0.0,0.0,5,5,0,17,17,0,17->17,1,1,1->1,0,0,0->0,105.09,131.18,26.090000000000003,26.090000000000003,-0.8,4.5,5.3,5.3,0,0,0,0,1,0,0,0->1,mild_hydrophilic,strong_hydrophobic,mild_hydrophilic->strong_hydrophobic,polar,hydrophobic,0,0->0,6,3,-3,8.2827,,,,,,unknown,unknown,,,,,,0,0,0,0,,,,,,,,,BRCA1 p.S1841I,1,"criteria provided, multiple submitters, no conflicts",ClinVar,869004,clinvar,,,,,,,
hybrid,BRCA1,S,Y,229,17,17,0,1.0,0.0,289,0,0,0,13,13,19,19,4,4,2,2,6,6,0,0.333333,0.333333,0.0,-0.333333,-0.333333,0.0,0.0,5,5,0,17,17,0,17->17,1,1,1->1,0,0,0->0,105.09,181.19,76.1,76.1,-0.8,-1.3,-0.5,0.5,0,0,0,0,0,1,0,0->1,mild_hydrophilic,mild_hydrophilic,mild_hydrophilic->mild_hydrophilic,polar,aromatic,0,0->0,6,2,-4,4.983,,,,,,unknown,unknown,,,,,,0,0,0,0,,,0.0,0.0,1612282.0,0.0,,,BRCA1 p.S229Y,0,"criteria provided, single submitter",ClinVar,3778920,clinvar,17-43094845-G-T,ENST00000357654,missense_variant,gnomad_r4,GRCh38,,
hybrid,BRCA1,S,C,264,17,5,12,0.29411764705882354,-1.2237754316221157,85,0,1,12,13,3,19,7,4,2,2,2,6,4,-2,0.333333,0.5,0.166667,-0.333333,0.0,0.333333,2.4,5,5,0,17,5,-12,17->5,1,1,1->1,0,1,0->1,105.09,121.16,16.069999999999993,16.069999999999993,-0.8,2.5,3.3,3.3,0,0,0,0,0,0,1,0->0,mild_hydrophilic,strong_hydrophobic,mild_hydrophilic->strong_hydrophobic,polar,special,0,0->0,6,2,-4,4.7821,,,,,,unknown,unknown,,,,,,0,0,0,0,,,,,,,,,BRCA1 p.S264C,0,"criteria provided, single submitter",ClinVar,55703,clinvar,,,,,,,
hybrid,BRCA1,S,N,377,17,7,10,0.4117647058823529,-0.8873031950009028,119,0,1,10,13,5,19,11,4,2,2,4,6,6,0,0.333333,0.333333,0.0,-0.333333,0.333333,0.666666,1.666667,5,1,-4,17,7,-10,17->7,1,1,1->1,0,0,0->0,105.09,132.12,27.03,27.03,-0.8,-3.5,-2.7,2.7,0,0,0,0,0,0,1,0->0,mild_hydrophilic,strong_hydrophilic,mild_hydrophilic->strong_hydrophilic,polar,polar,1,0->0,6,2,-4,3.5109,,,,,,unknown,unknown,,,,,,0,0,0,0,,,,,,,,,BRCA1 p.S377N,0,"criteria provided, single submitter",ClinVar,54142,clinvar,,,,,,,
hybrid,BRCA1,S,R,378,17,19,2,1.1176470588235294,0.1112256351102244,323,1,0,2,13,17,19,23,4,2,2,4,6,6,0,0.333333,0.333333,0.0,-0.333333,0.333333,0.666666,0.333333,5,1,-4,17,19,2,17->19,1,1,1->1,0,0,0->0,105.09,174.2,69.10999999999999,69.10999999999999,-0.8,-4.5,-3.7,3.7,0,1,1,1,0,0,1,0->0,mild_hydrophilic,strong_hydrophilic,mild_hydrophilic->strong_hydrophilic,polar,basic,0,0->1,6,6,0,8.2733,,,,,,unknown,unknown,,,,,,0,0,0,0,,,6.815230429136473e-06,11.0,1614032.0,1.4698965192850424e-05,,,BRCA1 p.S378R,0,no assertion criteria provided,ClinVar,91718,clinvar,17-43094397-G-T,ENST00000357654,missense_variant,gnomad_r4,GRCh38,,
hybrid,BRCA1,S,F,403,17,17,0,1.0,0.0,289,0,0,0,13,13,19,19,4,4,2,2,6,6,0,0.333333,0.333333,0.0,-0.333333,-0.333333,0.0,0.0,5,5,0,17,17,0,17->17,1,1,1->1,0,0,0->0,105.09,165.19,60.099999999999994,60.099999999999994,-0.8,2.8,3.5999999999999996,3.5999999999999996,0,0,0,0,1,1,0,0->1,mild_hydrophilic,strong_hydrophobic,mild_hydrophilic->strong_hydrophobic,polar,aromatic,0,0->0,6,2,-4,8.803,,,,,,unknown,unknown,,,,,,0,0,0,0,,,,,,,,,BRCA1 p.S403F,0,"criteria provided, single submitter",ClinVar,54163,clinvar,,,,,,,
hybrid,BRCA1,S,A,59,17,13,4,0.7647058823529411,-0.2682639865946794,221,0,1,4,13,11,19,17,4,2,2,4,6,6,0,0.333333,0.333333,0.0,-0.333333,0.333333,0.666666,0.666667,5,1,-4,17,13,-4,17->13,1,1,1->1,0,0,0->0,105.09,89.09,-16.0,16.0,-0.8,1.8,2.6,2.6,0,0,0,0,1,0,0,0->1,mild_hydrophilic,mild_hydrophobic,mild_hydrophilic->mild_hydrophobic,polar,small_nonpolar,0,0->0,6,4,-2,5.28,,,,,,unknown,unknown,,,,,,0,0,0,0,,,6.230948873818301e-07,1.0,1604892.0,2.5270393207318306e-05,-0.0728332687660749,,BRCA1 p.S59A,0,"criteria provided, single submitter",ClinVar,865225,clinvar,17-43106493-A-C,ENST00000357654,missense_variant,gnomad_r4,GRCh38,urn:mavedb:00000081-a-2,BRCA1 RING and BRCT domains mean HDR fluorescence score
hybrid,BRCA1,S,R,694,17,19,2,1.1176470588235294,0.1112256351102244,323,1,0,2,13,17,19,23,4,2,2,4,6,6,0,0.333333,0.333333,0.0,-0.333333,0.333333,0.666666,0.333333,5,1,-4,17,19,2,17->19,1,1,1->1,0,0,0->0,105.09,174.2,69.10999999999999,69.10999999999999,-0.8,-4.5,-3.7,3.7,0,1,1,1,0,0,1,0->0,mild_hydrophilic,strong_hydrophilic,mild_hydrophilic->strong_hydrophilic,polar,basic,0,0->1,6,6,0,8.2733,,,,,,unknown,unknown,,,,,,0,0,0,0,,,6.19663151111056e-07,1.0,1613780.0,2.5196532957065108e-05,,,BRCA1 p.S694R,0,"criteria provided, single submitter",ClinVar,3904754,clinvar,17-43093449-G-C,ENST00000357654,missense_variant,gnomad_r4,GRCh38,,
hybrid,BRCA1,S,T,945,17,17,0,1.0,0.0,289,0,0,0,13,13,19,19,4,4,2,2,6,6,0,0.333333,0.333333,0.0,-0.333333,-0.333333,0.0,0.0,5,5,0,17,17,0,17->17,1,1,1->1,0,0,0->0,105.09,119.12,14.030000000000001,14.030000000000001,-0.8,-0.7,0.10000000000000009,0.10000000000000009,0,0,0,0,0,0,0,0->1,mild_hydrophilic,mild_hydrophilic,mild_hydrophilic->mild_hydrophilic,polar,polar,1,0->0,6,4,-2,0.5209,,,,,,unknown,unknown,,,,,,0,0,0,0,,,1.8586370242973424e-06,3.0,1614086.0,2.697875692679584e-06,,,BRCA1 p.S945T,0,"criteria provided, single submitter",ClinVar,2445711,clinvar,17-43092697-C-G,ENST00000357654,missense_variant,gnomad_r4,GRCh38,,
hybrid,BRCA1,T,S,1312,17,17,0,1.0,0.0,289,0,0,0,13,13,19,19,4,4,2,2,6,6,0,0.333333,0.333333,0.0,-0.333333,-0.333333,0.0,0.0,5,5,0,17,17,0,17->17,1,1,1->1,0,0,0->0,119.12,105.09,-14.030000000000001,14.030000000000001,-0.7,-0.8,-0.10000000000000009,0.10000000000000009,0,0,0,0,0,0,0,1->0,mild_hydrophilic,mild_hydrophilic,mild_hydrophilic->mild_hydrophilic,polar,polar,1,0->0,4,6,2,0.5209,,,,,,unknown,unknown,,,,,,0,0,0,0,,,,,,,,,BRCA1 p.T1312S,0,"criteria provided, multiple submitters, no conflicts",ClinVar,479229,clinvar,,,,,,,
hybrid,BRCA1,T,I,1561,17,17,0,1.0,0.0,289,0,0,0,13,13,19,19,4,4,2,2,6,6,0,0.333333,0.333333,0.0,-0.333333,-0.333333,0.0,0.0,5,5,0,17,17,0,17->17,1,1,1->1,0,0,0->0,119.12,131.18,12.060000000000002,12.060000000000002,-0.7,4.5,5.2,5.2,0,0,0,0,1,0,1,1->1,mild_hydrophilic,strong_hydrophobic,mild_hydrophilic->strong_hydrophobic,polar,hydrophobic,0,0->0,4,3,-1,7.7618,,,,,,unknown,unknown,,,,,,0,0,0,0,,,0.0002329506169474,376.0,1614076.0,0.004451395572666,,,BRCA1 p.T1561I,0,"criteria provided, multiple submitters, no conflicts",ClinVar,55259,clinvar,17-43071232-G-A,ENST00000357654,missense_variant,gnomad_r4,GRCh38,,
hybrid,BRCA1,T,A,1640,17,13,4,0.7647058823529411,-0.2682639865946794,221,0,1,4,13,11,19,17,4,2,2,4,6,6,0,0.333333,0.333333,0.0,-0.333333,0.333333,0.666666,0.666667,5,1,-4,17,13,-4,17->13,1,1,1->1,0,0,0->0,119.12,89.09,-30.03,30.03,-0.7,1.8,2.5,2.5,0,0,0,0,1,0,1,1->1,mild_hydrophilic,mild_hydrophobic,mild_hydrophilic->mild_hydrophobic,polar,small_nonpolar,0,0->0,4,4,0,5.6009,,,,,,unknown,unknown,,,,,,0,0,0,0,,,,,,,,,BRCA1 p.T1640A,0,"criteria provided, single submitter",ClinVar,481432,clinvar,,,,,,,
hybrid,BRCA1,T,S,1643,17,17,0,1.0,0.0,289,0,0,0,13,13,19,19,4,4,2,2,6,6,0,0.333333,0.333333,0.0,-0.333333,-0.333333,0.0,0.0,5,5,0,17,17,0,17->17,1,1,1->1,0,0,0->0,119.12,105.09,-14.030000000000001,14.030000000000001,-0.7,-0.8,-0.10000000000000009,0.10000000000000009,0,0,0,0,0,0,0,1->0,mild_hydrophilic,mild_hydrophilic,mild_hydrophilic->mild_hydrophilic,polar,polar,1,0->0,4,6,2,0.5209,,,,,,unknown,unknown,,,,,,0,0,0,0,,,,,,,,,BRCA1 p.T1643S,0,"criteria provided, single submitter",ClinVar,865426,clinvar,,,,,,,
hybrid,BRCA1,T,N,1677,17,7,10,0.4117647058823529,-0.8873031950009028,119,0,1,10,13,5,19,11,4,2,2,4,6,6,0,0.333333,0.333333,0.0,-0.333333,0.333333,0.666666,1.666667,5,1,-4,17,7,-10,17->7,1,1,1->1,0,0,0->0,119.12,132.12,13.0,13.0,-0.7,-3.5,-2.8,2.8,0,0,0,0,0,0,0,1->0,mild_hydrophilic,strong_hydrophilic,mild_hydrophilic->strong_hydrophilic,polar,polar,1,0->0,4,2,-2,3.19,,,,,,unknown,unknown,,,,,,0,0,0,0,,,,,,,,,BRCA1 p.T1677N,0,"criteria provided, single submitter",ClinVar,868942,clinvar,,,,,,,
hybrid,BRCA1,T,S,1677,17,17,0,1.0,0.0,289,0,0,0,13,13,19,19,4,4,2,2,6,6,0,0.333333,0.333333,0.0,-0.333333,-0.333333,0.0,0.0,5,5,0,17,17,0,17->17,1,1,1->1,0,0,0->0,119.12,105.09,-14.030000000000001,14.030000000000001,-0.7,-0.8,-0.10000000000000009,0.10000000000000009,0,0,0,0,0,0,0,1->0,mild_hydrophilic,mild_hydrophilic,mild_hydrophilic->mild_hydrophilic,polar,polar,1,0->0,4,6,2,0.5209,,,,,,unknown,unknown,,,,,,0,0,0,0,,,,,,,,,BRCA1 p.T1677S,0,"criteria provided, single submitter",ClinVar,868943,clinvar,,,,,,,
hybrid,BRCA1,T,A,1681,17,13,4,0.7647058823529411,-0.2682639865946794,221,0,1,4,13,11,19,17,4,2,2,4,6,6,0,0.333333,0.333333,0.0,-0.333333,0.333333,0.666666,0.666667,5,1,-4,17,13,-4,17->13,1,1,1->1,0,0,0->0,119.12,89.09,-30.03,30.03,-0.7,1.8,2.5,2.5,0,0,0,0,1,0,1,1->1,mild_hydrophilic,mild_hydrophobic,mild_hydrophilic->mild_hydrophobic,polar,small_nonpolar,0,0->0,4,4,0,5.6009,,,,,,unknown,unknown,,,,,,0,0,0,0,,,,,,,,,BRCA1 p.T1681A,0,"criteria provided, single submitter",ClinVar,868956,clinvar,,,,,,,
hybrid,BRCA1,T,A,1684,17,13,4,0.7647058823529411,-0.2682639865946794,221,0,1,4,13,11,19,17,4,2,2,4,6,6,0,0.333333,0.333333,0.0,-0.333333,0.333333,0.666666,0.666667,5,1,-4,17,13,-4,17->13,1,1,1->1,0,0,0->0,119.12,89.09,-30.03,30.03,-0.7,1.8,2.5,2.5,0,0,0,0,1,0,1,1->1,mild_hydrophilic,mild_hydrophobic,mild_hydrophilic->mild_hydrophobic,polar,small_nonpolar,0,0->0,4,4,0,5.6009,,,,,,unknown,unknown,,,,,,0,0,0,0,,,,,,,,,BRCA1 p.T1684A,0,"criteria provided, single submitter",ClinVar,485376,clinvar,,,,,,,
hybrid,BRCA1,T,R,1691,17,19,2,1.1176470588235294,0.1112256351102244,323,1,0,2,13,17,19,23,4,2,2,4,6,6,0,0.333333,0.333333,0.0,-0.333333,0.333333,0.666666,0.333333,5,1,-4,17,19,2,17->19,1,1,1->1,0,0,0->0,119.12,174.2,55.079999999999984,55.079999999999984,-0.7,-4.5,-3.8,3.8,0,1,1,1,0,0,0,1->0,mild_hydrophilic,strong_hydrophilic,mild_hydrophilic->strong_hydrophilic,polar,basic,0,0->1,4,6,2,7.9524,,,,,,unknown,unknown,,,,,,0,0,0,0,,,,,,,,,BRCA1 p.T1691R,1,"criteria provided, multiple submitters, no conflicts",ClinVar,55373,clinvar,,,,,,,
hybrid,BRCA1,T,I,1691,17,17,0,1.0,0.0,289,0,0,0,13,13,19,19,4,4,2,2,6,6,0,0.333333,0.333333,0.0,-0.333333,-0.333333,0.0,0.0,5,5,0,17,17,0,17->17,1,1,1->1,0,0,0->0,119.12,131.18,12.060000000000002,12.060000000000002,-0.7,4.5,5.2,5.2,0,0,0,0,1,0,1,1->1,mild_hydrophilic,strong_hydrophobic,mild_hydrophilic->strong_hydrophobic,polar,hydrophobic,0,0->0,4,3,-1,7.7618,,,,,,unknown,unknown,,,,,,0,0,0,0,,,,,,,,,BRCA1 p.T1691I,1,"criteria provided, multiple submitters, no conflicts",ClinVar,37628,clinvar,,,,,,,
hybrid,BRCA1,T,K,1691,17,11,6,0.6470588235294118,-0.4353180712578455,187,0,1,6,13,7,19,13,4,4,2,2,6,6,0,0.333333,0.333333,0.0,-0.333333,-0.333333,0.0,1.0,5,5,0,17,11,-6,17->11,1,1,1->1,0,1,0->1,119.12,146.19,27.069999999999993,27.069999999999993,-0.7,-3.9,-3.2,3.2,0,1,1,1,0,0,0,1->0,mild_hydrophilic,strong_hydrophilic,mild_hydrophilic->strong_hydrophilic,polar,basic,0,0->1,4,2,-2,6.5121,,,,,,unknown,unknown,,,,,,0,0,0,0,,,,,,,,,BRCA1 p.T1691K,1,"criteria provided, multiple submitters, no conflicts",ClinVar,37627,clinvar,,,,,,,
hybrid,BRCA1,T,A,1816,17,13,4,0.7647058823529411,-0.2682639865946794,221,0,1,4,13,11,19,17,4,2,2,4,6,6,0,0.333333,0.333333,0.0,-0.333333,0.333333,0.666666,0.666667,5,1,-4,17,13,-4,17->13,1,1,1->1,0,0,0->0,119.12,89.09,-30.03,30.03,-0.7,1.8,2.5,2.5,0,0,0,0,1,0,1,1->1,mild_hydrophilic,mild_hydrophobic,mild_hydrophilic->mild_hydrophobic,polar,small_nonpolar,0,0->0,4,4,0,5.6009,,,,,,unknown,unknown,,,,,,0,0,0,0,,,,,,,,,BRCA1 p.T1816A,0,"criteria provided, single submitter",ClinVar,868902,clinvar,,,,,,,
hybrid,BRCA1,T,R,1816,17,19,2,1.1176470588235294,0.1112256351102244,323,1,0,2,13,17,19,23,4,2,2,4,6,6,0,0.333333,0.333333,0.0,-0.333333,0.333333,0.666666,0.333333,5,1,-4,17,19,2,17->19,1,1,1->1,0,0,0->0,119.12,174.2,55.079999999999984,55.079999999999984,-0.7,-4.5,-3.8,3.8,0,1,1,1,0,0,0,1->0,mild_hydrophilic,strong_hydrophilic,mild_hydrophilic->strong_hydrophilic,polar,basic,0,0->1,4,6,2,7.9524,,,,,,unknown,unknown,,,,,,0,0,0,0,,,,,,,,,BRCA1 p.T1816R,0,"criteria provided, single submitter",ClinVar,825739,clinvar,,,,,,,
hybrid,BRCA1,T,N,248,17,7,10,0.4117647058823529,-0.8873031950009028,119,0,1,10,13,5,19,11,4,2,2,4,6,6,0,0.333333,0.333333,0.0,-0.333333,0.333333,0.666666,1.666667,5,1,-4,17,7,-10,17->7,1,1,1->1,0,0,0->0,119.12,132.12,13.0,13.0,-0.7,-3.5,-2.8,2.8,0,0,0,0,0,0,0,1->0,mild_hydrophilic,strong_hydrophilic,mild_hydrophilic->strong_hydrophilic,polar,polar,1,0->0,4,2,-2,3.19,,,,,,unknown,unknown,,,,,,0,0,0,0,,,,,,,,,BRCA1 p.T248N,0,"criteria provided, single submitter",ClinVar,55687,clinvar,,,,,,,
hybrid,BRCA1,T,S,367,17,17,0,1.0,0.0,289,0,0,0,13,13,19,19,4,4,2,2,6,6,0,0.333333,0.333333,0.0,-0.333333,-0.333333,0.0,0.0,5,5,0,17,17,0,17->17,1,1,1->1,0,0,0->0,119.12,105.09,-14.030000000000001,14.030000000000001,-0.7,-0.8,-0.10000000000000009,0.10000000000000009,0,0,0,0,0,0,0,1->0,mild_hydrophilic,mild_hydrophilic,mild_hydrophilic->mild_hydrophilic,polar,polar,1,0->0,4,6,2,0.5209,,,,,,unknown,unknown,,,,,,0,0,0,0,,,,,,,,,BRCA1 p.T367S,0,"criteria provided, single submitter",ClinVar,2691999,clinvar,,,,,,,
hybrid,BRCA1,T,A,37,17,13,4,0.7647058823529411,-0.2682639865946794,221,0,1,4,13,11,19,17,4,2,2,4,6,6,0,0.333333,0.333333,0.0,-0.333333,0.333333,0.666666,0.666667,5,1,-4,17,13,-4,17->13,1,1,1->1,0,0,0->0,119.12,89.09,-30.03,30.03,-0.7,1.8,2.5,2.5,0,0,0,0,1,0,1,1->1,mild_hydrophilic,mild_hydrophobic,mild_hydrophilic->mild_hydrophobic,polar,small_nonpolar,0,0->0,4,4,0,5.6009,,,,,,unknown,unknown,,,,,,0,0,0,0,,,,,,,-0.0640467001063,,BRCA1 p.T37A,1,no assertion criteria provided,ClinVar,868146,clinvar,,,,,,urn:mavedb:00000081-a-2,BRCA1 RING and BRCT domains mean HDR fluorescence score
hybrid,BRCA1,T,R,37,17,19,2,1.1176470588235294,0.1112256351102244,323,1,0,2,13,17,19,23,4,2,2,4,6,6,0,0.333333,0.333333,0.0,-0.333333,0.333333,0.666666,0.333333,5,1,-4,17,19,2,17->19,1,1,1->1,0,0,0->0,119.12,174.2,55.079999999999984,55.079999999999984,-0.7,-4.5,-3.8,3.8,0,1,1,1,0,0,0,1->0,mild_hydrophilic,strong_hydrophilic,mild_hydrophilic->strong_hydrophilic,polar,basic,0,0->1,4,6,2,7.9524,,,,,,unknown,unknown,,,,,,0,0,0,0,,,1.2394829868565223e-06,2.0,1613576.0,2.9877502240812668e-05,3.0,,BRCA1 p.T37R,1,"criteria provided, multiple submitters, no conflicts",ClinVar,54132,clinvar,17-43115750-G-C,ENST00000357654,missense_variant,gnomad_r4,GRCh38,urn:mavedb:00000081-a-1,BRCA1 RING and BRCT domains depletion scores
hybrid,BRCA1,T,A,582,17,13,4,0.7647058823529411,-0.2682639865946794,221,0,1,4,13,11,19,17,4,2,2,4,6,6,0,0.333333,0.333333,0.0,-0.333333,0.333333,0.666666,0.666667,5,1,-4,17,13,-4,17->13,1,1,1->1,0,0,0->0,119.12,89.09,-30.03,30.03,-0.7,1.8,2.5,2.5,0,0,0,0,1,0,1,1->1,mild_hydrophilic,mild_hydrophobic,mild_hydrophilic->mild_hydrophobic,polar,small_nonpolar,0,0->0,4,4,0,5.6009,,,,,,unknown,unknown,,,,,,0,0,0,0,,,,,,,,,BRCA1 p.T582A,0,"criteria provided, single submitter",ClinVar,54340,clinvar,,,,,,,
hybrid,BRCA1,T,N,617,17,7,10,0.4117647058823529,-0.8873031950009028,119,0,1,10,13,5,19,11,4,2,2,4,6,6,0,0.333333,0.333333,0.0,-0.333333,0.333333,0.666666,1.666667,5,1,-4,17,7,-10,17->7,1,1,1->1,0,0,0->0,119.12,132.12,13.0,13.0,-0.7,-3.5,-2.8,2.8,0,0,0,0,0,0,0,1->0,mild_hydrophilic,strong_hydrophilic,mild_hydrophilic->strong_hydrophilic,polar,polar,1,0->0,4,2,-2,3.19,,,,,,unknown,unknown,,,,,,0,0,0,0,,,,,,,,,BRCA1 p.T617N,0,"criteria provided, single submitter",ClinVar,1049469,clinvar,,,,,,,
hybrid,BRCA1,T,S,967,17,17,0,1.0,0.0,289,0,0,0,13,13,19,19,4,4,2,2,6,6,0,0.333333,0.333333,0.0,-0.333333,-0.333333,0.0,0.0,5,5,0,17,17,0,17->17,1,1,1->1,0,0,0->0,119.12,105.09,-14.030000000000001,14.030000000000001,-0.7,-0.8,-0.10000000000000009,0.10000000000000009,0,0,0,0,0,0,0,1->0,mild_hydrophilic,mild_hydrophilic,mild_hydrophilic->mild_hydrophilic,polar,polar,1,0->0,4,6,2,0.5209,,,,,,unknown,unknown,,,,,,0,0,0,0,,,,,,,,,BRCA1 p.T967S,0,"criteria provided, single submitter",ClinVar,54711,clinvar,,,,,,,
hybrid,BRCA1,T,S,97,17,17,0,1.0,0.0,289,0,0,0,13,13,19,19,4,4,2,2,6,6,0,0.333333,0.333333,0.0,-0.333333,-0.333333,0.0,0.0,5,5,0,17,17,0,17->17,1,1,1->1,0,0,0->0,119.12,105.09,-14.030000000000001,14.030000000000001,-0.7,-0.8,-0.10000000000000009,0.10000000000000009,0,0,0,0,0,0,0,1->0,mild_hydrophilic,mild_hydrophilic,mild_hydrophilic->mild_hydrophilic,polar,polar,1,0->0,4,6,2,0.5209,,,,,,unknown,unknown,,,,,,0,0,0,0,,,6.196562395045725e-07,1.0,1613798.0,1.656232402530723e-05,-0.3775232001539075,,BRCA1 p.T97S,0,"criteria provided, single submitter",ClinVar,865373,clinvar,17-43104880-T-A,ENST00000357654,missense_variant,gnomad_r4,GRCh38,urn:mavedb:00000081-a-2,BRCA1 RING and BRCT domains mean HDR fluorescence score
hybrid,BRCA1,W,G,1712,11,13,2,1.1818181818181819,0.16705408466316624,143,1,0,2,7,11,13,17,4,2,2,4,6,6,0,0.333333,0.333333,0.0,-0.333333,0.333333,0.666666,0.333333,5,1,-4,11,13,2,11->13,1,1,1->1,1,0,1->0,204.23,75.07,-129.16,129.16,-0.9,-0.4,0.5,0.5,0,0,0,0,0,1,0,0->1,mild_hydrophilic,mild_hydrophilic,mild_hydrophilic->mild_hydrophilic,aromatic,small_nonpolar,0,0->0,1,4,3,6.5748,,,,,,unknown,unknown,,,,,,0,0,0,0,,,,,,,,,BRCA1 p.W1712G,1,"criteria provided, single submitter",ClinVar,867686,clinvar,,,,,,,
hybrid,BRCA1,W,C,1718,11,5,6,0.45454545454545453,-0.7884573603642702,55,0,1,6,7,3,13,7,4,2,2,2,6,4,-2,0.333333,0.5,0.166667,-0.333333,0.0,0.333333,1.2,5,5,0,11,5,-6,11->5,1,1,1->1,1,1,1->1,204.23,121.16,-83.07,83.07,-0.9,2.5,3.4,3.4,0,0,0,0,1,1,1,0->0,mild_hydrophilic,strong_hydrophobic,mild_hydrophilic->strong_hydrophobic,aromatic,special,0,0->0,1,2,1,9.2921,,,,,,unknown,unknown,,,,,,0,0,0,0,,,,,,,,,BRCA1 p.W1718C,1,"criteria provided, multiple submitters, no conflicts",ClinVar,55435,clinvar,,,,,,,
hybrid,BRCA1,W,C,1837,11,5,6,0.45454545454545453,-0.7884573603642702,55,0,1,6,7,3,13,7,4,2,2,2,6,4,-2,0.333333,0.5,0.166667,-0.333333,0.0,0.333333,1.2,5,5,0,11,5,-6,11->5,1,1,1->1,1,1,1->1,204.23,121.16,-83.07,83.07,-0.9,2.5,3.4,3.4,0,0,0,0,1,1,1,0->0,mild_hydrophilic,strong_hydrophobic,mild_hydrophilic->strong_hydrophobic,aromatic,special,0,0->0,1,2,1,9.2921,,,,,,unknown,unknown,,,,,,0,0,0,0,,,6.195671703747762e-07,1.0,1614030.0,1.159366522132307e-05,,,BRCA1 p.W1837C,1,"criteria provided, multiple submitters, no conflicts",ClinVar,37680,clinvar,17-43045759-C-G,ENST00000357654,missense_variant,gnomad_r4,GRCh38,,
hybrid,BRCA1,W,S,1837,11,17,6,1.5454545454545454,0.4353180712578455,187,1,0,6,7,13,13,19,4,4,2,2,6,6,0,0.333333,0.333333,0.0,-0.333333,-0.333333,0.0,1.0,5,5,0,11,17,6,11->17,1,1,1->1,1,0,1->0,204.23,105.09,-99.13999999999999,99.13999999999999,-0.9,-0.8,0.09999999999999998,0.09999999999999998,0,0,0,0,1,1,1,0->0,mild_hydrophilic,mild_hydrophilic,mild_hydrophilic->mild_hydrophilic,aromatic,polar,0,0->0,1,6,5,6.4742,,,,,,unknown,unknown,,,,,,0,0,0,0,,,,,,,,,BRCA1 p.W1837S,1,"criteria provided, multiple submitters, no conflicts",ClinVar,1065962,clinvar,,,,,,,
hybrid,BRCA1,Y,H,1113,17,13,4,0.7647058823529411,-0.2682639865946794,221,0,1,4,13,11,19,17,4,2,2,4,6,6,0,0.333333,0.333333,0.0,-0.333333,0.333333,0.666666,0.666667,5,1,-4,17,13,-4,17->13,1,1,1->1,0,0,0->0,181.19,155.16,-26.03,26.03,-1.3,-3.2,-1.9000000000000001,1.9000000000000001,0,1,1,1,0,0,0,1->0,mild_hydrophilic,strong_hydrophilic,mild_hydrophilic->strong_hydrophilic,aromatic,basic,0,0->1,2,2,0,5.1809,,,,,,unknown,unknown,,,,,,0,0,0,0,,,,,,,,,BRCA1 p.Y1113H,0,"criteria provided, single submitter",ClinVar,2585842,clinvar,,,,,,,
hybrid,BRCA1,Y,H,1202,17,13,4,0.7647058823529411,-0.2682639865946794,221,0,1,4,13,11,19,17,4,2,2,4,6,6,0,0.333333,0.333333,0.0,-0.333333,0.333333,0.666666,0.666667,5,1,-4,17,13,-4,17->13,1,1,1->1,0,0,0->0,181.19,155.16,-26.03,26.03,-1.3,-3.2,-1.9000000000000001,1.9000000000000001,0,1,1,1,0,0,0,1->0,mild_hydrophilic,strong_hydrophilic,mild_hydrophilic->strong_hydrophilic,aromatic,basic,0,0->1,2,2,0,5.1809,,,,,,unknown,unknown,,,,,,0,0,0,0,,,,,,,,,BRCA1 p.Y1202H,0,"criteria provided, multiple submitters, no conflicts",ClinVar,1733143,clinvar,,,,,,,
hybrid,BRCA1,Y,N,1666,17,7,10,0.4117647058823529,-0.8873031950009028,119,0,1,10,13,5,19,11,4,2,2,4,6,6,0,0.333333,0.333333,0.0,-0.333333,0.333333,0.666666,1.666667,5,1,-4,17,7,-10,17->7,1,1,1->1,0,0,0->0,181.19,132.12,-49.06999999999999,49.06999999999999,-1.3,-3.5,-2.2,2.2,0,0,0,0,0,1,0,1->0,mild_hydrophilic,strong_hydrophilic,mild_hydrophilic->strong_hydrophilic,aromatic,polar,0,0->0,2,2,0,5.8721,,,,,,unknown,unknown,,,,,,0,0,0,0,,,,,,,,,BRCA1 p.Y1666N,0,"criteria provided, single submitter",ClinVar,865512,clinvar,,,,,,,
hybrid,BRCA1,Y,D,1703,17,11,6,0.6470588235294118,-0.4353180712578455,187,0,1,6,13,7,19,13,4,4,2,2,6,6,0,0.333333,0.333333,0.0,-0.333333,-0.333333,0.0,1.0,5,5,0,17,11,-6,17->11,1,1,1->1,0,1,0->1,181.19,133.1,-48.09,48.09,-1.3,-3.5,-2.2,2.2,0,-1,-1,1,0,1,0,1->0,mild_hydrophilic,strong_hydrophilic,mild_hydrophilic->strong_hydrophilic,aromatic,acidic,0,0->-1,2,2,0,7.3427,,,,,,unknown,unknown,,,,,,0,0,0,0,,,,,,,,,BRCA1 p.Y1703D,1,"criteria provided, multiple submitters, no conflicts",ClinVar,252884,clinvar,,,,,,,
hybrid,BRCA1,Y,F,179,17,17,0,1.0,0.0,289,0,0,0,13,13,19,19,4,4,2,2,6,6,0,0.333333,0.333333,0.0,-0.333333,-0.333333,0.0,0.0,5,5,0,17,17,0,17->17,1,1,1->1,0,0,0->0,181.19,165.19,-16.0,16.0,-1.3,2.8,4.1,4.1,0,0,0,0,1,0,1,1->1,mild_hydrophilic,strong_hydrophobic,mild_hydrophilic->strong_hydrophobic,aromatic,aromatic,1,0->0,2,2,0,5.78,,,,,,unknown,unknown,,,,,,0,0,0,0,,,,,,,0.0,,BRCA1 p.Y179F,0,"criteria provided, single submitter",ClinVar,1687140,clinvar,,,,,,urn:mavedb:00000081-a-1,BRCA1 RING and BRCT domains depletion scores
hybrid,BRCA1,Y,N,1853,17,7,10,0.4117647058823529,-0.8873031950009028,119,0,1,10,13,5,19,11,4,2,2,4,6,6,0,0.333333,0.333333,0.0,-0.333333,0.333333,0.666666,1.666667,5,1,-4,17,7,-10,17->7,1,1,1->1,0,0,0->0,181.19,132.12,-49.06999999999999,49.06999999999999,-1.3,-3.5,-2.2,2.2,0,0,0,0,0,1,0,1->0,mild_hydrophilic,strong_hydrophilic,mild_hydrophilic->strong_hydrophilic,aromatic,polar,0,0->0,2,2,0,5.8721,,,,,,unknown,unknown,,,,,,0,0,0,0,,,,,,,,,BRCA1 p.Y1853N,1,"criteria provided, multiple submitters, no conflicts",ClinVar,433738,clinvar,,,,,,,
hybrid,BRCA1,Y,C,1853,17,5,12,0.29411764705882354,-1.2237754316221157,85,0,1,12,13,3,19,7,4,2,2,2,6,4,-2,0.333333,0.5,0.166667,-0.333333,0.0,0.333333,2.4,5,5,0,17,5,-12,17->5,1,1,1->1,0,1,0->1,181.19,121.16,-60.03,60.03,-1.3,2.5,3.8,3.8,0,0,0,0,0,1,0,1->0,mild_hydrophilic,strong_hydrophobic,mild_hydrophilic->strong_hydrophobic,aromatic,special,0,0->0,2,2,0,7.8009,,,,,,unknown,unknown,,,,,,0,0,0,0,,,6.196262909913772e-07,1.0,1613876.0,8.993824839864949e-07,,,BRCA1 p.Y1853C,1,"criteria provided, multiple submitters, no conflicts",ClinVar,55627,clinvar,17-43045712-T-C,ENST00000357654,missense_variant,gnomad_r4,GRCh38,,
hybrid,BRCA1,Y,H,1853,17,13,4,0.7647058823529411,-0.2682639865946794,221,0,1,4,13,11,19,17,4,2,2,4,6,6,0,0.333333,0.333333,0.0,-0.333333,0.333333,0.666666,0.666667,5,1,-4,17,13,-4,17->13,1,1,1->1,0,0,0->0,181.19,155.16,-26.03,26.03,-1.3,-3.2,-1.9000000000000001,1.9000000000000001,0,1,1,1,0,0,0,1->0,mild_hydrophilic,strong_hydrophilic,mild_hydrophilic->strong_hydrophilic,aromatic,basic,0,0->1,2,2,0,5.1809,,,,,,unknown,unknown,,,,,,0,0,0,0,,,,,,,,,BRCA1 p.Y1853H,1,"criteria provided, single submitter",ClinVar,865014,clinvar,,,,,,,
hybrid,BRCA1,Y,S,1853,17,17,0,1.0,0.0,289,0,0,0,13,13,19,19,4,4,2,2,6,6,0,0.333333,0.333333,0.0,-0.333333,-0.333333,0.0,0.0,5,5,0,17,17,0,17->17,1,1,1->1,0,0,0->0,181.19,105.09,-76.1,76.1,-1.3,-0.8,0.5,0.5,0,0,0,0,0,1,0,1->0,mild_hydrophilic,mild_hydrophilic,mild_hydrophilic->mild_hydrophilic,aromatic,polar,0,0->0,2,6,4,4.983,,,,,,unknown,unknown,,,,,,0,0,0,0,,,,,,,,,BRCA1 p.Y1853S,1,"criteria provided, single submitter",ClinVar,865016,clinvar,,,,,,,
hybrid,BRCA1,Y,D,465,17,11,6,0.6470588235294118,-0.4353180712578455,187,0,1,6,13,7,19,13,4,4,2,2,6,6,0,0.333333,0.333333,0.0,-0.333333,-0.333333,0.0,1.0,5,5,0,17,11,-6,17->11,1,1,1->1,0,1,0->1,181.19,133.1,-48.09,48.09,-1.3,-3.5,-2.2,2.2,0,-1,-1,1,0,1,0,1->0,mild_hydrophilic,strong_hydrophilic,mild_hydrophilic->strong_hydrophilic,aromatic,acidic,0,0->-1,2,2,0,7.3427,,,,,,unknown,unknown,,,,,,0,0,0,0,,,,,,,,,BRCA1 p.Y465D,0,"criteria provided, single submitter",ClinVar,54239,clinvar,,,,,,,
hybrid,BRCA1,Y,D,655,17,11,6,0.6470588235294118,-0.4353180712578455,187,0,1,6,13,7,19,13,4,4,2,2,6,6,0,0.333333,0.333333,0.0,-0.333333,-0.333333,0.0,1.0,5,5,0,17,11,-6,17->11,1,1,1->1,0,1,0->1,181.19,133.1,-48.09,48.09,-1.3,-3.5,-2.2,2.2,0,-1,-1,1,0,1,0,1->0,mild_hydrophilic,strong_hydrophilic,mild_hydrophilic->strong_hydrophilic,aromatic,acidic,0,0->-1,2,2,0,7.3427,,,,,,unknown,unknown,,,,,,0,0,0,0,,,6.196477921949164e-07,1.0,1613820.0,8.993032198652484e-07,,,BRCA1 p.Y655D,0,"criteria provided, single submitter",ClinVar,54418,clinvar,17-43093568-A-C,ENST00000357654,missense_variant,gnomad_r4,GRCh38,,
hybrid,BRCA1,V,A,1047,19,13,6,0.6842105263157895,-0.3794896217049037,247,0,1,6,17,11,23,17,2,2,4,4,6,6,0,0.333333,0.333333,0.0,0.333333,0.333333,0.0,1.0,1,1,0,19,13,-6,19->13,1,1,1->1,0,0,0->0,117.15,89.09,-28.060000000000002,28.060000000000002,4.2,1.8,-2.4000000000000004,2.4000000000000004,0,0,0,0,0,0,1,1->1,strong_hydrophobic,mild_hydrophobic,strong_hydrophobic->mild_hydrophobic,hydrophobic,small_nonpolar,0,0->0,4,4,0,4.2418,,,,,,unknown,unknown,,,,,,0,0,0,0,,,,,,,,,BRCA1 p.V1047A,0,"criteria provided, single submitter",ClinVar,54775,clinvar,,,,,,,
hybrid,BRCA1,V,D,1176,19,11,8,0.5789473684210527,-0.5465437063680699,209,0,1,8,17,7,23,13,2,4,4,2,6,6,0,0.333333,0.333333,0.0,0.333333,-0.333333,-0.666666,1.333333,1,5,4,19,11,-8,19->11,1,1,1->1,0,1,0->1,117.15,133.1,15.949999999999989,15.949999999999989,4.2,-3.5,-7.7,7.7,0,-1,-1,1,1,0,0,1->0,strong_hydrophobic,strong_hydrophilic,strong_hydrophobic->strong_hydrophilic,hydrophobic,acidic,0,0->-1,4,2,-2,11.8785,,,,,,unknown,unknown,,,,,,0,0,0,0,,,,,,,,,BRCA1 p.V1176D,0,"criteria provided, single submitter",ClinVar,54908,clinvar,,,,,,,
hybrid,BRCA1,V,A,1181,19,13,6,0.6842105263157895,-0.3794896217049037,247,0,1,6,17,11,23,17,2,2,4,4,6,6,0,0.333333,0.333333,0.0,0.333333,0.333333,0.0,1.0,1,1,0,19,13,-6,19->13,1,1,1->1,0,0,0->0,117.15,89.09,-28.060000000000002,28.060000000000002,4.2,1.8,-2.4000000000000004,2.4000000000000004,0,0,0,0,0,0,1,1->1,strong_hydrophobic,mild_hydrophobic,strong_hydrophobic->mild_hydrophobic,hydrophobic,small_nonpolar,0,0->0,4,4,0,4.2418,,,,,,unknown,unknown,,,,,,0,0,0,0,,,,,,,,,BRCA1 p.V1181A,0,"criteria provided, single submitter",ClinVar,54912,clinvar,,,,,,,
hybrid,BRCA1,V,I,11,19,17,2,0.8947368421052632,-0.11122563511022437,323,0,1,2,17,13,23,19,2,4,4,2,6,6,0,0.333333,0.333333,0.0,0.333333,-0.333333,-0.666666,0.333333,1,5,4,19,17,-2,19->17,1,1,1->1,0,0,0->0,117.15,131.18,14.030000000000001,14.030000000000001,4.2,4.5,0.2999999999999998,0.2999999999999998,0,0,0,0,0,0,1,1->1,strong_hydrophobic,strong_hydrophobic,strong_hydrophobic->strong_hydrophobic,hydrophobic,hydrophobic,1,0->0,4,3,-1,0.7209,,,,,,unknown,unknown,,,,,,0,0,0,0,,,,,,,,,BRCA1 p.V11I,0,"criteria provided, single submitter",ClinVar,865020,clinvar,,,,,,,
hybrid,BRCA1,V,I,14,19,17,2,0.8947368421052632,-0.11122563511022437,323,0,1,2,17,13,23,19,2,4,4,2,6,6,0,0.333333,0.333333,0.0,0.333333,-0.333333,-0.666666,0.333333,1,5,4,19,17,-2,19->17,1,1,1->1,0,0,0->0,117.15,131.18,14.030000000000001,14.030000000000001,4.2,4.5,0.2999999999999998,0.2999999999999998,0,0,0,0,0,0,1,1->1,strong_hydrophobic,strong_hydrophobic,strong_hydrophobic->strong_hydrophobic,hydrophobic,hydrophobic,1,0->0,4,3,-1,0.7209,,,,,,unknown,unknown,,,,,,0,0,0,0,,,,,,,1.9905793879643003,,BRCA1 p.V14I,0,"criteria provided, single submitter",ClinVar,869092,clinvar,,,,,,urn:mavedb:00000081-a-2,BRCA1 RING and BRCT domains mean HDR fluorescence score
hybrid,BRCA1,V,L,1602,19,23,4,1.2105263157894737,0.19105523676270922,437,1,0,4,17,19,23,29,2,4,4,6,6,10,4,0.333333,0.2,-0.133333,0.333333,0.2,-0.133333,0.5,1,5,4,19,23,4,19->23,1,0,1->0,0,1,0->1,117.15,131.18,14.030000000000001,14.030000000000001,4.2,3.8,-0.40000000000000036,0.40000000000000036,0,0,0,0,0,0,1,1->1,strong_hydrophobic,strong_hydrophobic,strong_hydrophobic->strong_hydrophobic,hydrophobic,hydrophobic,1,0->0,4,6,2,0.8209,,,,,,unknown,unknown,,,,,,0,0,0,0,,,,,,,,,BRCA1 p.V1602L,0,"criteria provided, single submitter",ClinVar,3481797,clinvar,,,,,,,
hybrid,BRCA1,V,D,1646,19,11,8,0.5789473684210527,-0.5465437063680699,209,0,1,8,17,7,23,13,2,4,4,2,6,6,0,0.333333,0.333333,0.0,0.333333,-0.333333,-0.666666,1.333333,1,5,4,19,11,-8,19->11,1,1,1->1,0,1,0->1,117.15,133.1,15.949999999999989,15.949999999999989,4.2,-3.5,-7.7,7.7,0,-1,-1,1,1,0,0,1->0,strong_hydrophobic,strong_hydrophilic,strong_hydrophobic->strong_hydrophilic,hydrophobic,acidic,0,0->-1,4,2,-2,11.8785,,,,,,unknown,unknown,,,,,,0,0,0,0,,,,,,,,,BRCA1 p.V1646D,0,"criteria provided, single submitter",ClinVar,868862,clinvar,,,,,,,
hybrid,BRCA1,V,F,1646,19,17,2,0.8947368421052632,-0.11122563511022437,323,0,1,2,17,13,23,19,2,4,4,2,6,6,0,0.333333,0.333333,0.0,0.333333,-0.333333,-0.666666,0.333333,1,5,4,19,17,-2,19->17,1,1,1->1,0,0,0->0,117.15,165.19,48.03999999999999,48.03999999999999,4.2,2.8,-1.4000000000000004,1.4000000000000004,0,0,0,0,0,1,1,1->1,strong_hydrophobic,strong_hydrophobic,strong_hydrophobic->strong_hydrophobic,hydrophobic,aromatic,0,0->0,4,2,-2,5.0412,,,,,,unknown,unknown,,,,,,0,0,0,0,,,,,,,,,BRCA1 p.V1646F,0,"criteria provided, single submitter",ClinVar,868861,clinvar,,,,,,,
hybrid,BRCA1,V,A,1653,19,13,6,0.6842105263157895,-0.3794896217049037,247,0,1,6,17,11,23,17,2,2,4,4,6,6,0,0.333333,0.333333,0.0,0.333333,0.333333,0.0,1.0,1,1,0,19,13,-6,19->13,1,1,1->1,0,0,0->0,117.15,89.09,-28.060000000000002,28.060000000000002,4.2,1.8,-2.4000000000000004,2.4000000000000004,0,0,0,0,0,0,1,1->1,strong_hydrophobic,mild_hydrophobic,strong_hydrophobic->mild_hydrophobic,hydrophobic,small_nonpolar,0,0->0,4,4,0,4.2418,,,,,,unknown,unknown,,,,,,0,0,0,0,,,,,,,,,BRCA1 p.V1653A,0,"criteria provided, single submitter",ClinVar,868876,clinvar,,,,,,,
hybrid,BRCA1,V,E,1653,19,11,8,0.5789473684210527,-0.5465437063680699,209,0,1,8,17,7,23,13,2,4,4,2,6,6,0,0.333333,0.333333,0.0,0.333333,-0.333333,-0.666666,1.333333,1,5,4,19,11,-8,19->11,1,1,1->1,0,1,0->1,117.15,147.13,29.97999999999999,29.97999999999999,4.2,-3.5,-7.7,7.7,0,-1,-1,1,1,0,0,1->0,strong_hydrophobic,strong_hydrophilic,strong_hydrophobic->strong_hydrophilic,hydrophobic,acidic,0,0->-1,4,2,-2,12.2994,,,,,,unknown,unknown,,,,,,0,0,0,0,,,,,,,,,BRCA1 p.V1653E,1,"criteria provided, single submitter",ClinVar,868875,clinvar,,,,,,,
hybrid,BRCA1,V,G,1665,19,13,6,0.6842105263157895,-0.3794896217049037,247,0,1,6,17,11,23,17,2,2,4,4,6,6,0,0.333333,0.333333,0.0,0.333333,0.333333,0.0,1.0,1,1,0,19,13,-6,19->13,1,1,1->1,0,0,0->0,117.15,75.07,-42.08000000000001,42.08000000000001,4.2,-0.4,-4.6000000000000005,4.6000000000000005,0,0,0,0,0,0,1,1->1,strong_hydrophobic,mild_hydrophilic,strong_hydrophobic->mild_hydrophilic,hydrophobic,small_nonpolar,0,0->0,4,4,0,6.8624,,,,,,unknown,unknown,,,,,,0,0,0,0,,,1.8617443800142985e-06,3.0,1611392.0,2.703940181632675e-06,,,BRCA1 p.V1665G,0,"criteria provided, single submitter",ClinVar,825350,clinvar,17-43067688-A-C,ENST00000357654,missense_variant,gnomad_r4,GRCh38,,
hybrid,BRCA1,V,G,1687,19,13,6,0.6842105263157895,-0.3794896217049037,247,0,1,6,17,11,23,17,2,2,4,4,6,6,0,0.333333,0.333333,0.0,0.333333,0.333333,0.0,1.0,1,1,0,19,13,-6,19->13,1,1,1->1,0,0,0->0,117.15,75.07,-42.08000000000001,42.08000000000001,4.2,-0.4,-4.6000000000000005,4.6000000000000005,0,0,0,0,0,0,1,1->1,strong_hydrophobic,mild_hydrophilic,strong_hydrophobic->mild_hydrophilic,hydrophobic,small_nonpolar,0,0->0,4,4,0,6.8624,,,,,,unknown,unknown,,,,,,0,0,0,0,,,6.203689458194577e-07,1.0,1611944.0,9.009106404753926e-07,,,BRCA1 p.V1687G,1,"criteria provided, multiple submitters, no conflicts",ClinVar,433721,clinvar,17-43067622-A-C,ENST00000357654,missense_variant,gnomad_r4,GRCh38,,
hybrid,BRCA1,V,I,1687,19,17,2,0.8947368421052632,-0.11122563511022437,323,0,1,2,17,13,23,19,2,4,4,2,6,6,0,0.333333,0.333333,0.0,0.333333,-0.333333,-0.666666,0.333333,1,5,4,19,17,-2,19->17,1,1,1->1,0,0,0->0,117.15,131.18,14.030000000000001,14.030000000000001,4.2,4.5,0.2999999999999998,0.2999999999999998,0,0,0,0,0,0,1,1->1,strong_hydrophobic,strong_hydrophobic,strong_hydrophobic->strong_hydrophobic,hydrophobic,hydrophobic,1,0->0,4,3,-1,0.7209,,,,,,unknown,unknown,,,,,,0,0,0,0,,,,,,,,,BRCA1 p.V1687I,0,"criteria provided, single submitter",ClinVar,868573,clinvar,,,,,,,
hybrid,BRCA1,V,F,1688,19,17,2,0.8947368421052632,-0.11122563511022437,323,0,1,2,17,13,23,19,2,4,4,2,6,6,0,0.333333,0.333333,0.0,0.333333,-0.333333,-0.666666,0.333333,1,5,4,19,17,-2,19->17,1,1,1->1,0,0,0->0,117.15,165.19,48.03999999999999,48.03999999999999,4.2,2.8,-1.4000000000000004,1.4000000000000004,0,0,0,0,0,1,1,1->1,strong_hydrophobic,strong_hydrophobic,strong_hydrophobic->strong_hydrophobic,hydrophobic,aromatic,0,0->0,4,2,-2,5.0412,,,,,,unknown,unknown,,,,,,0,0,0,0,,,,,,,,,BRCA1 p.V1688F,1,"criteria provided, single submitter",ClinVar,868976,clinvar,,,,,,,
hybrid,BRCA1,V,G,1713,19,13,6,0.6842105263157895,-0.3794896217049037,247,0,1,6,17,11,23,17,2,2,4,4,6,6,0,0.333333,0.333333,0.0,0.333333,0.333333,0.0,1.0,1,1,0,19,13,-6,19->13,1,1,1->1,0,0,0->0,117.15,75.07,-42.08000000000001,42.08000000000001,4.2,-0.4,-4.6000000000000005,4.6000000000000005,0,0,0,0,0,0,1,1->1,strong_hydrophobic,mild_hydrophilic,strong_hydrophobic->mild_hydrophilic,hydrophobic,small_nonpolar,0,0->0,4,4,0,6.8624,,,,,,unknown,unknown,,,,,,0,0,0,0,,,6.197837450556751e-07,1.0,1613466.0,8.997417741108302e-07,,,BRCA1 p.V1713G,1,"criteria provided, single submitter",ClinVar,1745580,clinvar,17-43063888-A-C,ENST00000357654,missense_variant,gnomad_r4,GRCh38,,
hybrid,BRCA1,V,L,1713,19,23,4,1.2105263157894737,0.19105523676270922,437,1,0,4,17,19,23,29,2,4,4,6,6,10,4,0.333333,0.2,-0.133333,0.333333,0.2,-0.133333,0.5,1,5,4,19,23,4,19->23,1,0,1->0,0,1,0->1,117.15,131.18,14.030000000000001,14.030000000000001,4.2,3.8,-0.40000000000000036,0.40000000000000036,0,0,0,0,0,0,1,1->1,strong_hydrophobic,strong_hydrophobic,strong_hydrophobic->strong_hydrophobic,hydrophobic,hydrophobic,1,0->0,4,6,2,0.8209,,,,,,unknown,unknown,,,,,,0,0,0,0,,,,,,,,,BRCA1 p.V1713L,1,"criteria provided, single submitter",ClinVar,868700,clinvar,,,,,,,
hybrid,BRCA1,V,G,1714,19,13,6,0.6842105263157895,-0.3794896217049037,247,0,1,6,17,11,23,17,2,2,4,4,6,6,0,0.333333,0.333333,0.0,0.333333,0.333333,0.0,1.0,1,1,0,19,13,-6,19->13,1,1,1->1,0,0,0->0,117.15,75.07,-42.08000000000001,42.08000000000001,4.2,-0.4,-4.6000000000000005,4.6000000000000005,0,0,0,0,0,0,1,1->1,strong_hydrophobic,mild_hydrophilic,strong_hydrophobic->mild_hydrophilic,hydrophobic,small_nonpolar,0,0->0,4,4,0,6.8624,,,,,,unknown,unknown,,,,,,0,0,0,0,,,6.199520405101461e-07,1.0,1613028.0,9.001159349324193e-07,,,BRCA1 p.V1714G,1,"criteria provided, multiple submitters, no conflicts",ClinVar,55413,clinvar,17-43063885-A-C,ENST00000357654,missense_variant,gnomad_r4,GRCh38,,
hybrid,BRCA1,V,G,1719,19,13,6,0.6842105263157895,-0.3794896217049037,247,0,1,6,17,11,23,17,2,2,4,4,6,6,0,0.333333,0.333333,0.0,0.333333,0.333333,0.0,1.0,1,1,0,19,13,-6,19->13,1,1,1->1,0,0,0->0,117.15,75.07,-42.08000000000001,42.08000000000001,4.2,-0.4,-4.6000000000000005,4.6000000000000005,0,0,0,0,0,0,1,1->1,strong_hydrophobic,mild_hydrophilic,strong_hydrophobic->mild_hydrophilic,hydrophobic,small_nonpolar,0,0->0,4,4,0,6.8624,,,,,,unknown,unknown,,,,,,0,0,0,0,,,,,,,,,BRCA1 p.V1719G,1,"criteria provided, single submitter",ClinVar,482950,clinvar,,,,,,,
hybrid,BRCA1,V,G,1736,19,13,6,0.6842105263157895,-0.3794896217049037,247,0,1,6,17,11,23,17,2,2,4,4,6,6,0,0.333333,0.333333,0.0,0.333333,0.333333,0.0,1.0,1,1,0,19,13,-6,19->13,1,1,1->1,0,0,0->0,117.15,75.07,-42.08000000000001,42.08000000000001,4.2,-0.4,-4.6000000000000005,4.6000000000000005,0,0,0,0,0,0,1,1->1,strong_hydrophobic,mild_hydrophilic,strong_hydrophobic->mild_hydrophilic,hydrophobic,small_nonpolar,0,0->0,4,4,0,6.8624,,,,,,unknown,unknown,,,,,,0,0,0,0,,,,,,,,,BRCA1 p.V1736G,1,"criteria provided, multiple submitters, no conflicts",ClinVar,55456,clinvar,,,,,,,
hybrid,BRCA1,V,F,1736,19,17,2,0.8947368421052632,-0.11122563511022437,323,0,1,2,17,13,23,19,2,4,4,2,6,6,0,0.333333,0.333333,0.0,0.333333,-0.333333,-0.666666,0.333333,1,5,4,19,17,-2,19->17,1,1,1->1,0,0,0->0,117.15,165.19,48.03999999999999,48.03999999999999,4.2,2.8,-1.4000000000000004,1.4000000000000004,0,0,0,0,0,1,1,1->1,strong_hydrophobic,strong_hydrophobic,strong_hydrophobic->strong_hydrophobic,hydrophobic,aromatic,0,0->0,4,2,-2,5.0412,,,,,,unknown,unknown,,,,,,0,0,0,0,,,6.195756154864164e-07,1.0,1614008.0,3.827018752391887e-05,,,BRCA1 p.V1736F,1,"criteria provided, multiple submitters, no conflicts",ClinVar,867843,clinvar,17-43057123-C-A,ENST00000357654,missense_variant,gnomad_r4,GRCh38,,
hybrid,BRCA1,V,E,1784,19,11,8,0.5789473684210527,-0.5465437063680699,209,0,1,8,17,7,23,13,2,4,4,2,6,6,0,0.333333,0.333333,0.0,0.333333,-0.333333,-0.666666,1.333333,1,5,4,19,11,-8,19->11,1,1,1->1,0,1,0->1,117.15,147.13,29.97999999999999,29.97999999999999,4.2,-3.5,-7.7,7.7,0,-1,-1,1,1,0,0,1->0,strong_hydrophobic,strong_hydrophilic,strong_hydrophobic->strong_hydrophilic,hydrophobic,acidic,0,0->-1,4,2,-2,12.2994,,,,,,unknown,unknown,,,,,,0,0,0,0,,,,,,,,,BRCA1 p.V1784E,1,"criteria provided, single submitter",ClinVar,868026,clinvar,,,,,,,
hybrid,BRCA1,V,D,1809,19,11,8,0.5789473684210527,-0.5465437063680699,209,0,1,8,17,7,23,13,2,4,4,2,6,6,0,0.333333,0.333333,0.0,0.333333,-0.333333,-0.666666,1.333333,1,5,4,19,11,-8,19->11,1,1,1->1,0,1,0->1,117.15,133.1,15.949999999999989,15.949999999999989,4.2,-3.5,-7.7,7.7,0,-1,-1,1,1,0,0,1->0,strong_hydrophobic,strong_hydrophilic,strong_hydrophobic->strong_hydrophilic,hydrophobic,acidic,0,0->-1,4,2,-2,11.8785,,,,,,unknown,unknown,,,,,,0,0,0,0,,,,,,,,,BRCA1 p.V1809D,1,"criteria provided, single submitter",ClinVar,825725,clinvar,,,,,,,
hybrid,BRCA1,V,G,1833,19,13,6,0.6842105263157895,-0.3794896217049037,247,0,1,6,17,11,23,17,2,2,4,4,6,6,0,0.333333,0.333333,0.0,0.333333,0.333333,0.0,1.0,1,1,0,19,13,-6,19->13,1,1,1->1,0,0,0->0,117.15,75.07,-42.08000000000001,42.08000000000001,4.2,-0.4,-4.6000000000000005,4.6000000000000005,0,0,0,0,0,0,1,1->1,strong_hydrophobic,mild_hydrophilic,strong_hydrophobic->mild_hydrophilic,hydrophobic,small_nonpolar,0,0->0,4,4,0,6.8624,,,,,,unknown,unknown,,,,,,0,0,0,0,,,,,,,,,BRCA1 p.V1833G,1,"criteria provided, single submitter",ClinVar,2135737,clinvar,,,,,,,
hybrid,BRCA1,V,M,1833,19,11,8,0.5789473684210527,-0.5465437063680699,209,0,1,8,17,7,23,13,2,4,4,2,6,6,0,0.333333,0.333333,0.0,0.333333,-0.333333,-0.666666,1.333333,1,5,4,19,11,-8,19->11,1,1,1->1,0,1,0->1,117.15,149.21,32.06,32.06,4.2,1.9,-2.3000000000000003,2.3000000000000003,0,0,0,0,0,0,0,1->0,strong_hydrophobic,mild_hydrophobic,strong_hydrophobic->mild_hydrophobic,hydrophobic,hydrophobic,1,0->0,4,1,-3,3.2618,,,,,,unknown,unknown,,,,,,0,0,0,0,,,6.19528018774177e-07,1.0,1614132.0,8.992724885567576e-07,,,BRCA1 p.V1833M,1,"criteria provided, multiple submitters, no conflicts",ClinVar,55598,clinvar,17-43045773-C-T,ENST00000357654,missense_variant,gnomad_r4,GRCh38,,
hybrid,BRCA1,V,G,1838,19,13,6,0.6842105263157895,-0.3794896217049037,247,0,1,6,17,11,23,17,2,2,4,4,6,6,0,0.333333,0.333333,0.0,0.333333,0.333333,0.0,1.0,1,1,0,19,13,-6,19->13,1,1,1->1,0,0,0->0,117.15,75.07,-42.08000000000001,42.08000000000001,4.2,-0.4,-4.6000000000000005,4.6000000000000005,0,0,0,0,0,0,1,1->1,strong_hydrophobic,mild_hydrophilic,strong_hydrophobic->mild_hydrophilic,hydrophobic,small_nonpolar,0,0->0,4,4,0,6.8624,,,,,,unknown,unknown,,,,,,0,0,0,0,,,,,,,,,BRCA1 p.V1838G,1,"criteria provided, single submitter",ClinVar,254643,clinvar,,,,,,,
hybrid,BRCA1,V,L,1842,19,23,4,1.2105263157894737,0.19105523676270922,437,1,0,4,17,19,23,29,2,4,4,6,6,10,4,0.333333,0.2,-0.133333,0.333333,0.2,-0.133333,0.5,1,5,4,19,23,4,19->23,1,0,1->0,0,1,0->1,117.15,131.18,14.030000000000001,14.030000000000001,4.2,3.8,-0.40000000000000036,0.40000000000000036,0,0,0,0,0,0,1,1->1,strong_hydrophobic,strong_hydrophobic,strong_hydrophobic->strong_hydrophobic,hydrophobic,hydrophobic,1,0->0,4,6,2,0.8209,,,,,,unknown,unknown,,,,,,0,0,0,0,,,,,,,,,BRCA1 p.V1842L,0,"criteria provided, single submitter",ClinVar,869008,clinvar,,,,,,,
hybrid,BRCA1,V,A,35,19,13,6,0.6842105263157895,-0.3794896217049037,247,0,1,6,17,11,23,17,2,2,4,4,6,6,0,0.333333,0.333333,0.0,0.333333,0.333333,0.0,1.0,1,1,0,19,13,-6,19->13,1,1,1->1,0,0,0->0,117.15,89.09,-28.060000000000002,28.060000000000002,4.2,1.8,-2.4000000000000004,2.4000000000000004,0,0,0,0,0,0,1,1->1,strong_hydrophobic,mild_hydrophobic,strong_hydrophobic->mild_hydrophobic,hydrophobic,small_nonpolar,0,0->0,4,4,0,4.2418,,,,,,unknown,unknown,,,,,,0,0,0,0,,,,,,,0.8615013210897,,BRCA1 p.V35A,1,no assertion criteria provided,ClinVar,867804,clinvar,,,,,,urn:mavedb:00000081-a-2,BRCA1 RING and BRCT domains mean HDR fluorescence score
hybrid,BRCA2,A,S,1193,13,17,4,1.3076923076923077,0.26826398659467937,221,1,0,4,11,13,17,19,2,4,4,2,6,6,0,0.333333,0.333333,0.0,0.333333,-0.333333,-0.666666,0.666667,1,5,4,13,17,4,13->17,1,1,1->1,0,0,0->0,89.09,105.09,16.0,16.0,1.8,-0.8,-2.6,2.6,0,0,0,0,1,0,0,1->0,mild_hydrophobic,mild_hydrophilic,mild_hydrophobic->mild_hydrophilic,small_nonpolar,polar,0,0->0,4,6,2,5.28,,,,,,unknown,unknown,,,,,,0,0,0,0,,,,,,,,,BRCA2 p.A1193S,0,"criteria provided, multiple submitters, no conflicts",ClinVar,823949,clinvar,,,,,,,
hybrid,BRCA2,A,T,1253,13,17,4,1.3076923076923077,0.26826398659467937,221,1,0,4,11,13,17,19,2,4,4,2,6,6,0,0.333333,0.333333,0.0,0.333333,-0.333333,-0.666666,0.666667,1,5,4,13,17,4,13->17,1,1,1->1,0,0,0->0,89.09,119.12,30.03,30.03,1.8,-0.7,-2.5,2.5,0,0,0,0,1,0,1,1->1,mild_hydrophobic,mild_hydrophilic,mild_hydrophobic->mild_hydrophilic,small_nonpolar,polar,0,0->0,4,4,0,5.6009,,,,,,unknown,unknown,,,,,,0,0,0,0,,,6.21193635995438e-07,1.0,1609804.0,1.17638754911418e-05,,,BRCA2 p.A1253T,0,"criteria provided, single submitter",ClinVar,3992705,clinvar,13-32338112-G-A,ENST00000380152,missense_variant,gnomad_r4,GRCh38,,
hybrid,BRCA2,A,G,1668,13,13,0,1.0,0.0,169,0,0,0,11,11,17,17,2,2,4,4,6,6,0,0.333333,0.333333,0.0,0.333333,0.333333,0.0,0.0,1,1,0,13,13,0,13->13,1,1,1->1,0,0,0->0,89.09,75.07,-14.02000000000001,14.02000000000001,1.8,-0.4,-2.2,2.2,0,0,0,0,0,0,1,1->1,mild_hydrophobic,mild_hydrophilic,mild_hydrophobic->mild_hydrophilic,small_nonpolar,small_nonpolar,1,0->0,4,4,0,2.6206,,,,,,unknown,unknown,,,,,,0,0,0,0,,,6.288003118849547e-07,1.0,1590330.0,1.227023976048492e-05,,,BRCA2 p.A1668G,0,"criteria provided, single submitter",ClinVar,51754,clinvar,13-32339358-C-G,ENST00000380152,missense_variant,gnomad_r4,GRCh38,,
hybrid,BRCA2,A,V,1825,13,19,6,1.4615384615384615,0.3794896217049037,247,1,0,6,11,17,17,23,2,2,4,4,6,6,0,0.333333,0.333333,0.0,0.333333,0.333333,0.0,1.0,1,1,0,13,19,6,13->19,1,1,1->1,0,0,0->0,89.09,117.15,28.060000000000002,28.060000000000002,1.8,4.2,2.4000000000000004,2.4000000000000004,0,0,0,0,0,0,1,1->1,mild_hydrophobic,strong_hydrophobic,mild_hydrophobic->strong_hydrophobic,small_nonpolar,hydrophobic,0,0->0,4,4,0,4.2418,,,,,,unknown,unknown,,,,,,0,0,0,0,,,8.055820640251837e-06,13.0,1613740.0,0.0001341621573274,,,BRCA2 p.A1825V,0,"criteria provided, multiple submitters, no conflicts",ClinVar,37968,clinvar,13-32339829-C-T,ENST00000380152,missense_variant,gnomad_r4,GRCh38,,
hybrid,BRCA2,A,V,2061,13,19,6,1.4615384615384615,0.3794896217049037,247,1,0,6,11,17,17,23,2,2,4,4,6,6,0,0.333333,0.333333,0.0,0.333333,0.333333,0.0,1.0,1,1,0,13,19,6,13->19,1,1,1->1,0,0,0->0,89.09,117.15,28.060000000000002,28.060000000000002,1.8,4.2,2.4000000000000004,2.4000000000000004,0,0,0,0,0,0,1,1->1,mild_hydrophobic,strong_hydrophobic,mild_hydrophobic->strong_hydrophobic,small_nonpolar,hydrophobic,0,0->0,4,4,0,4.2418,,,,,,unknown,unknown,,,,,,0,0,0,0,,,,,,,,,BRCA2 p.A2061V,0,"criteria provided, single submitter",ClinVar,2692062,clinvar,,,,,,,
hybrid,BRCA2,A,V,2233,13,19,6,1.4615384615384615,0.3794896217049037,247,1,0,6,11,17,17,23,2,2,4,4,6,6,0,0.333333,0.333333,0.0,0.333333,0.333333,0.0,1.0,1,1,0,13,19,6,13->19,1,1,1->1,0,0,0->0,89.09,117.15,28.060000000000002,28.060000000000002,1.8,4.2,2.4000000000000004,2.4000000000000004,0,0,0,0,0,0,1,1->1,mild_hydrophobic,strong_hydrophobic,mild_hydrophobic->strong_hydrophobic,small_nonpolar,hydrophobic,0,0->0,4,4,0,4.2418,,,,,,unknown,unknown,,,,,,0,0,0,0,,,,,,,,,BRCA2 p.A2233V,0,"criteria provided, multiple submitters, no conflicts",ClinVar,409574,clinvar,,,,,,,
hybrid,BRCA2,A,G,2351,13,13,0,1.0,0.0,169,0,0,0,11,11,17,17,2,2,4,4,6,6,0,0.333333,0.333333,0.0,0.333333,0.333333,0.0,0.0,1,1,0,13,13,0,13->13,1,1,1->1,0,0,0->0,89.09,75.07,-14.02000000000001,14.02000000000001,1.8,-0.4,-2.2,2.2,0,0,0,0,0,0,1,1->1,mild_hydrophobic,mild_hydrophilic,mild_hydrophobic->mild_hydrophilic,small_nonpolar,small_nonpolar,1,0->0,4,4,0,2.6206,,,,,,unknown,unknown,,,,,,0,0,0,0,,,7.189019145101675e-05,116.0,1613572.0,0.0021235521235521,,,BRCA2 p.A2351G,0,"criteria provided, multiple submitters, no conflicts",ClinVar,38081,clinvar,13-32354905-C-G,ENST00000380152,missense_variant,gnomad_r4,GRCh38,,
hybrid,BRCA2,A,T,2487,13,17,4,1.3076923076923077,0.26826398659467937,221,1,0,4,11,13,17,19,2,4,4,2,6,6,0,0.333333,0.333333,0.0,0.333333,-0.333333,-0.666666,0.666667,1,5,4,13,17,4,13->17,1,1,1->1,0,0,0->0,89.09,119.12,30.03,30.03,1.8,-0.7,-2.5,2.5,0,0,0,0,1,0,1,1->1,mild_hydrophobic,mild_hydrophilic,mild_hydrophobic->mild_hydrophilic,small_nonpolar,polar,0,0->0,4,4,0,5.6009,,,,,,unknown,unknown,,,,,,0,0,0,0,,,,,,,,,BRCA2 p.A2487T,0,"criteria provided, single submitter",ClinVar,1759001,clinvar,,,,,,,
hybrid,BRCA2,A,P,2603,13,17,4,1.3076923076923077,0.26826398659467937,221,1,0,4,11,13,17,19,2,4,4,2,6,6,0,0.333333,0.333333,0.0,0.333333,-0.333333,-0.666666,0.666667,1,5,4,13,17,4,13->17,1,1,1->1,0,0,0->0,89.09,115.13,26.039999999999992,26.039999999999992,1.8,-1.6,-3.4000000000000004,3.4000000000000004,0,0,0,0,0,0,1,1->1,mild_hydrophobic,mild_hydrophilic,mild_hydrophobic->mild_hydrophilic,small_nonpolar,special,0,0->0,4,4,0,5.1812,,,,,,unknown,unknown,,,,,,0,0,0,0,,,,,,,1.0690424752246337,,BRCA2 p.A2603P,1,"criteria provided, single submitter",ClinVar,995947,clinvar,,,,,,urn:mavedb:00001224-a-1,Scores from arrayed screen of BRCA2 homology directed repair function in VC-8 cells
hybrid,BRCA2,A,G,2632,13,13,0,1.0,0.0,169,0,0,0,11,11,17,17,2,2,4,4,6,6,0,0.333333,0.333333,0.0,0.333333,0.333333,0.0,0.0,1,1,0,13,13,0,13->13,1,1,1->1,0,0,0->0,89.09,75.07,-14.02000000000001,14.02000000000001,1.8,-0.4,-2.2,2.2,0,0,0,0,0,0,1,1->1,mild_hydrophobic,mild_hydrophilic,mild_hydrophobic->mild_hydrophilic,small_nonpolar,small_nonpolar,1,0->0,4,4,0,2.6206,,,,,,unknown,unknown,,,,,,0,0,0,0,,,,,,,3.6784086839578105,,BRCA2 p.A2632G,0,"criteria provided, single submitter",ClinVar,1761059,clinvar,,,,,,urn:mavedb:00001224-a-1,Scores from arrayed screen of BRCA2 homology directed repair function in VC-8 cells
hybrid,BRCA2,A,V,2633,13,19,6,1.4615384615384615,0.3794896217049037,247,1,0,6,11,17,17,23,2,2,4,4,6,6,0,0.333333,0.333333,0.0,0.333333,0.333333,0.0,1.0,1,1,0,13,19,6,13->19,1,1,1->1,0,0,0->0,89.09,117.15,28.060000000000002,28.060000000000002,1.8,4.2,2.4000000000000004,2.4000000000000004,0,0,0,0,0,0,1,1->1,mild_hydrophobic,strong_hydrophobic,mild_hydrophobic->strong_hydrophobic,small_nonpolar,hydrophobic,0,0->0,4,4,0,4.2418,,,,,,unknown,unknown,,,,,,0,0,0,0,,,,,,,,,BRCA2 p.A2633V,0,"criteria provided, single submitter",ClinVar,1761065,clinvar,,,,,,,
hybrid,BRCA2,A,G,2698,13,13,0,1.0,0.0,169,0,0,0,11,11,17,17,2,2,4,4,6,6,0,0.333333,0.333333,0.0,0.333333,0.333333,0.0,0.0,1,1,0,13,13,0,13->13,1,1,1->1,0,0,0->0,89.09,75.07,-14.02000000000001,14.02000000000001,1.8,-0.4,-2.2,2.2,0,0,0,0,0,0,1,1->1,mild_hydrophobic,mild_hydrophilic,mild_hydrophobic->mild_hydrophilic,small_nonpolar,small_nonpolar,1,0->0,4,4,0,2.6206,,,,,,unknown,unknown,,,,,,0,0,0,0,,,,,,,,,BRCA2 p.A2698G,0,"criteria provided, single submitter",ClinVar,827443,clinvar,,,,,,,
hybrid,BRCA2,A,T,2738,13,17,4,1.3076923076923077,0.26826398659467937,221,1,0,4,11,13,17,19,2,4,4,2,6,6,0,0.333333,0.333333,0.0,0.333333,-0.333333,-0.666666,0.666667,1,5,4,13,17,4,13->17,1,1,1->1,0,0,0->0,89.09,119.12,30.03,30.03,1.8,-0.7,-2.5,2.5,0,0,0,0,1,0,1,1->1,mild_hydrophobic,mild_hydrophilic,mild_hydrophobic->mild_hydrophilic,small_nonpolar,polar,0,0->0,4,4,0,5.6009,,,,,,unknown,unknown,,,,,,0,0,0,0,,,,,,,,,BRCA2 p.A2738T,0,"criteria provided, single submitter",ClinVar,230765,clinvar,,,,,,,
hybrid,BRCA2,A,D,2780,13,11,2,0.8461538461538461,-0.1670540846631662,143,0,1,2,11,7,17,13,2,4,4,2,6,6,0,0.333333,0.333333,0.0,0.333333,-0.333333,-0.666666,0.333333,1,5,4,13,11,-2,13->11,1,1,1->1,0,1,0->1,89.09,133.1,44.00999999999999,44.00999999999999,1.8,-3.5,-5.3,5.3,0,-1,-1,1,1,0,0,1->0,mild_hydrophobic,strong_hydrophilic,mild_hydrophobic->strong_hydrophilic,small_nonpolar,acidic,0,0->-1,4,2,-2,10.3203,,,,,,unknown,unknown,,,,,,0,0,0,0,,,,,,,1.039014309161874,,BRCA2 p.A2780D,1,"criteria provided, single submitter",ClinVar,483085,clinvar,,,,,,urn:mavedb:00001224-a-1,Scores from arrayed screen of BRCA2 homology directed repair function in VC-8 cells
hybrid,BRCA2,A,S,2825,13,17,4,1.3076923076923077,0.26826398659467937,221,1,0,4,11,13,17,19,2,4,4,2,6,6,0,0.333333,0.333333,0.0,0.333333,-0.333333,-0.666666,0.666667,1,5,4,13,17,4,13->17,1,1,1->1,0,0,0->0,89.09,105.09,16.0,16.0,1.8,-0.8,-2.6,2.6,0,0,0,0,1,0,0,1->0,mild_hydrophobic,mild_hydrophilic,mild_hydrophobic->mild_hydrophilic,small_nonpolar,polar,0,0->0,4,6,2,5.28,,,,,,unknown,unknown,,,,,,0,0,0,0,,,,,,,,,BRCA2 p.A2825S,0,"criteria provided, single submitter",ClinVar,142989,clinvar,,,,,,,
hybrid,BRCA2,A,S,2902,13,17,4,1.3076923076923077,0.26826398659467937,221,1,0,4,11,13,17,19,2,4,4,2,6,6,0,0.333333,0.333333,0.0,0.333333,-0.333333,-0.666666,0.666667,1,5,4,13,17,4,13->17,1,1,1->1,0,0,0->0,89.09,105.09,16.0,16.0,1.8,-0.8,-2.6,2.6,0,0,0,0,1,0,0,1->0,mild_hydrophobic,mild_hydrophilic,mild_hydrophobic->mild_hydrophilic,small_nonpolar,polar,0,0->0,4,6,2,5.28,,,,,,unknown,unknown,,,,,,0,0,0,0,,,,,,,,,BRCA2 p.A2902S,0,"criteria provided, single submitter",ClinVar,3482095,clinvar,,,,,,,
hybrid,BRCA2,A,P,2951,13,17,4,1.3076923076923077,0.26826398659467937,221,1,0,4,11,13,17,19,2,4,4,2,6,6,0,0.333333,0.333333,0.0,0.333333,-0.333333,-0.666666,0.666667,1,5,4,13,17,4,13->17,1,1,1->1,0,0,0->0,89.09,115.13,26.039999999999992,26.039999999999992,1.8,-1.6,-3.4000000000000004,3.4000000000000004,0,0,0,0,0,0,1,1->1,mild_hydrophobic,mild_hydrophilic,mild_hydrophobic->mild_hydrophilic,small_nonpolar,special,0,0->0,4,4,0,5.1812,,,,,,unknown,unknown,,,,,,0,0,0,0,,,,,,,,,BRCA2 p.A2951P,0,"criteria provided, single submitter",ClinVar,1764884,clinvar,,,,,,,
hybrid,BRCA2,A,S,2951,13,17,4,1.3076923076923077,0.26826398659467937,221,1,0,4,11,13,17,19,2,4,4,2,6,6,0,0.333333,0.333333,0.0,0.333333,-0.333333,-0.666666,0.666667,1,5,4,13,17,4,13->17,1,1,1->1,0,0,0->0,89.09,105.09,16.0,16.0,1.8,-0.8,-2.6,2.6,0,0,0,0,1,0,0,1->0,mild_hydrophobic,mild_hydrophilic,mild_hydrophobic->mild_hydrophilic,small_nonpolar,polar,0,0->0,4,6,2,5.28,,,,,,unknown,unknown,,,,,,0,0,0,0,,,,,,,,,BRCA2 p.A2951S,0,"criteria provided, single submitter",ClinVar,441405,clinvar,,,,,,,
hybrid,BRCA2,A,D,3023,13,11,2,0.8461538461538461,-0.1670540846631662,143,0,1,2,11,7,17,13,2,4,4,2,6,6,0,0.333333,0.333333,0.0,0.333333,-0.333333,-0.666666,0.333333,1,5,4,13,11,-2,13->11,1,1,1->1,0,1,0->1,89.09,133.1,44.00999999999999,44.00999999999999,1.8,-3.5,-5.3,5.3,0,-1,-1,1,1,0,0,1->0,mild_hydrophobic,strong_hydrophilic,mild_hydrophobic->strong_hydrophilic,small_nonpolar,acidic,0,0->-1,4,2,-2,10.3203,,,,,,unknown,unknown,,,,,,0,0,0,0,,,,,,,,,BRCA2 p.A3023D,0,"criteria provided, single submitter",ClinVar,3261538,clinvar,,,,,,,
hybrid,BRCA2,A,P,3028,13,17,4,1.3076923076923077,0.26826398659467937,221,1,0,4,11,13,17,19,2,4,4,2,6,6,0,0.333333,0.333333,0.0,0.333333,-0.333333,-0.666666,0.666667,1,5,4,13,17,4,13->17,1,1,1->1,0,0,0->0,89.09,115.13,26.039999999999992,26.039999999999992,1.8,-1.6,-3.4000000000000004,3.4000000000000004,0,0,0,0,0,0,1,1->1,mild_hydrophobic,mild_hydrophilic,mild_hydrophobic->mild_hydrophilic,small_nonpolar,special,0,0->0,4,4,0,5.1812,,,,,,unknown,unknown,,,,,,0,0,0,0,,,3.717891360735845e-06,6.0,1613818.0,5.396586119620728e-06,1.1831987469977272,,BRCA2 p.A3028P,1,"criteria provided, multiple submitters, no conflicts",ClinVar,126199,clinvar,13-32379878-G-C,ENST00000380152,missense_variant,gnomad_r4,GRCh38,urn:mavedb:00001224-a-1,Scores from arrayed screen of BRCA2 homology directed repair function in VC-8 cells
hybrid,BRCA2,A,S,3140,13,17,4,1.3076923076923077,0.26826398659467937,221,1,0,4,11,13,17,19,2,4,4,2,6,6,0,0.333333,0.333333,0.0,0.333333,-0.333333,-0.666666,0.666667,1,5,4,13,17,4,13->17,1,1,1->1,0,0,0->0,89.09,105.09,16.0,16.0,1.8,-0.8,-2.6,2.6,0,0,0,0,1,0,0,1->0,mild_hydrophobic,mild_hydrophilic,mild_hydrophobic->mild_hydrophilic,small_nonpolar,polar,0,0->0,4,6,2,5.28,,,,,,unknown,unknown,,,,,,0,0,0,0,,,,,,,,,BRCA2 p.A3140S,0,"criteria provided, single submitter",ClinVar,4629057,clinvar,,,,,,,
hybrid,BRCA2,A,E,3186,13,11,2,0.8461538461538461,-0.1670540846631662,143,0,1,2,11,7,17,13,2,4,4,2,6,6,0,0.333333,0.333333,0.0,0.333333,-0.333333,-0.666666,0.333333,1,5,4,13,11,-2,13->11,1,1,1->1,0,1,0->1,89.09,147.13,58.03999999999999,58.03999999999999,1.8,-3.5,-5.3,5.3,0,-1,-1,1,1,0,0,1->0,mild_hydrophobic,strong_hydrophilic,mild_hydrophobic->strong_hydrophilic,small_nonpolar,acidic,0,0->-1,4,2,-2,10.7412,,,,,,unknown,unknown,,,,,,0,0,0,0,,,,,,,,,BRCA2 p.A3186E,0,"criteria provided, single submitter",ClinVar,4629089,clinvar,,,,,,,
hybrid,BRCA2,A,D,3235,13,11,2,0.8461538461538461,-0.1670540846631662,143,0,1,2,11,7,17,13,2,4,4,2,6,6,0,0.333333,0.333333,0.0,0.333333,-0.333333,-0.666666,0.333333,1,5,4,13,11,-2,13->11,1,1,1->1,0,1,0->1,89.09,133.1,44.00999999999999,44.00999999999999,1.8,-3.5,-5.3,5.3,0,-1,-1,1,1,0,0,1->0,mild_hydrophobic,strong_hydrophilic,mild_hydrophobic->strong_hydrophilic,small_nonpolar,acidic,0,0->-1,4,2,-2,10.3203,,,,,,unknown,unknown,,,,,,0,0,0,0,,,,,,,,,BRCA2 p.A3235D,0,"criteria provided, single submitter",ClinVar,3825457,clinvar,,,,,,,
hybrid,BRCA2,A,S,3399,13,17,4,1.3076923076923077,0.26826398659467937,221,1,0,4,11,13,17,19,2,4,4,2,6,6,0,0.333333,0.333333,0.0,0.333333,-0.333333,-0.666666,0.666667,1,5,4,13,17,4,13->17,1,1,1->1,0,0,0->0,89.09,105.09,16.0,16.0,1.8,-0.8,-2.6,2.6,0,0,0,0,1,0,0,1->0,mild_hydrophobic,mild_hydrophilic,mild_hydrophobic->mild_hydrophilic,small_nonpolar,polar,0,0->0,4,6,2,5.28,,,,,,unknown,unknown,,,,,,0,0,0,0,,,,,,,,,BRCA2 p.A3399S,0,"criteria provided, single submitter",ClinVar,433844,clinvar,,,,,,,
hybrid,BRCA2,A,S,487,13,17,4,1.3076923076923077,0.26826398659467937,221,1,0,4,11,13,17,19,2,4,4,2,6,6,0,0.333333,0.333333,0.0,0.333333,-0.333333,-0.666666,0.666667,1,5,4,13,17,4,13->17,1,1,1->1,0,0,0->0,89.09,105.09,16.0,16.0,1.8,-0.8,-2.6,2.6,0,0,0,0,1,0,0,1->0,mild_hydrophobic,mild_hydrophilic,mild_hydrophobic->mild_hydrophilic,small_nonpolar,polar,0,0->0,4,6,2,5.28,,,,,,unknown,unknown,,,,,,0,0,0,0,,,,,,,,,BRCA2 p.A487S,0,"criteria provided, single submitter",ClinVar,433759,clinvar,,,,,,,
hybrid,BRCA2,A,T,573,13,17,4,1.3076923076923077,0.26826398659467937,221,1,0,4,11,13,17,19,2,4,4,2,6,6,0,0.333333,0.333333,0.0,0.333333,-0.333333,-0.666666,0.666667,1,5,4,13,17,4,13->17,1,1,1->1,0,0,0->0,89.09,119.12,30.03,30.03,1.8,-0.7,-2.5,2.5,0,0,0,0,1,0,1,1->1,mild_hydrophobic,mild_hydrophilic,mild_hydrophobic->mild_hydrophilic,small_nonpolar,polar,0,0->0,4,4,0,5.6009,,,,,,unknown,unknown,,,,,,0,0,0,0,,,6.196393451155689e-07,1.0,1613842.0,8.994358738199401e-07,,,BRCA2 p.A573T,0,"criteria provided, single submitter",ClinVar,4628581,clinvar,13-32333195-G-A,ENST00000380152,missense_variant,gnomad_r4,GRCh38,,
hybrid,BRCA2,A,P,618,13,17,4,1.3076923076923077,0.26826398659467937,221,1,0,4,11,13,17,19,2,4,4,2,6,6,0,0.333333,0.333333,0.0,0.333333,-0.333333,-0.666666,0.666667,1,5,4,13,17,4,13->17,1,1,1->1,0,0,0->0,89.09,115.13,26.039999999999992,26.039999999999992,1.8,-1.6,-3.4000000000000004,3.4000000000000004,0,0,0,0,0,0,1,1->1,mild_hydrophobic,mild_hydrophilic,mild_hydrophobic->mild_hydrophilic,small_nonpolar,special,0,0->0,4,4,0,5.1812,,,,,,unknown,unknown,,,,,,0,0,0,0,,,,,,,,,BRCA2 p.A618P,0,"criteria provided, single submitter",ClinVar,51214,clinvar,,,,,,,
hybrid,BRCA2,A,S,737,13,17,4,1.3076923076923077,0.26826398659467937,221,1,0,4,11,13,17,19,2,4,4,2,6,6,0,0.333333,0.333333,0.0,0.333333,-0.333333,-0.666666,0.666667,1,5,4,13,17,4,13->17,1,1,1->1,0,0,0->0,89.09,105.09,16.0,16.0,1.8,-0.8,-2.6,2.6,0,0,0,0,1,0,0,1->0,mild_hydrophobic,mild_hydrophilic,mild_hydrophobic->mild_hydrophilic,small_nonpolar,polar,0,0->0,4,6,2,5.28,,,,,,unknown,unknown,,,,,,0,0,0,0,,,1.239109773973986e-06,2.0,1614062.0,2.5200342724661052e-05,,,BRCA2 p.A737S,0,"criteria provided, single submitter",ClinVar,51255,clinvar,13-32336564-G-T,ENST00000380152,missense_variant,gnomad_r4,GRCh38,,
hybrid,BRCA2,R,K,1315,19,11,8,0.5789473684210527,-0.5465437063680699,209,0,1,8,17,7,23,13,2,4,4,2,6,6,0,0.333333,0.333333,0.0,0.333333,-0.333333,-0.666666,1.333333,1,5,4,19,11,-8,19->11,1,1,1->1,0,1,0->1,174.2,146.19,-28.00999999999999,28.00999999999999,-4.5,-3.9,0.6000000000000001,0.6000000000000001,1,1,0,0,0,0,1,0->0,strong_hydrophilic,strong_hydrophilic,strong_hydrophilic->strong_hydrophilic,basic,basic,1,1->1,6,2,-4,1.4403,,,,,,unknown,unknown,,,,,,0,0,0,0,,,,,,,,,BRCA2 p.R1315K,0,"criteria provided, single submitter",ClinVar,51571,clinvar,,,,,,,
hybrid,BRCA2,R,G,2336,19,13,6,0.6842105263157895,-0.3794896217049037,247,0,1,6,17,11,23,17,2,2,4,4,6,6,0,0.333333,0.333333,0.0,0.333333,0.333333,0.0,1.0,1,1,0,19,13,-6,19->13,1,1,1->1,0,0,0->0,174.2,75.07,-99.13,99.13,-4.5,-0.4,4.1,4.1,1,0,-1,1,1,0,0,0->1,strong_hydrophilic,mild_hydrophilic,strong_hydrophilic->mild_hydrophilic,basic,small_nonpolar,0,1->0,6,4,-2,10.7739,,,,,,unknown,unknown,,,,,,0,0,0,0,,,,,,,,,BRCA2 p.R2336G,0,"criteria provided, single submitter",ClinVar,141563,clinvar,,,,,,,
hybrid,BRCA2,R,L,2336,19,23,4,1.2105263157894737,0.19105523676270922,437,1,0,4,17,19,23,29,2,4,4,6,6,10,4,0.333333,0.2,-0.133333,0.333333,0.2,-0.133333,0.5,1,5,4,19,23,4,19->23,1,0,1->0,0,1,0->1,174.2,131.18,-43.01999999999998,43.01999999999998,-4.5,3.8,8.3,8.3,1,0,-1,1,1,0,0,0->1,strong_hydrophilic,strong_hydrophobic,strong_hydrophilic->strong_hydrophobic,basic,hydrophobic,0,1->0,6,6,0,13.2906,,,,,,unknown,unknown,,,,,,0,0,0,0,,,6.238886982562311e-07,1.0,1602850.0,1.9173984737508147e-05,,,BRCA2 p.R2336L,1,"criteria provided, multiple submitters, no conflicts",ClinVar,52242,clinvar,13-32346896-G-T,ENST00000380152,missense_variant,gnomad_r4,GRCh38,,
hybrid,BRCA2,R,P,2336,19,17,2,0.8947368421052632,-0.11122563511022437,323,0,1,2,17,13,23,19,2,4,4,2,6,6,0,0.333333,0.333333,0.0,0.333333,-0.333333,-0.666666,0.333333,1,5,4,19,17,-2,19->17,1,1,1->1,0,0,0->0,174.2,115.13,-59.06999999999999,59.06999999999999,-4.5,-1.6,2.9,2.9,1,0,-1,1,1,0,0,0->1,strong_hydrophilic,mild_hydrophilic,strong_hydrophilic->mild_hydrophilic,basic,special,0,1->0,6,4,-2,8.3721,,,,,,unknown,unknown,,,,,,0,0,0,0,,,1.2477758395659735e-06,2.0,1602852.0,3.851486673856109e-05,,,BRCA2 p.R2336P,1,"criteria provided, multiple submitters, no conflicts",ClinVar,52241,clinvar,13-32346896-G-C,ENST00000380152,missense_variant,gnomad_r4,GRCh38,,
hybrid,BRCA2,R,T,2488,19,17,2,0.8947368421052632,-0.11122563511022437,323,0,1,2,17,13,23,19,2,4,4,2,6,6,0,0.333333,0.333333,0.0,0.333333,-0.333333,-0.666666,0.333333,1,5,4,19,17,-2,19->17,1,1,1->1,0,0,0->0,174.2,119.12,-55.079999999999984,55.079999999999984,-4.5,-0.7,3.8,3.8,1,0,-1,1,0,0,0,0->1,strong_hydrophilic,mild_hydrophilic,strong_hydrophilic->mild_hydrophilic,basic,polar,0,1->0,6,4,-2,7.9524,,,,,,unknown,unknown,,,,,,0,0,0,0,,,,,,,,,BRCA2 p.R2488T,0,"criteria provided, single submitter",ClinVar,1759029,clinvar,,,,,,,
hybrid,BRCA2,R,Q,2520,19,7,12,0.3684210526315789,-0.9985288301111273,133,0,1,12,17,5,23,11,2,2,4,4,6,6,0,0.333333,0.333333,0.0,0.333333,0.333333,0.0,2.0,1,1,0,19,7,-12,19->7,1,1,1->1,0,0,0->0,174.2,146.15,-28.049999999999983,28.049999999999983,-4.5,-3.5,1.0,1.0,1,0,-1,1,0,0,1,0->0,strong_hydrophilic,strong_hydrophilic,strong_hydrophilic->strong_hydrophilic,basic,polar,0,1->0,6,2,-4,4.3415,,,,,,unknown,unknown,,,,,,0,0,0,0,,,1.3630443968342677e-05,22.0,1614034.0,0.000179211469534,4.232098341397712,,BRCA2 p.R2520Q,0,"criteria provided, multiple submitters, no conflicts",ClinVar,96853,clinvar,13-32356551-G-A,ENST00000380152,missense_variant,gnomad_r4,GRCh38,urn:mavedb:00001224-a-1,Scores from arrayed screen of BRCA2 homology directed repair function in VC-8 cells
hybrid,BRCA2,R,T,2602,19,17,2,0.8947368421052632,-0.11122563511022437,323,0,1,2,17,13,23,19,2,4,4,2,6,6,0,0.333333,0.333333,0.0,0.333333,-0.333333,-0.666666,0.333333,1,5,4,19,17,-2,19->17,1,1,1->1,0,0,0->0,174.2,119.12,-55.079999999999984,55.079999999999984,-4.5,-0.7,3.8,3.8,1,0,-1,1,0,0,0,0->1,strong_hydrophilic,mild_hydrophilic,strong_hydrophilic->mild_hydrophilic,basic,polar,0,1->0,6,4,-2,7.9524,,,,,,unknown,unknown,,,,,,0,0,0,0,,,,,,,4.409915053723124,,BRCA2 p.R2602T,1,"criteria provided, single submitter",ClinVar,52415,clinvar,,,,,,urn:mavedb:00001224-a-1,Scores from arrayed screen of BRCA2 homology directed repair function in VC-8 cells
hybrid,BRCA2,R,K,2659,19,11,8,0.5789473684210527,-0.5465437063680699,209,0,1,8,17,7,23,13,2,4,4,2,6,6,0,0.333333,0.333333,0.0,0.333333,-0.333333,-0.666666,1.333333,1,5,4,19,11,-8,19->11,1,1,1->1,0,1,0->1,174.2,146.19,-28.00999999999999,28.00999999999999,-4.5,-3.9,0.6000000000000001,0.6000000000000001,1,1,0,0,0,0,1,0->0,strong_hydrophilic,strong_hydrophilic,strong_hydrophilic->strong_hydrophilic,basic,basic,1,1->1,6,2,-4,1.4403,,,,,,unknown,unknown,,,,,,0,0,0,0,,,6.195564223838301e-07,1.0,1614058.0,1.8728696108176948e-05,,,BRCA2 p.R2659K,1,"criteria provided, multiple submitters, no conflicts",ClinVar,38131,clinvar,13-32362693-G-A,ENST00000380152,missense_variant,gnomad_r4,GRCh38,,
hybrid,BRCA2,R,S,2659,19,17,2,0.8947368421052632,-0.11122563511022437,323,0,1,2,17,13,23,19,2,4,4,2,6,6,0,0.333333,0.333333,0.0,0.333333,-0.333333,-0.666666,0.333333,1,5,4,19,17,-2,19->17,1,1,1->1,0,0,0->0,174.2,105.09,-69.10999999999999,69.10999999999999,-4.5,-0.8,3.7,3.7,1,0,-1,1,0,0,1,0->0,strong_hydrophilic,mild_hydrophilic,strong_hydrophilic->mild_hydrophilic,basic,polar,0,1->0,6,6,0,8.2733,,,,,,unknown,unknown,,,,,,0,0,0,0,,,,,,,1.000826735166633,,BRCA2 p.R2659S,1,"criteria provided, single submitter",ClinVar,2586259,clinvar,,,,,,urn:mavedb:00001224-a-1,Scores from arrayed screen of BRCA2 homology directed repair function in VC-8 cells
hybrid,BRCA2,R,S,2668,19,17,2,0.8947368421052632,-0.11122563511022437,323,0,1,2,17,13,23,19,2,4,4,2,6,6,0,0.333333,0.333333,0.0,0.333333,-0.333333,-0.666666,0.333333,1,5,4,19,17,-2,19->17,1,1,1->1,0,0,0->0,174.2,105.09,-69.10999999999999,69.10999999999999,-4.5,-0.8,3.7,3.7,1,0,-1,1,0,0,1,0->0,strong_hydrophilic,mild_hydrophilic,strong_hydrophilic->mild_hydrophilic,basic,polar,0,1->0,6,6,0,8.2733,,,,,,unknown,unknown,,,,,,0,0,0,0,,,,,,,,,BRCA2 p.R2668S,0,"criteria provided, single submitter",ClinVar,827386,clinvar,,,,,,,
hybrid,BRCA2,R,W,2784,19,11,8,0.5789473684210527,-0.5465437063680699,209,0,1,8,17,7,23,13,2,4,4,2,6,6,0,0.333333,0.333333,0.0,0.333333,-0.333333,-0.666666,1.333333,1,5,4,19,11,-8,19->11,1,1,1->1,0,1,0->1,174.2,204.23,30.03,30.03,-4.5,-0.9,3.6,3.6,1,0,-1,1,1,1,1,0->0,strong_hydrophilic,mild_hydrophilic,strong_hydrophilic->mild_hydrophilic,basic,aromatic,0,1->0,6,1,-5,9.4009,,,,,,unknown,unknown,,,,,,0,0,0,0,,,4.957458806615729e-06,8.0,1613730.0,0.0034013605442176,1.349240423809681,,BRCA2 p.R2784W,1,"criteria provided, multiple submitters, no conflicts",ClinVar,38155,clinvar,13-32370420-C-T,ENST00000380152,missense_variant,gnomad_r4,GRCh38,urn:mavedb:00001224-a-1,Scores from arrayed screen of BRCA2 homology directed repair function in VC-8 cells
hybrid,BRCA2,R,L,2787,19,23,4,1.2105263157894737,0.19105523676270922,437,1,0,4,17,19,23,29,2,4,4,6,6,10,4,0.333333,0.2,-0.133333,0.333333,0.2,-0.133333,0.5,1,5,4,19,23,4,19->23,1,0,1->0,0,1,0->1,174.2,131.18,-43.01999999999998,43.01999999999998,-4.5,3.8,8.3,8.3,1,0,-1,1,1,0,0,0->1,strong_hydrophilic,strong_hydrophobic,strong_hydrophilic->strong_hydrophobic,basic,hydrophobic,0,1->0,6,6,0,13.2906,,,,,,unknown,unknown,,,,,,0,0,0,0,,,6.196593113106414e-07,1.0,1613790.0,1.6557936218829686e-05,,,BRCA2 p.R2787L,0,"criteria provided, single submitter",ClinVar,1763091,clinvar,13-32370430-G-T,ENST00000380152,missense_variant,gnomad_r4,GRCh38,,
hybrid,BRCA2,R,G,2799,19,13,6,0.6842105263157895,-0.3794896217049037,247,0,1,6,17,11,23,17,2,2,4,4,6,6,0,0.333333,0.333333,0.0,0.333333,0.333333,0.0,1.0,1,1,0,19,13,-6,19->13,1,1,1->1,0,0,0->0,174.2,75.07,-99.13,99.13,-4.5,-0.4,4.1,4.1,1,0,-1,1,1,0,0,0->1,strong_hydrophilic,mild_hydrophilic,strong_hydrophilic->mild_hydrophilic,basic,small_nonpolar,0,1->0,6,4,-2,10.7739,,,,,,unknown,unknown,,,,,,0,0,0,0,,,,,,,,,BRCA2 p.R2799G,0,"criteria provided, single submitter",ClinVar,2565978,clinvar,,,,,,,
hybrid,BRCA2,R,S,2799,19,17,2,0.8947368421052632,-0.11122563511022437,323,0,1,2,17,13,23,19,2,4,4,2,6,6,0,0.333333,0.333333,0.0,0.333333,-0.333333,-0.666666,0.333333,1,5,4,19,17,-2,19->17,1,1,1->1,0,0,0->0,174.2,105.09,-69.10999999999999,69.10999999999999,-4.5,-0.8,3.7,3.7,1,0,-1,1,0,0,1,0->0,strong_hydrophilic,mild_hydrophilic,strong_hydrophilic->mild_hydrophilic,basic,polar,0,1->0,6,6,0,8.2733,,,,,,unknown,unknown,,,,,,0,0,0,0,,,,,,,,,BRCA2 p.R2799S,0,"criteria provided, single submitter",ClinVar,3261638,clinvar,,,,,,,
hybrid,BRCA2,R,K,2824,19,11,8,0.5789473684210527,-0.5465437063680699,209,0,1,8,17,7,23,13,2,4,4,2,6,6,0,0.333333,0.333333,0.0,0.333333,-0.333333,-0.666666,1.333333,1,5,4,19,11,-8,19->11,1,1,1->1,0,1,0->1,174.2,146.19,-28.00999999999999,28.00999999999999,-4.5,-3.9,0.6000000000000001,0.6000000000000001,1,1,0,0,0,0,1,0->0,strong_hydrophilic,strong_hydrophilic,strong_hydrophilic->strong_hydrophilic,basic,basic,1,1->1,6,2,-4,1.4403,,,,,,unknown,unknown,,,,,,0,0,0,0,,,6.198298443111397e-07,1.0,1613346.0,8.998664598173631e-07,,,BRCA2 p.R2824K,0,"criteria provided, single submitter",ClinVar,1763512,clinvar,13-32370541-G-A,ENST00000380152,missense_variant,gnomad_r4,GRCh38,,
hybrid,BRCA2,R,S,2888,19,17,2,0.8947368421052632,-0.11122563511022437,323,0,1,2,17,13,23,19,2,4,4,2,6,6,0,0.333333,0.333333,0.0,0.333333,-0.333333,-0.666666,0.333333,1,5,4,19,17,-2,19->17,1,1,1->1,0,0,0->0,174.2,105.09,-69.10999999999999,69.10999999999999,-4.5,-0.8,3.7,3.7,1,0,-1,1,0,0,1,0->0,strong_hydrophilic,mild_hydrophilic,strong_hydrophilic->mild_hydrophilic,basic,polar,0,1->0,6,6,0,8.2733,,,,,,unknown,unknown,,,,,,0,0,0,0,,,,,,,,,BRCA2 p.R2888S,0,"criteria provided, single submitter",ClinVar,3992776,clinvar,,,,,,,
hybrid,BRCA2,R,H,2991,19,13,6,0.6842105263157895,-0.3794896217049037,247,0,1,6,17,11,23,17,2,2,4,4,6,6,0,0.333333,0.333333,0.0,0.333333,0.333333,0.0,1.0,1,1,0,19,13,-6,19->13,1,1,1->1,0,0,0->0,174.2,155.16,-19.039999999999992,19.039999999999992,-4.5,-3.2,1.2999999999999998,1.2999999999999998,1,1,0,0,0,1,1,0->0,strong_hydrophilic,strong_hydrophilic,strong_hydrophilic->strong_hydrophilic,basic,basic,1,1->1,6,2,-4,3.0712,,,,,,unknown,unknown,,,,,,0,0,0,0,,,3.846884085936909e-05,62.0,1611694.0,0.0003354203935599,3.8974410791643295,,BRCA2 p.R2991H,0,"criteria provided, multiple submitters, no conflicts",ClinVar,38200,clinvar,13-32379768-G-A,ENST00000380152,missense_variant,gnomad_r4,GRCh38,urn:mavedb:00001224-a-1,Scores from arrayed screen of BRCA2 homology directed repair function in VC-8 cells
hybrid,BRCA2,R,L,3052,19,23,4,1.2105263157894737,0.19105523676270922,437,1,0,4,17,19,23,29,2,4,4,6,6,10,4,0.333333,0.2,-0.133333,0.333333,0.2,-0.133333,0.5,1,5,4,19,23,4,19->23,1,0,1->0,0,1,0->1,174.2,131.18,-43.01999999999998,43.01999999999998,-4.5,3.8,8.3,8.3,1,0,-1,1,1,0,0,0->1,strong_hydrophilic,strong_hydrophobic,strong_hydrophilic->strong_hydrophobic,basic,hydrophobic,0,1->0,6,6,0,13.2906,,,,,,unknown,unknown,,,,,,0,0,0,0,,,,,,,1.040084600291877,,BRCA2 p.R3052L,1,"criteria provided, multiple submitters, no conflicts",ClinVar,462517,clinvar,,,,,,urn:mavedb:00001224-a-1,Scores from arrayed screen of BRCA2 homology directed repair function in VC-8 cells
hybrid,BRCA2,R,C,3385,19,5,14,0.2631578947368421,-1.3350010667323402,95,0,1,14,17,3,23,7,2,2,4,2,6,4,-2,0.333333,0.5,0.166667,0.333333,0.0,-0.333333,2.8,1,5,4,19,5,-14,19->5,1,1,1->1,0,1,0->1,174.2,121.16,-53.03999999999999,53.03999999999999,-4.5,2.5,7.0,7.0,1,0,-1,1,0,0,1,0->0,strong_hydrophilic,strong_hydrophobic,strong_hydrophilic->strong_hydrophobic,basic,special,0,1->0,6,2,-4,11.0912,,,,,,unknown,unknown,,,,,,0,0,0,0,,,1.4869833197646104e-05,24.0,1614006.0,0.000115933964014,,,BRCA2 p.R3385C,0,"criteria provided, multiple submitters, no conflicts",ClinVar,37721,clinvar,13-32398666-C-T,ENST00000380152,missense_variant,gnomad_r4,GRCh38,,
hybrid,BRCA2,R,S,841,19,17,2,0.8947368421052632,-0.11122563511022437,323,0,1,2,17,13,23,19,2,4,4,2,6,6,0,0.333333,0.333333,0.0,0.333333,-0.333333,-0.666666,0.333333,1,5,4,19,17,-2,19->17,1,1,1->1,0,0,0->0,174.2,105.09,-69.10999999999999,69.10999999999999,-4.5,-0.8,3.7,3.7,1,0,-1,1,0,0,1,0->0,strong_hydrophilic,mild_hydrophilic,strong_hydrophilic->mild_hydrophilic,basic,polar,0,1->0,6,6,0,8.2733,,,,,,unknown,unknown,,,,,,0,0,0,0,,,,,,,,,BRCA2 p.R841S,0,"criteria provided, multiple submitters, no conflicts",ClinVar,1792567,clinvar,,,,,,,
hybrid,BRCA2,N,Y,1098,7,17,10,2.4285714285714284,0.8873031950009027,119,1,0,10,5,13,11,19,2,4,4,2,6,6,0,0.333333,0.333333,0.0,0.333333,-0.333333,-0.666666,1.666667,1,5,4,7,17,10,7->17,1,1,1->1,0,0,0->0,132.12,181.19,49.06999999999999,49.06999999999999,-3.5,-1.3,2.2,2.2,0,0,0,0,0,1,0,0->1,strong_hydrophilic,mild_hydrophilic,strong_hydrophilic->mild_hydrophilic,polar,aromatic,0,0->0,2,2,0,5.8721,,,,,,unknown,unknown,,,,,,0,0,0,0,,,,,,,,,BRCA2 p.N1098Y,0,"criteria provided, single submitter",ClinVar,1174597,clinvar,,,,,,,
hybrid,BRCA2,N,S,1201,7,17,10,2.4285714285714284,0.8873031950009027,119,1,0,10,5,13,11,19,2,4,4,2,6,6,0,0.333333,0.333333,0.0,0.333333,-0.333333,-0.666666,1.666667,1,5,4,7,17,10,7->17,1,1,1->1,0,0,0->0,132.12,105.09,-27.03,27.03,-3.5,-0.8,2.7,2.7,0,0,0,0,0,0,1,0->0,strong_hydrophilic,mild_hydrophilic,strong_hydrophilic->mild_hydrophilic,polar,polar,1,0->0,2,6,4,3.5109,,,,,,unknown,unknown,,,,,,0,0,0,0,,,,,,,,,BRCA2 p.N1201S,0,"criteria provided, single submitter",ClinVar,3261607,clinvar,,,,,,,
hybrid,BRCA2,N,D,1288,7,11,4,1.5714285714285714,0.4519851237430572,77,1,0,4,5,7,11,13,2,4,4,2,6,6,0,0.333333,0.333333,0.0,0.333333,-0.333333,-0.666666,0.666667,1,5,4,7,11,4,7->11,1,1,1->1,0,1,0->1,132.12,133.1,0.9799999999999898,0.9799999999999898,-3.5,-3.5,0.0,0.0,0,-1,-1,1,0,0,1,0->0,strong_hydrophilic,strong_hydrophilic,strong_hydrophilic->strong_hydrophilic,polar,acidic,0,0->-1,2,2,0,2.5294,,,,,,unknown,unknown,,,,,,0,0,0,0,,,,,,,,,BRCA2 p.N1288D,0,"criteria provided, single submitter",ClinVar,3825377,clinvar,,,,,,,
hybrid,BRCA2,N,H,1296,7,13,6,1.8571428571428572,0.6190392084062235,91,1,0,6,5,11,11,17,2,2,4,4,6,6,0,0.333333,0.333333,0.0,0.333333,0.333333,0.0,1.0,1,1,0,7,13,6,7->13,1,1,1->1,0,0,0->0,132.12,155.16,23.039999999999992,23.039999999999992,-3.5,-3.2,0.2999999999999998,0.2999999999999998,0,1,1,1,0,1,1,0->0,strong_hydrophilic,strong_hydrophilic,strong_hydrophilic->strong_hydrophilic,polar,basic,0,0->1,2,2,0,4.6912,,,,,,unknown,unknown,,,,,,0,0,0,0,,,,,,,,,BRCA2 p.N1296H,0,"criteria provided, single submitter",ClinVar,3482156,clinvar,,,,,,,
hybrid,BRCA2,N,H,1363,7,13,6,1.8571428571428572,0.6190392084062235,91,1,0,6,5,11,11,17,2,2,4,4,6,6,0,0.333333,0.333333,0.0,0.333333,0.333333,0.0,1.0,1,1,0,7,13,6,7->13,1,1,1->1,0,0,0->0,132.12,155.16,23.039999999999992,23.039999999999992,-3.5,-3.2,0.2999999999999998,0.2999999999999998,0,1,1,1,0,1,1,0->0,strong_hydrophilic,strong_hydrophilic,strong_hydrophilic->strong_hydrophilic,polar,basic,0,0->1,2,2,0,4.6912,,,,,,unknown,unknown,,,,,,0,0,0,0,,,,,,,,,BRCA2 p.N1363H,0,"criteria provided, multiple submitters, no conflicts",ClinVar,1737670,clinvar,,,,,,,
hybrid,BRCA2,N,I,1377,7,17,10,2.4285714285714284,0.8873031950009027,119,1,0,10,5,13,11,19,2,4,4,2,6,6,0,0.333333,0.333333,0.0,0.333333,-0.333333,-0.666666,1.666667,1,5,4,7,17,10,7->17,1,1,1->1,0,0,0->0,132.12,131.18,-0.9399999999999977,0.9399999999999977,-3.5,4.5,8.0,8.0,0,0,0,0,1,0,0,0->1,strong_hydrophilic,strong_hydrophobic,strong_hydrophilic->strong_hydrophobic,polar,hydrophobic,0,0->0,2,3,1,10.2282,,,,,,unknown,unknown,,,,,,0,0,0,0,,,,,,,,,BRCA2 p.N1377I,0,"criteria provided, single submitter",ClinVar,1285184,clinvar,,,,,,,
hybrid,BRCA2,N,S,1473,7,17,10,2.4285714285714284,0.8873031950009027,119,1,0,10,5,13,11,19,2,4,4,2,6,6,0,0.333333,0.333333,0.0,0.333333,-0.333333,-0.666666,1.666667,1,5,4,7,17,10,7->17,1,1,1->1,0,0,0->0,132.12,105.09,-27.03,27.03,-3.5,-0.8,2.7,2.7,0,0,0,0,0,0,1,0->0,strong_hydrophilic,mild_hydrophilic,strong_hydrophilic->mild_hydrophilic,polar,polar,1,0->0,2,6,4,3.5109,,,,,,unknown,unknown,,,,,,0,0,0,0,,,6.204851946027716e-07,1.0,1611642.0,1.4701990649533946e-05,,,BRCA2 p.N1473S,0,"criteria provided, single submitter",ClinVar,3992878,clinvar,13-32338773-A-G,ENST00000380152,missense_variant,gnomad_r4,GRCh38,,
hybrid,BRCA2,N,K,1603,7,11,4,1.5714285714285714,0.4519851237430572,77,1,0,4,5,7,11,13,2,4,4,2,6,6,0,0.333333,0.333333,0.0,0.333333,-0.333333,-0.666666,0.666667,1,5,4,7,11,4,7->11,1,1,1->1,0,1,0->1,132.12,146.19,14.069999999999993,14.069999999999993,-3.5,-3.9,-0.3999999999999999,0.3999999999999999,0,1,1,1,0,0,1,0->0,strong_hydrophilic,strong_hydrophilic,strong_hydrophilic->strong_hydrophilic,polar,basic,0,0->1,2,2,0,3.3221,,,,,,unknown,unknown,,,,,,0,0,0,0,,,,,,,,,BRCA2 p.N1603K,0,"criteria provided, multiple submitters, no conflicts",ClinVar,1743239,clinvar,,,,,,,
hybrid,BRCA2,N,D,1718,7,11,4,1.5714285714285714,0.4519851237430572,77,1,0,4,5,7,11,13,2,4,4,2,6,6,0,0.333333,0.333333,0.0,0.333333,-0.333333,-0.666666,0.666667,1,5,4,7,11,4,7->11,1,1,1->1,0,1,0->1,132.12,133.1,0.9799999999999898,0.9799999999999898,-3.5,-3.5,0.0,0.0,0,-1,-1,1,0,0,1,0->0,strong_hydrophilic,strong_hydrophilic,strong_hydrophilic->strong_hydrophilic,polar,acidic,0,0->-1,2,2,0,2.5294,,,,,,unknown,unknown,,,,,,0,0,0,0,,,,,,,,,BRCA2 p.N1718D,0,"criteria provided, single submitter",ClinVar,3227222,clinvar,,,,,,,
hybrid,BRCA2,N,S,1747,7,17,10,2.4285714285714284,0.8873031950009027,119,1,0,10,5,13,11,19,2,4,4,2,6,6,0,0.333333,0.333333,0.0,0.333333,-0.333333,-0.666666,1.666667,1,5,4,7,17,10,7->17,1,1,1->1,0,0,0->0,132.12,105.09,-27.03,27.03,-3.5,-0.8,2.7,2.7,0,0,0,0,0,0,1,0->0,strong_hydrophilic,mild_hydrophilic,strong_hydrophilic->mild_hydrophilic,polar,polar,1,0->0,2,6,4,3.5109,,,,,,unknown,unknown,,,,,,0,0,0,0,,,,,,,,,BRCA2 p.N1747S,0,"criteria provided, single submitter",ClinVar,3992817,clinvar,,,,,,,
hybrid,BRCA2,N,K,1766,7,11,4,1.5714285714285714,0.4519851237430572,77,1,0,4,5,7,11,13,2,4,4,2,6,6,0,0.333333,0.333333,0.0,0.333333,-0.333333,-0.666666,0.666667,1,5,4,7,11,4,7->11,1,1,1->1,0,1,0->1,132.12,146.19,14.069999999999993,14.069999999999993,-3.5,-3.9,-0.3999999999999999,0.3999999999999999,0,1,1,1,0,0,1,0->0,strong_hydrophilic,strong_hydrophilic,strong_hydrophilic->strong_hydrophilic,polar,basic,0,0->1,2,2,0,3.3221,,,,,,unknown,unknown,,,,,,0,0,0,0,,,,,,,,,BRCA2 p.N1766K,0,"criteria provided, single submitter",ClinVar,267224,clinvar,,,,,,,
hybrid,BRCA2,N,K,1778,7,11,4,1.5714285714285714,0.4519851237430572,77,1,0,4,5,7,11,13,2,4,4,2,6,6,0,0.333333,0.333333,0.0,0.333333,-0.333333,-0.666666,0.666667,1,5,4,7,11,4,7->11,1,1,1->1,0,1,0->1,132.12,146.19,14.069999999999993,14.069999999999993,-3.5,-3.9,-0.3999999999999999,0.3999999999999999,0,1,1,1,0,0,1,0->0,strong_hydrophilic,strong_hydrophilic,strong_hydrophilic->strong_hydrophilic,polar,basic,0,0->1,2,2,0,3.3221,,,,,,unknown,unknown,,,,,,0,0,0,0,,,,,,,,,BRCA2 p.N1778K,0,"criteria provided, single submitter",ClinVar,1050653,clinvar,,,,,,,
hybrid,BRCA2,N,D,1805,7,11,4,1.5714285714285714,0.4519851237430572,77,1,0,4,5,7,11,13,2,4,4,2,6,6,0,0.333333,0.333333,0.0,0.333333,-0.333333,-0.666666,0.666667,1,5,4,7,11,4,7->11,1,1,1->1,0,1,0->1,132.12,133.1,0.9799999999999898,0.9799999999999898,-3.5,-3.5,0.0,0.0,0,-1,-1,1,0,0,1,0->0,strong_hydrophilic,strong_hydrophilic,strong_hydrophilic->strong_hydrophilic,polar,acidic,0,0->-1,2,2,0,2.5294,,,,,,unknown,unknown,,,,,,0,0,0,0,,,,,,,,,BRCA2 p.N1805D,0,"criteria provided, single submitter",ClinVar,433794,clinvar,,,,,,,
hybrid,BRCA2,N,I,1935,7,17,10,2.4285714285714284,0.8873031950009027,119,1,0,10,5,13,11,19,2,4,4,2,6,6,0,0.333333,0.333333,0.0,0.333333,-0.333333,-0.666666,1.666667,1,5,4,7,17,10,7->17,1,1,1->1,0,0,0->0,132.12,131.18,-0.9399999999999977,0.9399999999999977,-3.5,4.5,8.0,8.0,0,0,0,0,1,0,0,0->1,strong_hydrophilic,strong_hydrophobic,strong_hydrophilic->strong_hydrophobic,polar,hydrophobic,0,0->0,2,3,1,10.2282,,,,,,unknown,unknown,,,,,,0,0,0,0,,,,,,,,,BRCA2 p.N1935I,0,"criteria provided, single submitter",ClinVar,4215287,clinvar,,,,,,,
hybrid,BRCA2,N,S,213,7,17,10,2.4285714285714284,0.8873031950009027,119,1,0,10,5,13,11,19,2,4,4,2,6,6,0,0.333333,0.333333,0.0,0.333333,-0.333333,-0.666666,1.666667,1,5,4,7,17,10,7->17,1,1,1->1,0,0,0->0,132.12,105.09,-27.03,27.03,-3.5,-0.8,2.7,2.7,0,0,0,0,0,0,1,0->0,strong_hydrophilic,mild_hydrophilic,strong_hydrophilic->mild_hydrophilic,polar,polar,1,0->0,2,6,4,3.5109,,,,,,unknown,unknown,,,,,,0,0,0,0,,,,,,,,,BRCA2 p.N213S,0,"criteria provided, single submitter",ClinVar,3482150,clinvar,,,,,,,
hybrid,BRCA2,N,S,2288,7,17,10,2.4285714285714284,0.8873031950009027,119,1,0,10,5,13,11,19,2,4,4,2,6,6,0,0.333333,0.333333,0.0,0.333333,-0.333333,-0.666666,1.666667,1,5,4,7,17,10,7->17,1,1,1->1,0,0,0->0,132.12,105.09,-27.03,27.03,-3.5,-0.8,2.7,2.7,0,0,0,0,0,0,1,0->0,strong_hydrophilic,mild_hydrophilic,strong_hydrophilic->mild_hydrophilic,polar,polar,1,0->0,2,6,4,3.5109,,,,,,unknown,unknown,,,,,,0,0,0,0,,,,,,,,,BRCA2 p.N2288S,0,"criteria provided, single submitter",ClinVar,1755849,clinvar,,,,,,,
hybrid,BRCA2,N,H,235,7,13,6,1.8571428571428572,0.6190392084062235,91,1,0,6,5,11,11,17,2,2,4,4,6,6,0,0.333333,0.333333,0.0,0.333333,0.333333,0.0,1.0,1,1,0,7,13,6,7->13,1,1,1->1,0,0,0->0,132.12,155.16,23.039999999999992,23.039999999999992,-3.5,-3.2,0.2999999999999998,0.2999999999999998,0,1,1,1,0,1,1,0->0,strong_hydrophilic,strong_hydrophilic,strong_hydrophilic->strong_hydrophilic,polar,basic,0,0->1,2,2,0,4.6912,,,,,,unknown,unknown,,,,,,0,0,0,0,,,,,,,,,BRCA2 p.N235H,0,"criteria provided, single submitter",ClinVar,4683788,clinvar,,,,,,,
hybrid,BRCA2,N,I,2374,7,17,10,2.4285714285714284,0.8873031950009027,119,1,0,10,5,13,11,19,2,4,4,2,6,6,0,0.333333,0.333333,0.0,0.333333,-0.333333,-0.666666,1.666667,1,5,4,7,17,10,7->17,1,1,1->1,0,0,0->0,132.12,131.18,-0.9399999999999977,0.9399999999999977,-3.5,4.5,8.0,8.0,0,0,0,0,1,0,0,0->1,strong_hydrophilic,strong_hydrophobic,strong_hydrophilic->strong_hydrophobic,polar,hydrophobic,0,0->0,2,3,1,10.2282,,,,,,unknown,unknown,,,,,,0,0,0,0,,,,,,,,,BRCA2 p.N2374I,0,"criteria provided, single submitter",ClinVar,3774432,clinvar,,,,,,,
hybrid,BRCA2,N,Y,2452,7,17,10,2.4285714285714284,0.8873031950009027,119,1,0,10,5,13,11,19,2,4,4,2,6,6,0,0.333333,0.333333,0.0,0.333333,-0.333333,-0.666666,1.666667,1,5,4,7,17,10,7->17,1,1,1->1,0,0,0->0,132.12,181.19,49.06999999999999,49.06999999999999,-3.5,-1.3,2.2,2.2,0,0,0,0,0,1,0,0->1,strong_hydrophilic,mild_hydrophilic,strong_hydrophilic->mild_hydrophilic,polar,aromatic,0,0->0,2,2,0,5.8721,,,,,,unknown,unknown,,,,,,0,0,0,0,,,,,,,,,BRCA2 p.N2452Y,0,"criteria provided, single submitter",ClinVar,3228404,clinvar,,,,,,,
hybrid,BRCA2,N,K,289,7,11,4,1.5714285714285714,0.4519851237430572,77,1,0,4,5,7,11,13,2,4,4,2,6,6,0,0.333333,0.333333,0.0,0.333333,-0.333333,-0.666666,0.666667,1,5,4,7,11,4,7->11,1,1,1->1,0,1,0->1,132.12,146.19,14.069999999999993,14.069999999999993,-3.5,-3.9,-0.3999999999999999,0.3999999999999999,0,1,1,1,0,0,1,0->0,strong_hydrophilic,strong_hydrophilic,strong_hydrophilic->strong_hydrophilic,polar,basic,0,0->1,2,2,0,3.3221,,,,,,unknown,unknown,,,,,,0,0,0,0,,,,,,,,,BRCA2 p.N289K,0,"criteria provided, single submitter",ClinVar,4215289,clinvar,,,,,,,
hybrid,BRCA2,N,D,2910,7,11,4,1.5714285714285714,0.4519851237430572,77,1,0,4,5,7,11,13,2,4,4,2,6,6,0,0.333333,0.333333,0.0,0.333333,-0.333333,-0.666666,0.666667,1,5,4,7,11,4,7->11,1,1,1->1,0,1,0->1,132.12,133.1,0.9799999999999898,0.9799999999999898,-3.5,-3.5,0.0,0.0,0,-1,-1,1,0,0,1,0->0,strong_hydrophilic,strong_hydrophilic,strong_hydrophilic->strong_hydrophilic,polar,acidic,0,0->-1,2,2,0,2.5294,,,,,,unknown,unknown,,,,,,0,0,0,0,,,6.195134341488195e-07,1.0,1614170.0,8.992821929535844e-07,,,BRCA2 p.N2910D,0,"criteria provided, single submitter",ClinVar,1764459,clinvar,13-32376765-A-G,ENST00000380152,missense_variant,gnomad_r4,GRCh38,,
hybrid,BRCA2,N,S,2910,7,17,10,2.4285714285714284,0.8873031950009027,119,1,0,10,5,13,11,19,2,4,4,2,6,6,0,0.333333,0.333333,0.0,0.333333,-0.333333,-0.666666,1.666667,1,5,4,7,17,10,7->17,1,1,1->1,0,0,0->0,132.12,105.09,-27.03,27.03,-3.5,-0.8,2.7,2.7,0,0,0,0,0,0,1,0->0,strong_hydrophilic,mild_hydrophilic,strong_hydrophilic->mild_hydrophilic,polar,polar,1,0->0,2,6,4,3.5109,,,,,,unknown,unknown,,,,,,0,0,0,0,,,,,,,,,BRCA2 p.N2910S,0,"criteria provided, single submitter",ClinVar,4629423,clinvar,,,,,,,
hybrid,BRCA2,N,T,2931,7,17,10,2.4285714285714284,0.8873031950009027,119,1,0,10,5,13,11,19,2,4,4,2,6,6,0,0.333333,0.333333,0.0,0.333333,-0.333333,-0.666666,1.666667,1,5,4,7,17,10,7->17,1,1,1->1,0,0,0->0,132.12,119.12,-13.0,13.0,-3.5,-0.7,2.8,2.8,0,0,0,0,0,0,0,0->1,strong_hydrophilic,mild_hydrophilic,strong_hydrophilic->mild_hydrophilic,polar,polar,1,0->0,2,4,2,3.19,,,,,,unknown,unknown,,,,,,0,0,0,0,,,,,,,,,BRCA2 p.N2931T,0,"criteria provided, single submitter",ClinVar,4215927,clinvar,,,,,,,
hybrid,BRCA2,N,T,2937,7,17,10,2.4285714285714284,0.8873031950009027,119,1,0,10,5,13,11,19,2,4,4,2,6,6,0,0.333333,0.333333,0.0,0.333333,-0.333333,-0.666666,1.666667,1,5,4,7,17,10,7->17,1,1,1->1,0,0,0->0,132.12,119.12,-13.0,13.0,-3.5,-0.7,2.8,2.8,0,0,0,0,0,0,0,0->1,strong_hydrophilic,mild_hydrophilic,strong_hydrophilic->mild_hydrophilic,polar,polar,1,0->0,2,4,2,3.19,,,,,,unknown,unknown,,,,,,0,0,0,0,,,,,,,,,BRCA2 p.N2937T,0,"criteria provided, single submitter",ClinVar,3261637,clinvar,,,,,,,
hybrid,BRCA2,N,D,3024,7,11,4,1.5714285714285714,0.4519851237430572,77,1,0,4,5,7,11,13,2,4,4,2,6,6,0,0.333333,0.333333,0.0,0.333333,-0.333333,-0.666666,0.666667,1,5,4,7,11,4,7->11,1,1,1->1,0,1,0->1,132.12,133.1,0.9799999999999898,0.9799999999999898,-3.5,-3.5,0.0,0.0,0,-1,-1,1,0,0,1,0->0,strong_hydrophilic,strong_hydrophilic,strong_hydrophilic->strong_hydrophilic,polar,acidic,0,0->-1,2,2,0,2.5294,,,,,,unknown,unknown,,,,,,0,0,0,0,,,,,,,,,BRCA2 p.N3024D,0,"criteria provided, single submitter",ClinVar,483008,clinvar,,,,,,,
hybrid,BRCA2,N,H,3124,7,13,6,1.8571428571428572,0.6190392084062235,91,1,0,6,5,11,11,17,2,2,4,4,6,6,0,0.333333,0.333333,0.0,0.333333,0.333333,0.0,1.0,1,1,0,7,13,6,7->13,1,1,1->1,0,0,0->0,132.12,155.16,23.039999999999992,23.039999999999992,-3.5,-3.2,0.2999999999999998,0.2999999999999998,0,1,1,1,0,1,1,0->0,strong_hydrophilic,strong_hydrophilic,strong_hydrophilic->strong_hydrophilic,polar,basic,0,0->1,2,2,0,4.6912,,,,,,unknown,unknown,,,,,,0,0,0,0,,,,,,,3.951850258383839,,BRCA2 p.N3124H,0,"criteria provided, single submitter",ClinVar,823194,clinvar,,,,,,urn:mavedb:00001224-a-1,Scores from arrayed screen of BRCA2 homology directed repair function in VC-8 cells
hybrid,BRCA2,N,K,3174,7,11,4,1.5714285714285714,0.4519851237430572,77,1,0,4,5,7,11,13,2,4,4,2,6,6,0,0.333333,0.333333,0.0,0.333333,-0.333333,-0.666666,0.666667,1,5,4,7,11,4,7->11,1,1,1->1,0,1,0->1,132.12,146.19,14.069999999999993,14.069999999999993,-3.5,-3.9,-0.3999999999999999,0.3999999999999999,0,1,1,1,0,0,1,0->0,strong_hydrophilic,strong_hydrophilic,strong_hydrophilic->strong_hydrophilic,polar,basic,0,0->1,2,2,0,3.3221,,,,,,unknown,unknown,,,,,,0,0,0,0,,,,,,,,,BRCA2 p.N3174K,0,"criteria provided, single submitter",ClinVar,38245,clinvar,,,,,,,
hybrid,BRCA2,N,K,3187,7,11,4,1.5714285714285714,0.4519851237430572,77,1,0,4,5,7,11,13,2,4,4,2,6,6,0,0.333333,0.333333,0.0,0.333333,-0.333333,-0.666666,0.666667,1,5,4,7,11,4,7->11,1,1,1->1,0,1,0->1,132.12,146.19,14.069999999999993,14.069999999999993,-3.5,-3.9,-0.3999999999999999,0.3999999999999999,0,1,1,1,0,0,1,0->0,strong_hydrophilic,strong_hydrophilic,strong_hydrophilic->strong_hydrophilic,polar,basic,0,0->1,2,2,0,3.3221,,,,,,unknown,unknown,,,,,,0,0,0,0,,,,,,,4.60307051218178,,BRCA2 p.N3187K,0,"criteria provided, single submitter",ClinVar,142647,clinvar,,,,,,urn:mavedb:00001224-a-1,Scores from arrayed screen of BRCA2 homology directed repair function in VC-8 cells
hybrid,BRCA2,N,D,3337,7,11,4,1.5714285714285714,0.4519851237430572,77,1,0,4,5,7,11,13,2,4,4,2,6,6,0,0.333333,0.333333,0.0,0.333333,-0.333333,-0.666666,0.666667,1,5,4,7,11,4,7->11,1,1,1->1,0,1,0->1,132.12,133.1,0.9799999999999898,0.9799999999999898,-3.5,-3.5,0.0,0.0,0,-1,-1,1,0,0,1,0->0,strong_hydrophilic,strong_hydrophilic,strong_hydrophilic->strong_hydrophilic,polar,acidic,0,0->-1,2,2,0,2.5294,,,,,,unknown,unknown,,,,,,0,0,0,0,,,,,,,,,BRCA2 p.N3337D,0,"criteria provided, single submitter",ClinVar,479287,clinvar,,,,,,,
hybrid,BRCA2,N,D,3348,7,11,4,1.5714285714285714,0.4519851237430572,77,1,0,4,5,7,11,13,2,4,4,2,6,6,0,0.333333,0.333333,0.0,0.333333,-0.333333,-0.666666,0.666667,1,5,4,7,11,4,7->11,1,1,1->1,0,1,0->1,132.12,133.1,0.9799999999999898,0.9799999999999898,-3.5,-3.5,0.0,0.0,0,-1,-1,1,0,0,1,0->0,strong_hydrophilic,strong_hydrophilic,strong_hydrophilic->strong_hydrophilic,polar,acidic,0,0->-1,2,2,0,2.5294,,,,,,unknown,unknown,,,,,,0,0,0,0,,,,,,,,,BRCA2 p.N3348D,0,"criteria provided, single submitter",ClinVar,3992795,clinvar,,,,,,,
hybrid,BRCA2,N,D,361,7,11,4,1.5714285714285714,0.4519851237430572,77,1,0,4,5,7,11,13,2,4,4,2,6,6,0,0.333333,0.333333,0.0,0.333333,-0.333333,-0.666666,0.666667,1,5,4,7,11,4,7->11,1,1,1->1,0,1,0->1,132.12,133.1,0.9799999999999898,0.9799999999999898,-3.5,-3.5,0.0,0.0,0,-1,-1,1,0,0,1,0->0,strong_hydrophilic,strong_hydrophilic,strong_hydrophilic->strong_hydrophilic,polar,acidic,0,0->-1,2,2,0,2.5294,,,,,,unknown,unknown,,,,,,0,0,0,0,,,1.240143955910402e-06,2.0,1612716.0,3.8349440098174566e-05,,,BRCA2 p.N361D,0,"criteria provided, single submitter",ClinVar,3261535,clinvar,13-32332559-A-G,ENST00000380152,missense_variant,gnomad_r4,GRCh38,,
hybrid,BRCA2,N,S,369,7,17,10,2.4285714285714284,0.8873031950009027,119,1,0,10,5,13,11,19,2,4,4,2,6,6,0,0.333333,0.333333,0.0,0.333333,-0.333333,-0.666666,1.666667,1,5,4,7,17,10,7->17,1,1,1->1,0,0,0->0,132.12,105.09,-27.03,27.03,-3.5,-0.8,2.7,2.7,0,0,0,0,0,0,1,0->0,strong_hydrophilic,mild_hydrophilic,strong_hydrophilic->mild_hydrophilic,polar,polar,1,0->0,2,6,4,3.5109,,,,,,unknown,unknown,,,,,,0,0,0,0,,,,,,,,,BRCA2 p.N369S,0,"criteria provided, single submitter",ClinVar,3256252,clinvar,,,,,,,
hybrid,BRCA2,N,K,433,7,11,4,1.5714285714285714,0.4519851237430572,77,1,0,4,5,7,11,13,2,4,4,2,6,6,0,0.333333,0.333333,0.0,0.333333,-0.333333,-0.666666,0.666667,1,5,4,7,11,4,7->11,1,1,1->1,0,1,0->1,132.12,146.19,14.069999999999993,14.069999999999993,-3.5,-3.9,-0.3999999999999999,0.3999999999999999,0,1,1,1,0,0,1,0->0,strong_hydrophilic,strong_hydrophilic,strong_hydrophilic->strong_hydrophilic,polar,basic,0,0->1,2,2,0,3.3221,,,,,,unknown,unknown,,,,,,0,0,0,0,,,1.2440379481335698e-06,2.0,1607668.0,0.0002075550020755,,,BRCA2 p.N433K,0,"criteria provided, single submitter",ClinVar,3261604,clinvar,13-32332777-C-A,ENST00000380152,missense_variant,gnomad_r4,GRCh38,,
hybrid,BRCA2,N,D,560,7,11,4,1.5714285714285714,0.4519851237430572,77,1,0,4,5,7,11,13,2,4,4,2,6,6,0,0.333333,0.333333,0.0,0.333333,-0.333333,-0.666666,0.666667,1,5,4,7,11,4,7->11,1,1,1->1,0,1,0->1,132.12,133.1,0.9799999999999898,0.9799999999999898,-3.5,-3.5,0.0,0.0,0,-1,-1,1,0,0,1,0->0,strong_hydrophilic,strong_hydrophilic,strong_hydrophilic->strong_hydrophilic,polar,acidic,0,0->-1,2,2,0,2.5294,,,,,,unknown,unknown,,,,,,0,0,0,0,,,,,,,,,BRCA2 p.N560D,0,"criteria provided, single submitter",ClinVar,51173,clinvar,,,,,,,
hybrid,BRCA2,N,K,560,7,11,4,1.5714285714285714,0.4519851237430572,77,1,0,4,5,7,11,13,2,4,4,2,6,6,0,0.333333,0.333333,0.0,0.333333,-0.333333,-0.666666,0.666667,1,5,4,7,11,4,7->11,1,1,1->1,0,1,0->1,132.12,146.19,14.069999999999993,14.069999999999993,-3.5,-3.9,-0.3999999999999999,0.3999999999999999,0,1,1,1,0,0,1,0->0,strong_hydrophilic,strong_hydrophilic,strong_hydrophilic->strong_hydrophilic,polar,basic,0,0->1,2,2,0,3.3221,,,,,,unknown,unknown,,,,,,0,0,0,0,,,,,,,,,BRCA2 p.N560K,0,"criteria provided, single submitter",ClinVar,3825385,clinvar,,,,,,,
hybrid,BRCA2,N,K,801,7,11,4,1.5714285714285714,0.4519851237430572,77,1,0,4,5,7,11,13,2,4,4,2,6,6,0,0.333333,0.333333,0.0,0.333333,-0.333333,-0.666666,0.666667,1,5,4,7,11,4,7->11,1,1,1->1,0,1,0->1,132.12,146.19,14.069999999999993,14.069999999999993,-3.5,-3.9,-0.3999999999999999,0.3999999999999999,0,1,1,1,0,0,1,0->0,strong_hydrophilic,strong_hydrophilic,strong_hydrophilic->strong_hydrophilic,polar,basic,0,0->1,2,2,0,3.3221,,,,,,unknown,unknown,,,,,,0,0,0,0,,,,,,,,,BRCA2 p.N801K,0,"criteria provided, multiple submitters, no conflicts",ClinVar,485423,clinvar,,,,,,,
hybrid,BRCA2,N,K,818,7,11,4,1.5714285714285714,0.4519851237430572,77,1,0,4,5,7,11,13,2,4,4,2,6,6,0,0.333333,0.333333,0.0,0.333333,-0.333333,-0.666666,0.666667,1,5,4,7,11,4,7->11,1,1,1->1,0,1,0->1,132.12,146.19,14.069999999999993,14.069999999999993,-3.5,-3.9,-0.3999999999999999,0.3999999999999999,0,1,1,1,0,0,1,0->0,strong_hydrophilic,strong_hydrophilic,strong_hydrophilic->strong_hydrophilic,polar,basic,0,0->1,2,2,0,3.3221,,,,,,unknown,unknown,,,,,,0,0,0,0,,,,,,,,,BRCA2 p.N818K,0,"criteria provided, single submitter",ClinVar,3482183,clinvar,,,,,,,
hybrid,BRCA2,N,K,856,7,11,4,1.5714285714285714,0.4519851237430572,77,1,0,4,5,7,11,13,2,4,4,2,6,6,0,0.333333,0.333333,0.0,0.333333,-0.333333,-0.666666,0.666667,1,5,4,7,11,4,7->11,1,1,1->1,0,1,0->1,132.12,146.19,14.069999999999993,14.069999999999993,-3.5,-3.9,-0.3999999999999999,0.3999999999999999,0,1,1,1,0,0,1,0->0,strong_hydrophilic,strong_hydrophilic,strong_hydrophilic->strong_hydrophilic,polar,basic,0,0->1,2,2,0,3.3221,,,,,,unknown,unknown,,,,,,0,0,0,0,,,,,,,,,BRCA2 p.N856K,0,"criteria provided, multiple submitters, no conflicts",ClinVar,802928,clinvar,,,,,,,
hybrid,BRCA2,D,G,1199,11,13,2,1.1818181818181819,0.16705408466316624,143,1,0,2,7,11,13,17,4,2,2,4,6,6,0,0.333333,0.333333,0.0,-0.333333,0.333333,0.666666,0.333333,5,1,-4,11,13,2,11->13,1,1,1->1,1,0,1->0,133.1,75.07,-58.03,58.03,-3.5,-0.4,3.1,3.1,-1,0,1,1,1,0,0,0->1,strong_hydrophilic,mild_hydrophilic,strong_hydrophilic->mild_hydrophilic,acidic,small_nonpolar,0,-1->0,2,4,2,8.5409,,,,,,unknown,unknown,,,,,,0,0,0,0,,,,,,,,,BRCA2 p.D1199G,0,"criteria provided, single submitter",ClinVar,1050461,clinvar,,,,,,,
hybrid,BRCA2,D,N,1267,11,7,4,0.6363636363636364,-0.45198512374305727,77,0,1,4,7,5,13,11,4,2,2,4,6,6,0,0.333333,0.333333,0.0,-0.333333,0.333333,0.666666,0.666667,5,1,-4,11,7,-4,11->7,1,1,1->1,1,0,1->0,133.1,132.12,-0.9799999999999898,0.9799999999999898,-3.5,-3.5,0.0,0.0,-1,0,1,1,0,0,1,0->0,strong_hydrophilic,strong_hydrophilic,strong_hydrophilic->strong_hydrophilic,acidic,polar,0,-1->0,2,2,0,2.5294,,,,,,unknown,unknown,,,,,,0,0,0,0,,,6.265507130147114e-07,1.0,1596040.0,1.2101556260135054e-05,,,BRCA2 p.D1267N,0,"criteria provided, single submitter",ClinVar,1050590,clinvar,13-32338154-G-A,ENST00000380152,missense_variant,gnomad_r4,GRCh38,,
hybrid,BRCA2,D,V,1360,11,19,8,1.7272727272727273,0.5465437063680699,209,1,0,8,7,17,13,23,4,2,2,4,6,6,0,0.333333,0.333333,0.0,-0.333333,0.333333,0.666666,1.333333,5,1,-4,11,19,8,11->19,1,1,1->1,1,0,1->0,133.1,117.15,-15.949999999999989,15.949999999999989,-3.5,4.2,7.7,7.7,-1,0,1,1,1,0,0,0->1,strong_hydrophilic,strong_hydrophobic,strong_hydrophilic->strong_hydrophobic,acidic,hydrophobic,0,-1->0,2,4,2,11.8785,,,,,,unknown,unknown,,,,,,0,0,0,0,,,1.2414834237133269e-06,2.0,1610976.0,1.8000471612356244e-06,,,BRCA2 p.D1360V,0,"criteria provided, single submitter",ClinVar,433782,clinvar,13-32338434-A-T,ENST00000380152,missense_variant,gnomad_r4,GRCh38,,
hybrid,BRCA2,D,G,1420,11,13,2,1.1818181818181819,0.16705408466316624,143,1,0,2,7,11,13,17,4,2,2,4,6,6,0,0.333333,0.333333,0.0,-0.333333,0.333333,0.666666,0.333333,5,1,-4,11,13,2,11->13,1,1,1->1,1,0,1->0,133.1,75.07,-58.03,58.03,-3.5,-0.4,3.1,3.1,-1,0,1,1,1,0,0,0->1,strong_hydrophilic,mild_hydrophilic,strong_hydrophilic->mild_hydrophilic,acidic,small_nonpolar,0,-1->0,2,4,2,8.5409,,,,,,unknown,unknown,,,,,,0,0,0,0,,,,,,,,,BRCA2 p.D1420G,0,"criteria provided, single submitter",ClinVar,4215850,clinvar,,,,,,,
hybrid,BRCA2,D,N,1547,11,7,4,0.6363636363636364,-0.45198512374305727,77,0,1,4,7,5,13,11,4,2,2,4,6,6,0,0.333333,0.333333,0.0,-0.333333,0.333333,0.666666,0.666667,5,1,-4,11,7,-4,11->7,1,1,1->1,1,0,1->0,133.1,132.12,-0.9799999999999898,0.9799999999999898,-3.5,-3.5,0.0,0.0,-1,0,1,1,0,0,1,0->0,strong_hydrophilic,strong_hydrophilic,strong_hydrophilic->strong_hydrophilic,acidic,polar,0,-1->0,2,2,0,2.5294,,,,,,unknown,unknown,,,,,,0,0,0,0,,,,,,,,,BRCA2 p.D1547N,0,"criteria provided, single submitter",ClinVar,559989,clinvar,,,,,,,
hybrid,BRCA2,D,E,156,11,11,0,1.0,0.0,121,0,0,0,7,7,13,13,4,4,2,2,6,6,0,0.333333,0.333333,0.0,-0.333333,-0.333333,0.0,0.0,5,5,0,11,11,0,11->11,1,1,1->1,1,1,1->1,133.1,147.13,14.030000000000001,14.030000000000001,-3.5,-3.5,0.0,0.0,-1,-1,0,0,0,0,1,0->0,strong_hydrophilic,strong_hydrophilic,strong_hydrophilic->strong_hydrophilic,acidic,acidic,1,-1->-1,2,2,0,0.4209,,,,,,unknown,unknown,,,,,,0,0,0,0,,,6.214530566790046e-07,1.0,1609132.0,1.1620610314453717e-05,,,BRCA2 p.D156E,0,"criteria provided, single submitter",ClinVar,479347,clinvar,13-32326143-T-G,ENST00000380152,missense_variant,gnomad_r4,GRCh38,,
hybrid,BRCA2,D,N,1699,11,7,4,0.6363636363636364,-0.45198512374305727,77,0,1,4,7,5,13,11,4,2,2,4,6,6,0,0.333333,0.333333,0.0,-0.333333,0.333333,0.666666,0.666667,5,1,-4,11,7,-4,11->7,1,1,1->1,1,0,1->0,133.1,132.12,-0.9799999999999898,0.9799999999999898,-3.5,-3.5,0.0,0.0,-1,0,1,1,0,0,1,0->0,strong_hydrophilic,strong_hydrophilic,strong_hydrophilic->strong_hydrophilic,acidic,polar,0,-1->0,2,2,0,2.5294,,,,,,unknown,unknown,,,,,,0,0,0,0,,,0.0002400139094675,381.0,1587408.0,0.0042944332332529,,,BRCA2 p.D1699N,0,"criteria provided, multiple submitters, no conflicts",ClinVar,37946,clinvar,13-32339450-G-A,ENST00000380152,missense_variant,gnomad_r4,GRCh38,,
hybrid,BRCA2,D,A,1902,11,13,2,1.1818181818181819,0.16705408466316624,143,1,0,2,7,11,13,17,4,2,2,4,6,6,0,0.333333,0.333333,0.0,-0.333333,0.333333,0.666666,0.333333,5,1,-4,11,13,2,11->13,1,1,1->1,1,0,1->0,133.1,89.09,-44.00999999999999,44.00999999999999,-3.5,1.8,5.3,5.3,-1,0,1,1,1,0,0,0->1,strong_hydrophilic,mild_hydrophobic,strong_hydrophilic->mild_hydrophobic,acidic,small_nonpolar,0,-1->0,2,4,2,10.3203,,,,,,unknown,unknown,,,,,,0,0,0,0,,,,,,,,,BRCA2 p.D1902A,0,no assertion criteria provided,ClinVar,2683822,clinvar,,,,,,,
hybrid,BRCA2,D,G,1911,11,13,2,1.1818181818181819,0.16705408466316624,143,1,0,2,7,11,13,17,4,2,2,4,6,6,0,0.333333,0.333333,0.0,-0.333333,0.333333,0.666666,0.333333,5,1,-4,11,13,2,11->13,1,1,1->1,1,0,1->0,133.1,75.07,-58.03,58.03,-3.5,-0.4,3.1,3.1,-1,0,1,1,1,0,0,0->1,strong_hydrophilic,mild_hydrophilic,strong_hydrophilic->mild_hydrophilic,acidic,small_nonpolar,0,-1->0,2,4,2,8.5409,,,,,,unknown,unknown,,,,,,0,0,0,0,,,,,,,,,BRCA2 p.D1911G,0,"criteria provided, multiple submitters, no conflicts",ClinVar,142690,clinvar,,,,,,,
hybrid,BRCA2,D,H,1911,11,13,2,1.1818181818181819,0.16705408466316624,143,1,0,2,7,11,13,17,4,2,2,4,6,6,0,0.333333,0.333333,0.0,-0.333333,0.333333,0.666666,0.333333,5,1,-4,11,13,2,11->13,1,1,1->1,1,0,1->0,133.1,155.16,22.060000000000002,22.060000000000002,-3.5,-3.2,0.2999999999999998,0.2999999999999998,-1,1,2,2,0,1,1,0->0,strong_hydrophilic,strong_hydrophilic,strong_hydrophilic->strong_hydrophilic,acidic,basic,0,-1->1,2,2,0,6.1618,,,,,,unknown,unknown,,,,,,0,0,0,0,,,,,,,,,BRCA2 p.D1911H,0,no assertion criteria provided,ClinVar,2683823,clinvar,,,,,,,
hybrid,BRCA2,D,V,1911,11,19,8,1.7272727272727273,0.5465437063680699,209,1,0,8,7,17,13,23,4,2,2,4,6,6,0,0.333333,0.333333,0.0,-0.333333,0.333333,0.666666,1.333333,5,1,-4,11,19,8,11->19,1,1,1->1,1,0,1->0,133.1,117.15,-15.949999999999989,15.949999999999989,-3.5,4.2,7.7,7.7,-1,0,1,1,1,0,0,0->1,strong_hydrophilic,strong_hydrophobic,strong_hydrophilic->strong_hydrophobic,acidic,hydrophobic,0,-1->0,2,4,2,11.8785,,,,,,unknown,unknown,,,,,,0,0,0,0,,,,,,,,,BRCA2 p.D1911V,0,"criteria provided, single submitter",ClinVar,41555,clinvar,,,,,,,
hybrid,BRCA2,D,Y,23,11,17,6,1.5454545454545454,0.4353180712578455,187,1,0,6,7,13,13,19,4,4,2,2,6,6,0,0.333333,0.333333,0.0,-0.333333,-0.333333,0.0,1.0,5,5,0,11,17,6,11->17,1,1,1->1,1,0,1->0,133.1,181.19,48.09,48.09,-3.5,-1.3,2.2,2.2,-1,0,1,1,0,1,0,0->1,strong_hydrophilic,mild_hydrophilic,strong_hydrophilic->mild_hydrophilic,acidic,aromatic,0,-1->0,2,2,0,7.3427,,,,,,unknown,unknown,,,,,,0,0,0,0,,,,,,,,,BRCA2 p.D23Y,1,"criteria provided, multiple submitters, no conflicts",ClinVar,52185,clinvar,,,,,,,
hybrid,BRCA2,D,G,2451,11,13,2,1.1818181818181819,0.16705408466316624,143,1,0,2,7,11,13,17,4,2,2,4,6,6,0,0.333333,0.333333,0.0,-0.333333,0.333333,0.666666,0.333333,5,1,-4,11,13,2,11->13,1,1,1->1,1,0,1->0,133.1,75.07,-58.03,58.03,-3.5,-0.4,3.1,3.1,-1,0,1,1,1,0,0,0->1,strong_hydrophilic,mild_hydrophilic,strong_hydrophilic->mild_hydrophilic,acidic,small_nonpolar,0,-1->0,2,4,2,8.5409,,,,,,unknown,unknown,,,,,,0,0,0,0,,,1.239467623866197e-06,2.0,1613596.0,1.7993248933000335e-06,,,BRCA2 p.D2451G,0,"criteria provided, single submitter",ClinVar,1758457,clinvar,13-32355205-A-G,ENST00000380152,missense_variant,gnomad_r4,GRCh38,,
hybrid,BRCA2,D,H,2489,11,13,2,1.1818181818181819,0.16705408466316624,143,1,0,2,7,11,13,17,4,2,2,4,6,6,0,0.333333,0.333333,0.0,-0.333333,0.333333,0.666666,0.333333,5,1,-4,11,13,2,11->13,1,1,1->1,1,0,1->0,133.1,155.16,22.060000000000002,22.060000000000002,-3.5,-3.2,0.2999999999999998,0.2999999999999998,-1,1,2,2,0,1,1,0->0,strong_hydrophilic,strong_hydrophilic,strong_hydrophilic->strong_hydrophilic,acidic,basic,0,-1->1,2,2,0,6.1618,,,,,,unknown,unknown,,,,,,0,0,0,0,,,,,,,,,BRCA2 p.D2489H,0,"criteria provided, single submitter",ClinVar,3992762,clinvar,,,,,,,
hybrid,BRCA2,D,N,2492,11,7,4,0.6363636363636364,-0.45198512374305727,77,0,1,4,7,5,13,11,4,2,2,4,6,6,0,0.333333,0.333333,0.0,-0.333333,0.333333,0.666666,0.666667,5,1,-4,11,7,-4,11->7,1,1,1->1,1,0,1->0,133.1,132.12,-0.9799999999999898,0.9799999999999898,-3.5,-3.5,0.0,0.0,-1,0,1,1,0,0,1,0->0,strong_hydrophilic,strong_hydrophilic,strong_hydrophilic->strong_hydrophilic,acidic,polar,0,-1->0,2,2,0,2.5294,,,,,,unknown,unknown,,,,,,0,0,0,0,,,,,,,,,BRCA2 p.D2492N,0,"criteria provided, single submitter",ClinVar,3992698,clinvar,,,,,,,
hybrid,BRCA2,D,G,2692,11,13,2,1.1818181818181819,0.16705408466316624,143,1,0,2,7,11,13,17,4,2,2,4,6,6,0,0.333333,0.333333,0.0,-0.333333,0.333333,0.666666,0.333333,5,1,-4,11,13,2,11->13,1,1,1->1,1,0,1->0,133.1,75.07,-58.03,58.03,-3.5,-0.4,3.1,3.1,-1,0,1,1,1,0,0,0->1,strong_hydrophilic,mild_hydrophilic,strong_hydrophilic->mild_hydrophilic,acidic,small_nonpolar,0,-1->0,2,4,2,8.5409,,,,,,unknown,unknown,,,,,,0,0,0,0,,,,,,,,,BRCA2 p.D2692G,0,"criteria provided, single submitter",ClinVar,2451547,clinvar,,,,,,,
hybrid,BRCA2,D,V,2723,11,19,8,1.7272727272727273,0.5465437063680699,209,1,0,8,7,17,13,23,4,2,2,4,6,6,0,0.333333,0.333333,0.0,-0.333333,0.333333,0.666666,1.333333,5,1,-4,11,19,8,11->19,1,1,1->1,1,0,1->0,133.1,117.15,-15.949999999999989,15.949999999999989,-3.5,4.2,7.7,7.7,-1,0,1,1,1,0,0,0->1,strong_hydrophilic,strong_hydrophobic,strong_hydrophilic->strong_hydrophobic,acidic,hydrophobic,0,-1->0,2,4,2,11.8785,,,,,,unknown,unknown,,,,,,0,0,0,0,,,6.195165045391975e-07,1.0,1614162.0,8.992789581313703e-07,0.9766991913819824,,BRCA2 p.D2723V,1,"criteria provided, multiple submitters, no conflicts",ClinVar,140975,clinvar,13-32363370-A-T,ENST00000380152,missense_variant,gnomad_r4,GRCh38,urn:mavedb:00001224-a-1,Scores from arrayed screen of BRCA2 homology directed repair function in VC-8 cells
hybrid,BRCA2,D,H,2797,11,13,2,1.1818181818181819,0.16705408466316624,143,1,0,2,7,11,13,17,4,2,2,4,6,6,0,0.333333,0.333333,0.0,-0.333333,0.333333,0.666666,0.333333,5,1,-4,11,13,2,11->13,1,1,1->1,1,0,1->0,133.1,155.16,22.060000000000002,22.060000000000002,-3.5,-3.2,0.2999999999999998,0.2999999999999998,-1,1,2,2,0,1,1,0->0,strong_hydrophilic,strong_hydrophilic,strong_hydrophilic->strong_hydrophilic,acidic,basic,0,-1->1,2,2,0,6.1618,,,,,,unknown,unknown,,,,,,0,0,0,0,,,,,,,,,BRCA2 p.D2797H,0,"criteria provided, single submitter",ClinVar,1763177,clinvar,,,,,,,
hybrid,BRCA2,D,N,2811,11,7,4,0.6363636363636364,-0.45198512374305727,77,0,1,4,7,5,13,11,4,2,2,4,6,6,0,0.333333,0.333333,0.0,-0.333333,0.333333,0.666666,0.666667,5,1,-4,11,7,-4,11->7,1,1,1->1,1,0,1->0,133.1,132.12,-0.9799999999999898,0.9799999999999898,-3.5,-3.5,0.0,0.0,-1,0,1,1,0,0,1,0->0,strong_hydrophilic,strong_hydrophilic,strong_hydrophilic->strong_hydrophilic,acidic,polar,0,-1->0,2,2,0,2.5294,,,,,,unknown,unknown,,,,,,0,0,0,0,,,,,,,,,BRCA2 p.D2811N,0,"criteria provided, single submitter",ClinVar,3229281,clinvar,,,,,,,
hybrid,BRCA2,D,G,2983,11,13,2,1.1818181818181819,0.16705408466316624,143,1,0,2,7,11,13,17,4,2,2,4,6,6,0,0.333333,0.333333,0.0,-0.333333,0.333333,0.666666,0.333333,5,1,-4,11,13,2,11->13,1,1,1->1,1,0,1->0,133.1,75.07,-58.03,58.03,-3.5,-0.4,3.1,3.1,-1,0,1,1,1,0,0,0->1,strong_hydrophilic,mild_hydrophilic,strong_hydrophilic->mild_hydrophilic,acidic,small_nonpolar,0,-1->0,2,4,2,8.5409,,,,,,unknown,unknown,,,,,,0,0,0,0,,,,,,,,,BRCA2 p.D2983G,0,"criteria provided, single submitter",ClinVar,3992667,clinvar,,,,,,,
hybrid,BRCA2,D,H,3064,11,13,2,1.1818181818181819,0.16705408466316624,143,1,0,2,7,11,13,17,4,2,2,4,6,6,0,0.333333,0.333333,0.0,-0.333333,0.333333,0.666666,0.333333,5,1,-4,11,13,2,11->13,1,1,1->1,1,0,1->0,133.1,155.16,22.060000000000002,22.060000000000002,-3.5,-3.2,0.2999999999999998,0.2999999999999998,-1,1,2,2,0,1,1,0->0,strong_hydrophilic,strong_hydrophilic,strong_hydrophilic->strong_hydrophilic,acidic,basic,0,-1->1,2,2,0,6.1618,,,,,,unknown,unknown,,,,,,0,0,0,0,,,,,,,,,BRCA2 p.D3064H,0,"criteria provided, single submitter",ClinVar,2586292,clinvar,,,,,,,
hybrid,BRCA2,D,E,3095,11,11,0,1.0,0.0,121,0,0,0,7,7,13,13,4,4,2,2,6,6,0,0.333333,0.333333,0.0,-0.333333,-0.333333,0.0,0.0,5,5,0,11,11,0,11->11,1,1,1->1,1,1,1->1,133.1,147.13,14.030000000000001,14.030000000000001,-3.5,-3.5,0.0,0.0,-1,-1,0,0,0,0,1,0->0,strong_hydrophilic,strong_hydrophilic,strong_hydrophilic->strong_hydrophilic,acidic,acidic,1,-1->-1,2,2,0,0.4209,,,,,,unknown,unknown,,,,,,0,0,0,0,,,1.2395628805458043e-06,2.0,1613472.0,1.7990562151095537e-06,0.9480231256621984,,BRCA2 p.D3095E,1,"criteria provided, multiple submitters, no conflicts",ClinVar,52805,clinvar,13-32394717-C-G,ENST00000380152,missense_variant,gnomad_r4,GRCh38,urn:mavedb:00001224-a-1,Scores from arrayed screen of BRCA2 homology directed repair function in VC-8 cells
hybrid,BRCA2,D,H,362,11,13,2,1.1818181818181819,0.16705408466316624,143,1,0,2,7,11,13,17,4,2,2,4,6,6,0,0.333333,0.333333,0.0,-0.333333,0.333333,0.666666,0.333333,5,1,-4,11,13,2,11->13,1,1,1->1,1,0,1->0,133.1,155.16,22.060000000000002,22.060000000000002,-3.5,-3.2,0.2999999999999998,0.2999999999999998,-1,1,2,2,0,1,1,0->0,strong_hydrophilic,strong_hydrophilic,strong_hydrophilic->strong_hydrophilic,acidic,basic,0,-1->1,2,2,0,6.1618,,,,,,unknown,unknown,,,,,,0,0,0,0,,,,,,,,,BRCA2 p.D362H,0,"criteria provided, single submitter",ClinVar,4539145,clinvar,,,,,,,
hybrid,BRCA2,D,N,381,11,7,4,0.6363636363636364,-0.45198512374305727,77,0,1,4,7,5,13,11,4,2,2,4,6,6,0,0.333333,0.333333,0.0,-0.333333,0.333333,0.666666,0.666667,5,1,-4,11,7,-4,11->7,1,1,1->1,1,0,1->0,133.1,132.12,-0.9799999999999898,0.9799999999999898,-3.5,-3.5,0.0,0.0,-1,0,1,1,0,0,1,0->0,strong_hydrophilic,strong_hydrophilic,strong_hydrophilic->strong_hydrophilic,acidic,polar,0,-1->0,2,2,0,2.5294,,,,,,unknown,unknown,,,,,,0,0,0,0,,,1.8586324182666396e-05,30.0,1614090.0,0.0006261460709334,,,BRCA2 p.D381N,0,"criteria provided, multiple submitters, no conflicts",ClinVar,91747,clinvar,13-32332619-G-A,ENST00000380152,missense_variant,gnomad_r4,GRCh38,,
hybrid,BRCA2,D,E,427,11,11,0,1.0,0.0,121,0,0,0,7,7,13,13,4,4,2,2,6,6,0,0.333333,0.333333,0.0,-0.333333,-0.333333,0.0,0.0,5,5,0,11,11,0,11->11,1,1,1->1,1,1,1->1,133.1,147.13,14.030000000000001,14.030000000000001,-3.5,-3.5,0.0,0.0,-1,-1,0,0,0,0,1,0->0,strong_hydrophilic,strong_hydrophilic,strong_hydrophilic->strong_hydrophilic,acidic,acidic,1,-1->-1,2,2,0,0.4209,,,,,,unknown,unknown,,,,,,0,0,0,0,,,9.950211628563575e-06,16.0,1608124.0,0.0002075550020755,,,BRCA2 p.D427E,0,"criteria provided, multiple submitters, no conflicts",ClinVar,441324,clinvar,13-32332759-C-A,ENST00000380152,missense_variant,gnomad_r4,GRCh38,,
hybrid,BRCA2,D,V,438,11,19,8,1.7272727272727273,0.5465437063680699,209,1,0,8,7,17,13,23,4,2,2,4,6,6,0,0.333333,0.333333,0.0,-0.333333,0.333333,0.666666,1.333333,5,1,-4,11,19,8,11->19,1,1,1->1,1,0,1->0,133.1,117.15,-15.949999999999989,15.949999999999989,-3.5,4.2,7.7,7.7,-1,0,1,1,1,0,0,0->1,strong_hydrophilic,strong_hydrophobic,strong_hydrophilic->strong_hydrophobic,acidic,hydrophobic,0,-1->0,2,4,2,11.8785,,,,,,unknown,unknown,,,,,,0,0,0,0,,,,,,,,,BRCA2 p.D438V,0,"criteria provided, single submitter",ClinVar,1687144,clinvar,,,,,,,
hybrid,BRCA2,D,N,559,11,7,4,0.6363636363636364,-0.45198512374305727,77,0,1,4,7,5,13,11,4,2,2,4,6,6,0,0.333333,0.333333,0.0,-0.333333,0.333333,0.666666,0.666667,5,1,-4,11,7,-4,11->7,1,1,1->1,1,0,1->0,133.1,132.12,-0.9799999999999898,0.9799999999999898,-3.5,-3.5,0.0,0.0,-1,0,1,1,0,0,1,0->0,strong_hydrophilic,strong_hydrophilic,strong_hydrophilic->strong_hydrophilic,acidic,polar,0,-1->0,2,2,0,2.5294,,,,,,unknown,unknown,,,,,,0,0,0,0,,,,,,,,,BRCA2 p.D559N,0,"criteria provided, multiple submitters, no conflicts",ClinVar,518255,clinvar,,,,,,,
hybrid,BRCA2,D,Y,707,11,17,6,1.5454545454545454,0.4353180712578455,187,1,0,6,7,13,13,19,4,4,2,2,6,6,0,0.333333,0.333333,0.0,-0.333333,-0.333333,0.0,1.0,5,5,0,11,17,6,11->17,1,1,1->1,1,0,1->0,133.1,181.19,48.09,48.09,-3.5,-1.3,2.2,2.2,-1,0,1,1,0,1,0,0->1,strong_hydrophilic,mild_hydrophilic,strong_hydrophilic->mild_hydrophilic,acidic,aromatic,0,-1->0,2,2,0,7.3427,,,,,,unknown,unknown,,,,,,0,0,0,0,,,,,,,,,BRCA2 p.D707Y,0,"criteria provided, single submitter",ClinVar,51245,clinvar,,,,,,,
hybrid,BRCA2,D,N,935,11,7,4,0.6363636363636364,-0.45198512374305727,77,0,1,4,7,5,13,11,4,2,2,4,6,6,0,0.333333,0.333333,0.0,-0.333333,0.333333,0.666666,0.666667,5,1,-4,11,7,-4,11->7,1,1,1->1,1,0,1->0,133.1,132.12,-0.9799999999999898,0.9799999999999898,-3.5,-3.5,0.0,0.0,-1,0,1,1,0,0,1,0->0,strong_hydrophilic,strong_hydrophilic,strong_hydrophilic->strong_hydrophilic,acidic,polar,0,-1->0,2,2,0,2.5294,,,,,,unknown,unknown,,,,,,0,0,0,0,,,0.0011556388359091,1865.0,1613826.0,0.0015037891529313,,,BRCA2 p.D935N,0,"criteria provided, multiple submitters, no conflicts",ClinVar,51349,clinvar,13-32337158-G-A,ENST00000380152,missense_variant,gnomad_r4,GRCh38,,
hybrid,BRCA2,D,N,988,11,7,4,0.6363636363636364,-0.45198512374305727,77,0,1,4,7,5,13,11,4,2,2,4,6,6,0,0.333333,0.333333,0.0,-0.333333,0.333333,0.666666,0.666667,5,1,-4,11,7,-4,11->7,1,1,1->1,1,0,1->0,133.1,132.12,-0.9799999999999898,0.9799999999999898,-3.5,-3.5,0.0,0.0,-1,0,1,1,0,0,1,0->0,strong_hydrophilic,strong_hydrophilic,strong_hydrophilic->strong_hydrophilic,acidic,polar,0,-1->0,2,2,0,2.5294,,,,,,unknown,unknown,,,,,,0,0,0,0,,,,,,,,,BRCA2 p.D988N,0,"criteria provided, single submitter",ClinVar,1050363,clinvar,,,,,,,
hybrid,BRCA2,C,W,1044,5,11,6,2.2,0.7884573603642703,55,1,0,6,3,7,7,13,2,4,2,2,4,6,2,0.5,0.333333,-0.166667,0.0,-0.333333,-0.333333,1.2,5,5,0,5,11,6,5->11,1,1,1->1,1,1,1->1,121.16,204.23,83.07,83.07,2.5,-0.9,-3.4,3.4,0,0,0,0,1,1,1,0->0,strong_hydrophobic,mild_hydrophilic,strong_hydrophobic->mild_hydrophilic,special,aromatic,0,0->0,2,1,-1,9.2921,,,,,,unknown,unknown,,,,,,0,0,0,0,,,,,,,,,BRCA2 p.C1044W,0,"criteria provided, single submitter",ClinVar,51402,clinvar,,,,,,,
hybrid,BRCA2,C,S,1081,5,17,12,3.4,1.2237754316221157,85,1,0,12,3,13,7,19,2,4,2,2,4,6,2,0.5,0.333333,-0.166667,0.0,-0.333333,-0.333333,2.4,5,5,0,5,17,12,5->17,1,1,1->1,1,0,1->0,121.16,105.09,-16.069999999999993,16.069999999999993,2.5,-0.8,-3.3,3.3,0,0,0,0,0,0,1,0->0,strong_hydrophobic,mild_hydrophilic,strong_hydrophobic->mild_hydrophilic,special,polar,0,0->0,2,6,4,4.7821,,,,,,unknown,unknown,,,,,,0,0,0,0,,,6.270213601096535e-07,1.0,1594842.0,9.067876684131396e-07,,,BRCA2 p.C1081S,0,"criteria provided, single submitter",ClinVar,3992836,clinvar,13-32337596-T-A,ENST00000380152,missense_variant,gnomad_r4,GRCh38,,
hybrid,BRCA2,C,Y,1573,5,17,12,3.4,1.2237754316221157,85,1,0,12,3,13,7,19,2,4,2,2,4,6,2,0.5,0.333333,-0.166667,0.0,-0.333333,-0.333333,2.4,5,5,0,5,17,12,5->17,1,1,1->1,1,0,1->0,121.16,181.19,60.03,60.03,2.5,-1.3,-3.8,3.8,0,0,0,0,0,1,0,0->1,strong_hydrophobic,mild_hydrophilic,strong_hydrophobic->mild_hydrophilic,special,aromatic,0,0->0,2,2,0,7.8009,,,,,,unknown,unknown,,,,,,0,0,0,0,,,4.956697055350197e-06,8.0,1613978.0,7.1949175102707445e-06,,,BRCA2 p.C1573Y,0,"criteria provided, multiple submitters, no conflicts",ClinVar,51702,clinvar,13-32339073-G-A,ENST00000380152,missense_variant,gnomad_r4,GRCh38,,
hybrid,BRCA2,C,Y,1960,5,17,12,3.4,1.2237754316221157,85,1,0,12,3,13,7,19,2,4,2,2,4,6,2,0.5,0.333333,-0.166667,0.0,-0.333333,-0.333333,2.4,5,5,0,5,17,12,5->17,1,1,1->1,1,0,1->0,121.16,181.19,60.03,60.03,2.5,-1.3,-3.8,3.8,0,0,0,0,0,1,0,0->1,strong_hydrophobic,mild_hydrophilic,strong_hydrophobic->mild_hydrophilic,special,aromatic,0,0->0,2,2,0,7.8009,,,,,,unknown,unknown,,,,,,0,0,0,0,,,6.258248805665884e-05,101.0,1613870.0,0.0014720077220077,,,BRCA2 p.C1960Y,0,"criteria provided, multiple submitters, no conflicts",ClinVar,38003,clinvar,13-32340234-G-A,ENST00000380152,missense_variant,gnomad_r4,GRCh38,,
hybrid,BRCA2,C,R,2605,5,19,14,3.8,1.33500106673234,95,1,0,14,3,17,7,23,2,2,2,4,4,6,2,0.5,0.333333,-0.166667,0.0,0.333333,0.333333,2.8,5,1,-4,5,19,14,5->19,1,1,1->1,1,0,1->0,121.16,174.2,53.03999999999999,53.03999999999999,2.5,-4.5,-7.0,7.0,0,1,1,1,0,0,1,0->0,strong_hydrophobic,strong_hydrophilic,strong_hydrophobic->strong_hydrophilic,special,basic,0,0->1,2,6,4,11.0912,,,,,,unknown,unknown,,,,,,0,0,0,0,,,,,,,,,BRCA2 p.C2605R,0,"criteria provided, single submitter",ClinVar,3261630,clinvar,,,,,,,
hybrid,BRCA2,C,S,315,5,17,12,3.4,1.2237754316221157,85,1,0,12,3,13,7,19,2,4,2,2,4,6,2,0.5,0.333333,-0.166667,0.0,-0.333333,-0.333333,2.4,5,5,0,5,17,12,5->17,1,1,1->1,1,0,1->0,121.16,105.09,-16.069999999999993,16.069999999999993,2.5,-0.8,-3.3,3.3,0,0,0,0,0,0,1,0->0,strong_hydrophobic,mild_hydrophilic,strong_hydrophobic->mild_hydrophilic,special,polar,0,0->0,2,6,4,4.7821,,,,,,unknown,unknown,,,,,,0,0,0,0,,,8.860134297014323e-05,141.0,1591398.0,0.0050115651503469,,,BRCA2 p.C315S,0,"criteria provided, multiple submitters, no conflicts",ClinVar,38241,clinvar,13-32332421-T-A,ENST00000380152,missense_variant,gnomad_r4,GRCh38,,
hybrid,BRCA2,C,F,3173,5,17,12,3.4,1.2237754316221157,85,1,0,12,3,13,7,19,2,4,2,2,4,6,2,0.5,0.333333,-0.166667,0.0,-0.333333,-0.333333,2.4,5,5,0,5,17,12,5->17,1,1,1->1,1,0,1->0,121.16,165.19,44.03,44.03,2.5,2.8,0.2999999999999998,0.2999999999999998,0,0,0,0,1,1,0,0->1,strong_hydrophobic,strong_hydrophobic,strong_hydrophobic->strong_hydrophobic,special,aromatic,0,0->0,2,2,0,5.0209,,,,,,unknown,unknown,,,,,,0,0,0,0,,,,,,,,,BRCA2 p.C3173F,0,"criteria provided, single submitter",ClinVar,3825453,clinvar,,,,,,,
hybrid,BRCA2,C,W,3304,5,11,6,2.2,0.7884573603642703,55,1,0,6,3,7,7,13,2,4,2,2,4,6,2,0.5,0.333333,-0.166667,0.0,-0.333333,-0.333333,1.2,5,5,0,5,11,6,5->11,1,1,1->1,1,1,1->1,121.16,204.23,83.07,83.07,2.5,-0.9,-3.4,3.4,0,0,0,0,1,1,1,0->0,strong_hydrophobic,mild_hydrophilic,strong_hydrophobic->mild_hydrophilic,special,aromatic,0,0->0,2,1,-1,9.2921,,,,,,unknown,unknown,,,,,,0,0,0,0,,,,,,,,,BRCA2 p.C3304W,0,"criteria provided, single submitter",ClinVar,3482020,clinvar,,,,,,,
hybrid,BRCA2,C,F,711,5,17,12,3.4,1.2237754316221157,85,1,0,12,3,13,7,19,2,4,2,2,4,6,2,0.5,0.333333,-0.166667,0.0,-0.333333,-0.333333,2.4,5,5,0,5,17,12,5->17,1,1,1->1,1,0,1->0,121.16,165.19,44.03,44.03,2.5,2.8,0.2999999999999998,0.2999999999999998,0,0,0,0,1,1,0,0->1,strong_hydrophobic,strong_hydrophobic,strong_hydrophobic->strong_hydrophobic,special,aromatic,0,0->0,2,2,0,5.0209,,,,,,unknown,unknown,,,,,,0,0,0,0,,,,,,,,,BRCA2 p.C711F,0,"criteria provided, multiple submitters, no conflicts",ClinVar,1786435,clinvar,,,,,,,
hybrid,BRCA2,Q,E,1089,7,11,4,1.5714285714285714,0.4519851237430572,77,1,0,4,5,7,11,13,2,4,4,2,6,6,0,0.333333,0.333333,0.0,0.333333,-0.333333,-0.666666,0.666667,1,5,4,7,11,4,7->11,1,1,1->1,0,1,0->1,146.15,147.13,0.9799999999999898,0.9799999999999898,-3.5,-3.5,0.0,0.0,0,-1,-1,1,0,0,1,0->0,strong_hydrophilic,strong_hydrophilic,strong_hydrophilic->strong_hydrophilic,polar,acidic,0,0->-1,2,2,0,2.5294,,,,,,unknown,unknown,,,,,,0,0,0,0,,,,,,,,,BRCA2 p.Q1089E,0,"criteria provided, single submitter",ClinVar,4215290,clinvar,,,,,,,
hybrid,BRCA2,Q,E,1396,7,11,4,1.5714285714285714,0.4519851237430572,77,1,0,4,5,7,11,13,2,4,4,2,6,6,0,0.333333,0.333333,0.0,0.333333,-0.333333,-0.666666,0.666667,1,5,4,7,11,4,7->11,1,1,1->1,0,1,0->1,146.15,147.13,0.9799999999999898,0.9799999999999898,-3.5,-3.5,0.0,0.0,0,-1,-1,1,0,0,1,0->0,strong_hydrophilic,strong_hydrophilic,strong_hydrophilic->strong_hydrophilic,polar,acidic,0,0->-1,2,2,0,2.5294,,,,,,unknown,unknown,,,,,,0,0,0,0,,,,,,,,,BRCA2 p.Q1396E,0,"criteria provided, single submitter",ClinVar,3482138,clinvar,,,,,,,
hybrid,BRCA2,Q,H,1507,7,13,6,1.8571428571428572,0.6190392084062235,91,1,0,6,5,11,11,17,2,2,4,4,6,6,0,0.333333,0.333333,0.0,0.333333,0.333333,0.0,1.0,1,1,0,7,13,6,7->13,1,1,1->1,0,0,0->0,146.15,155.16,9.009999999999991,9.009999999999991,-3.5,-3.2,0.2999999999999998,0.2999999999999998,0,1,1,1,0,1,1,0->0,strong_hydrophilic,strong_hydrophilic,strong_hydrophilic->strong_hydrophilic,polar,basic,0,0->1,2,2,0,4.2703,,,,,,unknown,unknown,,,,,,0,0,0,0,,,,,,,,,BRCA2 p.Q1507H,0,"criteria provided, multiple submitters, no conflicts",ClinVar,1671339,clinvar,,,,,,,
hybrid,BRCA2,Q,R,1562,7,19,12,2.7142857142857144,0.9985288301111273,133,1,0,12,5,17,11,23,2,2,4,4,6,6,0,0.333333,0.333333,0.0,0.333333,0.333333,0.0,2.0,1,1,0,7,19,12,7->19,1,1,1->1,0,0,0->0,146.15,174.2,28.049999999999983,28.049999999999983,-3.5,-4.5,-1.0,1.0,0,1,1,1,0,0,1,0->0,strong_hydrophilic,strong_hydrophilic,strong_hydrophilic->strong_hydrophilic,polar,basic,0,0->1,2,6,4,4.3415,,,,,,unknown,unknown,,,,,,0,0,0,0,,,,,,,,,BRCA2 p.Q1562R,0,"criteria provided, single submitter",ClinVar,431192,clinvar,,,,,,,
hybrid,BRCA2,Q,E,2539,7,11,4,1.5714285714285714,0.4519851237430572,77,1,0,4,5,7,11,13,2,4,4,2,6,6,0,0.333333,0.333333,0.0,0.333333,-0.333333,-0.666666,0.666667,1,5,4,7,11,4,7->11,1,1,1->1,0,1,0->1,146.15,147.13,0.9799999999999898,0.9799999999999898,-3.5,-3.5,0.0,0.0,0,-1,-1,1,0,0,1,0->0,strong_hydrophilic,strong_hydrophilic,strong_hydrophilic->strong_hydrophilic,polar,acidic,0,0->-1,2,2,0,2.5294,,,,,,unknown,unknown,,,,,,0,0,0,0,,,,,,,,,BRCA2 p.Q2539E,0,"criteria provided, single submitter",ClinVar,3992753,clinvar,,,,,,,
hybrid,BRCA2,Q,R,2655,7,19,12,2.7142857142857144,0.9985288301111273,133,1,0,12,5,17,11,23,2,2,4,4,6,6,0,0.333333,0.333333,0.0,0.333333,0.333333,0.0,2.0,1,1,0,7,19,12,7->19,1,1,1->1,0,0,0->0,146.15,174.2,28.049999999999983,28.049999999999983,-3.5,-4.5,-1.0,1.0,0,1,1,1,0,0,1,0->0,strong_hydrophilic,strong_hydrophilic,strong_hydrophilic->strong_hydrophilic,polar,basic,0,0->1,2,6,4,4.3415,,,,,,unknown,unknown,,,,,,0,0,0,0,,,1.2390145869187318e-06,2.0,1614186.0,1.6559032952475575e-05,,,BRCA2 p.Q2655R,1,"criteria provided, multiple submitters, no conflicts",ClinVar,52450,clinvar,13-32362681-A-G,ENST00000380152,missense_variant,gnomad_r4,GRCh38,,
hybrid,BRCA2,Q,H,2731,7,13,6,1.8571428571428572,0.6190392084062235,91,1,0,6,5,11,11,17,2,2,4,4,6,6,0,0.333333,0.333333,0.0,0.333333,0.333333,0.0,1.0,1,1,0,7,13,6,7->13,1,1,1->1,0,0,0->0,146.15,155.16,9.009999999999991,9.009999999999991,-3.5,-3.2,0.2999999999999998,0.2999999999999998,0,1,1,1,0,1,1,0->0,strong_hydrophilic,strong_hydrophilic,strong_hydrophilic->strong_hydrophilic,polar,basic,0,0->1,2,2,0,4.2703,,,,,,unknown,unknown,,,,,,0,0,0,0,,,,,,,,,BRCA2 p.Q2731H,0,"criteria provided, single submitter",ClinVar,827498,clinvar,,,,,,,
hybrid,BRCA2,Q,E,2749,7,11,4,1.5714285714285714,0.4519851237430572,77,1,0,4,5,7,11,13,2,4,4,2,6,6,0,0.333333,0.333333,0.0,0.333333,-0.333333,-0.666666,0.666667,1,5,4,7,11,4,7->11,1,1,1->1,0,1,0->1,146.15,147.13,0.9799999999999898,0.9799999999999898,-3.5,-3.5,0.0,0.0,0,-1,-1,1,0,0,1,0->0,strong_hydrophilic,strong_hydrophilic,strong_hydrophilic->strong_hydrophilic,polar,acidic,0,0->-1,2,2,0,2.5294,,,,,,unknown,unknown,,,,,,0,0,0,0,,,,,,,,,BRCA2 p.Q2749E,0,"criteria provided, single submitter",ClinVar,479309,clinvar,,,,,,,
hybrid,BRCA2,Q,R,2829,7,19,12,2.7142857142857144,0.9985288301111273,133,1,0,12,5,17,11,23,2,2,4,4,6,6,0,0.333333,0.333333,0.0,0.333333,0.333333,0.0,2.0,1,1,0,7,19,12,7->19,1,1,1->1,0,0,0->0,146.15,174.2,28.049999999999983,28.049999999999983,-3.5,-4.5,-1.0,1.0,0,1,1,1,0,0,1,0->0,strong_hydrophilic,strong_hydrophilic,strong_hydrophilic->strong_hydrophilic,polar,basic,0,0->1,2,6,4,4.3415,,,,,,unknown,unknown,,,,,,0,0,0,0,,,6.216253513737298e-07,1.0,1608686.0,9.03267298472033e-07,5.245691711184539,,BRCA2 p.Q2829R,1,"criteria provided, multiple submitters, no conflicts",ClinVar,38161,clinvar,13-32370556-A-G,ENST00000380152,missense_variant,gnomad_r4,GRCh38,urn:mavedb:00001224-a-1,Scores from arrayed screen of BRCA2 homology directed repair function in VC-8 cells
hybrid,BRCA2,Q,H,2829,7,13,6,1.8571428571428572,0.6190392084062235,91,1,0,6,5,11,11,17,2,2,4,4,6,6,0,0.333333,0.333333,0.0,0.333333,0.333333,0.0,1.0,1,1,0,7,13,6,7->13,1,1,1->1,0,0,0->0,146.15,155.16,9.009999999999991,9.009999999999991,-3.5,-3.2,0.2999999999999998,0.2999999999999998,0,1,1,1,0,1,1,0->0,strong_hydrophilic,strong_hydrophilic,strong_hydrophilic->strong_hydrophilic,polar,basic,0,0->1,2,2,0,4.2703,,,,,,unknown,unknown,,,,,,0,0,0,0,,,,,,,,,BRCA2 p.Q2829H,1,"criteria provided, single submitter",ClinVar,4687466,clinvar,,,,,,,
hybrid,BRCA2,Q,P,2829,7,17,10,2.4285714285714284,0.8873031950009027,119,1,0,10,5,13,11,19,2,4,4,2,6,6,0,0.333333,0.333333,0.0,0.333333,-0.333333,-0.666666,1.666667,1,5,4,7,17,10,7->17,1,1,1->1,0,0,0->0,146.15,115.13,-31.02000000000001,31.02000000000001,-3.5,-1.6,1.9,1.9,0,0,0,0,1,0,0,0->1,strong_hydrophilic,mild_hydrophilic,strong_hydrophilic->mild_hydrophilic,polar,special,0,0->0,2,4,2,5.0306,,,,,,unknown,unknown,,,,,,0,0,0,0,,,,,,,,,BRCA2 p.Q2829P,1,"criteria provided, multiple submitters, no conflicts",ClinVar,1484629,clinvar,,,,,,,
hybrid,BRCA2,Q,P,2870,7,17,10,2.4285714285714284,0.8873031950009027,119,1,0,10,5,13,11,19,2,4,4,2,6,6,0,0.333333,0.333333,0.0,0.333333,-0.333333,-0.666666,1.666667,1,5,4,7,17,10,7->17,1,1,1->1,0,0,0->0,146.15,115.13,-31.02000000000001,31.02000000000001,-3.5,-1.6,1.9,1.9,0,0,0,0,1,0,0,0->1,strong_hydrophilic,mild_hydrophilic,strong_hydrophilic->mild_hydrophilic,polar,special,0,0->0,2,4,2,5.0306,,,,,,unknown,unknown,,,,,,0,0,0,0,,,,,,,,,BRCA2 p.Q2870P,0,"criteria provided, single submitter",ClinVar,3992662,clinvar,,,,,,,
hybrid,BRCA2,Q,E,2943,7,11,4,1.5714285714285714,0.4519851237430572,77,1,0,4,5,7,11,13,2,4,4,2,6,6,0,0.333333,0.333333,0.0,0.333333,-0.333333,-0.666666,0.666667,1,5,4,7,11,4,7->11,1,1,1->1,0,1,0->1,146.15,147.13,0.9799999999999898,0.9799999999999898,-3.5,-3.5,0.0,0.0,0,-1,-1,1,0,0,1,0->0,strong_hydrophilic,strong_hydrophilic,strong_hydrophilic->strong_hydrophilic,polar,acidic,0,0->-1,2,2,0,2.5294,,,,,,unknown,unknown,,,,,,0,0,0,0,,,,,,,,,BRCA2 p.Q2943E,0,"criteria provided, single submitter",ClinVar,3261570,clinvar,,,,,,,
hybrid,BRCA2,Q,E,2945,7,11,4,1.5714285714285714,0.4519851237430572,77,1,0,4,5,7,11,13,2,4,4,2,6,6,0,0.333333,0.333333,0.0,0.333333,-0.333333,-0.666666,0.666667,1,5,4,7,11,4,7->11,1,1,1->1,0,1,0->1,146.15,147.13,0.9799999999999898,0.9799999999999898,-3.5,-3.5,0.0,0.0,0,-1,-1,1,0,0,1,0->0,strong_hydrophilic,strong_hydrophilic,strong_hydrophilic->strong_hydrophilic,polar,acidic,0,0->-1,2,2,0,2.5294,,,,,,unknown,unknown,,,,,,0,0,0,0,,,,,,,,,BRCA2 p.Q2945E,0,"criteria provided, single submitter",ClinVar,1764821,clinvar,,,,,,,
hybrid,BRCA2,Q,H,2957,7,13,6,1.8571428571428572,0.6190392084062235,91,1,0,6,5,11,11,17,2,2,4,4,6,6,0,0.333333,0.333333,0.0,0.333333,0.333333,0.0,1.0,1,1,0,7,13,6,7->13,1,1,1->1,0,0,0->0,146.15,155.16,9.009999999999991,9.009999999999991,-3.5,-3.2,0.2999999999999998,0.2999999999999998,0,1,1,1,0,1,1,0->0,strong_hydrophilic,strong_hydrophilic,strong_hydrophilic->strong_hydrophilic,polar,basic,0,0->1,2,2,0,4.2703,,,,,,unknown,unknown,,,,,,0,0,0,0,,,,,,,,,BRCA2 p.Q2957H,0,"criteria provided, single submitter",ClinVar,232467,clinvar,,,,,,,
hybrid,BRCA2,Q,E,2960,7,11,4,1.5714285714285714,0.4519851237430572,77,1,0,4,5,7,11,13,2,4,4,2,6,6,0,0.333333,0.333333,0.0,0.333333,-0.333333,-0.666666,0.666667,1,5,4,7,11,4,7->11,1,1,1->1,0,1,0->1,146.15,147.13,0.9799999999999898,0.9799999999999898,-3.5,-3.5,0.0,0.0,0,-1,-1,1,0,0,1,0->0,strong_hydrophilic,strong_hydrophilic,strong_hydrophilic->strong_hydrophilic,polar,acidic,0,0->-1,2,2,0,2.5294,,,,,,unknown,unknown,,,,,,0,0,0,0,,,,,,,,,BRCA2 p.Q2960E,0,"criteria provided, single submitter",ClinVar,3261595,clinvar,,,,,,,
hybrid,BRCA2,Q,L,3037,7,23,16,3.2857142857142856,1.1895840668738364,161,1,0,16,5,19,11,29,2,4,4,6,6,10,4,0.333333,0.2,-0.133333,0.333333,0.2,-0.133333,2.0,1,5,4,7,23,16,7->23,1,0,1->0,0,1,0->1,146.15,131.18,-14.969999999999999,14.969999999999999,-3.5,3.8,7.3,7.3,0,0,0,0,1,0,0,0->1,strong_hydrophilic,strong_hydrophobic,strong_hydrophilic->strong_hydrophobic,polar,hydrophobic,0,0->0,2,6,4,9.9491,,,,,,unknown,unknown,,,,,,0,0,0,0,,,,,,,,,BRCA2 p.Q3037L,0,"criteria provided, single submitter",ClinVar,3992792,clinvar,,,,,,,
hybrid,BRCA2,Q,H,321,7,13,6,1.8571428571428572,0.6190392084062235,91,1,0,6,5,11,11,17,2,2,4,4,6,6,0,0.333333,0.333333,0.0,0.333333,0.333333,0.0,1.0,1,1,0,7,13,6,7->13,1,1,1->1,0,0,0->0,146.15,155.16,9.009999999999991,9.009999999999991,-3.5,-3.2,0.2999999999999998,0.2999999999999998,0,1,1,1,0,1,1,0->0,strong_hydrophilic,strong_hydrophilic,strong_hydrophilic->strong_hydrophilic,polar,basic,0,0->1,2,2,0,4.2703,,,,,,unknown,unknown,,,,,,0,0,0,0,,,,,,,,,BRCA2 p.Q321H,0,"criteria provided, single submitter",ClinVar,125930,clinvar,,,,,,,
hybrid,BRCA2,Q,H,3394,7,13,6,1.8571428571428572,0.6190392084062235,91,1,0,6,5,11,11,17,2,2,4,4,6,6,0,0.333333,0.333333,0.0,0.333333,0.333333,0.0,1.0,1,1,0,7,13,6,7->13,1,1,1->1,0,0,0->0,146.15,155.16,9.009999999999991,9.009999999999991,-3.5,-3.2,0.2999999999999998,0.2999999999999998,0,1,1,1,0,1,1,0->0,strong_hydrophilic,strong_hydrophilic,strong_hydrophilic->strong_hydrophilic,polar,basic,0,0->1,2,2,0,4.2703,,,,,,unknown,unknown,,,,,,0,0,0,0,,,,,,,,,BRCA2 p.Q3394H,0,"criteria provided, single submitter",ClinVar,4215853,clinvar,,,,,,,
hybrid,BRCA2,Q,P,3409,7,17,10,2.4285714285714284,0.8873031950009027,119,1,0,10,5,13,11,19,2,4,4,2,6,6,0,0.333333,0.333333,0.0,0.333333,-0.333333,-0.666666,1.666667,1,5,4,7,17,10,7->17,1,1,1->1,0,0,0->0,146.15,115.13,-31.02000000000001,31.02000000000001,-3.5,-1.6,1.9,1.9,0,0,0,0,1,0,0,0->1,strong_hydrophilic,mild_hydrophilic,strong_hydrophilic->mild_hydrophilic,polar,special,0,0->0,2,4,2,5.0306,,,,,,unknown,unknown,,,,,,0,0,0,0,,,,,,,,,BRCA2 p.Q3409P,0,no assertion criteria provided,ClinVar,2683807,clinvar,,,,,,,
hybrid,BRCA2,Q,R,499,7,19,12,2.7142857142857144,0.9985288301111273,133,1,0,12,5,17,11,23,2,2,4,4,6,6,0,0.333333,0.333333,0.0,0.333333,0.333333,0.0,2.0,1,1,0,7,19,12,7->19,1,1,1->1,0,0,0->0,146.15,174.2,28.049999999999983,28.049999999999983,-3.5,-4.5,-1.0,1.0,0,1,1,1,0,0,1,0->0,strong_hydrophilic,strong_hydrophilic,strong_hydrophilic->strong_hydrophilic,polar,basic,0,0->1,2,6,4,4.3415,,,,,,unknown,unknown,,,,,,0,0,0,0,,,,,,,,,BRCA2 p.Q499R,0,"criteria provided, single submitter",ClinVar,51133,clinvar,,,,,,,
hybrid,BRCA2,Q,K,548,7,11,4,1.5714285714285714,0.4519851237430572,77,1,0,4,5,7,11,13,2,4,4,2,6,6,0,0.333333,0.333333,0.0,0.333333,-0.333333,-0.666666,0.666667,1,5,4,7,11,4,7->11,1,1,1->1,0,1,0->1,146.15,146.19,0.03999999999999204,0.03999999999999204,-3.5,-3.9,-0.3999999999999999,0.3999999999999999,0,1,1,1,0,0,1,0->0,strong_hydrophilic,strong_hydrophilic,strong_hydrophilic->strong_hydrophilic,polar,basic,0,0->1,2,2,0,2.9012,,,,,,unknown,unknown,,,,,,0,0,0,0,,,,,,,,,BRCA2 p.Q548K,0,"criteria provided, single submitter",ClinVar,3992799,clinvar,,,,,,,
hybrid,BRCA2,Q,L,713,7,23,16,3.2857142857142856,1.1895840668738364,161,1,0,16,5,19,11,29,2,4,4,6,6,10,4,0.333333,0.2,-0.133333,0.333333,0.2,-0.133333,2.0,1,5,4,7,23,16,7->23,1,0,1->0,0,1,0->1,146.15,131.18,-14.969999999999999,14.969999999999999,-3.5,3.8,7.3,7.3,0,0,0,0,1,0,0,0->1,strong_hydrophilic,strong_hydrophobic,strong_hydrophilic->strong_hydrophobic,polar,hydrophobic,0,0->0,2,6,4,9.9491,,,,,,unknown,unknown,,,,,,0,0,0,0,,,0.0002242677533946,362.0,1614142.0,0.0046407617581994,,,BRCA2 p.Q713L,0,"criteria provided, multiple submitters, no conflicts",ClinVar,51249,clinvar,13-32336493-A-T,ENST00000380152,missense_variant,gnomad_r4,GRCh38,,
hybrid,BRCA2,Q,P,713,7,17,10,2.4285714285714284,0.8873031950009027,119,1,0,10,5,13,11,19,2,4,4,2,6,6,0,0.333333,0.333333,0.0,0.333333,-0.333333,-0.666666,1.666667,1,5,4,7,17,10,7->17,1,1,1->1,0,0,0->0,146.15,115.13,-31.02000000000001,31.02000000000001,-3.5,-1.6,1.9,1.9,0,0,0,0,1,0,0,0->1,strong_hydrophilic,mild_hydrophilic,strong_hydrophilic->mild_hydrophilic,polar,special,0,0->0,2,4,2,5.0306,,,,,,unknown,unknown,,,,,,0,0,0,0,,,,,,,,,BRCA2 p.Q713P,0,"criteria provided, single submitter",ClinVar,156490,clinvar,,,,,,,
hybrid,BRCA2,E,G,1320,11,13,2,1.1818181818181819,0.16705408466316624,143,1,0,2,7,11,13,17,4,2,2,4,6,6,0,0.333333,0.333333,0.0,-0.333333,0.333333,0.666666,0.333333,5,1,-4,11,13,2,11->13,1,1,1->1,1,0,1->0,147.13,75.07,-72.06,72.06,-3.5,-0.4,3.1,3.1,-1,0,1,1,1,0,0,0->1,strong_hydrophilic,mild_hydrophilic,strong_hydrophilic->mild_hydrophilic,acidic,small_nonpolar,0,-1->0,2,4,2,8.9618,,,,,,unknown,unknown,,,,,,0,0,0,0,,,0.0,0.0,1585252.0,0.0,,,BRCA2 p.E1320G,0,"criteria provided, single submitter",ClinVar,3226569,clinvar,13-32338314-A-G,ENST00000380152,missense_variant,gnomad_r4,GRCh38,,
hybrid,BRCA2,E,D,1353,11,11,0,1.0,0.0,121,0,0,0,7,7,13,13,4,4,2,2,6,6,0,0.333333,0.333333,0.0,-0.333333,-0.333333,0.0,0.0,5,5,0,11,11,0,11->11,1,1,1->1,1,1,1->1,147.13,133.1,-14.030000000000001,14.030000000000001,-3.5,-3.5,0.0,0.0,-1,-1,0,0,0,0,1,0->0,strong_hydrophilic,strong_hydrophilic,strong_hydrophilic->strong_hydrophilic,acidic,acidic,1,-1->-1,2,2,0,0.4209,,,,,,unknown,unknown,,,,,,0,0,0,0,,,,,,,,,BRCA2 p.E1353D,0,"criteria provided, multiple submitters, no conflicts",ClinVar,1710049,clinvar,,,,,,,
hybrid,BRCA2,E,Q,1407,11,7,4,0.6363636363636364,-0.45198512374305727,77,0,1,4,7,5,13,11,4,2,2,4,6,6,0,0.333333,0.333333,0.0,-0.333333,0.333333,0.666666,0.666667,5,1,-4,11,7,-4,11->7,1,1,1->1,1,0,1->0,147.13,146.15,-0.9799999999999898,0.9799999999999898,-3.5,-3.5,0.0,0.0,-1,0,1,1,0,0,1,0->0,strong_hydrophilic,strong_hydrophilic,strong_hydrophilic->strong_hydrophilic,acidic,polar,0,-1->0,2,2,0,2.5294,,,,,,unknown,unknown,,,,,,0,0,0,0,,,,,,,,,BRCA2 p.E1407Q,0,"criteria provided, single submitter",ClinVar,4215910,clinvar,,,,,,,
hybrid,BRCA2,E,G,1481,11,13,2,1.1818181818181819,0.16705408466316624,143,1,0,2,7,11,13,17,4,2,2,4,6,6,0,0.333333,0.333333,0.0,-0.333333,0.333333,0.666666,0.333333,5,1,-4,11,13,2,11->13,1,1,1->1,1,0,1->0,147.13,75.07,-72.06,72.06,-3.5,-0.4,3.1,3.1,-1,0,1,1,1,0,0,0->1,strong_hydrophilic,mild_hydrophilic,strong_hydrophilic->mild_hydrophilic,acidic,small_nonpolar,0,-1->0,2,4,2,8.9618,,,,,,unknown,unknown,,,,,,0,0,0,0,,,,,,,,,BRCA2 p.E1481G,0,"criteria provided, single submitter",ClinVar,3482136,clinvar,,,,,,,
hybrid,BRCA2,E,G,1780,11,13,2,1.1818181818181819,0.16705408466316624,143,1,0,2,7,11,13,17,4,2,2,4,6,6,0,0.333333,0.333333,0.0,-0.333333,0.333333,0.666666,0.333333,5,1,-4,11,13,2,11->13,1,1,1->1,1,0,1->0,147.13,75.07,-72.06,72.06,-3.5,-0.4,3.1,3.1,-1,0,1,1,1,0,0,0->1,strong_hydrophilic,mild_hydrophilic,strong_hydrophilic->mild_hydrophilic,acidic,small_nonpolar,0,-1->0,2,4,2,8.9618,,,,,,unknown,unknown,,,,,,0,0,0,0,,,,,,,,,BRCA2 p.E1780G,0,"criteria provided, single submitter",ClinVar,4628997,clinvar,,,,,,,
hybrid,BRCA2,E,Q,1895,11,7,4,0.6363636363636364,-0.45198512374305727,77,0,1,4,7,5,13,11,4,2,2,4,6,6,0,0.333333,0.333333,0.0,-0.333333,0.333333,0.666666,0.666667,5,1,-4,11,7,-4,11->7,1,1,1->1,1,0,1->0,147.13,146.15,-0.9799999999999898,0.9799999999999898,-3.5,-3.5,0.0,0.0,-1,0,1,1,0,0,1,0->0,strong_hydrophilic,strong_hydrophilic,strong_hydrophilic->strong_hydrophilic,acidic,polar,0,-1->0,2,2,0,2.5294,,,,,,unknown,unknown,,,,,,0,0,0,0,,,,,,,,,BRCA2 p.E1895Q,0,"criteria provided, single submitter",ClinVar,51909,clinvar,,,,,,,
hybrid,BRCA2,E,Q,1928,11,7,4,0.6363636363636364,-0.45198512374305727,77,0,1,4,7,5,13,11,4,2,2,4,6,6,0,0.333333,0.333333,0.0,-0.333333,0.333333,0.666666,0.666667,5,1,-4,11,7,-4,11->7,1,1,1->1,1,0,1->0,147.13,146.15,-0.9799999999999898,0.9799999999999898,-3.5,-3.5,0.0,0.0,-1,0,1,1,0,0,1,0->0,strong_hydrophilic,strong_hydrophilic,strong_hydrophilic->strong_hydrophilic,acidic,polar,0,-1->0,2,2,0,2.5294,,,,,,unknown,unknown,,,,,,0,0,0,0,,,,,,,,,BRCA2 p.E1928Q,0,"criteria provided, multiple submitters, no conflicts",ClinVar,1749615,clinvar,,,,,,,
hybrid,BRCA2,E,A,218,11,13,2,1.1818181818181819,0.16705408466316624,143,1,0,2,7,11,13,17,4,2,2,4,6,6,0,0.333333,0.333333,0.0,-0.333333,0.333333,0.666666,0.333333,5,1,-4,11,13,2,11->13,1,1,1->1,1,0,1->0,147.13,89.09,-58.03999999999999,58.03999999999999,-3.5,1.8,5.3,5.3,-1,0,1,1,1,0,0,0->1,strong_hydrophilic,mild_hydrophobic,strong_hydrophilic->mild_hydrophobic,acidic,small_nonpolar,0,-1->0,2,4,2,10.7412,,,,,,unknown,unknown,,,,,,0,0,0,0,,,,,,,,,BRCA2 p.E218A,0,"criteria provided, single submitter",ClinVar,1754091,clinvar,,,,,,,
hybrid,BRCA2,E,K,2475,11,11,0,1.0,0.0,121,0,0,0,7,7,13,13,4,4,2,2,6,6,0,0.333333,0.333333,0.0,-0.333333,-0.333333,0.0,0.0,5,5,0,11,11,0,11->11,1,1,1->1,1,1,1->1,147.13,146.19,-0.9399999999999977,0.9399999999999977,-3.5,-3.9,-0.3999999999999999,0.3999999999999999,-1,1,2,2,0,0,1,0->0,strong_hydrophilic,strong_hydrophilic,strong_hydrophilic->strong_hydrophilic,acidic,basic,0,-1->1,2,2,0,4.4282,,,,,,unknown,unknown,,,,,,0,0,0,0,,,,,,,,,BRCA2 p.E2475K,0,"criteria provided, single submitter",ClinVar,4215922,clinvar,,,,,,,
hybrid,BRCA2,E,D,254,11,11,0,1.0,0.0,121,0,0,0,7,7,13,13,4,4,2,2,6,6,0,0.333333,0.333333,0.0,-0.333333,-0.333333,0.0,0.0,5,5,0,11,11,0,11->11,1,1,1->1,1,1,1->1,147.13,133.1,-14.030000000000001,14.030000000000001,-3.5,-3.5,0.0,0.0,-1,-1,0,0,0,0,1,0->0,strong_hydrophilic,strong_hydrophilic,strong_hydrophilic->strong_hydrophilic,acidic,acidic,1,-1->-1,2,2,0,0.4209,,,,,,unknown,unknown,,,,,,0,0,0,0,,,,,,,,,BRCA2 p.E254D,0,"criteria provided, single submitter",ClinVar,3228790,clinvar,,,,,,,
hybrid,BRCA2,E,A,2558,11,13,2,1.1818181818181819,0.16705408466316624,143,1,0,2,7,11,13,17,4,2,2,4,6,6,0,0.333333,0.333333,0.0,-0.333333,0.333333,0.666666,0.333333,5,1,-4,11,13,2,11->13,1,1,1->1,1,0,1->0,147.13,89.09,-58.03999999999999,58.03999999999999,-3.5,1.8,5.3,5.3,-1,0,1,1,1,0,0,0->1,strong_hydrophilic,mild_hydrophobic,strong_hydrophilic->mild_hydrophobic,acidic,small_nonpolar,0,-1->0,2,4,2,10.7412,,,,,,unknown,unknown,,,,,,0,0,0,0,,,,,,,,,BRCA2 p.E2558A,0,"criteria provided, single submitter",ClinVar,3228853,clinvar,,,,,,,
hybrid,BRCA2,E,D,2635,11,11,0,1.0,0.0,121,0,0,0,7,7,13,13,4,4,2,2,6,6,0,0.333333,0.333333,0.0,-0.333333,-0.333333,0.0,0.0,5,5,0,11,11,0,11->11,1,1,1->1,1,1,1->1,147.13,133.1,-14.030000000000001,14.030000000000001,-3.5,-3.5,0.0,0.0,-1,-1,0,0,0,0,1,0->0,strong_hydrophilic,strong_hydrophilic,strong_hydrophilic->strong_hydrophilic,acidic,acidic,1,-1->-1,2,2,0,0.4209,,,,,,unknown,unknown,,,,,,0,0,0,0,,,,,,,,,BRCA2 p.E2635D,0,"criteria provided, single submitter",ClinVar,4215892,clinvar,,,,,,,
hybrid,BRCA2,E,K,2663,11,11,0,1.0,0.0,121,0,0,0,7,7,13,13,4,4,2,2,6,6,0,0.333333,0.333333,0.0,-0.333333,-0.333333,0.0,0.0,5,5,0,11,11,0,11->11,1,1,1->1,1,1,1->1,147.13,146.19,-0.9399999999999977,0.9399999999999977,-3.5,-3.9,-0.3999999999999999,0.3999999999999999,-1,1,2,2,0,0,1,0->0,strong_hydrophilic,strong_hydrophilic,strong_hydrophilic->strong_hydrophilic,acidic,basic,0,-1->1,2,2,0,4.4282,,,,,,unknown,unknown,,,,,,0,0,0,0,,,6.197668437133951e-07,1.0,1613510.0,8.994196944131647e-07,0.8255975784070837,,BRCA2 p.E2663K,1,"criteria provided, multiple submitters, no conflicts",ClinVar,52461,clinvar,13-32363189-G-A,ENST00000380152,missense_variant,gnomad_r4,GRCh38,urn:mavedb:00001224-a-1,Scores from arrayed screen of BRCA2 homology directed repair function in VC-8 cells
hybrid,BRCA2,E,V,2757,11,19,8,1.7272727272727273,0.5465437063680699,209,1,0,8,7,17,13,23,4,2,2,4,6,6,0,0.333333,0.333333,0.0,-0.333333,0.333333,0.666666,1.333333,5,1,-4,11,19,8,11->19,1,1,1->1,1,0,1->0,147.13,117.15,-29.97999999999999,29.97999999999999,-3.5,4.2,7.7,7.7,-1,0,1,1,1,0,0,0->1,strong_hydrophilic,strong_hydrophobic,strong_hydrophilic->strong_hydrophobic,acidic,hydrophobic,0,-1->0,2,4,2,12.2994,,,,,,unknown,unknown,,,,,,0,0,0,0,,,,,,,4.6143577455838685,,BRCA2 p.E2757V,0,"criteria provided, single submitter",ClinVar,3229226,clinvar,,,,,,urn:mavedb:00001224-a-1,Scores from arrayed screen of BRCA2 homology directed repair function in VC-8 cells
hybrid,BRCA2,E,V,2772,11,19,8,1.7272727272727273,0.5465437063680699,209,1,0,8,7,17,13,23,4,2,2,4,6,6,0,0.333333,0.333333,0.0,-0.333333,0.333333,0.666666,1.333333,5,1,-4,11,19,8,11->19,1,1,1->1,1,0,1->0,147.13,117.15,-29.97999999999999,29.97999999999999,-3.5,4.2,7.7,7.7,-1,0,1,1,1,0,0,0->1,strong_hydrophilic,strong_hydrophobic,strong_hydrophilic->strong_hydrophobic,acidic,hydrophobic,0,-1->0,2,4,2,12.2994,,,,,,unknown,unknown,,,,,,0,0,0,0,,,,,,,,,BRCA2 p.E2772V,0,"criteria provided, single submitter",ClinVar,479321,clinvar,,,,,,,
hybrid,BRCA2,E,K,2832,11,11,0,1.0,0.0,121,0,0,0,7,7,13,13,4,4,2,2,6,6,0,0.333333,0.333333,0.0,-0.333333,-0.333333,0.0,0.0,5,5,0,11,11,0,11->11,1,1,1->1,1,1,1->1,147.13,146.19,-0.9399999999999977,0.9399999999999977,-3.5,-3.9,-0.3999999999999999,0.3999999999999999,-1,1,2,2,0,0,1,0->0,strong_hydrophilic,strong_hydrophilic,strong_hydrophilic->strong_hydrophilic,acidic,basic,0,-1->1,2,2,0,4.4282,,,,,,unknown,unknown,,,,,,0,0,0,0,,,,,,,,,BRCA2 p.E2832K,0,"criteria provided, single submitter",ClinVar,1763584,clinvar,,,,,,,
hybrid,BRCA2,E,A,2850,11,13,2,1.1818181818181819,0.16705408466316624,143,1,0,2,7,11,13,17,4,2,2,4,6,6,0,0.333333,0.333333,0.0,-0.333333,0.333333,0.666666,0.333333,5,1,-4,11,13,2,11->13,1,1,1->1,1,0,1->0,147.13,89.09,-58.03999999999999,58.03999999999999,-3.5,1.8,5.3,5.3,-1,0,1,1,1,0,0,0->1,strong_hydrophilic,mild_hydrophobic,strong_hydrophilic->mild_hydrophobic,acidic,small_nonpolar,0,-1->0,2,4,2,10.7412,,,,,,unknown,unknown,,,,,,0,0,0,0,,,,,,,,,BRCA2 p.E2850A,0,"criteria provided, single submitter",ClinVar,4629247,clinvar,,,,,,,
hybrid,BRCA2,E,G,2856,11,13,2,1.1818181818181819,0.16705408466316624,143,1,0,2,7,11,13,17,4,2,2,4,6,6,0,0.333333,0.333333,0.0,-0.333333,0.333333,0.666666,0.333333,5,1,-4,11,13,2,11->13,1,1,1->1,1,0,1->0,147.13,75.07,-72.06,72.06,-3.5,-0.4,3.1,3.1,-1,0,1,1,1,0,0,0->1,strong_hydrophilic,mild_hydrophilic,strong_hydrophilic->mild_hydrophilic,acidic,small_nonpolar,0,-1->0,2,4,2,8.9618,,,,,,unknown,unknown,,,,,,0,0,0,0,,,,,,,,,BRCA2 p.E2856G,0,"criteria provided, single submitter",ClinVar,4626202,clinvar,,,,,,,
hybrid,BRCA2,E,D,2871,11,11,0,1.0,0.0,121,0,0,0,7,7,13,13,4,4,2,2,6,6,0,0.333333,0.333333,0.0,-0.333333,-0.333333,0.0,0.0,5,5,0,11,11,0,11->11,1,1,1->1,1,1,1->1,147.13,133.1,-14.030000000000001,14.030000000000001,-3.5,-3.5,0.0,0.0,-1,-1,0,0,0,0,1,0->0,strong_hydrophilic,strong_hydrophilic,strong_hydrophilic->strong_hydrophilic,acidic,acidic,1,-1->-1,2,2,0,0.4209,,,,,,unknown,unknown,,,,,,0,0,0,0,,,,,,,,,BRCA2 p.E2871D,0,"criteria provided, single submitter",ClinVar,1764043,clinvar,,,,,,,
hybrid,BRCA2,E,D,2875,11,11,0,1.0,0.0,121,0,0,0,7,7,13,13,4,4,2,2,6,6,0,0.333333,0.333333,0.0,-0.333333,-0.333333,0.0,0.0,5,5,0,11,11,0,11->11,1,1,1->1,1,1,1->1,147.13,133.1,-14.030000000000001,14.030000000000001,-3.5,-3.5,0.0,0.0,-1,-1,0,0,0,0,1,0->0,strong_hydrophilic,strong_hydrophilic,strong_hydrophilic->strong_hydrophilic,acidic,acidic,1,-1->-1,2,2,0,0.4209,,,,,,unknown,unknown,,,,,,0,0,0,0,,,,,,,,,BRCA2 p.E2875D,0,"criteria provided, single submitter",ClinVar,822609,clinvar,,,,,,,
hybrid,BRCA2,E,K,2878,11,11,0,1.0,0.0,121,0,0,0,7,7,13,13,4,4,2,2,6,6,0,0.333333,0.333333,0.0,-0.333333,-0.333333,0.0,0.0,5,5,0,11,11,0,11->11,1,1,1->1,1,1,1->1,147.13,146.19,-0.9399999999999977,0.9399999999999977,-3.5,-3.9,-0.3999999999999999,0.3999999999999999,-1,1,2,2,0,0,1,0->0,strong_hydrophilic,strong_hydrophilic,strong_hydrophilic->strong_hydrophilic,acidic,basic,0,-1->1,2,2,0,4.4282,,,,,,unknown,unknown,,,,,,0,0,0,0,,,,,,,4.870913373548653,,BRCA2 p.E2878K,1,"criteria provided, multiple submitters, no conflicts",ClinVar,91730,clinvar,,,,,,urn:mavedb:00001224-a-1,Scores from arrayed screen of BRCA2 homology directed repair function in VC-8 cells
hybrid,BRCA2,E,Q,2903,11,7,4,0.6363636363636364,-0.45198512374305727,77,0,1,4,7,5,13,11,4,2,2,4,6,6,0,0.333333,0.333333,0.0,-0.333333,0.333333,0.666666,0.666667,5,1,-4,11,7,-4,11->7,1,1,1->1,1,0,1->0,147.13,146.15,-0.9799999999999898,0.9799999999999898,-3.5,-3.5,0.0,0.0,-1,0,1,1,0,0,1,0->0,strong_hydrophilic,strong_hydrophilic,strong_hydrophilic->strong_hydrophilic,acidic,polar,0,-1->0,2,2,0,2.5294,,,,,,unknown,unknown,,,,,,0,0,0,0,,,,,,,,,BRCA2 p.E2903Q,0,"criteria provided, single submitter",ClinVar,3229407,clinvar,,,,,,,
hybrid,BRCA2,E,K,2903,11,11,0,1.0,0.0,121,0,0,0,7,7,13,13,4,4,2,2,6,6,0,0.333333,0.333333,0.0,-0.333333,-0.333333,0.0,0.0,5,5,0,11,11,0,11->11,1,1,1->1,1,1,1->1,147.13,146.19,-0.9399999999999977,0.9399999999999977,-3.5,-3.9,-0.3999999999999999,0.3999999999999999,-1,1,2,2,0,0,1,0->0,strong_hydrophilic,strong_hydrophilic,strong_hydrophilic->strong_hydrophilic,acidic,basic,0,-1->1,2,2,0,4.4282,,,,,,unknown,unknown,,,,,,0,0,0,0,,,,,,,,,BRCA2 p.E2903K,0,"criteria provided, single submitter",ClinVar,2451481,clinvar,,,,,,,
hybrid,BRCA2,E,D,2918,11,11,0,1.0,0.0,121,0,0,0,7,7,13,13,4,4,2,2,6,6,0,0.333333,0.333333,0.0,-0.333333,-0.333333,0.0,0.0,5,5,0,11,11,0,11->11,1,1,1->1,1,1,1->1,147.13,133.1,-14.030000000000001,14.030000000000001,-3.5,-3.5,0.0,0.0,-1,-1,0,0,0,0,1,0->0,strong_hydrophilic,strong_hydrophilic,strong_hydrophilic->strong_hydrophilic,acidic,acidic,1,-1->-1,2,2,0,0.4209,,,,,,unknown,unknown,,,,,,0,0,0,0,,,,,,,,,BRCA2 p.E2918D,1,"criteria provided, single submitter",ClinVar,4071408,clinvar,,,,,,,
hybrid,BRCA2,E,K,2947,11,11,0,1.0,0.0,121,0,0,0,7,7,13,13,4,4,2,2,6,6,0,0.333333,0.333333,0.0,-0.333333,-0.333333,0.0,0.0,5,5,0,11,11,0,11->11,1,1,1->1,1,1,1->1,147.13,146.19,-0.9399999999999977,0.9399999999999977,-3.5,-3.9,-0.3999999999999999,0.3999999999999999,-1,1,2,2,0,0,1,0->0,strong_hydrophilic,strong_hydrophilic,strong_hydrophilic->strong_hydrophilic,acidic,basic,0,-1->1,2,2,0,4.4282,,,,,,unknown,unknown,,,,,,0,0,0,0,,,,,,,4.889608253299843,,BRCA2 p.E2947K,0,"criteria provided, multiple submitters, no conflicts",ClinVar,1651000,clinvar,,,,,,urn:mavedb:00001224-a-1,Scores from arrayed screen of BRCA2 homology directed repair function in VC-8 cells
hybrid,BRCA2,E,V,2981,11,19,8,1.7272727272727273,0.5465437063680699,209,1,0,8,7,17,13,23,4,2,2,4,6,6,0,0.333333,0.333333,0.0,-0.333333,0.333333,0.666666,1.333333,5,1,-4,11,19,8,11->19,1,1,1->1,1,0,1->0,147.13,117.15,-29.97999999999999,29.97999999999999,-3.5,4.2,7.7,7.7,-1,0,1,1,1,0,0,0->1,strong_hydrophilic,strong_hydrophobic,strong_hydrophilic->strong_hydrophobic,acidic,hydrophobic,0,-1->0,2,4,2,12.2994,,,,,,unknown,unknown,,,,,,0,0,0,0,,,,,,,,,BRCA2 p.E2981V,0,"criteria provided, single submitter",ClinVar,4215273,clinvar,,,,,,,
hybrid,BRCA2,E,K,3002,11,11,0,1.0,0.0,121,0,0,0,7,7,13,13,4,4,2,2,6,6,0,0.333333,0.333333,0.0,-0.333333,-0.333333,0.0,0.0,5,5,0,11,11,0,11->11,1,1,1->1,1,1,1->1,147.13,146.19,-0.9399999999999977,0.9399999999999977,-3.5,-3.9,-0.3999999999999999,0.3999999999999999,-1,1,2,2,0,0,1,0->0,strong_hydrophilic,strong_hydrophilic,strong_hydrophilic->strong_hydrophilic,acidic,basic,0,-1->1,2,2,0,4.4282,,,,,,unknown,unknown,,,,,,0,0,0,0,,,1.8606289670160104e-06,3.0,1612358.0,2.7016317855985013e-06,1.0743218432235364,,BRCA2 p.E3002K,1,"criteria provided, multiple submitters, no conflicts",ClinVar,38201,clinvar,13-32379800-G-A,ENST00000380152,missense_variant,gnomad_r4,GRCh38,urn:mavedb:00001224-a-1,Scores from arrayed screen of BRCA2 homology directed repair function in VC-8 cells
hybrid,BRCA2,E,D,3043,11,11,0,1.0,0.0,121,0,0,0,7,7,13,13,4,4,2,2,6,6,0,0.333333,0.333333,0.0,-0.333333,-0.333333,0.0,0.0,5,5,0,11,11,0,11->11,1,1,1->1,1,1,1->1,147.13,133.1,-14.030000000000001,14.030000000000001,-3.5,-3.5,0.0,0.0,-1,-1,0,0,0,0,1,0->0,strong_hydrophilic,strong_hydrophilic,strong_hydrophilic->strong_hydrophilic,acidic,acidic,1,-1->-1,2,2,0,0.4209,,,,,,unknown,unknown,,,,,,0,0,0,0,,,,,,,,,BRCA2 p.E3043D,0,"criteria provided, single submitter",ClinVar,1765893,clinvar,,,,,,,
hybrid,BRCA2,E,Q,3096,11,7,4,0.6363636363636364,-0.45198512374305727,77,0,1,4,7,5,13,11,4,2,2,4,6,6,0,0.333333,0.333333,0.0,-0.333333,0.333333,0.666666,0.666667,5,1,-4,11,7,-4,11->7,1,1,1->1,1,0,1->0,147.13,146.15,-0.9799999999999898,0.9799999999999898,-3.5,-3.5,0.0,0.0,-1,0,1,1,0,0,1,0->0,strong_hydrophilic,strong_hydrophilic,strong_hydrophilic->strong_hydrophilic,acidic,polar,0,-1->0,2,2,0,2.5294,,,,,,unknown,unknown,,,,,,0,0,0,0,,,,,,,,,BRCA2 p.E3096Q,0,"criteria provided, single submitter",ClinVar,1766432,clinvar,,,,,,,
hybrid,BRCA2,E,K,3130,11,11,0,1.0,0.0,121,0,0,0,7,7,13,13,4,4,2,2,6,6,0,0.333333,0.333333,0.0,-0.333333,-0.333333,0.0,0.0,5,5,0,11,11,0,11->11,1,1,1->1,1,1,1->1,147.13,146.19,-0.9399999999999977,0.9399999999999977,-3.5,-3.9,-0.3999999999999999,0.3999999999999999,-1,1,2,2,0,0,1,0->0,strong_hydrophilic,strong_hydrophilic,strong_hydrophilic->strong_hydrophilic,acidic,basic,0,-1->1,2,2,0,4.4282,,,,,,unknown,unknown,,,,,,0,0,0,0,,,,,,,,,BRCA2 p.E3130K,0,"criteria provided, single submitter",ClinVar,3481999,clinvar,,,,,,,
hybrid,BRCA2,E,V,3130,11,19,8,1.7272727272727273,0.5465437063680699,209,1,0,8,7,17,13,23,4,2,2,4,6,6,0,0.333333,0.333333,0.0,-0.333333,0.333333,0.666666,1.333333,5,1,-4,11,19,8,11->19,1,1,1->1,1,0,1->0,147.13,117.15,-29.97999999999999,29.97999999999999,-3.5,4.2,7.7,7.7,-1,0,1,1,1,0,0,0->1,strong_hydrophilic,strong_hydrophobic,strong_hydrophilic->strong_hydrophobic,acidic,hydrophobic,0,-1->0,2,4,2,12.2994,,,,,,unknown,unknown,,,,,,0,0,0,0,,,,,,,,,BRCA2 p.E3130V,0,"criteria provided, single submitter",ClinVar,1766756,clinvar,,,,,,,
hybrid,BRCA2,E,G,3157,11,13,2,1.1818181818181819,0.16705408466316624,143,1,0,2,7,11,13,17,4,2,2,4,6,6,0,0.333333,0.333333,0.0,-0.333333,0.333333,0.666666,0.333333,5,1,-4,11,13,2,11->13,1,1,1->1,1,0,1->0,147.13,75.07,-72.06,72.06,-3.5,-0.4,3.1,3.1,-1,0,1,1,1,0,0,0->1,strong_hydrophilic,mild_hydrophilic,strong_hydrophilic->mild_hydrophilic,acidic,small_nonpolar,0,-1->0,2,4,2,8.9618,,,,,,unknown,unknown,,,,,,0,0,0,0,,,,,,,,,BRCA2 p.E3157G,0,"criteria provided, single submitter",ClinVar,3261517,clinvar,,,,,,,
hybrid,BRCA2,E,K,3258,11,11,0,1.0,0.0,121,0,0,0,7,7,13,13,4,4,2,2,6,6,0,0.333333,0.333333,0.0,-0.333333,-0.333333,0.0,0.0,5,5,0,11,11,0,11->11,1,1,1->1,1,1,1->1,147.13,146.19,-0.9399999999999977,0.9399999999999977,-3.5,-3.9,-0.3999999999999999,0.3999999999999999,-1,1,2,2,0,0,1,0->0,strong_hydrophilic,strong_hydrophilic,strong_hydrophilic->strong_hydrophilic,acidic,basic,0,-1->1,2,2,0,4.4282,,,,,,unknown,unknown,,,,,,0,0,0,0,,,,,,,,,BRCA2 p.E3258K,0,"criteria provided, single submitter",ClinVar,4215874,clinvar,,,,,,,
hybrid,BRCA2,E,D,3367,11,11,0,1.0,0.0,121,0,0,0,7,7,13,13,4,4,2,2,6,6,0,0.333333,0.333333,0.0,-0.333333,-0.333333,0.0,0.0,5,5,0,11,11,0,11->11,1,1,1->1,1,1,1->1,147.13,133.1,-14.030000000000001,14.030000000000001,-3.5,-3.5,0.0,0.0,-1,-1,0,0,0,0,1,0->0,strong_hydrophilic,strong_hydrophilic,strong_hydrophilic->strong_hydrophilic,acidic,acidic,1,-1->-1,2,2,0,0.4209,,,,,,unknown,unknown,,,,,,0,0,0,0,,,,,,,,,BRCA2 p.E3367D,0,"criteria provided, single submitter",ClinVar,2566046,clinvar,,,,,,,
hybrid,BRCA2,E,Q,3403,11,7,4,0.6363636363636364,-0.45198512374305727,77,0,1,4,7,5,13,11,4,2,2,4,6,6,0,0.333333,0.333333,0.0,-0.333333,0.333333,0.666666,0.666667,5,1,-4,11,7,-4,11->7,1,1,1->1,1,0,1->0,147.13,146.15,-0.9799999999999898,0.9799999999999898,-3.5,-3.5,0.0,0.0,-1,0,1,1,0,0,1,0->0,strong_hydrophilic,strong_hydrophilic,strong_hydrophilic->strong_hydrophilic,acidic,polar,0,-1->0,2,2,0,2.5294,,,,,,unknown,unknown,,,,,,0,0,0,0,,,,,,,,,BRCA2 p.E3403Q,0,"criteria provided, single submitter",ClinVar,1757403,clinvar,,,,,,,
hybrid,BRCA2,E,Q,377,11,7,4,0.6363636363636364,-0.45198512374305727,77,0,1,4,7,5,13,11,4,2,2,4,6,6,0,0.333333,0.333333,0.0,-0.333333,0.333333,0.666666,0.666667,5,1,-4,11,7,-4,11->7,1,1,1->1,1,0,1->0,147.13,146.15,-0.9799999999999898,0.9799999999999898,-3.5,-3.5,0.0,0.0,-1,0,1,1,0,0,1,0->0,strong_hydrophilic,strong_hydrophilic,strong_hydrophilic->strong_hydrophilic,acidic,polar,0,-1->0,2,2,0,2.5294,,,,,,unknown,unknown,,,,,,0,0,0,0,,,,,,,,,BRCA2 p.E377Q,0,"criteria provided, single submitter",ClinVar,417620,clinvar,,,,,,,
hybrid,BRCA2,E,K,984,11,11,0,1.0,0.0,121,0,0,0,7,7,13,13,4,4,2,2,6,6,0,0.333333,0.333333,0.0,-0.333333,-0.333333,0.0,0.0,5,5,0,11,11,0,11->11,1,1,1->1,1,1,1->1,147.13,146.19,-0.9399999999999977,0.9399999999999977,-3.5,-3.9,-0.3999999999999999,0.3999999999999999,-1,1,2,2,0,0,1,0->0,strong_hydrophilic,strong_hydrophilic,strong_hydrophilic->strong_hydrophilic,acidic,basic,0,-1->1,2,2,0,4.4282,,,,,,unknown,unknown,,,,,,0,0,0,0,,,,,,,,,BRCA2 p.E984K,0,"criteria provided, single submitter",ClinVar,3992681,clinvar,,,,,,,
hybrid,BRCA2,G,R,1376,13,19,6,1.4615384615384615,0.3794896217049037,247,1,0,6,11,17,17,23,2,2,4,4,6,6,0,0.333333,0.333333,0.0,0.333333,0.333333,0.0,1.0,1,1,0,13,19,6,13->19,1,1,1->1,0,0,0->0,75.07,174.2,99.13,99.13,-0.4,-4.5,-4.1,4.1,0,1,1,1,1,0,0,1->0,mild_hydrophilic,strong_hydrophilic,mild_hydrophilic->strong_hydrophilic,small_nonpolar,basic,0,0->1,4,6,2,10.7739,,,,,,unknown,unknown,,,,,,0,0,0,0,,,1.243485689344944e-06,2.0,1608382.0,1.8013733670550428e-06,,,BRCA2 p.G1376R,0,"criteria provided, single submitter",ClinVar,3765271,clinvar,13-32338481-G-C,ENST00000380152,missense_variant,gnomad_r4,GRCh38,,
hybrid,BRCA2,G,V,1508,13,19,6,1.4615384615384615,0.3794896217049037,247,1,0,6,11,17,17,23,2,2,4,4,6,6,0,0.333333,0.333333,0.0,0.333333,0.333333,0.0,1.0,1,1,0,13,19,6,13->19,1,1,1->1,0,0,0->0,75.07,117.15,42.08000000000001,42.08000000000001,-0.4,4.2,4.6000000000000005,4.6000000000000005,0,0,0,0,0,0,1,1->1,mild_hydrophilic,strong_hydrophobic,mild_hydrophilic->strong_hydrophobic,small_nonpolar,hydrophobic,0,0->0,4,4,0,6.8624,,,,,,unknown,unknown,,,,,,0,0,0,0,,,,,,,,,BRCA2 p.G1508V,0,"criteria provided, single submitter",ClinVar,3765272,clinvar,,,,,,,
hybrid,BRCA2,G,V,1696,13,19,6,1.4615384615384615,0.3794896217049037,247,1,0,6,11,17,17,23,2,2,4,4,6,6,0,0.333333,0.333333,0.0,0.333333,0.333333,0.0,1.0,1,1,0,13,19,6,13->19,1,1,1->1,0,0,0->0,75.07,117.15,42.08000000000001,42.08000000000001,-0.4,4.2,4.6000000000000005,4.6000000000000005,0,0,0,0,0,0,1,1->1,mild_hydrophilic,strong_hydrophobic,mild_hydrophilic->strong_hydrophobic,small_nonpolar,hydrophobic,0,0->0,4,4,0,6.8624,,,,,,unknown,unknown,,,,,,0,0,0,0,,,1.2586960161012394e-06,2.0,1588946.0,2.457062827096489e-05,,,BRCA2 p.G1696V,1,no assertion criteria provided,ClinVar,431311,clinvar,13-32339442-G-T,ENST00000380152,missense_variant,gnomad_r4,GRCh38,,
hybrid,BRCA2,G,R,173,13,19,6,1.4615384615384615,0.3794896217049037,247,1,0,6,11,17,17,23,2,2,4,4,6,6,0,0.333333,0.333333,0.0,0.333333,0.333333,0.0,1.0,1,1,0,13,19,6,13->19,1,1,1->1,0,0,0->0,75.07,174.2,99.13,99.13,-0.4,-4.5,-4.1,4.1,0,1,1,1,1,0,0,1->0,mild_hydrophilic,strong_hydrophilic,mild_hydrophilic->strong_hydrophilic,small_nonpolar,basic,0,0->1,4,6,2,10.7739,,,,,,unknown,unknown,,,,,,0,0,0,0,,,6.24254795837469e-07,1.0,1601910.0,9.082916124719336e-07,,,BRCA2 p.G173R,1,"criteria provided, multiple submitters, no conflicts",ClinVar,182177,clinvar,13-32326499-G-C,ENST00000380152,missense_variant,gnomad_r4,GRCh38,,
hybrid,BRCA2,G,K,2063,13,11,2,0.8461538461538461,-0.1670540846631662,143,0,1,2,11,7,17,13,2,4,4,2,6,6,0,0.333333,0.333333,0.0,0.333333,-0.333333,-0.666666,0.333333,1,5,4,13,11,-2,13->11,1,1,1->1,0,1,0->1,75.07,146.19,71.12,71.12,-0.4,-3.9,-3.5,3.5,0,1,1,1,1,0,0,1->0,mild_hydrophilic,strong_hydrophilic,mild_hydrophilic->strong_hydrophilic,small_nonpolar,basic,0,0->1,4,2,-2,9.3336,,,,,,unknown,unknown,,,,,,0,0,0,0,,,,,,,,,BRCA2 p.G2063K,0,"criteria provided, single submitter",ClinVar,2443084,clinvar,,,,,,,
hybrid,BRCA2,G,A,2168,13,13,0,1.0,0.0,169,0,0,0,11,11,17,17,2,2,4,4,6,6,0,0.333333,0.333333,0.0,0.333333,0.333333,0.0,0.0,1,1,0,13,13,0,13->13,1,1,1->1,0,0,0->0,75.07,89.09,14.02000000000001,14.02000000000001,-0.4,1.8,2.2,2.2,0,0,0,0,0,0,1,1->1,mild_hydrophilic,mild_hydrophobic,mild_hydrophilic->mild_hydrophobic,small_nonpolar,small_nonpolar,1,0->0,4,4,0,2.6206,,,,,,unknown,unknown,,,,,,0,0,0,0,,,,,,,,,BRCA2 p.G2168A,0,"criteria provided, single submitter",ClinVar,433806,clinvar,,,,,,,
hybrid,BRCA2,G,R,2181,13,19,6,1.4615384615384615,0.3794896217049037,247,1,0,6,11,17,17,23,2,2,4,4,6,6,0,0.333333,0.333333,0.0,0.333333,0.333333,0.0,1.0,1,1,0,13,19,6,13->19,1,1,1->1,0,0,0->0,75.07,174.2,99.13,99.13,-0.4,-4.5,-4.1,4.1,0,1,1,1,1,0,0,1->0,mild_hydrophilic,strong_hydrophilic,mild_hydrophilic->strong_hydrophilic,small_nonpolar,basic,0,0->1,4,6,2,10.7739,,,,,,unknown,unknown,,,,,,0,0,0,0,,,7.466902952662324e-06,12.0,1607092.0,0.0001688781664656,,,BRCA2 p.G2181R,0,"criteria provided, multiple submitters, no conflicts",ClinVar,387276,clinvar,13-32340896-G-C,ENST00000380152,missense_variant,gnomad_r4,GRCh38,,
hybrid,BRCA2,G,S,2195,13,17,4,1.3076923076923077,0.26826398659467937,221,1,0,4,11,13,17,19,2,4,4,2,6,6,0,0.333333,0.333333,0.0,0.333333,-0.333333,-0.666666,0.666667,1,5,4,13,17,4,13->17,1,1,1->1,0,0,0->0,75.07,105.09,30.02000000000001,30.02000000000001,-0.4,-0.8,-0.4,0.4,0,0,0,0,1,0,0,1->0,mild_hydrophilic,mild_hydrophilic,mild_hydrophilic->mild_hydrophilic,small_nonpolar,polar,0,0->0,4,6,2,3.5006,,,,,,unknown,unknown,,,,,,0,0,0,0,,,,,,,,,BRCA2 p.G2195S,0,"criteria provided, multiple submitters, no conflicts",ClinVar,802940,clinvar,,,,,,,
hybrid,BRCA2,G,R,2529,13,19,6,1.4615384615384615,0.3794896217049037,247,1,0,6,11,17,17,23,2,2,4,4,6,6,0,0.333333,0.333333,0.0,0.333333,0.333333,0.0,1.0,1,1,0,13,19,6,13->19,1,1,1->1,0,0,0->0,75.07,174.2,99.13,99.13,-0.4,-4.5,-4.1,4.1,0,1,1,1,1,0,0,1->0,mild_hydrophilic,strong_hydrophilic,mild_hydrophilic->strong_hydrophilic,small_nonpolar,basic,0,0->1,4,6,2,10.7739,,,,,,unknown,unknown,,,,,,0,0,0,0,,,,,,,,,BRCA2 p.G2529R,0,"criteria provided, single submitter",ClinVar,1759631,clinvar,,,,,,,
hybrid,BRCA2,G,V,2529,13,19,6,1.4615384615384615,0.3794896217049037,247,1,0,6,11,17,17,23,2,2,4,4,6,6,0,0.333333,0.333333,0.0,0.333333,0.333333,0.0,1.0,1,1,0,13,19,6,13->19,1,1,1->1,0,0,0->0,75.07,117.15,42.08000000000001,42.08000000000001,-0.4,4.2,4.6000000000000005,4.6000000000000005,0,0,0,0,0,0,1,1->1,mild_hydrophilic,strong_hydrophobic,mild_hydrophilic->strong_hydrophobic,small_nonpolar,hydrophobic,0,0->0,4,4,0,6.8624,,,,,,unknown,unknown,,,,,,0,0,0,0,,,,,,,,,BRCA2 p.G2529V,0,"criteria provided, single submitter",ClinVar,3825450,clinvar,,,,,,,
hybrid,BRCA2,G,R,2596,13,19,6,1.4615384615384615,0.3794896217049037,247,1,0,6,11,17,17,23,2,2,4,4,6,6,0,0.333333,0.333333,0.0,0.333333,0.333333,0.0,1.0,1,1,0,13,19,6,13->19,1,1,1->1,0,0,0->0,75.07,174.2,99.13,99.13,-0.4,-4.5,-4.1,4.1,0,1,1,1,1,0,0,1->0,mild_hydrophilic,strong_hydrophilic,mild_hydrophilic->strong_hydrophilic,small_nonpolar,basic,0,0->1,4,6,2,10.7739,,,,,,unknown,unknown,,,,,,0,0,0,0,,,4.337195916096325e-06,7.0,1613946.0,6.295564145503079e-06,1.2806164789499668,,BRCA2 p.G2596R,1,"criteria provided, single submitter",ClinVar,995946,clinvar,13-32357910-G-A,ENST00000380152,missense_variant,gnomad_r4,GRCh38,urn:mavedb:00001224-a-1,Scores from arrayed screen of BRCA2 homology directed repair function in VC-8 cells
hybrid,BRCA2,G,D,2609,13,11,2,0.8461538461538461,-0.1670540846631662,143,0,1,2,11,7,17,13,2,4,4,2,6,6,0,0.333333,0.333333,0.0,0.333333,-0.333333,-0.666666,0.333333,1,5,4,13,11,-2,13->11,1,1,1->1,0,1,0->1,75.07,133.1,58.03,58.03,-0.4,-3.5,-3.1,3.1,0,-1,-1,1,1,0,0,1->0,mild_hydrophilic,strong_hydrophilic,mild_hydrophilic->strong_hydrophilic,small_nonpolar,acidic,0,0->-1,4,2,-2,8.5409,,,,,,unknown,unknown,,,,,,0,0,0,0,,,6.196193802071264e-07,1.0,1613894.0,8.994261661060243e-07,1.756632227595914,,BRCA2 p.G2609D,1,"criteria provided, multiple submitters, no conflicts",ClinVar,52423,clinvar,13-32362543-G-A,ENST00000380152,missense_variant,gnomad_r4,GRCh38,urn:mavedb:00001224-a-1,Scores from arrayed screen of BRCA2 homology directed repair function in VC-8 cells
hybrid,BRCA2,G,R,2724,13,19,6,1.4615384615384615,0.3794896217049037,247,1,0,6,11,17,17,23,2,2,4,4,6,6,0,0.333333,0.333333,0.0,0.333333,0.333333,0.0,1.0,1,1,0,13,19,6,13->19,1,1,1->1,0,0,0->0,75.07,174.2,99.13,99.13,-0.4,-4.5,-4.1,4.1,0,1,1,1,1,0,0,1->0,mild_hydrophilic,strong_hydrophilic,mild_hydrophilic->strong_hydrophilic,small_nonpolar,basic,0,0->1,4,6,2,10.7739,,,,,,unknown,unknown,,,,,,0,0,0,0,,,,,,,,,BRCA2 p.G2724R,1,"criteria provided, single submitter",ClinVar,2058629,clinvar,,,,,,,
hybrid,BRCA2,G,W,2724,13,11,2,0.8461538461538461,-0.1670540846631662,143,0,1,2,11,7,17,13,2,4,4,2,6,6,0,0.333333,0.333333,0.0,0.333333,-0.333333,-0.666666,0.333333,1,5,4,13,11,-2,13->11,1,1,1->1,0,1,0->1,75.07,204.23,129.16,129.16,-0.4,-0.9,-0.5,0.5,0,0,0,0,0,1,0,1->0,mild_hydrophilic,mild_hydrophilic,mild_hydrophilic->mild_hydrophilic,small_nonpolar,aromatic,0,0->0,4,1,-3,6.5748,,,,,,unknown,unknown,,,,,,0,0,0,0,,,6.195272511451961e-07,1.0,1614134.0,1.1593396401409756e-05,1.117879068251608,,BRCA2 p.G2724W,1,"criteria provided, single submitter",ClinVar,381831,clinvar,13-32363372-G-T,ENST00000380152,missense_variant,gnomad_r4,GRCh38,urn:mavedb:00001224-a-1,Scores from arrayed screen of BRCA2 homology directed repair function in VC-8 cells
hybrid,BRCA2,G,V,2724,13,19,6,1.4615384615384615,0.3794896217049037,247,1,0,6,11,17,17,23,2,2,4,4,6,6,0,0.333333,0.333333,0.0,0.333333,0.333333,0.0,1.0,1,1,0,13,19,6,13->19,1,1,1->1,0,0,0->0,75.07,117.15,42.08000000000001,42.08000000000001,-0.4,4.2,4.6000000000000005,4.6000000000000005,0,0,0,0,0,0,1,1->1,mild_hydrophilic,strong_hydrophobic,mild_hydrophilic->strong_hydrophobic,small_nonpolar,hydrophobic,0,0->0,4,4,0,6.8624,,,,,,unknown,unknown,,,,,,0,0,0,0,,,,,,,1.065907898910376,,BRCA2 p.G2724V,1,"criteria provided, multiple submitters, no conflicts",ClinVar,52517,clinvar,,,,,,urn:mavedb:00001224-a-1,Scores from arrayed screen of BRCA2 homology directed repair function in VC-8 cells
hybrid,BRCA2,G,C,2743,13,5,8,0.38461538461538464,-0.9555114450274363,65,0,1,8,11,3,17,7,2,2,4,2,6,4,-2,0.333333,0.5,0.166667,0.333333,0.0,-0.333333,1.6,1,5,4,13,5,-8,13->5,1,1,1->1,0,1,0->1,75.07,121.16,46.09,46.09,-0.4,2.5,2.9,2.9,0,0,0,0,1,0,0,1->0,mild_hydrophilic,strong_hydrophobic,mild_hydrophilic->strong_hydrophobic,small_nonpolar,special,0,0->0,4,2,-2,6.4827,,,,,,unknown,unknown,,,,,,0,0,0,0,,,,,,,3.594574869536457,,BRCA2 p.G2743C,0,"criteria provided, single submitter",ClinVar,827523,clinvar,,,,,,urn:mavedb:00001224-a-1,Scores from arrayed screen of BRCA2 homology directed repair function in VC-8 cells
hybrid,BRCA2,G,R,2793,13,19,6,1.4615384615384615,0.3794896217049037,247,1,0,6,11,17,17,23,2,2,4,4,6,6,0,0.333333,0.333333,0.0,0.333333,0.333333,0.0,1.0,1,1,0,13,19,6,13->19,1,1,1->1,0,0,0->0,75.07,174.2,99.13,99.13,-0.4,-4.5,-4.1,4.1,0,1,1,1,1,0,0,1->0,mild_hydrophilic,strong_hydrophilic,mild_hydrophilic->strong_hydrophilic,small_nonpolar,basic,0,0->1,4,6,2,10.7739,,,,,,unknown,unknown,,,,,,0,0,0,0,,,1.239304799579628e-06,2.0,1613808.0,4.471871925588051e-05,1.178807693797724,,BRCA2 p.G2793R,1,"criteria provided, multiple submitters, no conflicts",ClinVar,52569,clinvar,13-32370447-G-A,ENST00000380152,missense_variant,gnomad_r4,GRCh38,urn:mavedb:00001224-a-1,Scores from arrayed screen of BRCA2 homology directed repair function in VC-8 cells
hybrid,BRCA2,G,E,2793,13,11,2,0.8461538461538461,-0.1670540846631662,143,0,1,2,11,7,17,13,2,4,4,2,6,6,0,0.333333,0.333333,0.0,0.333333,-0.333333,-0.666666,0.333333,1,5,4,13,11,-2,13->11,1,1,1->1,0,1,0->1,75.07,147.13,72.06,72.06,-0.4,-3.5,-3.1,3.1,0,-1,-1,1,1,0,0,1->0,mild_hydrophilic,strong_hydrophilic,mild_hydrophilic->strong_hydrophilic,small_nonpolar,acidic,0,0->-1,4,2,-2,8.9618,,,,,,unknown,unknown,,,,,,0,0,0,0,,,6.196132374172042e-07,1.0,1613910.0,1.6557387906483872e-05,1.0869008509239952,,BRCA2 p.G2793E,1,"criteria provided, multiple submitters, no conflicts",ClinVar,38157,clinvar,13-32370448-G-A,ENST00000380152,missense_variant,gnomad_r4,GRCh38,urn:mavedb:00001224-a-1,Scores from arrayed screen of BRCA2 homology directed repair function in VC-8 cells
hybrid,BRCA2,G,R,3076,13,19,6,1.4615384615384615,0.3794896217049037,247,1,0,6,11,17,17,23,2,2,4,4,6,6,0,0.333333,0.333333,0.0,0.333333,0.333333,0.0,1.0,1,1,0,13,19,6,13->19,1,1,1->1,0,0,0->0,75.07,174.2,99.13,99.13,-0.4,-4.5,-4.1,4.1,0,1,1,1,1,0,0,1->0,mild_hydrophilic,strong_hydrophilic,mild_hydrophilic->strong_hydrophilic,small_nonpolar,basic,0,0->1,4,6,2,10.7739,,,,,,unknown,unknown,,,,,,0,0,0,0,,,6.196846548728283e-07,1.0,1613724.0,2.238438465326588e-05,1.0337743358863785,,BRCA2 p.G3076R,1,"criteria provided, single submitter",ClinVar,1487627,clinvar,13-32380115-G-A,ENST00000380152,missense_variant,gnomad_r4,GRCh38,urn:mavedb:00001224-a-1,Scores from arrayed screen of BRCA2 homology directed repair function in VC-8 cells
hybrid,BRCA2,G,R,3141,13,19,6,1.4615384615384615,0.3794896217049037,247,1,0,6,11,17,17,23,2,2,4,4,6,6,0,0.333333,0.333333,0.0,0.333333,0.333333,0.0,1.0,1,1,0,13,19,6,13->19,1,1,1->1,0,0,0->0,75.07,174.2,99.13,99.13,-0.4,-4.5,-4.1,4.1,0,1,1,1,1,0,0,1->0,mild_hydrophilic,strong_hydrophilic,mild_hydrophilic->strong_hydrophilic,small_nonpolar,basic,0,0->1,4,6,2,10.7739,,,,,,unknown,unknown,,,,,,0,0,0,0,,,,,,,,,BRCA2 p.G3141R,0,"criteria provided, single submitter",ClinVar,4215896,clinvar,,,,,,,
hybrid,BRCA2,G,R,3212,13,19,6,1.4615384615384615,0.3794896217049037,247,1,0,6,11,17,17,23,2,2,4,4,6,6,0,0.333333,0.333333,0.0,0.333333,0.333333,0.0,1.0,1,1,0,13,19,6,13->19,1,1,1->1,0,0,0->0,75.07,174.2,99.13,99.13,-0.4,-4.5,-4.1,4.1,0,1,1,1,1,0,0,1->0,mild_hydrophilic,strong_hydrophilic,mild_hydrophilic->strong_hydrophilic,small_nonpolar,basic,0,0->1,4,6,2,10.7739,,,,,,unknown,unknown,,,,,,0,0,0,0,,,0.0002311014182068,373.0,1614012.0,0.0047417320560342,,,BRCA2 p.G3212R,0,"criteria provided, multiple submitters, no conflicts",ClinVar,38257,clinvar,13-32397030-G-C,ENST00000380152,missense_variant,gnomad_r4,GRCh38,,
hybrid,BRCA2,H,L,1467,13,23,10,1.7692307692307692,0.5705448584676129,299,1,0,10,11,19,17,29,2,4,4,6,6,10,4,0.333333,0.2,-0.133333,0.333333,0.2,-0.133333,1.25,1,5,4,13,23,10,13->23,1,0,1->0,0,1,0->1,155.16,131.18,-23.97999999999999,23.97999999999999,-3.2,3.8,7.0,7.0,1,0,-1,1,1,1,0,0->1,strong_hydrophilic,strong_hydrophobic,strong_hydrophilic->strong_hydrophobic,basic,hydrophobic,0,1->0,2,6,4,12.6194,,,,,,unknown,unknown,,,,,,0,0,0,0,,,6.220127836067287e-07,1.0,1607684.0,3.000660145231951e-05,,,BRCA2 p.H1467L,0,"criteria provided, single submitter",ClinVar,4629355,clinvar,13-32338755-A-T,ENST00000380152,missense_variant,gnomad_r4,GRCh38,,
hybrid,BRCA2,H,R,179,13,19,6,1.4615384615384615,0.3794896217049037,247,1,0,6,11,17,17,23,2,2,4,4,6,6,0,0.333333,0.333333,0.0,0.333333,0.333333,0.0,1.0,1,1,0,13,19,6,13->19,1,1,1->1,0,0,0->0,155.16,174.2,19.039999999999992,19.039999999999992,-3.2,-4.5,-1.2999999999999998,1.2999999999999998,1,1,0,0,0,1,1,0->0,strong_hydrophilic,strong_hydrophilic,strong_hydrophilic->strong_hydrophilic,basic,basic,1,1->1,2,6,4,3.0712,,,,,,unknown,unknown,,,,,,0,0,0,0,,,5.578074448700309e-06,9.0,1613460.0,0.0004139072847682,,,BRCA2 p.H179R,0,"criteria provided, single submitter",ClinVar,3261634,clinvar,13-32326518-A-G,ENST00000380152,missense_variant,gnomad_r4,GRCh38,,
hybrid,BRCA2,H,C,1856,13,5,8,0.38461538461538464,-0.9555114450274363,65,0,1,8,11,3,17,7,2,2,4,2,6,4,-2,0.333333,0.5,0.166667,0.333333,0.0,-0.333333,1.6,1,5,4,13,5,-8,13->5,1,1,1->1,0,1,0->1,155.16,121.16,-34.0,34.0,-3.2,2.5,5.7,5.7,1,0,-1,1,0,1,1,0->0,strong_hydrophilic,strong_hydrophobic,strong_hydrophilic->strong_hydrophobic,basic,special,0,1->0,2,2,0,10.42,,,,,,unknown,unknown,,,,,,0,0,0,0,,,,,,,,,BRCA2 p.H1856C,1,no assertion criteria provided,ClinVar,1012159,clinvar,,,,,,,
hybrid,BRCA2,H,Y,2178,13,17,4,1.3076923076923077,0.26826398659467937,221,1,0,4,11,13,17,19,2,4,4,2,6,6,0,0.333333,0.333333,0.0,0.333333,-0.333333,-0.666666,0.666667,1,5,4,13,17,4,13->17,1,1,1->1,0,0,0->0,155.16,181.19,26.03,26.03,-3.2,-1.3,1.9000000000000001,1.9000000000000001,1,0,-1,1,0,0,0,0->1,strong_hydrophilic,mild_hydrophilic,strong_hydrophilic->mild_hydrophilic,basic,aromatic,0,1->0,2,2,0,5.1809,,,,,,unknown,unknown,,,,,,0,0,0,0,,,,,,,,,BRCA2 p.H2178Y,0,"criteria provided, single submitter",ClinVar,52124,clinvar,,,,,,,
hybrid,BRCA2,H,N,2548,13,7,6,0.5384615384615384,-0.6190392084062235,91,0,1,6,11,5,17,11,2,2,4,4,6,6,0,0.333333,0.333333,0.0,0.333333,0.333333,0.0,1.0,1,1,0,13,7,-6,13->7,1,1,1->1,0,0,0->0,155.16,132.12,-23.039999999999992,23.039999999999992,-3.2,-3.5,-0.2999999999999998,0.2999999999999998,1,0,-1,1,0,1,1,0->0,strong_hydrophilic,strong_hydrophilic,strong_hydrophilic->strong_hydrophilic,basic,polar,0,1->0,2,2,0,4.6912,,,,,,unknown,unknown,,,,,,0,0,0,0,,,,,,,,,BRCA2 p.H2548N,0,"criteria provided, single submitter",ClinVar,3992855,clinvar,,,,,,,
hybrid,BRCA2,H,R,2623,13,19,6,1.4615384615384615,0.3794896217049037,247,1,0,6,11,17,17,23,2,2,4,4,6,6,0,0.333333,0.333333,0.0,0.333333,0.333333,0.0,1.0,1,1,0,13,19,6,13->19,1,1,1->1,0,0,0->0,155.16,174.2,19.039999999999992,19.039999999999992,-3.2,-4.5,-1.2999999999999998,1.2999999999999998,1,1,0,0,0,1,1,0->0,strong_hydrophilic,strong_hydrophilic,strong_hydrophilic->strong_hydrophilic,basic,basic,1,1->1,2,6,4,3.0712,,,,,,unknown,unknown,,,,,,0,0,0,0,,,6.195249482696668e-07,1.0,1614140.0,8.993177775339627e-07,0.8321223620832527,,BRCA2 p.H2623R,1,"criteria provided, multiple submitters, no conflicts",ClinVar,38123,clinvar,13-32362585-A-G,ENST00000380152,missense_variant,gnomad_r4,GRCh38,urn:mavedb:00001224-a-1,Scores from arrayed screen of BRCA2 homology directed repair function in VC-8 cells
hybrid,BRCA2,H,P,2623,13,17,4,1.3076923076923077,0.26826398659467937,221,1,0,4,11,13,17,19,2,4,4,2,6,6,0,0.333333,0.333333,0.0,0.333333,-0.333333,-0.666666,0.666667,1,5,4,13,17,4,13->17,1,1,1->1,0,0,0->0,155.16,115.13,-40.03,40.03,-3.2,-1.6,1.6,1.6,1,0,-1,1,1,1,0,0->1,strong_hydrophilic,mild_hydrophilic,strong_hydrophilic->mild_hydrophilic,basic,special,0,1->0,2,4,2,7.7009,,,,,,unknown,unknown,,,,,,0,0,0,0,,,,,,,,,BRCA2 p.H2623P,1,"criteria provided, single submitter",ClinVar,2130148,clinvar,,,,,,,
hybrid,BRCA2,H,Y,2623,13,17,4,1.3076923076923077,0.26826398659467937,221,1,0,4,11,13,17,19,2,4,4,2,6,6,0,0.333333,0.333333,0.0,0.333333,-0.333333,-0.666666,0.666667,1,5,4,13,17,4,13->17,1,1,1->1,0,0,0->0,155.16,181.19,26.03,26.03,-3.2,-1.3,1.9000000000000001,1.9000000000000001,1,0,-1,1,0,0,0,0->1,strong_hydrophilic,mild_hydrophilic,strong_hydrophilic->mild_hydrophilic,basic,aromatic,0,1->0,2,2,0,5.1809,,,,,,unknown,unknown,,,,,,0,0,0,0,,,,,,,1.154007798579722,,BRCA2 p.H2623Y,1,"criteria provided, multiple submitters, no conflicts",ClinVar,573433,clinvar,,,,,,urn:mavedb:00001224-a-1,Scores from arrayed screen of BRCA2 homology directed repair function in VC-8 cells
hybrid,BRCA2,H,P,3056,13,17,4,1.3076923076923077,0.26826398659467937,221,1,0,4,11,13,17,19,2,4,4,2,6,6,0,0.333333,0.333333,0.0,0.333333,-0.333333,-0.666666,0.666667,1,5,4,13,17,4,13->17,1,1,1->1,0,0,0->0,155.16,115.13,-40.03,40.03,-3.2,-1.6,1.6,1.6,1,0,-1,1,1,1,0,0->1,strong_hydrophilic,mild_hydrophilic,strong_hydrophilic->mild_hydrophilic,basic,special,0,1->0,2,4,2,7.7009,,,,,,unknown,unknown,,,,,,0,0,0,0,,,,,,,,,BRCA2 p.H3056P,0,"criteria provided, single submitter",ClinVar,1766018,clinvar,,,,,,,
hybrid,BRCA2,H,Y,962,13,17,4,1.3076923076923077,0.26826398659467937,221,1,0,4,11,13,17,19,2,4,4,2,6,6,0,0.333333,0.333333,0.0,0.333333,-0.333333,-0.666666,0.666667,1,5,4,13,17,4,13->17,1,1,1->1,0,0,0->0,155.16,181.19,26.03,26.03,-3.2,-1.3,1.9000000000000001,1.9000000000000001,1,0,-1,1,0,0,0,0->1,strong_hydrophilic,mild_hydrophilic,strong_hydrophilic->mild_hydrophilic,basic,aromatic,0,1->0,2,2,0,5.1809,,,,,,unknown,unknown,,,,,,0,0,0,0,,,2.482273464620777e-05,40.0,1611426.0,0.0005999025158411,,,BRCA2 p.H962Y,0,"criteria provided, multiple submitters, no conflicts",ClinVar,462280,clinvar,13-32337239-C-T,ENST00000380152,missense_variant,gnomad_r4,GRCh38,,
hybrid,BRCA2,I,M,1173,17,11,6,0.6470588235294118,-0.4353180712578455,187,0,1,6,13,7,19,13,4,4,2,2,6,6,0,0.333333,0.333333,0.0,-0.333333,-0.333333,0.0,1.0,5,5,0,17,11,-6,17->11,1,1,1->1,0,1,0->1,131.18,149.21,18.03,18.03,4.5,1.9,-2.6,2.6,0,0,0,0,0,0,0,1->0,strong_hydrophobic,mild_hydrophobic,strong_hydrophobic->mild_hydrophobic,hydrophobic,hydrophobic,1,0->0,3,1,-2,3.1409,,,,,,unknown,unknown,,,,,,0,0,0,0,,,6.195379981240389e-07,1.0,1614106.0,1.1593396401409756e-05,,,BRCA2 p.I1173M,0,no assertion criteria provided,ClinVar,2683818,clinvar,13-32337874-T-G,ENST00000380152,missense_variant,gnomad_r4,GRCh38,,
hybrid,BRCA2,I,R,1258,17,19,2,1.1176470588235294,0.1112256351102244,323,1,0,2,13,17,19,23,4,2,2,4,6,6,0,0.333333,0.333333,0.0,-0.333333,0.333333,0.666666,0.333333,5,1,-4,17,19,2,17->19,1,1,1->1,0,0,0->0,131.18,174.2,43.01999999999998,43.01999999999998,4.5,-4.5,-9.0,9.0,0,1,1,1,1,0,0,1->0,strong_hydrophobic,strong_hydrophilic,strong_hydrophobic->strong_hydrophilic,hydrophobic,basic,0,0->1,3,6,3,13.9906,,,,,,unknown,unknown,,,,,,0,0,0,0,,,,,,,,,BRCA2 p.I1258R,0,"criteria provided, multiple submitters, no conflicts",ClinVar,531276,clinvar,,,,,,,
hybrid,BRCA2,I,V,1275,17,19,2,1.1176470588235294,0.1112256351102244,323,1,0,2,13,17,19,23,4,2,2,4,6,6,0,0.333333,0.333333,0.0,-0.333333,0.333333,0.666666,0.333333,5,1,-4,17,19,2,17->19,1,1,1->1,0,0,0->0,131.18,117.15,-14.030000000000001,14.030000000000001,4.5,4.2,-0.2999999999999998,0.2999999999999998,0,0,0,0,0,0,1,1->1,strong_hydrophobic,strong_hydrophobic,strong_hydrophobic->strong_hydrophobic,hydrophobic,hydrophobic,1,0->0,3,4,1,0.7209,,,,,,unknown,unknown,,,,,,0,0,0,0,,,,,,,,,BRCA2 p.I1275V,0,"criteria provided, single submitter",ClinVar,3226456,clinvar,,,,,,,
hybrid,BRCA2,I,T,1556,17,17,0,1.0,0.0,289,0,0,0,13,13,19,19,4,4,2,2,6,6,0,0.333333,0.333333,0.0,-0.333333,-0.333333,0.0,0.0,5,5,0,17,17,0,17->17,1,1,1->1,0,0,0->0,131.18,119.12,-12.060000000000002,12.060000000000002,4.5,-0.7,-5.2,5.2,0,0,0,0,1,0,1,1->1,strong_hydrophobic,mild_hydrophilic,strong_hydrophobic->mild_hydrophilic,hydrophobic,polar,0,0->0,3,4,1,7.7618,,,,,,unknown,unknown,,,,,,0,0,0,0,,,,,,,,,BRCA2 p.I1556T,0,"criteria provided, single submitter",ClinVar,4215863,clinvar,,,,,,,
hybrid,BRCA2,I,N,1607,17,7,10,0.4117647058823529,-0.8873031950009028,119,0,1,10,13,5,19,11,4,2,2,4,6,6,0,0.333333,0.333333,0.0,-0.333333,0.333333,0.666666,1.666667,5,1,-4,17,7,-10,17->7,1,1,1->1,0,0,0->0,131.18,132.12,0.9399999999999977,0.9399999999999977,4.5,-3.5,-8.0,8.0,0,0,0,0,1,0,0,1->0,strong_hydrophobic,strong_hydrophilic,strong_hydrophobic->strong_hydrophilic,hydrophobic,polar,0,0->0,3,2,-1,10.2282,,,,,,unknown,unknown,,,,,,0,0,0,0,,,,,,,,,BRCA2 p.I1607N,0,"criteria provided, single submitter",ClinVar,3992790,clinvar,,,,,,,
hybrid,BRCA2,I,V,1724,17,19,2,1.1176470588235294,0.1112256351102244,323,1,0,2,13,17,19,23,4,2,2,4,6,6,0,0.333333,0.333333,0.0,-0.333333,0.333333,0.666666,0.333333,5,1,-4,17,19,2,17->19,1,1,1->1,0,0,0->0,131.18,117.15,-14.030000000000001,14.030000000000001,4.5,4.2,-0.2999999999999998,0.2999999999999998,0,0,0,0,0,0,1,1->1,strong_hydrophobic,strong_hydrophobic,strong_hydrophobic->strong_hydrophobic,hydrophobic,hydrophobic,1,0->0,3,4,1,0.7209,,,,,,unknown,unknown,,,,,,0,0,0,0,,,3.49258262764454e-05,56.0,1603398.0,0.0007233447461059,,,BRCA2 p.I1724V,0,"criteria provided, multiple submitters, no conflicts",ClinVar,96817,clinvar,13-32339525-A-G,ENST00000380152,missense_variant,gnomad_r4,GRCh38,,
hybrid,BRCA2,I,V,1945,17,19,2,1.1176470588235294,0.1112256351102244,323,1,0,2,13,17,19,23,4,2,2,4,6,6,0,0.333333,0.333333,0.0,-0.333333,0.333333,0.666666,0.333333,5,1,-4,17,19,2,17->19,1,1,1->1,0,0,0->0,131.18,117.15,-14.030000000000001,14.030000000000001,4.5,4.2,-0.2999999999999998,0.2999999999999998,0,0,0,0,0,0,1,1->1,strong_hydrophobic,strong_hydrophobic,strong_hydrophobic->strong_hydrophobic,hydrophobic,hydrophobic,1,0->0,3,4,1,0.7209,,,,,,unknown,unknown,,,,,,0,0,0,0,,,,,,,,,BRCA2 p.I1945V,0,"criteria provided, single submitter",ClinVar,3825442,clinvar,,,,,,,
hybrid,BRCA2,I,L,2315,17,23,6,1.3529411764705883,0.3022808718729337,391,1,0,6,13,19,19,29,4,4,2,6,6,10,4,0.333333,0.2,-0.133333,-0.333333,0.2,0.533333,0.75,5,5,0,17,23,6,17->23,1,0,1->0,0,1,0->1,131.18,131.18,0.0,0.0,4.5,3.8,-0.7000000000000002,0.7000000000000002,0,0,0,0,0,0,1,1->1,strong_hydrophobic,strong_hydrophobic,strong_hydrophobic->strong_hydrophobic,hydrophobic,hydrophobic,1,0->0,3,6,3,0.7,,,,,,unknown,unknown,,,,,,0,0,0,0,,,2.2406257818850384e-05,36.0,1606694.0,9.51873286628084e-05,,,BRCA2 p.I2315L,0,"criteria provided, single submitter",ClinVar,2000815,clinvar,13-32346832-A-C,ENST00000380152,missense_variant,gnomad_r4,GRCh38,,
hybrid,BRCA2,I,V,2495,17,19,2,1.1176470588235294,0.1112256351102244,323,1,0,2,13,17,19,23,4,2,2,4,6,6,0,0.333333,0.333333,0.0,-0.333333,0.333333,0.666666,0.333333,5,1,-4,17,19,2,17->19,1,1,1->1,0,0,0->0,131.18,117.15,-14.030000000000001,14.030000000000001,4.5,4.2,-0.2999999999999998,0.2999999999999998,0,0,0,0,0,0,1,1->1,strong_hydrophobic,strong_hydrophobic,strong_hydrophobic->strong_hydrophobic,hydrophobic,hydrophobic,1,0->0,3,4,1,0.7209,,,,,,unknown,unknown,,,,,,0,0,0,0,,,,,,,,,BRCA2 p.I2495V,0,"criteria provided, single submitter",ClinVar,3261515,clinvar,,,,,,,
hybrid,BRCA2,I,L,2588,17,23,6,1.3529411764705883,0.3022808718729337,391,1,0,6,13,19,19,29,4,4,2,6,6,10,4,0.333333,0.2,-0.133333,-0.333333,0.2,0.533333,0.75,5,5,0,17,23,6,17->23,1,0,1->0,0,1,0->1,131.18,131.18,0.0,0.0,4.5,3.8,-0.7000000000000002,0.7000000000000002,0,0,0,0,0,0,1,1->1,strong_hydrophobic,strong_hydrophobic,strong_hydrophobic->strong_hydrophobic,hydrophobic,hydrophobic,1,0->0,3,6,3,0.7,,,,,,unknown,unknown,,,,,,0,0,0,0,,,,,,,,,BRCA2 p.I2588L,0,"criteria provided, single submitter",ClinVar,1760509,clinvar,,,,,,,
hybrid,BRCA2,I,N,2627,17,7,10,0.4117647058823529,-0.8873031950009028,119,0,1,10,13,5,19,11,4,2,2,4,6,6,0,0.333333,0.333333,0.0,-0.333333,0.333333,0.666666,1.666667,5,1,-4,17,7,-10,17->7,1,1,1->1,0,0,0->0,131.18,132.12,0.9399999999999977,0.9399999999999977,4.5,-3.5,-8.0,8.0,0,0,0,0,1,0,0,1->0,strong_hydrophobic,strong_hydrophilic,strong_hydrophobic->strong_hydrophilic,hydrophobic,polar,0,0->0,3,2,-1,10.2282,,,,,,unknown,unknown,,,,,,0,0,0,0,,,,,,,1.1641763240924965,,BRCA2 p.I2627N,1,"criteria provided, multiple submitters, no conflicts",ClinVar,230735,clinvar,,,,,,urn:mavedb:00001224-a-1,Scores from arrayed screen of BRCA2 homology directed repair function in VC-8 cells
hybrid,BRCA2,I,F,2664,17,17,0,1.0,0.0,289,0,0,0,13,13,19,19,4,4,2,2,6,6,0,0.333333,0.333333,0.0,-0.333333,-0.333333,0.0,0.0,5,5,0,17,17,0,17->17,1,1,1->1,0,0,0->0,131.18,165.19,34.00999999999999,34.00999999999999,4.5,2.8,-1.7000000000000002,1.7000000000000002,0,0,0,0,0,1,1,1->1,strong_hydrophobic,strong_hydrophobic,strong_hydrophobic->strong_hydrophobic,hydrophobic,aromatic,0,0->0,3,2,-1,4.9203,,,,,,unknown,unknown,,,,,,0,0,0,0,,,,,,,,,BRCA2 p.I2664F,0,"criteria provided, single submitter",ClinVar,3992665,clinvar,,,,,,,
hybrid,BRCA2,I,V,2672,17,19,2,1.1176470588235294,0.1112256351102244,323,1,0,2,13,17,19,23,4,2,2,4,6,6,0,0.333333,0.333333,0.0,-0.333333,0.333333,0.666666,0.333333,5,1,-4,17,19,2,17->19,1,1,1->1,0,0,0->0,131.18,117.15,-14.030000000000001,14.030000000000001,4.5,4.2,-0.2999999999999998,0.2999999999999998,0,0,0,0,0,0,1,1->1,strong_hydrophobic,strong_hydrophobic,strong_hydrophobic->strong_hydrophobic,hydrophobic,hydrophobic,1,0->0,3,4,1,0.7209,,,,,,unknown,unknown,,,,,,0,0,0,0,,,4.9569427559858186e-06,8.0,1613898.0,5.974072525240457e-05,4.373799021357613,,BRCA2 p.I2672V,0,"criteria provided, multiple submitters, no conflicts",ClinVar,38135,clinvar,13-32363216-A-G,ENST00000380152,missense_variant,gnomad_r4,GRCh38,urn:mavedb:00001224-a-1,Scores from arrayed screen of BRCA2 homology directed repair function in VC-8 cells
hybrid,BRCA2,I,V,2752,17,19,2,1.1176470588235294,0.1112256351102244,323,1,0,2,13,17,19,23,4,2,2,4,6,6,0,0.333333,0.333333,0.0,-0.333333,0.333333,0.666666,0.333333,5,1,-4,17,19,2,17->19,1,1,1->1,0,0,0->0,131.18,117.15,-14.030000000000001,14.030000000000001,4.5,4.2,-0.2999999999999998,0.2999999999999998,0,0,0,0,0,0,1,1->1,strong_hydrophobic,strong_hydrophobic,strong_hydrophobic->strong_hydrophobic,hydrophobic,hydrophobic,1,0->0,3,4,1,0.7209,,,,,,unknown,unknown,,,,,,0,0,0,0,,,,,,,,,BRCA2 p.I2752V,0,"criteria provided, single submitter",ClinVar,1762638,clinvar,,,,,,,
hybrid,BRCA2,I,M,3048,17,11,6,0.6470588235294118,-0.4353180712578455,187,0,1,6,13,7,19,13,4,4,2,2,6,6,0,0.333333,0.333333,0.0,-0.333333,-0.333333,0.0,1.0,5,5,0,17,11,-6,17->11,1,1,1->1,0,1,0->1,131.18,149.21,18.03,18.03,4.5,1.9,-2.6,2.6,0,0,0,0,0,0,0,1->0,strong_hydrophobic,mild_hydrophobic,strong_hydrophobic->mild_hydrophobic,hydrophobic,hydrophobic,1,0->0,3,1,-2,3.1409,,,,,,unknown,unknown,,,,,,0,0,0,0,,,,,,,,,BRCA2 p.I3048M,0,"criteria provided, single submitter",ClinVar,2565970,clinvar,,,,,,,
hybrid,BRCA2,I,V,3075,17,19,2,1.1176470588235294,0.1112256351102244,323,1,0,2,13,17,19,23,4,2,2,4,6,6,0,0.333333,0.333333,0.0,-0.333333,0.333333,0.666666,0.333333,5,1,-4,17,19,2,17->19,1,1,1->1,0,0,0->0,131.18,117.15,-14.030000000000001,14.030000000000001,4.5,4.2,-0.2999999999999998,0.2999999999999998,0,0,0,0,0,0,1,1->1,strong_hydrophobic,strong_hydrophobic,strong_hydrophobic->strong_hydrophobic,hydrophobic,hydrophobic,1,0->0,3,4,1,0.7209,,,,,,unknown,unknown,,,,,,0,0,0,0,,,,,,,,,BRCA2 p.I3075V,0,"criteria provided, single submitter",ClinVar,2565960,clinvar,,,,,,,
hybrid,BRCA2,I,S,3113,17,17,0,1.0,0.0,289,0,0,0,13,13,19,19,4,4,2,2,6,6,0,0.333333,0.333333,0.0,-0.333333,-0.333333,0.0,0.0,5,5,0,17,17,0,17->17,1,1,1->1,0,0,0->0,131.18,105.09,-26.090000000000003,26.090000000000003,4.5,-0.8,-5.3,5.3,0,0,0,0,1,0,0,1->0,strong_hydrophobic,mild_hydrophilic,strong_hydrophobic->mild_hydrophilic,hydrophobic,polar,0,0->0,3,6,3,8.2827,,,,,,unknown,unknown,,,,,,0,0,0,0,,,,,,,,,BRCA2 p.I3113S,0,"criteria provided, single submitter",ClinVar,3230019,clinvar,,,,,,,
hybrid,BRCA2,I,V,3208,17,19,2,1.1176470588235294,0.1112256351102244,323,1,0,2,13,17,19,23,4,2,2,4,6,6,0,0.333333,0.333333,0.0,-0.333333,0.333333,0.666666,0.333333,5,1,-4,17,19,2,17->19,1,1,1->1,0,0,0->0,131.18,117.15,-14.030000000000001,14.030000000000001,4.5,4.2,-0.2999999999999998,0.2999999999999998,0,0,0,0,0,0,1,1->1,strong_hydrophobic,strong_hydrophobic,strong_hydrophobic->strong_hydrophobic,hydrophobic,hydrophobic,1,0->0,3,4,1,0.7209,,,,,,unknown,unknown,,,,,,0,0,0,0,,,,,,,,,BRCA2 p.I3208V,0,"criteria provided, single submitter",ClinVar,3992866,clinvar,,,,,,,
hybrid,BRCA2,I,S,3412,17,17,0,1.0,0.0,289,0,0,0,13,13,19,19,4,4,2,2,6,6,0,0.333333,0.333333,0.0,-0.333333,-0.333333,0.0,0.0,5,5,0,17,17,0,17->17,1,1,1->1,0,0,0->0,131.18,105.09,-26.090000000000003,26.090000000000003,4.5,-0.8,-5.3,5.3,0,0,0,0,1,0,0,1->0,strong_hydrophobic,mild_hydrophilic,strong_hydrophobic->mild_hydrophilic,hydrophobic,polar,0,0->0,3,6,3,8.2827,,,,,,unknown,unknown,,,,,,0,0,0,0,,,,,,,,,BRCA2 p.I3412S,0,"criteria provided, single submitter",ClinVar,392267,clinvar,,,,,,,
hybrid,BRCA2,I,V,383,17,19,2,1.1176470588235294,0.1112256351102244,323,1,0,2,13,17,19,23,4,2,2,4,6,6,0,0.333333,0.333333,0.0,-0.333333,0.333333,0.666666,0.333333,5,1,-4,17,19,2,17->19,1,1,1->1,0,0,0->0,131.18,117.15,-14.030000000000001,14.030000000000001,4.5,4.2,-0.2999999999999998,0.2999999999999998,0,0,0,0,0,0,1,1->1,strong_hydrophobic,strong_hydrophobic,strong_hydrophobic->strong_hydrophobic,hydrophobic,hydrophobic,1,0->0,3,4,1,0.7209,,,,,,unknown,unknown,,,,,,0,0,0,0,,,,,,,,,BRCA2 p.I383V,0,"criteria provided, single submitter",ClinVar,4629013,clinvar,,,,,,,
hybrid,BRCA2,I,L,505,17,23,6,1.3529411764705883,0.3022808718729337,391,1,0,6,13,19,19,29,4,4,2,6,6,10,4,0.333333,0.2,-0.133333,-0.333333,0.2,0.533333,0.75,5,5,0,17,23,6,17->23,1,0,1->0,0,1,0->1,131.18,131.18,0.0,0.0,4.5,3.8,-0.7000000000000002,0.7000000000000002,0,0,0,0,0,0,1,1->1,strong_hydrophobic,strong_hydrophobic,strong_hydrophobic->strong_hydrophobic,hydrophobic,hydrophobic,1,0->0,3,6,3,0.7,,,,,,unknown,unknown,,,,,,0,0,0,0,,,,,,,,,BRCA2 p.I505L,0,"criteria provided, single submitter",ClinVar,4215906,clinvar,,,,,,,
hybrid,BRCA2,I,V,505,17,19,2,1.1176470588235294,0.1112256351102244,323,1,0,2,13,17,19,23,4,2,2,4,6,6,0,0.333333,0.333333,0.0,-0.333333,0.333333,0.666666,0.333333,5,1,-4,17,19,2,17->19,1,1,1->1,0,0,0->0,131.18,117.15,-14.030000000000001,14.030000000000001,4.5,4.2,-0.2999999999999998,0.2999999999999998,0,0,0,0,0,0,1,1->1,strong_hydrophobic,strong_hydrophobic,strong_hydrophobic->strong_hydrophobic,hydrophobic,hydrophobic,1,0->0,3,4,1,0.7209,,,,,,unknown,unknown,,,,,,0,0,0,0,,,2.5097598285332084e-05,40.0,1593778.0,5.879240402140044e-05,,,BRCA2 p.I505V,0,"criteria provided, multiple submitters, no conflicts",ClinVar,37744,clinvar,13-32332991-A-G,ENST00000380152,missense_variant,gnomad_r4,GRCh38,,
hybrid,BRCA2,I,M,542,17,11,6,0.6470588235294118,-0.4353180712578455,187,0,1,6,13,7,19,13,4,4,2,2,6,6,0,0.333333,0.333333,0.0,-0.333333,-0.333333,0.0,1.0,5,5,0,17,11,-6,17->11,1,1,1->1,0,1,0->1,131.18,149.21,18.03,18.03,4.5,1.9,-2.6,2.6,0,0,0,0,0,0,0,1->0,strong_hydrophobic,mild_hydrophobic,strong_hydrophobic->mild_hydrophobic,hydrophobic,hydrophobic,1,0->0,3,1,-2,3.1409,,,,,,unknown,unknown,,,,,,0,0,0,0,,,,,,,,,BRCA2 p.I542M,0,"criteria provided, single submitter",ClinVar,3261629,clinvar,,,,,,,
hybrid,BRCA2,I,M,614,17,11,6,0.6470588235294118,-0.4353180712578455,187,0,1,6,13,7,19,13,4,4,2,2,6,6,0,0.333333,0.333333,0.0,-0.333333,-0.333333,0.0,1.0,5,5,0,17,11,-6,17->11,1,1,1->1,0,1,0->1,131.18,149.21,18.03,18.03,4.5,1.9,-2.6,2.6,0,0,0,0,0,0,0,1->0,strong_hydrophobic,mild_hydrophobic,strong_hydrophobic->mild_hydrophobic,hydrophobic,hydrophobic,1,0->0,3,1,-2,3.1409,,,,,,unknown,unknown,,,,,,0,0,0,0,,,,,,,,,BRCA2 p.I614M,0,"criteria provided, single submitter",ClinVar,3225537,clinvar,,,,,,,
hybrid,BRCA2,I,N,921,17,7,10,0.4117647058823529,-0.8873031950009028,119,0,1,10,13,5,19,11,4,2,2,4,6,6,0,0.333333,0.333333,0.0,-0.333333,0.333333,0.666666,1.666667,5,1,-4,17,7,-10,17->7,1,1,1->1,0,0,0->0,131.18,132.12,0.9399999999999977,0.9399999999999977,4.5,-3.5,-8.0,8.0,0,0,0,0,1,0,0,1->0,strong_hydrophobic,strong_hydrophilic,strong_hydrophobic->strong_hydrophilic,hydrophobic,polar,0,0->0,3,2,-1,10.2282,,,,,,unknown,unknown,,,,,,0,0,0,0,,,,,,,,,BRCA2 p.I921N,0,"criteria provided, single submitter",ClinVar,3261616,clinvar,,,,,,,
hybrid,BRCA2,I,L,982,17,23,6,1.3529411764705883,0.3022808718729337,391,1,0,6,13,19,19,29,4,4,2,6,6,10,4,0.333333,0.2,-0.133333,-0.333333,0.2,0.533333,0.75,5,5,0,17,23,6,17->23,1,0,1->0,0,1,0->1,131.18,131.18,0.0,0.0,4.5,3.8,-0.7000000000000002,0.7000000000000002,0,0,0,0,0,0,1,1->1,strong_hydrophobic,strong_hydrophobic,strong_hydrophobic->strong_hydrophobic,hydrophobic,hydrophobic,1,0->0,3,6,3,0.7,,,,,,unknown,unknown,,,,,,0,0,0,0,,,4.030912759885349e-05,65.0,1612538.0,6.542789845590159e-05,,,BRCA2 p.I982L,0,no assertion criteria provided,ClinVar,91676,clinvar,13-32337299-A-C,ENST00000380152,missense_variant,gnomad_r4,GRCh38,,
hybrid,BRCA2,L,S,1260,23,17,6,0.7391304347826086,-0.3022808718729337,391,0,1,6,19,13,29,19,4,4,6,2,10,6,-4,0.2,0.333333,0.133333,0.2,-0.333333,-0.533333,0.75,5,5,0,23,17,-6,23->17,0,1,0->1,1,0,1->0,131.18,105.09,-26.090000000000003,26.090000000000003,3.8,-0.8,-4.6,4.6,0,0,0,0,1,0,0,1->0,strong_hydrophobic,mild_hydrophilic,strong_hydrophobic->mild_hydrophilic,hydrophobic,polar,0,0->0,6,6,0,7.5827,,,,,,unknown,unknown,,,,,,0,0,0,0,,,,,,,,,BRCA2 p.L1260S,0,"criteria provided, single submitter",ClinVar,3261551,clinvar,,,,,,,
hybrid,BRCA2,L,I,1357,23,17,6,0.7391304347826086,-0.3022808718729337,391,0,1,6,19,13,29,19,4,4,6,2,10,6,-4,0.2,0.333333,0.133333,0.2,-0.333333,-0.533333,0.75,5,5,0,23,17,-6,23->17,0,1,0->1,1,0,1->0,131.18,131.18,0.0,0.0,3.8,4.5,0.7000000000000002,0.7000000000000002,0,0,0,0,0,0,1,1->1,strong_hydrophobic,strong_hydrophobic,strong_hydrophobic->strong_hydrophobic,hydrophobic,hydrophobic,1,0->0,6,3,-3,0.7,,,,,,unknown,unknown,,,,,,0,0,0,0,,,,,,,,,BRCA2 p.L1357I,0,"criteria provided, single submitter",ClinVar,3992843,clinvar,,,,,,,
hybrid,BRCA2,L,V,1384,23,19,4,0.8260869565217391,-0.19105523676270922,437,0,1,4,19,17,29,23,4,2,6,4,10,6,-4,0.2,0.333333,0.133333,0.2,0.333333,0.133333,0.5,5,1,-4,23,19,-4,23->19,0,1,0->1,1,0,1->0,131.18,117.15,-14.030000000000001,14.030000000000001,3.8,4.2,0.40000000000000036,0.40000000000000036,0,0,0,0,0,0,1,1->1,strong_hydrophobic,strong_hydrophobic,strong_hydrophobic->strong_hydrophobic,hydrophobic,hydrophobic,1,0->0,6,4,-2,0.8209,,,,,,unknown,unknown,,,,,,0,0,0,0,,,,,,,,,BRCA2 p.L1384V,0,"criteria provided, multiple submitters, no conflicts",ClinVar,481593,clinvar,,,,,,,
hybrid,BRCA2,L,F,1522,23,17,6,0.7391304347826086,-0.3022808718729337,391,0,1,6,19,13,29,19,4,4,6,2,10,6,-4,0.2,0.333333,0.133333,0.2,-0.333333,-0.533333,0.75,5,5,0,23,17,-6,23->17,0,1,0->1,1,0,1->0,131.18,165.19,34.00999999999999,34.00999999999999,3.8,2.8,-1.0,1.0,0,0,0,0,0,1,1,1->1,strong_hydrophobic,strong_hydrophobic,strong_hydrophobic->strong_hydrophobic,hydrophobic,aromatic,0,0->0,6,2,-4,4.2203,,,,,,unknown,unknown,,,,,,0,0,0,0,,,,,,,,,BRCA2 p.L1522F,0,"criteria provided, single submitter",ClinVar,51675,clinvar,,,,,,,
hybrid,BRCA2,L,S,2069,23,17,6,0.7391304347826086,-0.3022808718729337,391,0,1,6,19,13,29,19,4,4,6,2,10,6,-4,0.2,0.333333,0.133333,0.2,-0.333333,-0.533333,0.75,5,5,0,23,17,-6,23->17,0,1,0->1,1,0,1->0,131.18,105.09,-26.090000000000003,26.090000000000003,3.8,-0.8,-4.6,4.6,0,0,0,0,1,0,0,1->0,strong_hydrophobic,mild_hydrophilic,strong_hydrophobic->mild_hydrophilic,hydrophobic,polar,0,0->0,6,6,0,7.5827,,,,,,unknown,unknown,,,,,,0,0,0,0,,,,,,,,,BRCA2 p.L2069S,0,"criteria provided, multiple submitters, no conflicts",ClinVar,1752192,clinvar,,,,,,,
hybrid,BRCA2,L,S,2396,23,17,6,0.7391304347826086,-0.3022808718729337,391,0,1,6,19,13,29,19,4,4,6,2,10,6,-4,0.2,0.333333,0.133333,0.2,-0.333333,-0.533333,0.75,5,5,0,23,17,-6,23->17,0,1,0->1,1,0,1->0,131.18,105.09,-26.090000000000003,26.090000000000003,3.8,-0.8,-4.6,4.6,0,0,0,0,1,0,0,1->0,strong_hydrophobic,mild_hydrophilic,strong_hydrophobic->mild_hydrophilic,hydrophobic,polar,0,0->0,6,6,0,7.5827,,,,,,unknown,unknown,,,,,,0,0,0,0,,,,,,,,,BRCA2 p.L2396S,0,"criteria provided, single submitter",ClinVar,230839,clinvar,,,,,,,
hybrid,BRCA2,L,I,2480,23,17,6,0.7391304347826086,-0.3022808718729337,391,0,1,6,19,13,29,19,4,4,6,2,10,6,-4,0.2,0.333333,0.133333,0.2,-0.333333,-0.533333,0.75,5,5,0,23,17,-6,23->17,0,1,0->1,1,0,1->0,131.18,131.18,0.0,0.0,3.8,4.5,0.7000000000000002,0.7000000000000002,0,0,0,0,0,0,1,1->1,strong_hydrophobic,strong_hydrophobic,strong_hydrophobic->strong_hydrophobic,hydrophobic,hydrophobic,1,0->0,6,3,-3,0.7,,,,,,unknown,unknown,,,,,,0,0,0,0,,,,,,,,,BRCA2 p.L2480I,0,"criteria provided, single submitter",ClinVar,4628325,clinvar,,,,,,,
hybrid,BRCA2,L,P,2510,23,17,6,0.7391304347826086,-0.3022808718729337,391,0,1,6,19,13,29,19,4,4,6,2,10,6,-4,0.2,0.333333,0.133333,0.2,-0.333333,-0.533333,0.75,5,5,0,23,17,-6,23->17,0,1,0->1,1,0,1->0,131.18,115.13,-16.05000000000001,16.05000000000001,3.8,-1.6,-5.4,5.4,0,0,0,0,0,0,1,1->1,strong_hydrophobic,mild_hydrophilic,strong_hydrophobic->mild_hydrophilic,hydrophobic,special,0,0->0,6,4,-2,6.8815,,,,,,unknown,unknown,,,,,,0,0,0,0,,,,,,,1.060173436634592,,BRCA2 p.L2510P,1,"criteria provided, multiple submitters, no conflicts",ClinVar,9345,clinvar,,,,,,urn:mavedb:00001224-a-1,Scores from arrayed screen of BRCA2 homology directed repair function in VC-8 cells
hybrid,BRCA2,L,V,2581,23,19,4,0.8260869565217391,-0.19105523676270922,437,0,1,4,19,17,29,23,4,2,6,4,10,6,-4,0.2,0.333333,0.133333,0.2,0.333333,0.133333,0.5,5,1,-4,23,19,-4,23->19,0,1,0->1,1,0,1->0,131.18,117.15,-14.030000000000001,14.030000000000001,3.8,4.2,0.40000000000000036,0.40000000000000036,0,0,0,0,0,0,1,1->1,strong_hydrophobic,strong_hydrophobic,strong_hydrophobic->strong_hydrophobic,hydrophobic,hydrophobic,1,0->0,6,4,-2,0.8209,,,,,,unknown,unknown,,,,,,0,0,0,0,,,,,,,,,BRCA2 p.L2581V,0,"criteria provided, single submitter",ClinVar,1760404,clinvar,,,,,,,
hybrid,BRCA2,L,H,2614,23,13,10,0.5652173913043478,-0.570544858467613,299,0,1,10,19,11,29,17,4,2,6,4,10,6,-4,0.2,0.333333,0.133333,0.2,0.333333,0.133333,1.25,5,1,-4,23,13,-10,23->13,0,1,0->1,1,0,1->0,131.18,155.16,23.97999999999999,23.97999999999999,3.8,-3.2,-7.0,7.0,0,1,1,1,1,1,0,1->0,strong_hydrophobic,strong_hydrophilic,strong_hydrophobic->strong_hydrophilic,hydrophobic,basic,0,0->1,6,2,-4,12.6194,,,,,,unknown,unknown,,,,,,0,0,0,0,,,,,,,4.491720381864906,,BRCA2 p.L2614H,0,"criteria provided, single submitter",ClinVar,4629302,clinvar,,,,,,urn:mavedb:00001224-a-1,Scores from arrayed screen of BRCA2 homology directed repair function in VC-8 cells
hybrid,BRCA2,L,P,2647,23,17,6,0.7391304347826086,-0.3022808718729337,391,0,1,6,19,13,29,19,4,4,6,2,10,6,-4,0.2,0.333333,0.133333,0.2,-0.333333,-0.533333,0.75,5,5,0,23,17,-6,23->17,0,1,0->1,1,0,1->0,131.18,115.13,-16.05000000000001,16.05000000000001,3.8,-1.6,-5.4,5.4,0,0,0,0,0,0,1,1->1,strong_hydrophobic,mild_hydrophilic,strong_hydrophobic->mild_hydrophilic,hydrophobic,special,0,0->0,6,4,-2,6.8815,,,,,,unknown,unknown,,,,,,0,0,0,0,,,,,,,0.9974222641620596,,BRCA2 p.L2647P,1,"criteria provided, multiple submitters, no conflicts",ClinVar,52443,clinvar,,,,,,urn:mavedb:00001224-a-1,Scores from arrayed screen of BRCA2 homology directed repair function in VC-8 cells
hybrid,BRCA2,L,P,2653,23,17,6,0.7391304347826086,-0.3022808718729337,391,0,1,6,19,13,29,19,4,4,6,2,10,6,-4,0.2,0.333333,0.133333,0.2,-0.333333,-0.533333,0.75,5,5,0,23,17,-6,23->17,0,1,0->1,1,0,1->0,131.18,115.13,-16.05000000000001,16.05000000000001,3.8,-1.6,-5.4,5.4,0,0,0,0,0,0,1,1->1,strong_hydrophobic,mild_hydrophilic,strong_hydrophobic->mild_hydrophilic,hydrophobic,special,0,0->0,6,4,-2,6.8815,,,,,,unknown,unknown,,,,,,0,0,0,0,,,3.716988495920605e-06,6.0,1614210.0,5.395693157721506e-06,0.9159248739296214,,BRCA2 p.L2653P,1,"criteria provided, multiple submitters, no conflicts",ClinVar,52447,clinvar,13-32362675-T-C,ENST00000380152,missense_variant,gnomad_r4,GRCh38,urn:mavedb:00001224-a-1,Scores from arrayed screen of BRCA2 homology directed repair function in VC-8 cells
hybrid,BRCA2,L,P,2686,23,17,6,0.7391304347826086,-0.3022808718729337,391,0,1,6,19,13,29,19,4,4,6,2,10,6,-4,0.2,0.333333,0.133333,0.2,-0.333333,-0.533333,0.75,5,5,0,23,17,-6,23->17,0,1,0->1,1,0,1->0,131.18,115.13,-16.05000000000001,16.05000000000001,3.8,-1.6,-5.4,5.4,0,0,0,0,0,0,1,1->1,strong_hydrophobic,mild_hydrophilic,strong_hydrophobic->mild_hydrophilic,hydrophobic,special,0,0->0,6,4,-2,6.8815,,,,,,unknown,unknown,,,,,,0,0,0,0,,,6.195234130288251e-07,1.0,1614144.0,8.992999848917603e-07,0.8575963132340493,,BRCA2 p.L2686P,1,"criteria provided, multiple submitters, no conflicts",ClinVar,52489,clinvar,13-32363259-T-C,ENST00000380152,missense_variant,gnomad_r4,GRCh38,urn:mavedb:00001224-a-1,Scores from arrayed screen of BRCA2 homology directed repair function in VC-8 cells
hybrid,BRCA2,L,P,2688,23,17,6,0.7391304347826086,-0.3022808718729337,391,0,1,6,19,13,29,19,4,4,6,2,10,6,-4,0.2,0.333333,0.133333,0.2,-0.333333,-0.533333,0.75,5,5,0,23,17,-6,23->17,0,1,0->1,1,0,1->0,131.18,115.13,-16.05000000000001,16.05000000000001,3.8,-1.6,-5.4,5.4,0,0,0,0,0,0,1,1->1,strong_hydrophobic,mild_hydrophilic,strong_hydrophobic->mild_hydrophilic,hydrophobic,special,0,0->0,6,4,-2,6.8815,,,,,,unknown,unknown,,,,,,0,0,0,0,,,1.2391113093689203e-06,2.0,1614060.0,1.4697668949704576e-05,0.9972897691938764,,BRCA2 p.L2688P,1,"criteria provided, multiple submitters, no conflicts",ClinVar,38137,clinvar,13-32363265-T-C,ENST00000380152,missense_variant,gnomad_r4,GRCh38,urn:mavedb:00001224-a-1,Scores from arrayed screen of BRCA2 homology directed repair function in VC-8 cells
hybrid,BRCA2,L,V,2732,23,19,4,0.8260869565217391,-0.19105523676270922,437,0,1,4,19,17,29,23,4,2,6,4,10,6,-4,0.2,0.333333,0.133333,0.2,0.333333,0.133333,0.5,5,1,-4,23,19,-4,23->19,0,1,0->1,1,0,1->0,131.18,117.15,-14.030000000000001,14.030000000000001,3.8,4.2,0.40000000000000036,0.40000000000000036,0,0,0,0,0,0,1,1->1,strong_hydrophobic,strong_hydrophobic,strong_hydrophobic->strong_hydrophobic,hydrophobic,hydrophobic,1,0->0,6,4,-2,0.8209,,,,,,unknown,unknown,,,,,,0,0,0,0,,,,,,,,,BRCA2 p.L2732V,0,"criteria provided, single submitter",ClinVar,441355,clinvar,,,,,,,
hybrid,BRCA2,L,I,2740,23,17,6,0.7391304347826086,-0.3022808718729337,391,0,1,6,19,13,29,19,4,4,6,2,10,6,-4,0.2,0.333333,0.133333,0.2,-0.333333,-0.533333,0.75,5,5,0,23,17,-6,23->17,0,1,0->1,1,0,1->0,131.18,131.18,0.0,0.0,3.8,4.5,0.7000000000000002,0.7000000000000002,0,0,0,0,0,0,1,1->1,strong_hydrophobic,strong_hydrophobic,strong_hydrophobic->strong_hydrophobic,hydrophobic,hydrophobic,1,0->0,6,3,-3,0.7,,,,,,unknown,unknown,,,,,,0,0,0,0,,,,,,,,,BRCA2 p.L2740I,0,"criteria provided, single submitter",ClinVar,1762491,clinvar,,,,,,,
hybrid,BRCA2,L,F,2753,23,17,6,0.7391304347826086,-0.3022808718729337,391,0,1,6,19,13,29,19,4,4,6,2,10,6,-4,0.2,0.333333,0.133333,0.2,-0.333333,-0.533333,0.75,5,5,0,23,17,-6,23->17,0,1,0->1,1,0,1->0,131.18,165.19,34.00999999999999,34.00999999999999,3.8,2.8,-1.0,1.0,0,0,0,0,0,1,1,1->1,strong_hydrophobic,strong_hydrophobic,strong_hydrophobic->strong_hydrophobic,hydrophobic,aromatic,0,0->0,6,2,-4,4.2203,,,,,,unknown,unknown,,,,,,0,0,0,0,,,,,,,,,BRCA2 p.L2753F,0,"criteria provided, single submitter",ClinVar,3825475,clinvar,,,,,,,
hybrid,BRCA2,L,I,2776,23,17,6,0.7391304347826086,-0.3022808718729337,391,0,1,6,19,13,29,19,4,4,6,2,10,6,-4,0.2,0.333333,0.133333,0.2,-0.333333,-0.533333,0.75,5,5,0,23,17,-6,23->17,0,1,0->1,1,0,1->0,131.18,131.18,0.0,0.0,3.8,4.5,0.7000000000000002,0.7000000000000002,0,0,0,0,0,0,1,1->1,strong_hydrophobic,strong_hydrophobic,strong_hydrophobic->strong_hydrophobic,hydrophobic,hydrophobic,1,0->0,6,3,-3,0.7,,,,,,unknown,unknown,,,,,,0,0,0,0,,,,,,,4.449269454614981,,BRCA2 p.L2776I,0,"criteria provided, single submitter",ClinVar,233108,clinvar,,,,,,urn:mavedb:00001224-a-1,Scores from arrayed screen of BRCA2 homology directed repair function in VC-8 cells
hybrid,BRCA2,L,I,2805,23,17,6,0.7391304347826086,-0.3022808718729337,391,0,1,6,19,13,29,19,4,4,6,2,10,6,-4,0.2,0.333333,0.133333,0.2,-0.333333,-0.533333,0.75,5,5,0,23,17,-6,23->17,0,1,0->1,1,0,1->0,131.18,131.18,0.0,0.0,3.8,4.5,0.7000000000000002,0.7000000000000002,0,0,0,0,0,0,1,1->1,strong_hydrophobic,strong_hydrophobic,strong_hydrophobic->strong_hydrophobic,hydrophobic,hydrophobic,1,0->0,6,3,-3,0.7,,,,,,unknown,unknown,,,,,,0,0,0,0,,,,,,,,,BRCA2 p.L2805I,0,"criteria provided, single submitter",ClinVar,822395,clinvar,,,,,,,
hybrid,BRCA2,L,Q,2862,23,7,16,0.30434782608695654,-1.1895840668738362,161,0,1,16,19,5,29,11,4,2,6,4,10,6,-4,0.2,0.333333,0.133333,0.2,0.333333,0.133333,2.0,5,1,-4,23,7,-16,23->7,0,1,0->1,1,0,1->0,131.18,146.15,14.969999999999999,14.969999999999999,3.8,-3.5,-7.3,7.3,0,0,0,0,1,0,0,1->0,strong_hydrophobic,strong_hydrophilic,strong_hydrophobic->strong_hydrophilic,hydrophobic,polar,0,0->0,6,2,-4,9.9491,,,,,,unknown,unknown,,,,,,0,0,0,0,,,,,,,3.627962851555132,,BRCA2 p.L2862Q,0,"criteria provided, single submitter",ClinVar,481572,clinvar,,,,,,urn:mavedb:00001224-a-1,Scores from arrayed screen of BRCA2 homology directed repair function in VC-8 cells
hybrid,BRCA2,L,F,2865,23,17,6,0.7391304347826086,-0.3022808718729337,391,0,1,6,19,13,29,19,4,4,6,2,10,6,-4,0.2,0.333333,0.133333,0.2,-0.333333,-0.533333,0.75,5,5,0,23,17,-6,23->17,0,1,0->1,1,0,1->0,131.18,165.19,34.00999999999999,34.00999999999999,3.8,2.8,-1.0,1.0,0,0,0,0,0,1,1,1->1,strong_hydrophobic,strong_hydrophobic,strong_hydrophobic->strong_hydrophobic,hydrophobic,aromatic,0,0->0,6,2,-4,4.2203,,,,,,unknown,unknown,,,,,,0,0,0,0,,,6.195149693402042e-07,1.0,1614166.0,8.993177775339627e-07,,,BRCA2 p.L2865F,0,"criteria provided, single submitter",ClinVar,822583,clinvar,13-32371063-A-T,ENST00000380152,missense_variant,gnomad_r4,GRCh38,,
hybrid,BRCA2,L,R,2890,23,19,4,0.8260869565217391,-0.19105523676270922,437,0,1,4,19,17,29,23,4,2,6,4,10,6,-4,0.2,0.333333,0.133333,0.2,0.333333,0.133333,0.5,5,1,-4,23,19,-4,23->19,0,1,0->1,1,0,1->0,131.18,174.2,43.01999999999998,43.01999999999998,3.8,-4.5,-8.3,8.3,0,1,1,1,1,0,0,1->0,strong_hydrophobic,strong_hydrophilic,strong_hydrophobic->strong_hydrophilic,hydrophobic,basic,0,0->1,6,6,0,13.2906,,,,,,unknown,unknown,,,,,,0,0,0,0,,,1.861638092590432e-06,3.0,1611484.0,3.8284839203675343e-05,,,BRCA2 p.L2890R,0,"criteria provided, single submitter",ClinVar,3992856,clinvar,13-32376706-T-G,ENST00000380152,missense_variant,gnomad_r4,GRCh38,,
hybrid,BRCA2,L,P,2890,23,17,6,0.7391304347826086,-0.3022808718729337,391,0,1,6,19,13,29,19,4,4,6,2,10,6,-4,0.2,0.333333,0.133333,0.2,-0.333333,-0.533333,0.75,5,5,0,23,17,-6,23->17,0,1,0->1,1,0,1->0,131.18,115.13,-16.05000000000001,16.05000000000001,3.8,-1.6,-5.4,5.4,0,0,0,0,0,0,1,1->1,strong_hydrophobic,mild_hydrophilic,strong_hydrophobic->mild_hydrophilic,hydrophobic,special,0,0->0,6,4,-2,6.8815,,,,,,unknown,unknown,,,,,,0,0,0,0,,,,,,,,,BRCA2 p.L2890P,0,"criteria provided, single submitter",ClinVar,1764232,clinvar,,,,,,,
hybrid,BRCA2,L,F,2917,23,17,6,0.7391304347826086,-0.3022808718729337,391,0,1,6,19,13,29,19,4,4,6,2,10,6,-4,0.2,0.333333,0.133333,0.2,-0.333333,-0.533333,0.75,5,5,0,23,17,-6,23->17,0,1,0->1,1,0,1->0,131.18,165.19,34.00999999999999,34.00999999999999,3.8,2.8,-1.0,1.0,0,0,0,0,0,1,1,1->1,strong_hydrophobic,strong_hydrophobic,strong_hydrophobic->strong_hydrophobic,hydrophobic,aromatic,0,0->0,6,2,-4,4.2203,,,,,,unknown,unknown,,,,,,0,0,0,0,,,,,,,,,BRCA2 p.L2917F,0,"criteria provided, single submitter",ClinVar,2565957,clinvar,,,,,,,
hybrid,BRCA2,L,W,2929,23,11,12,0.4782608695652174,-0.7375989431307791,253,0,1,12,19,7,29,13,4,4,6,2,10,6,-4,0.2,0.333333,0.133333,0.2,-0.333333,-0.533333,1.5,5,5,0,23,11,-12,23->11,0,1,0->1,1,1,1->1,131.18,204.23,73.04999999999998,73.04999999999998,3.8,-0.9,-4.7,4.7,0,0,0,0,0,1,0,1->0,strong_hydrophobic,mild_hydrophilic,strong_hydrophobic->mild_hydrophilic,hydrophobic,aromatic,0,0->0,6,1,-5,9.0915,,,,,,unknown,unknown,,,,,,0,0,0,0,,,,,,,3.852131073405307,,BRCA2 p.L2929W,0,"criteria provided, multiple submitters, no conflicts",ClinVar,669147,clinvar,,,,,,urn:mavedb:00001224-a-1,Scores from arrayed screen of BRCA2 homology directed repair function in VC-8 cells
hybrid,BRCA2,L,V,2936,23,19,4,0.8260869565217391,-0.19105523676270922,437,0,1,4,19,17,29,23,4,2,6,4,10,6,-4,0.2,0.333333,0.133333,0.2,0.333333,0.133333,0.5,5,1,-4,23,19,-4,23->19,0,1,0->1,1,0,1->0,131.18,117.15,-14.030000000000001,14.030000000000001,3.8,4.2,0.40000000000000036,0.40000000000000036,0,0,0,0,0,0,1,1->1,strong_hydrophobic,strong_hydrophobic,strong_hydrophobic->strong_hydrophobic,hydrophobic,hydrophobic,1,0->0,6,4,-2,0.8209,,,,,,unknown,unknown,,,,,,0,0,0,0,,,,,,,,,BRCA2 p.L2936V,0,"criteria provided, single submitter",ClinVar,3261609,clinvar,,,,,,,
hybrid,BRCA2,L,R,2987,23,19,4,0.8260869565217391,-0.19105523676270922,437,0,1,4,19,17,29,23,4,2,6,4,10,6,-4,0.2,0.333333,0.133333,0.2,0.333333,0.133333,0.5,5,1,-4,23,19,-4,23->19,0,1,0->1,1,0,1->0,131.18,174.2,43.01999999999998,43.01999999999998,3.8,-4.5,-8.3,8.3,0,1,1,1,1,0,0,1->0,strong_hydrophobic,strong_hydrophilic,strong_hydrophobic->strong_hydrophilic,hydrophobic,basic,0,0->1,6,6,0,13.2906,,,,,,unknown,unknown,,,,,,0,0,0,0,,,,,,,,,BRCA2 p.L2987R,1,"criteria provided, single submitter",ClinVar,3261636,clinvar,,,,,,,
hybrid,BRCA2,L,V,2987,23,19,4,0.8260869565217391,-0.19105523676270922,437,0,1,4,19,17,29,23,4,2,6,4,10,6,-4,0.2,0.333333,0.133333,0.2,0.333333,0.133333,0.5,5,1,-4,23,19,-4,23->19,0,1,0->1,1,0,1->0,131.18,117.15,-14.030000000000001,14.030000000000001,3.8,4.2,0.40000000000000036,0.40000000000000036,0,0,0,0,0,0,1,1->1,strong_hydrophobic,strong_hydrophobic,strong_hydrophobic->strong_hydrophobic,hydrophobic,hydrophobic,1,0->0,6,4,-2,0.8209,,,,,,unknown,unknown,,,,,,0,0,0,0,,,6.208496202883722e-07,1.0,1610696.0,9.01723012331964e-07,,,BRCA2 p.L2987V,0,"criteria provided, single submitter",ClinVar,1765242,clinvar,13-32379755-C-G,ENST00000380152,missense_variant,gnomad_r4,GRCh38,,
hybrid,BRCA2,L,S,2996,23,17,6,0.7391304347826086,-0.3022808718729337,391,0,1,6,19,13,29,19,4,4,6,2,10,6,-4,0.2,0.333333,0.133333,0.2,-0.333333,-0.533333,0.75,5,5,0,23,17,-6,23->17,0,1,0->1,1,0,1->0,131.18,105.09,-26.090000000000003,26.090000000000003,3.8,-0.8,-4.6,4.6,0,0,0,0,1,0,0,1->0,strong_hydrophobic,mild_hydrophilic,strong_hydrophobic->mild_hydrophilic,hydrophobic,polar,0,0->0,6,6,0,7.5827,,,,,,unknown,unknown,,,,,,0,0,0,0,,,,,,,,,BRCA2 p.L2996S,0,"criteria provided, single submitter",ClinVar,4629264,clinvar,,,,,,,
hybrid,BRCA2,L,I,3027,23,17,6,0.7391304347826086,-0.3022808718729337,391,0,1,6,19,13,29,19,4,4,6,2,10,6,-4,0.2,0.333333,0.133333,0.2,-0.333333,-0.533333,0.75,5,5,0,23,17,-6,23->17,0,1,0->1,1,0,1->0,131.18,131.18,0.0,0.0,3.8,4.5,0.7000000000000002,0.7000000000000002,0,0,0,0,0,0,1,1->1,strong_hydrophobic,strong_hydrophobic,strong_hydrophobic->strong_hydrophobic,hydrophobic,hydrophobic,1,0->0,6,3,-3,0.7,,,,,,unknown,unknown,,,,,,0,0,0,0,,,,,,,,,BRCA2 p.L3027I,0,"criteria provided, single submitter",ClinVar,1765692,clinvar,,,,,,,
hybrid,BRCA2,L,I,3055,23,17,6,0.7391304347826086,-0.3022808718729337,391,0,1,6,19,13,29,19,4,4,6,2,10,6,-4,0.2,0.333333,0.133333,0.2,-0.333333,-0.533333,0.75,5,5,0,23,17,-6,23->17,0,1,0->1,1,0,1->0,131.18,131.18,0.0,0.0,3.8,4.5,0.7000000000000002,0.7000000000000002,0,0,0,0,0,0,1,1->1,strong_hydrophobic,strong_hydrophobic,strong_hydrophobic->strong_hydrophobic,hydrophobic,hydrophobic,1,0->0,6,3,-3,0.7,,,,,,unknown,unknown,,,,,,0,0,0,0,,,,,,,,,BRCA2 p.L3055I,0,"criteria provided, single submitter",ClinVar,1766015,clinvar,,,,,,,
hybrid,BRCA2,L,P,3074,23,17,6,0.7391304347826086,-0.3022808718729337,391,0,1,6,19,13,29,19,4,4,6,2,10,6,-4,0.2,0.333333,0.133333,0.2,-0.333333,-0.533333,0.75,5,5,0,23,17,-6,23->17,0,1,0->1,1,0,1->0,131.18,115.13,-16.05000000000001,16.05000000000001,3.8,-1.6,-5.4,5.4,0,0,0,0,0,0,1,1->1,strong_hydrophobic,mild_hydrophilic,strong_hydrophobic->mild_hydrophilic,hydrophobic,special,0,0->0,6,4,-2,6.8815,,,,,,unknown,unknown,,,,,,0,0,0,0,,,,,,,1.0734780761303602,,BRCA2 p.L3074P,1,"criteria provided, single submitter",ClinVar,3376536,clinvar,,,,,,urn:mavedb:00001224-a-1,Scores from arrayed screen of BRCA2 homology directed repair function in VC-8 cells
hybrid,BRCA2,L,F,3093,23,17,6,0.7391304347826086,-0.3022808718729337,391,0,1,6,19,13,29,19,4,4,6,2,10,6,-4,0.2,0.333333,0.133333,0.2,-0.333333,-0.533333,0.75,5,5,0,23,17,-6,23->17,0,1,0->1,1,0,1->0,131.18,165.19,34.00999999999999,34.00999999999999,3.8,2.8,-1.0,1.0,0,0,0,0,0,1,1,1->1,strong_hydrophobic,strong_hydrophobic,strong_hydrophobic->strong_hydrophobic,hydrophobic,aromatic,0,0->0,6,2,-4,4.2203,,,,,,unknown,unknown,,,,,,0,0,0,0,,,,,,,,,BRCA2 p.L3093F,0,"criteria provided, single submitter",ClinVar,3229931,clinvar,,,,,,,
hybrid,BRCA2,L,R,3101,23,19,4,0.8260869565217391,-0.19105523676270922,437,0,1,4,19,17,29,23,4,2,6,4,10,6,-4,0.2,0.333333,0.133333,0.2,0.333333,0.133333,0.5,5,1,-4,23,19,-4,23->19,0,1,0->1,1,0,1->0,131.18,174.2,43.01999999999998,43.01999999999998,3.8,-4.5,-8.3,8.3,0,1,1,1,1,0,0,1->0,strong_hydrophobic,strong_hydrophilic,strong_hydrophobic->strong_hydrophilic,hydrophobic,basic,0,0->1,6,6,0,13.2906,,,,,,unknown,unknown,,,,,,0,0,0,0,,,4.46121530940387e-05,72.0,1613910.0,6.205661001827522e-05,1.149454753079536,,BRCA2 p.L3101R,1,"criteria provided, multiple submitters, no conflicts",ClinVar,38230,clinvar,13-32394734-T-G,ENST00000380152,missense_variant,gnomad_r4,GRCh38,urn:mavedb:00001224-a-1,Scores from arrayed screen of BRCA2 homology directed repair function in VC-8 cells
hybrid,BRCA2,L,F,3125,23,17,6,0.7391304347826086,-0.3022808718729337,391,0,1,6,19,13,29,19,4,4,6,2,10,6,-4,0.2,0.333333,0.133333,0.2,-0.333333,-0.533333,0.75,5,5,0,23,17,-6,23->17,0,1,0->1,1,0,1->0,131.18,165.19,34.00999999999999,34.00999999999999,3.8,2.8,-1.0,1.0,0,0,0,0,0,1,1,1->1,strong_hydrophobic,strong_hydrophobic,strong_hydrophobic->strong_hydrophobic,hydrophobic,aromatic,0,0->0,6,2,-4,4.2203,,,,,,unknown,unknown,,,,,,0,0,0,0,,,,,,,1.0837649183962004,,BRCA2 p.L3125F,1,"criteria provided, multiple submitters, no conflicts",ClinVar,433840,clinvar,,,,,,urn:mavedb:00001224-a-1,Scores from arrayed screen of BRCA2 homology directed repair function in VC-8 cells
hybrid,BRCA2,L,H,3215,23,13,10,0.5652173913043478,-0.570544858467613,299,0,1,10,19,11,29,17,4,2,6,4,10,6,-4,0.2,0.333333,0.133333,0.2,0.333333,0.133333,1.25,5,1,-4,23,13,-10,23->13,0,1,0->1,1,0,1->0,131.18,155.16,23.97999999999999,23.97999999999999,3.8,-3.2,-7.0,7.0,0,1,1,1,1,1,0,1->0,strong_hydrophobic,strong_hydrophilic,strong_hydrophobic->strong_hydrophilic,hydrophobic,basic,0,0->1,6,2,-4,12.6194,,,,,,unknown,unknown,,,,,,0,0,0,0,,,,,,,,,BRCA2 p.L3215H,0,"criteria provided, single submitter",ClinVar,3992772,clinvar,,,,,,,
hybrid,BRCA2,L,F,3215,23,17,6,0.7391304347826086,-0.3022808718729337,391,0,1,6,19,13,29,19,4,4,6,2,10,6,-4,0.2,0.333333,0.133333,0.2,-0.333333,-0.533333,0.75,5,5,0,23,17,-6,23->17,0,1,0->1,1,0,1->0,131.18,165.19,34.00999999999999,34.00999999999999,3.8,2.8,-1.0,1.0,0,0,0,0,0,1,1,1->1,strong_hydrophobic,strong_hydrophobic,strong_hydrophobic->strong_hydrophobic,hydrophobic,aromatic,0,0->0,6,2,-4,4.2203,,,,,,unknown,unknown,,,,,,0,0,0,0,,,,,,,,,BRCA2 p.L3215F,0,"criteria provided, single submitter",ClinVar,481553,clinvar,,,,,,,
hybrid,BRCA2,L,H,3344,23,13,10,0.5652173913043478,-0.570544858467613,299,0,1,10,19,11,29,17,4,2,6,4,10,6,-4,0.2,0.333333,0.133333,0.2,0.333333,0.133333,1.25,5,1,-4,23,13,-10,23->13,0,1,0->1,1,0,1->0,131.18,155.16,23.97999999999999,23.97999999999999,3.8,-3.2,-7.0,7.0,0,1,1,1,1,1,0,1->0,strong_hydrophobic,strong_hydrophilic,strong_hydrophobic->strong_hydrophilic,hydrophobic,basic,0,0->1,6,2,-4,12.6194,,,,,,unknown,unknown,,,,,,0,0,0,0,,,,,,,,,BRCA2 p.L3344H,0,"criteria provided, single submitter",ClinVar,3248649,clinvar,,,,,,,
hybrid,BRCA2,L,S,557,23,17,6,0.7391304347826086,-0.3022808718729337,391,0,1,6,19,13,29,19,4,4,6,2,10,6,-4,0.2,0.333333,0.133333,0.2,-0.333333,-0.533333,0.75,5,5,0,23,17,-6,23->17,0,1,0->1,1,0,1->0,131.18,105.09,-26.090000000000003,26.090000000000003,3.8,-0.8,-4.6,4.6,0,0,0,0,1,0,0,1->0,strong_hydrophobic,mild_hydrophilic,strong_hydrophobic->mild_hydrophilic,hydrophobic,polar,0,0->0,6,6,0,7.5827,,,,,,unknown,unknown,,,,,,0,0,0,0,,,,,,,,,BRCA2 p.L557S,0,"criteria provided, single submitter",ClinVar,3482145,clinvar,,,,,,,
hybrid,BRCA2,L,S,574,23,17,6,0.7391304347826086,-0.3022808718729337,391,0,1,6,19,13,29,19,4,4,6,2,10,6,-4,0.2,0.333333,0.133333,0.2,-0.333333,-0.533333,0.75,5,5,0,23,17,-6,23->17,0,1,0->1,1,0,1->0,131.18,105.09,-26.090000000000003,26.090000000000003,3.8,-0.8,-4.6,4.6,0,0,0,0,1,0,0,1->0,strong_hydrophobic,mild_hydrophilic,strong_hydrophobic->mild_hydrophilic,hydrophobic,polar,0,0->0,6,6,0,7.5827,,,,,,unknown,unknown,,,,,,0,0,0,0,,,,,,,,,BRCA2 p.L574S,0,"criteria provided, single submitter",ClinVar,4215151,clinvar,,,,,,,
hybrid,BRCA2,L,M,583,23,11,12,0.4782608695652174,-0.7375989431307791,253,0,1,12,19,7,29,13,4,4,6,2,10,6,-4,0.2,0.333333,0.133333,0.2,-0.333333,-0.533333,1.5,5,5,0,23,11,-12,23->11,0,1,0->1,1,1,1->1,131.18,149.21,18.03,18.03,3.8,1.9,-1.9,1.9,0,0,0,0,0,0,0,1->0,strong_hydrophobic,mild_hydrophobic,strong_hydrophobic->mild_hydrophobic,hydrophobic,hydrophobic,1,0->0,6,1,-5,2.4409,,,,,,unknown,unknown,,,,,,0,0,0,0,,,,,,,,,BRCA2 p.L583M,0,"criteria provided, single submitter",ClinVar,3482026,clinvar,,,,,,,
hybrid,BRCA2,L,F,759,23,17,6,0.7391304347826086,-0.3022808718729337,391,0,1,6,19,13,29,19,4,4,6,2,10,6,-4,0.2,0.333333,0.133333,0.2,-0.333333,-0.533333,0.75,5,5,0,23,17,-6,23->17,0,1,0->1,1,0,1->0,131.18,165.19,34.00999999999999,34.00999999999999,3.8,2.8,-1.0,1.0,0,0,0,0,0,1,1,1->1,strong_hydrophobic,strong_hydrophobic,strong_hydrophobic->strong_hydrophobic,hydrophobic,aromatic,0,0->0,6,2,-4,4.2203,,,,,,unknown,unknown,,,,,,0,0,0,0,,,,,,,,,BRCA2 p.L759F,0,"criteria provided, single submitter",ClinVar,51264,clinvar,,,,,,,
hybrid,BRCA2,L,P,901,23,17,6,0.7391304347826086,-0.3022808718729337,391,0,1,6,19,13,29,19,4,4,6,2,10,6,-4,0.2,0.333333,0.133333,0.2,-0.333333,-0.533333,0.75,5,5,0,23,17,-6,23->17,0,1,0->1,1,0,1->0,131.18,115.13,-16.05000000000001,16.05000000000001,3.8,-1.6,-5.4,5.4,0,0,0,0,0,0,1,1->1,strong_hydrophobic,mild_hydrophilic,strong_hydrophobic->mild_hydrophilic,hydrophobic,special,0,0->0,6,4,-2,6.8815,,,,,,unknown,unknown,,,,,,0,0,0,0,,,6.230630527348106e-07,1.0,1604974.0,9.012484092965576e-07,,,BRCA2 p.L901P,0,"criteria provided, multiple submitters, no conflicts",ClinVar,1794947,clinvar,13-32337057-T-C,ENST00000380152,missense_variant,gnomad_r4,GRCh38,,
hybrid,BRCA2,L,V,90,23,19,4,0.8260869565217391,-0.19105523676270922,437,0,1,4,19,17,29,23,4,2,6,4,10,6,-4,0.2,0.333333,0.133333,0.2,0.333333,0.133333,0.5,5,1,-4,23,19,-4,23->19,0,1,0->1,1,0,1->0,131.18,117.15,-14.030000000000001,14.030000000000001,3.8,4.2,0.40000000000000036,0.40000000000000036,0,0,0,0,0,0,1,1->1,strong_hydrophobic,strong_hydrophobic,strong_hydrophobic->strong_hydrophobic,hydrophobic,hydrophobic,1,0->0,6,4,-2,0.8209,,,,,,unknown,unknown,,,,,,0,0,0,0,,,6.196247552482217e-07,1.0,1613880.0,2.987571701720841e-05,,,BRCA2 p.L90V,0,"criteria provided, single submitter",ClinVar,1794778,clinvar,13-32319277-C-G,ENST00000380152,missense_variant,gnomad_r4,GRCh38,,
hybrid,BRCA2,K,R,1025,11,19,8,1.7272727272727273,0.5465437063680699,209,1,0,8,7,17,13,23,4,2,2,4,6,6,0,0.333333,0.333333,0.0,-0.333333,0.333333,0.666666,1.333333,5,1,-4,11,19,8,11->19,1,1,1->1,1,0,1->0,146.19,174.2,28.00999999999999,28.00999999999999,-3.9,-4.5,-0.6000000000000001,0.6000000000000001,1,1,0,0,0,0,1,0->0,strong_hydrophilic,strong_hydrophilic,strong_hydrophilic->strong_hydrophilic,basic,basic,1,1->1,2,6,4,1.4403,,,,,,unknown,unknown,,,,,,0,0,0,0,,,,,,,,,BRCA2 p.K1025R,0,"criteria provided, single submitter",ClinVar,559992,clinvar,,,,,,,
hybrid,BRCA2,K,E,1082,11,11,0,1.0,0.0,121,0,0,0,7,7,13,13,4,4,2,2,6,6,0,0.333333,0.333333,0.0,-0.333333,-0.333333,0.0,0.0,5,5,0,11,11,0,11->11,1,1,1->1,1,1,1->1,146.19,147.13,0.9399999999999977,0.9399999999999977,-3.9,-3.5,0.3999999999999999,0.3999999999999999,1,-1,-2,2,0,0,1,0->0,strong_hydrophilic,strong_hydrophilic,strong_hydrophilic->strong_hydrophilic,basic,acidic,0,1->-1,2,2,0,4.4282,,,,,,unknown,unknown,,,,,,0,0,0,0,,,3.136825833391888e-06,5.0,1593968.0,4.535649296339368e-06,,,BRCA2 p.K1082E,0,"criteria provided, single submitter",ClinVar,3226173,clinvar,13-32337599-A-G,ENST00000380152,missense_variant,gnomad_r4,GRCh38,,
hybrid,BRCA2,K,N,1132,11,7,4,0.6363636363636364,-0.45198512374305727,77,0,1,4,7,5,13,11,4,2,2,4,6,6,0,0.333333,0.333333,0.0,-0.333333,0.333333,0.666666,0.666667,5,1,-4,11,7,-4,11->7,1,1,1->1,1,0,1->0,146.19,132.12,-14.069999999999993,14.069999999999993,-3.9,-3.5,0.3999999999999999,0.3999999999999999,1,0,-1,1,0,0,1,0->0,strong_hydrophilic,strong_hydrophilic,strong_hydrophilic->strong_hydrophilic,basic,polar,0,1->0,2,2,0,3.3221,,,,,,unknown,unknown,,,,,,0,0,0,0,,,,,,,,,BRCA2 p.K1132N,0,no assertion criteria provided,ClinVar,126009,clinvar,,,,,,,
hybrid,BRCA2,K,N,1191,11,7,4,0.6363636363636364,-0.45198512374305727,77,0,1,4,7,5,13,11,4,2,2,4,6,6,0,0.333333,0.333333,0.0,-0.333333,0.333333,0.666666,0.666667,5,1,-4,11,7,-4,11->7,1,1,1->1,1,0,1->0,146.19,132.12,-14.069999999999993,14.069999999999993,-3.9,-3.5,0.3999999999999999,0.3999999999999999,1,0,-1,1,0,0,1,0->0,strong_hydrophilic,strong_hydrophilic,strong_hydrophilic->strong_hydrophilic,basic,polar,0,1->0,2,2,0,3.3221,,,,,,unknown,unknown,,,,,,0,0,0,0,,,,,,,,,BRCA2 p.K1191N,0,"criteria provided, single submitter",ClinVar,3992854,clinvar,,,,,,,
hybrid,BRCA2,K,N,1281,11,7,4,0.6363636363636364,-0.45198512374305727,77,0,1,4,7,5,13,11,4,2,2,4,6,6,0,0.333333,0.333333,0.0,-0.333333,0.333333,0.666666,0.666667,5,1,-4,11,7,-4,11->7,1,1,1->1,1,0,1->0,146.19,132.12,-14.069999999999993,14.069999999999993,-3.9,-3.5,0.3999999999999999,0.3999999999999999,1,0,-1,1,0,0,1,0->0,strong_hydrophilic,strong_hydrophilic,strong_hydrophilic->strong_hydrophilic,basic,polar,0,1->0,2,2,0,3.3221,,,,,,unknown,unknown,,,,,,0,0,0,0,,,,,,,,,BRCA2 p.K1281N,0,"criteria provided, single submitter",ClinVar,4215876,clinvar,,,,,,,
hybrid,BRCA2,K,N,1286,11,7,4,0.6363636363636364,-0.45198512374305727,77,0,1,4,7,5,13,11,4,2,2,4,6,6,0,0.333333,0.333333,0.0,-0.333333,0.333333,0.666666,0.666667,5,1,-4,11,7,-4,11->7,1,1,1->1,1,0,1->0,146.19,132.12,-14.069999999999993,14.069999999999993,-3.9,-3.5,0.3999999999999999,0.3999999999999999,1,0,-1,1,0,0,1,0->0,strong_hydrophilic,strong_hydrophilic,strong_hydrophilic->strong_hydrophilic,basic,polar,0,1->0,2,2,0,3.3221,,,,,,unknown,unknown,,,,,,0,0,0,0,,,,,,,,,BRCA2 p.K1286N,0,"criteria provided, single submitter",ClinVar,545614,clinvar,,,,,,,
hybrid,BRCA2,K,N,1314,11,7,4,0.6363636363636364,-0.45198512374305727,77,0,1,4,7,5,13,11,4,2,2,4,6,6,0,0.333333,0.333333,0.0,-0.333333,0.333333,0.666666,0.666667,5,1,-4,11,7,-4,11->7,1,1,1->1,1,0,1->0,146.19,132.12,-14.069999999999993,14.069999999999993,-3.9,-3.5,0.3999999999999999,0.3999999999999999,1,0,-1,1,0,0,1,0->0,strong_hydrophilic,strong_hydrophilic,strong_hydrophilic->strong_hydrophilic,basic,polar,0,1->0,2,2,0,3.3221,,,,,,unknown,unknown,,,,,,0,0,0,0,,,0.0,0.0,1579192.0,0.0,,,BRCA2 p.K1314N,0,"criteria provided, single submitter",ClinVar,3336564,clinvar,13-32338297-G-T,ENST00000380152,missense_variant,gnomad_r4,GRCh38,,
hybrid,BRCA2,K,R,1343,11,19,8,1.7272727272727273,0.5465437063680699,209,1,0,8,7,17,13,23,4,2,2,4,6,6,0,0.333333,0.333333,0.0,-0.333333,0.333333,0.666666,1.333333,5,1,-4,11,19,8,11->19,1,1,1->1,1,0,1->0,146.19,174.2,28.00999999999999,28.00999999999999,-3.9,-4.5,-0.6000000000000001,0.6000000000000001,1,1,0,0,0,0,1,0->0,strong_hydrophilic,strong_hydrophilic,strong_hydrophilic->strong_hydrophilic,basic,basic,1,1->1,2,6,4,1.4403,,,,,,unknown,unknown,,,,,,0,0,0,0,,,,,,,,,BRCA2 p.K1343R,0,"criteria provided, single submitter",ClinVar,2920722,clinvar,,,,,,,
hybrid,BRCA2,K,N,1531,11,7,4,0.6363636363636364,-0.45198512374305727,77,0,1,4,7,5,13,11,4,2,2,4,6,6,0,0.333333,0.333333,0.0,-0.333333,0.333333,0.666666,0.666667,5,1,-4,11,7,-4,11->7,1,1,1->1,1,0,1->0,146.19,132.12,-14.069999999999993,14.069999999999993,-3.9,-3.5,0.3999999999999999,0.3999999999999999,1,0,-1,1,0,0,1,0->0,strong_hydrophilic,strong_hydrophilic,strong_hydrophilic->strong_hydrophilic,basic,polar,0,1->0,2,2,0,3.3221,,,,,,unknown,unknown,,,,,,0,0,0,0,,,,,,,,,BRCA2 p.K1531N,0,"criteria provided, single submitter",ClinVar,41550,clinvar,,,,,,,
hybrid,BRCA2,K,Q,1691,11,7,4,0.6363636363636364,-0.45198512374305727,77,0,1,4,7,5,13,11,4,2,2,4,6,6,0,0.333333,0.333333,0.0,-0.333333,0.333333,0.666666,0.666667,5,1,-4,11,7,-4,11->7,1,1,1->1,1,0,1->0,146.19,146.15,-0.03999999999999204,0.03999999999999204,-3.9,-3.5,0.3999999999999999,0.3999999999999999,1,0,-1,1,0,0,1,0->0,strong_hydrophilic,strong_hydrophilic,strong_hydrophilic->strong_hydrophilic,basic,polar,0,1->0,2,2,0,2.9012,,,,,,unknown,unknown,,,,,,0,0,0,0,,,,,,,,,BRCA2 p.K1691Q,0,"criteria provided, single submitter",ClinVar,3481972,clinvar,,,,,,,
hybrid,BRCA2,K,N,172,11,7,4,0.6363636363636364,-0.45198512374305727,77,0,1,4,7,5,13,11,4,2,2,4,6,6,0,0.333333,0.333333,0.0,-0.333333,0.333333,0.666666,0.666667,5,1,-4,11,7,-4,11->7,1,1,1->1,1,0,1->0,146.19,132.12,-14.069999999999993,14.069999999999993,-3.9,-3.5,0.3999999999999999,0.3999999999999999,1,0,-1,1,0,0,1,0->0,strong_hydrophilic,strong_hydrophilic,strong_hydrophilic->strong_hydrophilic,basic,polar,0,1->0,2,2,0,3.3221,,,,,,unknown,unknown,,,,,,0,0,0,0,,,,,,,,,BRCA2 p.K172N,1,"criteria provided, single submitter",ClinVar,441345,clinvar,,,,,,,
hybrid,BRCA2,K,T,178,11,17,6,1.5454545454545454,0.4353180712578455,187,1,0,6,7,13,13,19,4,4,2,2,6,6,0,0.333333,0.333333,0.0,-0.333333,-0.333333,0.0,1.0,5,5,0,11,17,6,11->17,1,1,1->1,1,0,1->0,146.19,119.12,-27.069999999999993,27.069999999999993,-3.9,-0.7,3.2,3.2,1,0,-1,1,0,0,0,0->1,strong_hydrophilic,mild_hydrophilic,strong_hydrophilic->mild_hydrophilic,basic,polar,0,1->0,2,4,2,6.5121,,,,,,unknown,unknown,,,,,,0,0,0,0,,,,,,,,,BRCA2 p.K178T,0,"criteria provided, single submitter",ClinVar,3778940,clinvar,,,,,,,
hybrid,BRCA2,K,Q,1823,11,7,4,0.6363636363636364,-0.45198512374305727,77,0,1,4,7,5,13,11,4,2,2,4,6,6,0,0.333333,0.333333,0.0,-0.333333,0.333333,0.666666,0.666667,5,1,-4,11,7,-4,11->7,1,1,1->1,1,0,1->0,146.19,146.15,-0.03999999999999204,0.03999999999999204,-3.9,-3.5,0.3999999999999999,0.3999999999999999,1,0,-1,1,0,0,1,0->0,strong_hydrophilic,strong_hydrophilic,strong_hydrophilic->strong_hydrophilic,basic,polar,0,1->0,2,2,0,2.9012,,,,,,unknown,unknown,,,,,,0,0,0,0,,,,,,,,,BRCA2 p.K1823Q,0,"criteria provided, single submitter",ClinVar,51867,clinvar,,,,,,,
hybrid,BRCA2,K,E,1828,11,11,0,1.0,0.0,121,0,0,0,7,7,13,13,4,4,2,2,6,6,0,0.333333,0.333333,0.0,-0.333333,-0.333333,0.0,0.0,5,5,0,11,11,0,11->11,1,1,1->1,1,1,1->1,146.19,147.13,0.9399999999999977,0.9399999999999977,-3.9,-3.5,0.3999999999999999,0.3999999999999999,1,-1,-2,2,0,0,1,0->0,strong_hydrophilic,strong_hydrophilic,strong_hydrophilic->strong_hydrophilic,basic,acidic,0,1->-1,2,2,0,4.4282,,,,,,unknown,unknown,,,,,,0,0,0,0,,,,,,,,,BRCA2 p.K1828E,0,"criteria provided, multiple submitters, no conflicts",ClinVar,1747811,clinvar,,,,,,,
hybrid,BRCA2,K,E,1944,11,11,0,1.0,0.0,121,0,0,0,7,7,13,13,4,4,2,2,6,6,0,0.333333,0.333333,0.0,-0.333333,-0.333333,0.0,0.0,5,5,0,11,11,0,11->11,1,1,1->1,1,1,1->1,146.19,147.13,0.9399999999999977,0.9399999999999977,-3.9,-3.5,0.3999999999999999,0.3999999999999999,1,-1,-2,2,0,0,1,0->0,strong_hydrophilic,strong_hydrophilic,strong_hydrophilic->strong_hydrophilic,basic,acidic,0,1->-1,2,2,0,4.4282,,,,,,unknown,unknown,,,,,,0,0,0,0,,,,,,,,,BRCA2 p.K1944E,0,"criteria provided, multiple submitters, no conflicts",ClinVar,531537,clinvar,,,,,,,
hybrid,BRCA2,K,N,2017,11,7,4,0.6363636363636364,-0.45198512374305727,77,0,1,4,7,5,13,11,4,2,2,4,6,6,0,0.333333,0.333333,0.0,-0.333333,0.333333,0.666666,0.666667,5,1,-4,11,7,-4,11->7,1,1,1->1,1,0,1->0,146.19,132.12,-14.069999999999993,14.069999999999993,-3.9,-3.5,0.3999999999999999,0.3999999999999999,1,0,-1,1,0,0,1,0->0,strong_hydrophilic,strong_hydrophilic,strong_hydrophilic->strong_hydrophilic,basic,polar,0,1->0,2,2,0,3.3221,,,,,,unknown,unknown,,,,,,0,0,0,0,,,,,,,,,BRCA2 p.K2017N,0,"criteria provided, single submitter",ClinVar,2692059,clinvar,,,,,,,
hybrid,BRCA2,K,N,2077,11,7,4,0.6363636363636364,-0.45198512374305727,77,0,1,4,7,5,13,11,4,2,2,4,6,6,0,0.333333,0.333333,0.0,-0.333333,0.333333,0.666666,0.666667,5,1,-4,11,7,-4,11->7,1,1,1->1,1,0,1->0,146.19,132.12,-14.069999999999993,14.069999999999993,-3.9,-3.5,0.3999999999999999,0.3999999999999999,1,0,-1,1,0,0,1,0->0,strong_hydrophilic,strong_hydrophilic,strong_hydrophilic->strong_hydrophilic,basic,polar,0,1->0,2,2,0,3.3221,,,,,,unknown,unknown,,,,,,0,0,0,0,,,6.582297345968032e-05,106.0,1610380.0,0.0012422360248447,,,BRCA2 p.K2077N,0,no assertion criteria provided,ClinVar,96963,clinvar,13-32340586-G-C,ENST00000380152,missense_variant,gnomad_r4,GRCh38,,
hybrid,BRCA2,K,N,2128,11,7,4,0.6363636363636364,-0.45198512374305727,77,0,1,4,7,5,13,11,4,2,2,4,6,6,0,0.333333,0.333333,0.0,-0.333333,0.333333,0.666666,0.666667,5,1,-4,11,7,-4,11->7,1,1,1->1,1,0,1->0,146.19,132.12,-14.069999999999993,14.069999999999993,-3.9,-3.5,0.3999999999999999,0.3999999999999999,1,0,-1,1,0,0,1,0->0,strong_hydrophilic,strong_hydrophilic,strong_hydrophilic->strong_hydrophilic,basic,polar,0,1->0,2,2,0,3.3221,,,,,,unknown,unknown,,,,,,0,0,0,0,,,,,,,,,BRCA2 p.K2128N,0,"criteria provided, single submitter",ClinVar,52078,clinvar,,,,,,,
hybrid,BRCA2,K,E,2446,11,11,0,1.0,0.0,121,0,0,0,7,7,13,13,4,4,2,2,6,6,0,0.333333,0.333333,0.0,-0.333333,-0.333333,0.0,0.0,5,5,0,11,11,0,11->11,1,1,1->1,1,1,1->1,146.19,147.13,0.9399999999999977,0.9399999999999977,-3.9,-3.5,0.3999999999999999,0.3999999999999999,1,-1,-2,2,0,0,1,0->0,strong_hydrophilic,strong_hydrophilic,strong_hydrophilic->strong_hydrophilic,basic,acidic,0,1->-1,2,2,0,4.4282,,,,,,unknown,unknown,,,,,,0,0,0,0,,,6.196577754038e-07,1.0,1613794.0,8.995313441696876e-07,,,BRCA2 p.K2446E,0,"criteria provided, multiple submitters, no conflicts",ClinVar,848086,clinvar,13-32355189-A-G,ENST00000380152,missense_variant,gnomad_r4,GRCh38,,
hybrid,BRCA2,K,N,2448,11,7,4,0.6363636363636364,-0.45198512374305727,77,0,1,4,7,5,13,11,4,2,2,4,6,6,0,0.333333,0.333333,0.0,-0.333333,0.333333,0.666666,0.666667,5,1,-4,11,7,-4,11->7,1,1,1->1,1,0,1->0,146.19,132.12,-14.069999999999993,14.069999999999993,-3.9,-3.5,0.3999999999999999,0.3999999999999999,1,0,-1,1,0,0,1,0->0,strong_hydrophilic,strong_hydrophilic,strong_hydrophilic->strong_hydrophilic,basic,polar,0,1->0,2,2,0,3.3221,,,,,,unknown,unknown,,,,,,0,0,0,0,,,0.0,0.0,1611356.0,0.0,,,BRCA2 p.K2448N,0,"criteria provided, single submitter",ClinVar,1758423,clinvar,13-32355197-G-T,ENST00000380152,missense_variant,gnomad_r4,GRCh38,,
hybrid,BRCA2,K,N,2524,11,7,4,0.6363636363636364,-0.45198512374305727,77,0,1,4,7,5,13,11,4,2,2,4,6,6,0,0.333333,0.333333,0.0,-0.333333,0.333333,0.666666,0.666667,5,1,-4,11,7,-4,11->7,1,1,1->1,1,0,1->0,146.19,132.12,-14.069999999999993,14.069999999999993,-3.9,-3.5,0.3999999999999999,0.3999999999999999,1,0,-1,1,0,0,1,0->0,strong_hydrophilic,strong_hydrophilic,strong_hydrophilic->strong_hydrophilic,basic,polar,0,1->0,2,2,0,3.3221,,,,,,unknown,unknown,,,,,,0,0,0,0,,,,,,,,,BRCA2 p.K2524N,0,"criteria provided, single submitter",ClinVar,2451545,clinvar,,,,,,,
hybrid,BRCA2,K,R,2551,11,19,8,1.7272727272727273,0.5465437063680699,209,1,0,8,7,17,13,23,4,2,2,4,6,6,0,0.333333,0.333333,0.0,-0.333333,0.333333,0.666666,1.333333,5,1,-4,11,19,8,11->19,1,1,1->1,1,0,1->0,146.19,174.2,28.00999999999999,28.00999999999999,-3.9,-4.5,-0.6000000000000001,0.6000000000000001,1,1,0,0,0,0,1,0->0,strong_hydrophilic,strong_hydrophilic,strong_hydrophilic->strong_hydrophilic,basic,basic,1,1->1,2,6,4,1.4403,,,,,,unknown,unknown,,,,,,0,0,0,0,,,,,,,,,BRCA2 p.K2551R,0,"criteria provided, single submitter",ClinVar,3992775,clinvar,,,,,,,
hybrid,BRCA2,K,T,2555,11,17,6,1.5454545454545454,0.4353180712578455,187,1,0,6,7,13,13,19,4,4,2,2,6,6,0,0.333333,0.333333,0.0,-0.333333,-0.333333,0.0,1.0,5,5,0,11,17,6,11->17,1,1,1->1,1,0,1->0,146.19,119.12,-27.069999999999993,27.069999999999993,-3.9,-0.7,3.2,3.2,1,0,-1,1,0,0,0,0->1,strong_hydrophilic,mild_hydrophilic,strong_hydrophilic->mild_hydrophilic,basic,polar,0,1->0,2,4,2,6.5121,,,,,,unknown,unknown,,,,,,0,0,0,0,,,,,,,,,BRCA2 p.K2555T,0,"criteria provided, single submitter",ClinVar,3482114,clinvar,,,,,,,
hybrid,BRCA2,K,N,2577,11,7,4,0.6363636363636364,-0.45198512374305727,77,0,1,4,7,5,13,11,4,2,2,4,6,6,0,0.333333,0.333333,0.0,-0.333333,0.333333,0.666666,0.666667,5,1,-4,11,7,-4,11->7,1,1,1->1,1,0,1->0,146.19,132.12,-14.069999999999993,14.069999999999993,-3.9,-3.5,0.3999999999999999,0.3999999999999999,1,0,-1,1,0,0,1,0->0,strong_hydrophilic,strong_hydrophilic,strong_hydrophilic->strong_hydrophilic,basic,polar,0,1->0,2,2,0,3.3221,,,,,,unknown,unknown,,,,,,0,0,0,0,,,,,,,,,BRCA2 p.K2577N,0,"criteria provided, single submitter",ClinVar,1684754,clinvar,,,,,,,
hybrid,BRCA2,K,Q,2630,11,7,4,0.6363636363636364,-0.45198512374305727,77,0,1,4,7,5,13,11,4,2,2,4,6,6,0,0.333333,0.333333,0.0,-0.333333,0.333333,0.666666,0.666667,5,1,-4,11,7,-4,11->7,1,1,1->1,1,0,1->0,146.19,146.15,-0.03999999999999204,0.03999999999999204,-3.9,-3.5,0.3999999999999999,0.3999999999999999,1,0,-1,1,0,0,1,0->0,strong_hydrophilic,strong_hydrophilic,strong_hydrophilic->strong_hydrophilic,basic,polar,0,1->0,2,2,0,2.9012,,,,,,unknown,unknown,,,,,,0,0,0,0,,,,,,,0.9829777889913968,,BRCA2 p.K2630Q,1,"criteria provided, single submitter",ClinVar,995948,clinvar,,,,,,urn:mavedb:00001224-a-1,Scores from arrayed screen of BRCA2 homology directed repair function in VC-8 cells
hybrid,BRCA2,K,N,2674,11,7,4,0.6363636363636364,-0.45198512374305727,77,0,1,4,7,5,13,11,4,2,2,4,6,6,0,0.333333,0.333333,0.0,-0.333333,0.333333,0.666666,0.666667,5,1,-4,11,7,-4,11->7,1,1,1->1,1,0,1->0,146.19,132.12,-14.069999999999993,14.069999999999993,-3.9,-3.5,0.3999999999999999,0.3999999999999999,1,0,-1,1,0,0,1,0->0,strong_hydrophilic,strong_hydrophilic,strong_hydrophilic->strong_hydrophilic,basic,polar,0,1->0,2,2,0,3.3221,,,,,,unknown,unknown,,,,,,0,0,0,0,,,1.2392356889964546e-06,2.0,1613898.0,2.3191094619666047e-05,3.0040952831610075,,BRCA2 p.K2674N,0,"criteria provided, single submitter",ClinVar,483104,clinvar,13-32363224-G-T,ENST00000380152,missense_variant,gnomad_r4,GRCh38,urn:mavedb:00001224-a-1,Scores from arrayed screen of BRCA2 homology directed repair function in VC-8 cells
hybrid,BRCA2,K,M,2674,11,11,0,1.0,0.0,121,0,0,0,7,7,13,13,4,4,2,2,6,6,0,0.333333,0.333333,0.0,-0.333333,-0.333333,0.0,0.0,5,5,0,11,11,0,11->11,1,1,1->1,1,1,1->1,146.19,149.21,3.0200000000000102,3.0200000000000102,-3.9,1.9,5.8,5.8,1,0,-1,1,1,0,1,0->0,strong_hydrophilic,mild_hydrophobic,strong_hydrophilic->mild_hydrophobic,basic,hydrophobic,0,1->0,2,1,-1,9.5906,,,,,,unknown,unknown,,,,,,0,0,0,0,,,,,,,,,BRCA2 p.K2674M,0,"criteria provided, single submitter",ClinVar,3481942,clinvar,,,,,,,
hybrid,BRCA2,K,R,2715,11,19,8,1.7272727272727273,0.5465437063680699,209,1,0,8,7,17,13,23,4,2,2,4,6,6,0,0.333333,0.333333,0.0,-0.333333,0.333333,0.666666,1.333333,5,1,-4,11,19,8,11->19,1,1,1->1,1,0,1->0,146.19,174.2,28.00999999999999,28.00999999999999,-3.9,-4.5,-0.6000000000000001,0.6000000000000001,1,1,0,0,0,0,1,0->0,strong_hydrophilic,strong_hydrophilic,strong_hydrophilic->strong_hydrophilic,basic,basic,1,1->1,2,6,4,1.4403,,,,,,unknown,unknown,,,,,,0,0,0,0,,,6.195165045391975e-07,1.0,1614162.0,1.1593396401409756e-05,,,BRCA2 p.K2715R,0,"criteria provided, single submitter",ClinVar,2586302,clinvar,13-32363346-A-G,ENST00000380152,missense_variant,gnomad_r4,GRCh38,,
hybrid,BRCA2,K,N,2833,11,7,4,0.6363636363636364,-0.45198512374305727,77,0,1,4,7,5,13,11,4,2,2,4,6,6,0,0.333333,0.333333,0.0,-0.333333,0.333333,0.666666,0.666667,5,1,-4,11,7,-4,11->7,1,1,1->1,1,0,1->0,146.19,132.12,-14.069999999999993,14.069999999999993,-3.9,-3.5,0.3999999999999999,0.3999999999999999,1,0,-1,1,0,0,1,0->0,strong_hydrophilic,strong_hydrophilic,strong_hydrophilic->strong_hydrophilic,basic,polar,0,1->0,2,2,0,3.3221,,,,,,unknown,unknown,,,,,,0,0,0,0,,,,,,,3.0038258149497707,,BRCA2 p.K2833N,0,"criteria provided, single submitter",ClinVar,231248,clinvar,,,,,,urn:mavedb:00001224-a-1,Scores from arrayed screen of BRCA2 homology directed repair function in VC-8 cells
hybrid,BRCA2,K,N,2950,11,7,4,0.6363636363636364,-0.45198512374305727,77,0,1,4,7,5,13,11,4,2,2,4,6,6,0,0.333333,0.333333,0.0,-0.333333,0.333333,0.666666,0.666667,5,1,-4,11,7,-4,11->7,1,1,1->1,1,0,1->0,146.19,132.12,-14.069999999999993,14.069999999999993,-3.9,-3.5,0.3999999999999999,0.3999999999999999,1,0,-1,1,0,0,1,0->0,strong_hydrophilic,strong_hydrophilic,strong_hydrophilic->strong_hydrophilic,basic,polar,0,1->0,2,2,0,3.3221,,,,,,unknown,unknown,,,,,,0,0,0,0,,,0.0008142091265779,1314.0,1613836.0,0.0029411764705882,5.414868251738424,,BRCA2 p.K2950N,0,"criteria provided, multiple submitters, no conflicts",ClinVar,1169136,clinvar,13-32379412-G-T,ENST00000380152,missense_variant,gnomad_r4,GRCh38,urn:mavedb:00001224-a-1,Scores from arrayed screen of BRCA2 homology directed repair function in VC-8 cells
hybrid,BRCA2,K,T,2950,11,17,6,1.5454545454545454,0.4353180712578455,187,1,0,6,7,13,13,19,4,4,2,2,6,6,0,0.333333,0.333333,0.0,-0.333333,-0.333333,0.0,1.0,5,5,0,11,17,6,11->17,1,1,1->1,1,0,1->0,146.19,119.12,-27.069999999999993,27.069999999999993,-3.9,-0.7,3.2,3.2,1,0,-1,1,0,0,0,0->1,strong_hydrophilic,mild_hydrophilic,strong_hydrophilic->mild_hydrophilic,basic,polar,0,1->0,2,4,2,6.5121,,,,,,unknown,unknown,,,,,,0,0,0,0,,,,,,,,,BRCA2 p.K2950T,0,"criteria provided, single submitter",ClinVar,822764,clinvar,,,,,,,
hybrid,BRCA2,K,Q,2979,11,7,4,0.6363636363636364,-0.45198512374305727,77,0,1,4,7,5,13,11,4,2,2,4,6,6,0,0.333333,0.333333,0.0,-0.333333,0.333333,0.666666,0.666667,5,1,-4,11,7,-4,11->7,1,1,1->1,1,0,1->0,146.19,146.15,-0.03999999999999204,0.03999999999999204,-3.9,-3.5,0.3999999999999999,0.3999999999999999,1,0,-1,1,0,0,1,0->0,strong_hydrophilic,strong_hydrophilic,strong_hydrophilic->strong_hydrophilic,basic,polar,0,1->0,2,2,0,2.9012,,,,,,unknown,unknown,,,,,,0,0,0,0,,,,,,,,,BRCA2 p.K2979Q,0,"criteria provided, single submitter",ClinVar,2586266,clinvar,,,,,,,
hybrid,BRCA2,K,N,3019,11,7,4,0.6363636363636364,-0.45198512374305727,77,0,1,4,7,5,13,11,4,2,2,4,6,6,0,0.333333,0.333333,0.0,-0.333333,0.333333,0.666666,0.666667,5,1,-4,11,7,-4,11->7,1,1,1->1,1,0,1->0,146.19,132.12,-14.069999999999993,14.069999999999993,-3.9,-3.5,0.3999999999999999,0.3999999999999999,1,0,-1,1,0,0,1,0->0,strong_hydrophilic,strong_hydrophilic,strong_hydrophilic->strong_hydrophilic,basic,polar,0,1->0,2,2,0,3.3221,,,,,,unknown,unknown,,,,,,0,0,0,0,,,,,,,,,BRCA2 p.K3019N,0,"criteria provided, single submitter",ClinVar,4215923,clinvar,,,,,,,
hybrid,BRCA2,K,R,3032,11,19,8,1.7272727272727273,0.5465437063680699,209,1,0,8,7,17,13,23,4,2,2,4,6,6,0,0.333333,0.333333,0.0,-0.333333,0.333333,0.666666,1.333333,5,1,-4,11,19,8,11->19,1,1,1->1,1,0,1->0,146.19,174.2,28.00999999999999,28.00999999999999,-3.9,-4.5,-0.6000000000000001,0.6000000000000001,1,1,0,0,0,0,1,0->0,strong_hydrophilic,strong_hydrophilic,strong_hydrophilic->strong_hydrophilic,basic,basic,1,1->1,2,6,4,1.4403,,,,,,unknown,unknown,,,,,,0,0,0,0,,,,,,,,,BRCA2 p.K3032R,0,"criteria provided, single submitter",ClinVar,3992835,clinvar,,,,,,,
hybrid,BRCA2,K,N,3196,11,7,4,0.6363636363636364,-0.45198512374305727,77,0,1,4,7,5,13,11,4,2,2,4,6,6,0,0.333333,0.333333,0.0,-0.333333,0.333333,0.666666,0.666667,5,1,-4,11,7,-4,11->7,1,1,1->1,1,0,1->0,146.19,132.12,-14.069999999999993,14.069999999999993,-3.9,-3.5,0.3999999999999999,0.3999999999999999,1,0,-1,1,0,0,1,0->0,strong_hydrophilic,strong_hydrophilic,strong_hydrophilic->strong_hydrophilic,basic,polar,0,1->0,2,2,0,3.3221,,,,,,unknown,unknown,,,,,,0,0,0,0,,,,,,,,,BRCA2 p.K3196N,0,"criteria provided, single submitter",ClinVar,3992741,clinvar,,,,,,,
hybrid,BRCA2,K,Q,322,11,7,4,0.6363636363636364,-0.45198512374305727,77,0,1,4,7,5,13,11,4,2,2,4,6,6,0,0.333333,0.333333,0.0,-0.333333,0.333333,0.666666,0.666667,5,1,-4,11,7,-4,11->7,1,1,1->1,1,0,1->0,146.19,146.15,-0.03999999999999204,0.03999999999999204,-3.9,-3.5,0.3999999999999999,0.3999999999999999,1,0,-1,1,0,0,1,0->0,strong_hydrophilic,strong_hydrophilic,strong_hydrophilic->strong_hydrophilic,basic,polar,0,1->0,2,2,0,2.9012,,,,,,unknown,unknown,,,,,,0,0,0,0,,,0.0001844375033834,293.0,1588614.0,0.0070490146538655,,,BRCA2 p.K322Q,0,"criteria provided, multiple submitters, no conflicts",ClinVar,38258,clinvar,13-32332442-A-C,ENST00000380152,missense_variant,gnomad_r4,GRCh38,,
hybrid,BRCA2,K,E,3415,11,11,0,1.0,0.0,121,0,0,0,7,7,13,13,4,4,2,2,6,6,0,0.333333,0.333333,0.0,-0.333333,-0.333333,0.0,0.0,5,5,0,11,11,0,11->11,1,1,1->1,1,1,1->1,146.19,147.13,0.9399999999999977,0.9399999999999977,-3.9,-3.5,0.3999999999999999,0.3999999999999999,1,-1,-2,2,0,0,1,0->0,strong_hydrophilic,strong_hydrophilic,strong_hydrophilic->strong_hydrophilic,basic,acidic,0,1->-1,2,2,0,4.4282,,,,,,unknown,unknown,,,,,,0,0,0,0,,,,,,,,,BRCA2 p.K3415E,0,"criteria provided, single submitter",ClinVar,3482049,clinvar,,,,,,,
hybrid,BRCA2,K,N,410,11,7,4,0.6363636363636364,-0.45198512374305727,77,0,1,4,7,5,13,11,4,2,2,4,6,6,0,0.333333,0.333333,0.0,-0.333333,0.333333,0.666666,0.666667,5,1,-4,11,7,-4,11->7,1,1,1->1,1,0,1->0,146.19,132.12,-14.069999999999993,14.069999999999993,-3.9,-3.5,0.3999999999999999,0.3999999999999999,1,0,-1,1,0,0,1,0->0,strong_hydrophilic,strong_hydrophilic,strong_hydrophilic->strong_hydrophilic,basic,polar,0,1->0,2,2,0,3.3221,,,,,,unknown,unknown,,,,,,0,0,0,0,,,,,,,,,BRCA2 p.K410N,0,"criteria provided, single submitter",ClinVar,3992851,clinvar,,,,,,,
hybrid,BRCA2,K,T,437,11,17,6,1.5454545454545454,0.4353180712578455,187,1,0,6,7,13,13,19,4,4,2,2,6,6,0,0.333333,0.333333,0.0,-0.333333,-0.333333,0.0,1.0,5,5,0,11,17,6,11->17,1,1,1->1,1,0,1->0,146.19,119.12,-27.069999999999993,27.069999999999993,-3.9,-0.7,3.2,3.2,1,0,-1,1,0,0,0,0->1,strong_hydrophilic,mild_hydrophilic,strong_hydrophilic->mild_hydrophilic,basic,polar,0,1->0,2,4,2,6.5121,,,,,,unknown,unknown,,,,,,0,0,0,0,,,,,,,,,BRCA2 p.K437T,0,"criteria provided, single submitter",ClinVar,3482019,clinvar,,,,,,,
hybrid,BRCA2,K,T,457,11,17,6,1.5454545454545454,0.4353180712578455,187,1,0,6,7,13,13,19,4,4,2,2,6,6,0,0.333333,0.333333,0.0,-0.333333,-0.333333,0.0,1.0,5,5,0,11,17,6,11->17,1,1,1->1,1,0,1->0,146.19,119.12,-27.069999999999993,27.069999999999993,-3.9,-0.7,3.2,3.2,1,0,-1,1,0,0,0,0->1,strong_hydrophilic,mild_hydrophilic,strong_hydrophilic->mild_hydrophilic,basic,polar,0,1->0,2,4,2,6.5121,,,,,,unknown,unknown,,,,,,0,0,0,0,,,,,,,,,BRCA2 p.K457T,0,"criteria provided, single submitter",ClinVar,4215254,clinvar,,,,,,,
hybrid,BRCA2,K,T,944,11,17,6,1.5454545454545454,0.4353180712578455,187,1,0,6,7,13,13,19,4,4,2,2,6,6,0,0.333333,0.333333,0.0,-0.333333,-0.333333,0.0,1.0,5,5,0,11,17,6,11->17,1,1,1->1,1,0,1->0,146.19,119.12,-27.069999999999993,27.069999999999993,-3.9,-0.7,3.2,3.2,1,0,-1,1,0,0,0,0->1,strong_hydrophilic,mild_hydrophilic,strong_hydrophilic->mild_hydrophilic,basic,polar,0,1->0,2,4,2,6.5121,,,,,,unknown,unknown,,,,,,0,0,0,0,,,,,,,,,BRCA2 p.K944T,0,"criteria provided, single submitter",ClinVar,2451475,clinvar,,,,,,,
hybrid,BRCA2,M,I,1149,11,17,6,1.5454545454545454,0.4353180712578455,187,1,0,6,7,13,13,19,4,4,2,2,6,6,0,0.333333,0.333333,0.0,-0.333333,-0.333333,0.0,1.0,5,5,0,11,17,6,11->17,1,1,1->1,1,0,1->0,149.21,131.18,-18.03,18.03,1.9,4.5,2.6,2.6,0,0,0,0,0,0,0,0->1,mild_hydrophobic,strong_hydrophobic,mild_hydrophobic->strong_hydrophobic,hydrophobic,hydrophobic,1,0->0,1,3,2,3.1409,,,,,,unknown,unknown,,,,,,0,0,0,0,,,9.912988741323038e-06,16.0,1614044.0,2.236035955458164e-05,,,BRCA2 p.M1149I,0,"criteria provided, single submitter",ClinVar,3482027,clinvar,13-32337802-G-A,ENST00000380152,missense_variant,gnomad_r4,GRCh38,,
hybrid,BRCA2,M,V,1149,11,19,8,1.7272727272727273,0.5465437063680699,209,1,0,8,7,17,13,23,4,2,2,4,6,6,0,0.333333,0.333333,0.0,-0.333333,0.333333,0.666666,1.333333,5,1,-4,11,19,8,11->19,1,1,1->1,1,0,1->0,149.21,117.15,-32.06,32.06,1.9,4.2,2.3000000000000003,2.3000000000000003,0,0,0,0,0,0,0,0->1,mild_hydrophobic,strong_hydrophobic,mild_hydrophobic->strong_hydrophobic,hydrophobic,hydrophobic,1,0->0,1,4,3,3.2618,,,,,,unknown,unknown,,,,,,0,0,0,0,,,6.691151324104501e-05,108.0,1614072.0,0.0019282684149633,,,BRCA2 p.M1149V,0,"criteria provided, multiple submitters, no conflicts",ClinVar,51465,clinvar,13-32337800-A-G,ENST00000380152,missense_variant,gnomad_r4,GRCh38,,
hybrid,BRCA2,M,R,1272,11,19,8,1.7272727272727273,0.5465437063680699,209,1,0,8,7,17,13,23,4,2,2,4,6,6,0,0.333333,0.333333,0.0,-0.333333,0.333333,0.666666,1.333333,5,1,-4,11,19,8,11->19,1,1,1->1,1,0,1->0,149.21,174.2,24.98999999999998,24.98999999999998,1.9,-4.5,-6.4,6.4,0,1,1,1,1,0,1,0->0,mild_hydrophobic,strong_hydrophilic,mild_hydrophobic->strong_hydrophilic,hydrophobic,basic,0,0->1,1,6,5,10.8497,,,,,,unknown,unknown,,,,,,0,0,0,0,,,,,,,,,BRCA2 p.M1272R,0,"criteria provided, single submitter",ClinVar,4215907,clinvar,,,,,,,
hybrid,BRCA2,M,I,1936,11,17,6,1.5454545454545454,0.4353180712578455,187,1,0,6,7,13,13,19,4,4,2,2,6,6,0,0.333333,0.333333,0.0,-0.333333,-0.333333,0.0,1.0,5,5,0,11,17,6,11->17,1,1,1->1,1,0,1->0,149.21,131.18,-18.03,18.03,1.9,4.5,2.6,2.6,0,0,0,0,0,0,0,0->1,mild_hydrophobic,strong_hydrophobic,mild_hydrophobic->strong_hydrophobic,hydrophobic,hydrophobic,1,0->0,1,3,2,3.1409,,,,,,unknown,unknown,,,,,,0,0,0,0,,,4.959554830358427e-06,8.0,1613048.0,8.97934750074828e-05,,,BRCA2 p.M1936I,0,"criteria provided, multiple submitters, no conflicts",ClinVar,1749822,clinvar,13-32340163-G-A,ENST00000380152,missense_variant,gnomad_r4,GRCh38,,
hybrid,BRCA2,M,R,1,11,19,8,1.7272727272727273,0.5465437063680699,209,1,0,8,7,17,13,23,4,2,2,4,6,6,0,0.333333,0.333333,0.0,-0.333333,0.333333,0.666666,1.333333,5,1,-4,11,19,8,11->19,1,1,1->1,1,0,1->0,149.21,174.2,24.98999999999998,24.98999999999998,1.9,-4.5,-6.4,6.4,0,1,1,1,1,0,1,0->0,mild_hydrophobic,strong_hydrophilic,mild_hydrophobic->strong_hydrophilic,hydrophobic,basic,0,0->1,1,6,5,10.8497,,,,,,unknown,unknown,,,,,,0,0,0,0,,,,,,,,,BRCA2 p.M1R,1,"criteria provided, multiple submitters, no conflicts",ClinVar,51385,clinvar,,,,,,,
hybrid,BRCA2,M,K,1,11,11,0,1.0,0.0,121,0,0,0,7,7,13,13,4,4,2,2,6,6,0,0.333333,0.333333,0.0,-0.333333,-0.333333,0.0,0.0,5,5,0,11,11,0,11->11,1,1,1->1,1,1,1->1,149.21,146.19,-3.0200000000000102,3.0200000000000102,1.9,-3.9,-5.8,5.8,0,1,1,1,1,0,1,0->0,mild_hydrophobic,strong_hydrophilic,mild_hydrophobic->strong_hydrophilic,hydrophobic,basic,0,0->1,1,2,1,9.5906,,,,,,unknown,unknown,,,,,,0,0,0,0,,,,,,,,,BRCA2 p.M1K,1,"criteria provided, multiple submitters, no conflicts",ClinVar,431282,clinvar,,,,,,,
hybrid,BRCA2,M,T,1,11,17,6,1.5454545454545454,0.4353180712578455,187,1,0,6,7,13,13,19,4,4,2,2,6,6,0,0.333333,0.333333,0.0,-0.333333,-0.333333,0.0,1.0,5,5,0,11,17,6,11->17,1,1,1->1,1,0,1->0,149.21,119.12,-30.090000000000003,30.090000000000003,1.9,-0.7,-2.5999999999999996,2.5999999999999996,0,0,0,0,1,0,0,0->1,mild_hydrophobic,mild_hydrophilic,mild_hydrophobic->mild_hydrophilic,hydrophobic,polar,0,0->0,1,4,3,5.7027,,,,,,unknown,unknown,,,,,,0,0,0,0,,,,,,,,,BRCA2 p.M1T,1,"criteria provided, multiple submitters, no conflicts",ClinVar,51384,clinvar,,,,,,,
hybrid,BRCA2,M,V,1,11,19,8,1.7272727272727273,0.5465437063680699,209,1,0,8,7,17,13,23,4,2,2,4,6,6,0,0.333333,0.333333,0.0,-0.333333,0.333333,0.666666,1.333333,5,1,-4,11,19,8,11->19,1,1,1->1,1,0,1->0,149.21,117.15,-32.06,32.06,1.9,4.2,2.3000000000000003,2.3000000000000003,0,0,0,0,0,0,0,0->1,mild_hydrophobic,strong_hydrophobic,mild_hydrophobic->strong_hydrophobic,hydrophobic,hydrophobic,1,0->0,1,4,3,3.2618,,,,,,unknown,unknown,,,,,,0,0,0,0,,,,,,,,,BRCA2 p.M1V,1,"criteria provided, single submitter",ClinVar,216026,clinvar,,,,,,,
hybrid,BRCA2,M,I,2634,11,17,6,1.5454545454545454,0.4353180712578455,187,1,0,6,7,13,13,19,4,4,2,2,6,6,0,0.333333,0.333333,0.0,-0.333333,-0.333333,0.0,1.0,5,5,0,11,17,6,11->17,1,1,1->1,1,0,1->0,149.21,131.18,-18.03,18.03,1.9,4.5,2.6,2.6,0,0,0,0,0,0,0,0->1,mild_hydrophobic,strong_hydrophobic,mild_hydrophobic->strong_hydrophobic,hydrophobic,hydrophobic,1,0->0,1,3,2,3.1409,,,,,,unknown,unknown,,,,,,0,0,0,0,,,6.195011528916455e-07,1.0,1614202.0,1.1593396401409756e-05,,,BRCA2 p.M2634I,0,no assertion criteria provided,ClinVar,873412,clinvar,13-32362619-G-A,ENST00000380152,missense_variant,gnomad_r4,GRCh38,,
hybrid,BRCA2,M,T,2676,11,17,6,1.5454545454545454,0.4353180712578455,187,1,0,6,7,13,13,19,4,4,2,2,6,6,0,0.333333,0.333333,0.0,-0.333333,-0.333333,0.0,1.0,5,5,0,11,17,6,11->17,1,1,1->1,1,0,1->0,149.21,119.12,-30.090000000000003,30.090000000000003,1.9,-0.7,-2.5999999999999996,2.5999999999999996,0,0,0,0,1,0,0,0->1,mild_hydrophobic,mild_hydrophilic,mild_hydrophobic->mild_hydrophilic,hydrophobic,polar,0,0->0,1,4,3,5.7027,,,,,,unknown,unknown,,,,,,0,0,0,0,,,1.672932936455811e-05,27.0,1613932.0,2.1584014878580923e-05,5.65511585223142,,BRCA2 p.M2676T,0,"criteria provided, multiple submitters, no conflicts",ClinVar,38136,clinvar,13-32363229-T-C,ENST00000380152,missense_variant,gnomad_r4,GRCh38,urn:mavedb:00001224-a-1,Scores from arrayed screen of BRCA2 homology directed repair function in VC-8 cells
hybrid,BRCA2,M,T,2952,11,17,6,1.5454545454545454,0.4353180712578455,187,1,0,6,7,13,13,19,4,4,2,2,6,6,0,0.333333,0.333333,0.0,-0.333333,-0.333333,0.0,1.0,5,5,0,11,17,6,11->17,1,1,1->1,1,0,1->0,149.21,119.12,-30.090000000000003,30.090000000000003,1.9,-0.7,-2.5999999999999996,2.5999999999999996,0,0,0,0,1,0,0,0->1,mild_hydrophobic,mild_hydrophilic,mild_hydrophobic->mild_hydrophilic,hydrophobic,polar,0,0->0,1,4,3,5.7027,,,,,,unknown,unknown,,,,,,0,0,0,0,,,,,,,,,BRCA2 p.M2952T,0,"criteria provided, single submitter",ClinVar,1764893,clinvar,,,,,,,
hybrid,BRCA2,M,L,3322,11,23,12,2.090909090909091,0.7375989431307791,253,1,0,12,7,19,13,29,4,4,2,6,6,10,4,0.333333,0.2,-0.133333,-0.333333,0.2,0.533333,1.5,5,5,0,11,23,12,11->23,1,0,1->0,1,1,1->1,149.21,131.18,-18.03,18.03,1.9,3.8,1.9,1.9,0,0,0,0,0,0,0,0->1,mild_hydrophobic,strong_hydrophobic,mild_hydrophobic->strong_hydrophobic,hydrophobic,hydrophobic,1,0->0,1,6,5,2.4409,,,,,,unknown,unknown,,,,,,0,0,0,0,,,,,,,,,BRCA2 p.M3322L,0,"criteria provided, single submitter",ClinVar,3482077,clinvar,,,,,,,
hybrid,BRCA2,F,L,1219,17,23,6,1.3529411764705883,0.3022808718729337,391,1,0,6,13,19,19,29,4,4,2,6,6,10,4,0.333333,0.2,-0.133333,-0.333333,0.2,0.533333,0.75,5,5,0,17,23,6,17->23,1,0,1->0,0,1,0->1,165.19,131.18,-34.00999999999999,34.00999999999999,2.8,3.8,1.0,1.0,0,0,0,0,0,1,1,1->1,strong_hydrophobic,strong_hydrophobic,strong_hydrophobic->strong_hydrophobic,aromatic,hydrophobic,0,0->0,2,6,4,4.2203,,,,,,unknown,unknown,,,,,,0,0,0,0,,,,,,,,,BRCA2 p.F1219L,0,"criteria provided, single submitter",ClinVar,3778936,clinvar,,,,,,,
hybrid,BRCA2,F,Y,2055,17,17,0,1.0,0.0,289,0,0,0,13,13,19,19,4,4,2,2,6,6,0,0.333333,0.333333,0.0,-0.333333,-0.333333,0.0,0.0,5,5,0,17,17,0,17->17,1,1,1->1,0,0,0->0,165.19,181.19,16.0,16.0,2.8,-1.3,-4.1,4.1,0,0,0,0,1,0,1,1->1,strong_hydrophobic,mild_hydrophilic,strong_hydrophobic->mild_hydrophilic,aromatic,aromatic,1,0->0,2,2,0,5.78,,,,,,unknown,unknown,,,,,,0,0,0,0,,,,,,,,,BRCA2 p.F2055Y,0,"criteria provided, single submitter",ClinVar,2692060,clinvar,,,,,,,
hybrid,BRCA2,F,L,2457,17,23,6,1.3529411764705883,0.3022808718729337,391,1,0,6,13,19,19,29,4,4,2,6,6,10,4,0.333333,0.2,-0.133333,-0.333333,0.2,0.533333,0.75,5,5,0,17,23,6,17->23,1,0,1->0,0,1,0->1,165.19,131.18,-34.00999999999999,34.00999999999999,2.8,3.8,1.0,1.0,0,0,0,0,0,1,1,1->1,strong_hydrophobic,strong_hydrophobic,strong_hydrophobic->strong_hydrophobic,aromatic,hydrophobic,0,0->0,2,6,4,4.2203,,,,,,unknown,unknown,,,,,,0,0,0,0,,,0.0,0.0,1611734.0,0.0,,,BRCA2 p.F2457L,0,"criteria provided, single submitter",ClinVar,1758573,clinvar,13-32355224-T-A,ENST00000380152,missense_variant,gnomad_r4,GRCh38,,
hybrid,BRCA2,F,L,266,17,23,6,1.3529411764705883,0.3022808718729337,391,1,0,6,13,19,19,29,4,4,2,6,6,10,4,0.333333,0.2,-0.133333,-0.333333,0.2,0.533333,0.75,5,5,0,17,23,6,17->23,1,0,1->0,0,1,0->1,165.19,131.18,-34.00999999999999,34.00999999999999,2.8,3.8,1.0,1.0,0,0,0,0,0,1,1,1->1,strong_hydrophobic,strong_hydrophobic,strong_hydrophobic->strong_hydrophobic,aromatic,hydrophobic,0,0->0,2,6,4,4.2203,,,,,,unknown,unknown,,,,,,0,0,0,0,,,6.87574773756646e-06,11.0,1599826.0,0.0002556712532539,,,BRCA2 p.F266L,0,"criteria provided, multiple submitters, no conflicts",ClinVar,142396,clinvar,13-32332274-T-C,ENST00000380152,missense_variant,gnomad_r4,GRCh38,,
hybrid,BRCA2,F,L,2794,17,23,6,1.3529411764705883,0.3022808718729337,391,1,0,6,13,19,19,29,4,4,2,6,6,10,4,0.333333,0.2,-0.133333,-0.333333,0.2,0.533333,0.75,5,5,0,17,23,6,17->23,1,0,1->0,0,1,0->1,165.19,131.18,-34.00999999999999,34.00999999999999,2.8,3.8,1.0,1.0,0,0,0,0,0,1,1,1->1,strong_hydrophobic,strong_hydrophobic,strong_hydrophobic->strong_hydrophobic,aromatic,hydrophobic,0,0->0,2,6,4,4.2203,,,,,,unknown,unknown,,,,,,0,0,0,0,,,1.239258725001053e-06,2.0,1613868.0,1.4698533086397976e-05,3.5603591008488102,,BRCA2 p.F2794L,0,"criteria provided, single submitter",ClinVar,4628351,clinvar,13-32370452-C-G,ENST00000380152,missense_variant,gnomad_r4,GRCh38,urn:mavedb:00001224-a-1,Scores from arrayed screen of BRCA2 homology directed repair function in VC-8 cells
hybrid,BRCA2,F,V,2795,17,19,2,1.1176470588235294,0.1112256351102244,323,1,0,2,13,17,19,23,4,2,2,4,6,6,0,0.333333,0.333333,0.0,-0.333333,0.333333,0.666666,0.333333,5,1,-4,17,19,2,17->19,1,1,1->1,0,0,0->0,165.19,117.15,-48.03999999999999,48.03999999999999,2.8,4.2,1.4000000000000004,1.4000000000000004,0,0,0,0,0,1,1,1->1,strong_hydrophobic,strong_hydrophobic,strong_hydrophobic->strong_hydrophobic,aromatic,hydrophobic,0,0->0,2,4,2,5.0412,,,,,,unknown,unknown,,,,,,0,0,0,0,,,6.195472101169581e-07,1.0,1614082.0,1.6559032952475575e-05,,,BRCA2 p.F2795V,0,"criteria provided, single submitter",ClinVar,1763171,clinvar,13-32370453-T-G,ENST00000380152,missense_variant,gnomad_r4,GRCh38,,
hybrid,BRCA2,F,S,2873,17,17,0,1.0,0.0,289,0,0,0,13,13,19,19,4,4,2,2,6,6,0,0.333333,0.333333,0.0,-0.333333,-0.333333,0.0,0.0,5,5,0,17,17,0,17->17,1,1,1->1,0,0,0->0,165.19,105.09,-60.099999999999994,60.099999999999994,2.8,-0.8,-3.5999999999999996,3.5999999999999996,0,0,0,0,1,1,0,1->0,strong_hydrophobic,mild_hydrophilic,strong_hydrophobic->mild_hydrophilic,aromatic,polar,0,0->0,2,6,4,8.803,,,,,,unknown,unknown,,,,,,0,0,0,0,,,,,,,,,BRCA2 p.F2873S,0,"criteria provided, single submitter",ClinVar,2468038,clinvar,,,,,,,
hybrid,BRCA2,F,I,2921,17,17,0,1.0,0.0,289,0,0,0,13,13,19,19,4,4,2,2,6,6,0,0.333333,0.333333,0.0,-0.333333,-0.333333,0.0,0.0,5,5,0,17,17,0,17->17,1,1,1->1,0,0,0->0,165.19,131.18,-34.00999999999999,34.00999999999999,2.8,4.5,1.7000000000000002,1.7000000000000002,0,0,0,0,0,1,1,1->1,strong_hydrophobic,strong_hydrophobic,strong_hydrophobic->strong_hydrophobic,aromatic,hydrophobic,0,0->0,2,3,1,4.9203,,,,,,unknown,unknown,,,,,,0,0,0,0,,,,,,,,,BRCA2 p.F2921I,0,"criteria provided, single submitter",ClinVar,4629576,clinvar,,,,,,,
hybrid,BRCA2,F,V,3057,17,19,2,1.1176470588235294,0.1112256351102244,323,1,0,2,13,17,19,23,4,2,2,4,6,6,0,0.333333,0.333333,0.0,-0.333333,0.333333,0.666666,0.333333,5,1,-4,17,19,2,17->19,1,1,1->1,0,0,0->0,165.19,117.15,-48.03999999999999,48.03999999999999,2.8,4.2,1.4000000000000004,1.4000000000000004,0,0,0,0,0,1,1,1->1,strong_hydrophobic,strong_hydrophobic,strong_hydrophobic->strong_hydrophobic,aromatic,hydrophobic,0,0->0,2,4,2,5.0412,,,,,,unknown,unknown,,,,,,0,0,0,0,,,,,,,,,BRCA2 p.F3057V,0,"criteria provided, single submitter",ClinVar,141012,clinvar,,,,,,,
hybrid,BRCA2,F,I,3060,17,17,0,1.0,0.0,289,0,0,0,13,13,19,19,4,4,2,2,6,6,0,0.333333,0.333333,0.0,-0.333333,-0.333333,0.0,0.0,5,5,0,17,17,0,17->17,1,1,1->1,0,0,0->0,165.19,131.18,-34.00999999999999,34.00999999999999,2.8,4.5,1.7000000000000002,1.7000000000000002,0,0,0,0,0,1,1,1->1,strong_hydrophobic,strong_hydrophobic,strong_hydrophobic->strong_hydrophobic,aromatic,hydrophobic,0,0->0,2,3,1,4.9203,,,,,,unknown,unknown,,,,,,0,0,0,0,,,,,,,,,BRCA2 p.F3060I,0,"criteria provided, single submitter",ClinVar,3481944,clinvar,,,,,,,
hybrid,BRCA2,F,V,3060,17,19,2,1.1176470588235294,0.1112256351102244,323,1,0,2,13,17,19,23,4,2,2,4,6,6,0,0.333333,0.333333,0.0,-0.333333,0.333333,0.666666,0.333333,5,1,-4,17,19,2,17->19,1,1,1->1,0,0,0->0,165.19,117.15,-48.03999999999999,48.03999999999999,2.8,4.2,1.4000000000000004,1.4000000000000004,0,0,0,0,0,1,1,1->1,strong_hydrophobic,strong_hydrophobic,strong_hydrophobic->strong_hydrophobic,aromatic,hydrophobic,0,0->0,2,4,2,5.0412,,,,,,unknown,unknown,,,,,,0,0,0,0,,,,,,,,,BRCA2 p.F3060V,0,"criteria provided, single submitter",ClinVar,3992748,clinvar,,,,,,,
hybrid,BRCA2,F,S,3090,17,17,0,1.0,0.0,289,0,0,0,13,13,19,19,4,4,2,2,6,6,0,0.333333,0.333333,0.0,-0.333333,-0.333333,0.0,0.0,5,5,0,17,17,0,17->17,1,1,1->1,0,0,0->0,165.19,105.09,-60.099999999999994,60.099999999999994,2.8,-0.8,-3.5999999999999996,3.5999999999999996,0,0,0,0,1,1,0,1->0,strong_hydrophobic,mild_hydrophilic,strong_hydrophobic->mild_hydrophilic,aromatic,polar,0,0->0,2,6,4,8.803,,,,,,unknown,unknown,,,,,,0,0,0,0,,,,,,,,,BRCA2 p.F3090S,0,"criteria provided, single submitter",ClinVar,2566001,clinvar,,,,,,,
hybrid,BRCA2,F,L,3325,17,23,6,1.3529411764705883,0.3022808718729337,391,1,0,6,13,19,19,29,4,4,2,6,6,10,4,0.333333,0.2,-0.133333,-0.333333,0.2,0.533333,0.75,5,5,0,17,23,6,17->23,1,0,1->0,0,1,0->1,165.19,131.18,-34.00999999999999,34.00999999999999,2.8,3.8,1.0,1.0,0,0,0,0,0,1,1,1->1,strong_hydrophobic,strong_hydrophobic,strong_hydrophobic->strong_hydrophobic,aromatic,hydrophobic,0,0->0,2,6,4,4.2203,,,,,,unknown,unknown,,,,,,0,0,0,0,,,,,,,,,BRCA2 p.F3325L,0,"criteria provided, single submitter",ClinVar,1768781,clinvar,,,,,,,
hybrid,BRCA2,F,L,354,17,23,6,1.3529411764705883,0.3022808718729337,391,1,0,6,13,19,19,29,4,4,2,6,6,10,4,0.333333,0.2,-0.133333,-0.333333,0.2,0.533333,0.75,5,5,0,17,23,6,17->23,1,0,1->0,0,1,0->1,165.19,131.18,-34.00999999999999,34.00999999999999,2.8,3.8,1.0,1.0,0,0,0,0,0,1,1,1->1,strong_hydrophobic,strong_hydrophobic,strong_hydrophobic->strong_hydrophobic,aromatic,hydrophobic,0,0->0,2,6,4,4.2203,,,,,,unknown,unknown,,,,,,0,0,0,0,,,6.201204273869985e-07,1.0,1612620.0,2.2507314877335133e-05,,,BRCA2 p.F354L,0,"criteria provided, single submitter",ClinVar,3261554,clinvar,13-32332538-T-C,ENST00000380152,missense_variant,gnomad_r4,GRCh38,,
hybrid,BRCA2,F,L,625,17,23,6,1.3529411764705883,0.3022808718729337,391,1,0,6,13,19,19,29,4,4,2,6,6,10,4,0.333333,0.2,-0.133333,-0.333333,0.2,0.533333,0.75,5,5,0,17,23,6,17->23,1,0,1->0,0,1,0->1,165.19,131.18,-34.00999999999999,34.00999999999999,2.8,3.8,1.0,1.0,0,0,0,0,0,1,1,1->1,strong_hydrophobic,strong_hydrophobic,strong_hydrophobic->strong_hydrophobic,aromatic,hydrophobic,0,0->0,2,6,4,4.2203,,,,,,unknown,unknown,,,,,,0,0,0,0,,,2.4869435463814973e-06,4.0,1608400.0,3.6004118871198864e-06,,,BRCA2 p.F625L,0,"criteria provided, single submitter",ClinVar,2586289,clinvar,13-32333353-T-A,ENST00000380152,missense_variant,gnomad_r4,GRCh38,,
hybrid,BRCA2,P,L,1039,17,23,6,1.3529411764705883,0.3022808718729337,391,1,0,6,13,19,19,29,4,4,2,6,6,10,4,0.333333,0.2,-0.133333,-0.333333,0.2,0.533333,0.75,5,5,0,17,23,6,17->23,1,0,1->0,0,1,0->1,115.13,131.18,16.05000000000001,16.05000000000001,-1.6,3.8,5.4,5.4,0,0,0,0,0,0,1,1->1,mild_hydrophilic,strong_hydrophobic,mild_hydrophilic->strong_hydrophobic,special,hydrophobic,0,0->0,4,6,2,6.8815,,,,,,unknown,unknown,,,,,,0,0,0,0,,,,,,,,,BRCA2 p.P1039L,0,"criteria provided, single submitter",ClinVar,1049505,clinvar,,,,,,,
hybrid,BRCA2,P,A,1171,17,13,4,0.7647058823529411,-0.2682639865946794,221,0,1,4,13,11,19,17,4,2,2,4,6,6,0,0.333333,0.333333,0.0,-0.333333,0.333333,0.666666,0.666667,5,1,-4,17,13,-4,17->13,1,1,1->1,0,0,0->0,115.13,89.09,-26.039999999999992,26.039999999999992,-1.6,1.8,3.4000000000000004,3.4000000000000004,0,0,0,0,0,0,1,1->1,mild_hydrophilic,mild_hydrophobic,mild_hydrophilic->mild_hydrophobic,special,small_nonpolar,0,0->0,4,4,0,5.1812,,,,,,unknown,unknown,,,,,,0,0,0,0,,,6.195817575303966e-07,1.0,1613992.0,8.993145424557402e-07,,,BRCA2 p.P1171A,0,"criteria provided, single submitter",ClinVar,3992852,clinvar,13-32337866-C-G,ENST00000380152,missense_variant,gnomad_r4,GRCh38,,
hybrid,BRCA2,P,A,2276,17,13,4,0.7647058823529411,-0.2682639865946794,221,0,1,4,13,11,19,17,4,2,2,4,6,6,0,0.333333,0.333333,0.0,-0.333333,0.333333,0.666666,0.666667,5,1,-4,17,13,-4,17->13,1,1,1->1,0,0,0->0,115.13,89.09,-26.039999999999992,26.039999999999992,-1.6,1.8,3.4000000000000004,3.4000000000000004,0,0,0,0,0,0,1,1->1,mild_hydrophilic,mild_hydrophobic,mild_hydrophilic->mild_hydrophobic,special,small_nonpolar,0,0->0,4,4,0,5.1812,,,,,,unknown,unknown,,,,,,0,0,0,0,,,,,,,,,BRCA2 p.P2276A,0,"criteria provided, multiple submitters, no conflicts",ClinVar,1755661,clinvar,,,,,,,
hybrid,BRCA2,P,S,2505,17,17,0,1.0,0.0,289,0,0,0,13,13,19,19,4,4,2,2,6,6,0,0.333333,0.333333,0.0,-0.333333,-0.333333,0.0,0.0,5,5,0,17,17,0,17->17,1,1,1->1,0,0,0->0,115.13,105.09,-10.039999999999992,10.039999999999992,-1.6,-0.8,0.8,0.8,0,0,0,0,1,0,0,1->0,mild_hydrophilic,mild_hydrophilic,mild_hydrophilic->mild_hydrophilic,special,polar,0,0->0,4,6,2,3.3012,,,,,,unknown,unknown,,,,,,0,0,0,0,,,,,,,,,BRCA2 p.P2505S,0,"criteria provided, single submitter",ClinVar,1759289,clinvar,,,,,,,
hybrid,BRCA2,P,A,2532,17,13,4,0.7647058823529411,-0.2682639865946794,221,0,1,4,13,11,19,17,4,2,2,4,6,6,0,0.333333,0.333333,0.0,-0.333333,0.333333,0.666666,0.666667,5,1,-4,17,13,-4,17->13,1,1,1->1,0,0,0->0,115.13,89.09,-26.039999999999992,26.039999999999992,-1.6,1.8,3.4000000000000004,3.4000000000000004,0,0,0,0,0,0,1,1->1,mild_hydrophilic,mild_hydrophobic,mild_hydrophilic->mild_hydrophobic,special,small_nonpolar,0,0->0,4,4,0,5.1812,,,,,,unknown,unknown,,,,,,0,0,0,0,,,,,,,,,BRCA2 p.P2532A,0,"criteria provided, single submitter",ClinVar,827143,clinvar,,,,,,,
hybrid,BRCA2,P,R,2639,17,19,2,1.1176470588235294,0.1112256351102244,323,1,0,2,13,17,19,23,4,2,2,4,6,6,0,0.333333,0.333333,0.0,-0.333333,0.333333,0.666666,0.333333,5,1,-4,17,19,2,17->19,1,1,1->1,0,0,0->0,115.13,174.2,59.06999999999999,59.06999999999999,-1.6,-4.5,-2.9,2.9,0,1,1,1,1,0,0,1->0,mild_hydrophilic,strong_hydrophilic,mild_hydrophilic->strong_hydrophilic,special,basic,0,0->1,4,6,2,8.3721,,,,,,unknown,unknown,,,,,,0,0,0,0,,,,,,,3.41431856491079,,BRCA2 p.P2639R,0,"criteria provided, single submitter",ClinVar,827329,clinvar,,,,,,urn:mavedb:00001224-a-1,Scores from arrayed screen of BRCA2 homology directed repair function in VC-8 cells
hybrid,BRCA2,P,R,2734,17,19,2,1.1176470588235294,0.1112256351102244,323,1,0,2,13,17,19,23,4,2,2,4,6,6,0,0.333333,0.333333,0.0,-0.333333,0.333333,0.666666,0.333333,5,1,-4,17,19,2,17->19,1,1,1->1,0,0,0->0,115.13,174.2,59.06999999999999,59.06999999999999,-1.6,-4.5,-2.9,2.9,0,1,1,1,1,0,0,1->0,mild_hydrophilic,strong_hydrophilic,mild_hydrophilic->strong_hydrophilic,special,basic,0,0->1,4,6,2,8.3721,,,,,,unknown,unknown,,,,,,0,0,0,0,,,,,,,,,BRCA2 p.P2734R,0,"criteria provided, single submitter",ClinVar,3482010,clinvar,,,,,,,
hybrid,BRCA2,P,T,2785,17,17,0,1.0,0.0,289,0,0,0,13,13,19,19,4,4,2,2,6,6,0,0.333333,0.333333,0.0,-0.333333,-0.333333,0.0,0.0,5,5,0,17,17,0,17->17,1,1,1->1,0,0,0->0,115.13,119.12,3.990000000000009,3.990000000000009,-1.6,-0.7,0.9000000000000001,0.9000000000000001,0,0,0,0,1,0,1,1->1,mild_hydrophilic,mild_hydrophilic,mild_hydrophilic->mild_hydrophilic,special,polar,0,0->0,4,4,0,3.2197,,,,,,unknown,unknown,,,,,,0,0,0,0,,,,,,,4.292914146852375,,BRCA2 p.P2785T,0,"criteria provided, single submitter",ClinVar,185579,clinvar,,,,,,urn:mavedb:00001224-a-1,Scores from arrayed screen of BRCA2 homology directed repair function in VC-8 cells
hybrid,BRCA2,P,A,2804,17,13,4,0.7647058823529411,-0.2682639865946794,221,0,1,4,13,11,19,17,4,2,2,4,6,6,0,0.333333,0.333333,0.0,-0.333333,0.333333,0.666666,0.666667,5,1,-4,17,13,-4,17->13,1,1,1->1,0,0,0->0,115.13,89.09,-26.039999999999992,26.039999999999992,-1.6,1.8,3.4000000000000004,3.4000000000000004,0,0,0,0,0,0,1,1->1,mild_hydrophilic,mild_hydrophobic,mild_hydrophilic->mild_hydrophobic,special,small_nonpolar,0,0->0,4,4,0,5.1812,,,,,,unknown,unknown,,,,,,0,0,0,0,,,1.2393585575849362e-06,2.0,1613738.0,2.3191632459008788e-05,,,BRCA2 p.P2804A,0,"criteria provided, single submitter",ClinVar,4628406,clinvar,13-32370480-C-G,ENST00000380152,missense_variant,gnomad_r4,GRCh38,,
hybrid,BRCA2,P,H,2804,17,13,4,0.7647058823529411,-0.2682639865946794,221,0,1,4,13,11,19,17,4,2,2,4,6,6,0,0.333333,0.333333,0.0,-0.333333,0.333333,0.666666,0.666667,5,1,-4,17,13,-4,17->13,1,1,1->1,0,0,0->0,115.13,155.16,40.03,40.03,-1.6,-3.2,-1.6,1.6,0,1,1,1,1,1,0,1->0,mild_hydrophilic,strong_hydrophilic,mild_hydrophilic->strong_hydrophilic,special,basic,0,0->1,4,2,-2,7.7009,,,,,,unknown,unknown,,,,,,0,0,0,0,,,,,,,,,BRCA2 p.P2804H,0,"criteria provided, single submitter",ClinVar,230680,clinvar,,,,,,,
hybrid,BRCA2,P,L,2883,17,23,6,1.3529411764705883,0.3022808718729337,391,1,0,6,13,19,19,29,4,4,2,6,6,10,4,0.333333,0.2,-0.133333,-0.333333,0.2,0.533333,0.75,5,5,0,17,23,6,17->23,1,0,1->0,0,1,0->1,115.13,131.18,16.05000000000001,16.05000000000001,-1.6,3.8,5.4,5.4,0,0,0,0,0,0,1,1->1,mild_hydrophilic,strong_hydrophobic,mild_hydrophilic->strong_hydrophobic,special,hydrophobic,0,0->0,4,6,2,6.8815,,,,,,unknown,unknown,,,,,,0,0,0,0,,,,,,,,,BRCA2 p.P2883L,0,"criteria provided, single submitter",ClinVar,3992784,clinvar,,,,,,,
hybrid,BRCA2,P,Q,2886,17,7,10,0.4117647058823529,-0.8873031950009028,119,0,1,10,13,5,19,11,4,2,2,4,6,6,0,0.333333,0.333333,0.0,-0.333333,0.333333,0.666666,1.666667,5,1,-4,17,7,-10,17->7,1,1,1->1,0,0,0->0,115.13,146.15,31.02000000000001,31.02000000000001,-1.6,-3.5,-1.9,1.9,0,0,0,0,1,0,0,1->0,mild_hydrophilic,strong_hydrophilic,mild_hydrophilic->strong_hydrophilic,special,polar,0,0->0,4,2,-2,5.0306,,,,,,unknown,unknown,,,,,,0,0,0,0,,,,,,,,,BRCA2 p.P2886Q,0,"criteria provided, single submitter",ClinVar,1764198,clinvar,,,,,,,
hybrid,BRCA2,P,T,2886,17,17,0,1.0,0.0,289,0,0,0,13,13,19,19,4,4,2,2,6,6,0,0.333333,0.333333,0.0,-0.333333,-0.333333,0.0,0.0,5,5,0,17,17,0,17->17,1,1,1->1,0,0,0->0,115.13,119.12,3.990000000000009,3.990000000000009,-1.6,-0.7,0.9000000000000001,0.9000000000000001,0,0,0,0,1,0,1,1->1,mild_hydrophilic,mild_hydrophilic,mild_hydrophilic->mild_hydrophilic,special,polar,0,0->0,4,4,0,3.2197,,,,,,unknown,unknown,,,,,,0,0,0,0,,,6.195725445100916e-07,1.0,1614016.0,8.993177775339627e-07,,,BRCA2 p.P2886T,0,"criteria provided, single submitter",ClinVar,230631,clinvar,13-32376693-C-A,ENST00000380152,missense_variant,gnomad_r4,GRCh38,,
hybrid,BRCA2,P,S,3063,17,17,0,1.0,0.0,289,0,0,0,13,13,19,19,4,4,2,2,6,6,0,0.333333,0.333333,0.0,-0.333333,-0.333333,0.0,0.0,5,5,0,17,17,0,17->17,1,1,1->1,0,0,0->0,115.13,105.09,-10.039999999999992,10.039999999999992,-1.6,-0.8,0.8,0.8,0,0,0,0,1,0,0,1->0,mild_hydrophilic,mild_hydrophilic,mild_hydrophilic->mild_hydrophilic,special,polar,0,0->0,4,6,2,3.3012,,,,,,unknown,unknown,,,,,,0,0,0,0,,,9.913897797627604e-06,16.0,1613896.0,4.9680389494253634e-05,3.762857770289039,,BRCA2 p.P3063S,0,"criteria provided, multiple submitters, no conflicts",ClinVar,52770,clinvar,13-32380076-C-T,ENST00000380152,missense_variant,gnomad_r4,GRCh38,urn:mavedb:00001224-a-1,Scores from arrayed screen of BRCA2 homology directed repair function in VC-8 cells
hybrid,BRCA2,P,S,3067,17,17,0,1.0,0.0,289,0,0,0,13,13,19,19,4,4,2,2,6,6,0,0.333333,0.333333,0.0,-0.333333,-0.333333,0.0,0.0,5,5,0,17,17,0,17->17,1,1,1->1,0,0,0->0,115.13,105.09,-10.039999999999992,10.039999999999992,-1.6,-0.8,0.8,0.8,0,0,0,0,1,0,0,1->0,mild_hydrophilic,mild_hydrophilic,mild_hydrophilic->mild_hydrophilic,special,polar,0,0->0,4,6,2,3.3012,,,,,,unknown,unknown,,,,,,0,0,0,0,,,1.239247974758997e-06,2.0,1613882.0,4.8276527952109686e-05,,,BRCA2 p.P3067S,0,"criteria provided, multiple submitters, no conflicts",ClinVar,1582641,clinvar,13-32380088-C-T,ENST00000380152,missense_variant,gnomad_r4,GRCh38,,
hybrid,BRCA2,P,T,3129,17,17,0,1.0,0.0,289,0,0,0,13,13,19,19,4,4,2,2,6,6,0,0.333333,0.333333,0.0,-0.333333,-0.333333,0.0,0.0,5,5,0,17,17,0,17->17,1,1,1->1,0,0,0->0,115.13,119.12,3.990000000000009,3.990000000000009,-1.6,-0.7,0.9000000000000001,0.9000000000000001,0,0,0,0,1,0,1,1->1,mild_hydrophilic,mild_hydrophilic,mild_hydrophilic->mild_hydrophilic,special,polar,0,0->0,4,4,0,3.2197,,,,,,unknown,unknown,,,,,,0,0,0,0,,,,,,,,,BRCA2 p.P3129T,0,"criteria provided, single submitter",ClinVar,823205,clinvar,,,,,,,
hybrid,BRCA2,P,L,3202,17,23,6,1.3529411764705883,0.3022808718729337,391,1,0,6,13,19,19,29,4,4,2,6,6,10,4,0.333333,0.2,-0.133333,-0.333333,0.2,0.533333,0.75,5,5,0,17,23,6,17->23,1,0,1->0,0,1,0->1,115.13,131.18,16.05000000000001,16.05000000000001,-1.6,3.8,5.4,5.4,0,0,0,0,0,0,1,1->1,mild_hydrophilic,strong_hydrophobic,mild_hydrophilic->strong_hydrophobic,special,hydrophobic,0,0->0,4,6,2,6.8815,,,,,,unknown,unknown,,,,,,0,0,0,0,,,4.956819902623273e-06,8.0,1613938.0,2.987571701720841e-05,,,BRCA2 p.P3202L,0,"criteria provided, multiple submitters, no conflicts",ClinVar,38254,clinvar,13-32397001-C-T,ENST00000380152,missense_variant,gnomad_r4,GRCh38,,
hybrid,BRCA2,P,A,40,17,13,4,0.7647058823529411,-0.2682639865946794,221,0,1,4,13,11,19,17,4,2,2,4,6,6,0,0.333333,0.333333,0.0,-0.333333,0.333333,0.666666,0.666667,5,1,-4,17,13,-4,17->13,1,1,1->1,0,0,0->0,115.13,89.09,-26.039999999999992,26.039999999999992,-1.6,1.8,3.4000000000000004,3.4000000000000004,0,0,0,0,0,0,1,1->1,mild_hydrophilic,mild_hydrophobic,mild_hydrophilic->mild_hydrophobic,special,small_nonpolar,0,0->0,4,4,0,5.1812,,,,,,unknown,unknown,,,,,,0,0,0,0,,,,,,,,,BRCA2 p.P40A,0,"criteria provided, single submitter",ClinVar,1744513,clinvar,,,,,,,
hybrid,BRCA2,P,L,41,17,23,6,1.3529411764705883,0.3022808718729337,391,1,0,6,13,19,19,29,4,4,2,6,6,10,4,0.333333,0.2,-0.133333,-0.333333,0.2,0.533333,0.75,5,5,0,17,23,6,17->23,1,0,1->0,0,1,0->1,115.13,131.18,16.05000000000001,16.05000000000001,-1.6,3.8,5.4,5.4,0,0,0,0,0,0,1,1->1,mild_hydrophilic,strong_hydrophobic,mild_hydrophilic->strong_hydrophobic,special,hydrophobic,0,0->0,4,6,2,6.8815,,,,,,unknown,unknown,,,,,,0,0,0,0,,,1.4254849437801134e-05,23.0,1613486.0,0.0068027210884353,,,BRCA2 p.P41L,0,"criteria provided, multiple submitters, no conflicts",ClinVar,184823,clinvar,13-32319131-C-T,ENST00000380152,missense_variant,gnomad_r4,GRCh38,,
hybrid,BRCA2,P,L,740,17,23,6,1.3529411764705883,0.3022808718729337,391,1,0,6,13,19,19,29,4,4,2,6,6,10,4,0.333333,0.2,-0.133333,-0.333333,0.2,0.533333,0.75,5,5,0,17,23,6,17->23,1,0,1->0,0,1,0->1,115.13,131.18,16.05000000000001,16.05000000000001,-1.6,3.8,5.4,5.4,0,0,0,0,0,0,1,1->1,mild_hydrophilic,strong_hydrophobic,mild_hydrophilic->strong_hydrophobic,special,hydrophobic,0,0->0,4,6,2,6.8815,,,,,,unknown,unknown,,,,,,0,0,0,0,,,6.196032556433464e-07,1.0,1613936.0,8.993436589976636e-07,,,BRCA2 p.P740L,0,"criteria provided, single submitter",ClinVar,1297517,clinvar,13-32336574-C-T,ENST00000380152,missense_variant,gnomad_r4,GRCh38,,
hybrid,BRCA2,P,S,814,17,17,0,1.0,0.0,289,0,0,0,13,13,19,19,4,4,2,2,6,6,0,0.333333,0.333333,0.0,-0.333333,-0.333333,0.0,0.0,5,5,0,17,17,0,17->17,1,1,1->1,0,0,0->0,115.13,105.09,-10.039999999999992,10.039999999999992,-1.6,-0.8,0.8,0.8,0,0,0,0,1,0,0,1->0,mild_hydrophilic,mild_hydrophilic,mild_hydrophilic->mild_hydrophilic,special,polar,0,0->0,4,6,2,3.3012,,,,,,unknown,unknown,,,,,,0,0,0,0,,,,,,,,,BRCA2 p.P814S,0,"criteria provided, single submitter",ClinVar,4627937,clinvar,,,,,,,
hybrid,BRCA2,P,S,835,17,17,0,1.0,0.0,289,0,0,0,13,13,19,19,4,4,2,2,6,6,0,0.333333,0.333333,0.0,-0.333333,-0.333333,0.0,0.0,5,5,0,17,17,0,17->17,1,1,1->1,0,0,0->0,115.13,105.09,-10.039999999999992,10.039999999999992,-1.6,-0.8,0.8,0.8,0,0,0,0,1,0,0,1->0,mild_hydrophilic,mild_hydrophilic,mild_hydrophilic->mild_hydrophilic,special,polar,0,0->0,4,6,2,3.3012,,,,,,unknown,unknown,,,,,,0,0,0,0,,,,,,,,,BRCA2 p.P835S,0,"criteria provided, single submitter",ClinVar,51297,clinvar,,,,,,,
hybrid,BRCA2,S,N,1041,17,7,10,0.4117647058823529,-0.8873031950009028,119,0,1,10,13,5,19,11,4,2,2,4,6,6,0,0.333333,0.333333,0.0,-0.333333,0.333333,0.666666,1.666667,5,1,-4,17,7,-10,17->7,1,1,1->1,0,0,0->0,105.09,132.12,27.03,27.03,-0.8,-3.5,-2.7,2.7,0,0,0,0,0,0,1,0->0,mild_hydrophilic,strong_hydrophilic,mild_hydrophilic->strong_hydrophilic,polar,polar,1,0->0,6,2,-4,3.5109,,,,,,unknown,unknown,,,,,,0,0,0,0,,,,,,,,,BRCA2 p.S1041N,0,"criteria provided, single submitter",ClinVar,51401,clinvar,,,,,,,
hybrid,BRCA2,S,N,1075,17,7,10,0.4117647058823529,-0.8873031950009028,119,0,1,10,13,5,19,11,4,2,2,4,6,6,0,0.333333,0.333333,0.0,-0.333333,0.333333,0.666666,1.666667,5,1,-4,17,7,-10,17->7,1,1,1->1,0,0,0->0,105.09,132.12,27.03,27.03,-0.8,-3.5,-2.7,2.7,0,0,0,0,0,0,1,0->0,mild_hydrophilic,strong_hydrophilic,mild_hydrophilic->strong_hydrophilic,polar,polar,1,0->0,6,2,-4,3.5109,,,,,,unknown,unknown,,,,,,0,0,0,0,,,,,,,,,BRCA2 p.S1075N,0,"criteria provided, single submitter",ClinVar,1049417,clinvar,,,,,,,
hybrid,BRCA2,S,T,1134,17,17,0,1.0,0.0,289,0,0,0,13,13,19,19,4,4,2,2,6,6,0,0.333333,0.333333,0.0,-0.333333,-0.333333,0.0,0.0,5,5,0,17,17,0,17->17,1,1,1->1,0,0,0->0,105.09,119.12,14.030000000000001,14.030000000000001,-0.8,-0.7,0.10000000000000009,0.10000000000000009,0,0,0,0,0,0,0,0->1,mild_hydrophilic,mild_hydrophilic,mild_hydrophilic->mild_hydrophilic,polar,polar,1,0->0,6,4,-2,0.5209,,,,,,unknown,unknown,,,,,,0,0,0,0,,,6.1967083085465e-06,10.0,1613760.0,6.547930853850184e-05,,,BRCA2 p.S1134T,0,"criteria provided, multiple submitters, no conflicts",ClinVar,91799,clinvar,13-32337756-G-C,ENST00000380152,missense_variant,gnomad_r4,GRCh38,,
hybrid,BRCA2,S,Y,1205,17,17,0,1.0,0.0,289,0,0,0,13,13,19,19,4,4,2,2,6,6,0,0.333333,0.333333,0.0,-0.333333,-0.333333,0.0,0.0,5,5,0,17,17,0,17->17,1,1,1->1,0,0,0->0,105.09,181.19,76.1,76.1,-0.8,-1.3,-0.5,0.5,0,0,0,0,0,1,0,0->1,mild_hydrophilic,mild_hydrophilic,mild_hydrophilic->mild_hydrophilic,polar,aromatic,0,0->0,6,2,-4,4.983,,,,,,unknown,unknown,,,,,,0,0,0,0,,,,,,,,,BRCA2 p.S1205Y,0,"criteria provided, single submitter",ClinVar,2692042,clinvar,,,,,,,
hybrid,BRCA2,S,T,1479,17,17,0,1.0,0.0,289,0,0,0,13,13,19,19,4,4,2,2,6,6,0,0.333333,0.333333,0.0,-0.333333,-0.333333,0.0,0.0,5,5,0,17,17,0,17->17,1,1,1->1,0,0,0->0,105.09,119.12,14.030000000000001,14.030000000000001,-0.8,-0.7,0.10000000000000009,0.10000000000000009,0,0,0,0,0,0,0,0->1,mild_hydrophilic,mild_hydrophilic,mild_hydrophilic->mild_hydrophilic,polar,polar,1,0->0,6,4,-2,0.5209,,,,,,unknown,unknown,,,,,,0,0,0,0,,,0.0001109711400641,179.0,1613032.0,0.0001556284420423,,,BRCA2 p.S1479T,0,"criteria provided, multiple submitters, no conflicts",ClinVar,51648,clinvar,13-32338791-G-C,ENST00000380152,missense_variant,gnomad_r4,GRCh38,,
hybrid,BRCA2,S,N,1744,17,7,10,0.4117647058823529,-0.8873031950009028,119,0,1,10,13,5,19,11,4,2,2,4,6,6,0,0.333333,0.333333,0.0,-0.333333,0.333333,0.666666,1.666667,5,1,-4,17,7,-10,17->7,1,1,1->1,0,0,0->0,105.09,132.12,27.03,27.03,-0.8,-3.5,-2.7,2.7,0,0,0,0,0,0,1,0->0,mild_hydrophilic,strong_hydrophilic,mild_hydrophilic->strong_hydrophilic,polar,polar,1,0->0,6,2,-4,3.5109,,,,,,unknown,unknown,,,,,,0,0,0,0,,,6.208881681067133e-07,1.0,1610596.0,9.010827410216116e-07,,,BRCA2 p.S1744N,0,"criteria provided, single submitter",ClinVar,3261556,clinvar,13-32339586-G-A,ENST00000380152,missense_variant,gnomad_r4,GRCh38,,
hybrid,BRCA2,S,A,1770,17,13,4,0.7647058823529411,-0.2682639865946794,221,0,1,4,13,11,19,17,4,2,2,4,6,6,0,0.333333,0.333333,0.0,-0.333333,0.333333,0.666666,0.666667,5,1,-4,17,13,-4,17->13,1,1,1->1,0,0,0->0,105.09,89.09,-16.0,16.0,-0.8,1.8,2.6,2.6,0,0,0,0,1,0,0,0->1,mild_hydrophilic,mild_hydrophobic,mild_hydrophilic->mild_hydrophobic,polar,small_nonpolar,0,0->0,6,4,-2,5.28,,,,,,unknown,unknown,,,,,,0,0,0,0,,,,,,,,,BRCA2 p.S1770A,0,"criteria provided, single submitter",ClinVar,3482033,clinvar,,,,,,,
hybrid,BRCA2,S,T,1848,17,17,0,1.0,0.0,289,0,0,0,13,13,19,19,4,4,2,2,6,6,0,0.333333,0.333333,0.0,-0.333333,-0.333333,0.0,0.0,5,5,0,17,17,0,17->17,1,1,1->1,0,0,0->0,105.09,119.12,14.030000000000001,14.030000000000001,-0.8,-0.7,0.10000000000000009,0.10000000000000009,0,0,0,0,0,0,0,0->1,mild_hydrophilic,mild_hydrophilic,mild_hydrophilic->mild_hydrophilic,polar,polar,1,0->0,6,4,-2,0.5209,,,,,,unknown,unknown,,,,,,0,0,0,0,,,,,,,,,BRCA2 p.S1848T,0,no assertion criteria provided,ClinVar,2683821,clinvar,,,,,,,
hybrid,BRCA2,S,R,2006,17,19,2,1.1176470588235294,0.1112256351102244,323,1,0,2,13,17,19,23,4,2,2,4,6,6,0,0.333333,0.333333,0.0,-0.333333,0.333333,0.666666,0.333333,5,1,-4,17,19,2,17->19,1,1,1->1,0,0,0->0,105.09,174.2,69.10999999999999,69.10999999999999,-0.8,-4.5,-3.7,3.7,0,1,1,1,0,0,1,0->0,mild_hydrophilic,strong_hydrophilic,mild_hydrophilic->strong_hydrophilic,polar,basic,0,0->1,6,6,0,8.2733,,,,,,unknown,unknown,,,,,,0,0,0,0,,,6.19607862575933e-07,1.0,1613924.0,8.993857195535449e-07,,,BRCA2 p.S2006R,0,"criteria provided, single submitter",ClinVar,51988,clinvar,13-32340373-T-A,ENST00000380152,missense_variant,gnomad_r4,GRCh38,,
hybrid,BRCA2,S,P,2012,17,17,0,1.0,0.0,289,0,0,0,13,13,19,19,4,4,2,2,6,6,0,0.333333,0.333333,0.0,-0.333333,-0.333333,0.0,0.0,5,5,0,17,17,0,17->17,1,1,1->1,0,0,0->0,105.09,115.13,10.039999999999992,10.039999999999992,-0.8,-1.6,-0.8,0.8,0,0,0,0,1,0,0,0->1,mild_hydrophilic,mild_hydrophilic,mild_hydrophilic->mild_hydrophilic,polar,special,0,0->0,6,4,-2,3.3012,,,,,,unknown,unknown,,,,,,0,0,0,0,,,,,,,,,BRCA2 p.S2012P,0,"criteria provided, single submitter",ClinVar,2920723,clinvar,,,,,,,
hybrid,BRCA2,S,A,2022,17,13,4,0.7647058823529411,-0.2682639865946794,221,0,1,4,13,11,19,17,4,2,2,4,6,6,0,0.333333,0.333333,0.0,-0.333333,0.333333,0.666666,0.666667,5,1,-4,17,13,-4,17->13,1,1,1->1,0,0,0->0,105.09,89.09,-16.0,16.0,-0.8,1.8,2.6,2.6,0,0,0,0,1,0,0,0->1,mild_hydrophilic,mild_hydrophobic,mild_hydrophilic->mild_hydrophobic,polar,small_nonpolar,0,0->0,6,4,-2,5.28,,,,,,unknown,unknown,,,,,,0,0,0,0,,,,,,,,,BRCA2 p.S2022A,0,"criteria provided, single submitter",ClinVar,4082323,clinvar,,,,,,,
hybrid,BRCA2,S,R,2091,17,19,2,1.1176470588235294,0.1112256351102244,323,1,0,2,13,17,19,23,4,2,2,4,6,6,0,0.333333,0.333333,0.0,-0.333333,0.333333,0.666666,0.333333,5,1,-4,17,19,2,17->19,1,1,1->1,0,0,0->0,105.09,174.2,69.10999999999999,69.10999999999999,-0.8,-4.5,-3.7,3.7,0,1,1,1,0,0,1,0->0,mild_hydrophilic,strong_hydrophilic,mild_hydrophilic->strong_hydrophilic,polar,basic,0,0->1,6,6,0,8.2733,,,,,,unknown,unknown,,,,,,0,0,0,0,,,1.182555440066223e-05,19.0,1606740.0,0.0001750087504375,,,BRCA2 p.S2091R,0,no assertion criteria provided,ClinVar,96965,clinvar,13-32340626-A-C,ENST00000380152,missense_variant,gnomad_r4,GRCh38,,
hybrid,BRCA2,S,L,2219,17,23,6,1.3529411764705883,0.3022808718729337,391,1,0,6,13,19,19,29,4,4,2,6,6,10,4,0.333333,0.2,-0.133333,-0.333333,0.2,0.533333,0.75,5,5,0,17,23,6,17->23,1,0,1->0,0,1,0->1,105.09,131.18,26.090000000000003,26.090000000000003,-0.8,3.8,4.6,4.6,0,0,0,0,1,0,0,0->1,mild_hydrophilic,strong_hydrophobic,mild_hydrophilic->strong_hydrophobic,polar,hydrophobic,0,0->0,6,6,0,7.5827,,,,,,unknown,unknown,,,,,,0,0,0,0,,,,,,,,,BRCA2 p.S2219L,0,"criteria provided, single submitter",ClinVar,4082324,clinvar,,,,,,,
hybrid,BRCA2,S,D,231,17,11,6,0.6470588235294118,-0.4353180712578455,187,0,1,6,13,7,19,13,4,4,2,2,6,6,0,0.333333,0.333333,0.0,-0.333333,-0.333333,0.0,1.0,5,5,0,17,11,-6,17->11,1,1,1->1,0,1,0->1,105.09,133.1,28.00999999999999,28.00999999999999,-0.8,-3.5,-2.7,2.7,0,-1,-1,1,0,0,1,0->0,mild_hydrophilic,strong_hydrophilic,mild_hydrophilic->strong_hydrophilic,polar,acidic,0,0->-1,6,2,-4,6.0403,,,,,,unknown,unknown,,,,,,0,0,0,0,,,,,,,,,BRCA2 p.S231D,1,no assertion criteria provided,ClinVar,1012165,clinvar,,,,,,,
hybrid,BRCA2,S,P,2546,17,17,0,1.0,0.0,289,0,0,0,13,13,19,19,4,4,2,2,6,6,0,0.333333,0.333333,0.0,-0.333333,-0.333333,0.0,0.0,5,5,0,17,17,0,17->17,1,1,1->1,0,0,0->0,105.09,115.13,10.039999999999992,10.039999999999992,-0.8,-1.6,-0.8,0.8,0,0,0,0,1,0,0,0->1,mild_hydrophilic,mild_hydrophilic,mild_hydrophilic->mild_hydrophilic,polar,special,0,0->0,6,4,-2,3.3012,,,,,,unknown,unknown,,,,,,0,0,0,0,,,,,,,,,BRCA2 p.S2546P,0,"criteria provided, single submitter",ClinVar,482970,clinvar,,,,,,,
hybrid,BRCA2,S,C,2616,17,5,12,0.29411764705882354,-1.2237754316221157,85,0,1,12,13,3,19,7,4,2,2,2,6,4,-2,0.333333,0.5,0.166667,-0.333333,0.0,0.333333,2.4,5,5,0,17,5,-12,17->5,1,1,1->1,0,1,0->1,105.09,121.16,16.069999999999993,16.069999999999993,-0.8,2.5,3.3,3.3,0,0,0,0,0,0,1,0->0,mild_hydrophilic,strong_hydrophobic,mild_hydrophilic->strong_hydrophobic,polar,special,0,0->0,6,2,-4,4.7821,,,,,,unknown,unknown,,,,,,0,0,0,0,,,,,,,,,BRCA2 p.S2616C,0,"criteria provided, single submitter",ClinVar,827285,clinvar,,,,,,,
hybrid,BRCA2,S,L,2670,17,23,6,1.3529411764705883,0.3022808718729337,391,1,0,6,13,19,19,29,4,4,2,6,6,10,4,0.333333,0.2,-0.133333,-0.333333,0.2,0.533333,0.75,5,5,0,17,23,6,17->23,1,0,1->0,0,1,0->1,105.09,131.18,26.090000000000003,26.090000000000003,-0.8,3.8,4.6,4.6,0,0,0,0,1,0,0,0->1,mild_hydrophilic,strong_hydrophobic,mild_hydrophilic->strong_hydrophobic,polar,hydrophobic,0,0->0,6,6,0,7.5827,,,,,,unknown,unknown,,,,,,0,0,0,0,,,2.479193369645252e-06,4.0,1613428.0,0.0002076411960132,0.9761722439100292,,BRCA2 p.S2670L,1,"criteria provided, multiple submitters, no conflicts",ClinVar,52471,clinvar,13-32363211-C-T,ENST00000380152,missense_variant,gnomad_r4,GRCh38,urn:mavedb:00001224-a-1,Scores from arrayed screen of BRCA2 homology directed repair function in VC-8 cells
hybrid,BRCA2,S,I,2697,17,17,0,1.0,0.0,289,0,0,0,13,13,19,19,4,4,2,2,6,6,0,0.333333,0.333333,0.0,-0.333333,-0.333333,0.0,0.0,5,5,0,17,17,0,17->17,1,1,1->1,0,0,0->0,105.09,131.18,26.090000000000003,26.090000000000003,-0.8,4.5,5.3,5.3,0,0,0,0,1,0,0,0->1,mild_hydrophilic,strong_hydrophobic,mild_hydrophilic->strong_hydrophobic,polar,hydrophobic,0,0->0,6,3,-3,8.2827,,,,,,unknown,unknown,,,,,,0,0,0,0,,,,,,,,,BRCA2 p.S2697I,0,"criteria provided, single submitter",ClinVar,1761955,clinvar,,,,,,,
hybrid,BRCA2,S,F,2701,17,17,0,1.0,0.0,289,0,0,0,13,13,19,19,4,4,2,2,6,6,0,0.333333,0.333333,0.0,-0.333333,-0.333333,0.0,0.0,5,5,0,17,17,0,17->17,1,1,1->1,0,0,0->0,105.09,165.19,60.099999999999994,60.099999999999994,-0.8,2.8,3.5999999999999996,3.5999999999999996,0,0,0,0,1,1,0,0->1,mild_hydrophilic,strong_hydrophobic,mild_hydrophilic->strong_hydrophobic,polar,aromatic,0,0->0,6,2,-4,8.803,,,,,,unknown,unknown,,,,,,0,0,0,0,,,,,,,,,BRCA2 p.S2701F,0,"criteria provided, single submitter",ClinVar,1762009,clinvar,,,,,,,
hybrid,BRCA2,S,R,2782,17,19,2,1.1176470588235294,0.1112256351102244,323,1,0,2,13,17,19,23,4,2,2,4,6,6,0,0.333333,0.333333,0.0,-0.333333,0.333333,0.666666,0.333333,5,1,-4,17,19,2,17->19,1,1,1->1,0,0,0->0,105.09,174.2,69.10999999999999,69.10999999999999,-0.8,-4.5,-3.7,3.7,0,1,1,1,0,0,1,0->0,mild_hydrophilic,strong_hydrophilic,mild_hydrophilic->strong_hydrophilic,polar,basic,0,0->1,6,6,0,8.2733,,,,,,unknown,unknown,,,,,,0,0,0,0,,,,,,,5.342544662521735,,BRCA2 p.S2782R,0,"criteria provided, single submitter",ClinVar,4215929,clinvar,,,,,,urn:mavedb:00001224-a-1,Scores from arrayed screen of BRCA2 homology directed repair function in VC-8 cells
hybrid,BRCA2,S,N,2782,17,7,10,0.4117647058823529,-0.8873031950009028,119,0,1,10,13,5,19,11,4,2,2,4,6,6,0,0.333333,0.333333,0.0,-0.333333,0.333333,0.666666,1.666667,5,1,-4,17,7,-10,17->7,1,1,1->1,0,0,0->0,105.09,132.12,27.03,27.03,-0.8,-3.5,-2.7,2.7,0,0,0,0,0,0,1,0->0,mild_hydrophilic,strong_hydrophilic,mild_hydrophilic->strong_hydrophilic,polar,polar,1,0->0,6,2,-4,3.5109,,,,,,unknown,unknown,,,,,,0,0,0,0,,,6.197307393883505e-07,1.0,1613604.0,3.827311696264544e-05,4.993607799538154,,BRCA2 p.S2782N,0,"criteria provided, single submitter",ClinVar,3229257,clinvar,13-32370415-G-A,ENST00000380152,missense_variant,gnomad_r4,GRCh38,urn:mavedb:00001224-a-1,Scores from arrayed screen of BRCA2 homology directed repair function in VC-8 cells
hybrid,BRCA2,S,C,2810,17,5,12,0.29411764705882354,-1.2237754316221157,85,0,1,12,13,3,19,7,4,2,2,2,6,4,-2,0.333333,0.5,0.166667,-0.333333,0.0,0.333333,2.4,5,5,0,17,5,-12,17->5,1,1,1->1,0,1,0->1,105.09,121.16,16.069999999999993,16.069999999999993,-0.8,2.5,3.3,3.3,0,0,0,0,0,0,1,0->0,mild_hydrophilic,strong_hydrophobic,mild_hydrophilic->strong_hydrophobic,polar,special,0,0->0,6,2,-4,4.7821,,,,,,unknown,unknown,,,,,,0,0,0,0,,,,,,,,,BRCA2 p.S2810C,0,"criteria provided, single submitter",ClinVar,822407,clinvar,,,,,,,
hybrid,BRCA2,S,P,286,17,17,0,1.0,0.0,289,0,0,0,13,13,19,19,4,4,2,2,6,6,0,0.333333,0.333333,0.0,-0.333333,-0.333333,0.0,0.0,5,5,0,17,17,0,17->17,1,1,1->1,0,0,0->0,105.09,115.13,10.039999999999992,10.039999999999992,-0.8,-1.6,-0.8,0.8,0,0,0,0,1,0,0,0->1,mild_hydrophilic,mild_hydrophilic,mild_hydrophilic->mild_hydrophilic,polar,special,0,0->0,6,4,-2,3.3012,,,,,,unknown,unknown,,,,,,0,0,0,0,,,1.7482561145257607e-05,28.0,1601596.0,7.107994124058191e-05,,,BRCA2 p.S286P,0,"criteria provided, multiple submitters, no conflicts",ClinVar,52622,clinvar,13-32332334-T-C,ENST00000380152,missense_variant,gnomad_r4,GRCh38,,
hybrid,BRCA2,S,F,303,17,17,0,1.0,0.0,289,0,0,0,13,13,19,19,4,4,2,2,6,6,0,0.333333,0.333333,0.0,-0.333333,-0.333333,0.0,0.0,5,5,0,17,17,0,17->17,1,1,1->1,0,0,0->0,105.09,165.19,60.099999999999994,60.099999999999994,-0.8,2.8,3.5999999999999996,3.5999999999999996,0,0,0,0,1,1,0,0->1,mild_hydrophilic,strong_hydrophobic,mild_hydrophilic->strong_hydrophobic,polar,aromatic,0,0->0,6,2,-4,8.803,,,,,,unknown,unknown,,,,,,0,0,0,0,,,,,,,,,BRCA2 p.S303F,0,"criteria provided, single submitter",ClinVar,1050114,clinvar,,,,,,,
hybrid,BRCA2,S,R,3123,17,19,2,1.1176470588235294,0.1112256351102244,323,1,0,2,13,17,19,23,4,2,2,4,6,6,0,0.333333,0.333333,0.0,-0.333333,0.333333,0.666666,0.333333,5,1,-4,17,19,2,17->19,1,1,1->1,0,0,0->0,105.09,174.2,69.10999999999999,69.10999999999999,-0.8,-4.5,-3.7,3.7,0,1,1,1,0,0,1,0->0,mild_hydrophilic,strong_hydrophilic,mild_hydrophilic->strong_hydrophilic,polar,basic,0,0->1,6,6,0,8.2733,,,,,,unknown,unknown,,,,,,0,0,0,0,,,,,,,4.556123284032709,,BRCA2 p.S3123R,0,"criteria provided, single submitter",ClinVar,1766690,clinvar,,,,,,urn:mavedb:00001224-a-1,Scores from arrayed screen of BRCA2 homology directed repair function in VC-8 cells
hybrid,BRCA2,S,A,3218,17,13,4,0.7647058823529411,-0.2682639865946794,221,0,1,4,13,11,19,17,4,2,2,4,6,6,0,0.333333,0.333333,0.0,-0.333333,0.333333,0.666666,0.666667,5,1,-4,17,13,-4,17->13,1,1,1->1,0,0,0->0,105.09,89.09,-16.0,16.0,-0.8,1.8,2.6,2.6,0,0,0,0,1,0,0,0->1,mild_hydrophilic,mild_hydrophobic,mild_hydrophilic->mild_hydrophobic,polar,small_nonpolar,0,0->0,6,4,-2,5.28,,,,,,unknown,unknown,,,,,,0,0,0,0,,,,,,,,,BRCA2 p.S3218A,0,"criteria provided, single submitter",ClinVar,4539221,clinvar,,,,,,,
hybrid,BRCA2,S,L,3250,17,23,6,1.3529411764705883,0.3022808718729337,391,1,0,6,13,19,19,29,4,4,2,6,6,10,4,0.333333,0.2,-0.133333,-0.333333,0.2,0.533333,0.75,5,5,0,17,23,6,17->23,1,0,1->0,0,1,0->1,105.09,131.18,26.090000000000003,26.090000000000003,-0.8,3.8,4.6,4.6,0,0,0,0,1,0,0,0->1,mild_hydrophilic,strong_hydrophobic,mild_hydrophilic->strong_hydrophobic,polar,hydrophobic,0,0->0,6,6,0,7.5827,,,,,,unknown,unknown,,,,,,0,0,0,0,,,,,,,,,BRCA2 p.S3250L,0,"criteria provided, single submitter",ClinVar,1708988,clinvar,,,,,,,
hybrid,BRCA2,S,R,3303,17,19,2,1.1176470588235294,0.1112256351102244,323,1,0,2,13,17,19,23,4,2,2,4,6,6,0,0.333333,0.333333,0.0,-0.333333,0.333333,0.666666,0.333333,5,1,-4,17,19,2,17->19,1,1,1->1,0,0,0->0,105.09,174.2,69.10999999999999,69.10999999999999,-0.8,-4.5,-3.7,3.7,0,1,1,1,0,0,1,0->0,mild_hydrophilic,strong_hydrophilic,mild_hydrophilic->strong_hydrophilic,polar,basic,0,0->1,6,6,0,8.2733,,,,,,unknown,unknown,,,,,,0,0,0,0,,,6.195341598745072e-07,1.0,1614116.0,8.992757233324281e-07,,,BRCA2 p.S3303R,0,"criteria provided, single submitter",ClinVar,4082326,clinvar,13-32398422-T-A,ENST00000380152,missense_variant,gnomad_r4,GRCh38,,
hybrid,BRCA2,S,F,3389,17,17,0,1.0,0.0,289,0,0,0,13,13,19,19,4,4,2,2,6,6,0,0.333333,0.333333,0.0,-0.333333,-0.333333,0.0,0.0,5,5,0,17,17,0,17->17,1,1,1->1,0,0,0->0,105.09,165.19,60.099999999999994,60.099999999999994,-0.8,2.8,3.5999999999999996,3.5999999999999996,0,0,0,0,1,1,0,0->1,mild_hydrophilic,strong_hydrophobic,mild_hydrophilic->strong_hydrophobic,polar,aromatic,0,0->0,6,2,-4,8.803,,,,,,unknown,unknown,,,,,,0,0,0,0,,,3.09784352916248e-06,5.0,1614026.0,0.0002070393374741,,,BRCA2 p.S3389F,0,"criteria provided, multiple submitters, no conflicts",ClinVar,96760,clinvar,13-32398679-C-T,ENST00000380152,missense_variant,gnomad_r4,GRCh38,,
hybrid,BRCA2,S,A,496,17,13,4,0.7647058823529411,-0.2682639865946794,221,0,1,4,13,11,19,17,4,2,2,4,6,6,0,0.333333,0.333333,0.0,-0.333333,0.333333,0.666666,0.666667,5,1,-4,17,13,-4,17->13,1,1,1->1,0,0,0->0,105.09,89.09,-16.0,16.0,-0.8,1.8,2.6,2.6,0,0,0,0,1,0,0,0->1,mild_hydrophilic,mild_hydrophobic,mild_hydrophilic->mild_hydrophobic,polar,small_nonpolar,0,0->0,6,4,-2,5.28,,,,,,unknown,unknown,,,,,,0,0,0,0,,,,,,,,,BRCA2 p.S496A,0,"criteria provided, single submitter",ClinVar,3825458,clinvar,,,,,,,
hybrid,BRCA2,S,C,5,17,5,12,0.29411764705882354,-1.2237754316221157,85,0,1,12,13,3,19,7,4,2,2,2,6,4,-2,0.333333,0.5,0.166667,-0.333333,0.0,0.333333,2.4,5,5,0,17,5,-12,17->5,1,1,1->1,0,1,0->1,105.09,121.16,16.069999999999993,16.069999999999993,-0.8,2.5,3.3,3.3,0,0,0,0,0,0,1,0->0,mild_hydrophilic,strong_hydrophobic,mild_hydrophilic->strong_hydrophobic,polar,special,0,0->0,6,2,-4,4.7821,,,,,,unknown,unknown,,,,,,0,0,0,0,,,,,,,,,BRCA2 p.S5C,0,"criteria provided, single submitter",ClinVar,1773975,clinvar,,,,,,,
hybrid,BRCA2,S,R,646,17,19,2,1.1176470588235294,0.1112256351102244,323,1,0,2,13,17,19,23,4,2,2,4,6,6,0,0.333333,0.333333,0.0,-0.333333,0.333333,0.666666,0.333333,5,1,-4,17,19,2,17->19,1,1,1->1,0,0,0->0,105.09,174.2,69.10999999999999,69.10999999999999,-0.8,-4.5,-3.7,3.7,0,1,1,1,0,0,1,0->0,mild_hydrophilic,strong_hydrophilic,mild_hydrophilic->strong_hydrophilic,polar,basic,0,0->1,6,6,0,8.2733,,,,,,unknown,unknown,,,,,,0,0,0,0,,,1.2475890341914252e-06,2.0,1603092.0,1.8053441798411655e-06,,,BRCA2 p.S646R,0,no assertion criteria provided,ClinVar,125973,clinvar,13-32336291-A-C,ENST00000380152,missense_variant,gnomad_r4,GRCh38,,
hybrid,BRCA2,S,N,646,17,7,10,0.4117647058823529,-0.8873031950009028,119,0,1,10,13,5,19,11,4,2,2,4,6,6,0,0.333333,0.333333,0.0,-0.333333,0.333333,0.666666,1.666667,5,1,-4,17,7,-10,17->7,1,1,1->1,0,0,0->0,105.09,132.12,27.03,27.03,-0.8,-3.5,-2.7,2.7,0,0,0,0,0,0,1,0->0,mild_hydrophilic,strong_hydrophilic,mild_hydrophilic->strong_hydrophilic,polar,polar,1,0->0,6,2,-4,3.5109,,,,,,unknown,unknown,,,,,,0,0,0,0,,,6.23754051282563e-07,1.0,1603196.0,1.6711229946524065e-05,,,BRCA2 p.S646N,0,"criteria provided, multiple submitters, no conflicts",ClinVar,1782985,clinvar,13-32336292-G-A,ENST00000380152,missense_variant,gnomad_r4,GRCh38,,
hybrid,BRCA2,S,P,648,17,17,0,1.0,0.0,289,0,0,0,13,13,19,19,4,4,2,2,6,6,0,0.333333,0.333333,0.0,-0.333333,-0.333333,0.0,0.0,5,5,0,17,17,0,17->17,1,1,1->1,0,0,0->0,105.09,115.13,10.039999999999992,10.039999999999992,-0.8,-1.6,-0.8,0.8,0,0,0,0,1,0,0,0->1,mild_hydrophilic,mild_hydrophilic,mild_hydrophilic->mild_hydrophilic,polar,special,0,0->0,6,4,-2,3.3012,,,,,,unknown,unknown,,,,,,0,0,0,0,,,,,,,,,BRCA2 p.S648P,0,"criteria provided, single submitter",ClinVar,3765267,clinvar,,,,,,,
hybrid,BRCA2,S,L,942,17,23,6,1.3529411764705883,0.3022808718729337,391,1,0,6,13,19,19,29,4,4,2,6,6,10,4,0.333333,0.2,-0.133333,-0.333333,0.2,0.533333,0.75,5,5,0,17,23,6,17->23,1,0,1->0,0,1,0->1,105.09,131.18,26.090000000000003,26.090000000000003,-0.8,3.8,4.6,4.6,0,0,0,0,1,0,0,0->1,mild_hydrophilic,strong_hydrophobic,mild_hydrophilic->strong_hydrophobic,polar,hydrophobic,0,0->0,6,6,0,7.5827,,,,,,unknown,unknown,,,,,,0,0,0,0,,,,,,,,,BRCA2 p.S942L,0,"criteria provided, single submitter",ClinVar,4215251,clinvar,,,,,,,
hybrid,BRCA2,S,G,958,17,13,4,0.7647058823529411,-0.2682639865946794,221,0,1,4,13,11,19,17,4,2,2,4,6,6,0,0.333333,0.333333,0.0,-0.333333,0.333333,0.666666,0.666667,5,1,-4,17,13,-4,17->13,1,1,1->1,0,0,0->0,105.09,75.07,-30.02000000000001,30.02000000000001,-0.8,-0.4,0.4,0.4,0,0,0,0,1,0,0,0->1,mild_hydrophilic,mild_hydrophilic,mild_hydrophilic->mild_hydrophilic,polar,small_nonpolar,0,0->0,6,4,-2,3.5006,,,,,,unknown,unknown,,,,,,0,0,0,0,,,6.203543215743104e-07,1.0,1611982.0,8.998113995306584e-07,,,BRCA2 p.S958G,0,"criteria provided, multiple submitters, no conflicts",ClinVar,51364,clinvar,13-32337227-A-G,ENST00000380152,missense_variant,gnomad_r4,GRCh38,,
hybrid,BRCA2,S,F,976,17,17,0,1.0,0.0,289,0,0,0,13,13,19,19,4,4,2,2,6,6,0,0.333333,0.333333,0.0,-0.333333,-0.333333,0.0,0.0,5,5,0,17,17,0,17->17,1,1,1->1,0,0,0->0,105.09,165.19,60.099999999999994,60.099999999999994,-0.8,2.8,3.5999999999999996,3.5999999999999996,0,0,0,0,1,1,0,0->1,mild_hydrophilic,strong_hydrophobic,mild_hydrophilic->strong_hydrophobic,polar,aromatic,0,0->0,6,2,-4,8.803,,,,,,unknown,unknown,,,,,,0,0,0,0,,,0.0003497939068878,564.0,1612378.0,0.0069657118837446,,,BRCA2 p.S976F,0,"criteria provided, multiple submitters, no conflicts",ClinVar,434528,clinvar,13-32337282-C-T,ENST00000380152,missense_variant,gnomad_r4,GRCh38,,
hybrid,BRCA2,S,T,976,17,17,0,1.0,0.0,289,0,0,0,13,13,19,19,4,4,2,2,6,6,0,0.333333,0.333333,0.0,-0.333333,-0.333333,0.0,0.0,5,5,0,17,17,0,17->17,1,1,1->1,0,0,0->0,105.09,119.12,14.030000000000001,14.030000000000001,-0.8,-0.7,0.10000000000000009,0.10000000000000009,0,0,0,0,0,0,0,0->1,mild_hydrophilic,mild_hydrophilic,mild_hydrophilic->mild_hydrophilic,polar,polar,1,0->0,6,4,-2,0.5209,,,,,,unknown,unknown,,,,,,0,0,0,0,,,0.0003499037144388,564.0,1611872.0,0.0069753457606734,,,BRCA2 p.S976T,0,"criteria provided, multiple submitters, no conflicts",ClinVar,434527,clinvar,13-32337281-T-A,ENST00000380152,missense_variant,gnomad_r4,GRCh38,,
hybrid,BRCA2,T,R,1185,17,19,2,1.1176470588235294,0.1112256351102244,323,1,0,2,13,17,19,23,4,2,2,4,6,6,0,0.333333,0.333333,0.0,-0.333333,0.333333,0.666666,0.333333,5,1,-4,17,19,2,17->19,1,1,1->1,0,0,0->0,119.12,174.2,55.079999999999984,55.079999999999984,-0.7,-4.5,-3.8,3.8,0,1,1,1,0,0,0,1->0,mild_hydrophilic,strong_hydrophilic,mild_hydrophilic->strong_hydrophilic,polar,basic,0,0->1,4,6,2,7.9524,,,,,,unknown,unknown,,,,,,0,0,0,0,,,,,,,,,BRCA2 p.T1185R,0,"criteria provided, single submitter",ClinVar,3992746,clinvar,,,,,,,
hybrid,BRCA2,T,N,1302,17,7,10,0.4117647058823529,-0.8873031950009028,119,0,1,10,13,5,19,11,4,2,2,4,6,6,0,0.333333,0.333333,0.0,-0.333333,0.333333,0.666666,1.666667,5,1,-4,17,7,-10,17->7,1,1,1->1,0,0,0->0,119.12,132.12,13.0,13.0,-0.7,-3.5,-2.8,2.8,0,0,0,0,0,0,0,1->0,mild_hydrophilic,strong_hydrophilic,mild_hydrophilic->strong_hydrophilic,polar,polar,1,0->0,4,2,-2,3.19,,,,,,unknown,unknown,,,,,,0,0,0,0,,,,,,,,,BRCA2 p.T1302N,0,"criteria provided, single submitter",ClinVar,51558,clinvar,,,,,,,
hybrid,BRCA2,T,N,1388,17,7,10,0.4117647058823529,-0.8873031950009028,119,0,1,10,13,5,19,11,4,2,2,4,6,6,0,0.333333,0.333333,0.0,-0.333333,0.333333,0.666666,1.666667,5,1,-4,17,7,-10,17->7,1,1,1->1,0,0,0->0,119.12,132.12,13.0,13.0,-0.7,-3.5,-2.8,2.8,0,0,0,0,0,0,0,1->0,mild_hydrophilic,strong_hydrophilic,mild_hydrophilic->strong_hydrophilic,polar,polar,1,0->0,4,2,-2,3.19,,,,,,unknown,unknown,,,,,,0,0,0,0,,,6.236031289910601e-07,1.0,1603584.0,0.0002073828287017,,,BRCA2 p.T1388N,0,"criteria provided, single submitter",ClinVar,51607,clinvar,13-32338518-C-A,ENST00000380152,missense_variant,gnomad_r4,GRCh38,,
hybrid,BRCA2,T,R,1526,17,19,2,1.1176470588235294,0.1112256351102244,323,1,0,2,13,17,19,23,4,2,2,4,6,6,0,0.333333,0.333333,0.0,-0.333333,0.333333,0.666666,0.333333,5,1,-4,17,19,2,17->19,1,1,1->1,0,0,0->0,119.12,174.2,55.079999999999984,55.079999999999984,-0.7,-4.5,-3.8,3.8,0,1,1,1,0,0,0,1->0,mild_hydrophilic,strong_hydrophilic,mild_hydrophilic->strong_hydrophilic,polar,basic,0,0->1,4,6,2,7.9524,,,,,,unknown,unknown,,,,,,0,0,0,0,,,,,,,,,BRCA2 p.T1526R,0,"criteria provided, single submitter",ClinVar,3778939,clinvar,,,,,,,
hybrid,BRCA2,T,S,1557,17,17,0,1.0,0.0,289,0,0,0,13,13,19,19,4,4,2,2,6,6,0,0.333333,0.333333,0.0,-0.333333,-0.333333,0.0,0.0,5,5,0,17,17,0,17->17,1,1,1->1,0,0,0->0,119.12,105.09,-14.030000000000001,14.030000000000001,-0.7,-0.8,-0.10000000000000009,0.10000000000000009,0,0,0,0,0,0,0,1->0,mild_hydrophilic,mild_hydrophilic,mild_hydrophilic->mild_hydrophilic,polar,polar,1,0->0,4,6,2,0.5209,,,,,,unknown,unknown,,,,,,0,0,0,0,,,3.965485406394097e-05,64.0,1613926.0,0.0001928268414963,,,BRCA2 p.T1557S,0,"criteria provided, multiple submitters, no conflicts",ClinVar,37917,clinvar,13-32339025-C-G,ENST00000380152,missense_variant,gnomad_r4,GRCh38,,
hybrid,BRCA2,T,I,1586,17,17,0,1.0,0.0,289,0,0,0,13,13,19,19,4,4,2,2,6,6,0,0.333333,0.333333,0.0,-0.333333,-0.333333,0.0,0.0,5,5,0,17,17,0,17->17,1,1,1->1,0,0,0->0,119.12,131.18,12.060000000000002,12.060000000000002,-0.7,4.5,5.2,5.2,0,0,0,0,1,0,1,1->1,mild_hydrophilic,strong_hydrophobic,mild_hydrophilic->strong_hydrophobic,polar,hydrophobic,0,0->0,4,3,-1,7.7618,,,,,,unknown,unknown,,,,,,0,0,0,0,,,6.195948097781974e-07,1.0,1613958.0,8.993566002881539e-07,,,BRCA2 p.T1586I,0,"criteria provided, single submitter",ClinVar,3825379,clinvar,13-32339112-C-T,ENST00000380152,missense_variant,gnomad_r4,GRCh38,,
hybrid,BRCA2,T,I,1609,17,17,0,1.0,0.0,289,0,0,0,13,13,19,19,4,4,2,2,6,6,0,0.333333,0.333333,0.0,-0.333333,-0.333333,0.0,0.0,5,5,0,17,17,0,17->17,1,1,1->1,0,0,0->0,119.12,131.18,12.060000000000002,12.060000000000002,-0.7,4.5,5.2,5.2,0,0,0,0,1,0,1,1->1,mild_hydrophilic,strong_hydrophobic,mild_hydrophilic->strong_hydrophobic,polar,hydrophobic,0,0->0,4,3,-1,7.7618,,,,,,unknown,unknown,,,,,,0,0,0,0,,,,,,,,,BRCA2 p.T1609I,0,"criteria provided, single submitter",ClinVar,3261547,clinvar,,,,,,,
hybrid,BRCA2,T,S,1609,17,17,0,1.0,0.0,289,0,0,0,13,13,19,19,4,4,2,2,6,6,0,0.333333,0.333333,0.0,-0.333333,-0.333333,0.0,0.0,5,5,0,17,17,0,17->17,1,1,1->1,0,0,0->0,119.12,105.09,-14.030000000000001,14.030000000000001,-0.7,-0.8,-0.10000000000000009,0.10000000000000009,0,0,0,0,0,0,0,1->0,mild_hydrophilic,mild_hydrophilic,mild_hydrophilic->mild_hydrophilic,polar,polar,1,0->0,4,6,2,0.5209,,,,,,unknown,unknown,,,,,,0,0,0,0,,,,,,,,,BRCA2 p.T1609S,0,no assertion criteria provided,ClinVar,2683820,clinvar,,,,,,,
hybrid,BRCA2,T,S,1684,17,17,0,1.0,0.0,289,0,0,0,13,13,19,19,4,4,2,2,6,6,0,0.333333,0.333333,0.0,-0.333333,-0.333333,0.0,0.0,5,5,0,17,17,0,17->17,1,1,1->1,0,0,0->0,119.12,105.09,-14.030000000000001,14.030000000000001,-0.7,-0.8,-0.10000000000000009,0.10000000000000009,0,0,0,0,0,0,0,1->0,mild_hydrophilic,mild_hydrophilic,mild_hydrophilic->mild_hydrophilic,polar,polar,1,0->0,4,6,2,0.5209,,,,,,unknown,unknown,,,,,,0,0,0,0,,,4.386805991624961e-06,7.0,1595694.0,1.881325958535576e-05,,,BRCA2 p.T1684S,0,"criteria provided, single submitter",ClinVar,3482194,clinvar,13-32339406-C-G,ENST00000380152,missense_variant,gnomad_r4,GRCh38,,
hybrid,BRCA2,T,A,17,17,13,4,0.7647058823529411,-0.2682639865946794,221,0,1,4,13,11,19,17,4,2,2,4,6,6,0,0.333333,0.333333,0.0,-0.333333,0.333333,0.666666,0.666667,5,1,-4,17,13,-4,17->13,1,1,1->1,0,0,0->0,119.12,89.09,-30.03,30.03,-0.7,1.8,2.5,2.5,0,0,0,0,1,0,1,1->1,mild_hydrophilic,mild_hydrophobic,mild_hydrophilic->mild_hydrophobic,polar,small_nonpolar,0,0->0,4,4,0,5.6009,,,,,,unknown,unknown,,,,,,0,0,0,0,,,,,,,,,BRCA2 p.T17A,0,"criteria provided, single submitter",ClinVar,3481929,clinvar,,,,,,,
hybrid,BRCA2,T,K,1915,17,11,6,0.6470588235294118,-0.4353180712578455,187,0,1,6,13,7,19,13,4,4,2,2,6,6,0,0.333333,0.333333,0.0,-0.333333,-0.333333,0.0,1.0,5,5,0,17,11,-6,17->11,1,1,1->1,0,1,0->1,119.12,146.19,27.069999999999993,27.069999999999993,-0.7,-3.9,-3.2,3.2,0,1,1,1,0,0,0,1->0,mild_hydrophilic,strong_hydrophilic,mild_hydrophilic->strong_hydrophilic,polar,basic,0,0->1,4,2,-2,6.5121,,,,,,unknown,unknown,,,,,,0,0,0,0,,,,,,,,,BRCA2 p.T1915K,0,"criteria provided, single submitter",ClinVar,1684735,clinvar,,,,,,,
hybrid,BRCA2,T,K,2097,17,11,6,0.6470588235294118,-0.4353180712578455,187,0,1,6,13,7,19,13,4,4,2,2,6,6,0,0.333333,0.333333,0.0,-0.333333,-0.333333,0.0,1.0,5,5,0,17,11,-6,17->11,1,1,1->1,0,1,0->1,119.12,146.19,27.069999999999993,27.069999999999993,-0.7,-3.9,-3.2,3.2,0,1,1,1,0,0,0,1->0,mild_hydrophilic,strong_hydrophilic,mild_hydrophilic->strong_hydrophilic,polar,basic,0,0->1,4,2,-2,6.5121,,,,,,unknown,unknown,,,,,,0,0,0,0,,,,,,,,,BRCA2 p.T2097K,0,"criteria provided, single submitter",ClinVar,1050331,clinvar,,,,,,,
hybrid,BRCA2,T,A,2542,17,13,4,0.7647058823529411,-0.2682639865946794,221,0,1,4,13,11,19,17,4,2,2,4,6,6,0,0.333333,0.333333,0.0,-0.333333,0.333333,0.666666,0.666667,5,1,-4,17,13,-4,17->13,1,1,1->1,0,0,0->0,119.12,89.09,-30.03,30.03,-0.7,1.8,2.5,2.5,0,0,0,0,1,0,1,1->1,mild_hydrophilic,mild_hydrophobic,mild_hydrophilic->mild_hydrophobic,polar,small_nonpolar,0,0->0,4,4,0,5.6009,,,,,,unknown,unknown,,,,,,0,0,0,0,,,,,,,,,BRCA2 p.T2542A,0,"criteria provided, single submitter",ClinVar,3992707,clinvar,,,,,,,
hybrid,BRCA2,T,R,2542,17,19,2,1.1176470588235294,0.1112256351102244,323,1,0,2,13,17,19,23,4,2,2,4,6,6,0,0.333333,0.333333,0.0,-0.333333,0.333333,0.666666,0.333333,5,1,-4,17,19,2,17->19,1,1,1->1,0,0,0->0,119.12,174.2,55.079999999999984,55.079999999999984,-0.7,-4.5,-3.8,3.8,0,1,1,1,0,0,0,1->0,mild_hydrophilic,strong_hydrophilic,mild_hydrophilic->strong_hydrophilic,polar,basic,0,0->1,4,6,2,7.9524,,,,,,unknown,unknown,,,,,,0,0,0,0,,,,,,,,,BRCA2 p.T2542R,0,"criteria provided, single submitter",ClinVar,52371,clinvar,,,,,,,
hybrid,BRCA2,T,P,2607,17,17,0,1.0,0.0,289,0,0,0,13,13,19,19,4,4,2,2,6,6,0,0.333333,0.333333,0.0,-0.333333,-0.333333,0.0,0.0,5,5,0,17,17,0,17->17,1,1,1->1,0,0,0->0,119.12,115.13,-3.990000000000009,3.990000000000009,-0.7,-1.6,-0.9000000000000001,0.9000000000000001,0,0,0,0,1,0,1,1->1,mild_hydrophilic,mild_hydrophilic,mild_hydrophilic->mild_hydrophilic,polar,special,0,0->0,4,4,0,3.2197,,,,,,unknown,unknown,,,,,,0,0,0,0,,,,,,,0.8520758041141299,,BRCA2 p.T2607P,1,"criteria provided, single submitter",ClinVar,3228950,clinvar,,,,,,urn:mavedb:00001224-a-1,Scores from arrayed screen of BRCA2 homology directed repair function in VC-8 cells
hybrid,BRCA2,T,N,2703,17,7,10,0.4117647058823529,-0.8873031950009028,119,0,1,10,13,5,19,11,4,2,2,4,6,6,0,0.333333,0.333333,0.0,-0.333333,0.333333,0.666666,1.666667,5,1,-4,17,7,-10,17->7,1,1,1->1,0,0,0->0,119.12,132.12,13.0,13.0,-0.7,-3.5,-2.8,2.8,0,0,0,0,0,0,0,1->0,mild_hydrophilic,strong_hydrophilic,mild_hydrophilic->strong_hydrophilic,polar,polar,1,0->0,4,2,-2,3.19,,,,,,unknown,unknown,,,,,,0,0,0,0,,,,,,,,,BRCA2 p.T2703N,0,"criteria provided, single submitter",ClinVar,2566024,clinvar,,,,,,,
hybrid,BRCA2,T,S,2708,17,17,0,1.0,0.0,289,0,0,0,13,13,19,19,4,4,2,2,6,6,0,0.333333,0.333333,0.0,-0.333333,-0.333333,0.0,0.0,5,5,0,17,17,0,17->17,1,1,1->1,0,0,0->0,119.12,105.09,-14.030000000000001,14.030000000000001,-0.7,-0.8,-0.10000000000000009,0.10000000000000009,0,0,0,0,0,0,0,1->0,mild_hydrophilic,mild_hydrophilic,mild_hydrophilic->mild_hydrophilic,polar,polar,1,0->0,4,6,2,0.5209,,,,,,unknown,unknown,,,,,,0,0,0,0,,,,,,,,,BRCA2 p.T2708S,0,"criteria provided, single submitter",ClinVar,3482112,clinvar,,,,,,,
hybrid,BRCA2,T,A,2713,17,13,4,0.7647058823529411,-0.2682639865946794,221,0,1,4,13,11,19,17,4,2,2,4,6,6,0,0.333333,0.333333,0.0,-0.333333,0.333333,0.666666,0.666667,5,1,-4,17,13,-4,17->13,1,1,1->1,0,0,0->0,119.12,89.09,-30.03,30.03,-0.7,1.8,2.5,2.5,0,0,0,0,1,0,1,1->1,mild_hydrophilic,mild_hydrophobic,mild_hydrophilic->mild_hydrophobic,polar,small_nonpolar,0,0->0,4,4,0,5.6009,,,,,,unknown,unknown,,,,,,0,0,0,0,,,,,,,,,BRCA2 p.T2713A,0,"criteria provided, single submitter",ClinVar,4539216,clinvar,,,,,,,
hybrid,BRCA2,T,K,2722,17,11,6,0.6470588235294118,-0.4353180712578455,187,0,1,6,13,7,19,13,4,4,2,2,6,6,0,0.333333,0.333333,0.0,-0.333333,-0.333333,0.0,1.0,5,5,0,17,11,-6,17->11,1,1,1->1,0,1,0->1,119.12,146.19,27.069999999999993,27.069999999999993,-0.7,-3.9,-3.2,3.2,0,1,1,1,0,0,0,1->0,mild_hydrophilic,strong_hydrophilic,mild_hydrophilic->strong_hydrophilic,polar,basic,0,0->1,4,2,-2,6.5121,,,,,,unknown,unknown,,,,,,0,0,0,0,,,,,,,0.9951023300453592,,BRCA2 p.T2722K,1,"criteria provided, multiple submitters, no conflicts",ClinVar,230821,clinvar,,,,,,urn:mavedb:00001224-a-1,Scores from arrayed screen of BRCA2 homology directed repair function in VC-8 cells
hybrid,BRCA2,T,I,2880,17,17,0,1.0,0.0,289,0,0,0,13,13,19,19,4,4,2,2,6,6,0,0.333333,0.333333,0.0,-0.333333,-0.333333,0.0,0.0,5,5,0,17,17,0,17->17,1,1,1->1,0,0,0->0,119.12,131.18,12.060000000000002,12.060000000000002,-0.7,4.5,5.2,5.2,0,0,0,0,1,0,1,1->1,mild_hydrophilic,strong_hydrophobic,mild_hydrophilic->strong_hydrophobic,polar,hydrophobic,0,0->0,4,3,-1,7.7618,,,,,,unknown,unknown,,,,,,0,0,0,0,,,,,,,,,BRCA2 p.T2880I,0,"criteria provided, single submitter",ClinVar,481031,clinvar,,,,,,,
hybrid,BRCA2,T,P,2881,17,17,0,1.0,0.0,289,0,0,0,13,13,19,19,4,4,2,2,6,6,0,0.333333,0.333333,0.0,-0.333333,-0.333333,0.0,0.0,5,5,0,17,17,0,17->17,1,1,1->1,0,0,0->0,119.12,115.13,-3.990000000000009,3.990000000000009,-0.7,-1.6,-0.9000000000000001,0.9000000000000001,0,0,0,0,1,0,1,1->1,mild_hydrophilic,mild_hydrophilic,mild_hydrophilic->mild_hydrophilic,polar,special,0,0->0,4,4,0,3.2197,,,,,,unknown,unknown,,,,,,0,0,0,0,,,,,,,,,BRCA2 p.T2881P,0,"criteria provided, single submitter",ClinVar,1764138,clinvar,,,,,,,
hybrid,BRCA2,T,I,3030,17,17,0,1.0,0.0,289,0,0,0,13,13,19,19,4,4,2,2,6,6,0,0.333333,0.333333,0.0,-0.333333,-0.333333,0.0,0.0,5,5,0,17,17,0,17->17,1,1,1->1,0,0,0->0,119.12,131.18,12.060000000000002,12.060000000000002,-0.7,4.5,5.2,5.2,0,0,0,0,1,0,1,1->1,mild_hydrophilic,strong_hydrophobic,mild_hydrophilic->strong_hydrophobic,polar,hydrophobic,0,0->0,4,3,-1,7.7618,,,,,,unknown,unknown,,,,,,0,0,0,0,,,6.19961264820174e-07,1.0,1613004.0,8.99647877820621e-07,4.20730271789854,,BRCA2 p.T3030I,0,"criteria provided, single submitter",ClinVar,141494,clinvar,13-32379885-C-T,ENST00000380152,missense_variant,gnomad_r4,GRCh38,urn:mavedb:00001224-a-1,Scores from arrayed screen of BRCA2 homology directed repair function in VC-8 cells
hybrid,BRCA2,T,R,3085,17,19,2,1.1176470588235294,0.1112256351102244,323,1,0,2,13,17,19,23,4,2,2,4,6,6,0,0.333333,0.333333,0.0,-0.333333,0.333333,0.666666,0.333333,5,1,-4,17,19,2,17->19,1,1,1->1,0,0,0->0,119.12,174.2,55.079999999999984,55.079999999999984,-0.7,-4.5,-3.8,3.8,0,1,1,1,0,0,0,1->0,mild_hydrophilic,strong_hydrophilic,mild_hydrophilic->strong_hydrophilic,polar,basic,0,0->1,4,6,2,7.9524,,,,,,unknown,unknown,,,,,,0,0,0,0,,,,,,,,,BRCA2 p.T3085R,0,"criteria provided, single submitter",ClinVar,3229883,clinvar,,,,,,,
hybrid,BRCA2,T,I,3085,17,17,0,1.0,0.0,289,0,0,0,13,13,19,19,4,4,2,2,6,6,0,0.333333,0.333333,0.0,-0.333333,-0.333333,0.0,0.0,5,5,0,17,17,0,17->17,1,1,1->1,0,0,0->0,119.12,131.18,12.060000000000002,12.060000000000002,-0.7,4.5,5.2,5.2,0,0,0,0,1,0,1,1->1,mild_hydrophilic,strong_hydrophobic,mild_hydrophilic->strong_hydrophobic,polar,hydrophobic,0,0->0,4,3,-1,7.7618,,,,,,unknown,unknown,,,,,,0,0,0,0,,,,,,,,,BRCA2 p.T3085I,1,"criteria provided, single submitter",ClinVar,1456012,clinvar,,,,,,,
hybrid,BRCA2,T,S,3137,17,17,0,1.0,0.0,289,0,0,0,13,13,19,19,4,4,2,2,6,6,0,0.333333,0.333333,0.0,-0.333333,-0.333333,0.0,0.0,5,5,0,17,17,0,17->17,1,1,1->1,0,0,0->0,119.12,105.09,-14.030000000000001,14.030000000000001,-0.7,-0.8,-0.10000000000000009,0.10000000000000009,0,0,0,0,0,0,0,1->0,mild_hydrophilic,mild_hydrophilic,mild_hydrophilic->mild_hydrophilic,polar,polar,1,0->0,4,6,2,0.5209,,,,,,unknown,unknown,,,,,,0,0,0,0,,,3.097647770189229e-06,5.0,1614128.0,5.796832610661534e-05,,,BRCA2 p.T3137S,0,"criteria provided, single submitter",ClinVar,823240,clinvar,13-32394841-A-T,ENST00000380152,missense_variant,gnomad_r4,GRCh38,,
hybrid,BRCA2,T,R,317,17,19,2,1.1176470588235294,0.1112256351102244,323,1,0,2,13,17,19,23,4,2,2,4,6,6,0,0.333333,0.333333,0.0,-0.333333,0.333333,0.666666,0.333333,5,1,-4,17,19,2,17->19,1,1,1->1,0,0,0->0,119.12,174.2,55.079999999999984,55.079999999999984,-0.7,-4.5,-3.8,3.8,0,1,1,1,0,0,0,1->0,mild_hydrophilic,strong_hydrophilic,mild_hydrophilic->strong_hydrophilic,polar,basic,0,0->1,4,6,2,7.9524,,,,,,unknown,unknown,,,,,,0,0,0,0,,,,,,,,,BRCA2 p.T317R,0,"criteria provided, multiple submitters, no conflicts",ClinVar,2004176,clinvar,,,,,,,
hybrid,BRCA2,T,A,3371,17,13,4,0.7647058823529411,-0.2682639865946794,221,0,1,4,13,11,19,17,4,2,2,4,6,6,0,0.333333,0.333333,0.0,-0.333333,0.333333,0.666666,0.666667,5,1,-4,17,13,-4,17->13,1,1,1->1,0,0,0->0,119.12,89.09,-30.03,30.03,-0.7,1.8,2.5,2.5,0,0,0,0,1,0,1,1->1,mild_hydrophilic,mild_hydrophobic,mild_hydrophilic->mild_hydrophobic,polar,small_nonpolar,0,0->0,4,4,0,5.6009,,,,,,unknown,unknown,,,,,,0,0,0,0,,,1.053228952148711e-05,17.0,1614084.0,0.0003843197540353,,,BRCA2 p.T3371A,0,"criteria provided, multiple submitters, no conflicts",ClinVar,37720,clinvar,13-32398624-A-G,ENST00000380152,missense_variant,gnomad_r4,GRCh38,,
hybrid,BRCA2,T,A,3411,17,13,4,0.7647058823529411,-0.2682639865946794,221,0,1,4,13,11,19,17,4,2,2,4,6,6,0,0.333333,0.333333,0.0,-0.333333,0.333333,0.666666,0.666667,5,1,-4,17,13,-4,17->13,1,1,1->1,0,0,0->0,119.12,89.09,-30.03,30.03,-0.7,1.8,2.5,2.5,0,0,0,0,1,0,1,1->1,mild_hydrophilic,mild_hydrophobic,mild_hydrophilic->mild_hydrophobic,polar,small_nonpolar,0,0->0,4,4,0,5.6009,,,,,,unknown,unknown,,,,,,0,0,0,0,,,,,,,,,BRCA2 p.T3411A,0,"criteria provided, single submitter",ClinVar,922784,clinvar,,,,,,,
hybrid,BRCA2,T,A,3413,17,13,4,0.7647058823529411,-0.2682639865946794,221,0,1,4,13,11,19,17,4,2,2,4,6,6,0,0.333333,0.333333,0.0,-0.333333,0.333333,0.666666,0.666667,5,1,-4,17,13,-4,17->13,1,1,1->1,0,0,0->0,119.12,89.09,-30.03,30.03,-0.7,1.8,2.5,2.5,0,0,0,0,1,0,1,1->1,mild_hydrophilic,mild_hydrophobic,mild_hydrophilic->mild_hydrophobic,polar,small_nonpolar,0,0->0,4,4,0,5.6009,,,,,,unknown,unknown,,,,,,0,0,0,0,,,,,,,,,BRCA2 p.T3413A,0,"criteria provided, single submitter",ClinVar,4626636,clinvar,,,,,,,
hybrid,BRCA2,T,I,3413,17,17,0,1.0,0.0,289,0,0,0,13,13,19,19,4,4,2,2,6,6,0,0.333333,0.333333,0.0,-0.333333,-0.333333,0.0,0.0,5,5,0,17,17,0,17->17,1,1,1->1,0,0,0->0,119.12,131.18,12.060000000000002,12.060000000000002,-0.7,4.5,5.2,5.2,0,0,0,0,1,0,1,1->1,mild_hydrophilic,strong_hydrophobic,mild_hydrophilic->strong_hydrophobic,polar,hydrophobic,0,0->0,4,3,-1,7.7618,,,,,,unknown,unknown,,,,,,0,0,0,0,,,,,,,,,BRCA2 p.T3413I,0,"criteria provided, multiple submitters, no conflicts",ClinVar,631384,clinvar,,,,,,,
hybrid,BRCA2,T,A,680,17,13,4,0.7647058823529411,-0.2682639865946794,221,0,1,4,13,11,19,17,4,2,2,4,6,6,0,0.333333,0.333333,0.0,-0.333333,0.333333,0.666666,0.666667,5,1,-4,17,13,-4,17->13,1,1,1->1,0,0,0->0,119.12,89.09,-30.03,30.03,-0.7,1.8,2.5,2.5,0,0,0,0,1,0,1,1->1,mild_hydrophilic,mild_hydrophobic,mild_hydrophilic->mild_hydrophobic,polar,small_nonpolar,0,0->0,4,4,0,5.6009,,,,,,unknown,unknown,,,,,,0,0,0,0,,,,,,,,,BRCA2 p.T680A,0,"criteria provided, single submitter",ClinVar,4215870,clinvar,,,,,,,
hybrid,BRCA2,T,I,87,17,17,0,1.0,0.0,289,0,0,0,13,13,19,19,4,4,2,2,6,6,0,0.333333,0.333333,0.0,-0.333333,-0.333333,0.0,0.0,5,5,0,17,17,0,17->17,1,1,1->1,0,0,0->0,119.12,131.18,12.060000000000002,12.060000000000002,-0.7,4.5,5.2,5.2,0,0,0,0,1,0,1,1->1,mild_hydrophilic,strong_hydrophobic,mild_hydrophilic->strong_hydrophobic,polar,hydrophobic,0,0->0,4,3,-1,7.7618,,,,,,unknown,unknown,,,,,,0,0,0,0,,,,,,,,,BRCA2 p.T87I,0,"criteria provided, single submitter",ClinVar,3261646,clinvar,,,,,,,
hybrid,BRCA2,W,C,2586,11,5,6,0.45454545454545453,-0.7884573603642702,55,0,1,6,7,3,13,7,4,2,2,2,6,4,-2,0.333333,0.5,0.166667,-0.333333,0.0,0.333333,1.2,5,5,0,11,5,-6,11->5,1,1,1->1,1,1,1->1,204.23,121.16,-83.07,83.07,-0.9,2.5,3.4,3.4,0,0,0,0,1,1,1,0->0,mild_hydrophilic,strong_hydrophobic,mild_hydrophilic->strong_hydrophobic,aromatic,special,0,0->0,1,2,1,9.2921,,,,,,unknown,unknown,,,,,,0,0,0,0,,,1.2390944202339162e-06,2.0,1614082.0,5.041084841457882e-05,,,BRCA2 p.W2586C,0,"criteria provided, single submitter",ClinVar,4628272,clinvar,13-32357882-G-C,ENST00000380152,missense_variant,gnomad_r4,GRCh38,,
hybrid,BRCA2,W,G,2619,11,13,2,1.1818181818181819,0.16705408466316624,143,1,0,2,7,11,13,17,4,2,2,4,6,6,0,0.333333,0.333333,0.0,-0.333333,0.333333,0.666666,0.333333,5,1,-4,11,13,2,11->13,1,1,1->1,1,0,1->0,204.23,75.07,-129.16,129.16,-0.9,-0.4,0.5,0.5,0,0,0,0,0,1,0,0->1,mild_hydrophilic,mild_hydrophilic,mild_hydrophilic->mild_hydrophilic,aromatic,small_nonpolar,0,0->0,1,4,3,6.5748,,,,,,unknown,unknown,,,,,,0,0,0,0,,,,,,,1.0439262120330826,,BRCA2 p.W2619G,1,"criteria provided, single submitter",ClinVar,2560930,clinvar,,,,,,urn:mavedb:00001224-a-1,Scores from arrayed screen of BRCA2 homology directed repair function in VC-8 cells
hybrid,BRCA2,W,R,2626,11,19,8,1.7272727272727273,0.5465437063680699,209,1,0,8,7,17,13,23,4,2,2,4,6,6,0,0.333333,0.333333,0.0,-0.333333,0.333333,0.666666,1.333333,5,1,-4,11,19,8,11->19,1,1,1->1,1,0,1->0,204.23,174.2,-30.03,30.03,-0.9,-4.5,-3.6,3.6,0,1,1,1,1,1,1,0->0,mild_hydrophilic,strong_hydrophilic,mild_hydrophilic->strong_hydrophilic,aromatic,basic,0,0->1,1,6,5,9.4009,,,,,,unknown,unknown,,,,,,0,0,0,0,,,,,,,1.0881656853613484,,BRCA2 p.W2626R,1,"criteria provided, multiple submitters, no conflicts",ClinVar,429208,clinvar,,,,,,urn:mavedb:00001224-a-1,Scores from arrayed screen of BRCA2 homology directed repair function in VC-8 cells
hybrid,BRCA2,W,R,3106,11,19,8,1.7272727272727273,0.5465437063680699,209,1,0,8,7,17,13,23,4,2,2,4,6,6,0,0.333333,0.333333,0.0,-0.333333,0.333333,0.666666,1.333333,5,1,-4,11,19,8,11->19,1,1,1->1,1,0,1->0,204.23,174.2,-30.03,30.03,-0.9,-4.5,-3.6,3.6,0,1,1,1,1,1,1,0->0,mild_hydrophilic,strong_hydrophilic,mild_hydrophilic->strong_hydrophilic,aromatic,basic,0,0->1,1,6,5,9.4009,,,,,,unknown,unknown,,,,,,0,0,0,0,,,,,,,,,BRCA2 p.W3106R,0,"criteria provided, single submitter",ClinVar,1766554,clinvar,,,,,,,
hybrid,BRCA2,W,R,31,11,19,8,1.7272727272727273,0.5465437063680699,209,1,0,8,7,17,13,23,4,2,2,4,6,6,0,0.333333,0.333333,0.0,-0.333333,0.333333,0.666666,1.333333,5,1,-4,11,19,8,11->19,1,1,1->1,1,0,1->0,204.23,174.2,-30.03,30.03,-0.9,-4.5,-3.6,3.6,0,1,1,1,1,1,1,0->0,mild_hydrophilic,strong_hydrophilic,mild_hydrophilic->strong_hydrophilic,aromatic,basic,0,0->1,1,6,5,9.4009,,,,,,unknown,unknown,,,,,,0,0,0,0,,,,,,,,,BRCA2 p.W31R,1,"criteria provided, multiple submitters, no conflicts",ClinVar,52775,clinvar,,,,,,,
hybrid,BRCA2,W,S,31,11,17,6,1.5454545454545454,0.4353180712578455,187,1,0,6,7,13,13,19,4,4,2,2,6,6,0,0.333333,0.333333,0.0,-0.333333,-0.333333,0.0,1.0,5,5,0,11,17,6,11->17,1,1,1->1,1,0,1->0,204.23,105.09,-99.13999999999999,99.13999999999999,-0.9,-0.8,0.09999999999999998,0.09999999999999998,0,0,0,0,1,1,1,0->0,mild_hydrophilic,mild_hydrophilic,mild_hydrophilic->mild_hydrophilic,aromatic,polar,0,0->0,1,6,5,6.4742,,,,,,unknown,unknown,,,,,,0,0,0,0,,,,,,,,,BRCA2 p.W31S,1,"criteria provided, multiple submitters, no conflicts",ClinVar,2098802,clinvar,,,,,,,
hybrid,BRCA2,Y,H,1135,17,13,4,0.7647058823529411,-0.2682639865946794,221,0,1,4,13,11,19,17,4,2,2,4,6,6,0,0.333333,0.333333,0.0,-0.333333,0.333333,0.666666,0.666667,5,1,-4,17,13,-4,17->13,1,1,1->1,0,0,0->0,181.19,155.16,-26.03,26.03,-1.3,-3.2,-1.9000000000000001,1.9000000000000001,0,1,1,1,0,0,0,1->0,mild_hydrophilic,strong_hydrophilic,mild_hydrophilic->strong_hydrophilic,aromatic,basic,0,0->1,2,2,0,5.1809,,,,,,unknown,unknown,,,,,,0,0,0,0,,,,,,,,,BRCA2 p.Y1135H,0,"criteria provided, single submitter",ClinVar,51457,clinvar,,,,,,,
hybrid,BRCA2,Y,H,1480,17,13,4,0.7647058823529411,-0.2682639865946794,221,0,1,4,13,11,19,17,4,2,2,4,6,6,0,0.333333,0.333333,0.0,-0.333333,0.333333,0.666666,0.666667,5,1,-4,17,13,-4,17->13,1,1,1->1,0,0,0->0,181.19,155.16,-26.03,26.03,-1.3,-3.2,-1.9000000000000001,1.9000000000000001,0,1,1,1,0,0,0,1->0,mild_hydrophilic,strong_hydrophilic,mild_hydrophilic->strong_hydrophilic,aromatic,basic,0,0->1,2,2,0,5.1809,,,,,,unknown,unknown,,,,,,0,0,0,0,,,,,,,,,BRCA2 p.Y1480H,0,"criteria provided, multiple submitters, no conflicts",ClinVar,479343,clinvar,,,,,,,
hybrid,BRCA2,Y,C,1716,17,5,12,0.29411764705882354,-1.2237754316221157,85,0,1,12,13,3,19,7,4,2,2,2,6,4,-2,0.333333,0.5,0.166667,-0.333333,0.0,0.333333,2.4,5,5,0,17,5,-12,17->5,1,1,1->1,0,1,0->1,181.19,121.16,-60.03,60.03,-1.3,2.5,3.8,3.8,0,0,0,0,0,1,0,1->0,mild_hydrophilic,strong_hydrophobic,mild_hydrophilic->strong_hydrophobic,aromatic,special,0,0->0,2,2,0,7.8009,,,,,,unknown,unknown,,,,,,0,0,0,0,,,1.8935783707904171e-06,3.0,1584302.0,2.728170543397009e-06,,,BRCA2 p.Y1716C,0,"criteria provided, multiple submitters, no conflicts",ClinVar,825477,clinvar,13-32339502-A-G,ENST00000380152,missense_variant,gnomad_r4,GRCh38,,
hybrid,BRCA2,Y,S,1751,17,17,0,1.0,0.0,289,0,0,0,13,13,19,19,4,4,2,2,6,6,0,0.333333,0.333333,0.0,-0.333333,-0.333333,0.0,0.0,5,5,0,17,17,0,17->17,1,1,1->1,0,0,0->0,181.19,105.09,-76.1,76.1,-1.3,-0.8,0.5,0.5,0,0,0,0,0,1,0,1->0,mild_hydrophilic,mild_hydrophilic,mild_hydrophilic->mild_hydrophilic,aromatic,polar,0,0->0,2,6,4,4.983,,,,,,unknown,unknown,,,,,,0,0,0,0,,,6.205013651030032e-07,1.0,1611600.0,9.005763688760807e-07,,,BRCA2 p.Y1751S,0,"criteria provided, multiple submitters, no conflicts",ClinVar,479319,clinvar,13-32339607-A-C,ENST00000380152,missense_variant,gnomad_r4,GRCh38,,
hybrid,BRCA2,Y,H,1894,17,13,4,0.7647058823529411,-0.2682639865946794,221,0,1,4,13,11,19,17,4,2,2,4,6,6,0,0.333333,0.333333,0.0,-0.333333,0.333333,0.666666,0.666667,5,1,-4,17,13,-4,17->13,1,1,1->1,0,0,0->0,181.19,155.16,-26.03,26.03,-1.3,-3.2,-1.9000000000000001,1.9000000000000001,0,1,1,1,0,0,0,1->0,mild_hydrophilic,strong_hydrophilic,mild_hydrophilic->strong_hydrophilic,aromatic,basic,0,0->1,2,2,0,5.1809,,,,,,unknown,unknown,,,,,,0,0,0,0,,,,,,,,,BRCA2 p.Y1894H,0,"criteria provided, single submitter",ClinVar,3482212,clinvar,,,,,,,
hybrid,BRCA2,Y,H,2567,17,13,4,0.7647058823529411,-0.2682639865946794,221,0,1,4,13,11,19,17,4,2,2,4,6,6,0,0.333333,0.333333,0.0,-0.333333,0.333333,0.666666,0.666667,5,1,-4,17,13,-4,17->13,1,1,1->1,0,0,0->0,181.19,155.16,-26.03,26.03,-1.3,-3.2,-1.9000000000000001,1.9000000000000001,0,1,1,1,0,0,0,1->0,mild_hydrophilic,strong_hydrophilic,mild_hydrophilic->strong_hydrophilic,aromatic,basic,0,0->1,2,2,0,5.1809,,,,,,unknown,unknown,,,,,,0,0,0,0,,,,,,,,,BRCA2 p.Y2567H,0,"criteria provided, single submitter",ClinVar,482981,clinvar,,,,,,,
hybrid,BRCA2,Y,C,2601,17,5,12,0.29411764705882354,-1.2237754316221157,85,0,1,12,13,3,19,7,4,2,2,2,6,4,-2,0.333333,0.5,0.166667,-0.333333,0.0,0.333333,2.4,5,5,0,17,5,-12,17->5,1,1,1->1,0,1,0->1,181.19,121.16,-60.03,60.03,-1.3,2.5,3.8,3.8,0,0,0,0,0,1,0,1->0,mild_hydrophilic,strong_hydrophobic,mild_hydrophilic->strong_hydrophobic,aromatic,special,0,0->0,2,2,0,7.8009,,,,,,unknown,unknown,,,,,,0,0,0,0,,,,,,,,,BRCA2 p.Y2601C,1,"criteria provided, multiple submitters, no conflicts",ClinVar,185651,clinvar,,,,,,,
hybrid,BRCA2,Y,D,2624,17,11,6,0.6470588235294118,-0.4353180712578455,187,0,1,6,13,7,19,13,4,4,2,2,6,6,0,0.333333,0.333333,0.0,-0.333333,-0.333333,0.0,1.0,5,5,0,17,11,-6,17->11,1,1,1->1,0,1,0->1,181.19,133.1,-48.09,48.09,-1.3,-3.5,-2.2,2.2,0,-1,-1,1,0,1,0,1->0,mild_hydrophilic,strong_hydrophilic,mild_hydrophilic->strong_hydrophilic,aromatic,acidic,0,0->-1,2,2,0,7.3427,,,,,,unknown,unknown,,,,,,0,0,0,0,,,,,,,0.932591832060021,,BRCA2 p.Y2624D,1,"criteria provided, single submitter",ClinVar,2578326,clinvar,,,,,,urn:mavedb:00001224-a-1,Scores from arrayed screen of BRCA2 homology directed repair function in VC-8 cells
hybrid,BRCA2,Y,D,2660,17,11,6,0.6470588235294118,-0.4353180712578455,187,0,1,6,13,7,19,13,4,4,2,2,6,6,0,0.333333,0.333333,0.0,-0.333333,-0.333333,0.0,1.0,5,5,0,17,11,-6,17->11,1,1,1->1,0,1,0->1,181.19,133.1,-48.09,48.09,-1.3,-3.5,-2.2,2.2,0,-1,-1,1,0,1,0,1->0,mild_hydrophilic,strong_hydrophilic,mild_hydrophilic->strong_hydrophilic,aromatic,acidic,0,0->-1,2,2,0,7.3427,,,,,,unknown,unknown,,,,,,0,0,0,0,,,1.8600060264195253e-06,3.0,1612898.0,2.6996042380187066e-06,0.8780282759837124,,BRCA2 p.Y2660D,1,"criteria provided, multiple submitters, no conflicts",ClinVar,52458,clinvar,13-32363180-T-G,ENST00000380152,missense_variant,gnomad_r4,GRCh38,urn:mavedb:00001224-a-1,Scores from arrayed screen of BRCA2 homology directed repair function in VC-8 cells
hybrid,BRCA2,Y,N,2726,17,7,10,0.4117647058823529,-0.8873031950009028,119,0,1,10,13,5,19,11,4,2,2,4,6,6,0,0.333333,0.333333,0.0,-0.333333,0.333333,0.666666,1.666667,5,1,-4,17,7,-10,17->7,1,1,1->1,0,0,0->0,181.19,132.12,-49.06999999999999,49.06999999999999,-1.3,-3.5,-2.2,2.2,0,0,0,0,0,1,0,1->0,mild_hydrophilic,strong_hydrophilic,mild_hydrophilic->strong_hydrophilic,aromatic,polar,0,0->0,2,2,0,5.8721,,,,,,unknown,unknown,,,,,,0,0,0,0,,,6.195088286203166e-07,1.0,1614182.0,8.992805755395683e-07,,,BRCA2 p.Y2726N,1,"criteria provided, single submitter",ClinVar,1505734,clinvar,13-32363378-T-A,ENST00000380152,missense_variant,gnomad_r4,GRCh38,,
hybrid,BRCA2,Y,C,2726,17,5,12,0.29411764705882354,-1.2237754316221157,85,0,1,12,13,3,19,7,4,2,2,2,6,4,-2,0.333333,0.5,0.166667,-0.333333,0.0,0.333333,2.4,5,5,0,17,5,-12,17->5,1,1,1->1,0,1,0->1,181.19,121.16,-60.03,60.03,-1.3,2.5,3.8,3.8,0,0,0,0,0,1,0,1->0,mild_hydrophilic,strong_hydrophobic,mild_hydrophilic->strong_hydrophobic,aromatic,special,0,0->0,2,2,0,7.8009,,,,,,unknown,unknown,,,,,,0,0,0,0,,,3.097713020431276e-06,5.0,1614094.0,3.743916136278547e-05,1.3588534849807663,,BRCA2 p.Y2726C,1,"criteria provided, multiple submitters, no conflicts",ClinVar,52520,clinvar,13-32363379-A-G,ENST00000380152,missense_variant,gnomad_r4,GRCh38,urn:mavedb:00001224-a-1,Scores from arrayed screen of BRCA2 homology directed repair function in VC-8 cells
hybrid,BRCA2,Y,F,2789,17,17,0,1.0,0.0,289,0,0,0,13,13,19,19,4,4,2,2,6,6,0,0.333333,0.333333,0.0,-0.333333,-0.333333,0.0,0.0,5,5,0,17,17,0,17->17,1,1,1->1,0,0,0->0,181.19,165.19,-16.0,16.0,-1.3,2.8,4.1,4.1,0,0,0,0,1,0,1,1->1,mild_hydrophilic,strong_hydrophobic,mild_hydrophilic->strong_hydrophobic,aromatic,aromatic,1,0->0,2,2,0,5.78,,,,,,unknown,unknown,,,,,,0,0,0,0,,,,,,,,,BRCA2 p.Y2789F,0,"criteria provided, single submitter",ClinVar,483121,clinvar,,,,,,,
hybrid,BRCA2,Y,F,2884,17,17,0,1.0,0.0,289,0,0,0,13,13,19,19,4,4,2,2,6,6,0,0.333333,0.333333,0.0,-0.333333,-0.333333,0.0,0.0,5,5,0,17,17,0,17->17,1,1,1->1,0,0,0->0,181.19,165.19,-16.0,16.0,-1.3,2.8,4.1,4.1,0,0,0,0,1,0,1,1->1,mild_hydrophilic,strong_hydrophobic,mild_hydrophilic->strong_hydrophobic,aromatic,aromatic,1,0->0,2,2,0,5.78,,,,,,unknown,unknown,,,,,,0,0,0,0,,,6.195264835181174e-07,1.0,1614136.0,8.992951324751659e-07,,,BRCA2 p.Y2884F,0,"criteria provided, multiple submitters, no conflicts",ClinVar,491359,clinvar,13-32376688-A-T,ENST00000380152,missense_variant,gnomad_r4,GRCh38,,
hybrid,BRCA2,Y,H,2920,17,13,4,0.7647058823529411,-0.2682639865946794,221,0,1,4,13,11,19,17,4,2,2,4,6,6,0,0.333333,0.333333,0.0,-0.333333,0.333333,0.666666,0.666667,5,1,-4,17,13,-4,17->13,1,1,1->1,0,0,0->0,181.19,155.16,-26.03,26.03,-1.3,-3.2,-1.9000000000000001,1.9000000000000001,0,1,1,1,0,0,0,1->0,mild_hydrophilic,strong_hydrophilic,mild_hydrophilic->strong_hydrophilic,aromatic,basic,0,0->1,2,2,0,5.1809,,,,,,unknown,unknown,,,,,,0,0,0,0,,,,,,,,,BRCA2 p.Y2920H,0,"criteria provided, single submitter",ClinVar,2586281,clinvar,,,,,,,
hybrid,BRCA2,Y,C,2977,17,5,12,0.29411764705882354,-1.2237754316221157,85,0,1,12,13,3,19,7,4,2,2,2,6,4,-2,0.333333,0.5,0.166667,-0.333333,0.0,0.333333,2.4,5,5,0,17,5,-12,17->5,1,1,1->1,0,1,0->1,181.19,121.16,-60.03,60.03,-1.3,2.5,3.8,3.8,0,0,0,0,0,1,0,1->0,mild_hydrophilic,strong_hydrophobic,mild_hydrophilic->strong_hydrophobic,aromatic,special,0,0->0,2,2,0,7.8009,,,,,,unknown,unknown,,,,,,0,0,0,0,,,1.239993254436696e-06,2.0,1612912.0,2.4114980225716216e-05,,,BRCA2 p.Y2977C,0,"criteria provided, single submitter",ClinVar,1765160,clinvar,13-32379492-A-G,ENST00000380152,missense_variant,gnomad_r4,GRCh38,,
hybrid,BRCA2,Y,F,3035,17,17,0,1.0,0.0,289,0,0,0,13,13,19,19,4,4,2,2,6,6,0,0.333333,0.333333,0.0,-0.333333,-0.333333,0.0,0.0,5,5,0,17,17,0,17->17,1,1,1->1,0,0,0->0,181.19,165.19,-16.0,16.0,-1.3,2.8,4.1,4.1,0,0,0,0,1,0,1,1->1,mild_hydrophilic,strong_hydrophobic,mild_hydrophilic->strong_hydrophobic,aromatic,aromatic,1,0->0,2,2,0,5.78,,,,,,unknown,unknown,,,,,,0,0,0,0,,,,,,,,,BRCA2 p.Y3035F,0,"criteria provided, single submitter",ClinVar,232526,clinvar,,,,,,,
hybrid,BRCA2,Y,N,3225,17,7,10,0.4117647058823529,-0.8873031950009028,119,0,1,10,13,5,19,11,4,2,2,4,6,6,0,0.333333,0.333333,0.0,-0.333333,0.333333,0.666666,1.666667,5,1,-4,17,7,-10,17->7,1,1,1->1,0,0,0->0,181.19,132.12,-49.06999999999999,49.06999999999999,-1.3,-3.5,-2.2,2.2,0,0,0,0,0,1,0,1->0,mild_hydrophilic,strong_hydrophilic,mild_hydrophilic->strong_hydrophilic,aromatic,polar,0,0->0,2,2,0,5.8721,,,,,,unknown,unknown,,,,,,0,0,0,0,,,,,,,,,BRCA2 p.Y3225N,0,"criteria provided, single submitter",ClinVar,3261573,clinvar,,,,,,,
hybrid,BRCA2,Y,C,748,17,5,12,0.29411764705882354,-1.2237754316221157,85,0,1,12,13,3,19,7,4,2,2,2,6,4,-2,0.333333,0.5,0.166667,-0.333333,0.0,0.333333,2.4,5,5,0,17,5,-12,17->5,1,1,1->1,0,1,0->1,181.19,121.16,-60.03,60.03,-1.3,2.5,3.8,3.8,0,0,0,0,0,1,0,1->0,mild_hydrophilic,strong_hydrophobic,mild_hydrophilic->strong_hydrophobic,aromatic,special,0,0->0,2,2,0,7.8009,,,,,,unknown,unknown,,,,,,0,0,0,0,,,,,,,,,BRCA2 p.Y748C,0,"criteria provided, multiple submitters, no conflicts",ClinVar,1788306,clinvar,,,,,,,
hybrid,BRCA2,Y,C,828,17,5,12,0.29411764705882354,-1.2237754316221157,85,0,1,12,13,3,19,7,4,2,2,2,6,4,-2,0.333333,0.5,0.166667,-0.333333,0.0,0.333333,2.4,5,5,0,17,5,-12,17->5,1,1,1->1,0,1,0->1,181.19,121.16,-60.03,60.03,-1.3,2.5,3.8,3.8,0,0,0,0,0,1,0,1->0,mild_hydrophilic,strong_hydrophobic,mild_hydrophilic->strong_hydrophobic,aromatic,special,0,0->0,2,2,0,7.8009,,,,,,unknown,unknown,,,,,,0,0,0,0,,,,,,,,,BRCA2 p.Y828C,0,"criteria provided, single submitter",ClinVar,51296,clinvar,,,,,,,
hybrid,BRCA2,Y,D,989,17,11,6,0.6470588235294118,-0.4353180712578455,187,0,1,6,13,7,19,13,4,4,2,2,6,6,0,0.333333,0.333333,0.0,-0.333333,-0.333333,0.0,1.0,5,5,0,17,11,-6,17->11,1,1,1->1,0,1,0->1,181.19,133.1,-48.09,48.09,-1.3,-3.5,-2.2,2.2,0,-1,-1,1,0,1,0,1->0,mild_hydrophilic,strong_hydrophilic,mild_hydrophilic->strong_hydrophilic,aromatic,acidic,0,0->-1,2,2,0,7.3427,,,,,,unknown,unknown,,,,,,0,0,0,0,,,,,,,,,BRCA2 p.Y989D,0,"criteria provided, single submitter",ClinVar,51380,clinvar,,,,,,,
hybrid,BRCA2,V,G,1078,19,13,6,0.6842105263157895,-0.3794896217049037,247,0,1,6,17,11,23,17,2,2,4,4,6,6,0,0.333333,0.333333,0.0,0.333333,0.333333,0.0,1.0,1,1,0,19,13,-6,19->13,1,1,1->1,0,0,0->0,117.15,75.07,-42.08000000000001,42.08000000000001,4.2,-0.4,-4.6000000000000005,4.6000000000000005,0,0,0,0,0,0,1,1->1,strong_hydrophobic,mild_hydrophilic,strong_hydrophobic->mild_hydrophilic,hydrophobic,small_nonpolar,0,0->0,4,4,0,6.8624,,,,,,unknown,unknown,,,,,,0,0,0,0,,,,,,,,,BRCA2 p.V1078G,0,"criteria provided, single submitter",ClinVar,1687121,clinvar,,,,,,,
hybrid,BRCA2,V,G,1283,19,13,6,0.6842105263157895,-0.3794896217049037,247,0,1,6,17,11,23,17,2,2,4,4,6,6,0,0.333333,0.333333,0.0,0.333333,0.333333,0.0,1.0,1,1,0,19,13,-6,19->13,1,1,1->1,0,0,0->0,117.15,75.07,-42.08000000000001,42.08000000000001,4.2,-0.4,-4.6000000000000005,4.6000000000000005,0,0,0,0,0,0,1,1->1,strong_hydrophobic,mild_hydrophilic,strong_hydrophobic->mild_hydrophilic,hydrophobic,small_nonpolar,0,0->0,4,4,0,6.8624,,,,,,unknown,unknown,,,,,,0,0,0,0,,,,,,,,,BRCA2 p.V1283G,0,"criteria provided, single submitter",ClinVar,51540,clinvar,,,,,,,
hybrid,BRCA2,V,L,1283,19,23,4,1.2105263157894737,0.19105523676270922,437,1,0,4,17,19,23,29,2,4,4,6,6,10,4,0.333333,0.2,-0.133333,0.333333,0.2,-0.133333,0.5,1,5,4,19,23,4,19->23,1,0,1->0,0,1,0->1,117.15,131.18,14.030000000000001,14.030000000000001,4.2,3.8,-0.40000000000000036,0.40000000000000036,0,0,0,0,0,0,1,1->1,strong_hydrophobic,strong_hydrophobic,strong_hydrophobic->strong_hydrophobic,hydrophobic,hydrophobic,1,0->0,4,6,2,0.8209,,,,,,unknown,unknown,,,,,,0,0,0,0,,,0.0,0.0,1548256.0,0.0,,,BRCA2 p.V1283L,0,"criteria provided, single submitter",ClinVar,3481988,clinvar,13-32338202-G-T,ENST00000380152,missense_variant,gnomad_r4,GRCh38,,
hybrid,BRCA2,V,F,1497,19,17,2,0.8947368421052632,-0.11122563511022437,323,0,1,2,17,13,23,19,2,4,4,2,6,6,0,0.333333,0.333333,0.0,0.333333,-0.333333,-0.666666,0.333333,1,5,4,19,17,-2,19->17,1,1,1->1,0,0,0->0,117.15,165.19,48.03999999999999,48.03999999999999,4.2,2.8,-1.4000000000000004,1.4000000000000004,0,0,0,0,0,1,1,1->1,strong_hydrophobic,strong_hydrophobic,strong_hydrophobic->strong_hydrophobic,hydrophobic,aromatic,0,0->0,4,2,-2,5.0412,,,,,,unknown,unknown,,,,,,0,0,0,0,,,,,,,,,BRCA2 p.V1497F,0,"criteria provided, single submitter",ClinVar,433784,clinvar,,,,,,,
hybrid,BRCA2,V,M,159,19,11,8,0.5789473684210527,-0.5465437063680699,209,0,1,8,17,7,23,13,2,4,4,2,6,6,0,0.333333,0.333333,0.0,0.333333,-0.333333,-0.666666,1.333333,1,5,4,19,11,-8,19->11,1,1,1->1,0,1,0->1,117.15,149.21,32.06,32.06,4.2,1.9,-2.3000000000000003,2.3000000000000003,0,0,0,0,0,0,0,1->0,strong_hydrophobic,mild_hydrophobic,strong_hydrophobic->mild_hydrophobic,hydrophobic,hydrophobic,1,0->0,4,1,-3,3.2618,,,,,,unknown,unknown,,,,,,0,0,0,0,,,,,,,,,BRCA2 p.V159M,1,"criteria provided, multiple submitters, no conflicts",ClinVar,51711,clinvar,,,,,,,
hybrid,BRCA2,V,L,1775,19,23,4,1.2105263157894737,0.19105523676270922,437,1,0,4,17,19,23,29,2,4,4,6,6,10,4,0.333333,0.2,-0.133333,0.333333,0.2,-0.133333,0.5,1,5,4,19,23,4,19->23,1,0,1->0,0,1,0->1,117.15,131.18,14.030000000000001,14.030000000000001,4.2,3.8,-0.40000000000000036,0.40000000000000036,0,0,0,0,0,0,1,1->1,strong_hydrophobic,strong_hydrophobic,strong_hydrophobic->strong_hydrophobic,hydrophobic,hydrophobic,1,0->0,4,6,2,0.8209,,,,,,unknown,unknown,,,,,,0,0,0,0,,,6.201881154591811e-07,1.0,1612414.0,9.003736550668527e-07,,,BRCA2 p.V1775L,0,"criteria provided, single submitter",ClinVar,559991,clinvar,13-32339678-G-C,ENST00000380152,missense_variant,gnomad_r4,GRCh38,,
hybrid,BRCA2,V,I,211,19,17,2,0.8947368421052632,-0.11122563511022437,323,0,1,2,17,13,23,19,2,4,4,2,6,6,0,0.333333,0.333333,0.0,0.333333,-0.333333,-0.666666,0.333333,1,5,4,19,17,-2,19->17,1,1,1->1,0,0,0->0,117.15,131.18,14.030000000000001,14.030000000000001,4.2,4.5,0.2999999999999998,0.2999999999999998,0,0,0,0,0,0,1,1->1,strong_hydrophobic,strong_hydrophobic,strong_hydrophobic->strong_hydrophobic,hydrophobic,hydrophobic,1,0->0,4,3,-1,0.7209,,,,,,unknown,unknown,,,,,,0,0,0,0,,,6.3429721137574e-07,1.0,1576548.0,9.271483882452418e-07,,,BRCA2 p.V211I,1,"criteria provided, multiple submitters, no conflicts",ClinVar,52058,clinvar,13-32326613-G-A,ENST00000380152,missense_variant,gnomad_r4,GRCh38,,
hybrid,BRCA2,V,L,211,19,23,4,1.2105263157894737,0.19105523676270922,437,1,0,4,17,19,23,29,2,4,4,6,6,10,4,0.333333,0.2,-0.133333,0.333333,0.2,-0.133333,0.5,1,5,4,19,23,4,19->23,1,0,1->0,0,1,0->1,117.15,131.18,14.030000000000001,14.030000000000001,4.2,3.8,-0.40000000000000036,0.40000000000000036,0,0,0,0,0,0,1,1->1,strong_hydrophobic,strong_hydrophobic,strong_hydrophobic->strong_hydrophobic,hydrophobic,hydrophobic,1,0->0,4,6,2,0.8209,,,,,,unknown,unknown,,,,,,0,0,0,0,,,6.3429721137574e-07,1.0,1576548.0,9.271483882452418e-07,,,BRCA2 p.V211L,1,"criteria provided, multiple submitters, no conflicts",ClinVar,38035,clinvar,13-32326613-G-C,ENST00000380152,missense_variant,gnomad_r4,GRCh38,,
hybrid,BRCA2,V,I,2138,19,17,2,0.8947368421052632,-0.11122563511022437,323,0,1,2,17,13,23,19,2,4,4,2,6,6,0,0.333333,0.333333,0.0,0.333333,-0.333333,-0.666666,0.333333,1,5,4,19,17,-2,19->17,1,1,1->1,0,0,0->0,117.15,131.18,14.030000000000001,14.030000000000001,4.2,4.5,0.2999999999999998,0.2999999999999998,0,0,0,0,0,0,1,1->1,strong_hydrophobic,strong_hydrophobic,strong_hydrophobic->strong_hydrophobic,hydrophobic,hydrophobic,1,0->0,4,3,-1,0.7209,,,,,,unknown,unknown,,,,,,0,0,0,0,,,,,,,,,BRCA2 p.V2138I,0,"criteria provided, single submitter",ClinVar,3825447,clinvar,,,,,,,
hybrid,BRCA2,V,A,2179,19,13,6,0.6842105263157895,-0.3794896217049037,247,0,1,6,17,11,23,17,2,2,4,4,6,6,0,0.333333,0.333333,0.0,0.333333,0.333333,0.0,1.0,1,1,0,19,13,-6,19->13,1,1,1->1,0,0,0->0,117.15,89.09,-28.060000000000002,28.060000000000002,4.2,1.8,-2.4000000000000004,2.4000000000000004,0,0,0,0,0,0,1,1->1,strong_hydrophobic,mild_hydrophobic,strong_hydrophobic->mild_hydrophobic,hydrophobic,small_nonpolar,0,0->0,4,4,0,4.2418,,,,,,unknown,unknown,,,,,,0,0,0,0,,,,,,,,,BRCA2 p.V2179A,0,"criteria provided, single submitter",ClinVar,3256255,clinvar,,,,,,,
hybrid,BRCA2,V,I,2211,19,17,2,0.8947368421052632,-0.11122563511022437,323,0,1,2,17,13,23,19,2,4,4,2,6,6,0,0.333333,0.333333,0.0,0.333333,-0.333333,-0.666666,0.333333,1,5,4,19,17,-2,19->17,1,1,1->1,0,0,0->0,117.15,131.18,14.030000000000001,14.030000000000001,4.2,4.5,0.2999999999999998,0.2999999999999998,0,0,0,0,0,0,1,1->1,strong_hydrophobic,strong_hydrophobic,strong_hydrophobic->strong_hydrophobic,hydrophobic,hydrophobic,1,0->0,4,3,-1,0.7209,,,,,,unknown,unknown,,,,,,0,0,0,0,,,,,,,,,BRCA2 p.V2211I,0,"criteria provided, single submitter",ClinVar,2451523,clinvar,,,,,,,
hybrid,BRCA2,V,E,2407,19,11,8,0.5789473684210527,-0.5465437063680699,209,0,1,8,17,7,23,13,2,4,4,2,6,6,0,0.333333,0.333333,0.0,0.333333,-0.333333,-0.666666,1.333333,1,5,4,19,11,-8,19->11,1,1,1->1,0,1,0->1,117.15,147.13,29.97999999999999,29.97999999999999,4.2,-3.5,-7.7,7.7,0,-1,-1,1,1,0,0,1->0,strong_hydrophobic,strong_hydrophilic,strong_hydrophobic->strong_hydrophilic,hydrophobic,acidic,0,0->-1,4,2,-2,12.2994,,,,,,unknown,unknown,,,,,,0,0,0,0,,,,,,,,,BRCA2 p.V2407E,1,"criteria provided, single submitter",ClinVar,966654,clinvar,,,,,,,
hybrid,BRCA2,V,A,2466,19,13,6,0.6842105263157895,-0.3794896217049037,247,0,1,6,17,11,23,17,2,2,4,4,6,6,0,0.333333,0.333333,0.0,0.333333,0.333333,0.0,1.0,1,1,0,19,13,-6,19->13,1,1,1->1,0,0,0->0,117.15,89.09,-28.060000000000002,28.060000000000002,4.2,1.8,-2.4000000000000004,2.4000000000000004,0,0,0,0,0,0,1,1->1,strong_hydrophobic,mild_hydrophobic,strong_hydrophobic->mild_hydrophobic,hydrophobic,small_nonpolar,0,0->0,4,4,0,4.2418,,,,,,unknown,unknown,,,,,,0,0,0,0,,,0.9962754044067976,1607588.0,1613598.0,1.0,,,BRCA2 p.V2466A,0,"criteria provided, multiple submitters, no conflicts",ClinVar,133738,clinvar,13-32355250-T-C,ENST00000380152,missense_variant,gnomad_r4,GRCh38,,
hybrid,BRCA2,V,A,2531,19,13,6,0.6842105263157895,-0.3794896217049037,247,0,1,6,17,11,23,17,2,2,4,4,6,6,0,0.333333,0.333333,0.0,0.333333,0.333333,0.0,1.0,1,1,0,19,13,-6,19->13,1,1,1->1,0,0,0->0,117.15,89.09,-28.060000000000002,28.060000000000002,4.2,1.8,-2.4000000000000004,2.4000000000000004,0,0,0,0,0,0,1,1->1,strong_hydrophobic,mild_hydrophobic,strong_hydrophobic->mild_hydrophobic,hydrophobic,small_nonpolar,0,0->0,4,4,0,4.2418,,,,,,unknown,unknown,,,,,,0,0,0,0,,,,,,,,,BRCA2 p.V2531A,0,"criteria provided, single submitter",ClinVar,4628767,clinvar,,,,,,,
hybrid,BRCA2,V,F,2728,19,17,2,0.8947368421052632,-0.11122563511022437,323,0,1,2,17,13,23,19,2,4,4,2,6,6,0,0.333333,0.333333,0.0,0.333333,-0.333333,-0.666666,0.333333,1,5,4,19,17,-2,19->17,1,1,1->1,0,0,0->0,117.15,165.19,48.03999999999999,48.03999999999999,4.2,2.8,-1.4000000000000004,1.4000000000000004,0,0,0,0,0,1,1,1->1,strong_hydrophobic,strong_hydrophobic,strong_hydrophobic->strong_hydrophobic,hydrophobic,aromatic,0,0->0,4,2,-2,5.0412,,,,,,unknown,unknown,,,,,,0,0,0,0,,,,,,,,,BRCA2 p.V2728F,0,"criteria provided, single submitter",ClinVar,2565997,clinvar,,,,,,,
hybrid,BRCA2,V,A,2820,19,13,6,0.6842105263157895,-0.3794896217049037,247,0,1,6,17,11,23,17,2,2,4,4,6,6,0,0.333333,0.333333,0.0,0.333333,0.333333,0.0,1.0,1,1,0,19,13,-6,19->13,1,1,1->1,0,0,0->0,117.15,89.09,-28.060000000000002,28.060000000000002,4.2,1.8,-2.4000000000000004,2.4000000000000004,0,0,0,0,0,0,1,1->1,strong_hydrophobic,mild_hydrophobic,strong_hydrophobic->mild_hydrophobic,hydrophobic,small_nonpolar,0,0->0,4,4,0,4.2418,,,,,,unknown,unknown,,,,,,0,0,0,0,,,1.239307871340014e-06,2.0,1613804.0,2.318948125130441e-05,,,BRCA2 p.V2820A,0,"criteria provided, single submitter",ClinVar,4628412,clinvar,13-32370529-T-C,ENST00000380152,missense_variant,gnomad_r4,GRCh38,,
hybrid,BRCA2,V,M,2855,19,11,8,0.5789473684210527,-0.5465437063680699,209,0,1,8,17,7,23,13,2,4,4,2,6,6,0,0.333333,0.333333,0.0,0.333333,-0.333333,-0.666666,1.333333,1,5,4,19,11,-8,19->11,1,1,1->1,0,1,0->1,117.15,149.21,32.06,32.06,4.2,1.9,-2.3000000000000003,2.3000000000000003,0,0,0,0,0,0,0,1->0,strong_hydrophobic,mild_hydrophobic,strong_hydrophobic->mild_hydrophobic,hydrophobic,hydrophobic,1,0->0,4,1,-3,3.2618,,,,,,unknown,unknown,,,,,,0,0,0,0,,,,,,,,,BRCA2 p.V2855M,0,"criteria provided, single submitter",ClinVar,3261503,clinvar,,,,,,,
hybrid,BRCA2,V,L,3082,19,23,4,1.2105263157894737,0.19105523676270922,437,1,0,4,17,19,23,29,2,4,4,6,6,10,4,0.333333,0.2,-0.133333,0.333333,0.2,-0.133333,0.5,1,5,4,19,23,4,19->23,1,0,1->0,0,1,0->1,117.15,131.18,14.030000000000001,14.030000000000001,4.2,3.8,-0.40000000000000036,0.40000000000000036,0,0,0,0,0,0,1,1->1,strong_hydrophobic,strong_hydrophobic,strong_hydrophobic->strong_hydrophobic,hydrophobic,hydrophobic,1,0->0,4,6,2,0.8209,,,,,,unknown,unknown,,,,,,0,0,0,0,,,,,,,,,BRCA2 p.V3082L,0,"criteria provided, single submitter",ClinVar,1766307,clinvar,,,,,,,
hybrid,BRCA2,V,I,3365,19,17,2,0.8947368421052632,-0.11122563511022437,323,0,1,2,17,13,23,19,2,4,4,2,6,6,0,0.333333,0.333333,0.0,0.333333,-0.333333,-0.666666,0.333333,1,5,4,19,17,-2,19->17,1,1,1->1,0,0,0->0,117.15,131.18,14.030000000000001,14.030000000000001,4.2,4.5,0.2999999999999998,0.2999999999999998,0,0,0,0,0,0,1,1->1,strong_hydrophobic,strong_hydrophobic,strong_hydrophobic->strong_hydrophobic,hydrophobic,hydrophobic,1,0->0,4,3,-1,0.7209,,,,,,unknown,unknown,,,,,,0,0,0,0,,,1.2390284034871216e-06,2.0,1614168.0,1.7985546814579804e-06,,,BRCA2 p.V3365I,0,"criteria provided, single submitter",ClinVar,3825364,clinvar,13-32398606-G-A,ENST00000380152,missense_variant,gnomad_r4,GRCh38,,
hybrid,BRCA2,V,A,358,19,13,6,0.6842105263157895,-0.3794896217049037,247,0,1,6,17,11,23,17,2,2,4,4,6,6,0,0.333333,0.333333,0.0,0.333333,0.333333,0.0,1.0,1,1,0,19,13,-6,19->13,1,1,1->1,0,0,0->0,117.15,89.09,-28.060000000000002,28.060000000000002,4.2,1.8,-2.4000000000000004,2.4000000000000004,0,0,0,0,0,0,1,1->1,strong_hydrophobic,mild_hydrophobic,strong_hydrophobic->mild_hydrophobic,hydrophobic,small_nonpolar,0,0->0,4,4,0,4.2418,,,,,,unknown,unknown,,,,,,0,0,0,0,,,,,,,,,BRCA2 p.V358A,0,"criteria provided, single submitter",ClinVar,3992858,clinvar,,,,,,,
hybrid,BRCA2,V,M,358,19,11,8,0.5789473684210527,-0.5465437063680699,209,0,1,8,17,7,23,13,2,4,4,2,6,6,0,0.333333,0.333333,0.0,0.333333,-0.333333,-0.666666,1.333333,1,5,4,19,11,-8,19->11,1,1,1->1,0,1,0->1,117.15,149.21,32.06,32.06,4.2,1.9,-2.3000000000000003,2.3000000000000003,0,0,0,0,0,0,0,1->0,strong_hydrophobic,mild_hydrophobic,strong_hydrophobic->mild_hydrophobic,hydrophobic,hydrophobic,1,0->0,4,1,-3,3.2618,,,,,,unknown,unknown,,,,,,0,0,0,0,,,,,,,,,BRCA2 p.V358M,0,"criteria provided, multiple submitters, no conflicts",ClinVar,480892,clinvar,,,,,,,
hybrid,BRCA2,V,L,494,19,23,4,1.2105263157894737,0.19105523676270922,437,1,0,4,17,19,23,29,2,4,4,6,6,10,4,0.333333,0.2,-0.133333,0.333333,0.2,-0.133333,0.5,1,5,4,19,23,4,19->23,1,0,1->0,0,1,0->1,117.15,131.18,14.030000000000001,14.030000000000001,4.2,3.8,-0.40000000000000036,0.40000000000000036,0,0,0,0,0,0,1,1->1,strong_hydrophobic,strong_hydrophobic,strong_hydrophobic->strong_hydrophobic,hydrophobic,hydrophobic,1,0->0,4,6,2,0.8209,,,,,,unknown,unknown,,,,,,0,0,0,0,,,6.239914737805023e-07,1.0,1602586.0,9.01443391157922e-07,,,BRCA2 p.V494L,0,"criteria provided, single submitter",ClinVar,4215272,clinvar,13-32332958-G-T,ENST00000380152,missense_variant,gnomad_r4,GRCh38,,
hybrid,BRCA2,V,L,741,19,23,4,1.2105263157894737,0.19105523676270922,437,1,0,4,17,19,23,29,2,4,4,6,6,10,4,0.333333,0.2,-0.133333,0.333333,0.2,-0.133333,0.5,1,5,4,19,23,4,19->23,1,0,1->0,0,1,0->1,117.15,131.18,14.030000000000001,14.030000000000001,4.2,3.8,-0.40000000000000036,0.40000000000000036,0,0,0,0,0,0,1,1->1,strong_hydrophobic,strong_hydrophobic,strong_hydrophobic->strong_hydrophobic,hydrophobic,hydrophobic,1,0->0,4,6,2,0.8209,,,,,,unknown,unknown,,,,,,0,0,0,0,,,,,,,,,BRCA2 p.V741L,0,"criteria provided, single submitter",ClinVar,51256,clinvar,,,,,,,
hybrid,BRCA2,V,L,875,19,23,4,1.2105263157894737,0.19105523676270922,437,1,0,4,17,19,23,29,2,4,4,6,6,10,4,0.333333,0.2,-0.133333,0.333333,0.2,-0.133333,0.5,1,5,4,19,23,4,19->23,1,0,1->0,0,1,0->1,117.15,131.18,14.030000000000001,14.030000000000001,4.2,3.8,-0.40000000000000036,0.40000000000000036,0,0,0,0,0,0,1,1->1,strong_hydrophobic,strong_hydrophobic,strong_hydrophobic->strong_hydrophobic,hydrophobic,hydrophobic,1,0->0,4,6,2,0.8209,,,,,,unknown,unknown,,,,,,0,0,0,0,,,,,,,,,BRCA2 p.V875L,0,"criteria provided, single submitter",ClinVar,834050,clinvar,,,,,,,
