gene,hgvs_p,clinical_significance,review_status,variation_id,variant_name,last_evaluated,source_cohort_kind,source_cohort_path,assembly,chromosome,Start,Stop,ReferenceAllele,AlternateAllele,position_vcf,reference_allele_vcf,alternate_allele_vcf,rsid,has_grch38_coordinate,gnomad_variant_id,local_gnomad_af,local_gnomad_ac,local_gnomad_an,local_gnomad_available,local_mavedb_score,local_mavedb_available,live_mavedb_score,live_mavedb_score_set_urn,live_mavedb_assay_name,live_mavedb_available,mavedb_line_available,source_trace_ready,coordinate_ready,gnomad_line_available,annotation_status,live_gnomad_attempted,live_gnomad_status,live_gnomad_af,live_gnomad_ac,live_gnomad_an,live_gnomad_reference_genome,live_gnomad_error
F9,p.Ala173Gly,Likely pathogenic,"criteria provided, single submitter",3598107,NM_000133.4(F9):c.518C>G (p.Ala173Gly),"Jan 19, 2024",training,C:\Users\Wesley Capucho\Documents\IA dos números primos\data\raw\multigene\f9\f9_clinvar_training.tsv,GRCh38,X,139548489,139548489,na,na,139548489,C,G,-1,True,X-139548489-C-G,,,,False,,False,0.8170766630243999,urn:mavedb:00001200-d-1,F9 MultiSTEP F9 Gla domain scores,True,True,True,True,False,coordinate_mavedb_complete_gnomad_missing,False,,,,,,
F9,p.Ala233Thr,Pathogenic,no assertion criteria provided,10601,NM_000133.4(F9):c.697G>A (p.Ala233Thr),"Sep 01, 1989",training,C:\Users\Wesley Capucho\Documents\IA dos números primos\data\raw\multigene\f9\f9_clinvar_training.tsv,GRCh38,X,139551238,139551238,na,na,139551238,G,A,387906478,True,X-139551238-G-A,,,,False,,False,0.9147990800527244,urn:mavedb:00001200-d-1,F9 MultiSTEP F9 Gla domain scores,True,True,True,True,False,coordinate_mavedb_complete_gnomad_missing,False,,,,,,
F9,p.Ala266Thr,Likely pathogenic,"criteria provided, single submitter",2138740,NM_000133.4(F9):c.796G>A (p.Ala266Thr),"Jan 11, 2022",training,C:\Users\Wesley Capucho\Documents\IA dos números primos\data\raw\multigene\f9\f9_clinvar_training.tsv,GRCh38,X,139560813,139560813,na,na,139560813,G,A,1162048721,True,X-139560813-G-A,,,,False,,False,0.0662265880001136,urn:mavedb:00001200-d-1,F9 MultiSTEP F9 Gla domain scores,True,True,True,True,False,coordinate_mavedb_complete_gnomad_missing,False,,,,,,
F9,p.Ala279Pro,Likely pathogenic,"criteria provided, single submitter",1477908,NM_000133.4(F9):c.835G>C (p.Ala279Pro),"Oct 11, 2021",training,C:\Users\Wesley Capucho\Documents\IA dos números primos\data\raw\multigene\f9\f9_clinvar_training.tsv,GRCh38,X,139560852,139560852,na,na,139560852,G,C,137852247,True,X-139560852-G-C,,,,False,,False,0.0192008417090135,urn:mavedb:00001200-d-1,F9 MultiSTEP F9 Gla domain scores,True,True,True,True,False,coordinate_mavedb_complete_gnomad_missing,False,,,,,,
F9,p.Ala279Thr,Pathogenic,reviewed by expert panel,216926,NM_000133.4(F9):c.835G>A (p.Ala279Thr),"Feb 19, 2025",combined_external,C:\Users\Wesley Capucho\Documents\IA dos números primos\data\raw\multigene\f9\f9_combined_external.tsv,GRCh38,X,139560852,139560852,na,na,139560852,G,A,137852247,True,X-139560852-G-A,,,,False,,False,0.3066138304924288,urn:mavedb:00001200-d-1,F9 MultiSTEP F9 Gla domain scores,True,True,True,True,True,coordinate_gnomad_mavedb_complete,True,found,1.9034548657540869e-06,2.0,1050721.0,GRCh38,
F9,p.Ala317Val,Pathogenic/Likely pathogenic,"criteria provided, multiple submitters, no conflicts",1334561,NM_000133.4(F9):c.950C>T (p.Ala317Val),"Aug 14, 2024",combined_external,C:\Users\Wesley Capucho\Documents\IA dos números primos\data\raw\multigene\f9\f9_combined_external.tsv,GRCh38,X,139561635,139561635,na,na,139561635,C,T,2148367725,True,X-139561635-C-T,,,,False,,False,0.3925220863883519,urn:mavedb:00001200-d-1,F9 MultiSTEP F9 Gla domain scores,True,True,True,True,True,coordinate_gnomad_mavedb_complete,True,found,2.733784103956697e-06,3.0,1097380.0,GRCh38,
F9,p.Ala337Pro,Likely pathogenic,reviewed by expert panel,10606,NM_000133.4(F9):c.1009G>C (p.Ala337Pro),"Sep 30, 2024",combined_external,C:\Users\Wesley Capucho\Documents\IA dos números primos\data\raw\multigene\f9\f9_combined_external.tsv,GRCh38,X,139561694,139561694,na,na,139561694,G,C,137852253,True,X-139561694-G-C,,,,False,,False,0.254194928485643,urn:mavedb:00001200-d-1,F9 MultiSTEP F9 Gla domain scores,True,True,True,True,False,coordinate_mavedb_complete_gnomad_missing,True,graphql_error,,,,,"[{""message"": ""Variant not found""}]"
F9,p.Ala337Thr,Pathogenic,reviewed by expert panel,626950,NM_000133.4(F9):c.1009G>A (p.Ala337Thr),"Apr 26, 2024",combined_external,C:\Users\Wesley Capucho\Documents\IA dos números primos\data\raw\multigene\f9\f9_combined_external.tsv,GRCh38,X,139561694,139561694,na,na,139561694,G,A,137852253,True,X-139561694-G-A,,,,False,,False,0.2806458832798464,urn:mavedb:00001200-d-1,F9 MultiSTEP F9 Gla domain scores,True,True,True,True,False,coordinate_mavedb_complete_gnomad_missing,True,graphql_error,,,,,"[{""message"": ""Variant not found""}]"
F9,p.Ala337Val,Pathogenic,reviewed by expert panel,3242389,NM_000133.4(F9):c.1010C>T (p.Ala337Val),"Apr 26, 2024",combined_external,C:\Users\Wesley Capucho\Documents\IA dos números primos\data\raw\multigene\f9\f9_combined_external.tsv,GRCh38,X,139561695,139561695,na,na,139561695,C,T,1928111051,True,X-139561695-C-T,,,,False,,False,0.2952326352290132,urn:mavedb:00001200-d-1,F9 MultiSTEP F9 Gla domain scores,True,True,True,True,False,coordinate_mavedb_complete_gnomad_missing,True,graphql_error,,,,,"[{""message"": ""Variant not found""}]"
F9,p.Ala37Val,Pathogenic,no assertion criteria provided,10661,NM_000133.4(F9):c.110C>T (p.Ala37Val),"Jul 01, 1997",training,C:\Users\Wesley Capucho\Documents\IA dos números primos\data\raw\multigene\f9\f9_clinvar_training.tsv,GRCh38,X,139537031,139537031,na,na,139537031,C,T,1327097914,True,X-139537031-C-T,,,,False,,False,1.0079074377395103,urn:mavedb:00001200-d-1,F9 MultiSTEP F9 Gla domain scores,True,True,True,True,False,coordinate_mavedb_complete_gnomad_missing,False,,,,,,
F9,p.Ala380Thr,Pathogenic,"criteria provided, single submitter",1698768,NM_000133.4(F9):c.1138G>A (p.Ala380Thr),"Jun 24, 2020",training,C:\Users\Wesley Capucho\Documents\IA dos números primos\data\raw\multigene\f9\f9_clinvar_training.tsv,GRCh38,X,139561823,139561823,na,na,139561823,G,A,2148367990,True,X-139561823-G-A,,,,False,,False,1.0214469561283095,urn:mavedb:00001200-d-1,F9 MultiSTEP F9 Gla domain scores,True,True,True,True,False,coordinate_mavedb_complete_gnomad_missing,False,,,,,,
F9,p.Ala397Pro,Pathogenic,no assertion criteria provided,10662,NM_000133.4(F9):c.1189G>C (p.Ala397Pro),"May 01, 1998",training,C:\Users\Wesley Capucho\Documents\IA dos números primos\data\raw\multigene\f9\f9_clinvar_training.tsv,GRCh38,X,139561874,139561874,na,na,139561874,G,C,137852281,True,X-139561874-G-C,,,,False,,False,0.0066196998992671,urn:mavedb:00001200-d-1,F9 MultiSTEP F9 Gla domain scores,True,True,True,True,False,coordinate_mavedb_complete_gnomad_missing,False,,,,,,
F9,p.Ala397Val,Pathogenic,"criteria provided, single submitter",2138746,NM_000133.4(F9):c.1190C>T (p.Ala397Val),"Apr 14, 2022",training,C:\Users\Wesley Capucho\Documents\IA dos números primos\data\raw\multigene\f9\f9_clinvar_training.tsv,GRCh38,X,139561875,139561875,na,na,139561875,C,T,758194285,True,X-139561875-C-T,,,,False,,False,0.7949980626759459,urn:mavedb:00001200-d-1,F9 MultiSTEP F9 Gla domain scores,True,True,True,True,False,coordinate_mavedb_complete_gnomad_missing,False,,,,,,
F9,p.Ala436Glu,Pathogenic,no assertion criteria provided,10622,NM_000133.4(F9):c.1307C>A (p.Ala436Glu),"Oct 09, 2017",training,C:\Users\Wesley Capucho\Documents\IA dos números primos\data\raw\multigene\f9\f9_clinvar_training.tsv,GRCh38,X,139561992,139561992,na,na,139561992,C,A,137852266,True,X-139561992-C-A,,,,False,,False,0.966966384461046,urn:mavedb:00001200-d-1,F9 MultiSTEP F9 Gla domain scores,True,True,True,True,False,coordinate_mavedb_complete_gnomad_missing,False,,,,,,
F9,p.Ala436Thr,Pathogenic,"criteria provided, single submitter",4688446,NM_000133.4(F9):c.1306G>A (p.Ala436Thr),"Dec 09, 2025",training,C:\Users\Wesley Capucho\Documents\IA dos números primos\data\raw\multigene\f9\f9_clinvar_training.tsv,GRCh38,X,139561991,139561991,na,na,139561991,G,A,-1,True,X-139561991-G-A,,,,False,,False,1.0480991593391615,urn:mavedb:00001200-d-1,F9 MultiSTEP F9 Gla domain scores,True,True,True,True,False,coordinate_mavedb_complete_gnomad_missing,False,,,,,,
F9,p.Ala436Val,Pathogenic,no assertion criteria provided,10623,NM_000133.4(F9):c.1307C>T (p.Ala436Val),"Dec 01, 1988",training,C:\Users\Wesley Capucho\Documents\IA dos números primos\data\raw\multigene\f9\f9_clinvar_training.tsv,GRCh38,X,139561992,139561992,na,na,139561992,C,T,137852266,True,X-139561992-C-T,,,,False,,False,0.7813035267310142,urn:mavedb:00001200-d-1,F9 MultiSTEP F9 Gla domain scores,True,True,True,True,False,coordinate_mavedb_complete_gnomad_missing,False,,,,,,
F9,p.Arg140Ser,Likely pathogenic,"criteria provided, single submitter",4688439,NM_000133.4(F9):c.420A>T (p.Arg140Ser),"Dec 09, 2025",training,C:\Users\Wesley Capucho\Documents\IA dos números primos\data\raw\multigene\f9\f9_clinvar_training.tsv,GRCh38,X,139548391,139548391,na,na,139548391,A,T,-1,True,X-139548391-A-T,,,,False,,False,0.6058593677311127,urn:mavedb:00001200-d-1,F9 MultiSTEP F9 Gla domain scores,True,True,True,True,False,coordinate_mavedb_complete_gnomad_missing,False,,,,,,
F9,p.Arg191Cys,Pathogenic/Likely pathogenic,"criteria provided, multiple submitters, no conflicts",10584,NM_000133.4(F9):c.571C>T (p.Arg191Cys),"Mar 11, 2024",combined_external,C:\Users\Wesley Capucho\Documents\IA dos números primos\data\raw\multigene\f9\f9_combined_external.tsv,GRCh38,X,139551112,139551112,na,na,139551112,C,T,137852237,True,X-139551112-C-T,,,,False,,False,0.707286786921459,urn:mavedb:00001200-d-1,F9 MultiSTEP F9 Gla domain scores,True,True,True,True,False,coordinate_mavedb_complete_gnomad_missing,True,graphql_error,,,,,"[{""message"": ""Variant not found""}]"
F9,p.Arg191His,Pathogenic,reviewed by expert panel,10585,NM_000133.4(F9):c.572G>A (p.Arg191His),"Feb 09, 2024",combined_external,C:\Users\Wesley Capucho\Documents\IA dos números primos\data\raw\multigene\f9\f9_combined_external.tsv,GRCh38,X,139551113,139551113,na,na,139551113,G,A,137852238,True,X-139551113-G-A,,,,False,,False,0.7881751920285752,urn:mavedb:00001200-d-1,F9 MultiSTEP F9 Gla domain scores,True,True,True,True,True,coordinate_gnomad_mavedb_complete,True,found,2.7328327998236413e-06,3.0,1097762.0,GRCh38,
F9,p.Arg226Gln,Pathogenic,"criteria provided, multiple submitters, no conflicts",10591,NM_000133.4(F9):c.677G>A (p.Arg226Gln),"Jun 21, 2024",combined_external,C:\Users\Wesley Capucho\Documents\IA dos números primos\data\raw\multigene\f9\f9_combined_external.tsv,GRCh38,X,139551218,139551218,na,na,139551218,G,A,137852241,True,X-139551218-G-A,,,,False,,False,1.078825764535242,urn:mavedb:00001200-d-1,F9 MultiSTEP F9 Gla domain scores,True,True,True,True,False,coordinate_mavedb_complete_gnomad_missing,True,graphql_error,,,,,"[{""message"": ""Variant not found""}]"
F9,p.Arg226Trp,Pathogenic/Likely pathogenic,"criteria provided, multiple submitters, no conflicts",10590,NM_000133.4(F9):c.676C>T (p.Arg226Trp),"Mar 04, 2025",combined_external,C:\Users\Wesley Capucho\Documents\IA dos números primos\data\raw\multigene\f9\f9_combined_external.tsv,GRCh38,X,139551217,139551217,na,na,139551217,C,T,137852240,True,X-139551217-C-T,,,,False,,False,0.8245948016243612,urn:mavedb:00001200-d-1,F9 MultiSTEP F9 Gla domain scores,True,True,True,True,False,coordinate_mavedb_complete_gnomad_missing,False,,,,,,
F9,p.Arg294Gln,Pathogenic,reviewed by expert panel,10602,NM_000133.4(F9):c.881G>A (p.Arg294Gln),"Nov 01, 2024",combined_external,C:\Users\Wesley Capucho\Documents\IA dos números primos\data\raw\multigene\f9\f9_combined_external.tsv,GRCh38,X,139561566,139561566,na,na,139561566,G,A,137852249,True,X-139561566-G-A,,,,False,,False,0.0570102775363551,urn:mavedb:00001200-d-1,F9 MultiSTEP F9 Gla domain scores,True,True,True,True,False,coordinate_mavedb_complete_gnomad_missing,False,,,,,,
F9,p.Arg294Leu,Pathogenic,"criteria provided, single submitter",2138741,NM_000133.4(F9):c.881G>T (p.Arg294Leu),"Mar 28, 2022",training,C:\Users\Wesley Capucho\Documents\IA dos números primos\data\raw\multigene\f9\f9_clinvar_training.tsv,GRCh38,X,139561566,139561566,na,na,139561566,G,T,137852249,True,X-139561566-G-T,,,,False,,False,0.0072527047192479,urn:mavedb:00001200-d-1,F9 MultiSTEP F9 Gla domain scores,True,True,True,True,False,coordinate_mavedb_complete_gnomad_missing,False,,,,,,
F9,p.Arg379Gln,Pathogenic,"criteria provided, multiple submitters, no conflicts",10613,NM_000133.4(F9):c.1136G>A (p.Arg379Gln),"Nov 21, 2024",combined_external,C:\Users\Wesley Capucho\Documents\IA dos números primos\data\raw\multigene\f9\f9_combined_external.tsv,GRCh38,X,139561821,139561821,na,na,139561821,G,A,137852259,True,X-139561821-G-A,,,,False,,False,1.053306317400008,urn:mavedb:00001200-d-1,F9 MultiSTEP F9 Gla domain scores,True,True,True,True,False,coordinate_mavedb_complete_gnomad_missing,False,,,,,,
F9,p.Arg379Leu,Pathogenic,"criteria provided, single submitter",4783891,NM_000133.4(F9):c.1136G>T (p.Arg379Leu),"Mar 30, 2025",training,C:\Users\Wesley Capucho\Documents\IA dos números primos\data\raw\multigene\f9\f9_clinvar_training.tsv,GRCh38,X,139561821,139561821,na,na,139561821,G,T,-1,True,X-139561821-G-T,,,,False,,False,1.0643921814435062,urn:mavedb:00001200-d-1,F9 MultiSTEP F9 Gla domain scores,True,True,True,True,False,coordinate_mavedb_complete_gnomad_missing,False,,,,,,
F9,p.Arg384Leu,Pathogenic,no assertion criteria provided,10668,NM_000133.4(F9):c.1151G>T (p.Arg384Leu),"Oct 22, 2009",training,C:\Users\Wesley Capucho\Documents\IA dos números primos\data\raw\multigene\f9\f9_clinvar_training.tsv,GRCh38,X,139561836,139561836,na,na,139561836,G,T,137852283,True,X-139561836-G-T,,,,False,,False,0.915564746657142,urn:mavedb:00001200-d-1,F9 MultiSTEP F9 Gla domain scores,True,True,True,True,False,coordinate_mavedb_complete_gnomad_missing,False,,,,,,
F9,p.Arg384Pro,Pathogenic,no assertion criteria provided,10660,NM_000133.4(F9):c.1151G>C (p.Arg384Pro),"Aug 04, 2016",training,C:\Users\Wesley Capucho\Documents\IA dos números primos\data\raw\multigene\f9\f9_clinvar_training.tsv,GRCh38,X,139561836,139561836,na,na,139561836,G,C,137852283,True,X-139561836-G-C,,,,False,,False,0.852812671362984,urn:mavedb:00001200-d-1,F9 MultiSTEP F9 Gla domain scores,True,True,True,True,False,coordinate_mavedb_complete_gnomad_missing,False,,,,,,
F9,p.Arg3Cys,Benign,"criteria provided, single submitter",765903,NM_000133.4(F9):c.7C>T (p.Arg3Cys),"Jan 13, 2026",training,C:\Users\Wesley Capucho\Documents\IA dos números primos\data\raw\multigene\f9\f9_clinvar_training.tsv,GRCh38,X,139530771,139530771,na,na,139530771,C,T,766259893,True,X-139530771-C-T,,,,False,,False,1.053567041303959,urn:mavedb:00001200-d-1,F9 MultiSTEP F9 Gla domain scores,True,True,True,True,False,coordinate_mavedb_complete_gnomad_missing,False,,,,,,
F9,p.Arg3His,Benign,reviewed by expert panel,695909,NM_000133.4(F9):c.8G>A (p.Arg3His),"Feb 09, 2024",combined_external,C:\Users\Wesley Capucho\Documents\IA dos números primos\data\raw\multigene\f9\f9_combined_external.tsv,GRCh38,X,139530772,139530772,na,na,139530772,G,A,148060786,True,X-139530772-G-A,,,,False,,False,0.9984466091759258,urn:mavedb:00001200-d-1,F9 MultiSTEP F9 Gla domain scores,True,True,True,True,False,coordinate_mavedb_complete_gnomad_missing,False,,,,,,
F9,p.Arg3Ser,Likely benign,"criteria provided, single submitter",2929110,NM_000133.4(F9):c.7C>A (p.Arg3Ser),"Jun 09, 2023",training,C:\Users\Wesley Capucho\Documents\IA dos números primos\data\raw\multigene\f9\f9_clinvar_training.tsv,GRCh38,X,139530771,139530771,na,na,139530771,C,A,766259893,True,X-139530771-C-A,,,,False,,False,1.0162794791695728,urn:mavedb:00001200-d-1,F9 MultiSTEP F9 Gla domain scores,True,True,True,True,False,coordinate_mavedb_complete_gnomad_missing,False,,,,,,
F9,p.Arg43Gln,Pathogenic,"criteria provided, multiple submitters, no conflicts",810864,NM_000133.4(F9):c.128G>A (p.Arg43Gln),"Nov 13, 2024",combined_external,C:\Users\Wesley Capucho\Documents\IA dos números primos\data\raw\multigene\f9\f9_combined_external.tsv,GRCh38,X,139537049,139537049,na,na,139537049,G,A,1275708479,True,X-139537049-G-A,,,,False,,False,0.0372145619068667,urn:mavedb:00001200-d-1,F9 MultiSTEP F9 Gla domain scores,True,True,True,True,False,coordinate_mavedb_complete_gnomad_missing,False,,,,,,
F9,p.Arg43Leu,Pathogenic,"criteria provided, single submitter",993549,NM_000133.4(F9):c.128G>T (p.Arg43Leu),"Jul 24, 2019",training,C:\Users\Wesley Capucho\Documents\IA dos números primos\data\raw\multigene\f9\f9_clinvar_training.tsv,GRCh38,X,139537049,139537049,na,na,139537049,G,T,1275708479,True,X-139537049-G-T,,,,False,,False,0.0489739232265614,urn:mavedb:00001200-d-1,F9 MultiSTEP F9 Gla domain scores,True,True,True,True,False,coordinate_mavedb_complete_gnomad_missing,False,,,,,,
F9,p.Arg43Trp,Pathogenic,"criteria provided, multiple submitters, no conflicts",811505,NM_000133.4(F9):c.127C>T (p.Arg43Trp),"May 02, 2023",combined_external,C:\Users\Wesley Capucho\Documents\IA dos números primos\data\raw\multigene\f9\f9_combined_external.tsv,GRCh38,X,139537048,139537048,na,na,139537048,C,T,1603264205,True,X-139537048-C-T,,,,False,,False,,urn:mavedb:00001200-d-1,F9 MultiSTEP F9 Gla domain scores,False,False,True,True,False,coordinate_ready_annotation_missing,False,,,,,,
F9,p.Arg46Ser,Pathogenic,no assertion criteria provided,10565,NM_000133.4(F9):c.138G>Y (p.Arg46Ser),"Aug 01, 1986",training,C:\Users\Wesley Capucho\Documents\IA dos números primos\data\raw\multigene\f9\f9_clinvar_training.tsv,GRCh38,X,139537059,139537059,na,na,139537059,G,Y,2520744315,True,X-139537059-G-Y,,,,False,,False,0.043709543396948,urn:mavedb:00001200-d-1,F9 MultiSTEP F9 Gla domain scores,True,True,True,True,False,coordinate_mavedb_complete_gnomad_missing,False,,,,,,
F9,p.Arg75Gln,Pathogenic,reviewed by expert panel,10573,NM_000133.4(F9):c.224G>A (p.Arg75Gln),"Oct 11, 2024",combined_external,C:\Users\Wesley Capucho\Documents\IA dos números primos\data\raw\multigene\f9\f9_combined_external.tsv,GRCh38,X,139537145,139537145,na,na,139537145,G,A,137852228,True,X-139537145-G-A,,,,False,,False,0.8265238286063324,urn:mavedb:00001200-d-1,F9 MultiSTEP F9 Gla domain scores,True,True,True,True,False,coordinate_mavedb_complete_gnomad_missing,False,,,,,,
F9,p.Asn138His,Pathogenic,"criteria provided, single submitter",2138737,NM_000133.4(F9):c.412A>C (p.Asn138His),"May 24, 2022",training,C:\Users\Wesley Capucho\Documents\IA dos números primos\data\raw\multigene\f9\f9_clinvar_training.tsv,GRCh38,X,139548383,139548383,na,na,139548383,A,C,2520790255,True,X-139548383-A-C,,,,False,,False,0.8472011836484024,urn:mavedb:00001200-d-1,F9 MultiSTEP F9 Gla domain scores,True,True,True,True,False,coordinate_mavedb_complete_gnomad_missing,False,,,,,,
F9,p.Asn166Tyr,Pathogenic,no assertion criteria provided,10582,NM_000133.4(F9):c.496A>T (p.Asn166Tyr),"Apr 01, 1989",training,C:\Users\Wesley Capucho\Documents\IA dos números primos\data\raw\multigene\f9\f9_clinvar_training.tsv,GRCh38,X,139548467,139548467,na,na,139548467,A,T,137852236,True,X-139548467-A-T,,,,False,,False,0.1024631778626351,urn:mavedb:00001200-d-1,F9 MultiSTEP F9 Gla domain scores,True,True,True,True,False,coordinate_mavedb_complete_gnomad_missing,False,,,,,,
F9,p.Asn306Ser,Likely pathogenic,"criteria provided, single submitter",10604,NM_000133.4(F9):c.917A>G (p.Asn306Ser),"Jul 22, 2024",training,C:\Users\Wesley Capucho\Documents\IA dos números primos\data\raw\multigene\f9\f9_clinvar_training.tsv,GRCh38,X,139561602,139561602,na,na,139561602,A,G,137852251,True,X-139561602-A-G,,,,False,,False,0.5514024847166168,urn:mavedb:00001200-d-1,F9 MultiSTEP F9 Gla domain scores,True,True,True,True,False,coordinate_mavedb_complete_gnomad_missing,False,,,,,,
F9,p.Asn36Asp,Likely benign,"criteria provided, single submitter",1078704,NM_000133.4(F9):c.106A>G (p.Asn36Asp),"Jul 03, 2024",training,C:\Users\Wesley Capucho\Documents\IA dos números primos\data\raw\multigene\f9\f9_clinvar_training.tsv,GRCh38,X,139537027,139537027,na,na,139537027,A,G,1169714103,True,X-139537027-A-G,,,,False,,False,1.0710715796124228,urn:mavedb:00001200-d-1,F9 MultiSTEP F9 Gla domain scores,True,True,True,True,False,coordinate_mavedb_complete_gnomad_missing,False,,,,,,
F9,p.Asn392Asp,Pathogenic/Likely pathogenic,"criteria provided, multiple submitters, no conflicts",810869,NM_000133.4(F9):c.1174A>G (p.Asn392Asp),"Dec 03, 2025",combined_external,C:\Users\Wesley Capucho\Documents\IA dos números primos\data\raw\multigene\f9\f9_combined_external.tsv,GRCh38,X,139561859,139561859,na,na,139561859,A,G,1603267412,True,X-139561859-A-G,,,,False,,False,,urn:mavedb:00001200-d-1,F9 MultiSTEP F9 Gla domain scores,False,False,True,True,False,coordinate_ready_annotation_missing,False,,,,,,
F9,p.Asn48Asp,Pathogenic,"criteria provided, single submitter",2925690,NM_000133.4(F9):c.142A>G (p.Asn48Asp),"Mar 22, 2023",training,C:\Users\Wesley Capucho\Documents\IA dos números primos\data\raw\multigene\f9\f9_clinvar_training.tsv,GRCh38,X,139537063,139537063,na,na,139537063,A,G,1927493197,True,X-139537063-A-G,,,,False,,False,0.1847614083957912,urn:mavedb:00001200-d-1,F9 MultiSTEP F9 Gla domain scores,True,True,True,True,False,coordinate_mavedb_complete_gnomad_missing,False,,,,,,
F9,p.Asn48Tyr,Pathogenic,no assertion criteria provided,973812,NM_000133.4(F9):c.142A>T (p.Asn48Tyr),"Jun 01, 2019",training,C:\Users\Wesley Capucho\Documents\IA dos números primos\data\raw\multigene\f9\f9_clinvar_training.tsv,GRCh38,X,139537063,139537063,na,na,139537063,A,T,1927493197,True,X-139537063-A-T,,,,False,,False,0.0234810097543334,urn:mavedb:00001200-d-1,F9 MultiSTEP F9 Gla domain scores,True,True,True,True,False,coordinate_mavedb_complete_gnomad_missing,False,,,,,,
F9,p.Asn59Lys,Likely benign,"criteria provided, single submitter",994375,NM_000133.4(F9):c.177C>A (p.Asn59Lys),"Sep 07, 2021",training,C:\Users\Wesley Capucho\Documents\IA dos números primos\data\raw\multigene\f9\f9_clinvar_training.tsv,GRCh38,X,139537098,139537098,na,na,139537098,C,A,139089559,True,X-139537098-C-A,,,,False,,False,0.2433596455021441,urn:mavedb:00001200-d-1,F9 MultiSTEP F9 Gla domain scores,True,True,True,True,False,coordinate_mavedb_complete_gnomad_missing,False,,,,,,
F9,p.Asp110Asn,Pathogenic,no assertion criteria provided,10643,NM_000133.4(F9):c.328G>A (p.Asp110Asn),"Oct 09, 2017",training,C:\Users\Wesley Capucho\Documents\IA dos números primos\data\raw\multigene\f9\f9_clinvar_training.tsv,GRCh38,X,139541126,139541126,na,na,139541126,G,A,137852274,True,X-139541126-G-A,,,,False,,False,1.051387770684173,urn:mavedb:00001200-d-1,F9 MultiSTEP F9 Gla domain scores,True,True,True,True,False,coordinate_mavedb_complete_gnomad_missing,False,,,,,,
F9,p.Asp110Gly,Pathogenic,no assertion criteria provided,10580,NM_000133.4(F9):c.329A>G (p.Asp110Gly),"Apr 01, 1989",training,C:\Users\Wesley Capucho\Documents\IA dos números primos\data\raw\multigene\f9\f9_clinvar_training.tsv,GRCh38,X,139541127,139541127,na,na,139541127,A,G,137852234,True,X-139541127-A-G,,,,False,,False,1.0137861421952827,urn:mavedb:00001200-d-1,F9 MultiSTEP F9 Gla domain scores,True,True,True,True,False,coordinate_mavedb_complete_gnomad_missing,False,,,,,,
F9,p.Asp315Glu,Likely pathogenic,"criteria provided, single submitter",4783890,NM_000133.4(F9):c.945C>A (p.Asp315Glu),"Feb 06, 2025",training,C:\Users\Wesley Capucho\Documents\IA dos números primos\data\raw\multigene\f9\f9_clinvar_training.tsv,GRCh38,X,139561630,139561630,na,na,139561630,C,A,-1,True,X-139561630-C-A,,,,False,,False,0.0971490265263392,urn:mavedb:00001200-d-1,F9 MultiSTEP F9 Gla domain scores,True,True,True,True,False,coordinate_mavedb_complete_gnomad_missing,False,,,,,,
F9,p.Asp315Gly,Pathogenic,"criteria provided, single submitter",2925695,NM_000133.4(F9):c.944A>G (p.Asp315Gly),"Aug 25, 2023",training,C:\Users\Wesley Capucho\Documents\IA dos números primos\data\raw\multigene\f9\f9_clinvar_training.tsv,GRCh38,X,139561629,139561629,na,na,139561629,A,G,1928107434,True,X-139561629-A-G,,,,False,,False,0.1626222493020859,urn:mavedb:00001200-d-1,F9 MultiSTEP F9 Gla domain scores,True,True,True,True,False,coordinate_mavedb_complete_gnomad_missing,False,,,,,,
F9,p.Asp405Val,Likely pathogenic,"criteria provided, single submitter",2429487,NM_000133.4(F9):c.1214A>T (p.Asp405Val),"Feb 13, 2023",training,C:\Users\Wesley Capucho\Documents\IA dos números primos\data\raw\multigene\f9\f9_clinvar_training.tsv,GRCh38,X,139561899,139561899,na,na,139561899,A,T,1928123737,True,X-139561899-A-T,,,,False,,False,0.718061821679699,urn:mavedb:00001200-d-1,F9 MultiSTEP F9 Gla domain scores,True,True,True,True,False,coordinate_mavedb_complete_gnomad_missing,False,,,,,,
F9,p.Asp410His,Pathogenic,no assertion criteria provided,10651,NM_000133.4(F9):c.1228G>C (p.Asp410His),"Mar 01, 1992",training,C:\Users\Wesley Capucho\Documents\IA dos números primos\data\raw\multigene\f9\f9_clinvar_training.tsv,GRCh38,X,139561913,139561913,na,na,139561913,G,C,137852278,True,X-139561913-G-C,,,,False,,False,1.0852044630902586,urn:mavedb:00001200-d-1,F9 MultiSTEP F9 Gla domain scores,True,True,True,True,False,coordinate_mavedb_complete_gnomad_missing,False,,,,,,
F9,p.Asp410Val,Likely pathogenic,"criteria provided, single submitter",994026,NM_000133.4(F9):c.1229A>T (p.Asp410Val),"Jul 24, 2019",training,C:\Users\Wesley Capucho\Documents\IA dos números primos\data\raw\multigene\f9\f9_clinvar_training.tsv,GRCh38,X,139561914,139561914,na,na,139561914,A,T,1928125452,True,X-139561914-A-T,,,,False,,False,1.0262411104736304,urn:mavedb:00001200-d-1,F9 MultiSTEP F9 Gla domain scores,True,True,True,True,False,coordinate_mavedb_complete_gnomad_missing,False,,,,,,
F9,p.Asp93Asn,Pathogenic,reviewed by expert panel,994410,NM_000133.4(F9):c.277G>A (p.Asp93Asn),"May 02, 2025",combined_external,C:\Users\Wesley Capucho\Documents\IA dos números primos\data\raw\multigene\f9\f9_combined_external.tsv,GRCh38,X,139537386,139537386,na,na,139537386,G,A,1286009187,True,X-139537386-G-A,,,,False,,False,1.0469489040748805,urn:mavedb:00001200-d-1,F9 MultiSTEP F9 Gla domain scores,True,True,True,True,False,coordinate_mavedb_complete_gnomad_missing,False,,,,,,
F9,p.Asp93Gly,Pathogenic,no assertion criteria provided,10576,NM_000133.4(F9):c.278A>G (p.Asp93Gly),"Jun 25, 1990",training,C:\Users\Wesley Capucho\Documents\IA dos números primos\data\raw\multigene\f9\f9_clinvar_training.tsv,GRCh38,X,139541076,139541076,na,na,139541076,A,G,137852230,True,X-139541076-A-G,,,,False,,False,1.0400532735950854,urn:mavedb:00001200-d-1,F9 MultiSTEP F9 Gla domain scores,True,True,True,True,False,coordinate_mavedb_complete_gnomad_missing,False,,,,,,
F9,p.Asp95Ala,Likely pathogenic,no assertion criteria provided,973816,NM_000133.4(F9):c.284A>C (p.Asp95Ala),"Jun 01, 2019",training,C:\Users\Wesley Capucho\Documents\IA dos números primos\data\raw\multigene\f9\f9_clinvar_training.tsv,GRCh38,X,139541082,139541082,na,na,139541082,A,C,1927589695,True,X-139541082-A-C,,,,False,,False,0.9966484651004024,urn:mavedb:00001200-d-1,F9 MultiSTEP F9 Gla domain scores,True,True,True,True,False,coordinate_mavedb_complete_gnomad_missing,False,,,,,,
F9,p.Asp95Val,Likely pathogenic,no assertion criteria provided,1684373,NM_000133.4(F9):c.284A>T (p.Asp95Val),-,training,C:\Users\Wesley Capucho\Documents\IA dos números primos\data\raw\multigene\f9\f9_clinvar_training.tsv,GRCh38,X,139541082,139541082,na,na,139541082,A,T,1927589695,True,X-139541082-A-T,,,,False,,False,0.8563220595279766,urn:mavedb:00001200-d-1,F9 MultiSTEP F9 Gla domain scores,True,True,True,True,False,coordinate_mavedb_complete_gnomad_missing,False,,,,,,
F9,p.Cys102Arg,Pathogenic,"criteria provided, multiple submitters, no conflicts",811522,NM_000133.4(F9):c.304T>C (p.Cys102Arg),"Feb 16, 2025",combined_external,C:\Users\Wesley Capucho\Documents\IA dos números primos\data\raw\multigene\f9\f9_combined_external.tsv,GRCh38,X,139541102,139541102,na,na,139541102,T,C,1603264719,True,X-139541102-T-C,,,,False,,False,0.0611714163656705,urn:mavedb:00001200-d-1,F9 MultiSTEP F9 Gla domain scores,True,True,True,True,False,coordinate_mavedb_complete_gnomad_missing,False,,,,,,
F9,p.Cys119Tyr,Pathogenic,"criteria provided, single submitter",2138736,NM_000133.4(F9):c.356G>A (p.Cys119Tyr),"Sep 16, 2022",training,C:\Users\Wesley Capucho\Documents\IA dos números primos\data\raw\multigene\f9\f9_clinvar_training.tsv,GRCh38,X,139541154,139541154,na,na,139541154,G,A,1349887620,True,X-139541154-G-A,,,,False,,False,0.0843077771533435,urn:mavedb:00001200-d-1,F9 MultiSTEP F9 Gla domain scores,True,True,True,True,False,coordinate_mavedb_complete_gnomad_missing,False,,,,,,
F9,p.Cys128Arg,Likely pathogenic,"criteria provided, single submitter",2131311,NM_000133.4(F9):c.382T>C (p.Cys128Arg),"Oct 23, 2025",training,C:\Users\Wesley Capucho\Documents\IA dos números primos\data\raw\multigene\f9\f9_clinvar_training.tsv,GRCh38,X,139541180,139541180,na,na,139541180,T,C,2520763530,True,X-139541180-T-C,,,,False,,False,0.1590516662447579,urn:mavedb:00001200-d-1,F9 MultiSTEP F9 Gla domain scores,True,True,True,True,False,coordinate_mavedb_complete_gnomad_missing,False,,,,,,
F9,p.Cys134Ser,Pathogenic,no assertion criteria provided,973818,NM_000133.4(F9):c.401G>C (p.Cys134Ser),"Jun 01, 2019",training,C:\Users\Wesley Capucho\Documents\IA dos números primos\data\raw\multigene\f9\f9_clinvar_training.tsv,GRCh38,X,139548372,139548372,na,na,139548372,G,C,1927764839,True,X-139548372-G-C,,,,False,,False,0.287122221128485,urn:mavedb:00001200-d-1,F9 MultiSTEP F9 Gla domain scores,True,True,True,True,False,coordinate_mavedb_complete_gnomad_missing,False,,,,,,
F9,p.Cys141Tyr,Pathogenic,"criteria provided, single submitter",811510,NM_000133.4(F9):c.422G>A (p.Cys141Tyr),"Jul 10, 2018",training,C:\Users\Wesley Capucho\Documents\IA dos números primos\data\raw\multigene\f9\f9_clinvar_training.tsv,GRCh38,X,139548393,139548393,na,na,139548393,G,A,1351675410,True,X-139548393-G-A,,,,False,,False,0.0103939584242249,urn:mavedb:00001200-d-1,F9 MultiSTEP F9 Gla domain scores,True,True,True,True,False,coordinate_mavedb_complete_gnomad_missing,False,,,,,,
F9,p.Cys155Ser,Likely pathogenic,"criteria provided, single submitter",2637194,NM_000133.4(F9):c.464G>C (p.Cys155Ser),"Sep 27, 2022",training,C:\Users\Wesley Capucho\Documents\IA dos números primos\data\raw\multigene\f9\f9_clinvar_training.tsv,GRCh38,X,139548435,139548435,na,na,139548435,G,C,1330705989,True,X-139548435-G-C,,,,False,,False,0.0104585853112797,urn:mavedb:00001200-d-1,F9 MultiSTEP F9 Gla domain scores,True,True,True,True,False,coordinate_mavedb_complete_gnomad_missing,False,,,,,,
F9,p.Cys157Tyr,Pathogenic,"criteria provided, single submitter",4688845,NM_000133.4(F9):c.470G>A (p.Cys157Tyr),"Dec 24, 2025",training,C:\Users\Wesley Capucho\Documents\IA dos números primos\data\raw\multigene\f9\f9_clinvar_training.tsv,GRCh38,X,139548441,139548441,na,na,139548441,G,A,-1,True,X-139548441-G-A,,,,False,,False,0.0214854569190534,urn:mavedb:00001200-d-1,F9 MultiSTEP F9 Gla domain scores,True,True,True,True,False,coordinate_mavedb_complete_gnomad_missing,False,,,,,,
F9,p.Cys170Tyr,Pathogenic,"criteria provided, single submitter",811517,NM_000133.4(F9):c.509G>A (p.Cys170Tyr),"Jun 28, 2019",training,C:\Users\Wesley Capucho\Documents\IA dos números primos\data\raw\multigene\f9\f9_clinvar_training.tsv,GRCh38,X,139548480,139548480,na,na,139548480,G,A,1603265500,True,X-139548480-G-A,,,,False,,False,0.0190397007102562,urn:mavedb:00001200-d-1,F9 MultiSTEP F9 Gla domain scores,True,True,True,True,False,coordinate_mavedb_complete_gnomad_missing,False,,,,,,
F9,p.Cys178Arg,Pathogenic,"criteria provided, single submitter",1459950,NM_000133.4(F9):c.532T>C (p.Cys178Arg),"Feb 07, 2021",training,C:\Users\Wesley Capucho\Documents\IA dos números primos\data\raw\multigene\f9\f9_clinvar_training.tsv,GRCh38,X,139551073,139551073,na,na,139551073,T,C,2148362390,True,X-139551073-T-C,,,,False,,False,-0.0018050015656542,urn:mavedb:00001200-d-1,F9 MultiSTEP F9 Gla domain scores,True,True,True,True,False,coordinate_mavedb_complete_gnomad_missing,False,,,,,,
F9,p.Cys178Phe,Pathogenic,"criteria provided, single submitter",811518,NM_000133.4(F9):c.533G>T (p.Cys178Phe),"May 26, 2019",training,C:\Users\Wesley Capucho\Documents\IA dos números primos\data\raw\multigene\f9\f9_clinvar_training.tsv,GRCh38,X,139551074,139551074,na,na,139551074,G,T,1603265779,True,X-139551074-G-T,,,,False,,False,0.027478519932592,urn:mavedb:00001200-d-1,F9 MultiSTEP F9 Gla domain scores,True,True,True,True,False,coordinate_mavedb_complete_gnomad_missing,False,,,,,,
F9,p.Cys178Tyr,Pathogenic,"criteria provided, single submitter",4537255,NM_000133.4(F9):c.533G>A (p.Cys178Tyr),"Nov 28, 2025",training,C:\Users\Wesley Capucho\Documents\IA dos números primos\data\raw\multigene\f9\f9_clinvar_training.tsv,GRCh38,X,139551074,139551074,na,na,139551074,G,A,-1,True,X-139551074-G-A,,,,False,,False,-0.0173022476660004,urn:mavedb:00001200-d-1,F9 MultiSTEP F9 Gla domain scores,True,True,True,True,False,coordinate_mavedb_complete_gnomad_missing,False,,,,,,
F9,p.Cys18Arg,Pathogenic,no assertion criteria provided,10568,NM_000133.4(F9):c.52T>C (p.Cys18Arg),"Oct 09, 2017",training,C:\Users\Wesley Capucho\Documents\IA dos números primos\data\raw\multigene\f9\f9_clinvar_training.tsv,GRCh38,X,139530816,139530816,na,na,139530816,T,C,387906474,True,X-139530816-T-C,,,,False,,False,0.3733487890974445,urn:mavedb:00001200-d-1,F9 MultiSTEP F9 Gla domain scores,True,True,True,True,False,coordinate_mavedb_complete_gnomad_missing,False,,,,,,
F9,p.Cys252Ser,Pathogenic,no assertion criteria provided,10666,NM_000133.4(F9):c.755G>C (p.Cys252Ser),"Jun 01, 2003",training,C:\Users\Wesley Capucho\Documents\IA dos números primos\data\raw\multigene\f9\f9_clinvar_training.tsv,GRCh38,X,139560772,139560772,na,na,139560772,G,C,267606792,True,X-139560772-G-C,,,,False,,False,0.0150743860762893,urn:mavedb:00001200-d-1,F9 MultiSTEP F9 Gla domain scores,True,True,True,True,False,coordinate_mavedb_complete_gnomad_missing,False,,,,,,
F9,p.Cys252Trp,Likely pathogenic,no assertion criteria provided,375453,NM_000133.4(F9):c.756T>G (p.Cys252Trp),"Dec 17, 2016",training,C:\Users\Wesley Capucho\Documents\IA dos números primos\data\raw\multigene\f9\f9_clinvar_training.tsv,GRCh38,X,139560773,139560773,na,na,139560773,T,G,1556008316,True,X-139560773-T-G,,,,False,,False,0.0231389434890145,urn:mavedb:00001200-d-1,F9 MultiSTEP F9 Gla domain scores,True,True,True,True,False,coordinate_mavedb_complete_gnomad_missing,False,,,,,,
F9,p.Cys252Tyr,Pathogenic,"criteria provided, multiple submitters, no conflicts",2138739,NM_000133.4(F9):c.755G>A (p.Cys252Tyr),"Jul 15, 2025",combined_external,C:\Users\Wesley Capucho\Documents\IA dos números primos\data\raw\multigene\f9\f9_combined_external.tsv,GRCh38,X,139560772,139560772,na,na,139560772,G,A,267606792,True,X-139560772-G-A,,,,False,,False,0.0237475755775587,urn:mavedb:00001200-d-1,F9 MultiSTEP F9 Gla domain scores,True,True,True,True,False,coordinate_mavedb_complete_gnomad_missing,False,,,,,,
F9,p.Cys268Arg,Likely pathogenic,reviewed by expert panel,4686603,NM_000133.4(F9):c.802T>C (p.Cys268Arg),"Oct 03, 2025",combined_external,C:\Users\Wesley Capucho\Documents\IA dos números primos\data\raw\multigene\f9\f9_combined_external.tsv,GRCh38,X,139560819,139560819,na,na,139560819,T,C,-1,True,X-139560819-T-C,,,,False,,False,-0.0051094299087147,urn:mavedb:00001200-d-1,F9 MultiSTEP F9 Gla domain scores,True,True,True,True,False,coordinate_mavedb_complete_gnomad_missing,False,,,,,,
F9,p.Cys268Gly,Likely pathogenic,reviewed by expert panel,4686604,NM_000133.4(F9):c.802T>G (p.Cys268Gly),"Oct 03, 2025",combined_external,C:\Users\Wesley Capucho\Documents\IA dos números primos\data\raw\multigene\f9\f9_combined_external.tsv,GRCh38,X,139560819,139560819,na,na,139560819,T,G,-1,True,X-139560819-T-G,,,,False,,False,-0.0060137212849542,urn:mavedb:00001200-d-1,F9 MultiSTEP F9 Gla domain scores,True,True,True,True,False,coordinate_mavedb_complete_gnomad_missing,False,,,,,,
F9,p.Cys268Ser,Likely pathogenic,reviewed by expert panel,627143,NM_000133.4(F9):c.802T>A (p.Cys268Ser),"Dec 06, 2024",combined_external,C:\Users\Wesley Capucho\Documents\IA dos números primos\data\raw\multigene\f9\f9_combined_external.tsv,GRCh38,X,139560819,139560819,na,na,139560819,T,A,1603267194,True,X-139560819-T-A,,,,False,,False,0.0145308470236997,urn:mavedb:00001200-d-1,F9 MultiSTEP F9 Gla domain scores,True,True,True,True,False,coordinate_mavedb_complete_gnomad_missing,False,,,,,,
F9,p.Cys268Tyr,Pathogenic,reviewed by expert panel,4686605,NM_000133.4(F9):c.803G>A (p.Cys268Tyr),"Oct 03, 2025",combined_external,C:\Users\Wesley Capucho\Documents\IA dos números primos\data\raw\multigene\f9\f9_combined_external.tsv,GRCh38,X,139560820,139560820,na,na,139560820,G,A,-1,True,X-139560820-G-A,,,,False,,False,0.0118377129400035,urn:mavedb:00001200-d-1,F9 MultiSTEP F9 Gla domain scores,True,True,True,True,False,coordinate_mavedb_complete_gnomad_missing,False,,,,,,
F9,p.Cys28Arg,Pathogenic,"criteria provided, single submitter",10657,NM_000133.4(F9):c.82T>C (p.Cys28Arg),"Feb 02, 2021",training,C:\Users\Wesley Capucho\Documents\IA dos números primos\data\raw\multigene\f9\f9_clinvar_training.tsv,GRCh38,X,139530846,139530846,na,na,139530846,T,C,387906481,True,X-139530846-T-C,,,,False,,False,0.2435717878896782,urn:mavedb:00001200-d-1,F9 MultiSTEP F9 Gla domain scores,True,True,True,True,False,coordinate_mavedb_complete_gnomad_missing,False,,,,,,
F9,p.Cys335Phe,Likely pathogenic,"criteria provided, single submitter",2691657,NM_000133.4(F9):c.1004G>T (p.Cys335Phe),"Dec 13, 2023",training,C:\Users\Wesley Capucho\Documents\IA dos números primos\data\raw\multigene\f9\f9_clinvar_training.tsv,GRCh38,X,139561689,139561689,na,na,139561689,G,T,2520844630,True,X-139561689-G-T,,,,False,,False,-0.0139978061189527,urn:mavedb:00001200-d-1,F9 MultiSTEP F9 Gla domain scores,True,True,True,True,False,coordinate_mavedb_complete_gnomad_missing,False,,,,,,
F9,p.Cys335Trp,Likely pathogenic,no assertion criteria provided,973811,NM_000133.4(F9):c.1005C>G (p.Cys335Trp),"Jun 01, 2019",training,C:\Users\Wesley Capucho\Documents\IA dos números primos\data\raw\multigene\f9\f9_clinvar_training.tsv,GRCh38,X,139561690,139561690,na,na,139561690,C,G,1928110579,True,X-139561690-C-G,,,,False,,False,0.0050127773702342,urn:mavedb:00001200-d-1,F9 MultiSTEP F9 Gla domain scores,True,True,True,True,False,coordinate_mavedb_complete_gnomad_missing,False,,,,,,
F9,p.Cys335Tyr,Likely pathogenic,"criteria provided, single submitter",2444124,NM_000133.4(F9):c.1004G>A (p.Cys335Tyr),"Feb 23, 2023",training,C:\Users\Wesley Capucho\Documents\IA dos números primos\data\raw\multigene\f9\f9_clinvar_training.tsv,GRCh38,X,139561689,139561689,na,na,139561689,G,A,2520844630,True,X-139561689-G-A,,,,False,,False,0.0028023433363871,urn:mavedb:00001200-d-1,F9 MultiSTEP F9 Gla domain scores,True,True,True,True,False,coordinate_mavedb_complete_gnomad_missing,False,,,,,,
F9,p.Cys382Arg,Pathogenic,"criteria provided, single submitter",10614,NM_000133.4(F9):c.1144T>C (p.Cys382Arg),"May 02, 2023",training,C:\Users\Wesley Capucho\Documents\IA dos números primos\data\raw\multigene\f9\f9_clinvar_training.tsv,GRCh38,X,139561829,139561829,na,na,139561829,T,C,137852260,True,X-139561829-T-C,,,,False,,False,0.1473823751752251,urn:mavedb:00001200-d-1,F9 MultiSTEP F9 Gla domain scores,True,True,True,True,False,coordinate_mavedb_complete_gnomad_missing,False,,,,,,
F9,p.Cys382Ser,Likely pathogenic,"criteria provided, single submitter",116175,NM_000133.4(F9):c.1144T>A (p.Cys382Ser),"May 14, 2019",training,C:\Users\Wesley Capucho\Documents\IA dos números primos\data\raw\multigene\f9\f9_clinvar_training.tsv,GRCh38,X,139561829,139561829,na,na,139561829,T,A,137852260,True,X-139561829-T-A,,,,False,,False,0.0881983117235323,urn:mavedb:00001200-d-1,F9 MultiSTEP F9 Gla domain scores,True,True,True,True,False,coordinate_mavedb_complete_gnomad_missing,False,,,,,,
F9,p.Cys396Ser,Pathogenic,"criteria provided, single submitter",810871,NM_000133.4(F9):c.1186T>A (p.Cys396Ser),"Mar 18, 2019",training,C:\Users\Wesley Capucho\Documents\IA dos números primos\data\raw\multigene\f9\f9_clinvar_training.tsv,GRCh38,X,139561871,139561871,na,na,139561871,T,A,1603267420,True,X-139561871-T-A,,,,False,,False,0.038667062366221,urn:mavedb:00001200-d-1,F9 MultiSTEP F9 Gla domain scores,True,True,True,True,False,coordinate_mavedb_complete_gnomad_missing,False,,,,,,
F9,p.Cys396Tyr,Pathogenic,"criteria provided, single submitter",2138745,NM_000133.4(F9):c.1187G>A (p.Cys396Tyr),"Jan 04, 2022",training,C:\Users\Wesley Capucho\Documents\IA dos números primos\data\raw\multigene\f9\f9_clinvar_training.tsv,GRCh38,X,139561872,139561872,na,na,139561872,G,A,137852273,True,X-139561872-G-A,,,,False,,False,0.036368910955099,urn:mavedb:00001200-d-1,F9 MultiSTEP F9 Gla domain scores,True,True,True,True,False,coordinate_mavedb_complete_gnomad_missing,False,,,,,,
F9,p.Cys407Ser,Likely pathogenic,"criteria provided, single submitter",2925700,NM_000133.4(F9):c.1219T>A (p.Cys407Ser),"Jun 28, 2023",training,C:\Users\Wesley Capucho\Documents\IA dos números primos\data\raw\multigene\f9\f9_clinvar_training.tsv,GRCh38,X,139561904,139561904,na,na,139561904,T,A,1465724732,True,X-139561904-T-A,,,,False,,False,0.4423930169177558,urn:mavedb:00001200-d-1,F9 MultiSTEP F9 Gla domain scores,True,True,True,True,False,coordinate_mavedb_complete_gnomad_missing,False,,,,,,
F9,p.Cys435Gly,Likely pathogenic,reviewed by expert panel,3242385,NM_000133.4(F9):c.1303T>G (p.Cys435Gly),"May 09, 2024",combined_external,C:\Users\Wesley Capucho\Documents\IA dos números primos\data\raw\multigene\f9\f9_combined_external.tsv,GRCh38,X,139561988,139561988,na,na,139561988,T,G,2520848336,True,X-139561988-T-G,,,,False,,False,0.5298024009500916,urn:mavedb:00001200-d-1,F9 MultiSTEP F9 Gla domain scores,True,True,True,True,False,coordinate_mavedb_complete_gnomad_missing,False,,,,,,
F9,p.Cys435Tyr,Pathogenic,reviewed by expert panel,811512,NM_000133.4(F9):c.1304G>A (p.Cys435Tyr),"May 09, 2024",combined_external,C:\Users\Wesley Capucho\Documents\IA dos números primos\data\raw\multigene\f9\f9_combined_external.tsv,GRCh38,X,139561989,139561989,na,na,139561989,G,A,1385141619,True,X-139561989-G-A,,,,False,,False,0.2110879256088352,urn:mavedb:00001200-d-1,F9 MultiSTEP F9 Gla domain scores,True,True,True,True,False,coordinate_mavedb_complete_gnomad_missing,False,,,,,,
F9,p.Cys64Arg,Likely pathogenic,"criteria provided, multiple submitters, no conflicts",811523,NM_000133.4(F9):c.190T>C (p.Cys64Arg),"Apr 10, 2024",combined_external,C:\Users\Wesley Capucho\Documents\IA dos números primos\data\raw\multigene\f9\f9_combined_external.tsv,GRCh38,X,139537111,139537111,na,na,139537111,T,C,137852224,True,X-139537111-T-C,,,,False,,False,,urn:mavedb:00001200-d-1,F9 MultiSTEP F9 Gla domain scores,False,False,True,True,False,coordinate_ready_annotation_missing,False,,,,,,
F9,p.Cys64Tyr,Pathogenic,"criteria provided, single submitter",1076388,NM_000133.4(F9):c.191G>A (p.Cys64Tyr),"Aug 22, 2020",training,C:\Users\Wesley Capucho\Documents\IA dos números primos\data\raw\multigene\f9\f9_clinvar_training.tsv,GRCh38,X,139537112,139537112,na,na,139537112,G,A,1330779541,True,X-139537112-G-A,,,,False,,False,,urn:mavedb:00001200-d-1,F9 MultiSTEP F9 Gla domain scores,False,False,True,True,False,coordinate_ready_annotation_missing,False,,,,,,
F9,p.Cys69Ser,Likely pathogenic,"criteria provided, single submitter",1330991,NM_000133.4(F9):c.205T>A (p.Cys69Ser),"Apr 07, 2021",training,C:\Users\Wesley Capucho\Documents\IA dos números primos\data\raw\multigene\f9\f9_clinvar_training.tsv,GRCh38,X,139537126,139537126,na,na,139537126,T,A,2148356172,True,X-139537126-T-A,,,,False,,False,0.0114746450787161,urn:mavedb:00001200-d-1,F9 MultiSTEP F9 Gla domain scores,True,True,True,True,False,coordinate_mavedb_complete_gnomad_missing,False,,,,,,
F9,p.Cys69Tyr,Pathogenic,"criteria provided, single submitter",994405,NM_000133.4(F9):c.206G>A (p.Cys69Tyr),"Aug 29, 2019",training,C:\Users\Wesley Capucho\Documents\IA dos números primos\data\raw\multigene\f9\f9_clinvar_training.tsv,GRCh38,X,139537127,139537127,na,na,139537127,G,A,1927497998,True,X-139537127-G-A,,,,False,,False,-0.0171923213202047,urn:mavedb:00001200-d-1,F9 MultiSTEP F9 Gla domain scores,True,True,True,True,False,coordinate_mavedb_complete_gnomad_missing,False,,,,,,
F9,p.Gln167His,Pathogenic,"criteria provided, single submitter",4526076,NM_000133.4(F9):c.501G>T (p.Gln167His),"Jul 08, 2025",training,C:\Users\Wesley Capucho\Documents\IA dos números primos\data\raw\multigene\f9\f9_clinvar_training.tsv,GRCh38,X,139548472,139548472,na,na,139548472,G,T,-1,True,X-139548472-G-T,,,,False,,False,1.0358111779828167,urn:mavedb:00001200-d-1,F9 MultiSTEP F9 Gla domain scores,True,True,True,True,False,coordinate_mavedb_complete_gnomad_missing,False,,,,,,
F9,p.Gln237Leu,Pathogenic,no assertion criteria provided,10596,NM_000133.4(F9):c.710A>T (p.Gln237Leu),"Oct 09, 2017",training,C:\Users\Wesley Capucho\Documents\IA dos números primos\data\raw\multigene\f9\f9_clinvar_training.tsv,GRCh38,X,139551251,139551251,na,na,139551251,A,T,137852245,True,X-139551251-A-T,,,,False,,False,0.9075563778204316,urn:mavedb:00001200-d-1,F9 MultiSTEP F9 Gla domain scores,True,True,True,True,False,coordinate_mavedb_complete_gnomad_missing,False,,,,,,
F9,p.Gln241Arg,Likely pathogenic,"criteria provided, single submitter",3910035,NM_000133.4(F9):c.722A>G (p.Gln241Arg),"Feb 16, 2025",training,C:\Users\Wesley Capucho\Documents\IA dos números primos\data\raw\multigene\f9\f9_clinvar_training.tsv,GRCh38,X,139551263,139551263,na,na,139551263,A,G,-1,True,X-139551263-A-G,,,,False,,False,0.7643434752501372,urn:mavedb:00001200-d-1,F9 MultiSTEP F9 Gla domain scores,True,True,True,True,False,coordinate_mavedb_complete_gnomad_missing,False,,,,,,
F9,p.Gln96Pro,Likely pathogenic,"criteria provided, single submitter",10577,NM_000133.4(F9):c.287A>C (p.Gln96Pro),"May 08, 2024",training,C:\Users\Wesley Capucho\Documents\IA dos números primos\data\raw\multigene\f9\f9_clinvar_training.tsv,GRCh38,X,139541085,139541085,na,na,139541085,A,C,137852231,True,X-139541085-A-C,,,,False,,False,0.7990214285374099,urn:mavedb:00001200-d-1,F9 MultiSTEP F9 Gla domain scores,True,True,True,True,False,coordinate_mavedb_complete_gnomad_missing,False,,,,,,
F9,p.Glu291Val,Pathogenic,no assertion criteria provided,10652,NM_000133.4(F9):c.872A>T (p.Glu291Val),"Mar 01, 1992",training,C:\Users\Wesley Capucho\Documents\IA dos números primos\data\raw\multigene\f9\f9_clinvar_training.tsv,GRCh38,X,139561557,139561557,na,na,139561557,A,T,137852279,True,X-139561557-A-T,,,,False,,False,,urn:mavedb:00001200-d-1,F9 MultiSTEP F9 Gla domain scores,False,False,True,True,False,coordinate_ready_annotation_missing,False,,,,,,
F9,p.Glu320Gly,Likely pathogenic,"criteria provided, single submitter",2683975,NM_000133.4(F9):c.959A>G (p.Glu320Gly),"Aug 28, 2023",training,C:\Users\Wesley Capucho\Documents\IA dos números primos\data\raw\multigene\f9\f9_clinvar_training.tsv,GRCh38,X,139561644,139561644,na,na,139561644,A,G,2520844151,True,X-139561644-A-G,,,,False,,False,0.1981345412844057,urn:mavedb:00001200-d-1,F9 MultiSTEP F9 Gla domain scores,True,True,True,True,False,coordinate_mavedb_complete_gnomad_missing,False,,,,,,
F9,p.Glu323Lys,Benign/Likely benign,"criteria provided, multiple submitters, no conflicts",695891,NM_000133.4(F9):c.967G>A (p.Glu323Lys),"Jan 31, 2026",combined_external,C:\Users\Wesley Capucho\Documents\IA dos números primos\data\raw\multigene\f9\f9_combined_external.tsv,GRCh38,X,139561652,139561652,na,na,139561652,G,A,150351950,True,X-139561652-G-A,,,,False,,False,1.008291936357945,urn:mavedb:00001200-d-1,F9 MultiSTEP F9 Gla domain scores,True,True,True,True,False,coordinate_mavedb_complete_gnomad_missing,False,,,,,,
F9,p.Glu433Gly,Likely pathogenic,no assertion criteria provided,4067837,NM_000133.4(F9):c.1298A>G (p.Glu433Gly),"Jan 07, 2025",training,C:\Users\Wesley Capucho\Documents\IA dos números primos\data\raw\multigene\f9\f9_clinvar_training.tsv,GRCh38,X,139561983,139561983,na,na,139561983,A,G,-1,True,X-139561983-A-G,,,,False,,False,0.9828822329279304,urn:mavedb:00001200-d-1,F9 MultiSTEP F9 Gla domain scores,True,True,True,True,False,coordinate_mavedb_complete_gnomad_missing,False,,,,,,
F9,p.Glu54Lys,Pathogenic,"criteria provided, single submitter",3759686,NM_000133.4(F9):c.160G>A (p.Glu54Lys),"Apr 14, 2024",training,C:\Users\Wesley Capucho\Documents\IA dos números primos\data\raw\multigene\f9\f9_clinvar_training.tsv,GRCh38,X,139537081,139537081,na,na,139537081,G,A,-1,True,X-139537081-G-A,,,,False,,False,0.0160762094472913,urn:mavedb:00001200-d-1,F9 MultiSTEP F9 Gla domain scores,True,True,True,True,False,coordinate_mavedb_complete_gnomad_missing,False,,,,,,
F9,p.Glu54Val,Likely pathogenic,"criteria provided, single submitter",618117,NM_000133.4(F9):c.161A>T (p.Glu54Val),"Dec 11, 2017",training,C:\Users\Wesley Capucho\Documents\IA dos números primos\data\raw\multigene\f9\f9_clinvar_training.tsv,GRCh38,X,139537082,139537082,na,na,139537082,A,T,1569481966,True,X-139537082-A-T,,,,False,,False,0.0129022316852641,urn:mavedb:00001200-d-1,F9 MultiSTEP F9 Gla domain scores,True,True,True,True,False,coordinate_mavedb_complete_gnomad_missing,False,,,,,,
F9,p.Glu73Val,Pathogenic,no assertion criteria provided,10571,NM_000133.4(F9):c.218A>T (p.Glu73Val),"Feb 19, 1990",training,C:\Users\Wesley Capucho\Documents\IA dos números primos\data\raw\multigene\f9\f9_clinvar_training.tsv,GRCh38,X,139537139,139537139,na,na,139537139,A,T,137852226,True,X-139537139-A-T,,,,False,,False,0.0072364384169828,urn:mavedb:00001200-d-1,F9 MultiSTEP F9 Gla domain scores,True,True,True,True,False,coordinate_mavedb_complete_gnomad_missing,False,,,,,,
F9,p.Glu76Lys,Pathogenic,"criteria provided, single submitter",811519,NM_000133.4(F9):c.226G>A (p.Glu76Lys),"Dec 09, 2018",training,C:\Users\Wesley Capucho\Documents\IA dos números primos\data\raw\multigene\f9\f9_clinvar_training.tsv,GRCh38,X,139537147,139537147,na,na,139537147,G,A,1603264236,True,X-139537147-G-A,,,,False,,False,0.0888227745671083,urn:mavedb:00001200-d-1,F9 MultiSTEP F9 Gla domain scores,True,True,True,True,False,coordinate_mavedb_complete_gnomad_missing,False,,,,,,
F9,p.Glu79Asp,Pathogenic,no assertion criteria provided,10574,NM_000133.4(F9):c.237A>C (p.Glu79Asp),"Sep 01, 1989",training,C:\Users\Wesley Capucho\Documents\IA dos números primos\data\raw\multigene\f9\f9_clinvar_training.tsv,GRCh38,X,139537158,139537158,na,na,139537158,A,C,137852229,True,X-139537158-A-C,,,,False,,False,1.071385309115317,urn:mavedb:00001200-d-1,F9 MultiSTEP F9 Gla domain scores,True,True,True,True,False,coordinate_mavedb_complete_gnomad_missing,False,,,,,,
F9,p.Glu79Lys,Likely pathogenic,"criteria provided, multiple submitters, no conflicts",994019,NM_000133.4(F9):c.235G>A (p.Glu79Lys),"Jan 27, 2023",combined_external,C:\Users\Wesley Capucho\Documents\IA dos números primos\data\raw\multigene\f9\f9_combined_external.tsv,GRCh38,X,139537156,139537156,na,na,139537156,G,A,1927499978,True,X-139537156-G-A,,,,False,,False,0.8038845863206676,urn:mavedb:00001200-d-1,F9 MultiSTEP F9 Gla domain scores,True,True,True,True,False,coordinate_mavedb_complete_gnomad_missing,False,,,,,,
F9,p.Glu79Val,Likely pathogenic,"criteria provided, single submitter",2925691,NM_000133.4(F9):c.236A>T (p.Glu79Val),"May 30, 2023",training,C:\Users\Wesley Capucho\Documents\IA dos números primos\data\raw\multigene\f9\f9_clinvar_training.tsv,GRCh38,X,139537157,139537157,na,na,139537157,A,T,1468904853,True,X-139537157-A-T,,,,False,,False,0.8008307800263523,urn:mavedb:00001200-d-1,F9 MultiSTEP F9 Gla domain scores,True,True,True,True,False,coordinate_mavedb_complete_gnomad_missing,False,,,,,,
F9,p.Glu7Asp,Pathogenic,no assertion criteria provided,10566,E7D,"Jul 26, 1986",training,C:\Users\Wesley Capucho\Documents\IA dos números primos\data\raw\multigene\f9\f9_clinvar_training.tsv,,,-1,-1,na,na,-1,,,-1,False,,,,,False,,False,,,,False,False,True,False,False,needs_coordinate_reconciliation,False,,,,,,
F9,p.Gly105Asp,Likely pathogenic,"criteria provided, single submitter",1676742,NM_000133.4(F9):c.314G>A (p.Gly105Asp),-,training,C:\Users\Wesley Capucho\Documents\IA dos números primos\data\raw\multigene\f9\f9_clinvar_training.tsv,GRCh38,X,139541112,139541112,na,na,139541112,G,A,1927590546,True,X-139541112-G-A,,,,False,,False,0.7723304864651634,urn:mavedb:00001200-d-1,F9 MultiSTEP F9 Gla domain scores,True,True,True,True,False,coordinate_mavedb_complete_gnomad_missing,False,,,,,,
F9,p.Gly105Val,Likely pathogenic,"criteria provided, single submitter",3759689,NM_000133.4(F9):c.314G>T (p.Gly105Val),"Jun 12, 2024",training,C:\Users\Wesley Capucho\Documents\IA dos números primos\data\raw\multigene\f9\f9_clinvar_training.tsv,GRCh38,X,139541112,139541112,na,na,139541112,G,T,-1,True,X-139541112-G-T,,,,False,,False,0.1830391971714159,urn:mavedb:00001200-d-1,F9 MultiSTEP F9 Gla domain scores,True,True,True,True,False,coordinate_mavedb_complete_gnomad_missing,False,,,,,,
F9,p.Gly106Ser,Pathogenic,reviewed by expert panel,10579,NM_000133.4(F9):c.316G>A (p.Gly106Ser),"Feb 09, 2024",combined_external,C:\Users\Wesley Capucho\Documents\IA dos números primos\data\raw\multigene\f9\f9_combined_external.tsv,GRCh38,X,139541114,139541114,na,na,139541114,G,A,137852233,True,X-139541114-G-A,,,,False,,False,0.5056718885564084,urn:mavedb:00001200-d-1,F9 MultiSTEP F9 Gla domain scores,True,True,True,True,False,coordinate_mavedb_complete_gnomad_missing,False,,,,,,
F9,p.Gly122Val,Likely pathogenic,no assertion criteria provided,1684372,NM_000133.4(F9):c.365G>T (p.Gly122Val),-,training,C:\Users\Wesley Capucho\Documents\IA dos números primos\data\raw\multigene\f9\f9_clinvar_training.tsv,GRCh38,X,139541163,139541163,na,na,139541163,G,T,1927592770,True,X-139541163-G-T,,,,False,,False,0.1978342503099072,urn:mavedb:00001200-d-1,F9 MultiSTEP F9 Gla domain scores,True,True,True,True,False,coordinate_mavedb_complete_gnomad_missing,False,,,,,,
F9,p.Gly125Arg,Likely pathogenic,"criteria provided, single submitter",4081674,NM_000133.4(F9):c.373G>A (p.Gly125Arg),"Jun 17, 2025",training,C:\Users\Wesley Capucho\Documents\IA dos números primos\data\raw\multigene\f9\f9_clinvar_training.tsv,GRCh38,X,139541171,139541171,na,na,139541171,G,A,-1,True,X-139541171-G-A,,,,False,,False,0.2585696194603158,urn:mavedb:00001200-d-1,F9 MultiSTEP F9 Gla domain scores,True,True,True,True,False,coordinate_mavedb_complete_gnomad_missing,False,,,,,,
F9,p.Gly139Asp,Pathogenic/Likely pathogenic,"criteria provided, multiple submitters, no conflicts",810876,NM_000133.4(F9):c.416G>A (p.Gly139Asp),"May 08, 2025",combined_external,C:\Users\Wesley Capucho\Documents\IA dos números primos\data\raw\multigene\f9\f9_combined_external.tsv,GRCh38,X,139548387,139548387,na,na,139548387,G,A,1216516070,True,X-139548387-G-A,,,,False,,False,,urn:mavedb:00001200-d-1,F9 MultiSTEP F9 Gla domain scores,False,False,True,True,False,coordinate_ready_annotation_missing,False,,,,,,
F9,p.Gly160Ala,Pathogenic,no assertion criteria provided,10581,NM_000133.4(F9):c.479G>C (p.Gly160Ala),"Mar 11, 1990",training,C:\Users\Wesley Capucho\Documents\IA dos números primos\data\raw\multigene\f9\f9_clinvar_training.tsv,GRCh38,X,139548450,139548450,na,na,139548450,G,C,137852235,True,X-139548450-G-C,,,,False,,False,0.1607361899274563,urn:mavedb:00001200-d-1,F9 MultiSTEP F9 Gla domain scores,True,True,True,True,False,coordinate_mavedb_complete_gnomad_missing,False,,,,,,
F9,p.Gly160Arg,Pathogenic,"criteria provided, single submitter",2138738,NM_000133.4(F9):c.478G>A (p.Gly160Arg),"Feb 25, 2022",training,C:\Users\Wesley Capucho\Documents\IA dos números primos\data\raw\multigene\f9\f9_clinvar_training.tsv,GRCh38,X,139548449,139548449,na,na,139548449,G,A,1927768022,True,X-139548449-G-A,,,,False,,False,0.0526679569090842,urn:mavedb:00001200-d-1,F9 MultiSTEP F9 Gla domain scores,True,True,True,True,False,coordinate_mavedb_complete_gnomad_missing,False,,,,,,
F9,p.Gly160Glu,Likely pathogenic,"criteria provided, single submitter",4783887,NM_000133.4(F9):c.479G>A (p.Gly160Glu),"Nov 11, 2025",training,C:\Users\Wesley Capucho\Documents\IA dos números primos\data\raw\multigene\f9\f9_clinvar_training.tsv,GRCh38,X,139548450,139548450,na,na,139548450,G,A,-1,True,X-139548450-G-A,,,,False,,False,0.2802753383796472,urn:mavedb:00001200-d-1,F9 MultiSTEP F9 Gla domain scores,True,True,True,True,False,coordinate_mavedb_complete_gnomad_missing,False,,,,,,
F9,p.Gly230Arg,Likely pathogenic,"criteria provided, single submitter",4081673,NM_000133.4(F9):c.688G>A (p.Gly230Arg),"Feb 18, 2025",training,C:\Users\Wesley Capucho\Documents\IA dos números primos\data\raw\multigene\f9\f9_clinvar_training.tsv,GRCh38,X,139551229,139551229,na,na,139551229,G,A,-1,True,X-139551229-G-A,,,,False,,False,0.9654652964690578,urn:mavedb:00001200-d-1,F9 MultiSTEP F9 Gla domain scores,True,True,True,True,False,coordinate_mavedb_complete_gnomad_missing,False,,,,,,
F9,p.Gly236Leu,Likely pathogenic,"criteria provided, single submitter",2635268,NM_000133.4(F9):c.706_707delinsCT (p.Gly236Leu),"Nov 29, 2022",training,C:\Users\Wesley Capucho\Documents\IA dos números primos\data\raw\multigene\f9\f9_clinvar_training.tsv,GRCh38,X,139551247,139551248,na,na,139551247,GG,CT,2520803292,True,X-139551247-GG-CT,,,,False,,False,0.6479565277306948,urn:mavedb:00001200-d-1,F9 MultiSTEP F9 Gla domain scores,True,True,True,True,False,coordinate_mavedb_complete_gnomad_missing,False,,,,,,
F9,p.Gly253Arg,Likely pathogenic,"criteria provided, single submitter",627130,NM_000133.4(F9):c.757G>A (p.Gly253Arg),"Feb 01, 2019",training,C:\Users\Wesley Capucho\Documents\IA dos números primos\data\raw\multigene\f9\f9_clinvar_training.tsv,GRCh38,X,139560774,139560774,na,na,139560774,G,A,1603267181,True,X-139560774-G-A,,,,False,,False,0.9484267153491684,urn:mavedb:00001200-d-1,F9 MultiSTEP F9 Gla domain scores,True,True,True,True,False,coordinate_mavedb_complete_gnomad_missing,False,,,,,,
F9,p.Gly254Ser,Pathogenic,"criteria provided, single submitter",3896563,NM_000133.4(F9):c.760G>A (p.Gly254Ser),"Apr 02, 2025",training,C:\Users\Wesley Capucho\Documents\IA dos números primos\data\raw\multigene\f9\f9_clinvar_training.tsv,GRCh38,X,139560777,139560777,na,na,139560777,G,A,-1,True,X-139560777-G-A,,,,False,,False,0.0199761075040614,urn:mavedb:00001200-d-1,F9 MultiSTEP F9 Gla domain scores,True,True,True,True,False,coordinate_mavedb_complete_gnomad_missing,False,,,,,,
F9,p.Gly280Ala,Likely pathogenic,"criteria provided, single submitter",4795939,NM_000133.4(F9):c.839G>C (p.Gly280Ala),"Jul 27, 2025",training,C:\Users\Wesley Capucho\Documents\IA dos números primos\data\raw\multigene\f9\f9_clinvar_training.tsv,GRCh38,X,139561524,139561524,na,na,139561524,G,C,-1,True,X-139561524-G-C,,,,False,,False,0.3278794684411767,urn:mavedb:00001200-d-1,F9 MultiSTEP F9 Gla domain scores,True,True,True,True,False,coordinate_mavedb_complete_gnomad_missing,False,,,,,,
F9,p.Gly280Asp,Pathogenic,"criteria provided, single submitter",1070513,NM_000133.4(F9):c.839G>A (p.Gly280Asp),"Mar 08, 2020",training,C:\Users\Wesley Capucho\Documents\IA dos números primos\data\raw\multigene\f9\f9_clinvar_training.tsv,GRCh38,X,139561524,139561524,na,na,139561524,G,A,1275842849,True,X-139561524-G-A,,,,False,,False,0.0114911148944941,urn:mavedb:00001200-d-1,F9 MultiSTEP F9 Gla domain scores,True,True,True,True,False,coordinate_mavedb_complete_gnomad_missing,False,,,,,,
F9,p.Gly355Val,Pathogenic,no assertion criteria provided,10609,NM_000133.4(F9):c.1064G>T (p.Gly355Val),"Oct 09, 2017",training,C:\Users\Wesley Capucho\Documents\IA dos números primos\data\raw\multigene\f9\f9_clinvar_training.tsv,GRCh38,X,139561749,139561749,na,na,139561749,G,T,137852256,True,X-139561749-G-T,,,,False,,False,0.8750680993751412,urn:mavedb:00001200-d-1,F9 MultiSTEP F9 Gla domain scores,True,True,True,True,False,coordinate_mavedb_complete_gnomad_missing,False,,,,,,
F9,p.Gly357Arg,Pathogenic/Likely pathogenic,"criteria provided, multiple submitters, no conflicts",10611,NM_000133.4(F9):c.1069G>A (p.Gly357Arg),"Sep 01, 2022",combined_external,C:\Users\Wesley Capucho\Documents\IA dos números primos\data\raw\multigene\f9\f9_combined_external.tsv,GRCh38,X,139561754,139561754,na,na,139561754,G,A,137852257,True,X-139561754-G-A,,,,False,,False,1.09213947454076,urn:mavedb:00001200-d-1,F9 MultiSTEP F9 Gla domain scores,True,True,True,True,False,coordinate_mavedb_complete_gnomad_missing,False,,,,,,
F9,p.Gly357Glu,Pathogenic,"criteria provided, single submitter",10647,NM_000133.4(F9):c.1070G>A (p.Gly357Glu),"Aug 08, 2019",training,C:\Users\Wesley Capucho\Documents\IA dos números primos\data\raw\multigene\f9\f9_clinvar_training.tsv,GRCh38,X,139561755,139561755,na,na,139561755,G,A,137852275,True,X-139561755-G-A,,,,False,,False,1.045822886043415,urn:mavedb:00001200-d-1,F9 MultiSTEP F9 Gla domain scores,True,True,True,True,False,coordinate_mavedb_complete_gnomad_missing,False,,,,,,
F9,p.Gly357Val,Pathogenic,"criteria provided, single submitter",3907396,NM_000133.4(F9):c.1070G>T (p.Gly357Val),"Jun 04, 2025",training,C:\Users\Wesley Capucho\Documents\IA dos números primos\data\raw\multigene\f9\f9_clinvar_training.tsv,GRCh38,X,139561755,139561755,na,na,139561755,G,T,-1,True,X-139561755-G-T,,,,False,,False,1.083099894985962,urn:mavedb:00001200-d-1,F9 MultiSTEP F9 Gla domain scores,True,True,True,True,False,coordinate_mavedb_complete_gnomad_missing,False,,,,,,
F9,p.Gly398Val,Likely pathogenic,"criteria provided, single submitter",2444307,NM_000133.4(F9):c.1193G>T (p.Gly398Val),"Feb 23, 2023",training,C:\Users\Wesley Capucho\Documents\IA dos números primos\data\raw\multigene\f9\f9_clinvar_training.tsv,GRCh38,X,139561878,139561878,na,na,139561878,G,T,2520846993,True,X-139561878-G-T,,,,False,,False,0.3903230032196323,urn:mavedb:00001200-d-1,F9 MultiSTEP F9 Gla domain scores,True,True,True,True,False,coordinate_mavedb_complete_gnomad_missing,False,,,,,,
F9,p.Gly402Arg,Likely pathogenic,"criteria provided, single submitter",4535627,NM_000133.4(F9):c.1204G>A (p.Gly402Arg),"Sep 10, 2025",training,C:\Users\Wesley Capucho\Documents\IA dos números primos\data\raw\multigene\f9\f9_clinvar_training.tsv,GRCh38,X,139561889,139561889,na,na,139561889,G,A,-1,True,X-139561889-G-A,,,,False,,False,0.9939985539214452,urn:mavedb:00001200-d-1,F9 MultiSTEP F9 Gla domain scores,True,True,True,True,False,coordinate_mavedb_complete_gnomad_missing,False,,,,,,
F9,p.Gly409Arg,Likely pathogenic,"criteria provided, single submitter",3338825,NM_000133.4(F9):c.1225G>A (p.Gly409Arg),"Jan 17, 2024",training,C:\Users\Wesley Capucho\Documents\IA dos números primos\data\raw\multigene\f9\f9_clinvar_training.tsv,GRCh38,X,139561910,139561910,na,na,139561910,G,A,-1,True,X-139561910-G-A,,,,False,,False,1.0041560111978227,urn:mavedb:00001200-d-1,F9 MultiSTEP F9 Gla domain scores,True,True,True,True,False,coordinate_mavedb_complete_gnomad_missing,False,,,,,,
F9,p.Gly409Val,Likely pathogenic,"criteria provided, single submitter",4687707,NM_000133.4(F9):c.1226G>T (p.Gly409Val),"Oct 28, 2025",training,C:\Users\Wesley Capucho\Documents\IA dos números primos\data\raw\multigene\f9\f9_clinvar_training.tsv,GRCh38,X,139561911,139561911,na,na,139561911,G,T,-1,True,X-139561911-G-T,,,,False,,False,0.8738274128914945,urn:mavedb:00001200-d-1,F9 MultiSTEP F9 Gla domain scores,True,True,True,True,False,coordinate_mavedb_complete_gnomad_missing,False,,,,,,
F9,p.Gly412Glu,Pathogenic,reviewed by expert panel,2775451,NM_000133.4(F9):c.1235G>A (p.Gly412Glu),"Feb 09, 2024",combined_external,C:\Users\Wesley Capucho\Documents\IA dos números primos\data\raw\multigene\f9\f9_combined_external.tsv,GRCh38,X,139561920,139561920,na,na,139561920,G,A,1233706534,True,X-139561920-G-A,,,,False,,False,0.3338440944781335,urn:mavedb:00001200-d-1,F9 MultiSTEP F9 Gla domain scores,True,True,True,True,False,coordinate_mavedb_complete_gnomad_missing,False,,,,,,
F9,p.Gly432Ala,Likely pathogenic,"criteria provided, single submitter",837906,NM_000133.4(F9):c.1295G>C (p.Gly432Ala),"Jan 16, 2019",training,C:\Users\Wesley Capucho\Documents\IA dos números primos\data\raw\multigene\f9\f9_clinvar_training.tsv,GRCh38,X,139561980,139561980,na,na,139561980,G,C,1928130497,True,X-139561980-G-C,,,,False,,False,1.007817621251469,urn:mavedb:00001200-d-1,F9 MultiSTEP F9 Gla domain scores,True,True,True,True,False,coordinate_mavedb_complete_gnomad_missing,False,,,,,,
F9,p.Gly432Ser,Pathogenic,"criteria provided, single submitter",2925702,NM_000133.4(F9):c.1294G>A (p.Gly432Ser),"Apr 15, 2023",training,C:\Users\Wesley Capucho\Documents\IA dos números primos\data\raw\multigene\f9\f9_clinvar_training.tsv,GRCh38,X,139561979,139561979,na,na,139561979,G,A,1170838100,True,X-139561979-G-A,,,,False,,False,1.072248039856852,urn:mavedb:00001200-d-1,F9 MultiSTEP F9 Gla domain scores,True,True,True,True,False,coordinate_mavedb_complete_gnomad_missing,False,,,,,,
F9,p.Gly442Ala,Likely pathogenic,reviewed by expert panel,3242383,NM_000133.4(F9):c.1325G>C (p.Gly442Ala),"May 09, 2024",combined_external,C:\Users\Wesley Capucho\Documents\IA dos números primos\data\raw\multigene\f9\f9_combined_external.tsv,GRCh38,X,139562010,139562010,na,na,139562010,G,C,1603267474,True,X-139562010-G-C,,,,False,,False,1.0789041053795767,urn:mavedb:00001200-d-1,F9 MultiSTEP F9 Gla domain scores,True,True,True,True,False,coordinate_mavedb_complete_gnomad_missing,False,,,,,,
F9,p.Gly442Arg,Pathogenic,reviewed by expert panel,10624,NM_000133.4(F9):c.1324G>A (p.Gly442Arg),"Mar 10, 2025",combined_external,C:\Users\Wesley Capucho\Documents\IA dos números primos\data\raw\multigene\f9\f9_combined_external.tsv,GRCh38,X,139562009,139562009,na,na,139562009,G,A,137852267,True,X-139562009-G-A,,,,False,,False,0.9488668190430832,urn:mavedb:00001200-d-1,F9 MultiSTEP F9 Gla domain scores,True,True,True,True,False,coordinate_mavedb_complete_gnomad_missing,False,,,,,,
F9,p.Gly442Glu,Likely pathogenic,reviewed by expert panel,811513,NM_000133.4(F9):c.1325G>A (p.Gly442Glu),"May 09, 2024",combined_external,C:\Users\Wesley Capucho\Documents\IA dos números primos\data\raw\multigene\f9\f9_combined_external.tsv,GRCh38,X,139562010,139562010,na,na,139562010,G,A,1603267474,True,X-139562010-G-A,,,,False,,False,0.4681028846518706,urn:mavedb:00001200-d-1,F9 MultiSTEP F9 Gla domain scores,True,True,True,True,False,coordinate_mavedb_complete_gnomad_missing,False,,,,,,
F9,p.Gly442Val,Likely pathogenic,reviewed by expert panel,3242384,NM_000133.4(F9):c.1325G>T (p.Gly442Val),"May 09, 2024",combined_external,C:\Users\Wesley Capucho\Documents\IA dos números primos\data\raw\multigene\f9\f9_combined_external.tsv,GRCh38,X,139562010,139562010,na,na,139562010,G,T,1603267474,True,X-139562010-G-T,,,,False,,False,1.0441618970602349,urn:mavedb:00001200-d-1,F9 MultiSTEP F9 Gla domain scores,True,True,True,True,False,coordinate_mavedb_complete_gnomad_missing,False,,,,,,
F9,p.Gly50Ala,Likely pathogenic,"criteria provided, single submitter",1524877,NM_000133.4(F9):c.149G>C (p.Gly50Ala),"Feb 18, 2024",training,C:\Users\Wesley Capucho\Documents\IA dos números primos\data\raw\multigene\f9\f9_clinvar_training.tsv,GRCh38,X,139537070,139537070,na,na,139537070,G,C,1229048705,True,X-139537070-G-C,,,,False,,False,0.7727193151617441,urn:mavedb:00001200-d-1,F9 MultiSTEP F9 Gla domain scores,True,True,True,True,False,coordinate_mavedb_complete_gnomad_missing,False,,,,,,
F9,p.Gly50Asp,Likely pathogenic,"criteria provided, multiple submitters, no conflicts",3385073,NM_000133.4(F9):c.149G>A (p.Gly50Asp),"Sep 08, 2025",combined_external,C:\Users\Wesley Capucho\Documents\IA dos números primos\data\raw\multigene\f9\f9_combined_external.tsv,GRCh38,X,139537070,139537070,na,na,139537070,G,A,-1,True,X-139537070-G-A,,,,False,,False,0.9609397304944824,urn:mavedb:00001200-d-1,F9 MultiSTEP F9 Gla domain scores,True,True,True,True,False,coordinate_mavedb_complete_gnomad_missing,False,,,,,,
F9,p.Gly50Ser,Pathogenic,"criteria provided, single submitter",454495,NM_000133.4(F9):c.148G>A (p.Gly50Ser),"Sep 13, 2022",training,C:\Users\Wesley Capucho\Documents\IA dos números primos\data\raw\multigene\f9\f9_clinvar_training.tsv,GRCh38,X,139537069,139537069,na,na,139537069,G,A,1556435940,True,X-139537069-G-A,,,,False,,False,0.1012394737241521,urn:mavedb:00001200-d-1,F9 MultiSTEP F9 Gla domain scores,True,True,True,True,False,coordinate_mavedb_complete_gnomad_missing,False,,,,,,
F9,p.Gly94Arg,Likely pathogenic,"criteria provided, single submitter",454496,NM_000133.4(F9):c.280G>A (p.Gly94Arg),"Jul 28, 2017",training,C:\Users\Wesley Capucho\Documents\IA dos números primos\data\raw\multigene\f9\f9_clinvar_training.tsv,GRCh38,X,139541078,139541078,na,na,139541078,G,A,1556437035,True,X-139541078-G-A,,,,False,,False,1.0287990159383549,urn:mavedb:00001200-d-1,F9 MultiSTEP F9 Gla domain scores,True,True,True,True,False,coordinate_mavedb_complete_gnomad_missing,False,,,,,,
F9,p.His282Tyr,Likely benign,"criteria provided, single submitter",1142361,NM_000133.4(F9):c.844C>T (p.His282Tyr),"Feb 14, 2024",training,C:\Users\Wesley Capucho\Documents\IA dos números primos\data\raw\multigene\f9\f9_clinvar_training.tsv,GRCh38,X,139561529,139561529,na,na,139561529,C,T,763399530,True,X-139561529-C-T,,,,False,,False,1.0374047023638455,urn:mavedb:00001200-d-1,F9 MultiSTEP F9 Gla domain scores,True,True,True,True,False,coordinate_mavedb_complete_gnomad_missing,False,,,,,,
F9,p.His303Tyr,Benign/Likely benign,"criteria provided, multiple submitters, no conflicts",10641,NM_000133.4(F9):c.907C>T (p.His303Tyr),"Jan 28, 2026",combined_external,C:\Users\Wesley Capucho\Documents\IA dos números primos\data\raw\multigene\f9\f9_combined_external.tsv,GRCh38,X,139561592,139561592,na,na,139561592,C,T,1801202,True,X-139561592-C-T,,,,False,,False,1.0177519699244646,urn:mavedb:00001200-d-1,F9 MultiSTEP F9 Gla domain scores,True,True,True,True,False,coordinate_mavedb_complete_gnomad_missing,False,,,,,,
F9,p.Ile136Thr,Likely pathogenic,reviewed by expert panel,627177,NM_000133.4(F9):c.407T>C (p.Ile136Thr),"Nov 01, 2024",combined_external,C:\Users\Wesley Capucho\Documents\IA dos números primos\data\raw\multigene\f9\f9_combined_external.tsv,GRCh38,X,139548378,139548378,na,na,139548378,T,C,1603265481,True,X-139548378-T-C,,,,False,,False,0.5990003052119737,urn:mavedb:00001200-d-1,F9 MultiSTEP F9 Gla domain scores,True,True,True,True,False,coordinate_mavedb_complete_gnomad_missing,False,,,,,,
F9,p.Ile316Thr,Pathogenic/Likely pathogenic,"criteria provided, multiple submitters, no conflicts",811502,NM_000133.4(F9):c.947T>C (p.Ile316Thr),"Nov 13, 2023",combined_external,C:\Users\Wesley Capucho\Documents\IA dos números primos\data\raw\multigene\f9\f9_combined_external.tsv,GRCh38,X,139561632,139561632,na,na,139561632,T,C,1603267344,True,X-139561632-T-C,,,,False,,False,0.0088259445186983,urn:mavedb:00001200-d-1,F9 MultiSTEP F9 Gla domain scores,True,True,True,True,False,coordinate_mavedb_complete_gnomad_missing,False,,,,,,
F9,p.Ile344Thr,Pathogenic,no assertion criteria provided,10665,NM_000133.4(F9):c.1031T>C (p.Ile344Thr),"Aug 15, 2000",training,C:\Users\Wesley Capucho\Documents\IA dos números primos\data\raw\multigene\f9\f9_clinvar_training.tsv,GRCh38,X,139561716,139561716,na,na,139561716,T,C,387906482,True,X-139561716-T-C,,,,False,,False,0.99966710639048,urn:mavedb:00001200-d-1,F9 MultiSTEP F9 Gla domain scores,True,True,True,True,False,coordinate_mavedb_complete_gnomad_missing,False,,,,,,
F9,p.Ile390Phe,Likely pathogenic,"criteria provided, single submitter",2632738,NM_000133.4(F9):c.1168A>T (p.Ile390Phe),"Jun 05, 2023",training,C:\Users\Wesley Capucho\Documents\IA dos números primos\data\raw\multigene\f9\f9_clinvar_training.tsv,GRCh38,X,139561853,139561853,na,na,139561853,A,T,1287011273,True,X-139561853-A-T,,,,False,,False,0.9892678017450128,urn:mavedb:00001200-d-1,F9 MultiSTEP F9 Gla domain scores,True,True,True,True,False,coordinate_mavedb_complete_gnomad_missing,False,,,,,,
F9,p.Ile428Phe,Likely pathogenic,"criteria provided, single submitter",3380935,NM_000133.4(F9):c.1282A>T (p.Ile428Phe),"Aug 21, 2024",training,C:\Users\Wesley Capucho\Documents\IA dos números primos\data\raw\multigene\f9\f9_clinvar_training.tsv,GRCh38,X,139561967,139561967,na,na,139561967,A,T,-1,True,X-139561967-A-T,,,,False,,False,0.6265674821899174,urn:mavedb:00001200-d-1,F9 MultiSTEP F9 Gla domain scores,True,True,True,True,False,coordinate_mavedb_complete_gnomad_missing,False,,,,,,
F9,p.Ile443Thr,Pathogenic/Likely pathogenic,"criteria provided, multiple submitters, no conflicts",10627,NM_000133.4(F9):c.1328T>C (p.Ile443Thr),"Sep 25, 2024",combined_external,C:\Users\Wesley Capucho\Documents\IA dos números primos\data\raw\multigene\f9\f9_combined_external.tsv,GRCh38,X,139562013,139562013,na,na,139562013,T,C,137852268,True,X-139562013-T-C,,,,False,,False,0.7664048975098552,urn:mavedb:00001200-d-1,F9 MultiSTEP F9 Gla domain scores,True,True,True,True,False,coordinate_mavedb_complete_gnomad_missing,False,,,,,,
F9,p.Ile454Thr,Pathogenic,"criteria provided, single submitter",810865,NM_000133.4(F9):c.1361T>C (p.Ile454Thr),"Mar 01, 2019",training,C:\Users\Wesley Capucho\Documents\IA dos números primos\data\raw\multigene\f9\f9_clinvar_training.tsv,GRCh38,X,139562046,139562046,na,na,139562046,T,C,1603267486,True,X-139562046-T-C,,,,False,,False,0.0234403748712501,urn:mavedb:00001200-d-1,F9 MultiSTEP F9 Gla domain scores,True,True,True,True,False,coordinate_mavedb_complete_gnomad_missing,False,,,,,,
F9,p.Ile7Phe,Benign,reviewed by expert panel,367997,NM_000133.4(F9):c.19A>T (p.Ile7Phe),"Feb 09, 2024",combined_external,C:\Users\Wesley Capucho\Documents\IA dos números primos\data\raw\multigene\f9\f9_combined_external.tsv,GRCh38,X,139530783,139530783,na,na,139530783,A,T,150190385,True,X-139530783-A-T,,,,False,,False,0.93154916889732,urn:mavedb:00001200-d-1,F9 MultiSTEP F9 Gla domain scores,True,True,True,True,False,coordinate_mavedb_complete_gnomad_missing,False,,,,,,
F9,p.Leu20Ser,Pathogenic,"criteria provided, single submitter",4783884,NM_000133.4(F9):c.59T>C (p.Leu20Ser),"Jul 21, 2025",training,C:\Users\Wesley Capucho\Documents\IA dos números primos\data\raw\multigene\f9\f9_clinvar_training.tsv,GRCh38,X,139530823,139530823,na,na,139530823,T,C,-1,True,X-139530823-T-C,,,,False,,False,0.0864439313502638,urn:mavedb:00001200-d-1,F9 MultiSTEP F9 Gla domain scores,True,True,True,True,False,coordinate_mavedb_complete_gnomad_missing,False,,,,,,
F9,p.Leu23Pro,Pathogenic,"criteria provided, single submitter",2683971,NM_000133.4(F9):c.68T>C (p.Leu23Pro),"Jun 23, 2023",training,C:\Users\Wesley Capucho\Documents\IA dos números primos\data\raw\multigene\f9\f9_clinvar_training.tsv,GRCh38,X,139530832,139530832,na,na,139530832,T,C,1927328297,True,X-139530832-T-C,,,,False,,False,0.0883128846033905,urn:mavedb:00001200-d-1,F9 MultiSTEP F9 Gla domain scores,True,True,True,True,False,coordinate_mavedb_complete_gnomad_missing,False,,,,,,
F9,p.Leu244Ser,Pathogenic/Likely pathogenic,"criteria provided, multiple submitters, no conflicts",811504,NM_000133.4(F9):c.731T>C (p.Leu244Ser),"Jan 12, 2023",combined_external,C:\Users\Wesley Capucho\Documents\IA dos números primos\data\raw\multigene\f9\f9_combined_external.tsv,GRCh38,X,139560748,139560748,na,na,139560748,T,C,1603267171,True,X-139560748-T-C,,,,False,,False,-0.0023064319341356,urn:mavedb:00001200-d-1,F9 MultiSTEP F9 Gla domain scores,True,True,True,True,False,coordinate_mavedb_complete_gnomad_missing,False,,,,,,
F9,p.Leu318Arg,Likely pathogenic,reviewed by expert panel,3390363,NM_000133.4(F9):c.953T>G (p.Leu318Arg),"Oct 11, 2024",combined_external,C:\Users\Wesley Capucho\Documents\IA dos números primos\data\raw\multigene\f9\f9_combined_external.tsv,GRCh38,X,139561638,139561638,na,na,139561638,T,G,-1,True,X-139561638-T-G,,,,False,,False,0.0053257259054661,urn:mavedb:00001200-d-1,F9 MultiSTEP F9 Gla domain scores,True,True,True,True,False,coordinate_mavedb_complete_gnomad_missing,False,,,,,,
F9,p.Leu318Phe,Pathogenic,reviewed by expert panel,3390362,NM_000133.4(F9):c.952C>T (p.Leu318Phe),"Oct 11, 2024",combined_external,C:\Users\Wesley Capucho\Documents\IA dos números primos\data\raw\multigene\f9\f9_combined_external.tsv,GRCh38,X,139561637,139561637,na,na,139561637,C,T,-1,True,X-139561637-C-T,,,,False,,False,0.0055780195284789,urn:mavedb:00001200-d-1,F9 MultiSTEP F9 Gla domain scores,True,True,True,True,False,coordinate_mavedb_complete_gnomad_missing,False,,,,,,
F9,p.Leu369Pro,Likely pathogenic,reviewed by expert panel,626973,NM_000133.4(F9):c.1106T>C (p.Leu369Pro),"Aug 15, 2025",combined_external,C:\Users\Wesley Capucho\Documents\IA dos números primos\data\raw\multigene\f9\f9_combined_external.tsv,GRCh38,X,139561791,139561791,na,na,139561791,T,C,1603267393,True,X-139561791-T-C,,,,False,,False,1.0828609330222163,urn:mavedb:00001200-d-1,F9 MultiSTEP F9 Gla domain scores,True,True,True,True,False,coordinate_mavedb_complete_gnomad_missing,False,,,,,,
F9,p.Leu372Pro,Likely pathogenic,reviewed by expert panel,520832,NM_000133.4(F9):c.1115T>C (p.Leu372Pro),"Nov 07, 2025",combined_external,C:\Users\Wesley Capucho\Documents\IA dos números primos\data\raw\multigene\f9\f9_combined_external.tsv,GRCh38,X,139561800,139561800,na,na,139561800,T,C,1556008584,True,X-139561800-T-C,,,,False,,False,0.3312219237293789,urn:mavedb:00001200-d-1,F9 MultiSTEP F9 Gla domain scores,True,True,True,True,False,coordinate_mavedb_complete_gnomad_missing,False,,,,,,
F9,p.Leu383His,Pathogenic,"criteria provided, single submitter",2925699,NM_000133.4(F9):c.1148T>A (p.Leu383His),"Dec 29, 2022",training,C:\Users\Wesley Capucho\Documents\IA dos números primos\data\raw\multigene\f9\f9_clinvar_training.tsv,GRCh38,X,139561833,139561833,na,na,139561833,T,A,1387119011,True,X-139561833-T-A,,,,False,,False,1.0752737378908883,urn:mavedb:00001200-d-1,F9 MultiSTEP F9 Gla domain scores,True,True,True,True,False,coordinate_mavedb_complete_gnomad_missing,False,,,,,,
F9,p.Leu52Ser,Likely pathogenic,reviewed by expert panel,4087781,NM_000133.4(F9):c.155T>C (p.Leu52Ser),"Apr 04, 2025",combined_external,C:\Users\Wesley Capucho\Documents\IA dos números primos\data\raw\multigene\f9\f9_combined_external.tsv,GRCh38,X,139537076,139537076,na,na,139537076,T,C,-1,True,X-139537076-T-C,,,,False,,False,0.8578654205728524,urn:mavedb:00001200-d-1,F9 MultiSTEP F9 Gla domain scores,True,True,True,True,False,coordinate_mavedb_complete_gnomad_missing,False,,,,,,
F9,p.Lys362Glu,Likely pathogenic,"criteria provided, single submitter",2683967,NM_000133.4(F9):c.1084A>G (p.Lys362Glu),"Nov 29, 2022",training,C:\Users\Wesley Capucho\Documents\IA dos números primos\data\raw\multigene\f9\f9_clinvar_training.tsv,GRCh38,X,139561769,139561769,na,na,139561769,A,G,2520845596,True,X-139561769-A-G,,,,False,,False,1.0325181347788728,urn:mavedb:00001200-d-1,F9 MultiSTEP F9 Gla domain scores,True,True,True,True,False,coordinate_mavedb_complete_gnomad_missing,False,,,,,,
F9,p.Lys39Arg,Likely benign,"criteria provided, single submitter",1160362,NM_000133.4(F9):c.116A>G (p.Lys39Arg),"Jan 30, 2024",training,C:\Users\Wesley Capucho\Documents\IA dos números primos\data\raw\multigene\f9\f9_clinvar_training.tsv,GRCh38,X,139537037,139537037,na,na,139537037,A,G,200505648,True,X-139537037-A-G,,,,False,,False,1.0335224296642962,urn:mavedb:00001200-d-1,F9 MultiSTEP F9 Gla domain scores,True,True,True,True,False,coordinate_mavedb_complete_gnomad_missing,False,,,,,,
F9,p.Met394Ile,Pathogenic,"criteria provided, single submitter",2138744,NM_000133.4(F9):c.1182G>A (p.Met394Ile),"Feb 03, 2022",training,C:\Users\Wesley Capucho\Documents\IA dos números primos\data\raw\multigene\f9\f9_clinvar_training.tsv,GRCh38,X,139561867,139561867,na,na,139561867,G,A,1388797589,True,X-139561867-G-A,,,,False,,False,0.8974068948157,urn:mavedb:00001200-d-1,F9 MultiSTEP F9 Gla domain scores,True,True,True,True,False,coordinate_mavedb_complete_gnomad_missing,False,,,,,,
F9,p.Met394Val,Pathogenic,no assertion criteria provided,10616,NM_000133.4(F9):c.1180A>G (p.Met394Val),"Oct 09, 2017",training,C:\Users\Wesley Capucho\Documents\IA dos números primos\data\raw\multigene\f9\f9_clinvar_training.tsv,GRCh38,X,139561865,139561865,na,na,139561865,A,G,137852262,True,X-139561865-A-G,,,,False,,False,0.963603114436251,urn:mavedb:00001200-d-1,F9 MultiSTEP F9 Gla domain scores,True,True,True,True,False,coordinate_mavedb_complete_gnomad_missing,False,,,,,,
F9,p.Phe123Ser,Likely pathogenic,"criteria provided, single submitter",1508905,NM_000133.4(F9):c.368T>C (p.Phe123Ser),"May 18, 2021",training,C:\Users\Wesley Capucho\Documents\IA dos números primos\data\raw\multigene\f9\f9_clinvar_training.tsv,GRCh38,X,139541166,139541166,na,na,139541166,T,C,1927592901,True,X-139541166-T-C,,,,False,,False,0.6833902480674093,urn:mavedb:00001200-d-1,F9 MultiSTEP F9 Gla domain scores,True,True,True,True,False,coordinate_mavedb_complete_gnomad_missing,False,,,,,,
F9,p.Phe238Val,Benign,reviewed by expert panel,1166447,NM_000133.4(F9):c.712T>G (p.Phe238Val),"Feb 09, 2024",combined_external,C:\Users\Wesley Capucho\Documents\IA dos números primos\data\raw\multigene\f9\f9_combined_external.tsv,GRCh38,X,139551253,139551253,na,na,139551253,T,G,143128467,True,X-139551253-T-G,,,,False,,False,0.8014292111190141,urn:mavedb:00001200-d-1,F9 MultiSTEP F9 Gla domain scores,True,True,True,True,False,coordinate_mavedb_complete_gnomad_missing,False,,,,,,
F9,p.Phe360Ser,Likely pathogenic,"criteria provided, single submitter",2925698,NM_000133.4(F9):c.1079T>C (p.Phe360Ser),"Sep 29, 2023",training,C:\Users\Wesley Capucho\Documents\IA dos números primos\data\raw\multigene\f9\f9_clinvar_training.tsv,GRCh38,X,139561764,139561764,na,na,139561764,T,C,2520845534,True,X-139561764-T-C,,,,False,,False,1.0745493211392816,urn:mavedb:00001200-d-1,F9 MultiSTEP F9 Gla domain scores,True,True,True,True,False,coordinate_mavedb_complete_gnomad_missing,False,,,,,,
F9,p.Phe378Leu,Pathogenic,no assertion criteria provided,10621,F378L,"Oct 09, 2017",training,C:\Users\Wesley Capucho\Documents\IA dos números primos\data\raw\multigene\f9\f9_clinvar_training.tsv,,,-1,-1,na,na,-1,,,-1,False,,,,,False,,False,,,,False,False,True,False,False,needs_coordinate_reconciliation,False,,,,,,
F9,p.Phe395Ile,Pathogenic,"criteria provided, single submitter",1364269,NM_000133.4(F9):c.1183T>A (p.Phe395Ile),"Apr 18, 2021",training,C:\Users\Wesley Capucho\Documents\IA dos números primos\data\raw\multigene\f9\f9_clinvar_training.tsv,GRCh38,X,139561868,139561868,na,na,139561868,T,A,1175050951,True,X-139561868-T-A,,,,False,,False,0.0292381837381701,urn:mavedb:00001200-d-1,F9 MultiSTEP F9 Gla domain scores,True,True,True,True,False,coordinate_mavedb_complete_gnomad_missing,False,,,,,,
F9,p.Phe424Leu,Likely pathogenic,"criteria provided, single submitter",2020181,NM_000133.4(F9):c.1272C>A (p.Phe424Leu),"Jul 29, 2022",training,C:\Users\Wesley Capucho\Documents\IA dos números primos\data\raw\multigene\f9\f9_clinvar_training.tsv,GRCh38,X,139561957,139561957,na,na,139561957,C,A,2520848016,True,X-139561957-C-A,,,,False,,False,0.0136996502514435,urn:mavedb:00001200-d-1,F9 MultiSTEP F9 Gla domain scores,True,True,True,True,False,coordinate_mavedb_complete_gnomad_missing,False,,,,,,
F9,p.Phe55Ile,Pathogenic/Likely pathogenic,"criteria provided, multiple submitters, no conflicts",1069182,NM_000133.4(F9):c.163T>A (p.Phe55Ile),"Jan 20, 2026",combined_external,C:\Users\Wesley Capucho\Documents\IA dos números primos\data\raw\multigene\f9\f9_combined_external.tsv,GRCh38,X,139537084,139537084,na,na,139537084,T,A,759987427,True,X-139537084-T-A,,,,False,,False,0.8182197287279069,urn:mavedb:00001200-d-1,F9 MultiSTEP F9 Gla domain scores,True,True,True,True,False,coordinate_mavedb_complete_gnomad_missing,False,,,,,,
F9,p.Phe87Cys,Pathogenic,"criteria provided, single submitter",811521,NM_000133.4(F9):c.260T>G (p.Phe87Cys),"Jun 07, 2019",training,C:\Users\Wesley Capucho\Documents\IA dos números primos\data\raw\multigene\f9\f9_clinvar_training.tsv,GRCh38,X,139537369,139537369,na,na,139537369,T,G,1603264299,True,X-139537369-T-G,,,,False,,False,0.0035996623159746,urn:mavedb:00001200-d-1,F9 MultiSTEP F9 Gla domain scores,True,True,True,True,False,coordinate_mavedb_complete_gnomad_missing,False,,,,,,
F9,p.Pro101Ala,Pathogenic,"criteria provided, multiple submitters, no conflicts",10578,NM_000133.4(F9):c.301C>G (p.Pro101Ala),"Sep 07, 2025",combined_external,C:\Users\Wesley Capucho\Documents\IA dos números primos\data\raw\multigene\f9\f9_combined_external.tsv,GRCh38,X,139541099,139541099,na,na,139541099,C,G,137852232,True,X-139541099-C-G,,,,False,,False,0.6124297050372882,urn:mavedb:00001200-d-1,F9 MultiSTEP F9 Gla domain scores,True,True,True,True,False,coordinate_mavedb_complete_gnomad_missing,False,,,,,,
F9,p.Pro101Gln,Likely pathogenic,"criteria provided, single submitter",1067340,NM_000133.4(F9):c.302C>A (p.Pro101Gln),"Dec 01, 2025",training,C:\Users\Wesley Capucho\Documents\IA dos números primos\data\raw\multigene\f9\f9_clinvar_training.tsv,GRCh38,X,139541100,139541100,na,na,139541100,C,A,2148357901,True,X-139541100-C-A,,,,False,,False,0.5957864225198084,urn:mavedb:00001200-d-1,F9 MultiSTEP F9 Gla domain scores,True,True,True,True,False,coordinate_mavedb_complete_gnomad_missing,False,,,,,,
F9,p.Pro175Ser,Benign,"criteria provided, single submitter",700019,NM_000133.4(F9):c.523C>T (p.Pro175Ser),"Dec 09, 2025",training,C:\Users\Wesley Capucho\Documents\IA dos números primos\data\raw\multigene\f9\f9_clinvar_training.tsv,GRCh38,X,139551064,139551064,na,na,139551064,C,T,762986355,True,X-139551064-C-T,,,,False,,False,0.9735976624606066,urn:mavedb:00001200-d-1,F9 MultiSTEP F9 Gla domain scores,True,True,True,True,False,coordinate_mavedb_complete_gnomad_missing,False,,,,,,
F9,p.Pro197Ser,Likely benign,"criteria provided, single submitter",1959260,NM_000133.4(F9):c.589C>T (p.Pro197Ser),"Feb 03, 2024",training,C:\Users\Wesley Capucho\Documents\IA dos números primos\data\raw\multigene\f9\f9_clinvar_training.tsv,GRCh38,X,139551130,139551130,na,na,139551130,C,T,867548424,True,X-139551130-C-T,,,,False,,False,1.010689335057021,urn:mavedb:00001200-d-1,F9 MultiSTEP F9 Gla domain scores,True,True,True,True,False,coordinate_mavedb_complete_gnomad_missing,False,,,,,,
F9,p.Pro333Leu,Pathogenic,no assertion criteria provided,10605,NM_000133.4(F9):c.998C>T (p.Pro333Leu),"Oct 09, 2017",training,C:\Users\Wesley Capucho\Documents\IA dos números primos\data\raw\multigene\f9\f9_clinvar_training.tsv,GRCh38,X,139561683,139561683,na,na,139561683,C,T,137852252,True,X-139561683-C-T,,,,False,,False,0.0027474419502215,urn:mavedb:00001200-d-1,F9 MultiSTEP F9 Gla domain scores,True,True,True,True,False,coordinate_mavedb_complete_gnomad_missing,False,,,,,,
F9,p.Pro414Leu,Pathogenic,"criteria provided, single submitter",811507,NM_000133.4(F9):c.1241C>T (p.Pro414Leu),"Jan 11, 2019",training,C:\Users\Wesley Capucho\Documents\IA dos números primos\data\raw\multigene\f9\f9_clinvar_training.tsv,GRCh38,X,139561926,139561926,na,na,139561926,C,T,1603267443,True,X-139561926-C-T,,,,False,,False,1.1087025552207486,urn:mavedb:00001200-d-1,F9 MultiSTEP F9 Gla domain scores,True,True,True,True,False,coordinate_mavedb_complete_gnomad_missing,False,,,,,,
F9,p.Pro414Thr,Pathogenic,no assertion criteria provided,10620,NM_000133.4(F9):c.1240C>A (p.Pro414Thr),"Oct 09, 2017",training,C:\Users\Wesley Capucho\Documents\IA dos números primos\data\raw\multigene\f9\f9_clinvar_training.tsv,GRCh38,X,139561925,139561925,na,na,139561925,C,A,137852265,True,X-139561925-C-A,,,,False,,False,1.0132851938930971,urn:mavedb:00001200-d-1,F9 MultiSTEP F9 Gla domain scores,True,True,True,True,False,coordinate_mavedb_complete_gnomad_missing,False,,,,,,
F9,p.Pro44Ser,Likely benign,reviewed by expert panel,1085717,NM_000133.4(F9):c.130C>T (p.Pro44Ser),"Aug 15, 2025",combined_external,C:\Users\Wesley Capucho\Documents\IA dos números primos\data\raw\multigene\f9\f9_combined_external.tsv,GRCh38,X,139537051,139537051,na,na,139537051,C,T,776894974,True,X-139537051-C-T,,,,False,,False,0.9942315225512016,urn:mavedb:00001200-d-1,F9 MultiSTEP F9 Gla domain scores,True,True,True,True,False,coordinate_mavedb_complete_gnomad_missing,False,,,,,,
F9,p.Ser169Pro,Likely pathogenic,"criteria provided, single submitter",1803132,NM_000133.4(F9):c.505T>C (p.Ser169Pro),"Oct 20, 2021",training,C:\Users\Wesley Capucho\Documents\IA dos números primos\data\raw\multigene\f9\f9_clinvar_training.tsv,GRCh38,X,139548476,139548476,na,na,139548476,T,C,1197719763,True,X-139548476-T-C,,,,False,,False,0.0125441398936195,urn:mavedb:00001200-d-1,F9 MultiSTEP F9 Gla domain scores,True,True,True,True,False,coordinate_mavedb_complete_gnomad_missing,False,,,,,,
F9,p.Ser220Thr,Benign/Likely benign,"criteria provided, multiple submitters, no conflicts",368001,NM_000133.4(F9):c.658T>A (p.Ser220Thr),"Oct 25, 2025",combined_external,C:\Users\Wesley Capucho\Documents\IA dos números primos\data\raw\multigene\f9\f9_combined_external.tsv,GRCh38,X,139551199,139551199,na,na,139551199,T,A,777361659,True,X-139551199-T-A,,,,False,,False,0.9827713024496731,urn:mavedb:00001200-d-1,F9 MultiSTEP F9 Gla domain scores,True,True,True,True,False,coordinate_mavedb_complete_gnomad_missing,False,,,,,,
F9,p.Ser354Arg,Pathogenic,"criteria provided, single submitter",1417984,NM_000133.4(F9):c.1062T>A (p.Ser354Arg),"May 20, 2021",training,C:\Users\Wesley Capucho\Documents\IA dos números primos\data\raw\multigene\f9\f9_clinvar_training.tsv,GRCh38,X,139561747,139561747,na,na,139561747,T,A,2148367882,True,X-139561747-T-A,,,,False,,False,0.8563423354228322,urn:mavedb:00001200-d-1,F9 MultiSTEP F9 Gla domain scores,True,True,True,True,False,coordinate_mavedb_complete_gnomad_missing,False,,,,,,
F9,p.Ser406Leu,Pathogenic,no assertion criteria provided,10617,NM_000133.4(F9):c.1217C>T (p.Ser406Leu),"Oct 09, 2017",training,C:\Users\Wesley Capucho\Documents\IA dos números primos\data\raw\multigene\f9\f9_clinvar_training.tsv,GRCh38,X,139561902,139561902,na,na,139561902,C,T,137852263,True,X-139561902-C-T,,,,False,,False,1.0629815468074084,urn:mavedb:00001200-d-1,F9 MultiSTEP F9 Gla domain scores,True,True,True,True,False,coordinate_mavedb_complete_gnomad_missing,False,,,,,,
F9,p.Ser411Gly,Pathogenic,"criteria provided, single submitter",10650,NM_000133.4(F9):c.1231A>G (p.Ser411Gly),"Apr 21, 2022",training,C:\Users\Wesley Capucho\Documents\IA dos números primos\data\raw\multigene\f9\f9_clinvar_training.tsv,GRCh38,X,139561916,139561916,na,na,139561916,A,G,137852277,True,X-139561916-A-G,,,,False,,False,1.0216509455625835,urn:mavedb:00001200-d-1,F9 MultiSTEP F9 Gla domain scores,True,True,True,True,False,coordinate_mavedb_complete_gnomad_missing,False,,,,,,
F9,p.Ser411Ile,Pathogenic,no assertion criteria provided,10649,NM_000133.4(F9):c.1232G>T (p.Ser411Ile),"Mar 01, 1992",training,C:\Users\Wesley Capucho\Documents\IA dos números primos\data\raw\multigene\f9\f9_clinvar_training.tsv,GRCh38,X,139561917,139561917,na,na,139561917,G,T,137852276,True,X-139561917-G-T,,,,False,,False,1.1096005759589982,urn:mavedb:00001200-d-1,F9 MultiSTEP F9 Gla domain scores,True,True,True,True,False,coordinate_mavedb_complete_gnomad_missing,False,,,,,,
F9,p.Ser430Arg,Likely pathogenic,"criteria provided, single submitter",812043,NM_000133.4(F9):c.1290C>A (p.Ser430Arg),"May 20, 2019",training,C:\Users\Wesley Capucho\Documents\IA dos números primos\data\raw\multigene\f9\f9_clinvar_training.tsv,GRCh38,X,139561975,139561975,na,na,139561975,C,A,762229532,True,X-139561975-C-A,,,,False,,False,0.1987623121883504,urn:mavedb:00001200-d-1,F9 MultiSTEP F9 Gla domain scores,True,True,True,True,False,coordinate_mavedb_complete_gnomad_missing,False,,,,,,
F9,p.Ser430Asn,Likely pathogenic,"criteria provided, single submitter",618644,NM_000133.4(F9):c.1289G>A (p.Ser430Asn),"Mar 29, 2018",training,C:\Users\Wesley Capucho\Documents\IA dos números primos\data\raw\multigene\f9\f9_clinvar_training.tsv,GRCh38,X,139561974,139561974,na,na,139561974,G,A,1569333062,True,X-139561974-G-A,,,,False,,False,0.9769132616510456,urn:mavedb:00001200-d-1,F9 MultiSTEP F9 Gla domain scores,True,True,True,True,False,coordinate_mavedb_complete_gnomad_missing,False,,,,,,
F9,p.Thr194Ala,Benign,reviewed by expert panel,10588,NM_000133.4(F9):c.580A>G (p.Thr194Ala),"Feb 09, 2024",combined_external,C:\Users\Wesley Capucho\Documents\IA dos números primos\data\raw\multigene\f9\f9_combined_external.tsv,GRCh38,X,139551121,139551121,na,na,139551121,A,G,6048,True,X-139551121-A-G,,,,False,,False,1.0363504808988786,urn:mavedb:00001200-d-1,F9 MultiSTEP F9 Gla domain scores,True,True,True,True,False,coordinate_mavedb_complete_gnomad_missing,False,,,,,,
F9,p.Thr29Ile,Likely pathogenic,reviewed by expert panel,2138734,NM_000133.4(F9):c.86C>T (p.Thr29Ile),"Nov 01, 2024",combined_external,C:\Users\Wesley Capucho\Documents\IA dos números primos\data\raw\multigene\f9\f9_combined_external.tsv,GRCh38,X,139530850,139530850,na,na,139530850,C,T,1927329129,True,X-139530850-C-T,,,,False,,False,1.0543643537565073,urn:mavedb:00001200-d-1,F9 MultiSTEP F9 Gla domain scores,True,True,True,True,False,coordinate_mavedb_complete_gnomad_missing,False,,,,,,
F9,p.Thr342Ala,Likely pathogenic,"criteria provided, multiple submitters, no conflicts",812974,NM_000133.4(F9):c.1024A>G (p.Thr342Ala),"Jul 02, 2024",combined_external,C:\Users\Wesley Capucho\Documents\IA dos números primos\data\raw\multigene\f9\f9_combined_external.tsv,GRCh38,X,139561709,139561709,na,na,139561709,A,G,1603267362,True,X-139561709-A-G,,,,False,,False,0.6895151812020225,urn:mavedb:00001200-d-1,F9 MultiSTEP F9 Gla domain scores,True,True,True,True,False,coordinate_mavedb_complete_gnomad_missing,False,,,,,,
F9,p.Thr342Met,Pathogenic,reviewed by expert panel,10607,NM_000133.4(F9):c.1025C>T (p.Thr342Met),"Feb 09, 2024",combined_external,C:\Users\Wesley Capucho\Documents\IA dos números primos\data\raw\multigene\f9\f9_combined_external.tsv,GRCh38,X,139561710,139561710,na,na,139561710,C,T,137852254,True,X-139561710-C-T,,,,False,,False,0.2116723052567758,urn:mavedb:00001200-d-1,F9 MultiSTEP F9 Gla domain scores,True,True,True,True,False,coordinate_mavedb_complete_gnomad_missing,False,,,,,,
F9,p.Thr461Pro,Benign,"criteria provided, multiple submitters, no conflicts",368004,NM_000133.4(F9):c.1381A>C (p.Thr461Pro),"Jan 24, 2026",combined_external,C:\Users\Wesley Capucho\Documents\IA dos números primos\data\raw\multigene\f9\f9_combined_external.tsv,GRCh38,X,139562066,139562066,na,na,139562066,A,C,4149751,True,X-139562066-A-C,,,,False,,False,1.043706934112378,urn:mavedb:00001200-d-1,F9 MultiSTEP F9 Gla domain scores,True,True,True,True,False,coordinate_mavedb_complete_gnomad_missing,False,,,,,,
F9,p.Thr84Ala,Likely benign,"criteria provided, single submitter",695975,NM_000133.4(F9):c.250A>G (p.Thr84Ala),"Oct 27, 2025",training,C:\Users\Wesley Capucho\Documents\IA dos números primos\data\raw\multigene\f9\f9_clinvar_training.tsv,GRCh38,X,139537171,139537171,na,na,139537171,A,G,201120367,True,X-139537171-A-G,,,,False,,False,1.0288481947047845,urn:mavedb:00001200-d-1,F9 MultiSTEP F9 Gla domain scores,True,True,True,True,False,coordinate_mavedb_complete_gnomad_missing,False,,,,,,
F9,p.Thr84Ile,Likely pathogenic,"criteria provided, single submitter",2925692,NM_000133.4(F9):c.251C>T (p.Thr84Ile),"Mar 03, 2023",training,C:\Users\Wesley Capucho\Documents\IA dos números primos\data\raw\multigene\f9\f9_clinvar_training.tsv,GRCh38,X,139537172,139537172,na,na,139537172,C,T,1354291965,True,X-139537172-C-T,,,,False,,False,0.2016609021975379,urn:mavedb:00001200-d-1,F9 MultiSTEP F9 Gla domain scores,True,True,True,True,False,coordinate_mavedb_complete_gnomad_missing,False,,,,,,
F9,p.Trp240Gly,Likely pathogenic,"criteria provided, single submitter",1491111,NM_000133.4(F9):c.718T>G (p.Trp240Gly),"Mar 03, 2021",training,C:\Users\Wesley Capucho\Documents\IA dos números primos\data\raw\multigene\f9\f9_clinvar_training.tsv,GRCh38,X,139551259,139551259,na,na,139551259,T,G,1390220758,True,X-139551259-T-G,,,,False,,False,0.0225609510404843,urn:mavedb:00001200-d-1,F9 MultiSTEP F9 Gla domain scores,True,True,True,True,False,coordinate_mavedb_complete_gnomad_missing,False,,,,,,
F9,p.Trp431Cys,Pathogenic,"criteria provided, single submitter",2925701,NM_000133.4(F9):c.1293G>T (p.Trp431Cys),"Apr 12, 2023",training,C:\Users\Wesley Capucho\Documents\IA dos números primos\data\raw\multigene\f9\f9_clinvar_training.tsv,GRCh38,X,139561978,139561978,na,na,139561978,G,T,1371750567,True,X-139561978-G-T,,,,False,,False,1.0272405336415105,urn:mavedb:00001200-d-1,F9 MultiSTEP F9 Gla domain scores,True,True,True,True,False,coordinate_mavedb_complete_gnomad_missing,False,,,,,,
F9,p.Trp453Arg,Pathogenic,no assertion criteria provided,10628,NM_000133.4(F9):c.1357T>C (p.Trp453Arg),"Sep 01, 1989",training,C:\Users\Wesley Capucho\Documents\IA dos números primos\data\raw\multigene\f9\f9_clinvar_training.tsv,GRCh38,X,139562042,139562042,na,na,139562042,T,C,137852269,True,X-139562042-T-C,,,,False,,False,0.0106895827980365,urn:mavedb:00001200-d-1,F9 MultiSTEP F9 Gla domain scores,True,True,True,True,False,coordinate_mavedb_complete_gnomad_missing,False,,,,,,
F9,p.Tyr115Cys,Pathogenic,"criteria provided, multiple submitters, no conflicts",810872,NM_000133.4(F9):c.344A>G (p.Tyr115Cys),"Feb 25, 2025",combined_external,C:\Users\Wesley Capucho\Documents\IA dos números primos\data\raw\multigene\f9\f9_combined_external.tsv,GRCh38,X,139541142,139541142,na,na,139541142,A,G,1603264727,True,X-139541142-A-G,,,,False,,False,0.2827989401691227,urn:mavedb:00001200-d-1,F9 MultiSTEP F9 Gla domain scores,True,True,True,True,False,coordinate_mavedb_complete_gnomad_missing,False,,,,,,
F9,p.Tyr161Cys,Likely pathogenic,"criteria provided, single submitter",963994,NM_000133.4(F9):c.482A>G (p.Tyr161Cys),"Sep 09, 2019",training,C:\Users\Wesley Capucho\Documents\IA dos números primos\data\raw\multigene\f9\f9_clinvar_training.tsv,GRCh38,X,139548453,139548453,na,na,139548453,A,G,1927768329,True,X-139548453-A-G,,,,False,,False,0.0094577148195426,urn:mavedb:00001200-d-1,F9 MultiSTEP F9 Gla domain scores,True,True,True,True,False,coordinate_mavedb_complete_gnomad_missing,False,,,,,,
F9,p.Tyr305Cys,Likely pathogenic,no assertion criteria provided,812973,NM_000133.4(F9):c.914A>G (p.Tyr305Cys),-,training,C:\Users\Wesley Capucho\Documents\IA dos números primos\data\raw\multigene\f9\f9_clinvar_training.tsv,GRCh38,X,139561599,139561599,na,na,139561599,A,G,1603267332,True,X-139561599-A-G,,,,False,,False,0.0244539785702231,urn:mavedb:00001200-d-1,F9 MultiSTEP F9 Gla domain scores,True,True,True,True,False,coordinate_mavedb_complete_gnomad_missing,False,,,,,,
F9,p.Tyr450Cys,Likely pathogenic,"criteria provided, single submitter",4542502,NM_000133.4(F9):c.1349A>G (p.Tyr450Cys),"Sep 02, 2025",training,C:\Users\Wesley Capucho\Documents\IA dos números primos\data\raw\multigene\f9\f9_clinvar_training.tsv,GRCh38,X,139562034,139562034,na,na,139562034,A,G,-1,True,X-139562034-A-G,,,,False,,False,0.0328291068654624,urn:mavedb:00001200-d-1,F9 MultiSTEP F9 Gla domain scores,True,True,True,True,False,coordinate_mavedb_complete_gnomad_missing,False,,,,,,
F9,p.Tyr91Asn,Likely pathogenic,no assertion criteria provided,1684374,NM_000133.4(F9):c.271T>A (p.Tyr91Asn),-,training,C:\Users\Wesley Capucho\Documents\IA dos números primos\data\raw\multigene\f9\f9_clinvar_training.tsv,GRCh38,X,139537380,139537380,na,na,139537380,T,A,1927507602,True,X-139537380-T-A,,,,False,,False,0.6934059777101703,urn:mavedb:00001200-d-1,F9 MultiSTEP F9 Gla domain scores,True,True,True,True,False,coordinate_mavedb_complete_gnomad_missing,False,,,,,,
F9,p.Val153Ala,Likely pathogenic,"criteria provided, single submitter",3380933,NM_000133.4(F9):c.458T>C (p.Val153Ala),"Aug 21, 2024",training,C:\Users\Wesley Capucho\Documents\IA dos números primos\data\raw\multigene\f9\f9_clinvar_training.tsv,GRCh38,X,139548429,139548429,na,na,139548429,T,C,-1,True,X-139548429-T-C,,,,False,,False,0.9562247707534904,urn:mavedb:00001200-d-1,F9 MultiSTEP F9 Gla domain scores,True,True,True,True,False,coordinate_mavedb_complete_gnomad_missing,False,,,,,,
F9,p.Val153Met,Likely pathogenic,no assertion criteria provided,2631132,NM_000133.4(F9):c.457G>A (p.Val153Met),"Dec 06, 2023",training,C:\Users\Wesley Capucho\Documents\IA dos números primos\data\raw\multigene\f9\f9_clinvar_training.tsv,GRCh38,X,139548428,139548428,na,na,139548428,G,A,1927766998,True,X-139548428-G-A,,,,False,,False,0.9651737980591352,urn:mavedb:00001200-d-1,F9 MultiSTEP F9 Gla domain scores,True,True,True,True,False,coordinate_mavedb_complete_gnomad_missing,False,,,,,,
F9,p.Val174Met,Likely pathogenic,reviewed by expert panel,811516,NM_000133.4(F9):c.520G>A (p.Val174Met),"Nov 05, 2024",combined_external,C:\Users\Wesley Capucho\Documents\IA dos números primos\data\raw\multigene\f9\f9_combined_external.tsv,GRCh38,X,139548491,139548491,na,na,139548491,G,A,1603265504,True,X-139548491-G-A,,,,False,,False,0.806129741664252,urn:mavedb:00001200-d-1,F9 MultiSTEP F9 Gla domain scores,True,True,True,True,False,coordinate_mavedb_complete_gnomad_missing,False,,,,,,
F9,p.Val181Phe,Pathogenic,no assertion criteria provided,10592,NM_000133.4(F9):c.541G>T (p.Val181Phe),"Oct 09, 2017",training,C:\Users\Wesley Capucho\Documents\IA dos números primos\data\raw\multigene\f9\f9_clinvar_training.tsv,GRCh38,X,139551082,139551082,na,na,139551082,G,T,387906477,True,X-139551082-G-T,,,,False,,False,0.6923441652205395,urn:mavedb:00001200-d-1,F9 MultiSTEP F9 Gla domain scores,True,True,True,True,False,coordinate_mavedb_complete_gnomad_missing,False,,,,,,
F9,p.Val195Gly,Likely benign,"criteria provided, single submitter",2184672,NM_000133.4(F9):c.584T>G (p.Val195Gly),"Aug 23, 2023",training,C:\Users\Wesley Capucho\Documents\IA dos números primos\data\raw\multigene\f9\f9_clinvar_training.tsv,GRCh38,X,139551125,139551125,na,na,139551125,T,G,374674030,True,X-139551125-T-G,,,,False,,False,1.0683572142925006,urn:mavedb:00001200-d-1,F9 MultiSTEP F9 Gla domain scores,True,True,True,True,False,coordinate_mavedb_complete_gnomad_missing,False,,,,,,
F9,p.Val227Ala,Pathogenic,"criteria provided, single submitter",4688182,NM_000133.4(F9):c.680T>C (p.Val227Ala),"Jan 30, 2026",training,C:\Users\Wesley Capucho\Documents\IA dos números primos\data\raw\multigene\f9\f9_clinvar_training.tsv,GRCh38,X,139551221,139551221,na,na,139551221,T,C,-1,True,X-139551221-T-C,,,,False,,False,1.0188720892522996,urn:mavedb:00001200-d-1,F9 MultiSTEP F9 Gla domain scores,True,True,True,True,False,coordinate_mavedb_complete_gnomad_missing,False,,,,,,
F9,p.Val227Ile,Benign,"criteria provided, single submitter",1596936,NM_000133.4(F9):c.679G>A (p.Val227Ile),"Nov 02, 2020",training,C:\Users\Wesley Capucho\Documents\IA dos números primos\data\raw\multigene\f9\f9_clinvar_training.tsv,GRCh38,X,139551220,139551220,na,na,139551220,G,A,137852242,True,X-139551220-G-A,,,,False,,False,1.024657254936364,urn:mavedb:00001200-d-1,F9 MultiSTEP F9 Gla domain scores,True,True,True,True,False,coordinate_mavedb_complete_gnomad_missing,False,,,,,,
F9,p.Val228Leu,Pathogenic,no assertion criteria provided,10594,NM_000133.4(F9):c.682G>C (p.Val228Leu),"Jun 01, 1990",training,C:\Users\Wesley Capucho\Documents\IA dos números primos\data\raw\multigene\f9\f9_clinvar_training.tsv,GRCh38,X,139551223,139551223,na,na,139551223,G,C,137852243,True,X-139551223-G-C,,,,False,,False,0.875481736943639,urn:mavedb:00001200-d-1,F9 MultiSTEP F9 Gla domain scores,True,True,True,True,False,coordinate_mavedb_complete_gnomad_missing,False,,,,,,
F9,p.Val228Phe,Pathogenic,no assertion criteria provided,10593,NM_000133.4(F9):c.682G>T (p.Val228Phe),"May 01, 1989",training,C:\Users\Wesley Capucho\Documents\IA dos números primos\data\raw\multigene\f9\f9_clinvar_training.tsv,GRCh38,X,139551223,139551223,na,na,139551223,G,T,137852243,True,X-139551223-G-T,,,,False,,False,0.9270860483489572,urn:mavedb:00001200-d-1,F9 MultiSTEP F9 Gla domain scores,True,True,True,True,False,coordinate_mavedb_complete_gnomad_missing,False,,,,,,
F9,p.Val30Ile,Likely pathogenic,reviewed by expert panel,651569,NM_000133.4(F9):c.88G>A (p.Val30Ile),"May 09, 2024",combined_external,C:\Users\Wesley Capucho\Documents\IA dos números primos\data\raw\multigene\f9\f9_combined_external.tsv,GRCh38,X,139530852,139530852,na,na,139530852,G,A,1603263395,True,X-139530852-G-A,,,,False,,False,1.039431655326593,urn:mavedb:00001200-d-1,F9 MultiSTEP F9 Gla domain scores,True,True,True,True,False,coordinate_mavedb_complete_gnomad_missing,False,,,,,,
F9,p.Val30Leu,Pathogenic,"criteria provided, single submitter",627400,NM_000133.4(F9):c.88G>C (p.Val30Leu),"Feb 01, 2019",training,C:\Users\Wesley Capucho\Documents\IA dos números primos\data\raw\multigene\f9\f9_clinvar_training.tsv,GRCh38,X,139530852,139530852,na,na,139530852,G,C,1603263395,True,X-139530852-G-C,,,,False,,False,1.0416182027575591,urn:mavedb:00001200-d-1,F9 MultiSTEP F9 Gla domain scores,True,True,True,True,False,coordinate_mavedb_complete_gnomad_missing,False,,,,,,
F9,p.Val353Ala,Pathogenic,"criteria provided, multiple submitters, no conflicts",10608,NM_000133.4(F9):c.1058T>C (p.Val353Ala),"Mar 07, 2025",combined_external,C:\Users\Wesley Capucho\Documents\IA dos números primos\data\raw\multigene\f9\f9_combined_external.tsv,GRCh38,X,139561743,139561743,na,na,139561743,T,C,137852255,True,X-139561743-T-C,,,,False,,False,0.7542690999859788,urn:mavedb:00001200-d-1,F9 MultiSTEP F9 Gla domain scores,True,True,True,True,False,coordinate_mavedb_complete_gnomad_missing,False,,,,,,
F9,p.Val374Phe,Pathogenic,"criteria provided, single submitter",10639,NM_000133.4(F9):c.1120G>T (p.Val374Phe),"Dec 18, 2018",training,C:\Users\Wesley Capucho\Documents\IA dos números primos\data\raw\multigene\f9\f9_clinvar_training.tsv,GRCh38,X,139561805,139561805,na,na,139561805,G,T,137852271,True,X-139561805-G-T,,,,False,,False,0.0870666943821606,urn:mavedb:00001200-d-1,F9 MultiSTEP F9 Gla domain scores,True,True,True,True,False,coordinate_mavedb_complete_gnomad_missing,False,,,,,,
F9,p.Val377Leu,Likely pathogenic,no assertion criteria provided,3774330,NM_000133.4(F9):c.1129G>C (p.Val377Leu),"Mar 04, 2025",training,C:\Users\Wesley Capucho\Documents\IA dos números primos\data\raw\multigene\f9\f9_clinvar_training.tsv,GRCh38,X,139561814,139561814,na,na,139561814,G,C,-1,True,X-139561814-G-C,,,,False,,False,0.8603308812973454,urn:mavedb:00001200-d-1,F9 MultiSTEP F9 Gla domain scores,True,True,True,True,False,coordinate_mavedb_complete_gnomad_missing,False,,,,,,
F9,p.Val419Glu,Pathogenic,no assertion criteria provided,10658,NM_000133.4(F9):c.1256T>A (p.Val419Glu),"Jan 01, 1994",training,C:\Users\Wesley Capucho\Documents\IA dos números primos\data\raw\multigene\f9\f9_clinvar_training.tsv,GRCh38,X,139561941,139561941,na,na,139561941,T,A,137852280,True,X-139561941-T-A,,,,False,,False,0.0414045456672491,urn:mavedb:00001200-d-1,F9 MultiSTEP F9 Gla domain scores,True,True,True,True,False,coordinate_mavedb_complete_gnomad_missing,False,,,,,,
F9,p.Val419Gly,Likely pathogenic,"criteria provided, single submitter",618116,NM_000133.4(F9):c.1256T>G (p.Val419Gly),"Jun 19, 2019",training,C:\Users\Wesley Capucho\Documents\IA dos números primos\data\raw\multigene\f9\f9_clinvar_training.tsv,GRCh38,X,139561941,139561941,na,na,139561941,T,G,137852280,True,X-139561941-T-G,,,,False,,False,0.015318460669121,urn:mavedb:00001200-d-1,F9 MultiSTEP F9 Gla domain scores,True,True,True,True,False,coordinate_mavedb_complete_gnomad_missing,False,,,,,,
GCK,p.Ala119Asp,Likely pathogenic,"criteria provided, single submitter",1338287,NM_000162.5(GCK):c.356C>A (p.Ala119Asp),"Aug 09, 2018",training,C:\Users\Wesley Capucho\Documents\IA dos números primos\data\raw\multigene\gck\gck_clinvar_training.tsv,GRCh38,7,44152278,44152278,na,na,44152278,G,T,1176659689,True,7-44152278-G-T,,,,False,,False,0.7894297911555341,urn:mavedb:00000096-b-1,GCK variant abundance measured by DHFR-PCA,True,True,True,True,False,coordinate_mavedb_complete_gnomad_missing,False,,,,,,
GCK,p.Ala11Thr,Benign,reviewed by expert panel,129141,NM_000162.5(GCK):c.31G>A (p.Ala11Thr),"Oct 28, 2025",combined_external,C:\Users\Wesley Capucho\Documents\IA dos números primos\data\raw\multigene\gck\gck_combined_external.tsv,GRCh38,7,44188923,44188923,na,na,44188923,C,T,116093166,True,7-44188923-C-T,,,,False,,False,1.23309371739251,urn:mavedb:00000096-b-1,GCK variant abundance measured by DHFR-PCA,True,True,True,True,True,coordinate_gnomad_mavedb_complete,True,found,0.0006698139025725232,979.0,1461600.0,GRCh38,
GCK,p.Ala188Pro,Likely pathogenic,"criteria provided, single submitter",2502089,NM_000162.5(GCK):c.562G>C (p.Ala188Pro),"Nov 14, 2022",training,C:\Users\Wesley Capucho\Documents\IA dos números primos\data\raw\multigene\gck\gck_clinvar_training.tsv,GRCh38,7,44149986,44149986,na,na,44149986,C,G,751279776,True,7-44149986-C-G,,,,False,,False,0.247648445531288,urn:mavedb:00000096-b-1,GCK variant abundance measured by DHFR-PCA,True,True,True,True,False,coordinate_mavedb_complete_gnomad_missing,False,,,,,,
GCK,p.Ala188Thr,Pathogenic,"criteria provided, multiple submitters, no conflicts",804849,NM_000162.5(GCK):c.562G>A (p.Ala188Thr),"Jan 10, 2026",combined_external,C:\Users\Wesley Capucho\Documents\IA dos números primos\data\raw\multigene\gck\gck_combined_external.tsv,GRCh38,7,44149986,44149986,na,na,44149986,C,T,751279776,True,7-44149986-C-T,,,,False,,False,0.75786764226746,urn:mavedb:00000096-b-1,GCK variant abundance measured by DHFR-PCA,True,True,True,True,True,coordinate_gnomad_mavedb_complete,True,found,2.0524524754629305e-06,3.0,1461666.0,GRCh38,
GCK,p.Ala201Ser,Pathogenic,reviewed by expert panel,198050,NM_000162.5(GCK):c.601G>T (p.Ala201Ser),"Feb 23, 2024",combined_external,C:\Users\Wesley Capucho\Documents\IA dos números primos\data\raw\multigene\gck\gck_combined_external.tsv,GRCh38,7,44149838,44149838,na,na,44149838,C,A,794727775,True,7-44149838-C-A,,,,False,,False,0.996035478474542,urn:mavedb:00000096-b-1,GCK variant abundance measured by DHFR-PCA,True,True,True,True,False,coordinate_mavedb_complete_gnomad_missing,True,query_error,,,,,HTTP Error 429: Too Many Requests
GCK,p.Ala208Pro,Likely pathogenic,reviewed by expert panel,2691827,NM_000162.5(GCK):c.622G>C (p.Ala208Pro),"Jan 22, 2024",combined_external,C:\Users\Wesley Capucho\Documents\IA dos números primos\data\raw\multigene\gck\gck_combined_external.tsv,GRCh38,7,44149817,44149817,na,na,44149817,C,G,1476637197,True,7-44149817-C-G,,,,False,,False,0.534647588962252,urn:mavedb:00000096-b-1,GCK variant abundance measured by DHFR-PCA,True,True,True,True,False,coordinate_mavedb_complete_gnomad_missing,True,query_error,,,,,HTTP Error 429: Too Many Requests
GCK,p.Ala208Thr,Pathogenic,reviewed by expert panel,804344,NM_000162.5(GCK):c.622G>A (p.Ala208Thr),"Feb 11, 2025",combined_external,C:\Users\Wesley Capucho\Documents\IA dos números primos\data\raw\multigene\gck\gck_combined_external.tsv,GRCh38,7,44149817,44149817,na,na,44149817,C,T,1476637197,True,7-44149817-C-T,,,,False,,False,0.728543115343965,urn:mavedb:00000096-b-1,GCK variant abundance measured by DHFR-PCA,True,True,True,True,False,coordinate_mavedb_complete_gnomad_missing,True,query_error,,,,,HTTP Error 429: Too Many Requests
GCK,p.Ala208Val,Pathogenic,reviewed by expert panel,447411,NM_000162.5(GCK):c.623C>T (p.Ala208Val),"Jan 18, 2024",combined_external,C:\Users\Wesley Capucho\Documents\IA dos números primos\data\raw\multigene\gck\gck_combined_external.tsv,GRCh38,7,44149816,44149816,na,na,44149816,G,A,746913146,True,7-44149816-G-A,,,,False,,False,0.713643338058558,urn:mavedb:00000096-b-1,GCK variant abundance measured by DHFR-PCA,True,True,True,True,False,coordinate_mavedb_complete_gnomad_missing,True,query_error,,,,,HTTP Error 429: Too Many Requests
GCK,p.Ala232Asp,Pathogenic,"criteria provided, single submitter",1756314,NM_000162.5(GCK):c.695C>A (p.Ala232Asp),"Aug 30, 2015",training,C:\Users\Wesley Capucho\Documents\IA dos números primos\data\raw\multigene\gck\gck_clinvar_training.tsv,GRCh38,7,44147818,44147818,na,na,44147818,G,T,2484514960,True,7-44147818-G-T,,,,False,,False,0.544270316285028,urn:mavedb:00000096-b-1,GCK variant abundance measured by DHFR-PCA,True,True,True,True,False,coordinate_mavedb_complete_gnomad_missing,False,,,,,,
GCK,p.Ala259Ser,Likely pathogenic,reviewed by expert panel,2578354,NM_000162.5(GCK):c.775G>T (p.Ala259Ser),"Aug 12, 2023",combined_external,C:\Users\Wesley Capucho\Documents\IA dos números primos\data\raw\multigene\gck\gck_combined_external.tsv,GRCh38,7,44147738,44147738,na,na,44147738,C,A,1375656631,True,7-44147738-C-A,,,,False,,False,0.718203630849908,urn:mavedb:00000096-b-1,GCK variant abundance measured by DHFR-PCA,True,True,True,True,False,coordinate_mavedb_complete_gnomad_missing,True,query_error,,,,,HTTP Error 429: Too Many Requests
GCK,p.Ala259Thr,Pathogenic,reviewed by expert panel,435302,NM_000162.5(GCK):c.775G>A (p.Ala259Thr),"Aug 12, 2023",combined_external,C:\Users\Wesley Capucho\Documents\IA dos números primos\data\raw\multigene\gck\gck_combined_external.tsv,GRCh38,7,44147738,44147738,na,na,44147738,C,T,1375656631,True,7-44147738-C-T,,,,False,,False,1.02833974628914,urn:mavedb:00000096-b-1,GCK variant abundance measured by DHFR-PCA,True,True,True,True,False,coordinate_mavedb_complete_gnomad_missing,True,query_error,,,,,HTTP Error 429: Too Many Requests
GCK,p.Ala259Val,Pathogenic,reviewed by expert panel,447417,NM_000162.5(GCK):c.776C>T (p.Ala259Val),"Aug 12, 2023",combined_external,C:\Users\Wesley Capucho\Documents\IA dos números primos\data\raw\multigene\gck\gck_combined_external.tsv,GRCh38,7,44147737,44147737,na,na,44147737,G,A,1554335132,True,7-44147737-G-A,,,,False,,False,0.7469481168038,urn:mavedb:00000096-b-1,GCK variant abundance measured by DHFR-PCA,True,True,True,True,False,coordinate_mavedb_complete_gnomad_missing,False,,,,,,
GCK,p.Ala378Asp,Pathogenic,reviewed by expert panel,2664370,NM_000162.5(GCK):c.1133C>A (p.Ala378Asp),"Nov 22, 2023",combined_external,C:\Users\Wesley Capucho\Documents\IA dos números primos\data\raw\multigene\gck\gck_combined_external.tsv,GRCh38,7,44145617,44145617,na,na,44145617,G,T,193929374,True,7-44145617-G-T,,,,False,,False,,,,False,False,True,True,False,coordinate_ready_annotation_missing,False,,,,,,
GCK,p.Ala378Gly,Likely pathogenic,reviewed by expert panel,972776,NM_000162.5(GCK):c.1133C>G (p.Ala378Gly),"Aug 07, 2023",combined_external,C:\Users\Wesley Capucho\Documents\IA dos números primos\data\raw\multigene\gck\gck_combined_external.tsv,GRCh38,7,44145617,44145617,na,na,44145617,G,C,193929374,True,7-44145617-G-C,,,,False,,False,0.96109736357161,urn:mavedb:00000096-b-1,GCK variant abundance measured by DHFR-PCA,True,True,True,True,False,coordinate_mavedb_complete_gnomad_missing,False,,,,,,
GCK,p.Ala378Pro,Likely pathogenic,reviewed by expert panel,2628365,NM_000162.5(GCK):c.1132G>C (p.Ala378Pro),"Oct 03, 2023",combined_external,C:\Users\Wesley Capucho\Documents\IA dos números primos\data\raw\multigene\gck\gck_combined_external.tsv,GRCh38,7,44145618,44145618,na,na,44145618,C,G,104894016,True,7-44145618-C-G,,,,False,,False,0.0771447396073061,urn:mavedb:00000096-b-1,GCK variant abundance measured by DHFR-PCA,True,True,True,True,False,coordinate_mavedb_complete_gnomad_missing,False,,,,,,
GCK,p.Ala378Thr,Pathogenic,reviewed by expert panel,16145,NM_000162.5(GCK):c.1132G>A (p.Ala378Thr),"Aug 07, 2023",combined_external,C:\Users\Wesley Capucho\Documents\IA dos números primos\data\raw\multigene\gck\gck_combined_external.tsv,GRCh38,7,44145618,44145618,na,na,44145618,C,T,104894016,True,7-44145618-C-T,,,,False,,False,0.485842974396589,urn:mavedb:00000096-b-1,GCK variant abundance measured by DHFR-PCA,True,True,True,True,False,coordinate_mavedb_complete_gnomad_missing,False,,,,,,
GCK,p.Ala378Val,Pathogenic,reviewed by expert panel,21076,NM_000162.5(GCK):c.1133C>T (p.Ala378Val),"Aug 08, 2023",combined_external,C:\Users\Wesley Capucho\Documents\IA dos números primos\data\raw\multigene\gck\gck_combined_external.tsv,GRCh38,7,44145617,44145617,na,na,44145617,G,A,193929374,True,7-44145617-G-A,,,,False,,False,0.703555183371063,urn:mavedb:00000096-b-1,GCK variant abundance measured by DHFR-PCA,True,True,True,True,False,coordinate_mavedb_complete_gnomad_missing,False,,,,,,
GCK,p.Ala379Glu,Likely pathogenic,reviewed by expert panel,36177,NM_000162.5(GCK):c.1136C>A (p.Ala379Glu),"Jul 17, 2023",combined_external,C:\Users\Wesley Capucho\Documents\IA dos números primos\data\raw\multigene\gck\gck_combined_external.tsv,GRCh38,7,44145614,44145614,na,na,44145614,G,T,193922265,True,7-44145614-G-T,,,,False,,False,,,,False,False,True,True,False,coordinate_ready_annotation_missing,False,,,,,,
GCK,p.Ala379Gly,Likely pathogenic,reviewed by expert panel,447382,NM_000162.5(GCK):c.1136C>G (p.Ala379Gly),"Mar 31, 2024",combined_external,C:\Users\Wesley Capucho\Documents\IA dos números primos\data\raw\multigene\gck\gck_combined_external.tsv,GRCh38,7,44145614,44145614,na,na,44145614,G,C,193922265,True,7-44145614-G-C,,,,False,,False,0.8914840682209619,urn:mavedb:00000096-b-1,GCK variant abundance measured by DHFR-PCA,True,True,True,True,False,coordinate_mavedb_complete_gnomad_missing,False,,,,,,
GCK,p.Ala379Val,Likely pathogenic,reviewed by expert panel,804834,NM_000162.5(GCK):c.1136C>T (p.Ala379Val),"Aug 01, 2023",combined_external,C:\Users\Wesley Capucho\Documents\IA dos números primos\data\raw\multigene\gck\gck_combined_external.tsv,GRCh38,7,44145614,44145614,na,na,44145614,G,A,193922265,True,7-44145614-G-A,,,,False,,False,0.7692322944328629,urn:mavedb:00000096-b-1,GCK variant abundance measured by DHFR-PCA,True,True,True,True,False,coordinate_mavedb_complete_gnomad_missing,False,,,,,,
GCK,p.Ala384Glu,Pathogenic,reviewed by expert panel,2136509,NM_000162.5(GCK):c.1151C>A (p.Ala384Glu),"Jun 06, 2025",combined_external,C:\Users\Wesley Capucho\Documents\IA dos números primos\data\raw\multigene\gck\gck_combined_external.tsv,GRCh38,7,44145599,44145599,na,na,44145599,G,T,1583591747,True,7-44145599-G-T,,,,False,,False,0.0919854883827273,urn:mavedb:00000096-b-1,GCK variant abundance measured by DHFR-PCA,True,True,True,True,False,coordinate_mavedb_complete_gnomad_missing,False,,,,,,
GCK,p.Ala384Thr,Likely pathogenic,reviewed by expert panel,1734018,NM_000162.5(GCK):c.1150G>A (p.Ala384Thr),"Jun 06, 2025",combined_external,C:\Users\Wesley Capucho\Documents\IA dos números primos\data\raw\multigene\gck\gck_combined_external.tsv,GRCh38,7,44145600,44145600,na,na,44145600,C,T,1376620210,True,7-44145600-C-T,,,,False,,False,0.942233250903826,urn:mavedb:00000096-b-1,GCK variant abundance measured by DHFR-PCA,True,True,True,True,False,coordinate_mavedb_complete_gnomad_missing,False,,,,,,
GCK,p.Ala384Val,Likely pathogenic,reviewed by expert panel,804836,NM_000162.5(GCK):c.1151C>T (p.Ala384Val),"Jun 06, 2025",combined_external,C:\Users\Wesley Capucho\Documents\IA dos números primos\data\raw\multigene\gck\gck_combined_external.tsv,GRCh38,7,44145599,44145599,na,na,44145599,G,A,1583591747,True,7-44145599-G-A,,,,False,,False,0.963046106118823,urn:mavedb:00000096-b-1,GCK variant abundance measured by DHFR-PCA,True,True,True,True,False,coordinate_mavedb_complete_gnomad_missing,False,,,,,,
GCK,p.Ala387Glu,Likely pathogenic,reviewed by expert panel,36181,NM_000162.5(GCK):c.1160C>A (p.Ala387Glu),"Feb 28, 2024",combined_external,C:\Users\Wesley Capucho\Documents\IA dos números primos\data\raw\multigene\gck\gck_combined_external.tsv,GRCh38,7,44145590,44145590,na,na,44145590,G,T,193921338,True,7-44145590-G-T,,,,False,,False,-0.106697788432006,urn:mavedb:00000096-b-1,GCK variant abundance measured by DHFR-PCA,True,True,True,True,False,coordinate_mavedb_complete_gnomad_missing,False,,,,,,
GCK,p.Ala387Thr,Pathogenic,reviewed by expert panel,3024417,NM_000162.5(GCK):c.1159G>A (p.Ala387Thr),"Feb 28, 2024",combined_external,C:\Users\Wesley Capucho\Documents\IA dos números primos\data\raw\multigene\gck\gck_combined_external.tsv,GRCh38,7,44145591,44145591,na,na,44145591,C,T,2096271511,True,7-44145591-C-T,,,,False,,False,0.249435288329088,urn:mavedb:00000096-b-1,GCK variant abundance measured by DHFR-PCA,True,True,True,True,False,coordinate_mavedb_complete_gnomad_missing,False,,,,,,
GCK,p.Ala387Val,Pathogenic,reviewed by expert panel,36182,NM_000162.5(GCK):c.1160C>T (p.Ala387Val),"Feb 28, 2024",combined_external,C:\Users\Wesley Capucho\Documents\IA dos números primos\data\raw\multigene\gck\gck_combined_external.tsv,GRCh38,7,44145590,44145590,na,na,44145590,G,A,193921338,True,7-44145590-G-A,,,,False,,False,0.448152352638183,urn:mavedb:00000096-b-1,GCK variant abundance measured by DHFR-PCA,True,True,True,True,False,coordinate_mavedb_complete_gnomad_missing,False,,,,,,
GCK,p.Ala449Ser,Likely pathogenic,reviewed by expert panel,3233991,NM_000162.5(GCK):c.1345G>T (p.Ala449Ser),"Apr 27, 2024",combined_external,C:\Users\Wesley Capucho\Documents\IA dos números primos\data\raw\multigene\gck\gck_combined_external.tsv,GRCh38,7,44145189,44145189,na,na,44145189,C,A,193922282,True,7-44145189-C-A,,,,False,,False,0.941106795853885,urn:mavedb:00000096-b-1,GCK variant abundance measured by DHFR-PCA,True,True,True,True,False,coordinate_mavedb_complete_gnomad_missing,False,,,,,,
GCK,p.Ala449Thr,Pathogenic,reviewed by expert panel,36199,NM_000162.5(GCK):c.1345G>A (p.Ala449Thr),"Apr 27, 2024",combined_external,C:\Users\Wesley Capucho\Documents\IA dos números primos\data\raw\multigene\gck\gck_combined_external.tsv,GRCh38,7,44145189,44145189,na,na,44145189,C,T,193922282,True,7-44145189-C-T,,,,False,,False,1.12258658584021,urn:mavedb:00000096-b-1,GCK variant abundance measured by DHFR-PCA,True,True,True,True,False,coordinate_mavedb_complete_gnomad_missing,False,,,,,,
GCK,p.Ala450Ser,Pathogenic/Likely pathogenic,"criteria provided, multiple submitters, no conflicts",1770532,NM_000162.5(GCK):c.1348G>T (p.Ala450Ser),"Jun 14, 2025",combined_external,C:\Users\Wesley Capucho\Documents\IA dos números primos\data\raw\multigene\gck\gck_combined_external.tsv,GRCh38,7,44145186,44145186,na,na,44145186,C,A,2484492011,True,7-44145186-C-A,,,,False,,False,0.885342087440408,urn:mavedb:00000096-b-1,GCK variant abundance measured by DHFR-PCA,True,True,True,True,False,coordinate_mavedb_complete_gnomad_missing,False,,,,,,
GCK,p.Ala454Glu,Likely pathogenic,reviewed by expert panel,393447,NM_000162.5(GCK):c.1361C>A (p.Ala454Glu),"Mar 31, 2024",combined_external,C:\Users\Wesley Capucho\Documents\IA dos números primos\data\raw\multigene\gck\gck_combined_external.tsv,GRCh38,7,44145173,44145173,na,na,44145173,G,T,1057524900,True,7-44145173-G-T,,,,False,,False,1.04420312612802,urn:mavedb:00000096-b-1,GCK variant abundance measured by DHFR-PCA,True,True,True,True,False,coordinate_mavedb_complete_gnomad_missing,False,,,,,,
GCK,p.Ala454Val,Likely pathogenic,reviewed by expert panel,3068512,NM_000162.5(GCK):c.1361C>T (p.Ala454Val),"Mar 31, 2024",combined_external,C:\Users\Wesley Capucho\Documents\IA dos números primos\data\raw\multigene\gck\gck_combined_external.tsv,GRCh38,7,44145173,44145173,na,na,44145173,G,A,1057524900,True,7-44145173-G-A,,,,False,,False,0.7936179755231171,urn:mavedb:00000096-b-1,GCK variant abundance measured by DHFR-PCA,True,True,True,True,False,coordinate_mavedb_complete_gnomad_missing,False,,,,,,
GCK,p.Ala456Val,Pathogenic,"criteria provided, multiple submitters, no conflicts",16143,NM_000162.5(GCK):c.1367C>T (p.Ala456Val),"Jan 28, 2023",combined_external,C:\Users\Wesley Capucho\Documents\IA dos números primos\data\raw\multigene\gck\gck_combined_external.tsv,GRCh38,7,44145167,44145167,na,na,44145167,G,A,104894014,True,7-44145167-G-A,,,,False,,False,0.8998273635872349,urn:mavedb:00000096-b-1,GCK variant abundance measured by DHFR-PCA,True,True,True,True,False,coordinate_mavedb_complete_gnomad_missing,False,,,,,,
GCK,p.Arg155Ser,Likely pathogenic,reviewed by expert panel,2628364,NM_000162.5(GCK):c.465G>T (p.Arg155Ser),"Oct 03, 2023",combined_external,C:\Users\Wesley Capucho\Documents\IA dos números primos\data\raw\multigene\gck\gck_combined_external.tsv,GRCh38,7,44150974,44150974,na,na,44150974,C,A,757281286,True,7-44150974-C-A,,,,False,,False,1.19712438831914,urn:mavedb:00000096-b-1,GCK variant abundance measured by DHFR-PCA,True,True,True,True,False,coordinate_mavedb_complete_gnomad_missing,False,,,,,,
GCK,p.Arg155Thr,Likely pathogenic,reviewed by expert panel,447401,NM_000162.5(GCK):c.464G>C (p.Arg155Thr),"Apr 19, 2024",combined_external,C:\Users\Wesley Capucho\Documents\IA dos números primos\data\raw\multigene\gck\gck_combined_external.tsv,GRCh38,7,44150975,44150975,na,na,44150975,C,G,1554335573,True,7-44150975-C-G,,,,False,,False,0.7831941933375379,urn:mavedb:00000096-b-1,GCK variant abundance measured by DHFR-PCA,True,True,True,True,False,coordinate_mavedb_complete_gnomad_missing,False,,,,,,
GCK,p.Arg191Gln,Pathogenic,reviewed by expert panel,283358,NM_000162.5(GCK):c.572G>A (p.Arg191Gln),"Apr 19, 2024",combined_external,C:\Users\Wesley Capucho\Documents\IA dos números primos\data\raw\multigene\gck\gck_combined_external.tsv,GRCh38,7,44149976,44149976,na,na,44149976,C,T,886042610,True,7-44149976-C-T,,,,False,,False,0.5337965332643889,urn:mavedb:00000096-b-1,GCK variant abundance measured by DHFR-PCA,True,True,True,True,False,coordinate_mavedb_complete_gnomad_missing,False,,,,,,
GCK,p.Arg191Trp,Pathogenic,reviewed by expert panel,426122,NM_000162.5(GCK):c.571C>T (p.Arg191Trp),"Jul 23, 2023",combined_external,C:\Users\Wesley Capucho\Documents\IA dos números primos\data\raw\multigene\gck\gck_combined_external.tsv,GRCh38,7,44149977,44149977,na,na,44149977,G,A,1085307455,True,7-44149977-G-A,,,,False,,False,0.261710878559761,urn:mavedb:00000096-b-1,GCK variant abundance measured by DHFR-PCA,True,True,True,True,False,coordinate_mavedb_complete_gnomad_missing,False,,,,,,
GCK,p.Arg250Cys,Pathogenic,reviewed by expert panel,393451,NM_000162.5(GCK):c.748C>T (p.Arg250Cys),"Oct 25, 2023",combined_external,C:\Users\Wesley Capucho\Documents\IA dos números primos\data\raw\multigene\gck\gck_combined_external.tsv,GRCh38,7,44147765,44147765,na,na,44147765,G,A,1057524904,True,7-44147765-G-A,,,,False,,False,0.193907466067361,urn:mavedb:00000096-b-1,GCK variant abundance measured by DHFR-PCA,True,True,True,True,False,coordinate_mavedb_complete_gnomad_missing,False,,,,,,
GCK,p.Arg250His,Likely pathogenic,reviewed by expert panel,435311,NM_000162.5(GCK):c.749G>A (p.Arg250His),"Oct 25, 2023",combined_external,C:\Users\Wesley Capucho\Documents\IA dos números primos\data\raw\multigene\gck\gck_combined_external.tsv,GRCh38,7,44147764,44147764,na,na,44147764,C,T,370375148,True,7-44147764-C-T,,,,False,,False,0.906992270060771,urn:mavedb:00000096-b-1,GCK variant abundance measured by DHFR-PCA,True,True,True,True,False,coordinate_mavedb_complete_gnomad_missing,False,,,,,,
GCK,p.Arg275Cys,Pathogenic,reviewed by expert panel,585927,NM_000162.5(GCK):c.823C>T (p.Arg275Cys),"Sep 20, 2023",combined_external,C:\Users\Wesley Capucho\Documents\IA dos números primos\data\raw\multigene\gck\gck_combined_external.tsv,GRCh38,7,44147690,44147690,na,na,44147690,G,A,556436603,True,7-44147690-G-A,,,,False,,False,0.914701742984478,urn:mavedb:00000096-b-1,GCK variant abundance measured by DHFR-PCA,True,True,True,True,False,coordinate_mavedb_complete_gnomad_missing,False,,,,,,
GCK,p.Arg275Gly,Pathogenic,reviewed by expert panel,2664365,NM_000162.5(GCK):c.823C>G (p.Arg275Gly),"Jan 10, 2025",combined_external,C:\Users\Wesley Capucho\Documents\IA dos números primos\data\raw\multigene\gck\gck_combined_external.tsv,GRCh38,7,44147690,44147690,na,na,44147690,G,C,556436603,True,7-44147690-G-C,,,,False,,False,0.7247289867750161,urn:mavedb:00000096-b-1,GCK variant abundance measured by DHFR-PCA,True,True,True,True,False,coordinate_mavedb_complete_gnomad_missing,False,,,,,,
GCK,p.Arg275Leu,Likely pathogenic,reviewed by expert panel,435310,NM_000162.5(GCK):c.824G>T (p.Arg275Leu),"Jan 10, 2025",combined_external,C:\Users\Wesley Capucho\Documents\IA dos números primos\data\raw\multigene\gck\gck_combined_external.tsv,GRCh38,7,44147689,44147689,na,na,44147689,C,A,767565869,True,7-44147689-C-A,,,,False,,False,0.8491756074620379,urn:mavedb:00000096-b-1,GCK variant abundance measured by DHFR-PCA,True,True,True,True,False,coordinate_mavedb_complete_gnomad_missing,False,,,,,,
GCK,p.Arg275Pro,Likely pathogenic,reviewed by expert panel,2581126,NM_000162.5(GCK):c.824G>C (p.Arg275Pro),"Jan 10, 2025",combined_external,C:\Users\Wesley Capucho\Documents\IA dos números primos\data\raw\multigene\gck\gck_combined_external.tsv,GRCh38,7,44147689,44147689,na,na,44147689,C,G,767565869,True,7-44147689-C-G,,,,False,,False,0.489052001335704,urn:mavedb:00000096-b-1,GCK variant abundance measured by DHFR-PCA,True,True,True,True,False,coordinate_mavedb_complete_gnomad_missing,False,,,,,,
GCK,p.Arg303Gln,Likely pathogenic,"criteria provided, multiple submitters, no conflicts",435301,NM_000162.5(GCK):c.908G>A (p.Arg303Gln),"Sep 05, 2024",combined_external,C:\Users\Wesley Capucho\Documents\IA dos números primos\data\raw\multigene\gck\gck_combined_external.tsv,GRCh38,7,44146574,44146574,na,na,44146574,C,T,1312678560,True,7-44146574-C-T,,,,False,,False,0.746678871811154,urn:mavedb:00000096-b-1,GCK variant abundance measured by DHFR-PCA,True,True,True,True,False,coordinate_mavedb_complete_gnomad_missing,False,,,,,,
GCK,p.Arg303Leu,Pathogenic,"criteria provided, single submitter",447424,NM_000162.5(GCK):c.908G>T (p.Arg303Leu),"Nov 08, 2023",training,C:\Users\Wesley Capucho\Documents\IA dos números primos\data\raw\multigene\gck\gck_clinvar_training.tsv,GRCh38,7,44146574,44146574,na,na,44146574,C,A,1312678560,True,7-44146574-C-A,,,,False,,False,-0.194149023996932,urn:mavedb:00000096-b-1,GCK variant abundance measured by DHFR-PCA,True,True,True,True,False,coordinate_mavedb_complete_gnomad_missing,False,,,,,,
GCK,p.Arg303Trp,Likely pathogenic,"criteria provided, multiple submitters, no conflicts",36264,NM_000162.5(GCK):c.907C>T (p.Arg303Trp),"Dec 27, 2025",combined_external,C:\Users\Wesley Capucho\Documents\IA dos números primos\data\raw\multigene\gck\gck_combined_external.tsv,GRCh38,7,44146575,44146575,na,na,44146575,G,A,193922336,True,7-44146575-G-A,,,,False,,False,0.0228417097677071,urn:mavedb:00000096-b-1,GCK variant abundance measured by DHFR-PCA,True,True,True,True,False,coordinate_mavedb_complete_gnomad_missing,False,,,,,,
GCK,p.Arg369Cys,Likely pathogenic,"criteria provided, single submitter",4685066,NM_000162.5(GCK):c.1105C>T (p.Arg369Cys),"Jul 07, 2025",training,C:\Users\Wesley Capucho\Documents\IA dos números primos\data\raw\multigene\gck\gck_clinvar_training.tsv,GRCh38,7,44145645,44145645,na,na,44145645,G,A,-1,True,7-44145645-G-A,,,,False,,False,0.7333722382019101,urn:mavedb:00000096-b-1,GCK variant abundance measured by DHFR-PCA,True,True,True,True,False,coordinate_mavedb_complete_gnomad_missing,False,,,,,,
GCK,p.Arg369Pro,Pathogenic,"criteria provided, single submitter",2632567,NM_000162.5(GCK):c.1106G>C (p.Arg369Pro),"Jun 17, 2023",training,C:\Users\Wesley Capucho\Documents\IA dos números primos\data\raw\multigene\gck\gck_clinvar_training.tsv,GRCh38,7,44145644,44145644,na,na,44145644,C,G,1372420759,True,7-44145644-C-G,,,,False,,False,-0.571413688659232,urn:mavedb:00000096-b-1,GCK variant abundance measured by DHFR-PCA,True,True,True,True,False,coordinate_mavedb_complete_gnomad_missing,False,,,,,,
GCK,p.Arg36Trp,Pathogenic,reviewed by expert panel,431973,NM_000162.5(GCK):c.106C>T (p.Arg36Trp),"Feb 11, 2026",combined_external,C:\Users\Wesley Capucho\Documents\IA dos números primos\data\raw\multigene\gck\gck_combined_external.tsv,GRCh38,7,44153403,44153403,na,na,44153403,G,A,762263694,True,7-44153403-G-A,,,,False,,False,,,,False,False,True,True,False,coordinate_ready_annotation_missing,False,,,,,,
GCK,p.Arg377Cys,Pathogenic,reviewed by expert panel,585908,NM_000162.5(GCK):c.1129C>T (p.Arg377Cys),"Aug 08, 2023",combined_external,C:\Users\Wesley Capucho\Documents\IA dos números primos\data\raw\multigene\gck\gck_combined_external.tsv,GRCh38,7,44145621,44145621,na,na,44145621,G,A,1471992838,True,7-44145621-G-A,,,,False,,False,-0.415937172616984,urn:mavedb:00000096-b-1,GCK variant abundance measured by DHFR-PCA,True,True,True,True,False,coordinate_mavedb_complete_gnomad_missing,False,,,,,,
GCK,p.Arg377His,Likely pathogenic,reviewed by expert panel,36176,NM_000162.5(GCK):c.1130G>A (p.Arg377His),"Aug 08, 2023",combined_external,C:\Users\Wesley Capucho\Documents\IA dos números primos\data\raw\multigene\gck\gck_combined_external.tsv,GRCh38,7,44145620,44145620,na,na,44145620,C,T,193922264,True,7-44145620-C-T,,,,False,,False,-0.115016340677703,urn:mavedb:00000096-b-1,GCK variant abundance measured by DHFR-PCA,True,True,True,True,False,coordinate_mavedb_complete_gnomad_missing,False,,,,,,
GCK,p.Arg377Leu,Likely pathogenic,reviewed by expert panel,872751,NM_000162.5(GCK):c.1130G>T (p.Arg377Leu),"Nov 24, 2023",combined_external,C:\Users\Wesley Capucho\Documents\IA dos números primos\data\raw\multigene\gck\gck_combined_external.tsv,GRCh38,7,44145620,44145620,na,na,44145620,C,A,193922264,True,7-44145620-C-A,,,,False,,False,-0.0010890242402829,urn:mavedb:00000096-b-1,GCK variant abundance measured by DHFR-PCA,True,True,True,True,False,coordinate_mavedb_complete_gnomad_missing,False,,,,,,
GCK,p.Arg377Ser,Likely pathogenic,reviewed by expert panel,1727652,NM_000162.5(GCK):c.1129C>A (p.Arg377Ser),"Sep 20, 2023",combined_external,C:\Users\Wesley Capucho\Documents\IA dos números primos\data\raw\multigene\gck\gck_combined_external.tsv,GRCh38,7,44145621,44145621,na,na,44145621,G,T,1471992838,True,7-44145621-G-T,,,,False,,False,-0.134797240367917,urn:mavedb:00000096-b-1,GCK variant abundance measured by DHFR-PCA,True,True,True,True,False,coordinate_mavedb_complete_gnomad_missing,False,,,,,,
GCK,p.Arg392Cys,Pathogenic,reviewed by expert panel,585909,NM_000162.5(GCK):c.1174C>T (p.Arg392Cys),"Jul 16, 2023",combined_external,C:\Users\Wesley Capucho\Documents\IA dos números primos\data\raw\multigene\gck\gck_combined_external.tsv,GRCh38,7,44145576,44145576,na,na,44145576,G,A,1167124132,True,7-44145576-G-A,,,,False,,False,0.5560630639457421,urn:mavedb:00000096-b-1,GCK variant abundance measured by DHFR-PCA,True,True,True,True,False,coordinate_mavedb_complete_gnomad_missing,False,,,,,,
GCK,p.Arg392Gly,Likely pathogenic,reviewed by expert panel,1301416,NM_000162.5(GCK):c.1174C>G (p.Arg392Gly),"Nov 26, 2025",combined_external,C:\Users\Wesley Capucho\Documents\IA dos números primos\data\raw\multigene\gck\gck_combined_external.tsv,GRCh38,7,44145576,44145576,na,na,44145576,G,C,1167124132,True,7-44145576-G-C,,,,False,,False,0.18992341354515,urn:mavedb:00000096-b-1,GCK variant abundance measured by DHFR-PCA,True,True,True,True,False,coordinate_mavedb_complete_gnomad_missing,False,,,,,,
GCK,p.Arg392Leu,Pathogenic,reviewed by expert panel,36185,NM_000162.5(GCK):c.1175G>T (p.Arg392Leu),"Oct 17, 2024",combined_external,C:\Users\Wesley Capucho\Documents\IA dos números primos\data\raw\multigene\gck\gck_combined_external.tsv,GRCh38,7,44145575,44145575,na,na,44145575,C,A,193922269,True,7-44145575-C-A,,,,False,,False,0.663628410553104,urn:mavedb:00000096-b-1,GCK variant abundance measured by DHFR-PCA,True,True,True,True,False,coordinate_mavedb_complete_gnomad_missing,False,,,,,,
GCK,p.Arg392Pro,Likely pathogenic,reviewed by expert panel,2574162,NM_000162.5(GCK):c.1175G>C (p.Arg392Pro),"Sep 29, 2025",combined_external,C:\Users\Wesley Capucho\Documents\IA dos números primos\data\raw\multigene\gck\gck_combined_external.tsv,GRCh38,7,44145575,44145575,na,na,44145575,C,G,193922269,True,7-44145575-C-G,,,,False,,False,-0.0510890021729737,urn:mavedb:00000096-b-1,GCK variant abundance measured by DHFR-PCA,True,True,True,True,False,coordinate_mavedb_complete_gnomad_missing,False,,,,,,
GCK,p.Arg392Ser,Pathogenic,reviewed by expert panel,2581305,NM_000162.5(GCK):c.1174C>A (p.Arg392Ser),"Nov 26, 2025",combined_external,C:\Users\Wesley Capucho\Documents\IA dos números primos\data\raw\multigene\gck\gck_combined_external.tsv,GRCh38,7,44145576,44145576,na,na,44145576,G,T,1167124132,True,7-44145576-G-T,,,,False,,False,0.3636941822184039,urn:mavedb:00000096-b-1,GCK variant abundance measured by DHFR-PCA,True,True,True,True,False,coordinate_mavedb_complete_gnomad_missing,False,,,,,,
GCK,p.Arg394Leu,Likely pathogenic,reviewed by expert panel,1522625,NM_000162.5(GCK):c.1181G>T (p.Arg394Leu),"Apr 25, 2025",combined_external,C:\Users\Wesley Capucho\Documents\IA dos números primos\data\raw\multigene\gck\gck_combined_external.tsv,GRCh38,7,44145569,44145569,na,na,44145569,C,A,1235227560,True,7-44145569-C-A,,,,False,,False,0.5423625006987589,urn:mavedb:00000096-b-1,GCK variant abundance measured by DHFR-PCA,True,True,True,True,False,coordinate_mavedb_complete_gnomad_missing,False,,,,,,
GCK,p.Arg394Pro,Likely pathogenic,reviewed by expert panel,2169517,NM_000162.5(GCK):c.1181G>C (p.Arg394Pro),"Apr 22, 2025",combined_external,C:\Users\Wesley Capucho\Documents\IA dos números primos\data\raw\multigene\gck\gck_combined_external.tsv,GRCh38,7,44145569,44145569,na,na,44145569,C,G,1235227560,True,7-44145569-C-G,,,,False,,False,-0.340288214809546,urn:mavedb:00000096-b-1,GCK variant abundance measured by DHFR-PCA,True,True,True,True,False,coordinate_mavedb_complete_gnomad_missing,False,,,,,,
GCK,p.Arg394Ser,Likely pathogenic,reviewed by expert panel,3602130,NM_000162.5(GCK):c.1180C>A (p.Arg394Ser),"Apr 21, 2025",combined_external,C:\Users\Wesley Capucho\Documents\IA dos números primos\data\raw\multigene\gck\gck_combined_external.tsv,GRCh38,7,44145570,44145570,na,na,44145570,G,T,-1,True,7-44145570-G-T,,,,False,,False,0.526518675376604,urn:mavedb:00000096-b-1,GCK variant abundance measured by DHFR-PCA,True,True,True,True,False,coordinate_mavedb_complete_gnomad_missing,False,,,,,,
GCK,p.Arg397Cys,Likely pathogenic,reviewed by expert panel,2734991,NM_000162.5(GCK):c.1189C>T (p.Arg397Cys),"Sep 08, 2023",combined_external,C:\Users\Wesley Capucho\Documents\IA dos números primos\data\raw\multigene\gck\gck_combined_external.tsv,GRCh38,7,44145561,44145561,na,na,44145561,G,A,370464857,True,7-44145561-G-A,,,,False,,False,0.959574008424878,urn:mavedb:00000096-b-1,GCK variant abundance measured by DHFR-PCA,True,True,True,True,False,coordinate_mavedb_complete_gnomad_missing,False,,,,,,
GCK,p.Arg397Gly,Likely pathogenic,reviewed by expert panel,2578359,NM_000162.5(GCK):c.1189C>G (p.Arg397Gly),"Nov 23, 2023",combined_external,C:\Users\Wesley Capucho\Documents\IA dos números primos\data\raw\multigene\gck\gck_combined_external.tsv,GRCh38,7,44145561,44145561,na,na,44145561,G,C,370464857,True,7-44145561-G-C,,,,False,,False,0.521355675447478,urn:mavedb:00000096-b-1,GCK variant abundance measured by DHFR-PCA,True,True,True,True,False,coordinate_mavedb_complete_gnomad_missing,False,,,,,,
GCK,p.Arg397His,Likely pathogenic,reviewed by expert panel,995102,NM_000162.5(GCK):c.1190G>A (p.Arg397His),"Sep 08, 2023",combined_external,C:\Users\Wesley Capucho\Documents\IA dos números primos\data\raw\multigene\gck\gck_combined_external.tsv,GRCh38,7,44145560,44145560,na,na,44145560,C,T,193929375,True,7-44145560-C-T,,,,False,,False,,,,False,False,True,True,False,coordinate_ready_annotation_missing,False,,,,,,
GCK,p.Arg397Leu,Pathogenic,reviewed by expert panel,21077,NM_000162.5(GCK):c.1190G>T (p.Arg397Leu),"Jul 16, 2023",combined_external,C:\Users\Wesley Capucho\Documents\IA dos números primos\data\raw\multigene\gck\gck_combined_external.tsv,GRCh38,7,44145560,44145560,na,na,44145560,C,A,193929375,True,7-44145560-C-A,,,,False,,False,0.197241409677698,urn:mavedb:00000096-b-1,GCK variant abundance measured by DHFR-PCA,True,True,True,True,False,coordinate_mavedb_complete_gnomad_missing,False,,,,,,
GCK,p.Arg397Pro,Likely pathogenic,"criteria provided, single submitter",4077058,NM_000162.5(GCK):c.1190G>C (p.Arg397Pro),"Jul 28, 2025",training,C:\Users\Wesley Capucho\Documents\IA dos números primos\data\raw\multigene\gck\gck_clinvar_training.tsv,GRCh38,7,44145560,44145560,na,na,44145560,C,G,-1,True,7-44145560-C-G,,,,False,,False,0.2229293394803049,urn:mavedb:00000096-b-1,GCK variant abundance measured by DHFR-PCA,True,True,True,True,False,coordinate_mavedb_complete_gnomad_missing,False,,,,,,
GCK,p.Arg43Cys,Pathogenic,reviewed by expert panel,585911,NM_000162.5(GCK):c.127C>T (p.Arg43Cys),"Aug 13, 2023",combined_external,C:\Users\Wesley Capucho\Documents\IA dos números primos\data\raw\multigene\gck\gck_combined_external.tsv,GRCh38,7,44153382,44153382,na,na,44153382,G,A,1486280029,True,7-44153382-G-A,,,,False,,False,1.06197337199993,urn:mavedb:00000096-b-1,GCK variant abundance measured by DHFR-PCA,True,True,True,True,False,coordinate_mavedb_complete_gnomad_missing,False,,,,,,
GCK,p.Arg43His,Pathogenic,reviewed by expert panel,393453,NM_000162.5(GCK):c.128G>A (p.Arg43His),"Aug 25, 2023",combined_external,C:\Users\Wesley Capucho\Documents\IA dos números primos\data\raw\multigene\gck\gck_combined_external.tsv,GRCh38,7,44153381,44153381,na,na,44153381,C,T,764232985,True,7-44153381-C-T,,,,False,,False,0.48155798955372,urn:mavedb:00000096-b-1,GCK variant abundance measured by DHFR-PCA,True,True,True,True,False,coordinate_mavedb_complete_gnomad_missing,False,,,,,,
GCK,p.Arg43Pro,Likely pathogenic,"criteria provided, single submitter",585913,NM_000162.5(GCK):c.128G>C (p.Arg43Pro),"Jul 12, 2018",training,C:\Users\Wesley Capucho\Documents\IA dos números primos\data\raw\multigene\gck\gck_clinvar_training.tsv,GRCh38,7,44153381,44153381,na,na,44153381,C,G,764232985,True,7-44153381-C-G,,,,False,,False,0.129575771536999,urn:mavedb:00000096-b-1,GCK variant abundance measured by DHFR-PCA,True,True,True,True,False,coordinate_mavedb_complete_gnomad_missing,False,,,,,,
GCK,p.Arg43Ser,Pathogenic/Likely pathogenic,"criteria provided, multiple submitters, no conflicts",585910,NM_000162.5(GCK):c.127C>A (p.Arg43Ser),"Sep 01, 2024",combined_external,C:\Users\Wesley Capucho\Documents\IA dos números primos\data\raw\multigene\gck\gck_combined_external.tsv,GRCh38,7,44153382,44153382,na,na,44153382,G,T,1486280029,True,7-44153382-G-T,,,,False,,False,0.924171393493222,urn:mavedb:00000096-b-1,GCK variant abundance measured by DHFR-PCA,True,True,True,True,False,coordinate_mavedb_complete_gnomad_missing,False,,,,,,
GCK,p.Arg447Gln,Pathogenic/Likely pathogenic,"criteria provided, multiple submitters, no conflicts",429500,NM_000162.5(GCK):c.1340G>A (p.Arg447Gln),"Jul 20, 2025",combined_external,C:\Users\Wesley Capucho\Documents\IA dos números primos\data\raw\multigene\gck\gck_combined_external.tsv,GRCh38,7,44145194,44145194,na,na,44145194,C,T,1131691416,True,7-44145194-C-T,,,,False,,False,1.03044033939542,urn:mavedb:00000096-b-1,GCK variant abundance measured by DHFR-PCA,True,True,True,True,False,coordinate_mavedb_complete_gnomad_missing,False,,,,,,
GCK,p.Arg447Gly,Pathogenic/Likely pathogenic,"criteria provided, multiple submitters, no conflicts",36198,NM_000162.5(GCK):c.1339C>G (p.Arg447Gly),"Jan 26, 2024",combined_external,C:\Users\Wesley Capucho\Documents\IA dos números primos\data\raw\multigene\gck\gck_combined_external.tsv,GRCh38,7,44145195,44145195,na,na,44145195,G,C,193922281,True,7-44145195-G-C,,,,False,,False,0.947505508768448,urn:mavedb:00000096-b-1,GCK variant abundance measured by DHFR-PCA,True,True,True,True,False,coordinate_mavedb_complete_gnomad_missing,False,,,,,,
GCK,p.Arg447Pro,Likely pathogenic,"criteria provided, multiple submitters, no conflicts",804842,NM_000162.5(GCK):c.1340G>C (p.Arg447Pro),"Mar 10, 2025",combined_external,C:\Users\Wesley Capucho\Documents\IA dos números primos\data\raw\multigene\gck\gck_combined_external.tsv,GRCh38,7,44145194,44145194,na,na,44145194,C,G,1131691416,True,7-44145194-C-G,,,,False,,False,1.02335109502048,urn:mavedb:00000096-b-1,GCK variant abundance measured by DHFR-PCA,True,True,True,True,False,coordinate_mavedb_complete_gnomad_missing,False,,,,,,
GCK,p.Arg46Lys,Benign,"criteria provided, single submitter",1802664,NM_000162.5(GCK):c.137G>A (p.Arg46Lys),-,training,C:\Users\Wesley Capucho\Documents\IA dos números primos\data\raw\multigene\gck\gck_clinvar_training.tsv,GRCh38,7,44153372,44153372,na,na,44153372,C,T,1064796993,True,7-44153372-C-T,,,,False,,False,0.7879795669417529,urn:mavedb:00000096-b-1,GCK variant abundance measured by DHFR-PCA,True,True,True,True,False,coordinate_mavedb_complete_gnomad_missing,False,,,,,,
GCK,p.Asn204Lys,Likely pathogenic,"criteria provided, single submitter",3234078,NM_000162.5(GCK):c.612T>A (p.Asn204Lys),"Jan 12, 2024",training,C:\Users\Wesley Capucho\Documents\IA dos números primos\data\raw\multigene\gck\gck_clinvar_training.tsv,GRCh38,7,44149827,44149827,na,na,44149827,A,T,2484522862,True,7-44149827-A-T,,,,False,,False,0.194135642875578,urn:mavedb:00000096-b-1,GCK variant abundance measured by DHFR-PCA,True,True,True,True,False,coordinate_mavedb_complete_gnomad_missing,False,,,,,,
GCK,p.Asp124Asn,Pathogenic,reviewed by expert panel,211073,NM_000162.5(GCK):c.370G>A (p.Asp124Asn),"Nov 02, 2023",combined_external,C:\Users\Wesley Capucho\Documents\IA dos números primos\data\raw\multigene\gck\gck_combined_external.tsv,GRCh38,7,44151069,44151069,na,na,44151069,C,T,759072800,True,7-44151069-C-T,,,,False,,False,0.9083473371493608,urn:mavedb:00000096-b-1,GCK variant abundance measured by DHFR-PCA,True,True,True,True,False,coordinate_mavedb_complete_gnomad_missing,False,,,,,,
GCK,p.Asp124His,Pathogenic,reviewed by expert panel,447397,NM_000162.5(GCK):c.370G>C (p.Asp124His),"Mar 14, 2024",combined_external,C:\Users\Wesley Capucho\Documents\IA dos números primos\data\raw\multigene\gck\gck_combined_external.tsv,GRCh38,7,44151069,44151069,na,na,44151069,C,G,759072800,True,7-44151069-C-G,,,,False,,False,0.486823288532909,urn:mavedb:00000096-b-1,GCK variant abundance measured by DHFR-PCA,True,True,True,True,False,coordinate_mavedb_complete_gnomad_missing,False,,,,,,
GCK,p.Asp160Asn,Pathogenic,reviewed by expert panel,447404,NM_000162.5(GCK):c.478G>A (p.Asp160Asn),"Jan 22, 2026",combined_external,C:\Users\Wesley Capucho\Documents\IA dos números primos\data\raw\multigene\gck\gck_combined_external.tsv,GRCh38,7,44150961,44150961,na,na,44150961,C,T,1554335566,True,7-44150961-C-T,,,,False,,False,1.1150345054898605,urn:mavedb:00000096-b-1,GCK variant abundance measured by DHFR-PCA,True,True,True,True,False,coordinate_mavedb_complete_gnomad_missing,False,,,,,,
GCK,p.Asp160Glu,Likely pathogenic,reviewed by expert panel,4687871,NM_000162.5(GCK):c.480T>G (p.Asp160Glu),"Jan 22, 2026",combined_external,C:\Users\Wesley Capucho\Documents\IA dos números primos\data\raw\multigene\gck\gck_combined_external.tsv,GRCh38,7,44150959,44150959,na,na,44150959,A,C,-1,True,7-44150959-A-C,,,,False,,False,0.976726103060968,urn:mavedb:00000096-b-1,GCK variant abundance measured by DHFR-PCA,True,True,True,True,False,coordinate_mavedb_complete_gnomad_missing,False,,,,,,
GCK,p.Asp160His,Pathogenic,reviewed by expert panel,1743101,NM_000162.5(GCK):c.478G>C (p.Asp160His),"Jan 22, 2026",combined_external,C:\Users\Wesley Capucho\Documents\IA dos números primos\data\raw\multigene\gck\gck_combined_external.tsv,GRCh38,7,44150961,44150961,na,na,44150961,C,G,1554335566,True,7-44150961-C-G,,,,False,,False,,,,False,False,True,True,False,coordinate_ready_annotation_missing,False,,,,,,
GCK,p.Asp187His,Likely pathogenic,reviewed by expert panel,3238987,NM_000162.5(GCK):c.559G>C (p.Asp187His),"Jun 09, 2024",combined_external,C:\Users\Wesley Capucho\Documents\IA dos números primos\data\raw\multigene\gck\gck_combined_external.tsv,GRCh38,7,44149989,44149989,na,na,44149989,C,G,2484523947,True,7-44149989-C-G,,,,False,,False,0.719446500029853,urn:mavedb:00000096-b-1,GCK variant abundance measured by DHFR-PCA,True,True,True,True,False,coordinate_mavedb_complete_gnomad_missing,False,,,,,,
GCK,p.Asp187Tyr,Likely pathogenic,reviewed by expert panel,3238986,NM_000162.5(GCK):c.559G>T (p.Asp187Tyr),"Jun 09, 2024",combined_external,C:\Users\Wesley Capucho\Documents\IA dos números primos\data\raw\multigene\gck\gck_combined_external.tsv,GRCh38,7,44149989,44149989,na,na,44149989,C,A,2484523947,True,7-44149989-C-A,,,,False,,False,,,,False,False,True,True,False,coordinate_ready_annotation_missing,False,,,,,,
GCK,p.Asp198Val,Likely pathogenic,"criteria provided, single submitter",3338871,NM_000162.5(GCK):c.593A>T (p.Asp198Val),"Nov 26, 2025",training,C:\Users\Wesley Capucho\Documents\IA dos números primos\data\raw\multigene\gck\gck_clinvar_training.tsv,GRCh38,7,44149846,44149846,na,na,44149846,T,A,-1,True,7-44149846-T-A,,,,False,,False,0.4280337698689079,urn:mavedb:00000096-b-1,GCK variant abundance measured by DHFR-PCA,True,True,True,True,False,coordinate_mavedb_complete_gnomad_missing,False,,,,,,
GCK,p.Asp205Gly,Likely pathogenic,"criteria provided, single submitter",1679543,NM_000162.5(GCK):c.614A>G (p.Asp205Gly),-,training,C:\Users\Wesley Capucho\Documents\IA dos números primos\data\raw\multigene\gck\gck_clinvar_training.tsv,GRCh38,7,44149825,44149825,na,na,44149825,T,C,2128821509,True,7-44149825-T-C,,,,False,,False,0.230429235283793,urn:mavedb:00000096-b-1,GCK variant abundance measured by DHFR-PCA,True,True,True,True,False,coordinate_mavedb_complete_gnomad_missing,False,,,,,,
GCK,p.Asp205His,Pathogenic,"criteria provided, single submitter",2579457,NM_000162.5(GCK):c.613G>C (p.Asp205His),"Sep 04, 2023",training,C:\Users\Wesley Capucho\Documents\IA dos números primos\data\raw\multigene\gck\gck_clinvar_training.tsv,GRCh38,7,44149826,44149826,na,na,44149826,C,G,2484522855,True,7-44149826-C-G,,,,False,,False,0.908801710672108,urn:mavedb:00000096-b-1,GCK variant abundance measured by DHFR-PCA,True,True,True,True,False,coordinate_mavedb_complete_gnomad_missing,False,,,,,,
GCK,p.Asp205Tyr,Likely pathogenic,"criteria provided, single submitter",2136522,NM_000162.5(GCK):c.613G>T (p.Asp205Tyr),"Jun 25, 2023",training,C:\Users\Wesley Capucho\Documents\IA dos números primos\data\raw\multigene\gck\gck_clinvar_training.tsv,GRCh38,7,44149826,44149826,na,na,44149826,C,A,2484522855,True,7-44149826-C-A,,,,False,,False,,,,False,False,True,True,False,coordinate_ready_annotation_missing,False,,,,,,
GCK,p.Asp205Val,Likely pathogenic,"criteria provided, single submitter",1679544,NM_000162.5(GCK):c.614A>T (p.Asp205Val),-,training,C:\Users\Wesley Capucho\Documents\IA dos números primos\data\raw\multigene\gck\gck_clinvar_training.tsv,GRCh38,7,44149825,44149825,na,na,44149825,T,A,2128821509,True,7-44149825-T-A,,,,False,,False,0.393686929255736,urn:mavedb:00000096-b-1,GCK variant abundance measured by DHFR-PCA,True,True,True,True,False,coordinate_mavedb_complete_gnomad_missing,False,,,,,,
GCK,p.Asp217Asn,Benign,reviewed by expert panel,911631,NM_000162.5(GCK):c.649G>A (p.Asp217Asn),"Aug 13, 2023",combined_external,C:\Users\Wesley Capucho\Documents\IA dos números primos\data\raw\multigene\gck\gck_combined_external.tsv,GRCh38,7,44149790,44149790,na,na,44149790,C,T,147065275,True,7-44149790-C-T,,,,False,,False,1.0715311185717,urn:mavedb:00000096-b-1,GCK variant abundance measured by DHFR-PCA,True,True,True,True,False,coordinate_mavedb_complete_gnomad_missing,False,,,,,,
GCK,p.Asp274Ala,Pathogenic,reviewed by expert panel,3383925,NM_000162.5(GCK):c.821A>C (p.Asp274Ala),"Nov 04, 2024",combined_external,C:\Users\Wesley Capucho\Documents\IA dos números primos\data\raw\multigene\gck\gck_combined_external.tsv,GRCh38,7,44147692,44147692,na,na,44147692,T,G,-1,True,7-44147692-T-G,,,,False,,False,0.0074954928447486,urn:mavedb:00000096-b-1,GCK variant abundance measured by DHFR-PCA,True,True,True,True,False,coordinate_mavedb_complete_gnomad_missing,False,,,,,,
GCK,p.Asp274Asn,Likely pathogenic,reviewed by expert panel,3383924,NM_000162.5(GCK):c.820G>A (p.Asp274Asn),"Oct 28, 2025",combined_external,C:\Users\Wesley Capucho\Documents\IA dos números primos\data\raw\multigene\gck\gck_combined_external.tsv,GRCh38,7,44147693,44147693,na,na,44147693,C,T,-1,True,7-44147693-C-T,,,,False,,False,,,,False,False,True,True,False,coordinate_ready_annotation_missing,False,,,,,,
GCK,p.Asp274Glu,Likely pathogenic,reviewed by expert panel,994611,NM_000162.5(GCK):c.822C>A (p.Asp274Glu),"Sep 08, 2025",combined_external,C:\Users\Wesley Capucho\Documents\IA dos números primos\data\raw\multigene\gck\gck_combined_external.tsv,GRCh38,7,44147691,44147691,na,na,44147691,G,T,756251613,True,7-44147691-G-T,,,,False,,False,0.391452116706886,urn:mavedb:00000096-b-1,GCK variant abundance measured by DHFR-PCA,True,True,True,True,False,coordinate_mavedb_complete_gnomad_missing,False,,,,,,
GCK,p.Asp274Gly,Likely pathogenic,reviewed by expert panel,3383923,NM_000162.5(GCK):c.821A>G (p.Asp274Gly),"Dec 02, 2024",combined_external,C:\Users\Wesley Capucho\Documents\IA dos números primos\data\raw\multigene\gck\gck_combined_external.tsv,GRCh38,7,44147692,44147692,na,na,44147692,T,C,-1,True,7-44147692-T-C,,,,False,,False,0.0575012970623991,urn:mavedb:00000096-b-1,GCK variant abundance measured by DHFR-PCA,True,True,True,True,False,coordinate_mavedb_complete_gnomad_missing,False,,,,,,
GCK,p.Asp274Tyr,Likely pathogenic,reviewed by expert panel,3383926,NM_000162.5(GCK):c.820G>T (p.Asp274Tyr),"Nov 04, 2024",combined_external,C:\Users\Wesley Capucho\Documents\IA dos números primos\data\raw\multigene\gck\gck_combined_external.tsv,GRCh38,7,44147693,44147693,na,na,44147693,C,A,-1,True,7-44147693-C-A,,,,False,,False,,,,False,False,True,True,False,coordinate_ready_annotation_missing,False,,,,,,
GCK,p.Asp278Glu,Pathogenic,"criteria provided, single submitter",2735003,NM_000162.5(GCK):c.834C>A (p.Asp278Glu),"Dec 15, 2023",training,C:\Users\Wesley Capucho\Documents\IA dos números primos\data\raw\multigene\gck\gck_clinvar_training.tsv,GRCh38,7,44147679,44147679,na,na,44147679,G,T,200071687,True,7-44147679-G-T,,,,False,,False,0.49359272884851,urn:mavedb:00000096-b-1,GCK variant abundance measured by DHFR-PCA,True,True,True,True,False,coordinate_mavedb_complete_gnomad_missing,False,,,,,,
GCK,p.Asp344Tyr,Likely pathogenic,reviewed by expert panel,219179,NM_000162.5(GCK):c.1030G>T (p.Asp344Tyr),"Apr 28, 2024",combined_external,C:\Users\Wesley Capucho\Documents\IA dos números primos\data\raw\multigene\gck\gck_combined_external.tsv,GRCh38,7,44145720,44145720,na,na,44145720,C,A,864321656,True,7-44145720-C-A,,,,False,,False,0.365999696600084,urn:mavedb:00000096-b-1,GCK variant abundance measured by DHFR-PCA,True,True,True,True,False,coordinate_mavedb_complete_gnomad_missing,False,,,,,,
GCK,p.Asp363Asn,Likely pathogenic,reviewed by expert panel,418228,NM_000162.5(GCK):c.1087G>A (p.Asp363Asn),"Jan 22, 2024",combined_external,C:\Users\Wesley Capucho\Documents\IA dos números primos\data\raw\multigene\gck\gck_combined_external.tsv,GRCh38,7,44145663,44145663,na,na,44145663,C,T,1064793134,True,7-44145663-C-T,,,,False,,False,,,,False,False,True,True,False,coordinate_ready_annotation_missing,False,,,,,,
GCK,p.Asp363Gly,Pathogenic,reviewed by expert panel,3383915,NM_000162.5(GCK):c.1088A>G (p.Asp363Gly),"Sep 19, 2025",combined_external,C:\Users\Wesley Capucho\Documents\IA dos números primos\data\raw\multigene\gck\gck_combined_external.tsv,GRCh38,7,44145662,44145662,na,na,44145662,T,C,-1,True,7-44145662-T-C,,,,False,,False,0.226425295087902,urn:mavedb:00000096-b-1,GCK variant abundance measured by DHFR-PCA,True,True,True,True,False,coordinate_mavedb_complete_gnomad_missing,False,,,,,,
GCK,p.Asp4Asn,Likely benign,reviewed by expert panel,911766,NM_000162.5(GCK):c.10G>A (p.Asp4Asn),"Dec 08, 2023",combined_external,C:\Users\Wesley Capucho\Documents\IA dos números primos\data\raw\multigene\gck\gck_combined_external.tsv,GRCh38,7,44188944,44188944,na,na,44188944,C,T,202091228,True,7-44188944-C-T,,,,False,,False,0.887922718376623,urn:mavedb:00000096-b-1,GCK variant abundance measured by DHFR-PCA,True,True,True,True,False,coordinate_mavedb_complete_gnomad_missing,False,,,,,,
GCK,p.Asp78Asn,Pathogenic,reviewed by expert panel,3383928,NM_000162.5(GCK):c.232G>A (p.Asp78Asn),"Dec 02, 2024",combined_external,C:\Users\Wesley Capucho\Documents\IA dos números primos\data\raw\multigene\gck\gck_combined_external.tsv,GRCh38,7,44152402,44152402,na,na,44152402,C,T,-1,True,7-44152402-C-T,,,,False,,False,0.8578675367785451,urn:mavedb:00000096-b-1,GCK variant abundance measured by DHFR-PCA,True,True,True,True,False,coordinate_mavedb_complete_gnomad_missing,False,,,,,,
GCK,p.Asp78Glu,Pathogenic,reviewed by expert panel,3383930,NM_000162.5(GCK):c.234C>G (p.Asp78Glu),"Dec 02, 2024",combined_external,C:\Users\Wesley Capucho\Documents\IA dos números primos\data\raw\multigene\gck\gck_combined_external.tsv,GRCh38,7,44152400,44152400,na,na,44152400,G,C,-1,True,7-44152400-G-C,,,,False,,False,1.21782204938583,urn:mavedb:00000096-b-1,GCK variant abundance measured by DHFR-PCA,True,True,True,True,False,coordinate_mavedb_complete_gnomad_missing,False,,,,,,
GCK,p.Asp78Gly,Likely pathogenic,reviewed by expert panel,3383931,NM_000162.5(GCK):c.233A>G (p.Asp78Gly),"Oct 28, 2024",combined_external,C:\Users\Wesley Capucho\Documents\IA dos números primos\data\raw\multigene\gck\gck_combined_external.tsv,GRCh38,7,44152401,44152401,na,na,44152401,T,C,-1,True,7-44152401-T-C,,,,False,,False,0.945375358425614,urn:mavedb:00000096-b-1,GCK variant abundance measured by DHFR-PCA,True,True,True,True,False,coordinate_mavedb_complete_gnomad_missing,False,,,,,,
GCK,p.Asp78His,Pathogenic,reviewed by expert panel,3383929,NM_000162.5(GCK):c.232G>C (p.Asp78His),"Dec 02, 2024",combined_external,C:\Users\Wesley Capucho\Documents\IA dos números primos\data\raw\multigene\gck\gck_combined_external.tsv,GRCh38,7,44152402,44152402,na,na,44152402,C,G,-1,True,7-44152402-C-G,,,,False,,False,1.3287534097458,urn:mavedb:00000096-b-1,GCK variant abundance measured by DHFR-PCA,True,True,True,True,False,coordinate_mavedb_complete_gnomad_missing,False,,,,,,
GCK,p.Asp78Tyr,Pathogenic,reviewed by expert panel,2500039,NM_000162.5(GCK):c.232G>T (p.Asp78Tyr),"Dec 02, 2024",combined_external,C:\Users\Wesley Capucho\Documents\IA dos números primos\data\raw\multigene\gck\gck_combined_external.tsv,GRCh38,7,44152402,44152402,na,na,44152402,C,A,2484535997,True,7-44152402-C-A,,,,False,,False,0.679793194925802,urn:mavedb:00000096-b-1,GCK variant abundance measured by DHFR-PCA,True,True,True,True,False,coordinate_mavedb_complete_gnomad_missing,False,,,,,,
GCK,p.Cys129Phe,Likely pathogenic,"criteria provided, single submitter",1807282,NM_000162.5(GCK):c.386G>T (p.Cys129Phe),"Jul 02, 2025",training,C:\Users\Wesley Capucho\Documents\IA dos números primos\data\raw\multigene\gck\gck_clinvar_training.tsv,GRCh38,7,44151053,44151053,na,na,44151053,C,A,2128822108,True,7-44151053-C-A,,,,False,,False,0.679588057499733,urn:mavedb:00000096-b-1,GCK variant abundance measured by DHFR-PCA,True,True,True,True,False,coordinate_mavedb_complete_gnomad_missing,False,,,,,,
GCK,p.Cys129Tyr,Likely pathogenic,"criteria provided, multiple submitters, no conflicts",1210150,NM_000162.5(GCK):c.386G>A (p.Cys129Tyr),"Sep 01, 2024",combined_external,C:\Users\Wesley Capucho\Documents\IA dos números primos\data\raw\multigene\gck\gck_combined_external.tsv,GRCh38,7,44151053,44151053,na,na,44151053,C,T,2128822108,True,7-44151053-C-T,,,,False,,False,0.6389412232471441,urn:mavedb:00000096-b-1,GCK variant abundance measured by DHFR-PCA,True,True,True,True,False,coordinate_mavedb_complete_gnomad_missing,False,,,,,,
GCK,p.Cys213Arg,Pathogenic,"criteria provided, single submitter",2735011,NM_000162.5(GCK):c.637T>C (p.Cys213Arg),"Nov 18, 2023",training,C:\Users\Wesley Capucho\Documents\IA dos números primos\data\raw\multigene\gck\gck_clinvar_training.tsv,GRCh38,7,44149802,44149802,na,na,44149802,A,G,2484522580,True,7-44149802-A-G,,,,False,,False,0.777189946178846,urn:mavedb:00000096-b-1,GCK variant abundance measured by DHFR-PCA,True,True,True,True,False,coordinate_mavedb_complete_gnomad_missing,False,,,,,,
GCK,p.Cys220Arg,Likely pathogenic,reviewed by expert panel,36239,NM_000162.5(GCK):c.658T>C (p.Cys220Arg),"Dec 01, 2023",combined_external,C:\Users\Wesley Capucho\Documents\IA dos números primos\data\raw\multigene\gck\gck_combined_external.tsv,GRCh38,7,44149781,44149781,na,na,44149781,A,G,193922315,True,7-44149781-A-G,,,,False,,False,0.371297691898224,urn:mavedb:00000096-b-1,GCK variant abundance measured by DHFR-PCA,True,True,True,True,False,coordinate_mavedb_complete_gnomad_missing,False,,,,,,
GCK,p.Cys220Tyr,Likely pathogenic,"criteria provided, multiple submitters, no conflicts",36240,NM_000162.5(GCK):c.659G>A (p.Cys220Tyr),"Mar 20, 2024",combined_external,C:\Users\Wesley Capucho\Documents\IA dos números primos\data\raw\multigene\gck\gck_combined_external.tsv,GRCh38,7,44149780,44149780,na,na,44149780,C,T,193922316,True,7-44149780-C-T,,,,False,,False,,,,False,False,True,True,False,coordinate_ready_annotation_missing,False,,,,,,
GCK,p.Cys230Arg,Likely pathogenic,reviewed by expert panel,198397,NM_000162.5(GCK):c.688T>C (p.Cys230Arg),"Dec 02, 2023",combined_external,C:\Users\Wesley Capucho\Documents\IA dos números primos\data\raw\multigene\gck\gck_combined_external.tsv,GRCh38,7,44147825,44147825,na,na,44147825,A,G,794727839,True,7-44147825-A-G,,,,False,,False,0.253809883579718,urn:mavedb:00000096-b-1,GCK variant abundance measured by DHFR-PCA,True,True,True,True,False,coordinate_mavedb_complete_gnomad_missing,False,,,,,,
GCK,p.Cys230Tyr,Pathogenic,reviewed by expert panel,2628366,NM_000162.5(GCK):c.689G>A (p.Cys230Tyr),"Nov 22, 2023",combined_external,C:\Users\Wesley Capucho\Documents\IA dos números primos\data\raw\multigene\gck\gck_combined_external.tsv,GRCh38,7,44147824,44147824,na,na,44147824,C,T,2484515022,True,7-44147824-C-T,,,,False,,False,0.656166903758117,urn:mavedb:00000096-b-1,GCK variant abundance measured by DHFR-PCA,True,True,True,True,False,coordinate_mavedb_complete_gnomad_missing,False,,,,,,
GCK,p.Cys371Arg,Likely pathogenic,reviewed by expert panel,2578362,NM_000162.5(GCK):c.1111T>C (p.Cys371Arg),"Aug 09, 2023",combined_external,C:\Users\Wesley Capucho\Documents\IA dos números primos\data\raw\multigene\gck\gck_combined_external.tsv,GRCh38,7,44145639,44145639,na,na,44145639,A,G,2484497875,True,7-44145639-A-G,,,,False,,False,-0.163553365665738,urn:mavedb:00000096-b-1,GCK variant abundance measured by DHFR-PCA,True,True,True,True,False,coordinate_mavedb_complete_gnomad_missing,False,,,,,,
GCK,p.Cys371Phe,Pathogenic,reviewed by expert panel,129140,NM_000162.5(GCK):c.1112G>T (p.Cys371Phe),"Aug 09, 2023",combined_external,C:\Users\Wesley Capucho\Documents\IA dos números primos\data\raw\multigene\gck\gck_combined_external.tsv,GRCh38,7,44145638,44145638,na,na,44145638,C,A,587780343,True,7-44145638-C-A,,,,False,,False,,,,False,False,True,True,False,coordinate_ready_annotation_missing,False,,,,,,
GCK,p.Cys371Trp,Likely pathogenic,reviewed by expert panel,447379,NM_000162.5(GCK):c.1113C>G (p.Cys371Trp),"Aug 09, 2023",combined_external,C:\Users\Wesley Capucho\Documents\IA dos números primos\data\raw\multigene\gck\gck_combined_external.tsv,GRCh38,7,44145637,44145637,na,na,44145637,G,C,556581174,True,7-44145637-G-C,,,,False,,False,0.153803969984572,urn:mavedb:00000096-b-1,GCK variant abundance measured by DHFR-PCA,True,True,True,True,False,coordinate_mavedb_complete_gnomad_missing,False,,,,,,
GCK,p.Cys371Tyr,Likely pathogenic,reviewed by expert panel,2578347,NM_000162.5(GCK):c.1112G>A (p.Cys371Tyr),"Aug 09, 2023",combined_external,C:\Users\Wesley Capucho\Documents\IA dos números primos\data\raw\multigene\gck\gck_combined_external.tsv,GRCh38,7,44145638,44145638,na,na,44145638,C,T,587780343,True,7-44145638-C-T,,,,False,,False,,,,False,False,True,True,False,coordinate_ready_annotation_missing,False,,,,,,
GCK,p.Cys382Arg,Pathogenic,reviewed by expert panel,447384,NM_000162.5(GCK):c.1144T>C (p.Cys382Arg),"Jul 16, 2023",combined_external,C:\Users\Wesley Capucho\Documents\IA dos números primos\data\raw\multigene\gck\gck_combined_external.tsv,GRCh38,7,44145606,44145606,na,na,44145606,A,G,1554334613,True,7-44145606-A-G,,,,False,,False,0.300355209611381,urn:mavedb:00000096-b-1,GCK variant abundance measured by DHFR-PCA,True,True,True,True,False,coordinate_mavedb_complete_gnomad_missing,False,,,,,,
GCK,p.Cys382Gly,Likely pathogenic,reviewed by expert panel,2581125,NM_000162.5(GCK):c.1144T>G (p.Cys382Gly),"Nov 24, 2023",combined_external,C:\Users\Wesley Capucho\Documents\IA dos números primos\data\raw\multigene\gck\gck_combined_external.tsv,GRCh38,7,44145606,44145606,na,na,44145606,A,C,1554334613,True,7-44145606-A-C,,,,False,,False,0.9525696368115192,urn:mavedb:00000096-b-1,GCK variant abundance measured by DHFR-PCA,True,True,True,True,False,coordinate_mavedb_complete_gnomad_missing,False,,,,,,
GCK,p.Cys382Ser,Likely pathogenic,"criteria provided, single submitter",1709202,NM_000162.5(GCK):c.1145G>C (p.Cys382Ser),"Feb 21, 2022",training,C:\Users\Wesley Capucho\Documents\IA dos números primos\data\raw\multigene\gck\gck_clinvar_training.tsv,GRCh38,7,44145605,44145605,na,na,44145605,C,G,2096271616,True,7-44145605-C-G,,,,False,,False,0.908974833861129,urn:mavedb:00000096-b-1,GCK variant abundance measured by DHFR-PCA,True,True,True,True,False,coordinate_mavedb_complete_gnomad_missing,False,,,,,,
GCK,p.Cys382Tyr,Pathogenic,reviewed by expert panel,1256304,NM_000162.5(GCK):c.1145G>A (p.Cys382Tyr),"Jul 16, 2023",combined_external,C:\Users\Wesley Capucho\Documents\IA dos números primos\data\raw\multigene\gck\gck_combined_external.tsv,GRCh38,7,44145605,44145605,na,na,44145605,C,T,2096271616,True,7-44145605-C-T,,,,False,,False,0.543825621290596,urn:mavedb:00000096-b-1,GCK variant abundance measured by DHFR-PCA,True,True,True,True,False,coordinate_mavedb_complete_gnomad_missing,False,,,,,,
GCK,p.Cys434Phe,Likely pathogenic,"criteria provided, single submitter",3720735,NM_000162.5(GCK):c.1301G>T (p.Cys434Phe),"May 12, 2025",training,C:\Users\Wesley Capucho\Documents\IA dos números primos\data\raw\multigene\gck\gck_clinvar_training.tsv,GRCh38,7,44145233,44145233,na,na,44145233,C,A,-1,True,7-44145233-C-A,,,,False,,False,,,,False,False,True,True,False,coordinate_ready_annotation_missing,False,,,,,,
GCK,p.Gln106Pro,Likely pathogenic,"criteria provided, single submitter",2576969,NM_000162.5(GCK):c.317A>C (p.Gln106Pro),"Apr 14, 2023",training,C:\Users\Wesley Capucho\Documents\IA dos números primos\data\raw\multigene\gck\gck_clinvar_training.tsv,GRCh38,7,44152317,44152317,na,na,44152317,T,G,1275130611,True,7-44152317-T-G,,,,False,,False,0.1918743791711959,urn:mavedb:00000096-b-1,GCK variant abundance measured by DHFR-PCA,True,True,True,True,False,coordinate_mavedb_complete_gnomad_missing,False,,,,,,
GCK,p.Gln337Pro,Likely pathogenic,reviewed by expert panel,3602116,NM_000162.5(GCK):c.1010A>C (p.Gln337Pro),"Jan 29, 2025",combined_external,C:\Users\Wesley Capucho\Documents\IA dos números primos\data\raw\multigene\gck\gck_combined_external.tsv,GRCh38,7,44146472,44146472,na,na,44146472,T,G,-1,True,7-44146472-T-G,,,,False,,False,0.426232222452986,urn:mavedb:00000096-b-1,GCK variant abundance measured by DHFR-PCA,True,True,True,True,False,coordinate_mavedb_complete_gnomad_missing,False,,,,,,
GCK,p.Gln38Leu,Likely pathogenic,reviewed by expert panel,2691828,NM_000162.5(GCK):c.113A>T (p.Gln38Leu),"Jan 05, 2024",combined_external,C:\Users\Wesley Capucho\Documents\IA dos números primos\data\raw\multigene\gck\gck_combined_external.tsv,GRCh38,7,44153396,44153396,na,na,44153396,T,A,1064794268,True,7-44153396-T-A,,,,False,,False,0.755572589204247,urn:mavedb:00000096-b-1,GCK variant abundance measured by DHFR-PCA,True,True,True,True,False,coordinate_mavedb_complete_gnomad_missing,False,,,,,,
GCK,p.Gln38Pro,Pathogenic,reviewed by expert panel,420070,NM_000162.5(GCK):c.113A>C (p.Gln38Pro),"Mar 19, 2024",combined_external,C:\Users\Wesley Capucho\Documents\IA dos números primos\data\raw\multigene\gck\gck_combined_external.tsv,GRCh38,7,44153396,44153396,na,na,44153396,T,G,1064794268,True,7-44153396-T-G,,,,False,,False,0.106786323737973,urn:mavedb:00000096-b-1,GCK variant abundance measured by DHFR-PCA,True,True,True,True,False,coordinate_mavedb_complete_gnomad_missing,False,,,,,,
GCK,p.Glu157Lys,Pathogenic,reviewed by expert panel,447402,NM_000162.5(GCK):c.469G>A (p.Glu157Lys),"Mar 23, 2026",combined_external,C:\Users\Wesley Capucho\Documents\IA dos números primos\data\raw\multigene\gck\gck_combined_external.tsv,GRCh38,7,44150970,44150970,na,na,44150970,C,T,1554335570,True,7-44150970-C-T,,,,False,,False,0.95793255875939,urn:mavedb:00000096-b-1,GCK variant abundance measured by DHFR-PCA,True,True,True,True,False,coordinate_mavedb_complete_gnomad_missing,False,,,,,,
GCK,p.Glu177Asp,Likely pathogenic,reviewed by expert panel,3383919,NM_000162.5(GCK):c.531A>T (p.Glu177Asp),"Nov 16, 2024",combined_external,C:\Users\Wesley Capucho\Documents\IA dos números primos\data\raw\multigene\gck\gck_combined_external.tsv,GRCh38,7,44150017,44150017,na,na,44150017,T,A,-1,True,7-44150017-T-A,,,,False,,False,1.06135165596664,urn:mavedb:00000096-b-1,GCK variant abundance measured by DHFR-PCA,True,True,True,True,False,coordinate_mavedb_complete_gnomad_missing,False,,,,,,
GCK,p.Glu221Lys,Pathogenic,reviewed by expert panel,36241,NM_000162.5(GCK):c.661G>A (p.Glu221Lys),"Feb 28, 2024",combined_external,C:\Users\Wesley Capucho\Documents\IA dos números primos\data\raw\multigene\gck\gck_combined_external.tsv,GRCh38,7,44149778,44149778,na,na,44149778,C,T,193922317,True,7-44149778-C-T,,,,False,,False,0.498750935733332,urn:mavedb:00000096-b-1,GCK variant abundance measured by DHFR-PCA,True,True,True,True,False,coordinate_mavedb_complete_gnomad_missing,False,,,,,,
GCK,p.Glu236Lys,Pathogenic,"criteria provided, single submitter",129146,NM_000162.5(GCK):c.706G>A (p.Glu236Lys),"Jul 23, 2013",training,C:\Users\Wesley Capucho\Documents\IA dos números primos\data\raw\multigene\gck\gck_clinvar_training.tsv,GRCh38,7,44147807,44147807,na,na,44147807,C,T,587780347,True,7-44147807-C-T,,,,False,,False,0.427696699211738,urn:mavedb:00000096-b-1,GCK variant abundance measured by DHFR-PCA,True,True,True,True,False,coordinate_mavedb_complete_gnomad_missing,False,,,,,,
GCK,p.Glu256Gln,Likely pathogenic,"criteria provided, multiple submitters, no conflicts",421063,NM_000162.5(GCK):c.766G>C (p.Glu256Gln),"Feb 07, 2025",combined_external,C:\Users\Wesley Capucho\Documents\IA dos números primos\data\raw\multigene\gck\gck_combined_external.tsv,GRCh38,7,44147747,44147747,na,na,44147747,C,G,769268803,True,7-44147747-C-G,,,,False,,False,0.8918585618255551,urn:mavedb:00000096-b-1,GCK variant abundance measured by DHFR-PCA,True,True,True,True,False,coordinate_mavedb_complete_gnomad_missing,False,,,,,,
GCK,p.Glu256Lys,Pathogenic,"criteria provided, multiple submitters, no conflicts",265175,NM_000162.5(GCK):c.766G>A (p.Glu256Lys),"Oct 23, 2025",combined_external,C:\Users\Wesley Capucho\Documents\IA dos números primos\data\raw\multigene\gck\gck_combined_external.tsv,GRCh38,7,44147747,44147747,na,na,44147747,C,T,769268803,True,7-44147747-C-T,,,,False,,False,0.6375703438267629,urn:mavedb:00000096-b-1,GCK variant abundance measured by DHFR-PCA,True,True,True,True,False,coordinate_mavedb_complete_gnomad_missing,False,,,,,,
GCK,p.Glu265Lys,Pathogenic,"criteria provided, multiple submitters, no conflicts",447419,NM_000162.5(GCK):c.793G>A (p.Glu265Lys),"Jan 27, 2025",combined_external,C:\Users\Wesley Capucho\Documents\IA dos números primos\data\raw\multigene\gck\gck_combined_external.tsv,GRCh38,7,44147720,44147720,na,na,44147720,C,T,104894011,True,7-44147720-C-T,,,,False,,False,0.584225688374085,urn:mavedb:00000096-b-1,GCK variant abundance measured by DHFR-PCA,True,True,True,True,False,coordinate_mavedb_complete_gnomad_missing,False,,,,,,
GCK,p.Glu268Lys,Pathogenic,reviewed by expert panel,447420,NM_000162.5(GCK):c.802G>A (p.Glu268Lys),"Oct 05, 2023",combined_external,C:\Users\Wesley Capucho\Documents\IA dos números primos\data\raw\multigene\gck\gck_combined_external.tsv,GRCh38,7,44147711,44147711,na,na,44147711,C,T,1554335111,True,7-44147711-C-T,,,,False,,False,0.7316080848703341,urn:mavedb:00000096-b-1,GCK variant abundance measured by DHFR-PCA,True,True,True,True,False,coordinate_mavedb_complete_gnomad_missing,False,,,,,,
GCK,p.Glu279Gln,Benign,reviewed by expert panel,211076,NM_000162.5(GCK):c.835G>C (p.Glu279Gln),"Oct 03, 2025",combined_external,C:\Users\Wesley Capucho\Documents\IA dos números primos\data\raw\multigene\gck\gck_combined_external.tsv,GRCh38,7,44147678,44147678,na,na,44147678,C,G,104894005,True,7-44147678-C-G,,,,False,,False,1.01769275886734,urn:mavedb:00000096-b-1,GCK variant abundance measured by DHFR-PCA,True,True,True,True,False,coordinate_mavedb_complete_gnomad_missing,False,,,,,,
GCK,p.Glu300Gln,Pathogenic,reviewed by expert panel,2578349,NM_000162.5(GCK):c.898G>C (p.Glu300Gln),"Oct 13, 2024",combined_external,C:\Users\Wesley Capucho\Documents\IA dos números primos\data\raw\multigene\gck\gck_combined_external.tsv,GRCh38,7,44146584,44146584,na,na,44146584,C,G,1255911887,True,7-44146584-C-G,,,,False,,False,0.386987672861251,urn:mavedb:00000096-b-1,GCK variant abundance measured by DHFR-PCA,True,True,True,True,False,coordinate_mavedb_complete_gnomad_missing,False,,,,,,
GCK,p.Glu300Gly,Likely pathogenic,"criteria provided, multiple submitters, no conflicts",3068849,NM_000162.5(GCK):c.899A>G (p.Glu300Gly),"Oct 25, 2024",combined_external,C:\Users\Wesley Capucho\Documents\IA dos números primos\data\raw\multigene\gck\gck_combined_external.tsv,GRCh38,7,44146583,44146583,na,na,44146583,T,C,2484507251,True,7-44146583-T-C,,,,False,,False,0.313925096693501,urn:mavedb:00000096-b-1,GCK variant abundance measured by DHFR-PCA,True,True,True,True,False,coordinate_mavedb_complete_gnomad_missing,False,,,,,,
GCK,p.Glu300Lys,Likely pathogenic,reviewed by expert panel,1436793,NM_000162.5(GCK):c.898G>A (p.Glu300Lys),"Oct 13, 2024",combined_external,C:\Users\Wesley Capucho\Documents\IA dos números primos\data\raw\multigene\gck\gck_combined_external.tsv,GRCh38,7,44146584,44146584,na,na,44146584,C,T,1255911887,True,7-44146584-C-T,,,,False,,False,0.0873866796087679,urn:mavedb:00000096-b-1,GCK variant abundance measured by DHFR-PCA,True,True,True,True,False,coordinate_mavedb_complete_gnomad_missing,False,,,,,,
GCK,p.Glu339Gly,Pathogenic,reviewed by expert panel,393450,NM_000162.5(GCK):c.1016A>G (p.Glu339Gly),"Feb 28, 2024",combined_external,C:\Users\Wesley Capucho\Documents\IA dos números primos\data\raw\multigene\gck\gck_combined_external.tsv,GRCh38,7,44146466,44146466,na,na,44146466,T,C,1057524903,True,7-44146466-T-C,,,,False,,False,0.5875131492479411,urn:mavedb:00000096-b-1,GCK variant abundance measured by DHFR-PCA,True,True,True,True,False,coordinate_mavedb_complete_gnomad_missing,False,,,,,,
GCK,p.Glu339Lys,Likely pathogenic,reviewed by expert panel,39759,NM_000162.5(GCK):c.1015G>A (p.Glu339Lys),"Feb 28, 2024",combined_external,C:\Users\Wesley Capucho\Documents\IA dos números primos\data\raw\multigene\gck\gck_combined_external.tsv,GRCh38,7,44146467,44146467,na,na,44146467,C,T,397514580,True,7-44146467-C-T,,,,False,,False,-0.0832074451488441,urn:mavedb:00000096-b-1,GCK variant abundance measured by DHFR-PCA,True,True,True,True,False,coordinate_mavedb_complete_gnomad_missing,False,,,,,,
GCK,p.Glu40Lys,Pathogenic,reviewed by expert panel,195024,NM_000162.5(GCK):c.118G>A (p.Glu40Lys),"Jan 29, 2025",combined_external,C:\Users\Wesley Capucho\Documents\IA dos números primos\data\raw\multigene\gck\gck_combined_external.tsv,GRCh38,7,44153391,44153391,na,na,44153391,C,T,794727236,True,7-44153391-C-T,,,,False,,False,0.294371091673464,urn:mavedb:00000096-b-1,GCK variant abundance measured by DHFR-PCA,True,True,True,True,False,coordinate_mavedb_complete_gnomad_missing,False,,,,,,
GCK,p.Glu48Lys,Likely benign,reviewed by expert panel,1299600,NM_000162.5(GCK):c.142G>A (p.Glu48Lys),"Dec 26, 2024",combined_external,C:\Users\Wesley Capucho\Documents\IA dos números primos\data\raw\multigene\gck\gck_combined_external.tsv,GRCh38,7,44153367,44153367,na,na,44153367,C,T,759514960,True,7-44153367-C-T,,,,False,,False,0.89769581928194,urn:mavedb:00000096-b-1,GCK variant abundance measured by DHFR-PCA,True,True,True,True,False,coordinate_mavedb_complete_gnomad_missing,False,,,,,,
GCK,p.Glu70Lys,Pathogenic/Likely pathogenic,"criteria provided, multiple submitters, no conflicts",1679552,NM_000162.5(GCK):c.208G>A (p.Glu70Lys),"Nov 01, 2022",combined_external,C:\Users\Wesley Capucho\Documents\IA dos números primos\data\raw\multigene\gck\gck_combined_external.tsv,GRCh38,7,44153301,44153301,na,na,44153301,C,T,2128823091,True,7-44153301-C-T,,,,False,,False,1.14909925627128,urn:mavedb:00000096-b-1,GCK variant abundance measured by DHFR-PCA,True,True,True,True,False,coordinate_mavedb_complete_gnomad_missing,False,,,,,,
GCK,p.Gly117Arg,Likely pathogenic,reviewed by expert panel,1496579,NM_000162.5(GCK):c.349G>C (p.Gly117Arg),"Dec 02, 2023",combined_external,C:\Users\Wesley Capucho\Documents\IA dos números primos\data\raw\multigene\gck\gck_combined_external.tsv,GRCh38,7,44152285,44152285,na,na,44152285,C,G,748554061,True,7-44152285-C-G,,,,False,,False,0.4989206732339259,urn:mavedb:00000096-b-1,GCK variant abundance measured by DHFR-PCA,True,True,True,True,False,coordinate_mavedb_complete_gnomad_missing,False,,,,,,
GCK,p.Gly117Val,Likely pathogenic,reviewed by expert panel,2662928,NM_000162.5(GCK):c.350G>T (p.Gly117Val),"Nov 23, 2023",combined_external,C:\Users\Wesley Capucho\Documents\IA dos números primos\data\raw\multigene\gck\gck_combined_external.tsv,GRCh38,7,44152284,44152284,na,na,44152284,C,A,2484534928,True,7-44152284-C-A,,,,False,,False,0.378527854395516,urn:mavedb:00000096-b-1,GCK variant abundance measured by DHFR-PCA,True,True,True,True,False,coordinate_mavedb_complete_gnomad_missing,False,,,,,,
GCK,p.Gly170Val,Likely pathogenic,"criteria provided, single submitter",36225,NM_000162.5(GCK):c.509G>T (p.Gly170Val),"Aug 18, 2011",training,C:\Users\Wesley Capucho\Documents\IA dos números primos\data\raw\multigene\gck\gck_clinvar_training.tsv,GRCh38,7,44150039,44150039,na,na,44150039,C,A,193922303,True,7-44150039-C-A,,,,False,,False,1.1471266011936,urn:mavedb:00000096-b-1,GCK variant abundance measured by DHFR-PCA,True,True,True,True,False,coordinate_mavedb_complete_gnomad_missing,False,,,,,,
GCK,p.Gly175Arg,Pathogenic,reviewed by expert panel,3024423,NM_000162.5(GCK):c.523G>C (p.Gly175Arg),"Feb 23, 2024",combined_external,C:\Users\Wesley Capucho\Documents\IA dos números primos\data\raw\multigene\gck\gck_combined_external.tsv,GRCh38,7,44150025,44150025,na,na,44150025,C,G,587780344,True,7-44150025-C-G,,,,False,,False,0.91063171913998,urn:mavedb:00000096-b-1,GCK variant abundance measured by DHFR-PCA,True,True,True,True,False,coordinate_mavedb_complete_gnomad_missing,False,,,,,,
GCK,p.Gly175Glu,Likely pathogenic,reviewed by expert panel,1746350,NM_000162.5(GCK):c.524G>A (p.Gly175Glu),"Feb 23, 2024",combined_external,C:\Users\Wesley Capucho\Documents\IA dos números primos\data\raw\multigene\gck\gck_combined_external.tsv,GRCh38,7,44150024,44150024,na,na,44150024,C,T,2128821624,True,7-44150024-C-T,,,,False,,False,0.939097266035487,urn:mavedb:00000096-b-1,GCK variant abundance measured by DHFR-PCA,True,True,True,True,False,coordinate_mavedb_complete_gnomad_missing,False,,,,,,
GCK,p.Gly178Ala,Likely pathogenic,reviewed by expert panel,4531183,NM_000162.5(GCK):c.533G>C (p.Gly178Ala),"Nov 26, 2025",combined_external,C:\Users\Wesley Capucho\Documents\IA dos números primos\data\raw\multigene\gck\gck_combined_external.tsv,GRCh38,7,44150015,44150015,na,na,44150015,C,G,-1,True,7-44150015-C-G,,,,False,,False,1.15753986763972,urn:mavedb:00000096-b-1,GCK variant abundance measured by DHFR-PCA,True,True,True,True,False,coordinate_mavedb_complete_gnomad_missing,False,,,,,,
GCK,p.Gly178Arg,Likely pathogenic,reviewed by expert panel,4814053,NM_000162.5(GCK):c.532G>C (p.Gly178Arg),"Mar 22, 2026",combined_external,C:\Users\Wesley Capucho\Documents\IA dos números primos\data\raw\multigene\gck\gck_combined_external.tsv,GRCh38,7,44150016,44150016,na,na,44150016,C,G,-1,True,7-44150016-C-G,,,,False,,False,0.9629221993821948,urn:mavedb:00000096-b-1,GCK variant abundance measured by DHFR-PCA,True,True,True,True,False,coordinate_mavedb_complete_gnomad_missing,False,,,,,,
GCK,p.Gly178Glu,Pathogenic,reviewed by expert panel,265174,NM_000162.5(GCK):c.533G>A (p.Gly178Glu),"Nov 24, 2025",combined_external,C:\Users\Wesley Capucho\Documents\IA dos números primos\data\raw\multigene\gck\gck_combined_external.tsv,GRCh38,7,44150015,44150015,na,na,44150015,C,T,886039380,True,7-44150015-C-T,,,,False,,False,1.22405726422729,urn:mavedb:00000096-b-1,GCK variant abundance measured by DHFR-PCA,True,True,True,True,False,coordinate_mavedb_complete_gnomad_missing,False,,,,,,
GCK,p.Gly178Val,Likely pathogenic,reviewed by expert panel,4814054,NM_000162.5(GCK):c.533G>T (p.Gly178Val),"Mar 22, 2026",combined_external,C:\Users\Wesley Capucho\Documents\IA dos números primos\data\raw\multigene\gck\gck_combined_external.tsv,GRCh38,7,44150015,44150015,na,na,44150015,C,A,-1,True,7-44150015-C-A,,,,False,,False,1.02326363505745,urn:mavedb:00000096-b-1,GCK variant abundance measured by DHFR-PCA,True,True,True,True,False,coordinate_mavedb_complete_gnomad_missing,False,,,,,,
GCK,p.Gly223Arg,Likely pathogenic,"criteria provided, multiple submitters, no conflicts",2578075,NM_000162.5(GCK):c.667G>C (p.Gly223Arg),"Nov 13, 2023",combined_external,C:\Users\Wesley Capucho\Documents\IA dos números primos\data\raw\multigene\gck\gck_combined_external.tsv,GRCh38,7,44149772,44149772,na,na,44149772,C,G,1360415315,True,7-44149772-C-G,,,,False,,False,0.126523680283618,urn:mavedb:00000096-b-1,GCK variant abundance measured by DHFR-PCA,True,True,True,True,False,coordinate_mavedb_complete_gnomad_missing,False,,,,,,
GCK,p.Gly223Ser,Pathogenic,"criteria provided, multiple submitters, no conflicts",435306,NM_000162.5(GCK):c.667G>A (p.Gly223Ser),"Sep 20, 2025",combined_external,C:\Users\Wesley Capucho\Documents\IA dos números primos\data\raw\multigene\gck\gck_combined_external.tsv,GRCh38,7,44149772,44149772,na,na,44149772,C,T,1360415315,True,7-44149772-C-T,,,,False,,False,0.749990299198128,urn:mavedb:00000096-b-1,GCK variant abundance measured by DHFR-PCA,True,True,True,True,False,coordinate_mavedb_complete_gnomad_missing,False,,,,,,
GCK,p.Gly227Arg,Pathogenic,reviewed by expert panel,2580859,NM_000162.5(GCK):c.679G>C (p.Gly227Arg),"Sep 26, 2025",combined_external,C:\Users\Wesley Capucho\Documents\IA dos números primos\data\raw\multigene\gck\gck_combined_external.tsv,GRCh38,7,44149760,44149760,na,na,44149760,C,G,2484522183,True,7-44149760-C-G,,,,False,,False,0.4494965322614621,urn:mavedb:00000096-b-1,GCK variant abundance measured by DHFR-PCA,True,True,True,True,False,coordinate_mavedb_complete_gnomad_missing,False,,,,,,
GCK,p.Gly227Ser,Pathogenic,reviewed by expert panel,2136518,NM_000162.5(GCK):c.679G>A (p.Gly227Ser),"Sep 26, 2025",combined_external,C:\Users\Wesley Capucho\Documents\IA dos números primos\data\raw\multigene\gck\gck_combined_external.tsv,GRCh38,7,44149760,44149760,na,na,44149760,C,T,2484522183,True,7-44149760-C-T,,,,False,,False,0.8118857253258771,urn:mavedb:00000096-b-1,GCK variant abundance measured by DHFR-PCA,True,True,True,True,False,coordinate_mavedb_complete_gnomad_missing,False,,,,,,
GCK,p.Gly229Arg,Likely pathogenic,"criteria provided, single submitter",3340323,NM_000162.5(GCK):c.685G>C (p.Gly229Arg),"Dec 20, 2023",training,C:\Users\Wesley Capucho\Documents\IA dos números primos\data\raw\multigene\gck\gck_clinvar_training.tsv,GRCh38,7,44147828,44147828,na,na,44147828,C,G,-1,True,7-44147828-C-G,,,,False,,False,0.914860926082616,urn:mavedb:00000096-b-1,GCK variant abundance measured by DHFR-PCA,True,True,True,True,False,coordinate_mavedb_complete_gnomad_missing,False,,,,,,
GCK,p.Gly246Ala,Likely pathogenic,reviewed by expert panel,804856,NM_000162.5(GCK):c.737G>C (p.Gly246Ala),"Dec 02, 2023",combined_external,C:\Users\Wesley Capucho\Documents\IA dos números primos\data\raw\multigene\gck\gck_combined_external.tsv,GRCh38,7,44147776,44147776,na,na,44147776,C,G,1583596522,True,7-44147776-C-G,,,,False,,False,0.512195510456195,urn:mavedb:00000096-b-1,GCK variant abundance measured by DHFR-PCA,True,True,True,True,False,coordinate_mavedb_complete_gnomad_missing,False,,,,,,
GCK,p.Gly246Arg,Pathogenic,reviewed by expert panel,995372,NM_000162.5(GCK):c.736G>A (p.Gly246Arg),"Dec 02, 2023",combined_external,C:\Users\Wesley Capucho\Documents\IA dos números primos\data\raw\multigene\gck\gck_combined_external.tsv,GRCh38,7,44147777,44147777,na,na,44147777,C,T,2096275721,True,7-44147777-C-T,,,,False,,False,0.5408769290501321,urn:mavedb:00000096-b-1,GCK variant abundance measured by DHFR-PCA,True,True,True,True,False,coordinate_mavedb_complete_gnomad_missing,False,,,,,,
GCK,p.Gly246Glu,Likely pathogenic,reviewed by expert panel,995373,NM_000162.5(GCK):c.737G>A (p.Gly246Glu),"Jan 22, 2024",combined_external,C:\Users\Wesley Capucho\Documents\IA dos números primos\data\raw\multigene\gck\gck_combined_external.tsv,GRCh38,7,44147776,44147776,na,na,44147776,C,T,1583596522,True,7-44147776-C-T,,,,False,,False,0.294938218791904,urn:mavedb:00000096-b-1,GCK variant abundance measured by DHFR-PCA,True,True,True,True,False,coordinate_mavedb_complete_gnomad_missing,False,,,,,,
GCK,p.Gly261Arg,Pathogenic,reviewed by expert panel,447418,NM_000162.5(GCK):c.781G>C (p.Gly261Arg),"Aug 12, 2023",combined_external,C:\Users\Wesley Capucho\Documents\IA dos números primos\data\raw\multigene\gck\gck_combined_external.tsv,GRCh38,7,44147732,44147732,na,na,44147732,C,G,104894008,True,7-44147732-C-G,,,,False,,False,0.178884100865076,urn:mavedb:00000096-b-1,GCK variant abundance measured by DHFR-PCA,True,True,True,True,False,coordinate_mavedb_complete_gnomad_missing,False,,,,,,
GCK,p.Gly261Glu,Pathogenic,reviewed by expert panel,2578353,NM_000162.5(GCK):c.782G>A (p.Gly261Glu),"Aug 12, 2023",combined_external,C:\Users\Wesley Capucho\Documents\IA dos números primos\data\raw\multigene\gck\gck_combined_external.tsv,GRCh38,7,44147731,44147731,na,na,44147731,C,T,2484514005,True,7-44147731-C-T,,,,False,,False,0.114870531642271,urn:mavedb:00000096-b-1,GCK variant abundance measured by DHFR-PCA,True,True,True,True,False,coordinate_mavedb_complete_gnomad_missing,False,,,,,,
GCK,p.Gly264Ser,Pathogenic,reviewed by expert panel,21078,NM_000162.5(GCK):c.790G>A (p.Gly264Ser),"Nov 02, 2023",combined_external,C:\Users\Wesley Capucho\Documents\IA dos números primos\data\raw\multigene\gck\gck_combined_external.tsv,GRCh38,7,44147723,44147723,na,na,44147723,C,T,193929373,True,7-44147723-C-T,,,,False,,False,0.77163865332804,urn:mavedb:00000096-b-1,GCK variant abundance measured by DHFR-PCA,True,True,True,True,False,coordinate_mavedb_complete_gnomad_missing,False,,,,,,
GCK,p.Gly294Asp,Pathogenic,reviewed by expert panel,3338870,NM_000162.5(GCK):c.881G>A (p.Gly294Asp),"Jan 16, 2025",combined_external,C:\Users\Wesley Capucho\Documents\IA dos números primos\data\raw\multigene\gck\gck_combined_external.tsv,GRCh38,7,44146601,44146601,na,na,44146601,C,T,-1,True,7-44146601-C-T,,,,False,,False,0.542909620517686,urn:mavedb:00000096-b-1,GCK variant abundance measured by DHFR-PCA,True,True,True,True,False,coordinate_mavedb_complete_gnomad_missing,False,,,,,,
GCK,p.Gly294Val,Likely pathogenic,"criteria provided, single submitter",1707504,NM_000162.5(GCK):c.881G>T (p.Gly294Val),"Aug 03, 2022",training,C:\Users\Wesley Capucho\Documents\IA dos números primos\data\raw\multigene\gck\gck_clinvar_training.tsv,GRCh38,7,44146601,44146601,na,na,44146601,C,A,1198819911,True,7-44146601-C-A,,,,False,,False,0.6985189677775689,urn:mavedb:00000096-b-1,GCK variant abundance measured by DHFR-PCA,True,True,True,True,False,coordinate_mavedb_complete_gnomad_missing,False,,,,,,
GCK,p.Gly295Asp,Likely pathogenic,reviewed by expert panel,994613,NM_000162.5(GCK):c.884G>A (p.Gly295Asp),"Nov 23, 2023",combined_external,C:\Users\Wesley Capucho\Documents\IA dos números primos\data\raw\multigene\gck\gck_combined_external.tsv,GRCh38,7,44146598,44146598,na,na,44146598,C,T,2096273902,True,7-44146598-C-T,,,,False,,False,1.0842728057121,urn:mavedb:00000096-b-1,GCK variant abundance measured by DHFR-PCA,True,True,True,True,False,coordinate_mavedb_complete_gnomad_missing,False,,,,,,
GCK,p.Gly295Ser,Likely pathogenic,reviewed by expert panel,447423,NM_000162.5(GCK):c.883G>A (p.Gly295Ser),"Aug 11, 2023",combined_external,C:\Users\Wesley Capucho\Documents\IA dos números primos\data\raw\multigene\gck\gck_combined_external.tsv,GRCh38,7,44146599,44146599,na,na,44146599,C,T,1554334905,True,7-44146599-C-T,,,,False,,False,1.08356597298902,urn:mavedb:00000096-b-1,GCK variant abundance measured by DHFR-PCA,True,True,True,True,False,coordinate_mavedb_complete_gnomad_missing,False,,,,,,
GCK,p.Gly295Val,Likely pathogenic,reviewed by expert panel,2578352,NM_000162.5(GCK):c.884G>T (p.Gly295Val),"Aug 11, 2023",combined_external,C:\Users\Wesley Capucho\Documents\IA dos números primos\data\raw\multigene\gck\gck_combined_external.tsv,GRCh38,7,44146598,44146598,na,na,44146598,C,A,2096273902,True,7-44146598-C-A,,,,False,,False,0.7797021577712271,urn:mavedb:00000096-b-1,GCK variant abundance measured by DHFR-PCA,True,True,True,True,False,coordinate_mavedb_complete_gnomad_missing,False,,,,,,
GCK,p.Gly299Arg,Pathogenic/Likely pathogenic,"criteria provided, multiple submitters, no conflicts",16136,NM_000162.5(GCK):c.895G>C (p.Gly299Arg),"Dec 24, 2025",combined_external,C:\Users\Wesley Capucho\Documents\IA dos números primos\data\raw\multigene\gck\gck_combined_external.tsv,GRCh38,7,44146587,44146587,na,na,44146587,C,G,104894009,True,7-44146587-C-G,,,,False,,False,-0.120920502144243,urn:mavedb:00000096-b-1,GCK variant abundance measured by DHFR-PCA,True,True,True,True,False,coordinate_mavedb_complete_gnomad_missing,False,,,,,,
GCK,p.Gly299Asp,Pathogenic,"criteria provided, single submitter",2734999,NM_000162.5(GCK):c.896G>A (p.Gly299Asp),"Apr 29, 2024",training,C:\Users\Wesley Capucho\Documents\IA dos números primos\data\raw\multigene\gck\gck_clinvar_training.tsv,GRCh38,7,44146586,44146586,na,na,44146586,C,T,2484507297,True,7-44146586-C-T,,,,False,,False,0.665308405361625,urn:mavedb:00000096-b-1,GCK variant abundance measured by DHFR-PCA,True,True,True,True,False,coordinate_mavedb_complete_gnomad_missing,False,,,,,,
GCK,p.Gly299Ser,Likely pathogenic,"criteria provided, single submitter",3767575,NM_000162.5(GCK):c.895G>A (p.Gly299Ser),"Sep 09, 2024",training,C:\Users\Wesley Capucho\Documents\IA dos números primos\data\raw\multigene\gck\gck_clinvar_training.tsv,GRCh38,7,44146587,44146587,na,na,44146587,C,T,-1,True,7-44146587-C-T,,,,False,,False,0.568726651517304,urn:mavedb:00000096-b-1,GCK variant abundance measured by DHFR-PCA,True,True,True,True,False,coordinate_mavedb_complete_gnomad_missing,False,,,,,,
GCK,p.Gly318Arg,Pathogenic,reviewed by expert panel,585929,NM_000162.5(GCK):c.952G>A (p.Gly318Arg),"Jan 16, 2025",combined_external,C:\Users\Wesley Capucho\Documents\IA dos números primos\data\raw\multigene\gck\gck_combined_external.tsv,GRCh38,7,44146530,44146530,na,na,44146530,C,T,193922340,True,7-44146530-C-T,,,,False,,False,0.7168165772329721,urn:mavedb:00000096-b-1,GCK variant abundance measured by DHFR-PCA,True,True,True,True,False,coordinate_mavedb_complete_gnomad_missing,False,,,,,,
GCK,p.Gly385Arg,Likely pathogenic,reviewed by expert panel,2065408,NM_000162.5(GCK):c.1153G>C (p.Gly385Arg),"Sep 29, 2025",combined_external,C:\Users\Wesley Capucho\Documents\IA dos números primos\data\raw\multigene\gck\gck_combined_external.tsv,GRCh38,7,44145597,44145597,na,na,44145597,C,G,193922267,True,7-44145597-C-G,,,,False,,False,0.4040775870784679,urn:mavedb:00000096-b-1,GCK variant abundance measured by DHFR-PCA,True,True,True,True,False,coordinate_mavedb_complete_gnomad_missing,False,,,,,,
GCK,p.Gly385Trp,Likely pathogenic,reviewed by expert panel,3901861,NM_000162.5(GCK):c.1153G>T (p.Gly385Trp),"Jun 02, 2025",combined_external,C:\Users\Wesley Capucho\Documents\IA dos números primos\data\raw\multigene\gck\gck_combined_external.tsv,GRCh38,7,44145597,44145597,na,na,44145597,C,A,-1,True,7-44145597-C-A,,,,False,,False,0.439528690794641,urn:mavedb:00000096-b-1,GCK variant abundance measured by DHFR-PCA,True,True,True,True,False,coordinate_mavedb_complete_gnomad_missing,False,,,,,,
GCK,p.Gly385Val,Likely pathogenic,reviewed by expert panel,3901862,NM_000162.5(GCK):c.1154G>T (p.Gly385Val),"Jun 02, 2025",combined_external,C:\Users\Wesley Capucho\Documents\IA dos números primos\data\raw\multigene\gck\gck_combined_external.tsv,GRCh38,7,44145596,44145596,na,na,44145596,C,A,-1,True,7-44145596-C-A,,,,False,,False,1.01869281238405,urn:mavedb:00000096-b-1,GCK variant abundance measured by DHFR-PCA,True,True,True,True,False,coordinate_mavedb_complete_gnomad_missing,False,,,,,,
GCK,p.Gly388Asp,Pathogenic,reviewed by expert panel,995101,NM_000162.5(GCK):c.1163G>A (p.Gly388Asp),"Dec 02, 2023",combined_external,C:\Users\Wesley Capucho\Documents\IA dos números primos\data\raw\multigene\gck\gck_combined_external.tsv,GRCh38,7,44145587,44145587,na,na,44145587,C,T,2096271482,True,7-44145587-C-T,,,,False,,False,,,,False,False,True,True,False,coordinate_ready_annotation_missing,False,,,,,,
GCK,p.Gly410Arg,Pathogenic,reviewed by expert panel,1472875,NM_000162.5(GCK):c.1228G>C (p.Gly410Arg),"Apr 28, 2024",combined_external,C:\Users\Wesley Capucho\Documents\IA dos números primos\data\raw\multigene\gck\gck_combined_external.tsv,GRCh38,7,44145522,44145522,na,na,44145522,C,G,2128819136,True,7-44145522-C-G,,,,False,,False,0.129097222118562,urn:mavedb:00000096-b-1,GCK variant abundance measured by DHFR-PCA,True,True,True,True,False,coordinate_mavedb_complete_gnomad_missing,False,,,,,,
GCK,p.Gly410Asp,Pathogenic,reviewed by expert panel,447386,NM_000162.5(GCK):c.1229G>A (p.Gly410Asp),"Jun 22, 2024",combined_external,C:\Users\Wesley Capucho\Documents\IA dos números primos\data\raw\multigene\gck\gck_combined_external.tsv,GRCh38,7,44145521,44145521,na,na,44145521,C,T,1554334546,True,7-44145521-C-T,,,,False,,False,,,,False,False,True,True,False,coordinate_ready_annotation_missing,False,,,,,,
GCK,p.Gly410Cys,Pathogenic,reviewed by expert panel,3233996,NM_000162.5(GCK):c.1228G>T (p.Gly410Cys),"Apr 28, 2024",combined_external,C:\Users\Wesley Capucho\Documents\IA dos números primos\data\raw\multigene\gck\gck_combined_external.tsv,GRCh38,7,44145522,44145522,na,na,44145522,C,A,2128819136,True,7-44145522-C-A,,,,False,,False,0.3590442188661729,urn:mavedb:00000096-b-1,GCK variant abundance measured by DHFR-PCA,True,True,True,True,False,coordinate_mavedb_complete_gnomad_missing,False,,,,,,
GCK,p.Gly410Ser,Pathogenic,reviewed by expert panel,3233995,NM_000162.5(GCK):c.1228G>A (p.Gly410Ser),"Jun 21, 2024",combined_external,C:\Users\Wesley Capucho\Documents\IA dos números primos\data\raw\multigene\gck\gck_combined_external.tsv,GRCh38,7,44145522,44145522,na,na,44145522,C,T,2128819136,True,7-44145522-C-T,,,,False,,False,0.410917319045918,urn:mavedb:00000096-b-1,GCK variant abundance measured by DHFR-PCA,True,True,True,True,False,coordinate_mavedb_complete_gnomad_missing,False,,,,,,
GCK,p.Gly44Asp,Likely pathogenic,"criteria provided, multiple submitters, no conflicts",36196,NM_000162.5(GCK):c.131G>A (p.Gly44Asp),"Dec 22, 2020",combined_external,C:\Users\Wesley Capucho\Documents\IA dos números primos\data\raw\multigene\gck\gck_combined_external.tsv,GRCh38,7,44153378,44153378,na,na,44153378,C,T,193922279,True,7-44153378-C-T,,,,False,,False,,,,False,False,True,True,False,coordinate_ready_annotation_missing,False,,,,,,
GCK,p.Gly44Ser,Pathogenic/Likely pathogenic,"criteria provided, multiple submitters, no conflicts",76898,NM_000162.5(GCK):c.130G>A (p.Gly44Ser),"Jan 12, 2026",combined_external,C:\Users\Wesley Capucho\Documents\IA dos números primos\data\raw\multigene\gck\gck_combined_external.tsv,GRCh38,7,44153379,44153379,na,na,44153379,C,T,267601516,True,7-44153379-C-T,,,,False,,False,0.474301039975176,urn:mavedb:00000096-b-1,GCK variant abundance measured by DHFR-PCA,True,True,True,True,False,coordinate_mavedb_complete_gnomad_missing,False,,,,,,
GCK,p.Gly68Asp,Likely benign,reviewed by expert panel,972774,NM_000162.5(GCK):c.203G>A (p.Gly68Asp),"Dec 08, 2023",combined_external,C:\Users\Wesley Capucho\Documents\IA dos números primos\data\raw\multigene\gck\gck_combined_external.tsv,GRCh38,7,44153306,44153306,na,na,44153306,C,T,373418736,True,7-44153306-C-T,,,,False,,False,0.79225331541613,urn:mavedb:00000096-b-1,GCK variant abundance measured by DHFR-PCA,True,True,True,True,False,coordinate_mavedb_complete_gnomad_missing,False,,,,,,
GCK,p.Gly72Arg,Pathogenic,reviewed by expert panel,36209,NM_000162.5(GCK):c.214G>A (p.Gly72Arg),"Aug 13, 2023",combined_external,C:\Users\Wesley Capucho\Documents\IA dos números primos\data\raw\multigene\gck\gck_combined_external.tsv,GRCh38,7,44152420,44152420,na,na,44152420,C,T,193922289,True,7-44152420-C-T,,,,False,,False,0.167919121024682,urn:mavedb:00000096-b-1,GCK variant abundance measured by DHFR-PCA,True,True,True,True,False,coordinate_mavedb_complete_gnomad_missing,False,,,,,,
GCK,p.Gly80Cys,Likely pathogenic,"criteria provided, single submitter",3897233,NM_000162.5(GCK):c.238G>T (p.Gly80Cys),"Oct 30, 2024",training,C:\Users\Wesley Capucho\Documents\IA dos números primos\data\raw\multigene\gck\gck_clinvar_training.tsv,GRCh38,7,44152396,44152396,na,na,44152396,C,A,-1,True,7-44152396-C-A,,,,False,,False,0.449357749067698,urn:mavedb:00000096-b-1,GCK variant abundance measured by DHFR-PCA,True,True,True,True,False,coordinate_mavedb_complete_gnomad_missing,False,,,,,,
GCK,p.Gly80Ser,Likely pathogenic,"criteria provided, single submitter",449415,NM_000162.5(GCK):c.238G>A (p.Gly80Ser),"Oct 12, 2017",training,C:\Users\Wesley Capucho\Documents\IA dos números primos\data\raw\multigene\gck\gck_clinvar_training.tsv,GRCh38,7,44152396,44152396,na,na,44152396,C,T,1554335761,True,7-44152396-C-T,,,,False,,False,1.0695872696241,urn:mavedb:00000096-b-1,GCK variant abundance measured by DHFR-PCA,True,True,True,True,False,coordinate_mavedb_complete_gnomad_missing,False,,,,,,
GCK,p.Gly81Asp,Likely pathogenic,"criteria provided, single submitter",3236689,NM_000162.5(GCK):c.242G>A (p.Gly81Asp),"May 22, 2024",training,C:\Users\Wesley Capucho\Documents\IA dos números primos\data\raw\multigene\gck\gck_clinvar_training.tsv,GRCh38,7,44152392,44152392,na,na,44152392,C,T,866182415,True,7-44152392-C-T,,,,False,,False,0.864113446506845,urn:mavedb:00000096-b-1,GCK variant abundance measured by DHFR-PCA,True,True,True,True,False,coordinate_mavedb_complete_gnomad_missing,False,,,,,,
GCK,p.Gly81Val,Likely pathogenic,"criteria provided, single submitter",3766875,NM_000162.5(GCK):c.242G>T (p.Gly81Val),"Jan 02, 2024",training,C:\Users\Wesley Capucho\Documents\IA dos números primos\data\raw\multigene\gck\gck_clinvar_training.tsv,GRCh38,7,44152392,44152392,na,na,44152392,C,A,-1,True,7-44152392-C-A,,,,False,,False,0.8854549137983599,urn:mavedb:00000096-b-1,GCK variant abundance measured by DHFR-PCA,True,True,True,True,False,coordinate_mavedb_complete_gnomad_missing,False,,,,,,
GCK,p.His137Arg,Likely pathogenic,reviewed by expert panel,2136527,NM_000162.5(GCK):c.410A>G (p.His137Arg),"Apr 17, 2025",combined_external,C:\Users\Wesley Capucho\Documents\IA dos números primos\data\raw\multigene\gck\gck_combined_external.tsv,GRCh38,7,44151029,44151029,na,na,44151029,T,C,2484529889,True,7-44151029-T-C,,,,False,,False,0.770528653181375,urn:mavedb:00000096-b-1,GCK variant abundance measured by DHFR-PCA,True,True,True,True,False,coordinate_mavedb_complete_gnomad_missing,False,,,,,,
GCK,p.His137Asp,Likely pathogenic,reviewed by expert panel,3893273,NM_000162.5(GCK):c.409C>G (p.His137Asp),"Apr 17, 2025",combined_external,C:\Users\Wesley Capucho\Documents\IA dos números primos\data\raw\multigene\gck\gck_combined_external.tsv,GRCh38,7,44151030,44151030,na,na,44151030,G,C,-1,True,7-44151030-G-C,,,,False,,False,0.437379587077932,urn:mavedb:00000096-b-1,GCK variant abundance measured by DHFR-PCA,True,True,True,True,False,coordinate_mavedb_complete_gnomad_missing,False,,,,,,
GCK,p.His156Asn,Likely pathogenic,"criteria provided, single submitter",4070585,NM_000162.5(GCK):c.466C>A (p.His156Asn),"Jan 17, 2025",training,C:\Users\Wesley Capucho\Documents\IA dos números primos\data\raw\multigene\gck\gck_clinvar_training.tsv,GRCh38,7,44150973,44150973,na,na,44150973,G,T,-1,True,7-44150973-G-T,,,,False,,False,0.5421695945370499,urn:mavedb:00000096-b-1,GCK variant abundance measured by DHFR-PCA,True,True,True,True,False,coordinate_mavedb_complete_gnomad_missing,False,,,,,,
GCK,p.His156Tyr,Likely pathogenic,reviewed by expert panel,585921,NM_000162.5(GCK):c.466C>T (p.His156Tyr),"Dec 08, 2023",combined_external,C:\Users\Wesley Capucho\Documents\IA dos números primos\data\raw\multigene\gck\gck_combined_external.tsv,GRCh38,7,44150973,44150973,na,na,44150973,G,A,1562718043,True,7-44150973-G-A,,,,False,,False,1.06342833511834,urn:mavedb:00000096-b-1,GCK variant abundance measured by DHFR-PCA,True,True,True,True,False,coordinate_mavedb_complete_gnomad_missing,False,,,,,,
GCK,p.His317Gln,Likely pathogenic,reviewed by expert panel,447426,NM_000162.5(GCK):c.951C>G (p.His317Gln),"Aug 29, 2025",combined_external,C:\Users\Wesley Capucho\Documents\IA dos números primos\data\raw\multigene\gck\gck_combined_external.tsv,GRCh38,7,44146531,44146531,na,na,44146531,G,C,1379908545,True,7-44146531-G-C,,,,False,,False,0.973639101364237,urn:mavedb:00000096-b-1,GCK variant abundance measured by DHFR-PCA,True,True,True,True,False,coordinate_mavedb_complete_gnomad_missing,False,,,,,,
GCK,p.His380Pro,Pathogenic,reviewed by expert panel,1098819,NM_000162.5(GCK):c.1139A>C (p.His380Pro),"Sep 19, 2023",combined_external,C:\Users\Wesley Capucho\Documents\IA dos números primos\data\raw\multigene\gck\gck_combined_external.tsv,GRCh38,7,44145611,44145611,na,na,44145611,T,G,2128819280,True,7-44145611-T-G,,,,False,,False,0.083517523162093,urn:mavedb:00000096-b-1,GCK variant abundance measured by DHFR-PCA,True,True,True,True,False,coordinate_mavedb_complete_gnomad_missing,False,,,,,,
GCK,p.His416Arg,Pathogenic,reviewed by expert panel,1700674,NM_000162.5(GCK):c.1247A>G (p.His416Arg),"Jan 07, 2026",combined_external,C:\Users\Wesley Capucho\Documents\IA dos números primos\data\raw\multigene\gck\gck_combined_external.tsv,GRCh38,7,44145503,44145503,na,na,44145503,T,C,1583591303,True,7-44145503-T-C,,,,False,,False,0.7066458494858759,urn:mavedb:00000096-b-1,GCK variant abundance measured by DHFR-PCA,True,True,True,True,False,coordinate_mavedb_complete_gnomad_missing,False,,,,,,
GCK,p.His416Asp,Likely pathogenic,reviewed by expert panel,4687878,NM_000162.5(GCK):c.1246C>G (p.His416Asp),"Jan 07, 2026",combined_external,C:\Users\Wesley Capucho\Documents\IA dos números primos\data\raw\multigene\gck\gck_combined_external.tsv,GRCh38,7,44145504,44145504,na,na,44145504,G,C,-1,True,7-44145504-G-C,,,,False,,False,0.875627554881598,urn:mavedb:00000096-b-1,GCK variant abundance measured by DHFR-PCA,True,True,True,True,False,coordinate_mavedb_complete_gnomad_missing,False,,,,,,
GCK,p.His416Gln,Likely pathogenic,reviewed by expert panel,4687875,NM_000162.5(GCK):c.1248C>G (p.His416Gln),"Jan 28, 2026",combined_external,C:\Users\Wesley Capucho\Documents\IA dos números primos\data\raw\multigene\gck\gck_combined_external.tsv,GRCh38,7,44145502,44145502,na,na,44145502,G,C,-1,True,7-44145502-G-C,,,,False,,False,0.604837001155964,urn:mavedb:00000096-b-1,GCK variant abundance measured by DHFR-PCA,True,True,True,True,False,coordinate_mavedb_complete_gnomad_missing,False,,,,,,
GCK,p.His416Pro,Likely pathogenic,reviewed by expert panel,804839,NM_000162.5(GCK):c.1247A>C (p.His416Pro),"Jan 07, 2026",combined_external,C:\Users\Wesley Capucho\Documents\IA dos números primos\data\raw\multigene\gck\gck_combined_external.tsv,GRCh38,7,44145503,44145503,na,na,44145503,T,G,1583591303,True,7-44145503-T-G,,,,False,,False,0.509159695694269,urn:mavedb:00000096-b-1,GCK variant abundance measured by DHFR-PCA,True,True,True,True,False,coordinate_mavedb_complete_gnomad_missing,False,,,,,,
GCK,p.His416Tyr,Likely pathogenic,reviewed by expert panel,4687877,NM_000162.5(GCK):c.1246C>T (p.His416Tyr),"Jan 07, 2026",combined_external,C:\Users\Wesley Capucho\Documents\IA dos números primos\data\raw\multigene\gck\gck_combined_external.tsv,GRCh38,7,44145504,44145504,na,na,44145504,G,A,-1,True,7-44145504-G-A,,,,False,,False,0.959079207434364,urn:mavedb:00000096-b-1,GCK variant abundance measured by DHFR-PCA,True,True,True,True,False,coordinate_mavedb_complete_gnomad_missing,False,,,,,,
GCK,p.His424Tyr,Likely pathogenic,reviewed by expert panel,1709730,NM_000162.5(GCK):c.1270C>T (p.His424Tyr),"Nov 23, 2023",combined_external,C:\Users\Wesley Capucho\Documents\IA dos números primos\data\raw\multigene\gck\gck_combined_external.tsv,GRCh38,7,44145264,44145264,na,na,44145264,G,A,2484493384,True,7-44145264-G-A,,,,False,,False,0.8996871367413901,urn:mavedb:00000096-b-1,GCK variant abundance measured by DHFR-PCA,True,True,True,True,False,coordinate_mavedb_complete_gnomad_missing,False,,,,,,
GCK,p.His50Tyr,Pathogenic/Likely pathogenic,"criteria provided, multiple submitters, no conflicts",631495,NM_000162.5(GCK):c.148C>T (p.His50Tyr),"Aug 24, 2017",combined_external,C:\Users\Wesley Capucho\Documents\IA dos números primos\data\raw\multigene\gck\gck_combined_external.tsv,GRCh38,7,44153361,44153361,na,na,44153361,G,A,1562719705,True,7-44153361-G-A,,,,False,,False,0.997007474458124,urn:mavedb:00000096-b-1,GCK variant abundance measured by DHFR-PCA,True,True,True,True,False,coordinate_mavedb_complete_gnomad_missing,False,,,,,,
GCK,p.Ile110Asn,Likely pathogenic,"criteria provided, single submitter",4747574,NM_000162.5(GCK):c.329T>A (p.Ile110Asn),"Jun 22, 2025",training,C:\Users\Wesley Capucho\Documents\IA dos números primos\data\raw\multigene\gck\gck_clinvar_training.tsv,GRCh38,7,44152305,44152305,na,na,44152305,A,T,-1,True,7-44152305-A-T,,,,False,,False,-0.1028761384004459,urn:mavedb:00000096-b-1,GCK variant abundance measured by DHFR-PCA,True,True,True,True,False,coordinate_mavedb_complete_gnomad_missing,False,,,,,,
GCK,p.Ile130Asn,Likely pathogenic,reviewed by expert panel,3024422,NM_000162.5(GCK):c.389T>A (p.Ile130Asn),"Feb 28, 2024",combined_external,C:\Users\Wesley Capucho\Documents\IA dos números primos\data\raw\multigene\gck\gck_combined_external.tsv,GRCh38,7,44151050,44151050,na,na,44151050,A,T,1036483919,True,7-44151050-A-T,,,,False,,False,-0.3194802071027819,urn:mavedb:00000096-b-1,GCK variant abundance measured by DHFR-PCA,True,True,True,True,False,coordinate_mavedb_complete_gnomad_missing,False,,,,,,
GCK,p.Ile130Thr,Likely pathogenic,reviewed by expert panel,1704126,NM_000162.5(GCK):c.389T>C (p.Ile130Thr),"Feb 28, 2024",combined_external,C:\Users\Wesley Capucho\Documents\IA dos números primos\data\raw\multigene\gck\gck_combined_external.tsv,GRCh38,7,44151050,44151050,na,na,44151050,A,G,1036483919,True,7-44151050-A-G,,,,False,,False,0.4818756524261169,urn:mavedb:00000096-b-1,GCK variant abundance measured by DHFR-PCA,True,True,True,True,False,coordinate_mavedb_complete_gnomad_missing,False,,,,,,
GCK,p.Ile159Val,Pathogenic/Likely pathogenic,"criteria provided, multiple submitters, no conflicts",1679549,NM_000162.5(GCK):c.475A>G (p.Ile159Val),"Oct 21, 2024",combined_external,C:\Users\Wesley Capucho\Documents\IA dos números primos\data\raw\multigene\gck\gck_combined_external.tsv,GRCh38,7,44150964,44150964,na,na,44150964,T,C,1319364468,True,7-44150964-T-C,,,,False,,False,1.1176613176154,urn:mavedb:00000096-b-1,GCK variant abundance measured by DHFR-PCA,True,True,True,True,False,coordinate_mavedb_complete_gnomad_missing,False,,,,,,
GCK,p.Ile189Met,Likely pathogenic,reviewed by expert panel,2664364,NM_000162.5(GCK):c.567C>G (p.Ile189Met),"Dec 02, 2023",combined_external,C:\Users\Wesley Capucho\Documents\IA dos números primos\data\raw\multigene\gck\gck_combined_external.tsv,GRCh38,7,44149981,44149981,na,na,44149981,G,C,2128821587,True,7-44149981-G-C,,,,False,,False,0.991661092355316,urn:mavedb:00000096-b-1,GCK variant abundance measured by DHFR-PCA,True,True,True,True,False,coordinate_mavedb_complete_gnomad_missing,False,,,,,,
GCK,p.Ile189Thr,Pathogenic,reviewed by expert panel,431972,NM_000162.5(GCK):c.566T>C (p.Ile189Thr),"May 08, 2023",combined_external,C:\Users\Wesley Capucho\Documents\IA dos números primos\data\raw\multigene\gck\gck_combined_external.tsv,GRCh38,7,44149982,44149982,na,na,44149982,A,G,1554335441,True,7-44149982-A-G,,,,False,,False,0.678523316306054,urn:mavedb:00000096-b-1,GCK variant abundance measured by DHFR-PCA,True,True,True,True,False,coordinate_mavedb_complete_gnomad_missing,False,,,,,,
GCK,p.Ile19Asn,Pathogenic,reviewed by expert panel,2136531,NM_000162.5(GCK):c.56T>A (p.Ile19Asn),"Feb 24, 2026",combined_external,C:\Users\Wesley Capucho\Documents\IA dos números primos\data\raw\multigene\gck\gck_combined_external.tsv,GRCh38,7,44153453,44153453,na,na,44153453,A,T,2484540549,True,7-44153453-A-T,,,,False,,False,0.6926638598563001,urn:mavedb:00000096-b-1,GCK variant abundance measured by DHFR-PCA,True,True,True,True,False,coordinate_mavedb_complete_gnomad_missing,False,,,,,,
GCK,p.Ile19Met,Likely pathogenic,"criteria provided, single submitter",36230,NM_000162.5(GCK):c.57C>G (p.Ile19Met),"Aug 18, 2011",training,C:\Users\Wesley Capucho\Documents\IA dos números primos\data\raw\multigene\gck\gck_clinvar_training.tsv,GRCh38,7,44153452,44153452,na,na,44153452,G,C,193922308,True,7-44153452-G-C,,,,False,,False,0.8849645793412081,urn:mavedb:00000096-b-1,GCK variant abundance measured by DHFR-PCA,True,True,True,True,False,coordinate_mavedb_complete_gnomad_missing,False,,,,,,
GCK,p.Ile211Thr,Pathogenic,"criteria provided, single submitter",2684209,NM_000162.5(GCK):c.632T>C (p.Ile211Thr),"Sep 02, 2023",training,C:\Users\Wesley Capucho\Documents\IA dos números primos\data\raw\multigene\gck\gck_clinvar_training.tsv,GRCh38,7,44149807,44149807,na,na,44149807,A,G,1554335400,True,7-44149807-A-G,,,,False,,False,0.352661019517404,urn:mavedb:00000096-b-1,GCK variant abundance measured by DHFR-PCA,True,True,True,True,False,coordinate_mavedb_complete_gnomad_missing,False,,,,,,
GCK,p.Ile293Arg,Pathogenic/Likely pathogenic,"criteria provided, multiple submitters, no conflicts",1700684,NM_000162.5(GCK):c.878T>G (p.Ile293Arg),"Apr 23, 2025",combined_external,C:\Users\Wesley Capucho\Documents\IA dos números primos\data\raw\multigene\gck\gck_combined_external.tsv,GRCh38,7,44146604,44146604,na,na,44146604,A,C,2128820046,True,7-44146604-A-C,,,,False,,False,-0.198183382186124,urn:mavedb:00000096-b-1,GCK variant abundance measured by DHFR-PCA,True,True,True,True,False,coordinate_mavedb_complete_gnomad_missing,False,,,,,,
GCK,p.Ile348Phe,Likely pathogenic,reviewed by expert panel,36172,NM_000162.5(GCK):c.1042A>T (p.Ile348Phe),"Jan 28, 2024",combined_external,C:\Users\Wesley Capucho\Documents\IA dos números primos\data\raw\multigene\gck\gck_combined_external.tsv,GRCh38,7,44145708,44145708,na,na,44145708,T,A,193922260,True,7-44145708-T-A,,,,False,,False,0.204100558762221,urn:mavedb:00000096-b-1,GCK variant abundance measured by DHFR-PCA,True,True,True,True,False,coordinate_mavedb_complete_gnomad_missing,False,,,,,,
GCK,p.Ile436Asn,Pathogenic,reviewed by expert panel,36195,NM_000162.5(GCK):c.1307T>A (p.Ile436Asn),"Apr 27, 2024",combined_external,C:\Users\Wesley Capucho\Documents\IA dos números primos\data\raw\multigene\gck\gck_combined_external.tsv,GRCh38,7,44145227,44145227,na,na,44145227,A,T,193922278,True,7-44145227-A-T,,,,False,,False,-0.0538689286978321,urn:mavedb:00000096-b-1,GCK variant abundance measured by DHFR-PCA,True,True,True,True,False,coordinate_mavedb_complete_gnomad_missing,False,,,,,,
GCK,p.Ile436Phe,Likely pathogenic,reviewed by expert panel,2691824,NM_000162.5(GCK):c.1306A>T (p.Ile436Phe),"Jan 22, 2024",combined_external,C:\Users\Wesley Capucho\Documents\IA dos números primos\data\raw\multigene\gck\gck_combined_external.tsv,GRCh38,7,44145228,44145228,na,na,44145228,T,A,755498926,True,7-44145228-T-A,,,,False,,False,0.6823818905705179,urn:mavedb:00000096-b-1,GCK variant abundance measured by DHFR-PCA,True,True,True,True,False,coordinate_mavedb_complete_gnomad_missing,False,,,,,,
GCK,p.Leu122Ile,Likely pathogenic,reviewed by expert panel,435307,NM_000162.5(GCK):c.364C>A (p.Leu122Ile),"Mar 07, 2024",combined_external,C:\Users\Wesley Capucho\Documents\IA dos números primos\data\raw\multigene\gck\gck_combined_external.tsv,GRCh38,7,44151075,44151075,na,na,44151075,G,T,1554335616,True,7-44151075-G-T,,,,False,,False,0.811707571581678,urn:mavedb:00000096-b-1,GCK variant abundance measured by DHFR-PCA,True,True,True,True,False,coordinate_mavedb_complete_gnomad_missing,False,,,,,,
GCK,p.Leu122Phe,Likely pathogenic,reviewed by expert panel,3338654,NM_000162.5(GCK):c.364C>T (p.Leu122Phe),"Aug 01, 2024",combined_external,C:\Users\Wesley Capucho\Documents\IA dos números primos\data\raw\multigene\gck\gck_combined_external.tsv,GRCh38,7,44151075,44151075,na,na,44151075,G,A,-1,True,7-44151075-G-A,,,,False,,False,0.94831029232371,urn:mavedb:00000096-b-1,GCK variant abundance measured by DHFR-PCA,True,True,True,True,False,coordinate_mavedb_complete_gnomad_missing,False,,,,,,
GCK,p.Leu122Pro,Likely pathogenic,reviewed by expert panel,2735019,NM_000162.5(GCK):c.365T>C (p.Leu122Pro),"Mar 07, 2024",combined_external,C:\Users\Wesley Capucho\Documents\IA dos números primos\data\raw\multigene\gck\gck_combined_external.tsv,GRCh38,7,44151074,44151074,na,na,44151074,A,G,2484530226,True,7-44151074-A-G,,,,False,,False,0.447780541509385,urn:mavedb:00000096-b-1,GCK variant abundance measured by DHFR-PCA,True,True,True,True,False,coordinate_mavedb_complete_gnomad_missing,False,,,,,,
GCK,p.Leu122Val,Likely pathogenic,reviewed by expert panel,585919,NM_000162.5(GCK):c.364C>G (p.Leu122Val),"Mar 11, 2024",combined_external,C:\Users\Wesley Capucho\Documents\IA dos números primos\data\raw\multigene\gck\gck_combined_external.tsv,GRCh38,7,44151075,44151075,na,na,44151075,G,C,1554335616,True,7-44151075-G-C,,,,False,,False,1.14642499916422,urn:mavedb:00000096-b-1,GCK variant abundance measured by DHFR-PCA,True,True,True,True,False,coordinate_mavedb_complete_gnomad_missing,False,,,,,,
GCK,p.Leu146Arg,Likely pathogenic,reviewed by expert panel,2578355,NM_000162.5(GCK):c.437T>G (p.Leu146Arg),"Aug 13, 2023",combined_external,C:\Users\Wesley Capucho\Documents\IA dos números primos\data\raw\multigene\gck\gck_combined_external.tsv,GRCh38,7,44151002,44151002,na,na,44151002,A,C,2096280084,True,7-44151002-A-C,,,,False,,False,0.653343568097546,urn:mavedb:00000096-b-1,GCK variant abundance measured by DHFR-PCA,True,True,True,True,False,coordinate_mavedb_complete_gnomad_missing,False,,,,,,
GCK,p.Leu146Pro,Pathogenic,reviewed by expert panel,2428681,NM_000162.5(GCK):c.437T>C (p.Leu146Pro),"Aug 13, 2023",combined_external,C:\Users\Wesley Capucho\Documents\IA dos números primos\data\raw\multigene\gck\gck_combined_external.tsv,GRCh38,7,44151002,44151002,na,na,44151002,A,G,2096280084,True,7-44151002-A-G,,,,False,,False,0.820087383649165,urn:mavedb:00000096-b-1,GCK variant abundance measured by DHFR-PCA,True,True,True,True,False,coordinate_mavedb_complete_gnomad_missing,False,,,,,,
GCK,p.Leu164Phe,Likely pathogenic,"criteria provided, single submitter",3766600,NM_000162.5(GCK):c.490C>T (p.Leu164Phe),"May 06, 2024",training,C:\Users\Wesley Capucho\Documents\IA dos números primos\data\raw\multigene\gck\gck_clinvar_training.tsv,GRCh38,7,44150058,44150058,na,na,44150058,G,A,-1,True,7-44150058-G-A,,,,False,,False,0.956119915231805,urn:mavedb:00000096-b-1,GCK variant abundance measured by DHFR-PCA,True,True,True,True,False,coordinate_mavedb_complete_gnomad_missing,False,,,,,,
GCK,p.Leu164Pro,Pathogenic/Likely pathogenic,"criteria provided, multiple submitters, no conflicts",997861,NM_000162.5(GCK):c.491T>C (p.Leu164Pro),"Dec 05, 2025",combined_external,C:\Users\Wesley Capucho\Documents\IA dos números primos\data\raw\multigene\gck\gck_combined_external.tsv,GRCh38,7,44150057,44150057,na,na,44150057,A,G,2096278847,True,7-44150057-A-G,,,,False,,False,1.22956809650031,urn:mavedb:00000096-b-1,GCK variant abundance measured by DHFR-PCA,True,True,True,True,False,coordinate_mavedb_complete_gnomad_missing,False,,,,,,
GCK,p.Leu165Phe,Likely pathogenic,"criteria provided, single submitter",4687710,NM_000162.5(GCK):c.493C>T (p.Leu165Phe),"Oct 27, 2025",training,C:\Users\Wesley Capucho\Documents\IA dos números primos\data\raw\multigene\gck\gck_clinvar_training.tsv,GRCh38,7,44150055,44150055,na,na,44150055,G,A,-1,True,7-44150055-G-A,,,,False,,False,0.911260230781092,urn:mavedb:00000096-b-1,GCK variant abundance measured by DHFR-PCA,True,True,True,True,False,coordinate_mavedb_complete_gnomad_missing,False,,,,,,
GCK,p.Leu185Pro,Likely pathogenic,"criteria provided, single submitter",2664850,NM_000162.5(GCK):c.554T>C (p.Leu185Pro),"Dec 09, 2022",training,C:\Users\Wesley Capucho\Documents\IA dos números primos\data\raw\multigene\gck\gck_clinvar_training.tsv,GRCh38,7,44149994,44149994,na,na,44149994,A,G,1583599749,True,7-44149994-A-G,,,,False,,False,-0.107261020662868,urn:mavedb:00000096-b-1,GCK variant abundance measured by DHFR-PCA,True,True,True,True,False,coordinate_mavedb_complete_gnomad_missing,False,,,,,,
GCK,p.Leu20Pro,Likely pathogenic,"criteria provided, single submitter",2504386,NM_000162.5(GCK):c.59T>C (p.Leu20Pro),"Jul 19, 2023",training,C:\Users\Wesley Capucho\Documents\IA dos números primos\data\raw\multigene\gck\gck_clinvar_training.tsv,GRCh38,7,44153450,44153450,na,na,44153450,A,G,2484540522,True,7-44153450-A-G,,,,False,,False,0.0917206362179959,urn:mavedb:00000096-b-1,GCK variant abundance measured by DHFR-PCA,True,True,True,True,False,coordinate_mavedb_complete_gnomad_missing,False,,,,,,
GCK,p.Leu243Pro,Pathogenic,"criteria provided, single submitter",1456947,NM_000162.5(GCK):c.728T>C (p.Leu243Pro),"Oct 05, 2023",training,C:\Users\Wesley Capucho\Documents\IA dos números primos\data\raw\multigene\gck\gck_clinvar_training.tsv,GRCh38,7,44147785,44147785,na,na,44147785,A,G,1470562535,True,7-44147785-A-G,,,,False,,False,,,,False,False,True,True,False,coordinate_ready_annotation_missing,False,,,,,,
GCK,p.Leu25Pro,Likely pathogenic,"criteria provided, single submitter",4262524,NM_000162.5(GCK):c.74T>C (p.Leu25Pro),"Jun 25, 2025",training,C:\Users\Wesley Capucho\Documents\IA dos números primos\data\raw\multigene\gck\gck_clinvar_training.tsv,GRCh38,7,44153435,44153435,na,na,44153435,A,G,-1,True,7-44153435-A-G,,,,False,,False,0.64366579236468,urn:mavedb:00000096-b-1,GCK variant abundance measured by DHFR-PCA,True,True,True,True,False,coordinate_mavedb_complete_gnomad_missing,False,,,,,,
GCK,p.Leu271Pro,Likely pathogenic,reviewed by expert panel,36259,NM_000162.5(GCK):c.812T>C (p.Leu271Pro),"Jan 07, 2026",combined_external,C:\Users\Wesley Capucho\Documents\IA dos números primos\data\raw\multigene\gck\gck_combined_external.tsv,GRCh38,7,44147701,44147701,na,na,44147701,A,G,193922332,True,7-44147701-A-G,,,,False,,False,0.0177370130123586,urn:mavedb:00000096-b-1,GCK variant abundance measured by DHFR-PCA,True,True,True,True,False,coordinate_mavedb_complete_gnomad_missing,False,,,,,,
GCK,p.Leu304Pro,Pathogenic,reviewed by expert panel,447425,NM_000162.5(GCK):c.911T>C (p.Leu304Pro),"Aug 09, 2023",combined_external,C:\Users\Wesley Capucho\Documents\IA dos números primos\data\raw\multigene\gck\gck_combined_external.tsv,GRCh38,7,44146571,44146571,na,na,44146571,A,G,1554334894,True,7-44146571-A-G,,,,False,,False,0.522955850753837,urn:mavedb:00000096-b-1,GCK variant abundance measured by DHFR-PCA,True,True,True,True,False,coordinate_mavedb_complete_gnomad_missing,False,,,,,,
GCK,p.Leu306Gln,Likely pathogenic,"criteria provided, single submitter",1685328,NM_000162.5(GCK):c.917T>A (p.Leu306Gln),"May 04, 2022",training,C:\Users\Wesley Capucho\Documents\IA dos números primos\data\raw\multigene\gck\gck_clinvar_training.tsv,GRCh38,7,44146565,44146565,na,na,44146565,A,T,193922337,True,7-44146565-A-T,,,,False,,False,-0.150369396602825,urn:mavedb:00000096-b-1,GCK variant abundance measured by DHFR-PCA,True,True,True,True,False,coordinate_mavedb_complete_gnomad_missing,False,,,,,,
GCK,p.Leu309Pro,Pathogenic,"criteria provided, single submitter",1338573,NM_000162.5(GCK):c.926T>C (p.Leu309Pro),"Mar 18, 2020",training,C:\Users\Wesley Capucho\Documents\IA dos números primos\data\raw\multigene\gck\gck_clinvar_training.tsv,GRCh38,7,44146556,44146556,na,na,44146556,A,G,2128820009,True,7-44146556-A-G,,,,False,,False,-0.3773530926052129,urn:mavedb:00000096-b-1,GCK variant abundance measured by DHFR-PCA,True,True,True,True,False,coordinate_mavedb_complete_gnomad_missing,False,,,,,,
GCK,p.Leu30Pro,Likely pathogenic,reviewed by expert panel,235097,NM_000162.5(GCK):c.89T>C (p.Leu30Pro),"Jul 16, 2025",combined_external,C:\Users\Wesley Capucho\Documents\IA dos números primos\data\raw\multigene\gck\gck_combined_external.tsv,GRCh38,7,44153420,44153420,na,na,44153420,A,G,876661320,True,7-44153420-A-G,,,,False,,False,-0.0404831608728183,urn:mavedb:00000096-b-1,GCK variant abundance measured by DHFR-PCA,True,True,True,True,False,coordinate_mavedb_complete_gnomad_missing,False,,,,,,
GCK,p.Leu314Arg,Likely pathogenic,"criteria provided, single submitter",1679546,NM_000162.5(GCK):c.941T>G (p.Leu314Arg),-,training,C:\Users\Wesley Capucho\Documents\IA dos números primos\data\raw\multigene\gck\gck_clinvar_training.tsv,GRCh38,7,44146541,44146541,na,na,44146541,A,C,1554334886,True,7-44146541-A-C,,,,False,,False,0.6018243095711889,urn:mavedb:00000096-b-1,GCK variant abundance measured by DHFR-PCA,True,True,True,True,False,coordinate_mavedb_complete_gnomad_missing,False,,,,,,
GCK,p.Leu315His,Pathogenic,"criteria provided, multiple submitters, no conflicts",36266,NM_000162.5(GCK):c.944T>A (p.Leu315His),"May 05, 2025",combined_external,C:\Users\Wesley Capucho\Documents\IA dos números primos\data\raw\multigene\gck\gck_combined_external.tsv,GRCh38,7,44146538,44146538,na,na,44146538,A,T,193922338,True,7-44146538-A-T,,,,False,,False,0.362884350317022,urn:mavedb:00000096-b-1,GCK variant abundance measured by DHFR-PCA,True,True,True,True,False,coordinate_mavedb_complete_gnomad_missing,False,,,,,,
GCK,p.Leu324Pro,Pathogenic/Likely pathogenic,"criteria provided, multiple submitters, no conflicts",36270,NM_000162.5(GCK):c.971T>C (p.Leu324Pro),"Jan 13, 2026",combined_external,C:\Users\Wesley Capucho\Documents\IA dos números primos\data\raw\multigene\gck\gck_combined_external.tsv,GRCh38,7,44146511,44146511,na,na,44146511,A,G,193922341,True,7-44146511-A-G,,,,False,,False,0.204857128836996,urn:mavedb:00000096-b-1,GCK variant abundance measured by DHFR-PCA,True,True,True,True,False,coordinate_mavedb_complete_gnomad_missing,False,,,,,,
GCK,p.Leu352Arg,Likely pathogenic,reviewed by expert panel,4071499,NM_000162.5(GCK):c.1055T>G (p.Leu352Arg),"Jul 18, 2025",combined_external,C:\Users\Wesley Capucho\Documents\IA dos números primos\data\raw\multigene\gck\gck_combined_external.tsv,GRCh38,7,44145695,44145695,na,na,44145695,A,C,-1,True,7-44145695-A-C,,,,False,,False,0.2390129404905699,urn:mavedb:00000096-b-1,GCK variant abundance measured by DHFR-PCA,True,True,True,True,False,coordinate_mavedb_complete_gnomad_missing,False,,,,,,
GCK,p.Leu352Pro,Likely pathogenic,reviewed by expert panel,3893306,NM_000162.5(GCK):c.1055T>C (p.Leu352Pro),"Jul 18, 2025",combined_external,C:\Users\Wesley Capucho\Documents\IA dos números primos\data\raw\multigene\gck\gck_combined_external.tsv,GRCh38,7,44145695,44145695,na,na,44145695,A,G,-1,True,7-44145695-A-G,,,,False,,False,-0.606996143131875,urn:mavedb:00000096-b-1,GCK variant abundance measured by DHFR-PCA,True,True,True,True,False,coordinate_mavedb_complete_gnomad_missing,False,,,,,,
GCK,p.Leu386Arg,Likely pathogenic,reviewed by expert panel,3233999,NM_000162.5(GCK):c.1157T>G (p.Leu386Arg),"Apr 28, 2024",combined_external,C:\Users\Wesley Capucho\Documents\IA dos números primos\data\raw\multigene\gck\gck_combined_external.tsv,GRCh38,7,44145593,44145593,na,na,44145593,A,C,193922268,True,7-44145593-A-C,,,,False,,False,-0.0190947712601372,urn:mavedb:00000096-b-1,GCK variant abundance measured by DHFR-PCA,True,True,True,True,False,coordinate_mavedb_complete_gnomad_missing,False,,,,,,
GCK,p.Leu386Pro,Pathogenic,reviewed by expert panel,36180,NM_000162.5(GCK):c.1157T>C (p.Leu386Pro),"Apr 28, 2024",combined_external,C:\Users\Wesley Capucho\Documents\IA dos números primos\data\raw\multigene\gck\gck_combined_external.tsv,GRCh38,7,44145593,44145593,na,na,44145593,A,G,193922268,True,7-44145593-A-G,,,,False,,False,-0.377939560336655,urn:mavedb:00000096-b-1,GCK variant abundance measured by DHFR-PCA,True,True,True,True,False,coordinate_mavedb_complete_gnomad_missing,False,,,,,,
GCK,p.Leu386Val,Pathogenic,reviewed by expert panel,804837,NM_000162.5(GCK):c.1156C>G (p.Leu386Val),"Apr 28, 2024",combined_external,C:\Users\Wesley Capucho\Documents\IA dos números primos\data\raw\multigene\gck\gck_combined_external.tsv,GRCh38,7,44145594,44145594,na,na,44145594,G,C,1583591700,True,7-44145594-G-C,,,,False,,False,1.04151533302709,urn:mavedb:00000096-b-1,GCK variant abundance measured by DHFR-PCA,True,True,True,True,False,coordinate_mavedb_complete_gnomad_missing,False,,,,,,
GCK,p.Leu77Pro,Likely pathogenic,reviewed by expert panel,995367,NM_000162.5(GCK):c.230T>C (p.Leu77Pro),"Jan 22, 2026",combined_external,C:\Users\Wesley Capucho\Documents\IA dos números primos\data\raw\multigene\gck\gck_combined_external.tsv,GRCh38,7,44152404,44152404,na,na,44152404,A,G,2096281827,True,7-44152404-A-G,,,,False,,False,0.4656532000457039,urn:mavedb:00000096-b-1,GCK variant abundance measured by DHFR-PCA,True,True,True,True,False,coordinate_mavedb_complete_gnomad_missing,False,,,,,,
GCK,p.Lys161Arg,Likely pathogenic,"criteria provided, single submitter",2580878,NM_000162.5(GCK):c.482A>G (p.Lys161Arg),"Nov 01, 2022",training,C:\Users\Wesley Capucho\Documents\IA dos números primos\data\raw\multigene\gck\gck_clinvar_training.tsv,GRCh38,7,44150957,44150957,na,na,44150957,T,C,2484529240,True,7-44150957-T-C,,,,False,,False,1.02646148299096,urn:mavedb:00000096-b-1,GCK variant abundance measured by DHFR-PCA,True,True,True,True,False,coordinate_mavedb_complete_gnomad_missing,False,,,,,,
GCK,p.Lys414Glu,Pathogenic,reviewed by expert panel,36188,NM_000162.5(GCK):c.1240A>G (p.Lys414Glu),"Jun 26, 2023",combined_external,C:\Users\Wesley Capucho\Documents\IA dos números primos\data\raw\multigene\gck\gck_combined_external.tsv,GRCh38,7,44145510,44145510,na,na,44145510,T,C,193922272,True,7-44145510-T-C,,,,False,,False,0.4637105684515539,urn:mavedb:00000096-b-1,GCK variant abundance measured by DHFR-PCA,True,True,True,True,False,coordinate_mavedb_complete_gnomad_missing,False,,,,,,
GCK,p.Lys414Met,Likely pathogenic,"criteria provided, single submitter",3594705,NM_000162.5(GCK):c.1241A>T (p.Lys414Met),"Apr 25, 2024",training,C:\Users\Wesley Capucho\Documents\IA dos números primos\data\raw\multigene\gck\gck_clinvar_training.tsv,GRCh38,7,44145509,44145509,na,na,44145509,T,A,-1,True,7-44145509-T-A,,,,False,,False,0.7249167020542571,urn:mavedb:00000096-b-1,GCK variant abundance measured by DHFR-PCA,True,True,True,True,False,coordinate_mavedb_complete_gnomad_missing,False,,,,,,
GCK,p.Lys420Asn,Likely pathogenic,"criteria provided, single submitter",1763107,NM_000162.5(GCK):c.1260G>T (p.Lys420Asn),"Jul 02, 2019",training,C:\Users\Wesley Capucho\Documents\IA dos números primos\data\raw\multigene\gck\gck_clinvar_training.tsv,GRCh38,7,44145274,44145274,na,na,44145274,C,A,2484493584,True,7-44145274-C-A,,,,False,,False,0.8918189012410469,urn:mavedb:00000096-b-1,GCK variant abundance measured by DHFR-PCA,True,True,True,True,False,coordinate_mavedb_complete_gnomad_missing,False,,,,,,
GCK,p.Lys56Thr,Likely pathogenic,reviewed by expert panel,1807279,NM_000162.5(GCK):c.167A>C (p.Lys56Thr),"Jan 22, 2024",combined_external,C:\Users\Wesley Capucho\Documents\IA dos números primos\data\raw\multigene\gck\gck_combined_external.tsv,GRCh38,7,44153342,44153342,na,na,44153342,T,G,2096283096,True,7-44153342-T-G,,,,False,,False,0.472506831415906,urn:mavedb:00000096-b-1,GCK variant abundance measured by DHFR-PCA,True,True,True,True,False,coordinate_mavedb_complete_gnomad_missing,False,,,,,,
GCK,p.Lys90Thr,Likely pathogenic,"criteria provided, multiple submitters, no conflicts",1676241,NM_000162.5(GCK):c.269A>C (p.Lys90Thr),"Oct 09, 2024",combined_external,C:\Users\Wesley Capucho\Documents\IA dos números primos\data\raw\multigene\gck\gck_combined_external.tsv,GRCh38,7,44152365,44152365,na,na,44152365,T,G,2128822695,True,7-44152365-T-G,,,,False,,False,0.9151720558863552,urn:mavedb:00000096-b-1,GCK variant abundance measured by DHFR-PCA,True,True,True,True,False,coordinate_mavedb_complete_gnomad_missing,False,,,,,,
GCK,p.Met197Lys,Likely pathogenic,reviewed by expert panel,4531182,NM_000162.5(GCK):c.590T>A (p.Met197Lys),"Nov 26, 2025",combined_external,C:\Users\Wesley Capucho\Documents\IA dos números primos\data\raw\multigene\gck\gck_combined_external.tsv,GRCh38,7,44149849,44149849,na,na,44149849,A,T,-1,True,7-44149849-A-T,,,,False,,False,0.7983932587827809,urn:mavedb:00000096-b-1,GCK variant abundance measured by DHFR-PCA,True,True,True,True,False,coordinate_mavedb_complete_gnomad_missing,False,,,,,,
GCK,p.Met1Leu,Likely benign,"criteria provided, single submitter",2503474,NM_000162.5(GCK):c.1A>T (p.Met1Leu),-,training,C:\Users\Wesley Capucho\Documents\IA dos números primos\data\raw\multigene\gck\gck_clinvar_training.tsv,GRCh38,7,44188953,44188953,na,na,44188953,T,A,2484626558,True,7-44188953-T-A,,,,False,,False,,,,False,False,True,True,False,coordinate_ready_annotation_missing,False,,,,,,
GCK,p.Met202Arg,Pathogenic,reviewed by expert panel,3234002,NM_000162.5(GCK):c.605T>G (p.Met202Arg),"Apr 19, 2024",combined_external,C:\Users\Wesley Capucho\Documents\IA dos números primos\data\raw\multigene\gck\gck_combined_external.tsv,GRCh38,7,44149834,44149834,na,na,44149834,A,C,193922311,True,7-44149834-A-C,,,,False,,False,0.7069365263642041,urn:mavedb:00000096-b-1,GCK variant abundance measured by DHFR-PCA,True,True,True,True,False,coordinate_mavedb_complete_gnomad_missing,False,,,,,,
GCK,p.Met202Thr,Pathogenic,reviewed by expert panel,36233,NM_000162.5(GCK):c.605T>C (p.Met202Thr),"Dec 01, 2023",combined_external,C:\Users\Wesley Capucho\Documents\IA dos números primos\data\raw\multigene\gck\gck_combined_external.tsv,GRCh38,7,44149834,44149834,na,na,44149834,A,G,193922311,True,7-44149834-A-G,,,,False,,False,0.566386011898023,urn:mavedb:00000096-b-1,GCK variant abundance measured by DHFR-PCA,True,True,True,True,False,coordinate_mavedb_complete_gnomad_missing,False,,,,,,
GCK,p.Met210Ile,Pathogenic,reviewed by expert panel,36236,NM_000162.5(GCK):c.630G>T (p.Met210Ile),"Jan 22, 2024",combined_external,C:\Users\Wesley Capucho\Documents\IA dos números primos\data\raw\multigene\gck\gck_combined_external.tsv,GRCh38,7,44149809,44149809,na,na,44149809,C,A,193922313,True,7-44149809-C-A,,,,False,,False,,,,False,False,True,True,False,coordinate_ready_annotation_missing,False,,,,,,
GCK,p.Met210Lys,Pathogenic,reviewed by expert panel,16141,NM_000162.5(GCK):c.629T>A (p.Met210Lys),"Jul 30, 2023",combined_external,C:\Users\Wesley Capucho\Documents\IA dos números primos\data\raw\multigene\gck\gck_combined_external.tsv,GRCh38,7,44149810,44149810,na,na,44149810,A,T,80356654,True,7-44149810-A-T,,,,False,,False,0.7085468775603131,urn:mavedb:00000096-b-1,GCK variant abundance measured by DHFR-PCA,True,True,True,True,False,coordinate_mavedb_complete_gnomad_missing,False,,,,,,
GCK,p.Met210Thr,Pathogenic,reviewed by expert panel,804852,NM_000162.5(GCK):c.629T>C (p.Met210Thr),"Jan 18, 2024",combined_external,C:\Users\Wesley Capucho\Documents\IA dos números primos\data\raw\multigene\gck\gck_combined_external.tsv,GRCh38,7,44149810,44149810,na,na,44149810,A,G,80356654,True,7-44149810-A-G,,,,False,,False,0.437020662513471,urn:mavedb:00000096-b-1,GCK variant abundance measured by DHFR-PCA,True,True,True,True,False,coordinate_mavedb_complete_gnomad_missing,False,,,,,,
GCK,p.Met210Val,Likely pathogenic,reviewed by expert panel,2505486,NM_000162.5(GCK):c.628A>G (p.Met210Val),"May 26, 2023",combined_external,C:\Users\Wesley Capucho\Documents\IA dos números primos\data\raw\multigene\gck\gck_combined_external.tsv,GRCh38,7,44149811,44149811,na,na,44149811,T,C,2484522642,True,7-44149811-T-C,,,,False,,False,0.33696032141795,urn:mavedb:00000096-b-1,GCK variant abundance measured by DHFR-PCA,True,True,True,True,False,coordinate_mavedb_complete_gnomad_missing,False,,,,,,
GCK,p.Met224Thr,Pathogenic,reviewed by expert panel,1464253,NM_000162.5(GCK):c.671T>C (p.Met224Thr),"Jan 22, 2026",combined_external,C:\Users\Wesley Capucho\Documents\IA dos números primos\data\raw\multigene\gck\gck_combined_external.tsv,GRCh38,7,44149768,44149768,na,na,44149768,A,G,2128821476,True,7-44149768-A-G,,,,False,,False,,,,False,False,True,True,False,coordinate_ready_annotation_missing,False,,,,,,
GCK,p.Met235Arg,Likely pathogenic,reviewed by expert panel,4687879,NM_000162.5(GCK):c.704T>G (p.Met235Arg),"Jan 22, 2026",combined_external,C:\Users\Wesley Capucho\Documents\IA dos números primos\data\raw\multigene\gck\gck_combined_external.tsv,GRCh38,7,44147809,44147809,na,na,44147809,A,C,-1,True,7-44147809-A-C,,,,False,,False,0.1793807991551089,urn:mavedb:00000096-b-1,GCK variant abundance measured by DHFR-PCA,True,True,True,True,False,coordinate_mavedb_complete_gnomad_missing,False,,,,,,
GCK,p.Met235Thr,Pathogenic,reviewed by expert panel,36248,NM_000162.5(GCK):c.704T>C (p.Met235Thr),"Sep 17, 2025",combined_external,C:\Users\Wesley Capucho\Documents\IA dos números primos\data\raw\multigene\gck\gck_combined_external.tsv,GRCh38,7,44147809,44147809,na,na,44147809,A,G,193922323,True,7-44147809-A-G,,,,False,,False,,,,False,False,True,True,False,coordinate_ready_annotation_missing,False,,,,,,
GCK,p.Met235Val,Pathogenic,reviewed by expert panel,381599,NM_000162.5(GCK):c.703A>G (p.Met235Val),"Sep 17, 2025",combined_external,C:\Users\Wesley Capucho\Documents\IA dos números primos\data\raw\multigene\gck\gck_combined_external.tsv,GRCh38,7,44147810,44147810,na,na,44147810,T,C,1057521093,True,7-44147810-T-C,,,,False,,False,0.7443177172967951,urn:mavedb:00000096-b-1,GCK variant abundance measured by DHFR-PCA,True,True,True,True,False,coordinate_mavedb_complete_gnomad_missing,False,,,,,,
GCK,p.Met251Ile,Pathogenic/Likely pathogenic,"criteria provided, multiple submitters, no conflicts",2735006,NM_000162.5(GCK):c.753G>A (p.Met251Ile),"Jan 30, 2026",combined_external,C:\Users\Wesley Capucho\Documents\IA dos números primos\data\raw\multigene\gck\gck_combined_external.tsv,GRCh38,7,44147760,44147760,na,na,44147760,C,T,2484514406,True,7-44147760-C-T,,,,False,,False,1.29422050673131,urn:mavedb:00000096-b-1,GCK variant abundance measured by DHFR-PCA,True,True,True,True,False,coordinate_mavedb_complete_gnomad_missing,False,,,,,,
GCK,p.Met251Lys,Likely pathogenic,"criteria provided, single submitter",3383341,NM_000162.5(GCK):c.752T>A (p.Met251Lys),"Nov 14, 2024",training,C:\Users\Wesley Capucho\Documents\IA dos números primos\data\raw\multigene\gck\gck_clinvar_training.tsv,GRCh38,7,44147761,44147761,na,na,44147761,A,T,-1,True,7-44147761-A-T,,,,False,,False,,,,False,False,True,True,False,coordinate_ready_annotation_missing,False,,,,,,
GCK,p.Met251Thr,Likely pathogenic,"criteria provided, single submitter",36251,NM_000162.5(GCK):c.752T>C (p.Met251Thr),"Aug 18, 2011",training,C:\Users\Wesley Capucho\Documents\IA dos números primos\data\raw\multigene\gck\gck_clinvar_training.tsv,GRCh38,7,44147761,44147761,na,na,44147761,A,G,193922326,True,7-44147761-A-G,,,,False,,False,1.23159076760513,urn:mavedb:00000096-b-1,GCK variant abundance measured by DHFR-PCA,True,True,True,True,False,coordinate_mavedb_complete_gnomad_missing,False,,,,,,
GCK,p.Met251Val,Pathogenic,"criteria provided, multiple submitters, no conflicts",1678597,NM_000162.5(GCK):c.751A>G (p.Met251Val),"Mar 19, 2025",combined_external,C:\Users\Wesley Capucho\Documents\IA dos números primos\data\raw\multigene\gck\gck_combined_external.tsv,GRCh38,7,44147762,44147762,na,na,44147762,T,C,2128820620,True,7-44147762-T-C,,,,False,,False,0.200003609041548,urn:mavedb:00000096-b-1,GCK variant abundance measured by DHFR-PCA,True,True,True,True,False,coordinate_mavedb_complete_gnomad_missing,False,,,,,,
GCK,p.Met37Arg,Pathogenic,reviewed by expert panel,2578357,NM_000162.5(GCK):c.110T>G (p.Met37Arg),"Aug 25, 2023",combined_external,C:\Users\Wesley Capucho\Documents\IA dos números primos\data\raw\multigene\gck\gck_combined_external.tsv,GRCh38,7,44153399,44153399,na,na,44153399,A,C,2484540129,True,7-44153399-A-C,,,,False,,False,-0.0768044588092147,urn:mavedb:00000096-b-1,GCK variant abundance measured by DHFR-PCA,True,True,True,True,False,coordinate_mavedb_complete_gnomad_missing,False,,,,,,
GCK,p.Met37Thr,Likely pathogenic,reviewed by expert panel,2682651,NM_000162.5(GCK):c.110T>C (p.Met37Thr),"Dec 08, 2023",combined_external,C:\Users\Wesley Capucho\Documents\IA dos números primos\data\raw\multigene\gck\gck_combined_external.tsv,GRCh38,7,44153399,44153399,na,na,44153399,A,G,2484540129,True,7-44153399-A-G,,,,False,,False,0.208776341859685,urn:mavedb:00000096-b-1,GCK variant abundance measured by DHFR-PCA,True,True,True,True,False,coordinate_mavedb_complete_gnomad_missing,False,,,,,,
GCK,p.Met37Val,Likely pathogenic,reviewed by expert panel,2664358,NM_000162.5(GCK):c.109A>G (p.Met37Val),"Nov 22, 2023",combined_external,C:\Users\Wesley Capucho\Documents\IA dos números primos\data\raw\multigene\gck\gck_combined_external.tsv,GRCh38,7,44153400,44153400,na,na,44153400,T,C,2484540140,True,7-44153400-T-C,,,,False,,False,0.7199930861032571,urn:mavedb:00000096-b-1,GCK variant abundance measured by DHFR-PCA,True,True,True,True,False,coordinate_mavedb_complete_gnomad_missing,False,,,,,,
GCK,p.Met381Arg,Likely pathogenic,reviewed by expert panel,36178,NM_000162.5(GCK):c.1142T>G (p.Met381Arg),"Jul 17, 2023",combined_external,C:\Users\Wesley Capucho\Documents\IA dos números primos\data\raw\multigene\gck\gck_combined_external.tsv,GRCh38,7,44145608,44145608,na,na,44145608,A,C,193922266,True,7-44145608-A-C,,,,False,,False,0.0252787254500341,urn:mavedb:00000096-b-1,GCK variant abundance measured by DHFR-PCA,True,True,True,True,False,coordinate_mavedb_complete_gnomad_missing,False,,,,,,
GCK,p.Met381Lys,Likely pathogenic,reviewed by expert panel,447383,NM_000162.5(GCK):c.1142T>A (p.Met381Lys),"Sep 09, 2023",combined_external,C:\Users\Wesley Capucho\Documents\IA dos números primos\data\raw\multigene\gck\gck_combined_external.tsv,GRCh38,7,44145608,44145608,na,na,44145608,A,T,193922266,True,7-44145608-A-T,,,,False,,False,,,,False,False,True,True,False,coordinate_ready_annotation_missing,False,,,,,,
GCK,p.Met381Thr,Pathogenic,reviewed by expert panel,2574163,NM_000162.5(GCK):c.1142T>C (p.Met381Thr),"Jul 17, 2023",combined_external,C:\Users\Wesley Capucho\Documents\IA dos números primos\data\raw\multigene\gck\gck_combined_external.tsv,GRCh38,7,44145608,44145608,na,na,44145608,A,G,193922266,True,7-44145608-A-G,,,,False,,False,0.6213445672332379,urn:mavedb:00000096-b-1,GCK variant abundance measured by DHFR-PCA,True,True,True,True,False,coordinate_mavedb_complete_gnomad_missing,False,,,,,,
GCK,p.Met41Arg,Likely pathogenic,"criteria provided, single submitter",1700673,NM_000162.5(GCK):c.122T>G (p.Met41Arg),"Aug 02, 2022",training,C:\Users\Wesley Capucho\Documents\IA dos números primos\data\raw\multigene\gck\gck_clinvar_training.tsv,GRCh38,7,44153387,44153387,na,na,44153387,A,C,1057524906,True,7-44153387-A-C,,,,False,,False,0.0592483572671239,urn:mavedb:00000096-b-1,GCK variant abundance measured by DHFR-PCA,True,True,True,True,False,coordinate_mavedb_complete_gnomad_missing,False,,,,,,
GCK,p.Met462Ile,Likely benign,reviewed by expert panel,36202,NM_000162.5(GCK):c.1386G>T (p.Met462Ile),"Sep 01, 2023",combined_external,C:\Users\Wesley Capucho\Documents\IA dos números primos\data\raw\multigene\gck\gck_combined_external.tsv,GRCh38,7,44145148,44145148,na,na,44145148,C,A,193922285,True,7-44145148-C-A,,,,False,,False,0.6930149626738,urn:mavedb:00000096-b-1,GCK variant abundance measured by DHFR-PCA,True,True,True,True,False,coordinate_mavedb_complete_gnomad_missing,False,,,,,,
GCK,p.Met57Arg,Likely pathogenic,reviewed by expert panel,3767143,NM_000162.5(GCK):c.170T>G (p.Met57Arg),"Oct 31, 2024",combined_external,C:\Users\Wesley Capucho\Documents\IA dos números primos\data\raw\multigene\gck\gck_combined_external.tsv,GRCh38,7,44153339,44153339,na,na,44153339,A,C,-1,True,7-44153339-A-C,,,,False,,False,0.115048831836909,urn:mavedb:00000096-b-1,GCK variant abundance measured by DHFR-PCA,True,True,True,True,False,coordinate_mavedb_complete_gnomad_missing,False,,,,,,
GCK,p.Met57Ile,Pathogenic,reviewed by expert panel,418225,NM_000162.5(GCK):c.171G>A (p.Met57Ile),"Feb 28, 2025",combined_external,C:\Users\Wesley Capucho\Documents\IA dos números primos\data\raw\multigene\gck\gck_combined_external.tsv,GRCh38,7,44153338,44153338,na,na,44153338,C,T,1057520109,True,7-44153338-C-T,,,,False,,False,0.562780702472112,urn:mavedb:00000096-b-1,GCK variant abundance measured by DHFR-PCA,True,True,True,True,False,coordinate_mavedb_complete_gnomad_missing,False,,,,,,
GCK,p.Met57Lys,Likely pathogenic,reviewed by expert panel,2684202,NM_000162.5(GCK):c.170T>A (p.Met57Lys),"Jun 17, 2025",combined_external,C:\Users\Wesley Capucho\Documents\IA dos números primos\data\raw\multigene\gck\gck_combined_external.tsv,GRCh38,7,44153339,44153339,na,na,44153339,A,T,2484539759,True,7-44153339-A-T,,,,False,,False,,,,False,False,True,True,False,coordinate_ready_annotation_missing,False,,,,,,
GCK,p.Met57Thr,Likely pathogenic,reviewed by expert panel,3720746,NM_000162.5(GCK):c.170T>C (p.Met57Thr),"Oct 28, 2025",combined_external,C:\Users\Wesley Capucho\Documents\IA dos números primos\data\raw\multigene\gck\gck_combined_external.tsv,GRCh38,7,44153339,44153339,na,na,44153339,A,G,-1,True,7-44153339-A-G,,,,False,,False,-0.0643573267758757,urn:mavedb:00000096-b-1,GCK variant abundance measured by DHFR-PCA,True,True,True,True,False,coordinate_mavedb_complete_gnomad_missing,False,,,,,,
GCK,p.Phe150Leu,Likely pathogenic,reviewed by expert panel,3068510,NM_000162.5(GCK):c.450C>A (p.Phe150Leu),"Mar 22, 2024",combined_external,C:\Users\Wesley Capucho\Documents\IA dos números primos\data\raw\multigene\gck\gck_combined_external.tsv,GRCh38,7,44150989,44150989,na,na,44150989,G,T,193922299,True,7-44150989-G-T,,,,False,,False,1.0887817418028498,urn:mavedb:00000096-b-1,GCK variant abundance measured by DHFR-PCA,True,True,True,True,False,coordinate_mavedb_complete_gnomad_missing,False,,,,,,
GCK,p.Phe150Ser,Pathogenic,reviewed by expert panel,36218,NM_000162.5(GCK):c.449T>C (p.Phe150Ser),"Mar 22, 2024",combined_external,C:\Users\Wesley Capucho\Documents\IA dos números primos\data\raw\multigene\gck\gck_combined_external.tsv,GRCh38,7,44150990,44150990,na,na,44150990,A,G,193922297,True,7-44150990-A-G,,,,False,,False,0.9674109700360468,urn:mavedb:00000096-b-1,GCK variant abundance measured by DHFR-PCA,True,True,True,True,False,coordinate_mavedb_complete_gnomad_missing,False,,,,,,
GCK,p.Phe150Tyr,Pathogenic,reviewed by expert panel,129142,NM_000162.5(GCK):c.449T>A (p.Phe150Tyr),"Jan 06, 2024",combined_external,C:\Users\Wesley Capucho\Documents\IA dos números primos\data\raw\multigene\gck\gck_combined_external.tsv,GRCh38,7,44150990,44150990,na,na,44150990,A,T,193922297,True,7-44150990-A-T,,,,False,,False,0.986997367722784,urn:mavedb:00000096-b-1,GCK variant abundance measured by DHFR-PCA,True,True,True,True,False,coordinate_mavedb_complete_gnomad_missing,False,,,,,,
GCK,p.Phe152Ile,Pathogenic,reviewed by expert panel,3233993,NM_000162.5(GCK):c.454T>A (p.Phe152Ile),"Apr 18, 2024",combined_external,C:\Users\Wesley Capucho\Documents\IA dos números primos\data\raw\multigene\gck\gck_combined_external.tsv,GRCh38,7,44150985,44150985,na,na,44150985,A,T,2096280050,True,7-44150985-A-T,,,,False,,False,0.9539523810785252,urn:mavedb:00000096-b-1,GCK variant abundance measured by DHFR-PCA,True,True,True,True,False,coordinate_mavedb_complete_gnomad_missing,False,,,,,,
GCK,p.Phe152Leu,Pathogenic,reviewed by expert panel,995370,NM_000162.5(GCK):c.454T>C (p.Phe152Leu),"Apr 18, 2024",combined_external,C:\Users\Wesley Capucho\Documents\IA dos números primos\data\raw\multigene\gck\gck_combined_external.tsv,GRCh38,7,44150985,44150985,na,na,44150985,A,G,2096280050,True,7-44150985-A-G,,,,False,,False,0.990329741497586,urn:mavedb:00000096-b-1,GCK variant abundance measured by DHFR-PCA,True,True,True,True,False,coordinate_mavedb_complete_gnomad_missing,False,,,,,,
GCK,p.Phe152Ser,Pathogenic,reviewed by expert panel,1741488,NM_000162.5(GCK):c.455T>C (p.Phe152Ser),"Apr 18, 2024",combined_external,C:\Users\Wesley Capucho\Documents\IA dos números primos\data\raw\multigene\gck\gck_combined_external.tsv,GRCh38,7,44150984,44150984,na,na,44150984,A,G,2484529445,True,7-44150984-A-G,,,,False,,False,1.15232868210307,urn:mavedb:00000096-b-1,GCK variant abundance measured by DHFR-PCA,True,True,True,True,False,coordinate_mavedb_complete_gnomad_missing,False,,,,,,
GCK,p.Phe171Cys,Pathogenic,"criteria provided, single submitter",4747572,NM_000162.5(GCK):c.512T>G (p.Phe171Cys),"Aug 29, 2025",training,C:\Users\Wesley Capucho\Documents\IA dos números primos\data\raw\multigene\gck\gck_clinvar_training.tsv,GRCh38,7,44150036,44150036,na,na,44150036,A,C,-1,True,7-44150036-A-C,,,,False,,False,1.01518372933303,urn:mavedb:00000096-b-1,GCK variant abundance measured by DHFR-PCA,True,True,True,True,False,coordinate_mavedb_complete_gnomad_missing,False,,,,,,
GCK,p.Phe171Val,Likely pathogenic,"criteria provided, single submitter",1338246,NM_000162.5(GCK):c.511T>G (p.Phe171Val),"Jul 07, 2017",training,C:\Users\Wesley Capucho\Documents\IA dos números primos\data\raw\multigene\gck\gck_clinvar_training.tsv,GRCh38,7,44150037,44150037,na,na,44150037,A,C,2128821636,True,7-44150037-A-C,,,,False,,False,1.17384537437976,urn:mavedb:00000096-b-1,GCK variant abundance measured by DHFR-PCA,True,True,True,True,False,coordinate_mavedb_complete_gnomad_missing,False,,,,,,
GCK,p.Phe260Ser,Likely pathogenic,"criteria provided, multiple submitters, no conflicts",36257,NM_000162.5(GCK):c.779T>C (p.Phe260Ser),"Aug 18, 2011",combined_external,C:\Users\Wesley Capucho\Documents\IA dos números primos\data\raw\multigene\gck\gck_combined_external.tsv,GRCh38,7,44147734,44147734,na,na,44147734,A,G,193922330,True,7-44147734-A-G,,,,False,,False,-0.0650846469149884,urn:mavedb:00000096-b-1,GCK variant abundance measured by DHFR-PCA,True,True,True,True,False,coordinate_mavedb_complete_gnomad_missing,False,,,,,,
GCK,p.Phe330Ser,Likely pathogenic,"criteria provided, single submitter",522430,NM_000162.5(GCK):c.989T>C (p.Phe330Ser),-,training,C:\Users\Wesley Capucho\Documents\IA dos números primos\data\raw\multigene\gck\gck_clinvar_training.tsv,GRCh38,7,44146493,44146493,na,na,44146493,A,G,1554334872,True,7-44146493-A-G,,,,False,,False,0.0050815587148707,urn:mavedb:00000096-b-1,GCK variant abundance measured by DHFR-PCA,True,True,True,True,False,coordinate_mavedb_complete_gnomad_missing,False,,,,,,
GCK,p.Phe419Ser,Likely pathogenic,reviewed by expert panel,2571658,NM_000162.5(GCK):c.1256T>C (p.Phe419Ser),"Oct 10, 2023",combined_external,C:\Users\Wesley Capucho\Documents\IA dos números primos\data\raw\multigene\gck\gck_combined_external.tsv,GRCh38,7,44145278,44145278,na,na,44145278,A,G,2484493609,True,7-44145278-A-G,,,,False,,False,-0.0559603692906124,urn:mavedb:00000096-b-1,GCK variant abundance measured by DHFR-PCA,True,True,True,True,False,coordinate_mavedb_complete_gnomad_missing,False,,,,,,
GCK,p.Phe423Tyr,Pathogenic,reviewed by expert panel,36189,NM_000162.5(GCK):c.1268T>A (p.Phe423Tyr),"Apr 27, 2024",combined_external,C:\Users\Wesley Capucho\Documents\IA dos números primos\data\raw\multigene\gck\gck_combined_external.tsv,GRCh38,7,44145266,44145266,na,na,44145266,A,T,193922273,True,7-44145266-A-T,,,,False,,False,-0.4456505829819389,urn:mavedb:00000096-b-1,GCK variant abundance measured by DHFR-PCA,True,True,True,True,False,coordinate_mavedb_complete_gnomad_missing,False,,,,,,
GCK,p.Pro153His,Likely pathogenic,reviewed by expert panel,2567920,NM_000162.5(GCK):c.458C>A (p.Pro153His),"Apr 28, 2024",combined_external,C:\Users\Wesley Capucho\Documents\IA dos números primos\data\raw\multigene\gck\gck_combined_external.tsv,GRCh38,7,44150981,44150981,na,na,44150981,G,T,2484529426,True,7-44150981-G-T,,,,False,,False,0.7078516347592869,urn:mavedb:00000096-b-1,GCK variant abundance measured by DHFR-PCA,True,True,True,True,False,coordinate_mavedb_complete_gnomad_missing,False,,,,,,
GCK,p.Pro153Ser,Likely pathogenic,reviewed by expert panel,36221,NM_000162.5(GCK):c.457C>T (p.Pro153Ser),"Apr 22, 2024",combined_external,C:\Users\Wesley Capucho\Documents\IA dos números primos\data\raw\multigene\gck\gck_combined_external.tsv,GRCh38,7,44150982,44150982,na,na,44150982,G,A,193922300,True,7-44150982-G-A,,,,False,,False,0.5393262611104329,urn:mavedb:00000096-b-1,GCK variant abundance measured by DHFR-PCA,True,True,True,True,False,coordinate_mavedb_complete_gnomad_missing,False,,,,,,
GCK,p.Pro59Ser,Pathogenic/Likely pathogenic,"criteria provided, multiple submitters, no conflicts",36205,NM_000162.5(GCK):c.175C>T (p.Pro59Ser),"Aug 01, 2025",combined_external,C:\Users\Wesley Capucho\Documents\IA dos números primos\data\raw\multigene\gck\gck_combined_external.tsv,GRCh38,7,44153334,44153334,na,na,44153334,G,A,193922287,True,7-44153334-G-A,,,,False,,False,0.7208864758474208,urn:mavedb:00000096-b-1,GCK variant abundance measured by DHFR-PCA,True,True,True,True,False,coordinate_mavedb_complete_gnomad_missing,False,,,,,,
GCK,p.Ser131Pro,Likely pathogenic,"criteria provided, multiple submitters, no conflicts",16138,NM_000162.5(GCK):c.391T>C (p.Ser131Pro),"Jun 13, 2023",combined_external,C:\Users\Wesley Capucho\Documents\IA dos números primos\data\raw\multigene\gck\gck_combined_external.tsv,GRCh38,7,44151048,44151048,na,na,44151048,A,G,104894010,True,7-44151048-A-G,,,,False,,False,0.182261200461455,urn:mavedb:00000096-b-1,GCK variant abundance measured by DHFR-PCA,True,True,True,True,False,coordinate_mavedb_complete_gnomad_missing,False,,,,,,
GCK,p.Ser151Tyr,Likely pathogenic,"criteria provided, single submitter",1346275,NM_000162.5(GCK):c.452C>A (p.Ser151Tyr),"Sep 15, 2021",training,C:\Users\Wesley Capucho\Documents\IA dos números primos\data\raw\multigene\gck\gck_clinvar_training.tsv,GRCh38,7,44150987,44150987,na,na,44150987,G,T,2128822050,True,7-44150987-G-T,,,,False,,False,0.646698179947274,urn:mavedb:00000096-b-1,GCK variant abundance measured by DHFR-PCA,True,True,True,True,False,coordinate_mavedb_complete_gnomad_missing,False,,,,,,
GCK,p.Ser174Leu,Pathogenic,reviewed by expert panel,2691829,NM_000162.5(GCK):c.521C>T (p.Ser174Leu),"Jan 22, 2024",combined_external,C:\Users\Wesley Capucho\Documents\IA dos números primos\data\raw\multigene\gck\gck_combined_external.tsv,GRCh38,7,44150027,44150027,na,na,44150027,G,A,2484524286,True,7-44150027-G-A,,,,False,,False,0.91425425956201,urn:mavedb:00000096-b-1,GCK variant abundance measured by DHFR-PCA,True,True,True,True,False,coordinate_mavedb_complete_gnomad_missing,False,,,,,,
GCK,p.Ser263Pro,Pathogenic,reviewed by expert panel,36258,NM_000162.5(GCK):c.787T>C (p.Ser263Pro),"Jun 27, 2025",combined_external,C:\Users\Wesley Capucho\Documents\IA dos números primos\data\raw\multigene\gck\gck_combined_external.tsv,GRCh38,7,44147726,44147726,na,na,44147726,A,G,193922331,True,7-44147726-A-G,,,,False,,False,0.6609035074241341,urn:mavedb:00000096-b-1,GCK variant abundance measured by DHFR-PCA,True,True,True,True,False,coordinate_mavedb_complete_gnomad_missing,False,,,,,,
GCK,p.Ser340Asn,Pathogenic,reviewed by expert panel,1405403,NM_000162.5(GCK):c.1019G>A (p.Ser340Asn),"Nov 18, 2025",combined_external,C:\Users\Wesley Capucho\Documents\IA dos números primos\data\raw\multigene\gck\gck_combined_external.tsv,GRCh38,7,44146463,44146463,na,na,44146463,C,T,1376631949,True,7-44146463-C-T,,,,False,,False,0.59823384058694,urn:mavedb:00000096-b-1,GCK variant abundance measured by DHFR-PCA,True,True,True,True,False,coordinate_mavedb_complete_gnomad_missing,False,,,,,,
GCK,p.Ser340Thr,Pathogenic,reviewed by expert panel,2580863,NM_000162.5(GCK):c.1019G>C (p.Ser340Thr),"Nov 18, 2025",combined_external,C:\Users\Wesley Capucho\Documents\IA dos números primos\data\raw\multigene\gck\gck_combined_external.tsv,GRCh38,7,44146463,44146463,na,na,44146463,C,G,1376631949,True,7-44146463-C-G,,,,False,,False,1.02346194108599,urn:mavedb:00000096-b-1,GCK variant abundance measured by DHFR-PCA,True,True,True,True,False,coordinate_mavedb_complete_gnomad_missing,False,,,,,,
GCK,p.Ser375Phe,Likely pathogenic,reviewed by expert panel,36175,NM_000162.5(GCK):c.1124C>T (p.Ser375Phe),"Dec 02, 2024",combined_external,C:\Users\Wesley Capucho\Documents\IA dos números primos\data\raw\multigene\gck\gck_combined_external.tsv,GRCh38,7,44145626,44145626,na,na,44145626,G,A,193922263,True,7-44145626-G-A,,,,False,,False,0.76711654901198,urn:mavedb:00000096-b-1,GCK variant abundance measured by DHFR-PCA,True,True,True,True,False,coordinate_mavedb_complete_gnomad_missing,False,,,,,,
GCK,p.Ser383Leu,Pathogenic,reviewed by expert panel,236014,NM_000162.5(GCK):c.1148C>T (p.Ser383Leu),"Feb 28, 2024",combined_external,C:\Users\Wesley Capucho\Documents\IA dos números primos\data\raw\multigene\gck\gck_combined_external.tsv,GRCh38,7,44145602,44145602,na,na,44145602,G,A,777870079,True,7-44145602-G-A,,,,False,,False,-0.0313745844486178,urn:mavedb:00000096-b-1,GCK variant abundance measured by DHFR-PCA,True,True,True,True,False,coordinate_mavedb_complete_gnomad_missing,False,,,,,,
GCK,p.Ser383Pro,Likely pathogenic,reviewed by expert panel,1256306,NM_000162.5(GCK):c.1147T>C (p.Ser383Pro),"Mar 31, 2024",combined_external,C:\Users\Wesley Capucho\Documents\IA dos números primos\data\raw\multigene\gck\gck_combined_external.tsv,GRCh38,7,44145603,44145603,na,na,44145603,A,G,749298368,True,7-44145603-A-G,,,,False,,False,0.198739109172839,urn:mavedb:00000096-b-1,GCK variant abundance measured by DHFR-PCA,True,True,True,True,False,coordinate_mavedb_complete_gnomad_missing,False,,,,,,
GCK,p.Ser383Thr,Likely pathogenic,reviewed by expert panel,3024419,NM_000162.5(GCK):c.1147T>A (p.Ser383Thr),"Feb 28, 2024",combined_external,C:\Users\Wesley Capucho\Documents\IA dos números primos\data\raw\multigene\gck\gck_combined_external.tsv,GRCh38,7,44145603,44145603,na,na,44145603,A,T,749298368,True,7-44145603-A-T,,,,False,,False,0.4636004653088979,urn:mavedb:00000096-b-1,GCK variant abundance measured by DHFR-PCA,True,True,True,True,False,coordinate_mavedb_complete_gnomad_missing,False,,,,,,
GCK,p.Ser383Trp,Likely pathogenic,reviewed by expert panel,3024418,NM_000162.5(GCK):c.1148C>G (p.Ser383Trp),"Feb 28, 2024",combined_external,C:\Users\Wesley Capucho\Documents\IA dos números primos\data\raw\multigene\gck\gck_combined_external.tsv,GRCh38,7,44145602,44145602,na,na,44145602,G,C,777870079,True,7-44145602-G-C,,,,False,,False,-0.186018604342698,urn:mavedb:00000096-b-1,GCK variant abundance measured by DHFR-PCA,True,True,True,True,False,coordinate_mavedb_complete_gnomad_missing,False,,,,,,
GCK,p.Ser411Phe,Likely pathogenic,"criteria provided, multiple submitters, no conflicts",2136506,NM_000162.5(GCK):c.1232C>T (p.Ser411Phe),"Apr 04, 2024",combined_external,C:\Users\Wesley Capucho\Documents\IA dos números primos\data\raw\multigene\gck\gck_combined_external.tsv,GRCh38,7,44145518,44145518,na,na,44145518,G,A,2484495820,True,7-44145518-G-A,,,,False,,False,1.1079873565641398,urn:mavedb:00000096-b-1,GCK variant abundance measured by DHFR-PCA,True,True,True,True,False,coordinate_mavedb_complete_gnomad_missing,False,,,,,,
GCK,p.Ser411Pro,Likely pathogenic,"criteria provided, single submitter",4685911,NM_000162.5(GCK):c.1231T>C (p.Ser411Pro),"Dec 02, 2024",training,C:\Users\Wesley Capucho\Documents\IA dos números primos\data\raw\multigene\gck\gck_clinvar_training.tsv,GRCh38,7,44145519,44145519,na,na,44145519,A,G,-1,True,7-44145519-A-G,,,,False,,False,1.00324235870426,urn:mavedb:00000096-b-1,GCK variant abundance measured by DHFR-PCA,True,True,True,True,False,coordinate_mavedb_complete_gnomad_missing,False,,,,,,
GCK,p.Ser441Trp,Pathogenic,reviewed by expert panel,1320655,NM_000162.5(GCK):c.1322C>G (p.Ser441Trp),"Jun 25, 2023",combined_external,C:\Users\Wesley Capucho\Documents\IA dos números primos\data\raw\multigene\gck\gck_combined_external.tsv,GRCh38,7,44145212,44145212,na,na,44145212,G,C,1286804191,True,7-44145212-G-C,,,,False,,False,0.442133351287042,urn:mavedb:00000096-b-1,GCK variant abundance measured by DHFR-PCA,True,True,True,True,False,coordinate_mavedb_complete_gnomad_missing,False,,,,,,
GCK,p.Ser453Leu,Pathogenic/Likely pathogenic,"criteria provided, multiple submitters, no conflicts",36200,NM_000162.5(GCK):c.1358C>T (p.Ser453Leu),"Sep 25, 2024",combined_external,C:\Users\Wesley Capucho\Documents\IA dos números primos\data\raw\multigene\gck\gck_combined_external.tsv,GRCh38,7,44145176,44145176,na,na,44145176,G,A,193922283,True,7-44145176-G-A,,,,False,,False,0.9494993395579848,urn:mavedb:00000096-b-1,GCK variant abundance measured by DHFR-PCA,True,True,True,True,False,coordinate_mavedb_complete_gnomad_missing,False,,,,,,
GCK,p.Ser453Trp,Pathogenic/Likely pathogenic,"criteria provided, multiple submitters, no conflicts",2734985,NM_000162.5(GCK):c.1358C>G (p.Ser453Trp),"Apr 01, 2024",combined_external,C:\Users\Wesley Capucho\Documents\IA dos números primos\data\raw\multigene\gck\gck_combined_external.tsv,GRCh38,7,44145176,44145176,na,na,44145176,G,C,193922283,True,7-44145176-G-C,,,,False,,False,0.878719595864663,urn:mavedb:00000096-b-1,GCK variant abundance measured by DHFR-PCA,True,True,True,True,False,coordinate_mavedb_complete_gnomad_missing,False,,,,,,
GCK,p.Ser54Arg,Likely pathogenic,reviewed by expert panel,3383913,NM_000162.5(GCK):c.162T>G (p.Ser54Arg),"Dec 02, 2024",combined_external,C:\Users\Wesley Capucho\Documents\IA dos números primos\data\raw\multigene\gck\gck_combined_external.tsv,GRCh38,7,44153347,44153347,na,na,44153347,A,C,-1,True,7-44153347-A-C,,,,False,,False,0.6446118603259761,urn:mavedb:00000096-b-1,GCK variant abundance measured by DHFR-PCA,True,True,True,True,False,coordinate_mavedb_complete_gnomad_missing,False,,,,,,
GCK,p.Thr103Ser,Likely pathogenic,"criteria provided, single submitter",2136529,NM_000162.5(GCK):c.308C>G (p.Thr103Ser),"Dec 19, 2021",training,C:\Users\Wesley Capucho\Documents\IA dos números primos\data\raw\multigene\gck\gck_clinvar_training.tsv,GRCh38,7,44152326,44152326,na,na,44152326,G,C,2096281719,True,7-44152326-G-C,,,,False,,False,0.7491558208257622,urn:mavedb:00000096-b-1,GCK variant abundance measured by DHFR-PCA,True,True,True,True,False,coordinate_mavedb_complete_gnomad_missing,False,,,,,,
GCK,p.Thr168Ala,Pathogenic,reviewed by expert panel,2574157,NM_000162.5(GCK):c.502A>G (p.Thr168Ala),"Jul 28, 2023",combined_external,C:\Users\Wesley Capucho\Documents\IA dos números primos\data\raw\multigene\gck\gck_combined_external.tsv,GRCh38,7,44150046,44150046,na,na,44150046,T,C,2484524391,True,7-44150046-T-C,,,,False,,False,0.985913284331876,urn:mavedb:00000096-b-1,GCK variant abundance measured by DHFR-PCA,True,True,True,True,False,coordinate_mavedb_complete_gnomad_missing,False,,,,,,
GCK,p.Thr168Asn,Pathogenic,reviewed by expert panel,2682649,NM_000162.5(GCK):c.503C>A (p.Thr168Asn),"Dec 08, 2023",combined_external,C:\Users\Wesley Capucho\Documents\IA dos números primos\data\raw\multigene\gck\gck_combined_external.tsv,GRCh38,7,44150045,44150045,na,na,44150045,G,T,2096278825,True,7-44150045-G-T,,,,False,,False,0.955902854168663,urn:mavedb:00000096-b-1,GCK variant abundance measured by DHFR-PCA,True,True,True,True,False,coordinate_mavedb_complete_gnomad_missing,False,,,,,,
GCK,p.Thr168Ile,Pathogenic,reviewed by expert panel,1490297,NM_000162.5(GCK):c.503C>T (p.Thr168Ile),"Dec 01, 2023",combined_external,C:\Users\Wesley Capucho\Documents\IA dos números primos\data\raw\multigene\gck\gck_combined_external.tsv,GRCh38,7,44150045,44150045,na,na,44150045,G,A,2096278825,True,7-44150045-G-A,,,,False,,False,0.962383253840023,urn:mavedb:00000096-b-1,GCK variant abundance measured by DHFR-PCA,True,True,True,True,False,coordinate_mavedb_complete_gnomad_missing,False,,,,,,
GCK,p.Thr168Pro,Pathogenic,reviewed by expert panel,2574158,NM_000162.5(GCK):c.502A>C (p.Thr168Pro),"Jul 29, 2023",combined_external,C:\Users\Wesley Capucho\Documents\IA dos números primos\data\raw\multigene\gck\gck_combined_external.tsv,GRCh38,7,44150046,44150046,na,na,44150046,T,G,2484524391,True,7-44150046-T-G,,,,False,,False,0.8968270243893329,urn:mavedb:00000096-b-1,GCK variant abundance measured by DHFR-PCA,True,True,True,True,False,coordinate_mavedb_complete_gnomad_missing,False,,,,,,
GCK,p.Thr206Ala,Likely pathogenic,"criteria provided, single submitter",3720741,NM_000162.5(GCK):c.616A>G (p.Thr206Ala),"Jul 01, 2022",training,C:\Users\Wesley Capucho\Documents\IA dos números primos\data\raw\multigene\gck\gck_clinvar_training.tsv,GRCh38,7,44149823,44149823,na,na,44149823,T,C,-1,True,7-44149823-T-C,,,,False,,False,0.840576927367405,urn:mavedb:00000096-b-1,GCK variant abundance measured by DHFR-PCA,True,True,True,True,False,coordinate_mavedb_complete_gnomad_missing,False,,,,,,
GCK,p.Thr206Met,Pathogenic/Likely pathogenic,"criteria provided, multiple submitters, no conflicts",1191898,NM_000162.5(GCK):c.617C>T (p.Thr206Met),"Jun 23, 2025",combined_external,C:\Users\Wesley Capucho\Documents\IA dos números primos\data\raw\multigene\gck\gck_combined_external.tsv,GRCh38,7,44149822,44149822,na,na,44149822,G,A,1441649062,True,7-44149822-G-A,,,,False,,False,0.1388002272669909,urn:mavedb:00000096-b-1,GCK variant abundance measured by DHFR-PCA,True,True,True,True,False,coordinate_mavedb_complete_gnomad_missing,False,,,,,,
GCK,p.Thr206Pro,Pathogenic/Likely pathogenic,"criteria provided, multiple submitters, no conflicts",129145,NM_000162.5(GCK):c.616A>C (p.Thr206Pro),"Jul 22, 2025",combined_external,C:\Users\Wesley Capucho\Documents\IA dos números primos\data\raw\multigene\gck\gck_combined_external.tsv,GRCh38,7,44149823,44149823,na,na,44149823,T,G,587780346,True,7-44149823-T-G,,,,False,,False,0.926259710606399,urn:mavedb:00000096-b-1,GCK variant abundance measured by DHFR-PCA,True,True,True,True,False,coordinate_mavedb_complete_gnomad_missing,False,,,,,,
GCK,p.Thr209Ala,Likely pathogenic,reviewed by expert panel,3661587,NM_000162.5(GCK):c.625A>G (p.Thr209Ala),"Jan 28, 2026",combined_external,C:\Users\Wesley Capucho\Documents\IA dos números primos\data\raw\multigene\gck\gck_combined_external.tsv,GRCh38,7,44149814,44149814,na,na,44149814,T,C,-1,True,7-44149814-T-C,,,,False,,False,0.985978749670103,urn:mavedb:00000096-b-1,GCK variant abundance measured by DHFR-PCA,True,True,True,True,False,coordinate_mavedb_complete_gnomad_missing,False,,,,,,
GCK,p.Thr209Arg,Likely pathogenic,reviewed by expert panel,4687874,NM_000162.5(GCK):c.626C>G (p.Thr209Arg),"Jan 28, 2026",combined_external,C:\Users\Wesley Capucho\Documents\IA dos números primos\data\raw\multigene\gck\gck_combined_external.tsv,GRCh38,7,44149813,44149813,na,na,44149813,G,C,-1,True,7-44149813-G-C,,,,False,,False,0.486866130314782,urn:mavedb:00000096-b-1,GCK variant abundance measured by DHFR-PCA,True,True,True,True,False,coordinate_mavedb_complete_gnomad_missing,False,,,,,,
GCK,p.Thr209Met,Pathogenic,reviewed by expert panel,804851,NM_000162.5(GCK):c.626C>T (p.Thr209Met),"Jun 27, 2025",combined_external,C:\Users\Wesley Capucho\Documents\IA dos números primos\data\raw\multigene\gck\gck_combined_external.tsv,GRCh38,7,44149813,44149813,na,na,44149813,G,A,1583599303,True,7-44149813-G-A,,,,False,,False,0.77406508402194,urn:mavedb:00000096-b-1,GCK variant abundance measured by DHFR-PCA,True,True,True,True,False,coordinate_mavedb_complete_gnomad_missing,False,,,,,,
GCK,p.Thr228Ala,Pathogenic,reviewed by expert panel,447413,NM_000162.5(GCK):c.682A>G (p.Thr228Ala),"Feb 28, 2024",combined_external,C:\Users\Wesley Capucho\Documents\IA dos números primos\data\raw\multigene\gck\gck_combined_external.tsv,GRCh38,7,44147831,44147831,na,na,44147831,T,C,1332966015,True,7-44147831-T-C,,,,False,,False,0.98871466002042,urn:mavedb:00000096-b-1,GCK variant abundance measured by DHFR-PCA,True,True,True,True,False,coordinate_mavedb_complete_gnomad_missing,False,,,,,,
GCK,p.Thr228Arg,Pathogenic,reviewed by expert panel,3024420,NM_000162.5(GCK):c.683C>G (p.Thr228Arg),"Feb 28, 2024",combined_external,C:\Users\Wesley Capucho\Documents\IA dos números primos\data\raw\multigene\gck\gck_combined_external.tsv,GRCh38,7,44147830,44147830,na,na,44147830,G,C,80356655,True,7-44147830-G-C,,,,False,,False,1.03680036512773,urn:mavedb:00000096-b-1,GCK variant abundance measured by DHFR-PCA,True,True,True,True,False,coordinate_mavedb_complete_gnomad_missing,False,,,,,,
GCK,p.Thr228Lys,Pathogenic,reviewed by expert panel,3024421,NM_000162.5(GCK):c.683C>A (p.Thr228Lys),"Feb 28, 2024",combined_external,C:\Users\Wesley Capucho\Documents\IA dos números primos\data\raw\multigene\gck\gck_combined_external.tsv,GRCh38,7,44147830,44147830,na,na,44147830,G,T,80356655,True,7-44147830-G-T,,,,False,,False,0.906752121779667,urn:mavedb:00000096-b-1,GCK variant abundance measured by DHFR-PCA,True,True,True,True,False,coordinate_mavedb_complete_gnomad_missing,False,,,,,,
GCK,p.Thr228Met,Pathogenic,reviewed by expert panel,16134,NM_000162.5(GCK):c.683C>T (p.Thr228Met),"Feb 28, 2024",combined_external,C:\Users\Wesley Capucho\Documents\IA dos números primos\data\raw\multigene\gck\gck_combined_external.tsv,GRCh38,7,44147830,44147830,na,na,44147830,G,A,80356655,True,7-44147830-G-A,,,,False,,False,0.94678863841033,urn:mavedb:00000096-b-1,GCK variant abundance measured by DHFR-PCA,True,True,True,True,False,coordinate_mavedb_complete_gnomad_missing,False,,,,,,
GCK,p.Thr255Ala,Pathogenic,reviewed by expert panel,2735005,NM_000162.5(GCK):c.763A>G (p.Thr255Ala),"Nov 24, 2025",combined_external,C:\Users\Wesley Capucho\Documents\IA dos números primos\data\raw\multigene\gck\gck_combined_external.tsv,GRCh38,7,44147750,44147750,na,na,44147750,T,C,2128820605,True,7-44147750-T-C,,,,False,,False,0.886306269686202,urn:mavedb:00000096-b-1,GCK variant abundance measured by DHFR-PCA,True,True,True,True,False,coordinate_mavedb_complete_gnomad_missing,False,,,,,,
GCK,p.Thr255Ile,Pathogenic,reviewed by expert panel,3720739,NM_000162.5(GCK):c.764C>T (p.Thr255Ile),"Nov 24, 2025",combined_external,C:\Users\Wesley Capucho\Documents\IA dos números primos\data\raw\multigene\gck\gck_combined_external.tsv,GRCh38,7,44147749,44147749,na,na,44147749,G,A,-1,True,7-44147749-G-A,,,,False,,False,0.5852230873379929,urn:mavedb:00000096-b-1,GCK variant abundance measured by DHFR-PCA,True,True,True,True,False,coordinate_mavedb_complete_gnomad_missing,False,,,,,,
GCK,p.Thr255Ser,Pathogenic,reviewed by expert panel,4531184,NM_000162.5(GCK):c.764C>G (p.Thr255Ser),"Nov 24, 2025",combined_external,C:\Users\Wesley Capucho\Documents\IA dos números primos\data\raw\multigene\gck\gck_combined_external.tsv,GRCh38,7,44147749,44147749,na,na,44147749,G,C,-1,True,7-44147749-G-C,,,,False,,False,0.908369426123025,urn:mavedb:00000096-b-1,GCK variant abundance measured by DHFR-PCA,True,True,True,True,False,coordinate_mavedb_complete_gnomad_missing,False,,,,,,
GCK,p.Thr326Pro,Pathogenic,reviewed by expert panel,2664366,NM_000162.5(GCK):c.976A>C (p.Thr326Pro),"Dec 02, 2023",combined_external,C:\Users\Wesley Capucho\Documents\IA dos números primos\data\raw\multigene\gck\gck_combined_external.tsv,GRCh38,7,44146506,44146506,na,na,44146506,T,G,2484506435,True,7-44146506-T-G,,,,False,,False,0.7860769264553091,urn:mavedb:00000096-b-1,GCK variant abundance measured by DHFR-PCA,True,True,True,True,False,coordinate_mavedb_complete_gnomad_missing,False,,,,,,
GCK,p.Thr332Met,Likely pathogenic,"criteria provided, single submitter",1801684,NM_000162.5(GCK):c.995C>T (p.Thr332Met),-,training,C:\Users\Wesley Capucho\Documents\IA dos números primos\data\raw\multigene\gck\gck_clinvar_training.tsv,GRCh38,7,44146487,44146487,na,na,44146487,G,A,770231054,True,7-44146487-G-A,,,,False,,False,0.9693221318379992,urn:mavedb:00000096-b-1,GCK variant abundance measured by DHFR-PCA,True,True,True,True,False,coordinate_mavedb_complete_gnomad_missing,False,,,,,,
GCK,p.Thr342Pro,Benign,reviewed by expert panel,908615,NM_000162.5(GCK):c.1024A>C (p.Thr342Pro),"Feb 02, 2024",combined_external,C:\Users\Wesley Capucho\Documents\IA dos números primos\data\raw\multigene\gck\gck_combined_external.tsv,GRCh38,7,44145726,44145726,na,na,44145726,T,G,1000236360,True,7-44145726-T-G,,,,False,,False,0.771431929494496,urn:mavedb:00000096-b-1,GCK variant abundance measured by DHFR-PCA,True,True,True,True,False,coordinate_mavedb_complete_gnomad_missing,False,,,,,,
GCK,p.Thr437Ile,Likely pathogenic,reviewed by expert panel,585914,NM_000162.5(GCK):c.1310C>T (p.Thr437Ile),"Jan 28, 2024",combined_external,C:\Users\Wesley Capucho\Documents\IA dos números primos\data\raw\multigene\gck\gck_combined_external.tsv,GRCh38,7,44145224,44145224,na,na,44145224,G,A,1185622190,True,7-44145224-G-A,,,,False,,False,,,,False,False,True,True,False,coordinate_ready_annotation_missing,False,,,,,,
GCK,p.Thr49Asn,Likely pathogenic,reviewed by expert panel,36204,NM_000162.5(GCK):c.146C>A (p.Thr49Asn),"Aug 13, 2023",combined_external,C:\Users\Wesley Capucho\Documents\IA dos números primos\data\raw\multigene\gck\gck_combined_external.tsv,GRCh38,7,44153363,44153363,na,na,44153363,G,T,193922286,True,7-44153363-G-T,,,,False,,False,0.644437100962598,urn:mavedb:00000096-b-1,GCK variant abundance measured by DHFR-PCA,True,True,True,True,False,coordinate_mavedb_complete_gnomad_missing,False,,,,,,
GCK,p.Thr60Ile,Pathogenic,reviewed by expert panel,1343440,NM_000162.5(GCK):c.179C>T (p.Thr60Ile),"Jul 29, 2025",combined_external,C:\Users\Wesley Capucho\Documents\IA dos números primos\data\raw\multigene\gck\gck_combined_external.tsv,GRCh38,7,44153330,44153330,na,na,44153330,G,A,747783371,True,7-44153330-G-A,,,,False,,False,0.7634481091824591,urn:mavedb:00000096-b-1,GCK variant abundance measured by DHFR-PCA,True,True,True,True,False,coordinate_mavedb_complete_gnomad_missing,False,,,,,,
GCK,p.Thr82Ile,Likely pathogenic,"criteria provided, single submitter",1723231,NM_000162.5(GCK):c.245C>T (p.Thr82Ile),"Nov 14, 2022",training,C:\Users\Wesley Capucho\Documents\IA dos números primos\data\raw\multigene\gck\gck_clinvar_training.tsv,GRCh38,7,44152389,44152389,na,na,44152389,G,A,2484535943,True,7-44152389-G-A,,,,False,,False,1.0241018035398,urn:mavedb:00000096-b-1,GCK variant abundance measured by DHFR-PCA,True,True,True,True,False,coordinate_mavedb_complete_gnomad_missing,False,,,,,,
GCK,p.Trp167Cys,Pathogenic,"criteria provided, single submitter",1685845,NM_000162.5(GCK):c.501G>C (p.Trp167Cys),"May 04, 2022",training,C:\Users\Wesley Capucho\Documents\IA dos números primos\data\raw\multigene\gck\gck_clinvar_training.tsv,GRCh38,7,44150047,44150047,na,na,44150047,C,G,1470521850,True,7-44150047-C-G,,,,False,,False,0.921320553741482,urn:mavedb:00000096-b-1,GCK variant abundance measured by DHFR-PCA,True,True,True,True,False,coordinate_mavedb_complete_gnomad_missing,False,,,,,,
GCK,p.Trp257Arg,Pathogenic/Likely pathogenic,"criteria provided, multiple submitters, no conflicts",447416,NM_000162.5(GCK):c.769T>C (p.Trp257Arg),"Jul 03, 2017",combined_external,C:\Users\Wesley Capucho\Documents\IA dos números primos\data\raw\multigene\gck\gck_combined_external.tsv,GRCh38,7,44147744,44147744,na,na,44147744,A,G,1554335135,True,7-44147744-A-G,,,,False,,False,-0.0901768131490582,urn:mavedb:00000096-b-1,GCK variant abundance measured by DHFR-PCA,True,True,True,True,False,coordinate_mavedb_complete_gnomad_missing,False,,,,,,
GCK,p.Tyr108His,Pathogenic,reviewed by expert panel,585918,NM_000162.5(GCK):c.322T>C (p.Tyr108His),"Dec 15, 2023",combined_external,C:\Users\Wesley Capucho\Documents\IA dos números primos\data\raw\multigene\gck\gck_combined_external.tsv,GRCh38,7,44152312,44152312,na,na,44152312,A,G,193922292,True,7-44152312-A-G,,,,False,,False,0.489183883372032,urn:mavedb:00000096-b-1,GCK variant abundance measured by DHFR-PCA,True,True,True,True,False,coordinate_mavedb_complete_gnomad_missing,False,,,,,,
GCK,p.Tyr214Cys,Pathogenic,"criteria provided, single submitter",16144,NM_000162.5(GCK):c.641A>G (p.Tyr214Cys),"Dec 24, 2025",training,C:\Users\Wesley Capucho\Documents\IA dos números primos\data\raw\multigene\gck\gck_clinvar_training.tsv,GRCh38,7,44149798,44149798,na,na,44149798,T,C,104894015,True,7-44149798-T-C,,,,False,,False,0.8576558192065491,urn:mavedb:00000096-b-1,GCK variant abundance measured by DHFR-PCA,True,True,True,True,False,coordinate_mavedb_complete_gnomad_missing,False,,,,,,
GCK,p.Tyr289Cys,Pathogenic/Likely pathogenic,"criteria provided, multiple submitters, no conflicts",1709898,NM_000162.5(GCK):c.866A>G (p.Tyr289Cys),"Dec 31, 2022",combined_external,C:\Users\Wesley Capucho\Documents\IA dos números primos\data\raw\multigene\gck\gck_combined_external.tsv,GRCh38,7,44146616,44146616,na,na,44146616,T,C,2484507546,True,7-44146616-T-C,,,,False,,False,0.772614235369499,urn:mavedb:00000096-b-1,GCK variant abundance measured by DHFR-PCA,True,True,True,True,False,coordinate_mavedb_complete_gnomad_missing,False,,,,,,
GCK,p.Val154Ala,Likely pathogenic,"criteria provided, single submitter",1700679,NM_000162.5(GCK):c.461T>C (p.Val154Ala),"Aug 02, 2022",training,C:\Users\Wesley Capucho\Documents\IA dos números primos\data\raw\multigene\gck\gck_clinvar_training.tsv,GRCh38,7,44150978,44150978,na,na,44150978,A,G,2484529399,True,7-44150978-A-G,,,,False,,False,0.934224474229526,urn:mavedb:00000096-b-1,GCK variant abundance measured by DHFR-PCA,True,True,True,True,False,coordinate_mavedb_complete_gnomad_missing,False,,,,,,
GCK,p.Val154Gly,Likely pathogenic,reviewed by expert panel,2682650,NM_000162.5(GCK):c.461T>G (p.Val154Gly),"Dec 08, 2023",combined_external,C:\Users\Wesley Capucho\Documents\IA dos números primos\data\raw\multigene\gck\gck_combined_external.tsv,GRCh38,7,44150978,44150978,na,na,44150978,A,C,2484529399,True,7-44150978-A-C,,,,False,,False,0.285729693979032,urn:mavedb:00000096-b-1,GCK variant abundance measured by DHFR-PCA,True,True,True,True,False,coordinate_mavedb_complete_gnomad_missing,False,,,,,,
GCK,p.Val154Met,Likely pathogenic,"criteria provided, single submitter",3383432,NM_000162.5(GCK):c.460G>A (p.Val154Met),"Aug 12, 2024",training,C:\Users\Wesley Capucho\Documents\IA dos números primos\data\raw\multigene\gck\gck_clinvar_training.tsv,GRCh38,7,44150979,44150979,na,na,44150979,C,T,-1,True,7-44150979-C-T,,,,False,,False,1.00554516696507,urn:mavedb:00000096-b-1,GCK variant abundance measured by DHFR-PCA,True,True,True,True,False,coordinate_mavedb_complete_gnomad_missing,False,,,,,,
GCK,p.Val182Leu,Likely pathogenic,"criteria provided, single submitter",4055754,NM_000162.5(GCK):c.544G>T (p.Val182Leu),"Jan 02, 2025",training,C:\Users\Wesley Capucho\Documents\IA dos números primos\data\raw\multigene\gck\gck_clinvar_training.tsv,GRCh38,7,44150004,44150004,na,na,44150004,C,A,-1,True,7-44150004-C-A,,,,False,,False,0.837271493946889,urn:mavedb:00000096-b-1,GCK variant abundance measured by DHFR-PCA,True,True,True,True,False,coordinate_mavedb_complete_gnomad_missing,False,,,,,,
GCK,p.Val182Met,Pathogenic,reviewed by expert panel,129144,NM_000162.5(GCK):c.544G>A (p.Val182Met),"Feb 07, 2025",combined_external,C:\Users\Wesley Capucho\Documents\IA dos números primos\data\raw\multigene\gck\gck_combined_external.tsv,GRCh38,7,44150004,44150004,na,na,44150004,C,T,587780345,True,7-44150004-C-T,,,,False,,False,0.677820282946536,urn:mavedb:00000096-b-1,GCK variant abundance measured by DHFR-PCA,True,True,True,True,False,coordinate_mavedb_complete_gnomad_missing,False,,,,,,
GCK,p.Val200Leu,Likely pathogenic,"criteria provided, single submitter",3342694,NM_000162.5(GCK):c.598G>T (p.Val200Leu),"Nov 04, 2022",training,C:\Users\Wesley Capucho\Documents\IA dos números primos\data\raw\multigene\gck\gck_clinvar_training.tsv,GRCh38,7,44149841,44149841,na,na,44149841,C,A,-1,True,7-44149841-C-A,,,,False,,False,0.826074426885256,urn:mavedb:00000096-b-1,GCK variant abundance measured by DHFR-PCA,True,True,True,True,False,coordinate_mavedb_complete_gnomad_missing,False,,,,,,
GCK,p.Val203Ala,Pathogenic,reviewed by expert panel,585923,NM_000162.5(GCK):c.608T>C (p.Val203Ala),"Jul 31, 2023",combined_external,C:\Users\Wesley Capucho\Documents\IA dos números primos\data\raw\multigene\gck\gck_combined_external.tsv,GRCh38,7,44149831,44149831,na,na,44149831,A,G,1562717053,True,7-44149831-A-G,,,,False,,False,0.6888765799026121,urn:mavedb:00000096-b-1,GCK variant abundance measured by DHFR-PCA,True,True,True,True,False,coordinate_mavedb_complete_gnomad_missing,False,,,,,,
GCK,p.Val226Ala,Likely pathogenic,reviewed by expert panel,36244,NM_000162.5(GCK):c.677T>C (p.Val226Ala),"Oct 13, 2023",combined_external,C:\Users\Wesley Capucho\Documents\IA dos números primos\data\raw\multigene\gck\gck_combined_external.tsv,GRCh38,7,44149762,44149762,na,na,44149762,A,G,193922319,True,7-44149762-A-G,,,,False,,False,0.272304371990396,urn:mavedb:00000096-b-1,GCK variant abundance measured by DHFR-PCA,True,True,True,True,False,coordinate_mavedb_complete_gnomad_missing,False,,,,,,
GCK,p.Val226Gly,Likely pathogenic,"criteria provided, single submitter",2580858,NM_000162.5(GCK):c.677T>G (p.Val226Gly),"Nov 01, 2022",training,C:\Users\Wesley Capucho\Documents\IA dos números primos\data\raw\multigene\gck\gck_clinvar_training.tsv,GRCh38,7,44149762,44149762,na,na,44149762,A,C,193922319,True,7-44149762-A-C,,,,False,,False,0.42154685170878,urn:mavedb:00000096-b-1,GCK variant abundance measured by DHFR-PCA,True,True,True,True,False,coordinate_mavedb_complete_gnomad_missing,False,,,,,,
GCK,p.Val226Met,Pathogenic,reviewed by expert panel,36243,NM_000162.5(GCK):c.676G>A (p.Val226Met),"Aug 13, 2023",combined_external,C:\Users\Wesley Capucho\Documents\IA dos números primos\data\raw\multigene\gck\gck_combined_external.tsv,GRCh38,7,44149763,44149763,na,na,44149763,C,T,148311934,True,7-44149763-C-T,,,,False,,False,0.8500399870263431,urn:mavedb:00000096-b-1,GCK variant abundance measured by DHFR-PCA,True,True,True,True,False,coordinate_mavedb_complete_gnomad_missing,False,,,,,,
GCK,p.Val244Gly,Likely pathogenic,"criteria provided, single submitter",1758315,NM_000162.5(GCK):c.731T>G (p.Val244Gly),"Mar 22, 2019",training,C:\Users\Wesley Capucho\Documents\IA dos números primos\data\raw\multigene\gck\gck_clinvar_training.tsv,GRCh38,7,44147782,44147782,na,na,44147782,A,C,2484514615,True,7-44147782-A-C,,,,False,,False,0.709272828727945,urn:mavedb:00000096-b-1,GCK variant abundance measured by DHFR-PCA,True,True,True,True,False,coordinate_mavedb_complete_gnomad_missing,False,,,,,,
GCK,p.Val253Leu,Likely pathogenic,no assertion criteria provided,3346399,NM_000162.5(GCK):c.757G>C (p.Val253Leu),"Jun 13, 2024",training,C:\Users\Wesley Capucho\Documents\IA dos números primos\data\raw\multigene\gck\gck_clinvar_training.tsv,GRCh38,7,44147756,44147756,na,na,44147756,C,G,-1,True,7-44147756-C-G,,,,False,,False,0.7757782964832529,urn:mavedb:00000096-b-1,GCK variant abundance measured by DHFR-PCA,True,True,True,True,False,coordinate_mavedb_complete_gnomad_missing,False,,,,,,
GCK,p.Val253Phe,Likely pathogenic,"criteria provided, single submitter",449696,NM_000162.5(GCK):c.757G>T (p.Val253Phe),"Oct 01, 2025",training,C:\Users\Wesley Capucho\Documents\IA dos números primos\data\raw\multigene\gck\gck_clinvar_training.tsv,GRCh38,7,44147756,44147756,na,na,44147756,C,A,748964205,True,7-44147756-C-A,,,,False,,False,-0.0045142594125308,urn:mavedb:00000096-b-1,GCK variant abundance measured by DHFR-PCA,True,True,True,True,False,coordinate_mavedb_complete_gnomad_missing,False,,,,,,
GCK,p.Val277Gly,Likely pathogenic,reviewed by expert panel,447422,NM_000162.5(GCK):c.830T>G (p.Val277Gly),"Feb 24, 2026",combined_external,C:\Users\Wesley Capucho\Documents\IA dos números primos\data\raw\multigene\gck\gck_combined_external.tsv,GRCh38,7,44147683,44147683,na,na,44147683,A,C,1554335093,True,7-44147683-A-C,,,,False,,False,0.5230368870930829,urn:mavedb:00000096-b-1,GCK variant abundance measured by DHFR-PCA,True,True,True,True,False,coordinate_mavedb_complete_gnomad_missing,False,,,,,,
GCK,p.Val302Glu,Likely pathogenic,"criteria provided, single submitter",3571584,NM_000162.5(GCK):c.905T>A (p.Val302Glu),"Feb 16, 2024",training,C:\Users\Wesley Capucho\Documents\IA dos números primos\data\raw\multigene\gck\gck_clinvar_training.tsv,GRCh38,7,44146577,44146577,na,na,44146577,A,T,-1,True,7-44146577-A-T,,,,False,,False,0.108320425368038,urn:mavedb:00000096-b-1,GCK variant abundance measured by DHFR-PCA,True,True,True,True,False,coordinate_mavedb_complete_gnomad_missing,False,,,,,,
GCK,p.Val33Ala,Likely pathogenic,reviewed by expert panel,585930,NM_000162.5(GCK):c.98T>C (p.Val33Ala),"Jun 27, 2025",combined_external,C:\Users\Wesley Capucho\Documents\IA dos números primos\data\raw\multigene\gck\gck_combined_external.tsv,GRCh38,7,44153411,44153411,na,na,44153411,A,G,1554335954,True,7-44153411-A-G,,,,False,,False,0.8002033661742709,urn:mavedb:00000096-b-1,GCK variant abundance measured by DHFR-PCA,True,True,True,True,False,coordinate_mavedb_complete_gnomad_missing,False,,,,,,
GCK,p.Val367Met,Pathogenic,reviewed by expert panel,381598,NM_000162.5(GCK):c.1099G>A (p.Val367Met),"Aug 09, 2023",combined_external,C:\Users\Wesley Capucho\Documents\IA dos números primos\data\raw\multigene\gck\gck_combined_external.tsv,GRCh38,7,44145651,44145651,na,na,44145651,C,T,1057521092,True,7-44145651-C-T,,,,False,,False,0.448034562816167,urn:mavedb:00000096-b-1,GCK variant abundance measured by DHFR-PCA,True,True,True,True,False,coordinate_mavedb_complete_gnomad_missing,False,,,,,,
GCK,p.Val374Glu,Likely pathogenic,reviewed by expert panel,2578348,NM_000162.5(GCK):c.1121T>A (p.Val374Glu),"Aug 09, 2023",combined_external,C:\Users\Wesley Capucho\Documents\IA dos números primos\data\raw\multigene\gck\gck_combined_external.tsv,GRCh38,7,44145629,44145629,na,na,44145629,A,T,2484497707,True,7-44145629-A-T,,,,False,,False,0.211061364027775,urn:mavedb:00000096-b-1,GCK variant abundance measured by DHFR-PCA,True,True,True,True,False,coordinate_mavedb_complete_gnomad_missing,False,,,,,,
GCK,p.Val374Met,Likely pathogenic,reviewed by expert panel,447380,NM_000162.5(GCK):c.1120G>A (p.Val374Met),"Nov 03, 2023",combined_external,C:\Users\Wesley Capucho\Documents\IA dos números primos\data\raw\multigene\gck\gck_combined_external.tsv,GRCh38,7,44145630,44145630,na,na,44145630,C,T,1415041911,True,7-44145630-C-T,,,,False,,False,0.513368844287573,urn:mavedb:00000096-b-1,GCK variant abundance measured by DHFR-PCA,True,True,True,True,False,coordinate_mavedb_complete_gnomad_missing,False,,,,,,
GCK,p.Val389Asp,Likely pathogenic,reviewed by expert panel,3250353,NM_000162.5(GCK):c.1166T>A (p.Val389Asp),"Jun 22, 2024",combined_external,C:\Users\Wesley Capucho\Documents\IA dos números primos\data\raw\multigene\gck\gck_combined_external.tsv,GRCh38,7,44145584,44145584,na,na,44145584,A,T,2096271467,True,7-44145584-A-T,,,,False,,False,,,,False,False,True,True,False,coordinate_ready_annotation_missing,False,,,,,,
GCK,p.Val389Leu,Pathogenic,"criteria provided, single submitter",435300,NM_000162.5(GCK):c.1165G>C (p.Val389Leu),"Jan 12, 2017",training,C:\Users\Wesley Capucho\Documents\IA dos números primos\data\raw\multigene\gck\gck_clinvar_training.tsv,GRCh38,7,44145585,44145585,na,na,44145585,C,G,1350717554,True,7-44145585-C-G,,,,False,,False,1.02784552840201,urn:mavedb:00000096-b-1,GCK variant abundance measured by DHFR-PCA,True,True,True,True,False,coordinate_mavedb_complete_gnomad_missing,False,,,,,,
GCK,p.Val412Ala,Pathogenic,reviewed by expert panel,2734988,NM_000162.5(GCK):c.1235T>C (p.Val412Ala),"Apr 27, 2024",combined_external,C:\Users\Wesley Capucho\Documents\IA dos números primos\data\raw\multigene\gck\gck_combined_external.tsv,GRCh38,7,44145515,44145515,na,na,44145515,A,G,1554334539,True,7-44145515-A-G,,,,False,,False,0.77104914086836,urn:mavedb:00000096-b-1,GCK variant abundance measured by DHFR-PCA,True,True,True,True,False,coordinate_mavedb_complete_gnomad_missing,False,,,,,,
GCK,p.Val412Glu,Pathogenic,reviewed by expert panel,3233992,NM_000162.5(GCK):c.1235T>A (p.Val412Glu),"Apr 27, 2024",combined_external,C:\Users\Wesley Capucho\Documents\IA dos números primos\data\raw\multigene\gck\gck_combined_external.tsv,GRCh38,7,44145515,44145515,na,na,44145515,A,T,1554334539,True,7-44145515-A-T,,,,False,,False,0.0664304456806797,urn:mavedb:00000096-b-1,GCK variant abundance measured by DHFR-PCA,True,True,True,True,False,coordinate_mavedb_complete_gnomad_missing,False,,,,,,
GCK,p.Val412Gly,Pathogenic,reviewed by expert panel,447387,NM_000162.5(GCK):c.1235T>G (p.Val412Gly),"Apr 27, 2024",combined_external,C:\Users\Wesley Capucho\Documents\IA dos números primos\data\raw\multigene\gck\gck_combined_external.tsv,GRCh38,7,44145515,44145515,na,na,44145515,A,C,1554334539,True,7-44145515-A-C,,,,False,,False,0.654050933177246,urn:mavedb:00000096-b-1,GCK variant abundance measured by DHFR-PCA,True,True,True,True,False,coordinate_mavedb_complete_gnomad_missing,False,,,,,,
GCK,p.Val412Leu,Likely pathogenic,"criteria provided, single submitter",1879689,NM_000162.5(GCK):c.1234G>C (p.Val412Leu),"Nov 01, 2022",training,C:\Users\Wesley Capucho\Documents\IA dos números primos\data\raw\multigene\gck\gck_clinvar_training.tsv,GRCh38,7,44145516,44145516,na,na,44145516,C,G,2484495767,True,7-44145516-C-G,,,,False,,False,0.979577221866629,urn:mavedb:00000096-b-1,GCK variant abundance measured by DHFR-PCA,True,True,True,True,False,coordinate_mavedb_complete_gnomad_missing,False,,,,,,
GCK,p.Val412Met,Pathogenic,reviewed by expert panel,3233994,NM_000162.5(GCK):c.1234G>A (p.Val412Met),"Apr 27, 2024",combined_external,C:\Users\Wesley Capucho\Documents\IA dos números primos\data\raw\multigene\gck\gck_combined_external.tsv,GRCh38,7,44145516,44145516,na,na,44145516,C,T,2484495767,True,7-44145516-C-T,,,,False,,False,,,,False,False,True,True,False,coordinate_ready_annotation_missing,False,,,,,,
GCK,p.Val452Leu,Likely pathogenic,"criteria provided, single submitter",2506148,NM_000162.5(GCK):c.1354G>C (p.Val452Leu),"May 03, 2023",training,C:\Users\Wesley Capucho\Documents\IA dos números primos\data\raw\multigene\gck\gck_clinvar_training.tsv,GRCh38,7,44145180,44145180,na,na,44145180,C,G,2484491913,True,7-44145180-C-G,,,,False,,False,0.947728799865284,urn:mavedb:00000096-b-1,GCK variant abundance measured by DHFR-PCA,True,True,True,True,False,coordinate_mavedb_complete_gnomad_missing,False,,,,,,
GCK,p.Val455Glu,Likely pathogenic,reviewed by expert panel,585916,NM_000162.5(GCK):c.1364T>A (p.Val455Glu),"Jan 28, 2026",combined_external,C:\Users\Wesley Capucho\Documents\IA dos números primos\data\raw\multigene\gck\gck_combined_external.tsv,GRCh38,7,44145170,44145170,na,na,44145170,A,T,753795627,True,7-44145170-A-T,,,,False,,False,0.7488241212966509,urn:mavedb:00000096-b-1,GCK variant abundance measured by DHFR-PCA,True,True,True,True,False,coordinate_mavedb_complete_gnomad_missing,False,,,,,,
GCK,p.Val455Met,Pathogenic,"criteria provided, single submitter",16140,NM_000162.5(GCK):c.1363G>A (p.Val455Met),"Aug 06, 2022",training,C:\Users\Wesley Capucho\Documents\IA dos números primos\data\raw\multigene\gck\gck_clinvar_training.tsv,GRCh38,7,44145171,44145171,na,na,44145171,C,T,104894012,True,7-44145171-C-T,,,,False,,False,1.4214319546655,urn:mavedb:00000096-b-1,GCK variant abundance measured by DHFR-PCA,True,True,True,True,False,coordinate_mavedb_complete_gnomad_missing,False,,,,,,
GCK,p.Val62Ala,Pathogenic,reviewed by expert panel,585917,NM_000162.5(GCK):c.185T>C (p.Val62Ala),"Jul 25, 2024",combined_external,C:\Users\Wesley Capucho\Documents\IA dos números primos\data\raw\multigene\gck\gck_combined_external.tsv,GRCh38,7,44153324,44153324,na,na,44153324,A,G,1444739794,True,7-44153324-A-G,,,,False,,False,0.580884280898231,urn:mavedb:00000096-b-1,GCK variant abundance measured by DHFR-PCA,True,True,True,True,False,coordinate_mavedb_complete_gnomad_missing,False,,,,,,
GCK,p.Val62Met,Pathogenic,reviewed by expert panel,419624,NM_000162.5(GCK):c.184G>A (p.Val62Met),"Aug 25, 2023",combined_external,C:\Users\Wesley Capucho\Documents\IA dos números primos\data\raw\multigene\gck\gck_combined_external.tsv,GRCh38,7,44153325,44153325,na,na,44153325,C,T,1064793998,True,7-44153325-C-T,,,,False,,False,0.495070977357841,urn:mavedb:00000096-b-1,GCK variant abundance measured by DHFR-PCA,True,True,True,True,False,coordinate_mavedb_complete_gnomad_missing,False,,,,,,
GCK,p.Val91Leu,Pathogenic,"criteria provided, single submitter",4747575,NM_000162.5(GCK):c.271G>T (p.Val91Leu),"Sep 03, 2025",training,C:\Users\Wesley Capucho\Documents\IA dos números primos\data\raw\multigene\gck\gck_clinvar_training.tsv,GRCh38,7,44152363,44152363,na,na,44152363,C,A,-1,True,7-44152363-C-A,,,,False,,False,0.9954707663759308,urn:mavedb:00000096-b-1,GCK variant abundance measured by DHFR-PCA,True,True,True,True,False,coordinate_mavedb_complete_gnomad_missing,False,,,,,,
KRAS,p.Ala146Pro,Pathogenic/Likely pathogenic,"criteria provided, multiple submitters, no conflicts",375963,NM_033360.4(KRAS):c.436G>C (p.Ala146Pro),"Feb 05, 2024",combined_external,C:\Users\Wesley Capucho\Documents\IA dos números primos\data\raw\multigene\kras\kras_combined_external.tsv,GRCh38,12,25225628,25225628,na,na,25225628,C,G,121913527,True,12-25225628-C-G,,,,False,,False,,,,False,False,True,True,False,coordinate_ready_annotation_missing,True,query_error,,,,,HTTP Error 429: Too Many Requests
KRAS,p.Ala146Val,Pathogenic/Likely pathogenic,"criteria provided, multiple submitters, no conflicts",375962,NM_004985.5(KRAS):c.437C>T (p.Ala146Val),"Jun 06, 2025",combined_external,C:\Users\Wesley Capucho\Documents\IA dos números primos\data\raw\multigene\kras\kras_combined_external.tsv,GRCh38,12,25225627,25225627,na,na,25225627,G,A,1057519725,True,12-25225627-G-A,,,,False,,False,,,,False,False,True,True,False,coordinate_ready_annotation_missing,True,query_error,,,,,HTTP Error 429: Too Many Requests
KRAS,p.Ala18Val,Pathogenic,"criteria provided, single submitter",1695421,NM_004985.5(KRAS):c.53C>T (p.Ala18Val),-,training,C:\Users\Wesley Capucho\Documents\IA dos números primos\data\raw\multigene\kras\kras_clinvar_training.tsv,GRCh38,12,25245332,25245332,na,na,25245332,G,A,2135806030,True,12-25245332-G-A,,,,False,,False,,,,False,False,True,True,False,coordinate_ready_annotation_missing,False,,,,,,
KRAS,p.Ala59Leu,Likely pathogenic,"criteria provided, single submitter",2431456,NM_004985.5(KRAS):c.175_176delinsTT (p.Ala59Leu),"Apr 22, 2022",training,C:\Users\Wesley Capucho\Documents\IA dos números primos\data\raw\multigene\kras\kras_clinvar_training.tsv,GRCh38,12,25227348,25227349,na,na,25227348,GC,AA,2548920539,True,12-25227348-GC-AA,,,,False,,False,,,,False,False,True,True,False,coordinate_ready_annotation_missing,False,,,,,,
KRAS,p.Ala59Ser,Pathogenic/Likely pathogenic,"criteria provided, multiple submitters, no conflicts",222075,NM_033360.4(KRAS):c.175G>T (p.Ala59Ser),"Oct 01, 2018",combined_external,C:\Users\Wesley Capucho\Documents\IA dos números primos\data\raw\multigene\kras\kras_combined_external.tsv,GRCh38,12,25227349,25227349,na,na,25227349,C,A,121913528,True,12-25227349-C-A,,,,False,,False,,,,False,False,True,True,False,coordinate_ready_annotation_missing,True,query_error,,,,,HTTP Error 429: Too Many Requests
KRAS,p.Ala59Thr,Pathogenic,no assertion criteria provided,12581,NM_033360.4(KRAS):c.175G>A (p.Ala59Thr),"Jan 01, 1992",training,C:\Users\Wesley Capucho\Documents\IA dos números primos\data\raw\multigene\kras\kras_clinvar_training.tsv,GRCh38,12,25227349,25227349,na,na,25227349,C,T,121913528,True,12-25227349-C-T,,,,False,,False,,,,False,False,True,True,False,coordinate_ready_annotation_missing,False,,,,,,
KRAS,p.Arg167Thr,Likely benign,no assertion criteria provided,981552,NM_033360.4(KRAS):c.500G>C (p.Arg167Thr),-,training,C:\Users\Wesley Capucho\Documents\IA dos números primos\data\raw\multigene\kras\kras_clinvar_training.tsv,GRCh38,12,25215511,25215511,na,na,25215511,C,G,2141488979,True,12-25215511-C-G,,,,False,,False,,,,False,False,True,True,False,coordinate_ready_annotation_missing,False,,,,,,
KRAS,p.Arg68Gly,Likely pathogenic,"criteria provided, single submitter",2828010,NM_004985.5(KRAS):c.202A>G (p.Arg68Gly),"Jan 13, 2023",training,C:\Users\Wesley Capucho\Documents\IA dos números primos\data\raw\multigene\kras\kras_clinvar_training.tsv,GRCh38,12,25227322,25227322,na,na,25227322,T,C,2141509883,True,12-25227322-T-C,,,,False,,False,-0.408630201230269,urn:mavedb:00000115-a-9,binding fitness from KRAS-DARPin K55 bindingPCA of KRAS block2,True,True,True,True,False,coordinate_mavedb_complete_gnomad_missing,False,,,,,,
KRAS,p.Arg68Ser,Pathogenic,"criteria provided, single submitter",4698285,NM_004985.5(KRAS):c.204G>C (p.Arg68Ser),"Aug 18, 2025",training,C:\Users\Wesley Capucho\Documents\IA dos números primos\data\raw\multigene\kras\kras_clinvar_training.tsv,GRCh38,12,25227320,25227320,na,na,25227320,C,G,-1,True,12-25227320-C-G,,,,False,,False,-0.180262277766471,urn:mavedb:00000115-a-9,binding fitness from KRAS-DARPin K55 bindingPCA of KRAS block2,True,True,True,True,False,coordinate_mavedb_complete_gnomad_missing,False,,,,,,
KRAS,p.Arg68Trp,Likely pathogenic,"criteria provided, single submitter",3238829,NM_004985.5(KRAS):c.202A>T (p.Arg68Trp),"Dec 25, 2023",training,C:\Users\Wesley Capucho\Documents\IA dos números primos\data\raw\multigene\kras\kras_clinvar_training.tsv,GRCh38,12,25227322,25227322,na,na,25227322,T,A,2141509883,True,12-25227322-T-A,,,,False,,False,-0.624793665166335,urn:mavedb:00000115-a-9,binding fitness from KRAS-DARPin K55 bindingPCA of KRAS block2,True,True,True,True,False,coordinate_mavedb_complete_gnomad_missing,False,,,,,,
KRAS,p.Arg97Lys,Likely pathogenic,no assertion criteria provided,163761,NM_004985.5(KRAS):c.290G>A (p.Arg97Lys),"Aug 28, 2014",training,C:\Users\Wesley Capucho\Documents\IA dos números primos\data\raw\multigene\kras\kras_clinvar_training.tsv,GRCh38,12,25227234,25227234,na,na,25227234,C,T,727503106,True,12-25227234-C-T,,,,False,,False,-0.057799830529436,urn:mavedb:00000115-a-9,binding fitness from KRAS-DARPin K55 bindingPCA of KRAS block2,True,True,True,True,False,coordinate_mavedb_complete_gnomad_missing,False,,,,,,
KRAS,p.Asn116His,Pathogenic,"criteria provided, single submitter",1219824,NM_004985.5(KRAS):c.346A>C (p.Asn116His),"Apr 19, 2024",training,C:\Users\Wesley Capucho\Documents\IA dos números primos\data\raw\multigene\kras\kras_clinvar_training.tsv,GRCh38,12,25225718,25225718,na,na,25225718,T,G,2141506264,True,12-25225718-T-G,,,,False,,False,0.163616365707885,urn:mavedb:00000115-a-9,binding fitness from KRAS-DARPin K55 bindingPCA of KRAS block2,True,True,True,True,False,coordinate_mavedb_complete_gnomad_missing,False,,,,,,
KRAS,p.Asn116Ser,Likely pathogenic,"criteria provided, single submitter",156338,NM_033360.4(KRAS):c.347A>G (p.Asn116Ser),"Jan 24, 2024",training,C:\Users\Wesley Capucho\Documents\IA dos números primos\data\raw\multigene\kras\kras_clinvar_training.tsv,GRCh38,12,25225717,25225717,na,na,25225717,T,C,202247812,True,12-25225717-T-C,,,,False,,False,0.0892670968162302,urn:mavedb:00000115-a-9,binding fitness from KRAS-DARPin K55 bindingPCA of KRAS block2,True,True,True,True,False,coordinate_mavedb_complete_gnomad_missing,False,,,,,,
KRAS,p.Asp119Asn,Likely pathogenic,"criteria provided, multiple submitters, no conflicts",40460,NM_033360.4(KRAS):c.355G>A (p.Asp119Asn),"Sep 23, 2020",combined_external,C:\Users\Wesley Capucho\Documents\IA dos números primos\data\raw\multigene\kras\kras_combined_external.tsv,GRCh38,12,25225709,25225709,na,na,25225709,C,T,730880471,True,12-25225709-C-T,,,,False,,False,-0.0762603814262515,urn:mavedb:00000115-a-9,binding fitness from KRAS-DARPin K55 bindingPCA of KRAS block2,True,True,True,True,False,coordinate_mavedb_complete_gnomad_missing,True,query_error,,,,,HTTP Error 429: Too Many Requests
KRAS,p.Asp153Gly,Pathogenic/Likely pathogenic,"criteria provided, multiple submitters, no conflicts",40465,NM_004985.5(KRAS):c.458A>G (p.Asp153Gly),"Oct 01, 2020",combined_external,C:\Users\Wesley Capucho\Documents\IA dos números primos\data\raw\multigene\kras\kras_combined_external.tsv,GRCh38,12,25209904,25209904,na,na,25209904,T,C,104894360,True,12-25209904-T-C,,,,False,,False,,,,False,False,True,True,False,coordinate_ready_annotation_missing,True,query_error,,,,,HTTP Error 429: Too Many Requests
KRAS,p.Asp153Val,Pathogenic,reviewed by expert panel,12587,NM_004985.5(KRAS):c.458A>T (p.Asp153Val),"Dec 03, 2024",combined_external,C:\Users\Wesley Capucho\Documents\IA dos números primos\data\raw\multigene\kras\kras_combined_external.tsv,GRCh38,12,25209904,25209904,na,na,25209904,T,A,104894360,True,12-25209904-T-A,,,,False,,False,,,,False,False,True,True,False,coordinate_ready_annotation_missing,True,query_error,,,,,HTTP Error 429: Too Many Requests
KRAS,p.Asp154Gly,Likely pathogenic,"criteria provided, single submitter",981803,NM_004985.5(KRAS):c.461A>G (p.Asp154Gly),"Aug 01, 2020",training,C:\Users\Wesley Capucho\Documents\IA dos números primos\data\raw\multigene\kras\kras_clinvar_training.tsv,GRCh38,12,25209901,25209901,na,na,25209901,T,C,2141481712,True,12-25209901-T-C,,,,False,,False,,,,False,False,True,True,False,coordinate_ready_annotation_missing,False,,,,,,
KRAS,p.Gln22Arg,Pathogenic,reviewed by expert panel,40452,NM_004985.5(KRAS):c.65A>G (p.Gln22Arg),"Dec 03, 2024",combined_external,C:\Users\Wesley Capucho\Documents\IA dos números primos\data\raw\multigene\kras\kras_combined_external.tsv,GRCh38,12,25245320,25245320,na,na,25245320,T,C,727503110,True,12-25245320-T-C,,,,False,,False,,,,False,False,True,True,False,coordinate_ready_annotation_missing,True,query_error,,,,,HTTP Error 429: Too Many Requests
KRAS,p.Gln22Glu,Pathogenic,"criteria provided, single submitter",40451,NM_033360.4(KRAS):c.64C>G (p.Gln22Glu),"Jun 17, 2021",training,C:\Users\Wesley Capucho\Documents\IA dos números primos\data\raw\multigene\kras\kras_clinvar_training.tsv,GRCh38,12,25245321,25245321,na,na,25245321,G,C,121913236,True,12-25245321-G-C,,,,False,,False,,,,False,False,True,True,False,coordinate_ready_annotation_missing,False,,,,,,
KRAS,p.Gln22Leu,Likely pathogenic,"criteria provided, single submitter",40453,NM_033360.4(KRAS):c.65A>T (p.Gln22Leu),"Aug 14, 2025",training,C:\Users\Wesley Capucho\Documents\IA dos números primos\data\raw\multigene\kras\kras_clinvar_training.tsv,GRCh38,12,25245320,25245320,na,na,25245320,T,A,727503110,True,12-25245320-T-A,,,,False,,False,,,,False,False,True,True,False,coordinate_ready_annotation_missing,False,,,,,,
KRAS,p.Gln22Lys,Pathogenic/Likely pathogenic,"criteria provided, multiple submitters, no conflicts",376325,NM_033360.4(KRAS):c.64C>A (p.Gln22Lys),"Feb 16, 2025",combined_external,C:\Users\Wesley Capucho\Documents\IA dos números primos\data\raw\multigene\kras\kras_combined_external.tsv,GRCh38,12,25245321,25245321,na,na,25245321,G,T,121913236,True,12-25245321-G-T,,,,False,,False,,,,False,False,True,True,False,coordinate_ready_annotation_missing,True,query_error,,,,,HTTP Error 429: Too Many Requests
KRAS,p.Gln61Arg,Pathogenic,"criteria provided, single submitter",4279990,NM_004985.5(KRAS):c.182_183delinsGT (p.Gln61Arg),"Feb 26, 2025",training,C:\Users\Wesley Capucho\Documents\IA dos números primos\data\raw\multigene\kras\kras_clinvar_training.tsv,GRCh38,12,25227341,25227342,na,na,25227341,TT,AC,-1,True,12-25227341-TT-AC,,,,False,,False,,,,False,False,True,True,False,coordinate_ready_annotation_missing,False,,,,,,
KRAS,p.Gln61His,Pathogenic,"criteria provided, single submitter",45117,NM_004985.5(KRAS):c.183A>T (p.Gln61His),"Aug 12, 2024",training,C:\Users\Wesley Capucho\Documents\IA dos números primos\data\raw\multigene\kras\kras_clinvar_training.tsv,GRCh38,12,25227341,25227341,na,na,25227341,T,A,17851045,True,12-25227341-T-A,,,,False,,False,,,,False,False,True,True,False,coordinate_ready_annotation_missing,False,,,,,,
KRAS,p.Gln61Leu,Pathogenic,"criteria provided, single submitter",45116,NM_004985.5(KRAS):c.182A>T (p.Gln61Leu),"Nov 02, 2011",training,C:\Users\Wesley Capucho\Documents\IA dos números primos\data\raw\multigene\kras\kras_clinvar_training.tsv,GRCh38,12,25227342,25227342,na,na,25227342,T,A,121913240,True,12-25227342-T-A,,,,False,,False,,,,False,False,True,True,False,coordinate_ready_annotation_missing,False,,,,,,
KRAS,p.Gln61Lys,Pathogenic,"criteria provided, single submitter",177777,NM_004985.5(KRAS):c.181C>A (p.Gln61Lys),"Aug 28, 2014",training,C:\Users\Wesley Capucho\Documents\IA dos números primos\data\raw\multigene\kras\kras_clinvar_training.tsv,GRCh38,12,25227343,25227343,na,na,25227343,G,T,121913238,True,12-25227343-G-T,,,,False,,False,,,,False,False,True,True,False,coordinate_ready_annotation_missing,False,,,,,,
KRAS,p.Glu153Ala,Likely pathogenic,no assertion criteria provided,981551,NM_033360.4(KRAS):c.458A>C (p.Glu153Ala),-,training,C:\Users\Wesley Capucho\Documents\IA dos números primos\data\raw\multigene\kras\kras_clinvar_training.tsv,GRCh38,12,25215553,25215553,na,na,25215553,T,G,1592798693,True,12-25215553-T-G,,,,False,,False,,,,False,False,True,True,False,coordinate_ready_annotation_missing,False,,,,,,
KRAS,p.Gly12Ala,Pathogenic/Likely pathogenic,"criteria provided, multiple submitters, no conflicts",45122,NM_004985.5(KRAS):c.35G>C (p.Gly12Ala),"Oct 12, 2022",combined_external,C:\Users\Wesley Capucho\Documents\IA dos números primos\data\raw\multigene\kras\kras_combined_external.tsv,GRCh38,12,25245350,25245350,na,na,25245350,C,G,121913529,True,12-25245350-C-G,,,,False,,False,,,,False,False,True,True,False,coordinate_ready_annotation_missing,False,,,,,,
KRAS,p.Gly12Arg,Pathogenic/Likely pathogenic,"criteria provided, multiple submitters, no conflicts",12579,NM_004985.5(KRAS):c.34G>C (p.Gly12Arg),"Jul 04, 2022",combined_external,C:\Users\Wesley Capucho\Documents\IA dos números primos\data\raw\multigene\kras\kras_combined_external.tsv,GRCh38,12,25245351,25245351,na,na,25245351,C,G,121913530,True,12-25245351-C-G,,,,False,,False,,,,False,False,True,True,False,coordinate_ready_annotation_missing,False,,,,,,
KRAS,p.Gly12Asp,Pathogenic/Likely pathogenic,"criteria provided, multiple submitters, no conflicts",12582,NM_004985.5(KRAS):c.35G>A (p.Gly12Asp),"Apr 30, 2025",combined_external,C:\Users\Wesley Capucho\Documents\IA dos números primos\data\raw\multigene\kras\kras_combined_external.tsv,GRCh38,12,25245350,25245350,na,na,25245350,C,T,121913529,True,12-25245350-C-T,,,,False,,False,,,,False,False,True,True,False,coordinate_ready_annotation_missing,False,,,,,,
KRAS,p.Gly12Cys,Likely pathogenic,"criteria provided, single submitter",12578,NM_004985.5(KRAS):c.34G>T (p.Gly12Cys),"Feb 23, 2023",training,C:\Users\Wesley Capucho\Documents\IA dos números primos\data\raw\multigene\kras\kras_clinvar_training.tsv,GRCh38,12,25245351,25245351,na,na,25245351,C,A,121913530,True,12-25245351-C-A,,,,False,,False,,,,False,False,True,True,False,coordinate_ready_annotation_missing,False,,,,,,
KRAS,p.Gly12Ser,Pathogenic,"criteria provided, multiple submitters, no conflicts",12584,NM_004985.5(KRAS):c.34G>A (p.Gly12Ser),"Jan 13, 2025",combined_external,C:\Users\Wesley Capucho\Documents\IA dos números primos\data\raw\multigene\kras\kras_combined_external.tsv,GRCh38,12,25245351,25245351,na,na,25245351,C,T,121913530,True,12-25245351-C-T,,,,False,,False,,,,False,False,True,True,False,coordinate_ready_annotation_missing,False,,,,,,
KRAS,p.Gly12Val,Pathogenic,"criteria provided, multiple submitters, no conflicts",12583,NM_004985.5(KRAS):c.35G>T (p.Gly12Val),"Apr 03, 2025",combined_external,C:\Users\Wesley Capucho\Documents\IA dos números primos\data\raw\multigene\kras\kras_combined_external.tsv,GRCh38,12,25245350,25245350,na,na,25245350,C,A,121913529,True,12-25245350-C-A,,,,False,,False,,,,False,False,True,True,False,coordinate_ready_annotation_missing,False,,,,,,
KRAS,p.Gly13Arg,Pathogenic,"criteria provided, single submitter",1691382,NM_004985.5(KRAS):c.36_37delinsGC (p.Gly13Arg),"Dec 21, 2020",training,C:\Users\Wesley Capucho\Documents\IA dos números primos\data\raw\multigene\kras\kras_clinvar_training.tsv,GRCh38,12,25245348,25245349,na,na,25245348,CA,GC,2135806200,True,12-25245348-CA-GC,,,,False,,False,,,,False,False,True,True,False,coordinate_ready_annotation_missing,False,,,,,,
KRAS,p.Gly13Asp,Pathogenic,"criteria provided, multiple submitters, no conflicts",12580,NM_004985.5(KRAS):c.38G>A (p.Gly13Asp),"Nov 04, 2025",combined_external,C:\Users\Wesley Capucho\Documents\IA dos números primos\data\raw\multigene\kras\kras_combined_external.tsv,GRCh38,12,25245347,25245347,na,na,25245347,C,T,112445441,True,12-25245347-C-T,,,,False,,False,,,,False,False,True,True,False,coordinate_ready_annotation_missing,False,,,,,,
KRAS,p.Gly13Cys,Pathogenic/Likely pathogenic,"criteria provided, multiple submitters, no conflicts",45123,NM_004985.5(KRAS):c.37G>T (p.Gly13Cys),"Jan 03, 2023",combined_external,C:\Users\Wesley Capucho\Documents\IA dos números primos\data\raw\multigene\kras\kras_combined_external.tsv,GRCh38,12,25245348,25245348,na,na,25245348,C,A,121913535,True,12-25245348-C-A,,,,False,,False,,,,False,False,True,True,False,coordinate_ready_annotation_missing,False,,,,,,
KRAS,p.Gly13Val,Pathogenic,"criteria provided, single submitter",45124,NM_004985.5(KRAS):c.38G>T (p.Gly13Val),"Oct 13, 2011",training,C:\Users\Wesley Capucho\Documents\IA dos números primos\data\raw\multigene\kras\kras_clinvar_training.tsv,GRCh38,12,25245347,25245347,na,na,25245347,C,A,112445441,True,12-25245347-C-A,,,,False,,False,,,,False,False,True,True,False,coordinate_ready_annotation_missing,False,,,,,,
KRAS,p.Gly15Val,Likely pathogenic,"criteria provided, single submitter",452631,NM_033360.4(KRAS):c.44G>T (p.Gly15Val),"Oct 10, 2017",training,C:\Users\Wesley Capucho\Documents\IA dos números primos\data\raw\multigene\kras\kras_clinvar_training.tsv,GRCh38,12,25245341,25245341,na,na,25245341,C,A,1555195579,True,12-25245341-C-A,,,,False,,False,,,,False,False,True,True,False,coordinate_ready_annotation_missing,False,,,,,,
KRAS,p.Gly60Arg,Pathogenic,reviewed by expert panel,12586,NM_004985.5(KRAS):c.178G>C (p.Gly60Arg),"Apr 03, 2017",combined_external,C:\Users\Wesley Capucho\Documents\IA dos números primos\data\raw\multigene\kras\kras_combined_external.tsv,GRCh38,12,25227346,25227346,na,na,25227346,C,G,104894359,True,12-25227346-C-G,,,,False,,False,,,,False,False,True,True,False,coordinate_ready_annotation_missing,False,,,,,,
KRAS,p.Gly60Ser,Pathogenic,"criteria provided, multiple submitters, no conflicts",12597,NM_033360.4(KRAS):c.178G>A (p.Gly60Ser),"Mar 29, 2024",combined_external,C:\Users\Wesley Capucho\Documents\IA dos números primos\data\raw\multigene\kras\kras_combined_external.tsv,GRCh38,12,25227346,25227346,na,na,25227346,C,T,104894359,True,12-25227346-C-T,,,,False,,False,,,,False,False,True,True,False,coordinate_ready_annotation_missing,False,,,,,,
KRAS,p.Gly60Val,Pathogenic/Likely pathogenic,"criteria provided, multiple submitters, no conflicts",163766,NM_004985.5(KRAS):c.179G>T (p.Gly60Val),"Apr 29, 2025",combined_external,C:\Users\Wesley Capucho\Documents\IA dos números primos\data\raw\multigene\kras\kras_combined_external.tsv,GRCh38,12,25227345,25227345,na,na,25227345,C,A,727503108,True,12-25227345-C-A,,,,False,,False,,,,False,False,True,True,False,coordinate_ready_annotation_missing,False,,,,,,
KRAS,p.Gly77Cys,Likely pathogenic,"criteria provided, single submitter",1676497,NM_004985.5(KRAS):c.229G>T (p.Gly77Cys),"Mar 18, 2022",training,C:\Users\Wesley Capucho\Documents\IA dos números primos\data\raw\multigene\kras\kras_clinvar_training.tsv,GRCh38,12,25227295,25227295,na,na,25227295,C,A,2141509652,True,12-25227295-C-A,,,,False,,False,0.0244584883955978,urn:mavedb:00000115-a-9,binding fitness from KRAS-DARPin K55 bindingPCA of KRAS block2,True,True,True,True,False,coordinate_mavedb_complete_gnomad_missing,False,,,,,,
KRAS,p.Ile36Met,Pathogenic/Likely pathogenic,"criteria provided, multiple submitters, no conflicts",163768,NM_004985.5(KRAS):c.108A>G (p.Ile36Met),"Jul 09, 2025",combined_external,C:\Users\Wesley Capucho\Documents\IA dos números primos\data\raw\multigene\kras\kras_combined_external.tsv,GRCh38,12,25245277,25245277,na,na,25245277,T,C,727503109,True,12-25245277-T-C,,,,False,,False,,,,False,False,True,True,False,coordinate_ready_annotation_missing,False,,,,,,
KRAS,p.Leu19Phe,Pathogenic,"criteria provided, single submitter",217822,NM_004985.5(KRAS):c.57G>C (p.Leu19Phe),"Jan 18, 2023",training,C:\Users\Wesley Capucho\Documents\IA dos números primos\data\raw\multigene\kras\kras_clinvar_training.tsv,GRCh38,12,25245328,25245328,na,na,25245328,C,G,121913538,True,12-25245328-C-G,,,,False,,False,,,,False,False,True,True,False,coordinate_ready_annotation_missing,False,,,,,,
KRAS,p.Leu53Trp,Likely pathogenic,"criteria provided, single submitter",3775823,NM_004985.5(KRAS):c.158T>G (p.Leu53Trp),"Feb 26, 2025",training,C:\Users\Wesley Capucho\Documents\IA dos números primos\data\raw\multigene\kras\kras_clinvar_training.tsv,GRCh38,12,25227366,25227366,na,na,25227366,A,C,-1,True,12-25227366-A-C,,,,False,,False,,,,False,False,True,True,False,coordinate_ready_annotation_missing,False,,,,,,
KRAS,p.Lys117Arg,Likely pathogenic,"criteria provided, single submitter",4279977,NM_004985.5(KRAS):c.350A>G (p.Lys117Arg),"May 02, 2025",training,C:\Users\Wesley Capucho\Documents\IA dos números primos\data\raw\multigene\kras\kras_clinvar_training.tsv,GRCh38,12,25225714,25225714,na,na,25225714,T,C,-1,True,12-25225714-T-C,,,,False,,False,0.0222369965305198,urn:mavedb:00000115-a-9,binding fitness from KRAS-DARPin K55 bindingPCA of KRAS block2,True,True,True,True,False,coordinate_mavedb_complete_gnomad_missing,False,,,,,,
KRAS,p.Lys117Asn,Pathogenic,"criteria provided, multiple submitters, no conflicts",375965,NM_033360.4(KRAS):c.351A>C (p.Lys117Asn),"Jan 01, 2023",combined_external,C:\Users\Wesley Capucho\Documents\IA dos números primos\data\raw\multigene\kras\kras_combined_external.tsv,GRCh38,12,25225713,25225713,na,na,25225713,T,G,770248150,True,12-25225713-T-G,,,,False,,False,0.0739350293240881,urn:mavedb:00000115-a-9,binding fitness from KRAS-DARPin K55 bindingPCA of KRAS block2,True,True,True,True,False,coordinate_mavedb_complete_gnomad_missing,False,,,,,,
KRAS,p.Lys117Thr,Likely pathogenic,"criteria provided, single submitter",3224559,NM_004985.5(KRAS):c.350A>C (p.Lys117Thr),"Apr 03, 2017",training,C:\Users\Wesley Capucho\Documents\IA dos números primos\data\raw\multigene\kras\kras_clinvar_training.tsv,GRCh38,12,25225714,25225714,na,na,25225714,T,G,2141506236,True,12-25225714-T-G,,,,False,,False,0.0389557318644151,urn:mavedb:00000115-a-9,binding fitness from KRAS-DARPin K55 bindingPCA of KRAS block2,True,True,True,True,False,coordinate_mavedb_complete_gnomad_missing,False,,,,,,
KRAS,p.Lys147Arg,Pathogenic,"criteria provided, single submitter",431103,NM_033360.4(KRAS):c.440A>G (p.Lys147Arg),"Aug 01, 2017",training,C:\Users\Wesley Capucho\Documents\IA dos números primos\data\raw\multigene\kras\kras_clinvar_training.tsv,GRCh38,12,25225624,25225624,na,na,25225624,T,C,1135401776,True,12-25225624-T-C,,,,False,,False,,,,False,False,True,True,False,coordinate_ready_annotation_missing,False,,,,,,
KRAS,p.Lys147Asn,Likely pathogenic,"criteria provided, single submitter",2752227,NM_004985.5(KRAS):c.441G>T (p.Lys147Asn),"Jan 09, 2024",training,C:\Users\Wesley Capucho\Documents\IA dos números primos\data\raw\multigene\kras\kras_clinvar_training.tsv,GRCh38,12,25225623,25225623,na,na,25225623,C,A,2141505570,True,12-25225623-C-A,,,,False,,False,,,,False,False,True,True,False,coordinate_ready_annotation_missing,False,,,,,,
KRAS,p.Lys147Glu,Pathogenic/Likely pathogenic,"criteria provided, multiple submitters, no conflicts",31941,NM_033360.4(KRAS):c.439A>G (p.Lys147Glu),"Jul 23, 2024",combined_external,C:\Users\Wesley Capucho\Documents\IA dos números primos\data\raw\multigene\kras\kras_combined_external.tsv,GRCh38,12,25225625,25225625,na,na,25225625,T,C,387907206,True,12-25225625-T-C,,,,False,,False,,,,False,False,True,True,False,coordinate_ready_annotation_missing,False,,,,,,
KRAS,p.Lys147Met,Likely pathogenic,"criteria provided, single submitter",1803998,NM_004985.5(KRAS):c.440A>T (p.Lys147Met),"Feb 12, 2021",training,C:\Users\Wesley Capucho\Documents\IA dos números primos\data\raw\multigene\kras\kras_clinvar_training.tsv,GRCh38,12,25225624,25225624,na,na,25225624,T,A,1135401776,True,12-25225624-T-A,,,,False,,False,,,,False,False,True,True,False,coordinate_ready_annotation_missing,False,,,,,,
KRAS,p.Lys5Asn,Pathogenic,reviewed by expert panel,12594,NM_033360.4(KRAS):c.15A>T (p.Lys5Asn),"Dec 03, 2024",combined_external,C:\Users\Wesley Capucho\Documents\IA dos números primos\data\raw\multigene\kras\kras_combined_external.tsv,GRCh38,12,25245370,25245370,na,na,25245370,T,A,104894361,True,12-25245370-T-A,,,,False,,False,,,,False,False,True,True,False,coordinate_ready_annotation_missing,False,,,,,,
KRAS,p.Lys5Gln,Likely pathogenic,"criteria provided, single submitter",2010214,NM_004985.5(KRAS):c.13A>C (p.Lys5Gln),"Jun 24, 2022",training,C:\Users\Wesley Capucho\Documents\IA dos números primos\data\raw\multigene\kras\kras_clinvar_training.tsv,GRCh38,12,25245372,25245372,na,na,25245372,T,G,193929331,True,12-25245372-T-G,,,,False,,False,,,,False,False,True,True,False,coordinate_ready_annotation_missing,False,,,,,,
KRAS,p.Lys5Glu,Pathogenic/Likely pathogenic,"criteria provided, multiple submitters, no conflicts",12596,NM_004985.5(KRAS):c.13A>G (p.Lys5Glu),"Sep 24, 2025",combined_external,C:\Users\Wesley Capucho\Documents\IA dos números primos\data\raw\multigene\kras\kras_combined_external.tsv,GRCh38,12,25245372,25245372,na,na,25245372,T,C,193929331,True,12-25245372-T-C,,,,False,,False,,,,False,False,True,True,False,coordinate_ready_annotation_missing,False,,,,,,
KRAS,p.Met72Leu,Pathogenic/Likely pathogenic,"criteria provided, multiple submitters, no conflicts",179141,NM_004985.5(KRAS):c.214A>T (p.Met72Leu),"May 17, 2025",combined_external,C:\Users\Wesley Capucho\Documents\IA dos números primos\data\raw\multigene\kras\kras_combined_external.tsv,GRCh38,12,25227310,25227310,na,na,25227310,T,A,727504662,True,12-25227310-T-A,,,,False,,False,-0.565255303922565,urn:mavedb:00000115-a-9,binding fitness from KRAS-DARPin K55 bindingPCA of KRAS block2,True,True,True,True,False,coordinate_mavedb_complete_gnomad_missing,False,,,,,,
KRAS,p.Phe156Ile,Pathogenic,"criteria provided, multiple submitters, no conflicts",163758,NM_004985.5(KRAS):c.466T>A (p.Phe156Ile),"Oct 24, 2023",combined_external,C:\Users\Wesley Capucho\Documents\IA dos números primos\data\raw\multigene\kras\kras_combined_external.tsv,GRCh38,12,25209896,25209896,na,na,25209896,A,T,397517042,True,12-25209896-A-T,,,,False,,False,,,,False,False,True,True,False,coordinate_ready_annotation_missing,False,,,,,,
KRAS,p.Phe156Ser,Pathogenic,"criteria provided, single submitter",2716407,NM_004985.5(KRAS):c.467T>C (p.Phe156Ser),"Aug 30, 2024",training,C:\Users\Wesley Capucho\Documents\IA dos números primos\data\raw\multigene\kras\kras_clinvar_training.tsv,GRCh38,12,25209895,25209895,na,na,25209895,A,G,2548909825,True,12-25209895-A-G,,,,False,,False,,,,False,False,True,True,False,coordinate_ready_annotation_missing,False,,,,,,
KRAS,p.Phe156Val,Pathogenic/Likely pathogenic,"criteria provided, multiple submitters, no conflicts",45127,NM_004985.5(KRAS):c.466T>G (p.Phe156Val),"Aug 14, 2018",combined_external,C:\Users\Wesley Capucho\Documents\IA dos números primos\data\raw\multigene\kras\kras_combined_external.tsv,GRCh38,12,25209896,25209896,na,na,25209896,A,C,397517042,True,12-25209896-A-C,,,,False,,False,,,,False,False,True,True,False,coordinate_ready_annotation_missing,False,,,,,,
KRAS,p.Pro34Arg,Pathogenic/Likely pathogenic,"criteria provided, multiple submitters, no conflicts",12590,NM_004985.5(KRAS):c.101C>G (p.Pro34Arg),"Nov 25, 2024",combined_external,C:\Users\Wesley Capucho\Documents\IA dos números primos\data\raw\multigene\kras\kras_combined_external.tsv,GRCh38,12,25245284,25245284,na,na,25245284,G,C,104894366,True,12-25245284-G-C,,,,False,,False,,,,False,False,True,True,False,coordinate_ready_annotation_missing,False,,,,,,
KRAS,p.Pro34Gln,Likely pathogenic,"criteria provided, single submitter",2630513,NM_004985.5(KRAS):c.101C>A (p.Pro34Gln),"Feb 28, 2023",training,C:\Users\Wesley Capucho\Documents\IA dos números primos\data\raw\multigene\kras\kras_clinvar_training.tsv,GRCh38,12,25245284,25245284,na,na,25245284,G,T,104894366,True,12-25245284-G-T,,,,False,,False,,,,False,False,True,True,False,coordinate_ready_annotation_missing,False,,,,,,
KRAS,p.Pro34Leu,Pathogenic,reviewed by expert panel,40454,NM_004985.5(KRAS):c.101C>T (p.Pro34Leu),"Sep 17, 2024",combined_external,C:\Users\Wesley Capucho\Documents\IA dos números primos\data\raw\multigene\kras\kras_combined_external.tsv,GRCh38,12,25245284,25245284,na,na,25245284,G,A,104894366,True,12-25245284-G-A,,,,False,,False,,,,False,False,True,True,False,coordinate_ready_annotation_missing,False,,,,,,
KRAS,p.Ser65Ile,Likely pathogenic,reviewed by expert panel,438796,NM_033360.4(KRAS):c.194G>T (p.Ser65Ile),"May 18, 2020",combined_external,C:\Users\Wesley Capucho\Documents\IA dos números primos\data\raw\multigene\kras\kras_combined_external.tsv,GRCh38,12,25227330,25227330,na,na,25227330,C,A,1555194026,True,12-25227330-C-A,,,,False,,False,-0.136743505992062,urn:mavedb:00000115-a-9,binding fitness from KRAS-DARPin K55 bindingPCA of KRAS block2,True,True,True,True,False,coordinate_mavedb_complete_gnomad_missing,False,,,,,,
KRAS,p.Thr20Met,Likely pathogenic,"criteria provided, single submitter",4689816,NM_004985.5(KRAS):c.59C>T (p.Thr20Met),"Jul 30, 2025",training,C:\Users\Wesley Capucho\Documents\IA dos números primos\data\raw\multigene\kras\kras_clinvar_training.tsv,GRCh38,12,25245326,25245326,na,na,25245326,G,A,-1,True,12-25245326-G-A,,,,False,,False,,,,False,False,True,True,False,coordinate_ready_annotation_missing,False,,,,,,
KRAS,p.Thr50Pro,Likely pathogenic,"criteria provided, single submitter",2575733,NM_004985.5(KRAS):c.148A>C (p.Thr50Pro),"Feb 07, 2023",training,C:\Users\Wesley Capucho\Documents\IA dos números primos\data\raw\multigene\kras\kras_clinvar_training.tsv,GRCh38,12,25227376,25227376,na,na,25227376,T,G,730880470,True,12-25227376-T-G,,,,False,,False,,,,False,False,True,True,False,coordinate_ready_annotation_missing,False,,,,,,
KRAS,p.Thr58Ile,Pathogenic,reviewed by expert panel,12588,NM_004985.5(KRAS):c.173C>T (p.Thr58Ile),"Apr 03, 2017",combined_external,C:\Users\Wesley Capucho\Documents\IA dos números primos\data\raw\multigene\kras\kras_combined_external.tsv,GRCh38,12,25227351,25227351,na,na,25227351,G,A,104894364,True,12-25227351-G-A,,,,False,,False,,,,False,False,True,True,False,coordinate_ready_annotation_missing,False,,,,,,
KRAS,p.Thr74Ile,Likely pathogenic,no assertion criteria provided,981550,NM_004985.5(KRAS):c.221C>T (p.Thr74Ile),-,training,C:\Users\Wesley Capucho\Documents\IA dos números primos\data\raw\multigene\kras\kras_clinvar_training.tsv,GRCh38,12,25227303,25227303,na,na,25227303,G,A,1951405479,True,12-25227303-G-A,,,,False,,False,-0.055750967756666,urn:mavedb:00000115-a-9,binding fitness from KRAS-DARPin K55 bindingPCA of KRAS block2,True,True,True,True,False,coordinate_mavedb_complete_gnomad_missing,False,,,,,,
KRAS,p.Tyr71Asp,Likely pathogenic,"criteria provided, multiple submitters, no conflicts",228267,NM_004985.5(KRAS):c.211T>G (p.Tyr71Asp),"Mar 07, 2022",combined_external,C:\Users\Wesley Capucho\Documents\IA dos números primos\data\raw\multigene\kras\kras_combined_external.tsv,GRCh38,12,25227313,25227313,na,na,25227313,A,C,387907205,True,12-25227313-A-C,,,,False,,False,-0.834752000822388,urn:mavedb:00000115-a-9,binding fitness from KRAS-DARPin K55 bindingPCA of KRAS block2,True,True,True,True,False,coordinate_mavedb_complete_gnomad_missing,False,,,,,,
KRAS,p.Tyr71His,Pathogenic,no assertion criteria provided,31940,NM_033360.4(KRAS):c.211T>C (p.Tyr71His),"Jan 15, 2013",training,C:\Users\Wesley Capucho\Documents\IA dos números primos\data\raw\multigene\kras\kras_clinvar_training.tsv,GRCh38,12,25227313,25227313,na,na,25227313,A,G,387907205,True,12-25227313-A-G,,,,False,,False,-0.96938711709926,urn:mavedb:00000115-a-9,binding fitness from KRAS-DARPin K55 bindingPCA of KRAS block2,True,True,True,True,False,coordinate_mavedb_complete_gnomad_missing,False,,,,,,
KRAS,p.Val14Ile,Pathogenic,reviewed by expert panel,12589,NM_004985.5(KRAS):c.40G>A (p.Val14Ile),"Dec 03, 2024",combined_external,C:\Users\Wesley Capucho\Documents\IA dos números primos\data\raw\multigene\kras\kras_combined_external.tsv,GRCh38,12,25245345,25245345,na,na,25245345,C,T,104894365,True,12-25245345-C-T,,,,False,,False,,,,False,False,True,True,False,coordinate_ready_annotation_missing,False,,,,,,
KRAS,p.Val152Phe,Likely pathogenic,"criteria provided, single submitter",45126,NM_004985.5(KRAS):c.454G>T (p.Val152Phe),"May 03, 2011",training,C:\Users\Wesley Capucho\Documents\IA dos números primos\data\raw\multigene\kras\kras_clinvar_training.tsv,GRCh38,12,25209908,25209908,na,na,25209908,C,A,397517041,True,12-25209908-C-A,,,,False,,False,,,,False,False,True,True,False,coordinate_ready_annotation_missing,False,,,,,,
KRAS,p.Val7Glu,Likely pathogenic,"criteria provided, single submitter",2503842,NM_004985.5(KRAS):c.20T>A (p.Val7Glu),"Apr 03, 2023",training,C:\Users\Wesley Capucho\Documents\IA dos números primos\data\raw\multigene\kras\kras_clinvar_training.tsv,GRCh38,12,25245365,25245365,na,na,25245365,A,T,2135806346,True,12-25245365-A-T,,,,False,,False,,,,False,False,True,True,False,coordinate_ready_annotation_missing,False,,,,,,
MSH2,p.Ala120Ser,Likely benign,"criteria provided, single submitter",3913543,NM_000251.3(MSH2):c.358G>T (p.Ala120Ser),"Jun 05, 2025",training,C:\Users\Wesley Capucho\Documents\IA dos números primos\data\raw\multigene\msh2\msh2_clinvar_training.tsv,GRCh38,2,47408547,47408547,na,na,47408547,G,T,-1,True,2-47408547-G-T,,,,False,,False,-4.820755147462824,urn:mavedb:00000050-a-1,MSH2 LOF scores (HAP1),True,True,True,True,False,coordinate_mavedb_complete_gnomad_missing,False,,,,,,
MSH2,p.Ala14Pro,Likely benign,"criteria provided, single submitter",3874885,NM_000251.3(MSH2):c.40G>C (p.Ala14Pro),"Dec 16, 2024",training,C:\Users\Wesley Capucho\Documents\IA dos números primos\data\raw\multigene\msh2\msh2_clinvar_training.tsv,GRCh38,2,47403231,47403231,na,na,47403231,G,C,-1,True,2-47403231-G-C,,,,False,,False,-4.3782989209965,urn:mavedb:00000050-a-1,MSH2 LOF scores (HAP1),True,True,True,True,False,coordinate_mavedb_complete_gnomad_missing,False,,,,,,
MSH2,p.Ala154Pro,Likely benign,"criteria provided, single submitter",1741885,NM_000251.3(MSH2):c.460G>C (p.Ala154Pro),"Sep 13, 2022",training,C:\Users\Wesley Capucho\Documents\IA dos números primos\data\raw\multigene\msh2\msh2_clinvar_training.tsv,GRCh38,2,47410187,47410187,na,na,47410187,G,C,759712763,True,2-47410187-G-C,,,,False,,False,-3.2155359135246786,urn:mavedb:00000050-a-1,MSH2 LOF scores (HAP1),True,True,True,True,False,coordinate_mavedb_complete_gnomad_missing,False,,,,,,
MSH2,p.Ala15Pro,Likely benign,"criteria provided, single submitter",3874883,NM_000251.3(MSH2):c.43G>C (p.Ala15Pro),"Dec 12, 2024",training,C:\Users\Wesley Capucho\Documents\IA dos números primos\data\raw\multigene\msh2\msh2_clinvar_training.tsv,GRCh38,2,47403234,47403234,na,na,47403234,G,C,-1,True,2-47403234-G-C,,,,False,,False,-3.2556864212964864,urn:mavedb:00000050-a-1,MSH2 LOF scores (HAP1),True,True,True,True,False,coordinate_mavedb_complete_gnomad_missing,False,,,,,,
MSH2,p.Ala189Val,Likely benign,"criteria provided, single submitter",1748949,NM_000251.3(MSH2):c.566C>T (p.Ala189Val),"Jan 18, 2022",training,C:\Users\Wesley Capucho\Documents\IA dos números primos\data\raw\multigene\msh2\msh2_clinvar_training.tsv,GRCh38,2,47410293,47410293,na,na,47410293,C,T,141021599,True,2-47410293-C-T,,,,False,,False,-2.9440512753729084,urn:mavedb:00000050-a-1,MSH2 LOF scores (HAP1),True,True,True,True,False,coordinate_mavedb_complete_gnomad_missing,False,,,,,,
MSH2,p.Ala207Val,Likely benign,"criteria provided, multiple submitters, no conflicts",1417674,NM_000251.3(MSH2):c.620C>T (p.Ala207Val),"Aug 23, 2024",combined_external,C:\Users\Wesley Capucho\Documents\IA dos números primos\data\raw\multigene\msh2\msh2_combined_external.tsv,GRCh38,2,47410347,47410347,na,na,47410347,C,T,781178004,True,2-47410347-C-T,,,,False,,False,-3.6093164885614497,urn:mavedb:00000050-a-1,MSH2 LOF scores (HAP1),True,True,True,True,False,coordinate_mavedb_complete_gnomad_missing,True,query_error,,,,,HTTP Error 429: Too Many Requests
MSH2,p.Ala256Gly,Benign,"criteria provided, single submitter",4799755,NM_000251.3(MSH2):c.767C>G (p.Ala256Gly),"Dec 28, 2025",training,C:\Users\Wesley Capucho\Documents\IA dos números primos\data\raw\multigene\msh2\msh2_clinvar_training.tsv,GRCh38,2,47412535,47412535,na,na,47412535,C,G,-1,True,2-47412535-C-G,,,,False,,False,-3.8500569804909057,urn:mavedb:00000050-a-1,MSH2 LOF scores (HAP1),True,True,True,True,False,coordinate_mavedb_complete_gnomad_missing,False,,,,,,
MSH2,p.Ala272Val,Benign,reviewed by expert panel,41651,NM_000251.3(MSH2):c.815C>T (p.Ala272Val),"Oct 18, 2018",combined_external,C:\Users\Wesley Capucho\Documents\IA dos números primos\data\raw\multigene\msh2\msh2_combined_external.tsv,GRCh38,2,47414291,47414291,na,na,47414291,C,T,34136999,True,2-47414291-C-T,,,,False,,False,-4.273823301854933,urn:mavedb:00000050-a-1,MSH2 LOF scores (HAP1),True,True,True,True,False,coordinate_mavedb_complete_gnomad_missing,True,query_error,,,,,HTTP Error 429: Too Many Requests
MSH2,p.Ala2Thr,Likely benign,reviewed by expert panel,41650,NM_000251.3(MSH2):c.4G>A (p.Ala2Thr),"Jun 13, 2018",combined_external,C:\Users\Wesley Capucho\Documents\IA dos números primos\data\raw\multigene\msh2\msh2_combined_external.tsv,GRCh38,2,47403195,47403195,na,na,47403195,G,A,63750466,True,2-47403195-G-A,,,,False,,False,-4.112632714273351,urn:mavedb:00000050-a-1,MSH2 LOF scores (HAP1),True,True,True,True,False,coordinate_mavedb_complete_gnomad_missing,True,query_error,,,,,HTTP Error 429: Too Many Requests
MSH2,p.Ala327Ser,Likely benign,"criteria provided, single submitter",4652438,NM_000251.3(MSH2):c.979G>T (p.Ala327Ser),"Sep 24, 2025",training,C:\Users\Wesley Capucho\Documents\IA dos números primos\data\raw\multigene\msh2\msh2_clinvar_training.tsv,GRCh38,2,47416332,47416332,na,na,47416332,G,T,-1,True,2-47416332-G-T,,,,False,,False,-3.8104908309003473,urn:mavedb:00000050-a-1,MSH2 LOF scores (HAP1),True,True,True,True,False,coordinate_mavedb_complete_gnomad_missing,False,,,,,,
MSH2,p.Ala328Ser,Likely benign,"criteria provided, multiple submitters, no conflicts",455631,NM_000251.3(MSH2):c.982G>T (p.Ala328Ser),"Aug 09, 2022",combined_external,C:\Users\Wesley Capucho\Documents\IA dos números primos\data\raw\multigene\msh2\msh2_combined_external.tsv,GRCh38,2,47416335,47416335,na,na,47416335,G,T,753237286,True,2-47416335-G-T,,,,False,,False,-5.244990412548106,urn:mavedb:00000050-a-1,MSH2 LOF scores (HAP1),True,True,True,True,False,coordinate_mavedb_complete_gnomad_missing,True,query_error,,,,,HTTP Error 429: Too Many Requests
MSH2,p.Ala328Val,Likely benign,"criteria provided, multiple submitters, no conflicts",823501,NM_000251.3(MSH2):c.983C>T (p.Ala328Val),"Oct 27, 2025",combined_external,C:\Users\Wesley Capucho\Documents\IA dos números primos\data\raw\multigene\msh2\msh2_combined_external.tsv,GRCh38,2,47416336,47416336,na,na,47416336,C,T,780602406,True,2-47416336-C-T,,,,False,,False,-4.4236184624661865,urn:mavedb:00000050-a-1,MSH2 LOF scores (HAP1),True,True,True,True,False,coordinate_mavedb_complete_gnomad_missing,True,query_error,,,,,HTTP Error 429: Too Many Requests
MSH2,p.Ala391Gly,Likely benign,"criteria provided, single submitter",2567745,NM_000251.3(MSH2):c.1172C>G (p.Ala391Gly),"Mar 27, 2023",training,C:\Users\Wesley Capucho\Documents\IA dos números primos\data\raw\multigene\msh2\msh2_clinvar_training.tsv,GRCh38,2,47429837,47429837,na,na,47429837,C,G,864622674,True,2-47429837-C-G,,,,False,,False,-4.489096836956671,urn:mavedb:00000050-a-1,MSH2 LOF scores (HAP1),True,True,True,True,False,coordinate_mavedb_complete_gnomad_missing,False,,,,,,
MSH2,p.Ala398Gly,Likely benign,"criteria provided, single submitter",4652783,NM_000251.3(MSH2):c.1193C>G (p.Ala398Gly),"Dec 01, 2025",training,C:\Users\Wesley Capucho\Documents\IA dos números primos\data\raw\multigene\msh2\msh2_clinvar_training.tsv,GRCh38,2,47429858,47429858,na,na,47429858,C,G,-1,True,2-47429858-C-G,,,,False,,False,-2.1821503541011937,urn:mavedb:00000050-a-1,MSH2 LOF scores (HAP1),True,True,True,True,False,coordinate_mavedb_complete_gnomad_missing,False,,,,,,
MSH2,p.Ala420Thr,Likely benign,"criteria provided, single submitter",4652661,NM_000251.3(MSH2):c.1258G>A (p.Ala420Thr),"Nov 19, 2025",training,C:\Users\Wesley Capucho\Documents\IA dos números primos\data\raw\multigene\msh2\msh2_clinvar_training.tsv,GRCh38,2,47429923,47429923,na,na,47429923,G,A,-1,True,2-47429923-G-A,,,,False,,False,-3.35173169111082,urn:mavedb:00000050-a-1,MSH2 LOF scores (HAP1),True,True,True,True,False,coordinate_mavedb_complete_gnomad_missing,False,,,,,,
MSH2,p.Ala45Val,Benign/Likely benign,"criteria provided, multiple submitters, no conflicts",90634,NM_000251.3(MSH2):c.134C>T (p.Ala45Val),"Jul 22, 2025",combined_external,C:\Users\Wesley Capucho\Documents\IA dos números primos\data\raw\multigene\msh2\msh2_combined_external.tsv,GRCh38,2,47403325,47403325,na,na,47403325,C,T,63750285,True,2-47403325-C-T,,,,False,,False,-2.7453543779329266,urn:mavedb:00000050-a-1,MSH2 LOF scores (HAP1),True,True,True,True,False,coordinate_mavedb_complete_gnomad_missing,True,query_error,,,,,HTTP Error 429: Too Many Requests
MSH2,p.Ala573Val,Likely benign,"criteria provided, single submitter",819917,NM_000251.3(MSH2):c.1718C>T (p.Ala573Val),"Jul 02, 2025",training,C:\Users\Wesley Capucho\Documents\IA dos números primos\data\raw\multigene\msh2\msh2_clinvar_training.tsv,GRCh38,2,47471021,47471021,na,na,47471021,C,T,1573560525,True,2-47471021-C-T,,,,False,,False,-2.838236243502777,urn:mavedb:00000050-a-1,MSH2 LOF scores (HAP1),True,True,True,True,False,coordinate_mavedb_complete_gnomad_missing,False,,,,,,
MSH2,p.Ala576Pro,Likely benign,"criteria provided, single submitter",90762,NM_000251.3(MSH2):c.1726G>C (p.Ala576Pro),"Dec 06, 2022",training,C:\Users\Wesley Capucho\Documents\IA dos números primos\data\raw\multigene\msh2\msh2_clinvar_training.tsv,GRCh38,2,47471029,47471029,na,na,47471029,G,C,587779107,True,2-47471029-G-C,,,,False,,False,0.2334102379426183,urn:mavedb:00000050-a-1,MSH2 LOF scores (HAP1),True,True,True,True,False,coordinate_mavedb_complete_gnomad_missing,False,,,,,,
MSH2,p.Ala600Asp,Likely pathogenic,"criteria provided, single submitter",1780308,NM_000251.3(MSH2):c.1799C>A (p.Ala600Asp),"Apr 12, 2021",training,C:\Users\Wesley Capucho\Documents\IA dos números primos\data\raw\multigene\msh2\msh2_clinvar_training.tsv,GRCh38,2,47475064,47475064,na,na,47475064,C,A,63751236,True,2-47475064-C-A,,,,False,,False,2.517549802894476,urn:mavedb:00000050-a-1,MSH2 LOF scores (HAP1),True,True,True,True,False,coordinate_mavedb_complete_gnomad_missing,False,,,,,,
MSH2,p.Ala600Thr,Likely benign,"criteria provided, single submitter",651698,NM_000251.3(MSH2):c.1798G>A (p.Ala600Thr),"May 15, 2024",training,C:\Users\Wesley Capucho\Documents\IA dos números primos\data\raw\multigene\msh2\msh2_clinvar_training.tsv,GRCh38,2,47475063,47475063,na,na,47475063,G,A,587778526,True,2-47475063-G-A,,,,False,,False,0.3813743623585281,urn:mavedb:00000050-a-1,MSH2 LOF scores (HAP1),True,True,True,True,False,coordinate_mavedb_complete_gnomad_missing,False,,,,,,
MSH2,p.Ala600Val,Likely pathogenic,"criteria provided, multiple submitters, no conflicts",90789,NM_000251.3(MSH2):c.1799C>T (p.Ala600Val),"Oct 29, 2025",combined_external,C:\Users\Wesley Capucho\Documents\IA dos números primos\data\raw\multigene\msh2\msh2_combined_external.tsv,GRCh38,2,47475064,47475064,na,na,47475064,C,T,63751236,True,2-47475064-C-T,,,,False,,False,1.16167402781924,urn:mavedb:00000050-a-1,MSH2 LOF scores (HAP1),True,True,True,True,False,coordinate_mavedb_complete_gnomad_missing,True,query_error,,,,,HTTP Error 429: Too Many Requests
MSH2,p.Ala604Asp,Pathogenic/Likely pathogenic,"criteria provided, multiple submitters, no conflicts",2673297,NM_000251.3(MSH2):c.1811C>A (p.Ala604Asp),"Aug 19, 2025",combined_external,C:\Users\Wesley Capucho\Documents\IA dos números primos\data\raw\multigene\msh2\msh2_combined_external.tsv,GRCh38,2,47475076,47475076,na,na,47475076,C,A,2104338716,True,2-47475076-C-A,,,,False,,False,2.875962109293666,urn:mavedb:00000050-a-1,MSH2 LOF scores (HAP1),True,True,True,True,False,coordinate_mavedb_complete_gnomad_missing,True,query_error,,,,,HTTP Error 429: Too Many Requests
MSH2,p.Ala623Gly,Benign,"criteria provided, single submitter",3913563,NM_000251.3(MSH2):c.1868C>G (p.Ala623Gly),"May 14, 2025",training,C:\Users\Wesley Capucho\Documents\IA dos números primos\data\raw\multigene\msh2\msh2_clinvar_training.tsv,GRCh38,2,47475133,47475133,na,na,47475133,C,G,-1,True,2-47475133-C-G,,,,False,,False,-4.549891017731093,urn:mavedb:00000050-a-1,MSH2 LOF scores (HAP1),True,True,True,True,False,coordinate_mavedb_complete_gnomad_missing,False,,,,,,
MSH2,p.Ala636Pro,Pathogenic,reviewed by expert panel,1764,NM_000251.3(MSH2):c.1906G>C (p.Ala636Pro),"Sep 05, 2013",combined_external,C:\Users\Wesley Capucho\Documents\IA dos números primos\data\raw\multigene\msh2\msh2_combined_external.tsv,GRCh38,2,47475171,47475171,na,na,47475171,G,C,63750875,True,2-47475171-G-C,,,,False,,False,2.8906310241114106,urn:mavedb:00000050-a-1,MSH2 LOF scores (HAP1),True,True,True,True,False,coordinate_mavedb_complete_gnomad_missing,False,,,,,,
MSH2,p.Ala636Thr,Benign,"criteria provided, single submitter",2447350,NM_000251.3(MSH2):c.1906G>A (p.Ala636Thr),"Nov 10, 2022",training,C:\Users\Wesley Capucho\Documents\IA dos números primos\data\raw\multigene\msh2\msh2_clinvar_training.tsv,GRCh38,2,47475171,47475171,na,na,47475171,G,A,63750875,True,2-47475171-G-A,,,,False,,False,-6.2453384272256285,urn:mavedb:00000050-a-1,MSH2 LOF scores (HAP1),True,True,True,True,False,coordinate_mavedb_complete_gnomad_missing,False,,,,,,
MSH2,p.Ala640Ser,Benign/Likely benign,"criteria provided, multiple submitters, no conflicts",569189,NM_000251.3(MSH2):c.1918G>T (p.Ala640Ser),"Nov 18, 2025",combined_external,C:\Users\Wesley Capucho\Documents\IA dos números primos\data\raw\multigene\msh2\msh2_combined_external.tsv,GRCh38,2,47475183,47475183,na,na,47475183,G,T,531276135,True,2-47475183-G-T,,,,False,,False,-3.1976757720014195,urn:mavedb:00000050-a-1,MSH2 LOF scores (HAP1),True,True,True,True,False,coordinate_mavedb_complete_gnomad_missing,False,,,,,,
MSH2,p.Ala689Pro,Likely pathogenic,"criteria provided, multiple submitters, no conflicts",428497,NM_000251.3(MSH2):c.2065G>C (p.Ala689Pro),"Aug 07, 2023",combined_external,C:\Users\Wesley Capucho\Documents\IA dos números primos\data\raw\multigene\msh2\msh2_combined_external.tsv,GRCh38,2,47476426,47476426,na,na,47476426,G,C,914610419,True,2-47476426-G-C,,,,False,,False,2.525317445547061,urn:mavedb:00000050-a-1,MSH2 LOF scores (HAP1),True,True,True,True,False,coordinate_mavedb_complete_gnomad_missing,False,,,,,,
MSH2,p.Ala700Glu,Pathogenic/Likely pathogenic,"criteria provided, multiple submitters, no conflicts",229885,NM_000251.3(MSH2):c.2099C>A (p.Ala700Glu),"Apr 24, 2024",combined_external,C:\Users\Wesley Capucho\Documents\IA dos números primos\data\raw\multigene\msh2\msh2_combined_external.tsv,GRCh38,2,47476460,47476460,na,na,47476460,C,A,876658251,True,2-47476460-C-A,,,,False,,False,1.917234839235913,urn:mavedb:00000050-a-1,MSH2 LOF scores (HAP1),True,True,True,True,False,coordinate_mavedb_complete_gnomad_missing,False,,,,,,
MSH2,p.Ala763Pro,Pathogenic/Likely pathogenic,"criteria provided, multiple submitters, no conflicts",1685955,NM_000251.3(MSH2):c.2287G>C (p.Ala763Pro),"Aug 08, 2023",combined_external,C:\Users\Wesley Capucho\Documents\IA dos números primos\data\raw\multigene\msh2\msh2_combined_external.tsv,GRCh38,2,47478348,47478348,na,na,47478348,G,C,1318630651,True,2-47478348-G-C,,,,False,,False,1.8778452038416609,urn:mavedb:00000050-a-1,MSH2 LOF scores (HAP1),True,True,True,True,False,coordinate_mavedb_complete_gnomad_missing,False,,,,,,
MSH2,p.Ala834Thr,Likely benign,reviewed by expert panel,90986,NM_000251.3(MSH2):c.2500G>A (p.Ala834Thr),"Sep 05, 2013",combined_external,C:\Users\Wesley Capucho\Documents\IA dos números primos\data\raw\multigene\msh2\msh2_combined_external.tsv,GRCh38,2,47480737,47480737,na,na,47480737,G,A,63750757,True,2-47480737-G-A,,,,False,,False,-5.697547506166806,urn:mavedb:00000050-a-1,MSH2 LOF scores (HAP1),True,True,True,True,False,coordinate_mavedb_complete_gnomad_missing,False,,,,,,
MSH2,p.Ala870Glu,Likely benign,"criteria provided, single submitter",3874879,NM_000251.3(MSH2):c.2609C>A (p.Ala870Glu),"Dec 13, 2024",training,C:\Users\Wesley Capucho\Documents\IA dos números primos\data\raw\multigene\msh2\msh2_clinvar_training.tsv,GRCh38,2,47480846,47480846,na,na,47480846,C,A,-1,True,2-47480846-C-A,,,,False,,False,-4.6852178417770025,urn:mavedb:00000050-a-1,MSH2 LOF scores (HAP1),True,True,True,True,False,coordinate_mavedb_complete_gnomad_missing,False,,,,,,
MSH2,p.Ala917Pro,Likely benign,"criteria provided, single submitter",4799780,NM_000251.3(MSH2):c.2749G>C (p.Ala917Pro),"Jun 29, 2025",training,C:\Users\Wesley Capucho\Documents\IA dos números primos\data\raw\multigene\msh2\msh2_clinvar_training.tsv,GRCh38,2,47482893,47482893,na,na,47482893,G,C,-1,True,2-47482893-G-C,,,,False,,False,-3.1491806643574964,urn:mavedb:00000050-a-1,MSH2 LOF scores (HAP1),True,True,True,True,False,coordinate_mavedb_complete_gnomad_missing,False,,,,,,
MSH2,p.Ala917Val,Benign,"criteria provided, single submitter",4771574,NM_000251.3(MSH2):c.2750C>T (p.Ala917Val),"Dec 03, 2025",training,C:\Users\Wesley Capucho\Documents\IA dos números primos\data\raw\multigene\msh2\msh2_clinvar_training.tsv,GRCh38,2,47482894,47482894,na,na,47482894,C,T,-1,True,2-47482894-C-T,,,,False,,False,-3.0410030991589503,urn:mavedb:00000050-a-1,MSH2 LOF scores (HAP1),True,True,True,True,False,coordinate_mavedb_complete_gnomad_missing,False,,,,,,
MSH2,p.Arg106Gly,Likely benign,"criteria provided, single submitter",1728407,NM_000251.3(MSH2):c.316A>G (p.Arg106Gly),"Jul 06, 2021",training,C:\Users\Wesley Capucho\Documents\IA dos números primos\data\raw\multigene\msh2\msh2_clinvar_training.tsv,GRCh38,2,47408505,47408505,na,na,47408505,A,G,1363957627,True,2-47408505-A-G,,,,False,,False,-4.351397190435562,urn:mavedb:00000050-a-1,MSH2 LOF scores (HAP1),True,True,True,True,False,coordinate_mavedb_complete_gnomad_missing,False,,,,,,
MSH2,p.Arg106Lys,Benign,reviewed by expert panel,91062,NM_000251.3(MSH2):c.317G>A (p.Arg106Lys),"Sep 05, 2013",combined_external,C:\Users\Wesley Capucho\Documents\IA dos números primos\data\raw\multigene\msh2\msh2_combined_external.tsv,GRCh38,2,47408506,47408506,na,na,47408506,G,A,41295286,True,2-47408506-G-A,,,,False,,False,,urn:mavedb:00000050-a-1,MSH2 LOF scores (HAP1),False,False,True,True,False,coordinate_ready_annotation_missing,False,,,,,,
MSH2,p.Arg21Gly,Likely benign,"criteria provided, single submitter",2453494,NM_000251.3(MSH2):c.61C>G (p.Arg21Gly),"Feb 08, 2023",training,C:\Users\Wesley Capucho\Documents\IA dos números primos\data\raw\multigene\msh2\msh2_clinvar_training.tsv,GRCh38,2,47403252,47403252,na,na,47403252,C,G,774708147,True,2-47403252-C-G,,,,False,,False,-2.3740160476484875,urn:mavedb:00000050-a-1,MSH2 LOF scores (HAP1),True,True,True,True,False,coordinate_mavedb_complete_gnomad_missing,False,,,,,,
MSH2,p.Arg227Ile,Likely benign,"criteria provided, single submitter",2496585,NM_000251.3(MSH2):c.680G>T (p.Arg227Ile),"Nov 03, 2022",training,C:\Users\Wesley Capucho\Documents\IA dos números primos\data\raw\multigene\msh2\msh2_clinvar_training.tsv,GRCh38,2,47412448,47412448,na,na,47412448,G,T,2465748633,True,2-47412448-G-T,,,,False,,False,-5.344831410756727,urn:mavedb:00000050-a-1,MSH2 LOF scores (HAP1),True,True,True,True,False,coordinate_mavedb_complete_gnomad_missing,False,,,,,,
MSH2,p.Arg308Gly,Likely benign,"criteria provided, single submitter",3230860,NM_000251.3(MSH2):c.922A>G (p.Arg308Gly),"Mar 06, 2024",training,C:\Users\Wesley Capucho\Documents\IA dos números primos\data\raw\multigene\msh2\msh2_clinvar_training.tsv,GRCh38,2,47414398,47414398,na,na,47414398,A,G,2104179445,True,2-47414398-A-G,,,,False,,False,-4.618557319013138,urn:mavedb:00000050-a-1,MSH2 LOF scores (HAP1),True,True,True,True,False,coordinate_mavedb_complete_gnomad_missing,False,,,,,,
MSH2,p.Arg355Lys,Likely benign,"criteria provided, single submitter",1781308,NM_000251.3(MSH2):c.1064G>A (p.Arg355Lys),"Jan 04, 2022",training,C:\Users\Wesley Capucho\Documents\IA dos números primos\data\raw\multigene\msh2\msh2_clinvar_training.tsv,GRCh38,2,47416417,47416417,na,na,47416417,G,A,730881754,True,2-47416417-G-A,,,,False,,False,-5.2136840764099,urn:mavedb:00000050-a-1,MSH2 LOF scores (HAP1),True,True,True,True,False,coordinate_mavedb_complete_gnomad_missing,False,,,,,,
MSH2,p.Arg355Ser,Likely benign,"criteria provided, single submitter",3874888,NM_000251.3(MSH2):c.1065A>C (p.Arg355Ser),"Dec 23, 2024",training,C:\Users\Wesley Capucho\Documents\IA dos números primos\data\raw\multigene\msh2\msh2_clinvar_training.tsv,GRCh38,2,47416418,47416418,na,na,47416418,A,C,-1,True,2-47416418-A-C,,,,False,,False,-3.983145715968239,urn:mavedb:00000050-a-1,MSH2 LOF scores (HAP1),True,True,True,True,False,coordinate_mavedb_complete_gnomad_missing,False,,,,,,
MSH2,p.Arg359Gly,Likely pathogenic,"criteria provided, multiple submitters, no conflicts",1784640,NM_000251.3(MSH2):c.1075A>G (p.Arg359Gly),"Jul 31, 2023",combined_external,C:\Users\Wesley Capucho\Documents\IA dos números primos\data\raw\multigene\msh2\msh2_combined_external.tsv,GRCh38,2,47416428,47416428,na,na,47416428,A,G,587779070,True,2-47416428-A-G,,,,False,,False,2.7985372475857115,urn:mavedb:00000050-a-1,MSH2 LOF scores (HAP1),True,True,True,True,False,coordinate_mavedb_complete_gnomad_missing,False,,,,,,
MSH2,p.Arg359Ile,Likely pathogenic,"criteria provided, multiple submitters, no conflicts",1066604,NM_000251.3(MSH2):c.1076G>T (p.Arg359Ile),"Aug 08, 2023",combined_external,C:\Users\Wesley Capucho\Documents\IA dos números primos\data\raw\multigene\msh2\msh2_combined_external.tsv,GRCh38,2,47416429,47416429,na,na,47416429,G,T,63751604,True,2-47416429-G-T,,,,False,,False,2.653250135650276,urn:mavedb:00000050-a-1,MSH2 LOF scores (HAP1),True,True,True,True,False,coordinate_mavedb_complete_gnomad_missing,False,,,,,,
MSH2,p.Arg359Ser,Pathogenic,reviewed by expert panel,90539,NM_000251.3(MSH2):c.1077A>T (p.Arg359Ser),"Sep 05, 2013",combined_external,C:\Users\Wesley Capucho\Documents\IA dos números primos\data\raw\multigene\msh2\msh2_combined_external.tsv,GRCh38,2,47429742,47429742,na,na,47429742,A,T,63751617,True,2-47429742-A-T,,,,False,,False,2.490303156883716,urn:mavedb:00000050-a-1,MSH2 LOF scores (HAP1),True,True,True,True,False,coordinate_mavedb_complete_gnomad_missing,False,,,,,,
MSH2,p.Arg359Thr,Pathogenic/Likely pathogenic,"criteria provided, multiple submitters, no conflicts",142767,NM_000251.3(MSH2):c.1076G>C (p.Arg359Thr),"Feb 21, 2025",combined_external,C:\Users\Wesley Capucho\Documents\IA dos números primos\data\raw\multigene\msh2\msh2_combined_external.tsv,GRCh38,2,47416429,47416429,na,na,47416429,G,C,63751604,True,2-47416429-G-C,,,,False,,False,2.303293722434217,urn:mavedb:00000050-a-1,MSH2 LOF scores (HAP1),True,True,True,True,False,coordinate_mavedb_complete_gnomad_missing,False,,,,,,
MSH2,p.Arg35Leu,Likely benign,"criteria provided, single submitter",1061189,NM_000251.3(MSH2):c.104G>T (p.Arg35Leu),"Aug 07, 2024",training,C:\Users\Wesley Capucho\Documents\IA dos números primos\data\raw\multigene\msh2\msh2_clinvar_training.tsv,GRCh38,2,47403295,47403295,na,na,47403295,G,T,1060502012,True,2-47403295-G-T,,,,False,,False,-4.803815164362727,urn:mavedb:00000050-a-1,MSH2 LOF scores (HAP1),True,True,True,True,False,coordinate_mavedb_complete_gnomad_missing,False,,,,,,
MSH2,p.Arg396Lys,Likely benign,"criteria provided, single submitter",2587532,NM_000251.3(MSH2):c.1187G>A (p.Arg396Lys),"Aug 15, 2023",training,C:\Users\Wesley Capucho\Documents\IA dos números primos\data\raw\multigene\msh2\msh2_clinvar_training.tsv,GRCh38,2,47429852,47429852,na,na,47429852,G,A,1447862897,True,2-47429852-G-A,,,,False,,False,-3.271041727570516,urn:mavedb:00000050-a-1,MSH2 LOF scores (HAP1),True,True,True,True,False,coordinate_mavedb_complete_gnomad_missing,False,,,,,,
MSH2,p.Arg396Thr,Likely benign,"criteria provided, single submitter",2802720,NM_000251.3(MSH2):c.1187G>C (p.Arg396Thr),"Oct 23, 2023",training,C:\Users\Wesley Capucho\Documents\IA dos números primos\data\raw\multigene\msh2\msh2_clinvar_training.tsv,GRCh38,2,47429852,47429852,na,na,47429852,G,C,1447862897,True,2-47429852-G-C,,,,False,,False,-3.7854843958677225,urn:mavedb:00000050-a-1,MSH2 LOF scores (HAP1),True,True,True,True,False,coordinate_mavedb_complete_gnomad_missing,False,,,,,,
MSH2,p.Arg524Pro,Likely pathogenic,reviewed by expert panel,1759,NM_000251.3(MSH2):c.1571G>C (p.Arg524Pro),"Jun 21, 2019",combined_external,C:\Users\Wesley Capucho\Documents\IA dos números primos\data\raw\multigene\msh2\msh2_combined_external.tsv,GRCh38,2,47466718,47466718,na,na,47466718,G,C,63751207,True,2-47466718-G-C,,,,False,,False,3.3340120034685428,urn:mavedb:00000050-a-1,MSH2 LOF scores (HAP1),True,True,True,True,False,coordinate_mavedb_complete_gnomad_missing,False,,,,,,
MSH2,p.Arg55Gln,Likely benign,reviewed by expert panel,220448,NM_000251.3(MSH2):c.164G>A (p.Arg55Gln),"Dec 19, 2018",combined_external,C:\Users\Wesley Capucho\Documents\IA dos números primos\data\raw\multigene\msh2\msh2_combined_external.tsv,GRCh38,2,47403355,47403355,na,na,47403355,G,A,748196422,True,2-47403355-G-A,,,,False,,False,-3.609641313043752,urn:mavedb:00000050-a-1,MSH2 LOF scores (HAP1),True,True,True,True,False,coordinate_mavedb_complete_gnomad_missing,False,,,,,,
MSH2,p.Arg621Leu,Pathogenic/Likely pathogenic,"criteria provided, multiple submitters, no conflicts",218040,NM_000251.3(MSH2):c.1862G>T (p.Arg621Leu),"Nov 20, 2025",combined_external,C:\Users\Wesley Capucho\Documents\IA dos números primos\data\raw\multigene\msh2\msh2_combined_external.tsv,GRCh38,2,47475127,47475127,na,na,47475127,G,T,759263820,True,2-47475127-G-T,,,,False,,False,0.4169722994178493,urn:mavedb:00000050-a-1,MSH2 LOF scores (HAP1),True,True,True,True,False,coordinate_mavedb_complete_gnomad_missing,False,,,,,,
MSH2,p.Arg631Ile,Benign,"criteria provided, single submitter",960608,NM_000251.3(MSH2):c.1892G>T (p.Arg631Ile),"Feb 03, 2025",training,C:\Users\Wesley Capucho\Documents\IA dos números primos\data\raw\multigene\msh2\msh2_clinvar_training.tsv,GRCh38,2,47475157,47475157,na,na,47475157,G,T,1361816581,True,2-47475157-G-T,,,,False,,False,-5.142432347389153,urn:mavedb:00000050-a-1,MSH2 LOF scores (HAP1),True,True,True,True,False,coordinate_mavedb_complete_gnomad_missing,False,,,,,,
MSH2,p.Arg680Pro,Pathogenic/Likely pathogenic,"criteria provided, multiple submitters, no conflicts",483690,NM_000251.3(MSH2):c.2039G>C (p.Arg680Pro),"Apr 10, 2024",combined_external,C:\Users\Wesley Capucho\Documents\IA dos números primos\data\raw\multigene\msh2\msh2_combined_external.tsv,GRCh38,2,47476400,47476400,na,na,47476400,G,C,1203462814,True,2-47476400-G-C,,,,False,,False,2.4486585464886828,urn:mavedb:00000050-a-1,MSH2 LOF scores (HAP1),True,True,True,True,False,coordinate_mavedb_complete_gnomad_missing,False,,,,,,
MSH2,p.Arg711Pro,Pathogenic/Likely pathogenic,"criteria provided, multiple submitters, no conflicts",820781,NM_000251.3(MSH2):c.2132G>C (p.Arg711Pro),"Oct 20, 2025",combined_external,C:\Users\Wesley Capucho\Documents\IA dos números primos\data\raw\multigene\msh2\msh2_combined_external.tsv,GRCh38,2,47476493,47476493,na,na,47476493,G,C,138465383,True,2-47476493-G-C,,,,False,,False,2.1735768618816627,urn:mavedb:00000050-a-1,MSH2 LOF scores (HAP1),True,True,True,True,False,coordinate_mavedb_complete_gnomad_missing,False,,,,,,
MSH2,p.Arg737Lys,Likely pathogenic,"criteria provided, single submitter",1503460,NM_000251.3(MSH2):c.2210G>A (p.Arg737Lys),"Apr 11, 2021",training,C:\Users\Wesley Capucho\Documents\IA dos números primos\data\raw\multigene\msh2\msh2_clinvar_training.tsv,GRCh38,2,47476571,47476571,na,na,47476571,G,A,267607997,True,2-47476571-G-A,,,,False,,False,-5.08563819070965,urn:mavedb:00000050-a-1,MSH2 LOF scores (HAP1),True,True,True,True,False,coordinate_mavedb_complete_gnomad_missing,False,,,,,,
MSH2,p.Arg929Gly,Likely benign,"criteria provided, single submitter",3913559,NM_000251.3(MSH2):c.2785C>G (p.Arg929Gly),"Apr 23, 2025",training,C:\Users\Wesley Capucho\Documents\IA dos números primos\data\raw\multigene\msh2\msh2_clinvar_training.tsv,GRCh38,2,47482929,47482929,na,na,47482929,C,G,-1,True,2-47482929-C-G,,,,False,,False,-2.442137156211966,urn:mavedb:00000050-a-1,MSH2 LOF scores (HAP1),True,True,True,True,False,coordinate_mavedb_complete_gnomad_missing,False,,,,,,
MSH2,p.Arg96His,Likely benign,reviewed by expert panel,91053,NM_000251.3(MSH2):c.287G>A (p.Arg96His),"Sep 05, 2013",combined_external,C:\Users\Wesley Capucho\Documents\IA dos números primos\data\raw\multigene\msh2\msh2_combined_external.tsv,GRCh38,2,47408476,47408476,na,na,47408476,G,A,63750002,True,2-47408476-G-A,,,,False,,False,-3.1528531568719407,urn:mavedb:00000050-a-1,MSH2 LOF scores (HAP1),True,True,True,True,False,coordinate_mavedb_complete_gnomad_missing,False,,,,,,
MSH2,p.Arg99Ile,Likely benign,"criteria provided, single submitter",1798272,NM_000251.3(MSH2):c.296G>T (p.Arg99Ile),"Mar 29, 2022",training,C:\Users\Wesley Capucho\Documents\IA dos números primos\data\raw\multigene\msh2\msh2_clinvar_training.tsv,GRCh38,2,47408485,47408485,na,na,47408485,G,T,1553350175,True,2-47408485-G-T,,,,False,,False,-2.634568659116728,urn:mavedb:00000050-a-1,MSH2 LOF scores (HAP1),True,True,True,True,False,coordinate_mavedb_complete_gnomad_missing,False,,,,,,
MSH2,p.Asn109Asp,Likely benign,"criteria provided, multiple submitters, no conflicts",1729503,NM_000251.3(MSH2):c.325A>G (p.Asn109Asp),"May 06, 2025",combined_external,C:\Users\Wesley Capucho\Documents\IA dos números primos\data\raw\multigene\msh2\msh2_combined_external.tsv,GRCh38,2,47408514,47408514,na,na,47408514,A,G,780496649,True,2-47408514-A-G,,,,False,,False,-2.0981321411224743,urn:mavedb:00000050-a-1,MSH2 LOF scores (HAP1),True,True,True,True,False,coordinate_mavedb_complete_gnomad_missing,False,,,,,,
MSH2,p.Asn109His,Likely benign,"criteria provided, single submitter",4111014,NM_000251.3(MSH2):c.325A>C (p.Asn109His),"Jul 22, 2025",training,C:\Users\Wesley Capucho\Documents\IA dos números primos\data\raw\multigene\msh2\msh2_clinvar_training.tsv,GRCh38,2,47408514,47408514,na,na,47408514,A,C,-1,True,2-47408514-A-C,,,,False,,False,-4.464856412727401,urn:mavedb:00000050-a-1,MSH2 LOF scores (HAP1),True,True,True,True,False,coordinate_mavedb_complete_gnomad_missing,False,,,,,,
MSH2,p.Asn115Lys,Benign/Likely benign,"criteria provided, multiple submitters, no conflicts",1731638,NM_000251.3(MSH2):c.345T>G (p.Asn115Lys),"Apr 17, 2025",combined_external,C:\Users\Wesley Capucho\Documents\IA dos números primos\data\raw\multigene\msh2\msh2_combined_external.tsv,GRCh38,2,47408534,47408534,na,na,47408534,T,G,770536851,True,2-47408534-T-G,,,,False,,False,-4.200120448588772,urn:mavedb:00000050-a-1,MSH2 LOF scores (HAP1),True,True,True,True,False,coordinate_mavedb_complete_gnomad_missing,False,,,,,,
MSH2,p.Asn115Ser,Likely benign,"criteria provided, single submitter",4111038,NM_000251.3(MSH2):c.344A>G (p.Asn115Ser),"Jul 21, 2025",training,C:\Users\Wesley Capucho\Documents\IA dos números primos\data\raw\multigene\msh2\msh2_clinvar_training.tsv,GRCh38,2,47408533,47408533,na,na,47408533,A,G,-1,True,2-47408533-A-G,,,,False,,False,-2.74417481025533,urn:mavedb:00000050-a-1,MSH2 LOF scores (HAP1),True,True,True,True,False,coordinate_mavedb_complete_gnomad_missing,False,,,,,,
MSH2,p.Asn127Ser,Benign,reviewed by expert panel,36577,NM_000251.3(MSH2):c.380A>G (p.Asn127Ser),"Sep 05, 2013",combined_external,C:\Users\Wesley Capucho\Documents\IA dos números primos\data\raw\multigene\msh2\msh2_combined_external.tsv,GRCh38,2,47410107,47410107,na,na,47410107,A,G,17217772,True,2-47410107-A-G,,,,False,,False,-3.1160014500346387,urn:mavedb:00000050-a-1,MSH2 LOF scores (HAP1),True,True,True,True,False,coordinate_mavedb_complete_gnomad_missing,False,,,,,,
MSH2,p.Asn311Asp,Likely benign,"criteria provided, single submitter",3398638,NM_000251.3(MSH2):c.931A>G (p.Asn311Asp),"Nov 19, 2024",training,C:\Users\Wesley Capucho\Documents\IA dos números primos\data\raw\multigene\msh2\msh2_clinvar_training.tsv,GRCh38,2,47414407,47414407,na,na,47414407,A,G,-1,True,2-47414407-A-G,,,,False,,False,-2.665595941135959,urn:mavedb:00000050-a-1,MSH2 LOF scores (HAP1),True,True,True,True,False,coordinate_mavedb_complete_gnomad_missing,False,,,,,,
MSH2,p.Asn311Lys,Likely benign,"criteria provided, single submitter",3633390,NM_000251.3(MSH2):c.933C>G (p.Asn311Lys),"Jan 13, 2025",training,C:\Users\Wesley Capucho\Documents\IA dos números primos\data\raw\multigene\msh2\msh2_clinvar_training.tsv,GRCh38,2,47414409,47414409,na,na,47414409,C,G,-1,True,2-47414409-C-G,,,,False,,False,-0.351003467610576,urn:mavedb:00000050-a-1,MSH2 LOF scores (HAP1),True,True,True,True,False,coordinate_mavedb_complete_gnomad_missing,False,,,,,,
MSH2,p.Asn361His,Likely benign,"criteria provided, single submitter",3913579,NM_000251.3(MSH2):c.1081A>C (p.Asn361His),"May 27, 2025",training,C:\Users\Wesley Capucho\Documents\IA dos números primos\data\raw\multigene\msh2\msh2_clinvar_training.tsv,GRCh38,2,47429746,47429746,na,na,47429746,A,C,-1,True,2-47429746-A-C,,,,False,,False,-3.1214709295052385,urn:mavedb:00000050-a-1,MSH2 LOF scores (HAP1),True,True,True,True,False,coordinate_mavedb_complete_gnomad_missing,False,,,,,,
MSH2,p.Asn400His,Likely benign,"criteria provided, single submitter",1746476,NM_000251.3(MSH2):c.1198A>C (p.Asn400His),"May 19, 2023",training,C:\Users\Wesley Capucho\Documents\IA dos números primos\data\raw\multigene\msh2\msh2_clinvar_training.tsv,GRCh38,2,47429863,47429863,na,na,47429863,A,C,2104440786,True,2-47429863-A-C,,,,False,,False,-3.2914263332902296,urn:mavedb:00000050-a-1,MSH2 LOF scores (HAP1),True,True,True,True,False,coordinate_mavedb_complete_gnomad_missing,False,,,,,,
MSH2,p.Asn412His,Likely benign,"criteria provided, single submitter",1756350,NM_000251.3(MSH2):c.1234A>C (p.Asn412His),"Jul 08, 2022",training,C:\Users\Wesley Capucho\Documents\IA dos números primos\data\raw\multigene\msh2\msh2_clinvar_training.tsv,GRCh38,2,47429899,47429899,na,na,47429899,A,C,2104442450,True,2-47429899-A-C,,,,False,,False,-3.533868533753473,urn:mavedb:00000050-a-1,MSH2 LOF scores (HAP1),True,True,True,True,False,coordinate_mavedb_complete_gnomad_missing,False,,,,,,
MSH2,p.Asn560Asp,Likely benign,"criteria provided, single submitter",1777832,NM_000251.3(MSH2):c.1678A>G (p.Asn560Asp),"Jun 27, 2022",training,C:\Users\Wesley Capucho\Documents\IA dos números primos\data\raw\multigene\msh2\msh2_clinvar_training.tsv,GRCh38,2,47470981,47470981,na,na,47470981,A,G,2528828897,True,2-47470981-A-G,,,,False,,False,-2.636045881594314,urn:mavedb:00000050-a-1,MSH2 LOF scores (HAP1),True,True,True,True,False,coordinate_mavedb_complete_gnomad_missing,False,,,,,,
MSH2,p.Asn583Thr,Likely benign,"criteria provided, multiple submitters, no conflicts",90764,NM_000251.3(MSH2):c.1748A>C (p.Asn583Thr),"Sep 14, 2023",combined_external,C:\Users\Wesley Capucho\Documents\IA dos números primos\data\raw\multigene\msh2\msh2_combined_external.tsv,GRCh38,2,47471051,47471051,na,na,47471051,A,C,201118107,True,2-47471051-A-C,,,,False,,False,-2.7445499046570694,urn:mavedb:00000050-a-1,MSH2 LOF scores (HAP1),True,True,True,True,False,coordinate_mavedb_complete_gnomad_missing,False,,,,,,
MSH2,p.Asn653Ser,Likely benign,"criteria provided, single submitter",3398633,NM_000251.3(MSH2):c.1958A>G (p.Asn653Ser),"Oct 28, 2024",training,C:\Users\Wesley Capucho\Documents\IA dos números primos\data\raw\multigene\msh2\msh2_clinvar_training.tsv,GRCh38,2,47475223,47475223,na,na,47475223,A,G,-1,True,2-47475223-A-G,,,,False,,False,-4.550479993685888,urn:mavedb:00000050-a-1,MSH2 LOF scores (HAP1),True,True,True,True,False,coordinate_mavedb_complete_gnomad_missing,False,,,,,,
MSH2,p.Asn671Ile,Pathogenic/Likely pathogenic,"criteria provided, multiple submitters, no conflicts",1784432,NM_000251.3(MSH2):c.2012A>T (p.Asn671Ile),"Sep 12, 2025",combined_external,C:\Users\Wesley Capucho\Documents\IA dos números primos\data\raw\multigene\msh2\msh2_combined_external.tsv,GRCh38,2,47476373,47476373,na,na,47476373,A,T,1558519505,True,2-47476373-A-T,,,,False,,False,2.628298065298286,urn:mavedb:00000050-a-1,MSH2 LOF scores (HAP1),True,True,True,True,False,coordinate_mavedb_complete_gnomad_missing,False,,,,,,
MSH2,p.Asn671Tyr,Likely pathogenic,"criteria provided, multiple submitters, no conflicts",1784426,NM_000251.3(MSH2):c.2011A>T (p.Asn671Tyr),"Aug 07, 2023",combined_external,C:\Users\Wesley Capucho\Documents\IA dos números primos\data\raw\multigene\msh2\msh2_combined_external.tsv,GRCh38,2,47476372,47476372,na,na,47476372,A,T,63751232,True,2-47476372-A-T,,,,False,,False,3.114278482772028,urn:mavedb:00000050-a-1,MSH2 LOF scores (HAP1),True,True,True,True,False,coordinate_mavedb_complete_gnomad_missing,False,,,,,,
MSH2,p.Asn798Lys,Likely benign,"criteria provided, multiple submitters, no conflicts",936706,NM_000251.3(MSH2):c.2394T>G (p.Asn798Lys),"Dec 06, 2022",combined_external,C:\Users\Wesley Capucho\Documents\IA dos números primos\data\raw\multigene\msh2\msh2_combined_external.tsv,GRCh38,2,47478455,47478455,na,na,47478455,T,G,750498919,True,2-47478455-T-G,,,,False,,False,-4.187262309911948,urn:mavedb:00000050-a-1,MSH2 LOF scores (HAP1),True,True,True,True,False,coordinate_mavedb_complete_gnomad_missing,False,,,,,,
MSH2,p.Asn903Asp,Benign,"criteria provided, single submitter",3230842,NM_000251.3(MSH2):c.2707A>G (p.Asn903Asp),"Nov 13, 2023",training,C:\Users\Wesley Capucho\Documents\IA dos números primos\data\raw\multigene\msh2\msh2_clinvar_training.tsv,GRCh38,2,47482851,47482851,na,na,47482851,A,G,748318462,True,2-47482851-A-G,,,,False,,False,-4.823673186752809,urn:mavedb:00000050-a-1,MSH2 LOF scores (HAP1),True,True,True,True,False,coordinate_mavedb_complete_gnomad_missing,False,,,,,,
MSH2,p.Asn903Lys,Likely benign,"criteria provided, single submitter",2587533,NM_000251.3(MSH2):c.2709C>G (p.Asn903Lys),"Aug 16, 2023",training,C:\Users\Wesley Capucho\Documents\IA dos números primos\data\raw\multigene\msh2\msh2_clinvar_training.tsv,GRCh38,2,47482853,47482853,na,na,47482853,C,G,2104461042,True,2-47482853-C-G,,,,False,,False,-2.482863566102078,urn:mavedb:00000050-a-1,MSH2 LOF scores (HAP1),True,True,True,True,False,coordinate_mavedb_complete_gnomad_missing,False,,,,,,
MSH2,p.Asp133His,Likely benign,"criteria provided, single submitter",3398603,NM_000251.3(MSH2):c.397G>C (p.Asp133His),"Aug 13, 2024",training,C:\Users\Wesley Capucho\Documents\IA dos números primos\data\raw\multigene\msh2\msh2_clinvar_training.tsv,GRCh38,2,47410124,47410124,na,na,47410124,G,C,-1,True,2-47410124-G-C,,,,False,,False,-2.3401841964017938,urn:mavedb:00000050-a-1,MSH2 LOF scores (HAP1),True,True,True,True,False,coordinate_mavedb_complete_gnomad_missing,False,,,,,,
MSH2,p.Asp167His,Benign,reviewed by expert panel,91112,NM_000251.3(MSH2):c.499G>C (p.Asp167His),"Jun 13, 2018",combined_external,C:\Users\Wesley Capucho\Documents\IA dos números primos\data\raw\multigene\msh2\msh2_combined_external.tsv,GRCh38,2,47410226,47410226,na,na,47410226,G,C,63750255,True,2-47410226-G-C,,,,False,,False,-1.9114427274612515,urn:mavedb:00000050-a-1,MSH2 LOF scores (HAP1),True,True,True,True,False,coordinate_mavedb_complete_gnomad_missing,False,,,,,,
MSH2,p.Asp283Tyr,Likely benign,"criteria provided, multiple submitters, no conflicts",2447341,NM_000251.3(MSH2):c.847G>T (p.Asp283Tyr),"May 12, 2023",combined_external,C:\Users\Wesley Capucho\Documents\IA dos números primos\data\raw\multigene\msh2\msh2_combined_external.tsv,GRCh38,2,47414323,47414323,na,na,47414323,G,T,63750381,True,2-47414323-G-T,,,,False,,False,-5.431843481549469,urn:mavedb:00000050-a-1,MSH2 LOF scores (HAP1),True,True,True,True,False,coordinate_mavedb_complete_gnomad_missing,False,,,,,,
MSH2,p.Asp283Val,Benign/Likely benign,"criteria provided, multiple submitters, no conflicts",455620,NM_000251.3(MSH2):c.848A>T (p.Asp283Val),"Jun 23, 2025",combined_external,C:\Users\Wesley Capucho\Documents\IA dos números primos\data\raw\multigene\msh2\msh2_combined_external.tsv,GRCh38,2,47414324,47414324,na,na,47414324,A,T,770643326,True,2-47414324-A-T,,,,False,,False,-5.461290326076254,urn:mavedb:00000050-a-1,MSH2 LOF scores (HAP1),True,True,True,True,False,coordinate_mavedb_complete_gnomad_missing,False,,,,,,
MSH2,p.Asp295Ala,Likely benign,"criteria provided, single submitter",1764866,NM_000251.3(MSH2):c.884A>C (p.Asp295Ala),"May 23, 2022",training,C:\Users\Wesley Capucho\Documents\IA dos números primos\data\raw\multigene\msh2\msh2_clinvar_training.tsv,GRCh38,2,47414360,47414360,na,na,47414360,A,C,2104175310,True,2-47414360-A-C,,,,False,,False,-2.2855294420186003,urn:mavedb:00000050-a-1,MSH2 LOF scores (HAP1),True,True,True,True,False,coordinate_mavedb_complete_gnomad_missing,False,,,,,,
MSH2,p.Asp403Glu,Likely benign,"criteria provided, single submitter",3230806,NM_000251.3(MSH2):c.1209T>G (p.Asp403Glu),"Oct 05, 2023",training,C:\Users\Wesley Capucho\Documents\IA dos números primos\data\raw\multigene\msh2\msh2_clinvar_training.tsv,GRCh38,2,47429874,47429874,na,na,47429874,T,G,1060504420,True,2-47429874-T-G,,,,False,,False,-3.529200404807132,urn:mavedb:00000050-a-1,MSH2 LOF scores (HAP1),True,True,True,True,False,coordinate_mavedb_complete_gnomad_missing,False,,,,,,
MSH2,p.Asp446His,Likely benign,"criteria provided, single submitter",1770251,NM_000251.3(MSH2):c.1336G>C (p.Asp446His),"Mar 11, 2022",training,C:\Users\Wesley Capucho\Documents\IA dos números primos\data\raw\multigene\msh2\msh2_clinvar_training.tsv,GRCh38,2,47445607,47445607,na,na,47445607,G,C,1675070779,True,2-47445607-G-C,,,,False,,False,-2.0311544775231014,urn:mavedb:00000050-a-1,MSH2 LOF scores (HAP1),True,True,True,True,False,coordinate_mavedb_complete_gnomad_missing,False,,,,,,
MSH2,p.Asp487Gly,Likely benign,"criteria provided, single submitter",1773149,NM_000251.3(MSH2):c.1460A>G (p.Asp487Gly),"Apr 04, 2022",training,C:\Users\Wesley Capucho\Documents\IA dos números primos\data\raw\multigene\msh2\msh2_clinvar_training.tsv,GRCh38,2,47463104,47463104,na,na,47463104,A,G,2104089801,True,2-47463104-A-G,,,,False,,False,-3.5673728451352216,urn:mavedb:00000050-a-1,MSH2 LOF scores (HAP1),True,True,True,True,False,coordinate_mavedb_complete_gnomad_missing,False,,,,,,
MSH2,p.Asp514Asn,Likely benign,"criteria provided, single submitter",1774845,NM_000251.3(MSH2):c.1540G>A (p.Asp514Asn),"Apr 27, 2024",training,C:\Users\Wesley Capucho\Documents\IA dos números primos\data\raw\multigene\msh2\msh2_clinvar_training.tsv,GRCh38,2,47466687,47466687,na,na,47466687,G,A,2104173474,True,2-47466687-G-A,,,,False,,False,-3.1420448886239094,urn:mavedb:00000050-a-1,MSH2 LOF scores (HAP1),True,True,True,True,False,coordinate_mavedb_complete_gnomad_missing,False,,,,,,
MSH2,p.Asp543Ala,Likely benign,"criteria provided, single submitter",2587528,NM_000251.3(MSH2):c.1628A>C (p.Asp543Ala),"Jul 25, 2023",training,C:\Users\Wesley Capucho\Documents\IA dos números primos\data\raw\multigene\msh2\msh2_clinvar_training.tsv,GRCh38,2,47466775,47466775,na,na,47466775,A,C,2104182818,True,2-47466775-A-C,,,,False,,False,-3.791051644151663,urn:mavedb:00000050-a-1,MSH2 LOF scores (HAP1),True,True,True,True,False,coordinate_mavedb_complete_gnomad_missing,False,,,,,,
MSH2,p.Asp597Glu,Likely benign,"criteria provided, single submitter",3913542,NM_000251.3(MSH2):c.1791T>A (p.Asp597Glu),"May 30, 2025",training,C:\Users\Wesley Capucho\Documents\IA dos números primos\data\raw\multigene\msh2\msh2_clinvar_training.tsv,GRCh38,2,47475056,47475056,na,na,47475056,T,A,-1,True,2-47475056-T-A,,,,False,,False,-5.562943309493494,urn:mavedb:00000050-a-1,MSH2 LOF scores (HAP1),True,True,True,True,False,coordinate_mavedb_complete_gnomad_missing,False,,,,,,
MSH2,p.Asp603Gly,Likely pathogenic,reviewed by expert panel,90791,NM_000251.3(MSH2):c.1808A>G (p.Asp603Gly),"Jun 21, 2019",combined_external,C:\Users\Wesley Capucho\Documents\IA dos números primos\data\raw\multigene\msh2\msh2_combined_external.tsv,GRCh38,2,47475073,47475073,na,na,47475073,A,G,267607985,True,2-47475073-A-G,,,,False,,False,0.0408330973199939,urn:mavedb:00000050-a-1,MSH2 LOF scores (HAP1),True,True,True,True,False,coordinate_mavedb_complete_gnomad_missing,False,,,,,,
MSH2,p.Asp603Tyr,Likely pathogenic,"criteria provided, multiple submitters, no conflicts",1780503,NM_000251.3(MSH2):c.1807G>T (p.Asp603Tyr),"Mar 21, 2023",combined_external,C:\Users\Wesley Capucho\Documents\IA dos números primos\data\raw\multigene\msh2\msh2_combined_external.tsv,GRCh38,2,47475072,47475072,na,na,47475072,G,T,63750657,True,2-47475072-G-T,,,,False,,False,2.446898814062642,urn:mavedb:00000050-a-1,MSH2 LOF scores (HAP1),True,True,True,True,False,coordinate_mavedb_complete_gnomad_missing,False,,,,,,
MSH2,p.Asp603Val,Pathogenic/Likely pathogenic,"criteria provided, multiple submitters, no conflicts",480909,NM_000251.3(MSH2):c.1808A>T (p.Asp603Val),"Jul 16, 2024",combined_external,C:\Users\Wesley Capucho\Documents\IA dos números primos\data\raw\multigene\msh2\msh2_combined_external.tsv,GRCh38,2,47475073,47475073,na,na,47475073,A,T,267607985,True,2-47475073-A-T,,,,False,,False,2.9992597989669187,urn:mavedb:00000050-a-1,MSH2 LOF scores (HAP1),True,True,True,True,False,coordinate_mavedb_complete_gnomad_missing,False,,,,,,
MSH2,p.Asp654Asn,Likely benign,"criteria provided, single submitter",1783429,NM_000251.3(MSH2):c.1960G>A (p.Asp654Asn),"Jul 19, 2022",training,C:\Users\Wesley Capucho\Documents\IA dos números primos\data\raw\multigene\msh2\msh2_clinvar_training.tsv,GRCh38,2,47475225,47475225,na,na,47475225,G,A,2104348259,True,2-47475225-G-A,,,,False,,False,-6.209263812217957,urn:mavedb:00000050-a-1,MSH2 LOF scores (HAP1),True,True,True,True,False,coordinate_mavedb_complete_gnomad_missing,False,,,,,,
MSH2,p.Asp660Gly,Likely pathogenic,reviewed by expert panel,427603,NM_000251.3(MSH2):c.1979A>G (p.Asp660Gly),"Jun 21, 2019",combined_external,C:\Users\Wesley Capucho\Documents\IA dos números primos\data\raw\multigene\msh2\msh2_combined_external.tsv,GRCh38,2,47475244,47475244,na,na,47475244,A,G,1085308057,True,2-47475244-A-G,,,,False,,False,-4.013163924512172,urn:mavedb:00000050-a-1,MSH2 LOF scores (HAP1),True,True,True,True,False,coordinate_mavedb_complete_gnomad_missing,False,,,,,,
MSH2,p.Asp748His,Likely pathogenic,"criteria provided, multiple submitters, no conflicts",237385,NM_000251.3(MSH2):c.2242G>C (p.Asp748His),"Jan 19, 2026",combined_external,C:\Users\Wesley Capucho\Documents\IA dos números primos\data\raw\multigene\msh2\msh2_combined_external.tsv,GRCh38,2,47478303,47478303,na,na,47478303,G,C,267608007,True,2-47478303-G-C,,,,False,,False,2.002767045313517,urn:mavedb:00000050-a-1,MSH2 LOF scores (HAP1),True,True,True,True,False,coordinate_mavedb_complete_gnomad_missing,False,,,,,,
MSH2,p.Asp748Tyr,Likely pathogenic,"criteria provided, single submitter",1788302,NM_000251.3(MSH2):c.2242G>T (p.Asp748Tyr),"Aug 26, 2021",training,C:\Users\Wesley Capucho\Documents\IA dos números primos\data\raw\multigene\msh2\msh2_clinvar_training.tsv,GRCh38,2,47478303,47478303,na,na,47478303,G,T,267608007,True,2-47478303-G-T,,,,False,,False,2.5764302900154026,urn:mavedb:00000050-a-1,MSH2 LOF scores (HAP1),True,True,True,True,False,coordinate_mavedb_complete_gnomad_missing,False,,,,,,
MSH2,p.Asp864Tyr,Likely benign,"criteria provided, single submitter",483714,NM_000251.3(MSH2):c.2590G>T (p.Asp864Tyr),"Jul 10, 2024",training,C:\Users\Wesley Capucho\Documents\IA dos números primos\data\raw\multigene\msh2\msh2_clinvar_training.tsv,GRCh38,2,47480827,47480827,na,na,47480827,G,T,1553370439,True,2-47480827-G-T,,,,False,,False,-5.281008708459481,urn:mavedb:00000050-a-1,MSH2 LOF scores (HAP1),True,True,True,True,False,coordinate_mavedb_complete_gnomad_missing,False,,,,,,
MSH2,p.Asp91His,Likely benign,"criteria provided, single submitter",619519,NM_000251.3(MSH2):c.271G>C (p.Asp91His),"May 01, 2018",training,C:\Users\Wesley Capucho\Documents\IA dos números primos\data\raw\multigene\msh2\msh2_clinvar_training.tsv,GRCh38,2,47408460,47408460,na,na,47408460,G,C,1558457163,True,2-47408460-G-C,,,,False,,False,-5.959855061525126,urn:mavedb:00000050-a-1,MSH2 LOF scores (HAP1),True,True,True,True,False,coordinate_mavedb_complete_gnomad_missing,False,,,,,,
MSH2,p.Cys199Arg,Pathogenic,reviewed by expert panel,91146,NM_000251.3(MSH2):c.595T>C (p.Cys199Arg),"Sep 05, 2013",combined_external,C:\Users\Wesley Capucho\Documents\IA dos números primos\data\raw\multigene\msh2\msh2_combined_external.tsv,GRCh38,2,47410322,47410322,na,na,47410322,T,C,63751110,True,2-47410322-T-C,,,,False,,False,3.318033692181858,urn:mavedb:00000050-a-1,MSH2 LOF scores (HAP1),True,True,True,True,False,coordinate_mavedb_complete_gnomad_missing,False,,,,,,
MSH2,p.Cys199Trp,Likely pathogenic,"criteria provided, single submitter",826091,NM_000251.3(MSH2):c.597T>G (p.Cys199Trp),"May 30, 2019",training,C:\Users\Wesley Capucho\Documents\IA dos números primos\data\raw\multigene\msh2\msh2_clinvar_training.tsv,GRCh38,2,47410324,47410324,na,na,47410324,T,G,1573441776,True,2-47410324-T-G,,,,False,,False,0.7131448365473266,urn:mavedb:00000050-a-1,MSH2 LOF scores (HAP1),True,True,True,True,False,coordinate_mavedb_complete_gnomad_missing,False,,,,,,
MSH2,p.Cys199Tyr,Likely pathogenic,"criteria provided, multiple submitters, no conflicts",91147,NM_000251.3(MSH2):c.596G>A (p.Cys199Tyr),"Dec 15, 2025",combined_external,C:\Users\Wesley Capucho\Documents\IA dos números primos\data\raw\multigene\msh2\msh2_combined_external.tsv,GRCh38,2,47410323,47410323,na,na,47410323,G,A,63751136,True,2-47410323-G-A,,,,False,,False,1.8637631783047577,urn:mavedb:00000050-a-1,MSH2 LOF scores (HAP1),True,True,True,True,False,coordinate_mavedb_complete_gnomad_missing,False,,,,,,
MSH2,p.Cys333Arg,Pathogenic,"criteria provided, multiple submitters, no conflicts",91272,NM_000251.3(MSH2):c.997T>C (p.Cys333Arg),"Feb 16, 2025",combined_external,C:\Users\Wesley Capucho\Documents\IA dos números primos\data\raw\multigene\msh2\msh2_combined_external.tsv,GRCh38,2,47416350,47416350,na,na,47416350,T,C,63750468,True,2-47416350-T-C,,,,False,,False,2.796466106599853,urn:mavedb:00000050-a-1,MSH2 LOF scores (HAP1),True,True,True,True,False,coordinate_mavedb_complete_gnomad_missing,False,,,,,,
MSH2,p.Cys333Phe,Pathogenic/Likely pathogenic,"criteria provided, multiple submitters, no conflicts",638846,NM_000251.3(MSH2):c.998G>T (p.Cys333Phe),"Jul 28, 2023",combined_external,C:\Users\Wesley Capucho\Documents\IA dos números primos\data\raw\multigene\msh2\msh2_combined_external.tsv,GRCh38,2,47416351,47416351,na,na,47416351,G,T,63750828,True,2-47416351-G-T,,,,False,,False,2.6690826729165966,urn:mavedb:00000050-a-1,MSH2 LOF scores (HAP1),True,True,True,True,False,coordinate_mavedb_complete_gnomad_missing,False,,,,,,
MSH2,p.Cys333Trp,Pathogenic/Likely pathogenic,"criteria provided, multiple submitters, no conflicts",450154,NM_000251.3(MSH2):c.999T>G (p.Cys333Trp),"Jul 28, 2023",combined_external,C:\Users\Wesley Capucho\Documents\IA dos números primos\data\raw\multigene\msh2\msh2_combined_external.tsv,GRCh38,2,47416352,47416352,na,na,47416352,T,G,1553353167,True,2-47416352-T-G,,,,False,,False,1.941470270568148,urn:mavedb:00000050-a-1,MSH2 LOF scores (HAP1),True,True,True,True,False,coordinate_mavedb_complete_gnomad_missing,False,,,,,,
MSH2,p.Cys333Tyr,Pathogenic,reviewed by expert panel,91273,NM_000251.3(MSH2):c.998G>A (p.Cys333Tyr),"Nov 03, 2016",combined_external,C:\Users\Wesley Capucho\Documents\IA dos números primos\data\raw\multigene\msh2\msh2_combined_external.tsv,GRCh38,2,47416351,47416351,na,na,47416351,G,A,63750828,True,2-47416351-G-A,,,,False,,False,2.7737829736693334,urn:mavedb:00000050-a-1,MSH2 LOF scores (HAP1),True,True,True,True,False,coordinate_mavedb_complete_gnomad_missing,False,,,,,,
MSH2,p.Cys693Tyr,Likely pathogenic,"criteria provided, multiple submitters, no conflicts",393457,NM_000251.3(MSH2):c.2078G>A (p.Cys693Tyr),"Jun 27, 2024",combined_external,C:\Users\Wesley Capucho\Documents\IA dos números primos\data\raw\multigene\msh2\msh2_combined_external.tsv,GRCh38,2,47476439,47476439,na,na,47476439,G,A,1057524909,True,2-47476439-G-A,,,,False,,False,,urn:mavedb:00000050-a-1,MSH2 LOF scores (HAP1),False,False,True,True,False,coordinate_ready_annotation_missing,False,,,,,,
MSH2,p.Cys697Arg,Pathogenic,reviewed by expert panel,90882,NM_000251.3(MSH2):c.2089T>C (p.Cys697Arg),"Sep 05, 2013",combined_external,C:\Users\Wesley Capucho\Documents\IA dos números primos\data\raw\multigene\msh2\msh2_combined_external.tsv,GRCh38,2,47476450,47476450,na,na,47476450,T,C,63750961,True,2-47476450-T-C,,,,False,,False,2.485808591261974,urn:mavedb:00000050-a-1,MSH2 LOF scores (HAP1),True,True,True,True,False,coordinate_mavedb_complete_gnomad_missing,False,,,,,,
MSH2,p.Cys697Phe,Pathogenic,reviewed by expert panel,90883,NM_000251.3(MSH2):c.2090G>T (p.Cys697Phe),"Sep 05, 2013",combined_external,C:\Users\Wesley Capucho\Documents\IA dos números primos\data\raw\multigene\msh2\msh2_combined_external.tsv,GRCh38,2,47476451,47476451,na,na,47476451,G,T,63750398,True,2-47476451-G-T,,,,False,,False,2.0594328294174287,urn:mavedb:00000050-a-1,MSH2 LOF scores (HAP1),True,True,True,True,False,coordinate_mavedb_complete_gnomad_missing,False,,,,,,
MSH2,p.Cys697Trp,Likely pathogenic,"criteria provided, multiple submitters, no conflicts",2453475,NM_000251.3(MSH2):c.2091T>G (p.Cys697Trp),"Aug 07, 2023",combined_external,C:\Users\Wesley Capucho\Documents\IA dos números primos\data\raw\multigene\msh2\msh2_combined_external.tsv,GRCh38,2,47476452,47476452,na,na,47476452,T,G,63750872,True,2-47476452-T-G,,,,False,,False,2.915732362799228,urn:mavedb:00000050-a-1,MSH2 LOF scores (HAP1),True,True,True,True,False,coordinate_mavedb_complete_gnomad_missing,False,,,,,,
MSH2,p.Cys697Tyr,Likely pathogenic,reviewed by expert panel,187518,NM_000251.3(MSH2):c.2090G>A (p.Cys697Tyr),"Mar 09, 2018",combined_external,C:\Users\Wesley Capucho\Documents\IA dos números primos\data\raw\multigene\msh2\msh2_combined_external.tsv,GRCh38,2,47476451,47476451,na,na,47476451,G,A,63750398,True,2-47476451-G-A,,,,False,,False,2.102406395724064,urn:mavedb:00000050-a-1,MSH2 LOF scores (HAP1),True,True,True,True,False,coordinate_mavedb_complete_gnomad_missing,False,,,,,,
MSH2,p.Cys822Ser,Likely benign,"criteria provided, single submitter",2191723,NM_000251.3(MSH2):c.2465G>C (p.Cys822Ser),"Dec 29, 2025",training,C:\Users\Wesley Capucho\Documents\IA dos números primos\data\raw\multigene\msh2\msh2_clinvar_training.tsv,GRCh38,2,47480702,47480702,na,na,47480702,G,C,1198818428,True,2-47480702-G-C,,,,False,,False,-4.717356347682767,urn:mavedb:00000050-a-1,MSH2 LOF scores (HAP1),True,True,True,True,False,coordinate_mavedb_complete_gnomad_missing,False,,,,,,
MSH2,p.Gln193Arg,Likely benign,"criteria provided, single submitter",3398647,NM_000251.3(MSH2):c.578A>G (p.Gln193Arg),"Dec 09, 2024",training,C:\Users\Wesley Capucho\Documents\IA dos números primos\data\raw\multigene\msh2\msh2_clinvar_training.tsv,GRCh38,2,47410305,47410305,na,na,47410305,A,G,-1,True,2-47410305-A-G,,,,False,,False,-3.3774717315969585,urn:mavedb:00000050-a-1,MSH2 LOF scores (HAP1),True,True,True,True,False,coordinate_mavedb_complete_gnomad_missing,False,,,,,,
MSH2,p.Gln193Lys,Likely benign,"criteria provided, single submitter",1749593,NM_000251.3(MSH2):c.577C>A (p.Gln193Lys),"May 04, 2022",training,C:\Users\Wesley Capucho\Documents\IA dos números primos\data\raw\multigene\msh2\msh2_clinvar_training.tsv,GRCh38,2,47410304,47410304,na,na,47410304,C,A,63751326,True,2-47410304-C-A,,,,False,,False,-2.3091135061859114,urn:mavedb:00000050-a-1,MSH2 LOF scores (HAP1),True,True,True,True,False,coordinate_mavedb_complete_gnomad_missing,False,,,,,,
MSH2,p.Gln239His,Likely benign,"criteria provided, single submitter",3230854,NM_000251.3(MSH2):c.717G>T (p.Gln239His),"Jan 17, 2024",training,C:\Users\Wesley Capucho\Documents\IA dos números primos\data\raw\multigene\msh2\msh2_clinvar_training.tsv,GRCh38,2,47412485,47412485,na,na,47412485,G,T,2104104310,True,2-47412485-G-T,,,,False,,False,-3.0189761794719714,urn:mavedb:00000050-a-1,MSH2 LOF scores (HAP1),True,True,True,True,False,coordinate_mavedb_complete_gnomad_missing,False,,,,,,
MSH2,p.Gln24Pro,Likely benign,"criteria provided, single submitter",3874914,NM_000251.3(MSH2):c.71A>C (p.Gln24Pro),"Mar 02, 2025",training,C:\Users\Wesley Capucho\Documents\IA dos números primos\data\raw\multigene\msh2\msh2_clinvar_training.tsv,GRCh38,2,47403262,47403262,na,na,47403262,A,C,-1,True,2-47403262-A-C,,,,False,,False,-2.5908792542944683,urn:mavedb:00000050-a-1,MSH2 LOF scores (HAP1),True,True,True,True,False,coordinate_mavedb_complete_gnomad_missing,False,,,,,,
MSH2,p.Gln252Leu,Likely benign,"criteria provided, single submitter",1759505,NM_000251.3(MSH2):c.755A>T (p.Gln252Leu),"Jan 15, 2022",training,C:\Users\Wesley Capucho\Documents\IA dos números primos\data\raw\multigene\msh2\msh2_clinvar_training.tsv,GRCh38,2,47412523,47412523,na,na,47412523,A,T,370906735,True,2-47412523-A-T,,,,False,,False,-4.694067583174268,urn:mavedb:00000050-a-1,MSH2 LOF scores (HAP1),True,True,True,True,False,coordinate_mavedb_complete_gnomad_missing,False,,,,,,
MSH2,p.Gln288Arg,Likely benign,"criteria provided, single submitter",1764125,NM_000251.3(MSH2):c.863A>G (p.Gln288Arg),"Aug 10, 2022",training,C:\Users\Wesley Capucho\Documents\IA dos números primos\data\raw\multigene\msh2\msh2_clinvar_training.tsv,GRCh38,2,47414339,47414339,na,na,47414339,A,G,1248694149,True,2-47414339-A-G,,,,False,,False,-4.025929034139389,urn:mavedb:00000050-a-1,MSH2 LOF scores (HAP1),True,True,True,True,False,coordinate_mavedb_complete_gnomad_missing,False,,,,,,
MSH2,p.Gln314His,Likely pathogenic,"criteria provided, single submitter",483693,NM_000251.3(MSH2):c.942G>T (p.Gln314His),"Jul 12, 2018",training,C:\Users\Wesley Capucho\Documents\IA dos números primos\data\raw\multigene\msh2\msh2_clinvar_training.tsv,GRCh38,2,47414418,47414418,na,na,47414418,G,T,587779197,True,2-47414418-G-T,,,,False,,False,-2.58384657499452,urn:mavedb:00000050-a-1,MSH2 LOF scores (HAP1),True,True,True,True,False,coordinate_mavedb_complete_gnomad_missing,False,,,,,,
MSH2,p.Gln344Glu,Likely benign,"criteria provided, single submitter",1771017,NM_000251.3(MSH2):c.1030C>G (p.Gln344Glu),"Dec 16, 2021",training,C:\Users\Wesley Capucho\Documents\IA dos números primos\data\raw\multigene\msh2\msh2_clinvar_training.tsv,GRCh38,2,47416383,47416383,na,na,47416383,C,G,63750245,True,2-47416383-C-G,,,,False,,False,-3.8223544061837833,urn:mavedb:00000050-a-1,MSH2 LOF scores (HAP1),True,True,True,True,False,coordinate_mavedb_complete_gnomad_missing,False,,,,,,
MSH2,p.Gln377Glu,Likely benign,"criteria provided, single submitter",837376,NM_000251.3(MSH2):c.1129C>G (p.Gln377Glu),"May 02, 2024",training,C:\Users\Wesley Capucho\Documents\IA dos números primos\data\raw\multigene\msh2\msh2_clinvar_training.tsv,GRCh38,2,47429794,47429794,na,na,47429794,C,G,63750267,True,2-47429794-C-G,,,,False,,False,-3.691440947104337,urn:mavedb:00000050-a-1,MSH2 LOF scores (HAP1),True,True,True,True,False,coordinate_mavedb_complete_gnomad_missing,False,,,,,,
MSH2,p.Gln397Pro,Likely benign,"criteria provided, single submitter",3296235,NM_000251.3(MSH2):c.1190A>C (p.Gln397Pro),"May 24, 2024",training,C:\Users\Wesley Capucho\Documents\IA dos números primos\data\raw\multigene\msh2\msh2_clinvar_training.tsv,GRCh38,2,47429855,47429855,na,na,47429855,A,C,-1,True,2-47429855-A-C,,,,False,,False,-4.340789779257058,urn:mavedb:00000050-a-1,MSH2 LOF scores (HAP1),True,True,True,True,False,coordinate_mavedb_complete_gnomad_missing,False,,,,,,
MSH2,p.Gln419Glu,Benign/Likely benign,"criteria provided, multiple submitters, no conflicts",1057949,NM_000251.3(MSH2):c.1255C>G (p.Gln419Glu),"Jul 01, 2025",combined_external,C:\Users\Wesley Capucho\Documents\IA dos números primos\data\raw\multigene\msh2\msh2_combined_external.tsv,GRCh38,2,47429920,47429920,na,na,47429920,C,G,63750006,True,2-47429920-C-G,,,,False,,False,-4.152230751140937,urn:mavedb:00000050-a-1,MSH2 LOF scores (HAP1),True,True,True,True,False,coordinate_mavedb_complete_gnomad_missing,False,,,,,,
MSH2,p.Gln419Lys,Likely benign,reviewed by expert panel,90583,NM_000251.3(MSH2):c.1255C>A (p.Gln419Lys),"Sep 05, 2013",combined_external,C:\Users\Wesley Capucho\Documents\IA dos números primos\data\raw\multigene\msh2\msh2_combined_external.tsv,GRCh38,2,47429920,47429920,na,na,47429920,C,A,63750006,True,2-47429920-C-A,,,,False,,False,,urn:mavedb:00000050-a-1,MSH2 LOF scores (HAP1),False,False,True,True,False,coordinate_ready_annotation_missing,False,,,,,,
MSH2,p.Gln4His,Likely benign,"criteria provided, single submitter",619517,NM_000251.3(MSH2):c.12G>T (p.Gln4His),"May 01, 2018",training,C:\Users\Wesley Capucho\Documents\IA dos números primos\data\raw\multigene\msh2\msh2_clinvar_training.tsv,GRCh38,2,47403203,47403203,na,na,47403203,G,T,878853800,True,2-47403203-G-T,,,,False,,False,-5.261850517354857,urn:mavedb:00000050-a-1,MSH2 LOF scores (HAP1),True,True,True,True,False,coordinate_mavedb_complete_gnomad_missing,False,,,,,,
MSH2,p.Gln510Arg,Likely benign,"criteria provided, single submitter",3296209,NM_000251.3(MSH2):c.1529A>G (p.Gln510Arg),"May 04, 2024",training,C:\Users\Wesley Capucho\Documents\IA dos números primos\data\raw\multigene\msh2\msh2_clinvar_training.tsv,GRCh38,2,47466676,47466676,na,na,47466676,A,G,-1,True,2-47466676-A-G,,,,False,,False,-3.1846961829094904,urn:mavedb:00000050-a-1,MSH2 LOF scores (HAP1),True,True,True,True,False,coordinate_mavedb_complete_gnomad_missing,False,,,,,,
MSH2,p.Gln510Pro,Likely benign,"criteria provided, single submitter",3398595,NM_000251.3(MSH2):c.1529A>C (p.Gln510Pro),"Aug 01, 2024",training,C:\Users\Wesley Capucho\Documents\IA dos números primos\data\raw\multigene\msh2\msh2_clinvar_training.tsv,GRCh38,2,47466676,47466676,na,na,47466676,A,C,-1,True,2-47466676-A-C,,,,False,,False,-3.731491516898408,urn:mavedb:00000050-a-1,MSH2 LOF scores (HAP1),True,True,True,True,False,coordinate_mavedb_complete_gnomad_missing,False,,,,,,
MSH2,p.Gln518Glu,Likely benign,"criteria provided, single submitter",2453457,NM_000251.3(MSH2):c.1552C>G (p.Gln518Glu),"Nov 09, 2022",training,C:\Users\Wesley Capucho\Documents\IA dos números primos\data\raw\multigene\msh2\msh2_clinvar_training.tsv,GRCh38,2,47466699,47466699,na,na,47466699,C,G,63750780,True,2-47466699-C-G,,,,False,,False,-2.569795628821088,urn:mavedb:00000050-a-1,MSH2 LOF scores (HAP1),True,True,True,True,False,coordinate_mavedb_complete_gnomad_missing,False,,,,,,
MSH2,p.Gln518His,Likely benign,"criteria provided, single submitter",3913555,NM_000251.3(MSH2):c.1554G>C (p.Gln518His),"Apr 25, 2025",training,C:\Users\Wesley Capucho\Documents\IA dos números primos\data\raw\multigene\msh2\msh2_clinvar_training.tsv,GRCh38,2,47466701,47466701,na,na,47466701,G,C,-1,True,2-47466701-G-C,,,,False,,False,-4.361391464561248,urn:mavedb:00000050-a-1,MSH2 LOF scores (HAP1),True,True,True,True,False,coordinate_mavedb_complete_gnomad_missing,False,,,,,,
MSH2,p.Gln61Arg,Likely benign,"criteria provided, single submitter",1780911,NM_000251.3(MSH2):c.182A>G (p.Gln61Arg),"Dec 17, 2021",training,C:\Users\Wesley Capucho\Documents\IA dos números primos\data\raw\multigene\msh2\msh2_clinvar_training.tsv,GRCh38,2,47403373,47403373,na,na,47403373,A,G,587779113,True,2-47403373-A-G,,,,False,,False,-5.311940049505751,urn:mavedb:00000050-a-1,MSH2 LOF scores (HAP1),True,True,True,True,False,coordinate_mavedb_complete_gnomad_missing,False,,,,,,
MSH2,p.Gln61Lys,Likely benign,"criteria provided, single submitter",3913566,NM_000251.3(MSH2):c.181C>A (p.Gln61Lys),"May 14, 2025",training,C:\Users\Wesley Capucho\Documents\IA dos números primos\data\raw\multigene\msh2\msh2_clinvar_training.tsv,GRCh38,2,47403372,47403372,na,na,47403372,C,A,-1,True,2-47403372-C-A,,,,False,,False,-5.475715696144217,urn:mavedb:00000050-a-1,MSH2 LOF scores (HAP1),True,True,True,True,False,coordinate_mavedb_complete_gnomad_missing,False,,,,,,
MSH2,p.Gln629Arg,Benign,reviewed by expert panel,90812,NM_000251.3(MSH2):c.1886A>G (p.Gln629Arg),"Sep 05, 2013",combined_external,C:\Users\Wesley Capucho\Documents\IA dos números primos\data\raw\multigene\msh2\msh2_combined_external.tsv,GRCh38,2,47475151,47475151,na,na,47475151,A,G,61756468,True,2-47475151-A-G,,,,False,,False,-4.293113410715393,urn:mavedb:00000050-a-1,MSH2 LOF scores (HAP1),True,True,True,True,False,coordinate_mavedb_complete_gnomad_missing,False,,,,,,
MSH2,p.Gln662Arg,Likely benign,"criteria provided, single submitter",1783863,NM_000251.3(MSH2):c.1985A>G (p.Gln662Arg),"Jan 31, 2022",training,C:\Users\Wesley Capucho\Documents\IA dos números primos\data\raw\multigene\msh2\msh2_clinvar_training.tsv,GRCh38,2,47475250,47475250,na,na,47475250,A,G,2104349761,True,2-47475250-A-G,,,,False,,False,-5.010195146416328,urn:mavedb:00000050-a-1,MSH2 LOF scores (HAP1),True,True,True,True,False,coordinate_mavedb_complete_gnomad_missing,False,,,,,,
MSH2,p.Gln76Glu,Likely benign,"criteria provided, single submitter",3296229,NM_000251.3(MSH2):c.226C>G (p.Gln76Glu),"May 14, 2024",training,C:\Users\Wesley Capucho\Documents\IA dos números primos\data\raw\multigene\msh2\msh2_clinvar_training.tsv,GRCh38,2,47408415,47408415,na,na,47408415,C,G,-1,True,2-47408415-C-G,,,,False,,False,,urn:mavedb:00000050-a-1,MSH2 LOF scores (HAP1),False,False,True,True,False,coordinate_ready_annotation_missing,False,,,,,,
MSH2,p.Gln76His,Likely benign,"criteria provided, single submitter",230330,NM_000251.3(MSH2):c.228G>C (p.Gln76His),"Dec 14, 2021",training,C:\Users\Wesley Capucho\Documents\IA dos números primos\data\raw\multigene\msh2\msh2_clinvar_training.tsv,GRCh38,2,47408417,47408417,na,na,47408417,G,C,587782857,True,2-47408417-G-C,,,,False,,False,-5.048538276511548,urn:mavedb:00000050-a-1,MSH2 LOF scores (HAP1),True,True,True,True,False,coordinate_mavedb_complete_gnomad_missing,False,,,,,,
MSH2,p.Gln855His,Benign/Likely benign,"criteria provided, multiple submitters, no conflicts",455571,NM_000251.3(MSH2):c.2565G>T (p.Gln855His),"Oct 27, 2025",combined_external,C:\Users\Wesley Capucho\Documents\IA dos números primos\data\raw\multigene\msh2\msh2_combined_external.tsv,GRCh38,2,47480802,47480802,na,na,47480802,G,T,1553370408,True,2-47480802-G-T,,,,False,,False,-5.507151423420159,urn:mavedb:00000050-a-1,MSH2 LOF scores (HAP1),True,True,True,True,False,coordinate_mavedb_complete_gnomad_missing,False,,,,,,
MSH2,p.Gln879Glu,Likely benign,"criteria provided, single submitter",3230840,NM_000251.3(MSH2):c.2635C>G (p.Gln879Glu),"Feb 28, 2024",training,C:\Users\Wesley Capucho\Documents\IA dos números primos\data\raw\multigene\msh2\msh2_clinvar_training.tsv,GRCh38,2,47482779,47482779,na,na,47482779,C,G,63751469,True,2-47482779-C-G,,,,False,,False,-5.37085345914778,urn:mavedb:00000050-a-1,MSH2 LOF scores (HAP1),True,True,True,True,False,coordinate_mavedb_complete_gnomad_missing,False,,,,,,
MSH2,p.Gln893Arg,Likely benign,"criteria provided, single submitter",2447342,NM_000251.3(MSH2):c.2678A>G (p.Gln893Arg),"Nov 03, 2022",training,C:\Users\Wesley Capucho\Documents\IA dos números primos\data\raw\multigene\msh2\msh2_clinvar_training.tsv,GRCh38,2,47482822,47482822,na,na,47482822,A,G,2529071803,True,2-47482822-A-G,,,,False,,False,-5.423184331682868,urn:mavedb:00000050-a-1,MSH2 LOF scores (HAP1),True,True,True,True,False,coordinate_mavedb_complete_gnomad_missing,False,,,,,,
MSH2,p.Gln893Pro,Likely benign,"criteria provided, single submitter",3913581,NM_000251.3(MSH2):c.2678A>C (p.Gln893Pro),"Jun 13, 2025",training,C:\Users\Wesley Capucho\Documents\IA dos números primos\data\raw\multigene\msh2\msh2_clinvar_training.tsv,GRCh38,2,47482822,47482822,na,na,47482822,A,C,-1,True,2-47482822-A-C,,,,False,,False,-5.050926210674189,urn:mavedb:00000050-a-1,MSH2 LOF scores (HAP1),True,True,True,True,False,coordinate_mavedb_complete_gnomad_missing,False,,,,,,
MSH2,p.Glu198Ala,Likely pathogenic,"criteria provided, single submitter",1750605,NM_000251.3(MSH2):c.593A>C (p.Glu198Ala),"Nov 21, 2022",training,C:\Users\Wesley Capucho\Documents\IA dos números primos\data\raw\multigene\msh2\msh2_clinvar_training.tsv,GRCh38,2,47410320,47410320,na,na,47410320,A,C,63750327,True,2-47410320-A-C,,,,False,,False,2.673335817912525,urn:mavedb:00000050-a-1,MSH2 LOF scores (HAP1),True,True,True,True,False,coordinate_mavedb_complete_gnomad_missing,False,,,,,,
MSH2,p.Glu198Gly,Benign,reviewed by expert panel,91145,NM_000251.3(MSH2):c.593A>G (p.Glu198Gly),"Sep 05, 2013",combined_external,C:\Users\Wesley Capucho\Documents\IA dos números primos\data\raw\multigene\msh2\msh2_combined_external.tsv,GRCh38,2,47410320,47410320,na,na,47410320,A,G,63750327,True,2-47410320-A-G,,,,False,,False,3.4738440527215526,urn:mavedb:00000050-a-1,MSH2 LOF scores (HAP1),True,True,True,True,False,coordinate_mavedb_complete_gnomad_missing,False,,,,,,
MSH2,p.Glu205Asp,Likely benign,"criteria provided, single submitter",1751947,NM_000251.3(MSH2):c.615G>T (p.Glu205Asp),"Mar 15, 2022",training,C:\Users\Wesley Capucho\Documents\IA dos números primos\data\raw\multigene\msh2\msh2_clinvar_training.tsv,GRCh38,2,47410342,47410342,na,na,47410342,G,T,1553350951,True,2-47410342-G-T,,,,False,,False,-3.323330781843361,urn:mavedb:00000050-a-1,MSH2 LOF scores (HAP1),True,True,True,True,False,coordinate_mavedb_complete_gnomad_missing,False,,,,,,
MSH2,p.Glu226Lys,Likely benign,"criteria provided, single submitter",1755344,NM_000251.3(MSH2):c.676G>A (p.Glu226Lys),"Nov 18, 2021",training,C:\Users\Wesley Capucho\Documents\IA dos números primos\data\raw\multigene\msh2\msh2_clinvar_training.tsv,GRCh38,2,47412444,47412444,na,na,47412444,G,A,2104100985,True,2-47412444-G-A,,,,False,,False,-4.322546114605681,urn:mavedb:00000050-a-1,MSH2 LOF scores (HAP1),True,True,True,True,False,coordinate_mavedb_complete_gnomad_missing,False,,,,,,
MSH2,p.Glu28Ala,Likely benign,"criteria provided, single submitter",2453462,NM_000251.3(MSH2):c.83A>C (p.Glu28Ala),"Nov 18, 2022",training,C:\Users\Wesley Capucho\Documents\IA dos números primos\data\raw\multigene\msh2\msh2_clinvar_training.tsv,GRCh38,2,47403274,47403274,na,na,47403274,A,C,2465581564,True,2-47403274-A-C,,,,False,,False,-4.944031270454224,urn:mavedb:00000050-a-1,MSH2 LOF scores (HAP1),True,True,True,True,False,coordinate_mavedb_complete_gnomad_missing,False,,,,,,
MSH2,p.Glu371Asp,Likely benign,"criteria provided, single submitter",1795591,NM_000251.3(MSH2):c.1113A>C (p.Glu371Asp),"Aug 12, 2022",training,C:\Users\Wesley Capucho\Documents\IA dos números primos\data\raw\multigene\msh2\msh2_clinvar_training.tsv,GRCh38,2,47429778,47429778,na,na,47429778,A,C,2104436924,True,2-47429778-A-C,,,,False,,False,-5.2880605657851465,urn:mavedb:00000050-a-1,MSH2 LOF scores (HAP1),True,True,True,True,False,coordinate_mavedb_complete_gnomad_missing,False,,,,,,
MSH2,p.Glu378Ala,Likely benign,"criteria provided, single submitter",231853,NM_000251.3(MSH2):c.1133A>C (p.Glu378Ala),"Jul 12, 2022",training,C:\Users\Wesley Capucho\Documents\IA dos números primos\data\raw\multigene\msh2\msh2_clinvar_training.tsv,GRCh38,2,47429798,47429798,na,na,47429798,A,C,876659404,True,2-47429798-A-C,,,,False,,False,-2.705530858081098,urn:mavedb:00000050-a-1,MSH2 LOF scores (HAP1),True,True,True,True,False,coordinate_mavedb_complete_gnomad_missing,False,,,,,,
MSH2,p.Glu422Gln,Likely benign,"criteria provided, single submitter",3296233,NM_000251.3(MSH2):c.1264G>C (p.Glu422Gln),"May 16, 2024",training,C:\Users\Wesley Capucho\Documents\IA dos números primos\data\raw\multigene\msh2\msh2_clinvar_training.tsv,GRCh38,2,47429929,47429929,na,na,47429929,G,C,-1,True,2-47429929-G-C,,,,False,,False,-4.649913694055439,urn:mavedb:00000050-a-1,MSH2 LOF scores (HAP1),True,True,True,True,False,coordinate_mavedb_complete_gnomad_missing,False,,,,,,
MSH2,p.Glu455Ala,Likely benign,"criteria provided, single submitter",2567740,NM_000251.3(MSH2):c.1364A>C (p.Glu455Ala),"Mar 24, 2023",training,C:\Users\Wesley Capucho\Documents\IA dos números primos\data\raw\multigene\msh2\msh2_clinvar_training.tsv,GRCh38,2,47445635,47445635,na,na,47445635,A,C,2528403359,True,2-47445635-A-C,,,,False,,False,-3.103020898771032,urn:mavedb:00000050-a-1,MSH2 LOF scores (HAP1),True,True,True,True,False,coordinate_mavedb_complete_gnomad_missing,False,,,,,,
MSH2,p.Glu455Gly,Likely benign,"criteria provided, single submitter",2567762,NM_000251.3(MSH2):c.1364A>G (p.Glu455Gly),"May 18, 2023",training,C:\Users\Wesley Capucho\Documents\IA dos números primos\data\raw\multigene\msh2\msh2_clinvar_training.tsv,GRCh38,2,47445635,47445635,na,na,47445635,A,G,2528403359,True,2-47445635-A-G,,,,False,,False,-2.644638336499459,urn:mavedb:00000050-a-1,MSH2 LOF scores (HAP1),True,True,True,True,False,coordinate_mavedb_complete_gnomad_missing,False,,,,,,
MSH2,p.Glu48Gln,Likely benign,"criteria provided, single submitter",1772475,NM_000251.3(MSH2):c.142G>C (p.Glu48Gln),"Jun 03, 2022",training,C:\Users\Wesley Capucho\Documents\IA dos números primos\data\raw\multigene\msh2\msh2_clinvar_training.tsv,GRCh38,2,47403333,47403333,na,na,47403333,G,C,63750615,True,2-47403333-G-C,,,,False,,False,-2.872012533693156,urn:mavedb:00000050-a-1,MSH2 LOF scores (HAP1),True,True,True,True,False,coordinate_mavedb_complete_gnomad_missing,False,,,,,,
MSH2,p.Glu56Gly,Likely benign,"criteria provided, single submitter",3230817,NM_000251.3(MSH2):c.167A>G (p.Glu56Gly),"Jan 17, 2024",training,C:\Users\Wesley Capucho\Documents\IA dos números primos\data\raw\multigene\msh2\msh2_clinvar_training.tsv,GRCh38,2,47403358,47403358,na,na,47403358,A,G,587782004,True,2-47403358-A-G,,,,False,,False,-3.22502080536126,urn:mavedb:00000050-a-1,MSH2 LOF scores (HAP1),True,True,True,True,False,coordinate_mavedb_complete_gnomad_missing,False,,,,,,
MSH2,p.Glu571Lys,Benign,"criteria provided, single submitter",2445291,NM_000251.3(MSH2):c.1711G>A (p.Glu571Lys),"Jan 01, 2022",training,C:\Users\Wesley Capucho\Documents\IA dos números primos\data\raw\multigene\msh2\msh2_clinvar_training.tsv,GRCh38,2,47471014,47471014,na,na,47471014,G,A,1667077650,True,2-47471014-G-A,,,,False,,False,-3.1109278018380944,urn:mavedb:00000050-a-1,MSH2 LOF scores (HAP1),True,True,True,True,False,coordinate_mavedb_complete_gnomad_missing,False,,,,,,
MSH2,p.Glu701Lys,Likely benign,"criteria provided, single submitter",2734197,NM_000251.3(MSH2):c.2101G>A (p.Glu701Lys),"Dec 04, 2023",training,C:\Users\Wesley Capucho\Documents\IA dos números primos\data\raw\multigene\msh2\msh2_clinvar_training.tsv,GRCh38,2,47476462,47476462,na,na,47476462,G,A,776820509,True,2-47476462-G-A,,,,False,,False,-4.5787605477605,urn:mavedb:00000050-a-1,MSH2 LOF scores (HAP1),True,True,True,True,False,coordinate_mavedb_complete_gnomad_missing,False,,,,,,
MSH2,p.Glu749Gly,Likely pathogenic,"criteria provided, single submitter",2674579,NM_000251.3(MSH2):c.2246A>G (p.Glu749Gly),"Aug 08, 2023",training,C:\Users\Wesley Capucho\Documents\IA dos números primos\data\raw\multigene\msh2\msh2_clinvar_training.tsv,GRCh38,2,47478307,47478307,na,na,47478307,A,G,2528979410,True,2-47478307-A-G,,,,False,,False,2.3548967124441766,urn:mavedb:00000050-a-1,MSH2 LOF scores (HAP1),True,True,True,True,False,coordinate_mavedb_complete_gnomad_missing,False,,,,,,
MSH2,p.Glu749Lys,Likely pathogenic,reviewed by expert panel,90942,NM_000251.3(MSH2):c.2245G>A (p.Glu749Lys),"Jun 21, 2019",combined_external,C:\Users\Wesley Capucho\Documents\IA dos números primos\data\raw\multigene\msh2\msh2_combined_external.tsv,GRCh38,2,47478306,47478306,na,na,47478306,G,A,63751477,True,2-47478306-G-A,,,,False,,False,2.114056350622267,urn:mavedb:00000050-a-1,MSH2 LOF scores (HAP1),True,True,True,True,False,coordinate_mavedb_complete_gnomad_missing,False,,,,,,
MSH2,p.Glu7Asp,Likely benign,"criteria provided, single submitter",3296217,NM_000251.3(MSH2):c.21G>C (p.Glu7Asp),"Mar 22, 2024",training,C:\Users\Wesley Capucho\Documents\IA dos números primos\data\raw\multigene\msh2\msh2_clinvar_training.tsv,GRCh38,2,47403212,47403212,na,na,47403212,G,C,-1,True,2-47403212-G-C,,,,False,,False,-2.099047180817344,urn:mavedb:00000050-a-1,MSH2 LOF scores (HAP1),True,True,True,True,False,coordinate_mavedb_complete_gnomad_missing,False,,,,,,
MSH2,p.Glu86Gln,Likely benign,"criteria provided, single submitter",2778099,NM_000251.3(MSH2):c.256G>C (p.Glu86Gln),"Jan 13, 2023",training,C:\Users\Wesley Capucho\Documents\IA dos números primos\data\raw\multigene\msh2\msh2_clinvar_training.tsv,GRCh38,2,47408445,47408445,na,na,47408445,G,C,776423120,True,2-47408445-G-C,,,,False,,False,-3.6546137259943934,urn:mavedb:00000050-a-1,MSH2 LOF scores (HAP1),True,True,True,True,False,coordinate_mavedb_complete_gnomad_missing,False,,,,,,
MSH2,p.Glu886Asp,Likely benign,"criteria provided, single submitter",4652698,NM_000251.3(MSH2):c.2658G>T (p.Glu886Asp),"Nov 06, 2025",training,C:\Users\Wesley Capucho\Documents\IA dos números primos\data\raw\multigene\msh2\msh2_clinvar_training.tsv,GRCh38,2,47482802,47482802,na,na,47482802,G,T,-1,True,2-47482802-G-T,,,,False,,False,-3.3283049047050293,urn:mavedb:00000050-a-1,MSH2 LOF scores (HAP1),True,True,True,True,False,coordinate_mavedb_complete_gnomad_missing,False,,,,,,
MSH2,p.Glu886Val,Likely benign,"criteria provided, single submitter",1794396,NM_000251.3(MSH2):c.2657A>T (p.Glu886Val),"Nov 29, 2021",training,C:\Users\Wesley Capucho\Documents\IA dos números primos\data\raw\multigene\msh2\msh2_clinvar_training.tsv,GRCh38,2,47482801,47482801,na,na,47482801,A,T,63750350,True,2-47482801-A-T,,,,False,,False,-4.537977575086184,urn:mavedb:00000050-a-1,MSH2 LOF scores (HAP1),True,True,True,True,False,coordinate_mavedb_complete_gnomad_missing,False,,,,,,
MSH2,p.Glu925Gly,Likely benign,"criteria provided, single submitter",3296231,NM_000251.3(MSH2):c.2774A>G (p.Glu925Gly),"May 16, 2024",training,C:\Users\Wesley Capucho\Documents\IA dos números primos\data\raw\multigene\msh2\msh2_clinvar_training.tsv,GRCh38,2,47482918,47482918,na,na,47482918,A,G,-1,True,2-47482918-A-G,,,,False,,False,-2.6732713146584626,urn:mavedb:00000050-a-1,MSH2 LOF scores (HAP1),True,True,True,True,False,coordinate_mavedb_complete_gnomad_missing,False,,,,,,
MSH2,p.Gly149Arg,Likely pathogenic,"criteria provided, single submitter",1740769,NM_000251.3(MSH2):c.445G>C (p.Gly149Arg),"Jun 21, 2022",training,C:\Users\Wesley Capucho\Documents\IA dos números primos\data\raw\multigene\msh2\msh2_clinvar_training.tsv,GRCh38,2,47410172,47410172,na,na,47410172,G,C,929758799,True,2-47410172-G-C,,,,False,,False,3.2562249272976875,urn:mavedb:00000050-a-1,MSH2 LOF scores (HAP1),True,True,True,True,False,coordinate_mavedb_complete_gnomad_missing,False,,,,,,
MSH2,p.Gly162Arg,Pathogenic,reviewed by expert panel,91105,NM_000251.3(MSH2):c.484G>A (p.Gly162Arg),"Sep 05, 2013",combined_external,C:\Users\Wesley Capucho\Documents\IA dos números primos\data\raw\multigene\msh2\msh2_combined_external.tsv,GRCh38,2,47410211,47410211,na,na,47410211,G,A,63750624,True,2-47410211-G-A,,,,False,,False,2.282033391751579,urn:mavedb:00000050-a-1,MSH2 LOF scores (HAP1),True,True,True,True,False,coordinate_mavedb_complete_gnomad_missing,False,,,,,,
MSH2,p.Gly164Arg,Pathogenic,reviewed by expert panel,91109,NM_000251.3(MSH2):c.490G>A (p.Gly164Arg),"Sep 05, 2013",combined_external,C:\Users\Wesley Capucho\Documents\IA dos números primos\data\raw\multigene\msh2\msh2_combined_external.tsv,GRCh38,2,47410217,47410217,na,na,47410217,G,A,63750582,True,2-47410217-G-A,,,,False,,False,2.984909273839232,urn:mavedb:00000050-a-1,MSH2 LOF scores (HAP1),True,True,True,True,False,coordinate_mavedb_complete_gnomad_missing,False,,,,,,
MSH2,p.Gly164Glu,Likely pathogenic,reviewed by expert panel,188119,NM_000251.3(MSH2):c.491G>A (p.Gly164Glu),"Nov 22, 2018",combined_external,C:\Users\Wesley Capucho\Documents\IA dos números primos\data\raw\multigene\msh2\msh2_combined_external.tsv,GRCh38,2,47410218,47410218,na,na,47410218,G,A,786204082,True,2-47410218-G-A,,,,False,,False,3.1286323771540943,urn:mavedb:00000050-a-1,MSH2 LOF scores (HAP1),True,True,True,True,False,coordinate_mavedb_complete_gnomad_missing,False,,,,,,
MSH2,p.Gly164Trp,Pathogenic/Likely pathogenic,"criteria provided, multiple submitters, no conflicts",91110,NM_000251.3(MSH2):c.490G>T (p.Gly164Trp),"Nov 03, 2025",combined_external,C:\Users\Wesley Capucho\Documents\IA dos números primos\data\raw\multigene\msh2\msh2_combined_external.tsv,GRCh38,2,47410217,47410217,na,na,47410217,G,T,63750582,True,2-47410217-G-T,,,,False,,False,,urn:mavedb:00000050-a-1,MSH2 LOF scores (HAP1),False,False,True,True,False,coordinate_ready_annotation_missing,False,,,,,,
MSH2,p.Gly18Ala,Likely benign,"criteria provided, single submitter",2587526,NM_000251.3(MSH2):c.53G>C (p.Gly18Ala),"Jul 13, 2023",training,C:\Users\Wesley Capucho\Documents\IA dos números primos\data\raw\multigene\msh2\msh2_clinvar_training.tsv,GRCh38,2,47403244,47403244,na,na,47403244,G,C,1200418561,True,2-47403244-G-C,,,,False,,False,-4.748089345654165,urn:mavedb:00000050-a-1,MSH2 LOF scores (HAP1),True,True,True,True,False,coordinate_mavedb_complete_gnomad_missing,False,,,,,,
MSH2,p.Gly18Arg,Likely benign,"criteria provided, single submitter",2567752,NM_000251.3(MSH2):c.52G>C (p.Gly18Arg),"Apr 18, 2023",training,C:\Users\Wesley Capucho\Documents\IA dos números primos\data\raw\multigene\msh2\msh2_clinvar_training.tsv,GRCh38,2,47403243,47403243,na,na,47403243,G,C,2465579499,True,2-47403243-G-C,,,,False,,False,-3.804071508608797,urn:mavedb:00000050-a-1,MSH2 LOF scores (HAP1),True,True,True,True,False,coordinate_mavedb_complete_gnomad_missing,False,,,,,,
MSH2,p.Gly18Ser,Likely benign,"criteria provided, single submitter",3230848,NM_000251.3(MSH2):c.52G>A (p.Gly18Ser),"Nov 02, 2022",training,C:\Users\Wesley Capucho\Documents\IA dos números primos\data\raw\multigene\msh2\msh2_clinvar_training.tsv,GRCh38,2,47403243,47403243,na,na,47403243,G,A,2465579499,True,2-47403243-G-A,,,,False,,False,-3.4486674504973567,urn:mavedb:00000050-a-1,MSH2 LOF scores (HAP1),True,True,True,True,False,coordinate_mavedb_complete_gnomad_missing,False,,,,,,
MSH2,p.Gly195Arg,Likely benign,"criteria provided, single submitter",2567768,NM_000251.3(MSH2):c.583G>C (p.Gly195Arg),"Jun 04, 2023",training,C:\Users\Wesley Capucho\Documents\IA dos números primos\data\raw\multigene\msh2\msh2_clinvar_training.tsv,GRCh38,2,47410310,47410310,na,na,47410310,G,C,2104035291,True,2-47410310-G-C,,,,False,,False,-2.7058720952442656,urn:mavedb:00000050-a-1,MSH2 LOF scores (HAP1),True,True,True,True,False,coordinate_mavedb_complete_gnomad_missing,False,,,,,,
MSH2,p.Gly247Ala,Likely benign,"criteria provided, single submitter",3913577,NM_000251.3(MSH2):c.740G>C (p.Gly247Ala),"May 26, 2025",training,C:\Users\Wesley Capucho\Documents\IA dos números primos\data\raw\multigene\msh2\msh2_clinvar_training.tsv,GRCh38,2,47412508,47412508,na,na,47412508,G,C,-1,True,2-47412508-G-C,,,,False,,False,-5.516178815397762,urn:mavedb:00000050-a-1,MSH2 LOF scores (HAP1),True,True,True,True,False,coordinate_mavedb_complete_gnomad_missing,False,,,,,,
MSH2,p.Gly315Val,Likely benign,reviewed by expert panel,41652,NM_000251.3(MSH2):c.944G>T (p.Gly315Val),"Dec 19, 2018",combined_external,C:\Users\Wesley Capucho\Documents\IA dos números primos\data\raw\multigene\msh2\msh2_combined_external.tsv,GRCh38,2,47416297,47416297,na,na,47416297,G,T,202026056,True,2-47416297-G-T,,,,False,,False,-2.547242744658873,urn:mavedb:00000050-a-1,MSH2 LOF scores (HAP1),True,True,True,True,False,coordinate_mavedb_complete_gnomad_missing,False,,,,,,
MSH2,p.Gly322Asp,Benign,reviewed by expert panel,1762,NM_000251.3(MSH2):c.965G>A (p.Gly322Asp),"Sep 05, 2013",combined_external,C:\Users\Wesley Capucho\Documents\IA dos números primos\data\raw\multigene\msh2\msh2_combined_external.tsv,GRCh38,2,47416318,47416318,na,na,47416318,G,A,4987188,True,2-47416318-G-A,,,,False,,False,-3.55898455090065,urn:mavedb:00000050-a-1,MSH2 LOF scores (HAP1),True,True,True,True,False,coordinate_mavedb_complete_gnomad_missing,False,,,,,,
MSH2,p.Gly338Arg,Pathogenic/Likely pathogenic,"criteria provided, multiple submitters, no conflicts",232810,NM_000251.3(MSH2):c.1012G>C (p.Gly338Arg),"Nov 15, 2024",combined_external,C:\Users\Wesley Capucho\Documents\IA dos números primos\data\raw\multigene\msh2\msh2_combined_external.tsv,GRCh38,2,47416365,47416365,na,na,47416365,G,C,63751004,True,2-47416365-G-C,,,,False,,False,2.6136366603358985,urn:mavedb:00000050-a-1,MSH2 LOF scores (HAP1),True,True,True,True,False,coordinate_mavedb_complete_gnomad_missing,False,,,,,,
MSH2,p.Gly338Asp,Likely pathogenic,"criteria provided, single submitter",1734968,NM_000251.3(MSH2):c.1013_1014delinsAT (p.Gly338Asp),"Jan 21, 2022",training,C:\Users\Wesley Capucho\Documents\IA dos números primos\data\raw\multigene\msh2\msh2_clinvar_training.tsv,GRCh38,2,47416366,47416367,na,na,47416366,GA,AT,2465817993,True,2-47416366-GA-AT,,,,False,,False,2.9541035904691832,urn:mavedb:00000050-a-1,MSH2 LOF scores (HAP1),True,True,True,True,False,coordinate_mavedb_complete_gnomad_missing,False,,,,,,
MSH2,p.Gly338Glu,Pathogenic,reviewed by expert panel,90504,NM_000251.3(MSH2):c.1013G>A (p.Gly338Glu),"Sep 05, 2013",combined_external,C:\Users\Wesley Capucho\Documents\IA dos números primos\data\raw\multigene\msh2\msh2_combined_external.tsv,GRCh38,2,47416366,47416366,na,na,47416366,G,A,587779065,True,2-47416366-G-A,,,,False,,False,2.4337462499022564,urn:mavedb:00000050-a-1,MSH2 LOF scores (HAP1),True,True,True,True,False,coordinate_mavedb_complete_gnomad_missing,False,,,,,,
MSH2,p.Gly338Val,Pathogenic/Likely pathogenic,"criteria provided, multiple submitters, no conflicts",568928,NM_000251.3(MSH2):c.1013G>T (p.Gly338Val),"Jan 21, 2026",combined_external,C:\Users\Wesley Capucho\Documents\IA dos números primos\data\raw\multigene\msh2\msh2_combined_external.tsv,GRCh38,2,47416366,47416366,na,na,47416366,G,T,587779065,True,2-47416366-G-T,,,,False,,False,2.6093854494349653,urn:mavedb:00000050-a-1,MSH2 LOF scores (HAP1),True,True,True,True,False,coordinate_mavedb_complete_gnomad_missing,False,,,,,,
MSH2,p.Gly426Arg,Likely pathogenic,"criteria provided, multiple submitters, no conflicts",246389,NM_000251.3(MSH2):c.1276G>A (p.Gly426Arg),"Jul 31, 2025",combined_external,C:\Users\Wesley Capucho\Documents\IA dos números primos\data\raw\multigene\msh2\msh2_combined_external.tsv,GRCh38,2,47429941,47429941,na,na,47429941,G,A,879254234,True,2-47429941-G-A,,,,False,,False,-4.240414470868506,urn:mavedb:00000050-a-1,MSH2 LOF scores (HAP1),True,True,True,True,False,coordinate_mavedb_complete_gnomad_missing,False,,,,,,
MSH2,p.Gly47Arg,Likely benign,"criteria provided, single submitter",1991825,NM_000251.3(MSH2):c.139G>C (p.Gly47Arg),"Aug 05, 2023",training,C:\Users\Wesley Capucho\Documents\IA dos números primos\data\raw\multigene\msh2\msh2_clinvar_training.tsv,GRCh38,2,47403330,47403330,na,na,47403330,G,C,763573151,True,2-47403330-G-C,,,,False,,False,-4.1058061226684055,urn:mavedb:00000050-a-1,MSH2 LOF scores (HAP1),True,True,True,True,False,coordinate_mavedb_complete_gnomad_missing,False,,,,,,
MSH2,p.Gly587Arg,Pathogenic,reviewed by expert panel,90771,NM_000251.3(MSH2):c.1759G>C (p.Gly587Arg),"Sep 05, 2013",combined_external,C:\Users\Wesley Capucho\Documents\IA dos números primos\data\raw\multigene\msh2\msh2_combined_external.tsv,GRCh38,2,47471062,47471062,na,na,47471062,G,C,63751140,True,2-47471062-G-C,,,,False,,False,-2.223094429445315,urn:mavedb:00000050-a-1,MSH2 LOF scores (HAP1),True,True,True,True,False,coordinate_mavedb_complete_gnomad_missing,False,,,,,,
MSH2,p.Gly587Cys,Pathogenic,"criteria provided, single submitter",428463,NM_000251.3(MSH2):c.1759G>T (p.Gly587Cys),"Apr 22, 2024",training,C:\Users\Wesley Capucho\Documents\IA dos números primos\data\raw\multigene\msh2\msh2_clinvar_training.tsv,GRCh38,2,47471062,47471062,na,na,47471062,G,T,63751140,True,2-47471062-G-T,,,,False,,False,-3.673689019058185,urn:mavedb:00000050-a-1,MSH2 LOF scores (HAP1),True,True,True,True,False,coordinate_mavedb_complete_gnomad_missing,False,,,,,,
MSH2,p.Gly587Ser,Likely pathogenic,"criteria provided, multiple submitters, no conflicts",483724,NM_000251.3(MSH2):c.1759G>A (p.Gly587Ser),"Oct 28, 2022",combined_external,C:\Users\Wesley Capucho\Documents\IA dos números primos\data\raw\multigene\msh2\msh2_combined_external.tsv,GRCh38,2,47471062,47471062,na,na,47471062,G,A,63751140,True,2-47471062-G-A,,,,False,,False,-3.0020790295205098,urn:mavedb:00000050-a-1,MSH2 LOF scores (HAP1),True,True,True,True,False,coordinate_mavedb_complete_gnomad_missing,False,,,,,,
MSH2,p.Gly614Arg,Likely benign,"criteria provided, single submitter",1447487,NM_000251.3(MSH2):c.1840G>A (p.Gly614Arg),"Jul 07, 2023",training,C:\Users\Wesley Capucho\Documents\IA dos números primos\data\raw\multigene\msh2\msh2_clinvar_training.tsv,GRCh38,2,47475105,47475105,na,na,47475105,G,A,1380847972,True,2-47475105-G-A,,,,False,,False,-3.101182290750642,urn:mavedb:00000050-a-1,MSH2 LOF scores (HAP1),True,True,True,True,False,coordinate_mavedb_complete_gnomad_missing,False,,,,,,
MSH2,p.Gly62Val,Likely benign,"criteria provided, single submitter",1781482,NM_000251.3(MSH2):c.185G>T (p.Gly62Val),"Sep 07, 2022",training,C:\Users\Wesley Capucho\Documents\IA dos números primos\data\raw\multigene\msh2\msh2_clinvar_training.tsv,GRCh38,2,47403376,47403376,na,na,47403376,G,T,879254195,True,2-47403376-G-T,,,,False,,False,-3.988111079998651,urn:mavedb:00000050-a-1,MSH2 LOF scores (HAP1),True,True,True,True,False,coordinate_mavedb_complete_gnomad_missing,False,,,,,,
MSH2,p.Gly630Arg,Likely benign,"criteria provided, single submitter",486885,NM_000251.3(MSH2):c.1888G>C (p.Gly630Arg),"Aug 01, 2022",training,C:\Users\Wesley Capucho\Documents\IA dos números primos\data\raw\multigene\msh2\msh2_clinvar_training.tsv,GRCh38,2,47475153,47475153,na,na,47475153,G,C,1114167866,True,2-47475153-G-C,,,,False,,False,-6.008561175905664,urn:mavedb:00000050-a-1,MSH2 LOF scores (HAP1),True,True,True,True,False,coordinate_mavedb_complete_gnomad_missing,False,,,,,,
MSH2,p.Gly669Val,Pathogenic,reviewed by expert panel,90854,NM_000251.3(MSH2):c.2006G>T (p.Gly669Val),"Sep 05, 2013",combined_external,C:\Users\Wesley Capucho\Documents\IA dos números primos\data\raw\multigene\msh2\msh2_combined_external.tsv,GRCh38,2,47476367,47476367,na,na,47476367,G,T,63751640,True,2-47476367-G-T,,,,False,,False,3.080274639666971,urn:mavedb:00000050-a-1,MSH2 LOF scores (HAP1),True,True,True,True,False,coordinate_mavedb_complete_gnomad_missing,False,,,,,,
MSH2,p.Gly674Arg,Likely pathogenic,reviewed by expert panel,90860,NM_000251.3(MSH2):c.2020G>C (p.Gly674Arg),"Jun 21, 2019",combined_external,C:\Users\Wesley Capucho\Documents\IA dos números primos\data\raw\multigene\msh2\msh2_combined_external.tsv,GRCh38,2,47476381,47476381,na,na,47476381,G,C,63750234,True,2-47476381-G-C,,,,False,,False,2.3959849783262293,urn:mavedb:00000050-a-1,MSH2 LOF scores (HAP1),True,True,True,True,False,coordinate_mavedb_complete_gnomad_missing,False,,,,,,
MSH2,p.Gly674Asp,Likely pathogenic,reviewed by expert panel,90861,NM_000251.3(MSH2):c.2021G>A (p.Gly674Asp),"Jun 21, 2019",combined_external,C:\Users\Wesley Capucho\Documents\IA dos números primos\data\raw\multigene\msh2\msh2_combined_external.tsv,GRCh38,2,47476382,47476382,na,na,47476382,G,A,267607996,True,2-47476382-G-A,,,,False,,False,2.5462046470597883,urn:mavedb:00000050-a-1,MSH2 LOF scores (HAP1),True,True,True,True,False,coordinate_mavedb_complete_gnomad_missing,False,,,,,,
MSH2,p.Gly674Ser,Likely pathogenic,"criteria provided, multiple submitters, no conflicts",820546,NM_000251.3(MSH2):c.2020G>A (p.Gly674Ser),"Apr 29, 2024",combined_external,C:\Users\Wesley Capucho\Documents\IA dos números primos\data\raw\multigene\msh2\msh2_combined_external.tsv,GRCh38,2,47476381,47476381,na,na,47476381,G,A,63750234,True,2-47476381-G-A,,,,False,,False,-1.3247442510817704,urn:mavedb:00000050-a-1,MSH2 LOF scores (HAP1),True,True,True,True,False,coordinate_mavedb_complete_gnomad_missing,False,,,,,,
MSH2,p.Gly674Val,Likely pathogenic,"criteria provided, single submitter",1784570,NM_000251.3(MSH2):c.2021G>T (p.Gly674Val),"Mar 24, 2021",training,C:\Users\Wesley Capucho\Documents\IA dos números primos\data\raw\multigene\msh2\msh2_clinvar_training.tsv,GRCh38,2,47476382,47476382,na,na,47476382,G,T,267607996,True,2-47476382-G-T,,,,False,,False,3.3115073269385285,urn:mavedb:00000050-a-1,MSH2 LOF scores (HAP1),True,True,True,True,False,coordinate_mavedb_complete_gnomad_missing,False,,,,,,
MSH2,p.Gly683Arg,Pathogenic,reviewed by expert panel,90868,NM_000251.3(MSH2):c.2047G>A (p.Gly683Arg),"Sep 05, 2013",combined_external,C:\Users\Wesley Capucho\Documents\IA dos números primos\data\raw\multigene\msh2\msh2_combined_external.tsv,GRCh38,2,47476408,47476408,na,na,47476408,G,A,267607995,True,2-47476408-G-A,,,,False,,False,2.3012998004175365,urn:mavedb:00000050-a-1,MSH2 LOF scores (HAP1),True,True,True,True,False,coordinate_mavedb_complete_gnomad_missing,False,,,,,,
MSH2,p.Gly692Arg,Likely pathogenic,reviewed by expert panel,90878,NM_000251.3(MSH2):c.2074G>C (p.Gly692Arg),"Jun 21, 2019",combined_external,C:\Users\Wesley Capucho\Documents\IA dos números primos\data\raw\multigene\msh2\msh2_combined_external.tsv,GRCh38,2,47476435,47476435,na,na,47476435,G,C,63750232,True,2-47476435-G-C,,,,False,,False,2.2656776737879167,urn:mavedb:00000050-a-1,MSH2 LOF scores (HAP1),True,True,True,True,False,coordinate_mavedb_complete_gnomad_missing,False,,,,,,
MSH2,p.Gly692Trp,Pathogenic/Likely pathogenic,"criteria provided, multiple submitters, no conflicts",428464,NM_000251.3(MSH2):c.2074G>T (p.Gly692Trp),"Jan 03, 2025",combined_external,C:\Users\Wesley Capucho\Documents\IA dos números primos\data\raw\multigene\msh2\msh2_combined_external.tsv,GRCh38,2,47476435,47476435,na,na,47476435,G,T,63750232,True,2-47476435-G-T,,,,False,,False,,urn:mavedb:00000050-a-1,MSH2 LOF scores (HAP1),False,False,True,True,False,coordinate_ready_annotation_missing,False,,,,,,
MSH2,p.Gly692Val,Likely pathogenic,reviewed by expert panel,90880,NM_000251.3(MSH2):c.2075G>T (p.Gly692Val),"Mar 09, 2018",combined_external,C:\Users\Wesley Capucho\Documents\IA dos números primos\data\raw\multigene\msh2\msh2_combined_external.tsv,GRCh38,2,47476436,47476436,na,na,47476436,G,T,63751432,True,2-47476436-G-T,,,,False,,False,2.393261700347692,urn:mavedb:00000050-a-1,MSH2 LOF scores (HAP1),True,True,True,True,False,coordinate_mavedb_complete_gnomad_missing,False,,,,,,
MSH2,p.Gly715Ser,Likely benign,"criteria provided, single submitter",4799769,NM_000251.3(MSH2):c.2143G>A (p.Gly715Ser),"Sep 22, 2025",training,C:\Users\Wesley Capucho\Documents\IA dos números primos\data\raw\multigene\msh2\msh2_clinvar_training.tsv,GRCh38,2,47476504,47476504,na,na,47476504,G,A,-1,True,2-47476504-G-A,,,,False,,False,-3.135177885895237,urn:mavedb:00000050-a-1,MSH2 LOF scores (HAP1),True,True,True,True,False,coordinate_mavedb_complete_gnomad_missing,False,,,,,,
MSH2,p.Gly71Arg,Pathogenic/Likely pathogenic,"criteria provided, multiple submitters, no conflicts",142708,NM_000251.3(MSH2):c.211G>C (p.Gly71Arg),"Nov 03, 2025",combined_external,C:\Users\Wesley Capucho\Documents\IA dos números primos\data\raw\multigene\msh2\msh2_combined_external.tsv,GRCh38,2,47403402,47403402,na,na,47403402,G,C,587782659,True,2-47403402-G-C,,,,False,,False,-3.711359743911384,urn:mavedb:00000050-a-1,MSH2 LOF scores (HAP1),True,True,True,True,False,coordinate_mavedb_complete_gnomad_missing,False,,,,,,
MSH2,p.Gly751Arg,Likely pathogenic,reviewed by expert panel,439192,NM_000251.3(MSH2):c.2251G>C (p.Gly751Arg),"Jun 13, 2018",combined_external,C:\Users\Wesley Capucho\Documents\IA dos números primos\data\raw\multigene\msh2\msh2_combined_external.tsv,GRCh38,2,47478312,47478312,na,na,47478312,G,C,63751119,True,2-47478312-G-C,,,,False,,False,2.297257383311029,urn:mavedb:00000050-a-1,MSH2 LOF scores (HAP1),True,True,True,True,False,coordinate_mavedb_complete_gnomad_missing,False,,,,,,
MSH2,p.Gly761Arg,Pathogenic/Likely pathogenic,"criteria provided, multiple submitters, no conflicts",483671,NM_000251.3(MSH2):c.2281G>C (p.Gly761Arg),"Dec 23, 2024",combined_external,C:\Users\Wesley Capucho\Documents\IA dos números primos\data\raw\multigene\msh2\msh2_combined_external.tsv,GRCh38,2,47478342,47478342,na,na,47478342,G,C,1060502038,True,2-47478342-G-C,,,,False,,False,2.1934552609587734,urn:mavedb:00000050-a-1,MSH2 LOF scores (HAP1),True,True,True,True,False,coordinate_mavedb_complete_gnomad_missing,False,,,,,,
MSH2,p.His46Gln,Likely benign,reviewed by expert panel,90654,NM_000251.3(MSH2):c.138C>G (p.His46Gln),"Dec 19, 2018",combined_external,C:\Users\Wesley Capucho\Documents\IA dos números primos\data\raw\multigene\msh2\msh2_combined_external.tsv,GRCh38,2,47403329,47403329,na,na,47403329,C,G,33946261,True,2-47403329-C-G,,,,False,,False,-3.654107113404864,urn:mavedb:00000050-a-1,MSH2 LOF scores (HAP1),True,True,True,True,False,coordinate_mavedb_complete_gnomad_missing,False,,,,,,
MSH2,p.His610Pro,Likely pathogenic,"criteria provided, multiple submitters, no conflicts",1780893,NM_000251.3(MSH2):c.1829A>C (p.His610Pro),"Dec 29, 2025",combined_external,C:\Users\Wesley Capucho\Documents\IA dos números primos\data\raw\multigene\msh2\msh2_combined_external.tsv,GRCh38,2,47475094,47475094,na,na,47475094,A,C,1667236175,True,2-47475094-A-C,,,,False,,False,1.7754259035574689,urn:mavedb:00000050-a-1,MSH2 LOF scores (HAP1),True,True,True,True,False,coordinate_mavedb_complete_gnomad_missing,False,,,,,,
MSH2,p.His639Tyr,Pathogenic,reviewed by expert panel,1756,NM_000251.3(MSH2):c.1915C>T (p.His639Tyr),"Sep 05, 2013",combined_external,C:\Users\Wesley Capucho\Documents\IA dos números primos\data\raw\multigene\msh2\msh2_combined_external.tsv,GRCh38,2,47475180,47475180,na,na,47475180,C,T,28929484,True,2-47475180-C-T,,,,False,,False,-5.036714332000791,urn:mavedb:00000050-a-1,MSH2 LOF scores (HAP1),True,True,True,True,False,coordinate_mavedb_complete_gnomad_missing,False,,,,,,
MSH2,p.His665Arg,Likely benign,"criteria provided, single submitter",3230825,NM_000251.3(MSH2):c.1994A>G (p.His665Arg),"Dec 08, 2023",training,C:\Users\Wesley Capucho\Documents\IA dos números primos\data\raw\multigene\msh2\msh2_clinvar_training.tsv,GRCh38,2,47475259,47475259,na,na,47475259,A,G,2104350343,True,2-47475259-A-G,,,,False,,False,-2.9947441795406413,urn:mavedb:00000050-a-1,MSH2 LOF scores (HAP1),True,True,True,True,False,coordinate_mavedb_complete_gnomad_missing,False,,,,,,
MSH2,p.His665Leu,Likely benign,"criteria provided, single submitter",4111039,NM_000251.3(MSH2):c.1994A>T (p.His665Leu),"Jul 23, 2025",training,C:\Users\Wesley Capucho\Documents\IA dos números primos\data\raw\multigene\msh2\msh2_clinvar_training.tsv,GRCh38,2,47475259,47475259,na,na,47475259,A,T,-1,True,2-47475259-A-T,,,,False,,False,-4.907357847145509,urn:mavedb:00000050-a-1,MSH2 LOF scores (HAP1),True,True,True,True,False,coordinate_mavedb_complete_gnomad_missing,False,,,,,,
MSH2,p.His785Asp,Likely benign,"criteria provided, single submitter",2453482,NM_000251.3(MSH2):c.2353C>G (p.His785Asp),"Jan 12, 2023",training,C:\Users\Wesley Capucho\Documents\IA dos números primos\data\raw\multigene\msh2\msh2_clinvar_training.tsv,GRCh38,2,47478414,47478414,na,na,47478414,C,G,1553369759,True,2-47478414-C-G,,,,False,,False,-2.4492816148035907,urn:mavedb:00000050-a-1,MSH2 LOF scores (HAP1),True,True,True,True,False,coordinate_mavedb_complete_gnomad_missing,False,,,,,,
MSH2,p.His801Pro,Likely pathogenic,"criteria provided, multiple submitters, no conflicts",428545,NM_000251.3(MSH2):c.2402A>C (p.His801Pro),"Aug 08, 2023",combined_external,C:\Users\Wesley Capucho\Documents\IA dos números primos\data\raw\multigene\msh2\msh2_combined_external.tsv,GRCh38,2,47478463,47478463,na,na,47478463,A,C,1114167875,True,2-47478463-A-C,,,,False,,False,2.541447906826632,urn:mavedb:00000050-a-1,MSH2 LOF scores (HAP1),True,True,True,True,False,coordinate_mavedb_complete_gnomad_missing,False,,,,,,
MSH2,p.His839Gln,Likely benign,"criteria provided, multiple submitters, no conflicts",2587531,NM_000251.3(MSH2):c.2517T>G (p.His839Gln),"Dec 16, 2025",combined_external,C:\Users\Wesley Capucho\Documents\IA dos números primos\data\raw\multigene\msh2\msh2_combined_external.tsv,GRCh38,2,47480754,47480754,na,na,47480754,T,G,267608016,True,2-47480754-T-G,,,,False,,False,-6.534359493190178,urn:mavedb:00000050-a-1,MSH2 LOF scores (HAP1),True,True,True,True,False,coordinate_mavedb_complete_gnomad_missing,False,,,,,,
MSH2,p.Ile145Phe,Likely benign,"criteria provided, single submitter",3398594,NM_000251.3(MSH2):c.433A>T (p.Ile145Phe),"Jul 30, 2024",training,C:\Users\Wesley Capucho\Documents\IA dos números primos\data\raw\multigene\msh2\msh2_clinvar_training.tsv,GRCh38,2,47410160,47410160,na,na,47410160,A,T,-1,True,2-47410160-A-T,,,,False,,False,-4.462291690837809,urn:mavedb:00000050-a-1,MSH2 LOF scores (HAP1),True,True,True,True,False,coordinate_mavedb_complete_gnomad_missing,False,,,,,,
MSH2,p.Ile169Val,Likely benign,reviewed by expert panel,91115,NM_000251.3(MSH2):c.505A>G (p.Ile169Val),"Sep 05, 2013",combined_external,C:\Users\Wesley Capucho\Documents\IA dos números primos\data\raw\multigene\msh2\msh2_combined_external.tsv,GRCh38,2,47410232,47410232,na,na,47410232,A,G,63750716,True,2-47410232-A-G,,,,False,,False,-2.400569624858889,urn:mavedb:00000050-a-1,MSH2 LOF scores (HAP1),True,True,True,True,False,coordinate_mavedb_complete_gnomad_missing,False,,,,,,
MSH2,p.Ile194Asn,Likely benign,"criteria provided, single submitter",3230849,NM_000251.3(MSH2):c.581T>A (p.Ile194Asn),"Feb 08, 2024",training,C:\Users\Wesley Capucho\Documents\IA dos números primos\data\raw\multigene\msh2\msh2_clinvar_training.tsv,GRCh38,2,47410308,47410308,na,na,47410308,T,A,730881778,True,2-47410308-T-A,,,,False,,False,-3.3867127292557493,urn:mavedb:00000050-a-1,MSH2 LOF scores (HAP1),True,True,True,True,False,coordinate_mavedb_complete_gnomad_missing,False,,,,,,
MSH2,p.Ile217Val,Benign,"criteria provided, single submitter",1469992,NM_000251.3(MSH2):c.649A>G (p.Ile217Val),"Sep 01, 2022",training,C:\Users\Wesley Capucho\Documents\IA dos números primos\data\raw\multigene\msh2\msh2_clinvar_training.tsv,GRCh38,2,47412417,47412417,na,na,47412417,A,G,762436663,True,2-47412417-A-G,,,,False,,False,-4.890950203372368,urn:mavedb:00000050-a-1,MSH2 LOF scores (HAP1),True,True,True,True,False,coordinate_mavedb_complete_gnomad_missing,False,,,,,,
MSH2,p.Ile222Phe,Likely benign,"criteria provided, single submitter",4111061,NM_000251.3(MSH2):c.664A>T (p.Ile222Phe),"Sep 03, 2025",training,C:\Users\Wesley Capucho\Documents\IA dos números primos\data\raw\multigene\msh2\msh2_clinvar_training.tsv,GRCh38,2,47412432,47412432,na,na,47412432,A,T,-1,True,2-47412432-A-T,,,,False,,False,-5.079714623084702,urn:mavedb:00000050-a-1,MSH2 LOF scores (HAP1),True,True,True,True,False,coordinate_mavedb_complete_gnomad_missing,False,,,,,,
MSH2,p.Ile237Phe,Likely benign,"criteria provided, single submitter",3230853,NM_000251.3(MSH2):c.709A>T (p.Ile237Phe),"Nov 17, 2023",training,C:\Users\Wesley Capucho\Documents\IA dos números primos\data\raw\multigene\msh2\msh2_clinvar_training.tsv,GRCh38,2,47412477,47412477,na,na,47412477,A,T,63751307,True,2-47412477-A-T,,,,False,,False,-4.84982484857746,urn:mavedb:00000050-a-1,MSH2 LOF scores (HAP1),True,True,True,True,False,coordinate_mavedb_complete_gnomad_missing,False,,,,,,
MSH2,p.Ile304Met,Likely benign,"criteria provided, single submitter",3913545,NM_000251.3(MSH2):c.912T>G (p.Ile304Met),"Mar 17, 2025",training,C:\Users\Wesley Capucho\Documents\IA dos números primos\data\raw\multigene\msh2\msh2_clinvar_training.tsv,GRCh38,2,47414388,47414388,na,na,47414388,T,G,-1,True,2-47414388-T-G,,,,False,,False,-5.286176565287676,urn:mavedb:00000050-a-1,MSH2 LOF scores (HAP1),True,True,True,True,False,coordinate_mavedb_complete_gnomad_missing,False,,,,,,
MSH2,p.Ile356Arg,Pathogenic/Likely pathogenic,"criteria provided, multiple submitters, no conflicts",433880,NM_000251.3(MSH2):c.1067T>G (p.Ile356Arg),"Jan 27, 2023",combined_external,C:\Users\Wesley Capucho\Documents\IA dos números primos\data\raw\multigene\msh2\msh2_combined_external.tsv,GRCh38,2,47416420,47416420,na,na,47416420,T,G,753075410,True,2-47416420-T-G,,,,False,,False,2.3420165366823302,urn:mavedb:00000050-a-1,MSH2 LOF scores (HAP1),True,True,True,True,False,coordinate_mavedb_complete_gnomad_missing,False,,,,,,
MSH2,p.Ile356Lys,Pathogenic/Likely pathogenic,"criteria provided, multiple submitters, no conflicts",483753,NM_000251.3(MSH2):c.1067T>A (p.Ile356Lys),"Jan 21, 2026",combined_external,C:\Users\Wesley Capucho\Documents\IA dos números primos\data\raw\multigene\msh2\msh2_combined_external.tsv,GRCh38,2,47416420,47416420,na,na,47416420,T,A,753075410,True,2-47416420-T-A,,,,False,,False,2.5182598273522347,urn:mavedb:00000050-a-1,MSH2 LOF scores (HAP1),True,True,True,True,False,coordinate_mavedb_complete_gnomad_missing,False,,,,,,
MSH2,p.Ile411Arg,Likely pathogenic,"criteria provided, single submitter",1755986,NM_000251.3(MSH2):c.1232T>G (p.Ile411Arg),"Jul 11, 2025",training,C:\Users\Wesley Capucho\Documents\IA dos números primos\data\raw\multigene\msh2\msh2_clinvar_training.tsv,GRCh38,2,47429897,47429897,na,na,47429897,T,G,2465997027,True,2-47429897-T-G,,,,False,,False,0.4582343252696732,urn:mavedb:00000050-a-1,MSH2 LOF scores (HAP1),True,True,True,True,False,coordinate_mavedb_complete_gnomad_missing,False,,,,,,
MSH2,p.Ile411Leu,Likely benign,"criteria provided, single submitter",2863370,NM_000251.3(MSH2):c.1231A>T (p.Ile411Leu),"Oct 05, 2023",training,C:\Users\Wesley Capucho\Documents\IA dos números primos\data\raw\multigene\msh2\msh2_clinvar_training.tsv,GRCh38,2,47429896,47429896,na,na,47429896,A,T,764825558,True,2-47429896-A-T,,,,False,,False,-3.521410870246907,urn:mavedb:00000050-a-1,MSH2 LOF scores (HAP1),True,True,True,True,False,coordinate_mavedb_complete_gnomad_missing,False,,,,,,
MSH2,p.Ile454Lys,Likely pathogenic,"criteria provided, single submitter",1770848,NM_000251.3(MSH2):c.1361T>A (p.Ile454Lys),"Apr 21, 2022",training,C:\Users\Wesley Capucho\Documents\IA dos números primos\data\raw\multigene\msh2\msh2_clinvar_training.tsv,GRCh38,2,47445632,47445632,na,na,47445632,T,A,1060502025,True,2-47445632-T-A,,,,False,,False,3.612917328656658,urn:mavedb:00000050-a-1,MSH2 LOF scores (HAP1),True,True,True,True,False,coordinate_mavedb_complete_gnomad_missing,False,,,,,,
MSH2,p.Ile511Thr,Likely benign,"criteria provided, single submitter",2567751,NM_000251.3(MSH2):c.1532T>C (p.Ile511Thr),"Apr 17, 2023",training,C:\Users\Wesley Capucho\Documents\IA dos números primos\data\raw\multigene\msh2\msh2_clinvar_training.tsv,GRCh38,2,47466679,47466679,na,na,47466679,T,C,1573553170,True,2-47466679-T-C,,,,False,,False,-3.084887653784433,urn:mavedb:00000050-a-1,MSH2 LOF scores (HAP1),True,True,True,True,False,coordinate_mavedb_complete_gnomad_missing,False,,,,,,
MSH2,p.Ile544Phe,Likely benign,"criteria provided, single submitter",3398589,NM_000251.3(MSH2):c.1630A>T (p.Ile544Phe),"Jul 16, 2024",training,C:\Users\Wesley Capucho\Documents\IA dos números primos\data\raw\multigene\msh2\msh2_clinvar_training.tsv,GRCh38,2,47466777,47466777,na,na,47466777,A,T,-1,True,2-47466777-A-T,,,,False,,False,-4.269469775021358,urn:mavedb:00000050-a-1,MSH2 LOF scores (HAP1),True,True,True,True,False,coordinate_mavedb_complete_gnomad_missing,False,,,,,,
MSH2,p.Ile577Thr,Likely benign,reviewed by expert panel,41644,NM_000251.3(MSH2):c.1730T>C (p.Ile577Thr),"Sep 05, 2013",combined_external,C:\Users\Wesley Capucho\Documents\IA dos números primos\data\raw\multigene\msh2\msh2_combined_external.tsv,GRCh38,2,47471033,47471033,na,na,47471033,T,C,63749910,True,2-47471033-T-C,,,,False,,False,-1.2845426725878557,urn:mavedb:00000050-a-1,MSH2 LOF scores (HAP1),True,True,True,True,False,coordinate_mavedb_complete_gnomad_missing,False,,,,,,
MSH2,p.Ile584Val,Likely benign,"criteria provided, multiple submitters, no conflicts",576261,NM_000251.3(MSH2):c.1750A>G (p.Ile584Val),"Jul 30, 2025",combined_external,C:\Users\Wesley Capucho\Documents\IA dos números primos\data\raw\multigene\msh2\msh2_combined_external.tsv,GRCh38,2,47471053,47471053,na,na,47471053,A,G,1236208777,True,2-47471053-A-G,,,,False,,False,-2.6379076151061414,urn:mavedb:00000050-a-1,MSH2 LOF scores (HAP1),True,True,True,True,False,coordinate_mavedb_complete_gnomad_missing,False,,,,,,
MSH2,p.Ile632Ser,Likely benign,"criteria provided, single submitter",1782145,NM_000251.3(MSH2):c.1895T>G (p.Ile632Ser),"Jun 03, 2022",training,C:\Users\Wesley Capucho\Documents\IA dos números primos\data\raw\multigene\msh2\msh2_clinvar_training.tsv,GRCh38,2,47475160,47475160,na,na,47475160,T,G,2104344314,True,2-47475160-T-G,,,,False,,False,-4.02972481208947,urn:mavedb:00000050-a-1,MSH2 LOF scores (HAP1),True,True,True,True,False,coordinate_mavedb_complete_gnomad_missing,False,,,,,,
MSH2,p.Ile648Val,Benign/Likely benign,"criteria provided, multiple submitters, no conflicts",1783071,NM_000251.3(MSH2):c.1942A>G (p.Ile648Val),"Feb 11, 2025",combined_external,C:\Users\Wesley Capucho\Documents\IA dos números primos\data\raw\multigene\msh2\msh2_combined_external.tsv,GRCh38,2,47475207,47475207,na,na,47475207,A,G,373475495,True,2-47475207-A-G,,,,False,,False,-5.068828201015863,urn:mavedb:00000050-a-1,MSH2 LOF scores (HAP1),True,True,True,True,False,coordinate_mavedb_complete_gnomad_missing,False,,,,,,
MSH2,p.Ile667Met,Likely benign,"criteria provided, single submitter",1784261,NM_000251.3(MSH2):c.2001T>G (p.Ile667Met),"Jun 28, 2022",training,C:\Users\Wesley Capucho\Documents\IA dos números primos\data\raw\multigene\msh2\msh2_clinvar_training.tsv,GRCh38,2,47475266,47475266,na,na,47475266,T,G,2104350739,True,2-47475266-T-G,,,,False,,False,-5.26474841099112,urn:mavedb:00000050-a-1,MSH2 LOF scores (HAP1),True,True,True,True,False,coordinate_mavedb_complete_gnomad_missing,False,,,,,,
MSH2,p.Ile685Arg,Pathogenic/Likely pathogenic,"criteria provided, multiple submitters, no conflicts",1492933,NM_000251.3(MSH2):c.2054T>G (p.Ile685Arg),"Aug 07, 2023",combined_external,C:\Users\Wesley Capucho\Documents\IA dos números primos\data\raw\multigene\msh2\msh2_combined_external.tsv,GRCh38,2,47476415,47476415,na,na,47476415,T,G,1667303602,True,2-47476415-T-G,,,,False,,False,2.3866803827135428,urn:mavedb:00000050-a-1,MSH2 LOF scores (HAP1),True,True,True,True,False,coordinate_mavedb_complete_gnomad_missing,False,,,,,,
MSH2,p.Ile685Leu,Likely benign,"criteria provided, single submitter",4759161,NM_000251.3(MSH2):c.2053A>C (p.Ile685Leu),"Nov 18, 2025",training,C:\Users\Wesley Capucho\Documents\IA dos números primos\data\raw\multigene\msh2\msh2_clinvar_training.tsv,GRCh38,2,47476414,47476414,na,na,47476414,A,C,-1,True,2-47476414-A-C,,,,False,,False,-2.861125192033433,urn:mavedb:00000050-a-1,MSH2 LOF scores (HAP1),True,True,True,True,False,coordinate_mavedb_complete_gnomad_missing,False,,,,,,
MSH2,p.Ile708Asn,Likely pathogenic,"criteria provided, multiple submitters, no conflicts",1786275,NM_000251.3(MSH2):c.2123T>A (p.Ile708Asn),"Dec 20, 2024",combined_external,C:\Users\Wesley Capucho\Documents\IA dos números primos\data\raw\multigene\msh2\msh2_combined_external.tsv,GRCh38,2,47476484,47476484,na,na,47476484,T,A,63750108,True,2-47476484-T-A,,,,False,,False,1.9444278692186832,urn:mavedb:00000050-a-1,MSH2 LOF scores (HAP1),True,True,True,True,False,coordinate_mavedb_complete_gnomad_missing,False,,,,,,
MSH2,p.Ile774Val,Pathogenic/Likely pathogenic,"criteria provided, multiple submitters, no conflicts",408475,NM_000251.3(MSH2):c.2320A>G (p.Ile774Val),"Sep 03, 2025",combined_external,C:\Users\Wesley Capucho\Documents\IA dos números primos\data\raw\multigene\msh2\msh2_combined_external.tsv,GRCh38,2,47478381,47478381,na,na,47478381,A,G,775464903,True,2-47478381-A-G,,,,False,,False,-3.969718563542062,urn:mavedb:00000050-a-1,MSH2 LOF scores (HAP1),True,True,True,True,False,coordinate_mavedb_complete_gnomad_missing,False,,,,,,
MSH2,p.Ile841Leu,Likely benign,"criteria provided, single submitter",4111026,NM_000251.3(MSH2):c.2521A>T (p.Ile841Leu),"Jun 16, 2025",training,C:\Users\Wesley Capucho\Documents\IA dos números primos\data\raw\multigene\msh2\msh2_clinvar_training.tsv,GRCh38,2,47480758,47480758,na,na,47480758,A,T,-1,True,2-47480758-A-T,,,,False,,False,-6.226922921103853,urn:mavedb:00000050-a-1,MSH2 LOF scores (HAP1),True,True,True,True,False,coordinate_mavedb_complete_gnomad_missing,False,,,,,,
MSH2,p.Ile857Leu,Likely benign,"criteria provided, single submitter",3230838,NM_000251.3(MSH2):c.2569A>C (p.Ile857Leu),"Dec 04, 2023",training,C:\Users\Wesley Capucho\Documents\IA dos números primos\data\raw\multigene\msh2\msh2_clinvar_training.tsv,GRCh38,2,47480806,47480806,na,na,47480806,A,C,753459308,True,2-47480806-A-C,,,,False,,False,-5.6208129897131816,urn:mavedb:00000050-a-1,MSH2 LOF scores (HAP1),True,True,True,True,False,coordinate_mavedb_complete_gnomad_missing,False,,,,,,
MSH2,p.Ile930Lys,Likely benign,"criteria provided, single submitter",156505,NM_000251.3(MSH2):c.2789T>A (p.Ile930Lys),"Apr 28, 2025",training,C:\Users\Wesley Capucho\Documents\IA dos números primos\data\raw\multigene\msh2\msh2_clinvar_training.tsv,GRCh38,2,47482933,47482933,na,na,47482933,T,A,587783054,True,2-47482933-T-A,,,,False,,False,-3.0305325746225984,urn:mavedb:00000050-a-1,MSH2 LOF scores (HAP1),True,True,True,True,False,coordinate_mavedb_complete_gnomad_missing,False,,,,,,
MSH2,p.Leu128Ile,Likely benign,"criteria provided, single submitter",3874906,NM_000251.3(MSH2):c.382C>A (p.Leu128Ile),"Jan 31, 2025",training,C:\Users\Wesley Capucho\Documents\IA dos números primos\data\raw\multigene\msh2\msh2_clinvar_training.tsv,GRCh38,2,47410109,47410109,na,na,47410109,C,A,-1,True,2-47410109-C-A,,,,False,,False,-3.7692026001523176,urn:mavedb:00000050-a-1,MSH2 LOF scores (HAP1),True,True,True,True,False,coordinate_mavedb_complete_gnomad_missing,False,,,,,,
MSH2,p.Leu128Pro,Likely benign,"criteria provided, single submitter",1735430,NM_000251.3(MSH2):c.383T>C (p.Leu128Pro),"May 23, 2022",training,C:\Users\Wesley Capucho\Documents\IA dos números primos\data\raw\multigene\msh2\msh2_clinvar_training.tsv,GRCh38,2,47410110,47410110,na,na,47410110,T,C,730881768,True,2-47410110-T-C,,,,False,,False,-4.665748282760551,urn:mavedb:00000050-a-1,MSH2 LOF scores (HAP1),True,True,True,True,False,coordinate_mavedb_complete_gnomad_missing,False,,,,,,
MSH2,p.Leu173Arg,Pathogenic,reviewed by expert panel,91122,NM_000251.3(MSH2):c.518T>G (p.Leu173Arg),"Mar 09, 2018",combined_external,C:\Users\Wesley Capucho\Documents\IA dos números primos\data\raw\multigene\msh2\msh2_combined_external.tsv,GRCh38,2,47410245,47410245,na,na,47410245,T,G,63750070,True,2-47410245-T-G,,,,False,,False,3.5200470254189726,urn:mavedb:00000050-a-1,MSH2 LOF scores (HAP1),True,True,True,True,False,coordinate_mavedb_complete_gnomad_missing,False,,,,,,
MSH2,p.Leu173Pro,Pathogenic/Likely pathogenic,"criteria provided, multiple submitters, no conflicts",91121,NM_000251.3(MSH2):c.518T>C (p.Leu173Pro),"May 05, 2025",combined_external,C:\Users\Wesley Capucho\Documents\IA dos números primos\data\raw\multigene\msh2\msh2_combined_external.tsv,GRCh38,2,47410245,47410245,na,na,47410245,T,C,63750070,True,2-47410245-T-C,,,,False,,False,2.9889528703143524,urn:mavedb:00000050-a-1,MSH2 LOF scores (HAP1),True,True,True,True,False,coordinate_mavedb_complete_gnomad_missing,False,,,,,,
MSH2,p.Leu175Pro,Pathogenic/Likely pathogenic,"criteria provided, multiple submitters, no conflicts",91125,NM_000251.3(MSH2):c.524T>C (p.Leu175Pro),"Nov 10, 2025",combined_external,C:\Users\Wesley Capucho\Documents\IA dos números primos\data\raw\multigene\msh2\msh2_combined_external.tsv,GRCh38,2,47410251,47410251,na,na,47410251,T,C,63751291,True,2-47410251-T-C,,,,False,,False,2.4164011441872577,urn:mavedb:00000050-a-1,MSH2 LOF scores (HAP1),True,True,True,True,False,coordinate_mavedb_complete_gnomad_missing,False,,,,,,
MSH2,p.Leu187Arg,Pathogenic,reviewed by expert panel,91135,NM_000251.3(MSH2):c.560T>G (p.Leu187Arg),"Sep 05, 2013",combined_external,C:\Users\Wesley Capucho\Documents\IA dos números primos\data\raw\multigene\msh2\msh2_combined_external.tsv,GRCh38,2,47410287,47410287,na,na,47410287,T,G,63751444,True,2-47410287-T-G,,,,False,,False,3.159820586639297,urn:mavedb:00000050-a-1,MSH2 LOF scores (HAP1),True,True,True,True,False,coordinate_mavedb_complete_gnomad_missing,False,,,,,,
MSH2,p.Leu187His,Likely pathogenic,"criteria provided, single submitter",1748628,NM_000251.3(MSH2):c.560T>A (p.Leu187His),"Apr 17, 2023",training,C:\Users\Wesley Capucho\Documents\IA dos números primos\data\raw\multigene\msh2\msh2_clinvar_training.tsv,GRCh38,2,47410287,47410287,na,na,47410287,T,A,63751444,True,2-47410287-T-A,,,,False,,False,2.4789928673647346,urn:mavedb:00000050-a-1,MSH2 LOF scores (HAP1),True,True,True,True,False,coordinate_mavedb_complete_gnomad_missing,False,,,,,,
MSH2,p.Leu187Pro,Pathogenic,reviewed by expert panel,91134,NM_000251.3(MSH2):c.560T>C (p.Leu187Pro),"Sep 05, 2013",combined_external,C:\Users\Wesley Capucho\Documents\IA dos números primos\data\raw\multigene\msh2\msh2_combined_external.tsv,GRCh38,2,47410287,47410287,na,na,47410287,T,C,63751444,True,2-47410287-T-C,,,,False,,False,2.7260153685387243,urn:mavedb:00000050-a-1,MSH2 LOF scores (HAP1),True,True,True,True,False,coordinate_mavedb_complete_gnomad_missing,False,,,,,,
MSH2,p.Leu190Pro,Likely pathogenic,"criteria provided, single submitter",428550,NM_000251.3(MSH2):c.569T>C (p.Leu190Pro),"Jun 16, 2025",training,C:\Users\Wesley Capucho\Documents\IA dos números primos\data\raw\multigene\msh2\msh2_clinvar_training.tsv,GRCh38,2,47410296,47410296,na,na,47410296,T,C,1114167878,True,2-47410296-T-C,,,,False,,False,2.272044552879948,urn:mavedb:00000050-a-1,MSH2 LOF scores (HAP1),True,True,True,True,False,coordinate_mavedb_complete_gnomad_missing,False,,,,,,
MSH2,p.Leu191Arg,Likely pathogenic,"criteria provided, single submitter",1749330,NM_000251.3(MSH2):c.572T>G (p.Leu191Arg),"Jul 01, 2022",training,C:\Users\Wesley Capucho\Documents\IA dos números primos\data\raw\multigene\msh2\msh2_clinvar_training.tsv,GRCh38,2,47410299,47410299,na,na,47410299,T,G,2104034341,True,2-47410299-T-G,,,,False,,False,3.115818851424692,urn:mavedb:00000050-a-1,MSH2 LOF scores (HAP1),True,True,True,True,False,coordinate_mavedb_complete_gnomad_missing,False,,,,,,
MSH2,p.Leu241Val,Likely benign,"criteria provided, single submitter",455611,NM_000251.3(MSH2):c.721C>G (p.Leu241Val),"May 27, 2025",training,C:\Users\Wesley Capucho\Documents\IA dos números primos\data\raw\multigene\msh2\msh2_clinvar_training.tsv,GRCh38,2,47412489,47412489,na,na,47412489,C,G,1410859610,True,2-47412489-C-G,,,,False,,False,-4.136908727825079,urn:mavedb:00000050-a-1,MSH2 LOF scores (HAP1),True,True,True,True,False,coordinate_mavedb_complete_gnomad_missing,False,,,,,,
MSH2,p.Leu270Arg,Likely pathogenic,"criteria provided, single submitter",2674583,NM_000251.3(MSH2):c.809T>G (p.Leu270Arg),"Jul 28, 2023",training,C:\Users\Wesley Capucho\Documents\IA dos números primos\data\raw\multigene\msh2\msh2_clinvar_training.tsv,GRCh38,2,47414285,47414285,na,na,47414285,T,G,1573451078,True,2-47414285-T-G,,,,False,,False,1.995115838600921,urn:mavedb:00000050-a-1,MSH2 LOF scores (HAP1),True,True,True,True,False,coordinate_mavedb_complete_gnomad_missing,False,,,,,,
MSH2,p.Leu270Pro,Pathogenic/Likely pathogenic,"criteria provided, multiple submitters, no conflicts",827451,NM_000251.3(MSH2):c.809T>C (p.Leu270Pro),"Dec 23, 2025",combined_external,C:\Users\Wesley Capucho\Documents\IA dos números primos\data\raw\multigene\msh2\msh2_combined_external.tsv,GRCh38,2,47414285,47414285,na,na,47414285,T,C,1573451078,True,2-47414285-T-C,,,,False,,False,3.1699463701056017,urn:mavedb:00000050-a-1,MSH2 LOF scores (HAP1),True,True,True,True,False,coordinate_mavedb_complete_gnomad_missing,False,,,,,,
MSH2,p.Leu280Ser,Likely benign,"criteria provided, single submitter",822383,NM_000251.3(MSH2):c.839T>C (p.Leu280Ser),"Mar 14, 2025",training,C:\Users\Wesley Capucho\Documents\IA dos números primos\data\raw\multigene\msh2\msh2_clinvar_training.tsv,GRCh38,2,47414315,47414315,na,na,47414315,T,C,1573451339,True,2-47414315-T-C,,,,False,,False,-4.527355716311671,urn:mavedb:00000050-a-1,MSH2 LOF scores (HAP1),True,True,True,True,False,coordinate_mavedb_complete_gnomad_missing,False,,,,,,
MSH2,p.Leu310Arg,Pathogenic,"criteria provided, multiple submitters, no conflicts",91246,NM_000251.3(MSH2):c.929T>G (p.Leu310Arg),"Oct 20, 2022",combined_external,C:\Users\Wesley Capucho\Documents\IA dos números primos\data\raw\multigene\msh2\msh2_combined_external.tsv,GRCh38,2,47414405,47414405,na,na,47414405,T,G,63750640,True,2-47414405-T-G,,,,False,,False,3.773665410510082,urn:mavedb:00000050-a-1,MSH2 LOF scores (HAP1),True,True,True,True,False,coordinate_mavedb_complete_gnomad_missing,False,,,,,,
MSH2,p.Leu310Pro,Pathogenic,reviewed by expert panel,91245,NM_000251.3(MSH2):c.929T>C (p.Leu310Pro),"Sep 05, 2013",combined_external,C:\Users\Wesley Capucho\Documents\IA dos números primos\data\raw\multigene\msh2\msh2_combined_external.tsv,GRCh38,2,47414405,47414405,na,na,47414405,T,C,63750640,True,2-47414405-T-C,,,,False,,False,3.675536643699541,urn:mavedb:00000050-a-1,MSH2 LOF scores (HAP1),True,True,True,True,False,coordinate_mavedb_complete_gnomad_missing,False,,,,,,
MSH2,p.Leu330Arg,Likely pathogenic,"criteria provided, single submitter",2674575,NM_000251.3(MSH2):c.989T>G (p.Leu330Arg),"Jul 28, 2023",training,C:\Users\Wesley Capucho\Documents\IA dos números primos\data\raw\multigene\msh2\msh2_clinvar_training.tsv,GRCh38,2,47416342,47416342,na,na,47416342,T,G,63750630,True,2-47416342-T-G,,,,False,,False,1.9715774809948865,urn:mavedb:00000050-a-1,MSH2 LOF scores (HAP1),True,True,True,True,False,coordinate_mavedb_complete_gnomad_missing,False,,,,,,
MSH2,p.Leu330Pro,Pathogenic,reviewed by expert panel,91270,NM_000251.3(MSH2):c.989T>C (p.Leu330Pro),"Jun 21, 2019",combined_external,C:\Users\Wesley Capucho\Documents\IA dos números primos\data\raw\multigene\msh2\msh2_combined_external.tsv,GRCh38,2,47416342,47416342,na,na,47416342,T,C,63750630,True,2-47416342-T-C,,,,False,,False,2.1673513651025624,urn:mavedb:00000050-a-1,MSH2 LOF scores (HAP1),True,True,True,True,False,coordinate_mavedb_complete_gnomad_missing,False,,,,,,
MSH2,p.Leu341Pro,Likely pathogenic,reviewed by expert panel,90507,NM_000251.3(MSH2):c.1022T>C (p.Leu341Pro),"Jun 21, 2019",combined_external,C:\Users\Wesley Capucho\Documents\IA dos números primos\data\raw\multigene\msh2\msh2_combined_external.tsv,GRCh38,2,47416375,47416375,na,na,47416375,T,C,63751147,True,2-47416375-T-C,,,,False,,False,2.512548142746896,urn:mavedb:00000050-a-1,MSH2 LOF scores (HAP1),True,True,True,True,False,coordinate_mavedb_complete_gnomad_missing,False,,,,,,
MSH2,p.Leu360Met,Likely benign,"criteria provided, single submitter",818348,NM_000251.3(MSH2):c.1078T>A (p.Leu360Met),"Sep 07, 2025",training,C:\Users\Wesley Capucho\Documents\IA dos números primos\data\raw\multigene\msh2\msh2_clinvar_training.tsv,GRCh38,2,47429743,47429743,na,na,47429743,T,A,1573484125,True,2-47429743-T-A,,,,False,,False,-2.63336531336084,urn:mavedb:00000050-a-1,MSH2 LOF scores (HAP1),True,True,True,True,False,coordinate_mavedb_complete_gnomad_missing,False,,,,,,
MSH2,p.Leu376Ser,Likely benign,"criteria provided, multiple submitters, no conflicts",1021004,NM_000251.3(MSH2):c.1127T>C (p.Leu376Ser),"Nov 03, 2024",combined_external,C:\Users\Wesley Capucho\Documents\IA dos números primos\data\raw\multigene\msh2\msh2_combined_external.tsv,GRCh38,2,47429792,47429792,na,na,47429792,T,C,762385137,True,2-47429792-T-C,,,,False,,False,-2.750255373504509,urn:mavedb:00000050-a-1,MSH2 LOF scores (HAP1),True,True,True,True,False,coordinate_mavedb_complete_gnomad_missing,False,,,,,,
MSH2,p.Leu390Phe,Benign,reviewed by expert panel,41641,NM_000251.3(MSH2):c.1168C>T (p.Leu390Phe),"Sep 05, 2013",combined_external,C:\Users\Wesley Capucho\Documents\IA dos números primos\data\raw\multigene\msh2\msh2_combined_external.tsv,GRCh38,2,47429833,47429833,na,na,47429833,C,T,17224367,True,2-47429833-C-T,,,,False,,False,-2.8803617900205247,urn:mavedb:00000050-a-1,MSH2 LOF scores (HAP1),True,True,True,True,False,coordinate_mavedb_complete_gnomad_missing,False,,,,,,
MSH2,p.Leu401Phe,Likely benign,"criteria provided, single submitter",3913572,NM_000251.3(MSH2):c.1203A>C (p.Leu401Phe),"May 20, 2025",training,C:\Users\Wesley Capucho\Documents\IA dos números primos\data\raw\multigene\msh2\msh2_clinvar_training.tsv,GRCh38,2,47429868,47429868,na,na,47429868,A,C,-1,True,2-47429868-A-C,,,,False,,False,-3.8294338116547686,urn:mavedb:00000050-a-1,MSH2 LOF scores (HAP1),True,True,True,True,False,coordinate_mavedb_complete_gnomad_missing,False,,,,,,
MSH2,p.Leu414Pro,Likely pathogenic,"criteria provided, single submitter",90579,NM_000251.3(MSH2):c.1241T>C (p.Leu414Pro),"Nov 27, 2024",training,C:\Users\Wesley Capucho\Documents\IA dos números primos\data\raw\multigene\msh2\msh2_clinvar_training.tsv,GRCh38,2,47429906,47429906,na,na,47429906,T,C,587779078,True,2-47429906-T-C,,,,False,,False,1.7663023294853937,urn:mavedb:00000050-a-1,MSH2 LOF scores (HAP1),True,True,True,True,False,coordinate_mavedb_complete_gnomad_missing,False,,,,,,
MSH2,p.Leu432Phe,Likely benign,"criteria provided, single submitter",3296243,NM_000251.3(MSH2):c.1296G>C (p.Leu432Phe),"Jun 20, 2024",training,C:\Users\Wesley Capucho\Documents\IA dos números primos\data\raw\multigene\msh2\msh2_clinvar_training.tsv,GRCh38,2,47445567,47445567,na,na,47445567,G,C,-1,True,2-47445567-G-C,,,,False,,False,-3.3893224395189376,urn:mavedb:00000050-a-1,MSH2 LOF scores (HAP1),True,True,True,True,False,coordinate_mavedb_complete_gnomad_missing,False,,,,,,
MSH2,p.Leu440Arg,Likely pathogenic,"criteria provided, multiple submitters, no conflicts",1504444,NM_000251.3(MSH2):c.1319T>G (p.Leu440Arg),"Aug 01, 2023",combined_external,C:\Users\Wesley Capucho\Documents\IA dos números primos\data\raw\multigene\msh2\msh2_combined_external.tsv,GRCh38,2,47445590,47445590,na,na,47445590,T,G,587779084,True,2-47445590-T-G,,,,False,,False,4.607762702538608,urn:mavedb:00000050-a-1,MSH2 LOF scores (HAP1),True,True,True,True,False,coordinate_mavedb_complete_gnomad_missing,False,,,,,,
MSH2,p.Leu440Pro,Pathogenic,reviewed by expert panel,90625,NM_000251.3(MSH2):c.1319T>C (p.Leu440Pro),"Sep 05, 2013",combined_external,C:\Users\Wesley Capucho\Documents\IA dos números primos\data\raw\multigene\msh2\msh2_combined_external.tsv,GRCh38,2,47445590,47445590,na,na,47445590,T,C,587779084,True,2-47445590-T-C,,,,False,,False,3.30747658956473,urn:mavedb:00000050-a-1,MSH2 LOF scores (HAP1),True,True,True,True,False,coordinate_mavedb_complete_gnomad_missing,False,,,,,,
MSH2,p.Leu478Arg,Likely pathogenic,"criteria provided, multiple submitters, no conflicts",1772564,NM_000251.3(MSH2):c.1433T>G (p.Leu478Arg),"Jun 28, 2024",combined_external,C:\Users\Wesley Capucho\Documents\IA dos números primos\data\raw\multigene\msh2\msh2_combined_external.tsv,GRCh38,2,47463077,47463077,na,na,47463077,T,G,2104087118,True,2-47463077-T-G,,,,False,,False,2.240400872325166,urn:mavedb:00000050-a-1,MSH2 LOF scores (HAP1),True,True,True,True,False,coordinate_mavedb_complete_gnomad_missing,False,,,,,,
MSH2,p.Leu488Met,Likely benign,"criteria provided, single submitter",3398575,NM_000251.3(MSH2):c.1462T>A (p.Leu488Met),"Nov 15, 2024",training,C:\Users\Wesley Capucho\Documents\IA dos números primos\data\raw\multigene\msh2\msh2_clinvar_training.tsv,GRCh38,2,47463106,47463106,na,na,47463106,T,A,-1,True,2-47463106-T-A,,,,False,,False,-3.485622007556456,urn:mavedb:00000050-a-1,MSH2 LOF scores (HAP1),True,True,True,True,False,coordinate_mavedb_complete_gnomad_missing,False,,,,,,
MSH2,p.Leu51Pro,Likely benign,"criteria provided, single submitter",3398591,NM_000251.3(MSH2):c.152T>C (p.Leu51Pro),"Jul 19, 2024",training,C:\Users\Wesley Capucho\Documents\IA dos números primos\data\raw\multigene\msh2\msh2_clinvar_training.tsv,GRCh38,2,47403343,47403343,na,na,47403343,T,C,-1,True,2-47403343-T-C,,,,False,,False,-4.097552576059182,urn:mavedb:00000050-a-1,MSH2 LOF scores (HAP1),True,True,True,True,False,coordinate_mavedb_complete_gnomad_missing,False,,,,,,
MSH2,p.Leu556Ser,Pathogenic/Likely pathogenic,"criteria provided, multiple submitters, no conflicts",90737,NM_000251.3(MSH2):c.1667T>C (p.Leu556Ser),"Sep 16, 2025",combined_external,C:\Users\Wesley Capucho\Documents\IA dos números primos\data\raw\multigene\msh2\msh2_combined_external.tsv,GRCh38,2,47470970,47470970,na,na,47470970,T,C,587779101,True,2-47470970-T-C,,,,False,,False,1.735539318222748,urn:mavedb:00000050-a-1,MSH2 LOF scores (HAP1),True,True,True,True,False,coordinate_mavedb_complete_gnomad_missing,False,,,,,,
MSH2,p.Leu556Trp,Likely pathogenic,reviewed by expert panel,427602,NM_000251.3(MSH2):c.1667T>G (p.Leu556Trp),"Mar 09, 2018",combined_external,C:\Users\Wesley Capucho\Documents\IA dos números primos\data\raw\multigene\msh2\msh2_combined_external.tsv,GRCh38,2,47470970,47470970,na,na,47470970,T,G,587779101,True,2-47470970-T-G,,,,False,,False,0.9974736896602124,urn:mavedb:00000050-a-1,MSH2 LOF scores (HAP1),True,True,True,True,False,coordinate_mavedb_complete_gnomad_missing,False,,,,,,
MSH2,p.Leu595Arg,Pathogenic,"criteria provided, multiple submitters, no conflicts",184645,NM_000251.3(MSH2):c.1784T>G (p.Leu595Arg),"Feb 04, 2025",combined_external,C:\Users\Wesley Capucho\Documents\IA dos números primos\data\raw\multigene\msh2\msh2_combined_external.tsv,GRCh38,2,47475049,47475049,na,na,47475049,T,G,786201590,True,2-47475049-T-G,,,,False,,False,1.1272021174985998,urn:mavedb:00000050-a-1,MSH2 LOF scores (HAP1),True,True,True,True,False,coordinate_mavedb_complete_gnomad_missing,False,,,,,,
MSH2,p.Leu595Pro,Likely pathogenic,"criteria provided, single submitter",848798,NM_000251.3(MSH2):c.1784T>C (p.Leu595Pro),"Feb 17, 2025",training,C:\Users\Wesley Capucho\Documents\IA dos números primos\data\raw\multigene\msh2\msh2_clinvar_training.tsv,GRCh38,2,47475049,47475049,na,na,47475049,T,C,786201590,True,2-47475049-T-C,,,,False,,False,2.19254019729494,urn:mavedb:00000050-a-1,MSH2 LOF scores (HAP1),True,True,True,True,False,coordinate_mavedb_complete_gnomad_missing,False,,,,,,
MSH2,p.Leu687Arg,Likely pathogenic,"criteria provided, multiple submitters, no conflicts",1785226,NM_000251.3(MSH2):c.2060T>G (p.Leu687Arg),"Aug 07, 2023",combined_external,C:\Users\Wesley Capucho\Documents\IA dos números primos\data\raw\multigene\msh2\msh2_combined_external.tsv,GRCh38,2,47476421,47476421,na,na,47476421,T,G,587779133,True,2-47476421-T-G,,,,False,,False,2.175661670456109,urn:mavedb:00000050-a-1,MSH2 LOF scores (HAP1),True,True,True,True,False,coordinate_mavedb_complete_gnomad_missing,False,,,,,,
MSH2,p.Leu687Pro,Pathogenic/Likely pathogenic,"criteria provided, multiple submitters, no conflicts",90873,NM_000251.3(MSH2):c.2060T>C (p.Leu687Pro),"Aug 18, 2025",combined_external,C:\Users\Wesley Capucho\Documents\IA dos números primos\data\raw\multigene\msh2\msh2_combined_external.tsv,GRCh38,2,47476421,47476421,na,na,47476421,T,C,587779133,True,2-47476421-T-C,,,,False,,False,2.054720489080189,urn:mavedb:00000050-a-1,MSH2 LOF scores (HAP1),True,True,True,True,False,coordinate_mavedb_complete_gnomad_missing,False,,,,,,
MSH2,p.Leu744Ile,Likely benign,"criteria provided, single submitter",3913540,NM_000251.3(MSH2):c.2230T>A (p.Leu744Ile),"May 07, 2025",training,C:\Users\Wesley Capucho\Documents\IA dos números primos\data\raw\multigene\msh2\msh2_clinvar_training.tsv,GRCh38,2,47478291,47478291,na,na,47478291,T,A,-1,True,2-47478291-T-A,,,,False,,False,-2.5989172397246176,urn:mavedb:00000050-a-1,MSH2 LOF scores (HAP1),True,True,True,True,False,coordinate_mavedb_complete_gnomad_missing,False,,,,,,
MSH2,p.Leu787Arg,Pathogenic/Likely pathogenic,"criteria provided, multiple submitters, no conflicts",619523,NM_000251.3(MSH2):c.2360T>G (p.Leu787Arg),"Aug 08, 2023",combined_external,C:\Users\Wesley Capucho\Documents\IA dos números primos\data\raw\multigene\msh2\msh2_combined_external.tsv,GRCh38,2,47478421,47478421,na,na,47478421,T,G,1558521929,True,2-47478421-T-G,,,,False,,False,2.3673177636473923,urn:mavedb:00000050-a-1,MSH2 LOF scores (HAP1),True,True,True,True,False,coordinate_mavedb_complete_gnomad_missing,False,,,,,,
MSH2,p.Leu800Val,Likely benign,"criteria provided, single submitter",1790646,NM_000251.3(MSH2):c.2398C>G (p.Leu800Val),"Oct 13, 2021",training,C:\Users\Wesley Capucho\Documents\IA dos números primos\data\raw\multigene\msh2\msh2_clinvar_training.tsv,GRCh38,2,47478459,47478459,na,na,47478459,C,G,766586857,True,2-47478459-C-G,,,,False,,False,-3.149791842836787,urn:mavedb:00000050-a-1,MSH2 LOF scores (HAP1),True,True,True,True,False,coordinate_mavedb_complete_gnomad_missing,False,,,,,,
MSH2,p.Leu93Phe,Likely pathogenic,reviewed by expert panel,91044,NM_000251.3(MSH2):c.277C>T (p.Leu93Phe),"Jun 21, 2019",combined_external,C:\Users\Wesley Capucho\Documents\IA dos números primos\data\raw\multigene\msh2\msh2_combined_external.tsv,GRCh38,2,47408466,47408466,na,na,47408466,C,T,63751429,True,2-47408466-C-T,,,,False,,False,-0.2640675860997574,urn:mavedb:00000050-a-1,MSH2 LOF scores (HAP1),True,True,True,True,False,coordinate_mavedb_complete_gnomad_missing,False,,,,,,
MSH2,p.Lys104Asn,Likely benign,"criteria provided, single submitter",2453471,NM_000251.3(MSH2):c.312G>T (p.Lys104Asn),"Dec 13, 2022",training,C:\Users\Wesley Capucho\Documents\IA dos números primos\data\raw\multigene\msh2\msh2_clinvar_training.tsv,GRCh38,2,47408501,47408501,na,na,47408501,G,T,372972328,True,2-47408501-G-T,,,,False,,False,-3.6939829579863663,urn:mavedb:00000050-a-1,MSH2 LOF scores (HAP1),True,True,True,True,False,coordinate_mavedb_complete_gnomad_missing,False,,,,,,
MSH2,p.Lys104Glu,Likely benign,"criteria provided, single submitter",2587535,NM_000251.3(MSH2):c.310A>G (p.Lys104Glu),"Sep 06, 2023",training,C:\Users\Wesley Capucho\Documents\IA dos números primos\data\raw\multigene\msh2\msh2_clinvar_training.tsv,GRCh38,2,47408499,47408499,na,na,47408499,A,G,1227943908,True,2-47408499-A-G,,,,False,,False,-2.5446749726226168,urn:mavedb:00000050-a-1,MSH2 LOF scores (HAP1),True,True,True,True,False,coordinate_mavedb_complete_gnomad_missing,False,,,,,,
MSH2,p.Lys122Thr,Likely benign,"criteria provided, single submitter",1733652,NM_000251.3(MSH2):c.365A>C (p.Lys122Thr),"Aug 02, 2022",training,C:\Users\Wesley Capucho\Documents\IA dos números primos\data\raw\multigene\msh2\msh2_clinvar_training.tsv,GRCh38,2,47408554,47408554,na,na,47408554,A,C,863224643,True,2-47408554-A-C,,,,False,,False,-3.251567572835388,urn:mavedb:00000050-a-1,MSH2 LOF scores (HAP1),True,True,True,True,False,coordinate_mavedb_complete_gnomad_missing,False,,,,,,
MSH2,p.Lys172Asn,Likely benign,"criteria provided, single submitter",3398642,NM_000251.3(MSH2):c.516A>T (p.Lys172Asn),"Nov 24, 2024",training,C:\Users\Wesley Capucho\Documents\IA dos números primos\data\raw\multigene\msh2\msh2_clinvar_training.tsv,GRCh38,2,47410243,47410243,na,na,47410243,A,T,-1,True,2-47410243-A-T,,,,False,,False,-2.8686284248949168,urn:mavedb:00000050-a-1,MSH2 LOF scores (HAP1),True,True,True,True,False,coordinate_mavedb_complete_gnomad_missing,False,,,,,,
MSH2,p.Lys212Arg,Likely benign,"criteria provided, single submitter",1753036,NM_000251.3(MSH2):c.635A>G (p.Lys212Arg),"May 24, 2022",training,C:\Users\Wesley Capucho\Documents\IA dos números primos\data\raw\multigene\msh2\msh2_clinvar_training.tsv,GRCh38,2,47410362,47410362,na,na,47410362,A,G,2465716193,True,2-47410362-A-G,,,,False,,False,-3.0376492531663417,urn:mavedb:00000050-a-1,MSH2 LOF scores (HAP1),True,True,True,True,False,coordinate_mavedb_complete_gnomad_missing,False,,,,,,
MSH2,p.Lys249Glu,Likely benign,"criteria provided, single submitter",1759007,NM_000251.3(MSH2):c.745A>G (p.Lys249Glu),"Jan 28, 2022",training,C:\Users\Wesley Capucho\Documents\IA dos números primos\data\raw\multigene\msh2\msh2_clinvar_training.tsv,GRCh38,2,47412513,47412513,na,na,47412513,A,G,2465752279,True,2-47412513-A-G,,,,False,,False,-4.511770090847635,urn:mavedb:00000050-a-1,MSH2 LOF scores (HAP1),True,True,True,True,False,coordinate_mavedb_complete_gnomad_missing,False,,,,,,
MSH2,p.Lys29Arg,Likely benign,"criteria provided, single submitter",2453488,NM_000251.3(MSH2):c.86A>G (p.Lys29Arg),"Jan 19, 2023",training,C:\Users\Wesley Capucho\Documents\IA dos números primos\data\raw\multigene\msh2\msh2_clinvar_training.tsv,GRCh38,2,47403277,47403277,na,na,47403277,A,G,2103872428,True,2-47403277-A-G,,,,False,,False,-3.361819976677605,urn:mavedb:00000050-a-1,MSH2 LOF scores (HAP1),True,True,True,True,False,coordinate_mavedb_complete_gnomad_missing,False,,,,,,
MSH2,p.Lys332Arg,Likely benign,"criteria provided, single submitter",1768723,NM_000251.3(MSH2):c.995A>G (p.Lys332Arg),"Feb 03, 2022",training,C:\Users\Wesley Capucho\Documents\IA dos números primos\data\raw\multigene\msh2\msh2_clinvar_training.tsv,GRCh38,2,47416348,47416348,na,na,47416348,A,G,1673074249,True,2-47416348-A-G,,,,False,,False,-4.024491097196337,urn:mavedb:00000050-a-1,MSH2 LOF scores (HAP1),True,True,True,True,False,coordinate_mavedb_complete_gnomad_missing,False,,,,,,
MSH2,p.Lys353Asn,Likely benign,"criteria provided, single submitter",3230802,NM_000251.3(MSH2):c.1059G>C (p.Lys353Asn),"Oct 06, 2023",training,C:\Users\Wesley Capucho\Documents\IA dos números primos\data\raw\multigene\msh2\msh2_clinvar_training.tsv,GRCh38,2,47416412,47416412,na,na,47416412,G,C,2104252666,True,2-47416412-G-C,,,,False,,False,-3.1528003114027374,urn:mavedb:00000050-a-1,MSH2 LOF scores (HAP1),True,True,True,True,False,coordinate_mavedb_complete_gnomad_missing,False,,,,,,
MSH2,p.Lys423Arg,Likely benign,"criteria provided, single submitter",2750348,NM_000251.3(MSH2):c.1268A>G (p.Lys423Arg),"Aug 05, 2023",training,C:\Users\Wesley Capucho\Documents\IA dos números primos\data\raw\multigene\msh2\msh2_clinvar_training.tsv,GRCh38,2,47429933,47429933,na,na,47429933,A,G,756071499,True,2-47429933-A-G,,,,False,,False,-4.572824882443536,urn:mavedb:00000050-a-1,MSH2 LOF scores (HAP1),True,True,True,True,False,coordinate_mavedb_complete_gnomad_missing,False,,,,,,
MSH2,p.Lys430Gln,Likely benign,"criteria provided, single submitter",3230810,NM_000251.3(MSH2):c.1288A>C (p.Lys430Gln),"Oct 25, 2023",training,C:\Users\Wesley Capucho\Documents\IA dos números primos\data\raw\multigene\msh2\msh2_clinvar_training.tsv,GRCh38,2,47445559,47445559,na,na,47445559,A,C,63751646,True,2-47445559-A-C,,,,False,,False,-2.9915794572170538,urn:mavedb:00000050-a-1,MSH2 LOF scores (HAP1),True,True,True,True,False,coordinate_mavedb_complete_gnomad_missing,False,,,,,,
MSH2,p.Lys430Glu,Likely benign,"criteria provided, single submitter",3398610,NM_000251.3(MSH2):c.1288A>G (p.Lys430Glu),"Sep 05, 2024",training,C:\Users\Wesley Capucho\Documents\IA dos números primos\data\raw\multigene\msh2\msh2_clinvar_training.tsv,GRCh38,2,47445559,47445559,na,na,47445559,A,G,-1,True,2-47445559-A-G,,,,False,,False,-3.713652409087792,urn:mavedb:00000050-a-1,MSH2 LOF scores (HAP1),True,True,True,True,False,coordinate_mavedb_complete_gnomad_missing,False,,,,,,
MSH2,p.Lys537Asn,Likely benign,"criteria provided, single submitter",1776389,NM_000251.3(MSH2):c.1611A>C (p.Lys537Asn),"Jun 22, 2022",training,C:\Users\Wesley Capucho\Documents\IA dos números primos\data\raw\multigene\msh2\msh2_clinvar_training.tsv,GRCh38,2,47466758,47466758,na,na,47466758,A,C,2104180919,True,2-47466758-A-C,,,,False,,False,-2.631670786472004,urn:mavedb:00000050-a-1,MSH2 LOF scores (HAP1),True,True,True,True,False,coordinate_mavedb_complete_gnomad_missing,False,,,,,,
MSH2,p.Lys537Thr,Likely benign,"criteria provided, single submitter",2785469,NM_000251.3(MSH2):c.1610A>C (p.Lys537Thr),"Mar 27, 2024",training,C:\Users\Wesley Capucho\Documents\IA dos números primos\data\raw\multigene\msh2\msh2_clinvar_training.tsv,GRCh38,2,47466757,47466757,na,na,47466757,A,C,747074044,True,2-47466757-A-C,,,,False,,False,-3.260236085640245,urn:mavedb:00000050-a-1,MSH2 LOF scores (HAP1),True,True,True,True,False,coordinate_mavedb_complete_gnomad_missing,False,,,,,,
MSH2,p.Lys567Glu,Likely benign,"criteria provided, single submitter",408500,NM_000251.3(MSH2):c.1699A>G (p.Lys567Glu),"Sep 07, 2022",training,C:\Users\Wesley Capucho\Documents\IA dos números primos\data\raw\multigene\msh2\msh2_clinvar_training.tsv,GRCh38,2,47471002,47471002,na,na,47471002,A,G,63751149,True,2-47471002-A-G,,,,False,,False,-1.8386968358930147,urn:mavedb:00000050-a-1,MSH2 LOF scores (HAP1),True,True,True,True,False,coordinate_mavedb_complete_gnomad_missing,False,,,,,,
MSH2,p.Lys635Thr,Likely benign,"criteria provided, single submitter",2453470,NM_000251.3(MSH2):c.1904A>C (p.Lys635Thr),"Dec 12, 2022",training,C:\Users\Wesley Capucho\Documents\IA dos números primos\data\raw\multigene\msh2\msh2_clinvar_training.tsv,GRCh38,2,47475169,47475169,na,na,47475169,A,C,2104344755,True,2-47475169-A-C,,,,False,,False,-6.020263191327207,urn:mavedb:00000050-a-1,MSH2 LOF scores (HAP1),True,True,True,True,False,coordinate_mavedb_complete_gnomad_missing,False,,,,,,
MSH2,p.Lys65Glu,Likely benign,"criteria provided, multiple submitters, no conflicts",645314,NM_000251.3(MSH2):c.193A>G (p.Lys65Glu),"Sep 22, 2023",combined_external,C:\Users\Wesley Capucho\Documents\IA dos números primos\data\raw\multigene\msh2\msh2_combined_external.tsv,GRCh38,2,47403384,47403384,na,na,47403384,A,G,1465016316,True,2-47403384-A-G,,,,False,,False,-2.4036249788420685,urn:mavedb:00000050-a-1,MSH2 LOF scores (HAP1),True,True,True,True,False,coordinate_mavedb_complete_gnomad_missing,False,,,,,,
MSH2,p.Lys73Gln,Likely benign,"criteria provided, single submitter",3398626,NM_000251.3(MSH2):c.217A>C (p.Lys73Gln),"Oct 08, 2024",training,C:\Users\Wesley Capucho\Documents\IA dos números primos\data\raw\multigene\msh2\msh2_clinvar_training.tsv,GRCh38,2,47408406,47408406,na,na,47408406,A,C,-1,True,2-47408406-A-C,,,,False,,False,-4.627494818097652,urn:mavedb:00000050-a-1,MSH2 LOF scores (HAP1),True,True,True,True,False,coordinate_mavedb_complete_gnomad_missing,False,,,,,,
MSH2,p.Lys773Glu,Likely benign,"criteria provided, multiple submitters, no conflicts",619522,NM_000251.3(MSH2):c.2317A>G (p.Lys773Glu),"Aug 29, 2025",combined_external,C:\Users\Wesley Capucho\Documents\IA dos números primos\data\raw\multigene\msh2\msh2_combined_external.tsv,GRCh38,2,47478378,47478378,na,na,47478378,A,G,1558521813,True,2-47478378-A-G,,,,False,,False,-3.1614423513260186,urn:mavedb:00000050-a-1,MSH2 LOF scores (HAP1),True,True,True,True,False,coordinate_mavedb_complete_gnomad_missing,False,,,,,,
MSH2,p.Lys819Ile,Likely benign,"criteria provided, single submitter",4652740,NM_000251.3(MSH2):c.2456A>T (p.Lys819Ile),"Nov 20, 2025",training,C:\Users\Wesley Capucho\Documents\IA dos números primos\data\raw\multigene\msh2\msh2_clinvar_training.tsv,GRCh38,2,47478517,47478517,na,na,47478517,A,T,-1,True,2-47478517-A-T,,,,False,,False,-2.2957439512393463,urn:mavedb:00000050-a-1,MSH2 LOF scores (HAP1),True,True,True,True,False,coordinate_mavedb_complete_gnomad_missing,False,,,,,,
MSH2,p.Lys845Gln,Likely benign,"criteria provided, single submitter",2755828,NM_000251.3(MSH2):c.2533A>C (p.Lys845Gln),"Aug 30, 2023",training,C:\Users\Wesley Capucho\Documents\IA dos números primos\data\raw\multigene\msh2\msh2_clinvar_training.tsv,GRCh38,2,47480770,47480770,na,na,47480770,A,C,63750571,True,2-47480770-A-C,,,,False,,False,-4.038486048766739,urn:mavedb:00000050-a-1,MSH2 LOF scores (HAP1),True,True,True,True,False,coordinate_mavedb_complete_gnomad_missing,False,,,,,,
MSH2,p.Lys882Asn,Likely benign,"criteria provided, single submitter",1794246,NM_000251.3(MSH2):c.2646A>T (p.Lys882Asn),"Aug 22, 2022",training,C:\Users\Wesley Capucho\Documents\IA dos números primos\data\raw\multigene\msh2\msh2_clinvar_training.tsv,GRCh38,2,47482790,47482790,na,na,47482790,A,T,2104459444,True,2-47482790-A-T,,,,False,,False,-4.835805951801729,urn:mavedb:00000050-a-1,MSH2 LOF scores (HAP1),True,True,True,True,False,coordinate_mavedb_complete_gnomad_missing,False,,,,,,
MSH2,p.Lys882Glu,Likely benign,"criteria provided, single submitter",3398559,NM_000251.3(MSH2):c.2644A>G (p.Lys882Glu),"Jul 16, 2024",training,C:\Users\Wesley Capucho\Documents\IA dos números primos\data\raw\multigene\msh2\msh2_clinvar_training.tsv,GRCh38,2,47482788,47482788,na,na,47482788,A,G,-1,True,2-47482788-A-G,,,,False,,False,-3.865031905967144,urn:mavedb:00000050-a-1,MSH2 LOF scores (HAP1),True,True,True,True,False,coordinate_mavedb_complete_gnomad_missing,False,,,,,,
MSH2,p.Met210Ile,Benign/Likely benign,"criteria provided, multiple submitters, no conflicts",577710,NM_000251.3(MSH2):c.630G>A (p.Met210Ile),"Jan 19, 2024",combined_external,C:\Users\Wesley Capucho\Documents\IA dos números primos\data\raw\multigene\msh2\msh2_combined_external.tsv,GRCh38,2,47410357,47410357,na,na,47410357,G,A,769971586,True,2-47410357-G-A,,,,False,,False,-3.662413931845533,urn:mavedb:00000050-a-1,MSH2 LOF scores (HAP1),True,True,True,True,False,coordinate_mavedb_complete_gnomad_missing,False,,,,,,
MSH2,p.Met253Ile,Likely benign,"criteria provided, single submitter",2584100,NM_000251.3(MSH2):c.759G>C (p.Met253Ile),"Sep 05, 2023",training,C:\Users\Wesley Capucho\Documents\IA dos números primos\data\raw\multigene\msh2\msh2_clinvar_training.tsv,GRCh38,2,47412527,47412527,na,na,47412527,G,C,1060502021,True,2-47412527-G-C,,,,False,,False,,urn:mavedb:00000050-a-1,MSH2 LOF scores (HAP1),False,False,True,True,False,coordinate_ready_annotation_missing,False,,,,,,
MSH2,p.Met253Leu,Benign,"criteria provided, single submitter",1759602,NM_000251.3(MSH2):c.757A>T (p.Met253Leu),"May 06, 2024",training,C:\Users\Wesley Capucho\Documents\IA dos números primos\data\raw\multigene\msh2\msh2_clinvar_training.tsv,GRCh38,2,47412525,47412525,na,na,47412525,A,T,1672827889,True,2-47412525-A-T,,,,False,,False,-5.013438688060887,urn:mavedb:00000050-a-1,MSH2 LOF scores (HAP1),True,True,True,True,False,coordinate_mavedb_complete_gnomad_missing,False,,,,,,
MSH2,p.Met453Lys,Pathogenic,reviewed by expert panel,90638,NM_000251.3(MSH2):c.1358T>A (p.Met453Lys),"Sep 05, 2013",combined_external,C:\Users\Wesley Capucho\Documents\IA dos números primos\data\raw\multigene\msh2\msh2_combined_external.tsv,GRCh38,2,47445629,47445629,na,na,47445629,T,A,63750697,True,2-47445629-T-A,,,,False,,False,-2.083821763484476,urn:mavedb:00000050-a-1,MSH2 LOF scores (HAP1),True,True,True,True,False,coordinate_mavedb_complete_gnomad_missing,False,,,,,,
MSH2,p.Met460Ile,Benign/Likely benign,"criteria provided, multiple submitters, no conflicts",2819272,NM_000251.3(MSH2):c.1380G>A (p.Met460Ile),"Aug 07, 2025",combined_external,C:\Users\Wesley Capucho\Documents\IA dos números primos\data\raw\multigene\msh2\msh2_combined_external.tsv,GRCh38,2,47445651,47445651,na,na,47445651,G,A,757534022,True,2-47445651-G-A,,,,False,,False,-5.976553650635448,urn:mavedb:00000050-a-1,MSH2 LOF scores (HAP1),True,True,True,True,False,coordinate_mavedb_complete_gnomad_missing,False,,,,,,
MSH2,p.Met663Ile,Likely benign,"criteria provided, single submitter",4111024,NM_000251.3(MSH2):c.1989G>T (p.Met663Ile),"Jun 16, 2025",training,C:\Users\Wesley Capucho\Documents\IA dos números primos\data\raw\multigene\msh2\msh2_clinvar_training.tsv,GRCh38,2,47475254,47475254,na,na,47475254,G,T,-1,True,2-47475254-G-T,,,,False,,False,-5.613972757657968,urn:mavedb:00000050-a-1,MSH2 LOF scores (HAP1),True,True,True,True,False,coordinate_mavedb_complete_gnomad_missing,False,,,,,,
MSH2,p.Met67Leu,Benign,"criteria provided, single submitter",3398622,NM_000251.3(MSH2):c.199A>T (p.Met67Leu),"Oct 03, 2024",training,C:\Users\Wesley Capucho\Documents\IA dos números primos\data\raw\multigene\msh2\msh2_clinvar_training.tsv,GRCh38,2,47403390,47403390,na,na,47403390,A,T,-1,True,2-47403390-A-T,,,,False,,False,-3.727750595360739,urn:mavedb:00000050-a-1,MSH2 LOF scores (HAP1),True,True,True,True,False,coordinate_mavedb_complete_gnomad_missing,False,,,,,,
MSH2,p.Met688Arg,Pathogenic,reviewed by expert panel,90874,NM_000251.3(MSH2):c.2063T>G (p.Met688Arg),"Sep 05, 2013",combined_external,C:\Users\Wesley Capucho\Documents\IA dos números primos\data\raw\multigene\msh2\msh2_combined_external.tsv,GRCh38,2,47476424,47476424,na,na,47476424,T,G,63749993,True,2-47476424-T-G,,,,False,,False,2.3120449556859035,urn:mavedb:00000050-a-1,MSH2 LOF scores (HAP1),True,True,True,True,False,coordinate_mavedb_complete_gnomad_missing,False,,,,,,
MSH2,p.Met726Ile,Likely benign,"criteria provided, multiple submitters, no conflicts",408484,NM_000251.3(MSH2):c.2178G>A (p.Met726Ile),"Dec 12, 2024",combined_external,C:\Users\Wesley Capucho\Documents\IA dos números primos\data\raw\multigene\msh2\msh2_combined_external.tsv,GRCh38,2,47476539,47476539,na,na,47476539,G,A,587782396,True,2-47476539-G-A,,,,False,,False,,urn:mavedb:00000050-a-1,MSH2 LOF scores (HAP1),False,False,True,True,False,coordinate_ready_annotation_missing,False,,,,,,
MSH2,p.Met866Val,Likely benign,"criteria provided, single submitter",483675,NM_000251.3(MSH2):c.2596A>G (p.Met866Val),"Sep 02, 2022",training,C:\Users\Wesley Capucho\Documents\IA dos números primos\data\raw\multigene\msh2\msh2_clinvar_training.tsv,GRCh38,2,47480833,47480833,na,na,47480833,A,G,1553370453,True,2-47480833-A-G,,,,False,,False,-5.604168984167117,urn:mavedb:00000050-a-1,MSH2 LOF scores (HAP1),True,True,True,True,False,coordinate_mavedb_complete_gnomad_missing,False,,,,,,
MSH2,p.Met894Arg,Likely benign,reviewed by expert panel,633493,NM_000251.3(MSH2):c.2681T>G (p.Met894Arg),"Dec 19, 2018",combined_external,C:\Users\Wesley Capucho\Documents\IA dos números primos\data\raw\multigene\msh2\msh2_combined_external.tsv,GRCh38,2,47482825,47482825,na,na,47482825,T,G,1558526026,True,2-47482825-T-G,,,,False,,False,-3.6885365278092968,urn:mavedb:00000050-a-1,MSH2 LOF scores (HAP1),True,True,True,True,False,coordinate_mavedb_complete_gnomad_missing,False,,,,,,
MSH2,p.Met899Leu,Likely benign,"criteria provided, single submitter",3230841,NM_000251.3(MSH2):c.2695A>C (p.Met899Leu),"Mar 08, 2024",training,C:\Users\Wesley Capucho\Documents\IA dos números primos\data\raw\multigene\msh2\msh2_clinvar_training.tsv,GRCh38,2,47482839,47482839,na,na,47482839,A,C,2529072633,True,2-47482839-A-C,,,,False,,False,-3.7011474901212615,urn:mavedb:00000050-a-1,MSH2 LOF scores (HAP1),True,True,True,True,False,coordinate_mavedb_complete_gnomad_missing,False,,,,,,
MSH2,p.Phe131Tyr,Likely benign,"criteria provided, single submitter",4652383,NM_000251.3(MSH2):c.392T>A (p.Phe131Tyr),"Sep 29, 2025",training,C:\Users\Wesley Capucho\Documents\IA dos números primos\data\raw\multigene\msh2\msh2_clinvar_training.tsv,GRCh38,2,47410119,47410119,na,na,47410119,T,A,-1,True,2-47410119-T-A,,,,False,,False,-2.488920381555722,urn:mavedb:00000050-a-1,MSH2 LOF scores (HAP1),True,True,True,True,False,coordinate_mavedb_complete_gnomad_missing,False,,,,,,
MSH2,p.Phe19Leu,Benign,"criteria provided, single submitter",3772965,NM_000251.3(MSH2):c.57C>A (p.Phe19Leu),"Dec 02, 2024",training,C:\Users\Wesley Capucho\Documents\IA dos números primos\data\raw\multigene\msh2\msh2_clinvar_training.tsv,GRCh38,2,47403248,47403248,na,na,47403248,C,A,-1,True,2-47403248-C-A,,,,False,,False,-3.762310878937878,urn:mavedb:00000050-a-1,MSH2 LOF scores (HAP1),True,True,True,True,False,coordinate_mavedb_complete_gnomad_missing,False,,,,,,
MSH2,p.Phe296Ser,Likely benign,"criteria provided, single submitter",1764968,NM_000251.3(MSH2):c.887T>C (p.Phe296Ser),"Jun 30, 2022",training,C:\Users\Wesley Capucho\Documents\IA dos números primos\data\raw\multigene\msh2\msh2_clinvar_training.tsv,GRCh38,2,47414363,47414363,na,na,47414363,T,C,1573451658,True,2-47414363-T-C,,,,False,,False,-5.183854858577762,urn:mavedb:00000050-a-1,MSH2 LOF scores (HAP1),True,True,True,True,False,coordinate_mavedb_complete_gnomad_missing,False,,,,,,
MSH2,p.Phe313Leu,Likely benign,"criteria provided, single submitter",4111015,NM_000251.3(MSH2):c.939T>A (p.Phe313Leu),"Sep 07, 2025",training,C:\Users\Wesley Capucho\Documents\IA dos números primos\data\raw\multigene\msh2\msh2_clinvar_training.tsv,GRCh38,2,47414415,47414415,na,na,47414415,T,A,-1,True,2-47414415-T-A,,,,False,,False,-2.991727088464502,urn:mavedb:00000050-a-1,MSH2 LOF scores (HAP1),True,True,True,True,False,coordinate_mavedb_complete_gnomad_missing,False,,,,,,
MSH2,p.Phe394Leu,Likely benign,"criteria provided, single submitter",3296210,NM_000251.3(MSH2):c.1180T>C (p.Phe394Leu),"Jun 11, 2024",training,C:\Users\Wesley Capucho\Documents\IA dos números primos\data\raw\multigene\msh2\msh2_clinvar_training.tsv,GRCh38,2,47429845,47429845,na,na,47429845,T,C,-1,True,2-47429845-T-C,,,,False,,False,-3.48951930235226,urn:mavedb:00000050-a-1,MSH2 LOF scores (HAP1),True,True,True,True,False,coordinate_mavedb_complete_gnomad_missing,False,,,,,,
MSH2,p.Phe523Ser,Likely pathogenic,"criteria provided, multiple submitters, no conflicts",142614,NM_000251.3(MSH2):c.1568T>C (p.Phe523Ser),"Aug 02, 2023",combined_external,C:\Users\Wesley Capucho\Documents\IA dos números primos\data\raw\multigene\msh2\msh2_combined_external.tsv,GRCh38,2,47466715,47466715,na,na,47466715,T,C,587782587,True,2-47466715-T-C,,,,False,,False,3.547403928105165,urn:mavedb:00000050-a-1,MSH2 LOF scores (HAP1),True,True,True,True,False,coordinate_mavedb_complete_gnomad_missing,False,,,,,,
MSH2,p.Phe58Leu,Likely benign,"criteria provided, multiple submitters, no conflicts",570175,NM_000251.3(MSH2):c.172T>C (p.Phe58Leu),"Dec 03, 2024",combined_external,C:\Users\Wesley Capucho\Documents\IA dos números primos\data\raw\multigene\msh2\msh2_combined_external.tsv,GRCh38,2,47403363,47403363,na,na,47403363,T,C,1219748334,True,2-47403363-T-C,,,,False,,False,-2.7160965274387068,urn:mavedb:00000050-a-1,MSH2 LOF scores (HAP1),True,True,True,True,False,coordinate_mavedb_complete_gnomad_missing,False,,,,,,
MSH2,p.Phe694Ile,Likely pathogenic,"criteria provided, multiple submitters, no conflicts",820674,NM_000251.3(MSH2):c.2080T>A (p.Phe694Ile),"Dec 26, 2024",combined_external,C:\Users\Wesley Capucho\Documents\IA dos números primos\data\raw\multigene\msh2\msh2_combined_external.tsv,GRCh38,2,47476441,47476441,na,na,47476441,T,A,63751409,True,2-47476441-T-A,,,,False,,False,2.4576385591813974,urn:mavedb:00000050-a-1,MSH2 LOF scores (HAP1),True,True,True,True,False,coordinate_mavedb_complete_gnomad_missing,False,,,,,,
MSH2,p.Phe694Ser,Pathogenic/Likely pathogenic,"criteria provided, multiple submitters, no conflicts",428522,NM_000251.3(MSH2):c.2081T>C (p.Phe694Ser),"Mar 11, 2025",combined_external,C:\Users\Wesley Capucho\Documents\IA dos números primos\data\raw\multigene\msh2\msh2_combined_external.tsv,GRCh38,2,47476442,47476442,na,na,47476442,T,C,1114167857,True,2-47476442-T-C,,,,False,,False,2.0817223983255806,urn:mavedb:00000050-a-1,MSH2 LOF scores (HAP1),True,True,True,True,False,coordinate_mavedb_complete_gnomad_missing,False,,,,,,
MSH2,p.Phe85Val,Likely benign,"criteria provided, single submitter",2567739,NM_000251.3(MSH2):c.253T>G (p.Phe85Val),"Mar 15, 2023",training,C:\Users\Wesley Capucho\Documents\IA dos números primos\data\raw\multigene\msh2\msh2_clinvar_training.tsv,GRCh38,2,47408442,47408442,na,na,47408442,T,G,2103977796,True,2-47408442-T-G,,,,False,,False,-5.187992801306402,urn:mavedb:00000050-a-1,MSH2 LOF scores (HAP1),True,True,True,True,False,coordinate_mavedb_complete_gnomad_missing,False,,,,,,
MSH2,p.Phe887Leu,Likely benign,"criteria provided, single submitter",4651382,NM_000251.3(MSH2):c.2659T>C (p.Phe887Leu),"Nov 24, 2025",training,C:\Users\Wesley Capucho\Documents\IA dos números primos\data\raw\multigene\msh2\msh2_clinvar_training.tsv,GRCh38,2,47482803,47482803,na,na,47482803,T,C,-1,True,2-47482803-T-C,,,,False,,False,-2.452445608499332,urn:mavedb:00000050-a-1,MSH2 LOF scores (HAP1),True,True,True,True,False,coordinate_mavedb_complete_gnomad_missing,False,,,,,,
MSH2,p.Pro125Ser,Likely benign,"criteria provided, single submitter",2453472,NM_000251.3(MSH2):c.373C>T (p.Pro125Ser),"Dec 15, 2022",training,C:\Users\Wesley Capucho\Documents\IA dos números primos\data\raw\multigene\msh2\msh2_clinvar_training.tsv,GRCh38,2,47410100,47410100,na,na,47410100,C,T,761767467,True,2-47410100-C-T,,,,False,,False,-3.0549664388510296,urn:mavedb:00000050-a-1,MSH2 LOF scores (HAP1),True,True,True,True,False,coordinate_mavedb_complete_gnomad_missing,False,,,,,,
MSH2,p.Pro349Arg,Likely pathogenic,reviewed by expert panel,561171,NM_000251.3(MSH2):c.1046_1047delinsGC (p.Pro349Arg),"Jun 13, 2018",combined_external,C:\Users\Wesley Capucho\Documents\IA dos números primos\data\raw\multigene\msh2\msh2_combined_external.tsv,GRCh38,2,47416399,47416400,na,na,47416399,CT,GC,1558466685,True,2-47416399-CT-GC,,,,False,,False,2.597865517089275,urn:mavedb:00000050-a-1,MSH2 LOF scores (HAP1),True,True,True,True,False,coordinate_mavedb_complete_gnomad_missing,False,,,,,,
MSH2,p.Pro349His,Likely pathogenic,"criteria provided, single submitter",2561334,NM_000251.3(MSH2):c.1046C>A (p.Pro349His),"Apr 17, 2023",training,C:\Users\Wesley Capucho\Documents\IA dos números primos\data\raw\multigene\msh2\msh2_clinvar_training.tsv,GRCh38,2,47416399,47416399,na,na,47416399,C,A,587779067,True,2-47416399-C-A,,,,False,,False,2.8632253630143665,urn:mavedb:00000050-a-1,MSH2 LOF scores (HAP1),True,True,True,True,False,coordinate_mavedb_complete_gnomad_missing,False,,,,,,
MSH2,p.Pro349Leu,Pathogenic,reviewed by expert panel,90514,NM_000251.3(MSH2):c.1046C>T (p.Pro349Leu),"Sep 05, 2013",combined_external,C:\Users\Wesley Capucho\Documents\IA dos números primos\data\raw\multigene\msh2\msh2_combined_external.tsv,GRCh38,2,47416399,47416399,na,na,47416399,C,T,587779067,True,2-47416399-C-T,,,,False,,False,2.5846128044807424,urn:mavedb:00000050-a-1,MSH2 LOF scores (HAP1),True,True,True,True,False,coordinate_mavedb_complete_gnomad_missing,False,,,,,,
MSH2,p.Pro349Ser,Likely pathogenic,"criteria provided, multiple submitters, no conflicts",489908,NM_000251.3(MSH2):c.1045C>T (p.Pro349Ser),"Oct 07, 2024",combined_external,C:\Users\Wesley Capucho\Documents\IA dos números primos\data\raw\multigene\msh2\msh2_combined_external.tsv,GRCh38,2,47416398,47416398,na,na,47416398,C,T,267607939,True,2-47416398-C-T,,,,False,,False,1.7157827804876007,urn:mavedb:00000050-a-1,MSH2 LOF scores (HAP1),True,True,True,True,False,coordinate_mavedb_complete_gnomad_missing,False,,,,,,
MSH2,p.Pro349Thr,Likely pathogenic,"criteria provided, multiple submitters, no conflicts",422795,NM_000251.3(MSH2):c.1045C>A (p.Pro349Thr),"Jan 05, 2026",combined_external,C:\Users\Wesley Capucho\Documents\IA dos números primos\data\raw\multigene\msh2\msh2_combined_external.tsv,GRCh38,2,47416398,47416398,na,na,47416398,C,A,267607939,True,2-47416398-C-A,,,,False,,False,2.1055899292007387,urn:mavedb:00000050-a-1,MSH2 LOF scores (HAP1),True,True,True,True,False,coordinate_mavedb_complete_gnomad_missing,False,,,,,,
MSH2,p.Pro415His,Likely benign,"criteria provided, single submitter",2447346,NM_000251.3(MSH2):c.1244C>A (p.Pro415His),"Nov 03, 2022",training,C:\Users\Wesley Capucho\Documents\IA dos números primos\data\raw\multigene\msh2\msh2_clinvar_training.tsv,GRCh38,2,47429909,47429909,na,na,47429909,C,A,1463763476,True,2-47429909-C-A,,,,False,,False,-5.328541728092271,urn:mavedb:00000050-a-1,MSH2 LOF scores (HAP1),True,True,True,True,False,coordinate_mavedb_complete_gnomad_missing,False,,,,,,
MSH2,p.Pro507Leu,Likely benign,"criteria provided, single submitter",1774417,NM_000251.3(MSH2):c.1520C>T (p.Pro507Leu),"May 09, 2022",training,C:\Users\Wesley Capucho\Documents\IA dos números primos\data\raw\multigene\msh2\msh2_clinvar_training.tsv,GRCh38,2,47466667,47466667,na,na,47466667,C,T,1666892785,True,2-47466667-C-T,,,,False,,False,-4.575512256835957,urn:mavedb:00000050-a-1,MSH2 LOF scores (HAP1),True,True,True,True,False,coordinate_mavedb_complete_gnomad_missing,False,,,,,,
MSH2,p.Pro616Leu,Likely benign,"criteria provided, single submitter",1781260,NM_000251.3(MSH2):c.1847C>T (p.Pro616Leu),"Sep 16, 2022",training,C:\Users\Wesley Capucho\Documents\IA dos números primos\data\raw\multigene\msh2\msh2_clinvar_training.tsv,GRCh38,2,47475112,47475112,na,na,47475112,C,T,587779965,True,2-47475112-C-T,,,,False,,False,-5.049318746760621,urn:mavedb:00000050-a-1,MSH2 LOF scores (HAP1),True,True,True,True,False,coordinate_mavedb_complete_gnomad_missing,False,,,,,,
MSH2,p.Pro622Arg,Pathogenic/Likely pathogenic,"criteria provided, multiple submitters, no conflicts",265573,NM_000251.3(MSH2):c.1865C>G (p.Pro622Arg),"Nov 19, 2025",combined_external,C:\Users\Wesley Capucho\Documents\IA dos números primos\data\raw\multigene\msh2\msh2_combined_external.tsv,GRCh38,2,47475130,47475130,na,na,47475130,C,G,28929483,True,2-47475130-C-G,,,,False,,False,1.881895208424972,urn:mavedb:00000050-a-1,MSH2 LOF scores (HAP1),True,True,True,True,False,coordinate_mavedb_complete_gnomad_missing,False,,,,,,
MSH2,p.Pro622Gln,Likely pathogenic,"criteria provided, multiple submitters, no conflicts",427606,NM_000251.3(MSH2):c.1865C>A (p.Pro622Gln),"Jul 19, 2024",combined_external,C:\Users\Wesley Capucho\Documents\IA dos números primos\data\raw\multigene\msh2\msh2_combined_external.tsv,GRCh38,2,47475130,47475130,na,na,47475130,C,A,28929483,True,2-47475130-C-A,,,,False,,False,1.8522999020139523,urn:mavedb:00000050-a-1,MSH2 LOF scores (HAP1),True,True,True,True,False,coordinate_mavedb_complete_gnomad_missing,False,,,,,,
MSH2,p.Pro622Leu,Pathogenic,reviewed by expert panel,1753,NM_000251.3(MSH2):c.1865C>T (p.Pro622Leu),"Sep 05, 2013",combined_external,C:\Users\Wesley Capucho\Documents\IA dos números primos\data\raw\multigene\msh2\msh2_combined_external.tsv,GRCh38,2,47475130,47475130,na,na,47475130,C,T,28929483,True,2-47475130-C-T,,,,False,,False,2.2880239062765453,urn:mavedb:00000050-a-1,MSH2 LOF scores (HAP1),True,True,True,True,False,coordinate_mavedb_complete_gnomad_missing,False,,,,,,
MSH2,p.Pro622Thr,Pathogenic/Likely pathogenic,"criteria provided, multiple submitters, no conflicts",90805,NM_000251.3(MSH2):c.1864C>A (p.Pro622Thr),"Aug 04, 2023",combined_external,C:\Users\Wesley Capucho\Documents\IA dos números primos\data\raw\multigene\msh2\msh2_combined_external.tsv,GRCh38,2,47475129,47475129,na,na,47475129,C,A,63750280,True,2-47475129-C-A,,,,False,,False,2.62273799019356,urn:mavedb:00000050-a-1,MSH2 LOF scores (HAP1),True,True,True,True,False,coordinate_mavedb_complete_gnomad_missing,False,,,,,,
MSH2,p.Pro652Arg,Likely benign,"criteria provided, single submitter",1783292,NM_000251.3(MSH2):c.1955C>G (p.Pro652Arg),"Jul 12, 2022",training,C:\Users\Wesley Capucho\Documents\IA dos números primos\data\raw\multigene\msh2\msh2_clinvar_training.tsv,GRCh38,2,47475220,47475220,na,na,47475220,C,G,267607983,True,2-47475220-C-G,,,,False,,False,-4.701566973619724,urn:mavedb:00000050-a-1,MSH2 LOF scores (HAP1),True,True,True,True,False,coordinate_mavedb_complete_gnomad_missing,False,,,,,,
MSH2,p.Pro652His,Likely pathogenic,reviewed by expert panel,90823,NM_000251.3(MSH2):c.1955C>A (p.Pro652His),"Jun 21, 2019",combined_external,C:\Users\Wesley Capucho\Documents\IA dos números primos\data\raw\multigene\msh2\msh2_combined_external.tsv,GRCh38,2,47475220,47475220,na,na,47475220,C,A,267607983,True,2-47475220-C-A,,,,False,,False,-4.921304924018174,urn:mavedb:00000050-a-1,MSH2 LOF scores (HAP1),True,True,True,True,False,coordinate_mavedb_complete_gnomad_missing,False,,,,,,
MSH2,p.Pro670Arg,Likely benign,"criteria provided, multiple submitters, no conflicts",455537,NM_000251.3(MSH2):c.2009C>G (p.Pro670Arg),"Sep 30, 2025",combined_external,C:\Users\Wesley Capucho\Documents\IA dos números primos\data\raw\multigene\msh2\msh2_combined_external.tsv,GRCh38,2,47476370,47476370,na,na,47476370,C,G,41294982,True,2-47476370-C-G,,,,False,,False,-2.347868746845896,urn:mavedb:00000050-a-1,MSH2 LOF scores (HAP1),True,True,True,True,False,coordinate_mavedb_complete_gnomad_missing,False,,,,,,
MSH2,p.Pro696Arg,Likely pathogenic,"criteria provided, single submitter",2674577,NM_000251.3(MSH2):c.2087C>G (p.Pro696Arg),"Aug 07, 2023",training,C:\Users\Wesley Capucho\Documents\IA dos números primos\data\raw\multigene\msh2\msh2_clinvar_training.tsv,GRCh38,2,47476448,47476448,na,na,47476448,C,G,267607994,True,2-47476448-C-G,,,,False,,False,2.065105726717801,urn:mavedb:00000050-a-1,MSH2 LOF scores (HAP1),True,True,True,True,False,coordinate_mavedb_complete_gnomad_missing,False,,,,,,
MSH2,p.Pro696Gln,Likely pathogenic,"criteria provided, single submitter",3230831,NM_000251.3(MSH2):c.2087C>A (p.Pro696Gln),"Oct 25, 2023",training,C:\Users\Wesley Capucho\Documents\IA dos números primos\data\raw\multigene\msh2\msh2_clinvar_training.tsv,GRCh38,2,47476448,47476448,na,na,47476448,C,A,267607994,True,2-47476448-C-A,,,,False,,False,0.8426634893938018,urn:mavedb:00000050-a-1,MSH2 LOF scores (HAP1),True,True,True,True,False,coordinate_mavedb_complete_gnomad_missing,False,,,,,,
MSH2,p.Pro696Leu,Pathogenic,reviewed by expert panel,90881,NM_000251.3(MSH2):c.2087C>T (p.Pro696Leu),"Jun 21, 2019",combined_external,C:\Users\Wesley Capucho\Documents\IA dos números primos\data\raw\multigene\msh2\msh2_combined_external.tsv,GRCh38,2,47476448,47476448,na,na,47476448,C,T,267607994,True,2-47476448-C-T,,,,False,,False,2.1361735917197016,urn:mavedb:00000050-a-1,MSH2 LOF scores (HAP1),True,True,True,True,False,coordinate_mavedb_complete_gnomad_missing,False,,,,,,
MSH2,p.Pro795Ser,Likely benign,"criteria provided, single submitter",1790465,NM_000251.3(MSH2):c.2383C>T (p.Pro795Ser),"Nov 04, 2021",training,C:\Users\Wesley Capucho\Documents\IA dos números primos\data\raw\multigene\msh2\msh2_clinvar_training.tsv,GRCh38,2,47478444,47478444,na,na,47478444,C,T,2104406872,True,2-47478444-C-T,,,,False,,False,-2.304481539531244,urn:mavedb:00000050-a-1,MSH2 LOF scores (HAP1),True,True,True,True,False,coordinate_mavedb_complete_gnomad_missing,False,,,,,,
MSH2,p.Pro895Ser,Likely benign,"criteria provided, multiple submitters, no conflicts",655967,NM_000251.3(MSH2):c.2683C>T (p.Pro895Ser),"Oct 18, 2023",combined_external,C:\Users\Wesley Capucho\Documents\IA dos números primos\data\raw\multigene\msh2\msh2_combined_external.tsv,GRCh38,2,47482827,47482827,na,na,47482827,C,T,1186801216,True,2-47482827-C-T,,,,False,,False,-2.16115393412608,urn:mavedb:00000050-a-1,MSH2 LOF scores (HAP1),True,True,True,True,False,coordinate_mavedb_complete_gnomad_missing,False,,,,,,
MSH2,p.Ser129Pro,Likely benign,"criteria provided, single submitter",1735603,NM_000251.3(MSH2):c.385T>C (p.Ser129Pro),"May 27, 2022",training,C:\Users\Wesley Capucho\Documents\IA dos números primos\data\raw\multigene\msh2\msh2_clinvar_training.tsv,GRCh38,2,47410112,47410112,na,na,47410112,T,C,1383819080,True,2-47410112-T-C,,,,False,,False,-3.030246592498665,urn:mavedb:00000050-a-1,MSH2 LOF scores (HAP1),True,True,True,True,False,coordinate_mavedb_complete_gnomad_missing,False,,,,,,
MSH2,p.Ser153Ala,Likely benign,"criteria provided, single submitter",2587518,NM_000251.3(MSH2):c.457T>G (p.Ser153Ala),"Jun 24, 2023",training,C:\Users\Wesley Capucho\Documents\IA dos números primos\data\raw\multigene\msh2\msh2_clinvar_training.tsv,GRCh38,2,47410184,47410184,na,na,47410184,T,G,2465704803,True,2-47410184-T-G,,,,False,,False,-3.9156723030181206,urn:mavedb:00000050-a-1,MSH2 LOF scores (HAP1),True,True,True,True,False,coordinate_mavedb_complete_gnomad_missing,False,,,,,,
MSH2,p.Ser185Pro,Likely benign,"criteria provided, single submitter",2567765,NM_000251.3(MSH2):c.553T>C (p.Ser185Pro),"May 24, 2023",training,C:\Users\Wesley Capucho\Documents\IA dos números primos\data\raw\multigene\msh2\msh2_clinvar_training.tsv,GRCh38,2,47410280,47410280,na,na,47410280,T,C,2465710940,True,2-47410280-T-C,,,,False,,False,-3.0994384157108525,urn:mavedb:00000050-a-1,MSH2 LOF scores (HAP1),True,True,True,True,False,coordinate_mavedb_complete_gnomad_missing,False,,,,,,
MSH2,p.Ser271Phe,Likely benign,"criteria provided, single submitter",2453500,NM_000251.3(MSH2):c.812C>T (p.Ser271Phe),"Feb 28, 2023",training,C:\Users\Wesley Capucho\Documents\IA dos números primos\data\raw\multigene\msh2\msh2_clinvar_training.tsv,GRCh38,2,47414288,47414288,na,na,47414288,C,T,139891783,True,2-47414288-C-T,,,,False,,False,-3.812207313832464,urn:mavedb:00000050-a-1,MSH2 LOF scores (HAP1),True,True,True,True,False,coordinate_mavedb_complete_gnomad_missing,False,,,,,,
MSH2,p.Ser281Leu,Likely benign,"criteria provided, multiple submitters, no conflicts",2798450,NM_000251.3(MSH2):c.842C>T (p.Ser281Leu),"Jul 17, 2025",combined_external,C:\Users\Wesley Capucho\Documents\IA dos números primos\data\raw\multigene\msh2\msh2_combined_external.tsv,GRCh38,2,47414318,47414318,na,na,47414318,C,T,63749991,True,2-47414318-C-T,,,,False,,False,-3.741644701175351,urn:mavedb:00000050-a-1,MSH2 LOF scores (HAP1),True,True,True,True,False,coordinate_mavedb_complete_gnomad_missing,False,,,,,,
MSH2,p.Ser297Thr,Likely benign,"criteria provided, single submitter",3913557,NM_000251.3(MSH2):c.890G>C (p.Ser297Thr),"Apr 15, 2025",training,C:\Users\Wesley Capucho\Documents\IA dos números primos\data\raw\multigene\msh2\msh2_clinvar_training.tsv,GRCh38,2,47414366,47414366,na,na,47414366,G,C,-1,True,2-47414366-G-C,,,,False,,False,-3.5752825364571064,urn:mavedb:00000050-a-1,MSH2 LOF scores (HAP1),True,True,True,True,False,coordinate_mavedb_complete_gnomad_missing,False,,,,,,
MSH2,p.Ser316Trp,Likely benign,"criteria provided, single submitter",2453460,NM_000251.3(MSH2):c.947_948delinsGG (p.Ser316Trp),"Nov 17, 2022",training,C:\Users\Wesley Capucho\Documents\IA dos números primos\data\raw\multigene\msh2\msh2_clinvar_training.tsv,GRCh38,2,47416300,47416301,na,na,47416300,CT,GG,2465814691,True,2-47416300-CT-GG,,,,False,,False,-5.699323792414456,urn:mavedb:00000050-a-1,MSH2 LOF scores (HAP1),True,True,True,True,False,coordinate_mavedb_complete_gnomad_missing,False,,,,,,
MSH2,p.Ser473Ala,Likely benign,"criteria provided, single submitter",3874907,NM_000251.3(MSH2):c.1417T>G (p.Ser473Ala),"Feb 04, 2025",training,C:\Users\Wesley Capucho\Documents\IA dos números primos\data\raw\multigene\msh2\msh2_clinvar_training.tsv,GRCh38,2,47463061,47463061,na,na,47463061,T,G,-1,True,2-47463061-T-G,,,,False,,False,-2.917900758058331,urn:mavedb:00000050-a-1,MSH2 LOF scores (HAP1),True,True,True,True,False,coordinate_mavedb_complete_gnomad_missing,False,,,,,,
MSH2,p.Ser479Asn,Benign/Likely benign,"criteria provided, multiple submitters, no conflicts",2073483,NM_000251.3(MSH2):c.1436G>A (p.Ser479Asn),"Nov 11, 2025",combined_external,C:\Users\Wesley Capucho\Documents\IA dos números primos\data\raw\multigene\msh2\msh2_combined_external.tsv,GRCh38,2,47463080,47463080,na,na,47463080,G,A,555986369,True,2-47463080-G-A,,,,False,,False,-3.612688244392922,urn:mavedb:00000050-a-1,MSH2 LOF scores (HAP1),True,True,True,True,False,coordinate_mavedb_complete_gnomad_missing,False,,,,,,
MSH2,p.Ser498Gly,Likely benign,"criteria provided, single submitter",1773807,NM_000251.3(MSH2):c.1492A>G (p.Ser498Gly),"Jul 29, 2022",training,C:\Users\Wesley Capucho\Documents\IA dos números primos\data\raw\multigene\msh2\msh2_clinvar_training.tsv,GRCh38,2,47463136,47463136,na,na,47463136,A,G,2104092784,True,2-47463136-A-G,,,,False,,False,-4.670746382234544,urn:mavedb:00000050-a-1,MSH2 LOF scores (HAP1),True,True,True,True,False,coordinate_mavedb_complete_gnomad_missing,False,,,,,,
MSH2,p.Ser516Thr,Likely benign,"criteria provided, single submitter",3230814,NM_000251.3(MSH2):c.1547G>C (p.Ser516Thr),"Dec 27, 2023",training,C:\Users\Wesley Capucho\Documents\IA dos números primos\data\raw\multigene\msh2\msh2_clinvar_training.tsv,GRCh38,2,47466694,47466694,na,na,47466694,G,C,373564353,True,2-47466694-G-C,,,,False,,False,-4.122066959031697,urn:mavedb:00000050-a-1,MSH2 LOF scores (HAP1),True,True,True,True,False,coordinate_mavedb_complete_gnomad_missing,False,,,,,,
MSH2,p.Ser554Asn,Pathogenic/Likely pathogenic,"criteria provided, multiple submitters, no conflicts",483664,NM_000251.3(MSH2):c.1661G>A (p.Ser554Asn),"Jan 27, 2026",combined_external,C:\Users\Wesley Capucho\Documents\IA dos números primos\data\raw\multigene\msh2\msh2_combined_external.tsv,GRCh38,2,47466808,47466808,na,na,47466808,G,A,63750597,True,2-47466808-G-A,,,,False,,False,-2.539126558312529,urn:mavedb:00000050-a-1,MSH2 LOF scores (HAP1),True,True,True,True,False,coordinate_mavedb_complete_gnomad_missing,False,,,,,,
MSH2,p.Ser554Cys,Pathogenic,reviewed by expert panel,90718,NM_000251.3(MSH2):c.1660A>T (p.Ser554Cys),"Sep 05, 2013",combined_external,C:\Users\Wesley Capucho\Documents\IA dos números primos\data\raw\multigene\msh2\msh2_combined_external.tsv,GRCh38,2,47466807,47466807,na,na,47466807,A,T,63751656,True,2-47466807-A-T,,,,False,,False,-3.2263884356033268,urn:mavedb:00000050-a-1,MSH2 LOF scores (HAP1),True,True,True,True,False,coordinate_mavedb_complete_gnomad_missing,False,,,,,,
MSH2,p.Ser554Gly,Pathogenic,reviewed by expert panel,90717,NM_000251.3(MSH2):c.1660A>G (p.Ser554Gly),"Jun 21, 2019",combined_external,C:\Users\Wesley Capucho\Documents\IA dos números primos\data\raw\multigene\msh2\msh2_combined_external.tsv,GRCh38,2,47466807,47466807,na,na,47466807,A,G,63751656,True,2-47466807-A-G,,,,False,,False,-4.214139621696002,urn:mavedb:00000050-a-1,MSH2 LOF scores (HAP1),True,True,True,True,False,coordinate_mavedb_complete_gnomad_missing,False,,,,,,
MSH2,p.Ser554Ile,Likely pathogenic,"criteria provided, single submitter",1777499,NM_000251.3(MSH2):c.1661G>T (p.Ser554Ile),"Jan 19, 2018",training,C:\Users\Wesley Capucho\Documents\IA dos números primos\data\raw\multigene\msh2\msh2_clinvar_training.tsv,GRCh38,2,47466808,47466808,na,na,47466808,G,T,63750597,True,2-47466808-G-T,,,,False,,False,-4.176193465336948,urn:mavedb:00000050-a-1,MSH2 LOF scores (HAP1),True,True,True,True,False,coordinate_mavedb_complete_gnomad_missing,False,,,,,,
MSH2,p.Ser554Thr,Pathogenic,reviewed by expert panel,90724,NM_000251.3(MSH2):c.1661G>C (p.Ser554Thr),"Sep 05, 2013",combined_external,C:\Users\Wesley Capucho\Documents\IA dos números primos\data\raw\multigene\msh2\msh2_combined_external.tsv,GRCh38,2,47466808,47466808,na,na,47466808,G,C,63750597,True,2-47466808-G-C,,,,False,,False,-2.905784829296805,urn:mavedb:00000050-a-1,MSH2 LOF scores (HAP1),True,True,True,True,False,coordinate_mavedb_complete_gnomad_missing,False,,,,,,
MSH2,p.Ser585Ala,Likely benign,"criteria provided, single submitter",2567748,NM_000251.3(MSH2):c.1753T>G (p.Ser585Ala),"Apr 10, 2023",training,C:\Users\Wesley Capucho\Documents\IA dos números primos\data\raw\multigene\msh2\msh2_clinvar_training.tsv,GRCh38,2,47471056,47471056,na,na,47471056,T,G,2528834231,True,2-47471056-T-G,,,,False,,False,-3.307721642056044,urn:mavedb:00000050-a-1,MSH2 LOF scores (HAP1),True,True,True,True,False,coordinate_mavedb_complete_gnomad_missing,False,,,,,,
MSH2,p.Ser612Pro,Likely benign,"criteria provided, single submitter",2447337,NM_000251.3(MSH2):c.1834T>C (p.Ser612Pro),"Nov 03, 2022",training,C:\Users\Wesley Capucho\Documents\IA dos números primos\data\raw\multigene\msh2\msh2_clinvar_training.tsv,GRCh38,2,47475099,47475099,na,na,47475099,T,C,2104340241,True,2-47475099-T-C,,,,False,,False,-5.341231849111983,urn:mavedb:00000050-a-1,MSH2 LOF scores (HAP1),True,True,True,True,False,coordinate_mavedb_complete_gnomad_missing,False,,,,,,
MSH2,p.Ser676Leu,Likely pathogenic,"criteria provided, single submitter",433893,NM_000251.3(MSH2):c.2027C>T (p.Ser676Leu),"Aug 07, 2023",training,C:\Users\Wesley Capucho\Documents\IA dos números primos\data\raw\multigene\msh2\msh2_clinvar_training.tsv,GRCh38,2,47476388,47476388,na,na,47476388,C,T,1057520735,True,2-47476388-C-T,,,,False,,False,2.5703289887099103,urn:mavedb:00000050-a-1,MSH2 LOF scores (HAP1),True,True,True,True,False,coordinate_mavedb_complete_gnomad_missing,False,,,,,,
MSH2,p.Ser717Gly,Likely benign,"criteria provided, single submitter",848126,NM_000251.3(MSH2):c.2149A>G (p.Ser717Gly),"Aug 10, 2023",training,C:\Users\Wesley Capucho\Documents\IA dos números primos\data\raw\multigene\msh2\msh2_clinvar_training.tsv,GRCh38,2,47476510,47476510,na,na,47476510,A,G,778712654,True,2-47476510-A-G,,,,False,,False,-3.3715041136227524,urn:mavedb:00000050-a-1,MSH2 LOF scores (HAP1),True,True,True,True,False,coordinate_mavedb_complete_gnomad_missing,False,,,,,,
MSH2,p.Ser860Leu,Likely benign,reviewed by expert panel,91006,NM_000251.3(MSH2):c.2579C>T (p.Ser860Leu),"Sep 05, 2013",combined_external,C:\Users\Wesley Capucho\Documents\IA dos números primos\data\raw\multigene\msh2\msh2_combined_external.tsv,GRCh38,2,47480816,47480816,na,na,47480816,C,T,63750849,True,2-47480816-C-T,,,,False,,False,-3.591580583599949,urn:mavedb:00000050-a-1,MSH2 LOF scores (HAP1),True,True,True,True,False,coordinate_mavedb_complete_gnomad_missing,False,,,,,,
MSH2,p.Ser860Trp,Likely benign,"criteria provided, single submitter",3230839,NM_000251.3(MSH2):c.2579C>G (p.Ser860Trp),"Nov 29, 2023",training,C:\Users\Wesley Capucho\Documents\IA dos números primos\data\raw\multigene\msh2\msh2_clinvar_training.tsv,GRCh38,2,47480816,47480816,na,na,47480816,C,G,63750849,True,2-47480816-C-G,,,,False,,False,-4.254946960296197,urn:mavedb:00000050-a-1,MSH2 LOF scores (HAP1),True,True,True,True,False,coordinate_mavedb_complete_gnomad_missing,False,,,,,,
MSH2,p.Ser928Leu,Likely benign,"criteria provided, single submitter",2453497,NM_000251.3(MSH2):c.2783C>T (p.Ser928Leu),"Feb 09, 2023",training,C:\Users\Wesley Capucho\Documents\IA dos números primos\data\raw\multigene\msh2\msh2_clinvar_training.tsv,GRCh38,2,47482927,47482927,na,na,47482927,C,T,1802577,True,2-47482927-C-T,,,,False,,False,-2.315878546554112,urn:mavedb:00000050-a-1,MSH2 LOF scores (HAP1),True,True,True,True,False,coordinate_mavedb_complete_gnomad_missing,False,,,,,,
MSH2,p.Thr234Lys,Likely benign,"criteria provided, single submitter",1756711,NM_000251.3(MSH2):c.701C>A (p.Thr234Lys),"Sep 02, 2022",training,C:\Users\Wesley Capucho\Documents\IA dos números primos\data\raw\multigene\msh2\msh2_clinvar_training.tsv,GRCh38,2,47412469,47412469,na,na,47412469,C,A,730881773,True,2-47412469-C-A,,,,False,,False,-5.542959409739081,urn:mavedb:00000050-a-1,MSH2 LOF scores (HAP1),True,True,True,True,False,coordinate_mavedb_complete_gnomad_missing,False,,,,,,
MSH2,p.Thr292Ile,Likely benign,"criteria provided, single submitter",2587515,NM_000251.3(MSH2):c.875C>T (p.Thr292Ile),"Aug 11, 2023",training,C:\Users\Wesley Capucho\Documents\IA dos números primos\data\raw\multigene\msh2\msh2_clinvar_training.tsv,GRCh38,2,47414351,47414351,na,na,47414351,C,T,2104174137,True,2-47414351-C-T,,,,False,,False,-3.5408495170132346,urn:mavedb:00000050-a-1,MSH2 LOF scores (HAP1),True,True,True,True,False,coordinate_mavedb_complete_gnomad_missing,False,,,,,,
MSH2,p.Thr31Ile,Likely benign,"criteria provided, single submitter",3673966,NM_000251.3(MSH2):c.92C>T (p.Thr31Ile),"Aug 08, 2024",training,C:\Users\Wesley Capucho\Documents\IA dos números primos\data\raw\multigene\msh2\msh2_clinvar_training.tsv,GRCh38,2,47403283,47403283,na,na,47403283,C,T,-1,True,2-47403283-C-T,,,,False,,False,-2.55221258969439,urn:mavedb:00000050-a-1,MSH2 LOF scores (HAP1),True,True,True,True,False,coordinate_mavedb_complete_gnomad_missing,False,,,,,,
MSH2,p.Thr31Pro,Likely benign,"criteria provided, single submitter",3398561,NM_000251.3(MSH2):c.91A>C (p.Thr31Pro),"Oct 30, 2024",training,C:\Users\Wesley Capucho\Documents\IA dos números primos\data\raw\multigene\msh2\msh2_clinvar_training.tsv,GRCh38,2,47403282,47403282,na,na,47403282,A,C,-1,True,2-47403282-A-C,,,,False,,False,-2.96452728360338,urn:mavedb:00000050-a-1,MSH2 LOF scores (HAP1),True,True,True,True,False,coordinate_mavedb_complete_gnomad_missing,False,,,,,,
MSH2,p.Thr335Pro,Likely pathogenic,"criteria provided, single submitter",2561335,NM_000251.3(MSH2):c.1003A>C (p.Thr335Pro),"Apr 17, 2023",training,C:\Users\Wesley Capucho\Documents\IA dos números primos\data\raw\multigene\msh2\msh2_clinvar_training.tsv,GRCh38,2,47416356,47416356,na,na,47416356,A,C,1573456437,True,2-47416356-A-C,,,,False,,False,2.710876969654719,urn:mavedb:00000050-a-1,MSH2 LOF scores (HAP1),True,True,True,True,False,coordinate_mavedb_complete_gnomad_missing,False,,,,,,
MSH2,p.Thr335Ser,Likely benign,"criteria provided, single submitter",2453496,NM_000251.3(MSH2):c.1003A>T (p.Thr335Ser),"Feb 14, 2023",training,C:\Users\Wesley Capucho\Documents\IA dos números primos\data\raw\multigene\msh2\msh2_clinvar_training.tsv,GRCh38,2,47416356,47416356,na,na,47416356,A,T,1573456437,True,2-47416356-A-T,,,,False,,False,-4.138133512834572,urn:mavedb:00000050-a-1,MSH2 LOF scores (HAP1),True,True,True,True,False,coordinate_mavedb_complete_gnomad_missing,False,,,,,,
MSH2,p.Thr375Ser,Benign,"criteria provided, single submitter",3296219,NM_000251.3(MSH2):c.1123A>T (p.Thr375Ser),"Mar 27, 2024",training,C:\Users\Wesley Capucho\Documents\IA dos números primos\data\raw\multigene\msh2\msh2_clinvar_training.tsv,GRCh38,2,47429788,47429788,na,na,47429788,A,T,-1,True,2-47429788-A-T,,,,False,,False,-3.722499101685415,urn:mavedb:00000050-a-1,MSH2 LOF scores (HAP1),True,True,True,True,False,coordinate_mavedb_complete_gnomad_missing,False,,,,,,
MSH2,p.Thr456Arg,Likely benign,"criteria provided, single submitter",1770951,NM_000251.3(MSH2):c.1367C>G (p.Thr456Arg),"Jul 01, 2022",training,C:\Users\Wesley Capucho\Documents\IA dos números primos\data\raw\multigene\msh2\msh2_clinvar_training.tsv,GRCh38,2,47445638,47445638,na,na,47445638,C,G,777963115,True,2-47445638-C-G,,,,False,,False,-2.28910051968225,urn:mavedb:00000050-a-1,MSH2 LOF scores (HAP1),True,True,True,True,False,coordinate_mavedb_complete_gnomad_missing,False,,,,,,
MSH2,p.Thr495Lys,Likely benign,"criteria provided, single submitter",3296237,NM_000251.3(MSH2):c.1484C>A (p.Thr495Lys),"Jun 24, 2024",training,C:\Users\Wesley Capucho\Documents\IA dos números primos\data\raw\multigene\msh2\msh2_clinvar_training.tsv,GRCh38,2,47463128,47463128,na,na,47463128,C,A,-1,True,2-47463128-C-A,,,,False,,False,-2.7987364662920338,urn:mavedb:00000050-a-1,MSH2 LOF scores (HAP1),True,True,True,True,False,coordinate_mavedb_complete_gnomad_missing,False,,,,,,
MSH2,p.Thr541Asn,Likely benign,"criteria provided, single submitter",1776628,NM_000251.3(MSH2):c.1622C>A (p.Thr541Asn),"Jun 27, 2022",training,C:\Users\Wesley Capucho\Documents\IA dos números primos\data\raw\multigene\msh2\msh2_clinvar_training.tsv,GRCh38,2,47466769,47466769,na,na,47466769,C,A,864622079,True,2-47466769-C-A,,,,False,,False,-2.7872972539881142,urn:mavedb:00000050-a-1,MSH2 LOF scores (HAP1),True,True,True,True,False,coordinate_mavedb_complete_gnomad_missing,False,,,,,,
MSH2,p.Thr564Ala,Benign,reviewed by expert panel,90750,NM_000251.3(MSH2):c.1690A>G (p.Thr564Ala),"Sep 05, 2013",combined_external,C:\Users\Wesley Capucho\Documents\IA dos números primos\data\raw\multigene\msh2\msh2_combined_external.tsv,GRCh38,2,47470993,47470993,na,na,47470993,A,G,55778204,True,2-47470993-A-G,,,,False,,False,-2.974118873768893,urn:mavedb:00000050-a-1,MSH2 LOF scores (HAP1),True,True,True,True,False,coordinate_mavedb_complete_gnomad_missing,False,,,,,,
MSH2,p.Thr594Ala,Benign/Likely benign,"criteria provided, multiple submitters, no conflicts",1039589,NM_000251.3(MSH2):c.1780A>G (p.Thr594Ala),"Jul 03, 2024",combined_external,C:\Users\Wesley Capucho\Documents\IA dos números primos\data\raw\multigene\msh2\msh2_combined_external.tsv,GRCh38,2,47475045,47475045,na,na,47475045,A,G,753897195,True,2-47475045-A-G,,,,False,,False,-3.3516034299495,urn:mavedb:00000050-a-1,MSH2 LOF scores (HAP1),True,True,True,True,False,coordinate_mavedb_complete_gnomad_missing,False,,,,,,
MSH2,p.Thr594Ser,Likely benign,"criteria provided, single submitter",2567769,NM_000251.3(MSH2):c.1780A>T (p.Thr594Ser),"Jun 08, 2023",training,C:\Users\Wesley Capucho\Documents\IA dos números primos\data\raw\multigene\msh2\msh2_clinvar_training.tsv,GRCh38,2,47475045,47475045,na,na,47475045,A,T,753897195,True,2-47475045-A-T,,,,False,,False,-3.575201837668983,urn:mavedb:00000050-a-1,MSH2 LOF scores (HAP1),True,True,True,True,False,coordinate_mavedb_complete_gnomad_missing,False,,,,,,
MSH2,p.Thr60Ser,Likely benign,"criteria provided, single submitter",1780163,NM_000251.3(MSH2):c.178A>T (p.Thr60Ser),"Jun 10, 2022",training,C:\Users\Wesley Capucho\Documents\IA dos números primos\data\raw\multigene\msh2\msh2_clinvar_training.tsv,GRCh38,2,47403369,47403369,na,na,47403369,A,T,1573424088,True,2-47403369-A-T,,,,False,,False,-4.294939628972457,urn:mavedb:00000050-a-1,MSH2 LOF scores (HAP1),True,True,True,True,False,coordinate_mavedb_complete_gnomad_missing,False,,,,,,
MSH2,p.Thr677Arg,Pathogenic/Likely pathogenic,"criteria provided, multiple submitters, no conflicts",233888,NM_000251.3(MSH2):c.2030C>G (p.Thr677Arg),"Jan 04, 2026",combined_external,C:\Users\Wesley Capucho\Documents\IA dos números primos\data\raw\multigene\msh2\msh2_combined_external.tsv,GRCh38,2,47476391,47476391,na,na,47476391,C,G,876660711,True,2-47476391-C-G,,,,False,,False,2.4690691252072954,urn:mavedb:00000050-a-1,MSH2 LOF scores (HAP1),True,True,True,True,False,coordinate_mavedb_complete_gnomad_missing,False,,,,,,
MSH2,p.Thr732Pro,Likely pathogenic,"criteria provided, single submitter",2674578,NM_000251.3(MSH2):c.2194A>C (p.Thr732Pro),"Aug 08, 2023",training,C:\Users\Wesley Capucho\Documents\IA dos números primos\data\raw\multigene\msh2\msh2_clinvar_training.tsv,GRCh38,2,47476555,47476555,na,na,47476555,A,C,1667315990,True,2-47476555-A-C,,,,False,,False,1.7293188705161349,urn:mavedb:00000050-a-1,MSH2 LOF scores (HAP1),True,True,True,True,False,coordinate_mavedb_complete_gnomad_missing,False,,,,,,
MSH2,p.Thr740Ser,Likely benign,"criteria provided, single submitter",3296241,NM_000251.3(MSH2):c.2218A>T (p.Thr740Ser),"Jun 11, 2024",training,C:\Users\Wesley Capucho\Documents\IA dos números primos\data\raw\multigene\msh2\msh2_clinvar_training.tsv,GRCh38,2,47478279,47478279,na,na,47478279,A,T,-1,True,2-47478279-A-T,,,,False,,False,-3.3895702723760817,urn:mavedb:00000050-a-1,MSH2 LOF scores (HAP1),True,True,True,True,False,coordinate_mavedb_complete_gnomad_missing,False,,,,,,
MSH2,p.Thr8Met,Benign,reviewed by expert panel,90964,NM_000251.3(MSH2):c.23C>T (p.Thr8Met),"Sep 05, 2013",combined_external,C:\Users\Wesley Capucho\Documents\IA dos números primos\data\raw\multigene\msh2\msh2_combined_external.tsv,GRCh38,2,47403214,47403214,na,na,47403214,C,T,17217716,True,2-47403214-C-T,,,,False,,False,-1.0085916483288382,urn:mavedb:00000050-a-1,MSH2 LOF scores (HAP1),True,True,True,True,False,coordinate_mavedb_complete_gnomad_missing,False,,,,,,
MSH2,p.Thr905Arg,Likely benign,reviewed by expert panel,91037,NM_000251.3(MSH2):c.2714C>G (p.Thr905Arg),"Nov 24, 2015",combined_external,C:\Users\Wesley Capucho\Documents\IA dos números primos\data\raw\multigene\msh2\msh2_combined_external.tsv,GRCh38,2,47482858,47482858,na,na,47482858,C,G,267608022,True,2-47482858-C-G,,,,False,,False,-3.667614461168517,urn:mavedb:00000050-a-1,MSH2 LOF scores (HAP1),True,True,True,True,False,coordinate_mavedb_complete_gnomad_missing,False,,,,,,
MSH2,p.Thr905Pro,Likely benign,"criteria provided, single submitter",821700,NM_000251.3(MSH2):c.2713A>C (p.Thr905Pro),"Apr 02, 2025",training,C:\Users\Wesley Capucho\Documents\IA dos números primos\data\raw\multigene\msh2\msh2_clinvar_training.tsv,GRCh38,2,47482857,47482857,na,na,47482857,A,C,1573582647,True,2-47482857-A-C,,,,False,,False,-4.159030868213738,urn:mavedb:00000050-a-1,MSH2 LOF scores (HAP1),True,True,True,True,False,coordinate_mavedb_complete_gnomad_missing,False,,,,,,
MSH2,p.Thr934Ala,Likely benign,"criteria provided, multiple submitters, no conflicts",1796214,NM_000251.3(MSH2):c.2800A>G (p.Thr934Ala),"Jan 15, 2026",combined_external,C:\Users\Wesley Capucho\Documents\IA dos números primos\data\raw\multigene\msh2\msh2_combined_external.tsv,GRCh38,2,47482944,47482944,na,na,47482944,A,G,786203590,True,2-47482944-A-G,,,,False,,False,-3.0044772231338355,urn:mavedb:00000050-a-1,MSH2 LOF scores (HAP1),True,True,True,True,False,coordinate_mavedb_complete_gnomad_missing,False,,,,,,
MSH2,p.Trp345Arg,Likely pathogenic,"criteria provided, single submitter",4111041,NM_000251.3(MSH2):c.1033T>C (p.Trp345Arg),"Jul 23, 2025",training,C:\Users\Wesley Capucho\Documents\IA dos números primos\data\raw\multigene\msh2\msh2_clinvar_training.tsv,GRCh38,2,47416386,47416386,na,na,47416386,T,C,-1,True,2-47416386-T-C,,,,False,,False,0.0177362824488547,urn:mavedb:00000050-a-1,MSH2 LOF scores (HAP1),True,True,True,True,False,coordinate_mavedb_complete_gnomad_missing,False,,,,,,
MSH2,p.Tyr165Asp,Likely pathogenic,reviewed by expert panel,91111,NM_000251.3(MSH2):c.493T>G (p.Tyr165Asp),"Jun 21, 2019",combined_external,C:\Users\Wesley Capucho\Documents\IA dos números primos\data\raw\multigene\msh2\msh2_combined_external.tsv,GRCh38,2,47410220,47410220,na,na,47410220,T,G,587779163,True,2-47410220-T-G,,,,False,,False,2.9635800281417106,urn:mavedb:00000050-a-1,MSH2 LOF scores (HAP1),True,True,True,True,False,coordinate_mavedb_complete_gnomad_missing,False,,,,,,
MSH2,p.Tyr299Asn,Likely benign,"criteria provided, single submitter",1765259,NM_000251.3(MSH2):c.895T>A (p.Tyr299Asn),"Jul 11, 2022",training,C:\Users\Wesley Capucho\Documents\IA dos números primos\data\raw\multigene\msh2\msh2_clinvar_training.tsv,GRCh38,2,47414371,47414371,na,na,47414371,T,A,2104176317,True,2-47414371-T-A,,,,False,,False,-4.484905531438886,urn:mavedb:00000050-a-1,MSH2 LOF scores (HAP1),True,True,True,True,False,coordinate_mavedb_complete_gnomad_missing,False,,,,,,
MSH2,p.Tyr408Phe,Likely benign,"criteria provided, multiple submitters, no conflicts",192221,NM_000251.3(MSH2):c.1223A>T (p.Tyr408Phe),"Jul 28, 2025",combined_external,C:\Users\Wesley Capucho\Documents\IA dos números primos\data\raw\multigene\msh2\msh2_combined_external.tsv,GRCh38,2,47429888,47429888,na,na,47429888,A,T,63750379,True,2-47429888-A-T,,,,False,,False,-4.112202366640364,urn:mavedb:00000050-a-1,MSH2 LOF scores (HAP1),True,True,True,True,False,coordinate_mavedb_complete_gnomad_missing,False,,,,,,
MSH2,p.Tyr619His,Likely benign,"criteria provided, single submitter",1781397,NM_000251.3(MSH2):c.1855T>C (p.Tyr619His),"Aug 08, 2022",training,C:\Users\Wesley Capucho\Documents\IA dos números primos\data\raw\multigene\msh2\msh2_clinvar_training.tsv,GRCh38,2,47475120,47475120,na,na,47475120,T,C,2104341751,True,2-47475120-T-C,,,,False,,False,-5.603043790697093,urn:mavedb:00000050-a-1,MSH2 LOF scores (HAP1),True,True,True,True,False,coordinate_mavedb_complete_gnomad_missing,False,,,,,,
MSH2,p.Tyr656Asn,Benign,"criteria provided, single submitter",3230823,NM_000251.3(MSH2):c.1966T>A (p.Tyr656Asn),"Dec 09, 2023",training,C:\Users\Wesley Capucho\Documents\IA dos números primos\data\raw\multigene\msh2\msh2_clinvar_training.tsv,GRCh38,2,47475231,47475231,na,na,47475231,T,A,1573567393,True,2-47475231-T-A,,,,False,,False,-4.0419706102892174,urn:mavedb:00000050-a-1,MSH2 LOF scores (HAP1),True,True,True,True,False,coordinate_mavedb_complete_gnomad_missing,False,,,,,,
MSH2,p.Tyr66Cys,Likely benign,"criteria provided, single submitter",3230824,NM_000251.3(MSH2):c.197A>G (p.Tyr66Cys),"Dec 18, 2023",training,C:\Users\Wesley Capucho\Documents\IA dos números primos\data\raw\multigene\msh2\msh2_clinvar_training.tsv,GRCh38,2,47403388,47403388,na,na,47403388,A,G,1672253637,True,2-47403388-A-G,,,,False,,False,-4.150832806071115,urn:mavedb:00000050-a-1,MSH2 LOF scores (HAP1),True,True,True,True,False,coordinate_mavedb_complete_gnomad_missing,False,,,,,,
MSH2,p.Tyr66His,Likely benign,"criteria provided, single submitter",4111032,NM_000251.3(MSH2):c.196T>C (p.Tyr66His),"Jul 09, 2025",training,C:\Users\Wesley Capucho\Documents\IA dos números primos\data\raw\multigene\msh2\msh2_clinvar_training.tsv,GRCh38,2,47403387,47403387,na,na,47403387,T,C,-1,True,2-47403387-T-C,,,,False,,False,-4.539414819288262,urn:mavedb:00000050-a-1,MSH2 LOF scores (HAP1),True,True,True,True,False,coordinate_mavedb_complete_gnomad_missing,False,,,,,,
MSH2,p.Tyr863Asp,Likely benign,"criteria provided, single submitter",821530,NM_000251.3(MSH2):c.2587T>G (p.Tyr863Asp),"Feb 02, 2023",training,C:\Users\Wesley Capucho\Documents\IA dos números primos\data\raw\multigene\msh2\msh2_clinvar_training.tsv,GRCh38,2,47480824,47480824,na,na,47480824,T,G,1573579032,True,2-47480824-T-G,,,,False,,False,-4.55006010957244,urn:mavedb:00000050-a-1,MSH2 LOF scores (HAP1),True,True,True,True,False,coordinate_mavedb_complete_gnomad_missing,False,,,,,,
MSH2,p.Val102Ile,Likely benign,reviewed by expert panel,36575,NM_000251.3(MSH2):c.304G>A (p.Val102Ile),"Sep 05, 2013",combined_external,C:\Users\Wesley Capucho\Documents\IA dos números primos\data\raw\multigene\msh2\msh2_combined_external.tsv,GRCh38,2,47408493,47408493,na,na,47408493,G,A,193922373,True,2-47408493-G-A,,,,False,,False,-3.1932893741628137,urn:mavedb:00000050-a-1,MSH2 LOF scores (HAP1),True,True,True,True,False,coordinate_mavedb_complete_gnomad_missing,False,,,,,,
MSH2,p.Val161Asp,Pathogenic,reviewed by expert panel,91104,NM_000251.3(MSH2):c.482T>A (p.Val161Asp),"Mar 09, 2018",combined_external,C:\Users\Wesley Capucho\Documents\IA dos números primos\data\raw\multigene\msh2\msh2_combined_external.tsv,GRCh38,2,47410209,47410209,na,na,47410209,T,A,63750126,True,2-47410209-T-A,,,,False,,False,2.3985129910466934,urn:mavedb:00000050-a-1,MSH2 LOF scores (HAP1),True,True,True,True,False,coordinate_mavedb_complete_gnomad_missing,False,,,,,,
MSH2,p.Val163Asp,Pathogenic,reviewed by expert panel,91107,NM_000251.3(MSH2):c.488T>A (p.Val163Asp),"Sep 05, 2013",combined_external,C:\Users\Wesley Capucho\Documents\IA dos números primos\data\raw\multigene\msh2\msh2_combined_external.tsv,GRCh38,2,47410215,47410215,na,na,47410215,T,A,63750214,True,2-47410215-T-A,,,,False,,False,3.1070212413789524,urn:mavedb:00000050-a-1,MSH2 LOF scores (HAP1),True,True,True,True,False,coordinate_mavedb_complete_gnomad_missing,False,,,,,,
MSH2,p.Val163Gly,Pathogenic,reviewed by expert panel,91108,NM_000251.3(MSH2):c.488T>G (p.Val163Gly),"Mar 18, 2015",combined_external,C:\Users\Wesley Capucho\Documents\IA dos números primos\data\raw\multigene\msh2\msh2_combined_external.tsv,GRCh38,2,47410215,47410215,na,na,47410215,T,G,63750214,True,2-47410215-T-G,,,,False,,False,2.5348008717616217,urn:mavedb:00000050-a-1,MSH2 LOF scores (HAP1),True,True,True,True,False,coordinate_mavedb_complete_gnomad_missing,False,,,,,,
MSH2,p.Val200Asp,Pathogenic,reviewed by expert panel,91148,NM_000251.3(MSH2):c.599T>A (p.Val200Asp),"Oct 10, 2014",combined_external,C:\Users\Wesley Capucho\Documents\IA dos números primos\data\raw\multigene\msh2\msh2_combined_external.tsv,GRCh38,2,47410326,47410326,na,na,47410326,T,A,587779167,True,2-47410326-T-A,,,,False,,False,3.3079638453171225,urn:mavedb:00000050-a-1,MSH2 LOF scores (HAP1),True,True,True,True,False,coordinate_mavedb_complete_gnomad_missing,False,,,,,,
MSH2,p.Val267Ala,Likely benign,"criteria provided, single submitter",3874920,NM_000251.3(MSH2):c.800T>C (p.Val267Ala),"Mar 01, 2025",training,C:\Users\Wesley Capucho\Documents\IA dos números primos\data\raw\multigene\msh2\msh2_clinvar_training.tsv,GRCh38,2,47414276,47414276,na,na,47414276,T,C,-1,True,2-47414276-T-C,,,,False,,False,-4.8831821610749575,urn:mavedb:00000050-a-1,MSH2 LOF scores (HAP1),True,True,True,True,False,coordinate_mavedb_complete_gnomad_missing,False,,,,,,
MSH2,p.Val267Ile,Likely benign,"criteria provided, single submitter",1761550,NM_000251.3(MSH2):c.799G>A (p.Val267Ile),"Mar 02, 2022",training,C:\Users\Wesley Capucho\Documents\IA dos números primos\data\raw\multigene\msh2\msh2_clinvar_training.tsv,GRCh38,2,47414275,47414275,na,na,47414275,G,A,2104165669,True,2-47414275-G-A,,,,False,,False,-2.739916349712103,urn:mavedb:00000050-a-1,MSH2 LOF scores (HAP1),True,True,True,True,False,coordinate_mavedb_complete_gnomad_missing,False,,,,,,
MSH2,p.Val267Leu,Likely benign,"criteria provided, single submitter",2453506,NM_000251.3(MSH2):c.799G>C (p.Val267Leu),"Mar 09, 2023",training,C:\Users\Wesley Capucho\Documents\IA dos números primos\data\raw\multigene\msh2\msh2_clinvar_training.tsv,GRCh38,2,47414275,47414275,na,na,47414275,G,C,2104165669,True,2-47414275-G-C,,,,False,,False,-4.266835013702979,urn:mavedb:00000050-a-1,MSH2 LOF scores (HAP1),True,True,True,True,False,coordinate_mavedb_complete_gnomad_missing,False,,,,,,
MSH2,p.Val317Ala,Likely benign,"criteria provided, single submitter",3230861,NM_000251.3(MSH2):c.950T>C (p.Val317Ala),"Nov 22, 2023",training,C:\Users\Wesley Capucho\Documents\IA dos números primos\data\raw\multigene\msh2\msh2_clinvar_training.tsv,GRCh38,2,47416303,47416303,na,na,47416303,T,C,1307482567,True,2-47416303-T-C,,,,False,,False,-4.32081638082158,urn:mavedb:00000050-a-1,MSH2 LOF scores (HAP1),True,True,True,True,False,coordinate_mavedb_complete_gnomad_missing,False,,,,,,
MSH2,p.Val317Ile,Benign/Likely benign,"criteria provided, multiple submitters, no conflicts",2093480,NM_000251.3(MSH2):c.949G>A (p.Val317Ile),"Sep 21, 2023",combined_external,C:\Users\Wesley Capucho\Documents\IA dos números primos\data\raw\multigene\msh2\msh2_combined_external.tsv,GRCh38,2,47416302,47416302,na,na,47416302,G,A,1446446614,True,2-47416302-G-A,,,,False,,False,-4.045972867834768,urn:mavedb:00000050-a-1,MSH2 LOF scores (HAP1),True,True,True,True,False,coordinate_mavedb_complete_gnomad_missing,False,,,,,,
MSH2,p.Val34Leu,Likely benign,"criteria provided, single submitter",1797888,NM_000251.3(MSH2):c.100G>C (p.Val34Leu),"Jun 14, 2022",training,C:\Users\Wesley Capucho\Documents\IA dos números primos\data\raw\multigene\msh2\msh2_clinvar_training.tsv,GRCh38,2,47403291,47403291,na,na,47403291,G,C,1064793541,True,2-47403291-G-C,,,,False,,False,-3.7619342082516334,urn:mavedb:00000050-a-1,MSH2 LOF scores (HAP1),True,True,True,True,False,coordinate_mavedb_complete_gnomad_missing,False,,,,,,
MSH2,p.Val367Ile,Benign/Likely benign,"criteria provided, multiple submitters, no conflicts",455471,NM_000251.3(MSH2):c.1099G>A (p.Val367Ile),"Oct 14, 2025",combined_external,C:\Users\Wesley Capucho\Documents\IA dos números primos\data\raw\multigene\msh2\msh2_combined_external.tsv,GRCh38,2,47429764,47429764,na,na,47429764,G,A,80285180,True,2-47429764-G-A,,,,False,,False,-3.853712070618252,urn:mavedb:00000050-a-1,MSH2 LOF scores (HAP1),True,True,True,True,False,coordinate_mavedb_complete_gnomad_missing,False,,,,,,
MSH2,p.Val3Leu,Benign,reviewed by expert panel,630046,NM_000251.3(MSH2):c.7G>T (p.Val3Leu),"Oct 18, 2018",combined_external,C:\Users\Wesley Capucho\Documents\IA dos números primos\data\raw\multigene\msh2\msh2_combined_external.tsv,GRCh38,2,47403198,47403198,na,na,47403198,G,T,1257347271,True,2-47403198-G-T,,,,False,,False,-4.075748072243053,urn:mavedb:00000050-a-1,MSH2 LOF scores (HAP1),True,True,True,True,False,coordinate_mavedb_complete_gnomad_missing,False,,,,,,
MSH2,p.Val437Glu,Likely benign,"criteria provided, single submitter",2453459,NM_000251.3(MSH2):c.1310T>A (p.Val437Glu),"Nov 17, 2022",training,C:\Users\Wesley Capucho\Documents\IA dos números primos\data\raw\multigene\msh2\msh2_clinvar_training.tsv,GRCh38,2,47445581,47445581,na,na,47445581,T,A,2103754198,True,2-47445581-T-A,,,,False,,False,-3.047224308114622,urn:mavedb:00000050-a-1,MSH2 LOF scores (HAP1),True,True,True,True,False,coordinate_mavedb_complete_gnomad_missing,False,,,,,,
MSH2,p.Val532Phe,Likely benign,"criteria provided, single submitter",4111028,NM_000251.3(MSH2):c.1594G>T (p.Val532Phe),"Jun 30, 2025",training,C:\Users\Wesley Capucho\Documents\IA dos números primos\data\raw\multigene\msh2\msh2_clinvar_training.tsv,GRCh38,2,47466741,47466741,na,na,47466741,G,T,-1,True,2-47466741-G-T,,,,False,,False,-3.226544380669853,urn:mavedb:00000050-a-1,MSH2 LOF scores (HAP1),True,True,True,True,False,coordinate_mavedb_complete_gnomad_missing,False,,,,,,
MSH2,p.Val57Ala,Likely benign,"criteria provided, single submitter",1778539,NM_000251.3(MSH2):c.170T>C (p.Val57Ala),"Nov 29, 2021",training,C:\Users\Wesley Capucho\Documents\IA dos números primos\data\raw\multigene\msh2\msh2_clinvar_training.tsv,GRCh38,2,47403361,47403361,na,na,47403361,T,C,1558451971,True,2-47403361-T-C,,,,False,,False,-4.278017941459838,urn:mavedb:00000050-a-1,MSH2 LOF scores (HAP1),True,True,True,True,False,coordinate_mavedb_complete_gnomad_missing,False,,,,,,
MSH2,p.Val606Ile,Likely benign,"criteria provided, single submitter",1780677,NM_000251.3(MSH2):c.1816G>A (p.Val606Ile),"Jun 08, 2022",training,C:\Users\Wesley Capucho\Documents\IA dos números primos\data\raw\multigene\msh2\msh2_clinvar_training.tsv,GRCh38,2,47475081,47475081,na,na,47475081,G,A,2104339123,True,2-47475081-G-A,,,,False,,False,-4.894201925974973,urn:mavedb:00000050-a-1,MSH2 LOF scores (HAP1),True,True,True,True,False,coordinate_mavedb_complete_gnomad_missing,False,,,,,,
MSH2,p.Val611Ala,Likely benign,"criteria provided, single submitter",1780989,NM_000251.3(MSH2):c.1832T>C (p.Val611Ala),"Apr 05, 2022",training,C:\Users\Wesley Capucho\Documents\IA dos números primos\data\raw\multigene\msh2\msh2_clinvar_training.tsv,GRCh38,2,47475097,47475097,na,na,47475097,T,C,1553368590,True,2-47475097-T-C,,,,False,,False,-4.126459721967786,urn:mavedb:00000050-a-1,MSH2 LOF scores (HAP1),True,True,True,True,False,coordinate_mavedb_complete_gnomad_missing,False,,,,,,
MSH2,p.Val617Ala,Likely benign,"criteria provided, single submitter",619565,NM_000251.3(MSH2):c.1850T>C (p.Val617Ala),"May 01, 2018",training,C:\Users\Wesley Capucho\Documents\IA dos números primos\data\raw\multigene\msh2\msh2_clinvar_training.tsv,GRCh38,2,47475115,47475115,na,na,47475115,T,C,1260310695,True,2-47475115-T-C,,,,False,,False,-5.903147418827107,urn:mavedb:00000050-a-1,MSH2 LOF scores (HAP1),True,True,True,True,False,coordinate_mavedb_complete_gnomad_missing,False,,,,,,
MSH2,p.Val617Ile,Likely benign,"criteria provided, single submitter",2496168,NM_000251.3(MSH2):c.1849G>A (p.Val617Ile),"Dec 21, 2022",training,C:\Users\Wesley Capucho\Documents\IA dos números primos\data\raw\multigene\msh2\msh2_clinvar_training.tsv,GRCh38,2,47475114,47475114,na,na,47475114,G,A,1224364754,True,2-47475114-G-A,,,,False,,False,-5.2655828885102425,urn:mavedb:00000050-a-1,MSH2 LOF scores (HAP1),True,True,True,True,False,coordinate_mavedb_complete_gnomad_missing,False,,,,,,
MSH2,p.Val644Ile,Likely benign,"criteria provided, single submitter",1782882,NM_000251.3(MSH2):c.1930G>A (p.Val644Ile),"Jan 31, 2022",training,C:\Users\Wesley Capucho\Documents\IA dos números primos\data\raw\multigene\msh2\msh2_clinvar_training.tsv,GRCh38,2,47475195,47475195,na,na,47475195,G,A,1667246068,True,2-47475195-G-A,,,,False,,False,-5.035165736088991,urn:mavedb:00000050-a-1,MSH2 LOF scores (HAP1),True,True,True,True,False,coordinate_mavedb_complete_gnomad_missing,False,,,,,,
MSH2,p.Val644Phe,Likely benign,"criteria provided, single submitter",2567772,NM_000251.3(MSH2):c.1930G>T (p.Val644Phe),"Jun 13, 2023",training,C:\Users\Wesley Capucho\Documents\IA dos números primos\data\raw\multigene\msh2\msh2_clinvar_training.tsv,GRCh38,2,47475195,47475195,na,na,47475195,G,T,1667246068,True,2-47475195-G-T,,,,False,,False,-5.175216130782999,urn:mavedb:00000050-a-1,MSH2 LOF scores (HAP1),True,True,True,True,False,coordinate_mavedb_complete_gnomad_missing,False,,,,,,
MSH2,p.Val655Leu,Likely benign,"criteria provided, single submitter",2453504,NM_000251.3(MSH2):c.1963G>T (p.Val655Leu),"Mar 03, 2023",training,C:\Users\Wesley Capucho\Documents\IA dos números primos\data\raw\multigene\msh2\msh2_clinvar_training.tsv,GRCh38,2,47475228,47475228,na,na,47475228,G,T,549467183,True,2-47475228-G-T,,,,False,,False,-3.3310522875199484,urn:mavedb:00000050-a-1,MSH2 LOF scores (HAP1),True,True,True,True,False,coordinate_mavedb_complete_gnomad_missing,False,,,,,,
MSH2,p.Val684Met,Likely benign,"criteria provided, single submitter",2561327,NM_000251.3(MSH2):c.2050G>A (p.Val684Met),"Apr 28, 2023",training,C:\Users\Wesley Capucho\Documents\IA dos números primos\data\raw\multigene\msh2\msh2_clinvar_training.tsv,GRCh38,2,47476411,47476411,na,na,47476411,G,A,1060502041,True,2-47476411-G-A,,,,False,,False,-5.329578459919229,urn:mavedb:00000050-a-1,MSH2 LOF scores (HAP1),True,True,True,True,False,coordinate_mavedb_complete_gnomad_missing,False,,,,,,
MSH2,p.Val695Met,Pathogenic,reviewed by expert panel,633496,NM_000251.3(MSH2):c.2083G>A (p.Val695Met),"Oct 18, 2018",combined_external,C:\Users\Wesley Capucho\Documents\IA dos números primos\data\raw\multigene\msh2\msh2_combined_external.tsv,GRCh38,2,47476444,47476444,na,na,47476444,G,A,772491283,True,2-47476444-G-A,,,,False,,False,4.510833093217556,urn:mavedb:00000050-a-1,MSH2 LOF scores (HAP1),True,True,True,True,False,coordinate_mavedb_complete_gnomad_missing,False,,,,,,
MSH2,p.Val923Leu,Likely benign,"criteria provided, single submitter",1795753,NM_000251.3(MSH2):c.2767G>C (p.Val923Leu),"Jun 18, 2025",training,C:\Users\Wesley Capucho\Documents\IA dos números primos\data\raw\multigene\msh2\msh2_clinvar_training.tsv,GRCh38,2,47482911,47482911,na,na,47482911,G,C,561565629,True,2-47482911-G-C,,,,False,,False,-3.463018494473629,urn:mavedb:00000050-a-1,MSH2 LOF scores (HAP1),True,True,True,True,False,coordinate_mavedb_complete_gnomad_missing,False,,,,,,
MSH2,p.Val95Leu,Likely benign,"criteria provided, single submitter",821880,NM_000251.3(MSH2):c.283G>C (p.Val95Leu),"Aug 16, 2023",training,C:\Users\Wesley Capucho\Documents\IA dos números primos\data\raw\multigene\msh2\msh2_clinvar_training.tsv,GRCh38,2,47408472,47408472,na,na,47408472,G,C,1323488764,True,2-47408472-G-C,,,,False,,False,-2.9373198746610067,urn:mavedb:00000050-a-1,MSH2 LOF scores (HAP1),True,True,True,True,False,coordinate_mavedb_complete_gnomad_missing,False,,,,,,
PTEN,p.Ala121Glu,Likely pathogenic,"criteria provided, single submitter",2674284,NM_000314.8(PTEN):c.362C>A (p.Ala121Glu),"Sep 27, 2023",training,C:\Users\Wesley Capucho\Documents\IA dos números primos\data\raw\multigene\pten\pten_clinvar_training.tsv,GRCh38,10,87933121,87933121,na,na,87933121,C,A,121909237,True,10-87933121-C-A,,,,False,,False,0.121170340665456,urn:mavedb:00000102-0-1,PTEN VAMP-seq Combined,True,True,True,True,False,coordinate_mavedb_complete_gnomad_missing,False,,,,,,
PTEN,p.Ala121Pro,Likely pathogenic,"criteria provided, single submitter",2687614,NM_000314.8(PTEN):c.361G>C (p.Ala121Pro),"Sep 13, 2023",training,C:\Users\Wesley Capucho\Documents\IA dos números primos\data\raw\multigene\pten\pten_clinvar_training.tsv,GRCh38,10,87933120,87933120,na,na,87933120,G,C,2132242979,True,10-87933120-G-C,,,,False,,False,0.0671884765901319,urn:mavedb:00000102-0-1,PTEN VAMP-seq Combined,True,True,True,True,False,coordinate_mavedb_complete_gnomad_missing,False,,,,,,
PTEN,p.Ala121Ser,Likely pathogenic,"criteria provided, single submitter",4677133,NM_000314.8(PTEN):c.361G>T (p.Ala121Ser),"Sep 22, 2025",training,C:\Users\Wesley Capucho\Documents\IA dos números primos\data\raw\multigene\pten\pten_clinvar_training.tsv,GRCh38,10,87933120,87933120,na,na,87933120,G,T,-1,True,10-87933120-G-T,,,,False,,False,0.501170639731953,urn:mavedb:00000102-0-1,PTEN VAMP-seq Combined,True,True,True,True,False,coordinate_mavedb_complete_gnomad_missing,False,,,,,,
PTEN,p.Ala121Thr,Likely pathogenic,"criteria provided, single submitter",2502558,NM_000314.8(PTEN):c.361G>A (p.Ala121Thr),"May 14, 2023",training,C:\Users\Wesley Capucho\Documents\IA dos números primos\data\raw\multigene\pten\pten_clinvar_training.tsv,GRCh38,10,87933120,87933120,na,na,87933120,G,A,2132242979,True,10-87933120-G-A,,,,False,,False,0.4644977118219229,urn:mavedb:00000102-0-1,PTEN VAMP-seq Combined,True,True,True,True,False,coordinate_mavedb_complete_gnomad_missing,False,,,,,,
PTEN,p.Ala126Asp,Likely pathogenic,"criteria provided, multiple submitters, no conflicts",2674280,NM_000314.8(PTEN):c.377C>A (p.Ala126Asp),"Jan 07, 2026",combined_external,C:\Users\Wesley Capucho\Documents\IA dos números primos\data\raw\multigene\pten\pten_combined_external.tsv,GRCh38,10,87933136,87933136,na,na,87933136,C,A,1114167656,True,10-87933136-C-A,,,,False,,False,,,,False,False,True,True,False,coordinate_ready_annotation_missing,True,query_error,,,,,HTTP Error 429: Too Many Requests
PTEN,p.Ala126Pro,Pathogenic,"criteria provided, multiple submitters, no conflicts",1067089,NM_000314.8(PTEN):c.376G>C (p.Ala126Pro),"Apr 23, 2024",combined_external,C:\Users\Wesley Capucho\Documents\IA dos números primos\data\raw\multigene\pten\pten_combined_external.tsv,GRCh38,10,87933135,87933135,na,na,87933135,G,C,1554898129,True,10-87933135-G-C,,,,False,,False,,,,False,False,True,True,False,coordinate_ready_annotation_missing,True,query_error,,,,,HTTP Error 429: Too Many Requests
PTEN,p.Ala126Thr,Likely pathogenic,"criteria provided, multiple submitters, no conflicts",468683,NM_000314.8(PTEN):c.376G>A (p.Ala126Thr),"Nov 11, 2024",combined_external,C:\Users\Wesley Capucho\Documents\IA dos números primos\data\raw\multigene\pten\pten_combined_external.tsv,GRCh38,10,87933135,87933135,na,na,87933135,G,A,1554898129,True,10-87933135-G-A,,,,False,,False,0.969819738341375,urn:mavedb:00000102-0-1,PTEN VAMP-seq Combined,True,True,True,True,False,coordinate_mavedb_complete_gnomad_missing,True,query_error,,,,,HTTP Error 429: Too Many Requests
PTEN,p.Ala126Val,Pathogenic/Likely pathogenic,"criteria provided, multiple submitters, no conflicts",428234,NM_000314.8(PTEN):c.377C>T (p.Ala126Val),"Dec 30, 2024",combined_external,C:\Users\Wesley Capucho\Documents\IA dos números primos\data\raw\multigene\pten\pten_combined_external.tsv,GRCh38,10,87933136,87933136,na,na,87933136,C,T,1114167656,True,10-87933136-C-T,,,,False,,False,,,,False,False,True,True,False,coordinate_ready_annotation_missing,True,query_error,,,,,HTTP Error 429: Too Many Requests
PTEN,p.Ala137Glu,Likely pathogenic,"criteria provided, single submitter",3340217,NM_000314.8(PTEN):c.410C>A (p.Ala137Glu),"Jul 11, 2023",training,C:\Users\Wesley Capucho\Documents\IA dos números primos\data\raw\multigene\pten\pten_clinvar_training.tsv,GRCh38,10,87933169,87933169,na,na,87933169,C,A,-1,True,10-87933169-C-A,,,,False,,False,,,,False,False,True,True,False,coordinate_ready_annotation_missing,False,,,,,,
PTEN,p.Ala34Pro,Pathogenic,reviewed by expert panel,822002,NM_000314.8(PTEN):c.100G>C (p.Ala34Pro),"Dec 05, 2025",combined_external,C:\Users\Wesley Capucho\Documents\IA dos números primos\data\raw\multigene\pten\pten_combined_external.tsv,GRCh38,10,87894045,87894045,na,na,87894045,G,C,1589617199,True,10-87894045-G-C,,,,False,,False,,,,False,False,True,True,False,coordinate_ready_annotation_missing,True,query_error,,,,,HTTP Error 429: Too Many Requests
PTEN,p.Ala79Thr,Likely benign,reviewed by expert panel,41682,NM_000314.8(PTEN):c.235G>A (p.Ala79Thr),"Apr 06, 2018",combined_external,C:\Users\Wesley Capucho\Documents\IA dos números primos\data\raw\multigene\pten\pten_combined_external.tsv,GRCh38,10,87931071,87931071,na,na,87931071,G,A,202004587,True,10-87931071-G-A,,,,False,,False,0.8312679087063721,urn:mavedb:00000102-0-1,PTEN VAMP-seq Combined,True,True,True,True,False,coordinate_mavedb_complete_gnomad_missing,True,query_error,,,,,HTTP Error 429: Too Many Requests
PTEN,p.Arg130Gln,Pathogenic,reviewed by expert panel,7829,NM_000314.8(PTEN):c.389G>A (p.Arg130Gln),"Oct 18, 2017",combined_external,C:\Users\Wesley Capucho\Documents\IA dos números primos\data\raw\multigene\pten\pten_combined_external.tsv,GRCh38,10,87933148,87933148,na,na,87933148,G,A,121909229,True,10-87933148-G-A,,,,False,,False,1.4229832276312,urn:mavedb:00000102-0-1,PTEN VAMP-seq Combined,True,True,True,True,False,coordinate_mavedb_complete_gnomad_missing,True,query_error,,,,,HTTP Error 429: Too Many Requests
PTEN,p.Arg130Gly,Pathogenic,reviewed by expert panel,375958,NM_000314.8(PTEN):c.388C>G (p.Arg130Gly),"Jun 25, 2019",combined_external,C:\Users\Wesley Capucho\Documents\IA dos números primos\data\raw\multigene\pten\pten_combined_external.tsv,GRCh38,10,87933147,87933147,na,na,87933147,C,G,121909224,True,10-87933147-C-G,,,,False,,False,1.12422932352113,urn:mavedb:00000102-0-1,PTEN VAMP-seq Combined,True,True,True,True,False,coordinate_mavedb_complete_gnomad_missing,True,query_error,,,,,HTTP Error 429: Too Many Requests
PTEN,p.Arg130Leu,Pathogenic/Likely pathogenic,"criteria provided, multiple submitters, no conflicts",376509,NM_000314.8(PTEN):c.389G>T (p.Arg130Leu),"Dec 03, 2025",combined_external,C:\Users\Wesley Capucho\Documents\IA dos números primos\data\raw\multigene\pten\pten_combined_external.tsv,GRCh38,10,87933148,87933148,na,na,87933148,G,T,121909229,True,10-87933148-G-T,,,,False,,False,1.19664680300712,urn:mavedb:00000102-0-1,PTEN VAMP-seq Combined,True,True,True,True,False,coordinate_mavedb_complete_gnomad_missing,False,,,,,,
PTEN,p.Arg130Pro,Pathogenic,reviewed by expert panel,142018,NM_000314.8(PTEN):c.389G>C (p.Arg130Pro),"Nov 22, 2019",combined_external,C:\Users\Wesley Capucho\Documents\IA dos números primos\data\raw\multigene\pten\pten_combined_external.tsv,GRCh38,10,87933148,87933148,na,na,87933148,G,C,121909229,True,10-87933148-G-C,,,,False,,False,0.950630801674316,urn:mavedb:00000102-0-1,PTEN VAMP-seq Combined,True,True,True,True,False,coordinate_mavedb_complete_gnomad_missing,False,,,,,,
PTEN,p.Arg142Pro,Likely pathogenic,"criteria provided, single submitter",486225,NM_000314.8(PTEN):c.425G>C (p.Arg142Pro),"Jan 21, 2025",training,C:\Users\Wesley Capucho\Documents\IA dos números primos\data\raw\multigene\pten\pten_clinvar_training.tsv,GRCh38,10,87933184,87933184,na,na,87933184,G,C,753630034,True,10-87933184-G-C,,,,False,,False,0.1936555783828839,urn:mavedb:00000102-0-1,PTEN VAMP-seq Combined,True,True,True,True,False,coordinate_mavedb_complete_gnomad_missing,False,,,,,,
PTEN,p.Arg159Gly,Pathogenic/Likely pathogenic,"criteria provided, multiple submitters, no conflicts",186094,NM_000314.8(PTEN):c.475A>G (p.Arg159Gly),"Mar 03, 2025",combined_external,C:\Users\Wesley Capucho\Documents\IA dos números primos\data\raw\multigene\pten\pten_combined_external.tsv,GRCh38,10,87933234,87933234,na,na,87933234,A,G,786202688,True,10-87933234-A-G,,,,False,,False,0.901189415304642,urn:mavedb:00000102-0-1,PTEN VAMP-seq Combined,True,True,True,True,False,coordinate_mavedb_complete_gnomad_missing,False,,,,,,
PTEN,p.Arg159Lys,Pathogenic,reviewed by expert panel,646006,NM_000314.8(PTEN):c.476G>A (p.Arg159Lys),"Oct 03, 2025",combined_external,C:\Users\Wesley Capucho\Documents\IA dos números primos\data\raw\multigene\pten\pten_combined_external.tsv,GRCh38,10,87933235,87933235,na,na,87933235,G,A,1114167673,True,10-87933235-G-A,,,,False,,False,-0.0659204994544364,urn:mavedb:00000102-0-1,PTEN VAMP-seq Combined,True,True,True,True,False,coordinate_mavedb_complete_gnomad_missing,False,,,,,,
PTEN,p.Arg159Ser,Likely pathogenic,reviewed by expert panel,375959,NM_000314.8(PTEN):c.477G>T (p.Arg159Ser),"Dec 05, 2025",combined_external,C:\Users\Wesley Capucho\Documents\IA dos números primos\data\raw\multigene\pten\pten_combined_external.tsv,GRCh38,10,87933236,87933236,na,na,87933236,G,T,1057519724,True,10-87933236-G-T,,,,False,,False,1.1418782272915902,urn:mavedb:00000102-0-1,PTEN VAMP-seq Combined,True,True,True,True,False,coordinate_mavedb_complete_gnomad_missing,False,,,,,,
PTEN,p.Arg159Trp,Pathogenic,"criteria provided, single submitter",3667044,NM_000314.8(PTEN):c.475A>T (p.Arg159Trp),"Dec 09, 2024",training,C:\Users\Wesley Capucho\Documents\IA dos números primos\data\raw\multigene\pten\pten_clinvar_training.tsv,GRCh38,10,87933234,87933234,na,na,87933234,A,T,-1,True,10-87933234-A-T,,,,False,,False,1.10906732930978,urn:mavedb:00000102-0-1,PTEN VAMP-seq Combined,True,True,True,True,False,coordinate_mavedb_complete_gnomad_missing,False,,,,,,
PTEN,p.Arg15Ile,Likely pathogenic,"criteria provided, single submitter",4530405,NM_000314.8(PTEN):c.44G>T (p.Arg15Ile),"Jul 29, 2025",training,C:\Users\Wesley Capucho\Documents\IA dos números primos\data\raw\multigene\pten\pten_clinvar_training.tsv,GRCh38,10,87864513,87864513,na,na,87864513,G,T,398123324,True,10-87864513-G-T,,,,False,,False,1.16023834011451,urn:mavedb:00000102-0-1,PTEN VAMP-seq Combined,True,True,True,True,False,coordinate_mavedb_complete_gnomad_missing,False,,,,,,
PTEN,p.Arg15Lys,Likely pathogenic,reviewed by expert panel,404147,NM_000314.8(PTEN):c.44G>A (p.Arg15Lys),"Apr 05, 2024",combined_external,C:\Users\Wesley Capucho\Documents\IA dos números primos\data\raw\multigene\pten\pten_combined_external.tsv,GRCh38,10,87864513,87864513,na,na,87864513,G,A,398123324,True,10-87864513-G-A,,,,False,,False,0.9397195658982508,urn:mavedb:00000102-0-1,PTEN VAMP-seq Combined,True,True,True,True,False,coordinate_mavedb_complete_gnomad_missing,False,,,,,,
PTEN,p.Arg15Ser,Pathogenic/Likely pathogenic,"criteria provided, multiple submitters, no conflicts",419769,NM_000314.8(PTEN):c.45A>T (p.Arg15Ser),"Nov 11, 2025",combined_external,C:\Users\Wesley Capucho\Documents\IA dos números primos\data\raw\multigene\pten\pten_combined_external.tsv,GRCh38,10,87864514,87864514,na,na,87864514,A,T,1064794096,True,10-87864514-A-T,,,,False,,False,0.999651087121994,urn:mavedb:00000102-0-1,PTEN VAMP-seq Combined,True,True,True,True,False,coordinate_mavedb_complete_gnomad_missing,False,,,,,,
PTEN,p.Arg15Thr,Likely pathogenic,reviewed by expert panel,428243,NM_000314.8(PTEN):c.44G>C (p.Arg15Thr),"Aug 04, 2023",combined_external,C:\Users\Wesley Capucho\Documents\IA dos números primos\data\raw\multigene\pten\pten_combined_external.tsv,GRCh38,10,87864513,87864513,na,na,87864513,G,C,398123324,True,10-87864513-G-C,,,,False,,False,1.03519691294938,urn:mavedb:00000102-0-1,PTEN VAMP-seq Combined,True,True,True,True,False,coordinate_mavedb_complete_gnomad_missing,False,,,,,,
PTEN,p.Arg173Cys,Pathogenic,reviewed by expert panel,189500,NM_000314.8(PTEN):c.517C>T (p.Arg173Cys),"Oct 18, 2017",combined_external,C:\Users\Wesley Capucho\Documents\IA dos números primos\data\raw\multigene\pten\pten_combined_external.tsv,GRCh38,10,87952142,87952142,na,na,87952142,C,T,121913293,True,10-87952142-C-T,,,,False,,False,0.16272586845901,urn:mavedb:00000102-0-1,PTEN VAMP-seq Combined,True,True,True,True,False,coordinate_mavedb_complete_gnomad_missing,False,,,,,,
PTEN,p.Arg173Gly,Pathogenic,"criteria provided, multiple submitters, no conflicts",1176553,NM_000314.8(PTEN):c.517C>G (p.Arg173Gly),"Apr 08, 2024",combined_external,C:\Users\Wesley Capucho\Documents\IA dos números primos\data\raw\multigene\pten\pten_combined_external.tsv,GRCh38,10,87952142,87952142,na,na,87952142,C,G,121913293,True,10-87952142-C-G,,,,False,,False,0.2386564044672099,urn:mavedb:00000102-0-1,PTEN VAMP-seq Combined,True,True,True,True,False,coordinate_mavedb_complete_gnomad_missing,False,,,,,,
PTEN,p.Arg173His,Pathogenic/Likely pathogenic,"criteria provided, multiple submitters, no conflicts",376032,NM_000314.8(PTEN):c.518G>A (p.Arg173His),"Sep 11, 2025",combined_external,C:\Users\Wesley Capucho\Documents\IA dos números primos\data\raw\multigene\pten\pten_combined_external.tsv,GRCh38,10,87952143,87952143,na,na,87952143,G,A,121913294,True,10-87952143-G-A,,,,False,,False,0.255728638768727,urn:mavedb:00000102-0-1,PTEN VAMP-seq Combined,True,True,True,True,False,coordinate_mavedb_complete_gnomad_missing,False,,,,,,
PTEN,p.Arg173Leu,Likely pathogenic,"criteria provided, single submitter",428258,NM_000314.8(PTEN):c.518G>T (p.Arg173Leu),"Mar 02, 2015",training,C:\Users\Wesley Capucho\Documents\IA dos números primos\data\raw\multigene\pten\pten_clinvar_training.tsv,GRCh38,10,87952143,87952143,na,na,87952143,G,T,121913294,True,10-87952143-G-T,,,,False,,False,0.1104839826357159,urn:mavedb:00000102-0-1,PTEN VAMP-seq Combined,True,True,True,True,False,coordinate_mavedb_complete_gnomad_missing,False,,,,,,
PTEN,p.Arg173Pro,Pathogenic,"criteria provided, multiple submitters, no conflicts",185195,NM_000314.8(PTEN):c.518G>C (p.Arg173Pro),"May 14, 2025",combined_external,C:\Users\Wesley Capucho\Documents\IA dos números primos\data\raw\multigene\pten\pten_combined_external.tsv,GRCh38,10,87952143,87952143,na,na,87952143,G,C,121913294,True,10-87952143-G-C,,,,False,,False,0.142903043567077,urn:mavedb:00000102-0-1,PTEN VAMP-seq Combined,True,True,True,True,False,coordinate_mavedb_complete_gnomad_missing,False,,,,,,
PTEN,p.Arg47Gly,Pathogenic,reviewed by expert panel,189401,NM_000314.8(PTEN):c.139A>G (p.Arg47Gly),"Jun 18, 2020",combined_external,C:\Users\Wesley Capucho\Documents\IA dos números primos\data\raw\multigene\pten\pten_combined_external.tsv,GRCh38,10,87894084,87894084,na,na,87894084,A,G,786204855,True,10-87894084-A-G,,,,False,,False,0.9416825061995868,urn:mavedb:00000102-0-1,PTEN VAMP-seq Combined,True,True,True,True,False,coordinate_mavedb_complete_gnomad_missing,False,,,,,,
PTEN,p.Arg47Lys,Likely pathogenic,reviewed by expert panel,373446,NM_000314.8(PTEN):c.140G>A (p.Arg47Lys),"Dec 01, 2023",combined_external,C:\Users\Wesley Capucho\Documents\IA dos números primos\data\raw\multigene\pten\pten_combined_external.tsv,GRCh38,10,87894085,87894085,na,na,87894085,G,A,1057518425,True,10-87894085-G-A,,,,False,,False,0.507120812667353,urn:mavedb:00000102-0-1,PTEN VAMP-seq Combined,True,True,True,True,False,coordinate_mavedb_complete_gnomad_missing,False,,,,,,
PTEN,p.Asn12Ile,Likely pathogenic,"criteria provided, single submitter",944445,NM_000314.8(PTEN):c.35A>T (p.Asn12Ile),"Aug 12, 2019",training,C:\Users\Wesley Capucho\Documents\IA dos números primos\data\raw\multigene\pten\pten_clinvar_training.tsv,GRCh38,10,87864504,87864504,na,na,87864504,A,T,1085308044,True,10-87864504-A-T,,,,False,,False,0.298716907917441,urn:mavedb:00000102-0-1,PTEN VAMP-seq Combined,True,True,True,True,False,coordinate_mavedb_complete_gnomad_missing,False,,,,,,
PTEN,p.Asn12Thr,Pathogenic,"criteria provided, single submitter",427586,NM_000314.8(PTEN):c.35A>C (p.Asn12Thr),"Mar 01, 2017",training,C:\Users\Wesley Capucho\Documents\IA dos números primos\data\raw\multigene\pten\pten_clinvar_training.tsv,GRCh38,10,87864504,87864504,na,na,87864504,A,C,1085308044,True,10-87864504-A-C,,,,False,,False,1.1166805979436398,urn:mavedb:00000102-0-1,PTEN VAMP-seq Combined,True,True,True,True,False,coordinate_mavedb_complete_gnomad_missing,False,,,,,,
PTEN,p.Asn276Ser,Pathogenic,"criteria provided, multiple submitters, no conflicts",2502345,NM_000314.8(PTEN):c.827A>G (p.Asn276Ser),"Oct 25, 2024",combined_external,C:\Users\Wesley Capucho\Documents\IA dos números primos\data\raw\multigene\pten\pten_combined_external.tsv,GRCh38,10,87960919,87960919,na,na,87960919,A,G,1860618095,True,10-87960919-A-G,,,,False,,False,0.265762618144018,urn:mavedb:00000102-0-1,PTEN VAMP-seq Combined,True,True,True,True,False,coordinate_mavedb_complete_gnomad_missing,False,,,,,,
PTEN,p.Asn31Asp,Likely pathogenic,reviewed by expert panel,943637,NM_000314.8(PTEN):c.91A>G (p.Asn31Asp),"Aug 04, 2023",combined_external,C:\Users\Wesley Capucho\Documents\IA dos números primos\data\raw\multigene\pten\pten_combined_external.tsv,GRCh38,10,87894036,87894036,na,na,87894036,A,G,1859093459,True,10-87894036-A-G,,,,False,,False,0.311541111673793,urn:mavedb:00000102-0-1,PTEN VAMP-seq Combined,True,True,True,True,False,coordinate_mavedb_complete_gnomad_missing,False,,,,,,
PTEN,p.Asn48Lys,Pathogenic/Likely pathogenic,"criteria provided, multiple submitters, no conflicts",231771,NM_000314.8(PTEN):c.144C>G (p.Asn48Lys),"Dec 02, 2025",combined_external,C:\Users\Wesley Capucho\Documents\IA dos números primos\data\raw\multigene\pten\pten_combined_external.tsv,GRCh38,10,87894089,87894089,na,na,87894089,C,G,762518389,True,10-87894089-C-G,,,,False,,False,,,,False,False,True,True,False,coordinate_ready_annotation_missing,False,,,,,,
PTEN,p.Asn48Ser,Pathogenic,"criteria provided, multiple submitters, no conflicts",1379224,NM_000314.8(PTEN):c.143A>G (p.Asn48Ser),"Oct 09, 2025",combined_external,C:\Users\Wesley Capucho\Documents\IA dos números primos\data\raw\multigene\pten\pten_combined_external.tsv,GRCh38,10,87894088,87894088,na,na,87894088,A,G,1859098783,True,10-87894088-A-G,,,,False,,False,,,,False,False,True,True,False,coordinate_ready_annotation_missing,False,,,,,,
PTEN,p.Asp107Gly,Likely pathogenic,"criteria provided, single submitter",1728902,NM_000314.8(PTEN):c.320A>G (p.Asp107Gly),"Oct 21, 2025",training,C:\Users\Wesley Capucho\Documents\IA dos números primos\data\raw\multigene\pten\pten_clinvar_training.tsv,GRCh38,10,87933079,87933079,na,na,87933079,A,G,786204858,True,10-87933079-A-G,,,,False,,False,0.27269929489585,urn:mavedb:00000102-0-1,PTEN VAMP-seq Combined,True,True,True,True,False,coordinate_mavedb_complete_gnomad_missing,False,,,,,,
PTEN,p.Asp107Tyr,Pathogenic,reviewed by expert panel,484614,NM_000314.8(PTEN):c.319G>T (p.Asp107Tyr),"Jun 18, 2020",combined_external,C:\Users\Wesley Capucho\Documents\IA dos números primos\data\raw\multigene\pten\pten_combined_external.tsv,GRCh38,10,87933078,87933078,na,na,87933078,G,T,57374291,True,10-87933078-G-T,,,,False,,False,0.148861790420428,urn:mavedb:00000102-0-1,PTEN VAMP-seq Combined,True,True,True,True,False,coordinate_mavedb_complete_gnomad_missing,False,,,,,,
PTEN,p.Asp107Val,Pathogenic,reviewed by expert panel,372481,NM_000314.8(PTEN):c.320A>T (p.Asp107Val),"Jun 25, 2019",combined_external,C:\Users\Wesley Capucho\Documents\IA dos números primos\data\raw\multigene\pten\pten_combined_external.tsv,GRCh38,10,87933079,87933079,na,na,87933079,A,T,786204858,True,10-87933079-A-T,,,,False,,False,0.178852638507253,urn:mavedb:00000102-0-1,PTEN VAMP-seq Combined,True,True,True,True,False,coordinate_mavedb_complete_gnomad_missing,False,,,,,,
PTEN,p.Asp162Glu,Likely pathogenic,"criteria provided, multiple submitters, no conflicts",224544,NM_000314.8(PTEN):c.486C>G (p.Asp162Glu),"May 31, 2022",combined_external,C:\Users\Wesley Capucho\Documents\IA dos números primos\data\raw\multigene\pten\pten_combined_external.tsv,GRCh38,10,87933245,87933245,na,na,87933245,C,G,869312777,True,10-87933245-C-G,,,,False,,False,,,,False,False,True,True,False,coordinate_ready_annotation_missing,False,,,,,,
PTEN,p.Asp19Val,Pathogenic,"criteria provided, single submitter",2001733,NM_000314.8(PTEN):c.56A>T (p.Asp19Val),"Jun 23, 2022",training,C:\Users\Wesley Capucho\Documents\IA dos números primos\data\raw\multigene\pten\pten_clinvar_training.tsv,GRCh38,10,87864525,87864525,na,na,87864525,A,T,1554890392,True,10-87864525-A-T,,,,False,,False,0.7448268231911209,urn:mavedb:00000102-0-1,PTEN VAMP-seq Combined,True,True,True,True,False,coordinate_mavedb_complete_gnomad_missing,False,,,,,,
PTEN,p.Asp22His,Likely pathogenic,reviewed by expert panel,233456,NM_000314.8(PTEN):c.64G>C (p.Asp22His),"Aug 04, 2023",combined_external,C:\Users\Wesley Capucho\Documents\IA dos números primos\data\raw\multigene\pten\pten_combined_external.tsv,GRCh38,10,87864533,87864533,na,na,87864533,G,C,876660420,True,10-87864533-G-C,,,,False,,False,0.784957310770474,urn:mavedb:00000102-0-1,PTEN VAMP-seq Combined,True,True,True,True,False,coordinate_mavedb_complete_gnomad_missing,False,,,,,,
PTEN,p.Asp22Val,Likely pathogenic,"criteria provided, single submitter",3231166,NM_000314.8(PTEN):c.65A>T (p.Asp22Val),"Jan 24, 2025",training,C:\Users\Wesley Capucho\Documents\IA dos números primos\data\raw\multigene\pten\pten_clinvar_training.tsv,GRCh38,10,87864534,87864534,na,na,87864534,A,T,1554890398,True,10-87864534-A-T,,,,False,,False,0.641997724574801,urn:mavedb:00000102-0-1,PTEN VAMP-seq Combined,True,True,True,True,False,coordinate_mavedb_complete_gnomad_missing,False,,,,,,
PTEN,p.Asp24Asn,Pathogenic,"criteria provided, multiple submitters, no conflicts",185200,NM_000314.8(PTEN):c.70G>A (p.Asp24Asn),"Apr 17, 2025",combined_external,C:\Users\Wesley Capucho\Documents\IA dos números primos\data\raw\multigene\pten\pten_combined_external.tsv,GRCh38,10,87864539,87864539,na,na,87864539,G,A,786201995,True,10-87864539-G-A,,,,False,,False,0.849291645696078,urn:mavedb:00000102-0-1,PTEN VAMP-seq Combined,True,True,True,True,False,coordinate_mavedb_complete_gnomad_missing,False,,,,,,
PTEN,p.Asp24Gly,Pathogenic/Likely pathogenic,"criteria provided, multiple submitters, no conflicts",208723,NM_000314.8(PTEN):c.71A>G (p.Asp24Gly),"Sep 25, 2023",combined_external,C:\Users\Wesley Capucho\Documents\IA dos números primos\data\raw\multigene\pten\pten_combined_external.tsv,GRCh38,10,87864540,87864540,na,na,87864540,A,G,797044910,True,10-87864540-A-G,,,,False,,False,0.9410899738553508,urn:mavedb:00000102-0-1,PTEN VAMP-seq Combined,True,True,True,True,False,coordinate_mavedb_complete_gnomad_missing,False,,,,,,
PTEN,p.Asp24His,Pathogenic,reviewed by expert panel,186005,NM_000314.8(PTEN):c.70G>C (p.Asp24His),"Apr 04, 2025",combined_external,C:\Users\Wesley Capucho\Documents\IA dos números primos\data\raw\multigene\pten\pten_combined_external.tsv,GRCh38,10,87864539,87864539,na,na,87864539,G,C,786201995,True,10-87864539-G-C,,,,False,,False,,,,False,False,True,True,False,coordinate_ready_annotation_missing,False,,,,,,
PTEN,p.Asp24Tyr,Pathogenic,"criteria provided, multiple submitters, no conflicts",189398,NM_000314.8(PTEN):c.70G>T (p.Asp24Tyr),"Sep 25, 2023",combined_external,C:\Users\Wesley Capucho\Documents\IA dos números primos\data\raw\multigene\pten\pten_combined_external.tsv,GRCh38,10,87864539,87864539,na,na,87864539,G,T,786201995,True,10-87864539-G-T,,,,False,,False,0.647107290268216,urn:mavedb:00000102-0-1,PTEN VAMP-seq Combined,True,True,True,True,False,coordinate_mavedb_complete_gnomad_missing,False,,,,,,
PTEN,p.Asp24Val,Pathogenic/Likely pathogenic,"criteria provided, multiple submitters, no conflicts",1511392,NM_000314.8(PTEN):c.71A>T (p.Asp24Val),"Jan 26, 2026",combined_external,C:\Users\Wesley Capucho\Documents\IA dos números primos\data\raw\multigene\pten\pten_combined_external.tsv,GRCh38,10,87864540,87864540,na,na,87864540,A,T,797044910,True,10-87864540-A-T,,,,False,,False,0.3712020929136571,urn:mavedb:00000102-0-1,PTEN VAMP-seq Combined,True,True,True,True,False,coordinate_mavedb_complete_gnomad_missing,False,,,,,,
PTEN,p.Asp252Gly,Pathogenic,reviewed by expert panel,7849,NM_000314.8(PTEN):c.755A>G (p.Asp252Gly),"Jun 14, 2023",combined_external,C:\Users\Wesley Capucho\Documents\IA dos números primos\data\raw\multigene\pten\pten_combined_external.tsv,GRCh38,10,87957973,87957973,na,na,87957973,A,G,121909239,True,10-87957973-A-G,,,,False,,False,0.359979028602461,urn:mavedb:00000102-0-1,PTEN VAMP-seq Combined,True,True,True,True,False,coordinate_mavedb_complete_gnomad_missing,False,,,,,,
PTEN,p.Asp252Val,Pathogenic/Likely pathogenic,"criteria provided, multiple submitters, no conflicts",575811,NM_000314.8(PTEN):c.755A>T (p.Asp252Val),"Nov 10, 2025",combined_external,C:\Users\Wesley Capucho\Documents\IA dos números primos\data\raw\multigene\pten\pten_combined_external.tsv,GRCh38,10,87957973,87957973,na,na,87957973,A,T,121909239,True,10-87957973-A-T,,,,False,,False,0.313686011367135,urn:mavedb:00000102-0-1,PTEN VAMP-seq Combined,True,True,True,True,False,coordinate_mavedb_complete_gnomad_missing,False,,,,,,
PTEN,p.Asp310Gly,Pathogenic/Likely pathogenic,"criteria provided, multiple submitters, no conflicts",566673,NM_000314.8(PTEN):c.929A>G (p.Asp310Gly),"Jan 20, 2026",combined_external,C:\Users\Wesley Capucho\Documents\IA dos números primos\data\raw\multigene\pten\pten_combined_external.tsv,GRCh38,10,87961021,87961021,na,na,87961021,A,G,1564568473,True,10-87961021-A-G,,,,False,,False,1.3121421948970802,urn:mavedb:00000102-0-1,PTEN VAMP-seq Combined,True,True,True,True,False,coordinate_mavedb_complete_gnomad_missing,False,,,,,,
PTEN,p.Asp326Asn,Pathogenic,"criteria provided, multiple submitters, no conflicts",2498032,NM_000314.8(PTEN):c.976G>A (p.Asp326Asn),"Jul 19, 2023",combined_external,C:\Users\Wesley Capucho\Documents\IA dos números primos\data\raw\multigene\pten\pten_combined_external.tsv,GRCh38,10,87961068,87961068,na,na,87961068,G,A,2132283300,True,10-87961068-G-A,,,,False,,False,0.325014186433513,urn:mavedb:00000102-0-1,PTEN VAMP-seq Combined,True,True,True,True,False,coordinate_mavedb_complete_gnomad_missing,False,,,,,,
PTEN,p.Asp326Gly,Likely pathogenic,"criteria provided, single submitter",857109,NM_000314.8(PTEN):c.977A>G (p.Asp326Gly),"Mar 24, 2023",training,C:\Users\Wesley Capucho\Documents\IA dos números primos\data\raw\multigene\pten\pten_clinvar_training.tsv,GRCh38,10,87961069,87961069,na,na,87961069,A,G,1860631246,True,10-87961069-A-G,,,,False,,False,0.216920860154251,urn:mavedb:00000102-0-1,PTEN VAMP-seq Combined,True,True,True,True,False,coordinate_mavedb_complete_gnomad_missing,False,,,,,,
PTEN,p.Asp92Ala,Pathogenic/Likely pathogenic,"criteria provided, multiple submitters, no conflicts",428196,NM_000314.8(PTEN):c.275A>C (p.Asp92Ala),"Jun 27, 2024",combined_external,C:\Users\Wesley Capucho\Documents\IA dos números primos\data\raw\multigene\pten\pten_combined_external.tsv,GRCh38,10,87933034,87933034,na,na,87933034,A,C,1114167623,True,10-87933034-A-C,,,,False,,False,0.9393821680535293,urn:mavedb:00000102-0-1,PTEN VAMP-seq Combined,True,True,True,True,False,coordinate_mavedb_complete_gnomad_missing,False,,,,,,
PTEN,p.Asp92Asn,Likely pathogenic,"criteria provided, single submitter",4527406,NM_000314.8(PTEN):c.274G>A (p.Asp92Asn),"May 08, 2025",training,C:\Users\Wesley Capucho\Documents\IA dos números primos\data\raw\multigene\pten\pten_clinvar_training.tsv,GRCh38,10,87933033,87933033,na,na,87933033,G,A,-1,True,10-87933033-G-A,,,,False,,False,,,,False,False,True,True,False,coordinate_ready_annotation_missing,False,,,,,,
PTEN,p.Asp92Gly,Pathogenic/Likely pathogenic,"criteria provided, multiple submitters, no conflicts",565960,NM_000314.8(PTEN):c.275A>G (p.Asp92Gly),"Apr 27, 2025",combined_external,C:\Users\Wesley Capucho\Documents\IA dos números primos\data\raw\multigene\pten\pten_combined_external.tsv,GRCh38,10,87933034,87933034,na,na,87933034,A,G,1114167623,True,10-87933034-A-G,,,,False,,False,0.6959362450816899,urn:mavedb:00000102-0-1,PTEN VAMP-seq Combined,True,True,True,True,False,coordinate_mavedb_complete_gnomad_missing,False,,,,,,
PTEN,p.Asp92Tyr,Pathogenic/Likely pathogenic,"criteria provided, multiple submitters, no conflicts",468679,NM_000314.8(PTEN):c.274G>T (p.Asp92Tyr),"Mar 23, 2023",combined_external,C:\Users\Wesley Capucho\Documents\IA dos números primos\data\raw\multigene\pten\pten_combined_external.tsv,GRCh38,10,87933033,87933033,na,na,87933033,G,T,1554898067,True,10-87933033-G-T,,,,False,,False,1.65320343691093,urn:mavedb:00000102-0-1,PTEN VAMP-seq Combined,True,True,True,True,False,coordinate_mavedb_complete_gnomad_missing,False,,,,,,
PTEN,p.Asp92Val,Pathogenic,"criteria provided, single submitter",1795656,NM_000314.8(PTEN):c.275A>T (p.Asp92Val),"Aug 16, 2023",training,C:\Users\Wesley Capucho\Documents\IA dos números primos\data\raw\multigene\pten\pten_clinvar_training.tsv,GRCh38,10,87933034,87933034,na,na,87933034,A,T,1114167623,True,10-87933034-A-T,,,,False,,False,0.7845786965834309,urn:mavedb:00000102-0-1,PTEN VAMP-seq Combined,True,True,True,True,False,coordinate_mavedb_complete_gnomad_missing,False,,,,,,
PTEN,p.Cys105Arg,Likely pathogenic,"criteria provided, multiple submitters, no conflicts",2628372,NM_000314.8(PTEN):c.313T>C (p.Cys105Arg),"Dec 10, 2025",combined_external,C:\Users\Wesley Capucho\Documents\IA dos números primos\data\raw\multigene\pten\pten_combined_external.tsv,GRCh38,10,87933072,87933072,na,na,87933072,T,C,1303165645,True,10-87933072-T-C,,,,False,,False,0.158804645684737,urn:mavedb:00000102-0-1,PTEN VAMP-seq Combined,True,True,True,True,False,coordinate_mavedb_complete_gnomad_missing,False,,,,,,
PTEN,p.Cys105Gly,Likely pathogenic,"criteria provided, single submitter",1728081,NM_000314.8(PTEN):c.313T>G (p.Cys105Gly),"Sep 06, 2022",training,C:\Users\Wesley Capucho\Documents\IA dos números primos\data\raw\multigene\pten\pten_clinvar_training.tsv,GRCh38,10,87933072,87933072,na,na,87933072,T,G,1303165645,True,10-87933072-T-G,,,,False,,False,0.3516078776507439,urn:mavedb:00000102-0-1,PTEN VAMP-seq Combined,True,True,True,True,False,coordinate_mavedb_complete_gnomad_missing,False,,,,,,
PTEN,p.Cys105Tyr,Pathogenic,reviewed by expert panel,142261,NM_000314.8(PTEN):c.314G>A (p.Cys105Tyr),"Dec 05, 2025",combined_external,C:\Users\Wesley Capucho\Documents\IA dos números primos\data\raw\multigene\pten\pten_combined_external.tsv,GRCh38,10,87933073,87933073,na,na,87933073,G,A,587782343,True,10-87933073-G-A,,,,False,,False,,,,False,False,True,True,False,coordinate_ready_annotation_missing,False,,,,,,
PTEN,p.Cys124Arg,Pathogenic,reviewed by expert panel,7817,NM_000314.8(PTEN):c.370T>C (p.Cys124Arg),"Jun 25, 2019",combined_external,C:\Users\Wesley Capucho\Documents\IA dos números primos\data\raw\multigene\pten\pten_combined_external.tsv,GRCh38,10,87933129,87933129,na,na,87933129,T,C,121909223,True,10-87933129-T-C,,,,False,,False,0.288249783597614,urn:mavedb:00000102-0-1,PTEN VAMP-seq Combined,True,True,True,True,False,coordinate_mavedb_complete_gnomad_missing,False,,,,,,
PTEN,p.Cys124Gly,Pathogenic,"criteria provided, multiple submitters, no conflicts",185817,NM_000314.8(PTEN):c.370T>G (p.Cys124Gly),"May 15, 2025",combined_external,C:\Users\Wesley Capucho\Documents\IA dos números primos\data\raw\multigene\pten\pten_combined_external.tsv,GRCh38,10,87933129,87933129,na,na,87933129,T,G,121909223,True,10-87933129-T-G,,,,False,,False,0.966220282991143,urn:mavedb:00000102-0-1,PTEN VAMP-seq Combined,True,True,True,True,False,coordinate_mavedb_complete_gnomad_missing,False,,,,,,
PTEN,p.Cys124Ser,Pathogenic/Likely pathogenic,"criteria provided, multiple submitters, no conflicts",2447220,NM_000314.8(PTEN):c.371G>C (p.Cys124Ser),"Sep 27, 2023",combined_external,C:\Users\Wesley Capucho\Documents\IA dos números primos\data\raw\multigene\pten\pten_combined_external.tsv,GRCh38,10,87933130,87933130,na,na,87933130,G,C,876660535,True,10-87933130-G-C,,,,False,,False,1.04741806408857,urn:mavedb:00000102-0-1,PTEN VAMP-seq Combined,True,True,True,True,False,coordinate_mavedb_complete_gnomad_missing,False,,,,,,
PTEN,p.Cys124Trp,Pathogenic/Likely pathogenic,"criteria provided, multiple submitters, no conflicts",1734391,NM_000314.8(PTEN):c.372T>G (p.Cys124Trp),"Oct 07, 2025",combined_external,C:\Users\Wesley Capucho\Documents\IA dos números primos\data\raw\multigene\pten\pten_combined_external.tsv,GRCh38,10,87933131,87933131,na,na,87933131,T,G,1554898126,True,10-87933131-T-G,,,,False,,False,0.420220113616066,urn:mavedb:00000102-0-1,PTEN VAMP-seq Combined,True,True,True,True,False,coordinate_mavedb_complete_gnomad_missing,False,,,,,,
PTEN,p.Cys124Tyr,Pathogenic/Likely pathogenic,"criteria provided, multiple submitters, no conflicts",233631,NM_000314.8(PTEN):c.371G>A (p.Cys124Tyr),"Jul 24, 2025",combined_external,C:\Users\Wesley Capucho\Documents\IA dos números primos\data\raw\multigene\pten\pten_combined_external.tsv,GRCh38,10,87933130,87933130,na,na,87933130,G,A,876660535,True,10-87933130-G-A,,,,False,,False,0.514291574116069,urn:mavedb:00000102-0-1,PTEN VAMP-seq Combined,True,True,True,True,False,coordinate_mavedb_complete_gnomad_missing,False,,,,,,
PTEN,p.Cys136Arg,Pathogenic/Likely pathogenic,"criteria provided, multiple submitters, no conflicts",183726,NM_000314.8(PTEN):c.406T>C (p.Cys136Arg),"Nov 17, 2025",combined_external,C:\Users\Wesley Capucho\Documents\IA dos números primos\data\raw\multigene\pten\pten_combined_external.tsv,GRCh38,10,87933165,87933165,na,na,87933165,T,C,786201044,True,10-87933165-T-C,,,,False,,False,0.14402497491451,urn:mavedb:00000102-0-1,PTEN VAMP-seq Combined,True,True,True,True,False,coordinate_mavedb_complete_gnomad_missing,False,,,,,,
PTEN,p.Cys136Phe,Pathogenic/Likely pathogenic,"criteria provided, multiple submitters, no conflicts",1737618,NM_000314.8(PTEN):c.407G>T (p.Cys136Phe),"Apr 18, 2025",combined_external,C:\Users\Wesley Capucho\Documents\IA dos números primos\data\raw\multigene\pten\pten_combined_external.tsv,GRCh38,10,87933166,87933166,na,na,87933166,G,T,786204859,True,10-87933166-G-T,,,,False,,False,,,,False,False,True,True,False,coordinate_ready_annotation_missing,False,,,,,,
PTEN,p.Cys136Trp,Pathogenic,reviewed by expert panel,224543,NM_000314.8(PTEN):c.408T>G (p.Cys136Trp),"Apr 04, 2025",combined_external,C:\Users\Wesley Capucho\Documents\IA dos números primos\data\raw\multigene\pten\pten_combined_external.tsv,GRCh38,10,87933167,87933167,na,na,87933167,T,G,869312776,True,10-87933167-T-G,,,,False,,False,0.735070066234203,urn:mavedb:00000102-0-1,PTEN VAMP-seq Combined,True,True,True,True,False,coordinate_mavedb_complete_gnomad_missing,False,,,,,,
PTEN,p.Cys136Tyr,Pathogenic,reviewed by expert panel,189406,NM_000314.8(PTEN):c.407G>A (p.Cys136Tyr),"Oct 18, 2017",combined_external,C:\Users\Wesley Capucho\Documents\IA dos números primos\data\raw\multigene\pten\pten_combined_external.tsv,GRCh38,10,87933166,87933166,na,na,87933166,G,A,786204859,True,10-87933166-G-A,,,,False,,False,,,,False,False,True,True,False,coordinate_ready_annotation_missing,False,,,,,,
PTEN,p.Cys211Trp,Pathogenic,reviewed by expert panel,279878,NM_000314.8(PTEN):c.633C>G (p.Cys211Trp),"Oct 03, 2025",combined_external,C:\Users\Wesley Capucho\Documents\IA dos números primos\data\raw\multigene\pten\pten_combined_external.tsv,GRCh38,10,87952258,87952258,na,na,87952258,C,G,121909232,True,10-87952258-C-G,,,,False,,False,,,,False,False,True,True,False,coordinate_ready_annotation_missing,False,,,,,,
PTEN,p.Cys71Tyr,Pathogenic,reviewed by expert panel,936561,NM_000314.8(PTEN):c.212G>A (p.Cys71Tyr),"Feb 09, 2024",combined_external,C:\Users\Wesley Capucho\Documents\IA dos números primos\data\raw\multigene\pten\pten_combined_external.tsv,GRCh38,10,87931048,87931048,na,na,87931048,G,A,1554897856,True,10-87931048-G-A,,,,False,,False,,,,False,False,True,True,False,coordinate_ready_annotation_missing,False,,,,,,
PTEN,p.Gln171Arg,Likely pathogenic,reviewed by expert panel,189412,NM_000314.8(PTEN):c.512A>G (p.Gln171Arg),"Aug 01, 2025",combined_external,C:\Users\Wesley Capucho\Documents\IA dos números primos\data\raw\multigene\pten\pten_combined_external.tsv,GRCh38,10,87952137,87952137,na,na,87952137,A,G,786204865,True,10-87952137-A-G,,,,False,,False,0.4711761834904009,urn:mavedb:00000102-0-1,PTEN VAMP-seq Combined,True,True,True,True,False,coordinate_mavedb_complete_gnomad_missing,False,,,,,,
PTEN,p.Gln171Glu,Likely pathogenic,reviewed by expert panel,844941,NM_000314.8(PTEN):c.511C>G (p.Gln171Glu),"Aug 01, 2025",combined_external,C:\Users\Wesley Capucho\Documents\IA dos números primos\data\raw\multigene\pten\pten_combined_external.tsv,GRCh38,10,87952136,87952136,na,na,87952136,C,G,786204864,True,10-87952136-C-G,,,,False,,False,0.7363381475733372,urn:mavedb:00000102-0-1,PTEN VAMP-seq Combined,True,True,True,True,False,coordinate_mavedb_complete_gnomad_missing,False,,,,,,
PTEN,p.Gln171Lys,Pathogenic,"criteria provided, single submitter",1198486,NM_000314.8(PTEN):c.511C>A (p.Gln171Lys),"Jun 15, 2020",training,C:\Users\Wesley Capucho\Documents\IA dos números primos\data\raw\multigene\pten\pten_clinvar_training.tsv,GRCh38,10,87952136,87952136,na,na,87952136,C,A,786204864,True,10-87952136-C-A,,,,False,,False,0.3796940388222171,urn:mavedb:00000102-0-1,PTEN VAMP-seq Combined,True,True,True,True,False,coordinate_mavedb_complete_gnomad_missing,False,,,,,,
PTEN,p.Gln298Glu,Likely benign,reviewed by expert panel,127695,NM_000314.8(PTEN):c.892C>G (p.Gln298Glu),"Aug 04, 2023",combined_external,C:\Users\Wesley Capucho\Documents\IA dos números primos\data\raw\multigene\pten\pten_combined_external.tsv,GRCh38,10,87960984,87960984,na,na,87960984,C,G,371387815,True,10-87960984-C-G,,,,False,,False,0.593018767222651,urn:mavedb:00000102-0-1,PTEN VAMP-seq Combined,True,True,True,True,False,coordinate_mavedb_complete_gnomad_missing,False,,,,,,
PTEN,p.Gly127Arg,Pathogenic/Likely pathogenic,"criteria provided, multiple submitters, no conflicts",139568,NM_000314.8(PTEN):c.379G>A (p.Gly127Arg),"Sep 10, 2025",combined_external,C:\Users\Wesley Capucho\Documents\IA dos números primos\data\raw\multigene\pten\pten_combined_external.tsv,GRCh38,10,87933138,87933138,na,na,87933138,G,A,587781255,True,10-87933138-G-A,,,,False,,False,0.490890563241277,urn:mavedb:00000102-0-1,PTEN VAMP-seq Combined,True,True,True,True,False,coordinate_mavedb_complete_gnomad_missing,False,,,,,,
PTEN,p.Gly129Arg,Pathogenic/Likely pathogenic,"criteria provided, multiple submitters, no conflicts",189484,NM_000314.8(PTEN):c.385G>A (p.Gly129Arg),"Jul 28, 2025",combined_external,C:\Users\Wesley Capucho\Documents\IA dos números primos\data\raw\multigene\pten\pten_combined_external.tsv,GRCh38,10,87933144,87933144,na,na,87933144,G,A,786204929,True,10-87933144-G-A,,,,False,,False,0.475122713801808,urn:mavedb:00000102-0-1,PTEN VAMP-seq Combined,True,True,True,True,False,coordinate_mavedb_complete_gnomad_missing,False,,,,,,
PTEN,p.Gly129Glu,Pathogenic/Likely pathogenic,"criteria provided, multiple submitters, no conflicts",7812,NM_000314.8(PTEN):c.386G>A (p.Gly129Glu),"Mar 24, 2025",combined_external,C:\Users\Wesley Capucho\Documents\IA dos números primos\data\raw\multigene\pten\pten_combined_external.tsv,GRCh38,10,87933145,87933145,na,na,87933145,G,A,121909218,True,10-87933145-G-A,,,,False,,False,0.6380127329020711,urn:mavedb:00000102-0-1,PTEN VAMP-seq Combined,True,True,True,True,False,coordinate_mavedb_complete_gnomad_missing,False,,,,,,
PTEN,p.Gly129Val,Pathogenic/Likely pathogenic,"criteria provided, multiple submitters, no conflicts",856036,NM_000314.8(PTEN):c.386G>T (p.Gly129Val),"Sep 28, 2023",combined_external,C:\Users\Wesley Capucho\Documents\IA dos números primos\data\raw\multigene\pten\pten_combined_external.tsv,GRCh38,10,87933145,87933145,na,na,87933145,G,T,121909218,True,10-87933145-G-T,,,,False,,False,0.489963042853323,urn:mavedb:00000102-0-1,PTEN VAMP-seq Combined,True,True,True,True,False,coordinate_mavedb_complete_gnomad_missing,False,,,,,,
PTEN,p.Gly132Asp,Pathogenic,reviewed by expert panel,92822,NM_000314.8(PTEN):c.395G>A (p.Gly132Asp),"Jun 18, 2020",combined_external,C:\Users\Wesley Capucho\Documents\IA dos números primos\data\raw\multigene\pten\pten_combined_external.tsv,GRCh38,10,87933154,87933154,na,na,87933154,G,A,121909241,True,10-87933154-G-A,,,,False,,False,,,,False,False,True,True,False,coordinate_ready_annotation_missing,False,,,,,,
PTEN,p.Gly132Ser,Pathogenic/Likely pathogenic,"criteria provided, multiple submitters, no conflicts",856796,NM_000314.8(PTEN):c.394G>A (p.Gly132Ser),"Aug 27, 2025",combined_external,C:\Users\Wesley Capucho\Documents\IA dos números primos\data\raw\multigene\pten\pten_combined_external.tsv,GRCh38,10,87933153,87933153,na,na,87933153,G,A,1859977029,True,10-87933153-G-A,,,,False,,False,,,,False,False,True,True,False,coordinate_ready_annotation_missing,False,,,,,,
PTEN,p.Gly132Val,Pathogenic/Likely pathogenic,"criteria provided, multiple submitters, no conflicts",7852,NM_000314.8(PTEN):c.395G>T (p.Gly132Val),"May 26, 2025",combined_external,C:\Users\Wesley Capucho\Documents\IA dos números primos\data\raw\multigene\pten\pten_combined_external.tsv,GRCh38,10,87933154,87933154,na,na,87933154,G,T,121909241,True,10-87933154-G-T,,,,False,,False,,,,False,False,True,True,False,coordinate_ready_annotation_missing,False,,,,,,
PTEN,p.Gly165Arg,Pathogenic,reviewed by expert panel,428256,NM_000314.8(PTEN):c.493G>A (p.Gly165Arg),"Nov 22, 2019",combined_external,C:\Users\Wesley Capucho\Documents\IA dos números primos\data\raw\multigene\pten\pten_combined_external.tsv,GRCh38,10,87952118,87952118,na,na,87952118,G,A,587782603,True,10-87952118-G-A,,,,False,,False,0.727419740704855,urn:mavedb:00000102-0-1,PTEN VAMP-seq Combined,True,True,True,True,False,coordinate_mavedb_complete_gnomad_missing,False,,,,,,
PTEN,p.Gly165Val,Pathogenic/Likely pathogenic,"criteria provided, multiple submitters, no conflicts",1341516,NM_000314.8(PTEN):c.494G>T (p.Gly165Val),"Mar 28, 2025",combined_external,C:\Users\Wesley Capucho\Documents\IA dos números primos\data\raw\multigene\pten\pten_combined_external.tsv,GRCh38,10,87952119,87952119,na,na,87952119,G,T,786204863,True,10-87952119-G-T,,,,False,,False,0.8091830881715809,urn:mavedb:00000102-0-1,PTEN VAMP-seq Combined,True,True,True,True,False,coordinate_mavedb_complete_gnomad_missing,False,,,,,,
PTEN,p.Gly20Val,Likely pathogenic,reviewed by expert panel,428266,NM_000314.8(PTEN):c.59G>T (p.Gly20Val),"Aug 04, 2023",combined_external,C:\Users\Wesley Capucho\Documents\IA dos números primos\data\raw\multigene\pten\pten_combined_external.tsv,GRCh38,10,87864528,87864528,na,na,87864528,G,T,1064795967,True,10-87864528-G-T,,,,False,,False,0.746175986355505,urn:mavedb:00000102-0-1,PTEN VAMP-seq Combined,True,True,True,True,False,coordinate_mavedb_complete_gnomad_missing,False,,,,,,
PTEN,p.Gly251Val,Likely pathogenic,reviewed by expert panel,536548,NM_000314.8(PTEN):c.752G>T (p.Gly251Val),"Apr 04, 2025",combined_external,C:\Users\Wesley Capucho\Documents\IA dos números primos\data\raw\multigene\pten\pten_combined_external.tsv,GRCh38,10,87957970,87957970,na,na,87957970,G,T,1554825226,True,10-87957970-G-T,,,,False,,False,0.152857615751892,urn:mavedb:00000102-0-1,PTEN VAMP-seq Combined,True,True,True,True,False,coordinate_mavedb_complete_gnomad_missing,False,,,,,,
PTEN,p.Gly36Arg,Likely pathogenic,reviewed by expert panel,189400,NM_000314.8(PTEN):c.106G>C (p.Gly36Arg),"Oct 11, 2023",combined_external,C:\Users\Wesley Capucho\Documents\IA dos números primos\data\raw\multigene\pten\pten_combined_external.tsv,GRCh38,10,87894051,87894051,na,na,87894051,G,C,786204854,True,10-87894051-G-C,,,,False,,False,0.661581726880137,urn:mavedb:00000102-0-1,PTEN VAMP-seq Combined,True,True,True,True,False,coordinate_mavedb_complete_gnomad_missing,False,,,,,,
PTEN,p.Gly36Glu,Pathogenic,reviewed by expert panel,486972,NM_000314.8(PTEN):c.107G>A (p.Gly36Glu),"Oct 11, 2023",combined_external,C:\Users\Wesley Capucho\Documents\IA dos números primos\data\raw\multigene\pten\pten_combined_external.tsv,GRCh38,10,87894052,87894052,na,na,87894052,G,A,1554893792,True,10-87894052-G-A,,,,False,,False,,,,False,False,True,True,False,coordinate_ready_annotation_missing,False,,,,,,
PTEN,p.Gly44Asp,Pathogenic/Likely pathogenic,"criteria provided, multiple submitters, no conflicts",427582,NM_000314.8(PTEN):c.131G>A (p.Gly44Asp),"Mar 12, 2025",combined_external,C:\Users\Wesley Capucho\Documents\IA dos números primos\data\raw\multigene\pten\pten_combined_external.tsv,GRCh38,10,87894076,87894076,na,na,87894076,G,A,1085308042,True,10-87894076-G-A,,,,False,,False,0.799232297703556,urn:mavedb:00000102-0-1,PTEN VAMP-seq Combined,True,True,True,True,False,coordinate_mavedb_complete_gnomad_missing,False,,,,,,
PTEN,p.His118Pro,Likely pathogenic,"criteria provided, single submitter",2624869,NM_000314.8(PTEN):c.353A>C (p.His118Pro),"Jul 27, 2023",training,C:\Users\Wesley Capucho\Documents\IA dos números primos\data\raw\multigene\pten\pten_clinvar_training.tsv,GRCh38,10,87933112,87933112,na,na,87933112,A,C,1554898107,True,10-87933112-A-C,,,,False,,False,,,,False,False,True,True,False,coordinate_ready_annotation_missing,False,,,,,,
PTEN,p.His123Arg,Pathogenic,reviewed by expert panel,7816,NM_000314.8(PTEN):c.368A>G (p.His123Arg),"Jun 18, 2020",combined_external,C:\Users\Wesley Capucho\Documents\IA dos números primos\data\raw\multigene\pten\pten_combined_external.tsv,GRCh38,10,87933127,87933127,na,na,87933127,A,G,121909222,True,10-87933127-A-G,,,,False,,False,0.407828388074956,urn:mavedb:00000102-0-1,PTEN VAMP-seq Combined,True,True,True,True,False,coordinate_mavedb_complete_gnomad_missing,False,,,,,,
PTEN,p.His123Asn,Likely pathogenic,"criteria provided, single submitter",3572467,NM_000314.8(PTEN):c.367C>A (p.His123Asn),"Jul 10, 2024",training,C:\Users\Wesley Capucho\Documents\IA dos números primos\data\raw\multigene\pten\pten_clinvar_training.tsv,GRCh38,10,87933126,87933126,na,na,87933126,C,A,-1,True,10-87933126-C-A,,,,False,,False,0.578260028895531,urn:mavedb:00000102-0-1,PTEN VAMP-seq Combined,True,True,True,True,False,coordinate_mavedb_complete_gnomad_missing,False,,,,,,
PTEN,p.His123Asp,Pathogenic,reviewed by expert panel,428277,NM_000314.8(PTEN):c.367C>G (p.His123Asp),"Nov 22, 2019",combined_external,C:\Users\Wesley Capucho\Documents\IA dos números primos\data\raw\multigene\pten\pten_combined_external.tsv,GRCh38,10,87933126,87933126,na,na,87933126,C,G,786204931,True,10-87933126-C-G,,,,False,,False,,,,False,False,True,True,False,coordinate_ready_annotation_missing,False,,,,,,
PTEN,p.His123Gln,Pathogenic/Likely pathogenic,"criteria provided, multiple submitters, no conflicts",427587,NM_000314.8(PTEN):c.369C>G (p.His123Gln),"Sep 01, 2022",combined_external,C:\Users\Wesley Capucho\Documents\IA dos números primos\data\raw\multigene\pten\pten_combined_external.tsv,GRCh38,10,87933128,87933128,na,na,87933128,C,G,1085308045,True,10-87933128-C-G,,,,False,,False,,,,False,False,True,True,False,coordinate_ready_annotation_missing,False,,,,,,
PTEN,p.His123Tyr,Pathogenic/Likely pathogenic,"criteria provided, multiple submitters, no conflicts",189486,NM_000314.8(PTEN):c.367C>T (p.His123Tyr),"Jul 08, 2024",combined_external,C:\Users\Wesley Capucho\Documents\IA dos números primos\data\raw\multigene\pten\pten_combined_external.tsv,GRCh38,10,87933126,87933126,na,na,87933126,C,T,786204931,True,10-87933126-C-T,,,,False,,False,,,,False,False,True,True,False,coordinate_ready_annotation_missing,False,,,,,,
PTEN,p.His141Leu,Likely pathogenic,"criteria provided, multiple submitters, no conflicts",1708039,NM_000314.8(PTEN):c.422A>T (p.His141Leu),"Jun 19, 2023",combined_external,C:\Users\Wesley Capucho\Documents\IA dos números primos\data\raw\multigene\pten\pten_combined_external.tsv,GRCh38,10,87933181,87933181,na,na,87933181,A,T,863224666,True,10-87933181-A-T,,,,False,,False,0.300202898003375,urn:mavedb:00000102-0-1,PTEN VAMP-seq Combined,True,True,True,True,False,coordinate_mavedb_complete_gnomad_missing,False,,,,,,
PTEN,p.His141Pro,Likely pathogenic,reviewed by expert panel,216422,NM_000314.8(PTEN):c.422A>C (p.His141Pro),"Jun 18, 2020",combined_external,C:\Users\Wesley Capucho\Documents\IA dos números primos\data\raw\multigene\pten\pten_combined_external.tsv,GRCh38,10,87933181,87933181,na,na,87933181,A,C,863224666,True,10-87933181-A-C,,,,False,,False,0.1999173844687989,urn:mavedb:00000102-0-1,PTEN VAMP-seq Combined,True,True,True,True,False,coordinate_mavedb_complete_gnomad_missing,False,,,,,,
PTEN,p.His272Pro,Likely pathogenic,"criteria provided, single submitter",428223,NM_000314.8(PTEN):c.815A>C (p.His272Pro),"Sep 02, 2016",training,C:\Users\Wesley Capucho\Documents\IA dos números primos\data\raw\multigene\pten\pten_clinvar_training.tsv,GRCh38,10,87960907,87960907,na,na,87960907,A,C,1114167648,True,10-87960907-A-C,,,,False,,False,0.412131633651655,urn:mavedb:00000102-0-1,PTEN VAMP-seq Combined,True,True,True,True,False,coordinate_mavedb_complete_gnomad_missing,False,,,,,,
PTEN,p.His61Arg,Likely pathogenic,reviewed by expert panel,189402,NM_000314.8(PTEN):c.182A>G (p.His61Arg),"Dec 01, 2023",combined_external,C:\Users\Wesley Capucho\Documents\IA dos números primos\data\raw\multigene\pten\pten_combined_external.tsv,GRCh38,10,87925530,87925530,na,na,87925530,A,G,398123316,True,10-87925530-A-G,,,,False,,False,0.2645834976540269,urn:mavedb:00000102-0-1,PTEN VAMP-seq Combined,True,True,True,True,False,coordinate_mavedb_complete_gnomad_missing,False,,,,,,
PTEN,p.His61Asp,Likely pathogenic,reviewed by expert panel,7841,NM_000314.8(PTEN):c.181C>G (p.His61Asp),"Jun 04, 2021",combined_external,C:\Users\Wesley Capucho\Documents\IA dos números primos\data\raw\multigene\pten\pten_combined_external.tsv,GRCh38,10,87925529,87925529,na,na,87925529,C,G,121909236,True,10-87925529-C-G,,,,False,,False,0.2349135389989939,urn:mavedb:00000102-0-1,PTEN VAMP-seq Combined,True,True,True,True,False,coordinate_mavedb_complete_gnomad_missing,False,,,,,,
PTEN,p.His61Pro,Likely pathogenic,"criteria provided, single submitter",3231146,NM_000314.8(PTEN):c.182A>C (p.His61Pro),"Oct 04, 2023",training,C:\Users\Wesley Capucho\Documents\IA dos números primos\data\raw\multigene\pten\pten_clinvar_training.tsv,GRCh38,10,87925530,87925530,na,na,87925530,A,C,398123316,True,10-87925530-A-C,,,,False,,False,0.379620052288267,urn:mavedb:00000102-0-1,PTEN VAMP-seq Combined,True,True,True,True,False,coordinate_mavedb_complete_gnomad_missing,False,,,,,,
PTEN,p.His61Tyr,Likely pathogenic,"criteria provided, single submitter",4813809,NM_000314.8(PTEN):c.181C>T (p.His61Tyr),"Jan 10, 2026",training,C:\Users\Wesley Capucho\Documents\IA dos números primos\data\raw\multigene\pten\pten_clinvar_training.tsv,GRCh38,10,87925529,87925529,na,na,87925529,C,T,-1,True,10-87925529-C-T,,,,False,,False,0.941901563148214,urn:mavedb:00000102-0-1,PTEN VAMP-seq Combined,True,True,True,True,False,coordinate_mavedb_complete_gnomad_missing,False,,,,,,
PTEN,p.His64Pro,Pathogenic/Likely pathogenic,"criteria provided, multiple submitters, no conflicts",2574362,NM_000314.8(PTEN):c.191A>C (p.His64Pro),"Jan 16, 2025",combined_external,C:\Users\Wesley Capucho\Documents\IA dos números primos\data\raw\multigene\pten\pten_combined_external.tsv,GRCh38,10,87925539,87925539,na,na,87925539,A,C,1589640471,True,10-87925539-A-C,,,,False,,False,0.196065204957559,urn:mavedb:00000102-0-1,PTEN VAMP-seq Combined,True,True,True,True,False,coordinate_mavedb_complete_gnomad_missing,False,,,,,,
PTEN,p.His93Arg,Pathogenic,reviewed by expert panel,7848,NM_000314.8(PTEN):c.278A>G (p.His93Arg),"Nov 28, 2018",combined_external,C:\Users\Wesley Capucho\Documents\IA dos números primos\data\raw\multigene\pten\pten_combined_external.tsv,GRCh38,10,87933037,87933037,na,na,87933037,A,G,121909238,True,10-87933037-A-G,,,,False,,False,0.8397414630308159,urn:mavedb:00000102-0-1,PTEN VAMP-seq Combined,True,True,True,True,False,coordinate_mavedb_complete_gnomad_missing,False,,,,,,
PTEN,p.His93Asn,Likely pathogenic,"criteria provided, single submitter",523356,NM_000314.8(PTEN):c.277C>A (p.His93Asn),"Jan 01, 2017",training,C:\Users\Wesley Capucho\Documents\IA dos números primos\data\raw\multigene\pten\pten_clinvar_training.tsv,GRCh38,10,87933036,87933036,na,na,87933036,C,A,786204927,True,10-87933036-C-A,,,,False,,False,0.8530828809323608,urn:mavedb:00000102-0-1,PTEN VAMP-seq Combined,True,True,True,True,False,coordinate_mavedb_complete_gnomad_missing,False,,,,,,
PTEN,p.His93Asp,Likely pathogenic,"criteria provided, single submitter",189482,NM_000314.8(PTEN):c.277C>G (p.His93Asp),"Mar 23, 2023",training,C:\Users\Wesley Capucho\Documents\IA dos números primos\data\raw\multigene\pten\pten_clinvar_training.tsv,GRCh38,10,87933036,87933036,na,na,87933036,C,G,786204927,True,10-87933036-C-G,,,,False,,False,0.838428840139544,urn:mavedb:00000102-0-1,PTEN VAMP-seq Combined,True,True,True,True,False,coordinate_mavedb_complete_gnomad_missing,False,,,,,,
PTEN,p.His93Pro,Likely pathogenic,reviewed by expert panel,468680,NM_000314.8(PTEN):c.278A>C (p.His93Pro),"Feb 09, 2024",combined_external,C:\Users\Wesley Capucho\Documents\IA dos números primos\data\raw\multigene\pten\pten_combined_external.tsv,GRCh38,10,87933037,87933037,na,na,87933037,A,C,121909238,True,10-87933037-A-C,,,,False,,False,0.8898996418386659,urn:mavedb:00000102-0-1,PTEN VAMP-seq Combined,True,True,True,True,False,coordinate_mavedb_complete_gnomad_missing,False,,,,,,
PTEN,p.His93Tyr,Pathogenic/Likely pathogenic,"criteria provided, multiple submitters, no conflicts",646993,NM_000314.8(PTEN):c.277C>T (p.His93Tyr),"Jun 26, 2024",combined_external,C:\Users\Wesley Capucho\Documents\IA dos números primos\data\raw\multigene\pten\pten_combined_external.tsv,GRCh38,10,87933036,87933036,na,na,87933036,C,T,786204927,True,10-87933036-C-T,,,,False,,False,,,,False,False,True,True,False,coordinate_ready_annotation_missing,False,,,,,,
PTEN,p.Ile101Asn,Pathogenic/Likely pathogenic,"criteria provided, multiple submitters, no conflicts",648578,NM_000314.8(PTEN):c.302T>A (p.Ile101Asn),"Jun 18, 2025",combined_external,C:\Users\Wesley Capucho\Documents\IA dos números primos\data\raw\multigene\pten\pten_combined_external.tsv,GRCh38,10,87933061,87933061,na,na,87933061,T,A,1339631701,True,10-87933061-T-A,,,,False,,False,,,,False,False,True,True,False,coordinate_ready_annotation_missing,False,,,,,,
PTEN,p.Ile101Thr,Pathogenic/Likely pathogenic,"criteria provided, multiple submitters, no conflicts",822660,NM_000314.8(PTEN):c.302T>C (p.Ile101Thr),"Nov 10, 2025",combined_external,C:\Users\Wesley Capucho\Documents\IA dos números primos\data\raw\multigene\pten\pten_combined_external.tsv,GRCh38,10,87933061,87933061,na,na,87933061,T,C,1339631701,True,10-87933061-T-C,,,,False,,False,,,,False,False,True,True,False,coordinate_ready_annotation_missing,False,,,,,,
PTEN,p.Ile135Lys,Pathogenic/Likely pathogenic,"criteria provided, multiple submitters, no conflicts",428235,NM_000314.8(PTEN):c.404T>A (p.Ile135Lys),"Sep 13, 2024",combined_external,C:\Users\Wesley Capucho\Documents\IA dos números primos\data\raw\multigene\pten\pten_combined_external.tsv,GRCh38,10,87933163,87933163,na,na,87933163,T,A,370795352,True,10-87933163-T-A,,,,False,,False,0.176742340788177,urn:mavedb:00000102-0-1,PTEN VAMP-seq Combined,True,True,True,True,False,coordinate_mavedb_complete_gnomad_missing,False,,,,,,
PTEN,p.Ile135Val,Pathogenic/Likely pathogenic,"criteria provided, multiple submitters, no conflicts",142287,NM_000314.8(PTEN):c.403A>G (p.Ile135Val),"Dec 09, 2025",combined_external,C:\Users\Wesley Capucho\Documents\IA dos números primos\data\raw\multigene\pten\pten_combined_external.tsv,GRCh38,10,87933162,87933162,na,na,87933162,A,G,587782360,True,10-87933162-A-G,,,,False,,False,,,,False,False,True,True,False,coordinate_ready_annotation_missing,False,,,,,,
PTEN,p.Ile253Asn,Pathogenic/Likely pathogenic,"criteria provided, multiple submitters, no conflicts",480942,NM_000314.8(PTEN):c.758T>A (p.Ile253Asn),"Jan 26, 2026",combined_external,C:\Users\Wesley Capucho\Documents\IA dos números primos\data\raw\multigene\pten\pten_combined_external.tsv,GRCh38,10,87957976,87957976,na,na,87957976,T,A,1554825235,True,10-87957976-T-A,,,,False,,False,,,,False,False,True,True,False,coordinate_ready_annotation_missing,False,,,,,,
PTEN,p.Ile32Ser,Likely pathogenic,"criteria provided, single submitter",4744225,NM_000314.8(PTEN):c.95T>G (p.Ile32Ser),"Jan 28, 2026",training,C:\Users\Wesley Capucho\Documents\IA dos números primos\data\raw\multigene\pten\pten_clinvar_training.tsv,GRCh38,10,87894040,87894040,na,na,87894040,T,G,-1,True,10-87894040-T-G,,,,False,,False,,,,False,False,True,True,False,coordinate_ready_annotation_missing,False,,,,,,
PTEN,p.Ile50Thr,Pathogenic,reviewed by expert panel,492727,NM_000314.8(PTEN):c.149T>C (p.Ile50Thr),"Feb 09, 2024",combined_external,C:\Users\Wesley Capucho\Documents\IA dos números primos\data\raw\multigene\pten\pten_combined_external.tsv,GRCh38,10,87894094,87894094,na,na,87894094,T,C,1554893824,True,10-87894094-T-C,,,,False,,False,0.7221183788707181,urn:mavedb:00000102-0-1,PTEN VAMP-seq Combined,True,True,True,True,False,coordinate_mavedb_complete_gnomad_missing,False,,,,,,
PTEN,p.Ile5Thr,Likely pathogenic,"criteria provided, multiple submitters, no conflicts",3254879,NM_000314.8(PTEN):c.14T>C (p.Ile5Thr),"Jan 20, 2026",combined_external,C:\Users\Wesley Capucho\Documents\IA dos números primos\data\raw\multigene\pten\pten_combined_external.tsv,GRCh38,10,87864483,87864483,na,na,87864483,T,C,2132145451,True,10-87864483-T-C,,,,False,,False,,,,False,False,True,True,False,coordinate_ready_annotation_missing,False,,,,,,
PTEN,p.Ile67Arg,Likely pathogenic,"criteria provided, single submitter",2429351,NM_000314.8(PTEN):c.200T>G (p.Ile67Arg),"Oct 14, 2022",training,C:\Users\Wesley Capucho\Documents\IA dos números primos\data\raw\multigene\pten\pten_clinvar_training.tsv,GRCh38,10,87925548,87925548,na,na,87925548,T,G,1859804665,True,10-87925548-T-G,,,,False,,False,0.174309434057476,urn:mavedb:00000102-0-1,PTEN VAMP-seq Combined,True,True,True,True,False,coordinate_mavedb_complete_gnomad_missing,False,,,,,,
PTEN,p.Leu100Phe,Likely pathogenic,"criteria provided, single submitter",1207213,NM_000314.8(PTEN):c.298C>T (p.Leu100Phe),"Sep 17, 2019",training,C:\Users\Wesley Capucho\Documents\IA dos números primos\data\raw\multigene\pten\pten_clinvar_training.tsv,GRCh38,10,87933057,87933057,na,na,87933057,C,T,1589646100,True,10-87933057-C-T,,,,False,,False,,,,False,False,True,True,False,coordinate_ready_annotation_missing,False,,,,,,
PTEN,p.Leu108Arg,Likely pathogenic,"criteria provided, single submitter",2764628,NM_000314.8(PTEN):c.323T>G (p.Leu108Arg),"Mar 12, 2025",training,C:\Users\Wesley Capucho\Documents\IA dos números primos\data\raw\multigene\pten\pten_clinvar_training.tsv,GRCh38,10,87933082,87933082,na,na,87933082,T,G,1064793243,True,10-87933082-T-G,,,,False,,False,0.166763241512921,urn:mavedb:00000102-0-1,PTEN VAMP-seq Combined,True,True,True,True,False,coordinate_mavedb_complete_gnomad_missing,False,,,,,,
PTEN,p.Leu108Phe,Likely pathogenic,"criteria provided, single submitter",2562403,NM_000314.8(PTEN):c.322C>T (p.Leu108Phe),"Apr 03, 2024",training,C:\Users\Wesley Capucho\Documents\IA dos números primos\data\raw\multigene\pten\pten_clinvar_training.tsv,GRCh38,10,87933081,87933081,na,na,87933081,C,T,2132242585,True,10-87933081-C-T,,,,False,,False,-0.12385638896582,urn:mavedb:00000102-0-1,PTEN VAMP-seq Combined,True,True,True,True,False,coordinate_mavedb_complete_gnomad_missing,False,,,,,,
PTEN,p.Leu108Pro,Pathogenic/Likely pathogenic,"criteria provided, multiple submitters, no conflicts",418436,NM_000314.8(PTEN):c.323T>C (p.Leu108Pro),"Nov 22, 2024",combined_external,C:\Users\Wesley Capucho\Documents\IA dos números primos\data\raw\multigene\pten\pten_combined_external.tsv,GRCh38,10,87933082,87933082,na,na,87933082,T,C,1064793243,True,10-87933082-T-C,,,,False,,False,0.128649587104413,urn:mavedb:00000102-0-1,PTEN VAMP-seq Combined,True,True,True,True,False,coordinate_mavedb_complete_gnomad_missing,False,,,,,,
PTEN,p.Leu112Arg,Pathogenic,"criteria provided, multiple submitters, no conflicts",2674303,NM_000314.8(PTEN):c.335T>G (p.Leu112Arg),"Nov 22, 2024",combined_external,C:\Users\Wesley Capucho\Documents\IA dos números primos\data\raw\multigene\pten\pten_combined_external.tsv,GRCh38,10,87933094,87933094,na,na,87933094,T,G,121909230,True,10-87933094-T-G,,,,False,,False,0.259583290054274,urn:mavedb:00000102-0-1,PTEN VAMP-seq Combined,True,True,True,True,False,coordinate_mavedb_complete_gnomad_missing,False,,,,,,
PTEN,p.Leu112Pro,Pathogenic,"criteria provided, single submitter",7832,NM_000314.8(PTEN):c.335T>C (p.Leu112Pro),"Jun 28, 2017",training,C:\Users\Wesley Capucho\Documents\IA dos números primos\data\raw\multigene\pten\pten_clinvar_training.tsv,GRCh38,10,87933094,87933094,na,na,87933094,T,C,121909230,True,10-87933094-T-C,,,,False,,False,0.0545375906653933,urn:mavedb:00000102-0-1,PTEN VAMP-seq Combined,True,True,True,True,False,coordinate_mavedb_complete_gnomad_missing,False,,,,,,
PTEN,p.Leu112Val,Likely pathogenic,reviewed by expert panel,1406308,NM_000314.8(PTEN):c.334C>G (p.Leu112Val),"Apr 05, 2024",combined_external,C:\Users\Wesley Capucho\Documents\IA dos números primos\data\raw\multigene\pten\pten_combined_external.tsv,GRCh38,10,87933093,87933093,na,na,87933093,C,G,2132242699,True,10-87933093-C-G,,,,False,,False,0.487378313994303,urn:mavedb:00000102-0-1,PTEN VAMP-seq Combined,True,True,True,True,False,coordinate_mavedb_complete_gnomad_missing,False,,,,,,
PTEN,p.Leu152Pro,Likely pathogenic,"criteria provided, multiple submitters, no conflicts",536551,NM_000314.8(PTEN):c.455T>C (p.Leu152Pro),"Sep 02, 2025",combined_external,C:\Users\Wesley Capucho\Documents\IA dos números primos\data\raw\multigene\pten\pten_combined_external.tsv,GRCh38,10,87933214,87933214,na,na,87933214,T,C,1554898197,True,10-87933214-T-C,,,,False,,False,,,,False,False,True,True,False,coordinate_ready_annotation_missing,False,,,,,,
PTEN,p.Leu181Pro,Pathogenic,reviewed by expert panel,825730,NM_000314.8(PTEN):c.542T>C (p.Leu181Pro),"Jun 04, 2021",combined_external,C:\Users\Wesley Capucho\Documents\IA dos números primos\data\raw\multigene\pten\pten_combined_external.tsv,GRCh38,10,87952167,87952167,na,na,87952167,T,C,1589659492,True,10-87952167-T-C,,,,False,,False,0.201367536244877,urn:mavedb:00000102-0-1,PTEN VAMP-seq Combined,True,True,True,True,False,coordinate_mavedb_complete_gnomad_missing,False,,,,,,
PTEN,p.Leu23Val,Likely pathogenic,reviewed by expert panel,234830,NM_000314.8(PTEN):c.67T>G (p.Leu23Val),"Jun 18, 2020",combined_external,C:\Users\Wesley Capucho\Documents\IA dos números primos\data\raw\multigene\pten\pten_combined_external.tsv,GRCh38,10,87864536,87864536,na,na,87864536,T,G,876661244,True,10-87864536-T-G,,,,False,,False,0.729447998656511,urn:mavedb:00000102-0-1,PTEN VAMP-seq Combined,True,True,True,True,False,coordinate_mavedb_complete_gnomad_missing,False,,,,,,
PTEN,p.Leu247Ser,Likely pathogenic,reviewed by expert panel,223142,NM_000314.8(PTEN):c.740T>C (p.Leu247Ser),"Aug 04, 2023",combined_external,C:\Users\Wesley Capucho\Documents\IA dos números primos\data\raw\multigene\pten\pten_combined_external.tsv,GRCh38,10,87957958,87957958,na,na,87957958,T,C,1057519368,True,10-87957958-T-C,,,,False,,False,0.118183466859486,urn:mavedb:00000102-0-1,PTEN VAMP-seq Combined,True,True,True,True,False,coordinate_mavedb_complete_gnomad_missing,False,,,,,,
PTEN,p.Leu25Phe,Pathogenic,"criteria provided, multiple submitters, no conflicts",1068214,NM_000314.8(PTEN):c.75G>C (p.Leu25Phe),"Jul 17, 2025",combined_external,C:\Users\Wesley Capucho\Documents\IA dos números primos\data\raw\multigene\pten\pten_combined_external.tsv,GRCh38,10,87864544,87864544,na,na,87864544,G,C,786201506,True,10-87864544-G-C,,,,False,,False,,,,False,False,True,True,False,coordinate_ready_annotation_missing,False,,,,,,
PTEN,p.Leu316Pro,Likely pathogenic,reviewed by expert panel,418653,NM_000314.8(PTEN):c.947T>C (p.Leu316Pro),"Feb 09, 2024",combined_external,C:\Users\Wesley Capucho\Documents\IA dos números primos\data\raw\multigene\pten\pten_combined_external.tsv,GRCh38,10,87961039,87961039,na,na,87961039,T,C,1064793345,True,10-87961039-T-C,,,,False,,False,0.36352850388501,urn:mavedb:00000102-0-1,PTEN VAMP-seq Combined,True,True,True,True,False,coordinate_mavedb_complete_gnomad_missing,False,,,,,,
PTEN,p.Leu320Ser,Likely pathogenic,reviewed by expert panel,1043063,NM_000314.8(PTEN):c.959T>C (p.Leu320Ser),"Dec 05, 2025",combined_external,C:\Users\Wesley Capucho\Documents\IA dos números primos\data\raw\multigene\pten\pten_combined_external.tsv,GRCh38,10,87961051,87961051,na,na,87961051,T,C,1114167667,True,10-87961051-T-C,,,,False,,False,0.245052449582397,urn:mavedb:00000102-0-1,PTEN VAMP-seq Combined,True,True,True,True,False,coordinate_mavedb_complete_gnomad_missing,False,,,,,,
PTEN,p.Leu345Pro,Pathogenic,reviewed by expert panel,484605,NM_000314.8(PTEN):c.1034T>C (p.Leu345Pro),"Jun 04, 2021",combined_external,C:\Users\Wesley Capucho\Documents\IA dos números primos\data\raw\multigene\pten\pten_combined_external.tsv,GRCh38,10,87965294,87965294,na,na,87965294,T,C,1554826024,True,10-87965294-T-C,,,,False,,False,0.195677948246816,urn:mavedb:00000102-0-1,PTEN VAMP-seq Combined,True,True,True,True,False,coordinate_mavedb_complete_gnomad_missing,False,,,,,,
PTEN,p.Leu57Trp,Likely pathogenic,reviewed by expert panel,185713,NM_000314.8(PTEN):c.170T>G (p.Leu57Trp),"Aug 01, 2025",combined_external,C:\Users\Wesley Capucho\Documents\IA dos números primos\data\raw\multigene\pten\pten_combined_external.tsv,GRCh38,10,87925518,87925518,na,na,87925518,T,G,786202398,True,10-87925518-T-G,,,,False,,False,0.183454257086015,urn:mavedb:00000102-0-1,PTEN VAMP-seq Combined,True,True,True,True,False,coordinate_mavedb_complete_gnomad_missing,False,,,,,,
PTEN,p.Leu70Pro,Likely pathogenic,reviewed by expert panel,7826,NM_000314.8(PTEN):c.209T>C (p.Leu70Pro),"Dec 05, 2025",combined_external,C:\Users\Wesley Capucho\Documents\IA dos números primos\data\raw\multigene\pten\pten_combined_external.tsv,GRCh38,10,87925557,87925557,na,na,87925557,T,C,121909226,True,10-87925557-T-C,,,,False,,False,,,,False,False,True,True,False,coordinate_ready_annotation_missing,False,,,,,,
PTEN,p.Leu98Arg,Pathogenic/Likely pathogenic,"criteria provided, multiple submitters, no conflicts",404143,NM_000314.8(PTEN):c.293T>G (p.Leu98Arg),"Apr 05, 2024",combined_external,C:\Users\Wesley Capucho\Documents\IA dos números primos\data\raw\multigene\pten\pten_combined_external.tsv,GRCh38,10,87933052,87933052,na,na,87933052,T,G,781647403,True,10-87933052-T-G,,,,False,,False,0.122702433018164,urn:mavedb:00000102-0-1,PTEN VAMP-seq Combined,True,True,True,True,False,coordinate_mavedb_complete_gnomad_missing,False,,,,,,
PTEN,p.Leu98Pro,Pathogenic,"criteria provided, single submitter",3767590,NM_000314.8(PTEN):c.293T>C (p.Leu98Pro),"Sep 06, 2024",training,C:\Users\Wesley Capucho\Documents\IA dos números primos\data\raw\multigene\pten\pten_clinvar_training.tsv,GRCh38,10,87933052,87933052,na,na,87933052,T,C,-1,True,10-87933052-T-C,,,,False,,False,0.4941432727102629,urn:mavedb:00000102-0-1,PTEN VAMP-seq Combined,True,True,True,True,False,coordinate_mavedb_complete_gnomad_missing,False,,,,,,
PTEN,p.Lys125Arg,Likely pathogenic,"criteria provided, single submitter",1803052,NM_000314.8(PTEN):c.374A>G (p.Lys125Arg),"Feb 03, 2022",training,C:\Users\Wesley Capucho\Documents\IA dos números primos\data\raw\multigene\pten\pten_clinvar_training.tsv,GRCh38,10,87933133,87933133,na,na,87933133,A,G,2493717541,True,10-87933133-A-G,,,,False,,False,0.8834675752862869,urn:mavedb:00000102-0-1,PTEN VAMP-seq Combined,True,True,True,True,False,coordinate_mavedb_complete_gnomad_missing,False,,,,,,
PTEN,p.Lys125Glu,Pathogenic,reviewed by expert panel,1338262,NM_000314.8(PTEN):c.373A>G (p.Lys125Glu),"Apr 04, 2025",combined_external,C:\Users\Wesley Capucho\Documents\IA dos números primos\data\raw\multigene\pten\pten_combined_external.tsv,GRCh38,10,87933132,87933132,na,na,87933132,A,G,1554898127,True,10-87933132-A-G,,,,False,,False,1.00954977744054,urn:mavedb:00000102-0-1,PTEN VAMP-seq Combined,True,True,True,True,False,coordinate_mavedb_complete_gnomad_missing,False,,,,,,
PTEN,p.Lys128Arg,Pathogenic/Likely pathogenic,"criteria provided, multiple submitters, no conflicts",864223,NM_000314.8(PTEN):c.383A>G (p.Lys128Arg),"Oct 17, 2025",combined_external,C:\Users\Wesley Capucho\Documents\IA dos números primos\data\raw\multigene\pten\pten_combined_external.tsv,GRCh38,10,87933142,87933142,na,na,87933142,A,G,1859975512,True,10-87933142-A-G,,,,False,,False,,,,False,False,True,True,False,coordinate_ready_annotation_missing,False,,,,,,
PTEN,p.Lys128Asn,Likely pathogenic,"criteria provided, multiple submitters, no conflicts",428220,NM_000314.8(PTEN):c.384G>C (p.Lys128Asn),"Aug 22, 2024",combined_external,C:\Users\Wesley Capucho\Documents\IA dos números primos\data\raw\multigene\pten\pten_combined_external.tsv,GRCh38,10,87933143,87933143,na,na,87933143,G,C,1114167645,True,10-87933143-G-C,,,,False,,False,,,,False,False,True,True,False,coordinate_ready_annotation_missing,False,,,,,,
PTEN,p.Lys128Glu,Likely pathogenic,"criteria provided, multiple submitters, no conflicts",958105,NM_000314.8(PTEN):c.382A>G (p.Lys128Glu),"Nov 03, 2023",combined_external,C:\Users\Wesley Capucho\Documents\IA dos números primos\data\raw\multigene\pten\pten_combined_external.tsv,GRCh38,10,87933141,87933141,na,na,87933141,A,G,1554898138,True,10-87933141-A-G,,,,False,,False,,,,False,False,True,True,False,coordinate_ready_annotation_missing,False,,,,,,
PTEN,p.Lys13Gln,Likely pathogenic,"criteria provided, single submitter",846550,NM_000314.8(PTEN):c.37A>C (p.Lys13Gln),"Jan 06, 2023",training,C:\Users\Wesley Capucho\Documents\IA dos números primos\data\raw\multigene\pten\pten_clinvar_training.tsv,GRCh38,10,87864506,87864506,na,na,87864506,A,C,1554890348,True,10-87864506-A-C,,,,False,,False,1.01198868099637,urn:mavedb:00000102-0-1,PTEN VAMP-seq Combined,True,True,True,True,False,coordinate_mavedb_complete_gnomad_missing,False,,,,,,
PTEN,p.Lys13Glu,Pathogenic/Likely pathogenic,"criteria provided, multiple submitters, no conflicts",988004,NM_000314.8(PTEN):c.37A>G (p.Lys13Glu),"Jan 29, 2025",combined_external,C:\Users\Wesley Capucho\Documents\IA dos números primos\data\raw\multigene\pten\pten_combined_external.tsv,GRCh38,10,87864506,87864506,na,na,87864506,A,G,1554890348,True,10-87864506-A-G,,,,False,,False,1.16041273250948,urn:mavedb:00000102-0-1,PTEN VAMP-seq Combined,True,True,True,True,False,coordinate_mavedb_complete_gnomad_missing,False,,,,,,
PTEN,p.Lys221Glu,Likely pathogenic,"criteria provided, single submitter",3026433,NM_000314.8(PTEN):c.661A>G (p.Lys221Glu),"Jan 01, 2024",training,C:\Users\Wesley Capucho\Documents\IA dos números primos\data\raw\multigene\pten\pten_clinvar_training.tsv,GRCh38,10,87957879,87957879,na,na,87957879,A,G,1554825174,True,10-87957879-A-G,,,,False,,False,,,,False,False,True,True,False,coordinate_ready_annotation_missing,False,,,,,,
PTEN,p.Lys254Thr,Likely pathogenic,"criteria provided, multiple submitters, no conflicts",428207,NM_000314.8(PTEN):c.761A>C (p.Lys254Thr),"May 07, 2021",combined_external,C:\Users\Wesley Capucho\Documents\IA dos números primos\data\raw\multigene\pten\pten_combined_external.tsv,GRCh38,10,87957979,87957979,na,na,87957979,A,C,1114167633,True,10-87957979-A-C,,,,False,,False,0.433897081165875,urn:mavedb:00000102-0-1,PTEN VAMP-seq Combined,True,True,True,True,False,coordinate_mavedb_complete_gnomad_missing,False,,,,,,
PTEN,p.Lys267Asn,Pathogenic,reviewed by expert panel,536549,NM_000314.8(PTEN):c.801G>T (p.Lys267Asn),"Dec 05, 2025",combined_external,C:\Users\Wesley Capucho\Documents\IA dos números primos\data\raw\multigene\pten\pten_combined_external.tsv,GRCh38,10,87958019,87958019,na,na,87958019,G,T,1554825266,True,10-87958019-G-T,,,,False,,False,0.827885030035833,urn:mavedb:00000102-0-1,PTEN VAMP-seq Combined,True,True,True,True,False,coordinate_mavedb_complete_gnomad_missing,False,,,,,,
PTEN,p.Lys342Asn,Likely pathogenic,"criteria provided, single submitter",1067478,NM_000314.8(PTEN):c.1026G>T (p.Lys342Asn),"Jun 26, 2022",training,C:\Users\Wesley Capucho\Documents\IA dos números primos\data\raw\multigene\pten\pten_clinvar_training.tsv,GRCh38,10,87961118,87961118,na,na,87961118,G,T,398123314,True,10-87961118-G-T,,,,False,,False,1.03586447445889,urn:mavedb:00000102-0-1,PTEN VAMP-seq Combined,True,True,True,True,False,coordinate_mavedb_complete_gnomad_missing,False,,,,,,
PTEN,p.Lys66Asn,Likely pathogenic,reviewed by expert panel,1691744,NM_000314.8(PTEN):c.198G>T (p.Lys66Asn),"Feb 09, 2024",combined_external,C:\Users\Wesley Capucho\Documents\IA dos números primos\data\raw\multigene\pten\pten_combined_external.tsv,GRCh38,10,87925546,87925546,na,na,87925546,G,T,2132232321,True,10-87925546-G-T,,,,False,,False,0.2598671005393589,urn:mavedb:00000102-0-1,PTEN VAMP-seq Combined,True,True,True,True,False,coordinate_mavedb_complete_gnomad_missing,False,,,,,,
PTEN,p.Lys66Glu,Likely pathogenic,"criteria provided, single submitter",2499958,NM_000314.8(PTEN):c.196A>G (p.Lys66Glu),"Apr 21, 2023",training,C:\Users\Wesley Capucho\Documents\IA dos números primos\data\raw\multigene\pten\pten_clinvar_training.tsv,GRCh38,10,87925544,87925544,na,na,87925544,A,G,1554897271,True,10-87925544-A-G,,,,False,,False,0.22738720732488,urn:mavedb:00000102-0-1,PTEN VAMP-seq Combined,True,True,True,True,False,coordinate_mavedb_complete_gnomad_missing,False,,,,,,
PTEN,p.Lys6Glu,Pathogenic,reviewed by expert panel,644390,NM_000314.8(PTEN):c.16A>G (p.Lys6Glu),"Jun 04, 2021",combined_external,C:\Users\Wesley Capucho\Documents\IA dos números primos\data\raw\multigene\pten\pten_combined_external.tsv,GRCh38,10,87864485,87864485,na,na,87864485,A,G,1589596143,True,10-87864485-A-G,,,,False,,False,1.26379869827676,urn:mavedb:00000102-0-1,PTEN VAMP-seq Combined,True,True,True,True,False,coordinate_mavedb_complete_gnomad_missing,False,,,,,,
PTEN,p.Lys6Ile,Likely pathogenic,"criteria provided, single submitter",3903209,NM_000314.8(PTEN):c.17A>T (p.Lys6Ile),"Dec 12, 2024",training,C:\Users\Wesley Capucho\Documents\IA dos números primos\data\raw\multigene\pten\pten_clinvar_training.tsv,GRCh38,10,87864486,87864486,na,na,87864486,A,T,-1,True,10-87864486-A-T,,,,False,,False,0.400210846470524,urn:mavedb:00000102-0-1,PTEN VAMP-seq Combined,True,True,True,True,False,coordinate_mavedb_complete_gnomad_missing,False,,,,,,
PTEN,p.Met134Arg,Likely pathogenic,"criteria provided, single submitter",431829,NM_000314.8(PTEN):c.401T>G (p.Met134Arg),"Apr 14, 2017",training,C:\Users\Wesley Capucho\Documents\IA dos números primos\data\raw\multigene\pten\pten_clinvar_training.tsv,GRCh38,10,87933160,87933160,na,na,87933160,T,G,1085308046,True,10-87933160-T-G,,,,False,,False,0.2824871697653799,urn:mavedb:00000102-0-1,PTEN VAMP-seq Combined,True,True,True,True,False,coordinate_mavedb_complete_gnomad_missing,False,,,,,,
PTEN,p.Met134Ile,Likely pathogenic,reviewed by expert panel,619908,NM_000314.8(PTEN):c.402G>C (p.Met134Ile),"Aug 01, 2025",combined_external,C:\Users\Wesley Capucho\Documents\IA dos números primos\data\raw\multigene\pten\pten_combined_external.tsv,GRCh38,10,87933161,87933161,na,na,87933161,G,C,1114167676,True,10-87933161-G-C,,,,False,,False,0.594101112426906,urn:mavedb:00000102-0-1,PTEN VAMP-seq Combined,True,True,True,True,False,coordinate_mavedb_complete_gnomad_missing,False,,,,,,
PTEN,p.Met134Thr,Pathogenic/Likely pathogenic,"criteria provided, multiple submitters, no conflicts",427588,NM_000314.8(PTEN):c.401T>C (p.Met134Thr),"Oct 02, 2024",combined_external,C:\Users\Wesley Capucho\Documents\IA dos números primos\data\raw\multigene\pten\pten_combined_external.tsv,GRCh38,10,87933160,87933160,na,na,87933160,T,C,1085308046,True,10-87933160-T-C,,,,False,,False,0.337914198627692,urn:mavedb:00000102-0-1,PTEN VAMP-seq Combined,True,True,True,True,False,coordinate_mavedb_complete_gnomad_missing,False,,,,,,
PTEN,p.Met198Lys,Likely pathogenic,"criteria provided, single submitter",468702,NM_000314.8(PTEN):c.593T>A (p.Met198Lys),"Sep 14, 2024",training,C:\Users\Wesley Capucho\Documents\IA dos números primos\data\raw\multigene\pten\pten_clinvar_training.tsv,GRCh38,10,87952218,87952218,na,na,87952218,T,A,1554900635,True,10-87952218-T-A,,,,False,,False,,,,False,False,True,True,False,coordinate_ready_annotation_missing,False,,,,,,
PTEN,p.Met1Arg,Pathogenic/Likely pathogenic,"criteria provided, multiple submitters, no conflicts",2674279,NM_000314.8(PTEN):c.2T>G (p.Met1Arg),"Oct 05, 2025",combined_external,C:\Users\Wesley Capucho\Documents\IA dos números primos\data\raw\multigene\pten\pten_combined_external.tsv,GRCh38,10,87864471,87864471,na,na,87864471,T,G,1858394001,True,10-87864471-T-G,,,,False,,False,,,,False,False,True,True,False,coordinate_ready_annotation_missing,False,,,,,,
PTEN,p.Met1Ile,Pathogenic,"criteria provided, single submitter",1457954,NM_000314.8(PTEN):c.3G>A (p.Met1Ile),"Jun 29, 2021",training,C:\Users\Wesley Capucho\Documents\IA dos números primos\data\raw\multigene\pten\pten_clinvar_training.tsv,GRCh38,10,87864472,87864472,na,na,87864472,G,A,2132145343,True,10-87864472-G-A,,,,False,,False,,,,False,False,True,True,False,coordinate_ready_annotation_missing,False,,,,,,
PTEN,p.Met1Leu,Likely pathogenic,"criteria provided, single submitter",3148533,NM_000314.8(PTEN):c.1A>T (p.Met1Leu),"Dec 13, 2023",training,C:\Users\Wesley Capucho\Documents\IA dos números primos\data\raw\multigene\pten\pten_clinvar_training.tsv,GRCh38,10,87864470,87864470,na,na,87864470,A,T,1554890324,True,10-87864470-A-T,,,,False,,False,,,,False,False,True,True,False,coordinate_ready_annotation_missing,False,,,,,,
PTEN,p.Met1Thr,Pathogenic,"criteria provided, single submitter",1686106,NM_000314.8(PTEN):c.2T>C (p.Met1Thr),"May 04, 2022",training,C:\Users\Wesley Capucho\Documents\IA dos números primos\data\raw\multigene\pten\pten_clinvar_training.tsv,GRCh38,10,87864471,87864471,na,na,87864471,T,C,1858394001,True,10-87864471-T-C,,,,False,,False,,,,False,False,True,True,False,coordinate_ready_annotation_missing,False,,,,,,
PTEN,p.Met1Val,Pathogenic,reviewed by expert panel,484600,NM_000314.8(PTEN):c.1A>G (p.Met1Val),"Nov 22, 2019",combined_external,C:\Users\Wesley Capucho\Documents\IA dos números primos\data\raw\multigene\pten\pten_combined_external.tsv,GRCh38,10,87864470,87864470,na,na,87864470,A,G,1554890324,True,10-87864470-A-G,,,,False,,False,1.06514337490303,urn:mavedb:00000102-0-1,PTEN VAMP-seq Combined,True,True,True,True,False,coordinate_mavedb_complete_gnomad_missing,False,,,,,,
PTEN,p.Met35Arg,Pathogenic,reviewed by expert panel,7825,NM_000314.8(PTEN):c.104T>G (p.Met35Arg),"Jul 25, 2018",combined_external,C:\Users\Wesley Capucho\Documents\IA dos números primos\data\raw\multigene\pten\pten_combined_external.tsv,GRCh38,10,87894049,87894049,na,na,87894049,T,G,121909225,True,10-87894049-T-G,,,,False,,False,0.30436855549839,urn:mavedb:00000102-0-1,PTEN VAMP-seq Combined,True,True,True,True,False,coordinate_mavedb_complete_gnomad_missing,False,,,,,,
PTEN,p.Met35Ile,Likely pathogenic,"criteria provided, single submitter",3663585,NM_000314.8(PTEN):c.105G>T (p.Met35Ile),"Sep 18, 2024",training,C:\Users\Wesley Capucho\Documents\IA dos números primos\data\raw\multigene\pten\pten_clinvar_training.tsv,GRCh38,10,87894050,87894050,na,na,87894050,G,T,-1,True,10-87894050-G-T,,,,False,,False,0.922389592576489,urn:mavedb:00000102-0-1,PTEN VAMP-seq Combined,True,True,True,True,False,coordinate_mavedb_complete_gnomad_missing,False,,,,,,
PTEN,p.Met35Leu,Likely pathogenic,"criteria provided, single submitter",976722,NM_000314.8(PTEN):c.103A>C (p.Met35Leu),"May 19, 2020",training,C:\Users\Wesley Capucho\Documents\IA dos números primos\data\raw\multigene\pten\pten_clinvar_training.tsv,GRCh38,10,87894048,87894048,na,na,87894048,A,C,876659443,True,10-87894048-A-C,,,,False,,False,0.893713521974394,urn:mavedb:00000102-0-1,PTEN VAMP-seq Combined,True,True,True,True,False,coordinate_mavedb_complete_gnomad_missing,False,,,,,,
PTEN,p.Met35Thr,Likely pathogenic,"criteria provided, multiple submitters, no conflicts",428244,NM_000314.8(PTEN):c.104T>C (p.Met35Thr),"Sep 26, 2023",combined_external,C:\Users\Wesley Capucho\Documents\IA dos números primos\data\raw\multigene\pten\pten_combined_external.tsv,GRCh38,10,87894049,87894049,na,na,87894049,T,C,121909225,True,10-87894049-T-C,,,,False,,False,0.650465299139573,urn:mavedb:00000102-0-1,PTEN VAMP-seq Combined,True,True,True,True,False,coordinate_mavedb_complete_gnomad_missing,False,,,,,,
PTEN,p.Met35Val,Pathogenic,reviewed by expert panel,231916,NM_000314.8(PTEN):c.103A>G (p.Met35Val),"Feb 09, 2024",combined_external,C:\Users\Wesley Capucho\Documents\IA dos números primos\data\raw\multigene\pten\pten_combined_external.tsv,GRCh38,10,87894048,87894048,na,na,87894048,A,G,876659443,True,10-87894048-A-G,,,,False,,False,1.06120850439345,urn:mavedb:00000102-0-1,PTEN VAMP-seq Combined,True,True,True,True,False,coordinate_mavedb_complete_gnomad_missing,False,,,,,,
PTEN,p.Phe154Cys,Likely pathogenic,no assertion criteria provided,1175130,NM_000314.8(PTEN):c.461T>G (p.Phe154Cys),-,training,C:\Users\Wesley Capucho\Documents\IA dos números primos\data\raw\multigene\pten\pten_clinvar_training.tsv,GRCh38,10,87933220,87933220,na,na,87933220,T,G,1313989099,True,10-87933220-T-G,,,,False,,False,0.56173294879337,urn:mavedb:00000102-0-1,PTEN VAMP-seq Combined,True,True,True,True,False,coordinate_mavedb_complete_gnomad_missing,False,,,,,,
PTEN,p.Phe195Ser,Likely pathogenic,"criteria provided, single submitter",1750073,NM_000314.8(PTEN):c.584T>C (p.Phe195Ser),"May 26, 2022",training,C:\Users\Wesley Capucho\Documents\IA dos números primos\data\raw\multigene\pten\pten_clinvar_training.tsv,GRCh38,10,87952209,87952209,na,na,87952209,T,C,2132269646,True,10-87952209-T-C,,,,False,,False,0.25446752427494,urn:mavedb:00000102-0-1,PTEN VAMP-seq Combined,True,True,True,True,False,coordinate_mavedb_complete_gnomad_missing,False,,,,,,
PTEN,p.Phe200Ser,Likely pathogenic,reviewed by expert panel,189414,NM_000314.8(PTEN):c.599T>C (p.Phe200Ser),"Dec 05, 2025",combined_external,C:\Users\Wesley Capucho\Documents\IA dos números primos\data\raw\multigene\pten\pten_combined_external.tsv,GRCh38,10,87952224,87952224,na,na,87952224,T,C,786204867,True,10-87952224-T-C,,,,False,,False,,,,False,False,True,True,False,coordinate_ready_annotation_missing,False,,,,,,
PTEN,p.Phe200Val,Likely pathogenic,"criteria provided, single submitter",142452,NM_000314.8(PTEN):c.598T>G (p.Phe200Val),"May 09, 2013",training,C:\Users\Wesley Capucho\Documents\IA dos números primos\data\raw\multigene\pten\pten_clinvar_training.tsv,GRCh38,10,87952223,87952223,na,na,87952223,T,G,587782473,True,10-87952223-T-G,,,,False,,False,,,,False,False,True,True,False,coordinate_ready_annotation_missing,False,,,,,,
PTEN,p.Phe21Ser,Pathogenic,"criteria provided, single submitter",3338761,NM_000314.8(PTEN):c.62T>C (p.Phe21Ser),"Sep 08, 2023",training,C:\Users\Wesley Capucho\Documents\IA dos números primos\data\raw\multigene\pten\pten_clinvar_training.tsv,GRCh38,10,87864531,87864531,na,na,87864531,T,C,-1,True,10-87864531-T-C,,,,False,,False,0.898627296327236,urn:mavedb:00000102-0-1,PTEN VAMP-seq Combined,True,True,True,True,False,coordinate_mavedb_complete_gnomad_missing,False,,,,,,
PTEN,p.Phe241Leu,Likely pathogenic,"criteria provided, multiple submitters, no conflicts",440220,NM_000314.8(PTEN):c.721T>C (p.Phe241Leu),"Oct 11, 2023",combined_external,C:\Users\Wesley Capucho\Documents\IA dos números primos\data\raw\multigene\pten\pten_combined_external.tsv,GRCh38,10,87957939,87957939,na,na,87957939,T,C,1554825207,True,10-87957939-T-C,,,,False,,False,0.247338965413281,urn:mavedb:00000102-0-1,PTEN VAMP-seq Combined,True,True,True,True,False,coordinate_mavedb_complete_gnomad_missing,False,,,,,,
PTEN,p.Phe241Ser,Likely pathogenic,reviewed by expert panel,7850,NM_000314.8(PTEN):c.722T>C (p.Phe241Ser),"Jun 14, 2023",combined_external,C:\Users\Wesley Capucho\Documents\IA dos números primos\data\raw\multigene\pten\pten_combined_external.tsv,GRCh38,10,87957940,87957940,na,na,87957940,T,C,121909240,True,10-87957940-T-C,,,,False,,False,0.213716044378178,urn:mavedb:00000102-0-1,PTEN VAMP-seq Combined,True,True,True,True,False,coordinate_mavedb_complete_gnomad_missing,False,,,,,,
PTEN,p.Phe56Ser,Likely pathogenic,"criteria provided, single submitter",1777889,NM_000314.8(PTEN):c.167T>C (p.Phe56Ser),"Nov 25, 2024",training,C:\Users\Wesley Capucho\Documents\IA dos números primos\data\raw\multigene\pten\pten_clinvar_training.tsv,GRCh38,10,87925515,87925515,na,na,87925515,T,C,748031178,True,10-87925515-T-C,,,,False,,False,0.461816142087367,urn:mavedb:00000102-0-1,PTEN VAMP-seq Combined,True,True,True,True,False,coordinate_mavedb_complete_gnomad_missing,False,,,,,,
PTEN,p.Phe81Cys,Likely pathogenic,"criteria provided, single submitter",234710,NM_000314.8(PTEN):c.242T>G (p.Phe81Cys),"Nov 04, 2021",training,C:\Users\Wesley Capucho\Documents\IA dos números primos\data\raw\multigene\pten\pten_clinvar_training.tsv,GRCh38,10,87931078,87931078,na,na,87931078,T,G,876661177,True,10-87931078-T-G,,,,False,,False,0.38937159746719,urn:mavedb:00000102-0-1,PTEN VAMP-seq Combined,True,True,True,True,False,coordinate_mavedb_complete_gnomad_missing,False,,,,,,
PTEN,p.Phe81Leu,Pathogenic,"criteria provided, single submitter",1802604,NM_000314.8(PTEN):c.243T>G (p.Phe81Leu),"Nov 29, 2022",training,C:\Users\Wesley Capucho\Documents\IA dos números primos\data\raw\multigene\pten\pten_clinvar_training.tsv,GRCh38,10,87931079,87931079,na,na,87931079,T,G,2132238960,True,10-87931079-T-G,,,,False,,False,1.07755662997833,urn:mavedb:00000102-0-1,PTEN VAMP-seq Combined,True,True,True,True,False,coordinate_mavedb_complete_gnomad_missing,False,,,,,,
PTEN,p.Phe90Ser,Pathogenic/Likely pathogenic,"criteria provided, multiple submitters, no conflicts",976246,NM_000314.8(PTEN):c.269T>C (p.Phe90Ser),"Aug 06, 2025",combined_external,C:\Users\Wesley Capucho\Documents\IA dos números primos\data\raw\multigene\pten\pten_combined_external.tsv,GRCh38,10,87933028,87933028,na,na,87933028,T,C,1859965098,True,10-87933028-T-C,,,,False,,False,1.02104651706408,urn:mavedb:00000102-0-1,PTEN VAMP-seq Combined,True,True,True,True,False,coordinate_mavedb_complete_gnomad_missing,False,,,,,,
PTEN,p.Pro204Ala,Pathogenic,reviewed by expert panel,189415,NM_000314.8(PTEN):c.610C>G (p.Pro204Ala),"Oct 11, 2023",combined_external,C:\Users\Wesley Capucho\Documents\IA dos números primos\data\raw\multigene\pten\pten_combined_external.tsv,GRCh38,10,87952235,87952235,na,na,87952235,C,G,786204868,True,10-87952235-C-G,,,,False,,False,0.289562166231778,urn:mavedb:00000102-0-1,PTEN VAMP-seq Combined,True,True,True,True,False,coordinate_mavedb_complete_gnomad_missing,False,,,,,,
PTEN,p.Pro246Leu,Pathogenic,reviewed by expert panel,142269,NM_000314.8(PTEN):c.737C>T (p.Pro246Leu),"Oct 18, 2017",combined_external,C:\Users\Wesley Capucho\Documents\IA dos números primos\data\raw\multigene\pten\pten_combined_external.tsv,GRCh38,10,87957955,87957955,na,na,87957955,C,T,587782350,True,10-87957955-C-T,,,,False,,False,0.334639878904358,urn:mavedb:00000102-0-1,PTEN VAMP-seq Combined,True,True,True,True,False,coordinate_mavedb_complete_gnomad_missing,False,,,,,,
PTEN,p.Pro354Gln,Likely benign,reviewed by expert panel,143020,NM_000314.8(PTEN):c.1061C>A (p.Pro354Gln),"Jun 14, 2023",combined_external,C:\Users\Wesley Capucho\Documents\IA dos números primos\data\raw\multigene\pten\pten_combined_external.tsv,GRCh38,10,87965321,87965321,na,na,87965321,C,A,375709098,True,10-87965321-C-A,,,,False,,False,1.1960479534968402,urn:mavedb:00000102-0-1,PTEN VAMP-seq Combined,True,True,True,True,False,coordinate_mavedb_complete_gnomad_missing,False,,,,,,
PTEN,p.Pro354Ser,Likely benign,"criteria provided, single submitter",4146996,NM_000314.8(PTEN):c.1060C>T (p.Pro354Ser),"Jul 11, 2025",training,C:\Users\Wesley Capucho\Documents\IA dos números primos\data\raw\multigene\pten\pten_clinvar_training.tsv,GRCh38,10,87965320,87965320,na,na,87965320,C,T,-1,True,10-87965320-C-T,,,,False,,False,0.7833998924275899,urn:mavedb:00000102-0-1,PTEN VAMP-seq Combined,True,True,True,True,False,coordinate_mavedb_complete_gnomad_missing,False,,,,,,
PTEN,p.Pro38Arg,Pathogenic,"criteria provided, single submitter",424262,NM_000314.8(PTEN):c.113C>G (p.Pro38Arg),"May 03, 2019",training,C:\Users\Wesley Capucho\Documents\IA dos números primos\data\raw\multigene\pten\pten_clinvar_training.tsv,GRCh38,10,87894058,87894058,na,na,87894058,C,G,1064796886,True,10-87894058-C-G,,,,False,,False,0.7948979387520491,urn:mavedb:00000102-0-1,PTEN VAMP-seq Combined,True,True,True,True,False,coordinate_mavedb_complete_gnomad_missing,False,,,,,,
PTEN,p.Pro38Leu,Pathogenic,reviewed by expert panel,818421,NM_000314.8(PTEN):c.113C>T (p.Pro38Leu),"Oct 11, 2023",combined_external,C:\Users\Wesley Capucho\Documents\IA dos números primos\data\raw\multigene\pten\pten_combined_external.tsv,GRCh38,10,87894058,87894058,na,na,87894058,C,T,1064796886,True,10-87894058-C-T,,,,False,,False,0.540538449480482,urn:mavedb:00000102-0-1,PTEN VAMP-seq Combined,True,True,True,True,False,coordinate_mavedb_complete_gnomad_missing,False,,,,,,
PTEN,p.Pro38Thr,Likely pathogenic,"criteria provided, single submitter",229912,NM_000314.8(PTEN):c.112C>A (p.Pro38Thr),"Mar 03, 2025",training,C:\Users\Wesley Capucho\Documents\IA dos números primos\data\raw\multigene\pten\pten_clinvar_training.tsv,GRCh38,10,87894057,87894057,na,na,87894057,C,A,587780004,True,10-87894057-C-A,,,,False,,False,0.9203336001267208,urn:mavedb:00000102-0-1,PTEN VAMP-seq Combined,True,True,True,True,False,coordinate_mavedb_complete_gnomad_missing,False,,,,,,
PTEN,p.Pro95Leu,Pathogenic,reviewed by expert panel,189403,NM_000314.8(PTEN):c.284C>T (p.Pro95Leu),"Jun 25, 2019",combined_external,C:\Users\Wesley Capucho\Documents\IA dos números primos\data\raw\multigene\pten\pten_combined_external.tsv,GRCh38,10,87933043,87933043,na,na,87933043,C,T,786204856,True,10-87933043-C-T,,,,False,,False,,,,False,False,True,True,False,coordinate_ready_annotation_missing,False,,,,,,
PTEN,p.Pro96Arg,Pathogenic/Likely pathogenic,"criteria provided, multiple submitters, no conflicts",492730,NM_000314.8(PTEN):c.287C>G (p.Pro96Arg),"Oct 10, 2024",combined_external,C:\Users\Wesley Capucho\Documents\IA dos números primos\data\raw\multigene\pten\pten_combined_external.tsv,GRCh38,10,87933046,87933046,na,na,87933046,C,G,1554898074,True,10-87933046-C-G,,,,False,,False,,,,False,False,True,True,False,coordinate_ready_annotation_missing,False,,,,,,
PTEN,p.Pro96Gln,Pathogenic/Likely pathogenic,"criteria provided, multiple submitters, no conflicts",1457597,NM_000314.8(PTEN):c.287C>A (p.Pro96Gln),"Aug 12, 2024",combined_external,C:\Users\Wesley Capucho\Documents\IA dos números primos\data\raw\multigene\pten\pten_combined_external.tsv,GRCh38,10,87933046,87933046,na,na,87933046,C,A,1554898074,True,10-87933046-C-A,,,,False,,False,,,,False,False,True,True,False,coordinate_ready_annotation_missing,False,,,,,,
PTEN,p.Pro96Leu,Likely pathogenic,reviewed by expert panel,449089,NM_000314.8(PTEN):c.287C>T (p.Pro96Leu),"Apr 05, 2024",combined_external,C:\Users\Wesley Capucho\Documents\IA dos números primos\data\raw\multigene\pten\pten_combined_external.tsv,GRCh38,10,87933046,87933046,na,na,87933046,C,T,1554898074,True,10-87933046-C-T,,,,False,,False,0.6385250907657679,urn:mavedb:00000102-0-1,PTEN VAMP-seq Combined,True,True,True,True,False,coordinate_mavedb_complete_gnomad_missing,False,,,,,,
PTEN,p.Pro96Ser,Pathogenic,"criteria provided, single submitter",92819,NM_000314.8(PTEN):c.286C>T (p.Pro96Ser),"May 19, 2023",training,C:\Users\Wesley Capucho\Documents\IA dos números primos\data\raw\multigene\pten\pten_clinvar_training.tsv,GRCh38,10,87933045,87933045,na,na,87933045,C,T,398123320,True,10-87933045-C-T,,,,False,,False,0.0862055849568703,urn:mavedb:00000102-0-1,PTEN VAMP-seq Combined,True,True,True,True,False,coordinate_mavedb_complete_gnomad_missing,False,,,,,,
PTEN,p.Ser170Arg,Pathogenic,reviewed by expert panel,7815,NM_000314.8(PTEN):c.510T>A (p.Ser170Arg),"Jun 18, 2020",combined_external,C:\Users\Wesley Capucho\Documents\IA dos números primos\data\raw\multigene\pten\pten_combined_external.tsv,GRCh38,10,87952135,87952135,na,na,87952135,T,A,121909221,True,10-87952135-T-A,,,,False,,False,0.373873782318532,urn:mavedb:00000102-0-1,PTEN VAMP-seq Combined,True,True,True,True,False,coordinate_mavedb_complete_gnomad_missing,False,,,,,,
PTEN,p.Ser170Asn,Likely pathogenic,"criteria provided, multiple submitters, no conflicts",951765,NM_000314.8(PTEN):c.509G>A (p.Ser170Asn),"May 22, 2025",combined_external,C:\Users\Wesley Capucho\Documents\IA dos números primos\data\raw\multigene\pten\pten_combined_external.tsv,GRCh38,10,87952134,87952134,na,na,87952134,G,A,876660507,True,10-87952134-G-A,,,,False,,False,,,,False,False,True,True,False,coordinate_ready_annotation_missing,False,,,,,,
PTEN,p.Ser170Ile,Pathogenic,"criteria provided, multiple submitters, no conflicts",233590,NM_000314.8(PTEN):c.509G>T (p.Ser170Ile),"Aug 08, 2025",combined_external,C:\Users\Wesley Capucho\Documents\IA dos números primos\data\raw\multigene\pten\pten_combined_external.tsv,GRCh38,10,87952134,87952134,na,na,87952134,G,T,876660507,True,10-87952134-G-T,,,,False,,False,,,,False,False,True,True,False,coordinate_ready_annotation_missing,False,,,,,,
PTEN,p.Ser229Thr,Likely benign,reviewed by expert panel,141771,NM_000314.8(PTEN):c.685T>A (p.Ser229Thr),"Dec 05, 2025",combined_external,C:\Users\Wesley Capucho\Documents\IA dos números primos\data\raw\multigene\pten\pten_combined_external.tsv,GRCh38,10,87957903,87957903,na,na,87957903,T,A,587781998,True,10-87957903-T-A,,,,False,,False,,,,False,False,True,True,False,coordinate_ready_annotation_missing,False,,,,,,
PTEN,p.Ser294Arg,Likely benign,reviewed by expert panel,127693,NM_000314.8(PTEN):c.882T>G (p.Ser294Arg),"Aug 04, 2023",combined_external,C:\Users\Wesley Capucho\Documents\IA dos números primos\data\raw\multigene\pten\pten_combined_external.tsv,GRCh38,10,87960974,87960974,na,na,87960974,T,G,143335584,True,10-87960974-T-G,,,,False,,False,0.8828010075333922,urn:mavedb:00000102-0-1,PTEN VAMP-seq Combined,True,True,True,True,False,coordinate_mavedb_complete_gnomad_missing,False,,,,,,
PTEN,p.Ser360Gly,Likely benign,reviewed by expert panel,140777,NM_000314.8(PTEN):c.1078A>G (p.Ser360Gly),"Oct 11, 2023",combined_external,C:\Users\Wesley Capucho\Documents\IA dos números primos\data\raw\multigene\pten\pten_combined_external.tsv,GRCh38,10,87965338,87965338,na,na,87965338,A,G,587781273,True,10-87965338-A-G,,,,False,,False,0.985989476731028,urn:mavedb:00000102-0-1,PTEN VAMP-seq Combined,True,True,True,True,False,coordinate_mavedb_complete_gnomad_missing,False,,,,,,
PTEN,p.Thr131Ile,Pathogenic,reviewed by expert panel,39669,NM_000314.8(PTEN):c.392C>T (p.Thr131Ile),"Nov 28, 2018",combined_external,C:\Users\Wesley Capucho\Documents\IA dos números primos\data\raw\multigene\pten\pten_combined_external.tsv,GRCh38,10,87933151,87933151,na,na,87933151,C,T,397514560,True,10-87933151-C-T,,,,False,,False,0.762374297854486,urn:mavedb:00000102-0-1,PTEN VAMP-seq Combined,True,True,True,True,False,coordinate_mavedb_complete_gnomad_missing,False,,,,,,
PTEN,p.Thr160Ile,Likely pathogenic,"criteria provided, single submitter",431851,NM_000314.8(PTEN):c.479C>T (p.Thr160Ile),"Apr 27, 2015",training,C:\Users\Wesley Capucho\Documents\IA dos números primos\data\raw\multigene\pten\pten_clinvar_training.tsv,GRCh38,10,87933238,87933238,na,na,87933238,C,T,1554898225,True,10-87933238-C-T,,,,False,,False,,,,False,False,True,True,False,coordinate_ready_annotation_missing,False,,,,,,
PTEN,p.Thr167Asn,Likely pathogenic,reviewed by expert panel,39668,NM_000314.8(PTEN):c.500C>A (p.Thr167Asn),"Jun 14, 2023",combined_external,C:\Users\Wesley Capucho\Documents\IA dos números primos\data\raw\multigene\pten\pten_combined_external.tsv,GRCh38,10,87952125,87952125,na,na,87952125,C,A,397514559,True,10-87952125-C-A,,,,False,,False,0.655896414949251,urn:mavedb:00000102-0-1,PTEN VAMP-seq Combined,True,True,True,True,False,coordinate_mavedb_complete_gnomad_missing,False,,,,,,
PTEN,p.Thr202Ile,Pathogenic,"criteria provided, single submitter",427595,NM_000314.8(PTEN):c.605C>T (p.Thr202Ile),"Mar 01, 2017",training,C:\Users\Wesley Capucho\Documents\IA dos números primos\data\raw\multigene\pten\pten_clinvar_training.tsv,GRCh38,10,87952230,87952230,na,na,87952230,C,T,1085308053,True,10-87952230-C-T,,,,False,,False,0.224828748404528,urn:mavedb:00000102-0-1,PTEN VAMP-seq Combined,True,True,True,True,False,coordinate_mavedb_complete_gnomad_missing,False,,,,,,
PTEN,p.Thr26Asn,Likely pathogenic,"criteria provided, multiple submitters, no conflicts",949068,NM_000314.8(PTEN):c.77C>A (p.Thr26Asn),"Jan 27, 2025",combined_external,C:\Users\Wesley Capucho\Documents\IA dos números primos\data\raw\multigene\pten\pten_combined_external.tsv,GRCh38,10,87864546,87864546,na,na,87864546,C,A,786204853,True,10-87864546-C-A,,,,False,,False,0.42161733710288,urn:mavedb:00000102-0-1,PTEN VAMP-seq Combined,True,True,True,True,False,coordinate_mavedb_complete_gnomad_missing,False,,,,,,
PTEN,p.Thr26Ile,Pathogenic/Likely pathogenic,"criteria provided, multiple submitters, no conflicts",189399,NM_000314.8(PTEN):c.77C>T (p.Thr26Ile),"Nov 22, 2024",combined_external,C:\Users\Wesley Capucho\Documents\IA dos números primos\data\raw\multigene\pten\pten_combined_external.tsv,GRCh38,10,87864546,87864546,na,na,87864546,C,T,786204853,True,10-87864546-C-T,,,,False,,False,,,,False,False,True,True,False,coordinate_ready_annotation_missing,False,,,,,,
PTEN,p.Thr26Pro,Pathogenic,"criteria provided, multiple submitters, no conflicts",234410,NM_000314.8(PTEN):c.76A>C (p.Thr26Pro),"Dec 19, 2022",combined_external,C:\Users\Wesley Capucho\Documents\IA dos números primos\data\raw\multigene\pten\pten_combined_external.tsv,GRCh38,10,87864545,87864545,na,na,87864545,A,C,876661010,True,10-87864545-A-C,,,,False,,False,0.13051033572119,urn:mavedb:00000102-0-1,PTEN VAMP-seq Combined,True,True,True,True,False,coordinate_mavedb_complete_gnomad_missing,False,,,,,,
PTEN,p.Thr277Ala,Pathogenic,"criteria provided, single submitter",571869,NM_000314.8(PTEN):c.829A>G (p.Thr277Ala),"Jun 29, 2023",training,C:\Users\Wesley Capucho\Documents\IA dos números primos\data\raw\multigene\pten\pten_clinvar_training.tsv,GRCh38,10,87960921,87960921,na,na,87960921,A,G,1564568216,True,10-87960921-A-G,,,,False,,False,0.265440140049301,urn:mavedb:00000102-0-1,PTEN VAMP-seq Combined,True,True,True,True,False,coordinate_mavedb_complete_gnomad_missing,False,,,,,,
PTEN,p.Thr277Arg,Likely pathogenic,reviewed by expert panel,428268,NM_000314.8(PTEN):c.830C>G (p.Thr277Arg),"Mar 23, 2020",combined_external,C:\Users\Wesley Capucho\Documents\IA dos números primos\data\raw\multigene\pten\pten_combined_external.tsv,GRCh38,10,87960922,87960922,na,na,87960922,C,G,398123329,True,10-87960922-C-G,,,,False,,False,0.178518242366415,urn:mavedb:00000102-0-1,PTEN VAMP-seq Combined,True,True,True,True,False,coordinate_mavedb_complete_gnomad_missing,False,,,,,,
PTEN,p.Thr277Ile,Pathogenic,reviewed by expert panel,184277,NM_000314.8(PTEN):c.830C>T (p.Thr277Ile),"Jun 14, 2023",combined_external,C:\Users\Wesley Capucho\Documents\IA dos números primos\data\raw\multigene\pten\pten_combined_external.tsv,GRCh38,10,87960922,87960922,na,na,87960922,C,T,398123329,True,10-87960922-C-T,,,,False,,False,,,,False,False,True,True,False,coordinate_ready_annotation_missing,False,,,,,,
PTEN,p.Trp111Arg,Pathogenic,reviewed by expert panel,92820,NM_000314.8(PTEN):c.331T>C (p.Trp111Arg),"Dec 05, 2025",combined_external,C:\Users\Wesley Capucho\Documents\IA dos números primos\data\raw\multigene\pten\pten_combined_external.tsv,GRCh38,10,87933090,87933090,na,na,87933090,T,C,398123321,True,10-87933090-T-C,,,,False,,False,0.0862822241904923,urn:mavedb:00000102-0-1,PTEN VAMP-seq Combined,True,True,True,True,False,coordinate_mavedb_complete_gnomad_missing,False,,,,,,
PTEN,p.Trp111Cys,Pathogenic,"criteria provided, single submitter",3669092,NM_000314.8(PTEN):c.333G>T (p.Trp111Cys),"Feb 21, 2025",training,C:\Users\Wesley Capucho\Documents\IA dos números primos\data\raw\multigene\pten\pten_clinvar_training.tsv,GRCh38,10,87933092,87933092,na,na,87933092,G,T,-1,True,10-87933092-G-T,,,,False,,False,-0.2319504131589889,urn:mavedb:00000102-0-1,PTEN VAMP-seq Combined,True,True,True,True,False,coordinate_mavedb_complete_gnomad_missing,False,,,,,,
PTEN,p.Trp274Leu,Pathogenic/Likely pathogenic,"criteria provided, multiple submitters, no conflicts",427600,NM_000314.8(PTEN):c.821G>T (p.Trp274Leu),"Jul 13, 2023",combined_external,C:\Users\Wesley Capucho\Documents\IA dos números primos\data\raw\multigene\pten\pten_combined_external.tsv,GRCh38,10,87960913,87960913,na,na,87960913,G,T,786204875,True,10-87960913-G-T,,,,False,,False,0.292986855197687,urn:mavedb:00000102-0-1,PTEN VAMP-seq Combined,True,True,True,True,False,coordinate_mavedb_complete_gnomad_missing,False,,,,,,
PTEN,p.Tyr155Asn,Likely pathogenic,"criteria provided, single submitter",1742096,NM_000314.8(PTEN):c.463T>A (p.Tyr155Asn),"Sep 07, 2021",training,C:\Users\Wesley Capucho\Documents\IA dos números primos\data\raw\multigene\pten\pten_clinvar_training.tsv,GRCh38,10,87933222,87933222,na,na,87933222,T,A,398123325,True,10-87933222-T-A,,,,False,,False,0.2766915524112169,urn:mavedb:00000102-0-1,PTEN VAMP-seq Combined,True,True,True,True,False,coordinate_mavedb_complete_gnomad_missing,False,,,,,,
PTEN,p.Tyr155Cys,Pathogenic,reviewed by expert panel,404168,NM_000314.8(PTEN):c.464A>G (p.Tyr155Cys),"Nov 22, 2019",combined_external,C:\Users\Wesley Capucho\Documents\IA dos números primos\data\raw\multigene\pten\pten_combined_external.tsv,GRCh38,10,87933223,87933223,na,na,87933223,A,G,1060500126,True,10-87933223-A-G,,,,False,,False,,,,False,False,True,True,False,coordinate_ready_annotation_missing,False,,,,,,
PTEN,p.Tyr155His,Pathogenic/Likely pathogenic,"criteria provided, multiple submitters, no conflicts",428237,NM_000314.8(PTEN):c.463T>C (p.Tyr155His),"Aug 16, 2024",combined_external,C:\Users\Wesley Capucho\Documents\IA dos números primos\data\raw\multigene\pten\pten_combined_external.tsv,GRCh38,10,87933222,87933222,na,na,87933222,T,C,398123325,True,10-87933222-T-C,,,,False,,False,,,,False,False,True,True,False,coordinate_ready_annotation_missing,False,,,,,,
PTEN,p.Tyr155Ser,Pathogenic/Likely pathogenic,"criteria provided, multiple submitters, no conflicts",547759,NM_000314.8(PTEN):c.464A>C (p.Tyr155Ser),"Feb 25, 2025",combined_external,C:\Users\Wesley Capucho\Documents\IA dos números primos\data\raw\multigene\pten\pten_combined_external.tsv,GRCh38,10,87933223,87933223,na,na,87933223,A,C,1060500126,True,10-87933223-A-C,,,,False,,False,0.346126037578367,urn:mavedb:00000102-0-1,PTEN VAMP-seq Combined,True,True,True,True,False,coordinate_mavedb_complete_gnomad_missing,False,,,,,,
PTEN,p.Tyr16Asp,Pathogenic/Likely pathogenic,"criteria provided, multiple submitters, no conflicts",422899,NM_000314.8(PTEN):c.46T>G (p.Tyr16Asp),"Nov 25, 2025",combined_external,C:\Users\Wesley Capucho\Documents\IA dos números primos\data\raw\multigene\pten\pten_combined_external.tsv,GRCh38,10,87864515,87864515,na,na,87864515,T,G,1064796078,True,10-87864515-T-G,,,,False,,False,1.16691212619323,urn:mavedb:00000102-0-1,PTEN VAMP-seq Combined,True,True,True,True,False,coordinate_mavedb_complete_gnomad_missing,False,,,,,,
PTEN,p.Tyr174Asn,Likely pathogenic,reviewed by expert panel,142220,NM_000314.8(PTEN):c.520T>A (p.Tyr174Asn),"Oct 03, 2025",combined_external,C:\Users\Wesley Capucho\Documents\IA dos números primos\data\raw\multigene\pten\pten_combined_external.tsv,GRCh38,10,87952145,87952145,na,na,87952145,T,A,587782316,True,10-87952145-T-A,,,,False,,False,,,,False,False,True,True,False,coordinate_ready_annotation_missing,False,,,,,,
PTEN,p.Tyr174Asp,Pathogenic,"criteria provided, single submitter",4538586,NM_000314.8(PTEN):c.520T>G (p.Tyr174Asp),"Jun 16, 2025",training,C:\Users\Wesley Capucho\Documents\IA dos números primos\data\raw\multigene\pten\pten_clinvar_training.tsv,GRCh38,10,87952145,87952145,na,na,87952145,T,G,-1,True,10-87952145-T-G,,,,False,,False,,,,False,False,True,True,False,coordinate_ready_annotation_missing,False,,,,,,
PTEN,p.Tyr174Cys,Likely pathogenic,reviewed by expert panel,220007,NM_000314.8(PTEN):c.521A>G (p.Tyr174Cys),"Jun 14, 2023",combined_external,C:\Users\Wesley Capucho\Documents\IA dos números primos\data\raw\multigene\pten\pten_combined_external.tsv,GRCh38,10,87952146,87952146,na,na,87952146,A,G,864622341,True,10-87952146-A-G,,,,False,,False,,,,False,False,True,True,False,coordinate_ready_annotation_missing,False,,,,,,
PTEN,p.Tyr177Cys,Likely pathogenic,reviewed by expert panel,580948,NM_000314.8(PTEN):c.530A>G (p.Tyr177Cys),"Dec 05, 2025",combined_external,C:\Users\Wesley Capucho\Documents\IA dos números primos\data\raw\multigene\pten\pten_combined_external.tsv,GRCh38,10,87952155,87952155,na,na,87952155,A,G,1564837839,True,10-87952155-A-G,,,,False,,False,0.173187298327879,urn:mavedb:00000102-0-1,PTEN VAMP-seq Combined,True,True,True,True,False,coordinate_mavedb_complete_gnomad_missing,False,,,,,,
PTEN,p.Tyr177His,Likely pathogenic,"criteria provided, single submitter",974864,NM_000314.8(PTEN):c.529T>C (p.Tyr177His),-,training,C:\Users\Wesley Capucho\Documents\IA dos números primos\data\raw\multigene\pten\pten_clinvar_training.tsv,GRCh38,10,87952154,87952154,na,na,87952154,T,C,1860418425,True,10-87952154-T-C,,,,False,,False,,,,False,False,True,True,False,coordinate_ready_annotation_missing,False,,,,,,
PTEN,p.Tyr27Asn,Likely pathogenic,"criteria provided, multiple submitters, no conflicts",2735432,NM_000314.8(PTEN):c.79T>A (p.Tyr27Asn),"Aug 22, 2024",combined_external,C:\Users\Wesley Capucho\Documents\IA dos números primos\data\raw\multigene\pten\pten_combined_external.tsv,GRCh38,10,87864548,87864548,na,na,87864548,T,A,746128825,True,10-87864548-T-A,,,,False,,False,,,,False,False,True,True,False,coordinate_ready_annotation_missing,False,,,,,,
PTEN,p.Tyr27Cys,Likely pathogenic,reviewed by expert panel,404160,NM_000314.8(PTEN):c.80A>G (p.Tyr27Cys),"Oct 11, 2023",combined_external,C:\Users\Wesley Capucho\Documents\IA dos números primos\data\raw\multigene\pten\pten_combined_external.tsv,GRCh38,10,87894025,87894025,na,na,87894025,A,G,886041877,True,10-87894025-A-G,,,,False,,False,0.397122049289341,urn:mavedb:00000102-0-1,PTEN VAMP-seq Combined,True,True,True,True,False,coordinate_mavedb_complete_gnomad_missing,False,,,,,,
PTEN,p.Tyr27Phe,Pathogenic,"criteria provided, single submitter",2663192,NM_000314.8(PTEN):c.80A>T (p.Tyr27Phe),"Apr 11, 2023",training,C:\Users\Wesley Capucho\Documents\IA dos números primos\data\raw\multigene\pten\pten_clinvar_training.tsv,GRCh38,10,87894025,87894025,na,na,87894025,A,T,886041877,True,10-87894025-A-T,,,,False,,False,,,,False,False,True,True,False,coordinate_ready_annotation_missing,False,,,,,,
PTEN,p.Tyr27Ser,Likely pathogenic,reviewed by expert panel,280724,NM_000314.8(PTEN):c.80A>C (p.Tyr27Ser),"Aug 04, 2023",combined_external,C:\Users\Wesley Capucho\Documents\IA dos números primos\data\raw\multigene\pten\pten_combined_external.tsv,GRCh38,10,87894025,87894025,na,na,87894025,A,C,886041877,True,10-87894025-A-C,,,,False,,False,0.45262387055319,urn:mavedb:00000102-0-1,PTEN VAMP-seq Combined,True,True,True,True,False,coordinate_mavedb_complete_gnomad_missing,False,,,,,,
PTEN,p.Tyr46Asn,Likely pathogenic,"criteria provided, single submitter",4075814,NM_000314.8(PTEN):c.136T>A (p.Tyr46Asn),"Jun 27, 2025",training,C:\Users\Wesley Capucho\Documents\IA dos números primos\data\raw\multigene\pten\pten_clinvar_training.tsv,GRCh38,10,87894081,87894081,na,na,87894081,T,A,-1,True,10-87894081-T-A,,,,False,,False,0.928035863997112,urn:mavedb:00000102-0-1,PTEN VAMP-seq Combined,True,True,True,True,False,coordinate_mavedb_complete_gnomad_missing,False,,,,,,
PTEN,p.Tyr46His,Likely pathogenic,"criteria provided, single submitter",1701143,NM_000314.8(PTEN):c.136T>C (p.Tyr46His),"Oct 01, 2022",training,C:\Users\Wesley Capucho\Documents\IA dos números primos\data\raw\multigene\pten\pten_clinvar_training.tsv,GRCh38,10,87894081,87894081,na,na,87894081,T,C,1064793325,True,10-87894081-T-C,,,,False,,False,1.10031215431775,urn:mavedb:00000102-0-1,PTEN VAMP-seq Combined,True,True,True,True,False,coordinate_mavedb_complete_gnomad_missing,False,,,,,,
PTEN,p.Tyr68Asp,Pathogenic/Likely pathogenic,"criteria provided, multiple submitters, no conflicts",536540,NM_000314.8(PTEN):c.202T>G (p.Tyr68Asp),"Oct 18, 2024",combined_external,C:\Users\Wesley Capucho\Documents\IA dos números primos\data\raw\multigene\pten\pten_combined_external.tsv,GRCh38,10,87925550,87925550,na,na,87925550,T,G,398123317,True,10-87925550-T-G,,,,False,,False,-0.0323843272637058,urn:mavedb:00000102-0-1,PTEN VAMP-seq Combined,True,True,True,True,False,coordinate_mavedb_complete_gnomad_missing,False,,,,,,
PTEN,p.Tyr68Cys,Pathogenic/Likely pathogenic,"criteria provided, multiple submitters, no conflicts",233777,NM_000314.8(PTEN):c.203A>G (p.Tyr68Cys),"Nov 30, 2024",combined_external,C:\Users\Wesley Capucho\Documents\IA dos números primos\data\raw\multigene\pten\pten_combined_external.tsv,GRCh38,10,87925551,87925551,na,na,87925551,A,G,876660634,True,10-87925551-A-G,,,,False,,False,-0.0084733032045631,urn:mavedb:00000102-0-1,PTEN VAMP-seq Combined,True,True,True,True,False,coordinate_mavedb_complete_gnomad_missing,False,,,,,,
PTEN,p.Tyr68His,Pathogenic/Likely pathogenic,"criteria provided, multiple submitters, no conflicts",189474,NM_000314.8(PTEN):c.202T>C (p.Tyr68His),"Aug 09, 2025",combined_external,C:\Users\Wesley Capucho\Documents\IA dos números primos\data\raw\multigene\pten\pten_combined_external.tsv,GRCh38,10,87925550,87925550,na,na,87925550,T,C,398123317,True,10-87925550-T-C,,,,False,,False,,,,False,False,True,True,False,coordinate_ready_annotation_missing,False,,,,,,
PTEN,p.Val119Ala,Likely pathogenic,reviewed by expert panel,3256748,NM_000314.8(PTEN):c.356T>C (p.Val119Ala),"Apr 04, 2025",combined_external,C:\Users\Wesley Capucho\Documents\IA dos números primos\data\raw\multigene\pten\pten_combined_external.tsv,GRCh38,10,87933115,87933115,na,na,87933115,T,C,-1,True,10-87933115-T-C,,,,False,,False,0.477463380954876,urn:mavedb:00000102-0-1,PTEN VAMP-seq Combined,True,True,True,True,False,coordinate_mavedb_complete_gnomad_missing,False,,,,,,
PTEN,p.Val119Gly,Likely pathogenic,"criteria provided, single submitter",484619,NM_000314.8(PTEN):c.356T>G (p.Val119Gly),"Apr 23, 2024",training,C:\Users\Wesley Capucho\Documents\IA dos números primos\data\raw\multigene\pten\pten_clinvar_training.tsv,GRCh38,10,87933115,87933115,na,na,87933115,T,G,1554898113,True,10-87933115-T-G,,,,False,,False,0.2122518414397469,urn:mavedb:00000102-0-1,PTEN VAMP-seq Combined,True,True,True,True,False,coordinate_mavedb_complete_gnomad_missing,False,,,,,,
PTEN,p.Val119Leu,Likely pathogenic,"criteria provided, multiple submitters, no conflicts",428226,NM_000314.8(PTEN):c.355G>C (p.Val119Leu),"Oct 13, 2025",combined_external,C:\Users\Wesley Capucho\Documents\IA dos números primos\data\raw\multigene\pten\pten_combined_external.tsv,GRCh38,10,87933114,87933114,na,na,87933114,G,C,139767111,True,10-87933114-G-C,,,,False,,False,0.4664609308415929,urn:mavedb:00000102-0-1,PTEN VAMP-seq Combined,True,True,True,True,False,coordinate_mavedb_complete_gnomad_missing,False,,,,,,
PTEN,p.Val119Phe,Likely pathogenic,reviewed by expert panel,428193,NM_000314.8(PTEN):c.355G>T (p.Val119Phe),"Dec 05, 2025",combined_external,C:\Users\Wesley Capucho\Documents\IA dos números primos\data\raw\multigene\pten\pten_combined_external.tsv,GRCh38,10,87933114,87933114,na,na,87933114,G,T,139767111,True,10-87933114-G-T,,,,False,,False,,,,False,False,True,True,False,coordinate_ready_annotation_missing,False,,,,,,
PTEN,p.Val166Glu,Likely pathogenic,"criteria provided, single submitter",486974,NM_000314.8(PTEN):c.497T>A (p.Val166Glu),"Jun 28, 2017",training,C:\Users\Wesley Capucho\Documents\IA dos números primos\data\raw\multigene\pten\pten_clinvar_training.tsv,GRCh38,10,87952122,87952122,na,na,87952122,T,A,1554900515,True,10-87952122-T-A,,,,False,,False,0.213189401883922,urn:mavedb:00000102-0-1,PTEN VAMP-seq Combined,True,True,True,True,False,coordinate_mavedb_complete_gnomad_missing,False,,,,,,
PTEN,p.Val175Met,Pathogenic,"criteria provided, multiple submitters, no conflicts",1067224,NM_000314.8(PTEN):c.523G>A (p.Val175Met),"Jun 24, 2024",combined_external,C:\Users\Wesley Capucho\Documents\IA dos números primos\data\raw\multigene\pten\pten_combined_external.tsv,GRCh38,10,87952148,87952148,na,na,87952148,G,A,1860417734,True,10-87952148-G-A,,,,False,,False,0.118145074431343,urn:mavedb:00000102-0-1,PTEN VAMP-seq Combined,True,True,True,True,False,coordinate_mavedb_complete_gnomad_missing,False,,,,,,
PTEN,p.Val249Gly,Likely pathogenic,"criteria provided, multiple submitters, no conflicts",1066565,NM_000314.8(PTEN):c.746T>G (p.Val249Gly),"Feb 20, 2025",combined_external,C:\Users\Wesley Capucho\Documents\IA dos números primos\data\raw\multigene\pten\pten_combined_external.tsv,GRCh38,10,87957964,87957964,na,na,87957964,T,G,2132277407,True,10-87957964-T-G,,,,False,,False,0.234955283776459,urn:mavedb:00000102-0-1,PTEN VAMP-seq Combined,True,True,True,True,False,coordinate_mavedb_complete_gnomad_missing,False,,,,,,
PTEN,p.Val255Glu,Likely pathogenic,"criteria provided, multiple submitters, no conflicts",623214,NM_000314.8(PTEN):c.764T>A (p.Val255Glu),"Dec 08, 2022",combined_external,C:\Users\Wesley Capucho\Documents\IA dos números primos\data\raw\multigene\pten\pten_combined_external.tsv,GRCh38,10,87957982,87957982,na,na,87957982,T,A,1564566998,True,10-87957982-T-A,,,,False,,False,0.354239516870474,urn:mavedb:00000102-0-1,PTEN VAMP-seq Combined,True,True,True,True,False,coordinate_mavedb_complete_gnomad_missing,False,,,,,,
PTEN,p.Val255Gly,Likely pathogenic,"criteria provided, single submitter",3381971,NM_000314.8(PTEN):c.764T>G (p.Val255Gly),-,training,C:\Users\Wesley Capucho\Documents\IA dos números primos\data\raw\multigene\pten\pten_clinvar_training.tsv,GRCh38,10,87957982,87957982,na,na,87957982,T,G,-1,True,10-87957982-T-G,,,,False,,False,0.360312143546502,urn:mavedb:00000102-0-1,PTEN VAMP-seq Combined,True,True,True,True,False,coordinate_mavedb_complete_gnomad_missing,False,,,,,,
PTEN,p.Val53Ala,Likely pathogenic,"criteria provided, single submitter",916219,NM_000314.8(PTEN):c.158T>C (p.Val53Ala),"Mar 01, 2020",training,C:\Users\Wesley Capucho\Documents\IA dos números primos\data\raw\multigene\pten\pten_clinvar_training.tsv,GRCh38,10,87894103,87894103,na,na,87894103,T,C,786203375,True,10-87894103-T-C,,,,False,,False,0.94618195125511,urn:mavedb:00000102-0-1,PTEN VAMP-seq Combined,True,True,True,True,False,coordinate_mavedb_complete_gnomad_missing,False,,,,,,
TP53,p.Ala129Asp,Benign,"criteria provided, single submitter",1735669,NM_000546.6(TP53):c.386C>A (p.Ala129Asp),"Nov 10, 2021",training,C:\Users\Wesley Capucho\Documents\IA dos números primos\data\raw\multigene\tp53\tp53_clinvar_training.tsv,GRCh38,17,7675226,7675226,na,na,7675226,G,T,137852792,True,17-7675226-G-T,,,,False,,False,104.4,urn:mavedb:00001234-c-1,Scores from arrayed yeast-based assay of TP53 BAX promoter,True,True,True,True,False,coordinate_mavedb_complete_gnomad_missing,False,,,,,,
TP53,p.Ala138Pro,Likely pathogenic,reviewed by expert panel,12376,NM_000546.6(TP53):c.412G>C (p.Ala138Pro),"Jun 05, 2025",combined_external,C:\Users\Wesley Capucho\Documents\IA dos números primos\data\raw\multigene\tp53\tp53_combined_external.tsv,GRCh38,17,7675200,7675200,na,na,7675200,C,G,28934875,True,17-7675200-C-G,,,,False,,False,14.1,urn:mavedb:00001234-c-1,Scores from arrayed yeast-based assay of TP53 BAX promoter,True,True,True,True,False,coordinate_mavedb_complete_gnomad_missing,True,query_error,,,,,HTTP Error 429: Too Many Requests
TP53,p.Ala138Val,Likely pathogenic,reviewed by expert panel,184863,NM_000546.6(TP53):c.413C>T (p.Ala138Val),"Jun 05, 2025",combined_external,C:\Users\Wesley Capucho\Documents\IA dos números primos\data\raw\multigene\tp53\tp53_combined_external.tsv,GRCh38,17,7675199,7675199,na,na,7675199,G,A,750600586,True,17-7675199-G-A,,,,False,,False,25.5,urn:mavedb:00001234-c-1,Scores from arrayed yeast-based assay of TP53 BAX promoter,True,True,True,True,False,coordinate_mavedb_complete_gnomad_missing,True,query_error,,,,,HTTP Error 429: Too Many Requests
TP53,p.Ala159Asp,Pathogenic/Likely pathogenic,"criteria provided, multiple submitters, no conflicts",1026335,NM_000546.6(TP53):c.476C>A (p.Ala159Asp),"Jan 05, 2026",combined_external,C:\Users\Wesley Capucho\Documents\IA dos números primos\data\raw\multigene\tp53\tp53_combined_external.tsv,GRCh38,17,7675136,7675136,na,na,7675136,G,T,1555526131,True,17-7675136-G-T,,,,False,,False,15.1,urn:mavedb:00001234-c-1,Scores from arrayed yeast-based assay of TP53 BAX promoter,True,True,True,True,False,coordinate_mavedb_complete_gnomad_missing,True,query_error,,,,,HTTP Error 429: Too Many Requests
TP53,p.Ala159Val,Pathogenic/Likely pathogenic,"criteria provided, multiple submitters, no conflicts",458545,NM_000546.6(TP53):c.476C>T (p.Ala159Val),"Oct 12, 2025",combined_external,C:\Users\Wesley Capucho\Documents\IA dos números primos\data\raw\multigene\tp53\tp53_combined_external.tsv,GRCh38,17,7675136,7675136,na,na,7675136,G,A,1555526131,True,17-7675136-G-A,,,,False,,False,26.4,urn:mavedb:00001234-c-1,Scores from arrayed yeast-based assay of TP53 BAX promoter,True,True,True,True,False,coordinate_mavedb_complete_gnomad_missing,True,query_error,,,,,HTTP Error 429: Too Many Requests
TP53,p.Ala161Thr,Pathogenic/Likely pathogenic,"criteria provided, multiple submitters, no conflicts",161518,NM_000546.6(TP53):c.481G>A (p.Ala161Thr),"Jun 09, 2025",combined_external,C:\Users\Wesley Capucho\Documents\IA dos números primos\data\raw\multigene\tp53\tp53_combined_external.tsv,GRCh38,17,7675131,7675131,na,na,7675131,C,T,193920817,True,17-7675131-C-T,,,,False,,False,18.0,urn:mavedb:00001234-c-1,Scores from arrayed yeast-based assay of TP53 BAX promoter,True,True,True,True,False,coordinate_mavedb_complete_gnomad_missing,True,query_error,,,,,HTTP Error 429: Too Many Requests
TP53,p.Ala276Gly,Pathogenic/Likely pathogenic,"criteria provided, multiple submitters, no conflicts",185319,NM_000546.6(TP53):c.827C>G (p.Ala276Gly),"Dec 29, 2025",combined_external,C:\Users\Wesley Capucho\Documents\IA dos números primos\data\raw\multigene\tp53\tp53_combined_external.tsv,GRCh38,17,7673793,7673793,na,na,7673793,G,C,786202082,True,17-7673793-G-C,,,,False,,False,0.0,urn:mavedb:00001234-c-1,Scores from arrayed yeast-based assay of TP53 BAX promoter,True,True,True,True,False,coordinate_mavedb_complete_gnomad_missing,True,query_error,,,,,HTTP Error 429: Too Many Requests
TP53,p.Ala307Gly,Likely benign,"criteria provided, single submitter",485027,NM_000546.6(TP53):c.920C>G (p.Ala307Gly),"May 27, 2025",training,C:\Users\Wesley Capucho\Documents\IA dos números primos\data\raw\multigene\tp53\tp53_clinvar_training.tsv,GRCh38,17,7673608,7673608,na,na,7673608,G,C,1457582183,True,17-7673608-G-C,,,,False,,False,109.6,urn:mavedb:00001234-c-1,Scores from arrayed yeast-based assay of TP53 BAX promoter,True,True,True,True,False,coordinate_mavedb_complete_gnomad_missing,False,,,,,,
TP53,p.Ala347Asp,Pathogenic,reviewed by expert panel,43587,NM_000546.6(TP53):c.1040C>A (p.Ala347Asp),"Aug 05, 2024",combined_external,C:\Users\Wesley Capucho\Documents\IA dos números primos\data\raw\multigene\tp53\tp53_combined_external.tsv,GRCh38,17,7670669,7670669,na,na,7670669,G,T,397516434,True,17-7670669-G-T,,,,False,,False,16.1,urn:mavedb:00001234-c-1,Scores from arrayed yeast-based assay of TP53 BAX promoter,True,True,True,True,False,coordinate_mavedb_complete_gnomad_missing,True,query_error,,,,,HTTP Error 429: Too Many Requests
TP53,p.Ala347Gly,Likely benign,"criteria provided, single submitter",2683739,NM_000546.6(TP53):c.1040C>G (p.Ala347Gly),"Nov 14, 2023",training,C:\Users\Wesley Capucho\Documents\IA dos números primos\data\raw\multigene\tp53\tp53_clinvar_training.tsv,GRCh38,17,7670669,7670669,na,na,7670669,G,C,397516434,True,17-7670669-G-C,,,,False,,False,129.3,urn:mavedb:00001234-c-1,Scores from arrayed yeast-based assay of TP53 BAX promoter,True,True,True,True,False,coordinate_mavedb_complete_gnomad_missing,False,,,,,,
TP53,p.Ala355Thr,Likely benign,"criteria provided, single submitter",1781085,NM_000546.6(TP53):c.1063G>A (p.Ala355Thr),"Jan 05, 2022",training,C:\Users\Wesley Capucho\Documents\IA dos números primos\data\raw\multigene\tp53\tp53_clinvar_training.tsv,GRCh38,17,7670646,7670646,na,na,7670646,C,T,1157427821,True,17-7670646-C-T,,,,False,,False,84.7,urn:mavedb:00001234-c-1,Scores from arrayed yeast-based assay of TP53 BAX promoter,True,True,True,True,False,coordinate_mavedb_complete_gnomad_missing,False,,,,,,
TP53,p.Ala63Gly,Likely benign,reviewed by expert panel,229693,NM_000546.6(TP53):c.188C>G (p.Ala63Gly),"Jan 16, 2025",combined_external,C:\Users\Wesley Capucho\Documents\IA dos números primos\data\raw\multigene\tp53\tp53_combined_external.tsv,GRCh38,17,7676181,7676181,na,na,7676181,G,C,372201428,True,17-7676181-G-C,,,,False,,False,61.5,urn:mavedb:00001234-c-1,Scores from arrayed yeast-based assay of TP53 BAX promoter,True,True,True,True,False,coordinate_mavedb_complete_gnomad_missing,True,query_error,,,,,HTTP Error 429: Too Many Requests
TP53,p.Ala63Thr,Likely benign,"criteria provided, single submitter",231015,NM_000546.6(TP53):c.187G>A (p.Ala63Thr),"Mar 16, 2021",training,C:\Users\Wesley Capucho\Documents\IA dos números primos\data\raw\multigene\tp53\tp53_clinvar_training.tsv,GRCh38,17,7676182,7676182,na,na,7676182,C,T,876658902,True,17-7676182-C-T,,,,False,,False,56.3,urn:mavedb:00001234-c-1,Scores from arrayed yeast-based assay of TP53 BAX promoter,True,True,True,True,False,coordinate_mavedb_complete_gnomad_missing,False,,,,,,
TP53,p.Ala63Val,Benign,reviewed by expert panel,182922,NM_000546.6(TP53):c.188C>T (p.Ala63Val),"Jan 16, 2025",combined_external,C:\Users\Wesley Capucho\Documents\IA dos números primos\data\raw\multigene\tp53\tp53_combined_external.tsv,GRCh38,17,7676181,7676181,na,na,7676181,G,A,372201428,True,17-7676181-G-A,,,,False,,False,76.8,urn:mavedb:00001234-c-1,Scores from arrayed yeast-based assay of TP53 BAX promoter,True,True,True,True,False,coordinate_mavedb_complete_gnomad_missing,False,,,,,,
TP53,p.Ala74Val,Likely benign,reviewed by expert panel,141547,NM_000546.6(TP53):c.221C>T (p.Ala74Val),"Jan 16, 2025",combined_external,C:\Users\Wesley Capucho\Documents\IA dos números primos\data\raw\multigene\tp53\tp53_combined_external.tsv,GRCh38,17,7676148,7676148,na,na,7676148,G,A,587781832,True,17-7676148-G-A,,,,False,,False,69.1,urn:mavedb:00001234-c-1,Scores from arrayed yeast-based assay of TP53 BAX promoter,True,True,True,True,False,coordinate_mavedb_complete_gnomad_missing,False,,,,,,
TP53,p.Ala76Gly,Benign,"criteria provided, single submitter",3460333,NM_000546.6(TP53):c.227C>G (p.Ala76Gly),"Nov 11, 2024",training,C:\Users\Wesley Capucho\Documents\IA dos números primos\data\raw\multigene\tp53\tp53_clinvar_training.tsv,GRCh38,17,7676142,7676142,na,na,7676142,G,C,-1,True,17-7676142-G-C,,,,False,,False,97.1,urn:mavedb:00001234-c-1,Scores from arrayed yeast-based assay of TP53 BAX promoter,True,True,True,True,False,coordinate_mavedb_complete_gnomad_missing,False,,,,,,
TP53,p.Ala79Val,Likely benign,"criteria provided, single submitter",4189271,NM_000546.6(TP53):c.236C>T (p.Ala79Val),"Aug 04, 2025",training,C:\Users\Wesley Capucho\Documents\IA dos números primos\data\raw\multigene\tp53\tp53_clinvar_training.tsv,GRCh38,17,7676133,7676133,na,na,7676133,G,A,-1,True,17-7676133-G-A,,,,False,,False,121.2,urn:mavedb:00001234-c-1,Scores from arrayed yeast-based assay of TP53 BAX promoter,True,True,True,True,False,coordinate_mavedb_complete_gnomad_missing,False,,,,,,
TP53,p.Ala83Pro,Likely benign,"criteria provided, single submitter",3972448,NM_000546.6(TP53):c.247G>C (p.Ala83Pro),"Apr 25, 2025",training,C:\Users\Wesley Capucho\Documents\IA dos números primos\data\raw\multigene\tp53\tp53_clinvar_training.tsv,GRCh38,17,7676122,7676122,na,na,7676122,C,G,-1,True,17-7676122-C-G,,,,False,,False,79.9,urn:mavedb:00001234-c-1,Scores from arrayed yeast-based assay of TP53 BAX promoter,True,True,True,True,False,coordinate_mavedb_complete_gnomad_missing,False,,,,,,
TP53,p.Ala84Thr,Likely benign,reviewed by expert panel,140833,NM_000546.6(TP53):c.250G>A (p.Ala84Thr),"Jan 16, 2025",combined_external,C:\Users\Wesley Capucho\Documents\IA dos números primos\data\raw\multigene\tp53\tp53_combined_external.tsv,GRCh38,17,7676119,7676119,na,na,7676119,C,T,587781307,True,17-7676119-C-T,,,,False,,False,64.3,urn:mavedb:00001234-c-1,Scores from arrayed yeast-based assay of TP53 BAX promoter,True,True,True,True,False,coordinate_mavedb_complete_gnomad_missing,False,,,,,,
TP53,p.Arg110Gly,Likely pathogenic,reviewed by expert panel,823452,NM_000546.6(TP53):c.328C>G (p.Arg110Gly),"Jun 05, 2025",combined_external,C:\Users\Wesley Capucho\Documents\IA dos números primos\data\raw\multigene\tp53\tp53_combined_external.tsv,GRCh38,17,7676041,7676041,na,na,7676041,G,C,587781371,True,17-7676041-G-C,,,,False,,False,17.8,urn:mavedb:00001234-c-1,Scores from arrayed yeast-based assay of TP53 BAX promoter,True,True,True,True,False,coordinate_mavedb_complete_gnomad_missing,False,,,,,,
TP53,p.Arg110His,Likely benign,reviewed by expert panel,127808,NM_000546.6(TP53):c.329G>A (p.Arg110His),"Jan 16, 2025",combined_external,C:\Users\Wesley Capucho\Documents\IA dos números primos\data\raw\multigene\tp53\tp53_combined_external.tsv,GRCh38,17,7676040,7676040,na,na,7676040,C,T,11540654,True,17-7676040-C-T,,,,False,,False,53.0,urn:mavedb:00001234-c-1,Scores from arrayed yeast-based assay of TP53 BAX promoter,True,True,True,True,False,coordinate_mavedb_complete_gnomad_missing,False,,,,,,
TP53,p.Arg110Leu,Pathogenic,reviewed by expert panel,406597,NM_000546.6(TP53):c.329G>T (p.Arg110Leu),"Jun 05, 2025",combined_external,C:\Users\Wesley Capucho\Documents\IA dos números primos\data\raw\multigene\tp53\tp53_combined_external.tsv,GRCh38,17,7676040,7676040,na,na,7676040,C,A,11540654,True,17-7676040-C-A,,,,False,,False,8.9,urn:mavedb:00001234-c-1,Scores from arrayed yeast-based assay of TP53 BAX promoter,True,True,True,True,False,coordinate_mavedb_complete_gnomad_missing,False,,,,,,
TP53,p.Arg110Pro,Pathogenic,reviewed by expert panel,233627,NM_000546.6(TP53):c.329G>C (p.Arg110Pro),"Jun 05, 2025",combined_external,C:\Users\Wesley Capucho\Documents\IA dos números primos\data\raw\multigene\tp53\tp53_combined_external.tsv,GRCh38,17,7676040,7676040,na,na,7676040,C,G,11540654,True,17-7676040-C-G,,,,False,,False,10.3,urn:mavedb:00001234-c-1,Scores from arrayed yeast-based assay of TP53 BAX promoter,True,True,True,True,False,coordinate_mavedb_complete_gnomad_missing,False,,,,,,
TP53,p.Arg156Pro,Pathogenic/Likely pathogenic,"criteria provided, multiple submitters, no conflicts",634768,NM_000546.6(TP53):c.467G>C (p.Arg156Pro),"Sep 29, 2024",combined_external,C:\Users\Wesley Capucho\Documents\IA dos números primos\data\raw\multigene\tp53\tp53_combined_external.tsv,GRCh38,17,7675145,7675145,na,na,7675145,C,G,371524413,True,17-7675145-C-G,,,,False,,False,13.4,urn:mavedb:00001234-c-1,Scores from arrayed yeast-based assay of TP53 BAX promoter,True,True,True,True,False,coordinate_mavedb_complete_gnomad_missing,False,,,,,,
TP53,p.Arg158Gly,Pathogenic,"criteria provided, multiple submitters, no conflicts",856171,NM_000546.6(TP53):c.472C>G (p.Arg158Gly),"Mar 31, 2025",combined_external,C:\Users\Wesley Capucho\Documents\IA dos números primos\data\raw\multigene\tp53\tp53_combined_external.tsv,GRCh38,17,7675140,7675140,na,na,7675140,G,C,587780068,True,17-7675140-G-C,,,,False,,False,9.8,urn:mavedb:00001234-c-1,Scores from arrayed yeast-based assay of TP53 BAX promoter,True,True,True,True,False,coordinate_mavedb_complete_gnomad_missing,False,,,,,,
TP53,p.Arg158His,Pathogenic/Likely pathogenic,"criteria provided, multiple submitters, no conflicts",141963,NM_000546.6(TP53):c.473G>A (p.Arg158His),"Dec 14, 2025",combined_external,C:\Users\Wesley Capucho\Documents\IA dos números primos\data\raw\multigene\tp53\tp53_combined_external.tsv,GRCh38,17,7675139,7675139,na,na,7675139,C,T,587782144,True,17-7675139-C-T,,,,False,,False,18.4,urn:mavedb:00001234-c-1,Scores from arrayed yeast-based assay of TP53 BAX promoter,True,True,True,True,False,coordinate_mavedb_complete_gnomad_missing,False,,,,,,
TP53,p.Arg158Leu,Pathogenic,reviewed by expert panel,528248,NM_000546.6(TP53):c.473G>T (p.Arg158Leu),"Dec 05, 2025",combined_external,C:\Users\Wesley Capucho\Documents\IA dos números primos\data\raw\multigene\tp53\tp53_combined_external.tsv,GRCh38,17,7675139,7675139,na,na,7675139,C,A,587782144,True,17-7675139-C-A,,,,False,,False,13.2,urn:mavedb:00001234-c-1,Scores from arrayed yeast-based assay of TP53 BAX promoter,True,True,True,True,False,coordinate_mavedb_complete_gnomad_missing,False,,,,,,
TP53,p.Arg158Pro,Pathogenic,reviewed by expert panel,246118,NM_000546.6(TP53):c.473G>C (p.Arg158Pro),"Dec 05, 2025",combined_external,C:\Users\Wesley Capucho\Documents\IA dos números primos\data\raw\multigene\tp53\tp53_combined_external.tsv,GRCh38,17,7675139,7675139,na,na,7675139,C,G,587782144,True,17-7675139-C-G,,,,False,,False,15.2,urn:mavedb:00001234-c-1,Scores from arrayed yeast-based assay of TP53 BAX promoter,True,True,True,True,False,coordinate_mavedb_complete_gnomad_missing,False,,,,,,
TP53,p.Arg158Ser,Pathogenic,"criteria provided, single submitter",1067910,NM_000546.6(TP53):c.472C>A (p.Arg158Ser),"Sep 13, 2023",training,C:\Users\Wesley Capucho\Documents\IA dos números primos\data\raw\multigene\tp53\tp53_clinvar_training.tsv,GRCh38,17,7675140,7675140,na,na,7675140,G,T,587780068,True,17-7675140-G-T,,,,False,,False,0.0,urn:mavedb:00001234-c-1,Scores from arrayed yeast-based assay of TP53 BAX promoter,True,True,True,True,False,coordinate_mavedb_complete_gnomad_missing,False,,,,,,
TP53,p.Arg175Gly,Pathogenic,reviewed by expert panel,376649,NM_000546.6(TP53):c.523C>G (p.Arg175Gly),"Sep 06, 2024",combined_external,C:\Users\Wesley Capucho\Documents\IA dos números primos\data\raw\multigene\tp53\tp53_combined_external.tsv,GRCh38,17,7675089,7675089,na,na,7675089,G,C,138729528,True,17-7675089-G-C,,,,False,,False,2.2,urn:mavedb:00001234-c-1,Scores from arrayed yeast-based assay of TP53 BAX promoter,True,True,True,True,False,coordinate_mavedb_complete_gnomad_missing,False,,,,,,
TP53,p.Arg175His,Pathogenic,reviewed by expert panel,12374,NM_000546.6(TP53):c.524G>A (p.Arg175His),"Sep 06, 2024",combined_external,C:\Users\Wesley Capucho\Documents\IA dos números primos\data\raw\multigene\tp53\tp53_combined_external.tsv,GRCh38,17,7675088,7675088,na,na,7675088,C,T,28934578,True,17-7675088-C-T,,,,False,,False,10.5,urn:mavedb:00001234-c-1,Scores from arrayed yeast-based assay of TP53 BAX promoter,True,True,True,True,False,coordinate_mavedb_complete_gnomad_missing,False,,,,,,
TP53,p.Arg175Leu,Likely pathogenic,reviewed by expert panel,182963,NM_000546.6(TP53):c.524G>T (p.Arg175Leu),"Sep 06, 2024",combined_external,C:\Users\Wesley Capucho\Documents\IA dos números primos\data\raw\multigene\tp53\tp53_combined_external.tsv,GRCh38,17,7675088,7675088,na,na,7675088,C,A,28934578,True,17-7675088-C-A,,,,False,,False,40.9,urn:mavedb:00001234-c-1,Scores from arrayed yeast-based assay of TP53 BAX promoter,True,True,True,True,False,coordinate_mavedb_complete_gnomad_missing,False,,,,,,
TP53,p.Arg181Cys,Likely pathogenic,reviewed by expert panel,142624,NM_000546.6(TP53):c.541C>T (p.Arg181Cys),"Dec 05, 2025",combined_external,C:\Users\Wesley Capucho\Documents\IA dos números primos\data\raw\multigene\tp53\tp53_combined_external.tsv,GRCh38,17,7675071,7675071,na,na,7675071,G,A,587782596,True,17-7675071-G-A,,,,False,,False,18.6,urn:mavedb:00001234-c-1,Scores from arrayed yeast-based assay of TP53 BAX promoter,True,True,True,True,False,coordinate_mavedb_complete_gnomad_missing,False,,,,,,
TP53,p.Arg181His,Pathogenic/Likely pathogenic,"criteria provided, multiple submitters, no conflicts",142320,NM_000546.6(TP53):c.542G>A (p.Arg181His),"Feb 02, 2026",combined_external,C:\Users\Wesley Capucho\Documents\IA dos números primos\data\raw\multigene\tp53\tp53_combined_external.tsv,GRCh38,17,7675070,7675070,na,na,7675070,C,T,397514495,True,17-7675070-C-T,,,,False,,False,18.5,urn:mavedb:00001234-c-1,Scores from arrayed yeast-based assay of TP53 BAX promoter,True,True,True,True,False,coordinate_mavedb_complete_gnomad_missing,False,,,,,,
TP53,p.Arg181Pro,Pathogenic/Likely pathogenic,"criteria provided, multiple submitters, no conflicts",825729,NM_000546.6(TP53):c.542G>C (p.Arg181Pro),"Feb 14, 2024",combined_external,C:\Users\Wesley Capucho\Documents\IA dos números primos\data\raw\multigene\tp53\tp53_combined_external.tsv,GRCh38,17,7675070,7675070,na,na,7675070,C,G,397514495,True,17-7675070-C-G,,,,False,,False,16.7,urn:mavedb:00001234-c-1,Scores from arrayed yeast-based assay of TP53 BAX promoter,True,True,True,True,False,coordinate_mavedb_complete_gnomad_missing,False,,,,,,
TP53,p.Arg196Pro,Pathogenic/Likely pathogenic,"criteria provided, multiple submitters, no conflicts",231165,NM_000546.6(TP53):c.587G>C (p.Arg196Pro),"Dec 11, 2025",combined_external,C:\Users\Wesley Capucho\Documents\IA dos números primos\data\raw\multigene\tp53\tp53_combined_external.tsv,GRCh38,17,7674944,7674944,na,na,7674944,C,G,483352697,True,17-7674944-C-G,,,,False,,False,13.3,urn:mavedb:00001234-c-1,Scores from arrayed yeast-based assay of TP53 BAX promoter,True,True,True,True,False,coordinate_mavedb_complete_gnomad_missing,False,,,,,,
TP53,p.Arg213Gln,Pathogenic/Likely pathogenic,"criteria provided, multiple submitters, no conflicts",135359,NM_000546.6(TP53):c.638G>A (p.Arg213Gln),"Jan 28, 2026",combined_external,C:\Users\Wesley Capucho\Documents\IA dos números primos\data\raw\multigene\tp53\tp53_combined_external.tsv,GRCh38,17,7674893,7674893,na,na,7674893,C,T,587778720,True,17-7674893-C-T,,,,False,,False,1.2,urn:mavedb:00001234-c-1,Scores from arrayed yeast-based assay of TP53 BAX promoter,True,True,True,True,False,coordinate_mavedb_complete_gnomad_missing,False,,,,,,
TP53,p.Arg213Pro,Pathogenic/Likely pathogenic,"criteria provided, multiple submitters, no conflicts",231214,NM_000546.6(TP53):c.638G>C (p.Arg213Pro),"Sep 17, 2024",combined_external,C:\Users\Wesley Capucho\Documents\IA dos números primos\data\raw\multigene\tp53\tp53_combined_external.tsv,GRCh38,17,7674893,7674893,na,na,7674893,C,G,587778720,True,17-7674893-C-G,,,,False,,False,2.7,urn:mavedb:00001234-c-1,Scores from arrayed yeast-based assay of TP53 BAX promoter,True,True,True,True,False,coordinate_mavedb_complete_gnomad_missing,False,,,,,,
TP53,p.Arg213Trp,Pathogenic/Likely pathogenic,"criteria provided, multiple submitters, no conflicts",3460335,NM_000546.6(TP53):c.637_639delinsTGG (p.Arg213Trp),"Nov 20, 2025",combined_external,C:\Users\Wesley Capucho\Documents\IA dos números primos\data\raw\multigene\tp53\tp53_combined_external.tsv,GRCh38,17,7674892,7674894,na,na,7674892,TCG,CCA,-1,True,17-7674892-TCG-CCA,,,,False,,False,,,,False,False,True,True,False,coordinate_ready_annotation_missing,False,,,,,,
TP53,p.Arg248Gln,Pathogenic,reviewed by expert panel,12356,NM_000546.6(TP53):c.743G>A (p.Arg248Gln),"Aug 05, 2024",combined_external,C:\Users\Wesley Capucho\Documents\IA dos números primos\data\raw\multigene\tp53\tp53_combined_external.tsv,GRCh38,17,7674220,7674220,na,na,7674220,C,T,11540652,True,17-7674220-C-T,,,,False,,False,0.0,urn:mavedb:00001234-c-1,Scores from arrayed yeast-based assay of TP53 BAX promoter,True,True,True,True,False,coordinate_mavedb_complete_gnomad_missing,False,,,,,,
TP53,p.Arg248Gly,Pathogenic/Likely pathogenic,"criteria provided, multiple submitters, no conflicts",376652,NM_000546.6(TP53):c.742C>G (p.Arg248Gly),"Jan 26, 2026",combined_external,C:\Users\Wesley Capucho\Documents\IA dos números primos\data\raw\multigene\tp53\tp53_combined_external.tsv,GRCh38,17,7674221,7674221,na,na,7674221,G,C,121912651,True,17-7674221-G-C,,,,False,,False,0.0,urn:mavedb:00001234-c-1,Scores from arrayed yeast-based assay of TP53 BAX promoter,True,True,True,True,False,coordinate_mavedb_complete_gnomad_missing,False,,,,,,
TP53,p.Arg248Leu,Pathogenic,reviewed by expert panel,230253,NM_000546.6(TP53):c.743G>T (p.Arg248Leu),"Aug 05, 2024",combined_external,C:\Users\Wesley Capucho\Documents\IA dos números primos\data\raw\multigene\tp53\tp53_combined_external.tsv,GRCh38,17,7674220,7674220,na,na,7674220,C,A,11540652,True,17-7674220-C-A,,,,False,,False,0.8,urn:mavedb:00001234-c-1,Scores from arrayed yeast-based assay of TP53 BAX promoter,True,True,True,True,False,coordinate_mavedb_complete_gnomad_missing,False,,,,,,
TP53,p.Arg248Pro,Pathogenic/Likely pathogenic,"criteria provided, multiple submitters, no conflicts",237954,NM_000546.6(TP53):c.743G>C (p.Arg248Pro),"Apr 15, 2024",combined_external,C:\Users\Wesley Capucho\Documents\IA dos números primos\data\raw\multigene\tp53\tp53_combined_external.tsv,GRCh38,17,7674220,7674220,na,na,7674220,C,G,11540652,True,17-7674220-C-G,,,,False,,False,9.5,urn:mavedb:00001234-c-1,Scores from arrayed yeast-based assay of TP53 BAX promoter,True,True,True,True,False,coordinate_mavedb_complete_gnomad_missing,False,,,,,,
TP53,p.Arg248Trp,Pathogenic,reviewed by expert panel,12347,NM_000546.6(TP53):c.742C>T (p.Arg248Trp),"Aug 05, 2024",combined_external,C:\Users\Wesley Capucho\Documents\IA dos números primos\data\raw\multigene\tp53\tp53_combined_external.tsv,GRCh38,17,7674221,7674221,na,na,7674221,G,A,121912651,True,17-7674221-G-A,,,,False,,False,0.7,urn:mavedb:00001234-c-1,Scores from arrayed yeast-based assay of TP53 BAX promoter,True,True,True,True,False,coordinate_mavedb_complete_gnomad_missing,False,,,,,,
TP53,p.Arg249Ser,Pathogenic/Likely pathogenic,"criteria provided, multiple submitters, no conflicts",12352,NM_000546.6(TP53):c.747G>T (p.Arg249Ser),"Oct 11, 2025",combined_external,C:\Users\Wesley Capucho\Documents\IA dos números primos\data\raw\multigene\tp53\tp53_combined_external.tsv,GRCh38,17,7674216,7674216,na,na,7674216,C,A,28934571,True,17-7674216-C-A,,,,False,,False,17.0,urn:mavedb:00001234-c-1,Scores from arrayed yeast-based assay of TP53 BAX promoter,True,True,True,True,False,coordinate_mavedb_complete_gnomad_missing,False,,,,,,
TP53,p.Arg249Thr,Pathogenic/Likely pathogenic,"criteria provided, multiple submitters, no conflicts",376015,NM_000546.6(TP53):c.746G>C (p.Arg249Thr),"Feb 16, 2024",combined_external,C:\Users\Wesley Capucho\Documents\IA dos números primos\data\raw\multigene\tp53\tp53_combined_external.tsv,GRCh38,17,7674217,7674217,na,na,7674217,C,G,587782329,True,17-7674217-C-G,,,,False,,False,0.0,urn:mavedb:00001234-c-1,Scores from arrayed yeast-based assay of TP53 BAX promoter,True,True,True,True,False,coordinate_mavedb_complete_gnomad_missing,False,,,,,,
TP53,p.Arg267Gln,Likely pathogenic,reviewed by expert panel,127823,NM_000546.6(TP53):c.800G>A (p.Arg267Gln),"Jan 06, 2026",combined_external,C:\Users\Wesley Capucho\Documents\IA dos números primos\data\raw\multigene\tp53\tp53_combined_external.tsv,GRCh38,17,7673820,7673820,na,na,7673820,C,T,587780075,True,17-7673820-C-T,,,,False,,False,18.3,urn:mavedb:00001234-c-1,Scores from arrayed yeast-based assay of TP53 BAX promoter,True,True,True,True,False,coordinate_mavedb_complete_gnomad_missing,False,,,,,,
TP53,p.Arg267Gly,Pathogenic,"criteria provided, multiple submitters, no conflicts",1761541,NM_000546.6(TP53):c.799C>G (p.Arg267Gly),"Jul 27, 2023",combined_external,C:\Users\Wesley Capucho\Documents\IA dos números primos\data\raw\multigene\tp53\tp53_combined_external.tsv,GRCh38,17,7673821,7673821,na,na,7673821,G,C,55832599,True,17-7673821-G-C,,,,False,,False,1.2,urn:mavedb:00001234-c-1,Scores from arrayed yeast-based assay of TP53 BAX promoter,True,True,True,True,False,coordinate_mavedb_complete_gnomad_missing,False,,,,,,
TP53,p.Arg267Pro,Pathogenic,"criteria provided, multiple submitters, no conflicts",428867,NM_000546.6(TP53):c.800G>C (p.Arg267Pro),"Feb 25, 2025",combined_external,C:\Users\Wesley Capucho\Documents\IA dos números primos\data\raw\multigene\tp53\tp53_combined_external.tsv,GRCh38,17,7673820,7673820,na,na,7673820,C,G,587780075,True,17-7673820-C-G,,,,False,,False,2.0,urn:mavedb:00001234-c-1,Scores from arrayed yeast-based assay of TP53 BAX promoter,True,True,True,True,False,coordinate_mavedb_complete_gnomad_missing,False,,,,,,
TP53,p.Arg267Trp,Pathogenic/Likely pathogenic,"criteria provided, multiple submitters, no conflicts",141764,NM_000546.6(TP53):c.799C>T (p.Arg267Trp),"Dec 29, 2025",combined_external,C:\Users\Wesley Capucho\Documents\IA dos números primos\data\raw\multigene\tp53\tp53_combined_external.tsv,GRCh38,17,7673821,7673821,na,na,7673821,G,A,55832599,True,17-7673821-G-A,,,,False,,False,0.4,urn:mavedb:00001234-c-1,Scores from arrayed yeast-based assay of TP53 BAX promoter,True,True,True,True,False,coordinate_mavedb_complete_gnomad_missing,False,,,,,,
TP53,p.Arg273Cys,Pathogenic/Likely pathogenic,"criteria provided, multiple submitters, no conflicts",43594,NM_000546.6(TP53):c.817C>T (p.Arg273Cys),"Dec 08, 2025",combined_external,C:\Users\Wesley Capucho\Documents\IA dos números primos\data\raw\multigene\tp53\tp53_combined_external.tsv,GRCh38,17,7673803,7673803,na,na,7673803,G,A,121913343,True,17-7673803-G-A,,,,False,,False,2.7,urn:mavedb:00001234-c-1,Scores from arrayed yeast-based assay of TP53 BAX promoter,True,True,True,True,False,coordinate_mavedb_complete_gnomad_missing,False,,,,,,
TP53,p.Arg273Gly,Pathogenic/Likely pathogenic,"criteria provided, multiple submitters, no conflicts",634682,NM_000546.6(TP53):c.817C>G (p.Arg273Gly),"Jul 23, 2025",combined_external,C:\Users\Wesley Capucho\Documents\IA dos números primos\data\raw\multigene\tp53\tp53_combined_external.tsv,GRCh38,17,7673803,7673803,na,na,7673803,G,C,121913343,True,17-7673803-G-C,,,,False,,False,13.5,urn:mavedb:00001234-c-1,Scores from arrayed yeast-based assay of TP53 BAX promoter,True,True,True,True,False,coordinate_mavedb_complete_gnomad_missing,False,,,,,,
TP53,p.Arg273His,Pathogenic,reviewed by expert panel,12366,NM_000546.6(TP53):c.818G>A (p.Arg273His),"Aug 05, 2024",combined_external,C:\Users\Wesley Capucho\Documents\IA dos números primos\data\raw\multigene\tp53\tp53_combined_external.tsv,GRCh38,17,7673802,7673802,na,na,7673802,C,T,28934576,True,17-7673802-C-T,,,,False,,False,2.4,urn:mavedb:00001234-c-1,Scores from arrayed yeast-based assay of TP53 BAX promoter,True,True,True,True,False,coordinate_mavedb_complete_gnomad_missing,False,,,,,,
TP53,p.Arg273Leu,Pathogenic,"criteria provided, multiple submitters, no conflicts",376655,NM_000546.6(TP53):c.818G>T (p.Arg273Leu),"May 11, 2025",combined_external,C:\Users\Wesley Capucho\Documents\IA dos números primos\data\raw\multigene\tp53\tp53_combined_external.tsv,GRCh38,17,7673802,7673802,na,na,7673802,C,A,28934576,True,17-7673802-C-A,,,,False,,False,0.0,urn:mavedb:00001234-c-1,Scores from arrayed yeast-based assay of TP53 BAX promoter,True,True,True,True,False,coordinate_mavedb_complete_gnomad_missing,False,,,,,,
TP53,p.Arg273Pro,Pathogenic/Likely pathogenic,"criteria provided, multiple submitters, no conflicts",231060,NM_000546.6(TP53):c.818G>C (p.Arg273Pro),"Nov 10, 2025",combined_external,C:\Users\Wesley Capucho\Documents\IA dos números primos\data\raw\multigene\tp53\tp53_combined_external.tsv,GRCh38,17,7673802,7673802,na,na,7673802,C,G,28934576,True,17-7673802-C-G,,,,False,,False,1.5,urn:mavedb:00001234-c-1,Scores from arrayed yeast-based assay of TP53 BAX promoter,True,True,True,True,False,coordinate_mavedb_complete_gnomad_missing,False,,,,,,
TP53,p.Arg273Ser,Pathogenic,"criteria provided, multiple submitters, no conflicts",376656,NM_000546.6(TP53):c.817C>A (p.Arg273Ser),"Apr 24, 2025",combined_external,C:\Users\Wesley Capucho\Documents\IA dos números primos\data\raw\multigene\tp53\tp53_combined_external.tsv,GRCh38,17,7673803,7673803,na,na,7673803,G,T,121913343,True,17-7673803-G-T,,,,False,,False,14.6,urn:mavedb:00001234-c-1,Scores from arrayed yeast-based assay of TP53 BAX promoter,True,True,True,True,False,coordinate_mavedb_complete_gnomad_missing,False,,,,,,
TP53,p.Arg280Ser,Pathogenic/Likely pathogenic,"criteria provided, multiple submitters, no conflicts",634747,NM_000546.6(TP53):c.840A>C (p.Arg280Ser),"Feb 20, 2024",combined_external,C:\Users\Wesley Capucho\Documents\IA dos números primos\data\raw\multigene\tp53\tp53_combined_external.tsv,GRCh38,17,7673780,7673780,na,na,7673780,T,G,1567547687,True,17-7673780-T-G,,,,False,,False,17.9,urn:mavedb:00001234-c-1,Scores from arrayed yeast-based assay of TP53 BAX promoter,True,True,True,True,False,coordinate_mavedb_complete_gnomad_missing,False,,,,,,
TP53,p.Arg280Thr,Pathogenic/Likely pathogenic,"criteria provided, multiple submitters, no conflicts",12368,NM_000546.6(TP53):c.839G>C (p.Arg280Thr),"Aug 27, 2024",combined_external,C:\Users\Wesley Capucho\Documents\IA dos números primos\data\raw\multigene\tp53\tp53_combined_external.tsv,GRCh38,17,7673781,7673781,na,na,7673781,C,G,121912660,True,17-7673781-C-G,,,,False,,False,0.3,urn:mavedb:00001234-c-1,Scores from arrayed yeast-based assay of TP53 BAX promoter,True,True,True,True,False,coordinate_mavedb_complete_gnomad_missing,False,,,,,,
TP53,p.Arg282Gly,Pathogenic,"criteria provided, multiple submitters, no conflicts",140821,NM_000546.6(TP53):c.844C>G (p.Arg282Gly),"Oct 31, 2025",combined_external,C:\Users\Wesley Capucho\Documents\IA dos números primos\data\raw\multigene\tp53\tp53_combined_external.tsv,GRCh38,17,7673776,7673776,na,na,7673776,G,C,28934574,True,17-7673776-G-C,,,,False,,False,0.9,urn:mavedb:00001234-c-1,Scores from arrayed yeast-based assay of TP53 BAX promoter,True,True,True,True,False,coordinate_mavedb_complete_gnomad_missing,False,,,,,,
TP53,p.Arg282Pro,Pathogenic/Likely pathogenic,"criteria provided, multiple submitters, no conflicts",376659,NM_000546.6(TP53):c.845G>C (p.Arg282Pro),"Sep 15, 2025",combined_external,C:\Users\Wesley Capucho\Documents\IA dos números primos\data\raw\multigene\tp53\tp53_combined_external.tsv,GRCh38,17,7673775,7673775,na,na,7673775,C,G,730882008,True,17-7673775-C-G,,,,False,,False,0.1,urn:mavedb:00001234-c-1,Scores from arrayed yeast-based assay of TP53 BAX promoter,True,True,True,True,False,coordinate_mavedb_complete_gnomad_missing,False,,,,,,
TP53,p.Arg282Trp,Pathogenic/Likely pathogenic,"criteria provided, multiple submitters, no conflicts",12364,NM_000546.6(TP53):c.844C>T (p.Arg282Trp),"Feb 18, 2026",combined_external,C:\Users\Wesley Capucho\Documents\IA dos números primos\data\raw\multigene\tp53\tp53_combined_external.tsv,GRCh38,17,7673776,7673776,na,na,7673776,G,A,28934574,True,17-7673776-G-A,,,,False,,False,0.5,urn:mavedb:00001234-c-1,Scores from arrayed yeast-based assay of TP53 BAX promoter,True,True,True,True,False,coordinate_mavedb_complete_gnomad_missing,False,,,,,,
TP53,p.Arg283Cys,Likely benign,reviewed by expert panel,127824,NM_000546.6(TP53):c.847C>T (p.Arg283Cys),"Aug 05, 2024",combined_external,C:\Users\Wesley Capucho\Documents\IA dos números primos\data\raw\multigene\tp53\tp53_combined_external.tsv,GRCh38,17,7673773,7673773,na,na,7673773,G,A,149633775,True,17-7673773-G-A,,,,False,,False,51.9,urn:mavedb:00001234-c-1,Scores from arrayed yeast-based assay of TP53 BAX promoter,True,True,True,True,False,coordinate_mavedb_complete_gnomad_missing,False,,,,,,
TP53,p.Arg290Cys,Likely benign,reviewed by expert panel,216472,NM_000546.6(TP53):c.868C>T (p.Arg290Cys),"May 13, 2021",combined_external,C:\Users\Wesley Capucho\Documents\IA dos números primos\data\raw\multigene\tp53\tp53_combined_external.tsv,GRCh38,17,7673752,7673752,na,na,7673752,G,A,770374782,True,17-7673752-G-A,,,,False,,False,148.7,urn:mavedb:00001234-c-1,Scores from arrayed yeast-based assay of TP53 BAX promoter,True,True,True,True,False,coordinate_mavedb_complete_gnomad_missing,False,,,,,,
TP53,p.Arg290His,Benign,reviewed by expert panel,127825,NM_000546.6(TP53):c.869G>A (p.Arg290His),"Aug 05, 2024",combined_external,C:\Users\Wesley Capucho\Documents\IA dos números primos\data\raw\multigene\tp53\tp53_combined_external.tsv,GRCh38,17,7673751,7673751,na,na,7673751,C,T,55819519,True,17-7673751-C-T,,,,False,,False,149.0,urn:mavedb:00001234-c-1,Scores from arrayed yeast-based assay of TP53 BAX promoter,True,True,True,True,False,coordinate_mavedb_complete_gnomad_missing,False,,,,,,
TP53,p.Arg333Cys,Likely benign,reviewed by expert panel,184745,NM_000546.6(TP53):c.997C>T (p.Arg333Cys),"Feb 06, 2025",combined_external,C:\Users\Wesley Capucho\Documents\IA dos números primos\data\raw\multigene\tp53\tp53_combined_external.tsv,GRCh38,17,7670712,7670712,na,na,7670712,G,A,769934890,True,17-7670712-G-A,,,,False,,False,102.8,urn:mavedb:00001234-c-1,Scores from arrayed yeast-based assay of TP53 BAX promoter,True,True,True,True,False,coordinate_mavedb_complete_gnomad_missing,False,,,,,,
TP53,p.Arg333His,Benign,reviewed by expert panel,142273,NM_000546.6(TP53):c.998G>A (p.Arg333His),"Mar 04, 2025",combined_external,C:\Users\Wesley Capucho\Documents\IA dos números primos\data\raw\multigene\tp53\tp53_combined_external.tsv,GRCh38,17,7670711,7670711,na,na,7670711,C,T,573154688,True,17-7670711-C-T,,,,False,,False,110.8,urn:mavedb:00001234-c-1,Scores from arrayed yeast-based assay of TP53 BAX promoter,True,True,True,True,False,coordinate_mavedb_complete_gnomad_missing,False,,,,,,
TP53,p.Arg335Cys,Likely benign,reviewed by expert panel,141159,NM_000546.6(TP53):c.1003C>T (p.Arg335Cys),"Feb 06, 2025",combined_external,C:\Users\Wesley Capucho\Documents\IA dos números primos\data\raw\multigene\tp53\tp53_combined_external.tsv,GRCh38,17,7670706,7670706,na,na,7670706,G,A,375444154,True,17-7670706-G-A,,,,False,,False,100.2,urn:mavedb:00001234-c-1,Scores from arrayed yeast-based assay of TP53 BAX promoter,True,True,True,True,False,coordinate_mavedb_complete_gnomad_missing,False,,,,,,
TP53,p.Arg335Leu,Likely benign,"criteria provided, single submitter",3328160,NM_000546.6(TP53):c.1004G>T (p.Arg335Leu),"Jun 18, 2024",training,C:\Users\Wesley Capucho\Documents\IA dos números primos\data\raw\multigene\tp53\tp53_clinvar_training.tsv,GRCh38,17,7670705,7670705,na,na,7670705,C,A,-1,True,17-7670705-C-A,,,,False,,False,90.0,urn:mavedb:00001234-c-1,Scores from arrayed yeast-based assay of TP53 BAX promoter,True,True,True,True,False,coordinate_mavedb_complete_gnomad_missing,False,,,,,,
TP53,p.Arg337Cys,Pathogenic,reviewed by expert panel,142536,NM_000546.6(TP53):c.1009C>T (p.Arg337Cys),"May 07, 2025",combined_external,C:\Users\Wesley Capucho\Documents\IA dos números primos\data\raw\multigene\tp53\tp53_combined_external.tsv,GRCh38,17,7670700,7670700,na,na,7670700,G,A,587782529,True,17-7670700-G-A,,,,False,,False,14.7,urn:mavedb:00001234-c-1,Scores from arrayed yeast-based assay of TP53 BAX promoter,True,True,True,True,False,coordinate_mavedb_complete_gnomad_missing,False,,,,,,
TP53,p.Arg337Gly,Likely pathogenic,reviewed by expert panel,237938,NM_000546.6(TP53):c.1009C>G (p.Arg337Gly),"May 07, 2025",combined_external,C:\Users\Wesley Capucho\Documents\IA dos números primos\data\raw\multigene\tp53\tp53_combined_external.tsv,GRCh38,17,7670700,7670700,na,na,7670700,G,C,587782529,True,17-7670700-G-C,,,,False,,False,7.4,urn:mavedb:00001234-c-1,Scores from arrayed yeast-based assay of TP53 BAX promoter,True,True,True,True,False,coordinate_mavedb_complete_gnomad_missing,False,,,,,,
TP53,p.Arg337Leu,Likely pathogenic,reviewed by expert panel,142828,NM_000546.6(TP53):c.1010G>T (p.Arg337Leu),"May 07, 2025",combined_external,C:\Users\Wesley Capucho\Documents\IA dos números primos\data\raw\multigene\tp53\tp53_combined_external.tsv,GRCh38,17,7670699,7670699,na,na,7670699,C,A,121912664,True,17-7670699-C-A,,,,False,,False,14.2,urn:mavedb:00001234-c-1,Scores from arrayed yeast-based assay of TP53 BAX promoter,True,True,True,True,False,coordinate_mavedb_complete_gnomad_missing,False,,,,,,
TP53,p.Arg337Pro,Likely pathogenic,reviewed by expert panel,177879,NM_000546.6(TP53):c.1010G>C (p.Arg337Pro),"May 07, 2025",combined_external,C:\Users\Wesley Capucho\Documents\IA dos números primos\data\raw\multigene\tp53\tp53_combined_external.tsv,GRCh38,17,7670699,7670699,na,na,7670699,C,G,121912664,True,17-7670699-C-G,,,,False,,False,7.3,urn:mavedb:00001234-c-1,Scores from arrayed yeast-based assay of TP53 BAX promoter,True,True,True,True,False,coordinate_mavedb_complete_gnomad_missing,False,,,,,,
TP53,p.Arg337Ser,Likely pathogenic,reviewed by expert panel,1019612,NM_000546.6(TP53):c.1009C>A (p.Arg337Ser),"May 07, 2025",combined_external,C:\Users\Wesley Capucho\Documents\IA dos números primos\data\raw\multigene\tp53\tp53_combined_external.tsv,GRCh38,17,7670700,7670700,na,na,7670700,G,T,587782529,True,17-7670700-G-T,,,,False,,False,5.6,urn:mavedb:00001234-c-1,Scores from arrayed yeast-based assay of TP53 BAX promoter,True,True,True,True,False,coordinate_mavedb_complete_gnomad_missing,False,,,,,,
TP53,p.Arg342Gln,Likely benign,reviewed by expert panel,233136,NM_000546.6(TP53):c.1025G>A (p.Arg342Gln),"Sep 06, 2024",combined_external,C:\Users\Wesley Capucho\Documents\IA dos números primos\data\raw\multigene\tp53\tp53_combined_external.tsv,GRCh38,17,7670684,7670684,na,na,7670684,C,T,375338359,True,17-7670684-C-T,,,,False,,False,94.2,urn:mavedb:00001234-c-1,Scores from arrayed yeast-based assay of TP53 BAX promoter,True,True,True,True,False,coordinate_mavedb_complete_gnomad_missing,False,,,,,,
TP53,p.Arg342Pro,Pathogenic,reviewed by expert panel,215996,NM_000546.6(TP53):c.1025G>C (p.Arg342Pro),"Sep 06, 2024",combined_external,C:\Users\Wesley Capucho\Documents\IA dos números primos\data\raw\multigene\tp53\tp53_combined_external.tsv,GRCh38,17,7670684,7670684,na,na,7670684,C,G,375338359,True,17-7670684-C-G,,,,False,,False,12.8,urn:mavedb:00001234-c-1,Scores from arrayed yeast-based assay of TP53 BAX promoter,True,True,True,True,False,coordinate_mavedb_complete_gnomad_missing,False,,,,,,
TP53,p.Arg379His,Likely benign,reviewed by expert panel,246221,NM_000546.6(TP53):c.1136G>A (p.Arg379His),"Jan 16, 2025",combined_external,C:\Users\Wesley Capucho\Documents\IA dos números primos\data\raw\multigene\tp53\tp53_combined_external.tsv,GRCh38,17,7669655,7669655,na,na,7669655,C,T,863224682,True,17-7669655-C-T,,,,False,,False,63.6,urn:mavedb:00001234-c-1,Scores from arrayed yeast-based assay of TP53 BAX promoter,True,True,True,True,False,coordinate_mavedb_complete_gnomad_missing,False,,,,,,
TP53,p.Arg379Leu,Likely benign,reviewed by expert panel,216463,NM_000546.6(TP53):c.1136G>T (p.Arg379Leu),"Jan 16, 2025",combined_external,C:\Users\Wesley Capucho\Documents\IA dos números primos\data\raw\multigene\tp53\tp53_combined_external.tsv,GRCh38,17,7669655,7669655,na,na,7669655,C,A,863224682,True,17-7669655-C-A,,,,False,,False,71.4,urn:mavedb:00001234-c-1,Scores from arrayed yeast-based assay of TP53 BAX promoter,True,True,True,True,False,coordinate_mavedb_complete_gnomad_missing,False,,,,,,
TP53,p.Arg379Ser,Likely benign,reviewed by expert panel,186762,NM_000546.6(TP53):c.1135C>A (p.Arg379Ser),"Jan 16, 2025",combined_external,C:\Users\Wesley Capucho\Documents\IA dos números primos\data\raw\multigene\tp53\tp53_combined_external.tsv,GRCh38,17,7669656,7669656,na,na,7669656,G,T,749061599,True,17-7669656-G-T,,,,False,,False,56.3,urn:mavedb:00001234-c-1,Scores from arrayed yeast-based assay of TP53 BAX promoter,True,True,True,True,False,coordinate_mavedb_complete_gnomad_missing,False,,,,,,
TP53,p.Asn131His,Likely pathogenic,"criteria provided, single submitter",4279056,NM_000546.6(TP53):c.391A>C (p.Asn131His),"Jul 30, 2025",training,C:\Users\Wesley Capucho\Documents\IA dos números primos\data\raw\multigene\tp53\tp53_clinvar_training.tsv,GRCh38,17,7675221,7675221,na,na,7675221,T,G,-1,True,17-7675221-T-G,,,,False,,False,46.7,urn:mavedb:00001234-c-1,Scores from arrayed yeast-based assay of TP53 BAX promoter,True,True,True,True,False,coordinate_mavedb_complete_gnomad_missing,False,,,,,,
TP53,p.Asn131Ile,Pathogenic/Likely pathogenic,"criteria provided, multiple submitters, no conflicts",428902,NM_000546.6(TP53):c.392A>T (p.Asn131Ile),"Feb 13, 2024",combined_external,C:\Users\Wesley Capucho\Documents\IA dos números primos\data\raw\multigene\tp53\tp53_combined_external.tsv,GRCh38,17,7675220,7675220,na,na,7675220,T,A,1131691037,True,17-7675220-T-A,,,,False,,False,12.0,urn:mavedb:00001234-c-1,Scores from arrayed yeast-based assay of TP53 BAX promoter,True,True,True,True,False,coordinate_mavedb_complete_gnomad_missing,False,,,,,,
TP53,p.Asn210Ser,Likely benign,"criteria provided, single submitter",3232058,NM_000546.6(TP53):c.629A>G (p.Asn210Ser),"Dec 21, 2023",training,C:\Users\Wesley Capucho\Documents\IA dos números primos\data\raw\multigene\tp53\tp53_clinvar_training.tsv,GRCh38,17,7674902,7674902,na,na,7674902,T,C,2151026881,True,17-7674902-T-C,,,,False,,False,222.4,urn:mavedb:00001234-c-1,Scores from arrayed yeast-based assay of TP53 BAX promoter,True,True,True,True,False,coordinate_mavedb_complete_gnomad_missing,False,,,,,,
TP53,p.Asn235Ser,Benign,reviewed by expert panel,127821,NM_000546.6(TP53):c.704A>G (p.Asn235Ser),"Aug 05, 2024",combined_external,C:\Users\Wesley Capucho\Documents\IA dos números primos\data\raw\multigene\tp53\tp53_combined_external.tsv,GRCh38,17,7674259,7674259,na,na,7674259,T,C,144340710,True,17-7674259-T-C,,,,False,,False,128.2,urn:mavedb:00001234-c-1,Scores from arrayed yeast-based assay of TP53 BAX promoter,True,True,True,True,False,coordinate_mavedb_complete_gnomad_missing,False,,,,,,
TP53,p.Asn239Lys,Pathogenic,"criteria provided, single submitter",4189258,NM_000546.6(TP53):c.717C>A (p.Asn239Lys),"Sep 05, 2025",training,C:\Users\Wesley Capucho\Documents\IA dos números primos\data\raw\multigene\tp53\tp53_clinvar_training.tsv,GRCh38,17,7674246,7674246,na,na,7674246,G,T,-1,True,17-7674246-G-T,,,,False,,False,24.0,urn:mavedb:00001234-c-1,Scores from arrayed yeast-based assay of TP53 BAX promoter,True,True,True,True,False,coordinate_mavedb_complete_gnomad_missing,False,,,,,,
TP53,p.Asn239Ser,Pathogenic/Likely pathogenic,"criteria provided, multiple submitters, no conflicts",376637,NM_000546.6(TP53):c.716A>G (p.Asn239Ser),"Jan 27, 2025",combined_external,C:\Users\Wesley Capucho\Documents\IA dos números primos\data\raw\multigene\tp53\tp53_combined_external.tsv,GRCh38,17,7674247,7674247,na,na,7674247,T,C,1057519999,True,17-7674247-T-C,,,,False,,False,18.0,urn:mavedb:00001234-c-1,Scores from arrayed yeast-based assay of TP53 BAX promoter,True,True,True,True,False,coordinate_mavedb_complete_gnomad_missing,False,,,,,,
TP53,p.Asn263Ser,Likely benign,"criteria provided, single submitter",827313,NM_000546.6(TP53):c.788A>G (p.Asn263Ser),"Aug 29, 2019",training,C:\Users\Wesley Capucho\Documents\IA dos números primos\data\raw\multigene\tp53\tp53_clinvar_training.tsv,GRCh38,17,7673832,7673832,na,na,7673832,T,C,1597362411,True,17-7673832-T-C,,,,False,,False,123.4,urn:mavedb:00001234-c-1,Scores from arrayed yeast-based assay of TP53 BAX promoter,True,True,True,True,False,coordinate_mavedb_complete_gnomad_missing,False,,,,,,
TP53,p.Asn29Asp,Likely benign,"criteria provided, single submitter",822586,NM_000546.6(TP53):c.85A>G (p.Asn29Asp),"Nov 25, 2019",training,C:\Users\Wesley Capucho\Documents\IA dos números primos\data\raw\multigene\tp53\tp53_clinvar_training.tsv,GRCh38,17,7676393,7676393,na,na,7676393,T,C,1597375899,True,17-7676393-T-C,,,,False,,False,109.5,urn:mavedb:00001234-c-1,Scores from arrayed yeast-based assay of TP53 BAX promoter,True,True,True,True,False,coordinate_mavedb_complete_gnomad_missing,False,,,,,,
TP53,p.Asn310Lys,Likely benign,"criteria provided, single submitter",428879,NM_000546.6(TP53):c.930C>G (p.Asn310Lys),"Oct 30, 2020",training,C:\Users\Wesley Capucho\Documents\IA dos números primos\data\raw\multigene\tp53\tp53_clinvar_training.tsv,GRCh38,17,7673598,7673598,na,na,7673598,G,C,876660829,True,17-7673598-G-C,,,,False,,False,130.7,urn:mavedb:00001234-c-1,Scores from arrayed yeast-based assay of TP53 BAX promoter,True,True,True,True,False,coordinate_mavedb_complete_gnomad_missing,False,,,,,,
TP53,p.Asn310Ser,Likely benign,"criteria provided, single submitter",1766454,NM_000546.6(TP53):c.929A>G (p.Asn310Ser),"Oct 28, 2020",training,C:\Users\Wesley Capucho\Documents\IA dos números primos\data\raw\multigene\tp53\tp53_clinvar_training.tsv,GRCh38,17,7673599,7673599,na,na,7673599,T,C,2151012288,True,17-7673599-T-C,,,,False,,False,218.8,urn:mavedb:00001234-c-1,Scores from arrayed yeast-based assay of TP53 BAX promoter,True,True,True,True,False,coordinate_mavedb_complete_gnomad_missing,False,,,,,,
TP53,p.Asp186Asn,Likely benign,reviewed by expert panel,406601,NM_000546.6(TP53):c.556G>A (p.Asp186Asn),"Jan 16, 2025",combined_external,C:\Users\Wesley Capucho\Documents\IA dos números primos\data\raw\multigene\tp53\tp53_combined_external.tsv,GRCh38,17,7675056,7675056,na,na,7675056,C,T,1060501206,True,17-7675056-C-T,,,,False,,False,100.3,urn:mavedb:00001234-c-1,Scores from arrayed yeast-based assay of TP53 BAX promoter,True,True,True,True,False,coordinate_mavedb_complete_gnomad_missing,False,,,,,,
TP53,p.Asp186Glu,Likely benign,"criteria provided, multiple submitters, no conflicts",230006,NM_000546.6(TP53):c.558T>A (p.Asp186Glu),"Aug 24, 2025",combined_external,C:\Users\Wesley Capucho\Documents\IA dos números primos\data\raw\multigene\tp53\tp53_combined_external.tsv,GRCh38,17,7675054,7675054,na,na,7675054,A,T,375275361,True,17-7675054-A-T,,,,False,,False,86.6,urn:mavedb:00001234-c-1,Scores from arrayed yeast-based assay of TP53 BAX promoter,True,True,True,True,False,coordinate_mavedb_complete_gnomad_missing,False,,,,,,
TP53,p.Asp207Glu,Likely benign,"criteria provided, single submitter",3809687,NM_000546.6(TP53):c.621T>G (p.Asp207Glu),"Mar 07, 2025",training,C:\Users\Wesley Capucho\Documents\IA dos números primos\data\raw\multigene\tp53\tp53_clinvar_training.tsv,GRCh38,17,7674910,7674910,na,na,7674910,A,C,-1,True,17-7674910-A-C,,,,False,,False,270.4,urn:mavedb:00001234-c-1,Scores from arrayed yeast-based assay of TP53 BAX promoter,True,True,True,True,False,coordinate_mavedb_complete_gnomad_missing,False,,,,,,
TP53,p.Asp21Ala,Likely benign,"criteria provided, single submitter",3972456,NM_000546.6(TP53):c.62A>C (p.Asp21Ala),"Jun 05, 2025",training,C:\Users\Wesley Capucho\Documents\IA dos números primos\data\raw\multigene\tp53\tp53_clinvar_training.tsv,GRCh38,17,7676533,7676533,na,na,7676533,T,G,-1,True,17-7676533-T-G,,,,False,,False,90.4,urn:mavedb:00001234-c-1,Scores from arrayed yeast-based assay of TP53 BAX promoter,True,True,True,True,False,coordinate_mavedb_complete_gnomad_missing,False,,,,,,
TP53,p.Asp228Tyr,Likely benign,"criteria provided, single submitter",2450759,NM_000546.6(TP53):c.682G>T (p.Asp228Tyr),"Mar 02, 2023",training,C:\Users\Wesley Capucho\Documents\IA dos números primos\data\raw\multigene\tp53\tp53_clinvar_training.tsv,GRCh38,17,7674281,7674281,na,na,7674281,C,A,2151022353,True,17-7674281-C-A,,,,False,,False,91.7,urn:mavedb:00001234-c-1,Scores from arrayed yeast-based assay of TP53 BAX promoter,True,True,True,True,False,coordinate_mavedb_complete_gnomad_missing,False,,,,,,
TP53,p.Asp259Ala,Pathogenic,no assertion criteria provided,2671888,NM_000546.6(TP53):c.776A>C (p.Asp259Ala),"Dec 04, 2023",training,C:\Users\Wesley Capucho\Documents\IA dos números primos\data\raw\multigene\tp53\tp53_clinvar_training.tsv,GRCh38,17,7674187,7674187,na,na,7674187,T,G,745425759,True,17-7674187-T-G,,,,False,,False,14.2,urn:mavedb:00001234-c-1,Scores from arrayed yeast-based assay of TP53 BAX promoter,True,True,True,True,False,coordinate_mavedb_complete_gnomad_missing,False,,,,,,
TP53,p.Asp281Ala,Pathogenic/Likely pathogenic,"criteria provided, multiple submitters, no conflicts",376589,NM_000546.6(TP53):c.842A>C (p.Asp281Ala),"Mar 07, 2025",combined_external,C:\Users\Wesley Capucho\Documents\IA dos números primos\data\raw\multigene\tp53\tp53_combined_external.tsv,GRCh38,17,7673778,7673778,na,na,7673778,T,G,587781525,True,17-7673778-T-G,,,,False,,False,0.0,urn:mavedb:00001234-c-1,Scores from arrayed yeast-based assay of TP53 BAX promoter,True,True,True,True,False,coordinate_mavedb_complete_gnomad_missing,False,,,,,,
TP53,p.Asp281Asn,Pathogenic/Likely pathogenic,"criteria provided, multiple submitters, no conflicts",376586,NM_000546.6(TP53):c.841G>A (p.Asp281Asn),"Dec 29, 2025",combined_external,C:\Users\Wesley Capucho\Documents\IA dos números primos\data\raw\multigene\tp53\tp53_combined_external.tsv,GRCh38,17,7673779,7673779,na,na,7673779,C,T,764146326,True,17-7673779-C-T,,,,False,,False,0.6,urn:mavedb:00001234-c-1,Scores from arrayed yeast-based assay of TP53 BAX promoter,True,True,True,True,False,coordinate_mavedb_complete_gnomad_missing,False,,,,,,
TP53,p.Asp281Glu,Pathogenic/Likely pathogenic,"criteria provided, multiple submitters, no conflicts",376587,NM_000546.6(TP53):c.843C>G (p.Asp281Glu),"Dec 10, 2025",combined_external,C:\Users\Wesley Capucho\Documents\IA dos números primos\data\raw\multigene\tp53\tp53_combined_external.tsv,GRCh38,17,7673777,7673777,na,na,7673777,G,C,1057519984,True,17-7673777-G-C,,,,False,,False,5.9,urn:mavedb:00001234-c-1,Scores from arrayed yeast-based assay of TP53 BAX promoter,True,True,True,True,False,coordinate_mavedb_complete_gnomad_missing,False,,,,,,
TP53,p.Asp281Gly,Pathogenic,"criteria provided, multiple submitters, no conflicts",141141,NM_000546.6(TP53):c.842A>G (p.Asp281Gly),"Jul 21, 2024",combined_external,C:\Users\Wesley Capucho\Documents\IA dos números primos\data\raw\multigene\tp53\tp53_combined_external.tsv,GRCh38,17,7673778,7673778,na,na,7673778,T,C,587781525,True,17-7673778-T-C,,,,False,,False,13.5,urn:mavedb:00001234-c-1,Scores from arrayed yeast-based assay of TP53 BAX promoter,True,True,True,True,False,coordinate_mavedb_complete_gnomad_missing,False,,,,,,
TP53,p.Asp281His,Pathogenic/Likely pathogenic,"criteria provided, multiple submitters, no conflicts",376588,NM_000546.6(TP53):c.841G>C (p.Asp281His),"May 22, 2024",combined_external,C:\Users\Wesley Capucho\Documents\IA dos números primos\data\raw\multigene\tp53\tp53_combined_external.tsv,GRCh38,17,7673779,7673779,na,na,7673779,C,G,764146326,True,17-7673779-C-G,,,,False,,False,1.0,urn:mavedb:00001234-c-1,Scores from arrayed yeast-based assay of TP53 BAX promoter,True,True,True,True,False,coordinate_mavedb_complete_gnomad_missing,False,,,,,,
TP53,p.Asp281Tyr,Pathogenic/Likely pathogenic,"criteria provided, multiple submitters, no conflicts",376585,NM_000546.6(TP53):c.841G>T (p.Asp281Tyr),"Jul 01, 2025",combined_external,C:\Users\Wesley Capucho\Documents\IA dos números primos\data\raw\multigene\tp53\tp53_combined_external.tsv,GRCh38,17,7673779,7673779,na,na,7673779,C,A,764146326,True,17-7673779-C-A,,,,False,,False,11.1,urn:mavedb:00001234-c-1,Scores from arrayed yeast-based assay of TP53 BAX promoter,True,True,True,True,False,coordinate_mavedb_complete_gnomad_missing,False,,,,,,
TP53,p.Asp281Val,Pathogenic/Likely pathogenic,"criteria provided, multiple submitters, no conflicts",182968,NM_000546.6(TP53):c.842A>T (p.Asp281Val),"Jul 02, 2025",combined_external,C:\Users\Wesley Capucho\Documents\IA dos números primos\data\raw\multigene\tp53\tp53_combined_external.tsv,GRCh38,17,7673778,7673778,na,na,7673778,T,A,587781525,True,17-7673778-T-A,,,,False,,False,0.5,urn:mavedb:00001234-c-1,Scores from arrayed yeast-based assay of TP53 BAX promoter,True,True,True,True,False,coordinate_mavedb_complete_gnomad_missing,False,,,,,,
TP53,p.Asp324Asn,Benign,no assertion criteria provided,2578516,NM_000546.6(TP53):c.970G>A (p.Asp324Asn),-,training,C:\Users\Wesley Capucho\Documents\IA dos números primos\data\raw\multigene\tp53\tp53_clinvar_training.tsv,GRCh38,17,7673558,7673558,na,na,7673558,C,T,1064794810,True,17-7673558-C-T,,,,False,,False,193.1,urn:mavedb:00001234-c-1,Scores from arrayed yeast-based assay of TP53 BAX promoter,True,True,True,True,False,coordinate_mavedb_complete_gnomad_missing,False,,,,,,
TP53,p.Asp324Glu,Likely benign,"criteria provided, single submitter",2450758,NM_000546.6(TP53):c.972T>A (p.Asp324Glu),"Mar 07, 2023",training,C:\Users\Wesley Capucho\Documents\IA dos números primos\data\raw\multigene\tp53\tp53_clinvar_training.tsv,GRCh38,17,7673556,7673556,na,na,7673556,A,T,2151011317,True,17-7673556-A-T,,,,False,,False,132.5,urn:mavedb:00001234-c-1,Scores from arrayed yeast-based assay of TP53 BAX promoter,True,True,True,True,False,coordinate_mavedb_complete_gnomad_missing,False,,,,,,
TP53,p.Asp393Tyr,Likely benign,"criteria provided, single submitter",1741120,NM_000546.6(TP53):c.1177G>T (p.Asp393Tyr),"Jul 12, 2022",training,C:\Users\Wesley Capucho\Documents\IA dos números primos\data\raw\multigene\tp53\tp53_clinvar_training.tsv,GRCh38,17,7669614,7669614,na,na,7669614,C,A,1192921623,True,17-7669614-C-A,,,,False,,False,133.6,urn:mavedb:00001234-c-1,Scores from arrayed yeast-based assay of TP53 BAX promoter,True,True,True,True,False,coordinate_mavedb_complete_gnomad_missing,False,,,,,,
TP53,p.Asp48Glu,Likely benign,reviewed by expert panel,141056,NM_000546.6(TP53):c.144C>A (p.Asp48Glu),"Jan 16, 2025",combined_external,C:\Users\Wesley Capucho\Documents\IA dos números primos\data\raw\multigene\tp53\tp53_combined_external.tsv,GRCh38,17,7676225,7676225,na,na,7676225,G,T,587781460,True,17-7676225-G-T,,,,False,,False,104.9,urn:mavedb:00001234-c-1,Scores from arrayed yeast-based assay of TP53 BAX promoter,True,True,True,True,False,coordinate_mavedb_complete_gnomad_missing,False,,,,,,
TP53,p.Asp48Gly,Likely benign,reviewed by expert panel,2795844,NM_000546.6(TP53):c.143A>G (p.Asp48Gly),"Jan 16, 2025",combined_external,C:\Users\Wesley Capucho\Documents\IA dos números primos\data\raw\multigene\tp53\tp53_combined_external.tsv,GRCh38,17,7676226,7676226,na,na,7676226,T,C,2543635404,True,17-7676226-T-C,,,,False,,False,152.8,urn:mavedb:00001234-c-1,Scores from arrayed yeast-based assay of TP53 BAX promoter,True,True,True,True,False,coordinate_mavedb_complete_gnomad_missing,False,,,,,,
TP53,p.Asp49Asn,Benign,reviewed by expert panel,186363,NM_000546.6(TP53):c.145G>A (p.Asp49Asn),"Aug 05, 2024",combined_external,C:\Users\Wesley Capucho\Documents\IA dos números primos\data\raw\multigene\tp53\tp53_combined_external.tsv,GRCh38,17,7676224,7676224,na,na,7676224,C,T,587780728,True,17-7676224-C-T,,,,False,,False,125.5,urn:mavedb:00001234-c-1,Scores from arrayed yeast-based assay of TP53 BAX promoter,True,True,True,True,False,coordinate_mavedb_complete_gnomad_missing,False,,,,,,
TP53,p.Asp49His,Benign,reviewed by expert panel,135948,NM_000546.6(TP53):c.145G>C (p.Asp49His),"Jan 16, 2025",combined_external,C:\Users\Wesley Capucho\Documents\IA dos números primos\data\raw\multigene\tp53\tp53_combined_external.tsv,GRCh38,17,7676224,7676224,na,na,7676224,C,G,587780728,True,17-7676224-C-G,,,,False,,False,23.3,urn:mavedb:00001234-c-1,Scores from arrayed yeast-based assay of TP53 BAX promoter,True,True,True,True,False,coordinate_mavedb_complete_gnomad_missing,False,,,,,,
TP53,p.Asp57Val,Likely benign,"criteria provided, single submitter",1778520,NM_000546.6(TP53):c.170A>T (p.Asp57Val),"Nov 10, 2021",training,C:\Users\Wesley Capucho\Documents\IA dos números primos\data\raw\multigene\tp53\tp53_clinvar_training.tsv,GRCh38,17,7676199,7676199,na,na,7676199,T,A,1442824382,True,17-7676199-T-A,,,,False,,False,155.9,urn:mavedb:00001234-c-1,Scores from arrayed yeast-based assay of TP53 BAX promoter,True,True,True,True,False,coordinate_mavedb_complete_gnomad_missing,False,,,,,,
TP53,p.Asp7Glu,Likely benign,reviewed by expert panel,140782,NM_000546.6(TP53):c.21T>A (p.Asp7Glu),"Aug 05, 2024",combined_external,C:\Users\Wesley Capucho\Documents\IA dos números primos\data\raw\multigene\tp53\tp53_combined_external.tsv,GRCh38,17,7676574,7676574,na,na,7676574,A,T,587781277,True,17-7676574-A-T,,,,False,,False,116.5,urn:mavedb:00001234-c-1,Scores from arrayed yeast-based assay of TP53 BAX promoter,True,True,True,True,False,coordinate_mavedb_complete_gnomad_missing,False,,,,,,
TP53,p.Cys124Arg,Likely pathogenic,"criteria provided, single submitter",4056245,NM_000546.6(TP53):c.370T>C (p.Cys124Arg),"Feb 29, 2024",training,C:\Users\Wesley Capucho\Documents\IA dos números primos\data\raw\multigene\tp53\tp53_clinvar_training.tsv,GRCh38,17,7675999,7675999,na,na,7675999,A,G,-1,True,17-7675999-A-G,,,,False,,False,13.0,urn:mavedb:00001234-c-1,Scores from arrayed yeast-based assay of TP53 BAX promoter,True,True,True,True,False,coordinate_mavedb_complete_gnomad_missing,False,,,,,,
TP53,p.Cys124Ser,Likely benign,reviewed by expert panel,182926,NM_000546.6(TP53):c.370T>A (p.Cys124Ser),"Feb 06, 2025",combined_external,C:\Users\Wesley Capucho\Documents\IA dos números primos\data\raw\multigene\tp53\tp53_combined_external.tsv,GRCh38,17,7675999,7675999,na,na,7675999,A,T,730881997,True,17-7675999-A-T,,,,False,,False,100.0,urn:mavedb:00001234-c-1,Scores from arrayed yeast-based assay of TP53 BAX promoter,True,True,True,True,False,coordinate_mavedb_complete_gnomad_missing,False,,,,,,
TP53,p.Cys124Trp,Likely benign,"criteria provided, single submitter",3809674,NM_000546.6(TP53):c.372C>G (p.Cys124Trp),"Jan 27, 2025",training,C:\Users\Wesley Capucho\Documents\IA dos números primos\data\raw\multigene\tp53\tp53_clinvar_training.tsv,GRCh38,17,7675997,7675997,na,na,7675997,G,C,-1,True,17-7675997-G-C,,,,False,,False,202.8,urn:mavedb:00001234-c-1,Scores from arrayed yeast-based assay of TP53 BAX promoter,True,True,True,True,False,coordinate_mavedb_complete_gnomad_missing,False,,,,,,
TP53,p.Cys135Arg,Pathogenic/Likely pathogenic,"criteria provided, multiple submitters, no conflicts",376560,NM_000546.6(TP53):c.403T>C (p.Cys135Arg),"Jul 29, 2025",combined_external,C:\Users\Wesley Capucho\Documents\IA dos números primos\data\raw\multigene\tp53\tp53_combined_external.tsv,GRCh38,17,7675209,7675209,na,na,7675209,A,G,1057519975,True,17-7675209-A-G,,,,False,,False,4.0,urn:mavedb:00001234-c-1,Scores from arrayed yeast-based assay of TP53 BAX promoter,True,True,True,True,False,coordinate_mavedb_complete_gnomad_missing,False,,,,,,
TP53,p.Cys135Gly,Pathogenic,reviewed by expert panel,376563,NM_000546.6(TP53):c.403T>G (p.Cys135Gly),"Aug 05, 2024",combined_external,C:\Users\Wesley Capucho\Documents\IA dos números primos\data\raw\multigene\tp53\tp53_combined_external.tsv,GRCh38,17,7675209,7675209,na,na,7675209,A,C,1057519975,True,17-7675209-A-C,,,,False,,False,16.5,urn:mavedb:00001234-c-1,Scores from arrayed yeast-based assay of TP53 BAX promoter,True,True,True,True,False,coordinate_mavedb_complete_gnomad_missing,False,,,,,,
TP53,p.Cys135Phe,Pathogenic/Likely pathogenic,"criteria provided, multiple submitters, no conflicts",376559,NM_000546.6(TP53):c.404G>T (p.Cys135Phe),"Nov 07, 2025",combined_external,C:\Users\Wesley Capucho\Documents\IA dos números primos\data\raw\multigene\tp53\tp53_combined_external.tsv,GRCh38,17,7675208,7675208,na,na,7675208,C,A,587781991,True,17-7675208-C-A,,,,False,,False,13.5,urn:mavedb:00001234-c-1,Scores from arrayed yeast-based assay of TP53 BAX promoter,True,True,True,True,False,coordinate_mavedb_complete_gnomad_missing,False,,,,,,
TP53,p.Cys135Ser,Likely pathogenic,"criteria provided, single submitter",3893309,NM_000546.6(TP53):c.404G>C (p.Cys135Ser),"Oct 23, 2024",training,C:\Users\Wesley Capucho\Documents\IA dos números primos\data\raw\multigene\tp53\tp53_clinvar_training.tsv,GRCh38,17,7675208,7675208,na,na,7675208,C,G,-1,True,17-7675208-C-G,,,,False,,False,11.5,urn:mavedb:00001234-c-1,Scores from arrayed yeast-based assay of TP53 BAX promoter,True,True,True,True,False,coordinate_mavedb_complete_gnomad_missing,False,,,,,,
TP53,p.Cys141Trp,Pathogenic,"criteria provided, multiple submitters, no conflicts",376564,NM_000546.6(TP53):c.423C>G (p.Cys141Trp),"Sep 23, 2025",combined_external,C:\Users\Wesley Capucho\Documents\IA dos números primos\data\raw\multigene\tp53\tp53_combined_external.tsv,GRCh38,17,7675189,7675189,na,na,7675189,G,C,1057519977,True,17-7675189-G-C,,,,False,,False,17.5,urn:mavedb:00001234-c-1,Scores from arrayed yeast-based assay of TP53 BAX promoter,True,True,True,True,False,coordinate_mavedb_complete_gnomad_missing,False,,,,,,
TP53,p.Cys141Tyr,Pathogenic/Likely pathogenic,"criteria provided, multiple submitters, no conflicts",140801,NM_000546.6(TP53):c.422G>A (p.Cys141Tyr),"Sep 15, 2025",combined_external,C:\Users\Wesley Capucho\Documents\IA dos números primos\data\raw\multigene\tp53\tp53_combined_external.tsv,GRCh38,17,7675190,7675190,na,na,7675190,C,T,587781288,True,17-7675190-C-T,,,,False,,False,12.5,urn:mavedb:00001234-c-1,Scores from arrayed yeast-based assay of TP53 BAX promoter,True,True,True,True,False,coordinate_mavedb_complete_gnomad_missing,False,,,,,,
TP53,p.Cys176Arg,Likely pathogenic,no assertion criteria provided,634759,NM_000546.6(TP53):c.526_528delinsCGG (p.Cys176Arg),"Dec 01, 2018",training,C:\Users\Wesley Capucho\Documents\IA dos números primos\data\raw\multigene\tp53\tp53_clinvar_training.tsv,GRCh38,17,7675084,7675086,na,na,7675084,GCA,CCG,1567552847,True,17-7675084-GCA-CCG,,,,False,,False,10.7,urn:mavedb:00001234-c-1,Scores from arrayed yeast-based assay of TP53 BAX promoter,True,True,True,True,False,coordinate_mavedb_complete_gnomad_missing,False,,,,,,
TP53,p.Cys176Phe,Pathogenic/Likely pathogenic,"criteria provided, multiple submitters, no conflicts",376569,NM_000546.6(TP53):c.527G>T (p.Cys176Phe),"Feb 09, 2025",combined_external,C:\Users\Wesley Capucho\Documents\IA dos números primos\data\raw\multigene\tp53\tp53_combined_external.tsv,GRCh38,17,7675085,7675085,na,na,7675085,C,A,786202962,True,17-7675085-C-A,,,,False,,False,15.0,urn:mavedb:00001234-c-1,Scores from arrayed yeast-based assay of TP53 BAX promoter,True,True,True,True,False,coordinate_mavedb_complete_gnomad_missing,False,,,,,,
TP53,p.Cys176Tyr,Pathogenic,"criteria provided, multiple submitters, no conflicts",186451,NM_000546.6(TP53):c.527G>A (p.Cys176Tyr),"Dec 08, 2025",combined_external,C:\Users\Wesley Capucho\Documents\IA dos números primos\data\raw\multigene\tp53\tp53_combined_external.tsv,GRCh38,17,7675085,7675085,na,na,7675085,C,T,786202962,True,17-7675085-C-T,,,,False,,False,13.5,urn:mavedb:00001234-c-1,Scores from arrayed yeast-based assay of TP53 BAX promoter,True,True,True,True,False,coordinate_mavedb_complete_gnomad_missing,False,,,,,,
TP53,p.Cys238Arg,Pathogenic/Likely pathogenic,"criteria provided, multiple submitters, no conflicts",376576,NM_000546.6(TP53):c.712T>C (p.Cys238Arg),"May 09, 2024",combined_external,C:\Users\Wesley Capucho\Documents\IA dos números primos\data\raw\multigene\tp53\tp53_combined_external.tsv,GRCh38,17,7674251,7674251,na,na,7674251,A,G,1057519981,True,17-7674251-A-G,,,,False,,False,0.8,urn:mavedb:00001234-c-1,Scores from arrayed yeast-based assay of TP53 BAX promoter,True,True,True,True,False,coordinate_mavedb_complete_gnomad_missing,False,,,,,,
TP53,p.Cys238Gly,Pathogenic/Likely pathogenic,"criteria provided, multiple submitters, no conflicts",376577,NM_000546.6(TP53):c.712T>G (p.Cys238Gly),"Sep 12, 2025",combined_external,C:\Users\Wesley Capucho\Documents\IA dos números primos\data\raw\multigene\tp53\tp53_combined_external.tsv,GRCh38,17,7674251,7674251,na,na,7674251,A,C,1057519981,True,17-7674251-A-C,,,,False,,False,17.6,urn:mavedb:00001234-c-1,Scores from arrayed yeast-based assay of TP53 BAX promoter,True,True,True,True,False,coordinate_mavedb_complete_gnomad_missing,False,,,,,,
TP53,p.Cys238Phe,Pathogenic/Likely pathogenic,"criteria provided, multiple submitters, no conflicts",376574,NM_000546.6(TP53):c.713G>T (p.Cys238Phe),"Oct 27, 2025",combined_external,C:\Users\Wesley Capucho\Documents\IA dos números primos\data\raw\multigene\tp53\tp53_combined_external.tsv,GRCh38,17,7674250,7674250,na,na,7674250,C,A,730882005,True,17-7674250-C-A,,,,False,,False,4.6,urn:mavedb:00001234-c-1,Scores from arrayed yeast-based assay of TP53 BAX promoter,True,True,True,True,False,coordinate_mavedb_complete_gnomad_missing,False,,,,,,
TP53,p.Cys238Ser,Pathogenic/Likely pathogenic,"criteria provided, multiple submitters, no conflicts",376575,NM_000546.6(TP53):c.713G>C (p.Cys238Ser),"Mar 13, 2025",combined_external,C:\Users\Wesley Capucho\Documents\IA dos números primos\data\raw\multigene\tp53\tp53_combined_external.tsv,GRCh38,17,7674250,7674250,na,na,7674250,C,G,730882005,True,17-7674250-C-G,,,,False,,False,20.3,urn:mavedb:00001234-c-1,Scores from arrayed yeast-based assay of TP53 BAX promoter,True,True,True,True,False,coordinate_mavedb_complete_gnomad_missing,False,,,,,,
TP53,p.Cys238Trp,Pathogenic/Likely pathogenic,"criteria provided, multiple submitters, no conflicts",161515,NM_000546.6(TP53):c.714T>G (p.Cys238Trp),"Dec 28, 2020",combined_external,C:\Users\Wesley Capucho\Documents\IA dos números primos\data\raw\multigene\tp53\tp53_combined_external.tsv,GRCh38,17,7674249,7674249,na,na,7674249,A,C,193920789,True,17-7674249-A-C,,,,False,,False,4.4,urn:mavedb:00001234-c-1,Scores from arrayed yeast-based assay of TP53 BAX promoter,True,True,True,True,False,coordinate_mavedb_complete_gnomad_missing,False,,,,,,
TP53,p.Cys238Tyr,Pathogenic/Likely pathogenic,"criteria provided, multiple submitters, no conflicts",182935,NM_000546.6(TP53):c.713G>A (p.Cys238Tyr),"Jan 28, 2026",combined_external,C:\Users\Wesley Capucho\Documents\IA dos números primos\data\raw\multigene\tp53\tp53_combined_external.tsv,GRCh38,17,7674250,7674250,na,na,7674250,C,T,730882005,True,17-7674250-C-T,,,,False,,False,25.2,urn:mavedb:00001234-c-1,Scores from arrayed yeast-based assay of TP53 BAX promoter,True,True,True,True,False,coordinate_mavedb_complete_gnomad_missing,False,,,,,,
TP53,p.Cys242Trp,Pathogenic,"criteria provided, single submitter",376580,NM_000546.6(TP53):c.726C>G (p.Cys242Trp),"Mar 09, 2023",training,C:\Users\Wesley Capucho\Documents\IA dos números primos\data\raw\multigene\tp53\tp53_clinvar_training.tsv,GRCh38,17,7674237,7674237,na,na,7674237,G,C,375874539,True,17-7674237-G-C,,,,False,,False,16.4,urn:mavedb:00001234-c-1,Scores from arrayed yeast-based assay of TP53 BAX promoter,True,True,True,True,False,coordinate_mavedb_complete_gnomad_missing,False,,,,,,
TP53,p.Cys242Tyr,Pathogenic/Likely pathogenic,"criteria provided, multiple submitters, no conflicts",12354,NM_000546.6(TP53):c.725G>A (p.Cys242Tyr),"Nov 10, 2025",combined_external,C:\Users\Wesley Capucho\Documents\IA dos números primos\data\raw\multigene\tp53\tp53_combined_external.tsv,GRCh38,17,7674238,7674238,na,na,7674238,C,T,121912655,True,17-7674238-C-T,,,,False,,False,0.0,urn:mavedb:00001234-c-1,Scores from arrayed yeast-based assay of TP53 BAX promoter,True,True,True,True,False,coordinate_mavedb_complete_gnomad_missing,False,,,,,,
TP53,p.Cys275Phe,Pathogenic,"criteria provided, multiple submitters, no conflicts",376582,NM_000546.6(TP53):c.824G>T (p.Cys275Phe),"Jan 11, 2026",combined_external,C:\Users\Wesley Capucho\Documents\IA dos números primos\data\raw\multigene\tp53\tp53_combined_external.tsv,GRCh38,17,7673796,7673796,na,na,7673796,C,A,863224451,True,17-7673796-C-A,,,,False,,False,0.0,urn:mavedb:00001234-c-1,Scores from arrayed yeast-based assay of TP53 BAX promoter,True,True,True,True,False,coordinate_mavedb_complete_gnomad_missing,False,,,,,,
TP53,p.Cys275Tyr,Pathogenic/Likely pathogenic,"criteria provided, multiple submitters, no conflicts",215997,NM_000546.6(TP53):c.824G>A (p.Cys275Tyr),"Sep 07, 2025",combined_external,C:\Users\Wesley Capucho\Documents\IA dos números primos\data\raw\multigene\tp53\tp53_combined_external.tsv,GRCh38,17,7673796,7673796,na,na,7673796,C,T,863224451,True,17-7673796-C-T,,,,False,,False,0.0,urn:mavedb:00001234-c-1,Scores from arrayed yeast-based assay of TP53 BAX promoter,True,True,True,True,False,coordinate_mavedb_complete_gnomad_missing,False,,,,,,
TP53,p.Cys277Gly,Likely pathogenic,reviewed by expert panel,2757236,NM_000546.6(TP53):c.829T>G (p.Cys277Gly),"Dec 05, 2025",combined_external,C:\Users\Wesley Capucho\Documents\IA dos números primos\data\raw\multigene\tp53\tp53_combined_external.tsv,GRCh38,17,7673791,7673791,na,na,7673791,A,C,1064795369,True,17-7673791-A-C,,,,False,,False,17.5,urn:mavedb:00001234-c-1,Scores from arrayed yeast-based assay of TP53 BAX promoter,True,True,True,True,False,coordinate_mavedb_complete_gnomad_missing,False,,,,,,
TP53,p.Gln165Leu,Pathogenic,no assertion criteria provided,2505496,NM_000546.6(TP53):c.494A>T (p.Gln165Leu),-,training,C:\Users\Wesley Capucho\Documents\IA dos números primos\data\raw\multigene\tp53\tp53_clinvar_training.tsv,GRCh38,17,7675118,7675118,na,na,7675118,T,A,2151031435,True,17-7675118-T-A,,,,False,,False,52.1,urn:mavedb:00001234-c-1,Scores from arrayed yeast-based assay of TP53 BAX promoter,True,True,True,True,False,coordinate_mavedb_complete_gnomad_missing,False,,,,,,
TP53,p.Gln192His,Likely benign,"criteria provided, single submitter",988617,NM_000546.6(TP53):c.576G>C (p.Gln192His),-,training,C:\Users\Wesley Capucho\Documents\IA dos números primos\data\raw\multigene\tp53\tp53_clinvar_training.tsv,GRCh38,17,7674955,7674955,na,na,7674955,C,G,2073344721,True,17-7674955-C-G,,,,False,,False,106.8,urn:mavedb:00001234-c-1,Scores from arrayed yeast-based assay of TP53 BAX promoter,True,True,True,True,False,coordinate_mavedb_complete_gnomad_missing,False,,,,,,
TP53,p.Gln317Lys,Benign,reviewed by expert panel,231008,NM_000546.6(TP53):c.949C>A (p.Gln317Lys),"Jan 16, 2025",combined_external,C:\Users\Wesley Capucho\Documents\IA dos números primos\data\raw\multigene\tp53\tp53_combined_external.tsv,GRCh38,17,7673579,7673579,na,na,7673579,G,T,764735889,True,17-7673579-G-T,,,,False,,False,95.7,urn:mavedb:00001234-c-1,Scores from arrayed yeast-based assay of TP53 BAX promoter,True,True,True,True,False,coordinate_mavedb_complete_gnomad_missing,False,,,,,,
TP53,p.Gln354Leu,Benign,"criteria provided, single submitter",3232047,NM_000546.6(TP53):c.1061A>T (p.Gln354Leu),"Dec 29, 2023",training,C:\Users\Wesley Capucho\Documents\IA dos números primos\data\raw\multigene\tp53\tp53_clinvar_training.tsv,GRCh38,17,7670648,7670648,na,na,7670648,T,A,752142489,True,17-7670648-T-A,,,,False,,False,88.8,urn:mavedb:00001234-c-1,Scores from arrayed yeast-based assay of TP53 BAX promoter,True,True,True,True,False,coordinate_mavedb_complete_gnomad_missing,False,,,,,,
TP53,p.Gln354Lys,Benign,reviewed by expert panel,231485,NM_000546.6(TP53):c.1060C>A (p.Gln354Lys),"Sep 06, 2024",combined_external,C:\Users\Wesley Capucho\Documents\IA dos números primos\data\raw\multigene\tp53\tp53_combined_external.tsv,GRCh38,17,7670649,7670649,na,na,7670649,G,T,755394212,True,17-7670649-G-T,,,,False,,False,151.2,urn:mavedb:00001234-c-1,Scores from arrayed yeast-based assay of TP53 BAX promoter,True,True,True,True,False,coordinate_mavedb_complete_gnomad_missing,False,,,,,,
TP53,p.Gln354Pro,Likely benign,"criteria provided, single submitter",3328171,NM_000546.6(TP53):c.1061A>C (p.Gln354Pro),"May 08, 2024",training,C:\Users\Wesley Capucho\Documents\IA dos números primos\data\raw\multigene\tp53\tp53_clinvar_training.tsv,GRCh38,17,7670648,7670648,na,na,7670648,T,G,-1,True,17-7670648-T-G,,,,False,,False,161.4,urn:mavedb:00001234-c-1,Scores from arrayed yeast-based assay of TP53 BAX promoter,True,True,True,True,False,coordinate_mavedb_complete_gnomad_missing,False,,,,,,
TP53,p.Gln375Lys,Likely benign,"criteria provided, single submitter",1798385,NM_000546.6(TP53):c.1123C>A (p.Gln375Lys),"Jan 07, 2021",training,C:\Users\Wesley Capucho\Documents\IA dos números primos\data\raw\multigene\tp53\tp53_clinvar_training.tsv,GRCh38,17,7669668,7669668,na,na,7669668,G,T,1555524156,True,17-7669668-G-T,,,,False,,False,59.0,urn:mavedb:00001234-c-1,Scores from arrayed yeast-based assay of TP53 BAX promoter,True,True,True,True,False,coordinate_mavedb_complete_gnomad_missing,False,,,,,,
TP53,p.Glu171Asp,Pathogenic,no assertion criteria provided,2446885,NM_000546.6(TP53):c.513G>T (p.Glu171Asp),-,training,C:\Users\Wesley Capucho\Documents\IA dos números primos\data\raw\multigene\tp53\tp53_clinvar_training.tsv,GRCh38,17,7675099,7675099,na,na,7675099,C,A,1555526078,True,17-7675099-C-A,,,,False,,False,44.3,urn:mavedb:00001234-c-1,Scores from arrayed yeast-based assay of TP53 BAX promoter,True,True,True,True,False,coordinate_mavedb_complete_gnomad_missing,False,,,,,,
TP53,p.Glu171Gly,Pathogenic,"criteria provided, single submitter",1745525,NM_000546.6(TP53):c.512A>G (p.Glu171Gly),"Jan 24, 2022",training,C:\Users\Wesley Capucho\Documents\IA dos números primos\data\raw\multigene\tp53\tp53_clinvar_training.tsv,GRCh38,17,7675100,7675100,na,na,7675100,T,C,2543596753,True,17-7675100-T-C,,,,False,,False,0.0,urn:mavedb:00001234-c-1,Scores from arrayed yeast-based assay of TP53 BAX promoter,True,True,True,True,False,coordinate_mavedb_complete_gnomad_missing,False,,,,,,
TP53,p.Glu171Lys,Likely benign,reviewed by expert panel,141566,NM_000546.6(TP53):c.511G>A (p.Glu171Lys),"Mar 04, 2025",combined_external,C:\Users\Wesley Capucho\Documents\IA dos números primos\data\raw\multigene\tp53\tp53_combined_external.tsv,GRCh38,17,7675101,7675101,na,na,7675101,C,T,587781845,True,17-7675101-C-T,,,,False,,False,75.0,urn:mavedb:00001234-c-1,Scores from arrayed yeast-based assay of TP53 BAX promoter,True,True,True,True,False,coordinate_mavedb_complete_gnomad_missing,False,,,,,,
TP53,p.Glu180Lys,Likely pathogenic,reviewed by expert panel,245711,NM_000546.6(TP53):c.538G>A (p.Glu180Lys),"Aug 05, 2024",combined_external,C:\Users\Wesley Capucho\Documents\IA dos números primos\data\raw\multigene\tp53\tp53_combined_external.tsv,GRCh38,17,7675074,7675074,na,na,7675074,C,T,879253911,True,17-7675074-C-T,,,,False,,False,16.9,urn:mavedb:00001234-c-1,Scores from arrayed yeast-based assay of TP53 BAX promoter,True,True,True,True,False,coordinate_mavedb_complete_gnomad_missing,False,,,,,,
TP53,p.Glu204Asp,Likely benign,"criteria provided, single submitter",3460304,NM_000546.6(TP53):c.612G>C (p.Glu204Asp),"Jul 16, 2024",training,C:\Users\Wesley Capucho\Documents\IA dos números primos\data\raw\multigene\tp53\tp53_clinvar_training.tsv,GRCh38,17,7674919,7674919,na,na,7674919,C,G,-1,True,17-7674919-C-G,,,,False,,False,81.3,urn:mavedb:00001234-c-1,Scores from arrayed yeast-based assay of TP53 BAX promoter,True,True,True,True,False,coordinate_mavedb_complete_gnomad_missing,False,,,,,,
TP53,p.Glu258Lys,Pathogenic/Likely pathogenic,"criteria provided, multiple submitters, no conflicts",12348,NM_000546.6(TP53):c.772G>A (p.Glu258Lys),"Oct 07, 2025",combined_external,C:\Users\Wesley Capucho\Documents\IA dos números primos\data\raw\multigene\tp53\tp53_combined_external.tsv,GRCh38,17,7674191,7674191,na,na,7674191,C,T,121912652,True,17-7674191-C-T,,,,False,,False,8.2,urn:mavedb:00001234-c-1,Scores from arrayed yeast-based assay of TP53 BAX promoter,True,True,True,True,False,coordinate_mavedb_complete_gnomad_missing,False,,,,,,
TP53,p.Glu271Val,Likely pathogenic,"criteria provided, multiple submitters, no conflicts",3147994,NM_000546.6(TP53):c.812A>T (p.Glu271Val),"Jun 12, 2024",combined_external,C:\Users\Wesley Capucho\Documents\IA dos números primos\data\raw\multigene\tp53\tp53_combined_external.tsv,GRCh38,17,7673808,7673808,na,na,7673808,T,A,2151016523,True,17-7673808-T-A,,,,False,,False,50.1,urn:mavedb:00001234-c-1,Scores from arrayed yeast-based assay of TP53 BAX promoter,True,True,True,True,False,coordinate_mavedb_complete_gnomad_missing,False,,,,,,
TP53,p.Glu285Lys,Pathogenic/Likely pathogenic,"criteria provided, multiple submitters, no conflicts",420133,NM_000546.6(TP53):c.853G>A (p.Glu285Lys),"Jan 25, 2025",combined_external,C:\Users\Wesley Capucho\Documents\IA dos números primos\data\raw\multigene\tp53\tp53_combined_external.tsv,GRCh38,17,7673767,7673767,na,na,7673767,C,T,112431538,True,17-7673767-C-T,,,,False,,False,7.4,urn:mavedb:00001234-c-1,Scores from arrayed yeast-based assay of TP53 BAX promoter,True,True,True,True,False,coordinate_mavedb_complete_gnomad_missing,False,,,,,,
TP53,p.Glu285Val,Pathogenic,"criteria provided, single submitter",12384,NM_000546.6(TP53):c.854A>T (p.Glu285Val),"Dec 21, 2018",training,C:\Users\Wesley Capucho\Documents\IA dos números primos\data\raw\multigene\tp53\tp53_clinvar_training.tsv,GRCh38,17,7673766,7673766,na,na,7673766,T,A,121912667,True,17-7673766-T-A,,,,False,,False,18.6,urn:mavedb:00001234-c-1,Scores from arrayed yeast-based assay of TP53 BAX promoter,True,True,True,True,False,coordinate_mavedb_complete_gnomad_missing,False,,,,,,
TP53,p.Glu286Ala,Likely pathogenic,"criteria provided, single submitter",376593,NM_000546.6(TP53):c.857A>C (p.Glu286Ala),"Feb 21, 2024",training,C:\Users\Wesley Capucho\Documents\IA dos números primos\data\raw\multigene\tp53\tp53_clinvar_training.tsv,GRCh38,17,7673763,7673763,na,na,7673763,T,G,1057519985,True,17-7673763-T-G,,,,False,,False,4.2,urn:mavedb:00001234-c-1,Scores from arrayed yeast-based assay of TP53 BAX promoter,True,True,True,True,False,coordinate_mavedb_complete_gnomad_missing,False,,,,,,
TP53,p.Glu286Lys,Pathogenic/Likely pathogenic,"criteria provided, multiple submitters, no conflicts",183752,NM_000546.6(TP53):c.856G>A (p.Glu286Lys),"Jul 03, 2025",combined_external,C:\Users\Wesley Capucho\Documents\IA dos números primos\data\raw\multigene\tp53\tp53_combined_external.tsv,GRCh38,17,7673764,7673764,na,na,7673764,C,T,786201059,True,17-7673764-C-T,,,,False,,False,23.5,urn:mavedb:00001234-c-1,Scores from arrayed yeast-based assay of TP53 BAX promoter,True,True,True,True,False,coordinate_mavedb_complete_gnomad_missing,False,,,,,,
TP53,p.Glu287Gly,Likely benign,"criteria provided, single submitter",4757808,NM_000546.6(TP53):c.860A>G (p.Glu287Gly),"Sep 10, 2025",training,C:\Users\Wesley Capucho\Documents\IA dos números primos\data\raw\multigene\tp53\tp53_clinvar_training.tsv,GRCh38,17,7673760,7673760,na,na,7673760,T,C,-1,True,17-7673760-T-C,,,,False,,False,129.5,urn:mavedb:00001234-c-1,Scores from arrayed yeast-based assay of TP53 BAX promoter,True,True,True,True,False,coordinate_mavedb_complete_gnomad_missing,False,,,,,,
TP53,p.Glu298Lys,Benign,reviewed by expert panel,141483,NM_000546.6(TP53):c.892G>A (p.Glu298Lys),"Aug 05, 2024",combined_external,C:\Users\Wesley Capucho\Documents\IA dos números primos\data\raw\multigene\tp53\tp53_combined_external.tsv,GRCh38,17,7673728,7673728,na,na,7673728,C,T,201744589,True,17-7673728-C-T,,,,False,,False,139.2,urn:mavedb:00001234-c-1,Scores from arrayed yeast-based assay of TP53 BAX promoter,True,True,True,True,False,coordinate_mavedb_complete_gnomad_missing,False,,,,,,
TP53,p.Glu326Asp,Likely benign,"criteria provided, single submitter",3972458,NM_000546.6(TP53):c.978A>C (p.Glu326Asp),"May 23, 2025",training,C:\Users\Wesley Capucho\Documents\IA dos números primos\data\raw\multigene\tp53\tp53_clinvar_training.tsv,GRCh38,17,7673550,7673550,na,na,7673550,T,G,-1,True,17-7673550-T-G,,,,False,,False,112.8,urn:mavedb:00001234-c-1,Scores from arrayed yeast-based assay of TP53 BAX promoter,True,True,True,True,False,coordinate_mavedb_complete_gnomad_missing,False,,,,,,
TP53,p.Glu326Val,Likely pathogenic,no assertion criteria provided,2578514,NM_000546.6(TP53):c.977A>T (p.Glu326Val),-,training,C:\Users\Wesley Capucho\Documents\IA dos números primos\data\raw\multigene\tp53\tp53_clinvar_training.tsv,GRCh38,17,7673551,7673551,na,na,7673551,T,A,2151011218,True,17-7673551-T-A,,,,False,,False,131.2,urn:mavedb:00001234-c-1,Scores from arrayed yeast-based assay of TP53 BAX promoter,True,True,True,True,False,coordinate_mavedb_complete_gnomad_missing,False,,,,,,
TP53,p.Glu336Gln,Likely benign,"criteria provided, single submitter",2450754,NM_000546.6(TP53):c.1006G>C (p.Glu336Gln),"Feb 03, 2023",training,C:\Users\Wesley Capucho\Documents\IA dos números primos\data\raw\multigene\tp53\tp53_clinvar_training.tsv,GRCh38,17,7670703,7670703,na,na,7670703,C,G,2150995270,True,17-7670703-C-G,,,,False,,False,118.2,urn:mavedb:00001234-c-1,Scores from arrayed yeast-based assay of TP53 BAX promoter,True,True,True,True,False,coordinate_mavedb_complete_gnomad_missing,False,,,,,,
TP53,p.Glu339Gln,Likely benign,reviewed by expert panel,141893,NM_000546.6(TP53):c.1015G>C (p.Glu339Gln),"Sep 06, 2024",combined_external,C:\Users\Wesley Capucho\Documents\IA dos números primos\data\raw\multigene\tp53\tp53_combined_external.tsv,GRCh38,17,7670694,7670694,na,na,7670694,C,G,17882252,True,17-7670694-C-G,,,,False,,False,103.4,urn:mavedb:00001234-c-1,Scores from arrayed yeast-based assay of TP53 BAX promoter,True,True,True,True,False,coordinate_mavedb_complete_gnomad_missing,False,,,,,,
TP53,p.Glu343Asp,Benign,"criteria provided, single submitter",3460327,NM_000546.6(TP53):c.1029G>T (p.Glu343Asp),"Oct 24, 2024",training,C:\Users\Wesley Capucho\Documents\IA dos números primos\data\raw\multigene\tp53\tp53_clinvar_training.tsv,GRCh38,17,7670680,7670680,na,na,7670680,C,A,-1,True,17-7670680-C-A,,,,False,,False,100.7,urn:mavedb:00001234-c-1,Scores from arrayed yeast-based assay of TP53 BAX promoter,True,True,True,True,False,coordinate_mavedb_complete_gnomad_missing,False,,,,,,
TP53,p.Glu349Gly,Likely benign,"criteria provided, single submitter",1775423,NM_000546.6(TP53):c.1046A>G (p.Glu349Gly),"Dec 21, 2020",training,C:\Users\Wesley Capucho\Documents\IA dos números primos\data\raw\multigene\tp53\tp53_clinvar_training.tsv,GRCh38,17,7670663,7670663,na,na,7670663,T,C,2543472094,True,17-7670663-T-C,,,,False,,False,79.5,urn:mavedb:00001234-c-1,Scores from arrayed yeast-based assay of TP53 BAX promoter,True,True,True,True,False,coordinate_mavedb_complete_gnomad_missing,False,,,,,,
TP53,p.Glu388Ala,Likely benign,reviewed by expert panel,141425,NM_000546.6(TP53):c.1163A>C (p.Glu388Ala),"Jan 10, 2022",combined_external,C:\Users\Wesley Capucho\Documents\IA dos números primos\data\raw\multigene\tp53\tp53_combined_external.tsv,GRCh38,17,7669628,7669628,na,na,7669628,T,G,587781736,True,17-7669628-T-G,,,,False,,False,86.6,urn:mavedb:00001234-c-1,Scores from arrayed yeast-based assay of TP53 BAX promoter,True,True,True,True,False,coordinate_mavedb_complete_gnomad_missing,False,,,,,,
TP53,p.Glu388Asp,Likely benign,"criteria provided, single submitter",4553123,NM_000546.6(TP53):c.1164A>C (p.Glu388Asp),"Dec 04, 2025",training,C:\Users\Wesley Capucho\Documents\IA dos números primos\data\raw\multigene\tp53\tp53_clinvar_training.tsv,GRCh38,17,7669627,7669627,na,na,7669627,T,G,-1,True,17-7669627-T-G,,,,False,,False,68.8,urn:mavedb:00001234-c-1,Scores from arrayed yeast-based assay of TP53 BAX promoter,True,True,True,True,False,coordinate_mavedb_complete_gnomad_missing,False,,,,,,
TP53,p.Glu388Gln,Likely benign,"criteria provided, single submitter",1737291,NM_000546.6(TP53):c.1162G>C (p.Glu388Gln),"Jul 11, 2022",training,C:\Users\Wesley Capucho\Documents\IA dos números primos\data\raw\multigene\tp53\tp53_clinvar_training.tsv,GRCh38,17,7669629,7669629,na,na,7669629,C,G,2150988225,True,17-7669629-C-G,,,,False,,False,125.3,urn:mavedb:00001234-c-1,Scores from arrayed yeast-based assay of TP53 BAX promoter,True,True,True,True,False,coordinate_mavedb_complete_gnomad_missing,False,,,,,,
TP53,p.Glu62Gly,Likely benign,"criteria provided, single submitter",3809683,NM_000546.6(TP53):c.185A>G (p.Glu62Gly),"Feb 10, 2025",training,C:\Users\Wesley Capucho\Documents\IA dos números primos\data\raw\multigene\tp53\tp53_clinvar_training.tsv,GRCh38,17,7676184,7676184,na,na,7676184,T,C,-1,True,17-7676184-T-C,,,,False,,False,108.0,urn:mavedb:00001234-c-1,Scores from arrayed yeast-based assay of TP53 BAX promoter,True,True,True,True,False,coordinate_mavedb_complete_gnomad_missing,False,,,,,,
TP53,p.Gly105Arg,Pathogenic/Likely pathogenic,"criteria provided, multiple submitters, no conflicts",406574,NM_000546.6(TP53):c.313G>C (p.Gly105Arg),"Oct 04, 2023",combined_external,C:\Users\Wesley Capucho\Documents\IA dos números primos\data\raw\multigene\tp53\tp53_combined_external.tsv,GRCh38,17,7676056,7676056,na,na,7676056,C,G,1060501195,True,17-7676056-C-G,,,,False,,False,9.1,urn:mavedb:00001234-c-1,Scores from arrayed yeast-based assay of TP53 BAX promoter,True,True,True,True,False,coordinate_mavedb_complete_gnomad_missing,False,,,,,,
TP53,p.Gly105Ser,Pathogenic/Likely pathogenic,"criteria provided, multiple submitters, no conflicts",428884,NM_000546.6(TP53):c.313G>A (p.Gly105Ser),"Sep 10, 2025",combined_external,C:\Users\Wesley Capucho\Documents\IA dos números primos\data\raw\multigene\tp53\tp53_combined_external.tsv,GRCh38,17,7676056,7676056,na,na,7676056,C,T,1060501195,True,17-7676056-C-T,,,,False,,False,14.4,urn:mavedb:00001234-c-1,Scores from arrayed yeast-based assay of TP53 BAX promoter,True,True,True,True,False,coordinate_mavedb_complete_gnomad_missing,False,,,,,,
TP53,p.Gly108Ser,Likely benign,reviewed by expert panel,142431,NM_000546.6(TP53):c.322G>A (p.Gly108Ser),"Jan 16, 2025",combined_external,C:\Users\Wesley Capucho\Documents\IA dos números primos\data\raw\multigene\tp53\tp53_combined_external.tsv,GRCh38,17,7676047,7676047,na,na,7676047,C,T,587782461,True,17-7676047-C-T,,,,False,,False,27.2,urn:mavedb:00001234-c-1,Scores from arrayed yeast-based assay of TP53 BAX promoter,True,True,True,True,False,coordinate_mavedb_complete_gnomad_missing,False,,,,,,
TP53,p.Gly199Val,Likely pathogenic,"criteria provided, single submitter",451799,NM_000546.6(TP53):c.596G>T (p.Gly199Val),"Jun 20, 2018",training,C:\Users\Wesley Capucho\Documents\IA dos números primos\data\raw\multigene\tp53\tp53_clinvar_training.tsv,GRCh38,17,7674935,7674935,na,na,7674935,C,A,1555525857,True,17-7674935-C-A,,,,False,,False,1.5,urn:mavedb:00001234-c-1,Scores from arrayed yeast-based assay of TP53 BAX promoter,True,True,True,True,False,coordinate_mavedb_complete_gnomad_missing,False,,,,,,
TP53,p.Gly244Ala,Pathogenic/Likely pathogenic,"criteria provided, multiple submitters, no conflicts",458560,NM_000546.6(TP53):c.731G>C (p.Gly244Ala),"Dec 02, 2024",combined_external,C:\Users\Wesley Capucho\Documents\IA dos números primos\data\raw\multigene\tp53\tp53_combined_external.tsv,GRCh38,17,7674232,7674232,na,na,7674232,C,G,985033810,True,17-7674232-C-G,,,,False,,False,0.3,urn:mavedb:00001234-c-1,Scores from arrayed yeast-based assay of TP53 BAX promoter,True,True,True,True,False,coordinate_mavedb_complete_gnomad_missing,False,,,,,,
TP53,p.Gly244Asp,Pathogenic/Likely pathogenic,"criteria provided, multiple submitters, no conflicts",372785,NM_000546.6(TP53):c.731G>A (p.Gly244Asp),"May 01, 2025",combined_external,C:\Users\Wesley Capucho\Documents\IA dos números primos\data\raw\multigene\tp53\tp53_combined_external.tsv,GRCh38,17,7674232,7674232,na,na,7674232,C,T,985033810,True,17-7674232-C-T,,,,False,,False,0.3,urn:mavedb:00001234-c-1,Scores from arrayed yeast-based assay of TP53 BAX promoter,True,True,True,True,False,coordinate_mavedb_complete_gnomad_missing,False,,,,,,
TP53,p.Gly244Ser,Pathogenic,"criteria provided, multiple submitters, no conflicts",376600,NM_000546.6(TP53):c.730G>A (p.Gly244Ser),"Jun 17, 2025",combined_external,C:\Users\Wesley Capucho\Documents\IA dos números primos\data\raw\multigene\tp53\tp53_combined_external.tsv,GRCh38,17,7674233,7674233,na,na,7674233,C,T,1057519989,True,17-7674233-C-T,,,,False,,False,0.0,urn:mavedb:00001234-c-1,Scores from arrayed yeast-based assay of TP53 BAX promoter,True,True,True,True,False,coordinate_mavedb_complete_gnomad_missing,False,,,,,,
TP53,p.Gly244Val,Likely pathogenic,"criteria provided, single submitter",376601,NM_000546.6(TP53):c.731G>T (p.Gly244Val),"Feb 16, 2024",training,C:\Users\Wesley Capucho\Documents\IA dos números primos\data\raw\multigene\tp53\tp53_clinvar_training.tsv,GRCh38,17,7674232,7674232,na,na,7674232,C,A,985033810,True,17-7674232-C-A,,,,False,,False,0.0,urn:mavedb:00001234-c-1,Scores from arrayed yeast-based assay of TP53 BAX promoter,True,True,True,True,False,coordinate_mavedb_complete_gnomad_missing,False,,,,,,
TP53,p.Gly245Asp,Pathogenic/Likely pathogenic,"criteria provided, multiple submitters, no conflicts",12355,NM_000546.6(TP53):c.734G>A (p.Gly245Asp),"May 22, 2025",combined_external,C:\Users\Wesley Capucho\Documents\IA dos números primos\data\raw\multigene\tp53\tp53_combined_external.tsv,GRCh38,17,7674229,7674229,na,na,7674229,C,T,121912656,True,17-7674229-C-T,,,,False,,False,11.9,urn:mavedb:00001234-c-1,Scores from arrayed yeast-based assay of TP53 BAX promoter,True,True,True,True,False,coordinate_mavedb_complete_gnomad_missing,False,,,,,,
TP53,p.Gly245Cys,Pathogenic,"criteria provided, multiple submitters, no conflicts",12349,NM_000546.6(TP53):c.733G>T (p.Gly245Cys),"May 07, 2025",combined_external,C:\Users\Wesley Capucho\Documents\IA dos números primos\data\raw\multigene\tp53\tp53_combined_external.tsv,GRCh38,17,7674230,7674230,na,na,7674230,C,A,28934575,True,17-7674230-C-A,,,,False,,False,0.0,urn:mavedb:00001234-c-1,Scores from arrayed yeast-based assay of TP53 BAX promoter,True,True,True,True,False,coordinate_mavedb_complete_gnomad_missing,False,,,,,,
TP53,p.Gly245Ser,Pathogenic,reviewed by expert panel,12365,NM_000546.6(TP53):c.733G>A (p.Gly245Ser),"Aug 05, 2024",combined_external,C:\Users\Wesley Capucho\Documents\IA dos números primos\data\raw\multigene\tp53\tp53_combined_external.tsv,GRCh38,17,7674230,7674230,na,na,7674230,C,T,28934575,True,17-7674230-C-T,,,,False,,False,0.7,urn:mavedb:00001234-c-1,Scores from arrayed yeast-based assay of TP53 BAX promoter,True,True,True,True,False,coordinate_mavedb_complete_gnomad_missing,False,,,,,,
TP53,p.Gly245Val,Pathogenic,"criteria provided, multiple submitters, no conflicts",376603,NM_000546.6(TP53):c.734G>T (p.Gly245Val),"Feb 26, 2025",combined_external,C:\Users\Wesley Capucho\Documents\IA dos números primos\data\raw\multigene\tp53\tp53_combined_external.tsv,GRCh38,17,7674229,7674229,na,na,7674229,C,A,121912656,True,17-7674229-C-A,,,,False,,False,0.0,urn:mavedb:00001234-c-1,Scores from arrayed yeast-based assay of TP53 BAX promoter,True,True,True,True,False,coordinate_mavedb_complete_gnomad_missing,False,,,,,,
TP53,p.Gly262Ser,Likely benign,reviewed by expert panel,141228,NM_000546.6(TP53):c.784G>A (p.Gly262Ser),"Apr 03, 2025",combined_external,C:\Users\Wesley Capucho\Documents\IA dos números primos\data\raw\multigene\tp53\tp53_combined_external.tsv,GRCh38,17,7673836,7673836,na,na,7673836,C,T,200579969,True,17-7673836-C-T,,,,False,,False,10.4,urn:mavedb:00001234-c-1,Scores from arrayed yeast-based assay of TP53 BAX promoter,True,True,True,True,False,coordinate_mavedb_complete_gnomad_missing,False,,,,,,
TP53,p.Gly266Arg,Pathogenic,"criteria provided, multiple submitters, no conflicts",458566,NM_000546.6(TP53):c.796G>A (p.Gly266Arg),"Apr 25, 2024",combined_external,C:\Users\Wesley Capucho\Documents\IA dos números primos\data\raw\multigene\tp53\tp53_combined_external.tsv,GRCh38,17,7673824,7673824,na,na,7673824,C,T,1057519990,True,17-7673824-C-T,,,,False,,False,16.7,urn:mavedb:00001234-c-1,Scores from arrayed yeast-based assay of TP53 BAX promoter,True,True,True,True,False,coordinate_mavedb_complete_gnomad_missing,False,,,,,,
TP53,p.Gly266Glu,Pathogenic/Likely pathogenic,"criteria provided, multiple submitters, no conflicts",161516,NM_000546.6(TP53):c.797G>A (p.Gly266Glu),"Dec 12, 2025",combined_external,C:\Users\Wesley Capucho\Documents\IA dos números primos\data\raw\multigene\tp53\tp53_combined_external.tsv,GRCh38,17,7673823,7673823,na,na,7673823,C,T,193920774,True,17-7673823-C-T,,,,False,,False,2.5,urn:mavedb:00001234-c-1,Scores from arrayed yeast-based assay of TP53 BAX promoter,True,True,True,True,False,coordinate_mavedb_complete_gnomad_missing,False,,,,,,
TP53,p.Gly293Trp,Likely benign,reviewed by expert panel,127826,NM_000546.6(TP53):c.877G>T (p.Gly293Trp),"Jan 16, 2025",combined_external,C:\Users\Wesley Capucho\Documents\IA dos números primos\data\raw\multigene\tp53\tp53_combined_external.tsv,GRCh38,17,7673743,7673743,na,na,7673743,C,A,587780076,True,17-7673743-C-A,,,,False,,False,144.6,urn:mavedb:00001234-c-1,Scores from arrayed yeast-based assay of TP53 BAX promoter,True,True,True,True,False,coordinate_mavedb_complete_gnomad_missing,False,,,,,,
TP53,p.Gly302Ala,Likely benign,"criteria provided, single submitter",3328162,NM_000546.6(TP53):c.905G>C (p.Gly302Ala),"Mar 18, 2024",training,C:\Users\Wesley Capucho\Documents\IA dos números primos\data\raw\multigene\tp53\tp53_clinvar_training.tsv,GRCh38,17,7673715,7673715,na,na,7673715,C,G,-1,True,17-7673715-C-G,,,,False,,False,122.9,urn:mavedb:00001234-c-1,Scores from arrayed yeast-based assay of TP53 BAX promoter,True,True,True,True,False,coordinate_mavedb_complete_gnomad_missing,False,,,,,,
TP53,p.Gly334Trp,Likely pathogenic,"criteria provided, multiple submitters, no conflicts",428876,NM_000546.6(TP53):c.1000G>T (p.Gly334Trp),"Jun 18, 2022",combined_external,C:\Users\Wesley Capucho\Documents\IA dos números primos\data\raw\multigene\tp53\tp53_combined_external.tsv,GRCh38,17,7670709,7670709,na,na,7670709,C,A,730882028,True,17-7670709-C-A,,,,False,,False,27.6,urn:mavedb:00001234-c-1,Scores from arrayed yeast-based assay of TP53 BAX promoter,True,True,True,True,False,coordinate_mavedb_complete_gnomad_missing,False,,,,,,
TP53,p.Gly356Arg,Likely benign,reviewed by expert panel,234059,NM_000546.6(TP53):c.1066G>C (p.Gly356Arg),"Sep 06, 2024",combined_external,C:\Users\Wesley Capucho\Documents\IA dos números primos\data\raw\multigene\tp53\tp53_combined_external.tsv,GRCh38,17,7670643,7670643,na,na,7670643,C,G,766786605,True,17-7670643-C-G,,,,False,,False,84.8,urn:mavedb:00001234-c-1,Scores from arrayed yeast-based assay of TP53 BAX promoter,True,True,True,True,False,coordinate_mavedb_complete_gnomad_missing,False,,,,,,
TP53,p.Gly356Glu,Likely benign,"criteria provided, single submitter",3460336,NM_000546.6(TP53):c.1067G>A (p.Gly356Glu),"Nov 18, 2024",training,C:\Users\Wesley Capucho\Documents\IA dos números primos\data\raw\multigene\tp53\tp53_clinvar_training.tsv,GRCh38,17,7670642,7670642,na,na,7670642,C,T,-1,True,17-7670642-C-T,,,,False,,False,66.6,urn:mavedb:00001234-c-1,Scores from arrayed yeast-based assay of TP53 BAX promoter,True,True,True,True,False,coordinate_mavedb_complete_gnomad_missing,False,,,,,,
TP53,p.Gly360Ala,Benign,reviewed by expert panel,142003,NM_000546.6(TP53):c.1079G>C (p.Gly360Ala),"Aug 05, 2024",combined_external,C:\Users\Wesley Capucho\Documents\IA dos números primos\data\raw\multigene\tp53\tp53_combined_external.tsv,GRCh38,17,7670630,7670630,na,na,7670630,C,G,35993958,True,17-7670630-C-G,,,,False,,False,70.6,urn:mavedb:00001234-c-1,Scores from arrayed yeast-based assay of TP53 BAX promoter,True,True,True,True,False,coordinate_mavedb_complete_gnomad_missing,False,,,,,,
TP53,p.Gly374Arg,Benign,reviewed by expert panel,230269,NM_000546.6(TP53):c.1120G>C (p.Gly374Arg),"Aug 05, 2024",combined_external,C:\Users\Wesley Capucho\Documents\IA dos números primos\data\raw\multigene\tp53\tp53_combined_external.tsv,GRCh38,17,7669671,7669671,na,na,7669671,C,G,587781858,True,17-7669671-C-G,,,,False,,False,88.6,urn:mavedb:00001234-c-1,Scores from arrayed yeast-based assay of TP53 BAX promoter,True,True,True,True,False,coordinate_mavedb_complete_gnomad_missing,False,,,,,,
TP53,p.Gly59Asp,Likely benign,"criteria provided, single submitter",820048,NM_000546.6(TP53):c.176G>A (p.Gly59Asp),"Jan 21, 2021",training,C:\Users\Wesley Capucho\Documents\IA dos números primos\data\raw\multigene\tp53\tp53_clinvar_training.tsv,GRCh38,17,7676193,7676193,na,na,7676193,C,T,1597374828,True,17-7676193-C-T,,,,False,,False,85.8,urn:mavedb:00001234-c-1,Scores from arrayed yeast-based assay of TP53 BAX promoter,True,True,True,True,False,coordinate_mavedb_complete_gnomad_missing,False,,,,,,
TP53,p.His115Arg,Likely benign,reviewed by expert panel,182925,NM_000546.6(TP53):c.344A>G (p.His115Arg),"Jan 16, 2025",combined_external,C:\Users\Wesley Capucho\Documents\IA dos números primos\data\raw\multigene\tp53\tp53_combined_external.tsv,GRCh38,17,7676025,7676025,na,na,7676025,T,C,730881996,True,17-7676025-T-C,,,,False,,False,92.3,urn:mavedb:00001234-c-1,Scores from arrayed yeast-based assay of TP53 BAX promoter,True,True,True,True,False,coordinate_mavedb_complete_gnomad_missing,False,,,,,,
TP53,p.His168Leu,Pathogenic,"criteria provided, single submitter",1744933,NM_000546.6(TP53):c.503A>T (p.His168Leu),"Dec 03, 2020",training,C:\Users\Wesley Capucho\Documents\IA dos números primos\data\raw\multigene\tp53\tp53_clinvar_training.tsv,GRCh38,17,7675109,7675109,na,na,7675109,T,A,867114783,True,17-7675109-T-A,,,,False,,False,11.9,urn:mavedb:00001234-c-1,Scores from arrayed yeast-based assay of TP53 BAX promoter,True,True,True,True,False,coordinate_mavedb_complete_gnomad_missing,False,,,,,,
TP53,p.His168Pro,Likely pathogenic,"criteria provided, single submitter",3328154,NM_000546.6(TP53):c.503A>C (p.His168Pro),"Jun 14, 2024",training,C:\Users\Wesley Capucho\Documents\IA dos números primos\data\raw\multigene\tp53\tp53_clinvar_training.tsv,GRCh38,17,7675109,7675109,na,na,7675109,T,G,-1,True,17-7675109-T-G,,,,False,,False,9.5,urn:mavedb:00001234-c-1,Scores from arrayed yeast-based assay of TP53 BAX promoter,True,True,True,True,False,coordinate_mavedb_complete_gnomad_missing,False,,,,,,
TP53,p.His178Asp,Pathogenic,reviewed by expert panel,482223,NM_000546.6(TP53):c.532C>G (p.His178Asp),"Aug 05, 2024",combined_external,C:\Users\Wesley Capucho\Documents\IA dos números primos\data\raw\multigene\tp53\tp53_combined_external.tsv,GRCh38,17,7675080,7675080,na,na,7675080,G,C,1064795203,True,17-7675080-G-C,,,,False,,False,12.4,urn:mavedb:00001234-c-1,Scores from arrayed yeast-based assay of TP53 BAX promoter,True,True,True,True,False,coordinate_mavedb_complete_gnomad_missing,False,,,,,,
TP53,p.His178Gln,Pathogenic/Likely pathogenic,"criteria provided, multiple submitters, no conflicts",947223,NM_000546.6(TP53):c.534C>G (p.His178Gln),"Sep 13, 2023",combined_external,C:\Users\Wesley Capucho\Documents\IA dos números primos\data\raw\multigene\tp53\tp53_combined_external.tsv,GRCh38,17,7675078,7675078,na,na,7675078,G,C,1555526001,True,17-7675078-G-C,,,,False,,False,15.9,urn:mavedb:00001234-c-1,Scores from arrayed yeast-based assay of TP53 BAX promoter,True,True,True,True,False,coordinate_mavedb_complete_gnomad_missing,False,,,,,,
TP53,p.His179Arg,Pathogenic/Likely pathogenic,"criteria provided, multiple submitters, no conflicts",376606,NM_000546.6(TP53):c.536A>G (p.His179Arg),"Dec 14, 2025",combined_external,C:\Users\Wesley Capucho\Documents\IA dos números primos\data\raw\multigene\tp53\tp53_combined_external.tsv,GRCh38,17,7675076,7675076,na,na,7675076,T,C,1057519991,True,17-7675076-T-C,,,,False,,False,14.0,urn:mavedb:00001234-c-1,Scores from arrayed yeast-based assay of TP53 BAX promoter,True,True,True,True,False,coordinate_mavedb_complete_gnomad_missing,False,,,,,,
TP53,p.His179Asp,Pathogenic/Likely pathogenic,"criteria provided, multiple submitters, no conflicts",376610,NM_000546.6(TP53):c.535C>G (p.His179Asp),"Mar 04, 2025",combined_external,C:\Users\Wesley Capucho\Documents\IA dos números primos\data\raw\multigene\tp53\tp53_combined_external.tsv,GRCh38,17,7675077,7675077,na,na,7675077,G,C,587780070,True,17-7675077-G-C,,,,False,,False,18.3,urn:mavedb:00001234-c-1,Scores from arrayed yeast-based assay of TP53 BAX promoter,True,True,True,True,False,coordinate_mavedb_complete_gnomad_missing,False,,,,,,
TP53,p.His179Gln,Pathogenic,reviewed by expert panel,406578,NM_000546.6(TP53):c.537T>A (p.His179Gln),"Aug 05, 2024",combined_external,C:\Users\Wesley Capucho\Documents\IA dos números primos\data\raw\multigene\tp53\tp53_combined_external.tsv,GRCh38,17,7675075,7675075,na,na,7675075,A,T,876660821,True,17-7675075-A-T,,,,False,,False,11.2,urn:mavedb:00001234-c-1,Scores from arrayed yeast-based assay of TP53 BAX promoter,True,True,True,True,False,coordinate_mavedb_complete_gnomad_missing,False,,,,,,
TP53,p.His179Tyr,Pathogenic/Likely pathogenic,"criteria provided, multiple submitters, no conflicts",127815,NM_000546.6(TP53):c.535C>T (p.His179Tyr),"Mar 18, 2025",combined_external,C:\Users\Wesley Capucho\Documents\IA dos números primos\data\raw\multigene\tp53\tp53_combined_external.tsv,GRCh38,17,7675077,7675077,na,na,7675077,G,A,587780070,True,17-7675077-G-A,,,,False,,False,17.6,urn:mavedb:00001234-c-1,Scores from arrayed yeast-based assay of TP53 BAX promoter,True,True,True,True,False,coordinate_mavedb_complete_gnomad_missing,False,,,,,,
TP53,p.His193Arg,Pathogenic/Likely pathogenic,"criteria provided, multiple submitters, no conflicts",184979,NM_000546.6(TP53):c.578A>G (p.His193Arg),"Jul 24, 2025",combined_external,C:\Users\Wesley Capucho\Documents\IA dos números primos\data\raw\multigene\tp53\tp53_combined_external.tsv,GRCh38,17,7674953,7674953,na,na,7674953,T,C,786201838,True,17-7674953-T-C,,,,False,,False,13.7,urn:mavedb:00001234-c-1,Scores from arrayed yeast-based assay of TP53 BAX promoter,True,True,True,True,False,coordinate_mavedb_complete_gnomad_missing,False,,,,,,
TP53,p.His193Asn,Pathogenic/Likely pathogenic,"criteria provided, multiple submitters, no conflicts",3460301,NM_000546.6(TP53):c.577C>A (p.His193Asn),"Jul 08, 2024",combined_external,C:\Users\Wesley Capucho\Documents\IA dos números primos\data\raw\multigene\tp53\tp53_combined_external.tsv,GRCh38,17,7674954,7674954,na,na,7674954,G,T,876658468,True,17-7674954-G-T,,,,False,,False,16.4,urn:mavedb:00001234-c-1,Scores from arrayed yeast-based assay of TP53 BAX promoter,True,True,True,True,False,coordinate_mavedb_complete_gnomad_missing,False,,,,,,
TP53,p.His193Pro,Pathogenic,reviewed by expert panel,376612,NM_000546.6(TP53):c.578A>C (p.His193Pro),"Aug 05, 2024",combined_external,C:\Users\Wesley Capucho\Documents\IA dos números primos\data\raw\multigene\tp53\tp53_combined_external.tsv,GRCh38,17,7674953,7674953,na,na,7674953,T,G,786201838,True,17-7674953-T-G,,,,False,,False,16.9,urn:mavedb:00001234-c-1,Scores from arrayed yeast-based assay of TP53 BAX promoter,True,True,True,True,False,coordinate_mavedb_complete_gnomad_missing,False,,,,,,
TP53,p.His193Tyr,Pathogenic/Likely pathogenic,"criteria provided, multiple submitters, no conflicts",230256,NM_000546.6(TP53):c.577C>T (p.His193Tyr),"Jun 11, 2025",combined_external,C:\Users\Wesley Capucho\Documents\IA dos números primos\data\raw\multigene\tp53\tp53_combined_external.tsv,GRCh38,17,7674954,7674954,na,na,7674954,G,A,876658468,True,17-7674954-G-A,,,,False,,False,13.6,urn:mavedb:00001234-c-1,Scores from arrayed yeast-based assay of TP53 BAX promoter,True,True,True,True,False,coordinate_mavedb_complete_gnomad_missing,False,,,,,,
TP53,p.His214Arg,Pathogenic,reviewed by expert panel,376615,NM_000546.6(TP53):c.641A>G (p.His214Arg),"Aug 05, 2024",combined_external,C:\Users\Wesley Capucho\Documents\IA dos números primos\data\raw\multigene\tp53\tp53_combined_external.tsv,GRCh38,17,7674890,7674890,na,na,7674890,T,C,1057519992,True,17-7674890-T-C,,,,False,,False,3.4,urn:mavedb:00001234-c-1,Scores from arrayed yeast-based assay of TP53 BAX promoter,True,True,True,True,False,coordinate_mavedb_complete_gnomad_missing,False,,,,,,
TP53,p.His214Leu,Likely pathogenic,reviewed by expert panel,376616,NM_000546.6(TP53):c.641A>T (p.His214Leu),"May 07, 2025",combined_external,C:\Users\Wesley Capucho\Documents\IA dos números primos\data\raw\multigene\tp53\tp53_combined_external.tsv,GRCh38,17,7674890,7674890,na,na,7674890,T,A,1057519992,True,17-7674890-T-A,,,,False,,False,2.1,urn:mavedb:00001234-c-1,Scores from arrayed yeast-based assay of TP53 BAX promoter,True,True,True,True,False,coordinate_mavedb_complete_gnomad_missing,False,,,,,,
TP53,p.His296Arg,Likely pathogenic,no assertion criteria provided,100816,NM_000546.6(TP53):c.887A>G (p.His296Arg),-,training,C:\Users\Wesley Capucho\Documents\IA dos números primos\data\raw\multigene\tp53\tp53_clinvar_training.tsv,GRCh38,17,7673733,7673733,na,na,7673733,T,C,483352696,True,17-7673733-T-C,,,,False,,False,82.1,urn:mavedb:00001234-c-1,Scores from arrayed yeast-based assay of TP53 BAX promoter,True,True,True,True,False,coordinate_mavedb_complete_gnomad_missing,False,,,,,,
TP53,p.His296Tyr,Likely benign,reviewed by expert panel,132973,NM_000546.6(TP53):c.886C>T (p.His296Tyr),"Jan 16, 2025",combined_external,C:\Users\Wesley Capucho\Documents\IA dos números primos\data\raw\multigene\tp53\tp53_combined_external.tsv,GRCh38,17,7673734,7673734,na,na,7673734,G,A,672601296,True,17-7673734-G-A,,,,False,,False,171.7,urn:mavedb:00001234-c-1,Scores from arrayed yeast-based assay of TP53 BAX promoter,True,True,True,True,False,coordinate_mavedb_complete_gnomad_missing,False,,,,,,
TP53,p.His365Tyr,Likely benign,reviewed by expert panel,80708,NM_000546.6(TP53):c.1093C>T (p.His365Tyr),"Aug 05, 2024",combined_external,C:\Users\Wesley Capucho\Documents\IA dos números primos\data\raw\multigene\tp53\tp53_combined_external.tsv,GRCh38,17,7670616,7670616,na,na,7670616,G,A,267605075,True,17-7670616-G-A,,,,False,,False,77.6,urn:mavedb:00001234-c-1,Scores from arrayed yeast-based assay of TP53 BAX promoter,True,True,True,True,False,coordinate_mavedb_complete_gnomad_missing,False,,,,,,
TP53,p.Ile195Thr,Pathogenic,"criteria provided, multiple submitters, no conflicts",216077,NM_000546.6(TP53):c.584T>C (p.Ile195Thr),"Dec 18, 2025",combined_external,C:\Users\Wesley Capucho\Documents\IA dos números primos\data\raw\multigene\tp53\tp53_combined_external.tsv,GRCh38,17,7674947,7674947,na,na,7674947,A,G,760043106,True,17-7674947-A-G,,,,False,,False,13.8,urn:mavedb:00001234-c-1,Scores from arrayed yeast-based assay of TP53 BAX promoter,True,True,True,True,False,coordinate_mavedb_complete_gnomad_missing,False,,,,,,
TP53,p.Ile232Asn,Pathogenic/Likely pathogenic,"criteria provided, multiple submitters, no conflicts",850008,NM_000546.6(TP53):c.695T>A (p.Ile232Asn),"Jun 02, 2025",combined_external,C:\Users\Wesley Capucho\Documents\IA dos números primos\data\raw\multigene\tp53\tp53_combined_external.tsv,GRCh38,17,7674268,7674268,na,na,7674268,A,T,587781589,True,17-7674268-A-T,,,,False,,False,4.0,urn:mavedb:00001234-c-1,Scores from arrayed yeast-based assay of TP53 BAX promoter,True,True,True,True,False,coordinate_mavedb_complete_gnomad_missing,False,,,,,,
TP53,p.Ile232Ser,Pathogenic,"criteria provided, single submitter",634756,NM_000546.6(TP53):c.695T>G (p.Ile232Ser),"Mar 28, 2022",training,C:\Users\Wesley Capucho\Documents\IA dos números primos\data\raw\multigene\tp53\tp53_clinvar_training.tsv,GRCh38,17,7674268,7674268,na,na,7674268,A,C,587781589,True,17-7674268-A-C,,,,False,,False,2.8,urn:mavedb:00001234-c-1,Scores from arrayed yeast-based assay of TP53 BAX promoter,True,True,True,True,False,coordinate_mavedb_complete_gnomad_missing,False,,,,,,
TP53,p.Ile232Thr,Pathogenic/Likely pathogenic,"criteria provided, multiple submitters, no conflicts",141224,NM_000546.6(TP53):c.695T>C (p.Ile232Thr),"Jan 11, 2025",combined_external,C:\Users\Wesley Capucho\Documents\IA dos números primos\data\raw\multigene\tp53\tp53_combined_external.tsv,GRCh38,17,7674268,7674268,na,na,7674268,A,G,587781589,True,17-7674268-A-G,,,,False,,False,11.4,urn:mavedb:00001234-c-1,Scores from arrayed yeast-based assay of TP53 BAX promoter,True,True,True,True,False,coordinate_mavedb_complete_gnomad_missing,False,,,,,,
TP53,p.Ile251Leu,Pathogenic/Likely pathogenic,"criteria provided, multiple submitters, no conflicts",182937,NM_000546.6(TP53):c.751A>C (p.Ile251Leu),"May 20, 2025",combined_external,C:\Users\Wesley Capucho\Documents\IA dos números primos\data\raw\multigene\tp53\tp53_combined_external.tsv,GRCh38,17,7674212,7674212,na,na,7674212,T,G,730882007,True,17-7674212-T-G,,,,False,,False,1.0,urn:mavedb:00001234-c-1,Scores from arrayed yeast-based assay of TP53 BAX promoter,True,True,True,True,False,coordinate_mavedb_complete_gnomad_missing,False,,,,,,
TP53,p.Ile251Phe,Likely pathogenic,"criteria provided, single submitter",1518844,NM_000546.6(TP53):c.751A>T (p.Ile251Phe),"Sep 08, 2023",training,C:\Users\Wesley Capucho\Documents\IA dos números primos\data\raw\multigene\tp53\tp53_clinvar_training.tsv,GRCh38,17,7674212,7674212,na,na,7674212,T,A,730882007,True,17-7674212-T-A,,,,False,,False,0.0,urn:mavedb:00001234-c-1,Scores from arrayed yeast-based assay of TP53 BAX promoter,True,True,True,True,False,coordinate_mavedb_complete_gnomad_missing,False,,,,,,
TP53,p.Ile254Asn,Pathogenic,reviewed by expert panel,856299,NM_000546.6(TP53):c.761T>A (p.Ile254Asn),"Dec 05, 2025",combined_external,C:\Users\Wesley Capucho\Documents\IA dos números primos\data\raw\multigene\tp53\tp53_combined_external.tsv,GRCh38,17,7674202,7674202,na,na,7674202,A,T,1330865474,True,17-7674202-A-T,,,,False,,False,16.8,urn:mavedb:00001234-c-1,Scores from arrayed yeast-based assay of TP53 BAX promoter,True,True,True,True,False,coordinate_mavedb_complete_gnomad_missing,False,,,,,,
TP53,p.Ile254Thr,Pathogenic,reviewed by expert panel,1759844,NM_000546.6(TP53):c.761T>C (p.Ile254Thr),"Jan 06, 2026",combined_external,C:\Users\Wesley Capucho\Documents\IA dos números primos\data\raw\multigene\tp53\tp53_combined_external.tsv,GRCh38,17,7674202,7674202,na,na,7674202,A,G,1330865474,True,17-7674202-A-G,,,,False,,False,11.1,urn:mavedb:00001234-c-1,Scores from arrayed yeast-based assay of TP53 BAX promoter,True,True,True,True,False,coordinate_mavedb_complete_gnomad_missing,False,,,,,,
TP53,p.Ile254Val,Likely benign,reviewed by expert panel,406605,NM_000546.6(TP53):c.760A>G (p.Ile254Val),"Jan 16, 2025",combined_external,C:\Users\Wesley Capucho\Documents\IA dos números primos\data\raw\multigene\tp53\tp53_combined_external.tsv,GRCh38,17,7674203,7674203,na,na,7674203,T,C,746601313,True,17-7674203-T-C,,,,False,,False,153.1,urn:mavedb:00001234-c-1,Scores from arrayed yeast-based assay of TP53 BAX promoter,True,True,True,True,False,coordinate_mavedb_complete_gnomad_missing,False,,,,,,
TP53,p.Ile332Asn,Likely pathogenic,"criteria provided, single submitter",1768732,NM_000546.6(TP53):c.995T>A (p.Ile332Asn),"Feb 04, 2022",training,C:\Users\Wesley Capucho\Documents\IA dos números primos\data\raw\multigene\tp53\tp53_clinvar_training.tsv,GRCh38,17,7670714,7670714,na,na,7670714,A,T,2150995433,True,17-7670714-A-T,,,,False,,False,16.3,urn:mavedb:00001234-c-1,Scores from arrayed yeast-based assay of TP53 BAX promoter,True,True,True,True,False,coordinate_mavedb_complete_gnomad_missing,False,,,,,,
TP53,p.Ile332Leu,Likely benign,"criteria provided, single submitter",4189263,NM_000546.6(TP53):c.994A>C (p.Ile332Leu),"Jul 16, 2025",training,C:\Users\Wesley Capucho\Documents\IA dos números primos\data\raw\multigene\tp53\tp53_clinvar_training.tsv,GRCh38,17,7670715,7670715,na,na,7670715,T,G,-1,True,17-7670715-T-G,,,,False,,False,74.1,urn:mavedb:00001234-c-1,Scores from arrayed yeast-based assay of TP53 BAX promoter,True,True,True,True,False,coordinate_mavedb_complete_gnomad_missing,False,,,,,,
TP53,p.Ile50Thr,Likely benign,reviewed by expert panel,216464,NM_000546.6(TP53):c.149T>C (p.Ile50Thr),"Jan 16, 2025",combined_external,C:\Users\Wesley Capucho\Documents\IA dos números primos\data\raw\multigene\tp53\tp53_combined_external.tsv,GRCh38,17,7676220,7676220,na,na,7676220,A,G,370502517,True,17-7676220-A-G,,,,False,,False,42.1,urn:mavedb:00001234-c-1,Scores from arrayed yeast-based assay of TP53 BAX promoter,True,True,True,True,False,coordinate_mavedb_complete_gnomad_missing,False,,,,,,
TP53,p.Leu111Arg,Pathogenic,reviewed by expert panel,376631,NM_000546.6(TP53):c.332T>G (p.Leu111Arg),"Jan 06, 2026",combined_external,C:\Users\Wesley Capucho\Documents\IA dos números primos\data\raw\multigene\tp53\tp53_combined_external.tsv,GRCh38,17,7676037,7676037,na,na,7676037,A,C,1057519997,True,17-7676037-A-C,,,,False,,False,7.0,urn:mavedb:00001234-c-1,Scores from arrayed yeast-based assay of TP53 BAX promoter,True,True,True,True,False,coordinate_mavedb_complete_gnomad_missing,False,,,,,,
TP53,p.Leu111Gln,Pathogenic,reviewed by expert panel,376632,NM_000546.6(TP53):c.332T>A (p.Leu111Gln),"Jun 05, 2025",combined_external,C:\Users\Wesley Capucho\Documents\IA dos números primos\data\raw\multigene\tp53\tp53_combined_external.tsv,GRCh38,17,7676037,7676037,na,na,7676037,A,T,1057519997,True,17-7676037-A-T,,,,False,,False,8.7,urn:mavedb:00001234-c-1,Scores from arrayed yeast-based assay of TP53 BAX promoter,True,True,True,True,False,coordinate_mavedb_complete_gnomad_missing,False,,,,,,
TP53,p.Leu111Pro,Pathogenic,reviewed by expert panel,376630,NM_000546.6(TP53):c.332T>C (p.Leu111Pro),"Dec 05, 2025",combined_external,C:\Users\Wesley Capucho\Documents\IA dos números primos\data\raw\multigene\tp53\tp53_combined_external.tsv,GRCh38,17,7676037,7676037,na,na,7676037,A,G,1057519997,True,17-7676037-A-G,,,,False,,False,7.5,urn:mavedb:00001234-c-1,Scores from arrayed yeast-based assay of TP53 BAX promoter,True,True,True,True,False,coordinate_mavedb_complete_gnomad_missing,False,,,,,,
TP53,p.Leu111Val,Likely benign,reviewed by expert panel,1730178,NM_000546.6(TP53):c.331C>G (p.Leu111Val),"Jan 06, 2026",combined_external,C:\Users\Wesley Capucho\Documents\IA dos números primos\data\raw\multigene\tp53\tp53_combined_external.tsv,GRCh38,17,7676038,7676038,na,na,7676038,G,C,1403707528,True,17-7676038-G-C,,,,False,,False,36.1,urn:mavedb:00001234-c-1,Scores from arrayed yeast-based assay of TP53 BAX promoter,True,True,True,True,False,coordinate_mavedb_complete_gnomad_missing,False,,,,,,
TP53,p.Leu130His,Pathogenic,"criteria provided, single submitter",824351,NM_000546.6(TP53):c.389T>A (p.Leu130His),"Aug 07, 2025",training,C:\Users\Wesley Capucho\Documents\IA dos números primos\data\raw\multigene\tp53\tp53_clinvar_training.tsv,GRCh38,17,7675223,7675223,na,na,7675223,A,T,1131691013,True,17-7675223-A-T,,,,False,,False,15.4,urn:mavedb:00001234-c-1,Scores from arrayed yeast-based assay of TP53 BAX promoter,True,True,True,True,False,coordinate_mavedb_complete_gnomad_missing,False,,,,,,
TP53,p.Leu130Pro,Pathogenic,"criteria provided, multiple submitters, no conflicts",428873,NM_000546.6(TP53):c.389T>C (p.Leu130Pro),"May 13, 2022",combined_external,C:\Users\Wesley Capucho\Documents\IA dos números primos\data\raw\multigene\tp53\tp53_combined_external.tsv,GRCh38,17,7675223,7675223,na,na,7675223,A,G,1131691013,True,17-7675223-A-G,,,,False,,False,11.2,urn:mavedb:00001234-c-1,Scores from arrayed yeast-based assay of TP53 BAX promoter,True,True,True,True,False,coordinate_mavedb_complete_gnomad_missing,False,,,,,,
TP53,p.Leu194Arg,Pathogenic,reviewed by expert panel,376633,NM_000546.6(TP53):c.581T>G (p.Leu194Arg),"Feb 05, 2026",combined_external,C:\Users\Wesley Capucho\Documents\IA dos números primos\data\raw\multigene\tp53\tp53_combined_external.tsv,GRCh38,17,7674950,7674950,na,na,7674950,A,C,1057519998,True,17-7674950-A-C,,,,False,,False,14.5,urn:mavedb:00001234-c-1,Scores from arrayed yeast-based assay of TP53 BAX promoter,True,True,True,True,False,coordinate_mavedb_complete_gnomad_missing,False,,,,,,
TP53,p.Leu194Phe,Pathogenic/Likely pathogenic,"criteria provided, multiple submitters, no conflicts",127817,NM_000546.6(TP53):c.580C>T (p.Leu194Phe),"Aug 21, 2025",combined_external,C:\Users\Wesley Capucho\Documents\IA dos números primos\data\raw\multigene\tp53\tp53_combined_external.tsv,GRCh38,17,7674951,7674951,na,na,7674951,G,A,587780071,True,17-7674951-G-A,,,,False,,False,14.2,urn:mavedb:00001234-c-1,Scores from arrayed yeast-based assay of TP53 BAX promoter,True,True,True,True,False,coordinate_mavedb_complete_gnomad_missing,False,,,,,,
TP53,p.Leu265Gln,Pathogenic/Likely pathogenic,"criteria provided, multiple submitters, no conflicts",953467,NM_000546.6(TP53):c.794T>A (p.Leu265Gln),"Aug 28, 2024",combined_external,C:\Users\Wesley Capucho\Documents\IA dos números primos\data\raw\multigene\tp53\tp53_combined_external.tsv,GRCh38,17,7673826,7673826,na,na,7673826,A,T,879253942,True,17-7673826-A-T,,,,False,,False,0.6,urn:mavedb:00001234-c-1,Scores from arrayed yeast-based assay of TP53 BAX promoter,True,True,True,True,False,coordinate_mavedb_complete_gnomad_missing,False,,,,,,
TP53,p.Leu265Pro,Pathogenic/Likely pathogenic,"criteria provided, multiple submitters, no conflicts",245777,NM_000546.6(TP53):c.794T>C (p.Leu265Pro),"May 20, 2024",combined_external,C:\Users\Wesley Capucho\Documents\IA dos números primos\data\raw\multigene\tp53\tp53_combined_external.tsv,GRCh38,17,7673826,7673826,na,na,7673826,A,G,879253942,True,17-7673826-A-G,,,,False,,False,0.4,urn:mavedb:00001234-c-1,Scores from arrayed yeast-based assay of TP53 BAX promoter,True,True,True,True,False,coordinate_mavedb_complete_gnomad_missing,False,,,,,,
TP53,p.Leu289Pro,Likely benign,reviewed by expert panel,1172923,NM_000546.6(TP53):c.866T>C (p.Leu289Pro),"Jun 16, 2021",combined_external,C:\Users\Wesley Capucho\Documents\IA dos números primos\data\raw\multigene\tp53\tp53_combined_external.tsv,GRCh38,17,7673754,7673754,na,na,7673754,A,G,2151014987,True,17-7673754-A-G,,,,False,,False,115.7,urn:mavedb:00001234-c-1,Scores from arrayed yeast-based assay of TP53 BAX promoter,True,True,True,True,False,coordinate_mavedb_complete_gnomad_missing,False,,,,,,
TP53,p.Leu32Val,Likely benign,"criteria provided, single submitter",1767161,NM_000546.6(TP53):c.94C>G (p.Leu32Val),"Oct 04, 2022",training,C:\Users\Wesley Capucho\Documents\IA dos números primos\data\raw\multigene\tp53\tp53_clinvar_training.tsv,GRCh38,17,7676384,7676384,na,na,7676384,G,C,1555526920,True,17-7676384-G-C,,,,False,,False,87.2,urn:mavedb:00001234-c-1,Scores from arrayed yeast-based assay of TP53 BAX promoter,True,True,True,True,False,coordinate_mavedb_complete_gnomad_missing,False,,,,,,
TP53,p.Leu344Arg,Likely pathogenic,reviewed by expert panel,2758378,NM_000546.6(TP53):c.1031T>G (p.Leu344Arg),"Feb 05, 2026",combined_external,C:\Users\Wesley Capucho\Documents\IA dos números primos\data\raw\multigene\tp53\tp53_combined_external.tsv,GRCh38,17,7670678,7670678,na,na,7670678,A,C,121912662,True,17-7670678-A-C,,,,False,,False,14.1,urn:mavedb:00001234-c-1,Scores from arrayed yeast-based assay of TP53 BAX promoter,True,True,True,True,False,coordinate_mavedb_complete_gnomad_missing,False,,,,,,
TP53,p.Leu344Pro,Likely pathogenic,reviewed by expert panel,12375,NM_000546.6(TP53):c.1031T>C (p.Leu344Pro),"Aug 05, 2024",combined_external,C:\Users\Wesley Capucho\Documents\IA dos números primos\data\raw\multigene\tp53\tp53_combined_external.tsv,GRCh38,17,7670678,7670678,na,na,7670678,A,G,121912662,True,17-7670678-A-G,,,,False,,False,15.6,urn:mavedb:00001234-c-1,Scores from arrayed yeast-based assay of TP53 BAX promoter,True,True,True,True,False,coordinate_mavedb_complete_gnomad_missing,False,,,,,,
TP53,p.Leu350Arg,Likely benign,"criteria provided, single submitter",4189250,NM_000546.6(TP53):c.1049T>G (p.Leu350Arg),"Aug 18, 2025",training,C:\Users\Wesley Capucho\Documents\IA dos números primos\data\raw\multigene\tp53\tp53_clinvar_training.tsv,GRCh38,17,7670660,7670660,na,na,7670660,A,C,-1,True,17-7670660-A-C,,,,False,,False,81.6,urn:mavedb:00001234-c-1,Scores from arrayed yeast-based assay of TP53 BAX promoter,True,True,True,True,False,coordinate_mavedb_complete_gnomad_missing,False,,,,,,
TP53,p.Leu35Phe,Likely benign,reviewed by expert panel,142562,NM_000546.6(TP53):c.105G>C (p.Leu35Phe),"Sep 06, 2024",combined_external,C:\Users\Wesley Capucho\Documents\IA dos números primos\data\raw\multigene\tp53\tp53_combined_external.tsv,GRCh38,17,7676264,7676264,na,na,7676264,C,G,121912661,True,17-7676264-C-G,,,,False,,False,104.2,urn:mavedb:00001234-c-1,Scores from arrayed yeast-based assay of TP53 BAX promoter,True,True,True,True,False,coordinate_mavedb_complete_gnomad_missing,False,,,,,,
TP53,p.Lys132Arg,Pathogenic/Likely pathogenic,"criteria provided, multiple submitters, no conflicts",376625,NM_000546.6(TP53):c.395A>G (p.Lys132Arg),"Oct 07, 2025",combined_external,C:\Users\Wesley Capucho\Documents\IA dos números primos\data\raw\multigene\tp53\tp53_combined_external.tsv,GRCh38,17,7675217,7675217,na,na,7675217,T,C,1057519996,True,17-7675217-T-C,,,,False,,False,11.1,urn:mavedb:00001234-c-1,Scores from arrayed yeast-based assay of TP53 BAX promoter,True,True,True,True,False,coordinate_mavedb_complete_gnomad_missing,False,,,,,,
TP53,p.Lys132Asn,Likely pathogenic,reviewed by expert panel,376624,NM_000546.6(TP53):c.396G>C (p.Lys132Asn),"Mar 18, 2022",combined_external,C:\Users\Wesley Capucho\Documents\IA dos números primos\data\raw\multigene\tp53\tp53_combined_external.tsv,GRCh38,17,7675216,7675216,na,na,7675216,C,G,866775781,True,17-7675216-C-G,,,,False,,False,12.9,urn:mavedb:00001234-c-1,Scores from arrayed yeast-based assay of TP53 BAX promoter,True,True,True,True,False,coordinate_mavedb_complete_gnomad_missing,False,,,,,,
TP53,p.Lys164Glu,Pathogenic,reviewed by expert panel,246416,NM_000546.6(TP53):c.490A>G (p.Lys164Glu),"Jun 05, 2025",combined_external,C:\Users\Wesley Capucho\Documents\IA dos números primos\data\raw\multigene\tp53\tp53_combined_external.tsv,GRCh38,17,7675122,7675122,na,na,7675122,T,C,879254249,True,17-7675122-T-C,,,,False,,False,12.4,urn:mavedb:00001234-c-1,Scores from arrayed yeast-based assay of TP53 BAX promoter,True,True,True,True,False,coordinate_mavedb_complete_gnomad_missing,False,,,,,,
TP53,p.Lys292Arg,Likely benign,reviewed by expert panel,406577,NM_000546.6(TP53):c.875A>G (p.Lys292Arg),"Jan 16, 2025",combined_external,C:\Users\Wesley Capucho\Documents\IA dos números primos\data\raw\multigene\tp53\tp53_combined_external.tsv,GRCh38,17,7673745,7673745,na,na,7673745,T,C,121912663,True,17-7673745-T-C,,,,False,,False,151.7,urn:mavedb:00001234-c-1,Scores from arrayed yeast-based assay of TP53 BAX promoter,True,True,True,True,False,coordinate_mavedb_complete_gnomad_missing,False,,,,,,
TP53,p.Lys319Thr,Likely benign,"criteria provided, single submitter",3328169,NM_000546.6(TP53):c.956A>C (p.Lys319Thr),"May 01, 2024",training,C:\Users\Wesley Capucho\Documents\IA dos números primos\data\raw\multigene\tp53\tp53_clinvar_training.tsv,GRCh38,17,7673572,7673572,na,na,7673572,T,G,-1,True,17-7673572-T-G,,,,False,,False,64.2,urn:mavedb:00001234-c-1,Scores from arrayed yeast-based assay of TP53 BAX promoter,True,True,True,True,False,coordinate_mavedb_complete_gnomad_missing,False,,,,,,
TP53,p.Met133Thr,Pathogenic,"criteria provided, multiple submitters, no conflicts",12357,NM_000546.6(TP53):c.398T>C (p.Met133Thr),"Oct 17, 2024",combined_external,C:\Users\Wesley Capucho\Documents\IA dos números primos\data\raw\multigene\tp53\tp53_combined_external.tsv,GRCh38,17,7675214,7675214,na,na,7675214,A,G,28934873,True,17-7675214-A-G,,,,False,,False,14.3,urn:mavedb:00001234-c-1,Scores from arrayed yeast-based assay of TP53 BAX promoter,True,True,True,True,False,coordinate_mavedb_complete_gnomad_missing,False,,,,,,
TP53,p.Met160Ile,Likely benign,reviewed by expert panel,230758,NM_000546.6(TP53):c.480G>A (p.Met160Ile),"Jan 16, 2025",combined_external,C:\Users\Wesley Capucho\Documents\IA dos números primos\data\raw\multigene\tp53\tp53_combined_external.tsv,GRCh38,17,7675132,7675132,na,na,7675132,C,T,772354334,True,17-7675132-C-T,,,,False,,False,75.4,urn:mavedb:00001234-c-1,Scores from arrayed yeast-based assay of TP53 BAX promoter,True,True,True,True,False,coordinate_mavedb_complete_gnomad_missing,False,,,,,,
TP53,p.Met237Ile,Pathogenic,reviewed by expert panel,142714,NM_000546.6(TP53):c.711G>A (p.Met237Ile),"Apr 20, 2021",combined_external,C:\Users\Wesley Capucho\Documents\IA dos números primos\data\raw\multigene\tp53\tp53_combined_external.tsv,GRCh38,17,7674252,7674252,na,na,7674252,C,T,587782664,True,17-7674252-C-T,,,,False,,False,2.6,urn:mavedb:00001234-c-1,Scores from arrayed yeast-based assay of TP53 BAX promoter,True,True,True,True,False,coordinate_mavedb_complete_gnomad_missing,False,,,,,,
TP53,p.Met237Lys,Pathogenic/Likely pathogenic,"criteria provided, multiple submitters, no conflicts",376636,NM_000546.6(TP53):c.710T>A (p.Met237Lys),"Apr 29, 2025",combined_external,C:\Users\Wesley Capucho\Documents\IA dos números primos\data\raw\multigene\tp53\tp53_combined_external.tsv,GRCh38,17,7674253,7674253,na,na,7674253,A,T,765848205,True,17-7674253-A-T,,,,False,,False,23.9,urn:mavedb:00001234-c-1,Scores from arrayed yeast-based assay of TP53 BAX promoter,True,True,True,True,False,coordinate_mavedb_complete_gnomad_missing,False,,,,,,
TP53,p.Met246Ile,Pathogenic/Likely pathogenic,"criteria provided, multiple submitters, no conflicts",480961,NM_000546.6(TP53):c.738G>A (p.Met246Ile),"Jul 23, 2025",combined_external,C:\Users\Wesley Capucho\Documents\IA dos números primos\data\raw\multigene\tp53\tp53_combined_external.tsv,GRCh38,17,7674225,7674225,na,na,7674225,C,T,1019340046,True,17-7674225-C-T,,,,False,,False,0.0,urn:mavedb:00001234-c-1,Scores from arrayed yeast-based assay of TP53 BAX promoter,True,True,True,True,False,coordinate_mavedb_complete_gnomad_missing,False,,,,,,
TP53,p.Met246Lys,Likely pathogenic,"criteria provided, multiple submitters, no conflicts",480764,NM_000546.6(TP53):c.737T>A (p.Met246Lys),"Sep 21, 2024",combined_external,C:\Users\Wesley Capucho\Documents\IA dos números primos\data\raw\multigene\tp53\tp53_combined_external.tsv,GRCh38,17,7674226,7674226,na,na,7674226,A,T,587780074,True,17-7674226-A-T,,,,False,,False,0.0,urn:mavedb:00001234-c-1,Scores from arrayed yeast-based assay of TP53 BAX promoter,True,True,True,True,False,coordinate_mavedb_complete_gnomad_missing,False,,,,,,
TP53,p.Met246Val,Pathogenic/Likely pathogenic,"criteria provided, multiple submitters, no conflicts",100815,NM_000546.6(TP53):c.736A>G (p.Met246Val),"Dec 14, 2025",combined_external,C:\Users\Wesley Capucho\Documents\IA dos números primos\data\raw\multigene\tp53\tp53_combined_external.tsv,GRCh38,17,7674227,7674227,na,na,7674227,T,C,483352695,True,17-7674227-T-C,,,,False,,False,1.4,urn:mavedb:00001234-c-1,Scores from arrayed yeast-based assay of TP53 BAX promoter,True,True,True,True,False,coordinate_mavedb_complete_gnomad_missing,False,,,,,,
TP53,p.Met340Ile,Likely benign,"criteria provided, single submitter",3256325,NM_000546.6(TP53):c.1020G>C (p.Met340Ile),"Mar 04, 2025",training,C:\Users\Wesley Capucho\Documents\IA dos números primos\data\raw\multigene\tp53\tp53_clinvar_training.tsv,GRCh38,17,7670689,7670689,na,na,7670689,C,G,-1,True,17-7670689-C-G,,,,False,,False,62.6,urn:mavedb:00001234-c-1,Scores from arrayed yeast-based assay of TP53 BAX promoter,True,True,True,True,False,coordinate_mavedb_complete_gnomad_missing,False,,,,,,
TP53,p.Met384Thr,Benign,reviewed by expert panel,406575,NM_000546.6(TP53):c.1151T>C (p.Met384Thr),"Jan 16, 2025",combined_external,C:\Users\Wesley Capucho\Documents\IA dos números primos\data\raw\multigene\tp53\tp53_combined_external.tsv,GRCh38,17,7669640,7669640,na,na,7669640,A,G,1060501196,True,17-7669640-A-G,,,,False,,False,70.5,urn:mavedb:00001234-c-1,Scores from arrayed yeast-based assay of TP53 BAX promoter,True,True,True,True,False,coordinate_mavedb_complete_gnomad_missing,False,,,,,,
TP53,p.Met384Val,Likely benign,reviewed by expert panel,182939,NM_000546.6(TP53):c.1150A>G (p.Met384Val),"Jan 16, 2025",combined_external,C:\Users\Wesley Capucho\Documents\IA dos números primos\data\raw\multigene\tp53\tp53_combined_external.tsv,GRCh38,17,7669641,7669641,na,na,7669641,T,C,730882009,True,17-7669641-T-C,,,,False,,False,50.7,urn:mavedb:00001234-c-1,Scores from arrayed yeast-based assay of TP53 BAX promoter,True,True,True,True,False,coordinate_mavedb_complete_gnomad_missing,False,,,,,,
TP53,p.Met66Val,Likely benign,"criteria provided, single submitter",1783578,NM_000546.6(TP53):c.196A>G (p.Met66Val),"Oct 15, 2021",training,C:\Users\Wesley Capucho\Documents\IA dos números primos\data\raw\multigene\tp53\tp53_clinvar_training.tsv,GRCh38,17,7676173,7676173,na,na,7676173,T,C,2073477248,True,17-7676173-T-C,,,,False,,False,85.9,urn:mavedb:00001234-c-1,Scores from arrayed yeast-based assay of TP53 BAX promoter,True,True,True,True,False,coordinate_mavedb_complete_gnomad_missing,False,,,,,,
TP53,p.Phe109Cys,Likely pathogenic,"criteria provided, single submitter",634784,NM_000546.6(TP53):c.326T>G (p.Phe109Cys),"Feb 12, 2024",training,C:\Users\Wesley Capucho\Documents\IA dos números primos\data\raw\multigene\tp53\tp53_clinvar_training.tsv,GRCh38,17,7676043,7676043,na,na,7676043,A,C,1064796722,True,17-7676043-A-C,,,,False,,False,16.1,urn:mavedb:00001234-c-1,Scores from arrayed yeast-based assay of TP53 BAX promoter,True,True,True,True,False,coordinate_mavedb_complete_gnomad_missing,False,,,,,,
TP53,p.Phe109Ile,Likely pathogenic,"criteria provided, multiple submitters, no conflicts",2627017,NM_000546.6(TP53):c.325T>A (p.Phe109Ile),"Dec 29, 2025",combined_external,C:\Users\Wesley Capucho\Documents\IA dos números primos\data\raw\multigene\tp53\tp53_combined_external.tsv,GRCh38,17,7676044,7676044,na,na,7676044,A,T,1057523496,True,17-7676044-A-T,,,,False,,False,13.2,urn:mavedb:00001234-c-1,Scores from arrayed yeast-based assay of TP53 BAX promoter,True,True,True,True,False,coordinate_mavedb_complete_gnomad_missing,False,,,,,,
TP53,p.Phe113Cys,Pathogenic,"criteria provided, single submitter",634690,NM_000546.6(TP53):c.338T>G (p.Phe113Cys),"Dec 16, 2024",training,C:\Users\Wesley Capucho\Documents\IA dos números primos\data\raw\multigene\tp53\tp53_clinvar_training.tsv,GRCh38,17,7676031,7676031,na,na,7676031,A,C,1567555667,True,17-7676031-A-C,,,,False,,False,9.2,urn:mavedb:00001234-c-1,Scores from arrayed yeast-based assay of TP53 BAX promoter,True,True,True,True,False,coordinate_mavedb_complete_gnomad_missing,False,,,,,,
TP53,p.Phe113Ile,Pathogenic/Likely pathogenic,"criteria provided, multiple submitters, no conflicts",1469551,NM_000546.6(TP53):c.337T>A (p.Phe113Ile),"Jun 10, 2025",combined_external,C:\Users\Wesley Capucho\Documents\IA dos números primos\data\raw\multigene\tp53\tp53_combined_external.tsv,GRCh38,17,7676032,7676032,na,na,7676032,A,T,587781642,True,17-7676032-A-T,,,,False,,False,6.7,urn:mavedb:00001234-c-1,Scores from arrayed yeast-based assay of TP53 BAX promoter,True,True,True,True,False,coordinate_mavedb_complete_gnomad_missing,False,,,,,,
TP53,p.Phe113Leu,Pathogenic,"criteria provided, single submitter",3634432,NM_000546.6(TP53):c.337T>C (p.Phe113Leu),"Aug 20, 2024",training,C:\Users\Wesley Capucho\Documents\IA dos números primos\data\raw\multigene\tp53\tp53_clinvar_training.tsv,GRCh38,17,7676032,7676032,na,na,7676032,A,G,-1,True,17-7676032-A-G,,,,False,,False,8.1,urn:mavedb:00001234-c-1,Scores from arrayed yeast-based assay of TP53 BAX promoter,True,True,True,True,False,coordinate_mavedb_complete_gnomad_missing,False,,,,,,
TP53,p.Phe134Cys,Likely pathogenic,"criteria provided, multiple submitters, no conflicts",230477,NM_000546.6(TP53):c.401T>G (p.Phe134Cys),"Jan 31, 2024",combined_external,C:\Users\Wesley Capucho\Documents\IA dos números primos\data\raw\multigene\tp53\tp53_combined_external.tsv,GRCh38,17,7675211,7675211,na,na,7675211,A,C,780442292,True,17-7675211-A-C,,,,False,,False,10.2,urn:mavedb:00001234-c-1,Scores from arrayed yeast-based assay of TP53 BAX promoter,True,True,True,True,False,coordinate_mavedb_complete_gnomad_missing,False,,,,,,
TP53,p.Phe212Ser,Likely benign,"criteria provided, single submitter",3460339,NM_000546.6(TP53):c.635T>C (p.Phe212Ser),"Nov 26, 2024",training,C:\Users\Wesley Capucho\Documents\IA dos números primos\data\raw\multigene\tp53\tp53_clinvar_training.tsv,GRCh38,17,7674896,7674896,na,na,7674896,A,G,-1,True,17-7674896-A-G,,,,False,,False,98.6,urn:mavedb:00001234-c-1,Scores from arrayed yeast-based assay of TP53 BAX promoter,True,True,True,True,False,coordinate_mavedb_complete_gnomad_missing,False,,,,,,
TP53,p.Phe270Ser,Pathogenic/Likely pathogenic,"criteria provided, multiple submitters, no conflicts",376594,NM_000546.6(TP53):c.809T>C (p.Phe270Ser),"May 13, 2025",combined_external,C:\Users\Wesley Capucho\Documents\IA dos números primos\data\raw\multigene\tp53\tp53_combined_external.tsv,GRCh38,17,7673811,7673811,na,na,7673811,A,G,1057519986,True,17-7673811-A-G,,,,False,,False,1.8,urn:mavedb:00001234-c-1,Scores from arrayed yeast-based assay of TP53 BAX promoter,True,True,True,True,False,coordinate_mavedb_complete_gnomad_missing,False,,,,,,
TP53,p.Phe270Val,Pathogenic,"criteria provided, single submitter",376598,NM_000546.6(TP53):c.808T>G (p.Phe270Val),"Jun 07, 2023",training,C:\Users\Wesley Capucho\Documents\IA dos números primos\data\raw\multigene\tp53\tp53_clinvar_training.tsv,GRCh38,17,7673812,7673812,na,na,7673812,A,C,1057519988,True,17-7673812-A-C,,,,False,,False,24.0,urn:mavedb:00001234-c-1,Scores from arrayed yeast-based assay of TP53 BAX promoter,True,True,True,True,False,coordinate_mavedb_complete_gnomad_missing,False,,,,,,
TP53,p.Phe341Leu,Likely benign,"criteria provided, single submitter",2585878,NM_000546.6(TP53):c.1023C>G (p.Phe341Leu),"Jun 26, 2023",training,C:\Users\Wesley Capucho\Documents\IA dos números primos\data\raw\multigene\tp53\tp53_clinvar_training.tsv,GRCh38,17,7670686,7670686,na,na,7670686,G,C,864622369,True,17-7670686-G-C,,,,False,,False,82.1,urn:mavedb:00001234-c-1,Scores from arrayed yeast-based assay of TP53 BAX promoter,True,True,True,True,False,coordinate_mavedb_complete_gnomad_missing,False,,,,,,
TP53,p.Phe341Ser,Likely pathogenic,"criteria provided, single submitter",2450748,NM_000546.6(TP53):c.1021_1022delinsAG (p.Phe341Ser),"Dec 29, 2022",training,C:\Users\Wesley Capucho\Documents\IA dos números primos\data\raw\multigene\tp53\tp53_clinvar_training.tsv,GRCh38,17,7670687,7670688,na,na,7670687,AA,CT,2543473385,True,17-7670687-AA-CT,,,,False,,False,11.3,urn:mavedb:00001234-c-1,Scores from arrayed yeast-based assay of TP53 BAX promoter,True,True,True,True,False,coordinate_mavedb_complete_gnomad_missing,False,,,,,,
TP53,p.Phe385Leu,Likely benign,"criteria provided, single submitter",1735082,NM_000546.6(TP53):c.1155C>A (p.Phe385Leu),"Dec 10, 2021",training,C:\Users\Wesley Capucho\Documents\IA dos números primos\data\raw\multigene\tp53\tp53_clinvar_training.tsv,GRCh38,17,7669636,7669636,na,na,7669636,G,T,2150988307,True,17-7669636-G-T,,,,False,,False,58.8,urn:mavedb:00001234-c-1,Scores from arrayed yeast-based assay of TP53 BAX promoter,True,True,True,True,False,coordinate_mavedb_complete_gnomad_missing,False,,,,,,
TP53,p.Pro151Ala,Pathogenic,"criteria provided, multiple submitters, no conflicts",376641,NM_000546.6(TP53):c.451C>G (p.Pro151Ala),"Dec 28, 2025",combined_external,C:\Users\Wesley Capucho\Documents\IA dos números primos\data\raw\multigene\tp53\tp53_combined_external.tsv,GRCh38,17,7675161,7675161,na,na,7675161,G,C,28934874,True,17-7675161-G-C,,,,False,,False,0.5,urn:mavedb:00001234-c-1,Scores from arrayed yeast-based assay of TP53 BAX promoter,True,True,True,True,False,coordinate_mavedb_complete_gnomad_missing,False,,,,,,
TP53,p.Pro151Arg,Pathogenic/Likely pathogenic,"criteria provided, multiple submitters, no conflicts",376640,NM_000546.6(TP53):c.452C>G (p.Pro151Arg),"May 04, 2025",combined_external,C:\Users\Wesley Capucho\Documents\IA dos números primos\data\raw\multigene\tp53\tp53_combined_external.tsv,GRCh38,17,7675160,7675160,na,na,7675160,G,C,1057520000,True,17-7675160-G-C,,,,False,,False,15.5,urn:mavedb:00001234-c-1,Scores from arrayed yeast-based assay of TP53 BAX promoter,True,True,True,True,False,coordinate_mavedb_complete_gnomad_missing,False,,,,,,
TP53,p.Pro151Phe,Likely pathogenic,"criteria provided, single submitter",824960,NM_000546.6(TP53):c.451_452delinsTT (p.Pro151Phe),"Oct 04, 2019",training,C:\Users\Wesley Capucho\Documents\IA dos números primos\data\raw\multigene\tp53\tp53_clinvar_training.tsv,GRCh38,17,7675160,7675161,na,na,7675160,GG,AA,1597370899,True,17-7675160-GG-AA,,,,False,,False,,,,False,False,True,True,False,coordinate_ready_annotation_missing,False,,,,,,
TP53,p.Pro151Ser,Pathogenic/Likely pathogenic,"criteria provided, multiple submitters, no conflicts",12370,NM_000546.6(TP53):c.451C>T (p.Pro151Ser),"Jun 17, 2025",combined_external,C:\Users\Wesley Capucho\Documents\IA dos números primos\data\raw\multigene\tp53\tp53_combined_external.tsv,GRCh38,17,7675161,7675161,na,na,7675161,G,A,28934874,True,17-7675161-G-A,,,,False,,False,0.0,urn:mavedb:00001234-c-1,Scores from arrayed yeast-based assay of TP53 BAX promoter,True,True,True,True,False,coordinate_mavedb_complete_gnomad_missing,False,,,,,,
TP53,p.Pro151Thr,Pathogenic/Likely pathogenic,"criteria provided, multiple submitters, no conflicts",12369,NM_000546.6(TP53):c.451C>A (p.Pro151Thr),"Apr 18, 2025",combined_external,C:\Users\Wesley Capucho\Documents\IA dos números primos\data\raw\multigene\tp53\tp53_combined_external.tsv,GRCh38,17,7675161,7675161,na,na,7675161,G,T,28934874,True,17-7675161-G-T,,,,False,,False,16.6,urn:mavedb:00001234-c-1,Scores from arrayed yeast-based assay of TP53 BAX promoter,True,True,True,True,False,coordinate_mavedb_complete_gnomad_missing,False,,,,,,
TP53,p.Pro152Arg,Pathogenic/Likely pathogenic,"criteria provided, multiple submitters, no conflicts",824998,NM_000546.6(TP53):c.455C>G (p.Pro152Arg),"Mar 13, 2024",combined_external,C:\Users\Wesley Capucho\Documents\IA dos números primos\data\raw\multigene\tp53\tp53_combined_external.tsv,GRCh38,17,7675157,7675157,na,na,7675157,G,C,587782705,True,17-7675157-G-C,,,,False,,False,14.4,urn:mavedb:00001234-c-1,Scores from arrayed yeast-based assay of TP53 BAX promoter,True,True,True,True,False,coordinate_mavedb_complete_gnomad_missing,False,,,,,,
TP53,p.Pro152Leu,Pathogenic,reviewed by expert panel,142766,NM_000546.6(TP53):c.455C>T (p.Pro152Leu),"Aug 05, 2024",combined_external,C:\Users\Wesley Capucho\Documents\IA dos números primos\data\raw\multigene\tp53\tp53_combined_external.tsv,GRCh38,17,7675157,7675157,na,na,7675157,G,A,587782705,True,17-7675157-G-A,,,,False,,False,16.4,urn:mavedb:00001234-c-1,Scores from arrayed yeast-based assay of TP53 BAX promoter,True,True,True,True,False,coordinate_mavedb_complete_gnomad_missing,False,,,,,,
TP53,p.Pro177Arg,Pathogenic/Likely pathogenic,"criteria provided, multiple submitters, no conflicts",458547,NM_000546.6(TP53):c.530C>G (p.Pro177Arg),"May 15, 2025",combined_external,C:\Users\Wesley Capucho\Documents\IA dos números primos\data\raw\multigene\tp53\tp53_combined_external.tsv,GRCh38,17,7675082,7675082,na,na,7675082,G,C,751477326,True,17-7675082-G-C,,,,False,,False,14.7,urn:mavedb:00001234-c-1,Scores from arrayed yeast-based assay of TP53 BAX promoter,True,True,True,True,False,coordinate_mavedb_complete_gnomad_missing,False,,,,,,
TP53,p.Pro190Leu,Likely pathogenic,reviewed by expert panel,418517,NM_000546.6(TP53):c.569C>T (p.Pro190Leu),"Jun 27, 2022",combined_external,C:\Users\Wesley Capucho\Documents\IA dos números primos\data\raw\multigene\tp53\tp53_combined_external.tsv,GRCh38,17,7674962,7674962,na,na,7674962,G,A,876660825,True,17-7674962-G-A,,,,False,,False,21.5,urn:mavedb:00001234-c-1,Scores from arrayed yeast-based assay of TP53 BAX promoter,True,True,True,True,False,coordinate_mavedb_complete_gnomad_missing,False,,,,,,
TP53,p.Pro191Arg,Likely benign,reviewed by expert panel,127816,NM_000546.6(TP53):c.572C>G (p.Pro191Arg),"Jan 16, 2025",combined_external,C:\Users\Wesley Capucho\Documents\IA dos números primos\data\raw\multigene\tp53\tp53_combined_external.tsv,GRCh38,17,7674959,7674959,na,na,7674959,G,C,587778718,True,17-7674959-G-C,,,,False,,False,104.7,urn:mavedb:00001234-c-1,Scores from arrayed yeast-based assay of TP53 BAX promoter,True,True,True,True,False,coordinate_mavedb_complete_gnomad_missing,False,,,,,,
TP53,p.Pro250Leu,Pathogenic/Likely pathogenic,"criteria provided, multiple submitters, no conflicts",420136,NM_000546.6(TP53):c.749C>T (p.Pro250Leu),"May 14, 2025",combined_external,C:\Users\Wesley Capucho\Documents\IA dos números primos\data\raw\multigene\tp53\tp53_combined_external.tsv,GRCh38,17,7674214,7674214,na,na,7674214,G,A,1064794311,True,17-7674214-G-A,,,,False,,False,1.5,urn:mavedb:00001234-c-1,Scores from arrayed yeast-based assay of TP53 BAX promoter,True,True,True,True,False,coordinate_mavedb_complete_gnomad_missing,False,,,,,,
TP53,p.Pro278Leu,Pathogenic,"criteria provided, multiple submitters, no conflicts",232497,NM_000546.6(TP53):c.833C>T (p.Pro278Leu),"Oct 17, 2025",combined_external,C:\Users\Wesley Capucho\Documents\IA dos números primos\data\raw\multigene\tp53\tp53_combined_external.tsv,GRCh38,17,7673787,7673787,na,na,7673787,G,A,876659802,True,17-7673787-G-A,,,,False,,False,6.0,urn:mavedb:00001234-c-1,Scores from arrayed yeast-based assay of TP53 BAX promoter,True,True,True,True,False,coordinate_mavedb_complete_gnomad_missing,False,,,,,,
TP53,p.Pro278Ser,Pathogenic/Likely pathogenic,"criteria provided, multiple submitters, no conflicts",376642,NM_000546.6(TP53):c.832C>T (p.Pro278Ser),"Dec 09, 2025",combined_external,C:\Users\Wesley Capucho\Documents\IA dos números primos\data\raw\multigene\tp53\tp53_combined_external.tsv,GRCh38,17,7673788,7673788,na,na,7673788,G,A,17849781,True,17-7673788-G-A,,,,False,,False,4.7,urn:mavedb:00001234-c-1,Scores from arrayed yeast-based assay of TP53 BAX promoter,True,True,True,True,False,coordinate_mavedb_complete_gnomad_missing,False,,,,,,
TP53,p.Pro278Thr,Pathogenic/Likely pathogenic,"criteria provided, multiple submitters, no conflicts",376643,NM_000546.6(TP53):c.832C>A (p.Pro278Thr),"Aug 10, 2025",combined_external,C:\Users\Wesley Capucho\Documents\IA dos números primos\data\raw\multigene\tp53\tp53_combined_external.tsv,GRCh38,17,7673788,7673788,na,na,7673788,G,T,17849781,True,17-7673788-G-T,,,,False,,False,0.0,urn:mavedb:00001234-c-1,Scores from arrayed yeast-based assay of TP53 BAX promoter,True,True,True,True,False,coordinate_mavedb_complete_gnomad_missing,False,,,,,,
TP53,p.Pro295Ser,Likely benign,reviewed by expert panel,428862,NM_000546.6(TP53):c.883C>T (p.Pro295Ser),"Aug 05, 2024",combined_external,C:\Users\Wesley Capucho\Documents\IA dos números primos\data\raw\multigene\tp53\tp53_combined_external.tsv,GRCh38,17,7673737,7673737,na,na,7673737,G,A,1131691006,True,17-7673737-G-A,,,,False,,False,162.7,urn:mavedb:00001234-c-1,Scores from arrayed yeast-based assay of TP53 BAX promoter,True,True,True,True,False,coordinate_mavedb_complete_gnomad_missing,False,,,,,,
TP53,p.Pro300Leu,Likely benign,"criteria provided, single submitter",1765377,NM_000546.6(TP53):c.899C>T (p.Pro300Leu),"Dec 05, 2014",training,C:\Users\Wesley Capucho\Documents\IA dos números primos\data\raw\multigene\tp53\tp53_clinvar_training.tsv,GRCh38,17,7673721,7673721,na,na,7673721,G,A,909643864,True,17-7673721-G-A,,,,False,,False,173.9,urn:mavedb:00001234-c-1,Scores from arrayed yeast-based assay of TP53 BAX promoter,True,True,True,True,False,coordinate_mavedb_complete_gnomad_missing,False,,,,,,
TP53,p.Pro316Thr,Likely benign,reviewed by expert panel,230382,NM_000546.6(TP53):c.946C>A (p.Pro316Thr),"Mar 04, 2025",combined_external,C:\Users\Wesley Capucho\Documents\IA dos números primos\data\raw\multigene\tp53\tp53_combined_external.tsv,GRCh38,17,7673582,7673582,na,na,7673582,G,T,772773208,True,17-7673582-G-T,,,,False,,False,18.2,urn:mavedb:00001234-c-1,Scores from arrayed yeast-based assay of TP53 BAX promoter,True,True,True,True,False,coordinate_mavedb_complete_gnomad_missing,False,,,,,,
TP53,p.Pro318Ser,Benign,no assertion criteria provided,2575170,NM_000546.6(TP53):c.952C>T (p.Pro318Ser),-,training,C:\Users\Wesley Capucho\Documents\IA dos números primos\data\raw\multigene\tp53\tp53_clinvar_training.tsv,GRCh38,17,7673576,7673576,na,na,7673576,G,A,2151011743,True,17-7673576-G-A,,,,False,,False,88.3,urn:mavedb:00001234-c-1,Scores from arrayed yeast-based assay of TP53 BAX promoter,True,True,True,True,False,coordinate_mavedb_complete_gnomad_missing,False,,,,,,
TP53,p.Pro36Gln,Benign,reviewed by expert panel,141597,NM_000546.6(TP53):c.107C>A (p.Pro36Gln),"Sep 06, 2024",combined_external,C:\Users\Wesley Capucho\Documents\IA dos números primos\data\raw\multigene\tp53\tp53_combined_external.tsv,GRCh38,17,7676262,7676262,na,na,7676262,G,T,587781866,True,17-7676262-G-T,,,,False,,False,83.7,urn:mavedb:00001234-c-1,Scores from arrayed yeast-based assay of TP53 BAX promoter,True,True,True,True,False,coordinate_mavedb_complete_gnomad_missing,False,,,,,,
TP53,p.Pro47Ser,Benign,reviewed by expert panel,43588,NM_000546.6(TP53):c.139C>T (p.Pro47Ser),"Aug 05, 2024",combined_external,C:\Users\Wesley Capucho\Documents\IA dos números primos\data\raw\multigene\tp53\tp53_combined_external.tsv,GRCh38,17,7676230,7676230,na,na,7676230,G,A,1800371,True,17-7676230-G-A,,,,False,,False,230.9,urn:mavedb:00001234-c-1,Scores from arrayed yeast-based assay of TP53 BAX promoter,True,True,True,True,False,coordinate_mavedb_complete_gnomad_missing,False,,,,,,
TP53,p.Pro4Gln,Likely benign,"criteria provided, single submitter",2450740,NM_000546.6(TP53):c.11C>A (p.Pro4Gln),"Nov 22, 2022",training,C:\Users\Wesley Capucho\Documents\IA dos números primos\data\raw\multigene\tp53\tp53_clinvar_training.tsv,GRCh38,17,7676584,7676584,na,na,7676584,G,T,878854064,True,17-7676584-G-T,,,,False,,False,131.6,urn:mavedb:00001234-c-1,Scores from arrayed yeast-based assay of TP53 BAX promoter,True,True,True,True,False,coordinate_mavedb_complete_gnomad_missing,False,,,,,,
TP53,p.Pro4Leu,Likely benign,reviewed by expert panel,237941,NM_000546.6(TP53):c.11C>T (p.Pro4Leu),"Jan 16, 2025",combined_external,C:\Users\Wesley Capucho\Documents\IA dos números primos\data\raw\multigene\tp53\tp53_combined_external.tsv,GRCh38,17,7676584,7676584,na,na,7676584,G,A,878854064,True,17-7676584-G-A,,,,False,,False,187.2,urn:mavedb:00001234-c-1,Scores from arrayed yeast-based assay of TP53 BAX promoter,True,True,True,True,False,coordinate_mavedb_complete_gnomad_missing,False,,,,,,
TP53,p.Pro58Ala,Likely benign,"criteria provided, single submitter",1778944,NM_000546.6(TP53):c.172C>G (p.Pro58Ala),"Feb 10, 2021",training,C:\Users\Wesley Capucho\Documents\IA dos números primos\data\raw\multigene\tp53\tp53_clinvar_training.tsv,GRCh38,17,7676197,7676197,na,na,7676197,G,C,2073479616,True,17-7676197-G-C,,,,False,,False,81.5,urn:mavedb:00001234-c-1,Scores from arrayed yeast-based assay of TP53 BAX promoter,True,True,True,True,False,coordinate_mavedb_complete_gnomad_missing,False,,,,,,
TP53,p.Pro72Ala,Likely benign,reviewed by expert panel,142854,NM_000546.6(TP53):c.214C>G (p.Pro72Ala),"Feb 06, 2025",combined_external,C:\Users\Wesley Capucho\Documents\IA dos números primos\data\raw\multigene\tp53\tp53_combined_external.tsv,GRCh38,17,7676155,7676155,na,na,7676155,G,C,587782769,True,17-7676155-G-C,,,,False,,False,72.6,urn:mavedb:00001234-c-1,Scores from arrayed yeast-based assay of TP53 BAX promoter,True,True,True,True,False,coordinate_mavedb_complete_gnomad_missing,False,,,,,,
TP53,p.Pro72Arg,Benign,reviewed by expert panel,12351,NM_000546.6(TP53):c.215C>G (p.Pro72Arg),"Dec 05, 2025",combined_external,C:\Users\Wesley Capucho\Documents\IA dos números primos\data\raw\multigene\tp53\tp53_combined_external.tsv,GRCh38,17,7676154,7676154,na,na,7676154,G,C,1042522,True,17-7676154-G-C,,,,False,,False,85.9,urn:mavedb:00001234-c-1,Scores from arrayed yeast-based assay of TP53 BAX promoter,True,True,True,True,False,coordinate_mavedb_complete_gnomad_missing,False,,,,,,
TP53,p.Pro72His,Benign,reviewed by expert panel,185120,NM_000546.6(TP53):c.215C>A (p.Pro72His),"Jan 16, 2025",combined_external,C:\Users\Wesley Capucho\Documents\IA dos números primos\data\raw\multigene\tp53\tp53_combined_external.tsv,GRCh38,17,7676154,7676154,na,na,7676154,G,T,1042522,True,17-7676154-G-T,,,,False,,False,86.8,urn:mavedb:00001234-c-1,Scores from arrayed yeast-based assay of TP53 BAX promoter,True,True,True,True,False,coordinate_mavedb_complete_gnomad_missing,False,,,,,,
TP53,p.Pro75Ser,Likely benign,"criteria provided, single submitter",4758197,NM_000546.6(TP53):c.223C>T (p.Pro75Ser),"Oct 06, 2025",training,C:\Users\Wesley Capucho\Documents\IA dos números primos\data\raw\multigene\tp53\tp53_clinvar_training.tsv,GRCh38,17,7676146,7676146,na,na,7676146,G,A,-1,True,17-7676146-G-A,,,,False,,False,96.3,urn:mavedb:00001234-c-1,Scores from arrayed yeast-based assay of TP53 BAX promoter,True,True,True,True,False,coordinate_mavedb_complete_gnomad_missing,False,,,,,,
TP53,p.Pro82Leu,Likely benign,reviewed by expert panel,182946,NM_000546.6(TP53):c.245C>T (p.Pro82Leu),"Aug 05, 2024",combined_external,C:\Users\Wesley Capucho\Documents\IA dos números primos\data\raw\multigene\tp53\tp53_combined_external.tsv,GRCh38,17,7676124,7676124,na,na,7676124,G,A,534447939,True,17-7676124-G-A,,,,False,,False,110.4,urn:mavedb:00001234-c-1,Scores from arrayed yeast-based assay of TP53 BAX promoter,True,True,True,True,False,coordinate_mavedb_complete_gnomad_missing,False,,,,,,
TP53,p.Pro8Arg,Likely benign,"criteria provided, single submitter",1790705,NM_000546.6(TP53):c.23C>G (p.Pro8Arg),"Feb 28, 2022",training,C:\Users\Wesley Capucho\Documents\IA dos números primos\data\raw\multigene\tp53\tp53_clinvar_training.tsv,GRCh38,17,7676572,7676572,na,na,7676572,G,C,876659415,True,17-7676572-G-C,,,,False,,False,145.7,urn:mavedb:00001234-c-1,Scores from arrayed yeast-based assay of TP53 BAX promoter,True,True,True,True,False,coordinate_mavedb_complete_gnomad_missing,False,,,,,,
TP53,p.Pro8Leu,Likely benign,"criteria provided, single submitter",231868,NM_000546.6(TP53):c.23C>T (p.Pro8Leu),"May 15, 2015",training,C:\Users\Wesley Capucho\Documents\IA dos números primos\data\raw\multigene\tp53\tp53_clinvar_training.tsv,GRCh38,17,7676572,7676572,na,na,7676572,G,A,876659415,True,17-7676572-G-A,,,,False,,False,112.7,urn:mavedb:00001234-c-1,Scores from arrayed yeast-based assay of TP53 BAX promoter,True,True,True,True,False,coordinate_mavedb_complete_gnomad_missing,False,,,,,,
TP53,p.Ser106Arg,Pathogenic,reviewed by expert panel,492752,NM_000546.6(TP53):c.318C>G (p.Ser106Arg),"Dec 05, 2025",combined_external,C:\Users\Wesley Capucho\Documents\IA dos números primos\data\raw\multigene\tp53\tp53_combined_external.tsv,GRCh38,17,7676051,7676051,na,na,7676051,G,C,1555526581,True,17-7676051-G-C,,,,False,,False,47.1,urn:mavedb:00001234-c-1,Scores from arrayed yeast-based assay of TP53 BAX promoter,True,True,True,True,False,coordinate_mavedb_complete_gnomad_missing,False,,,,,,
TP53,p.Ser127Cys,Pathogenic,"criteria provided, single submitter",219532,NM_000546.6(TP53):c.380C>G (p.Ser127Cys),"Jul 14, 2023",training,C:\Users\Wesley Capucho\Documents\IA dos números primos\data\raw\multigene\tp53\tp53_clinvar_training.tsv,GRCh38,17,7675232,7675232,na,na,7675232,G,C,730881999,True,17-7675232-G-C,,,,False,,False,14.7,urn:mavedb:00001234-c-1,Scores from arrayed yeast-based assay of TP53 BAX promoter,True,True,True,True,False,coordinate_mavedb_complete_gnomad_missing,False,,,,,,
TP53,p.Ser127Phe,Pathogenic/Likely pathogenic,"criteria provided, multiple submitters, no conflicts",182928,NM_000546.6(TP53):c.380C>T (p.Ser127Phe),"Jun 30, 2025",combined_external,C:\Users\Wesley Capucho\Documents\IA dos números primos\data\raw\multigene\tp53\tp53_combined_external.tsv,GRCh38,17,7675232,7675232,na,na,7675232,G,A,730881999,True,17-7675232-G-A,,,,False,,False,14.3,urn:mavedb:00001234-c-1,Scores from arrayed yeast-based assay of TP53 BAX promoter,True,True,True,True,False,coordinate_mavedb_complete_gnomad_missing,False,,,,,,
TP53,p.Ser127Pro,Pathogenic/Likely pathogenic,"criteria provided, multiple submitters, no conflicts",934410,NM_000546.6(TP53):c.379T>C (p.Ser127Pro),"Jan 09, 2025",combined_external,C:\Users\Wesley Capucho\Documents\IA dos números primos\data\raw\multigene\tp53\tp53_combined_external.tsv,GRCh38,17,7675233,7675233,na,na,7675233,A,G,1597371694,True,17-7675233-A-G,,,,False,,False,9.0,urn:mavedb:00001234-c-1,Scores from arrayed yeast-based assay of TP53 BAX promoter,True,True,True,True,False,coordinate_mavedb_complete_gnomad_missing,False,,,,,,
TP53,p.Ser127Thr,Likely pathogenic,reviewed by expert panel,824232,NM_000546.6(TP53):c.379T>A (p.Ser127Thr),"Feb 05, 2026",combined_external,C:\Users\Wesley Capucho\Documents\IA dos números primos\data\raw\multigene\tp53\tp53_combined_external.tsv,GRCh38,17,7675233,7675233,na,na,7675233,A,T,1597371694,True,17-7675233-A-T,,,,False,,False,11.5,urn:mavedb:00001234-c-1,Scores from arrayed yeast-based assay of TP53 BAX promoter,True,True,True,True,False,coordinate_mavedb_complete_gnomad_missing,False,,,,,,
TP53,p.Ser127Tyr,Pathogenic,reviewed by expert panel,656751,NM_000546.6(TP53):c.380C>A (p.Ser127Tyr),"Jan 06, 2026",combined_external,C:\Users\Wesley Capucho\Documents\IA dos números primos\data\raw\multigene\tp53\tp53_combined_external.tsv,GRCh38,17,7675232,7675232,na,na,7675232,G,T,730881999,True,17-7675232-G-T,,,,False,,False,14.2,urn:mavedb:00001234-c-1,Scores from arrayed yeast-based assay of TP53 BAX promoter,True,True,True,True,False,coordinate_mavedb_complete_gnomad_missing,False,,,,,,
TP53,p.Ser166Thr,Likely benign,"criteria provided, single submitter",3809673,NM_000546.6(TP53):c.496T>A (p.Ser166Thr),"Dec 12, 2024",training,C:\Users\Wesley Capucho\Documents\IA dos números primos\data\raw\multigene\tp53\tp53_clinvar_training.tsv,GRCh38,17,7675116,7675116,na,na,7675116,A,T,-1,True,17-7675116-A-T,,,,False,,False,98.6,urn:mavedb:00001234-c-1,Scores from arrayed yeast-based assay of TP53 BAX promoter,True,True,True,True,False,coordinate_mavedb_complete_gnomad_missing,False,,,,,,
TP53,p.Ser183Pro,Likely benign,"criteria provided, single submitter",3328150,NM_000546.6(TP53):c.547T>C (p.Ser183Pro),"May 08, 2024",training,C:\Users\Wesley Capucho\Documents\IA dos números primos\data\raw\multigene\tp53\tp53_clinvar_training.tsv,GRCh38,17,7675065,7675065,na,na,7675065,A,G,-1,True,17-7675065-A-G,,,,False,,False,100.4,urn:mavedb:00001234-c-1,Scores from arrayed yeast-based assay of TP53 BAX promoter,True,True,True,True,False,coordinate_mavedb_complete_gnomad_missing,False,,,,,,
TP53,p.Ser185Arg,Likely benign,"criteria provided, single submitter",1748280,NM_000546.6(TP53):c.555C>G (p.Ser185Arg),"Nov 01, 2021",training,C:\Users\Wesley Capucho\Documents\IA dos números primos\data\raw\multigene\tp53\tp53_clinvar_training.tsv,GRCh38,17,7675057,7675057,na,na,7675057,G,C,367560109,True,17-7675057-G-C,,,,False,,False,98.4,urn:mavedb:00001234-c-1,Scores from arrayed yeast-based assay of TP53 BAX promoter,True,True,True,True,False,coordinate_mavedb_complete_gnomad_missing,False,,,,,,
TP53,p.Ser185Asn,Likely benign,reviewed by expert panel,141359,NM_000546.6(TP53):c.554G>A (p.Ser185Asn),"Jan 16, 2025",combined_external,C:\Users\Wesley Capucho\Documents\IA dos números primos\data\raw\multigene\tp53\tp53_combined_external.tsv,GRCh38,17,7675058,7675058,na,na,7675058,C,T,150607408,True,17-7675058-C-T,,,,False,,False,106.1,urn:mavedb:00001234-c-1,Scores from arrayed yeast-based assay of TP53 BAX promoter,True,True,True,True,False,coordinate_mavedb_complete_gnomad_missing,False,,,,,,
TP53,p.Ser240Asn,Pathogenic,no assertion criteria provided,2502882,NM_000546.6(TP53):c.719G>A (p.Ser240Asn),-,training,C:\Users\Wesley Capucho\Documents\IA dos números primos\data\raw\multigene\tp53\tp53_clinvar_training.tsv,GRCh38,17,7674244,7674244,na,na,7674244,C,T,2073256828,True,17-7674244-C-T,,,,False,,False,121.8,urn:mavedb:00001234-c-1,Scores from arrayed yeast-based assay of TP53 BAX promoter,True,True,True,True,False,coordinate_mavedb_complete_gnomad_missing,False,,,,,,
TP53,p.Ser240Cys,Likely pathogenic,"criteria provided, single submitter",3972460,NM_000546.6(TP53):c.718A>T (p.Ser240Cys),"Jun 10, 2025",training,C:\Users\Wesley Capucho\Documents\IA dos números primos\data\raw\multigene\tp53\tp53_clinvar_training.tsv,GRCh38,17,7674245,7674245,na,na,7674245,T,A,-1,True,17-7674245-T-A,,,,False,,False,111.4,urn:mavedb:00001234-c-1,Scores from arrayed yeast-based assay of TP53 BAX promoter,True,True,True,True,False,coordinate_mavedb_complete_gnomad_missing,False,,,,,,
TP53,p.Ser240Gly,Pathogenic/Likely pathogenic,"criteria provided, multiple submitters, no conflicts",584921,NM_000546.6(TP53):c.718A>G (p.Ser240Gly),"Jun 24, 2025",combined_external,C:\Users\Wesley Capucho\Documents\IA dos números primos\data\raw\multigene\tp53\tp53_combined_external.tsv,GRCh38,17,7674245,7674245,na,na,7674245,T,C,1567549584,True,17-7674245-T-C,,,,False,,False,7.6,urn:mavedb:00001234-c-1,Scores from arrayed yeast-based assay of TP53 BAX promoter,True,True,True,True,False,coordinate_mavedb_complete_gnomad_missing,False,,,,,,
TP53,p.Ser241Ala,Pathogenic/Likely pathogenic,"criteria provided, multiple submitters, no conflicts",376665,NM_000546.6(TP53):c.721T>G (p.Ser241Ala),"Feb 05, 2025",combined_external,C:\Users\Wesley Capucho\Documents\IA dos números primos\data\raw\multigene\tp53\tp53_combined_external.tsv,GRCh38,17,7674242,7674242,na,na,7674242,A,C,1057520002,True,17-7674242-A-C,,,,False,,False,15.8,urn:mavedb:00001234-c-1,Scores from arrayed yeast-based assay of TP53 BAX promoter,True,True,True,True,False,coordinate_mavedb_complete_gnomad_missing,False,,,,,,
TP53,p.Ser241Cys,Pathogenic/Likely pathogenic,"criteria provided, multiple submitters, no conflicts",177791,NM_000546.6(TP53):c.722C>G (p.Ser241Cys),"May 23, 2025",combined_external,C:\Users\Wesley Capucho\Documents\IA dos números primos\data\raw\multigene\tp53\tp53_combined_external.tsv,GRCh38,17,7674241,7674241,na,na,7674241,G,C,28934573,True,17-7674241-G-C,,,,False,,False,0.0,urn:mavedb:00001234-c-1,Scores from arrayed yeast-based assay of TP53 BAX promoter,True,True,True,True,False,coordinate_mavedb_complete_gnomad_missing,False,,,,,,
TP53,p.Ser241Phe,Pathogenic/Likely pathogenic,"criteria provided, multiple submitters, no conflicts",12359,NM_000546.6(TP53):c.722C>T (p.Ser241Phe),"Aug 13, 2025",combined_external,C:\Users\Wesley Capucho\Documents\IA dos números primos\data\raw\multigene\tp53\tp53_combined_external.tsv,GRCh38,17,7674241,7674241,na,na,7674241,G,A,28934573,True,17-7674241-G-A,,,,False,,False,0.3,urn:mavedb:00001234-c-1,Scores from arrayed yeast-based assay of TP53 BAX promoter,True,True,True,True,False,coordinate_mavedb_complete_gnomad_missing,False,,,,,,
TP53,p.Ser241Thr,Pathogenic/Likely pathogenic,"criteria provided, multiple submitters, no conflicts",959232,NM_000546.6(TP53):c.721T>A (p.Ser241Thr),"Jul 18, 2024",combined_external,C:\Users\Wesley Capucho\Documents\IA dos números primos\data\raw\multigene\tp53\tp53_combined_external.tsv,GRCh38,17,7674242,7674242,na,na,7674242,A,T,1057520002,True,17-7674242-A-T,,,,False,,False,0.0,urn:mavedb:00001234-c-1,Scores from arrayed yeast-based assay of TP53 BAX promoter,True,True,True,True,False,coordinate_mavedb_complete_gnomad_missing,False,,,,,,
TP53,p.Ser241Tyr,Pathogenic/Likely pathogenic,"criteria provided, multiple submitters, no conflicts",376663,NM_000546.6(TP53):c.722C>A (p.Ser241Tyr),"Jun 15, 2025",combined_external,C:\Users\Wesley Capucho\Documents\IA dos números primos\data\raw\multigene\tp53\tp53_combined_external.tsv,GRCh38,17,7674241,7674241,na,na,7674241,G,T,28934573,True,17-7674241-G-T,,,,False,,False,0.0,urn:mavedb:00001234-c-1,Scores from arrayed yeast-based assay of TP53 BAX promoter,True,True,True,True,False,coordinate_mavedb_complete_gnomad_missing,False,,,,,,
TP53,p.Ser260Tyr,Likely benign,reviewed by expert panel,231033,NM_000546.6(TP53):c.779C>A (p.Ser260Tyr),"Jan 16, 2025",combined_external,C:\Users\Wesley Capucho\Documents\IA dos números primos\data\raw\multigene\tp53\tp53_combined_external.tsv,GRCh38,17,7674184,7674184,na,na,7674184,G,T,876658916,True,17-7674184-G-T,,,,False,,False,161.0,urn:mavedb:00001234-c-1,Scores from arrayed yeast-based assay of TP53 BAX promoter,True,True,True,True,False,coordinate_mavedb_complete_gnomad_missing,False,,,,,,
TP53,p.Ser269Cys,Benign,no assertion criteria provided,2575177,NM_000546.6(TP53):c.805A>T (p.Ser269Cys),-,training,C:\Users\Wesley Capucho\Documents\IA dos números primos\data\raw\multigene\tp53\tp53_clinvar_training.tsv,GRCh38,17,7673815,7673815,na,na,7673815,T,A,1597362155,True,17-7673815-T-A,,,,False,,False,195.8,urn:mavedb:00001234-c-1,Scores from arrayed yeast-based assay of TP53 BAX promoter,True,True,True,True,False,coordinate_mavedb_complete_gnomad_missing,False,,,,,,
TP53,p.Ser269Ile,Likely pathogenic,no assertion criteria provided,2575169,NM_000546.6(TP53):c.806G>T (p.Ser269Ile),-,training,C:\Users\Wesley Capucho\Documents\IA dos números primos\data\raw\multigene\tp53\tp53_clinvar_training.tsv,GRCh38,17,7673814,7673814,na,na,7673814,C,A,2543545959,True,17-7673814-C-A,,,,False,,False,138.5,urn:mavedb:00001234-c-1,Scores from arrayed yeast-based assay of TP53 BAX promoter,True,True,True,True,False,coordinate_mavedb_complete_gnomad_missing,False,,,,,,
TP53,p.Ser303Gly,Likely benign,reviewed by expert panel,142332,NM_000546.6(TP53):c.907A>G (p.Ser303Gly),"Jan 16, 2025",combined_external,C:\Users\Wesley Capucho\Documents\IA dos números primos\data\raw\multigene\tp53\tp53_combined_external.tsv,GRCh38,17,7673713,7673713,na,na,7673713,T,C,587782391,True,17-7673713-T-C,,,,False,,False,164.9,urn:mavedb:00001234-c-1,Scores from arrayed yeast-based assay of TP53 BAX promoter,True,True,True,True,False,coordinate_mavedb_complete_gnomad_missing,False,,,,,,
TP53,p.Ser313Asn,Likely benign,"criteria provided, single submitter",2450750,NM_000546.6(TP53):c.938G>A (p.Ser313Asn),"Jan 17, 2023",training,C:\Users\Wesley Capucho\Documents\IA dos números primos\data\raw\multigene\tp53\tp53_clinvar_training.tsv,GRCh38,17,7673590,7673590,na,na,7673590,C,T,2151012123,True,17-7673590-C-T,,,,False,,False,138.7,urn:mavedb:00001234-c-1,Scores from arrayed yeast-based assay of TP53 BAX promoter,True,True,True,True,False,coordinate_mavedb_complete_gnomad_missing,False,,,,,,
TP53,p.Ser315Thr,Likely benign,reviewed by expert panel,185212,NM_000546.6(TP53):c.943T>A (p.Ser315Thr),"Jan 16, 2025",combined_external,C:\Users\Wesley Capucho\Documents\IA dos números primos\data\raw\multigene\tp53\tp53_combined_external.tsv,GRCh38,17,7673585,7673585,na,na,7673585,A,T,762620193,True,17-7673585-A-T,,,,False,,False,71.2,urn:mavedb:00001234-c-1,Scores from arrayed yeast-based assay of TP53 BAX promoter,True,True,True,True,False,coordinate_mavedb_complete_gnomad_missing,False,,,,,,
TP53,p.Ser366Ala,Benign,reviewed by expert panel,135360,NM_000546.6(TP53):c.1096T>G (p.Ser366Ala),"Aug 05, 2024",combined_external,C:\Users\Wesley Capucho\Documents\IA dos números primos\data\raw\multigene\tp53\tp53_combined_external.tsv,GRCh38,17,7670613,7670613,na,na,7670613,A,C,17881470,True,17-7670613-A-C,,,,False,,False,105.9,urn:mavedb:00001234-c-1,Scores from arrayed yeast-based assay of TP53 BAX promoter,True,True,True,True,False,coordinate_mavedb_complete_gnomad_missing,False,,,,,,
TP53,p.Ser378Thr,Likely benign,"criteria provided, single submitter",3972449,NM_000546.6(TP53):c.1132T>A (p.Ser378Thr),"Apr 21, 2025",training,C:\Users\Wesley Capucho\Documents\IA dos números primos\data\raw\multigene\tp53\tp53_clinvar_training.tsv,GRCh38,17,7669659,7669659,na,na,7669659,A,T,-1,True,17-7669659-A-T,,,,False,,False,72.4,urn:mavedb:00001234-c-1,Scores from arrayed yeast-based assay of TP53 BAX promoter,True,True,True,True,False,coordinate_mavedb_complete_gnomad_missing,False,,,,,,
TP53,p.Ser94Ala,Likely benign,"criteria provided, single submitter",3460308,NM_000546.6(TP53):c.280T>G (p.Ser94Ala),"Jul 23, 2024",training,C:\Users\Wesley Capucho\Documents\IA dos números primos\data\raw\multigene\tp53\tp53_clinvar_training.tsv,GRCh38,17,7676089,7676089,na,na,7676089,A,C,-1,True,17-7676089-A-C,,,,False,,False,223.6,urn:mavedb:00001234-c-1,Scores from arrayed yeast-based assay of TP53 BAX promoter,True,True,True,True,False,coordinate_mavedb_complete_gnomad_missing,False,,,,,,
TP53,p.Ser94Leu,Likely benign,"criteria provided, single submitter",1796426,NM_000546.6(TP53):c.281C>T (p.Ser94Leu),"Sep 25, 2020",training,C:\Users\Wesley Capucho\Documents\IA dos números primos\data\raw\multigene\tp53\tp53_clinvar_training.tsv,GRCh38,17,7676088,7676088,na,na,7676088,G,A,2151040269,True,17-7676088-G-A,,,,False,,False,93.9,urn:mavedb:00001234-c-1,Scores from arrayed yeast-based assay of TP53 BAX promoter,True,True,True,True,False,coordinate_mavedb_complete_gnomad_missing,False,,,,,,
TP53,p.Ser95Thr,Likely benign,"criteria provided, single submitter",4189261,NM_000546.6(TP53):c.283T>A (p.Ser95Thr),"Jun 23, 2025",training,C:\Users\Wesley Capucho\Documents\IA dos números primos\data\raw\multigene\tp53\tp53_clinvar_training.tsv,GRCh38,17,7676086,7676086,na,na,7676086,A,T,-1,True,17-7676086-A-T,,,,False,,False,43.1,urn:mavedb:00001234-c-1,Scores from arrayed yeast-based assay of TP53 BAX promoter,True,True,True,True,False,coordinate_mavedb_complete_gnomad_missing,False,,,,,,
TP53,p.Thr118Ile,Likely benign,reviewed by expert panel,419837,NM_000546.6(TP53):c.353C>T (p.Thr118Ile),"Mar 04, 2025",combined_external,C:\Users\Wesley Capucho\Documents\IA dos números primos\data\raw\multigene\tp53\tp53_combined_external.tsv,GRCh38,17,7676016,7676016,na,na,7676016,G,A,1064794141,True,17-7676016-G-A,,,,False,,False,100.8,urn:mavedb:00001234-c-1,Scores from arrayed yeast-based assay of TP53 BAX promoter,True,True,True,True,False,coordinate_mavedb_complete_gnomad_missing,False,,,,,,
TP53,p.Thr125Arg,Pathogenic/Likely pathogenic,"criteria provided, multiple submitters, no conflicts",376667,NM_000546.6(TP53):c.374C>G (p.Thr125Arg),"Apr 29, 2025",combined_external,C:\Users\Wesley Capucho\Documents\IA dos números primos\data\raw\multigene\tp53\tp53_combined_external.tsv,GRCh38,17,7675995,7675995,na,na,7675995,G,C,786201057,True,17-7675995-G-C,,,,False,,False,10.5,urn:mavedb:00001234-c-1,Scores from arrayed yeast-based assay of TP53 BAX promoter,True,True,True,True,False,coordinate_mavedb_complete_gnomad_missing,False,,,,,,
TP53,p.Thr125Lys,Pathogenic,"criteria provided, multiple submitters, no conflicts",216465,NM_000546.6(TP53):c.374C>A (p.Thr125Lys),"Nov 13, 2024",combined_external,C:\Users\Wesley Capucho\Documents\IA dos números primos\data\raw\multigene\tp53\tp53_combined_external.tsv,GRCh38,17,7675995,7675995,na,na,7675995,G,T,786201057,True,17-7675995-G-T,,,,False,,False,11.2,urn:mavedb:00001234-c-1,Scores from arrayed yeast-based assay of TP53 BAX promoter,True,True,True,True,False,coordinate_mavedb_complete_gnomad_missing,False,,,,,,
TP53,p.Thr155Asn,Pathogenic/Likely pathogenic,"criteria provided, multiple submitters, no conflicts",406564,NM_000546.6(TP53):c.464C>A (p.Thr155Asn),"Dec 10, 2025",combined_external,C:\Users\Wesley Capucho\Documents\IA dos números primos\data\raw\multigene\tp53\tp53_combined_external.tsv,GRCh38,17,7675148,7675148,na,na,7675148,G,T,786202752,True,17-7675148-G-T,,,,False,,False,13.5,urn:mavedb:00001234-c-1,Scores from arrayed yeast-based assay of TP53 BAX promoter,True,True,True,True,False,coordinate_mavedb_complete_gnomad_missing,False,,,,,,
TP53,p.Thr170Met,Likely benign,reviewed by expert panel,184014,NM_000546.6(TP53):c.509C>T (p.Thr170Met),"Feb 07, 2025",combined_external,C:\Users\Wesley Capucho\Documents\IA dos números primos\data\raw\multigene\tp53\tp53_combined_external.tsv,GRCh38,17,7675103,7675103,na,na,7675103,G,A,779000871,True,17-7675103-G-A,,,,False,,False,11.6,urn:mavedb:00001234-c-1,Scores from arrayed yeast-based assay of TP53 BAX promoter,True,True,True,True,False,coordinate_mavedb_complete_gnomad_missing,False,,,,,,
TP53,p.Thr253Ala,Pathogenic/Likely pathogenic,"criteria provided, multiple submitters, no conflicts",827132,NM_000546.6(TP53):c.757A>G (p.Thr253Ala),"Aug 26, 2022",combined_external,C:\Users\Wesley Capucho\Documents\IA dos números primos\data\raw\multigene\tp53\tp53_combined_external.tsv,GRCh38,17,7674206,7674206,na,na,7674206,T,C,1597364185,True,17-7674206-T-C,,,,False,,False,38.1,urn:mavedb:00001234-c-1,Scores from arrayed yeast-based assay of TP53 BAX promoter,True,True,True,True,False,coordinate_mavedb_complete_gnomad_missing,False,,,,,,
TP53,p.Thr284Ile,Likely benign,reviewed by expert panel,216471,NM_000546.6(TP53):c.851C>T (p.Thr284Ile),"Jan 16, 2025",combined_external,C:\Users\Wesley Capucho\Documents\IA dos números primos\data\raw\multigene\tp53\tp53_combined_external.tsv,GRCh38,17,7673769,7673769,na,na,7673769,G,A,863224685,True,17-7673769-G-A,,,,False,,False,174.0,urn:mavedb:00001234-c-1,Scores from arrayed yeast-based assay of TP53 BAX promoter,True,True,True,True,False,coordinate_mavedb_complete_gnomad_missing,False,,,,,,
TP53,p.Thr312Asn,Likely benign,"criteria provided, single submitter",1766672,NM_000546.6(TP53):c.935C>A (p.Thr312Asn),"Jun 07, 2022",training,C:\Users\Wesley Capucho\Documents\IA dos números primos\data\raw\multigene\tp53\tp53_clinvar_training.tsv,GRCh38,17,7673593,7673593,na,na,7673593,G,T,145151284,True,17-7673593-G-T,,,,False,,False,132.7,urn:mavedb:00001234-c-1,Scores from arrayed yeast-based assay of TP53 BAX promoter,True,True,True,True,False,coordinate_mavedb_complete_gnomad_missing,False,,,,,,
TP53,p.Thr312Ser,Benign,reviewed by expert panel,141102,NM_000546.6(TP53):c.935C>G (p.Thr312Ser),"Aug 05, 2024",combined_external,C:\Users\Wesley Capucho\Documents\IA dos números primos\data\raw\multigene\tp53\tp53_combined_external.tsv,GRCh38,17,7673593,7673593,na,na,7673593,G,C,145151284,True,17-7673593-G-C,,,,False,,False,136.3,urn:mavedb:00001234-c-1,Scores from arrayed yeast-based assay of TP53 BAX promoter,True,True,True,True,False,coordinate_mavedb_complete_gnomad_missing,False,,,,,,
TP53,p.Thr387Pro,Likely benign,"criteria provided, single submitter",2585882,NM_000546.6(TP53):c.1159A>C (p.Thr387Pro),"Aug 23, 2023",training,C:\Users\Wesley Capucho\Documents\IA dos números primos\data\raw\multigene\tp53\tp53_clinvar_training.tsv,GRCh38,17,7669632,7669632,na,na,7669632,T,G,2150988269,True,17-7669632-T-G,,,,False,,False,67.4,urn:mavedb:00001234-c-1,Scores from arrayed yeast-based assay of TP53 BAX promoter,True,True,True,True,False,coordinate_mavedb_complete_gnomad_missing,False,,,,,,
TP53,p.Tyr107His,Benign,reviewed by expert panel,140786,NM_000546.5(TP53):c.319T>C (p.Tyr107His),"Aug 05, 2024",combined_external,C:\Users\Wesley Capucho\Documents\IA dos números primos\data\raw\multigene\tp53\tp53_combined_external.tsv,GRCh38,17,7676050,7676050,na,na,7676050,A,G,368771578,True,17-7676050-A-G,,,,False,,False,58.6,urn:mavedb:00001234-c-1,Scores from arrayed yeast-based assay of TP53 BAX promoter,True,True,True,True,False,coordinate_mavedb_complete_gnomad_missing,False,,,,,,
TP53,p.Tyr163Cys,Pathogenic,reviewed by expert panel,127814,NM_000546.6(TP53):c.488A>G (p.Tyr163Cys),"Aug 05, 2024",combined_external,C:\Users\Wesley Capucho\Documents\IA dos números primos\data\raw\multigene\tp53\tp53_combined_external.tsv,GRCh38,17,7675124,7675124,na,na,7675124,T,C,148924904,True,17-7675124-T-C,,,,False,,False,12.6,urn:mavedb:00001234-c-1,Scores from arrayed yeast-based assay of TP53 BAX promoter,True,True,True,True,False,coordinate_mavedb_complete_gnomad_missing,False,,,,,,
TP53,p.Tyr163His,Pathogenic,reviewed by expert panel,376680,NM_000546.6(TP53):c.487T>C (p.Tyr163His),"Dec 05, 2025",combined_external,C:\Users\Wesley Capucho\Documents\IA dos números primos\data\raw\multigene\tp53\tp53_combined_external.tsv,GRCh38,17,7675125,7675125,na,na,7675125,A,G,786203436,True,17-7675125-A-G,,,,False,,False,12.6,urn:mavedb:00001234-c-1,Scores from arrayed yeast-based assay of TP53 BAX promoter,True,True,True,True,False,coordinate_mavedb_complete_gnomad_missing,False,,,,,,
TP53,p.Tyr205Asp,Pathogenic/Likely pathogenic,"criteria provided, multiple submitters, no conflicts",376686,NM_000546.6(TP53):c.613T>G (p.Tyr205Asp),"Sep 25, 2025",combined_external,C:\Users\Wesley Capucho\Documents\IA dos números primos\data\raw\multigene\tp53\tp53_combined_external.tsv,GRCh38,17,7674918,7674918,na,na,7674918,A,C,1057520008,True,17-7674918-A-C,,,,False,,False,12.0,urn:mavedb:00001234-c-1,Scores from arrayed yeast-based assay of TP53 BAX promoter,True,True,True,True,False,coordinate_mavedb_complete_gnomad_missing,False,,,,,,
TP53,p.Tyr205Cys,Pathogenic,"criteria provided, multiple submitters, no conflicts",376681,NM_000546.6(TP53):c.614A>G (p.Tyr205Cys),"Jan 10, 2025",combined_external,C:\Users\Wesley Capucho\Documents\IA dos números primos\data\raw\multigene\tp53\tp53_combined_external.tsv,GRCh38,17,7674917,7674917,na,na,7674917,T,C,1057520007,True,17-7674917-T-C,,,,False,,False,9.7,urn:mavedb:00001234-c-1,Scores from arrayed yeast-based assay of TP53 BAX promoter,True,True,True,True,False,coordinate_mavedb_complete_gnomad_missing,False,,,,,,
TP53,p.Tyr205His,Pathogenic/Likely pathogenic,"criteria provided, multiple submitters, no conflicts",376685,NM_000546.6(TP53):c.613T>C (p.Tyr205His),"Feb 07, 2025",combined_external,C:\Users\Wesley Capucho\Documents\IA dos números primos\data\raw\multigene\tp53\tp53_combined_external.tsv,GRCh38,17,7674918,7674918,na,na,7674918,A,G,1057520008,True,17-7674918-A-G,,,,False,,False,20.8,urn:mavedb:00001234-c-1,Scores from arrayed yeast-based assay of TP53 BAX promoter,True,True,True,True,False,coordinate_mavedb_complete_gnomad_missing,False,,,,,,
TP53,p.Tyr220Cys,Pathogenic,reviewed by expert panel,127819,NM_000546.6(TP53):c.659A>G (p.Tyr220Cys),"Aug 05, 2024",combined_external,C:\Users\Wesley Capucho\Documents\IA dos números primos\data\raw\multigene\tp53\tp53_combined_external.tsv,GRCh38,17,7674872,7674872,na,na,7674872,T,C,121912666,True,17-7674872-T-C,,,,False,,False,2.5,urn:mavedb:00001234-c-1,Scores from arrayed yeast-based assay of TP53 BAX promoter,True,True,True,True,False,coordinate_mavedb_complete_gnomad_missing,False,,,,,,
TP53,p.Tyr220His,Pathogenic/Likely pathogenic,"criteria provided, multiple submitters, no conflicts",376687,NM_000546.6(TP53):c.658T>C (p.Tyr220His),"Aug 07, 2025",combined_external,C:\Users\Wesley Capucho\Documents\IA dos números primos\data\raw\multigene\tp53\tp53_combined_external.tsv,GRCh38,17,7674873,7674873,na,na,7674873,A,G,530941076,True,17-7674873-A-G,,,,False,,False,0.7,urn:mavedb:00001234-c-1,Scores from arrayed yeast-based assay of TP53 BAX promoter,True,True,True,True,False,coordinate_mavedb_complete_gnomad_missing,False,,,,,,
TP53,p.Tyr220Ser,Pathogenic,"criteria provided, multiple submitters, no conflicts",12383,NM_000546.6(TP53):c.659A>C (p.Tyr220Ser),"Feb 10, 2025",combined_external,C:\Users\Wesley Capucho\Documents\IA dos números primos\data\raw\multigene\tp53\tp53_combined_external.tsv,GRCh38,17,7674872,7674872,na,na,7674872,T,G,121912666,True,17-7674872-T-G,,,,False,,False,1.9,urn:mavedb:00001234-c-1,Scores from arrayed yeast-based assay of TP53 BAX promoter,True,True,True,True,False,coordinate_mavedb_complete_gnomad_missing,False,,,,,,
TP53,p.Tyr234Asn,Pathogenic/Likely pathogenic,"criteria provided, multiple submitters, no conflicts",376692,NM_000546.6(TP53):c.700T>A (p.Tyr234Asn),"Sep 26, 2024",combined_external,C:\Users\Wesley Capucho\Documents\IA dos números primos\data\raw\multigene\tp53\tp53_combined_external.tsv,GRCh38,17,7674263,7674263,na,na,7674263,A,T,864622237,True,17-7674263-A-T,,,,False,,False,3.2,urn:mavedb:00001234-c-1,Scores from arrayed yeast-based assay of TP53 BAX promoter,True,True,True,True,False,coordinate_mavedb_complete_gnomad_missing,False,,,,,,
TP53,p.Tyr234Asp,Pathogenic/Likely pathogenic,"criteria provided, multiple submitters, no conflicts",219759,NM_000546.6(TP53):c.700T>G (p.Tyr234Asp),"Dec 10, 2024",combined_external,C:\Users\Wesley Capucho\Documents\IA dos números primos\data\raw\multigene\tp53\tp53_combined_external.tsv,GRCh38,17,7674263,7674263,na,na,7674263,A,C,864622237,True,17-7674263-A-C,,,,False,,False,21.4,urn:mavedb:00001234-c-1,Scores from arrayed yeast-based assay of TP53 BAX promoter,True,True,True,True,False,coordinate_mavedb_complete_gnomad_missing,False,,,,,,
TP53,p.Tyr234Cys,Pathogenic/Likely pathogenic,"criteria provided, multiple submitters, no conflicts",127820,NM_000546.6(TP53):c.701A>G (p.Tyr234Cys),"Dec 30, 2025",combined_external,C:\Users\Wesley Capucho\Documents\IA dos números primos\data\raw\multigene\tp53\tp53_combined_external.tsv,GRCh38,17,7674262,7674262,na,na,7674262,T,C,587780073,True,17-7674262-T-C,,,,False,,False,14.5,urn:mavedb:00001234-c-1,Scores from arrayed yeast-based assay of TP53 BAX promoter,True,True,True,True,False,coordinate_mavedb_complete_gnomad_missing,False,,,,,,
TP53,p.Tyr234His,Pathogenic/Likely pathogenic,"criteria provided, multiple submitters, no conflicts",376691,NM_000546.6(TP53):c.700T>C (p.Tyr234His),"Nov 16, 2025",combined_external,C:\Users\Wesley Capucho\Documents\IA dos números primos\data\raw\multigene\tp53\tp53_combined_external.tsv,GRCh38,17,7674263,7674263,na,na,7674263,A,G,864622237,True,17-7674263-A-G,,,,False,,False,2.3,urn:mavedb:00001234-c-1,Scores from arrayed yeast-based assay of TP53 BAX promoter,True,True,True,True,False,coordinate_mavedb_complete_gnomad_missing,False,,,,,,
TP53,p.Tyr236Cys,Pathogenic/Likely pathogenic,"criteria provided, multiple submitters, no conflicts",376693,NM_000546.6(TP53):c.707A>G (p.Tyr236Cys),"Nov 23, 2025",combined_external,C:\Users\Wesley Capucho\Documents\IA dos números primos\data\raw\multigene\tp53\tp53_combined_external.tsv,GRCh38,17,7674256,7674256,na,na,7674256,T,C,730882026,True,17-7674256-T-C,,,,False,,False,3.3,urn:mavedb:00001234-c-1,Scores from arrayed yeast-based assay of TP53 BAX promoter,True,True,True,True,False,coordinate_mavedb_complete_gnomad_missing,False,,,,,,
TP53,p.Tyr236His,Pathogenic/Likely pathogenic,"criteria provided, multiple submitters, no conflicts",216469,NM_000546.6(TP53):c.706T>C (p.Tyr236His),"Feb 25, 2025",combined_external,C:\Users\Wesley Capucho\Documents\IA dos números primos\data\raw\multigene\tp53\tp53_combined_external.tsv,GRCh38,17,7674257,7674257,na,na,7674257,A,G,587782289,True,17-7674257-A-G,,,,False,,False,24.5,urn:mavedb:00001234-c-1,Scores from arrayed yeast-based assay of TP53 BAX promoter,True,True,True,True,False,coordinate_mavedb_complete_gnomad_missing,False,,,,,,
TP53,p.Val10Ile,Benign,reviewed by expert panel,127806,NM_000546.6(TP53):c.28G>A (p.Val10Ile),"Aug 05, 2024",combined_external,C:\Users\Wesley Capucho\Documents\IA dos números primos\data\raw\multigene\tp53\tp53_combined_external.tsv,GRCh38,17,7676567,7676567,na,na,7676567,C,T,535274413,True,17-7676567-C-T,,,,False,,False,151.2,urn:mavedb:00001234-c-1,Scores from arrayed yeast-based assay of TP53 BAX promoter,True,True,True,True,False,coordinate_mavedb_complete_gnomad_missing,False,,,,,,
TP53,p.Val10Leu,Likely benign,reviewed by expert panel,231387,NM_000546.6(TP53):c.28G>C (p.Val10Leu),"Aug 02, 2021",combined_external,C:\Users\Wesley Capucho\Documents\IA dos números primos\data\raw\multigene\tp53\tp53_combined_external.tsv,GRCh38,17,7676567,7676567,na,na,7676567,C,G,535274413,True,17-7676567-C-G,,,,False,,False,115.5,urn:mavedb:00001234-c-1,Scores from arrayed yeast-based assay of TP53 BAX promoter,True,True,True,True,False,coordinate_mavedb_complete_gnomad_missing,False,,,,,,
TP53,p.Val122Met,Likely benign,reviewed by expert panel,141101,NM_000546.6(TP53):c.364G>A (p.Val122Met),"Jan 16, 2025",combined_external,C:\Users\Wesley Capucho\Documents\IA dos números primos\data\raw\multigene\tp53\tp53_combined_external.tsv,GRCh38,17,7676005,7676005,na,na,7676005,C,T,587781495,True,17-7676005-C-T,,,,False,,False,12.5,urn:mavedb:00001234-c-1,Scores from arrayed yeast-based assay of TP53 BAX promoter,True,True,True,True,False,coordinate_mavedb_complete_gnomad_missing,False,,,,,,
TP53,p.Val143Ala,Pathogenic,reviewed by expert panel,804214,NM_000546.6(TP53):c.428T>C (p.Val143Ala),"Aug 05, 2024",combined_external,C:\Users\Wesley Capucho\Documents\IA dos números primos\data\raw\multigene\tp53\tp53_combined_external.tsv,GRCh38,17,7675184,7675184,na,na,7675184,A,G,1555526241,True,17-7675184-A-G,,,,False,,False,12.3,urn:mavedb:00001234-c-1,Scores from arrayed yeast-based assay of TP53 BAX promoter,True,True,True,True,False,coordinate_mavedb_complete_gnomad_missing,False,,,,,,
TP53,p.Val143Met,Pathogenic/Likely pathogenic,"criteria provided, multiple submitters, no conflicts",142657,NM_000546.6(TP53):c.427G>A (p.Val143Met),"Jan 06, 2026",combined_external,C:\Users\Wesley Capucho\Documents\IA dos números primos\data\raw\multigene\tp53\tp53_combined_external.tsv,GRCh38,17,7675185,7675185,na,na,7675185,C,T,587782620,True,17-7675185-C-T,,,,False,,False,10.5,urn:mavedb:00001234-c-1,Scores from arrayed yeast-based assay of TP53 BAX promoter,True,True,True,True,False,coordinate_mavedb_complete_gnomad_missing,False,,,,,,
TP53,p.Val147Gly,Pathogenic/Likely pathogenic,"criteria provided, multiple submitters, no conflicts",3602769,NM_000546.6(TP53):c.440T>G (p.Val147Gly),"Oct 07, 2025",combined_external,C:\Users\Wesley Capucho\Documents\IA dos números primos\data\raw\multigene\tp53\tp53_combined_external.tsv,GRCh38,17,7675172,7675172,na,na,7675172,A,C,-1,True,17-7675172-A-C,,,,False,,False,13.4,urn:mavedb:00001234-c-1,Scores from arrayed yeast-based assay of TP53 BAX promoter,True,True,True,True,False,coordinate_mavedb_complete_gnomad_missing,False,,,,,,
TP53,p.Val157Gly,Pathogenic/Likely pathogenic,"criteria provided, multiple submitters, no conflicts",915695,NM_000546.6(TP53):c.470T>G (p.Val157Gly),"Feb 14, 2024",combined_external,C:\Users\Wesley Capucho\Documents\IA dos números primos\data\raw\multigene\tp53\tp53_combined_external.tsv,GRCh38,17,7675142,7675142,na,na,7675142,A,C,1131691023,True,17-7675142-A-C,,,,False,,False,11.7,urn:mavedb:00001234-c-1,Scores from arrayed yeast-based assay of TP53 BAX promoter,True,True,True,True,False,coordinate_mavedb_complete_gnomad_missing,False,,,,,,
TP53,p.Val157Ile,Likely benign,reviewed by expert panel,185404,NM_000546.6(TP53):c.469G>A (p.Val157Ile),"Jan 16, 2025",combined_external,C:\Users\Wesley Capucho\Documents\IA dos números primos\data\raw\multigene\tp53\tp53_combined_external.tsv,GRCh38,17,7675143,7675143,na,na,7675143,C,T,121912654,True,17-7675143-C-T,,,,False,,False,80.7,urn:mavedb:00001234-c-1,Scores from arrayed yeast-based assay of TP53 BAX promoter,True,True,True,True,False,coordinate_mavedb_complete_gnomad_missing,False,,,,,,
TP53,p.Val157Phe,Pathogenic/Likely pathogenic,"criteria provided, multiple submitters, no conflicts",12353,NM_000546.6(TP53):c.469G>T (p.Val157Phe),"Mar 04, 2025",combined_external,C:\Users\Wesley Capucho\Documents\IA dos números primos\data\raw\multigene\tp53\tp53_combined_external.tsv,GRCh38,17,7675143,7675143,na,na,7675143,C,A,121912654,True,17-7675143-C-A,,,,False,,False,15.6,urn:mavedb:00001234-c-1,Scores from arrayed yeast-based assay of TP53 BAX promoter,True,True,True,True,False,coordinate_mavedb_complete_gnomad_missing,False,,,,,,
TP53,p.Val173Ala,Pathogenic/Likely pathogenic,"criteria provided, multiple submitters, no conflicts",376017,NM_000546.6(TP53):c.518T>C (p.Val173Ala),"Nov 03, 2025",combined_external,C:\Users\Wesley Capucho\Documents\IA dos números primos\data\raw\multigene\tp53\tp53_combined_external.tsv,GRCh38,17,7675094,7675094,na,na,7675094,A,G,1057519747,True,17-7675094-A-G,,,,False,,False,12.2,urn:mavedb:00001234-c-1,Scores from arrayed yeast-based assay of TP53 BAX promoter,True,True,True,True,False,coordinate_mavedb_complete_gnomad_missing,False,,,,,,
TP53,p.Val173Leu,Pathogenic/Likely pathogenic,"criteria provided, multiple submitters, no conflicts",376668,NM_000546.6(TP53):c.517G>T (p.Val173Leu),"May 23, 2025",combined_external,C:\Users\Wesley Capucho\Documents\IA dos números primos\data\raw\multigene\tp53\tp53_combined_external.tsv,GRCh38,17,7675095,7675095,na,na,7675095,C,A,876660754,True,17-7675095-C-A,,,,False,,False,0.0,urn:mavedb:00001234-c-1,Scores from arrayed yeast-based assay of TP53 BAX promoter,True,True,True,True,False,coordinate_mavedb_complete_gnomad_missing,False,,,,,,
TP53,p.Val173Met,Pathogenic,reviewed by expert panel,233951,NM_000546.6(TP53):c.517G>A (p.Val173Met),"Aug 05, 2024",combined_external,C:\Users\Wesley Capucho\Documents\IA dos números primos\data\raw\multigene\tp53\tp53_combined_external.tsv,GRCh38,17,7675095,7675095,na,na,7675095,C,T,876660754,True,17-7675095-C-T,,,,False,,False,8.5,urn:mavedb:00001234-c-1,Scores from arrayed yeast-based assay of TP53 BAX promoter,True,True,True,True,False,coordinate_mavedb_complete_gnomad_missing,False,,,,,,
TP53,p.Val197Met,Likely pathogenic,reviewed by expert panel,188060,NM_000546.6(TP53):c.589G>A (p.Val197Met),"Dec 05, 2025",combined_external,C:\Users\Wesley Capucho\Documents\IA dos números primos\data\raw\multigene\tp53\tp53_combined_external.tsv,GRCh38,17,7674942,7674942,na,na,7674942,C,T,786204041,True,17-7674942-C-T,,,,False,,False,31.0,urn:mavedb:00001234-c-1,Scores from arrayed yeast-based assay of TP53 BAX promoter,True,True,True,True,False,coordinate_mavedb_complete_gnomad_missing,False,,,,,,
TP53,p.Val216Met,Pathogenic/Likely pathogenic,"criteria provided, multiple submitters, no conflicts",182965,NM_000546.6(TP53):c.646G>A (p.Val216Met),"Nov 05, 2025",combined_external,C:\Users\Wesley Capucho\Documents\IA dos números primos\data\raw\multigene\tp53\tp53_combined_external.tsv,GRCh38,17,7674885,7674885,na,na,7674885,C,T,730882025,True,17-7674885-C-T,,,,False,,False,0.1,urn:mavedb:00001234-c-1,Scores from arrayed yeast-based assay of TP53 BAX promoter,True,True,True,True,False,coordinate_mavedb_complete_gnomad_missing,False,,,,,,
TP53,p.Val218Glu,Likely pathogenic,"criteria provided, multiple submitters, no conflicts",1754112,NM_000546.6(TP53):c.653T>A (p.Val218Glu),"Aug 15, 2025",combined_external,C:\Users\Wesley Capucho\Documents\IA dos números primos\data\raw\multigene\tp53\tp53_combined_external.tsv,GRCh38,17,7674878,7674878,na,na,7674878,A,T,1555525743,True,17-7674878-A-T,,,,False,,False,17.1,urn:mavedb:00001234-c-1,Scores from arrayed yeast-based assay of TP53 BAX promoter,True,True,True,True,False,coordinate_mavedb_complete_gnomad_missing,False,,,,,,
TP53,p.Val272Leu,Pathogenic/Likely pathogenic,"criteria provided, multiple submitters, no conflicts",12358,NM_000546.6(TP53):c.814G>T (p.Val272Leu),"Jul 27, 2025",combined_external,C:\Users\Wesley Capucho\Documents\IA dos números primos\data\raw\multigene\tp53\tp53_combined_external.tsv,GRCh38,17,7673806,7673806,na,na,7673806,C,A,121912657,True,17-7673806-C-A,,,,False,,False,19.6,urn:mavedb:00001234-c-1,Scores from arrayed yeast-based assay of TP53 BAX promoter,True,True,True,True,False,coordinate_mavedb_complete_gnomad_missing,False,,,,,,
TP53,p.Val272Met,Pathogenic,reviewed by expert panel,185814,NM_000546.6(TP53):c.814G>A (p.Val272Met),"Mar 18, 2022",combined_external,C:\Users\Wesley Capucho\Documents\IA dos números primos\data\raw\multigene\tp53\tp53_combined_external.tsv,GRCh38,17,7673806,7673806,na,na,7673806,C,T,121912657,True,17-7673806-C-T,,,,False,,False,16.4,urn:mavedb:00001234-c-1,Scores from arrayed yeast-based assay of TP53 BAX promoter,True,True,True,True,False,coordinate_mavedb_complete_gnomad_missing,False,,,,,,
TP53,p.Val274Ile,Benign,"criteria provided, single submitter",3460325,NM_000546.6(TP53):c.820G>A (p.Val274Ile),"Oct 11, 2024",training,C:\Users\Wesley Capucho\Documents\IA dos números primos\data\raw\multigene\tp53\tp53_clinvar_training.tsv,GRCh38,17,7673800,7673800,na,na,7673800,C,T,-1,True,17-7673800-C-T,,,,False,,False,158.9,urn:mavedb:00001234-c-1,Scores from arrayed yeast-based assay of TP53 BAX promoter,True,True,True,True,False,coordinate_mavedb_complete_gnomad_missing,False,,,,,,
TP53,p.Val73Glu,Likely benign,"criteria provided, single submitter",3460312,NM_000546.6(TP53):c.218T>A (p.Val73Glu),"Sep 04, 2024",training,C:\Users\Wesley Capucho\Documents\IA dos números primos\data\raw\multigene\tp53\tp53_clinvar_training.tsv,GRCh38,17,7676151,7676151,na,na,7676151,A,T,-1,True,17-7676151-A-T,,,,False,,False,64.8,urn:mavedb:00001234-c-1,Scores from arrayed yeast-based assay of TP53 BAX promoter,True,True,True,True,False,coordinate_mavedb_complete_gnomad_missing,False,,,,,,
TP53,p.Val73Met,Benign,reviewed by expert panel,142386,NM_000546.6(TP53):c.217G>A (p.Val73Met),"Aug 05, 2024",combined_external,C:\Users\Wesley Capucho\Documents\IA dos números primos\data\raw\multigene\tp53\tp53_combined_external.tsv,GRCh38,17,7676152,7676152,na,na,7676152,C,T,587782423,True,17-7676152-C-T,,,,False,,False,81.1,urn:mavedb:00001234-c-1,Scores from arrayed yeast-based assay of TP53 BAX promoter,True,True,True,True,False,coordinate_mavedb_complete_gnomad_missing,False,,,,,,
