gene,hgvs_p,variation_id,score_set_urn,live_mavedb_assay_name,reconciliation_status,next_precision_step
F9,p.Ala173Gly,3598107,urn:mavedb:00001200-d-1,F9 MultiSTEP F9 Gla domain scores,protein_hgvs_join_with_score_set,Fetch mapped-variants for the score set and reconcile VRS/genomic identity.
F9,p.Ala233Thr,10601,urn:mavedb:00001200-d-1,F9 MultiSTEP F9 Gla domain scores,protein_hgvs_join_with_score_set,Fetch mapped-variants for the score set and reconcile VRS/genomic identity.
F9,p.Ala266Thr,2138740,urn:mavedb:00001200-d-1,F9 MultiSTEP F9 Gla domain scores,protein_hgvs_join_with_score_set,Fetch mapped-variants for the score set and reconcile VRS/genomic identity.
F9,p.Ala279Pro,1477908,urn:mavedb:00001200-d-1,F9 MultiSTEP F9 Gla domain scores,protein_hgvs_join_with_score_set,Fetch mapped-variants for the score set and reconcile VRS/genomic identity.
F9,p.Ala279Thr,216926,urn:mavedb:00001200-d-1,F9 MultiSTEP F9 Gla domain scores,protein_hgvs_join_with_score_set,Fetch mapped-variants for the score set and reconcile VRS/genomic identity.
F9,p.Ala317Val,1334561,urn:mavedb:00001200-d-1,F9 MultiSTEP F9 Gla domain scores,protein_hgvs_join_with_score_set,Fetch mapped-variants for the score set and reconcile VRS/genomic identity.
F9,p.Ala337Pro,10606,urn:mavedb:00001200-d-1,F9 MultiSTEP F9 Gla domain scores,protein_hgvs_join_with_score_set,Fetch mapped-variants for the score set and reconcile VRS/genomic identity.
F9,p.Ala337Thr,626950,urn:mavedb:00001200-d-1,F9 MultiSTEP F9 Gla domain scores,protein_hgvs_join_with_score_set,Fetch mapped-variants for the score set and reconcile VRS/genomic identity.
F9,p.Ala337Val,3242389,urn:mavedb:00001200-d-1,F9 MultiSTEP F9 Gla domain scores,protein_hgvs_join_with_score_set,Fetch mapped-variants for the score set and reconcile VRS/genomic identity.
F9,p.Ala37Val,10661,urn:mavedb:00001200-d-1,F9 MultiSTEP F9 Gla domain scores,protein_hgvs_join_with_score_set,Fetch mapped-variants for the score set and reconcile VRS/genomic identity.
F9,p.Ala380Thr,1698768,urn:mavedb:00001200-d-1,F9 MultiSTEP F9 Gla domain scores,protein_hgvs_join_with_score_set,Fetch mapped-variants for the score set and reconcile VRS/genomic identity.
F9,p.Ala397Pro,10662,urn:mavedb:00001200-d-1,F9 MultiSTEP F9 Gla domain scores,protein_hgvs_join_with_score_set,Fetch mapped-variants for the score set and reconcile VRS/genomic identity.
F9,p.Ala397Val,2138746,urn:mavedb:00001200-d-1,F9 MultiSTEP F9 Gla domain scores,protein_hgvs_join_with_score_set,Fetch mapped-variants for the score set and reconcile VRS/genomic identity.
F9,p.Ala436Glu,10622,urn:mavedb:00001200-d-1,F9 MultiSTEP F9 Gla domain scores,protein_hgvs_join_with_score_set,Fetch mapped-variants for the score set and reconcile VRS/genomic identity.
F9,p.Ala436Thr,4688446,urn:mavedb:00001200-d-1,F9 MultiSTEP F9 Gla domain scores,protein_hgvs_join_with_score_set,Fetch mapped-variants for the score set and reconcile VRS/genomic identity.
F9,p.Ala436Val,10623,urn:mavedb:00001200-d-1,F9 MultiSTEP F9 Gla domain scores,protein_hgvs_join_with_score_set,Fetch mapped-variants for the score set and reconcile VRS/genomic identity.
F9,p.Arg140Ser,4688439,urn:mavedb:00001200-d-1,F9 MultiSTEP F9 Gla domain scores,protein_hgvs_join_with_score_set,Fetch mapped-variants for the score set and reconcile VRS/genomic identity.
F9,p.Arg191Cys,10584,urn:mavedb:00001200-d-1,F9 MultiSTEP F9 Gla domain scores,protein_hgvs_join_with_score_set,Fetch mapped-variants for the score set and reconcile VRS/genomic identity.
F9,p.Arg191His,10585,urn:mavedb:00001200-d-1,F9 MultiSTEP F9 Gla domain scores,protein_hgvs_join_with_score_set,Fetch mapped-variants for the score set and reconcile VRS/genomic identity.
F9,p.Arg226Gln,10591,urn:mavedb:00001200-d-1,F9 MultiSTEP F9 Gla domain scores,protein_hgvs_join_with_score_set,Fetch mapped-variants for the score set and reconcile VRS/genomic identity.
F9,p.Arg226Trp,10590,urn:mavedb:00001200-d-1,F9 MultiSTEP F9 Gla domain scores,protein_hgvs_join_with_score_set,Fetch mapped-variants for the score set and reconcile VRS/genomic identity.
F9,p.Arg294Gln,10602,urn:mavedb:00001200-d-1,F9 MultiSTEP F9 Gla domain scores,protein_hgvs_join_with_score_set,Fetch mapped-variants for the score set and reconcile VRS/genomic identity.
F9,p.Arg294Leu,2138741,urn:mavedb:00001200-d-1,F9 MultiSTEP F9 Gla domain scores,protein_hgvs_join_with_score_set,Fetch mapped-variants for the score set and reconcile VRS/genomic identity.
F9,p.Arg379Gln,10613,urn:mavedb:00001200-d-1,F9 MultiSTEP F9 Gla domain scores,protein_hgvs_join_with_score_set,Fetch mapped-variants for the score set and reconcile VRS/genomic identity.
F9,p.Arg379Leu,4783891,urn:mavedb:00001200-d-1,F9 MultiSTEP F9 Gla domain scores,protein_hgvs_join_with_score_set,Fetch mapped-variants for the score set and reconcile VRS/genomic identity.
F9,p.Arg384Leu,10668,urn:mavedb:00001200-d-1,F9 MultiSTEP F9 Gla domain scores,protein_hgvs_join_with_score_set,Fetch mapped-variants for the score set and reconcile VRS/genomic identity.
F9,p.Arg384Pro,10660,urn:mavedb:00001200-d-1,F9 MultiSTEP F9 Gla domain scores,protein_hgvs_join_with_score_set,Fetch mapped-variants for the score set and reconcile VRS/genomic identity.
F9,p.Arg3Cys,765903,urn:mavedb:00001200-d-1,F9 MultiSTEP F9 Gla domain scores,protein_hgvs_join_with_score_set,Fetch mapped-variants for the score set and reconcile VRS/genomic identity.
F9,p.Arg3His,695909,urn:mavedb:00001200-d-1,F9 MultiSTEP F9 Gla domain scores,protein_hgvs_join_with_score_set,Fetch mapped-variants for the score set and reconcile VRS/genomic identity.
F9,p.Arg3Ser,2929110,urn:mavedb:00001200-d-1,F9 MultiSTEP F9 Gla domain scores,protein_hgvs_join_with_score_set,Fetch mapped-variants for the score set and reconcile VRS/genomic identity.
F9,p.Arg43Gln,810864,urn:mavedb:00001200-d-1,F9 MultiSTEP F9 Gla domain scores,protein_hgvs_join_with_score_set,Fetch mapped-variants for the score set and reconcile VRS/genomic identity.
F9,p.Arg43Leu,993549,urn:mavedb:00001200-d-1,F9 MultiSTEP F9 Gla domain scores,protein_hgvs_join_with_score_set,Fetch mapped-variants for the score set and reconcile VRS/genomic identity.
F9,p.Arg43Trp,811505,urn:mavedb:00001200-d-1,F9 MultiSTEP F9 Gla domain scores,missing_mavedb_line,Search MaveDB for a matching score set or mark as no public MAVE evidence.
F9,p.Arg46Ser,10565,urn:mavedb:00001200-d-1,F9 MultiSTEP F9 Gla domain scores,protein_hgvs_join_with_score_set,Fetch mapped-variants for the score set and reconcile VRS/genomic identity.
F9,p.Arg75Gln,10573,urn:mavedb:00001200-d-1,F9 MultiSTEP F9 Gla domain scores,protein_hgvs_join_with_score_set,Fetch mapped-variants for the score set and reconcile VRS/genomic identity.
F9,p.Asn138His,2138737,urn:mavedb:00001200-d-1,F9 MultiSTEP F9 Gla domain scores,protein_hgvs_join_with_score_set,Fetch mapped-variants for the score set and reconcile VRS/genomic identity.
F9,p.Asn166Tyr,10582,urn:mavedb:00001200-d-1,F9 MultiSTEP F9 Gla domain scores,protein_hgvs_join_with_score_set,Fetch mapped-variants for the score set and reconcile VRS/genomic identity.
F9,p.Asn306Ser,10604,urn:mavedb:00001200-d-1,F9 MultiSTEP F9 Gla domain scores,protein_hgvs_join_with_score_set,Fetch mapped-variants for the score set and reconcile VRS/genomic identity.
F9,p.Asn36Asp,1078704,urn:mavedb:00001200-d-1,F9 MultiSTEP F9 Gla domain scores,protein_hgvs_join_with_score_set,Fetch mapped-variants for the score set and reconcile VRS/genomic identity.
F9,p.Asn392Asp,810869,urn:mavedb:00001200-d-1,F9 MultiSTEP F9 Gla domain scores,missing_mavedb_line,Search MaveDB for a matching score set or mark as no public MAVE evidence.
F9,p.Asn48Asp,2925690,urn:mavedb:00001200-d-1,F9 MultiSTEP F9 Gla domain scores,protein_hgvs_join_with_score_set,Fetch mapped-variants for the score set and reconcile VRS/genomic identity.
F9,p.Asn48Tyr,973812,urn:mavedb:00001200-d-1,F9 MultiSTEP F9 Gla domain scores,protein_hgvs_join_with_score_set,Fetch mapped-variants for the score set and reconcile VRS/genomic identity.
F9,p.Asn59Lys,994375,urn:mavedb:00001200-d-1,F9 MultiSTEP F9 Gla domain scores,protein_hgvs_join_with_score_set,Fetch mapped-variants for the score set and reconcile VRS/genomic identity.
F9,p.Asp110Asn,10643,urn:mavedb:00001200-d-1,F9 MultiSTEP F9 Gla domain scores,protein_hgvs_join_with_score_set,Fetch mapped-variants for the score set and reconcile VRS/genomic identity.
F9,p.Asp110Gly,10580,urn:mavedb:00001200-d-1,F9 MultiSTEP F9 Gla domain scores,protein_hgvs_join_with_score_set,Fetch mapped-variants for the score set and reconcile VRS/genomic identity.
F9,p.Asp315Glu,4783890,urn:mavedb:00001200-d-1,F9 MultiSTEP F9 Gla domain scores,protein_hgvs_join_with_score_set,Fetch mapped-variants for the score set and reconcile VRS/genomic identity.
F9,p.Asp315Gly,2925695,urn:mavedb:00001200-d-1,F9 MultiSTEP F9 Gla domain scores,protein_hgvs_join_with_score_set,Fetch mapped-variants for the score set and reconcile VRS/genomic identity.
F9,p.Asp405Val,2429487,urn:mavedb:00001200-d-1,F9 MultiSTEP F9 Gla domain scores,protein_hgvs_join_with_score_set,Fetch mapped-variants for the score set and reconcile VRS/genomic identity.
F9,p.Asp410His,10651,urn:mavedb:00001200-d-1,F9 MultiSTEP F9 Gla domain scores,protein_hgvs_join_with_score_set,Fetch mapped-variants for the score set and reconcile VRS/genomic identity.
F9,p.Asp410Val,994026,urn:mavedb:00001200-d-1,F9 MultiSTEP F9 Gla domain scores,protein_hgvs_join_with_score_set,Fetch mapped-variants for the score set and reconcile VRS/genomic identity.
F9,p.Asp93Asn,994410,urn:mavedb:00001200-d-1,F9 MultiSTEP F9 Gla domain scores,protein_hgvs_join_with_score_set,Fetch mapped-variants for the score set and reconcile VRS/genomic identity.
F9,p.Asp93Gly,10576,urn:mavedb:00001200-d-1,F9 MultiSTEP F9 Gla domain scores,protein_hgvs_join_with_score_set,Fetch mapped-variants for the score set and reconcile VRS/genomic identity.
F9,p.Asp95Ala,973816,urn:mavedb:00001200-d-1,F9 MultiSTEP F9 Gla domain scores,protein_hgvs_join_with_score_set,Fetch mapped-variants for the score set and reconcile VRS/genomic identity.
F9,p.Asp95Val,1684373,urn:mavedb:00001200-d-1,F9 MultiSTEP F9 Gla domain scores,protein_hgvs_join_with_score_set,Fetch mapped-variants for the score set and reconcile VRS/genomic identity.
F9,p.Cys102Arg,811522,urn:mavedb:00001200-d-1,F9 MultiSTEP F9 Gla domain scores,protein_hgvs_join_with_score_set,Fetch mapped-variants for the score set and reconcile VRS/genomic identity.
F9,p.Cys119Tyr,2138736,urn:mavedb:00001200-d-1,F9 MultiSTEP F9 Gla domain scores,protein_hgvs_join_with_score_set,Fetch mapped-variants for the score set and reconcile VRS/genomic identity.
F9,p.Cys128Arg,2131311,urn:mavedb:00001200-d-1,F9 MultiSTEP F9 Gla domain scores,protein_hgvs_join_with_score_set,Fetch mapped-variants for the score set and reconcile VRS/genomic identity.
F9,p.Cys134Ser,973818,urn:mavedb:00001200-d-1,F9 MultiSTEP F9 Gla domain scores,protein_hgvs_join_with_score_set,Fetch mapped-variants for the score set and reconcile VRS/genomic identity.
F9,p.Cys141Tyr,811510,urn:mavedb:00001200-d-1,F9 MultiSTEP F9 Gla domain scores,protein_hgvs_join_with_score_set,Fetch mapped-variants for the score set and reconcile VRS/genomic identity.
F9,p.Cys155Ser,2637194,urn:mavedb:00001200-d-1,F9 MultiSTEP F9 Gla domain scores,protein_hgvs_join_with_score_set,Fetch mapped-variants for the score set and reconcile VRS/genomic identity.
F9,p.Cys157Tyr,4688845,urn:mavedb:00001200-d-1,F9 MultiSTEP F9 Gla domain scores,protein_hgvs_join_with_score_set,Fetch mapped-variants for the score set and reconcile VRS/genomic identity.
F9,p.Cys170Tyr,811517,urn:mavedb:00001200-d-1,F9 MultiSTEP F9 Gla domain scores,protein_hgvs_join_with_score_set,Fetch mapped-variants for the score set and reconcile VRS/genomic identity.
F9,p.Cys178Arg,1459950,urn:mavedb:00001200-d-1,F9 MultiSTEP F9 Gla domain scores,protein_hgvs_join_with_score_set,Fetch mapped-variants for the score set and reconcile VRS/genomic identity.
F9,p.Cys178Phe,811518,urn:mavedb:00001200-d-1,F9 MultiSTEP F9 Gla domain scores,protein_hgvs_join_with_score_set,Fetch mapped-variants for the score set and reconcile VRS/genomic identity.
F9,p.Cys178Tyr,4537255,urn:mavedb:00001200-d-1,F9 MultiSTEP F9 Gla domain scores,protein_hgvs_join_with_score_set,Fetch mapped-variants for the score set and reconcile VRS/genomic identity.
F9,p.Cys18Arg,10568,urn:mavedb:00001200-d-1,F9 MultiSTEP F9 Gla domain scores,protein_hgvs_join_with_score_set,Fetch mapped-variants for the score set and reconcile VRS/genomic identity.
F9,p.Cys252Ser,10666,urn:mavedb:00001200-d-1,F9 MultiSTEP F9 Gla domain scores,protein_hgvs_join_with_score_set,Fetch mapped-variants for the score set and reconcile VRS/genomic identity.
F9,p.Cys252Trp,375453,urn:mavedb:00001200-d-1,F9 MultiSTEP F9 Gla domain scores,protein_hgvs_join_with_score_set,Fetch mapped-variants for the score set and reconcile VRS/genomic identity.
F9,p.Cys252Tyr,2138739,urn:mavedb:00001200-d-1,F9 MultiSTEP F9 Gla domain scores,protein_hgvs_join_with_score_set,Fetch mapped-variants for the score set and reconcile VRS/genomic identity.
F9,p.Cys268Arg,4686603,urn:mavedb:00001200-d-1,F9 MultiSTEP F9 Gla domain scores,protein_hgvs_join_with_score_set,Fetch mapped-variants for the score set and reconcile VRS/genomic identity.
F9,p.Cys268Gly,4686604,urn:mavedb:00001200-d-1,F9 MultiSTEP F9 Gla domain scores,protein_hgvs_join_with_score_set,Fetch mapped-variants for the score set and reconcile VRS/genomic identity.
F9,p.Cys268Ser,627143,urn:mavedb:00001200-d-1,F9 MultiSTEP F9 Gla domain scores,protein_hgvs_join_with_score_set,Fetch mapped-variants for the score set and reconcile VRS/genomic identity.
F9,p.Cys268Tyr,4686605,urn:mavedb:00001200-d-1,F9 MultiSTEP F9 Gla domain scores,protein_hgvs_join_with_score_set,Fetch mapped-variants for the score set and reconcile VRS/genomic identity.
F9,p.Cys28Arg,10657,urn:mavedb:00001200-d-1,F9 MultiSTEP F9 Gla domain scores,protein_hgvs_join_with_score_set,Fetch mapped-variants for the score set and reconcile VRS/genomic identity.
F9,p.Cys335Phe,2691657,urn:mavedb:00001200-d-1,F9 MultiSTEP F9 Gla domain scores,protein_hgvs_join_with_score_set,Fetch mapped-variants for the score set and reconcile VRS/genomic identity.
F9,p.Cys335Trp,973811,urn:mavedb:00001200-d-1,F9 MultiSTEP F9 Gla domain scores,protein_hgvs_join_with_score_set,Fetch mapped-variants for the score set and reconcile VRS/genomic identity.
F9,p.Cys335Tyr,2444124,urn:mavedb:00001200-d-1,F9 MultiSTEP F9 Gla domain scores,protein_hgvs_join_with_score_set,Fetch mapped-variants for the score set and reconcile VRS/genomic identity.
F9,p.Cys382Arg,10614,urn:mavedb:00001200-d-1,F9 MultiSTEP F9 Gla domain scores,protein_hgvs_join_with_score_set,Fetch mapped-variants for the score set and reconcile VRS/genomic identity.
F9,p.Cys382Ser,116175,urn:mavedb:00001200-d-1,F9 MultiSTEP F9 Gla domain scores,protein_hgvs_join_with_score_set,Fetch mapped-variants for the score set and reconcile VRS/genomic identity.
F9,p.Cys396Ser,810871,urn:mavedb:00001200-d-1,F9 MultiSTEP F9 Gla domain scores,protein_hgvs_join_with_score_set,Fetch mapped-variants for the score set and reconcile VRS/genomic identity.
F9,p.Cys396Tyr,2138745,urn:mavedb:00001200-d-1,F9 MultiSTEP F9 Gla domain scores,protein_hgvs_join_with_score_set,Fetch mapped-variants for the score set and reconcile VRS/genomic identity.
F9,p.Cys407Ser,2925700,urn:mavedb:00001200-d-1,F9 MultiSTEP F9 Gla domain scores,protein_hgvs_join_with_score_set,Fetch mapped-variants for the score set and reconcile VRS/genomic identity.
F9,p.Cys435Gly,3242385,urn:mavedb:00001200-d-1,F9 MultiSTEP F9 Gla domain scores,protein_hgvs_join_with_score_set,Fetch mapped-variants for the score set and reconcile VRS/genomic identity.
F9,p.Cys435Tyr,811512,urn:mavedb:00001200-d-1,F9 MultiSTEP F9 Gla domain scores,protein_hgvs_join_with_score_set,Fetch mapped-variants for the score set and reconcile VRS/genomic identity.
F9,p.Cys64Arg,811523,urn:mavedb:00001200-d-1,F9 MultiSTEP F9 Gla domain scores,missing_mavedb_line,Search MaveDB for a matching score set or mark as no public MAVE evidence.
F9,p.Cys64Tyr,1076388,urn:mavedb:00001200-d-1,F9 MultiSTEP F9 Gla domain scores,missing_mavedb_line,Search MaveDB for a matching score set or mark as no public MAVE evidence.
F9,p.Cys69Ser,1330991,urn:mavedb:00001200-d-1,F9 MultiSTEP F9 Gla domain scores,protein_hgvs_join_with_score_set,Fetch mapped-variants for the score set and reconcile VRS/genomic identity.
F9,p.Cys69Tyr,994405,urn:mavedb:00001200-d-1,F9 MultiSTEP F9 Gla domain scores,protein_hgvs_join_with_score_set,Fetch mapped-variants for the score set and reconcile VRS/genomic identity.
F9,p.Gln167His,4526076,urn:mavedb:00001200-d-1,F9 MultiSTEP F9 Gla domain scores,protein_hgvs_join_with_score_set,Fetch mapped-variants for the score set and reconcile VRS/genomic identity.
F9,p.Gln237Leu,10596,urn:mavedb:00001200-d-1,F9 MultiSTEP F9 Gla domain scores,protein_hgvs_join_with_score_set,Fetch mapped-variants for the score set and reconcile VRS/genomic identity.
F9,p.Gln241Arg,3910035,urn:mavedb:00001200-d-1,F9 MultiSTEP F9 Gla domain scores,protein_hgvs_join_with_score_set,Fetch mapped-variants for the score set and reconcile VRS/genomic identity.
F9,p.Gln96Pro,10577,urn:mavedb:00001200-d-1,F9 MultiSTEP F9 Gla domain scores,protein_hgvs_join_with_score_set,Fetch mapped-variants for the score set and reconcile VRS/genomic identity.
F9,p.Glu291Val,10652,urn:mavedb:00001200-d-1,F9 MultiSTEP F9 Gla domain scores,missing_mavedb_line,Search MaveDB for a matching score set or mark as no public MAVE evidence.
F9,p.Glu320Gly,2683975,urn:mavedb:00001200-d-1,F9 MultiSTEP F9 Gla domain scores,protein_hgvs_join_with_score_set,Fetch mapped-variants for the score set and reconcile VRS/genomic identity.
F9,p.Glu323Lys,695891,urn:mavedb:00001200-d-1,F9 MultiSTEP F9 Gla domain scores,protein_hgvs_join_with_score_set,Fetch mapped-variants for the score set and reconcile VRS/genomic identity.
F9,p.Glu433Gly,4067837,urn:mavedb:00001200-d-1,F9 MultiSTEP F9 Gla domain scores,protein_hgvs_join_with_score_set,Fetch mapped-variants for the score set and reconcile VRS/genomic identity.
F9,p.Glu54Lys,3759686,urn:mavedb:00001200-d-1,F9 MultiSTEP F9 Gla domain scores,protein_hgvs_join_with_score_set,Fetch mapped-variants for the score set and reconcile VRS/genomic identity.
F9,p.Glu54Val,618117,urn:mavedb:00001200-d-1,F9 MultiSTEP F9 Gla domain scores,protein_hgvs_join_with_score_set,Fetch mapped-variants for the score set and reconcile VRS/genomic identity.
F9,p.Glu73Val,10571,urn:mavedb:00001200-d-1,F9 MultiSTEP F9 Gla domain scores,protein_hgvs_join_with_score_set,Fetch mapped-variants for the score set and reconcile VRS/genomic identity.
F9,p.Glu76Lys,811519,urn:mavedb:00001200-d-1,F9 MultiSTEP F9 Gla domain scores,protein_hgvs_join_with_score_set,Fetch mapped-variants for the score set and reconcile VRS/genomic identity.
F9,p.Glu79Asp,10574,urn:mavedb:00001200-d-1,F9 MultiSTEP F9 Gla domain scores,protein_hgvs_join_with_score_set,Fetch mapped-variants for the score set and reconcile VRS/genomic identity.
F9,p.Glu79Lys,994019,urn:mavedb:00001200-d-1,F9 MultiSTEP F9 Gla domain scores,protein_hgvs_join_with_score_set,Fetch mapped-variants for the score set and reconcile VRS/genomic identity.
F9,p.Glu79Val,2925691,urn:mavedb:00001200-d-1,F9 MultiSTEP F9 Gla domain scores,protein_hgvs_join_with_score_set,Fetch mapped-variants for the score set and reconcile VRS/genomic identity.
F9,p.Glu7Asp,10566,,,missing_mavedb_line,Search MaveDB for a matching score set or mark as no public MAVE evidence.
F9,p.Gly105Asp,1676742,urn:mavedb:00001200-d-1,F9 MultiSTEP F9 Gla domain scores,protein_hgvs_join_with_score_set,Fetch mapped-variants for the score set and reconcile VRS/genomic identity.
F9,p.Gly105Val,3759689,urn:mavedb:00001200-d-1,F9 MultiSTEP F9 Gla domain scores,protein_hgvs_join_with_score_set,Fetch mapped-variants for the score set and reconcile VRS/genomic identity.
F9,p.Gly106Ser,10579,urn:mavedb:00001200-d-1,F9 MultiSTEP F9 Gla domain scores,protein_hgvs_join_with_score_set,Fetch mapped-variants for the score set and reconcile VRS/genomic identity.
F9,p.Gly122Val,1684372,urn:mavedb:00001200-d-1,F9 MultiSTEP F9 Gla domain scores,protein_hgvs_join_with_score_set,Fetch mapped-variants for the score set and reconcile VRS/genomic identity.
F9,p.Gly125Arg,4081674,urn:mavedb:00001200-d-1,F9 MultiSTEP F9 Gla domain scores,protein_hgvs_join_with_score_set,Fetch mapped-variants for the score set and reconcile VRS/genomic identity.
F9,p.Gly139Asp,810876,urn:mavedb:00001200-d-1,F9 MultiSTEP F9 Gla domain scores,missing_mavedb_line,Search MaveDB for a matching score set or mark as no public MAVE evidence.
F9,p.Gly160Ala,10581,urn:mavedb:00001200-d-1,F9 MultiSTEP F9 Gla domain scores,protein_hgvs_join_with_score_set,Fetch mapped-variants for the score set and reconcile VRS/genomic identity.
F9,p.Gly160Arg,2138738,urn:mavedb:00001200-d-1,F9 MultiSTEP F9 Gla domain scores,protein_hgvs_join_with_score_set,Fetch mapped-variants for the score set and reconcile VRS/genomic identity.
F9,p.Gly160Glu,4783887,urn:mavedb:00001200-d-1,F9 MultiSTEP F9 Gla domain scores,protein_hgvs_join_with_score_set,Fetch mapped-variants for the score set and reconcile VRS/genomic identity.
F9,p.Gly230Arg,4081673,urn:mavedb:00001200-d-1,F9 MultiSTEP F9 Gla domain scores,protein_hgvs_join_with_score_set,Fetch mapped-variants for the score set and reconcile VRS/genomic identity.
F9,p.Gly236Leu,2635268,urn:mavedb:00001200-d-1,F9 MultiSTEP F9 Gla domain scores,protein_hgvs_join_with_score_set,Fetch mapped-variants for the score set and reconcile VRS/genomic identity.
F9,p.Gly253Arg,627130,urn:mavedb:00001200-d-1,F9 MultiSTEP F9 Gla domain scores,protein_hgvs_join_with_score_set,Fetch mapped-variants for the score set and reconcile VRS/genomic identity.
F9,p.Gly254Ser,3896563,urn:mavedb:00001200-d-1,F9 MultiSTEP F9 Gla domain scores,protein_hgvs_join_with_score_set,Fetch mapped-variants for the score set and reconcile VRS/genomic identity.
F9,p.Gly280Ala,4795939,urn:mavedb:00001200-d-1,F9 MultiSTEP F9 Gla domain scores,protein_hgvs_join_with_score_set,Fetch mapped-variants for the score set and reconcile VRS/genomic identity.
F9,p.Gly280Asp,1070513,urn:mavedb:00001200-d-1,F9 MultiSTEP F9 Gla domain scores,protein_hgvs_join_with_score_set,Fetch mapped-variants for the score set and reconcile VRS/genomic identity.
F9,p.Gly355Val,10609,urn:mavedb:00001200-d-1,F9 MultiSTEP F9 Gla domain scores,protein_hgvs_join_with_score_set,Fetch mapped-variants for the score set and reconcile VRS/genomic identity.
F9,p.Gly357Arg,10611,urn:mavedb:00001200-d-1,F9 MultiSTEP F9 Gla domain scores,protein_hgvs_join_with_score_set,Fetch mapped-variants for the score set and reconcile VRS/genomic identity.
F9,p.Gly357Glu,10647,urn:mavedb:00001200-d-1,F9 MultiSTEP F9 Gla domain scores,protein_hgvs_join_with_score_set,Fetch mapped-variants for the score set and reconcile VRS/genomic identity.
F9,p.Gly357Val,3907396,urn:mavedb:00001200-d-1,F9 MultiSTEP F9 Gla domain scores,protein_hgvs_join_with_score_set,Fetch mapped-variants for the score set and reconcile VRS/genomic identity.
F9,p.Gly398Val,2444307,urn:mavedb:00001200-d-1,F9 MultiSTEP F9 Gla domain scores,protein_hgvs_join_with_score_set,Fetch mapped-variants for the score set and reconcile VRS/genomic identity.
F9,p.Gly402Arg,4535627,urn:mavedb:00001200-d-1,F9 MultiSTEP F9 Gla domain scores,protein_hgvs_join_with_score_set,Fetch mapped-variants for the score set and reconcile VRS/genomic identity.
F9,p.Gly409Arg,3338825,urn:mavedb:00001200-d-1,F9 MultiSTEP F9 Gla domain scores,protein_hgvs_join_with_score_set,Fetch mapped-variants for the score set and reconcile VRS/genomic identity.
F9,p.Gly409Val,4687707,urn:mavedb:00001200-d-1,F9 MultiSTEP F9 Gla domain scores,protein_hgvs_join_with_score_set,Fetch mapped-variants for the score set and reconcile VRS/genomic identity.
F9,p.Gly412Glu,2775451,urn:mavedb:00001200-d-1,F9 MultiSTEP F9 Gla domain scores,protein_hgvs_join_with_score_set,Fetch mapped-variants for the score set and reconcile VRS/genomic identity.
F9,p.Gly432Ala,837906,urn:mavedb:00001200-d-1,F9 MultiSTEP F9 Gla domain scores,protein_hgvs_join_with_score_set,Fetch mapped-variants for the score set and reconcile VRS/genomic identity.
F9,p.Gly432Ser,2925702,urn:mavedb:00001200-d-1,F9 MultiSTEP F9 Gla domain scores,protein_hgvs_join_with_score_set,Fetch mapped-variants for the score set and reconcile VRS/genomic identity.
F9,p.Gly442Ala,3242383,urn:mavedb:00001200-d-1,F9 MultiSTEP F9 Gla domain scores,protein_hgvs_join_with_score_set,Fetch mapped-variants for the score set and reconcile VRS/genomic identity.
F9,p.Gly442Arg,10624,urn:mavedb:00001200-d-1,F9 MultiSTEP F9 Gla domain scores,protein_hgvs_join_with_score_set,Fetch mapped-variants for the score set and reconcile VRS/genomic identity.
F9,p.Gly442Glu,811513,urn:mavedb:00001200-d-1,F9 MultiSTEP F9 Gla domain scores,protein_hgvs_join_with_score_set,Fetch mapped-variants for the score set and reconcile VRS/genomic identity.
F9,p.Gly442Val,3242384,urn:mavedb:00001200-d-1,F9 MultiSTEP F9 Gla domain scores,protein_hgvs_join_with_score_set,Fetch mapped-variants for the score set and reconcile VRS/genomic identity.
F9,p.Gly50Ala,1524877,urn:mavedb:00001200-d-1,F9 MultiSTEP F9 Gla domain scores,protein_hgvs_join_with_score_set,Fetch mapped-variants for the score set and reconcile VRS/genomic identity.
F9,p.Gly50Asp,3385073,urn:mavedb:00001200-d-1,F9 MultiSTEP F9 Gla domain scores,protein_hgvs_join_with_score_set,Fetch mapped-variants for the score set and reconcile VRS/genomic identity.
F9,p.Gly50Ser,454495,urn:mavedb:00001200-d-1,F9 MultiSTEP F9 Gla domain scores,protein_hgvs_join_with_score_set,Fetch mapped-variants for the score set and reconcile VRS/genomic identity.
F9,p.Gly94Arg,454496,urn:mavedb:00001200-d-1,F9 MultiSTEP F9 Gla domain scores,protein_hgvs_join_with_score_set,Fetch mapped-variants for the score set and reconcile VRS/genomic identity.
F9,p.His282Tyr,1142361,urn:mavedb:00001200-d-1,F9 MultiSTEP F9 Gla domain scores,protein_hgvs_join_with_score_set,Fetch mapped-variants for the score set and reconcile VRS/genomic identity.
F9,p.His303Tyr,10641,urn:mavedb:00001200-d-1,F9 MultiSTEP F9 Gla domain scores,protein_hgvs_join_with_score_set,Fetch mapped-variants for the score set and reconcile VRS/genomic identity.
F9,p.Ile136Thr,627177,urn:mavedb:00001200-d-1,F9 MultiSTEP F9 Gla domain scores,protein_hgvs_join_with_score_set,Fetch mapped-variants for the score set and reconcile VRS/genomic identity.
F9,p.Ile316Thr,811502,urn:mavedb:00001200-d-1,F9 MultiSTEP F9 Gla domain scores,protein_hgvs_join_with_score_set,Fetch mapped-variants for the score set and reconcile VRS/genomic identity.
F9,p.Ile344Thr,10665,urn:mavedb:00001200-d-1,F9 MultiSTEP F9 Gla domain scores,protein_hgvs_join_with_score_set,Fetch mapped-variants for the score set and reconcile VRS/genomic identity.
F9,p.Ile390Phe,2632738,urn:mavedb:00001200-d-1,F9 MultiSTEP F9 Gla domain scores,protein_hgvs_join_with_score_set,Fetch mapped-variants for the score set and reconcile VRS/genomic identity.
F9,p.Ile428Phe,3380935,urn:mavedb:00001200-d-1,F9 MultiSTEP F9 Gla domain scores,protein_hgvs_join_with_score_set,Fetch mapped-variants for the score set and reconcile VRS/genomic identity.
F9,p.Ile443Thr,10627,urn:mavedb:00001200-d-1,F9 MultiSTEP F9 Gla domain scores,protein_hgvs_join_with_score_set,Fetch mapped-variants for the score set and reconcile VRS/genomic identity.
F9,p.Ile454Thr,810865,urn:mavedb:00001200-d-1,F9 MultiSTEP F9 Gla domain scores,protein_hgvs_join_with_score_set,Fetch mapped-variants for the score set and reconcile VRS/genomic identity.
F9,p.Ile7Phe,367997,urn:mavedb:00001200-d-1,F9 MultiSTEP F9 Gla domain scores,protein_hgvs_join_with_score_set,Fetch mapped-variants for the score set and reconcile VRS/genomic identity.
F9,p.Leu20Ser,4783884,urn:mavedb:00001200-d-1,F9 MultiSTEP F9 Gla domain scores,protein_hgvs_join_with_score_set,Fetch mapped-variants for the score set and reconcile VRS/genomic identity.
F9,p.Leu23Pro,2683971,urn:mavedb:00001200-d-1,F9 MultiSTEP F9 Gla domain scores,protein_hgvs_join_with_score_set,Fetch mapped-variants for the score set and reconcile VRS/genomic identity.
F9,p.Leu244Ser,811504,urn:mavedb:00001200-d-1,F9 MultiSTEP F9 Gla domain scores,protein_hgvs_join_with_score_set,Fetch mapped-variants for the score set and reconcile VRS/genomic identity.
F9,p.Leu318Arg,3390363,urn:mavedb:00001200-d-1,F9 MultiSTEP F9 Gla domain scores,protein_hgvs_join_with_score_set,Fetch mapped-variants for the score set and reconcile VRS/genomic identity.
F9,p.Leu318Phe,3390362,urn:mavedb:00001200-d-1,F9 MultiSTEP F9 Gla domain scores,protein_hgvs_join_with_score_set,Fetch mapped-variants for the score set and reconcile VRS/genomic identity.
F9,p.Leu369Pro,626973,urn:mavedb:00001200-d-1,F9 MultiSTEP F9 Gla domain scores,protein_hgvs_join_with_score_set,Fetch mapped-variants for the score set and reconcile VRS/genomic identity.
F9,p.Leu372Pro,520832,urn:mavedb:00001200-d-1,F9 MultiSTEP F9 Gla domain scores,protein_hgvs_join_with_score_set,Fetch mapped-variants for the score set and reconcile VRS/genomic identity.
F9,p.Leu383His,2925699,urn:mavedb:00001200-d-1,F9 MultiSTEP F9 Gla domain scores,protein_hgvs_join_with_score_set,Fetch mapped-variants for the score set and reconcile VRS/genomic identity.
F9,p.Leu52Ser,4087781,urn:mavedb:00001200-d-1,F9 MultiSTEP F9 Gla domain scores,protein_hgvs_join_with_score_set,Fetch mapped-variants for the score set and reconcile VRS/genomic identity.
F9,p.Lys362Glu,2683967,urn:mavedb:00001200-d-1,F9 MultiSTEP F9 Gla domain scores,protein_hgvs_join_with_score_set,Fetch mapped-variants for the score set and reconcile VRS/genomic identity.
F9,p.Lys39Arg,1160362,urn:mavedb:00001200-d-1,F9 MultiSTEP F9 Gla domain scores,protein_hgvs_join_with_score_set,Fetch mapped-variants for the score set and reconcile VRS/genomic identity.
F9,p.Met394Ile,2138744,urn:mavedb:00001200-d-1,F9 MultiSTEP F9 Gla domain scores,protein_hgvs_join_with_score_set,Fetch mapped-variants for the score set and reconcile VRS/genomic identity.
F9,p.Met394Val,10616,urn:mavedb:00001200-d-1,F9 MultiSTEP F9 Gla domain scores,protein_hgvs_join_with_score_set,Fetch mapped-variants for the score set and reconcile VRS/genomic identity.
F9,p.Phe123Ser,1508905,urn:mavedb:00001200-d-1,F9 MultiSTEP F9 Gla domain scores,protein_hgvs_join_with_score_set,Fetch mapped-variants for the score set and reconcile VRS/genomic identity.
F9,p.Phe238Val,1166447,urn:mavedb:00001200-d-1,F9 MultiSTEP F9 Gla domain scores,protein_hgvs_join_with_score_set,Fetch mapped-variants for the score set and reconcile VRS/genomic identity.
F9,p.Phe360Ser,2925698,urn:mavedb:00001200-d-1,F9 MultiSTEP F9 Gla domain scores,protein_hgvs_join_with_score_set,Fetch mapped-variants for the score set and reconcile VRS/genomic identity.
F9,p.Phe378Leu,10621,,,missing_mavedb_line,Search MaveDB for a matching score set or mark as no public MAVE evidence.
F9,p.Phe395Ile,1364269,urn:mavedb:00001200-d-1,F9 MultiSTEP F9 Gla domain scores,protein_hgvs_join_with_score_set,Fetch mapped-variants for the score set and reconcile VRS/genomic identity.
F9,p.Phe424Leu,2020181,urn:mavedb:00001200-d-1,F9 MultiSTEP F9 Gla domain scores,protein_hgvs_join_with_score_set,Fetch mapped-variants for the score set and reconcile VRS/genomic identity.
F9,p.Phe55Ile,1069182,urn:mavedb:00001200-d-1,F9 MultiSTEP F9 Gla domain scores,protein_hgvs_join_with_score_set,Fetch mapped-variants for the score set and reconcile VRS/genomic identity.
F9,p.Phe87Cys,811521,urn:mavedb:00001200-d-1,F9 MultiSTEP F9 Gla domain scores,protein_hgvs_join_with_score_set,Fetch mapped-variants for the score set and reconcile VRS/genomic identity.
F9,p.Pro101Ala,10578,urn:mavedb:00001200-d-1,F9 MultiSTEP F9 Gla domain scores,protein_hgvs_join_with_score_set,Fetch mapped-variants for the score set and reconcile VRS/genomic identity.
F9,p.Pro101Gln,1067340,urn:mavedb:00001200-d-1,F9 MultiSTEP F9 Gla domain scores,protein_hgvs_join_with_score_set,Fetch mapped-variants for the score set and reconcile VRS/genomic identity.
F9,p.Pro175Ser,700019,urn:mavedb:00001200-d-1,F9 MultiSTEP F9 Gla domain scores,protein_hgvs_join_with_score_set,Fetch mapped-variants for the score set and reconcile VRS/genomic identity.
F9,p.Pro197Ser,1959260,urn:mavedb:00001200-d-1,F9 MultiSTEP F9 Gla domain scores,protein_hgvs_join_with_score_set,Fetch mapped-variants for the score set and reconcile VRS/genomic identity.
F9,p.Pro333Leu,10605,urn:mavedb:00001200-d-1,F9 MultiSTEP F9 Gla domain scores,protein_hgvs_join_with_score_set,Fetch mapped-variants for the score set and reconcile VRS/genomic identity.
F9,p.Pro414Leu,811507,urn:mavedb:00001200-d-1,F9 MultiSTEP F9 Gla domain scores,protein_hgvs_join_with_score_set,Fetch mapped-variants for the score set and reconcile VRS/genomic identity.
F9,p.Pro414Thr,10620,urn:mavedb:00001200-d-1,F9 MultiSTEP F9 Gla domain scores,protein_hgvs_join_with_score_set,Fetch mapped-variants for the score set and reconcile VRS/genomic identity.
F9,p.Pro44Ser,1085717,urn:mavedb:00001200-d-1,F9 MultiSTEP F9 Gla domain scores,protein_hgvs_join_with_score_set,Fetch mapped-variants for the score set and reconcile VRS/genomic identity.
F9,p.Ser169Pro,1803132,urn:mavedb:00001200-d-1,F9 MultiSTEP F9 Gla domain scores,protein_hgvs_join_with_score_set,Fetch mapped-variants for the score set and reconcile VRS/genomic identity.
F9,p.Ser220Thr,368001,urn:mavedb:00001200-d-1,F9 MultiSTEP F9 Gla domain scores,protein_hgvs_join_with_score_set,Fetch mapped-variants for the score set and reconcile VRS/genomic identity.
F9,p.Ser354Arg,1417984,urn:mavedb:00001200-d-1,F9 MultiSTEP F9 Gla domain scores,protein_hgvs_join_with_score_set,Fetch mapped-variants for the score set and reconcile VRS/genomic identity.
F9,p.Ser406Leu,10617,urn:mavedb:00001200-d-1,F9 MultiSTEP F9 Gla domain scores,protein_hgvs_join_with_score_set,Fetch mapped-variants for the score set and reconcile VRS/genomic identity.
F9,p.Ser411Gly,10650,urn:mavedb:00001200-d-1,F9 MultiSTEP F9 Gla domain scores,protein_hgvs_join_with_score_set,Fetch mapped-variants for the score set and reconcile VRS/genomic identity.
F9,p.Ser411Ile,10649,urn:mavedb:00001200-d-1,F9 MultiSTEP F9 Gla domain scores,protein_hgvs_join_with_score_set,Fetch mapped-variants for the score set and reconcile VRS/genomic identity.
F9,p.Ser430Arg,812043,urn:mavedb:00001200-d-1,F9 MultiSTEP F9 Gla domain scores,protein_hgvs_join_with_score_set,Fetch mapped-variants for the score set and reconcile VRS/genomic identity.
F9,p.Ser430Asn,618644,urn:mavedb:00001200-d-1,F9 MultiSTEP F9 Gla domain scores,protein_hgvs_join_with_score_set,Fetch mapped-variants for the score set and reconcile VRS/genomic identity.
F9,p.Thr194Ala,10588,urn:mavedb:00001200-d-1,F9 MultiSTEP F9 Gla domain scores,protein_hgvs_join_with_score_set,Fetch mapped-variants for the score set and reconcile VRS/genomic identity.
F9,p.Thr29Ile,2138734,urn:mavedb:00001200-d-1,F9 MultiSTEP F9 Gla domain scores,protein_hgvs_join_with_score_set,Fetch mapped-variants for the score set and reconcile VRS/genomic identity.
F9,p.Thr342Ala,812974,urn:mavedb:00001200-d-1,F9 MultiSTEP F9 Gla domain scores,protein_hgvs_join_with_score_set,Fetch mapped-variants for the score set and reconcile VRS/genomic identity.
F9,p.Thr342Met,10607,urn:mavedb:00001200-d-1,F9 MultiSTEP F9 Gla domain scores,protein_hgvs_join_with_score_set,Fetch mapped-variants for the score set and reconcile VRS/genomic identity.
F9,p.Thr461Pro,368004,urn:mavedb:00001200-d-1,F9 MultiSTEP F9 Gla domain scores,protein_hgvs_join_with_score_set,Fetch mapped-variants for the score set and reconcile VRS/genomic identity.
F9,p.Thr84Ala,695975,urn:mavedb:00001200-d-1,F9 MultiSTEP F9 Gla domain scores,protein_hgvs_join_with_score_set,Fetch mapped-variants for the score set and reconcile VRS/genomic identity.
F9,p.Thr84Ile,2925692,urn:mavedb:00001200-d-1,F9 MultiSTEP F9 Gla domain scores,protein_hgvs_join_with_score_set,Fetch mapped-variants for the score set and reconcile VRS/genomic identity.
F9,p.Trp240Gly,1491111,urn:mavedb:00001200-d-1,F9 MultiSTEP F9 Gla domain scores,protein_hgvs_join_with_score_set,Fetch mapped-variants for the score set and reconcile VRS/genomic identity.
F9,p.Trp431Cys,2925701,urn:mavedb:00001200-d-1,F9 MultiSTEP F9 Gla domain scores,protein_hgvs_join_with_score_set,Fetch mapped-variants for the score set and reconcile VRS/genomic identity.
F9,p.Trp453Arg,10628,urn:mavedb:00001200-d-1,F9 MultiSTEP F9 Gla domain scores,protein_hgvs_join_with_score_set,Fetch mapped-variants for the score set and reconcile VRS/genomic identity.
F9,p.Tyr115Cys,810872,urn:mavedb:00001200-d-1,F9 MultiSTEP F9 Gla domain scores,protein_hgvs_join_with_score_set,Fetch mapped-variants for the score set and reconcile VRS/genomic identity.
F9,p.Tyr161Cys,963994,urn:mavedb:00001200-d-1,F9 MultiSTEP F9 Gla domain scores,protein_hgvs_join_with_score_set,Fetch mapped-variants for the score set and reconcile VRS/genomic identity.
F9,p.Tyr305Cys,812973,urn:mavedb:00001200-d-1,F9 MultiSTEP F9 Gla domain scores,protein_hgvs_join_with_score_set,Fetch mapped-variants for the score set and reconcile VRS/genomic identity.
F9,p.Tyr450Cys,4542502,urn:mavedb:00001200-d-1,F9 MultiSTEP F9 Gla domain scores,protein_hgvs_join_with_score_set,Fetch mapped-variants for the score set and reconcile VRS/genomic identity.
F9,p.Tyr91Asn,1684374,urn:mavedb:00001200-d-1,F9 MultiSTEP F9 Gla domain scores,protein_hgvs_join_with_score_set,Fetch mapped-variants for the score set and reconcile VRS/genomic identity.
F9,p.Val153Ala,3380933,urn:mavedb:00001200-d-1,F9 MultiSTEP F9 Gla domain scores,protein_hgvs_join_with_score_set,Fetch mapped-variants for the score set and reconcile VRS/genomic identity.
F9,p.Val153Met,2631132,urn:mavedb:00001200-d-1,F9 MultiSTEP F9 Gla domain scores,protein_hgvs_join_with_score_set,Fetch mapped-variants for the score set and reconcile VRS/genomic identity.
F9,p.Val174Met,811516,urn:mavedb:00001200-d-1,F9 MultiSTEP F9 Gla domain scores,protein_hgvs_join_with_score_set,Fetch mapped-variants for the score set and reconcile VRS/genomic identity.
F9,p.Val181Phe,10592,urn:mavedb:00001200-d-1,F9 MultiSTEP F9 Gla domain scores,protein_hgvs_join_with_score_set,Fetch mapped-variants for the score set and reconcile VRS/genomic identity.
F9,p.Val195Gly,2184672,urn:mavedb:00001200-d-1,F9 MultiSTEP F9 Gla domain scores,protein_hgvs_join_with_score_set,Fetch mapped-variants for the score set and reconcile VRS/genomic identity.
F9,p.Val227Ala,4688182,urn:mavedb:00001200-d-1,F9 MultiSTEP F9 Gla domain scores,protein_hgvs_join_with_score_set,Fetch mapped-variants for the score set and reconcile VRS/genomic identity.
F9,p.Val227Ile,1596936,urn:mavedb:00001200-d-1,F9 MultiSTEP F9 Gla domain scores,protein_hgvs_join_with_score_set,Fetch mapped-variants for the score set and reconcile VRS/genomic identity.
F9,p.Val228Leu,10594,urn:mavedb:00001200-d-1,F9 MultiSTEP F9 Gla domain scores,protein_hgvs_join_with_score_set,Fetch mapped-variants for the score set and reconcile VRS/genomic identity.
F9,p.Val228Phe,10593,urn:mavedb:00001200-d-1,F9 MultiSTEP F9 Gla domain scores,protein_hgvs_join_with_score_set,Fetch mapped-variants for the score set and reconcile VRS/genomic identity.
F9,p.Val30Ile,651569,urn:mavedb:00001200-d-1,F9 MultiSTEP F9 Gla domain scores,protein_hgvs_join_with_score_set,Fetch mapped-variants for the score set and reconcile VRS/genomic identity.
F9,p.Val30Leu,627400,urn:mavedb:00001200-d-1,F9 MultiSTEP F9 Gla domain scores,protein_hgvs_join_with_score_set,Fetch mapped-variants for the score set and reconcile VRS/genomic identity.
F9,p.Val353Ala,10608,urn:mavedb:00001200-d-1,F9 MultiSTEP F9 Gla domain scores,protein_hgvs_join_with_score_set,Fetch mapped-variants for the score set and reconcile VRS/genomic identity.
F9,p.Val374Phe,10639,urn:mavedb:00001200-d-1,F9 MultiSTEP F9 Gla domain scores,protein_hgvs_join_with_score_set,Fetch mapped-variants for the score set and reconcile VRS/genomic identity.
F9,p.Val377Leu,3774330,urn:mavedb:00001200-d-1,F9 MultiSTEP F9 Gla domain scores,protein_hgvs_join_with_score_set,Fetch mapped-variants for the score set and reconcile VRS/genomic identity.
F9,p.Val419Glu,10658,urn:mavedb:00001200-d-1,F9 MultiSTEP F9 Gla domain scores,protein_hgvs_join_with_score_set,Fetch mapped-variants for the score set and reconcile VRS/genomic identity.
F9,p.Val419Gly,618116,urn:mavedb:00001200-d-1,F9 MultiSTEP F9 Gla domain scores,protein_hgvs_join_with_score_set,Fetch mapped-variants for the score set and reconcile VRS/genomic identity.
GCK,p.Ala119Asp,1338287,urn:mavedb:00000096-b-1,GCK variant abundance measured by DHFR-PCA,protein_hgvs_join_with_score_set,Fetch mapped-variants for the score set and reconcile VRS/genomic identity.
GCK,p.Ala11Thr,129141,urn:mavedb:00000096-b-1,GCK variant abundance measured by DHFR-PCA,protein_hgvs_join_with_score_set,Fetch mapped-variants for the score set and reconcile VRS/genomic identity.
GCK,p.Ala188Pro,2502089,urn:mavedb:00000096-b-1,GCK variant abundance measured by DHFR-PCA,protein_hgvs_join_with_score_set,Fetch mapped-variants for the score set and reconcile VRS/genomic identity.
GCK,p.Ala188Thr,804849,urn:mavedb:00000096-b-1,GCK variant abundance measured by DHFR-PCA,protein_hgvs_join_with_score_set,Fetch mapped-variants for the score set and reconcile VRS/genomic identity.
GCK,p.Ala201Ser,198050,urn:mavedb:00000096-b-1,GCK variant abundance measured by DHFR-PCA,protein_hgvs_join_with_score_set,Fetch mapped-variants for the score set and reconcile VRS/genomic identity.
GCK,p.Ala208Pro,2691827,urn:mavedb:00000096-b-1,GCK variant abundance measured by DHFR-PCA,protein_hgvs_join_with_score_set,Fetch mapped-variants for the score set and reconcile VRS/genomic identity.
GCK,p.Ala208Thr,804344,urn:mavedb:00000096-b-1,GCK variant abundance measured by DHFR-PCA,protein_hgvs_join_with_score_set,Fetch mapped-variants for the score set and reconcile VRS/genomic identity.
GCK,p.Ala208Val,447411,urn:mavedb:00000096-b-1,GCK variant abundance measured by DHFR-PCA,protein_hgvs_join_with_score_set,Fetch mapped-variants for the score set and reconcile VRS/genomic identity.
GCK,p.Ala232Asp,1756314,urn:mavedb:00000096-b-1,GCK variant abundance measured by DHFR-PCA,protein_hgvs_join_with_score_set,Fetch mapped-variants for the score set and reconcile VRS/genomic identity.
GCK,p.Ala259Ser,2578354,urn:mavedb:00000096-b-1,GCK variant abundance measured by DHFR-PCA,protein_hgvs_join_with_score_set,Fetch mapped-variants for the score set and reconcile VRS/genomic identity.
GCK,p.Ala259Thr,435302,urn:mavedb:00000096-b-1,GCK variant abundance measured by DHFR-PCA,protein_hgvs_join_with_score_set,Fetch mapped-variants for the score set and reconcile VRS/genomic identity.
GCK,p.Ala259Val,447417,urn:mavedb:00000096-b-1,GCK variant abundance measured by DHFR-PCA,protein_hgvs_join_with_score_set,Fetch mapped-variants for the score set and reconcile VRS/genomic identity.
GCK,p.Ala378Asp,2664370,,,missing_mavedb_line,Search MaveDB for a matching score set or mark as no public MAVE evidence.
GCK,p.Ala378Gly,972776,urn:mavedb:00000096-b-1,GCK variant abundance measured by DHFR-PCA,protein_hgvs_join_with_score_set,Fetch mapped-variants for the score set and reconcile VRS/genomic identity.
GCK,p.Ala378Pro,2628365,urn:mavedb:00000096-b-1,GCK variant abundance measured by DHFR-PCA,protein_hgvs_join_with_score_set,Fetch mapped-variants for the score set and reconcile VRS/genomic identity.
GCK,p.Ala378Thr,16145,urn:mavedb:00000096-b-1,GCK variant abundance measured by DHFR-PCA,protein_hgvs_join_with_score_set,Fetch mapped-variants for the score set and reconcile VRS/genomic identity.
GCK,p.Ala378Val,21076,urn:mavedb:00000096-b-1,GCK variant abundance measured by DHFR-PCA,protein_hgvs_join_with_score_set,Fetch mapped-variants for the score set and reconcile VRS/genomic identity.
GCK,p.Ala379Glu,36177,,,missing_mavedb_line,Search MaveDB for a matching score set or mark as no public MAVE evidence.
GCK,p.Ala379Gly,447382,urn:mavedb:00000096-b-1,GCK variant abundance measured by DHFR-PCA,protein_hgvs_join_with_score_set,Fetch mapped-variants for the score set and reconcile VRS/genomic identity.
GCK,p.Ala379Val,804834,urn:mavedb:00000096-b-1,GCK variant abundance measured by DHFR-PCA,protein_hgvs_join_with_score_set,Fetch mapped-variants for the score set and reconcile VRS/genomic identity.
GCK,p.Ala384Glu,2136509,urn:mavedb:00000096-b-1,GCK variant abundance measured by DHFR-PCA,protein_hgvs_join_with_score_set,Fetch mapped-variants for the score set and reconcile VRS/genomic identity.
GCK,p.Ala384Thr,1734018,urn:mavedb:00000096-b-1,GCK variant abundance measured by DHFR-PCA,protein_hgvs_join_with_score_set,Fetch mapped-variants for the score set and reconcile VRS/genomic identity.
GCK,p.Ala384Val,804836,urn:mavedb:00000096-b-1,GCK variant abundance measured by DHFR-PCA,protein_hgvs_join_with_score_set,Fetch mapped-variants for the score set and reconcile VRS/genomic identity.
GCK,p.Ala387Glu,36181,urn:mavedb:00000096-b-1,GCK variant abundance measured by DHFR-PCA,protein_hgvs_join_with_score_set,Fetch mapped-variants for the score set and reconcile VRS/genomic identity.
GCK,p.Ala387Thr,3024417,urn:mavedb:00000096-b-1,GCK variant abundance measured by DHFR-PCA,protein_hgvs_join_with_score_set,Fetch mapped-variants for the score set and reconcile VRS/genomic identity.
GCK,p.Ala387Val,36182,urn:mavedb:00000096-b-1,GCK variant abundance measured by DHFR-PCA,protein_hgvs_join_with_score_set,Fetch mapped-variants for the score set and reconcile VRS/genomic identity.
GCK,p.Ala449Ser,3233991,urn:mavedb:00000096-b-1,GCK variant abundance measured by DHFR-PCA,protein_hgvs_join_with_score_set,Fetch mapped-variants for the score set and reconcile VRS/genomic identity.
GCK,p.Ala449Thr,36199,urn:mavedb:00000096-b-1,GCK variant abundance measured by DHFR-PCA,protein_hgvs_join_with_score_set,Fetch mapped-variants for the score set and reconcile VRS/genomic identity.
GCK,p.Ala450Ser,1770532,urn:mavedb:00000096-b-1,GCK variant abundance measured by DHFR-PCA,protein_hgvs_join_with_score_set,Fetch mapped-variants for the score set and reconcile VRS/genomic identity.
GCK,p.Ala454Glu,393447,urn:mavedb:00000096-b-1,GCK variant abundance measured by DHFR-PCA,protein_hgvs_join_with_score_set,Fetch mapped-variants for the score set and reconcile VRS/genomic identity.
GCK,p.Ala454Val,3068512,urn:mavedb:00000096-b-1,GCK variant abundance measured by DHFR-PCA,protein_hgvs_join_with_score_set,Fetch mapped-variants for the score set and reconcile VRS/genomic identity.
GCK,p.Ala456Val,16143,urn:mavedb:00000096-b-1,GCK variant abundance measured by DHFR-PCA,protein_hgvs_join_with_score_set,Fetch mapped-variants for the score set and reconcile VRS/genomic identity.
GCK,p.Arg155Ser,2628364,urn:mavedb:00000096-b-1,GCK variant abundance measured by DHFR-PCA,protein_hgvs_join_with_score_set,Fetch mapped-variants for the score set and reconcile VRS/genomic identity.
GCK,p.Arg155Thr,447401,urn:mavedb:00000096-b-1,GCK variant abundance measured by DHFR-PCA,protein_hgvs_join_with_score_set,Fetch mapped-variants for the score set and reconcile VRS/genomic identity.
GCK,p.Arg191Gln,283358,urn:mavedb:00000096-b-1,GCK variant abundance measured by DHFR-PCA,protein_hgvs_join_with_score_set,Fetch mapped-variants for the score set and reconcile VRS/genomic identity.
GCK,p.Arg191Trp,426122,urn:mavedb:00000096-b-1,GCK variant abundance measured by DHFR-PCA,protein_hgvs_join_with_score_set,Fetch mapped-variants for the score set and reconcile VRS/genomic identity.
GCK,p.Arg250Cys,393451,urn:mavedb:00000096-b-1,GCK variant abundance measured by DHFR-PCA,protein_hgvs_join_with_score_set,Fetch mapped-variants for the score set and reconcile VRS/genomic identity.
GCK,p.Arg250His,435311,urn:mavedb:00000096-b-1,GCK variant abundance measured by DHFR-PCA,protein_hgvs_join_with_score_set,Fetch mapped-variants for the score set and reconcile VRS/genomic identity.
GCK,p.Arg275Cys,585927,urn:mavedb:00000096-b-1,GCK variant abundance measured by DHFR-PCA,protein_hgvs_join_with_score_set,Fetch mapped-variants for the score set and reconcile VRS/genomic identity.
GCK,p.Arg275Gly,2664365,urn:mavedb:00000096-b-1,GCK variant abundance measured by DHFR-PCA,protein_hgvs_join_with_score_set,Fetch mapped-variants for the score set and reconcile VRS/genomic identity.
GCK,p.Arg275Leu,435310,urn:mavedb:00000096-b-1,GCK variant abundance measured by DHFR-PCA,protein_hgvs_join_with_score_set,Fetch mapped-variants for the score set and reconcile VRS/genomic identity.
GCK,p.Arg275Pro,2581126,urn:mavedb:00000096-b-1,GCK variant abundance measured by DHFR-PCA,protein_hgvs_join_with_score_set,Fetch mapped-variants for the score set and reconcile VRS/genomic identity.
GCK,p.Arg303Gln,435301,urn:mavedb:00000096-b-1,GCK variant abundance measured by DHFR-PCA,protein_hgvs_join_with_score_set,Fetch mapped-variants for the score set and reconcile VRS/genomic identity.
GCK,p.Arg303Leu,447424,urn:mavedb:00000096-b-1,GCK variant abundance measured by DHFR-PCA,protein_hgvs_join_with_score_set,Fetch mapped-variants for the score set and reconcile VRS/genomic identity.
GCK,p.Arg303Trp,36264,urn:mavedb:00000096-b-1,GCK variant abundance measured by DHFR-PCA,protein_hgvs_join_with_score_set,Fetch mapped-variants for the score set and reconcile VRS/genomic identity.
GCK,p.Arg369Cys,4685066,urn:mavedb:00000096-b-1,GCK variant abundance measured by DHFR-PCA,protein_hgvs_join_with_score_set,Fetch mapped-variants for the score set and reconcile VRS/genomic identity.
GCK,p.Arg369Pro,2632567,urn:mavedb:00000096-b-1,GCK variant abundance measured by DHFR-PCA,protein_hgvs_join_with_score_set,Fetch mapped-variants for the score set and reconcile VRS/genomic identity.
GCK,p.Arg36Trp,431973,,,missing_mavedb_line,Search MaveDB for a matching score set or mark as no public MAVE evidence.
GCK,p.Arg377Cys,585908,urn:mavedb:00000096-b-1,GCK variant abundance measured by DHFR-PCA,protein_hgvs_join_with_score_set,Fetch mapped-variants for the score set and reconcile VRS/genomic identity.
GCK,p.Arg377His,36176,urn:mavedb:00000096-b-1,GCK variant abundance measured by DHFR-PCA,protein_hgvs_join_with_score_set,Fetch mapped-variants for the score set and reconcile VRS/genomic identity.
GCK,p.Arg377Leu,872751,urn:mavedb:00000096-b-1,GCK variant abundance measured by DHFR-PCA,protein_hgvs_join_with_score_set,Fetch mapped-variants for the score set and reconcile VRS/genomic identity.
GCK,p.Arg377Ser,1727652,urn:mavedb:00000096-b-1,GCK variant abundance measured by DHFR-PCA,protein_hgvs_join_with_score_set,Fetch mapped-variants for the score set and reconcile VRS/genomic identity.
GCK,p.Arg392Cys,585909,urn:mavedb:00000096-b-1,GCK variant abundance measured by DHFR-PCA,protein_hgvs_join_with_score_set,Fetch mapped-variants for the score set and reconcile VRS/genomic identity.
GCK,p.Arg392Gly,1301416,urn:mavedb:00000096-b-1,GCK variant abundance measured by DHFR-PCA,protein_hgvs_join_with_score_set,Fetch mapped-variants for the score set and reconcile VRS/genomic identity.
GCK,p.Arg392Leu,36185,urn:mavedb:00000096-b-1,GCK variant abundance measured by DHFR-PCA,protein_hgvs_join_with_score_set,Fetch mapped-variants for the score set and reconcile VRS/genomic identity.
GCK,p.Arg392Pro,2574162,urn:mavedb:00000096-b-1,GCK variant abundance measured by DHFR-PCA,protein_hgvs_join_with_score_set,Fetch mapped-variants for the score set and reconcile VRS/genomic identity.
GCK,p.Arg392Ser,2581305,urn:mavedb:00000096-b-1,GCK variant abundance measured by DHFR-PCA,protein_hgvs_join_with_score_set,Fetch mapped-variants for the score set and reconcile VRS/genomic identity.
GCK,p.Arg394Leu,1522625,urn:mavedb:00000096-b-1,GCK variant abundance measured by DHFR-PCA,protein_hgvs_join_with_score_set,Fetch mapped-variants for the score set and reconcile VRS/genomic identity.
GCK,p.Arg394Pro,2169517,urn:mavedb:00000096-b-1,GCK variant abundance measured by DHFR-PCA,protein_hgvs_join_with_score_set,Fetch mapped-variants for the score set and reconcile VRS/genomic identity.
GCK,p.Arg394Ser,3602130,urn:mavedb:00000096-b-1,GCK variant abundance measured by DHFR-PCA,protein_hgvs_join_with_score_set,Fetch mapped-variants for the score set and reconcile VRS/genomic identity.
GCK,p.Arg397Cys,2734991,urn:mavedb:00000096-b-1,GCK variant abundance measured by DHFR-PCA,protein_hgvs_join_with_score_set,Fetch mapped-variants for the score set and reconcile VRS/genomic identity.
GCK,p.Arg397Gly,2578359,urn:mavedb:00000096-b-1,GCK variant abundance measured by DHFR-PCA,protein_hgvs_join_with_score_set,Fetch mapped-variants for the score set and reconcile VRS/genomic identity.
GCK,p.Arg397His,995102,,,missing_mavedb_line,Search MaveDB for a matching score set or mark as no public MAVE evidence.
GCK,p.Arg397Leu,21077,urn:mavedb:00000096-b-1,GCK variant abundance measured by DHFR-PCA,protein_hgvs_join_with_score_set,Fetch mapped-variants for the score set and reconcile VRS/genomic identity.
GCK,p.Arg397Pro,4077058,urn:mavedb:00000096-b-1,GCK variant abundance measured by DHFR-PCA,protein_hgvs_join_with_score_set,Fetch mapped-variants for the score set and reconcile VRS/genomic identity.
GCK,p.Arg43Cys,585911,urn:mavedb:00000096-b-1,GCK variant abundance measured by DHFR-PCA,protein_hgvs_join_with_score_set,Fetch mapped-variants for the score set and reconcile VRS/genomic identity.
GCK,p.Arg43His,393453,urn:mavedb:00000096-b-1,GCK variant abundance measured by DHFR-PCA,protein_hgvs_join_with_score_set,Fetch mapped-variants for the score set and reconcile VRS/genomic identity.
GCK,p.Arg43Pro,585913,urn:mavedb:00000096-b-1,GCK variant abundance measured by DHFR-PCA,protein_hgvs_join_with_score_set,Fetch mapped-variants for the score set and reconcile VRS/genomic identity.
GCK,p.Arg43Ser,585910,urn:mavedb:00000096-b-1,GCK variant abundance measured by DHFR-PCA,protein_hgvs_join_with_score_set,Fetch mapped-variants for the score set and reconcile VRS/genomic identity.
GCK,p.Arg447Gln,429500,urn:mavedb:00000096-b-1,GCK variant abundance measured by DHFR-PCA,protein_hgvs_join_with_score_set,Fetch mapped-variants for the score set and reconcile VRS/genomic identity.
GCK,p.Arg447Gly,36198,urn:mavedb:00000096-b-1,GCK variant abundance measured by DHFR-PCA,protein_hgvs_join_with_score_set,Fetch mapped-variants for the score set and reconcile VRS/genomic identity.
GCK,p.Arg447Pro,804842,urn:mavedb:00000096-b-1,GCK variant abundance measured by DHFR-PCA,protein_hgvs_join_with_score_set,Fetch mapped-variants for the score set and reconcile VRS/genomic identity.
GCK,p.Arg46Lys,1802664,urn:mavedb:00000096-b-1,GCK variant abundance measured by DHFR-PCA,protein_hgvs_join_with_score_set,Fetch mapped-variants for the score set and reconcile VRS/genomic identity.
GCK,p.Asn204Lys,3234078,urn:mavedb:00000096-b-1,GCK variant abundance measured by DHFR-PCA,protein_hgvs_join_with_score_set,Fetch mapped-variants for the score set and reconcile VRS/genomic identity.
GCK,p.Asp124Asn,211073,urn:mavedb:00000096-b-1,GCK variant abundance measured by DHFR-PCA,protein_hgvs_join_with_score_set,Fetch mapped-variants for the score set and reconcile VRS/genomic identity.
GCK,p.Asp124His,447397,urn:mavedb:00000096-b-1,GCK variant abundance measured by DHFR-PCA,protein_hgvs_join_with_score_set,Fetch mapped-variants for the score set and reconcile VRS/genomic identity.
GCK,p.Asp160Asn,447404,urn:mavedb:00000096-b-1,GCK variant abundance measured by DHFR-PCA,protein_hgvs_join_with_score_set,Fetch mapped-variants for the score set and reconcile VRS/genomic identity.
GCK,p.Asp160Glu,4687871,urn:mavedb:00000096-b-1,GCK variant abundance measured by DHFR-PCA,protein_hgvs_join_with_score_set,Fetch mapped-variants for the score set and reconcile VRS/genomic identity.
GCK,p.Asp160His,1743101,,,missing_mavedb_line,Search MaveDB for a matching score set or mark as no public MAVE evidence.
GCK,p.Asp187His,3238987,urn:mavedb:00000096-b-1,GCK variant abundance measured by DHFR-PCA,protein_hgvs_join_with_score_set,Fetch mapped-variants for the score set and reconcile VRS/genomic identity.
GCK,p.Asp187Tyr,3238986,,,missing_mavedb_line,Search MaveDB for a matching score set or mark as no public MAVE evidence.
GCK,p.Asp198Val,3338871,urn:mavedb:00000096-b-1,GCK variant abundance measured by DHFR-PCA,protein_hgvs_join_with_score_set,Fetch mapped-variants for the score set and reconcile VRS/genomic identity.
GCK,p.Asp205Gly,1679543,urn:mavedb:00000096-b-1,GCK variant abundance measured by DHFR-PCA,protein_hgvs_join_with_score_set,Fetch mapped-variants for the score set and reconcile VRS/genomic identity.
GCK,p.Asp205His,2579457,urn:mavedb:00000096-b-1,GCK variant abundance measured by DHFR-PCA,protein_hgvs_join_with_score_set,Fetch mapped-variants for the score set and reconcile VRS/genomic identity.
GCK,p.Asp205Tyr,2136522,,,missing_mavedb_line,Search MaveDB for a matching score set or mark as no public MAVE evidence.
GCK,p.Asp205Val,1679544,urn:mavedb:00000096-b-1,GCK variant abundance measured by DHFR-PCA,protein_hgvs_join_with_score_set,Fetch mapped-variants for the score set and reconcile VRS/genomic identity.
GCK,p.Asp217Asn,911631,urn:mavedb:00000096-b-1,GCK variant abundance measured by DHFR-PCA,protein_hgvs_join_with_score_set,Fetch mapped-variants for the score set and reconcile VRS/genomic identity.
GCK,p.Asp274Ala,3383925,urn:mavedb:00000096-b-1,GCK variant abundance measured by DHFR-PCA,protein_hgvs_join_with_score_set,Fetch mapped-variants for the score set and reconcile VRS/genomic identity.
GCK,p.Asp274Asn,3383924,,,missing_mavedb_line,Search MaveDB for a matching score set or mark as no public MAVE evidence.
GCK,p.Asp274Glu,994611,urn:mavedb:00000096-b-1,GCK variant abundance measured by DHFR-PCA,protein_hgvs_join_with_score_set,Fetch mapped-variants for the score set and reconcile VRS/genomic identity.
GCK,p.Asp274Gly,3383923,urn:mavedb:00000096-b-1,GCK variant abundance measured by DHFR-PCA,protein_hgvs_join_with_score_set,Fetch mapped-variants for the score set and reconcile VRS/genomic identity.
GCK,p.Asp274Tyr,3383926,,,missing_mavedb_line,Search MaveDB for a matching score set or mark as no public MAVE evidence.
GCK,p.Asp278Glu,2735003,urn:mavedb:00000096-b-1,GCK variant abundance measured by DHFR-PCA,protein_hgvs_join_with_score_set,Fetch mapped-variants for the score set and reconcile VRS/genomic identity.
GCK,p.Asp344Tyr,219179,urn:mavedb:00000096-b-1,GCK variant abundance measured by DHFR-PCA,protein_hgvs_join_with_score_set,Fetch mapped-variants for the score set and reconcile VRS/genomic identity.
GCK,p.Asp363Asn,418228,,,missing_mavedb_line,Search MaveDB for a matching score set or mark as no public MAVE evidence.
GCK,p.Asp363Gly,3383915,urn:mavedb:00000096-b-1,GCK variant abundance measured by DHFR-PCA,protein_hgvs_join_with_score_set,Fetch mapped-variants for the score set and reconcile VRS/genomic identity.
GCK,p.Asp4Asn,911766,urn:mavedb:00000096-b-1,GCK variant abundance measured by DHFR-PCA,protein_hgvs_join_with_score_set,Fetch mapped-variants for the score set and reconcile VRS/genomic identity.
GCK,p.Asp78Asn,3383928,urn:mavedb:00000096-b-1,GCK variant abundance measured by DHFR-PCA,protein_hgvs_join_with_score_set,Fetch mapped-variants for the score set and reconcile VRS/genomic identity.
GCK,p.Asp78Glu,3383930,urn:mavedb:00000096-b-1,GCK variant abundance measured by DHFR-PCA,protein_hgvs_join_with_score_set,Fetch mapped-variants for the score set and reconcile VRS/genomic identity.
GCK,p.Asp78Gly,3383931,urn:mavedb:00000096-b-1,GCK variant abundance measured by DHFR-PCA,protein_hgvs_join_with_score_set,Fetch mapped-variants for the score set and reconcile VRS/genomic identity.
GCK,p.Asp78His,3383929,urn:mavedb:00000096-b-1,GCK variant abundance measured by DHFR-PCA,protein_hgvs_join_with_score_set,Fetch mapped-variants for the score set and reconcile VRS/genomic identity.
GCK,p.Asp78Tyr,2500039,urn:mavedb:00000096-b-1,GCK variant abundance measured by DHFR-PCA,protein_hgvs_join_with_score_set,Fetch mapped-variants for the score set and reconcile VRS/genomic identity.
GCK,p.Cys129Phe,1807282,urn:mavedb:00000096-b-1,GCK variant abundance measured by DHFR-PCA,protein_hgvs_join_with_score_set,Fetch mapped-variants for the score set and reconcile VRS/genomic identity.
GCK,p.Cys129Tyr,1210150,urn:mavedb:00000096-b-1,GCK variant abundance measured by DHFR-PCA,protein_hgvs_join_with_score_set,Fetch mapped-variants for the score set and reconcile VRS/genomic identity.
GCK,p.Cys213Arg,2735011,urn:mavedb:00000096-b-1,GCK variant abundance measured by DHFR-PCA,protein_hgvs_join_with_score_set,Fetch mapped-variants for the score set and reconcile VRS/genomic identity.
GCK,p.Cys220Arg,36239,urn:mavedb:00000096-b-1,GCK variant abundance measured by DHFR-PCA,protein_hgvs_join_with_score_set,Fetch mapped-variants for the score set and reconcile VRS/genomic identity.
GCK,p.Cys220Tyr,36240,,,missing_mavedb_line,Search MaveDB for a matching score set or mark as no public MAVE evidence.
GCK,p.Cys230Arg,198397,urn:mavedb:00000096-b-1,GCK variant abundance measured by DHFR-PCA,protein_hgvs_join_with_score_set,Fetch mapped-variants for the score set and reconcile VRS/genomic identity.
GCK,p.Cys230Tyr,2628366,urn:mavedb:00000096-b-1,GCK variant abundance measured by DHFR-PCA,protein_hgvs_join_with_score_set,Fetch mapped-variants for the score set and reconcile VRS/genomic identity.
GCK,p.Cys371Arg,2578362,urn:mavedb:00000096-b-1,GCK variant abundance measured by DHFR-PCA,protein_hgvs_join_with_score_set,Fetch mapped-variants for the score set and reconcile VRS/genomic identity.
GCK,p.Cys371Phe,129140,,,missing_mavedb_line,Search MaveDB for a matching score set or mark as no public MAVE evidence.
GCK,p.Cys371Trp,447379,urn:mavedb:00000096-b-1,GCK variant abundance measured by DHFR-PCA,protein_hgvs_join_with_score_set,Fetch mapped-variants for the score set and reconcile VRS/genomic identity.
GCK,p.Cys371Tyr,2578347,,,missing_mavedb_line,Search MaveDB for a matching score set or mark as no public MAVE evidence.
GCK,p.Cys382Arg,447384,urn:mavedb:00000096-b-1,GCK variant abundance measured by DHFR-PCA,protein_hgvs_join_with_score_set,Fetch mapped-variants for the score set and reconcile VRS/genomic identity.
GCK,p.Cys382Gly,2581125,urn:mavedb:00000096-b-1,GCK variant abundance measured by DHFR-PCA,protein_hgvs_join_with_score_set,Fetch mapped-variants for the score set and reconcile VRS/genomic identity.
GCK,p.Cys382Ser,1709202,urn:mavedb:00000096-b-1,GCK variant abundance measured by DHFR-PCA,protein_hgvs_join_with_score_set,Fetch mapped-variants for the score set and reconcile VRS/genomic identity.
GCK,p.Cys382Tyr,1256304,urn:mavedb:00000096-b-1,GCK variant abundance measured by DHFR-PCA,protein_hgvs_join_with_score_set,Fetch mapped-variants for the score set and reconcile VRS/genomic identity.
GCK,p.Cys434Phe,3720735,,,missing_mavedb_line,Search MaveDB for a matching score set or mark as no public MAVE evidence.
GCK,p.Gln106Pro,2576969,urn:mavedb:00000096-b-1,GCK variant abundance measured by DHFR-PCA,protein_hgvs_join_with_score_set,Fetch mapped-variants for the score set and reconcile VRS/genomic identity.
GCK,p.Gln337Pro,3602116,urn:mavedb:00000096-b-1,GCK variant abundance measured by DHFR-PCA,protein_hgvs_join_with_score_set,Fetch mapped-variants for the score set and reconcile VRS/genomic identity.
GCK,p.Gln38Leu,2691828,urn:mavedb:00000096-b-1,GCK variant abundance measured by DHFR-PCA,protein_hgvs_join_with_score_set,Fetch mapped-variants for the score set and reconcile VRS/genomic identity.
GCK,p.Gln38Pro,420070,urn:mavedb:00000096-b-1,GCK variant abundance measured by DHFR-PCA,protein_hgvs_join_with_score_set,Fetch mapped-variants for the score set and reconcile VRS/genomic identity.
GCK,p.Glu157Lys,447402,urn:mavedb:00000096-b-1,GCK variant abundance measured by DHFR-PCA,protein_hgvs_join_with_score_set,Fetch mapped-variants for the score set and reconcile VRS/genomic identity.
GCK,p.Glu177Asp,3383919,urn:mavedb:00000096-b-1,GCK variant abundance measured by DHFR-PCA,protein_hgvs_join_with_score_set,Fetch mapped-variants for the score set and reconcile VRS/genomic identity.
GCK,p.Glu221Lys,36241,urn:mavedb:00000096-b-1,GCK variant abundance measured by DHFR-PCA,protein_hgvs_join_with_score_set,Fetch mapped-variants for the score set and reconcile VRS/genomic identity.
GCK,p.Glu236Lys,129146,urn:mavedb:00000096-b-1,GCK variant abundance measured by DHFR-PCA,protein_hgvs_join_with_score_set,Fetch mapped-variants for the score set and reconcile VRS/genomic identity.
GCK,p.Glu256Gln,421063,urn:mavedb:00000096-b-1,GCK variant abundance measured by DHFR-PCA,protein_hgvs_join_with_score_set,Fetch mapped-variants for the score set and reconcile VRS/genomic identity.
GCK,p.Glu256Lys,265175,urn:mavedb:00000096-b-1,GCK variant abundance measured by DHFR-PCA,protein_hgvs_join_with_score_set,Fetch mapped-variants for the score set and reconcile VRS/genomic identity.
GCK,p.Glu265Lys,447419,urn:mavedb:00000096-b-1,GCK variant abundance measured by DHFR-PCA,protein_hgvs_join_with_score_set,Fetch mapped-variants for the score set and reconcile VRS/genomic identity.
GCK,p.Glu268Lys,447420,urn:mavedb:00000096-b-1,GCK variant abundance measured by DHFR-PCA,protein_hgvs_join_with_score_set,Fetch mapped-variants for the score set and reconcile VRS/genomic identity.
GCK,p.Glu279Gln,211076,urn:mavedb:00000096-b-1,GCK variant abundance measured by DHFR-PCA,protein_hgvs_join_with_score_set,Fetch mapped-variants for the score set and reconcile VRS/genomic identity.
GCK,p.Glu300Gln,2578349,urn:mavedb:00000096-b-1,GCK variant abundance measured by DHFR-PCA,protein_hgvs_join_with_score_set,Fetch mapped-variants for the score set and reconcile VRS/genomic identity.
GCK,p.Glu300Gly,3068849,urn:mavedb:00000096-b-1,GCK variant abundance measured by DHFR-PCA,protein_hgvs_join_with_score_set,Fetch mapped-variants for the score set and reconcile VRS/genomic identity.
GCK,p.Glu300Lys,1436793,urn:mavedb:00000096-b-1,GCK variant abundance measured by DHFR-PCA,protein_hgvs_join_with_score_set,Fetch mapped-variants for the score set and reconcile VRS/genomic identity.
GCK,p.Glu339Gly,393450,urn:mavedb:00000096-b-1,GCK variant abundance measured by DHFR-PCA,protein_hgvs_join_with_score_set,Fetch mapped-variants for the score set and reconcile VRS/genomic identity.
GCK,p.Glu339Lys,39759,urn:mavedb:00000096-b-1,GCK variant abundance measured by DHFR-PCA,protein_hgvs_join_with_score_set,Fetch mapped-variants for the score set and reconcile VRS/genomic identity.
GCK,p.Glu40Lys,195024,urn:mavedb:00000096-b-1,GCK variant abundance measured by DHFR-PCA,protein_hgvs_join_with_score_set,Fetch mapped-variants for the score set and reconcile VRS/genomic identity.
GCK,p.Glu48Lys,1299600,urn:mavedb:00000096-b-1,GCK variant abundance measured by DHFR-PCA,protein_hgvs_join_with_score_set,Fetch mapped-variants for the score set and reconcile VRS/genomic identity.
GCK,p.Glu70Lys,1679552,urn:mavedb:00000096-b-1,GCK variant abundance measured by DHFR-PCA,protein_hgvs_join_with_score_set,Fetch mapped-variants for the score set and reconcile VRS/genomic identity.
GCK,p.Gly117Arg,1496579,urn:mavedb:00000096-b-1,GCK variant abundance measured by DHFR-PCA,protein_hgvs_join_with_score_set,Fetch mapped-variants for the score set and reconcile VRS/genomic identity.
GCK,p.Gly117Val,2662928,urn:mavedb:00000096-b-1,GCK variant abundance measured by DHFR-PCA,protein_hgvs_join_with_score_set,Fetch mapped-variants for the score set and reconcile VRS/genomic identity.
GCK,p.Gly170Val,36225,urn:mavedb:00000096-b-1,GCK variant abundance measured by DHFR-PCA,protein_hgvs_join_with_score_set,Fetch mapped-variants for the score set and reconcile VRS/genomic identity.
GCK,p.Gly175Arg,3024423,urn:mavedb:00000096-b-1,GCK variant abundance measured by DHFR-PCA,protein_hgvs_join_with_score_set,Fetch mapped-variants for the score set and reconcile VRS/genomic identity.
GCK,p.Gly175Glu,1746350,urn:mavedb:00000096-b-1,GCK variant abundance measured by DHFR-PCA,protein_hgvs_join_with_score_set,Fetch mapped-variants for the score set and reconcile VRS/genomic identity.
GCK,p.Gly178Ala,4531183,urn:mavedb:00000096-b-1,GCK variant abundance measured by DHFR-PCA,protein_hgvs_join_with_score_set,Fetch mapped-variants for the score set and reconcile VRS/genomic identity.
GCK,p.Gly178Arg,4814053,urn:mavedb:00000096-b-1,GCK variant abundance measured by DHFR-PCA,protein_hgvs_join_with_score_set,Fetch mapped-variants for the score set and reconcile VRS/genomic identity.
GCK,p.Gly178Glu,265174,urn:mavedb:00000096-b-1,GCK variant abundance measured by DHFR-PCA,protein_hgvs_join_with_score_set,Fetch mapped-variants for the score set and reconcile VRS/genomic identity.
GCK,p.Gly178Val,4814054,urn:mavedb:00000096-b-1,GCK variant abundance measured by DHFR-PCA,protein_hgvs_join_with_score_set,Fetch mapped-variants for the score set and reconcile VRS/genomic identity.
GCK,p.Gly223Arg,2578075,urn:mavedb:00000096-b-1,GCK variant abundance measured by DHFR-PCA,protein_hgvs_join_with_score_set,Fetch mapped-variants for the score set and reconcile VRS/genomic identity.
GCK,p.Gly223Ser,435306,urn:mavedb:00000096-b-1,GCK variant abundance measured by DHFR-PCA,protein_hgvs_join_with_score_set,Fetch mapped-variants for the score set and reconcile VRS/genomic identity.
GCK,p.Gly227Arg,2580859,urn:mavedb:00000096-b-1,GCK variant abundance measured by DHFR-PCA,protein_hgvs_join_with_score_set,Fetch mapped-variants for the score set and reconcile VRS/genomic identity.
GCK,p.Gly227Ser,2136518,urn:mavedb:00000096-b-1,GCK variant abundance measured by DHFR-PCA,protein_hgvs_join_with_score_set,Fetch mapped-variants for the score set and reconcile VRS/genomic identity.
GCK,p.Gly229Arg,3340323,urn:mavedb:00000096-b-1,GCK variant abundance measured by DHFR-PCA,protein_hgvs_join_with_score_set,Fetch mapped-variants for the score set and reconcile VRS/genomic identity.
GCK,p.Gly246Ala,804856,urn:mavedb:00000096-b-1,GCK variant abundance measured by DHFR-PCA,protein_hgvs_join_with_score_set,Fetch mapped-variants for the score set and reconcile VRS/genomic identity.
GCK,p.Gly246Arg,995372,urn:mavedb:00000096-b-1,GCK variant abundance measured by DHFR-PCA,protein_hgvs_join_with_score_set,Fetch mapped-variants for the score set and reconcile VRS/genomic identity.
GCK,p.Gly246Glu,995373,urn:mavedb:00000096-b-1,GCK variant abundance measured by DHFR-PCA,protein_hgvs_join_with_score_set,Fetch mapped-variants for the score set and reconcile VRS/genomic identity.
GCK,p.Gly261Arg,447418,urn:mavedb:00000096-b-1,GCK variant abundance measured by DHFR-PCA,protein_hgvs_join_with_score_set,Fetch mapped-variants for the score set and reconcile VRS/genomic identity.
GCK,p.Gly261Glu,2578353,urn:mavedb:00000096-b-1,GCK variant abundance measured by DHFR-PCA,protein_hgvs_join_with_score_set,Fetch mapped-variants for the score set and reconcile VRS/genomic identity.
GCK,p.Gly264Ser,21078,urn:mavedb:00000096-b-1,GCK variant abundance measured by DHFR-PCA,protein_hgvs_join_with_score_set,Fetch mapped-variants for the score set and reconcile VRS/genomic identity.
GCK,p.Gly294Asp,3338870,urn:mavedb:00000096-b-1,GCK variant abundance measured by DHFR-PCA,protein_hgvs_join_with_score_set,Fetch mapped-variants for the score set and reconcile VRS/genomic identity.
GCK,p.Gly294Val,1707504,urn:mavedb:00000096-b-1,GCK variant abundance measured by DHFR-PCA,protein_hgvs_join_with_score_set,Fetch mapped-variants for the score set and reconcile VRS/genomic identity.
GCK,p.Gly295Asp,994613,urn:mavedb:00000096-b-1,GCK variant abundance measured by DHFR-PCA,protein_hgvs_join_with_score_set,Fetch mapped-variants for the score set and reconcile VRS/genomic identity.
GCK,p.Gly295Ser,447423,urn:mavedb:00000096-b-1,GCK variant abundance measured by DHFR-PCA,protein_hgvs_join_with_score_set,Fetch mapped-variants for the score set and reconcile VRS/genomic identity.
GCK,p.Gly295Val,2578352,urn:mavedb:00000096-b-1,GCK variant abundance measured by DHFR-PCA,protein_hgvs_join_with_score_set,Fetch mapped-variants for the score set and reconcile VRS/genomic identity.
GCK,p.Gly299Arg,16136,urn:mavedb:00000096-b-1,GCK variant abundance measured by DHFR-PCA,protein_hgvs_join_with_score_set,Fetch mapped-variants for the score set and reconcile VRS/genomic identity.
GCK,p.Gly299Asp,2734999,urn:mavedb:00000096-b-1,GCK variant abundance measured by DHFR-PCA,protein_hgvs_join_with_score_set,Fetch mapped-variants for the score set and reconcile VRS/genomic identity.
GCK,p.Gly299Ser,3767575,urn:mavedb:00000096-b-1,GCK variant abundance measured by DHFR-PCA,protein_hgvs_join_with_score_set,Fetch mapped-variants for the score set and reconcile VRS/genomic identity.
GCK,p.Gly318Arg,585929,urn:mavedb:00000096-b-1,GCK variant abundance measured by DHFR-PCA,protein_hgvs_join_with_score_set,Fetch mapped-variants for the score set and reconcile VRS/genomic identity.
GCK,p.Gly385Arg,2065408,urn:mavedb:00000096-b-1,GCK variant abundance measured by DHFR-PCA,protein_hgvs_join_with_score_set,Fetch mapped-variants for the score set and reconcile VRS/genomic identity.
GCK,p.Gly385Trp,3901861,urn:mavedb:00000096-b-1,GCK variant abundance measured by DHFR-PCA,protein_hgvs_join_with_score_set,Fetch mapped-variants for the score set and reconcile VRS/genomic identity.
GCK,p.Gly385Val,3901862,urn:mavedb:00000096-b-1,GCK variant abundance measured by DHFR-PCA,protein_hgvs_join_with_score_set,Fetch mapped-variants for the score set and reconcile VRS/genomic identity.
GCK,p.Gly388Asp,995101,,,missing_mavedb_line,Search MaveDB for a matching score set or mark as no public MAVE evidence.
GCK,p.Gly410Arg,1472875,urn:mavedb:00000096-b-1,GCK variant abundance measured by DHFR-PCA,protein_hgvs_join_with_score_set,Fetch mapped-variants for the score set and reconcile VRS/genomic identity.
GCK,p.Gly410Asp,447386,,,missing_mavedb_line,Search MaveDB for a matching score set or mark as no public MAVE evidence.
GCK,p.Gly410Cys,3233996,urn:mavedb:00000096-b-1,GCK variant abundance measured by DHFR-PCA,protein_hgvs_join_with_score_set,Fetch mapped-variants for the score set and reconcile VRS/genomic identity.
GCK,p.Gly410Ser,3233995,urn:mavedb:00000096-b-1,GCK variant abundance measured by DHFR-PCA,protein_hgvs_join_with_score_set,Fetch mapped-variants for the score set and reconcile VRS/genomic identity.
GCK,p.Gly44Asp,36196,,,missing_mavedb_line,Search MaveDB for a matching score set or mark as no public MAVE evidence.
GCK,p.Gly44Ser,76898,urn:mavedb:00000096-b-1,GCK variant abundance measured by DHFR-PCA,protein_hgvs_join_with_score_set,Fetch mapped-variants for the score set and reconcile VRS/genomic identity.
GCK,p.Gly68Asp,972774,urn:mavedb:00000096-b-1,GCK variant abundance measured by DHFR-PCA,protein_hgvs_join_with_score_set,Fetch mapped-variants for the score set and reconcile VRS/genomic identity.
GCK,p.Gly72Arg,36209,urn:mavedb:00000096-b-1,GCK variant abundance measured by DHFR-PCA,protein_hgvs_join_with_score_set,Fetch mapped-variants for the score set and reconcile VRS/genomic identity.
GCK,p.Gly80Cys,3897233,urn:mavedb:00000096-b-1,GCK variant abundance measured by DHFR-PCA,protein_hgvs_join_with_score_set,Fetch mapped-variants for the score set and reconcile VRS/genomic identity.
GCK,p.Gly80Ser,449415,urn:mavedb:00000096-b-1,GCK variant abundance measured by DHFR-PCA,protein_hgvs_join_with_score_set,Fetch mapped-variants for the score set and reconcile VRS/genomic identity.
GCK,p.Gly81Asp,3236689,urn:mavedb:00000096-b-1,GCK variant abundance measured by DHFR-PCA,protein_hgvs_join_with_score_set,Fetch mapped-variants for the score set and reconcile VRS/genomic identity.
GCK,p.Gly81Val,3766875,urn:mavedb:00000096-b-1,GCK variant abundance measured by DHFR-PCA,protein_hgvs_join_with_score_set,Fetch mapped-variants for the score set and reconcile VRS/genomic identity.
GCK,p.His137Arg,2136527,urn:mavedb:00000096-b-1,GCK variant abundance measured by DHFR-PCA,protein_hgvs_join_with_score_set,Fetch mapped-variants for the score set and reconcile VRS/genomic identity.
GCK,p.His137Asp,3893273,urn:mavedb:00000096-b-1,GCK variant abundance measured by DHFR-PCA,protein_hgvs_join_with_score_set,Fetch mapped-variants for the score set and reconcile VRS/genomic identity.
GCK,p.His156Asn,4070585,urn:mavedb:00000096-b-1,GCK variant abundance measured by DHFR-PCA,protein_hgvs_join_with_score_set,Fetch mapped-variants for the score set and reconcile VRS/genomic identity.
GCK,p.His156Tyr,585921,urn:mavedb:00000096-b-1,GCK variant abundance measured by DHFR-PCA,protein_hgvs_join_with_score_set,Fetch mapped-variants for the score set and reconcile VRS/genomic identity.
GCK,p.His317Gln,447426,urn:mavedb:00000096-b-1,GCK variant abundance measured by DHFR-PCA,protein_hgvs_join_with_score_set,Fetch mapped-variants for the score set and reconcile VRS/genomic identity.
GCK,p.His380Pro,1098819,urn:mavedb:00000096-b-1,GCK variant abundance measured by DHFR-PCA,protein_hgvs_join_with_score_set,Fetch mapped-variants for the score set and reconcile VRS/genomic identity.
GCK,p.His416Arg,1700674,urn:mavedb:00000096-b-1,GCK variant abundance measured by DHFR-PCA,protein_hgvs_join_with_score_set,Fetch mapped-variants for the score set and reconcile VRS/genomic identity.
GCK,p.His416Asp,4687878,urn:mavedb:00000096-b-1,GCK variant abundance measured by DHFR-PCA,protein_hgvs_join_with_score_set,Fetch mapped-variants for the score set and reconcile VRS/genomic identity.
GCK,p.His416Gln,4687875,urn:mavedb:00000096-b-1,GCK variant abundance measured by DHFR-PCA,protein_hgvs_join_with_score_set,Fetch mapped-variants for the score set and reconcile VRS/genomic identity.
GCK,p.His416Pro,804839,urn:mavedb:00000096-b-1,GCK variant abundance measured by DHFR-PCA,protein_hgvs_join_with_score_set,Fetch mapped-variants for the score set and reconcile VRS/genomic identity.
GCK,p.His416Tyr,4687877,urn:mavedb:00000096-b-1,GCK variant abundance measured by DHFR-PCA,protein_hgvs_join_with_score_set,Fetch mapped-variants for the score set and reconcile VRS/genomic identity.
GCK,p.His424Tyr,1709730,urn:mavedb:00000096-b-1,GCK variant abundance measured by DHFR-PCA,protein_hgvs_join_with_score_set,Fetch mapped-variants for the score set and reconcile VRS/genomic identity.
GCK,p.His50Tyr,631495,urn:mavedb:00000096-b-1,GCK variant abundance measured by DHFR-PCA,protein_hgvs_join_with_score_set,Fetch mapped-variants for the score set and reconcile VRS/genomic identity.
GCK,p.Ile110Asn,4747574,urn:mavedb:00000096-b-1,GCK variant abundance measured by DHFR-PCA,protein_hgvs_join_with_score_set,Fetch mapped-variants for the score set and reconcile VRS/genomic identity.
GCK,p.Ile130Asn,3024422,urn:mavedb:00000096-b-1,GCK variant abundance measured by DHFR-PCA,protein_hgvs_join_with_score_set,Fetch mapped-variants for the score set and reconcile VRS/genomic identity.
GCK,p.Ile130Thr,1704126,urn:mavedb:00000096-b-1,GCK variant abundance measured by DHFR-PCA,protein_hgvs_join_with_score_set,Fetch mapped-variants for the score set and reconcile VRS/genomic identity.
GCK,p.Ile159Val,1679549,urn:mavedb:00000096-b-1,GCK variant abundance measured by DHFR-PCA,protein_hgvs_join_with_score_set,Fetch mapped-variants for the score set and reconcile VRS/genomic identity.
GCK,p.Ile189Met,2664364,urn:mavedb:00000096-b-1,GCK variant abundance measured by DHFR-PCA,protein_hgvs_join_with_score_set,Fetch mapped-variants for the score set and reconcile VRS/genomic identity.
GCK,p.Ile189Thr,431972,urn:mavedb:00000096-b-1,GCK variant abundance measured by DHFR-PCA,protein_hgvs_join_with_score_set,Fetch mapped-variants for the score set and reconcile VRS/genomic identity.
GCK,p.Ile19Asn,2136531,urn:mavedb:00000096-b-1,GCK variant abundance measured by DHFR-PCA,protein_hgvs_join_with_score_set,Fetch mapped-variants for the score set and reconcile VRS/genomic identity.
GCK,p.Ile19Met,36230,urn:mavedb:00000096-b-1,GCK variant abundance measured by DHFR-PCA,protein_hgvs_join_with_score_set,Fetch mapped-variants for the score set and reconcile VRS/genomic identity.
GCK,p.Ile211Thr,2684209,urn:mavedb:00000096-b-1,GCK variant abundance measured by DHFR-PCA,protein_hgvs_join_with_score_set,Fetch mapped-variants for the score set and reconcile VRS/genomic identity.
GCK,p.Ile293Arg,1700684,urn:mavedb:00000096-b-1,GCK variant abundance measured by DHFR-PCA,protein_hgvs_join_with_score_set,Fetch mapped-variants for the score set and reconcile VRS/genomic identity.
GCK,p.Ile348Phe,36172,urn:mavedb:00000096-b-1,GCK variant abundance measured by DHFR-PCA,protein_hgvs_join_with_score_set,Fetch mapped-variants for the score set and reconcile VRS/genomic identity.
GCK,p.Ile436Asn,36195,urn:mavedb:00000096-b-1,GCK variant abundance measured by DHFR-PCA,protein_hgvs_join_with_score_set,Fetch mapped-variants for the score set and reconcile VRS/genomic identity.
GCK,p.Ile436Phe,2691824,urn:mavedb:00000096-b-1,GCK variant abundance measured by DHFR-PCA,protein_hgvs_join_with_score_set,Fetch mapped-variants for the score set and reconcile VRS/genomic identity.
GCK,p.Leu122Ile,435307,urn:mavedb:00000096-b-1,GCK variant abundance measured by DHFR-PCA,protein_hgvs_join_with_score_set,Fetch mapped-variants for the score set and reconcile VRS/genomic identity.
GCK,p.Leu122Phe,3338654,urn:mavedb:00000096-b-1,GCK variant abundance measured by DHFR-PCA,protein_hgvs_join_with_score_set,Fetch mapped-variants for the score set and reconcile VRS/genomic identity.
GCK,p.Leu122Pro,2735019,urn:mavedb:00000096-b-1,GCK variant abundance measured by DHFR-PCA,protein_hgvs_join_with_score_set,Fetch mapped-variants for the score set and reconcile VRS/genomic identity.
GCK,p.Leu122Val,585919,urn:mavedb:00000096-b-1,GCK variant abundance measured by DHFR-PCA,protein_hgvs_join_with_score_set,Fetch mapped-variants for the score set and reconcile VRS/genomic identity.
GCK,p.Leu146Arg,2578355,urn:mavedb:00000096-b-1,GCK variant abundance measured by DHFR-PCA,protein_hgvs_join_with_score_set,Fetch mapped-variants for the score set and reconcile VRS/genomic identity.
GCK,p.Leu146Pro,2428681,urn:mavedb:00000096-b-1,GCK variant abundance measured by DHFR-PCA,protein_hgvs_join_with_score_set,Fetch mapped-variants for the score set and reconcile VRS/genomic identity.
GCK,p.Leu164Phe,3766600,urn:mavedb:00000096-b-1,GCK variant abundance measured by DHFR-PCA,protein_hgvs_join_with_score_set,Fetch mapped-variants for the score set and reconcile VRS/genomic identity.
GCK,p.Leu164Pro,997861,urn:mavedb:00000096-b-1,GCK variant abundance measured by DHFR-PCA,protein_hgvs_join_with_score_set,Fetch mapped-variants for the score set and reconcile VRS/genomic identity.
GCK,p.Leu165Phe,4687710,urn:mavedb:00000096-b-1,GCK variant abundance measured by DHFR-PCA,protein_hgvs_join_with_score_set,Fetch mapped-variants for the score set and reconcile VRS/genomic identity.
GCK,p.Leu185Pro,2664850,urn:mavedb:00000096-b-1,GCK variant abundance measured by DHFR-PCA,protein_hgvs_join_with_score_set,Fetch mapped-variants for the score set and reconcile VRS/genomic identity.
GCK,p.Leu20Pro,2504386,urn:mavedb:00000096-b-1,GCK variant abundance measured by DHFR-PCA,protein_hgvs_join_with_score_set,Fetch mapped-variants for the score set and reconcile VRS/genomic identity.
GCK,p.Leu243Pro,1456947,,,missing_mavedb_line,Search MaveDB for a matching score set or mark as no public MAVE evidence.
GCK,p.Leu25Pro,4262524,urn:mavedb:00000096-b-1,GCK variant abundance measured by DHFR-PCA,protein_hgvs_join_with_score_set,Fetch mapped-variants for the score set and reconcile VRS/genomic identity.
GCK,p.Leu271Pro,36259,urn:mavedb:00000096-b-1,GCK variant abundance measured by DHFR-PCA,protein_hgvs_join_with_score_set,Fetch mapped-variants for the score set and reconcile VRS/genomic identity.
GCK,p.Leu304Pro,447425,urn:mavedb:00000096-b-1,GCK variant abundance measured by DHFR-PCA,protein_hgvs_join_with_score_set,Fetch mapped-variants for the score set and reconcile VRS/genomic identity.
GCK,p.Leu306Gln,1685328,urn:mavedb:00000096-b-1,GCK variant abundance measured by DHFR-PCA,protein_hgvs_join_with_score_set,Fetch mapped-variants for the score set and reconcile VRS/genomic identity.
GCK,p.Leu309Pro,1338573,urn:mavedb:00000096-b-1,GCK variant abundance measured by DHFR-PCA,protein_hgvs_join_with_score_set,Fetch mapped-variants for the score set and reconcile VRS/genomic identity.
GCK,p.Leu30Pro,235097,urn:mavedb:00000096-b-1,GCK variant abundance measured by DHFR-PCA,protein_hgvs_join_with_score_set,Fetch mapped-variants for the score set and reconcile VRS/genomic identity.
GCK,p.Leu314Arg,1679546,urn:mavedb:00000096-b-1,GCK variant abundance measured by DHFR-PCA,protein_hgvs_join_with_score_set,Fetch mapped-variants for the score set and reconcile VRS/genomic identity.
GCK,p.Leu315His,36266,urn:mavedb:00000096-b-1,GCK variant abundance measured by DHFR-PCA,protein_hgvs_join_with_score_set,Fetch mapped-variants for the score set and reconcile VRS/genomic identity.
GCK,p.Leu324Pro,36270,urn:mavedb:00000096-b-1,GCK variant abundance measured by DHFR-PCA,protein_hgvs_join_with_score_set,Fetch mapped-variants for the score set and reconcile VRS/genomic identity.
GCK,p.Leu352Arg,4071499,urn:mavedb:00000096-b-1,GCK variant abundance measured by DHFR-PCA,protein_hgvs_join_with_score_set,Fetch mapped-variants for the score set and reconcile VRS/genomic identity.
GCK,p.Leu352Pro,3893306,urn:mavedb:00000096-b-1,GCK variant abundance measured by DHFR-PCA,protein_hgvs_join_with_score_set,Fetch mapped-variants for the score set and reconcile VRS/genomic identity.
GCK,p.Leu386Arg,3233999,urn:mavedb:00000096-b-1,GCK variant abundance measured by DHFR-PCA,protein_hgvs_join_with_score_set,Fetch mapped-variants for the score set and reconcile VRS/genomic identity.
GCK,p.Leu386Pro,36180,urn:mavedb:00000096-b-1,GCK variant abundance measured by DHFR-PCA,protein_hgvs_join_with_score_set,Fetch mapped-variants for the score set and reconcile VRS/genomic identity.
GCK,p.Leu386Val,804837,urn:mavedb:00000096-b-1,GCK variant abundance measured by DHFR-PCA,protein_hgvs_join_with_score_set,Fetch mapped-variants for the score set and reconcile VRS/genomic identity.
GCK,p.Leu77Pro,995367,urn:mavedb:00000096-b-1,GCK variant abundance measured by DHFR-PCA,protein_hgvs_join_with_score_set,Fetch mapped-variants for the score set and reconcile VRS/genomic identity.
GCK,p.Lys161Arg,2580878,urn:mavedb:00000096-b-1,GCK variant abundance measured by DHFR-PCA,protein_hgvs_join_with_score_set,Fetch mapped-variants for the score set and reconcile VRS/genomic identity.
GCK,p.Lys414Glu,36188,urn:mavedb:00000096-b-1,GCK variant abundance measured by DHFR-PCA,protein_hgvs_join_with_score_set,Fetch mapped-variants for the score set and reconcile VRS/genomic identity.
GCK,p.Lys414Met,3594705,urn:mavedb:00000096-b-1,GCK variant abundance measured by DHFR-PCA,protein_hgvs_join_with_score_set,Fetch mapped-variants for the score set and reconcile VRS/genomic identity.
GCK,p.Lys420Asn,1763107,urn:mavedb:00000096-b-1,GCK variant abundance measured by DHFR-PCA,protein_hgvs_join_with_score_set,Fetch mapped-variants for the score set and reconcile VRS/genomic identity.
GCK,p.Lys56Thr,1807279,urn:mavedb:00000096-b-1,GCK variant abundance measured by DHFR-PCA,protein_hgvs_join_with_score_set,Fetch mapped-variants for the score set and reconcile VRS/genomic identity.
GCK,p.Lys90Thr,1676241,urn:mavedb:00000096-b-1,GCK variant abundance measured by DHFR-PCA,protein_hgvs_join_with_score_set,Fetch mapped-variants for the score set and reconcile VRS/genomic identity.
GCK,p.Met197Lys,4531182,urn:mavedb:00000096-b-1,GCK variant abundance measured by DHFR-PCA,protein_hgvs_join_with_score_set,Fetch mapped-variants for the score set and reconcile VRS/genomic identity.
GCK,p.Met1Leu,2503474,,,missing_mavedb_line,Search MaveDB for a matching score set or mark as no public MAVE evidence.
GCK,p.Met202Arg,3234002,urn:mavedb:00000096-b-1,GCK variant abundance measured by DHFR-PCA,protein_hgvs_join_with_score_set,Fetch mapped-variants for the score set and reconcile VRS/genomic identity.
GCK,p.Met202Thr,36233,urn:mavedb:00000096-b-1,GCK variant abundance measured by DHFR-PCA,protein_hgvs_join_with_score_set,Fetch mapped-variants for the score set and reconcile VRS/genomic identity.
GCK,p.Met210Ile,36236,,,missing_mavedb_line,Search MaveDB for a matching score set or mark as no public MAVE evidence.
GCK,p.Met210Lys,16141,urn:mavedb:00000096-b-1,GCK variant abundance measured by DHFR-PCA,protein_hgvs_join_with_score_set,Fetch mapped-variants for the score set and reconcile VRS/genomic identity.
GCK,p.Met210Thr,804852,urn:mavedb:00000096-b-1,GCK variant abundance measured by DHFR-PCA,protein_hgvs_join_with_score_set,Fetch mapped-variants for the score set and reconcile VRS/genomic identity.
GCK,p.Met210Val,2505486,urn:mavedb:00000096-b-1,GCK variant abundance measured by DHFR-PCA,protein_hgvs_join_with_score_set,Fetch mapped-variants for the score set and reconcile VRS/genomic identity.
GCK,p.Met224Thr,1464253,,,missing_mavedb_line,Search MaveDB for a matching score set or mark as no public MAVE evidence.
GCK,p.Met235Arg,4687879,urn:mavedb:00000096-b-1,GCK variant abundance measured by DHFR-PCA,protein_hgvs_join_with_score_set,Fetch mapped-variants for the score set and reconcile VRS/genomic identity.
GCK,p.Met235Thr,36248,,,missing_mavedb_line,Search MaveDB for a matching score set or mark as no public MAVE evidence.
GCK,p.Met235Val,381599,urn:mavedb:00000096-b-1,GCK variant abundance measured by DHFR-PCA,protein_hgvs_join_with_score_set,Fetch mapped-variants for the score set and reconcile VRS/genomic identity.
GCK,p.Met251Ile,2735006,urn:mavedb:00000096-b-1,GCK variant abundance measured by DHFR-PCA,protein_hgvs_join_with_score_set,Fetch mapped-variants for the score set and reconcile VRS/genomic identity.
GCK,p.Met251Lys,3383341,,,missing_mavedb_line,Search MaveDB for a matching score set or mark as no public MAVE evidence.
GCK,p.Met251Thr,36251,urn:mavedb:00000096-b-1,GCK variant abundance measured by DHFR-PCA,protein_hgvs_join_with_score_set,Fetch mapped-variants for the score set and reconcile VRS/genomic identity.
GCK,p.Met251Val,1678597,urn:mavedb:00000096-b-1,GCK variant abundance measured by DHFR-PCA,protein_hgvs_join_with_score_set,Fetch mapped-variants for the score set and reconcile VRS/genomic identity.
GCK,p.Met37Arg,2578357,urn:mavedb:00000096-b-1,GCK variant abundance measured by DHFR-PCA,protein_hgvs_join_with_score_set,Fetch mapped-variants for the score set and reconcile VRS/genomic identity.
GCK,p.Met37Thr,2682651,urn:mavedb:00000096-b-1,GCK variant abundance measured by DHFR-PCA,protein_hgvs_join_with_score_set,Fetch mapped-variants for the score set and reconcile VRS/genomic identity.
GCK,p.Met37Val,2664358,urn:mavedb:00000096-b-1,GCK variant abundance measured by DHFR-PCA,protein_hgvs_join_with_score_set,Fetch mapped-variants for the score set and reconcile VRS/genomic identity.
GCK,p.Met381Arg,36178,urn:mavedb:00000096-b-1,GCK variant abundance measured by DHFR-PCA,protein_hgvs_join_with_score_set,Fetch mapped-variants for the score set and reconcile VRS/genomic identity.
GCK,p.Met381Lys,447383,,,missing_mavedb_line,Search MaveDB for a matching score set or mark as no public MAVE evidence.
GCK,p.Met381Thr,2574163,urn:mavedb:00000096-b-1,GCK variant abundance measured by DHFR-PCA,protein_hgvs_join_with_score_set,Fetch mapped-variants for the score set and reconcile VRS/genomic identity.
GCK,p.Met41Arg,1700673,urn:mavedb:00000096-b-1,GCK variant abundance measured by DHFR-PCA,protein_hgvs_join_with_score_set,Fetch mapped-variants for the score set and reconcile VRS/genomic identity.
GCK,p.Met462Ile,36202,urn:mavedb:00000096-b-1,GCK variant abundance measured by DHFR-PCA,protein_hgvs_join_with_score_set,Fetch mapped-variants for the score set and reconcile VRS/genomic identity.
GCK,p.Met57Arg,3767143,urn:mavedb:00000096-b-1,GCK variant abundance measured by DHFR-PCA,protein_hgvs_join_with_score_set,Fetch mapped-variants for the score set and reconcile VRS/genomic identity.
GCK,p.Met57Ile,418225,urn:mavedb:00000096-b-1,GCK variant abundance measured by DHFR-PCA,protein_hgvs_join_with_score_set,Fetch mapped-variants for the score set and reconcile VRS/genomic identity.
GCK,p.Met57Lys,2684202,,,missing_mavedb_line,Search MaveDB for a matching score set or mark as no public MAVE evidence.
GCK,p.Met57Thr,3720746,urn:mavedb:00000096-b-1,GCK variant abundance measured by DHFR-PCA,protein_hgvs_join_with_score_set,Fetch mapped-variants for the score set and reconcile VRS/genomic identity.
GCK,p.Phe150Leu,3068510,urn:mavedb:00000096-b-1,GCK variant abundance measured by DHFR-PCA,protein_hgvs_join_with_score_set,Fetch mapped-variants for the score set and reconcile VRS/genomic identity.
GCK,p.Phe150Ser,36218,urn:mavedb:00000096-b-1,GCK variant abundance measured by DHFR-PCA,protein_hgvs_join_with_score_set,Fetch mapped-variants for the score set and reconcile VRS/genomic identity.
GCK,p.Phe150Tyr,129142,urn:mavedb:00000096-b-1,GCK variant abundance measured by DHFR-PCA,protein_hgvs_join_with_score_set,Fetch mapped-variants for the score set and reconcile VRS/genomic identity.
GCK,p.Phe152Ile,3233993,urn:mavedb:00000096-b-1,GCK variant abundance measured by DHFR-PCA,protein_hgvs_join_with_score_set,Fetch mapped-variants for the score set and reconcile VRS/genomic identity.
GCK,p.Phe152Leu,995370,urn:mavedb:00000096-b-1,GCK variant abundance measured by DHFR-PCA,protein_hgvs_join_with_score_set,Fetch mapped-variants for the score set and reconcile VRS/genomic identity.
GCK,p.Phe152Ser,1741488,urn:mavedb:00000096-b-1,GCK variant abundance measured by DHFR-PCA,protein_hgvs_join_with_score_set,Fetch mapped-variants for the score set and reconcile VRS/genomic identity.
GCK,p.Phe171Cys,4747572,urn:mavedb:00000096-b-1,GCK variant abundance measured by DHFR-PCA,protein_hgvs_join_with_score_set,Fetch mapped-variants for the score set and reconcile VRS/genomic identity.
GCK,p.Phe171Val,1338246,urn:mavedb:00000096-b-1,GCK variant abundance measured by DHFR-PCA,protein_hgvs_join_with_score_set,Fetch mapped-variants for the score set and reconcile VRS/genomic identity.
GCK,p.Phe260Ser,36257,urn:mavedb:00000096-b-1,GCK variant abundance measured by DHFR-PCA,protein_hgvs_join_with_score_set,Fetch mapped-variants for the score set and reconcile VRS/genomic identity.
GCK,p.Phe330Ser,522430,urn:mavedb:00000096-b-1,GCK variant abundance measured by DHFR-PCA,protein_hgvs_join_with_score_set,Fetch mapped-variants for the score set and reconcile VRS/genomic identity.
GCK,p.Phe419Ser,2571658,urn:mavedb:00000096-b-1,GCK variant abundance measured by DHFR-PCA,protein_hgvs_join_with_score_set,Fetch mapped-variants for the score set and reconcile VRS/genomic identity.
GCK,p.Phe423Tyr,36189,urn:mavedb:00000096-b-1,GCK variant abundance measured by DHFR-PCA,protein_hgvs_join_with_score_set,Fetch mapped-variants for the score set and reconcile VRS/genomic identity.
GCK,p.Pro153His,2567920,urn:mavedb:00000096-b-1,GCK variant abundance measured by DHFR-PCA,protein_hgvs_join_with_score_set,Fetch mapped-variants for the score set and reconcile VRS/genomic identity.
GCK,p.Pro153Ser,36221,urn:mavedb:00000096-b-1,GCK variant abundance measured by DHFR-PCA,protein_hgvs_join_with_score_set,Fetch mapped-variants for the score set and reconcile VRS/genomic identity.
GCK,p.Pro59Ser,36205,urn:mavedb:00000096-b-1,GCK variant abundance measured by DHFR-PCA,protein_hgvs_join_with_score_set,Fetch mapped-variants for the score set and reconcile VRS/genomic identity.
GCK,p.Ser131Pro,16138,urn:mavedb:00000096-b-1,GCK variant abundance measured by DHFR-PCA,protein_hgvs_join_with_score_set,Fetch mapped-variants for the score set and reconcile VRS/genomic identity.
GCK,p.Ser151Tyr,1346275,urn:mavedb:00000096-b-1,GCK variant abundance measured by DHFR-PCA,protein_hgvs_join_with_score_set,Fetch mapped-variants for the score set and reconcile VRS/genomic identity.
GCK,p.Ser174Leu,2691829,urn:mavedb:00000096-b-1,GCK variant abundance measured by DHFR-PCA,protein_hgvs_join_with_score_set,Fetch mapped-variants for the score set and reconcile VRS/genomic identity.
GCK,p.Ser263Pro,36258,urn:mavedb:00000096-b-1,GCK variant abundance measured by DHFR-PCA,protein_hgvs_join_with_score_set,Fetch mapped-variants for the score set and reconcile VRS/genomic identity.
GCK,p.Ser340Asn,1405403,urn:mavedb:00000096-b-1,GCK variant abundance measured by DHFR-PCA,protein_hgvs_join_with_score_set,Fetch mapped-variants for the score set and reconcile VRS/genomic identity.
GCK,p.Ser340Thr,2580863,urn:mavedb:00000096-b-1,GCK variant abundance measured by DHFR-PCA,protein_hgvs_join_with_score_set,Fetch mapped-variants for the score set and reconcile VRS/genomic identity.
GCK,p.Ser375Phe,36175,urn:mavedb:00000096-b-1,GCK variant abundance measured by DHFR-PCA,protein_hgvs_join_with_score_set,Fetch mapped-variants for the score set and reconcile VRS/genomic identity.
GCK,p.Ser383Leu,236014,urn:mavedb:00000096-b-1,GCK variant abundance measured by DHFR-PCA,protein_hgvs_join_with_score_set,Fetch mapped-variants for the score set and reconcile VRS/genomic identity.
GCK,p.Ser383Pro,1256306,urn:mavedb:00000096-b-1,GCK variant abundance measured by DHFR-PCA,protein_hgvs_join_with_score_set,Fetch mapped-variants for the score set and reconcile VRS/genomic identity.
GCK,p.Ser383Thr,3024419,urn:mavedb:00000096-b-1,GCK variant abundance measured by DHFR-PCA,protein_hgvs_join_with_score_set,Fetch mapped-variants for the score set and reconcile VRS/genomic identity.
GCK,p.Ser383Trp,3024418,urn:mavedb:00000096-b-1,GCK variant abundance measured by DHFR-PCA,protein_hgvs_join_with_score_set,Fetch mapped-variants for the score set and reconcile VRS/genomic identity.
GCK,p.Ser411Phe,2136506,urn:mavedb:00000096-b-1,GCK variant abundance measured by DHFR-PCA,protein_hgvs_join_with_score_set,Fetch mapped-variants for the score set and reconcile VRS/genomic identity.
GCK,p.Ser411Pro,4685911,urn:mavedb:00000096-b-1,GCK variant abundance measured by DHFR-PCA,protein_hgvs_join_with_score_set,Fetch mapped-variants for the score set and reconcile VRS/genomic identity.
GCK,p.Ser441Trp,1320655,urn:mavedb:00000096-b-1,GCK variant abundance measured by DHFR-PCA,protein_hgvs_join_with_score_set,Fetch mapped-variants for the score set and reconcile VRS/genomic identity.
GCK,p.Ser453Leu,36200,urn:mavedb:00000096-b-1,GCK variant abundance measured by DHFR-PCA,protein_hgvs_join_with_score_set,Fetch mapped-variants for the score set and reconcile VRS/genomic identity.
GCK,p.Ser453Trp,2734985,urn:mavedb:00000096-b-1,GCK variant abundance measured by DHFR-PCA,protein_hgvs_join_with_score_set,Fetch mapped-variants for the score set and reconcile VRS/genomic identity.
GCK,p.Ser54Arg,3383913,urn:mavedb:00000096-b-1,GCK variant abundance measured by DHFR-PCA,protein_hgvs_join_with_score_set,Fetch mapped-variants for the score set and reconcile VRS/genomic identity.
GCK,p.Thr103Ser,2136529,urn:mavedb:00000096-b-1,GCK variant abundance measured by DHFR-PCA,protein_hgvs_join_with_score_set,Fetch mapped-variants for the score set and reconcile VRS/genomic identity.
GCK,p.Thr168Ala,2574157,urn:mavedb:00000096-b-1,GCK variant abundance measured by DHFR-PCA,protein_hgvs_join_with_score_set,Fetch mapped-variants for the score set and reconcile VRS/genomic identity.
GCK,p.Thr168Asn,2682649,urn:mavedb:00000096-b-1,GCK variant abundance measured by DHFR-PCA,protein_hgvs_join_with_score_set,Fetch mapped-variants for the score set and reconcile VRS/genomic identity.
GCK,p.Thr168Ile,1490297,urn:mavedb:00000096-b-1,GCK variant abundance measured by DHFR-PCA,protein_hgvs_join_with_score_set,Fetch mapped-variants for the score set and reconcile VRS/genomic identity.
GCK,p.Thr168Pro,2574158,urn:mavedb:00000096-b-1,GCK variant abundance measured by DHFR-PCA,protein_hgvs_join_with_score_set,Fetch mapped-variants for the score set and reconcile VRS/genomic identity.
GCK,p.Thr206Ala,3720741,urn:mavedb:00000096-b-1,GCK variant abundance measured by DHFR-PCA,protein_hgvs_join_with_score_set,Fetch mapped-variants for the score set and reconcile VRS/genomic identity.
GCK,p.Thr206Met,1191898,urn:mavedb:00000096-b-1,GCK variant abundance measured by DHFR-PCA,protein_hgvs_join_with_score_set,Fetch mapped-variants for the score set and reconcile VRS/genomic identity.
GCK,p.Thr206Pro,129145,urn:mavedb:00000096-b-1,GCK variant abundance measured by DHFR-PCA,protein_hgvs_join_with_score_set,Fetch mapped-variants for the score set and reconcile VRS/genomic identity.
GCK,p.Thr209Ala,3661587,urn:mavedb:00000096-b-1,GCK variant abundance measured by DHFR-PCA,protein_hgvs_join_with_score_set,Fetch mapped-variants for the score set and reconcile VRS/genomic identity.
GCK,p.Thr209Arg,4687874,urn:mavedb:00000096-b-1,GCK variant abundance measured by DHFR-PCA,protein_hgvs_join_with_score_set,Fetch mapped-variants for the score set and reconcile VRS/genomic identity.
GCK,p.Thr209Met,804851,urn:mavedb:00000096-b-1,GCK variant abundance measured by DHFR-PCA,protein_hgvs_join_with_score_set,Fetch mapped-variants for the score set and reconcile VRS/genomic identity.
GCK,p.Thr228Ala,447413,urn:mavedb:00000096-b-1,GCK variant abundance measured by DHFR-PCA,protein_hgvs_join_with_score_set,Fetch mapped-variants for the score set and reconcile VRS/genomic identity.
GCK,p.Thr228Arg,3024420,urn:mavedb:00000096-b-1,GCK variant abundance measured by DHFR-PCA,protein_hgvs_join_with_score_set,Fetch mapped-variants for the score set and reconcile VRS/genomic identity.
GCK,p.Thr228Lys,3024421,urn:mavedb:00000096-b-1,GCK variant abundance measured by DHFR-PCA,protein_hgvs_join_with_score_set,Fetch mapped-variants for the score set and reconcile VRS/genomic identity.
GCK,p.Thr228Met,16134,urn:mavedb:00000096-b-1,GCK variant abundance measured by DHFR-PCA,protein_hgvs_join_with_score_set,Fetch mapped-variants for the score set and reconcile VRS/genomic identity.
GCK,p.Thr255Ala,2735005,urn:mavedb:00000096-b-1,GCK variant abundance measured by DHFR-PCA,protein_hgvs_join_with_score_set,Fetch mapped-variants for the score set and reconcile VRS/genomic identity.
GCK,p.Thr255Ile,3720739,urn:mavedb:00000096-b-1,GCK variant abundance measured by DHFR-PCA,protein_hgvs_join_with_score_set,Fetch mapped-variants for the score set and reconcile VRS/genomic identity.
GCK,p.Thr255Ser,4531184,urn:mavedb:00000096-b-1,GCK variant abundance measured by DHFR-PCA,protein_hgvs_join_with_score_set,Fetch mapped-variants for the score set and reconcile VRS/genomic identity.
GCK,p.Thr326Pro,2664366,urn:mavedb:00000096-b-1,GCK variant abundance measured by DHFR-PCA,protein_hgvs_join_with_score_set,Fetch mapped-variants for the score set and reconcile VRS/genomic identity.
GCK,p.Thr332Met,1801684,urn:mavedb:00000096-b-1,GCK variant abundance measured by DHFR-PCA,protein_hgvs_join_with_score_set,Fetch mapped-variants for the score set and reconcile VRS/genomic identity.
GCK,p.Thr342Pro,908615,urn:mavedb:00000096-b-1,GCK variant abundance measured by DHFR-PCA,protein_hgvs_join_with_score_set,Fetch mapped-variants for the score set and reconcile VRS/genomic identity.
GCK,p.Thr437Ile,585914,,,missing_mavedb_line,Search MaveDB for a matching score set or mark as no public MAVE evidence.
GCK,p.Thr49Asn,36204,urn:mavedb:00000096-b-1,GCK variant abundance measured by DHFR-PCA,protein_hgvs_join_with_score_set,Fetch mapped-variants for the score set and reconcile VRS/genomic identity.
GCK,p.Thr60Ile,1343440,urn:mavedb:00000096-b-1,GCK variant abundance measured by DHFR-PCA,protein_hgvs_join_with_score_set,Fetch mapped-variants for the score set and reconcile VRS/genomic identity.
GCK,p.Thr82Ile,1723231,urn:mavedb:00000096-b-1,GCK variant abundance measured by DHFR-PCA,protein_hgvs_join_with_score_set,Fetch mapped-variants for the score set and reconcile VRS/genomic identity.
GCK,p.Trp167Cys,1685845,urn:mavedb:00000096-b-1,GCK variant abundance measured by DHFR-PCA,protein_hgvs_join_with_score_set,Fetch mapped-variants for the score set and reconcile VRS/genomic identity.
GCK,p.Trp257Arg,447416,urn:mavedb:00000096-b-1,GCK variant abundance measured by DHFR-PCA,protein_hgvs_join_with_score_set,Fetch mapped-variants for the score set and reconcile VRS/genomic identity.
GCK,p.Tyr108His,585918,urn:mavedb:00000096-b-1,GCK variant abundance measured by DHFR-PCA,protein_hgvs_join_with_score_set,Fetch mapped-variants for the score set and reconcile VRS/genomic identity.
GCK,p.Tyr214Cys,16144,urn:mavedb:00000096-b-1,GCK variant abundance measured by DHFR-PCA,protein_hgvs_join_with_score_set,Fetch mapped-variants for the score set and reconcile VRS/genomic identity.
GCK,p.Tyr289Cys,1709898,urn:mavedb:00000096-b-1,GCK variant abundance measured by DHFR-PCA,protein_hgvs_join_with_score_set,Fetch mapped-variants for the score set and reconcile VRS/genomic identity.
GCK,p.Val154Ala,1700679,urn:mavedb:00000096-b-1,GCK variant abundance measured by DHFR-PCA,protein_hgvs_join_with_score_set,Fetch mapped-variants for the score set and reconcile VRS/genomic identity.
GCK,p.Val154Gly,2682650,urn:mavedb:00000096-b-1,GCK variant abundance measured by DHFR-PCA,protein_hgvs_join_with_score_set,Fetch mapped-variants for the score set and reconcile VRS/genomic identity.
GCK,p.Val154Met,3383432,urn:mavedb:00000096-b-1,GCK variant abundance measured by DHFR-PCA,protein_hgvs_join_with_score_set,Fetch mapped-variants for the score set and reconcile VRS/genomic identity.
GCK,p.Val182Leu,4055754,urn:mavedb:00000096-b-1,GCK variant abundance measured by DHFR-PCA,protein_hgvs_join_with_score_set,Fetch mapped-variants for the score set and reconcile VRS/genomic identity.
GCK,p.Val182Met,129144,urn:mavedb:00000096-b-1,GCK variant abundance measured by DHFR-PCA,protein_hgvs_join_with_score_set,Fetch mapped-variants for the score set and reconcile VRS/genomic identity.
GCK,p.Val200Leu,3342694,urn:mavedb:00000096-b-1,GCK variant abundance measured by DHFR-PCA,protein_hgvs_join_with_score_set,Fetch mapped-variants for the score set and reconcile VRS/genomic identity.
GCK,p.Val203Ala,585923,urn:mavedb:00000096-b-1,GCK variant abundance measured by DHFR-PCA,protein_hgvs_join_with_score_set,Fetch mapped-variants for the score set and reconcile VRS/genomic identity.
GCK,p.Val226Ala,36244,urn:mavedb:00000096-b-1,GCK variant abundance measured by DHFR-PCA,protein_hgvs_join_with_score_set,Fetch mapped-variants for the score set and reconcile VRS/genomic identity.
GCK,p.Val226Gly,2580858,urn:mavedb:00000096-b-1,GCK variant abundance measured by DHFR-PCA,protein_hgvs_join_with_score_set,Fetch mapped-variants for the score set and reconcile VRS/genomic identity.
GCK,p.Val226Met,36243,urn:mavedb:00000096-b-1,GCK variant abundance measured by DHFR-PCA,protein_hgvs_join_with_score_set,Fetch mapped-variants for the score set and reconcile VRS/genomic identity.
GCK,p.Val244Gly,1758315,urn:mavedb:00000096-b-1,GCK variant abundance measured by DHFR-PCA,protein_hgvs_join_with_score_set,Fetch mapped-variants for the score set and reconcile VRS/genomic identity.
GCK,p.Val253Leu,3346399,urn:mavedb:00000096-b-1,GCK variant abundance measured by DHFR-PCA,protein_hgvs_join_with_score_set,Fetch mapped-variants for the score set and reconcile VRS/genomic identity.
GCK,p.Val253Phe,449696,urn:mavedb:00000096-b-1,GCK variant abundance measured by DHFR-PCA,protein_hgvs_join_with_score_set,Fetch mapped-variants for the score set and reconcile VRS/genomic identity.
GCK,p.Val277Gly,447422,urn:mavedb:00000096-b-1,GCK variant abundance measured by DHFR-PCA,protein_hgvs_join_with_score_set,Fetch mapped-variants for the score set and reconcile VRS/genomic identity.
GCK,p.Val302Glu,3571584,urn:mavedb:00000096-b-1,GCK variant abundance measured by DHFR-PCA,protein_hgvs_join_with_score_set,Fetch mapped-variants for the score set and reconcile VRS/genomic identity.
GCK,p.Val33Ala,585930,urn:mavedb:00000096-b-1,GCK variant abundance measured by DHFR-PCA,protein_hgvs_join_with_score_set,Fetch mapped-variants for the score set and reconcile VRS/genomic identity.
GCK,p.Val367Met,381598,urn:mavedb:00000096-b-1,GCK variant abundance measured by DHFR-PCA,protein_hgvs_join_with_score_set,Fetch mapped-variants for the score set and reconcile VRS/genomic identity.
GCK,p.Val374Glu,2578348,urn:mavedb:00000096-b-1,GCK variant abundance measured by DHFR-PCA,protein_hgvs_join_with_score_set,Fetch mapped-variants for the score set and reconcile VRS/genomic identity.
GCK,p.Val374Met,447380,urn:mavedb:00000096-b-1,GCK variant abundance measured by DHFR-PCA,protein_hgvs_join_with_score_set,Fetch mapped-variants for the score set and reconcile VRS/genomic identity.
GCK,p.Val389Asp,3250353,,,missing_mavedb_line,Search MaveDB for a matching score set or mark as no public MAVE evidence.
GCK,p.Val389Leu,435300,urn:mavedb:00000096-b-1,GCK variant abundance measured by DHFR-PCA,protein_hgvs_join_with_score_set,Fetch mapped-variants for the score set and reconcile VRS/genomic identity.
GCK,p.Val412Ala,2734988,urn:mavedb:00000096-b-1,GCK variant abundance measured by DHFR-PCA,protein_hgvs_join_with_score_set,Fetch mapped-variants for the score set and reconcile VRS/genomic identity.
GCK,p.Val412Glu,3233992,urn:mavedb:00000096-b-1,GCK variant abundance measured by DHFR-PCA,protein_hgvs_join_with_score_set,Fetch mapped-variants for the score set and reconcile VRS/genomic identity.
GCK,p.Val412Gly,447387,urn:mavedb:00000096-b-1,GCK variant abundance measured by DHFR-PCA,protein_hgvs_join_with_score_set,Fetch mapped-variants for the score set and reconcile VRS/genomic identity.
GCK,p.Val412Leu,1879689,urn:mavedb:00000096-b-1,GCK variant abundance measured by DHFR-PCA,protein_hgvs_join_with_score_set,Fetch mapped-variants for the score set and reconcile VRS/genomic identity.
GCK,p.Val412Met,3233994,,,missing_mavedb_line,Search MaveDB for a matching score set or mark as no public MAVE evidence.
GCK,p.Val452Leu,2506148,urn:mavedb:00000096-b-1,GCK variant abundance measured by DHFR-PCA,protein_hgvs_join_with_score_set,Fetch mapped-variants for the score set and reconcile VRS/genomic identity.
GCK,p.Val455Glu,585916,urn:mavedb:00000096-b-1,GCK variant abundance measured by DHFR-PCA,protein_hgvs_join_with_score_set,Fetch mapped-variants for the score set and reconcile VRS/genomic identity.
GCK,p.Val455Met,16140,urn:mavedb:00000096-b-1,GCK variant abundance measured by DHFR-PCA,protein_hgvs_join_with_score_set,Fetch mapped-variants for the score set and reconcile VRS/genomic identity.
GCK,p.Val62Ala,585917,urn:mavedb:00000096-b-1,GCK variant abundance measured by DHFR-PCA,protein_hgvs_join_with_score_set,Fetch mapped-variants for the score set and reconcile VRS/genomic identity.
GCK,p.Val62Met,419624,urn:mavedb:00000096-b-1,GCK variant abundance measured by DHFR-PCA,protein_hgvs_join_with_score_set,Fetch mapped-variants for the score set and reconcile VRS/genomic identity.
GCK,p.Val91Leu,4747575,urn:mavedb:00000096-b-1,GCK variant abundance measured by DHFR-PCA,protein_hgvs_join_with_score_set,Fetch mapped-variants for the score set and reconcile VRS/genomic identity.
KRAS,p.Ala146Pro,375963,,,missing_mavedb_line,Search MaveDB for a matching score set or mark as no public MAVE evidence.
KRAS,p.Ala146Val,375962,,,missing_mavedb_line,Search MaveDB for a matching score set or mark as no public MAVE evidence.
KRAS,p.Ala18Val,1695421,,,missing_mavedb_line,Search MaveDB for a matching score set or mark as no public MAVE evidence.
KRAS,p.Ala59Leu,2431456,,,missing_mavedb_line,Search MaveDB for a matching score set or mark as no public MAVE evidence.
KRAS,p.Ala59Ser,222075,,,missing_mavedb_line,Search MaveDB for a matching score set or mark as no public MAVE evidence.
KRAS,p.Ala59Thr,12581,,,missing_mavedb_line,Search MaveDB for a matching score set or mark as no public MAVE evidence.
KRAS,p.Arg167Thr,981552,,,missing_mavedb_line,Search MaveDB for a matching score set or mark as no public MAVE evidence.
KRAS,p.Arg68Gly,2828010,urn:mavedb:00000115-a-9,binding fitness from KRAS-DARPin K55 bindingPCA of KRAS block2,protein_hgvs_join_with_score_set,Fetch mapped-variants for the score set and reconcile VRS/genomic identity.
KRAS,p.Arg68Ser,4698285,urn:mavedb:00000115-a-9,binding fitness from KRAS-DARPin K55 bindingPCA of KRAS block2,protein_hgvs_join_with_score_set,Fetch mapped-variants for the score set and reconcile VRS/genomic identity.
KRAS,p.Arg68Trp,3238829,urn:mavedb:00000115-a-9,binding fitness from KRAS-DARPin K55 bindingPCA of KRAS block2,protein_hgvs_join_with_score_set,Fetch mapped-variants for the score set and reconcile VRS/genomic identity.
KRAS,p.Arg97Lys,163761,urn:mavedb:00000115-a-9,binding fitness from KRAS-DARPin K55 bindingPCA of KRAS block2,protein_hgvs_join_with_score_set,Fetch mapped-variants for the score set and reconcile VRS/genomic identity.
KRAS,p.Asn116His,1219824,urn:mavedb:00000115-a-9,binding fitness from KRAS-DARPin K55 bindingPCA of KRAS block2,protein_hgvs_join_with_score_set,Fetch mapped-variants for the score set and reconcile VRS/genomic identity.
KRAS,p.Asn116Ser,156338,urn:mavedb:00000115-a-9,binding fitness from KRAS-DARPin K55 bindingPCA of KRAS block2,protein_hgvs_join_with_score_set,Fetch mapped-variants for the score set and reconcile VRS/genomic identity.
KRAS,p.Asp119Asn,40460,urn:mavedb:00000115-a-9,binding fitness from KRAS-DARPin K55 bindingPCA of KRAS block2,protein_hgvs_join_with_score_set,Fetch mapped-variants for the score set and reconcile VRS/genomic identity.
KRAS,p.Asp153Gly,40465,,,missing_mavedb_line,Search MaveDB for a matching score set or mark as no public MAVE evidence.
KRAS,p.Asp153Val,12587,,,missing_mavedb_line,Search MaveDB for a matching score set or mark as no public MAVE evidence.
KRAS,p.Asp154Gly,981803,,,missing_mavedb_line,Search MaveDB for a matching score set or mark as no public MAVE evidence.
KRAS,p.Gln22Arg,40452,,,missing_mavedb_line,Search MaveDB for a matching score set or mark as no public MAVE evidence.
KRAS,p.Gln22Glu,40451,,,missing_mavedb_line,Search MaveDB for a matching score set or mark as no public MAVE evidence.
KRAS,p.Gln22Leu,40453,,,missing_mavedb_line,Search MaveDB for a matching score set or mark as no public MAVE evidence.
KRAS,p.Gln22Lys,376325,,,missing_mavedb_line,Search MaveDB for a matching score set or mark as no public MAVE evidence.
KRAS,p.Gln61Arg,4279990,,,missing_mavedb_line,Search MaveDB for a matching score set or mark as no public MAVE evidence.
KRAS,p.Gln61His,45117,,,missing_mavedb_line,Search MaveDB for a matching score set or mark as no public MAVE evidence.
KRAS,p.Gln61Leu,45116,,,missing_mavedb_line,Search MaveDB for a matching score set or mark as no public MAVE evidence.
KRAS,p.Gln61Lys,177777,,,missing_mavedb_line,Search MaveDB for a matching score set or mark as no public MAVE evidence.
KRAS,p.Glu153Ala,981551,,,missing_mavedb_line,Search MaveDB for a matching score set or mark as no public MAVE evidence.
KRAS,p.Gly12Ala,45122,,,missing_mavedb_line,Search MaveDB for a matching score set or mark as no public MAVE evidence.
KRAS,p.Gly12Arg,12579,,,missing_mavedb_line,Search MaveDB for a matching score set or mark as no public MAVE evidence.
KRAS,p.Gly12Asp,12582,,,missing_mavedb_line,Search MaveDB for a matching score set or mark as no public MAVE evidence.
KRAS,p.Gly12Cys,12578,,,missing_mavedb_line,Search MaveDB for a matching score set or mark as no public MAVE evidence.
KRAS,p.Gly12Ser,12584,,,missing_mavedb_line,Search MaveDB for a matching score set or mark as no public MAVE evidence.
KRAS,p.Gly12Val,12583,,,missing_mavedb_line,Search MaveDB for a matching score set or mark as no public MAVE evidence.
KRAS,p.Gly13Arg,1691382,,,missing_mavedb_line,Search MaveDB for a matching score set or mark as no public MAVE evidence.
KRAS,p.Gly13Asp,12580,,,missing_mavedb_line,Search MaveDB for a matching score set or mark as no public MAVE evidence.
KRAS,p.Gly13Cys,45123,,,missing_mavedb_line,Search MaveDB for a matching score set or mark as no public MAVE evidence.
KRAS,p.Gly13Val,45124,,,missing_mavedb_line,Search MaveDB for a matching score set or mark as no public MAVE evidence.
KRAS,p.Gly15Val,452631,,,missing_mavedb_line,Search MaveDB for a matching score set or mark as no public MAVE evidence.
KRAS,p.Gly60Arg,12586,,,missing_mavedb_line,Search MaveDB for a matching score set or mark as no public MAVE evidence.
KRAS,p.Gly60Ser,12597,,,missing_mavedb_line,Search MaveDB for a matching score set or mark as no public MAVE evidence.
KRAS,p.Gly60Val,163766,,,missing_mavedb_line,Search MaveDB for a matching score set or mark as no public MAVE evidence.
KRAS,p.Gly77Cys,1676497,urn:mavedb:00000115-a-9,binding fitness from KRAS-DARPin K55 bindingPCA of KRAS block2,protein_hgvs_join_with_score_set,Fetch mapped-variants for the score set and reconcile VRS/genomic identity.
KRAS,p.Ile36Met,163768,,,missing_mavedb_line,Search MaveDB for a matching score set or mark as no public MAVE evidence.
KRAS,p.Leu19Phe,217822,,,missing_mavedb_line,Search MaveDB for a matching score set or mark as no public MAVE evidence.
KRAS,p.Leu53Trp,3775823,,,missing_mavedb_line,Search MaveDB for a matching score set or mark as no public MAVE evidence.
KRAS,p.Lys117Arg,4279977,urn:mavedb:00000115-a-9,binding fitness from KRAS-DARPin K55 bindingPCA of KRAS block2,protein_hgvs_join_with_score_set,Fetch mapped-variants for the score set and reconcile VRS/genomic identity.
KRAS,p.Lys117Asn,375965,urn:mavedb:00000115-a-9,binding fitness from KRAS-DARPin K55 bindingPCA of KRAS block2,protein_hgvs_join_with_score_set,Fetch mapped-variants for the score set and reconcile VRS/genomic identity.
KRAS,p.Lys117Thr,3224559,urn:mavedb:00000115-a-9,binding fitness from KRAS-DARPin K55 bindingPCA of KRAS block2,protein_hgvs_join_with_score_set,Fetch mapped-variants for the score set and reconcile VRS/genomic identity.
KRAS,p.Lys147Arg,431103,,,missing_mavedb_line,Search MaveDB for a matching score set or mark as no public MAVE evidence.
KRAS,p.Lys147Asn,2752227,,,missing_mavedb_line,Search MaveDB for a matching score set or mark as no public MAVE evidence.
KRAS,p.Lys147Glu,31941,,,missing_mavedb_line,Search MaveDB for a matching score set or mark as no public MAVE evidence.
KRAS,p.Lys147Met,1803998,,,missing_mavedb_line,Search MaveDB for a matching score set or mark as no public MAVE evidence.
KRAS,p.Lys5Asn,12594,,,missing_mavedb_line,Search MaveDB for a matching score set or mark as no public MAVE evidence.
KRAS,p.Lys5Gln,2010214,,,missing_mavedb_line,Search MaveDB for a matching score set or mark as no public MAVE evidence.
KRAS,p.Lys5Glu,12596,,,missing_mavedb_line,Search MaveDB for a matching score set or mark as no public MAVE evidence.
KRAS,p.Met72Leu,179141,urn:mavedb:00000115-a-9,binding fitness from KRAS-DARPin K55 bindingPCA of KRAS block2,protein_hgvs_join_with_score_set,Fetch mapped-variants for the score set and reconcile VRS/genomic identity.
KRAS,p.Phe156Ile,163758,,,missing_mavedb_line,Search MaveDB for a matching score set or mark as no public MAVE evidence.
KRAS,p.Phe156Ser,2716407,,,missing_mavedb_line,Search MaveDB for a matching score set or mark as no public MAVE evidence.
KRAS,p.Phe156Val,45127,,,missing_mavedb_line,Search MaveDB for a matching score set or mark as no public MAVE evidence.
KRAS,p.Pro34Arg,12590,,,missing_mavedb_line,Search MaveDB for a matching score set or mark as no public MAVE evidence.
KRAS,p.Pro34Gln,2630513,,,missing_mavedb_line,Search MaveDB for a matching score set or mark as no public MAVE evidence.
KRAS,p.Pro34Leu,40454,,,missing_mavedb_line,Search MaveDB for a matching score set or mark as no public MAVE evidence.
KRAS,p.Ser65Ile,438796,urn:mavedb:00000115-a-9,binding fitness from KRAS-DARPin K55 bindingPCA of KRAS block2,protein_hgvs_join_with_score_set,Fetch mapped-variants for the score set and reconcile VRS/genomic identity.
KRAS,p.Thr20Met,4689816,,,missing_mavedb_line,Search MaveDB for a matching score set or mark as no public MAVE evidence.
KRAS,p.Thr50Pro,2575733,,,missing_mavedb_line,Search MaveDB for a matching score set or mark as no public MAVE evidence.
KRAS,p.Thr58Ile,12588,,,missing_mavedb_line,Search MaveDB for a matching score set or mark as no public MAVE evidence.
KRAS,p.Thr74Ile,981550,urn:mavedb:00000115-a-9,binding fitness from KRAS-DARPin K55 bindingPCA of KRAS block2,protein_hgvs_join_with_score_set,Fetch mapped-variants for the score set and reconcile VRS/genomic identity.
KRAS,p.Tyr71Asp,228267,urn:mavedb:00000115-a-9,binding fitness from KRAS-DARPin K55 bindingPCA of KRAS block2,protein_hgvs_join_with_score_set,Fetch mapped-variants for the score set and reconcile VRS/genomic identity.
KRAS,p.Tyr71His,31940,urn:mavedb:00000115-a-9,binding fitness from KRAS-DARPin K55 bindingPCA of KRAS block2,protein_hgvs_join_with_score_set,Fetch mapped-variants for the score set and reconcile VRS/genomic identity.
KRAS,p.Val14Ile,12589,,,missing_mavedb_line,Search MaveDB for a matching score set or mark as no public MAVE evidence.
KRAS,p.Val152Phe,45126,,,missing_mavedb_line,Search MaveDB for a matching score set or mark as no public MAVE evidence.
KRAS,p.Val7Glu,2503842,,,missing_mavedb_line,Search MaveDB for a matching score set or mark as no public MAVE evidence.
MSH2,p.Ala120Ser,3913543,urn:mavedb:00000050-a-1,MSH2 LOF scores (HAP1),protein_hgvs_join_with_score_set,Fetch mapped-variants for the score set and reconcile VRS/genomic identity.
MSH2,p.Ala14Pro,3874885,urn:mavedb:00000050-a-1,MSH2 LOF scores (HAP1),protein_hgvs_join_with_score_set,Fetch mapped-variants for the score set and reconcile VRS/genomic identity.
MSH2,p.Ala154Pro,1741885,urn:mavedb:00000050-a-1,MSH2 LOF scores (HAP1),protein_hgvs_join_with_score_set,Fetch mapped-variants for the score set and reconcile VRS/genomic identity.
MSH2,p.Ala15Pro,3874883,urn:mavedb:00000050-a-1,MSH2 LOF scores (HAP1),protein_hgvs_join_with_score_set,Fetch mapped-variants for the score set and reconcile VRS/genomic identity.
MSH2,p.Ala189Val,1748949,urn:mavedb:00000050-a-1,MSH2 LOF scores (HAP1),protein_hgvs_join_with_score_set,Fetch mapped-variants for the score set and reconcile VRS/genomic identity.
MSH2,p.Ala207Val,1417674,urn:mavedb:00000050-a-1,MSH2 LOF scores (HAP1),protein_hgvs_join_with_score_set,Fetch mapped-variants for the score set and reconcile VRS/genomic identity.
MSH2,p.Ala256Gly,4799755,urn:mavedb:00000050-a-1,MSH2 LOF scores (HAP1),protein_hgvs_join_with_score_set,Fetch mapped-variants for the score set and reconcile VRS/genomic identity.
MSH2,p.Ala272Val,41651,urn:mavedb:00000050-a-1,MSH2 LOF scores (HAP1),protein_hgvs_join_with_score_set,Fetch mapped-variants for the score set and reconcile VRS/genomic identity.
MSH2,p.Ala2Thr,41650,urn:mavedb:00000050-a-1,MSH2 LOF scores (HAP1),protein_hgvs_join_with_score_set,Fetch mapped-variants for the score set and reconcile VRS/genomic identity.
MSH2,p.Ala327Ser,4652438,urn:mavedb:00000050-a-1,MSH2 LOF scores (HAP1),protein_hgvs_join_with_score_set,Fetch mapped-variants for the score set and reconcile VRS/genomic identity.
MSH2,p.Ala328Ser,455631,urn:mavedb:00000050-a-1,MSH2 LOF scores (HAP1),protein_hgvs_join_with_score_set,Fetch mapped-variants for the score set and reconcile VRS/genomic identity.
MSH2,p.Ala328Val,823501,urn:mavedb:00000050-a-1,MSH2 LOF scores (HAP1),protein_hgvs_join_with_score_set,Fetch mapped-variants for the score set and reconcile VRS/genomic identity.
MSH2,p.Ala391Gly,2567745,urn:mavedb:00000050-a-1,MSH2 LOF scores (HAP1),protein_hgvs_join_with_score_set,Fetch mapped-variants for the score set and reconcile VRS/genomic identity.
MSH2,p.Ala398Gly,4652783,urn:mavedb:00000050-a-1,MSH2 LOF scores (HAP1),protein_hgvs_join_with_score_set,Fetch mapped-variants for the score set and reconcile VRS/genomic identity.
MSH2,p.Ala420Thr,4652661,urn:mavedb:00000050-a-1,MSH2 LOF scores (HAP1),protein_hgvs_join_with_score_set,Fetch mapped-variants for the score set and reconcile VRS/genomic identity.
MSH2,p.Ala45Val,90634,urn:mavedb:00000050-a-1,MSH2 LOF scores (HAP1),protein_hgvs_join_with_score_set,Fetch mapped-variants for the score set and reconcile VRS/genomic identity.
MSH2,p.Ala573Val,819917,urn:mavedb:00000050-a-1,MSH2 LOF scores (HAP1),protein_hgvs_join_with_score_set,Fetch mapped-variants for the score set and reconcile VRS/genomic identity.
MSH2,p.Ala576Pro,90762,urn:mavedb:00000050-a-1,MSH2 LOF scores (HAP1),protein_hgvs_join_with_score_set,Fetch mapped-variants for the score set and reconcile VRS/genomic identity.
MSH2,p.Ala600Asp,1780308,urn:mavedb:00000050-a-1,MSH2 LOF scores (HAP1),protein_hgvs_join_with_score_set,Fetch mapped-variants for the score set and reconcile VRS/genomic identity.
MSH2,p.Ala600Thr,651698,urn:mavedb:00000050-a-1,MSH2 LOF scores (HAP1),protein_hgvs_join_with_score_set,Fetch mapped-variants for the score set and reconcile VRS/genomic identity.
MSH2,p.Ala600Val,90789,urn:mavedb:00000050-a-1,MSH2 LOF scores (HAP1),protein_hgvs_join_with_score_set,Fetch mapped-variants for the score set and reconcile VRS/genomic identity.
MSH2,p.Ala604Asp,2673297,urn:mavedb:00000050-a-1,MSH2 LOF scores (HAP1),protein_hgvs_join_with_score_set,Fetch mapped-variants for the score set and reconcile VRS/genomic identity.
MSH2,p.Ala623Gly,3913563,urn:mavedb:00000050-a-1,MSH2 LOF scores (HAP1),protein_hgvs_join_with_score_set,Fetch mapped-variants for the score set and reconcile VRS/genomic identity.
MSH2,p.Ala636Pro,1764,urn:mavedb:00000050-a-1,MSH2 LOF scores (HAP1),protein_hgvs_join_with_score_set,Fetch mapped-variants for the score set and reconcile VRS/genomic identity.
MSH2,p.Ala636Thr,2447350,urn:mavedb:00000050-a-1,MSH2 LOF scores (HAP1),protein_hgvs_join_with_score_set,Fetch mapped-variants for the score set and reconcile VRS/genomic identity.
MSH2,p.Ala640Ser,569189,urn:mavedb:00000050-a-1,MSH2 LOF scores (HAP1),protein_hgvs_join_with_score_set,Fetch mapped-variants for the score set and reconcile VRS/genomic identity.
MSH2,p.Ala689Pro,428497,urn:mavedb:00000050-a-1,MSH2 LOF scores (HAP1),protein_hgvs_join_with_score_set,Fetch mapped-variants for the score set and reconcile VRS/genomic identity.
MSH2,p.Ala700Glu,229885,urn:mavedb:00000050-a-1,MSH2 LOF scores (HAP1),protein_hgvs_join_with_score_set,Fetch mapped-variants for the score set and reconcile VRS/genomic identity.
MSH2,p.Ala763Pro,1685955,urn:mavedb:00000050-a-1,MSH2 LOF scores (HAP1),protein_hgvs_join_with_score_set,Fetch mapped-variants for the score set and reconcile VRS/genomic identity.
MSH2,p.Ala834Thr,90986,urn:mavedb:00000050-a-1,MSH2 LOF scores (HAP1),protein_hgvs_join_with_score_set,Fetch mapped-variants for the score set and reconcile VRS/genomic identity.
MSH2,p.Ala870Glu,3874879,urn:mavedb:00000050-a-1,MSH2 LOF scores (HAP1),protein_hgvs_join_with_score_set,Fetch mapped-variants for the score set and reconcile VRS/genomic identity.
MSH2,p.Ala917Pro,4799780,urn:mavedb:00000050-a-1,MSH2 LOF scores (HAP1),protein_hgvs_join_with_score_set,Fetch mapped-variants for the score set and reconcile VRS/genomic identity.
MSH2,p.Ala917Val,4771574,urn:mavedb:00000050-a-1,MSH2 LOF scores (HAP1),protein_hgvs_join_with_score_set,Fetch mapped-variants for the score set and reconcile VRS/genomic identity.
MSH2,p.Arg106Gly,1728407,urn:mavedb:00000050-a-1,MSH2 LOF scores (HAP1),protein_hgvs_join_with_score_set,Fetch mapped-variants for the score set and reconcile VRS/genomic identity.
MSH2,p.Arg106Lys,91062,urn:mavedb:00000050-a-1,MSH2 LOF scores (HAP1),missing_mavedb_line,Search MaveDB for a matching score set or mark as no public MAVE evidence.
MSH2,p.Arg21Gly,2453494,urn:mavedb:00000050-a-1,MSH2 LOF scores (HAP1),protein_hgvs_join_with_score_set,Fetch mapped-variants for the score set and reconcile VRS/genomic identity.
MSH2,p.Arg227Ile,2496585,urn:mavedb:00000050-a-1,MSH2 LOF scores (HAP1),protein_hgvs_join_with_score_set,Fetch mapped-variants for the score set and reconcile VRS/genomic identity.
MSH2,p.Arg308Gly,3230860,urn:mavedb:00000050-a-1,MSH2 LOF scores (HAP1),protein_hgvs_join_with_score_set,Fetch mapped-variants for the score set and reconcile VRS/genomic identity.
MSH2,p.Arg355Lys,1781308,urn:mavedb:00000050-a-1,MSH2 LOF scores (HAP1),protein_hgvs_join_with_score_set,Fetch mapped-variants for the score set and reconcile VRS/genomic identity.
MSH2,p.Arg355Ser,3874888,urn:mavedb:00000050-a-1,MSH2 LOF scores (HAP1),protein_hgvs_join_with_score_set,Fetch mapped-variants for the score set and reconcile VRS/genomic identity.
MSH2,p.Arg359Gly,1784640,urn:mavedb:00000050-a-1,MSH2 LOF scores (HAP1),protein_hgvs_join_with_score_set,Fetch mapped-variants for the score set and reconcile VRS/genomic identity.
MSH2,p.Arg359Ile,1066604,urn:mavedb:00000050-a-1,MSH2 LOF scores (HAP1),protein_hgvs_join_with_score_set,Fetch mapped-variants for the score set and reconcile VRS/genomic identity.
MSH2,p.Arg359Ser,90539,urn:mavedb:00000050-a-1,MSH2 LOF scores (HAP1),protein_hgvs_join_with_score_set,Fetch mapped-variants for the score set and reconcile VRS/genomic identity.
MSH2,p.Arg359Thr,142767,urn:mavedb:00000050-a-1,MSH2 LOF scores (HAP1),protein_hgvs_join_with_score_set,Fetch mapped-variants for the score set and reconcile VRS/genomic identity.
MSH2,p.Arg35Leu,1061189,urn:mavedb:00000050-a-1,MSH2 LOF scores (HAP1),protein_hgvs_join_with_score_set,Fetch mapped-variants for the score set and reconcile VRS/genomic identity.
MSH2,p.Arg396Lys,2587532,urn:mavedb:00000050-a-1,MSH2 LOF scores (HAP1),protein_hgvs_join_with_score_set,Fetch mapped-variants for the score set and reconcile VRS/genomic identity.
MSH2,p.Arg396Thr,2802720,urn:mavedb:00000050-a-1,MSH2 LOF scores (HAP1),protein_hgvs_join_with_score_set,Fetch mapped-variants for the score set and reconcile VRS/genomic identity.
MSH2,p.Arg524Pro,1759,urn:mavedb:00000050-a-1,MSH2 LOF scores (HAP1),protein_hgvs_join_with_score_set,Fetch mapped-variants for the score set and reconcile VRS/genomic identity.
MSH2,p.Arg55Gln,220448,urn:mavedb:00000050-a-1,MSH2 LOF scores (HAP1),protein_hgvs_join_with_score_set,Fetch mapped-variants for the score set and reconcile VRS/genomic identity.
MSH2,p.Arg621Leu,218040,urn:mavedb:00000050-a-1,MSH2 LOF scores (HAP1),protein_hgvs_join_with_score_set,Fetch mapped-variants for the score set and reconcile VRS/genomic identity.
MSH2,p.Arg631Ile,960608,urn:mavedb:00000050-a-1,MSH2 LOF scores (HAP1),protein_hgvs_join_with_score_set,Fetch mapped-variants for the score set and reconcile VRS/genomic identity.
MSH2,p.Arg680Pro,483690,urn:mavedb:00000050-a-1,MSH2 LOF scores (HAP1),protein_hgvs_join_with_score_set,Fetch mapped-variants for the score set and reconcile VRS/genomic identity.
MSH2,p.Arg711Pro,820781,urn:mavedb:00000050-a-1,MSH2 LOF scores (HAP1),protein_hgvs_join_with_score_set,Fetch mapped-variants for the score set and reconcile VRS/genomic identity.
MSH2,p.Arg737Lys,1503460,urn:mavedb:00000050-a-1,MSH2 LOF scores (HAP1),protein_hgvs_join_with_score_set,Fetch mapped-variants for the score set and reconcile VRS/genomic identity.
MSH2,p.Arg929Gly,3913559,urn:mavedb:00000050-a-1,MSH2 LOF scores (HAP1),protein_hgvs_join_with_score_set,Fetch mapped-variants for the score set and reconcile VRS/genomic identity.
MSH2,p.Arg96His,91053,urn:mavedb:00000050-a-1,MSH2 LOF scores (HAP1),protein_hgvs_join_with_score_set,Fetch mapped-variants for the score set and reconcile VRS/genomic identity.
MSH2,p.Arg99Ile,1798272,urn:mavedb:00000050-a-1,MSH2 LOF scores (HAP1),protein_hgvs_join_with_score_set,Fetch mapped-variants for the score set and reconcile VRS/genomic identity.
MSH2,p.Asn109Asp,1729503,urn:mavedb:00000050-a-1,MSH2 LOF scores (HAP1),protein_hgvs_join_with_score_set,Fetch mapped-variants for the score set and reconcile VRS/genomic identity.
MSH2,p.Asn109His,4111014,urn:mavedb:00000050-a-1,MSH2 LOF scores (HAP1),protein_hgvs_join_with_score_set,Fetch mapped-variants for the score set and reconcile VRS/genomic identity.
MSH2,p.Asn115Lys,1731638,urn:mavedb:00000050-a-1,MSH2 LOF scores (HAP1),protein_hgvs_join_with_score_set,Fetch mapped-variants for the score set and reconcile VRS/genomic identity.
MSH2,p.Asn115Ser,4111038,urn:mavedb:00000050-a-1,MSH2 LOF scores (HAP1),protein_hgvs_join_with_score_set,Fetch mapped-variants for the score set and reconcile VRS/genomic identity.
MSH2,p.Asn127Ser,36577,urn:mavedb:00000050-a-1,MSH2 LOF scores (HAP1),protein_hgvs_join_with_score_set,Fetch mapped-variants for the score set and reconcile VRS/genomic identity.
MSH2,p.Asn311Asp,3398638,urn:mavedb:00000050-a-1,MSH2 LOF scores (HAP1),protein_hgvs_join_with_score_set,Fetch mapped-variants for the score set and reconcile VRS/genomic identity.
MSH2,p.Asn311Lys,3633390,urn:mavedb:00000050-a-1,MSH2 LOF scores (HAP1),protein_hgvs_join_with_score_set,Fetch mapped-variants for the score set and reconcile VRS/genomic identity.
MSH2,p.Asn361His,3913579,urn:mavedb:00000050-a-1,MSH2 LOF scores (HAP1),protein_hgvs_join_with_score_set,Fetch mapped-variants for the score set and reconcile VRS/genomic identity.
MSH2,p.Asn400His,1746476,urn:mavedb:00000050-a-1,MSH2 LOF scores (HAP1),protein_hgvs_join_with_score_set,Fetch mapped-variants for the score set and reconcile VRS/genomic identity.
MSH2,p.Asn412His,1756350,urn:mavedb:00000050-a-1,MSH2 LOF scores (HAP1),protein_hgvs_join_with_score_set,Fetch mapped-variants for the score set and reconcile VRS/genomic identity.
MSH2,p.Asn560Asp,1777832,urn:mavedb:00000050-a-1,MSH2 LOF scores (HAP1),protein_hgvs_join_with_score_set,Fetch mapped-variants for the score set and reconcile VRS/genomic identity.
MSH2,p.Asn583Thr,90764,urn:mavedb:00000050-a-1,MSH2 LOF scores (HAP1),protein_hgvs_join_with_score_set,Fetch mapped-variants for the score set and reconcile VRS/genomic identity.
MSH2,p.Asn653Ser,3398633,urn:mavedb:00000050-a-1,MSH2 LOF scores (HAP1),protein_hgvs_join_with_score_set,Fetch mapped-variants for the score set and reconcile VRS/genomic identity.
MSH2,p.Asn671Ile,1784432,urn:mavedb:00000050-a-1,MSH2 LOF scores (HAP1),protein_hgvs_join_with_score_set,Fetch mapped-variants for the score set and reconcile VRS/genomic identity.
MSH2,p.Asn671Tyr,1784426,urn:mavedb:00000050-a-1,MSH2 LOF scores (HAP1),protein_hgvs_join_with_score_set,Fetch mapped-variants for the score set and reconcile VRS/genomic identity.
MSH2,p.Asn798Lys,936706,urn:mavedb:00000050-a-1,MSH2 LOF scores (HAP1),protein_hgvs_join_with_score_set,Fetch mapped-variants for the score set and reconcile VRS/genomic identity.
MSH2,p.Asn903Asp,3230842,urn:mavedb:00000050-a-1,MSH2 LOF scores (HAP1),protein_hgvs_join_with_score_set,Fetch mapped-variants for the score set and reconcile VRS/genomic identity.
MSH2,p.Asn903Lys,2587533,urn:mavedb:00000050-a-1,MSH2 LOF scores (HAP1),protein_hgvs_join_with_score_set,Fetch mapped-variants for the score set and reconcile VRS/genomic identity.
MSH2,p.Asp133His,3398603,urn:mavedb:00000050-a-1,MSH2 LOF scores (HAP1),protein_hgvs_join_with_score_set,Fetch mapped-variants for the score set and reconcile VRS/genomic identity.
MSH2,p.Asp167His,91112,urn:mavedb:00000050-a-1,MSH2 LOF scores (HAP1),protein_hgvs_join_with_score_set,Fetch mapped-variants for the score set and reconcile VRS/genomic identity.
MSH2,p.Asp283Tyr,2447341,urn:mavedb:00000050-a-1,MSH2 LOF scores (HAP1),protein_hgvs_join_with_score_set,Fetch mapped-variants for the score set and reconcile VRS/genomic identity.
MSH2,p.Asp283Val,455620,urn:mavedb:00000050-a-1,MSH2 LOF scores (HAP1),protein_hgvs_join_with_score_set,Fetch mapped-variants for the score set and reconcile VRS/genomic identity.
MSH2,p.Asp295Ala,1764866,urn:mavedb:00000050-a-1,MSH2 LOF scores (HAP1),protein_hgvs_join_with_score_set,Fetch mapped-variants for the score set and reconcile VRS/genomic identity.
MSH2,p.Asp403Glu,3230806,urn:mavedb:00000050-a-1,MSH2 LOF scores (HAP1),protein_hgvs_join_with_score_set,Fetch mapped-variants for the score set and reconcile VRS/genomic identity.
MSH2,p.Asp446His,1770251,urn:mavedb:00000050-a-1,MSH2 LOF scores (HAP1),protein_hgvs_join_with_score_set,Fetch mapped-variants for the score set and reconcile VRS/genomic identity.
MSH2,p.Asp487Gly,1773149,urn:mavedb:00000050-a-1,MSH2 LOF scores (HAP1),protein_hgvs_join_with_score_set,Fetch mapped-variants for the score set and reconcile VRS/genomic identity.
MSH2,p.Asp514Asn,1774845,urn:mavedb:00000050-a-1,MSH2 LOF scores (HAP1),protein_hgvs_join_with_score_set,Fetch mapped-variants for the score set and reconcile VRS/genomic identity.
MSH2,p.Asp543Ala,2587528,urn:mavedb:00000050-a-1,MSH2 LOF scores (HAP1),protein_hgvs_join_with_score_set,Fetch mapped-variants for the score set and reconcile VRS/genomic identity.
MSH2,p.Asp597Glu,3913542,urn:mavedb:00000050-a-1,MSH2 LOF scores (HAP1),protein_hgvs_join_with_score_set,Fetch mapped-variants for the score set and reconcile VRS/genomic identity.
MSH2,p.Asp603Gly,90791,urn:mavedb:00000050-a-1,MSH2 LOF scores (HAP1),protein_hgvs_join_with_score_set,Fetch mapped-variants for the score set and reconcile VRS/genomic identity.
MSH2,p.Asp603Tyr,1780503,urn:mavedb:00000050-a-1,MSH2 LOF scores (HAP1),protein_hgvs_join_with_score_set,Fetch mapped-variants for the score set and reconcile VRS/genomic identity.
MSH2,p.Asp603Val,480909,urn:mavedb:00000050-a-1,MSH2 LOF scores (HAP1),protein_hgvs_join_with_score_set,Fetch mapped-variants for the score set and reconcile VRS/genomic identity.
MSH2,p.Asp654Asn,1783429,urn:mavedb:00000050-a-1,MSH2 LOF scores (HAP1),protein_hgvs_join_with_score_set,Fetch mapped-variants for the score set and reconcile VRS/genomic identity.
MSH2,p.Asp660Gly,427603,urn:mavedb:00000050-a-1,MSH2 LOF scores (HAP1),protein_hgvs_join_with_score_set,Fetch mapped-variants for the score set and reconcile VRS/genomic identity.
MSH2,p.Asp748His,237385,urn:mavedb:00000050-a-1,MSH2 LOF scores (HAP1),protein_hgvs_join_with_score_set,Fetch mapped-variants for the score set and reconcile VRS/genomic identity.
MSH2,p.Asp748Tyr,1788302,urn:mavedb:00000050-a-1,MSH2 LOF scores (HAP1),protein_hgvs_join_with_score_set,Fetch mapped-variants for the score set and reconcile VRS/genomic identity.
MSH2,p.Asp864Tyr,483714,urn:mavedb:00000050-a-1,MSH2 LOF scores (HAP1),protein_hgvs_join_with_score_set,Fetch mapped-variants for the score set and reconcile VRS/genomic identity.
MSH2,p.Asp91His,619519,urn:mavedb:00000050-a-1,MSH2 LOF scores (HAP1),protein_hgvs_join_with_score_set,Fetch mapped-variants for the score set and reconcile VRS/genomic identity.
MSH2,p.Cys199Arg,91146,urn:mavedb:00000050-a-1,MSH2 LOF scores (HAP1),protein_hgvs_join_with_score_set,Fetch mapped-variants for the score set and reconcile VRS/genomic identity.
MSH2,p.Cys199Trp,826091,urn:mavedb:00000050-a-1,MSH2 LOF scores (HAP1),protein_hgvs_join_with_score_set,Fetch mapped-variants for the score set and reconcile VRS/genomic identity.
MSH2,p.Cys199Tyr,91147,urn:mavedb:00000050-a-1,MSH2 LOF scores (HAP1),protein_hgvs_join_with_score_set,Fetch mapped-variants for the score set and reconcile VRS/genomic identity.
MSH2,p.Cys333Arg,91272,urn:mavedb:00000050-a-1,MSH2 LOF scores (HAP1),protein_hgvs_join_with_score_set,Fetch mapped-variants for the score set and reconcile VRS/genomic identity.
MSH2,p.Cys333Phe,638846,urn:mavedb:00000050-a-1,MSH2 LOF scores (HAP1),protein_hgvs_join_with_score_set,Fetch mapped-variants for the score set and reconcile VRS/genomic identity.
MSH2,p.Cys333Trp,450154,urn:mavedb:00000050-a-1,MSH2 LOF scores (HAP1),protein_hgvs_join_with_score_set,Fetch mapped-variants for the score set and reconcile VRS/genomic identity.
MSH2,p.Cys333Tyr,91273,urn:mavedb:00000050-a-1,MSH2 LOF scores (HAP1),protein_hgvs_join_with_score_set,Fetch mapped-variants for the score set and reconcile VRS/genomic identity.
MSH2,p.Cys693Tyr,393457,urn:mavedb:00000050-a-1,MSH2 LOF scores (HAP1),missing_mavedb_line,Search MaveDB for a matching score set or mark as no public MAVE evidence.
MSH2,p.Cys697Arg,90882,urn:mavedb:00000050-a-1,MSH2 LOF scores (HAP1),protein_hgvs_join_with_score_set,Fetch mapped-variants for the score set and reconcile VRS/genomic identity.
MSH2,p.Cys697Phe,90883,urn:mavedb:00000050-a-1,MSH2 LOF scores (HAP1),protein_hgvs_join_with_score_set,Fetch mapped-variants for the score set and reconcile VRS/genomic identity.
MSH2,p.Cys697Trp,2453475,urn:mavedb:00000050-a-1,MSH2 LOF scores (HAP1),protein_hgvs_join_with_score_set,Fetch mapped-variants for the score set and reconcile VRS/genomic identity.
MSH2,p.Cys697Tyr,187518,urn:mavedb:00000050-a-1,MSH2 LOF scores (HAP1),protein_hgvs_join_with_score_set,Fetch mapped-variants for the score set and reconcile VRS/genomic identity.
MSH2,p.Cys822Ser,2191723,urn:mavedb:00000050-a-1,MSH2 LOF scores (HAP1),protein_hgvs_join_with_score_set,Fetch mapped-variants for the score set and reconcile VRS/genomic identity.
MSH2,p.Gln193Arg,3398647,urn:mavedb:00000050-a-1,MSH2 LOF scores (HAP1),protein_hgvs_join_with_score_set,Fetch mapped-variants for the score set and reconcile VRS/genomic identity.
MSH2,p.Gln193Lys,1749593,urn:mavedb:00000050-a-1,MSH2 LOF scores (HAP1),protein_hgvs_join_with_score_set,Fetch mapped-variants for the score set and reconcile VRS/genomic identity.
MSH2,p.Gln239His,3230854,urn:mavedb:00000050-a-1,MSH2 LOF scores (HAP1),protein_hgvs_join_with_score_set,Fetch mapped-variants for the score set and reconcile VRS/genomic identity.
MSH2,p.Gln24Pro,3874914,urn:mavedb:00000050-a-1,MSH2 LOF scores (HAP1),protein_hgvs_join_with_score_set,Fetch mapped-variants for the score set and reconcile VRS/genomic identity.
MSH2,p.Gln252Leu,1759505,urn:mavedb:00000050-a-1,MSH2 LOF scores (HAP1),protein_hgvs_join_with_score_set,Fetch mapped-variants for the score set and reconcile VRS/genomic identity.
MSH2,p.Gln288Arg,1764125,urn:mavedb:00000050-a-1,MSH2 LOF scores (HAP1),protein_hgvs_join_with_score_set,Fetch mapped-variants for the score set and reconcile VRS/genomic identity.
MSH2,p.Gln314His,483693,urn:mavedb:00000050-a-1,MSH2 LOF scores (HAP1),protein_hgvs_join_with_score_set,Fetch mapped-variants for the score set and reconcile VRS/genomic identity.
MSH2,p.Gln344Glu,1771017,urn:mavedb:00000050-a-1,MSH2 LOF scores (HAP1),protein_hgvs_join_with_score_set,Fetch mapped-variants for the score set and reconcile VRS/genomic identity.
MSH2,p.Gln377Glu,837376,urn:mavedb:00000050-a-1,MSH2 LOF scores (HAP1),protein_hgvs_join_with_score_set,Fetch mapped-variants for the score set and reconcile VRS/genomic identity.
MSH2,p.Gln397Pro,3296235,urn:mavedb:00000050-a-1,MSH2 LOF scores (HAP1),protein_hgvs_join_with_score_set,Fetch mapped-variants for the score set and reconcile VRS/genomic identity.
MSH2,p.Gln419Glu,1057949,urn:mavedb:00000050-a-1,MSH2 LOF scores (HAP1),protein_hgvs_join_with_score_set,Fetch mapped-variants for the score set and reconcile VRS/genomic identity.
MSH2,p.Gln419Lys,90583,urn:mavedb:00000050-a-1,MSH2 LOF scores (HAP1),missing_mavedb_line,Search MaveDB for a matching score set or mark as no public MAVE evidence.
MSH2,p.Gln4His,619517,urn:mavedb:00000050-a-1,MSH2 LOF scores (HAP1),protein_hgvs_join_with_score_set,Fetch mapped-variants for the score set and reconcile VRS/genomic identity.
MSH2,p.Gln510Arg,3296209,urn:mavedb:00000050-a-1,MSH2 LOF scores (HAP1),protein_hgvs_join_with_score_set,Fetch mapped-variants for the score set and reconcile VRS/genomic identity.
MSH2,p.Gln510Pro,3398595,urn:mavedb:00000050-a-1,MSH2 LOF scores (HAP1),protein_hgvs_join_with_score_set,Fetch mapped-variants for the score set and reconcile VRS/genomic identity.
MSH2,p.Gln518Glu,2453457,urn:mavedb:00000050-a-1,MSH2 LOF scores (HAP1),protein_hgvs_join_with_score_set,Fetch mapped-variants for the score set and reconcile VRS/genomic identity.
MSH2,p.Gln518His,3913555,urn:mavedb:00000050-a-1,MSH2 LOF scores (HAP1),protein_hgvs_join_with_score_set,Fetch mapped-variants for the score set and reconcile VRS/genomic identity.
MSH2,p.Gln61Arg,1780911,urn:mavedb:00000050-a-1,MSH2 LOF scores (HAP1),protein_hgvs_join_with_score_set,Fetch mapped-variants for the score set and reconcile VRS/genomic identity.
MSH2,p.Gln61Lys,3913566,urn:mavedb:00000050-a-1,MSH2 LOF scores (HAP1),protein_hgvs_join_with_score_set,Fetch mapped-variants for the score set and reconcile VRS/genomic identity.
MSH2,p.Gln629Arg,90812,urn:mavedb:00000050-a-1,MSH2 LOF scores (HAP1),protein_hgvs_join_with_score_set,Fetch mapped-variants for the score set and reconcile VRS/genomic identity.
MSH2,p.Gln662Arg,1783863,urn:mavedb:00000050-a-1,MSH2 LOF scores (HAP1),protein_hgvs_join_with_score_set,Fetch mapped-variants for the score set and reconcile VRS/genomic identity.
MSH2,p.Gln76Glu,3296229,urn:mavedb:00000050-a-1,MSH2 LOF scores (HAP1),missing_mavedb_line,Search MaveDB for a matching score set or mark as no public MAVE evidence.
MSH2,p.Gln76His,230330,urn:mavedb:00000050-a-1,MSH2 LOF scores (HAP1),protein_hgvs_join_with_score_set,Fetch mapped-variants for the score set and reconcile VRS/genomic identity.
MSH2,p.Gln855His,455571,urn:mavedb:00000050-a-1,MSH2 LOF scores (HAP1),protein_hgvs_join_with_score_set,Fetch mapped-variants for the score set and reconcile VRS/genomic identity.
MSH2,p.Gln879Glu,3230840,urn:mavedb:00000050-a-1,MSH2 LOF scores (HAP1),protein_hgvs_join_with_score_set,Fetch mapped-variants for the score set and reconcile VRS/genomic identity.
MSH2,p.Gln893Arg,2447342,urn:mavedb:00000050-a-1,MSH2 LOF scores (HAP1),protein_hgvs_join_with_score_set,Fetch mapped-variants for the score set and reconcile VRS/genomic identity.
MSH2,p.Gln893Pro,3913581,urn:mavedb:00000050-a-1,MSH2 LOF scores (HAP1),protein_hgvs_join_with_score_set,Fetch mapped-variants for the score set and reconcile VRS/genomic identity.
MSH2,p.Glu198Ala,1750605,urn:mavedb:00000050-a-1,MSH2 LOF scores (HAP1),protein_hgvs_join_with_score_set,Fetch mapped-variants for the score set and reconcile VRS/genomic identity.
MSH2,p.Glu198Gly,91145,urn:mavedb:00000050-a-1,MSH2 LOF scores (HAP1),protein_hgvs_join_with_score_set,Fetch mapped-variants for the score set and reconcile VRS/genomic identity.
MSH2,p.Glu205Asp,1751947,urn:mavedb:00000050-a-1,MSH2 LOF scores (HAP1),protein_hgvs_join_with_score_set,Fetch mapped-variants for the score set and reconcile VRS/genomic identity.
MSH2,p.Glu226Lys,1755344,urn:mavedb:00000050-a-1,MSH2 LOF scores (HAP1),protein_hgvs_join_with_score_set,Fetch mapped-variants for the score set and reconcile VRS/genomic identity.
MSH2,p.Glu28Ala,2453462,urn:mavedb:00000050-a-1,MSH2 LOF scores (HAP1),protein_hgvs_join_with_score_set,Fetch mapped-variants for the score set and reconcile VRS/genomic identity.
MSH2,p.Glu371Asp,1795591,urn:mavedb:00000050-a-1,MSH2 LOF scores (HAP1),protein_hgvs_join_with_score_set,Fetch mapped-variants for the score set and reconcile VRS/genomic identity.
MSH2,p.Glu378Ala,231853,urn:mavedb:00000050-a-1,MSH2 LOF scores (HAP1),protein_hgvs_join_with_score_set,Fetch mapped-variants for the score set and reconcile VRS/genomic identity.
MSH2,p.Glu422Gln,3296233,urn:mavedb:00000050-a-1,MSH2 LOF scores (HAP1),protein_hgvs_join_with_score_set,Fetch mapped-variants for the score set and reconcile VRS/genomic identity.
MSH2,p.Glu455Ala,2567740,urn:mavedb:00000050-a-1,MSH2 LOF scores (HAP1),protein_hgvs_join_with_score_set,Fetch mapped-variants for the score set and reconcile VRS/genomic identity.
MSH2,p.Glu455Gly,2567762,urn:mavedb:00000050-a-1,MSH2 LOF scores (HAP1),protein_hgvs_join_with_score_set,Fetch mapped-variants for the score set and reconcile VRS/genomic identity.
MSH2,p.Glu48Gln,1772475,urn:mavedb:00000050-a-1,MSH2 LOF scores (HAP1),protein_hgvs_join_with_score_set,Fetch mapped-variants for the score set and reconcile VRS/genomic identity.
MSH2,p.Glu56Gly,3230817,urn:mavedb:00000050-a-1,MSH2 LOF scores (HAP1),protein_hgvs_join_with_score_set,Fetch mapped-variants for the score set and reconcile VRS/genomic identity.
MSH2,p.Glu571Lys,2445291,urn:mavedb:00000050-a-1,MSH2 LOF scores (HAP1),protein_hgvs_join_with_score_set,Fetch mapped-variants for the score set and reconcile VRS/genomic identity.
MSH2,p.Glu701Lys,2734197,urn:mavedb:00000050-a-1,MSH2 LOF scores (HAP1),protein_hgvs_join_with_score_set,Fetch mapped-variants for the score set and reconcile VRS/genomic identity.
MSH2,p.Glu749Gly,2674579,urn:mavedb:00000050-a-1,MSH2 LOF scores (HAP1),protein_hgvs_join_with_score_set,Fetch mapped-variants for the score set and reconcile VRS/genomic identity.
MSH2,p.Glu749Lys,90942,urn:mavedb:00000050-a-1,MSH2 LOF scores (HAP1),protein_hgvs_join_with_score_set,Fetch mapped-variants for the score set and reconcile VRS/genomic identity.
MSH2,p.Glu7Asp,3296217,urn:mavedb:00000050-a-1,MSH2 LOF scores (HAP1),protein_hgvs_join_with_score_set,Fetch mapped-variants for the score set and reconcile VRS/genomic identity.
MSH2,p.Glu86Gln,2778099,urn:mavedb:00000050-a-1,MSH2 LOF scores (HAP1),protein_hgvs_join_with_score_set,Fetch mapped-variants for the score set and reconcile VRS/genomic identity.
MSH2,p.Glu886Asp,4652698,urn:mavedb:00000050-a-1,MSH2 LOF scores (HAP1),protein_hgvs_join_with_score_set,Fetch mapped-variants for the score set and reconcile VRS/genomic identity.
MSH2,p.Glu886Val,1794396,urn:mavedb:00000050-a-1,MSH2 LOF scores (HAP1),protein_hgvs_join_with_score_set,Fetch mapped-variants for the score set and reconcile VRS/genomic identity.
MSH2,p.Glu925Gly,3296231,urn:mavedb:00000050-a-1,MSH2 LOF scores (HAP1),protein_hgvs_join_with_score_set,Fetch mapped-variants for the score set and reconcile VRS/genomic identity.
MSH2,p.Gly149Arg,1740769,urn:mavedb:00000050-a-1,MSH2 LOF scores (HAP1),protein_hgvs_join_with_score_set,Fetch mapped-variants for the score set and reconcile VRS/genomic identity.
MSH2,p.Gly162Arg,91105,urn:mavedb:00000050-a-1,MSH2 LOF scores (HAP1),protein_hgvs_join_with_score_set,Fetch mapped-variants for the score set and reconcile VRS/genomic identity.
MSH2,p.Gly164Arg,91109,urn:mavedb:00000050-a-1,MSH2 LOF scores (HAP1),protein_hgvs_join_with_score_set,Fetch mapped-variants for the score set and reconcile VRS/genomic identity.
MSH2,p.Gly164Glu,188119,urn:mavedb:00000050-a-1,MSH2 LOF scores (HAP1),protein_hgvs_join_with_score_set,Fetch mapped-variants for the score set and reconcile VRS/genomic identity.
MSH2,p.Gly164Trp,91110,urn:mavedb:00000050-a-1,MSH2 LOF scores (HAP1),missing_mavedb_line,Search MaveDB for a matching score set or mark as no public MAVE evidence.
MSH2,p.Gly18Ala,2587526,urn:mavedb:00000050-a-1,MSH2 LOF scores (HAP1),protein_hgvs_join_with_score_set,Fetch mapped-variants for the score set and reconcile VRS/genomic identity.
MSH2,p.Gly18Arg,2567752,urn:mavedb:00000050-a-1,MSH2 LOF scores (HAP1),protein_hgvs_join_with_score_set,Fetch mapped-variants for the score set and reconcile VRS/genomic identity.
MSH2,p.Gly18Ser,3230848,urn:mavedb:00000050-a-1,MSH2 LOF scores (HAP1),protein_hgvs_join_with_score_set,Fetch mapped-variants for the score set and reconcile VRS/genomic identity.
MSH2,p.Gly195Arg,2567768,urn:mavedb:00000050-a-1,MSH2 LOF scores (HAP1),protein_hgvs_join_with_score_set,Fetch mapped-variants for the score set and reconcile VRS/genomic identity.
MSH2,p.Gly247Ala,3913577,urn:mavedb:00000050-a-1,MSH2 LOF scores (HAP1),protein_hgvs_join_with_score_set,Fetch mapped-variants for the score set and reconcile VRS/genomic identity.
MSH2,p.Gly315Val,41652,urn:mavedb:00000050-a-1,MSH2 LOF scores (HAP1),protein_hgvs_join_with_score_set,Fetch mapped-variants for the score set and reconcile VRS/genomic identity.
MSH2,p.Gly322Asp,1762,urn:mavedb:00000050-a-1,MSH2 LOF scores (HAP1),protein_hgvs_join_with_score_set,Fetch mapped-variants for the score set and reconcile VRS/genomic identity.
MSH2,p.Gly338Arg,232810,urn:mavedb:00000050-a-1,MSH2 LOF scores (HAP1),protein_hgvs_join_with_score_set,Fetch mapped-variants for the score set and reconcile VRS/genomic identity.
MSH2,p.Gly338Asp,1734968,urn:mavedb:00000050-a-1,MSH2 LOF scores (HAP1),protein_hgvs_join_with_score_set,Fetch mapped-variants for the score set and reconcile VRS/genomic identity.
MSH2,p.Gly338Glu,90504,urn:mavedb:00000050-a-1,MSH2 LOF scores (HAP1),protein_hgvs_join_with_score_set,Fetch mapped-variants for the score set and reconcile VRS/genomic identity.
MSH2,p.Gly338Val,568928,urn:mavedb:00000050-a-1,MSH2 LOF scores (HAP1),protein_hgvs_join_with_score_set,Fetch mapped-variants for the score set and reconcile VRS/genomic identity.
MSH2,p.Gly426Arg,246389,urn:mavedb:00000050-a-1,MSH2 LOF scores (HAP1),protein_hgvs_join_with_score_set,Fetch mapped-variants for the score set and reconcile VRS/genomic identity.
MSH2,p.Gly47Arg,1991825,urn:mavedb:00000050-a-1,MSH2 LOF scores (HAP1),protein_hgvs_join_with_score_set,Fetch mapped-variants for the score set and reconcile VRS/genomic identity.
MSH2,p.Gly587Arg,90771,urn:mavedb:00000050-a-1,MSH2 LOF scores (HAP1),protein_hgvs_join_with_score_set,Fetch mapped-variants for the score set and reconcile VRS/genomic identity.
MSH2,p.Gly587Cys,428463,urn:mavedb:00000050-a-1,MSH2 LOF scores (HAP1),protein_hgvs_join_with_score_set,Fetch mapped-variants for the score set and reconcile VRS/genomic identity.
MSH2,p.Gly587Ser,483724,urn:mavedb:00000050-a-1,MSH2 LOF scores (HAP1),protein_hgvs_join_with_score_set,Fetch mapped-variants for the score set and reconcile VRS/genomic identity.
MSH2,p.Gly614Arg,1447487,urn:mavedb:00000050-a-1,MSH2 LOF scores (HAP1),protein_hgvs_join_with_score_set,Fetch mapped-variants for the score set and reconcile VRS/genomic identity.
MSH2,p.Gly62Val,1781482,urn:mavedb:00000050-a-1,MSH2 LOF scores (HAP1),protein_hgvs_join_with_score_set,Fetch mapped-variants for the score set and reconcile VRS/genomic identity.
MSH2,p.Gly630Arg,486885,urn:mavedb:00000050-a-1,MSH2 LOF scores (HAP1),protein_hgvs_join_with_score_set,Fetch mapped-variants for the score set and reconcile VRS/genomic identity.
MSH2,p.Gly669Val,90854,urn:mavedb:00000050-a-1,MSH2 LOF scores (HAP1),protein_hgvs_join_with_score_set,Fetch mapped-variants for the score set and reconcile VRS/genomic identity.
MSH2,p.Gly674Arg,90860,urn:mavedb:00000050-a-1,MSH2 LOF scores (HAP1),protein_hgvs_join_with_score_set,Fetch mapped-variants for the score set and reconcile VRS/genomic identity.
MSH2,p.Gly674Asp,90861,urn:mavedb:00000050-a-1,MSH2 LOF scores (HAP1),protein_hgvs_join_with_score_set,Fetch mapped-variants for the score set and reconcile VRS/genomic identity.
MSH2,p.Gly674Ser,820546,urn:mavedb:00000050-a-1,MSH2 LOF scores (HAP1),protein_hgvs_join_with_score_set,Fetch mapped-variants for the score set and reconcile VRS/genomic identity.
MSH2,p.Gly674Val,1784570,urn:mavedb:00000050-a-1,MSH2 LOF scores (HAP1),protein_hgvs_join_with_score_set,Fetch mapped-variants for the score set and reconcile VRS/genomic identity.
MSH2,p.Gly683Arg,90868,urn:mavedb:00000050-a-1,MSH2 LOF scores (HAP1),protein_hgvs_join_with_score_set,Fetch mapped-variants for the score set and reconcile VRS/genomic identity.
MSH2,p.Gly692Arg,90878,urn:mavedb:00000050-a-1,MSH2 LOF scores (HAP1),protein_hgvs_join_with_score_set,Fetch mapped-variants for the score set and reconcile VRS/genomic identity.
MSH2,p.Gly692Trp,428464,urn:mavedb:00000050-a-1,MSH2 LOF scores (HAP1),missing_mavedb_line,Search MaveDB for a matching score set or mark as no public MAVE evidence.
MSH2,p.Gly692Val,90880,urn:mavedb:00000050-a-1,MSH2 LOF scores (HAP1),protein_hgvs_join_with_score_set,Fetch mapped-variants for the score set and reconcile VRS/genomic identity.
MSH2,p.Gly715Ser,4799769,urn:mavedb:00000050-a-1,MSH2 LOF scores (HAP1),protein_hgvs_join_with_score_set,Fetch mapped-variants for the score set and reconcile VRS/genomic identity.
MSH2,p.Gly71Arg,142708,urn:mavedb:00000050-a-1,MSH2 LOF scores (HAP1),protein_hgvs_join_with_score_set,Fetch mapped-variants for the score set and reconcile VRS/genomic identity.
MSH2,p.Gly751Arg,439192,urn:mavedb:00000050-a-1,MSH2 LOF scores (HAP1),protein_hgvs_join_with_score_set,Fetch mapped-variants for the score set and reconcile VRS/genomic identity.
MSH2,p.Gly761Arg,483671,urn:mavedb:00000050-a-1,MSH2 LOF scores (HAP1),protein_hgvs_join_with_score_set,Fetch mapped-variants for the score set and reconcile VRS/genomic identity.
MSH2,p.His46Gln,90654,urn:mavedb:00000050-a-1,MSH2 LOF scores (HAP1),protein_hgvs_join_with_score_set,Fetch mapped-variants for the score set and reconcile VRS/genomic identity.
MSH2,p.His610Pro,1780893,urn:mavedb:00000050-a-1,MSH2 LOF scores (HAP1),protein_hgvs_join_with_score_set,Fetch mapped-variants for the score set and reconcile VRS/genomic identity.
MSH2,p.His639Tyr,1756,urn:mavedb:00000050-a-1,MSH2 LOF scores (HAP1),protein_hgvs_join_with_score_set,Fetch mapped-variants for the score set and reconcile VRS/genomic identity.
MSH2,p.His665Arg,3230825,urn:mavedb:00000050-a-1,MSH2 LOF scores (HAP1),protein_hgvs_join_with_score_set,Fetch mapped-variants for the score set and reconcile VRS/genomic identity.
MSH2,p.His665Leu,4111039,urn:mavedb:00000050-a-1,MSH2 LOF scores (HAP1),protein_hgvs_join_with_score_set,Fetch mapped-variants for the score set and reconcile VRS/genomic identity.
MSH2,p.His785Asp,2453482,urn:mavedb:00000050-a-1,MSH2 LOF scores (HAP1),protein_hgvs_join_with_score_set,Fetch mapped-variants for the score set and reconcile VRS/genomic identity.
MSH2,p.His801Pro,428545,urn:mavedb:00000050-a-1,MSH2 LOF scores (HAP1),protein_hgvs_join_with_score_set,Fetch mapped-variants for the score set and reconcile VRS/genomic identity.
MSH2,p.His839Gln,2587531,urn:mavedb:00000050-a-1,MSH2 LOF scores (HAP1),protein_hgvs_join_with_score_set,Fetch mapped-variants for the score set and reconcile VRS/genomic identity.
MSH2,p.Ile145Phe,3398594,urn:mavedb:00000050-a-1,MSH2 LOF scores (HAP1),protein_hgvs_join_with_score_set,Fetch mapped-variants for the score set and reconcile VRS/genomic identity.
MSH2,p.Ile169Val,91115,urn:mavedb:00000050-a-1,MSH2 LOF scores (HAP1),protein_hgvs_join_with_score_set,Fetch mapped-variants for the score set and reconcile VRS/genomic identity.
MSH2,p.Ile194Asn,3230849,urn:mavedb:00000050-a-1,MSH2 LOF scores (HAP1),protein_hgvs_join_with_score_set,Fetch mapped-variants for the score set and reconcile VRS/genomic identity.
MSH2,p.Ile217Val,1469992,urn:mavedb:00000050-a-1,MSH2 LOF scores (HAP1),protein_hgvs_join_with_score_set,Fetch mapped-variants for the score set and reconcile VRS/genomic identity.
MSH2,p.Ile222Phe,4111061,urn:mavedb:00000050-a-1,MSH2 LOF scores (HAP1),protein_hgvs_join_with_score_set,Fetch mapped-variants for the score set and reconcile VRS/genomic identity.
MSH2,p.Ile237Phe,3230853,urn:mavedb:00000050-a-1,MSH2 LOF scores (HAP1),protein_hgvs_join_with_score_set,Fetch mapped-variants for the score set and reconcile VRS/genomic identity.
MSH2,p.Ile304Met,3913545,urn:mavedb:00000050-a-1,MSH2 LOF scores (HAP1),protein_hgvs_join_with_score_set,Fetch mapped-variants for the score set and reconcile VRS/genomic identity.
MSH2,p.Ile356Arg,433880,urn:mavedb:00000050-a-1,MSH2 LOF scores (HAP1),protein_hgvs_join_with_score_set,Fetch mapped-variants for the score set and reconcile VRS/genomic identity.
MSH2,p.Ile356Lys,483753,urn:mavedb:00000050-a-1,MSH2 LOF scores (HAP1),protein_hgvs_join_with_score_set,Fetch mapped-variants for the score set and reconcile VRS/genomic identity.
MSH2,p.Ile411Arg,1755986,urn:mavedb:00000050-a-1,MSH2 LOF scores (HAP1),protein_hgvs_join_with_score_set,Fetch mapped-variants for the score set and reconcile VRS/genomic identity.
MSH2,p.Ile411Leu,2863370,urn:mavedb:00000050-a-1,MSH2 LOF scores (HAP1),protein_hgvs_join_with_score_set,Fetch mapped-variants for the score set and reconcile VRS/genomic identity.
MSH2,p.Ile454Lys,1770848,urn:mavedb:00000050-a-1,MSH2 LOF scores (HAP1),protein_hgvs_join_with_score_set,Fetch mapped-variants for the score set and reconcile VRS/genomic identity.
MSH2,p.Ile511Thr,2567751,urn:mavedb:00000050-a-1,MSH2 LOF scores (HAP1),protein_hgvs_join_with_score_set,Fetch mapped-variants for the score set and reconcile VRS/genomic identity.
MSH2,p.Ile544Phe,3398589,urn:mavedb:00000050-a-1,MSH2 LOF scores (HAP1),protein_hgvs_join_with_score_set,Fetch mapped-variants for the score set and reconcile VRS/genomic identity.
MSH2,p.Ile577Thr,41644,urn:mavedb:00000050-a-1,MSH2 LOF scores (HAP1),protein_hgvs_join_with_score_set,Fetch mapped-variants for the score set and reconcile VRS/genomic identity.
MSH2,p.Ile584Val,576261,urn:mavedb:00000050-a-1,MSH2 LOF scores (HAP1),protein_hgvs_join_with_score_set,Fetch mapped-variants for the score set and reconcile VRS/genomic identity.
MSH2,p.Ile632Ser,1782145,urn:mavedb:00000050-a-1,MSH2 LOF scores (HAP1),protein_hgvs_join_with_score_set,Fetch mapped-variants for the score set and reconcile VRS/genomic identity.
MSH2,p.Ile648Val,1783071,urn:mavedb:00000050-a-1,MSH2 LOF scores (HAP1),protein_hgvs_join_with_score_set,Fetch mapped-variants for the score set and reconcile VRS/genomic identity.
MSH2,p.Ile667Met,1784261,urn:mavedb:00000050-a-1,MSH2 LOF scores (HAP1),protein_hgvs_join_with_score_set,Fetch mapped-variants for the score set and reconcile VRS/genomic identity.
MSH2,p.Ile685Arg,1492933,urn:mavedb:00000050-a-1,MSH2 LOF scores (HAP1),protein_hgvs_join_with_score_set,Fetch mapped-variants for the score set and reconcile VRS/genomic identity.
MSH2,p.Ile685Leu,4759161,urn:mavedb:00000050-a-1,MSH2 LOF scores (HAP1),protein_hgvs_join_with_score_set,Fetch mapped-variants for the score set and reconcile VRS/genomic identity.
MSH2,p.Ile708Asn,1786275,urn:mavedb:00000050-a-1,MSH2 LOF scores (HAP1),protein_hgvs_join_with_score_set,Fetch mapped-variants for the score set and reconcile VRS/genomic identity.
MSH2,p.Ile774Val,408475,urn:mavedb:00000050-a-1,MSH2 LOF scores (HAP1),protein_hgvs_join_with_score_set,Fetch mapped-variants for the score set and reconcile VRS/genomic identity.
MSH2,p.Ile841Leu,4111026,urn:mavedb:00000050-a-1,MSH2 LOF scores (HAP1),protein_hgvs_join_with_score_set,Fetch mapped-variants for the score set and reconcile VRS/genomic identity.
MSH2,p.Ile857Leu,3230838,urn:mavedb:00000050-a-1,MSH2 LOF scores (HAP1),protein_hgvs_join_with_score_set,Fetch mapped-variants for the score set and reconcile VRS/genomic identity.
MSH2,p.Ile930Lys,156505,urn:mavedb:00000050-a-1,MSH2 LOF scores (HAP1),protein_hgvs_join_with_score_set,Fetch mapped-variants for the score set and reconcile VRS/genomic identity.
MSH2,p.Leu128Ile,3874906,urn:mavedb:00000050-a-1,MSH2 LOF scores (HAP1),protein_hgvs_join_with_score_set,Fetch mapped-variants for the score set and reconcile VRS/genomic identity.
MSH2,p.Leu128Pro,1735430,urn:mavedb:00000050-a-1,MSH2 LOF scores (HAP1),protein_hgvs_join_with_score_set,Fetch mapped-variants for the score set and reconcile VRS/genomic identity.
MSH2,p.Leu173Arg,91122,urn:mavedb:00000050-a-1,MSH2 LOF scores (HAP1),protein_hgvs_join_with_score_set,Fetch mapped-variants for the score set and reconcile VRS/genomic identity.
MSH2,p.Leu173Pro,91121,urn:mavedb:00000050-a-1,MSH2 LOF scores (HAP1),protein_hgvs_join_with_score_set,Fetch mapped-variants for the score set and reconcile VRS/genomic identity.
MSH2,p.Leu175Pro,91125,urn:mavedb:00000050-a-1,MSH2 LOF scores (HAP1),protein_hgvs_join_with_score_set,Fetch mapped-variants for the score set and reconcile VRS/genomic identity.
MSH2,p.Leu187Arg,91135,urn:mavedb:00000050-a-1,MSH2 LOF scores (HAP1),protein_hgvs_join_with_score_set,Fetch mapped-variants for the score set and reconcile VRS/genomic identity.
MSH2,p.Leu187His,1748628,urn:mavedb:00000050-a-1,MSH2 LOF scores (HAP1),protein_hgvs_join_with_score_set,Fetch mapped-variants for the score set and reconcile VRS/genomic identity.
MSH2,p.Leu187Pro,91134,urn:mavedb:00000050-a-1,MSH2 LOF scores (HAP1),protein_hgvs_join_with_score_set,Fetch mapped-variants for the score set and reconcile VRS/genomic identity.
MSH2,p.Leu190Pro,428550,urn:mavedb:00000050-a-1,MSH2 LOF scores (HAP1),protein_hgvs_join_with_score_set,Fetch mapped-variants for the score set and reconcile VRS/genomic identity.
MSH2,p.Leu191Arg,1749330,urn:mavedb:00000050-a-1,MSH2 LOF scores (HAP1),protein_hgvs_join_with_score_set,Fetch mapped-variants for the score set and reconcile VRS/genomic identity.
MSH2,p.Leu241Val,455611,urn:mavedb:00000050-a-1,MSH2 LOF scores (HAP1),protein_hgvs_join_with_score_set,Fetch mapped-variants for the score set and reconcile VRS/genomic identity.
MSH2,p.Leu270Arg,2674583,urn:mavedb:00000050-a-1,MSH2 LOF scores (HAP1),protein_hgvs_join_with_score_set,Fetch mapped-variants for the score set and reconcile VRS/genomic identity.
MSH2,p.Leu270Pro,827451,urn:mavedb:00000050-a-1,MSH2 LOF scores (HAP1),protein_hgvs_join_with_score_set,Fetch mapped-variants for the score set and reconcile VRS/genomic identity.
MSH2,p.Leu280Ser,822383,urn:mavedb:00000050-a-1,MSH2 LOF scores (HAP1),protein_hgvs_join_with_score_set,Fetch mapped-variants for the score set and reconcile VRS/genomic identity.
MSH2,p.Leu310Arg,91246,urn:mavedb:00000050-a-1,MSH2 LOF scores (HAP1),protein_hgvs_join_with_score_set,Fetch mapped-variants for the score set and reconcile VRS/genomic identity.
MSH2,p.Leu310Pro,91245,urn:mavedb:00000050-a-1,MSH2 LOF scores (HAP1),protein_hgvs_join_with_score_set,Fetch mapped-variants for the score set and reconcile VRS/genomic identity.
MSH2,p.Leu330Arg,2674575,urn:mavedb:00000050-a-1,MSH2 LOF scores (HAP1),protein_hgvs_join_with_score_set,Fetch mapped-variants for the score set and reconcile VRS/genomic identity.
MSH2,p.Leu330Pro,91270,urn:mavedb:00000050-a-1,MSH2 LOF scores (HAP1),protein_hgvs_join_with_score_set,Fetch mapped-variants for the score set and reconcile VRS/genomic identity.
MSH2,p.Leu341Pro,90507,urn:mavedb:00000050-a-1,MSH2 LOF scores (HAP1),protein_hgvs_join_with_score_set,Fetch mapped-variants for the score set and reconcile VRS/genomic identity.
MSH2,p.Leu360Met,818348,urn:mavedb:00000050-a-1,MSH2 LOF scores (HAP1),protein_hgvs_join_with_score_set,Fetch mapped-variants for the score set and reconcile VRS/genomic identity.
MSH2,p.Leu376Ser,1021004,urn:mavedb:00000050-a-1,MSH2 LOF scores (HAP1),protein_hgvs_join_with_score_set,Fetch mapped-variants for the score set and reconcile VRS/genomic identity.
MSH2,p.Leu390Phe,41641,urn:mavedb:00000050-a-1,MSH2 LOF scores (HAP1),protein_hgvs_join_with_score_set,Fetch mapped-variants for the score set and reconcile VRS/genomic identity.
MSH2,p.Leu401Phe,3913572,urn:mavedb:00000050-a-1,MSH2 LOF scores (HAP1),protein_hgvs_join_with_score_set,Fetch mapped-variants for the score set and reconcile VRS/genomic identity.
MSH2,p.Leu414Pro,90579,urn:mavedb:00000050-a-1,MSH2 LOF scores (HAP1),protein_hgvs_join_with_score_set,Fetch mapped-variants for the score set and reconcile VRS/genomic identity.
MSH2,p.Leu432Phe,3296243,urn:mavedb:00000050-a-1,MSH2 LOF scores (HAP1),protein_hgvs_join_with_score_set,Fetch mapped-variants for the score set and reconcile VRS/genomic identity.
MSH2,p.Leu440Arg,1504444,urn:mavedb:00000050-a-1,MSH2 LOF scores (HAP1),protein_hgvs_join_with_score_set,Fetch mapped-variants for the score set and reconcile VRS/genomic identity.
MSH2,p.Leu440Pro,90625,urn:mavedb:00000050-a-1,MSH2 LOF scores (HAP1),protein_hgvs_join_with_score_set,Fetch mapped-variants for the score set and reconcile VRS/genomic identity.
MSH2,p.Leu478Arg,1772564,urn:mavedb:00000050-a-1,MSH2 LOF scores (HAP1),protein_hgvs_join_with_score_set,Fetch mapped-variants for the score set and reconcile VRS/genomic identity.
MSH2,p.Leu488Met,3398575,urn:mavedb:00000050-a-1,MSH2 LOF scores (HAP1),protein_hgvs_join_with_score_set,Fetch mapped-variants for the score set and reconcile VRS/genomic identity.
MSH2,p.Leu51Pro,3398591,urn:mavedb:00000050-a-1,MSH2 LOF scores (HAP1),protein_hgvs_join_with_score_set,Fetch mapped-variants for the score set and reconcile VRS/genomic identity.
MSH2,p.Leu556Ser,90737,urn:mavedb:00000050-a-1,MSH2 LOF scores (HAP1),protein_hgvs_join_with_score_set,Fetch mapped-variants for the score set and reconcile VRS/genomic identity.
MSH2,p.Leu556Trp,427602,urn:mavedb:00000050-a-1,MSH2 LOF scores (HAP1),protein_hgvs_join_with_score_set,Fetch mapped-variants for the score set and reconcile VRS/genomic identity.
MSH2,p.Leu595Arg,184645,urn:mavedb:00000050-a-1,MSH2 LOF scores (HAP1),protein_hgvs_join_with_score_set,Fetch mapped-variants for the score set and reconcile VRS/genomic identity.
MSH2,p.Leu595Pro,848798,urn:mavedb:00000050-a-1,MSH2 LOF scores (HAP1),protein_hgvs_join_with_score_set,Fetch mapped-variants for the score set and reconcile VRS/genomic identity.
MSH2,p.Leu687Arg,1785226,urn:mavedb:00000050-a-1,MSH2 LOF scores (HAP1),protein_hgvs_join_with_score_set,Fetch mapped-variants for the score set and reconcile VRS/genomic identity.
MSH2,p.Leu687Pro,90873,urn:mavedb:00000050-a-1,MSH2 LOF scores (HAP1),protein_hgvs_join_with_score_set,Fetch mapped-variants for the score set and reconcile VRS/genomic identity.
MSH2,p.Leu744Ile,3913540,urn:mavedb:00000050-a-1,MSH2 LOF scores (HAP1),protein_hgvs_join_with_score_set,Fetch mapped-variants for the score set and reconcile VRS/genomic identity.
MSH2,p.Leu787Arg,619523,urn:mavedb:00000050-a-1,MSH2 LOF scores (HAP1),protein_hgvs_join_with_score_set,Fetch mapped-variants for the score set and reconcile VRS/genomic identity.
MSH2,p.Leu800Val,1790646,urn:mavedb:00000050-a-1,MSH2 LOF scores (HAP1),protein_hgvs_join_with_score_set,Fetch mapped-variants for the score set and reconcile VRS/genomic identity.
MSH2,p.Leu93Phe,91044,urn:mavedb:00000050-a-1,MSH2 LOF scores (HAP1),protein_hgvs_join_with_score_set,Fetch mapped-variants for the score set and reconcile VRS/genomic identity.
MSH2,p.Lys104Asn,2453471,urn:mavedb:00000050-a-1,MSH2 LOF scores (HAP1),protein_hgvs_join_with_score_set,Fetch mapped-variants for the score set and reconcile VRS/genomic identity.
MSH2,p.Lys104Glu,2587535,urn:mavedb:00000050-a-1,MSH2 LOF scores (HAP1),protein_hgvs_join_with_score_set,Fetch mapped-variants for the score set and reconcile VRS/genomic identity.
MSH2,p.Lys122Thr,1733652,urn:mavedb:00000050-a-1,MSH2 LOF scores (HAP1),protein_hgvs_join_with_score_set,Fetch mapped-variants for the score set and reconcile VRS/genomic identity.
MSH2,p.Lys172Asn,3398642,urn:mavedb:00000050-a-1,MSH2 LOF scores (HAP1),protein_hgvs_join_with_score_set,Fetch mapped-variants for the score set and reconcile VRS/genomic identity.
MSH2,p.Lys212Arg,1753036,urn:mavedb:00000050-a-1,MSH2 LOF scores (HAP1),protein_hgvs_join_with_score_set,Fetch mapped-variants for the score set and reconcile VRS/genomic identity.
MSH2,p.Lys249Glu,1759007,urn:mavedb:00000050-a-1,MSH2 LOF scores (HAP1),protein_hgvs_join_with_score_set,Fetch mapped-variants for the score set and reconcile VRS/genomic identity.
MSH2,p.Lys29Arg,2453488,urn:mavedb:00000050-a-1,MSH2 LOF scores (HAP1),protein_hgvs_join_with_score_set,Fetch mapped-variants for the score set and reconcile VRS/genomic identity.
MSH2,p.Lys332Arg,1768723,urn:mavedb:00000050-a-1,MSH2 LOF scores (HAP1),protein_hgvs_join_with_score_set,Fetch mapped-variants for the score set and reconcile VRS/genomic identity.
MSH2,p.Lys353Asn,3230802,urn:mavedb:00000050-a-1,MSH2 LOF scores (HAP1),protein_hgvs_join_with_score_set,Fetch mapped-variants for the score set and reconcile VRS/genomic identity.
MSH2,p.Lys423Arg,2750348,urn:mavedb:00000050-a-1,MSH2 LOF scores (HAP1),protein_hgvs_join_with_score_set,Fetch mapped-variants for the score set and reconcile VRS/genomic identity.
MSH2,p.Lys430Gln,3230810,urn:mavedb:00000050-a-1,MSH2 LOF scores (HAP1),protein_hgvs_join_with_score_set,Fetch mapped-variants for the score set and reconcile VRS/genomic identity.
MSH2,p.Lys430Glu,3398610,urn:mavedb:00000050-a-1,MSH2 LOF scores (HAP1),protein_hgvs_join_with_score_set,Fetch mapped-variants for the score set and reconcile VRS/genomic identity.
MSH2,p.Lys537Asn,1776389,urn:mavedb:00000050-a-1,MSH2 LOF scores (HAP1),protein_hgvs_join_with_score_set,Fetch mapped-variants for the score set and reconcile VRS/genomic identity.
MSH2,p.Lys537Thr,2785469,urn:mavedb:00000050-a-1,MSH2 LOF scores (HAP1),protein_hgvs_join_with_score_set,Fetch mapped-variants for the score set and reconcile VRS/genomic identity.
MSH2,p.Lys567Glu,408500,urn:mavedb:00000050-a-1,MSH2 LOF scores (HAP1),protein_hgvs_join_with_score_set,Fetch mapped-variants for the score set and reconcile VRS/genomic identity.
MSH2,p.Lys635Thr,2453470,urn:mavedb:00000050-a-1,MSH2 LOF scores (HAP1),protein_hgvs_join_with_score_set,Fetch mapped-variants for the score set and reconcile VRS/genomic identity.
MSH2,p.Lys65Glu,645314,urn:mavedb:00000050-a-1,MSH2 LOF scores (HAP1),protein_hgvs_join_with_score_set,Fetch mapped-variants for the score set and reconcile VRS/genomic identity.
MSH2,p.Lys73Gln,3398626,urn:mavedb:00000050-a-1,MSH2 LOF scores (HAP1),protein_hgvs_join_with_score_set,Fetch mapped-variants for the score set and reconcile VRS/genomic identity.
MSH2,p.Lys773Glu,619522,urn:mavedb:00000050-a-1,MSH2 LOF scores (HAP1),protein_hgvs_join_with_score_set,Fetch mapped-variants for the score set and reconcile VRS/genomic identity.
MSH2,p.Lys819Ile,4652740,urn:mavedb:00000050-a-1,MSH2 LOF scores (HAP1),protein_hgvs_join_with_score_set,Fetch mapped-variants for the score set and reconcile VRS/genomic identity.
MSH2,p.Lys845Gln,2755828,urn:mavedb:00000050-a-1,MSH2 LOF scores (HAP1),protein_hgvs_join_with_score_set,Fetch mapped-variants for the score set and reconcile VRS/genomic identity.
MSH2,p.Lys882Asn,1794246,urn:mavedb:00000050-a-1,MSH2 LOF scores (HAP1),protein_hgvs_join_with_score_set,Fetch mapped-variants for the score set and reconcile VRS/genomic identity.
MSH2,p.Lys882Glu,3398559,urn:mavedb:00000050-a-1,MSH2 LOF scores (HAP1),protein_hgvs_join_with_score_set,Fetch mapped-variants for the score set and reconcile VRS/genomic identity.
MSH2,p.Met210Ile,577710,urn:mavedb:00000050-a-1,MSH2 LOF scores (HAP1),protein_hgvs_join_with_score_set,Fetch mapped-variants for the score set and reconcile VRS/genomic identity.
MSH2,p.Met253Ile,2584100,urn:mavedb:00000050-a-1,MSH2 LOF scores (HAP1),missing_mavedb_line,Search MaveDB for a matching score set or mark as no public MAVE evidence.
MSH2,p.Met253Leu,1759602,urn:mavedb:00000050-a-1,MSH2 LOF scores (HAP1),protein_hgvs_join_with_score_set,Fetch mapped-variants for the score set and reconcile VRS/genomic identity.
MSH2,p.Met453Lys,90638,urn:mavedb:00000050-a-1,MSH2 LOF scores (HAP1),protein_hgvs_join_with_score_set,Fetch mapped-variants for the score set and reconcile VRS/genomic identity.
MSH2,p.Met460Ile,2819272,urn:mavedb:00000050-a-1,MSH2 LOF scores (HAP1),protein_hgvs_join_with_score_set,Fetch mapped-variants for the score set and reconcile VRS/genomic identity.
MSH2,p.Met663Ile,4111024,urn:mavedb:00000050-a-1,MSH2 LOF scores (HAP1),protein_hgvs_join_with_score_set,Fetch mapped-variants for the score set and reconcile VRS/genomic identity.
MSH2,p.Met67Leu,3398622,urn:mavedb:00000050-a-1,MSH2 LOF scores (HAP1),protein_hgvs_join_with_score_set,Fetch mapped-variants for the score set and reconcile VRS/genomic identity.
MSH2,p.Met688Arg,90874,urn:mavedb:00000050-a-1,MSH2 LOF scores (HAP1),protein_hgvs_join_with_score_set,Fetch mapped-variants for the score set and reconcile VRS/genomic identity.
MSH2,p.Met726Ile,408484,urn:mavedb:00000050-a-1,MSH2 LOF scores (HAP1),missing_mavedb_line,Search MaveDB for a matching score set or mark as no public MAVE evidence.
MSH2,p.Met866Val,483675,urn:mavedb:00000050-a-1,MSH2 LOF scores (HAP1),protein_hgvs_join_with_score_set,Fetch mapped-variants for the score set and reconcile VRS/genomic identity.
MSH2,p.Met894Arg,633493,urn:mavedb:00000050-a-1,MSH2 LOF scores (HAP1),protein_hgvs_join_with_score_set,Fetch mapped-variants for the score set and reconcile VRS/genomic identity.
MSH2,p.Met899Leu,3230841,urn:mavedb:00000050-a-1,MSH2 LOF scores (HAP1),protein_hgvs_join_with_score_set,Fetch mapped-variants for the score set and reconcile VRS/genomic identity.
MSH2,p.Phe131Tyr,4652383,urn:mavedb:00000050-a-1,MSH2 LOF scores (HAP1),protein_hgvs_join_with_score_set,Fetch mapped-variants for the score set and reconcile VRS/genomic identity.
MSH2,p.Phe19Leu,3772965,urn:mavedb:00000050-a-1,MSH2 LOF scores (HAP1),protein_hgvs_join_with_score_set,Fetch mapped-variants for the score set and reconcile VRS/genomic identity.
MSH2,p.Phe296Ser,1764968,urn:mavedb:00000050-a-1,MSH2 LOF scores (HAP1),protein_hgvs_join_with_score_set,Fetch mapped-variants for the score set and reconcile VRS/genomic identity.
MSH2,p.Phe313Leu,4111015,urn:mavedb:00000050-a-1,MSH2 LOF scores (HAP1),protein_hgvs_join_with_score_set,Fetch mapped-variants for the score set and reconcile VRS/genomic identity.
MSH2,p.Phe394Leu,3296210,urn:mavedb:00000050-a-1,MSH2 LOF scores (HAP1),protein_hgvs_join_with_score_set,Fetch mapped-variants for the score set and reconcile VRS/genomic identity.
MSH2,p.Phe523Ser,142614,urn:mavedb:00000050-a-1,MSH2 LOF scores (HAP1),protein_hgvs_join_with_score_set,Fetch mapped-variants for the score set and reconcile VRS/genomic identity.
MSH2,p.Phe58Leu,570175,urn:mavedb:00000050-a-1,MSH2 LOF scores (HAP1),protein_hgvs_join_with_score_set,Fetch mapped-variants for the score set and reconcile VRS/genomic identity.
MSH2,p.Phe694Ile,820674,urn:mavedb:00000050-a-1,MSH2 LOF scores (HAP1),protein_hgvs_join_with_score_set,Fetch mapped-variants for the score set and reconcile VRS/genomic identity.
MSH2,p.Phe694Ser,428522,urn:mavedb:00000050-a-1,MSH2 LOF scores (HAP1),protein_hgvs_join_with_score_set,Fetch mapped-variants for the score set and reconcile VRS/genomic identity.
MSH2,p.Phe85Val,2567739,urn:mavedb:00000050-a-1,MSH2 LOF scores (HAP1),protein_hgvs_join_with_score_set,Fetch mapped-variants for the score set and reconcile VRS/genomic identity.
MSH2,p.Phe887Leu,4651382,urn:mavedb:00000050-a-1,MSH2 LOF scores (HAP1),protein_hgvs_join_with_score_set,Fetch mapped-variants for the score set and reconcile VRS/genomic identity.
MSH2,p.Pro125Ser,2453472,urn:mavedb:00000050-a-1,MSH2 LOF scores (HAP1),protein_hgvs_join_with_score_set,Fetch mapped-variants for the score set and reconcile VRS/genomic identity.
MSH2,p.Pro349Arg,561171,urn:mavedb:00000050-a-1,MSH2 LOF scores (HAP1),protein_hgvs_join_with_score_set,Fetch mapped-variants for the score set and reconcile VRS/genomic identity.
MSH2,p.Pro349His,2561334,urn:mavedb:00000050-a-1,MSH2 LOF scores (HAP1),protein_hgvs_join_with_score_set,Fetch mapped-variants for the score set and reconcile VRS/genomic identity.
MSH2,p.Pro349Leu,90514,urn:mavedb:00000050-a-1,MSH2 LOF scores (HAP1),protein_hgvs_join_with_score_set,Fetch mapped-variants for the score set and reconcile VRS/genomic identity.
MSH2,p.Pro349Ser,489908,urn:mavedb:00000050-a-1,MSH2 LOF scores (HAP1),protein_hgvs_join_with_score_set,Fetch mapped-variants for the score set and reconcile VRS/genomic identity.
MSH2,p.Pro349Thr,422795,urn:mavedb:00000050-a-1,MSH2 LOF scores (HAP1),protein_hgvs_join_with_score_set,Fetch mapped-variants for the score set and reconcile VRS/genomic identity.
MSH2,p.Pro415His,2447346,urn:mavedb:00000050-a-1,MSH2 LOF scores (HAP1),protein_hgvs_join_with_score_set,Fetch mapped-variants for the score set and reconcile VRS/genomic identity.
MSH2,p.Pro507Leu,1774417,urn:mavedb:00000050-a-1,MSH2 LOF scores (HAP1),protein_hgvs_join_with_score_set,Fetch mapped-variants for the score set and reconcile VRS/genomic identity.
MSH2,p.Pro616Leu,1781260,urn:mavedb:00000050-a-1,MSH2 LOF scores (HAP1),protein_hgvs_join_with_score_set,Fetch mapped-variants for the score set and reconcile VRS/genomic identity.
MSH2,p.Pro622Arg,265573,urn:mavedb:00000050-a-1,MSH2 LOF scores (HAP1),protein_hgvs_join_with_score_set,Fetch mapped-variants for the score set and reconcile VRS/genomic identity.
MSH2,p.Pro622Gln,427606,urn:mavedb:00000050-a-1,MSH2 LOF scores (HAP1),protein_hgvs_join_with_score_set,Fetch mapped-variants for the score set and reconcile VRS/genomic identity.
MSH2,p.Pro622Leu,1753,urn:mavedb:00000050-a-1,MSH2 LOF scores (HAP1),protein_hgvs_join_with_score_set,Fetch mapped-variants for the score set and reconcile VRS/genomic identity.
MSH2,p.Pro622Thr,90805,urn:mavedb:00000050-a-1,MSH2 LOF scores (HAP1),protein_hgvs_join_with_score_set,Fetch mapped-variants for the score set and reconcile VRS/genomic identity.
MSH2,p.Pro652Arg,1783292,urn:mavedb:00000050-a-1,MSH2 LOF scores (HAP1),protein_hgvs_join_with_score_set,Fetch mapped-variants for the score set and reconcile VRS/genomic identity.
MSH2,p.Pro652His,90823,urn:mavedb:00000050-a-1,MSH2 LOF scores (HAP1),protein_hgvs_join_with_score_set,Fetch mapped-variants for the score set and reconcile VRS/genomic identity.
MSH2,p.Pro670Arg,455537,urn:mavedb:00000050-a-1,MSH2 LOF scores (HAP1),protein_hgvs_join_with_score_set,Fetch mapped-variants for the score set and reconcile VRS/genomic identity.
MSH2,p.Pro696Arg,2674577,urn:mavedb:00000050-a-1,MSH2 LOF scores (HAP1),protein_hgvs_join_with_score_set,Fetch mapped-variants for the score set and reconcile VRS/genomic identity.
MSH2,p.Pro696Gln,3230831,urn:mavedb:00000050-a-1,MSH2 LOF scores (HAP1),protein_hgvs_join_with_score_set,Fetch mapped-variants for the score set and reconcile VRS/genomic identity.
MSH2,p.Pro696Leu,90881,urn:mavedb:00000050-a-1,MSH2 LOF scores (HAP1),protein_hgvs_join_with_score_set,Fetch mapped-variants for the score set and reconcile VRS/genomic identity.
MSH2,p.Pro795Ser,1790465,urn:mavedb:00000050-a-1,MSH2 LOF scores (HAP1),protein_hgvs_join_with_score_set,Fetch mapped-variants for the score set and reconcile VRS/genomic identity.
MSH2,p.Pro895Ser,655967,urn:mavedb:00000050-a-1,MSH2 LOF scores (HAP1),protein_hgvs_join_with_score_set,Fetch mapped-variants for the score set and reconcile VRS/genomic identity.
MSH2,p.Ser129Pro,1735603,urn:mavedb:00000050-a-1,MSH2 LOF scores (HAP1),protein_hgvs_join_with_score_set,Fetch mapped-variants for the score set and reconcile VRS/genomic identity.
MSH2,p.Ser153Ala,2587518,urn:mavedb:00000050-a-1,MSH2 LOF scores (HAP1),protein_hgvs_join_with_score_set,Fetch mapped-variants for the score set and reconcile VRS/genomic identity.
MSH2,p.Ser185Pro,2567765,urn:mavedb:00000050-a-1,MSH2 LOF scores (HAP1),protein_hgvs_join_with_score_set,Fetch mapped-variants for the score set and reconcile VRS/genomic identity.
MSH2,p.Ser271Phe,2453500,urn:mavedb:00000050-a-1,MSH2 LOF scores (HAP1),protein_hgvs_join_with_score_set,Fetch mapped-variants for the score set and reconcile VRS/genomic identity.
MSH2,p.Ser281Leu,2798450,urn:mavedb:00000050-a-1,MSH2 LOF scores (HAP1),protein_hgvs_join_with_score_set,Fetch mapped-variants for the score set and reconcile VRS/genomic identity.
MSH2,p.Ser297Thr,3913557,urn:mavedb:00000050-a-1,MSH2 LOF scores (HAP1),protein_hgvs_join_with_score_set,Fetch mapped-variants for the score set and reconcile VRS/genomic identity.
MSH2,p.Ser316Trp,2453460,urn:mavedb:00000050-a-1,MSH2 LOF scores (HAP1),protein_hgvs_join_with_score_set,Fetch mapped-variants for the score set and reconcile VRS/genomic identity.
MSH2,p.Ser473Ala,3874907,urn:mavedb:00000050-a-1,MSH2 LOF scores (HAP1),protein_hgvs_join_with_score_set,Fetch mapped-variants for the score set and reconcile VRS/genomic identity.
MSH2,p.Ser479Asn,2073483,urn:mavedb:00000050-a-1,MSH2 LOF scores (HAP1),protein_hgvs_join_with_score_set,Fetch mapped-variants for the score set and reconcile VRS/genomic identity.
MSH2,p.Ser498Gly,1773807,urn:mavedb:00000050-a-1,MSH2 LOF scores (HAP1),protein_hgvs_join_with_score_set,Fetch mapped-variants for the score set and reconcile VRS/genomic identity.
MSH2,p.Ser516Thr,3230814,urn:mavedb:00000050-a-1,MSH2 LOF scores (HAP1),protein_hgvs_join_with_score_set,Fetch mapped-variants for the score set and reconcile VRS/genomic identity.
MSH2,p.Ser554Asn,483664,urn:mavedb:00000050-a-1,MSH2 LOF scores (HAP1),protein_hgvs_join_with_score_set,Fetch mapped-variants for the score set and reconcile VRS/genomic identity.
MSH2,p.Ser554Cys,90718,urn:mavedb:00000050-a-1,MSH2 LOF scores (HAP1),protein_hgvs_join_with_score_set,Fetch mapped-variants for the score set and reconcile VRS/genomic identity.
MSH2,p.Ser554Gly,90717,urn:mavedb:00000050-a-1,MSH2 LOF scores (HAP1),protein_hgvs_join_with_score_set,Fetch mapped-variants for the score set and reconcile VRS/genomic identity.
MSH2,p.Ser554Ile,1777499,urn:mavedb:00000050-a-1,MSH2 LOF scores (HAP1),protein_hgvs_join_with_score_set,Fetch mapped-variants for the score set and reconcile VRS/genomic identity.
MSH2,p.Ser554Thr,90724,urn:mavedb:00000050-a-1,MSH2 LOF scores (HAP1),protein_hgvs_join_with_score_set,Fetch mapped-variants for the score set and reconcile VRS/genomic identity.
MSH2,p.Ser585Ala,2567748,urn:mavedb:00000050-a-1,MSH2 LOF scores (HAP1),protein_hgvs_join_with_score_set,Fetch mapped-variants for the score set and reconcile VRS/genomic identity.
MSH2,p.Ser612Pro,2447337,urn:mavedb:00000050-a-1,MSH2 LOF scores (HAP1),protein_hgvs_join_with_score_set,Fetch mapped-variants for the score set and reconcile VRS/genomic identity.
MSH2,p.Ser676Leu,433893,urn:mavedb:00000050-a-1,MSH2 LOF scores (HAP1),protein_hgvs_join_with_score_set,Fetch mapped-variants for the score set and reconcile VRS/genomic identity.
MSH2,p.Ser717Gly,848126,urn:mavedb:00000050-a-1,MSH2 LOF scores (HAP1),protein_hgvs_join_with_score_set,Fetch mapped-variants for the score set and reconcile VRS/genomic identity.
MSH2,p.Ser860Leu,91006,urn:mavedb:00000050-a-1,MSH2 LOF scores (HAP1),protein_hgvs_join_with_score_set,Fetch mapped-variants for the score set and reconcile VRS/genomic identity.
MSH2,p.Ser860Trp,3230839,urn:mavedb:00000050-a-1,MSH2 LOF scores (HAP1),protein_hgvs_join_with_score_set,Fetch mapped-variants for the score set and reconcile VRS/genomic identity.
MSH2,p.Ser928Leu,2453497,urn:mavedb:00000050-a-1,MSH2 LOF scores (HAP1),protein_hgvs_join_with_score_set,Fetch mapped-variants for the score set and reconcile VRS/genomic identity.
MSH2,p.Thr234Lys,1756711,urn:mavedb:00000050-a-1,MSH2 LOF scores (HAP1),protein_hgvs_join_with_score_set,Fetch mapped-variants for the score set and reconcile VRS/genomic identity.
MSH2,p.Thr292Ile,2587515,urn:mavedb:00000050-a-1,MSH2 LOF scores (HAP1),protein_hgvs_join_with_score_set,Fetch mapped-variants for the score set and reconcile VRS/genomic identity.
MSH2,p.Thr31Ile,3673966,urn:mavedb:00000050-a-1,MSH2 LOF scores (HAP1),protein_hgvs_join_with_score_set,Fetch mapped-variants for the score set and reconcile VRS/genomic identity.
MSH2,p.Thr31Pro,3398561,urn:mavedb:00000050-a-1,MSH2 LOF scores (HAP1),protein_hgvs_join_with_score_set,Fetch mapped-variants for the score set and reconcile VRS/genomic identity.
MSH2,p.Thr335Pro,2561335,urn:mavedb:00000050-a-1,MSH2 LOF scores (HAP1),protein_hgvs_join_with_score_set,Fetch mapped-variants for the score set and reconcile VRS/genomic identity.
MSH2,p.Thr335Ser,2453496,urn:mavedb:00000050-a-1,MSH2 LOF scores (HAP1),protein_hgvs_join_with_score_set,Fetch mapped-variants for the score set and reconcile VRS/genomic identity.
MSH2,p.Thr375Ser,3296219,urn:mavedb:00000050-a-1,MSH2 LOF scores (HAP1),protein_hgvs_join_with_score_set,Fetch mapped-variants for the score set and reconcile VRS/genomic identity.
MSH2,p.Thr456Arg,1770951,urn:mavedb:00000050-a-1,MSH2 LOF scores (HAP1),protein_hgvs_join_with_score_set,Fetch mapped-variants for the score set and reconcile VRS/genomic identity.
MSH2,p.Thr495Lys,3296237,urn:mavedb:00000050-a-1,MSH2 LOF scores (HAP1),protein_hgvs_join_with_score_set,Fetch mapped-variants for the score set and reconcile VRS/genomic identity.
MSH2,p.Thr541Asn,1776628,urn:mavedb:00000050-a-1,MSH2 LOF scores (HAP1),protein_hgvs_join_with_score_set,Fetch mapped-variants for the score set and reconcile VRS/genomic identity.
MSH2,p.Thr564Ala,90750,urn:mavedb:00000050-a-1,MSH2 LOF scores (HAP1),protein_hgvs_join_with_score_set,Fetch mapped-variants for the score set and reconcile VRS/genomic identity.
MSH2,p.Thr594Ala,1039589,urn:mavedb:00000050-a-1,MSH2 LOF scores (HAP1),protein_hgvs_join_with_score_set,Fetch mapped-variants for the score set and reconcile VRS/genomic identity.
MSH2,p.Thr594Ser,2567769,urn:mavedb:00000050-a-1,MSH2 LOF scores (HAP1),protein_hgvs_join_with_score_set,Fetch mapped-variants for the score set and reconcile VRS/genomic identity.
MSH2,p.Thr60Ser,1780163,urn:mavedb:00000050-a-1,MSH2 LOF scores (HAP1),protein_hgvs_join_with_score_set,Fetch mapped-variants for the score set and reconcile VRS/genomic identity.
MSH2,p.Thr677Arg,233888,urn:mavedb:00000050-a-1,MSH2 LOF scores (HAP1),protein_hgvs_join_with_score_set,Fetch mapped-variants for the score set and reconcile VRS/genomic identity.
MSH2,p.Thr732Pro,2674578,urn:mavedb:00000050-a-1,MSH2 LOF scores (HAP1),protein_hgvs_join_with_score_set,Fetch mapped-variants for the score set and reconcile VRS/genomic identity.
MSH2,p.Thr740Ser,3296241,urn:mavedb:00000050-a-1,MSH2 LOF scores (HAP1),protein_hgvs_join_with_score_set,Fetch mapped-variants for the score set and reconcile VRS/genomic identity.
MSH2,p.Thr8Met,90964,urn:mavedb:00000050-a-1,MSH2 LOF scores (HAP1),protein_hgvs_join_with_score_set,Fetch mapped-variants for the score set and reconcile VRS/genomic identity.
MSH2,p.Thr905Arg,91037,urn:mavedb:00000050-a-1,MSH2 LOF scores (HAP1),protein_hgvs_join_with_score_set,Fetch mapped-variants for the score set and reconcile VRS/genomic identity.
MSH2,p.Thr905Pro,821700,urn:mavedb:00000050-a-1,MSH2 LOF scores (HAP1),protein_hgvs_join_with_score_set,Fetch mapped-variants for the score set and reconcile VRS/genomic identity.
MSH2,p.Thr934Ala,1796214,urn:mavedb:00000050-a-1,MSH2 LOF scores (HAP1),protein_hgvs_join_with_score_set,Fetch mapped-variants for the score set and reconcile VRS/genomic identity.
MSH2,p.Trp345Arg,4111041,urn:mavedb:00000050-a-1,MSH2 LOF scores (HAP1),protein_hgvs_join_with_score_set,Fetch mapped-variants for the score set and reconcile VRS/genomic identity.
MSH2,p.Tyr165Asp,91111,urn:mavedb:00000050-a-1,MSH2 LOF scores (HAP1),protein_hgvs_join_with_score_set,Fetch mapped-variants for the score set and reconcile VRS/genomic identity.
MSH2,p.Tyr299Asn,1765259,urn:mavedb:00000050-a-1,MSH2 LOF scores (HAP1),protein_hgvs_join_with_score_set,Fetch mapped-variants for the score set and reconcile VRS/genomic identity.
MSH2,p.Tyr408Phe,192221,urn:mavedb:00000050-a-1,MSH2 LOF scores (HAP1),protein_hgvs_join_with_score_set,Fetch mapped-variants for the score set and reconcile VRS/genomic identity.
MSH2,p.Tyr619His,1781397,urn:mavedb:00000050-a-1,MSH2 LOF scores (HAP1),protein_hgvs_join_with_score_set,Fetch mapped-variants for the score set and reconcile VRS/genomic identity.
MSH2,p.Tyr656Asn,3230823,urn:mavedb:00000050-a-1,MSH2 LOF scores (HAP1),protein_hgvs_join_with_score_set,Fetch mapped-variants for the score set and reconcile VRS/genomic identity.
MSH2,p.Tyr66Cys,3230824,urn:mavedb:00000050-a-1,MSH2 LOF scores (HAP1),protein_hgvs_join_with_score_set,Fetch mapped-variants for the score set and reconcile VRS/genomic identity.
MSH2,p.Tyr66His,4111032,urn:mavedb:00000050-a-1,MSH2 LOF scores (HAP1),protein_hgvs_join_with_score_set,Fetch mapped-variants for the score set and reconcile VRS/genomic identity.
MSH2,p.Tyr863Asp,821530,urn:mavedb:00000050-a-1,MSH2 LOF scores (HAP1),protein_hgvs_join_with_score_set,Fetch mapped-variants for the score set and reconcile VRS/genomic identity.
MSH2,p.Val102Ile,36575,urn:mavedb:00000050-a-1,MSH2 LOF scores (HAP1),protein_hgvs_join_with_score_set,Fetch mapped-variants for the score set and reconcile VRS/genomic identity.
MSH2,p.Val161Asp,91104,urn:mavedb:00000050-a-1,MSH2 LOF scores (HAP1),protein_hgvs_join_with_score_set,Fetch mapped-variants for the score set and reconcile VRS/genomic identity.
MSH2,p.Val163Asp,91107,urn:mavedb:00000050-a-1,MSH2 LOF scores (HAP1),protein_hgvs_join_with_score_set,Fetch mapped-variants for the score set and reconcile VRS/genomic identity.
MSH2,p.Val163Gly,91108,urn:mavedb:00000050-a-1,MSH2 LOF scores (HAP1),protein_hgvs_join_with_score_set,Fetch mapped-variants for the score set and reconcile VRS/genomic identity.
MSH2,p.Val200Asp,91148,urn:mavedb:00000050-a-1,MSH2 LOF scores (HAP1),protein_hgvs_join_with_score_set,Fetch mapped-variants for the score set and reconcile VRS/genomic identity.
MSH2,p.Val267Ala,3874920,urn:mavedb:00000050-a-1,MSH2 LOF scores (HAP1),protein_hgvs_join_with_score_set,Fetch mapped-variants for the score set and reconcile VRS/genomic identity.
MSH2,p.Val267Ile,1761550,urn:mavedb:00000050-a-1,MSH2 LOF scores (HAP1),protein_hgvs_join_with_score_set,Fetch mapped-variants for the score set and reconcile VRS/genomic identity.
MSH2,p.Val267Leu,2453506,urn:mavedb:00000050-a-1,MSH2 LOF scores (HAP1),protein_hgvs_join_with_score_set,Fetch mapped-variants for the score set and reconcile VRS/genomic identity.
MSH2,p.Val317Ala,3230861,urn:mavedb:00000050-a-1,MSH2 LOF scores (HAP1),protein_hgvs_join_with_score_set,Fetch mapped-variants for the score set and reconcile VRS/genomic identity.
MSH2,p.Val317Ile,2093480,urn:mavedb:00000050-a-1,MSH2 LOF scores (HAP1),protein_hgvs_join_with_score_set,Fetch mapped-variants for the score set and reconcile VRS/genomic identity.
MSH2,p.Val34Leu,1797888,urn:mavedb:00000050-a-1,MSH2 LOF scores (HAP1),protein_hgvs_join_with_score_set,Fetch mapped-variants for the score set and reconcile VRS/genomic identity.
MSH2,p.Val367Ile,455471,urn:mavedb:00000050-a-1,MSH2 LOF scores (HAP1),protein_hgvs_join_with_score_set,Fetch mapped-variants for the score set and reconcile VRS/genomic identity.
MSH2,p.Val3Leu,630046,urn:mavedb:00000050-a-1,MSH2 LOF scores (HAP1),protein_hgvs_join_with_score_set,Fetch mapped-variants for the score set and reconcile VRS/genomic identity.
MSH2,p.Val437Glu,2453459,urn:mavedb:00000050-a-1,MSH2 LOF scores (HAP1),protein_hgvs_join_with_score_set,Fetch mapped-variants for the score set and reconcile VRS/genomic identity.
MSH2,p.Val532Phe,4111028,urn:mavedb:00000050-a-1,MSH2 LOF scores (HAP1),protein_hgvs_join_with_score_set,Fetch mapped-variants for the score set and reconcile VRS/genomic identity.
MSH2,p.Val57Ala,1778539,urn:mavedb:00000050-a-1,MSH2 LOF scores (HAP1),protein_hgvs_join_with_score_set,Fetch mapped-variants for the score set and reconcile VRS/genomic identity.
MSH2,p.Val606Ile,1780677,urn:mavedb:00000050-a-1,MSH2 LOF scores (HAP1),protein_hgvs_join_with_score_set,Fetch mapped-variants for the score set and reconcile VRS/genomic identity.
MSH2,p.Val611Ala,1780989,urn:mavedb:00000050-a-1,MSH2 LOF scores (HAP1),protein_hgvs_join_with_score_set,Fetch mapped-variants for the score set and reconcile VRS/genomic identity.
MSH2,p.Val617Ala,619565,urn:mavedb:00000050-a-1,MSH2 LOF scores (HAP1),protein_hgvs_join_with_score_set,Fetch mapped-variants for the score set and reconcile VRS/genomic identity.
MSH2,p.Val617Ile,2496168,urn:mavedb:00000050-a-1,MSH2 LOF scores (HAP1),protein_hgvs_join_with_score_set,Fetch mapped-variants for the score set and reconcile VRS/genomic identity.
MSH2,p.Val644Ile,1782882,urn:mavedb:00000050-a-1,MSH2 LOF scores (HAP1),protein_hgvs_join_with_score_set,Fetch mapped-variants for the score set and reconcile VRS/genomic identity.
MSH2,p.Val644Phe,2567772,urn:mavedb:00000050-a-1,MSH2 LOF scores (HAP1),protein_hgvs_join_with_score_set,Fetch mapped-variants for the score set and reconcile VRS/genomic identity.
MSH2,p.Val655Leu,2453504,urn:mavedb:00000050-a-1,MSH2 LOF scores (HAP1),protein_hgvs_join_with_score_set,Fetch mapped-variants for the score set and reconcile VRS/genomic identity.
MSH2,p.Val684Met,2561327,urn:mavedb:00000050-a-1,MSH2 LOF scores (HAP1),protein_hgvs_join_with_score_set,Fetch mapped-variants for the score set and reconcile VRS/genomic identity.
MSH2,p.Val695Met,633496,urn:mavedb:00000050-a-1,MSH2 LOF scores (HAP1),protein_hgvs_join_with_score_set,Fetch mapped-variants for the score set and reconcile VRS/genomic identity.
MSH2,p.Val923Leu,1795753,urn:mavedb:00000050-a-1,MSH2 LOF scores (HAP1),protein_hgvs_join_with_score_set,Fetch mapped-variants for the score set and reconcile VRS/genomic identity.
MSH2,p.Val95Leu,821880,urn:mavedb:00000050-a-1,MSH2 LOF scores (HAP1),protein_hgvs_join_with_score_set,Fetch mapped-variants for the score set and reconcile VRS/genomic identity.
PTEN,p.Ala121Glu,2674284,urn:mavedb:00000102-0-1,PTEN VAMP-seq Combined,protein_hgvs_join_with_score_set,Fetch mapped-variants for the score set and reconcile VRS/genomic identity.
PTEN,p.Ala121Pro,2687614,urn:mavedb:00000102-0-1,PTEN VAMP-seq Combined,protein_hgvs_join_with_score_set,Fetch mapped-variants for the score set and reconcile VRS/genomic identity.
PTEN,p.Ala121Ser,4677133,urn:mavedb:00000102-0-1,PTEN VAMP-seq Combined,protein_hgvs_join_with_score_set,Fetch mapped-variants for the score set and reconcile VRS/genomic identity.
PTEN,p.Ala121Thr,2502558,urn:mavedb:00000102-0-1,PTEN VAMP-seq Combined,protein_hgvs_join_with_score_set,Fetch mapped-variants for the score set and reconcile VRS/genomic identity.
PTEN,p.Ala126Asp,2674280,,,missing_mavedb_line,Search MaveDB for a matching score set or mark as no public MAVE evidence.
PTEN,p.Ala126Pro,1067089,,,missing_mavedb_line,Search MaveDB for a matching score set or mark as no public MAVE evidence.
PTEN,p.Ala126Thr,468683,urn:mavedb:00000102-0-1,PTEN VAMP-seq Combined,protein_hgvs_join_with_score_set,Fetch mapped-variants for the score set and reconcile VRS/genomic identity.
PTEN,p.Ala126Val,428234,,,missing_mavedb_line,Search MaveDB for a matching score set or mark as no public MAVE evidence.
PTEN,p.Ala137Glu,3340217,,,missing_mavedb_line,Search MaveDB for a matching score set or mark as no public MAVE evidence.
PTEN,p.Ala34Pro,822002,,,missing_mavedb_line,Search MaveDB for a matching score set or mark as no public MAVE evidence.
PTEN,p.Ala79Thr,41682,urn:mavedb:00000102-0-1,PTEN VAMP-seq Combined,protein_hgvs_join_with_score_set,Fetch mapped-variants for the score set and reconcile VRS/genomic identity.
PTEN,p.Arg130Gln,7829,urn:mavedb:00000102-0-1,PTEN VAMP-seq Combined,protein_hgvs_join_with_score_set,Fetch mapped-variants for the score set and reconcile VRS/genomic identity.
PTEN,p.Arg130Gly,375958,urn:mavedb:00000102-0-1,PTEN VAMP-seq Combined,protein_hgvs_join_with_score_set,Fetch mapped-variants for the score set and reconcile VRS/genomic identity.
PTEN,p.Arg130Leu,376509,urn:mavedb:00000102-0-1,PTEN VAMP-seq Combined,protein_hgvs_join_with_score_set,Fetch mapped-variants for the score set and reconcile VRS/genomic identity.
PTEN,p.Arg130Pro,142018,urn:mavedb:00000102-0-1,PTEN VAMP-seq Combined,protein_hgvs_join_with_score_set,Fetch mapped-variants for the score set and reconcile VRS/genomic identity.
PTEN,p.Arg142Pro,486225,urn:mavedb:00000102-0-1,PTEN VAMP-seq Combined,protein_hgvs_join_with_score_set,Fetch mapped-variants for the score set and reconcile VRS/genomic identity.
PTEN,p.Arg159Gly,186094,urn:mavedb:00000102-0-1,PTEN VAMP-seq Combined,protein_hgvs_join_with_score_set,Fetch mapped-variants for the score set and reconcile VRS/genomic identity.
PTEN,p.Arg159Lys,646006,urn:mavedb:00000102-0-1,PTEN VAMP-seq Combined,protein_hgvs_join_with_score_set,Fetch mapped-variants for the score set and reconcile VRS/genomic identity.
PTEN,p.Arg159Ser,375959,urn:mavedb:00000102-0-1,PTEN VAMP-seq Combined,protein_hgvs_join_with_score_set,Fetch mapped-variants for the score set and reconcile VRS/genomic identity.
PTEN,p.Arg159Trp,3667044,urn:mavedb:00000102-0-1,PTEN VAMP-seq Combined,protein_hgvs_join_with_score_set,Fetch mapped-variants for the score set and reconcile VRS/genomic identity.
PTEN,p.Arg15Ile,4530405,urn:mavedb:00000102-0-1,PTEN VAMP-seq Combined,protein_hgvs_join_with_score_set,Fetch mapped-variants for the score set and reconcile VRS/genomic identity.
PTEN,p.Arg15Lys,404147,urn:mavedb:00000102-0-1,PTEN VAMP-seq Combined,protein_hgvs_join_with_score_set,Fetch mapped-variants for the score set and reconcile VRS/genomic identity.
PTEN,p.Arg15Ser,419769,urn:mavedb:00000102-0-1,PTEN VAMP-seq Combined,protein_hgvs_join_with_score_set,Fetch mapped-variants for the score set and reconcile VRS/genomic identity.
PTEN,p.Arg15Thr,428243,urn:mavedb:00000102-0-1,PTEN VAMP-seq Combined,protein_hgvs_join_with_score_set,Fetch mapped-variants for the score set and reconcile VRS/genomic identity.
PTEN,p.Arg173Cys,189500,urn:mavedb:00000102-0-1,PTEN VAMP-seq Combined,protein_hgvs_join_with_score_set,Fetch mapped-variants for the score set and reconcile VRS/genomic identity.
PTEN,p.Arg173Gly,1176553,urn:mavedb:00000102-0-1,PTEN VAMP-seq Combined,protein_hgvs_join_with_score_set,Fetch mapped-variants for the score set and reconcile VRS/genomic identity.
PTEN,p.Arg173His,376032,urn:mavedb:00000102-0-1,PTEN VAMP-seq Combined,protein_hgvs_join_with_score_set,Fetch mapped-variants for the score set and reconcile VRS/genomic identity.
PTEN,p.Arg173Leu,428258,urn:mavedb:00000102-0-1,PTEN VAMP-seq Combined,protein_hgvs_join_with_score_set,Fetch mapped-variants for the score set and reconcile VRS/genomic identity.
PTEN,p.Arg173Pro,185195,urn:mavedb:00000102-0-1,PTEN VAMP-seq Combined,protein_hgvs_join_with_score_set,Fetch mapped-variants for the score set and reconcile VRS/genomic identity.
PTEN,p.Arg47Gly,189401,urn:mavedb:00000102-0-1,PTEN VAMP-seq Combined,protein_hgvs_join_with_score_set,Fetch mapped-variants for the score set and reconcile VRS/genomic identity.
PTEN,p.Arg47Lys,373446,urn:mavedb:00000102-0-1,PTEN VAMP-seq Combined,protein_hgvs_join_with_score_set,Fetch mapped-variants for the score set and reconcile VRS/genomic identity.
PTEN,p.Asn12Ile,944445,urn:mavedb:00000102-0-1,PTEN VAMP-seq Combined,protein_hgvs_join_with_score_set,Fetch mapped-variants for the score set and reconcile VRS/genomic identity.
PTEN,p.Asn12Thr,427586,urn:mavedb:00000102-0-1,PTEN VAMP-seq Combined,protein_hgvs_join_with_score_set,Fetch mapped-variants for the score set and reconcile VRS/genomic identity.
PTEN,p.Asn276Ser,2502345,urn:mavedb:00000102-0-1,PTEN VAMP-seq Combined,protein_hgvs_join_with_score_set,Fetch mapped-variants for the score set and reconcile VRS/genomic identity.
PTEN,p.Asn31Asp,943637,urn:mavedb:00000102-0-1,PTEN VAMP-seq Combined,protein_hgvs_join_with_score_set,Fetch mapped-variants for the score set and reconcile VRS/genomic identity.
PTEN,p.Asn48Lys,231771,,,missing_mavedb_line,Search MaveDB for a matching score set or mark as no public MAVE evidence.
PTEN,p.Asn48Ser,1379224,,,missing_mavedb_line,Search MaveDB for a matching score set or mark as no public MAVE evidence.
PTEN,p.Asp107Gly,1728902,urn:mavedb:00000102-0-1,PTEN VAMP-seq Combined,protein_hgvs_join_with_score_set,Fetch mapped-variants for the score set and reconcile VRS/genomic identity.
PTEN,p.Asp107Tyr,484614,urn:mavedb:00000102-0-1,PTEN VAMP-seq Combined,protein_hgvs_join_with_score_set,Fetch mapped-variants for the score set and reconcile VRS/genomic identity.
PTEN,p.Asp107Val,372481,urn:mavedb:00000102-0-1,PTEN VAMP-seq Combined,protein_hgvs_join_with_score_set,Fetch mapped-variants for the score set and reconcile VRS/genomic identity.
PTEN,p.Asp162Glu,224544,,,missing_mavedb_line,Search MaveDB for a matching score set or mark as no public MAVE evidence.
PTEN,p.Asp19Val,2001733,urn:mavedb:00000102-0-1,PTEN VAMP-seq Combined,protein_hgvs_join_with_score_set,Fetch mapped-variants for the score set and reconcile VRS/genomic identity.
PTEN,p.Asp22His,233456,urn:mavedb:00000102-0-1,PTEN VAMP-seq Combined,protein_hgvs_join_with_score_set,Fetch mapped-variants for the score set and reconcile VRS/genomic identity.
PTEN,p.Asp22Val,3231166,urn:mavedb:00000102-0-1,PTEN VAMP-seq Combined,protein_hgvs_join_with_score_set,Fetch mapped-variants for the score set and reconcile VRS/genomic identity.
PTEN,p.Asp24Asn,185200,urn:mavedb:00000102-0-1,PTEN VAMP-seq Combined,protein_hgvs_join_with_score_set,Fetch mapped-variants for the score set and reconcile VRS/genomic identity.
PTEN,p.Asp24Gly,208723,urn:mavedb:00000102-0-1,PTEN VAMP-seq Combined,protein_hgvs_join_with_score_set,Fetch mapped-variants for the score set and reconcile VRS/genomic identity.
PTEN,p.Asp24His,186005,,,missing_mavedb_line,Search MaveDB for a matching score set or mark as no public MAVE evidence.
PTEN,p.Asp24Tyr,189398,urn:mavedb:00000102-0-1,PTEN VAMP-seq Combined,protein_hgvs_join_with_score_set,Fetch mapped-variants for the score set and reconcile VRS/genomic identity.
PTEN,p.Asp24Val,1511392,urn:mavedb:00000102-0-1,PTEN VAMP-seq Combined,protein_hgvs_join_with_score_set,Fetch mapped-variants for the score set and reconcile VRS/genomic identity.
PTEN,p.Asp252Gly,7849,urn:mavedb:00000102-0-1,PTEN VAMP-seq Combined,protein_hgvs_join_with_score_set,Fetch mapped-variants for the score set and reconcile VRS/genomic identity.
PTEN,p.Asp252Val,575811,urn:mavedb:00000102-0-1,PTEN VAMP-seq Combined,protein_hgvs_join_with_score_set,Fetch mapped-variants for the score set and reconcile VRS/genomic identity.
PTEN,p.Asp310Gly,566673,urn:mavedb:00000102-0-1,PTEN VAMP-seq Combined,protein_hgvs_join_with_score_set,Fetch mapped-variants for the score set and reconcile VRS/genomic identity.
PTEN,p.Asp326Asn,2498032,urn:mavedb:00000102-0-1,PTEN VAMP-seq Combined,protein_hgvs_join_with_score_set,Fetch mapped-variants for the score set and reconcile VRS/genomic identity.
PTEN,p.Asp326Gly,857109,urn:mavedb:00000102-0-1,PTEN VAMP-seq Combined,protein_hgvs_join_with_score_set,Fetch mapped-variants for the score set and reconcile VRS/genomic identity.
PTEN,p.Asp92Ala,428196,urn:mavedb:00000102-0-1,PTEN VAMP-seq Combined,protein_hgvs_join_with_score_set,Fetch mapped-variants for the score set and reconcile VRS/genomic identity.
PTEN,p.Asp92Asn,4527406,,,missing_mavedb_line,Search MaveDB for a matching score set or mark as no public MAVE evidence.
PTEN,p.Asp92Gly,565960,urn:mavedb:00000102-0-1,PTEN VAMP-seq Combined,protein_hgvs_join_with_score_set,Fetch mapped-variants for the score set and reconcile VRS/genomic identity.
PTEN,p.Asp92Tyr,468679,urn:mavedb:00000102-0-1,PTEN VAMP-seq Combined,protein_hgvs_join_with_score_set,Fetch mapped-variants for the score set and reconcile VRS/genomic identity.
PTEN,p.Asp92Val,1795656,urn:mavedb:00000102-0-1,PTEN VAMP-seq Combined,protein_hgvs_join_with_score_set,Fetch mapped-variants for the score set and reconcile VRS/genomic identity.
PTEN,p.Cys105Arg,2628372,urn:mavedb:00000102-0-1,PTEN VAMP-seq Combined,protein_hgvs_join_with_score_set,Fetch mapped-variants for the score set and reconcile VRS/genomic identity.
PTEN,p.Cys105Gly,1728081,urn:mavedb:00000102-0-1,PTEN VAMP-seq Combined,protein_hgvs_join_with_score_set,Fetch mapped-variants for the score set and reconcile VRS/genomic identity.
PTEN,p.Cys105Tyr,142261,,,missing_mavedb_line,Search MaveDB for a matching score set or mark as no public MAVE evidence.
PTEN,p.Cys124Arg,7817,urn:mavedb:00000102-0-1,PTEN VAMP-seq Combined,protein_hgvs_join_with_score_set,Fetch mapped-variants for the score set and reconcile VRS/genomic identity.
PTEN,p.Cys124Gly,185817,urn:mavedb:00000102-0-1,PTEN VAMP-seq Combined,protein_hgvs_join_with_score_set,Fetch mapped-variants for the score set and reconcile VRS/genomic identity.
PTEN,p.Cys124Ser,2447220,urn:mavedb:00000102-0-1,PTEN VAMP-seq Combined,protein_hgvs_join_with_score_set,Fetch mapped-variants for the score set and reconcile VRS/genomic identity.
PTEN,p.Cys124Trp,1734391,urn:mavedb:00000102-0-1,PTEN VAMP-seq Combined,protein_hgvs_join_with_score_set,Fetch mapped-variants for the score set and reconcile VRS/genomic identity.
PTEN,p.Cys124Tyr,233631,urn:mavedb:00000102-0-1,PTEN VAMP-seq Combined,protein_hgvs_join_with_score_set,Fetch mapped-variants for the score set and reconcile VRS/genomic identity.
PTEN,p.Cys136Arg,183726,urn:mavedb:00000102-0-1,PTEN VAMP-seq Combined,protein_hgvs_join_with_score_set,Fetch mapped-variants for the score set and reconcile VRS/genomic identity.
PTEN,p.Cys136Phe,1737618,,,missing_mavedb_line,Search MaveDB for a matching score set or mark as no public MAVE evidence.
PTEN,p.Cys136Trp,224543,urn:mavedb:00000102-0-1,PTEN VAMP-seq Combined,protein_hgvs_join_with_score_set,Fetch mapped-variants for the score set and reconcile VRS/genomic identity.
PTEN,p.Cys136Tyr,189406,,,missing_mavedb_line,Search MaveDB for a matching score set or mark as no public MAVE evidence.
PTEN,p.Cys211Trp,279878,,,missing_mavedb_line,Search MaveDB for a matching score set or mark as no public MAVE evidence.
PTEN,p.Cys71Tyr,936561,,,missing_mavedb_line,Search MaveDB for a matching score set or mark as no public MAVE evidence.
PTEN,p.Gln171Arg,189412,urn:mavedb:00000102-0-1,PTEN VAMP-seq Combined,protein_hgvs_join_with_score_set,Fetch mapped-variants for the score set and reconcile VRS/genomic identity.
PTEN,p.Gln171Glu,844941,urn:mavedb:00000102-0-1,PTEN VAMP-seq Combined,protein_hgvs_join_with_score_set,Fetch mapped-variants for the score set and reconcile VRS/genomic identity.
PTEN,p.Gln171Lys,1198486,urn:mavedb:00000102-0-1,PTEN VAMP-seq Combined,protein_hgvs_join_with_score_set,Fetch mapped-variants for the score set and reconcile VRS/genomic identity.
PTEN,p.Gln298Glu,127695,urn:mavedb:00000102-0-1,PTEN VAMP-seq Combined,protein_hgvs_join_with_score_set,Fetch mapped-variants for the score set and reconcile VRS/genomic identity.
PTEN,p.Gly127Arg,139568,urn:mavedb:00000102-0-1,PTEN VAMP-seq Combined,protein_hgvs_join_with_score_set,Fetch mapped-variants for the score set and reconcile VRS/genomic identity.
PTEN,p.Gly129Arg,189484,urn:mavedb:00000102-0-1,PTEN VAMP-seq Combined,protein_hgvs_join_with_score_set,Fetch mapped-variants for the score set and reconcile VRS/genomic identity.
PTEN,p.Gly129Glu,7812,urn:mavedb:00000102-0-1,PTEN VAMP-seq Combined,protein_hgvs_join_with_score_set,Fetch mapped-variants for the score set and reconcile VRS/genomic identity.
PTEN,p.Gly129Val,856036,urn:mavedb:00000102-0-1,PTEN VAMP-seq Combined,protein_hgvs_join_with_score_set,Fetch mapped-variants for the score set and reconcile VRS/genomic identity.
PTEN,p.Gly132Asp,92822,,,missing_mavedb_line,Search MaveDB for a matching score set or mark as no public MAVE evidence.
PTEN,p.Gly132Ser,856796,,,missing_mavedb_line,Search MaveDB for a matching score set or mark as no public MAVE evidence.
PTEN,p.Gly132Val,7852,,,missing_mavedb_line,Search MaveDB for a matching score set or mark as no public MAVE evidence.
PTEN,p.Gly165Arg,428256,urn:mavedb:00000102-0-1,PTEN VAMP-seq Combined,protein_hgvs_join_with_score_set,Fetch mapped-variants for the score set and reconcile VRS/genomic identity.
PTEN,p.Gly165Val,1341516,urn:mavedb:00000102-0-1,PTEN VAMP-seq Combined,protein_hgvs_join_with_score_set,Fetch mapped-variants for the score set and reconcile VRS/genomic identity.
PTEN,p.Gly20Val,428266,urn:mavedb:00000102-0-1,PTEN VAMP-seq Combined,protein_hgvs_join_with_score_set,Fetch mapped-variants for the score set and reconcile VRS/genomic identity.
PTEN,p.Gly251Val,536548,urn:mavedb:00000102-0-1,PTEN VAMP-seq Combined,protein_hgvs_join_with_score_set,Fetch mapped-variants for the score set and reconcile VRS/genomic identity.
PTEN,p.Gly36Arg,189400,urn:mavedb:00000102-0-1,PTEN VAMP-seq Combined,protein_hgvs_join_with_score_set,Fetch mapped-variants for the score set and reconcile VRS/genomic identity.
PTEN,p.Gly36Glu,486972,,,missing_mavedb_line,Search MaveDB for a matching score set or mark as no public MAVE evidence.
PTEN,p.Gly44Asp,427582,urn:mavedb:00000102-0-1,PTEN VAMP-seq Combined,protein_hgvs_join_with_score_set,Fetch mapped-variants for the score set and reconcile VRS/genomic identity.
PTEN,p.His118Pro,2624869,,,missing_mavedb_line,Search MaveDB for a matching score set or mark as no public MAVE evidence.
PTEN,p.His123Arg,7816,urn:mavedb:00000102-0-1,PTEN VAMP-seq Combined,protein_hgvs_join_with_score_set,Fetch mapped-variants for the score set and reconcile VRS/genomic identity.
PTEN,p.His123Asn,3572467,urn:mavedb:00000102-0-1,PTEN VAMP-seq Combined,protein_hgvs_join_with_score_set,Fetch mapped-variants for the score set and reconcile VRS/genomic identity.
PTEN,p.His123Asp,428277,,,missing_mavedb_line,Search MaveDB for a matching score set or mark as no public MAVE evidence.
PTEN,p.His123Gln,427587,,,missing_mavedb_line,Search MaveDB for a matching score set or mark as no public MAVE evidence.
PTEN,p.His123Tyr,189486,,,missing_mavedb_line,Search MaveDB for a matching score set or mark as no public MAVE evidence.
PTEN,p.His141Leu,1708039,urn:mavedb:00000102-0-1,PTEN VAMP-seq Combined,protein_hgvs_join_with_score_set,Fetch mapped-variants for the score set and reconcile VRS/genomic identity.
PTEN,p.His141Pro,216422,urn:mavedb:00000102-0-1,PTEN VAMP-seq Combined,protein_hgvs_join_with_score_set,Fetch mapped-variants for the score set and reconcile VRS/genomic identity.
PTEN,p.His272Pro,428223,urn:mavedb:00000102-0-1,PTEN VAMP-seq Combined,protein_hgvs_join_with_score_set,Fetch mapped-variants for the score set and reconcile VRS/genomic identity.
PTEN,p.His61Arg,189402,urn:mavedb:00000102-0-1,PTEN VAMP-seq Combined,protein_hgvs_join_with_score_set,Fetch mapped-variants for the score set and reconcile VRS/genomic identity.
PTEN,p.His61Asp,7841,urn:mavedb:00000102-0-1,PTEN VAMP-seq Combined,protein_hgvs_join_with_score_set,Fetch mapped-variants for the score set and reconcile VRS/genomic identity.
PTEN,p.His61Pro,3231146,urn:mavedb:00000102-0-1,PTEN VAMP-seq Combined,protein_hgvs_join_with_score_set,Fetch mapped-variants for the score set and reconcile VRS/genomic identity.
PTEN,p.His61Tyr,4813809,urn:mavedb:00000102-0-1,PTEN VAMP-seq Combined,protein_hgvs_join_with_score_set,Fetch mapped-variants for the score set and reconcile VRS/genomic identity.
PTEN,p.His64Pro,2574362,urn:mavedb:00000102-0-1,PTEN VAMP-seq Combined,protein_hgvs_join_with_score_set,Fetch mapped-variants for the score set and reconcile VRS/genomic identity.
PTEN,p.His93Arg,7848,urn:mavedb:00000102-0-1,PTEN VAMP-seq Combined,protein_hgvs_join_with_score_set,Fetch mapped-variants for the score set and reconcile VRS/genomic identity.
PTEN,p.His93Asn,523356,urn:mavedb:00000102-0-1,PTEN VAMP-seq Combined,protein_hgvs_join_with_score_set,Fetch mapped-variants for the score set and reconcile VRS/genomic identity.
PTEN,p.His93Asp,189482,urn:mavedb:00000102-0-1,PTEN VAMP-seq Combined,protein_hgvs_join_with_score_set,Fetch mapped-variants for the score set and reconcile VRS/genomic identity.
PTEN,p.His93Pro,468680,urn:mavedb:00000102-0-1,PTEN VAMP-seq Combined,protein_hgvs_join_with_score_set,Fetch mapped-variants for the score set and reconcile VRS/genomic identity.
PTEN,p.His93Tyr,646993,,,missing_mavedb_line,Search MaveDB for a matching score set or mark as no public MAVE evidence.
PTEN,p.Ile101Asn,648578,,,missing_mavedb_line,Search MaveDB for a matching score set or mark as no public MAVE evidence.
PTEN,p.Ile101Thr,822660,,,missing_mavedb_line,Search MaveDB for a matching score set or mark as no public MAVE evidence.
PTEN,p.Ile135Lys,428235,urn:mavedb:00000102-0-1,PTEN VAMP-seq Combined,protein_hgvs_join_with_score_set,Fetch mapped-variants for the score set and reconcile VRS/genomic identity.
PTEN,p.Ile135Val,142287,,,missing_mavedb_line,Search MaveDB for a matching score set or mark as no public MAVE evidence.
PTEN,p.Ile253Asn,480942,,,missing_mavedb_line,Search MaveDB for a matching score set or mark as no public MAVE evidence.
PTEN,p.Ile32Ser,4744225,,,missing_mavedb_line,Search MaveDB for a matching score set or mark as no public MAVE evidence.
PTEN,p.Ile50Thr,492727,urn:mavedb:00000102-0-1,PTEN VAMP-seq Combined,protein_hgvs_join_with_score_set,Fetch mapped-variants for the score set and reconcile VRS/genomic identity.
PTEN,p.Ile5Thr,3254879,,,missing_mavedb_line,Search MaveDB for a matching score set or mark as no public MAVE evidence.
PTEN,p.Ile67Arg,2429351,urn:mavedb:00000102-0-1,PTEN VAMP-seq Combined,protein_hgvs_join_with_score_set,Fetch mapped-variants for the score set and reconcile VRS/genomic identity.
PTEN,p.Leu100Phe,1207213,,,missing_mavedb_line,Search MaveDB for a matching score set or mark as no public MAVE evidence.
PTEN,p.Leu108Arg,2764628,urn:mavedb:00000102-0-1,PTEN VAMP-seq Combined,protein_hgvs_join_with_score_set,Fetch mapped-variants for the score set and reconcile VRS/genomic identity.
PTEN,p.Leu108Phe,2562403,urn:mavedb:00000102-0-1,PTEN VAMP-seq Combined,protein_hgvs_join_with_score_set,Fetch mapped-variants for the score set and reconcile VRS/genomic identity.
PTEN,p.Leu108Pro,418436,urn:mavedb:00000102-0-1,PTEN VAMP-seq Combined,protein_hgvs_join_with_score_set,Fetch mapped-variants for the score set and reconcile VRS/genomic identity.
PTEN,p.Leu112Arg,2674303,urn:mavedb:00000102-0-1,PTEN VAMP-seq Combined,protein_hgvs_join_with_score_set,Fetch mapped-variants for the score set and reconcile VRS/genomic identity.
PTEN,p.Leu112Pro,7832,urn:mavedb:00000102-0-1,PTEN VAMP-seq Combined,protein_hgvs_join_with_score_set,Fetch mapped-variants for the score set and reconcile VRS/genomic identity.
PTEN,p.Leu112Val,1406308,urn:mavedb:00000102-0-1,PTEN VAMP-seq Combined,protein_hgvs_join_with_score_set,Fetch mapped-variants for the score set and reconcile VRS/genomic identity.
PTEN,p.Leu152Pro,536551,,,missing_mavedb_line,Search MaveDB for a matching score set or mark as no public MAVE evidence.
PTEN,p.Leu181Pro,825730,urn:mavedb:00000102-0-1,PTEN VAMP-seq Combined,protein_hgvs_join_with_score_set,Fetch mapped-variants for the score set and reconcile VRS/genomic identity.
PTEN,p.Leu23Val,234830,urn:mavedb:00000102-0-1,PTEN VAMP-seq Combined,protein_hgvs_join_with_score_set,Fetch mapped-variants for the score set and reconcile VRS/genomic identity.
PTEN,p.Leu247Ser,223142,urn:mavedb:00000102-0-1,PTEN VAMP-seq Combined,protein_hgvs_join_with_score_set,Fetch mapped-variants for the score set and reconcile VRS/genomic identity.
PTEN,p.Leu25Phe,1068214,,,missing_mavedb_line,Search MaveDB for a matching score set or mark as no public MAVE evidence.
PTEN,p.Leu316Pro,418653,urn:mavedb:00000102-0-1,PTEN VAMP-seq Combined,protein_hgvs_join_with_score_set,Fetch mapped-variants for the score set and reconcile VRS/genomic identity.
PTEN,p.Leu320Ser,1043063,urn:mavedb:00000102-0-1,PTEN VAMP-seq Combined,protein_hgvs_join_with_score_set,Fetch mapped-variants for the score set and reconcile VRS/genomic identity.
PTEN,p.Leu345Pro,484605,urn:mavedb:00000102-0-1,PTEN VAMP-seq Combined,protein_hgvs_join_with_score_set,Fetch mapped-variants for the score set and reconcile VRS/genomic identity.
PTEN,p.Leu57Trp,185713,urn:mavedb:00000102-0-1,PTEN VAMP-seq Combined,protein_hgvs_join_with_score_set,Fetch mapped-variants for the score set and reconcile VRS/genomic identity.
PTEN,p.Leu70Pro,7826,,,missing_mavedb_line,Search MaveDB for a matching score set or mark as no public MAVE evidence.
PTEN,p.Leu98Arg,404143,urn:mavedb:00000102-0-1,PTEN VAMP-seq Combined,protein_hgvs_join_with_score_set,Fetch mapped-variants for the score set and reconcile VRS/genomic identity.
PTEN,p.Leu98Pro,3767590,urn:mavedb:00000102-0-1,PTEN VAMP-seq Combined,protein_hgvs_join_with_score_set,Fetch mapped-variants for the score set and reconcile VRS/genomic identity.
PTEN,p.Lys125Arg,1803052,urn:mavedb:00000102-0-1,PTEN VAMP-seq Combined,protein_hgvs_join_with_score_set,Fetch mapped-variants for the score set and reconcile VRS/genomic identity.
PTEN,p.Lys125Glu,1338262,urn:mavedb:00000102-0-1,PTEN VAMP-seq Combined,protein_hgvs_join_with_score_set,Fetch mapped-variants for the score set and reconcile VRS/genomic identity.
PTEN,p.Lys128Arg,864223,,,missing_mavedb_line,Search MaveDB for a matching score set or mark as no public MAVE evidence.
PTEN,p.Lys128Asn,428220,,,missing_mavedb_line,Search MaveDB for a matching score set or mark as no public MAVE evidence.
PTEN,p.Lys128Glu,958105,,,missing_mavedb_line,Search MaveDB for a matching score set or mark as no public MAVE evidence.
PTEN,p.Lys13Gln,846550,urn:mavedb:00000102-0-1,PTEN VAMP-seq Combined,protein_hgvs_join_with_score_set,Fetch mapped-variants for the score set and reconcile VRS/genomic identity.
PTEN,p.Lys13Glu,988004,urn:mavedb:00000102-0-1,PTEN VAMP-seq Combined,protein_hgvs_join_with_score_set,Fetch mapped-variants for the score set and reconcile VRS/genomic identity.
PTEN,p.Lys221Glu,3026433,,,missing_mavedb_line,Search MaveDB for a matching score set or mark as no public MAVE evidence.
PTEN,p.Lys254Thr,428207,urn:mavedb:00000102-0-1,PTEN VAMP-seq Combined,protein_hgvs_join_with_score_set,Fetch mapped-variants for the score set and reconcile VRS/genomic identity.
PTEN,p.Lys267Asn,536549,urn:mavedb:00000102-0-1,PTEN VAMP-seq Combined,protein_hgvs_join_with_score_set,Fetch mapped-variants for the score set and reconcile VRS/genomic identity.
PTEN,p.Lys342Asn,1067478,urn:mavedb:00000102-0-1,PTEN VAMP-seq Combined,protein_hgvs_join_with_score_set,Fetch mapped-variants for the score set and reconcile VRS/genomic identity.
PTEN,p.Lys66Asn,1691744,urn:mavedb:00000102-0-1,PTEN VAMP-seq Combined,protein_hgvs_join_with_score_set,Fetch mapped-variants for the score set and reconcile VRS/genomic identity.
PTEN,p.Lys66Glu,2499958,urn:mavedb:00000102-0-1,PTEN VAMP-seq Combined,protein_hgvs_join_with_score_set,Fetch mapped-variants for the score set and reconcile VRS/genomic identity.
PTEN,p.Lys6Glu,644390,urn:mavedb:00000102-0-1,PTEN VAMP-seq Combined,protein_hgvs_join_with_score_set,Fetch mapped-variants for the score set and reconcile VRS/genomic identity.
PTEN,p.Lys6Ile,3903209,urn:mavedb:00000102-0-1,PTEN VAMP-seq Combined,protein_hgvs_join_with_score_set,Fetch mapped-variants for the score set and reconcile VRS/genomic identity.
PTEN,p.Met134Arg,431829,urn:mavedb:00000102-0-1,PTEN VAMP-seq Combined,protein_hgvs_join_with_score_set,Fetch mapped-variants for the score set and reconcile VRS/genomic identity.
PTEN,p.Met134Ile,619908,urn:mavedb:00000102-0-1,PTEN VAMP-seq Combined,protein_hgvs_join_with_score_set,Fetch mapped-variants for the score set and reconcile VRS/genomic identity.
PTEN,p.Met134Thr,427588,urn:mavedb:00000102-0-1,PTEN VAMP-seq Combined,protein_hgvs_join_with_score_set,Fetch mapped-variants for the score set and reconcile VRS/genomic identity.
PTEN,p.Met198Lys,468702,,,missing_mavedb_line,Search MaveDB for a matching score set or mark as no public MAVE evidence.
PTEN,p.Met1Arg,2674279,,,missing_mavedb_line,Search MaveDB for a matching score set or mark as no public MAVE evidence.
PTEN,p.Met1Ile,1457954,,,missing_mavedb_line,Search MaveDB for a matching score set or mark as no public MAVE evidence.
PTEN,p.Met1Leu,3148533,,,missing_mavedb_line,Search MaveDB for a matching score set or mark as no public MAVE evidence.
PTEN,p.Met1Thr,1686106,,,missing_mavedb_line,Search MaveDB for a matching score set or mark as no public MAVE evidence.
PTEN,p.Met1Val,484600,urn:mavedb:00000102-0-1,PTEN VAMP-seq Combined,protein_hgvs_join_with_score_set,Fetch mapped-variants for the score set and reconcile VRS/genomic identity.
PTEN,p.Met35Arg,7825,urn:mavedb:00000102-0-1,PTEN VAMP-seq Combined,protein_hgvs_join_with_score_set,Fetch mapped-variants for the score set and reconcile VRS/genomic identity.
PTEN,p.Met35Ile,3663585,urn:mavedb:00000102-0-1,PTEN VAMP-seq Combined,protein_hgvs_join_with_score_set,Fetch mapped-variants for the score set and reconcile VRS/genomic identity.
PTEN,p.Met35Leu,976722,urn:mavedb:00000102-0-1,PTEN VAMP-seq Combined,protein_hgvs_join_with_score_set,Fetch mapped-variants for the score set and reconcile VRS/genomic identity.
PTEN,p.Met35Thr,428244,urn:mavedb:00000102-0-1,PTEN VAMP-seq Combined,protein_hgvs_join_with_score_set,Fetch mapped-variants for the score set and reconcile VRS/genomic identity.
PTEN,p.Met35Val,231916,urn:mavedb:00000102-0-1,PTEN VAMP-seq Combined,protein_hgvs_join_with_score_set,Fetch mapped-variants for the score set and reconcile VRS/genomic identity.
PTEN,p.Phe154Cys,1175130,urn:mavedb:00000102-0-1,PTEN VAMP-seq Combined,protein_hgvs_join_with_score_set,Fetch mapped-variants for the score set and reconcile VRS/genomic identity.
PTEN,p.Phe195Ser,1750073,urn:mavedb:00000102-0-1,PTEN VAMP-seq Combined,protein_hgvs_join_with_score_set,Fetch mapped-variants for the score set and reconcile VRS/genomic identity.
PTEN,p.Phe200Ser,189414,,,missing_mavedb_line,Search MaveDB for a matching score set or mark as no public MAVE evidence.
PTEN,p.Phe200Val,142452,,,missing_mavedb_line,Search MaveDB for a matching score set or mark as no public MAVE evidence.
PTEN,p.Phe21Ser,3338761,urn:mavedb:00000102-0-1,PTEN VAMP-seq Combined,protein_hgvs_join_with_score_set,Fetch mapped-variants for the score set and reconcile VRS/genomic identity.
PTEN,p.Phe241Leu,440220,urn:mavedb:00000102-0-1,PTEN VAMP-seq Combined,protein_hgvs_join_with_score_set,Fetch mapped-variants for the score set and reconcile VRS/genomic identity.
PTEN,p.Phe241Ser,7850,urn:mavedb:00000102-0-1,PTEN VAMP-seq Combined,protein_hgvs_join_with_score_set,Fetch mapped-variants for the score set and reconcile VRS/genomic identity.
PTEN,p.Phe56Ser,1777889,urn:mavedb:00000102-0-1,PTEN VAMP-seq Combined,protein_hgvs_join_with_score_set,Fetch mapped-variants for the score set and reconcile VRS/genomic identity.
PTEN,p.Phe81Cys,234710,urn:mavedb:00000102-0-1,PTEN VAMP-seq Combined,protein_hgvs_join_with_score_set,Fetch mapped-variants for the score set and reconcile VRS/genomic identity.
PTEN,p.Phe81Leu,1802604,urn:mavedb:00000102-0-1,PTEN VAMP-seq Combined,protein_hgvs_join_with_score_set,Fetch mapped-variants for the score set and reconcile VRS/genomic identity.
PTEN,p.Phe90Ser,976246,urn:mavedb:00000102-0-1,PTEN VAMP-seq Combined,protein_hgvs_join_with_score_set,Fetch mapped-variants for the score set and reconcile VRS/genomic identity.
PTEN,p.Pro204Ala,189415,urn:mavedb:00000102-0-1,PTEN VAMP-seq Combined,protein_hgvs_join_with_score_set,Fetch mapped-variants for the score set and reconcile VRS/genomic identity.
PTEN,p.Pro246Leu,142269,urn:mavedb:00000102-0-1,PTEN VAMP-seq Combined,protein_hgvs_join_with_score_set,Fetch mapped-variants for the score set and reconcile VRS/genomic identity.
PTEN,p.Pro354Gln,143020,urn:mavedb:00000102-0-1,PTEN VAMP-seq Combined,protein_hgvs_join_with_score_set,Fetch mapped-variants for the score set and reconcile VRS/genomic identity.
PTEN,p.Pro354Ser,4146996,urn:mavedb:00000102-0-1,PTEN VAMP-seq Combined,protein_hgvs_join_with_score_set,Fetch mapped-variants for the score set and reconcile VRS/genomic identity.
PTEN,p.Pro38Arg,424262,urn:mavedb:00000102-0-1,PTEN VAMP-seq Combined,protein_hgvs_join_with_score_set,Fetch mapped-variants for the score set and reconcile VRS/genomic identity.
PTEN,p.Pro38Leu,818421,urn:mavedb:00000102-0-1,PTEN VAMP-seq Combined,protein_hgvs_join_with_score_set,Fetch mapped-variants for the score set and reconcile VRS/genomic identity.
PTEN,p.Pro38Thr,229912,urn:mavedb:00000102-0-1,PTEN VAMP-seq Combined,protein_hgvs_join_with_score_set,Fetch mapped-variants for the score set and reconcile VRS/genomic identity.
PTEN,p.Pro95Leu,189403,,,missing_mavedb_line,Search MaveDB for a matching score set or mark as no public MAVE evidence.
PTEN,p.Pro96Arg,492730,,,missing_mavedb_line,Search MaveDB for a matching score set or mark as no public MAVE evidence.
PTEN,p.Pro96Gln,1457597,,,missing_mavedb_line,Search MaveDB for a matching score set or mark as no public MAVE evidence.
PTEN,p.Pro96Leu,449089,urn:mavedb:00000102-0-1,PTEN VAMP-seq Combined,protein_hgvs_join_with_score_set,Fetch mapped-variants for the score set and reconcile VRS/genomic identity.
PTEN,p.Pro96Ser,92819,urn:mavedb:00000102-0-1,PTEN VAMP-seq Combined,protein_hgvs_join_with_score_set,Fetch mapped-variants for the score set and reconcile VRS/genomic identity.
PTEN,p.Ser170Arg,7815,urn:mavedb:00000102-0-1,PTEN VAMP-seq Combined,protein_hgvs_join_with_score_set,Fetch mapped-variants for the score set and reconcile VRS/genomic identity.
PTEN,p.Ser170Asn,951765,,,missing_mavedb_line,Search MaveDB for a matching score set or mark as no public MAVE evidence.
PTEN,p.Ser170Ile,233590,,,missing_mavedb_line,Search MaveDB for a matching score set or mark as no public MAVE evidence.
PTEN,p.Ser229Thr,141771,,,missing_mavedb_line,Search MaveDB for a matching score set or mark as no public MAVE evidence.
PTEN,p.Ser294Arg,127693,urn:mavedb:00000102-0-1,PTEN VAMP-seq Combined,protein_hgvs_join_with_score_set,Fetch mapped-variants for the score set and reconcile VRS/genomic identity.
PTEN,p.Ser360Gly,140777,urn:mavedb:00000102-0-1,PTEN VAMP-seq Combined,protein_hgvs_join_with_score_set,Fetch mapped-variants for the score set and reconcile VRS/genomic identity.
PTEN,p.Thr131Ile,39669,urn:mavedb:00000102-0-1,PTEN VAMP-seq Combined,protein_hgvs_join_with_score_set,Fetch mapped-variants for the score set and reconcile VRS/genomic identity.
PTEN,p.Thr160Ile,431851,,,missing_mavedb_line,Search MaveDB for a matching score set or mark as no public MAVE evidence.
PTEN,p.Thr167Asn,39668,urn:mavedb:00000102-0-1,PTEN VAMP-seq Combined,protein_hgvs_join_with_score_set,Fetch mapped-variants for the score set and reconcile VRS/genomic identity.
PTEN,p.Thr202Ile,427595,urn:mavedb:00000102-0-1,PTEN VAMP-seq Combined,protein_hgvs_join_with_score_set,Fetch mapped-variants for the score set and reconcile VRS/genomic identity.
PTEN,p.Thr26Asn,949068,urn:mavedb:00000102-0-1,PTEN VAMP-seq Combined,protein_hgvs_join_with_score_set,Fetch mapped-variants for the score set and reconcile VRS/genomic identity.
PTEN,p.Thr26Ile,189399,,,missing_mavedb_line,Search MaveDB for a matching score set or mark as no public MAVE evidence.
PTEN,p.Thr26Pro,234410,urn:mavedb:00000102-0-1,PTEN VAMP-seq Combined,protein_hgvs_join_with_score_set,Fetch mapped-variants for the score set and reconcile VRS/genomic identity.
PTEN,p.Thr277Ala,571869,urn:mavedb:00000102-0-1,PTEN VAMP-seq Combined,protein_hgvs_join_with_score_set,Fetch mapped-variants for the score set and reconcile VRS/genomic identity.
PTEN,p.Thr277Arg,428268,urn:mavedb:00000102-0-1,PTEN VAMP-seq Combined,protein_hgvs_join_with_score_set,Fetch mapped-variants for the score set and reconcile VRS/genomic identity.
PTEN,p.Thr277Ile,184277,,,missing_mavedb_line,Search MaveDB for a matching score set or mark as no public MAVE evidence.
PTEN,p.Trp111Arg,92820,urn:mavedb:00000102-0-1,PTEN VAMP-seq Combined,protein_hgvs_join_with_score_set,Fetch mapped-variants for the score set and reconcile VRS/genomic identity.
PTEN,p.Trp111Cys,3669092,urn:mavedb:00000102-0-1,PTEN VAMP-seq Combined,protein_hgvs_join_with_score_set,Fetch mapped-variants for the score set and reconcile VRS/genomic identity.
PTEN,p.Trp274Leu,427600,urn:mavedb:00000102-0-1,PTEN VAMP-seq Combined,protein_hgvs_join_with_score_set,Fetch mapped-variants for the score set and reconcile VRS/genomic identity.
PTEN,p.Tyr155Asn,1742096,urn:mavedb:00000102-0-1,PTEN VAMP-seq Combined,protein_hgvs_join_with_score_set,Fetch mapped-variants for the score set and reconcile VRS/genomic identity.
PTEN,p.Tyr155Cys,404168,,,missing_mavedb_line,Search MaveDB for a matching score set or mark as no public MAVE evidence.
PTEN,p.Tyr155His,428237,,,missing_mavedb_line,Search MaveDB for a matching score set or mark as no public MAVE evidence.
PTEN,p.Tyr155Ser,547759,urn:mavedb:00000102-0-1,PTEN VAMP-seq Combined,protein_hgvs_join_with_score_set,Fetch mapped-variants for the score set and reconcile VRS/genomic identity.
PTEN,p.Tyr16Asp,422899,urn:mavedb:00000102-0-1,PTEN VAMP-seq Combined,protein_hgvs_join_with_score_set,Fetch mapped-variants for the score set and reconcile VRS/genomic identity.
PTEN,p.Tyr174Asn,142220,,,missing_mavedb_line,Search MaveDB for a matching score set or mark as no public MAVE evidence.
PTEN,p.Tyr174Asp,4538586,,,missing_mavedb_line,Search MaveDB for a matching score set or mark as no public MAVE evidence.
PTEN,p.Tyr174Cys,220007,,,missing_mavedb_line,Search MaveDB for a matching score set or mark as no public MAVE evidence.
PTEN,p.Tyr177Cys,580948,urn:mavedb:00000102-0-1,PTEN VAMP-seq Combined,protein_hgvs_join_with_score_set,Fetch mapped-variants for the score set and reconcile VRS/genomic identity.
PTEN,p.Tyr177His,974864,,,missing_mavedb_line,Search MaveDB for a matching score set or mark as no public MAVE evidence.
PTEN,p.Tyr27Asn,2735432,,,missing_mavedb_line,Search MaveDB for a matching score set or mark as no public MAVE evidence.
PTEN,p.Tyr27Cys,404160,urn:mavedb:00000102-0-1,PTEN VAMP-seq Combined,protein_hgvs_join_with_score_set,Fetch mapped-variants for the score set and reconcile VRS/genomic identity.
PTEN,p.Tyr27Phe,2663192,,,missing_mavedb_line,Search MaveDB for a matching score set or mark as no public MAVE evidence.
PTEN,p.Tyr27Ser,280724,urn:mavedb:00000102-0-1,PTEN VAMP-seq Combined,protein_hgvs_join_with_score_set,Fetch mapped-variants for the score set and reconcile VRS/genomic identity.
PTEN,p.Tyr46Asn,4075814,urn:mavedb:00000102-0-1,PTEN VAMP-seq Combined,protein_hgvs_join_with_score_set,Fetch mapped-variants for the score set and reconcile VRS/genomic identity.
PTEN,p.Tyr46His,1701143,urn:mavedb:00000102-0-1,PTEN VAMP-seq Combined,protein_hgvs_join_with_score_set,Fetch mapped-variants for the score set and reconcile VRS/genomic identity.
PTEN,p.Tyr68Asp,536540,urn:mavedb:00000102-0-1,PTEN VAMP-seq Combined,protein_hgvs_join_with_score_set,Fetch mapped-variants for the score set and reconcile VRS/genomic identity.
PTEN,p.Tyr68Cys,233777,urn:mavedb:00000102-0-1,PTEN VAMP-seq Combined,protein_hgvs_join_with_score_set,Fetch mapped-variants for the score set and reconcile VRS/genomic identity.
PTEN,p.Tyr68His,189474,,,missing_mavedb_line,Search MaveDB for a matching score set or mark as no public MAVE evidence.
PTEN,p.Val119Ala,3256748,urn:mavedb:00000102-0-1,PTEN VAMP-seq Combined,protein_hgvs_join_with_score_set,Fetch mapped-variants for the score set and reconcile VRS/genomic identity.
PTEN,p.Val119Gly,484619,urn:mavedb:00000102-0-1,PTEN VAMP-seq Combined,protein_hgvs_join_with_score_set,Fetch mapped-variants for the score set and reconcile VRS/genomic identity.
PTEN,p.Val119Leu,428226,urn:mavedb:00000102-0-1,PTEN VAMP-seq Combined,protein_hgvs_join_with_score_set,Fetch mapped-variants for the score set and reconcile VRS/genomic identity.
PTEN,p.Val119Phe,428193,,,missing_mavedb_line,Search MaveDB for a matching score set or mark as no public MAVE evidence.
PTEN,p.Val166Glu,486974,urn:mavedb:00000102-0-1,PTEN VAMP-seq Combined,protein_hgvs_join_with_score_set,Fetch mapped-variants for the score set and reconcile VRS/genomic identity.
PTEN,p.Val175Met,1067224,urn:mavedb:00000102-0-1,PTEN VAMP-seq Combined,protein_hgvs_join_with_score_set,Fetch mapped-variants for the score set and reconcile VRS/genomic identity.
PTEN,p.Val249Gly,1066565,urn:mavedb:00000102-0-1,PTEN VAMP-seq Combined,protein_hgvs_join_with_score_set,Fetch mapped-variants for the score set and reconcile VRS/genomic identity.
PTEN,p.Val255Glu,623214,urn:mavedb:00000102-0-1,PTEN VAMP-seq Combined,protein_hgvs_join_with_score_set,Fetch mapped-variants for the score set and reconcile VRS/genomic identity.
PTEN,p.Val255Gly,3381971,urn:mavedb:00000102-0-1,PTEN VAMP-seq Combined,protein_hgvs_join_with_score_set,Fetch mapped-variants for the score set and reconcile VRS/genomic identity.
PTEN,p.Val53Ala,916219,urn:mavedb:00000102-0-1,PTEN VAMP-seq Combined,protein_hgvs_join_with_score_set,Fetch mapped-variants for the score set and reconcile VRS/genomic identity.
TP53,p.Ala129Asp,1735669,urn:mavedb:00001234-c-1,Scores from arrayed yeast-based assay of TP53 BAX promoter,protein_hgvs_join_with_score_set,Fetch mapped-variants for the score set and reconcile VRS/genomic identity.
TP53,p.Ala138Pro,12376,urn:mavedb:00001234-c-1,Scores from arrayed yeast-based assay of TP53 BAX promoter,protein_hgvs_join_with_score_set,Fetch mapped-variants for the score set and reconcile VRS/genomic identity.
TP53,p.Ala138Val,184863,urn:mavedb:00001234-c-1,Scores from arrayed yeast-based assay of TP53 BAX promoter,protein_hgvs_join_with_score_set,Fetch mapped-variants for the score set and reconcile VRS/genomic identity.
TP53,p.Ala159Asp,1026335,urn:mavedb:00001234-c-1,Scores from arrayed yeast-based assay of TP53 BAX promoter,protein_hgvs_join_with_score_set,Fetch mapped-variants for the score set and reconcile VRS/genomic identity.
TP53,p.Ala159Val,458545,urn:mavedb:00001234-c-1,Scores from arrayed yeast-based assay of TP53 BAX promoter,protein_hgvs_join_with_score_set,Fetch mapped-variants for the score set and reconcile VRS/genomic identity.
TP53,p.Ala161Thr,161518,urn:mavedb:00001234-c-1,Scores from arrayed yeast-based assay of TP53 BAX promoter,protein_hgvs_join_with_score_set,Fetch mapped-variants for the score set and reconcile VRS/genomic identity.
TP53,p.Ala276Gly,185319,urn:mavedb:00001234-c-1,Scores from arrayed yeast-based assay of TP53 BAX promoter,protein_hgvs_join_with_score_set,Fetch mapped-variants for the score set and reconcile VRS/genomic identity.
TP53,p.Ala307Gly,485027,urn:mavedb:00001234-c-1,Scores from arrayed yeast-based assay of TP53 BAX promoter,protein_hgvs_join_with_score_set,Fetch mapped-variants for the score set and reconcile VRS/genomic identity.
TP53,p.Ala347Asp,43587,urn:mavedb:00001234-c-1,Scores from arrayed yeast-based assay of TP53 BAX promoter,protein_hgvs_join_with_score_set,Fetch mapped-variants for the score set and reconcile VRS/genomic identity.
TP53,p.Ala347Gly,2683739,urn:mavedb:00001234-c-1,Scores from arrayed yeast-based assay of TP53 BAX promoter,protein_hgvs_join_with_score_set,Fetch mapped-variants for the score set and reconcile VRS/genomic identity.
TP53,p.Ala355Thr,1781085,urn:mavedb:00001234-c-1,Scores from arrayed yeast-based assay of TP53 BAX promoter,protein_hgvs_join_with_score_set,Fetch mapped-variants for the score set and reconcile VRS/genomic identity.
TP53,p.Ala63Gly,229693,urn:mavedb:00001234-c-1,Scores from arrayed yeast-based assay of TP53 BAX promoter,protein_hgvs_join_with_score_set,Fetch mapped-variants for the score set and reconcile VRS/genomic identity.
TP53,p.Ala63Thr,231015,urn:mavedb:00001234-c-1,Scores from arrayed yeast-based assay of TP53 BAX promoter,protein_hgvs_join_with_score_set,Fetch mapped-variants for the score set and reconcile VRS/genomic identity.
TP53,p.Ala63Val,182922,urn:mavedb:00001234-c-1,Scores from arrayed yeast-based assay of TP53 BAX promoter,protein_hgvs_join_with_score_set,Fetch mapped-variants for the score set and reconcile VRS/genomic identity.
TP53,p.Ala74Val,141547,urn:mavedb:00001234-c-1,Scores from arrayed yeast-based assay of TP53 BAX promoter,protein_hgvs_join_with_score_set,Fetch mapped-variants for the score set and reconcile VRS/genomic identity.
TP53,p.Ala76Gly,3460333,urn:mavedb:00001234-c-1,Scores from arrayed yeast-based assay of TP53 BAX promoter,protein_hgvs_join_with_score_set,Fetch mapped-variants for the score set and reconcile VRS/genomic identity.
TP53,p.Ala79Val,4189271,urn:mavedb:00001234-c-1,Scores from arrayed yeast-based assay of TP53 BAX promoter,protein_hgvs_join_with_score_set,Fetch mapped-variants for the score set and reconcile VRS/genomic identity.
TP53,p.Ala83Pro,3972448,urn:mavedb:00001234-c-1,Scores from arrayed yeast-based assay of TP53 BAX promoter,protein_hgvs_join_with_score_set,Fetch mapped-variants for the score set and reconcile VRS/genomic identity.
TP53,p.Ala84Thr,140833,urn:mavedb:00001234-c-1,Scores from arrayed yeast-based assay of TP53 BAX promoter,protein_hgvs_join_with_score_set,Fetch mapped-variants for the score set and reconcile VRS/genomic identity.
TP53,p.Arg110Gly,823452,urn:mavedb:00001234-c-1,Scores from arrayed yeast-based assay of TP53 BAX promoter,protein_hgvs_join_with_score_set,Fetch mapped-variants for the score set and reconcile VRS/genomic identity.
TP53,p.Arg110His,127808,urn:mavedb:00001234-c-1,Scores from arrayed yeast-based assay of TP53 BAX promoter,protein_hgvs_join_with_score_set,Fetch mapped-variants for the score set and reconcile VRS/genomic identity.
TP53,p.Arg110Leu,406597,urn:mavedb:00001234-c-1,Scores from arrayed yeast-based assay of TP53 BAX promoter,protein_hgvs_join_with_score_set,Fetch mapped-variants for the score set and reconcile VRS/genomic identity.
TP53,p.Arg110Pro,233627,urn:mavedb:00001234-c-1,Scores from arrayed yeast-based assay of TP53 BAX promoter,protein_hgvs_join_with_score_set,Fetch mapped-variants for the score set and reconcile VRS/genomic identity.
TP53,p.Arg156Pro,634768,urn:mavedb:00001234-c-1,Scores from arrayed yeast-based assay of TP53 BAX promoter,protein_hgvs_join_with_score_set,Fetch mapped-variants for the score set and reconcile VRS/genomic identity.
TP53,p.Arg158Gly,856171,urn:mavedb:00001234-c-1,Scores from arrayed yeast-based assay of TP53 BAX promoter,protein_hgvs_join_with_score_set,Fetch mapped-variants for the score set and reconcile VRS/genomic identity.
TP53,p.Arg158His,141963,urn:mavedb:00001234-c-1,Scores from arrayed yeast-based assay of TP53 BAX promoter,protein_hgvs_join_with_score_set,Fetch mapped-variants for the score set and reconcile VRS/genomic identity.
TP53,p.Arg158Leu,528248,urn:mavedb:00001234-c-1,Scores from arrayed yeast-based assay of TP53 BAX promoter,protein_hgvs_join_with_score_set,Fetch mapped-variants for the score set and reconcile VRS/genomic identity.
TP53,p.Arg158Pro,246118,urn:mavedb:00001234-c-1,Scores from arrayed yeast-based assay of TP53 BAX promoter,protein_hgvs_join_with_score_set,Fetch mapped-variants for the score set and reconcile VRS/genomic identity.
TP53,p.Arg158Ser,1067910,urn:mavedb:00001234-c-1,Scores from arrayed yeast-based assay of TP53 BAX promoter,protein_hgvs_join_with_score_set,Fetch mapped-variants for the score set and reconcile VRS/genomic identity.
TP53,p.Arg175Gly,376649,urn:mavedb:00001234-c-1,Scores from arrayed yeast-based assay of TP53 BAX promoter,protein_hgvs_join_with_score_set,Fetch mapped-variants for the score set and reconcile VRS/genomic identity.
TP53,p.Arg175His,12374,urn:mavedb:00001234-c-1,Scores from arrayed yeast-based assay of TP53 BAX promoter,protein_hgvs_join_with_score_set,Fetch mapped-variants for the score set and reconcile VRS/genomic identity.
TP53,p.Arg175Leu,182963,urn:mavedb:00001234-c-1,Scores from arrayed yeast-based assay of TP53 BAX promoter,protein_hgvs_join_with_score_set,Fetch mapped-variants for the score set and reconcile VRS/genomic identity.
TP53,p.Arg181Cys,142624,urn:mavedb:00001234-c-1,Scores from arrayed yeast-based assay of TP53 BAX promoter,protein_hgvs_join_with_score_set,Fetch mapped-variants for the score set and reconcile VRS/genomic identity.
TP53,p.Arg181His,142320,urn:mavedb:00001234-c-1,Scores from arrayed yeast-based assay of TP53 BAX promoter,protein_hgvs_join_with_score_set,Fetch mapped-variants for the score set and reconcile VRS/genomic identity.
TP53,p.Arg181Pro,825729,urn:mavedb:00001234-c-1,Scores from arrayed yeast-based assay of TP53 BAX promoter,protein_hgvs_join_with_score_set,Fetch mapped-variants for the score set and reconcile VRS/genomic identity.
TP53,p.Arg196Pro,231165,urn:mavedb:00001234-c-1,Scores from arrayed yeast-based assay of TP53 BAX promoter,protein_hgvs_join_with_score_set,Fetch mapped-variants for the score set and reconcile VRS/genomic identity.
TP53,p.Arg213Gln,135359,urn:mavedb:00001234-c-1,Scores from arrayed yeast-based assay of TP53 BAX promoter,protein_hgvs_join_with_score_set,Fetch mapped-variants for the score set and reconcile VRS/genomic identity.
TP53,p.Arg213Pro,231214,urn:mavedb:00001234-c-1,Scores from arrayed yeast-based assay of TP53 BAX promoter,protein_hgvs_join_with_score_set,Fetch mapped-variants for the score set and reconcile VRS/genomic identity.
TP53,p.Arg213Trp,3460335,,,missing_mavedb_line,Search MaveDB for a matching score set or mark as no public MAVE evidence.
TP53,p.Arg248Gln,12356,urn:mavedb:00001234-c-1,Scores from arrayed yeast-based assay of TP53 BAX promoter,protein_hgvs_join_with_score_set,Fetch mapped-variants for the score set and reconcile VRS/genomic identity.
TP53,p.Arg248Gly,376652,urn:mavedb:00001234-c-1,Scores from arrayed yeast-based assay of TP53 BAX promoter,protein_hgvs_join_with_score_set,Fetch mapped-variants for the score set and reconcile VRS/genomic identity.
TP53,p.Arg248Leu,230253,urn:mavedb:00001234-c-1,Scores from arrayed yeast-based assay of TP53 BAX promoter,protein_hgvs_join_with_score_set,Fetch mapped-variants for the score set and reconcile VRS/genomic identity.
TP53,p.Arg248Pro,237954,urn:mavedb:00001234-c-1,Scores from arrayed yeast-based assay of TP53 BAX promoter,protein_hgvs_join_with_score_set,Fetch mapped-variants for the score set and reconcile VRS/genomic identity.
TP53,p.Arg248Trp,12347,urn:mavedb:00001234-c-1,Scores from arrayed yeast-based assay of TP53 BAX promoter,protein_hgvs_join_with_score_set,Fetch mapped-variants for the score set and reconcile VRS/genomic identity.
TP53,p.Arg249Ser,12352,urn:mavedb:00001234-c-1,Scores from arrayed yeast-based assay of TP53 BAX promoter,protein_hgvs_join_with_score_set,Fetch mapped-variants for the score set and reconcile VRS/genomic identity.
TP53,p.Arg249Thr,376015,urn:mavedb:00001234-c-1,Scores from arrayed yeast-based assay of TP53 BAX promoter,protein_hgvs_join_with_score_set,Fetch mapped-variants for the score set and reconcile VRS/genomic identity.
TP53,p.Arg267Gln,127823,urn:mavedb:00001234-c-1,Scores from arrayed yeast-based assay of TP53 BAX promoter,protein_hgvs_join_with_score_set,Fetch mapped-variants for the score set and reconcile VRS/genomic identity.
TP53,p.Arg267Gly,1761541,urn:mavedb:00001234-c-1,Scores from arrayed yeast-based assay of TP53 BAX promoter,protein_hgvs_join_with_score_set,Fetch mapped-variants for the score set and reconcile VRS/genomic identity.
TP53,p.Arg267Pro,428867,urn:mavedb:00001234-c-1,Scores from arrayed yeast-based assay of TP53 BAX promoter,protein_hgvs_join_with_score_set,Fetch mapped-variants for the score set and reconcile VRS/genomic identity.
TP53,p.Arg267Trp,141764,urn:mavedb:00001234-c-1,Scores from arrayed yeast-based assay of TP53 BAX promoter,protein_hgvs_join_with_score_set,Fetch mapped-variants for the score set and reconcile VRS/genomic identity.
TP53,p.Arg273Cys,43594,urn:mavedb:00001234-c-1,Scores from arrayed yeast-based assay of TP53 BAX promoter,protein_hgvs_join_with_score_set,Fetch mapped-variants for the score set and reconcile VRS/genomic identity.
TP53,p.Arg273Gly,634682,urn:mavedb:00001234-c-1,Scores from arrayed yeast-based assay of TP53 BAX promoter,protein_hgvs_join_with_score_set,Fetch mapped-variants for the score set and reconcile VRS/genomic identity.
TP53,p.Arg273His,12366,urn:mavedb:00001234-c-1,Scores from arrayed yeast-based assay of TP53 BAX promoter,protein_hgvs_join_with_score_set,Fetch mapped-variants for the score set and reconcile VRS/genomic identity.
TP53,p.Arg273Leu,376655,urn:mavedb:00001234-c-1,Scores from arrayed yeast-based assay of TP53 BAX promoter,protein_hgvs_join_with_score_set,Fetch mapped-variants for the score set and reconcile VRS/genomic identity.
TP53,p.Arg273Pro,231060,urn:mavedb:00001234-c-1,Scores from arrayed yeast-based assay of TP53 BAX promoter,protein_hgvs_join_with_score_set,Fetch mapped-variants for the score set and reconcile VRS/genomic identity.
TP53,p.Arg273Ser,376656,urn:mavedb:00001234-c-1,Scores from arrayed yeast-based assay of TP53 BAX promoter,protein_hgvs_join_with_score_set,Fetch mapped-variants for the score set and reconcile VRS/genomic identity.
TP53,p.Arg280Ser,634747,urn:mavedb:00001234-c-1,Scores from arrayed yeast-based assay of TP53 BAX promoter,protein_hgvs_join_with_score_set,Fetch mapped-variants for the score set and reconcile VRS/genomic identity.
TP53,p.Arg280Thr,12368,urn:mavedb:00001234-c-1,Scores from arrayed yeast-based assay of TP53 BAX promoter,protein_hgvs_join_with_score_set,Fetch mapped-variants for the score set and reconcile VRS/genomic identity.
TP53,p.Arg282Gly,140821,urn:mavedb:00001234-c-1,Scores from arrayed yeast-based assay of TP53 BAX promoter,protein_hgvs_join_with_score_set,Fetch mapped-variants for the score set and reconcile VRS/genomic identity.
TP53,p.Arg282Pro,376659,urn:mavedb:00001234-c-1,Scores from arrayed yeast-based assay of TP53 BAX promoter,protein_hgvs_join_with_score_set,Fetch mapped-variants for the score set and reconcile VRS/genomic identity.
TP53,p.Arg282Trp,12364,urn:mavedb:00001234-c-1,Scores from arrayed yeast-based assay of TP53 BAX promoter,protein_hgvs_join_with_score_set,Fetch mapped-variants for the score set and reconcile VRS/genomic identity.
TP53,p.Arg283Cys,127824,urn:mavedb:00001234-c-1,Scores from arrayed yeast-based assay of TP53 BAX promoter,protein_hgvs_join_with_score_set,Fetch mapped-variants for the score set and reconcile VRS/genomic identity.
TP53,p.Arg290Cys,216472,urn:mavedb:00001234-c-1,Scores from arrayed yeast-based assay of TP53 BAX promoter,protein_hgvs_join_with_score_set,Fetch mapped-variants for the score set and reconcile VRS/genomic identity.
TP53,p.Arg290His,127825,urn:mavedb:00001234-c-1,Scores from arrayed yeast-based assay of TP53 BAX promoter,protein_hgvs_join_with_score_set,Fetch mapped-variants for the score set and reconcile VRS/genomic identity.
TP53,p.Arg333Cys,184745,urn:mavedb:00001234-c-1,Scores from arrayed yeast-based assay of TP53 BAX promoter,protein_hgvs_join_with_score_set,Fetch mapped-variants for the score set and reconcile VRS/genomic identity.
TP53,p.Arg333His,142273,urn:mavedb:00001234-c-1,Scores from arrayed yeast-based assay of TP53 BAX promoter,protein_hgvs_join_with_score_set,Fetch mapped-variants for the score set and reconcile VRS/genomic identity.
TP53,p.Arg335Cys,141159,urn:mavedb:00001234-c-1,Scores from arrayed yeast-based assay of TP53 BAX promoter,protein_hgvs_join_with_score_set,Fetch mapped-variants for the score set and reconcile VRS/genomic identity.
TP53,p.Arg335Leu,3328160,urn:mavedb:00001234-c-1,Scores from arrayed yeast-based assay of TP53 BAX promoter,protein_hgvs_join_with_score_set,Fetch mapped-variants for the score set and reconcile VRS/genomic identity.
TP53,p.Arg337Cys,142536,urn:mavedb:00001234-c-1,Scores from arrayed yeast-based assay of TP53 BAX promoter,protein_hgvs_join_with_score_set,Fetch mapped-variants for the score set and reconcile VRS/genomic identity.
TP53,p.Arg337Gly,237938,urn:mavedb:00001234-c-1,Scores from arrayed yeast-based assay of TP53 BAX promoter,protein_hgvs_join_with_score_set,Fetch mapped-variants for the score set and reconcile VRS/genomic identity.
TP53,p.Arg337Leu,142828,urn:mavedb:00001234-c-1,Scores from arrayed yeast-based assay of TP53 BAX promoter,protein_hgvs_join_with_score_set,Fetch mapped-variants for the score set and reconcile VRS/genomic identity.
TP53,p.Arg337Pro,177879,urn:mavedb:00001234-c-1,Scores from arrayed yeast-based assay of TP53 BAX promoter,protein_hgvs_join_with_score_set,Fetch mapped-variants for the score set and reconcile VRS/genomic identity.
TP53,p.Arg337Ser,1019612,urn:mavedb:00001234-c-1,Scores from arrayed yeast-based assay of TP53 BAX promoter,protein_hgvs_join_with_score_set,Fetch mapped-variants for the score set and reconcile VRS/genomic identity.
TP53,p.Arg342Gln,233136,urn:mavedb:00001234-c-1,Scores from arrayed yeast-based assay of TP53 BAX promoter,protein_hgvs_join_with_score_set,Fetch mapped-variants for the score set and reconcile VRS/genomic identity.
TP53,p.Arg342Pro,215996,urn:mavedb:00001234-c-1,Scores from arrayed yeast-based assay of TP53 BAX promoter,protein_hgvs_join_with_score_set,Fetch mapped-variants for the score set and reconcile VRS/genomic identity.
TP53,p.Arg379His,246221,urn:mavedb:00001234-c-1,Scores from arrayed yeast-based assay of TP53 BAX promoter,protein_hgvs_join_with_score_set,Fetch mapped-variants for the score set and reconcile VRS/genomic identity.
TP53,p.Arg379Leu,216463,urn:mavedb:00001234-c-1,Scores from arrayed yeast-based assay of TP53 BAX promoter,protein_hgvs_join_with_score_set,Fetch mapped-variants for the score set and reconcile VRS/genomic identity.
TP53,p.Arg379Ser,186762,urn:mavedb:00001234-c-1,Scores from arrayed yeast-based assay of TP53 BAX promoter,protein_hgvs_join_with_score_set,Fetch mapped-variants for the score set and reconcile VRS/genomic identity.
TP53,p.Asn131His,4279056,urn:mavedb:00001234-c-1,Scores from arrayed yeast-based assay of TP53 BAX promoter,protein_hgvs_join_with_score_set,Fetch mapped-variants for the score set and reconcile VRS/genomic identity.
TP53,p.Asn131Ile,428902,urn:mavedb:00001234-c-1,Scores from arrayed yeast-based assay of TP53 BAX promoter,protein_hgvs_join_with_score_set,Fetch mapped-variants for the score set and reconcile VRS/genomic identity.
TP53,p.Asn210Ser,3232058,urn:mavedb:00001234-c-1,Scores from arrayed yeast-based assay of TP53 BAX promoter,protein_hgvs_join_with_score_set,Fetch mapped-variants for the score set and reconcile VRS/genomic identity.
TP53,p.Asn235Ser,127821,urn:mavedb:00001234-c-1,Scores from arrayed yeast-based assay of TP53 BAX promoter,protein_hgvs_join_with_score_set,Fetch mapped-variants for the score set and reconcile VRS/genomic identity.
TP53,p.Asn239Lys,4189258,urn:mavedb:00001234-c-1,Scores from arrayed yeast-based assay of TP53 BAX promoter,protein_hgvs_join_with_score_set,Fetch mapped-variants for the score set and reconcile VRS/genomic identity.
TP53,p.Asn239Ser,376637,urn:mavedb:00001234-c-1,Scores from arrayed yeast-based assay of TP53 BAX promoter,protein_hgvs_join_with_score_set,Fetch mapped-variants for the score set and reconcile VRS/genomic identity.
TP53,p.Asn263Ser,827313,urn:mavedb:00001234-c-1,Scores from arrayed yeast-based assay of TP53 BAX promoter,protein_hgvs_join_with_score_set,Fetch mapped-variants for the score set and reconcile VRS/genomic identity.
TP53,p.Asn29Asp,822586,urn:mavedb:00001234-c-1,Scores from arrayed yeast-based assay of TP53 BAX promoter,protein_hgvs_join_with_score_set,Fetch mapped-variants for the score set and reconcile VRS/genomic identity.
TP53,p.Asn310Lys,428879,urn:mavedb:00001234-c-1,Scores from arrayed yeast-based assay of TP53 BAX promoter,protein_hgvs_join_with_score_set,Fetch mapped-variants for the score set and reconcile VRS/genomic identity.
TP53,p.Asn310Ser,1766454,urn:mavedb:00001234-c-1,Scores from arrayed yeast-based assay of TP53 BAX promoter,protein_hgvs_join_with_score_set,Fetch mapped-variants for the score set and reconcile VRS/genomic identity.
TP53,p.Asp186Asn,406601,urn:mavedb:00001234-c-1,Scores from arrayed yeast-based assay of TP53 BAX promoter,protein_hgvs_join_with_score_set,Fetch mapped-variants for the score set and reconcile VRS/genomic identity.
TP53,p.Asp186Glu,230006,urn:mavedb:00001234-c-1,Scores from arrayed yeast-based assay of TP53 BAX promoter,protein_hgvs_join_with_score_set,Fetch mapped-variants for the score set and reconcile VRS/genomic identity.
TP53,p.Asp207Glu,3809687,urn:mavedb:00001234-c-1,Scores from arrayed yeast-based assay of TP53 BAX promoter,protein_hgvs_join_with_score_set,Fetch mapped-variants for the score set and reconcile VRS/genomic identity.
TP53,p.Asp21Ala,3972456,urn:mavedb:00001234-c-1,Scores from arrayed yeast-based assay of TP53 BAX promoter,protein_hgvs_join_with_score_set,Fetch mapped-variants for the score set and reconcile VRS/genomic identity.
TP53,p.Asp228Tyr,2450759,urn:mavedb:00001234-c-1,Scores from arrayed yeast-based assay of TP53 BAX promoter,protein_hgvs_join_with_score_set,Fetch mapped-variants for the score set and reconcile VRS/genomic identity.
TP53,p.Asp259Ala,2671888,urn:mavedb:00001234-c-1,Scores from arrayed yeast-based assay of TP53 BAX promoter,protein_hgvs_join_with_score_set,Fetch mapped-variants for the score set and reconcile VRS/genomic identity.
TP53,p.Asp281Ala,376589,urn:mavedb:00001234-c-1,Scores from arrayed yeast-based assay of TP53 BAX promoter,protein_hgvs_join_with_score_set,Fetch mapped-variants for the score set and reconcile VRS/genomic identity.
TP53,p.Asp281Asn,376586,urn:mavedb:00001234-c-1,Scores from arrayed yeast-based assay of TP53 BAX promoter,protein_hgvs_join_with_score_set,Fetch mapped-variants for the score set and reconcile VRS/genomic identity.
TP53,p.Asp281Glu,376587,urn:mavedb:00001234-c-1,Scores from arrayed yeast-based assay of TP53 BAX promoter,protein_hgvs_join_with_score_set,Fetch mapped-variants for the score set and reconcile VRS/genomic identity.
TP53,p.Asp281Gly,141141,urn:mavedb:00001234-c-1,Scores from arrayed yeast-based assay of TP53 BAX promoter,protein_hgvs_join_with_score_set,Fetch mapped-variants for the score set and reconcile VRS/genomic identity.
TP53,p.Asp281His,376588,urn:mavedb:00001234-c-1,Scores from arrayed yeast-based assay of TP53 BAX promoter,protein_hgvs_join_with_score_set,Fetch mapped-variants for the score set and reconcile VRS/genomic identity.
TP53,p.Asp281Tyr,376585,urn:mavedb:00001234-c-1,Scores from arrayed yeast-based assay of TP53 BAX promoter,protein_hgvs_join_with_score_set,Fetch mapped-variants for the score set and reconcile VRS/genomic identity.
TP53,p.Asp281Val,182968,urn:mavedb:00001234-c-1,Scores from arrayed yeast-based assay of TP53 BAX promoter,protein_hgvs_join_with_score_set,Fetch mapped-variants for the score set and reconcile VRS/genomic identity.
TP53,p.Asp324Asn,2578516,urn:mavedb:00001234-c-1,Scores from arrayed yeast-based assay of TP53 BAX promoter,protein_hgvs_join_with_score_set,Fetch mapped-variants for the score set and reconcile VRS/genomic identity.
TP53,p.Asp324Glu,2450758,urn:mavedb:00001234-c-1,Scores from arrayed yeast-based assay of TP53 BAX promoter,protein_hgvs_join_with_score_set,Fetch mapped-variants for the score set and reconcile VRS/genomic identity.
TP53,p.Asp393Tyr,1741120,urn:mavedb:00001234-c-1,Scores from arrayed yeast-based assay of TP53 BAX promoter,protein_hgvs_join_with_score_set,Fetch mapped-variants for the score set and reconcile VRS/genomic identity.
TP53,p.Asp48Glu,141056,urn:mavedb:00001234-c-1,Scores from arrayed yeast-based assay of TP53 BAX promoter,protein_hgvs_join_with_score_set,Fetch mapped-variants for the score set and reconcile VRS/genomic identity.
TP53,p.Asp48Gly,2795844,urn:mavedb:00001234-c-1,Scores from arrayed yeast-based assay of TP53 BAX promoter,protein_hgvs_join_with_score_set,Fetch mapped-variants for the score set and reconcile VRS/genomic identity.
TP53,p.Asp49Asn,186363,urn:mavedb:00001234-c-1,Scores from arrayed yeast-based assay of TP53 BAX promoter,protein_hgvs_join_with_score_set,Fetch mapped-variants for the score set and reconcile VRS/genomic identity.
TP53,p.Asp49His,135948,urn:mavedb:00001234-c-1,Scores from arrayed yeast-based assay of TP53 BAX promoter,protein_hgvs_join_with_score_set,Fetch mapped-variants for the score set and reconcile VRS/genomic identity.
TP53,p.Asp57Val,1778520,urn:mavedb:00001234-c-1,Scores from arrayed yeast-based assay of TP53 BAX promoter,protein_hgvs_join_with_score_set,Fetch mapped-variants for the score set and reconcile VRS/genomic identity.
TP53,p.Asp7Glu,140782,urn:mavedb:00001234-c-1,Scores from arrayed yeast-based assay of TP53 BAX promoter,protein_hgvs_join_with_score_set,Fetch mapped-variants for the score set and reconcile VRS/genomic identity.
TP53,p.Cys124Arg,4056245,urn:mavedb:00001234-c-1,Scores from arrayed yeast-based assay of TP53 BAX promoter,protein_hgvs_join_with_score_set,Fetch mapped-variants for the score set and reconcile VRS/genomic identity.
TP53,p.Cys124Ser,182926,urn:mavedb:00001234-c-1,Scores from arrayed yeast-based assay of TP53 BAX promoter,protein_hgvs_join_with_score_set,Fetch mapped-variants for the score set and reconcile VRS/genomic identity.
TP53,p.Cys124Trp,3809674,urn:mavedb:00001234-c-1,Scores from arrayed yeast-based assay of TP53 BAX promoter,protein_hgvs_join_with_score_set,Fetch mapped-variants for the score set and reconcile VRS/genomic identity.
TP53,p.Cys135Arg,376560,urn:mavedb:00001234-c-1,Scores from arrayed yeast-based assay of TP53 BAX promoter,protein_hgvs_join_with_score_set,Fetch mapped-variants for the score set and reconcile VRS/genomic identity.
TP53,p.Cys135Gly,376563,urn:mavedb:00001234-c-1,Scores from arrayed yeast-based assay of TP53 BAX promoter,protein_hgvs_join_with_score_set,Fetch mapped-variants for the score set and reconcile VRS/genomic identity.
TP53,p.Cys135Phe,376559,urn:mavedb:00001234-c-1,Scores from arrayed yeast-based assay of TP53 BAX promoter,protein_hgvs_join_with_score_set,Fetch mapped-variants for the score set and reconcile VRS/genomic identity.
TP53,p.Cys135Ser,3893309,urn:mavedb:00001234-c-1,Scores from arrayed yeast-based assay of TP53 BAX promoter,protein_hgvs_join_with_score_set,Fetch mapped-variants for the score set and reconcile VRS/genomic identity.
TP53,p.Cys141Trp,376564,urn:mavedb:00001234-c-1,Scores from arrayed yeast-based assay of TP53 BAX promoter,protein_hgvs_join_with_score_set,Fetch mapped-variants for the score set and reconcile VRS/genomic identity.
TP53,p.Cys141Tyr,140801,urn:mavedb:00001234-c-1,Scores from arrayed yeast-based assay of TP53 BAX promoter,protein_hgvs_join_with_score_set,Fetch mapped-variants for the score set and reconcile VRS/genomic identity.
TP53,p.Cys176Arg,634759,urn:mavedb:00001234-c-1,Scores from arrayed yeast-based assay of TP53 BAX promoter,protein_hgvs_join_with_score_set,Fetch mapped-variants for the score set and reconcile VRS/genomic identity.
TP53,p.Cys176Phe,376569,urn:mavedb:00001234-c-1,Scores from arrayed yeast-based assay of TP53 BAX promoter,protein_hgvs_join_with_score_set,Fetch mapped-variants for the score set and reconcile VRS/genomic identity.
TP53,p.Cys176Tyr,186451,urn:mavedb:00001234-c-1,Scores from arrayed yeast-based assay of TP53 BAX promoter,protein_hgvs_join_with_score_set,Fetch mapped-variants for the score set and reconcile VRS/genomic identity.
TP53,p.Cys238Arg,376576,urn:mavedb:00001234-c-1,Scores from arrayed yeast-based assay of TP53 BAX promoter,protein_hgvs_join_with_score_set,Fetch mapped-variants for the score set and reconcile VRS/genomic identity.
TP53,p.Cys238Gly,376577,urn:mavedb:00001234-c-1,Scores from arrayed yeast-based assay of TP53 BAX promoter,protein_hgvs_join_with_score_set,Fetch mapped-variants for the score set and reconcile VRS/genomic identity.
TP53,p.Cys238Phe,376574,urn:mavedb:00001234-c-1,Scores from arrayed yeast-based assay of TP53 BAX promoter,protein_hgvs_join_with_score_set,Fetch mapped-variants for the score set and reconcile VRS/genomic identity.
TP53,p.Cys238Ser,376575,urn:mavedb:00001234-c-1,Scores from arrayed yeast-based assay of TP53 BAX promoter,protein_hgvs_join_with_score_set,Fetch mapped-variants for the score set and reconcile VRS/genomic identity.
TP53,p.Cys238Trp,161515,urn:mavedb:00001234-c-1,Scores from arrayed yeast-based assay of TP53 BAX promoter,protein_hgvs_join_with_score_set,Fetch mapped-variants for the score set and reconcile VRS/genomic identity.
TP53,p.Cys238Tyr,182935,urn:mavedb:00001234-c-1,Scores from arrayed yeast-based assay of TP53 BAX promoter,protein_hgvs_join_with_score_set,Fetch mapped-variants for the score set and reconcile VRS/genomic identity.
TP53,p.Cys242Trp,376580,urn:mavedb:00001234-c-1,Scores from arrayed yeast-based assay of TP53 BAX promoter,protein_hgvs_join_with_score_set,Fetch mapped-variants for the score set and reconcile VRS/genomic identity.
TP53,p.Cys242Tyr,12354,urn:mavedb:00001234-c-1,Scores from arrayed yeast-based assay of TP53 BAX promoter,protein_hgvs_join_with_score_set,Fetch mapped-variants for the score set and reconcile VRS/genomic identity.
TP53,p.Cys275Phe,376582,urn:mavedb:00001234-c-1,Scores from arrayed yeast-based assay of TP53 BAX promoter,protein_hgvs_join_with_score_set,Fetch mapped-variants for the score set and reconcile VRS/genomic identity.
TP53,p.Cys275Tyr,215997,urn:mavedb:00001234-c-1,Scores from arrayed yeast-based assay of TP53 BAX promoter,protein_hgvs_join_with_score_set,Fetch mapped-variants for the score set and reconcile VRS/genomic identity.
TP53,p.Cys277Gly,2757236,urn:mavedb:00001234-c-1,Scores from arrayed yeast-based assay of TP53 BAX promoter,protein_hgvs_join_with_score_set,Fetch mapped-variants for the score set and reconcile VRS/genomic identity.
TP53,p.Gln165Leu,2505496,urn:mavedb:00001234-c-1,Scores from arrayed yeast-based assay of TP53 BAX promoter,protein_hgvs_join_with_score_set,Fetch mapped-variants for the score set and reconcile VRS/genomic identity.
TP53,p.Gln192His,988617,urn:mavedb:00001234-c-1,Scores from arrayed yeast-based assay of TP53 BAX promoter,protein_hgvs_join_with_score_set,Fetch mapped-variants for the score set and reconcile VRS/genomic identity.
TP53,p.Gln317Lys,231008,urn:mavedb:00001234-c-1,Scores from arrayed yeast-based assay of TP53 BAX promoter,protein_hgvs_join_with_score_set,Fetch mapped-variants for the score set and reconcile VRS/genomic identity.
TP53,p.Gln354Leu,3232047,urn:mavedb:00001234-c-1,Scores from arrayed yeast-based assay of TP53 BAX promoter,protein_hgvs_join_with_score_set,Fetch mapped-variants for the score set and reconcile VRS/genomic identity.
TP53,p.Gln354Lys,231485,urn:mavedb:00001234-c-1,Scores from arrayed yeast-based assay of TP53 BAX promoter,protein_hgvs_join_with_score_set,Fetch mapped-variants for the score set and reconcile VRS/genomic identity.
TP53,p.Gln354Pro,3328171,urn:mavedb:00001234-c-1,Scores from arrayed yeast-based assay of TP53 BAX promoter,protein_hgvs_join_with_score_set,Fetch mapped-variants for the score set and reconcile VRS/genomic identity.
TP53,p.Gln375Lys,1798385,urn:mavedb:00001234-c-1,Scores from arrayed yeast-based assay of TP53 BAX promoter,protein_hgvs_join_with_score_set,Fetch mapped-variants for the score set and reconcile VRS/genomic identity.
TP53,p.Glu171Asp,2446885,urn:mavedb:00001234-c-1,Scores from arrayed yeast-based assay of TP53 BAX promoter,protein_hgvs_join_with_score_set,Fetch mapped-variants for the score set and reconcile VRS/genomic identity.
TP53,p.Glu171Gly,1745525,urn:mavedb:00001234-c-1,Scores from arrayed yeast-based assay of TP53 BAX promoter,protein_hgvs_join_with_score_set,Fetch mapped-variants for the score set and reconcile VRS/genomic identity.
TP53,p.Glu171Lys,141566,urn:mavedb:00001234-c-1,Scores from arrayed yeast-based assay of TP53 BAX promoter,protein_hgvs_join_with_score_set,Fetch mapped-variants for the score set and reconcile VRS/genomic identity.
TP53,p.Glu180Lys,245711,urn:mavedb:00001234-c-1,Scores from arrayed yeast-based assay of TP53 BAX promoter,protein_hgvs_join_with_score_set,Fetch mapped-variants for the score set and reconcile VRS/genomic identity.
TP53,p.Glu204Asp,3460304,urn:mavedb:00001234-c-1,Scores from arrayed yeast-based assay of TP53 BAX promoter,protein_hgvs_join_with_score_set,Fetch mapped-variants for the score set and reconcile VRS/genomic identity.
TP53,p.Glu258Lys,12348,urn:mavedb:00001234-c-1,Scores from arrayed yeast-based assay of TP53 BAX promoter,protein_hgvs_join_with_score_set,Fetch mapped-variants for the score set and reconcile VRS/genomic identity.
TP53,p.Glu271Val,3147994,urn:mavedb:00001234-c-1,Scores from arrayed yeast-based assay of TP53 BAX promoter,protein_hgvs_join_with_score_set,Fetch mapped-variants for the score set and reconcile VRS/genomic identity.
TP53,p.Glu285Lys,420133,urn:mavedb:00001234-c-1,Scores from arrayed yeast-based assay of TP53 BAX promoter,protein_hgvs_join_with_score_set,Fetch mapped-variants for the score set and reconcile VRS/genomic identity.
TP53,p.Glu285Val,12384,urn:mavedb:00001234-c-1,Scores from arrayed yeast-based assay of TP53 BAX promoter,protein_hgvs_join_with_score_set,Fetch mapped-variants for the score set and reconcile VRS/genomic identity.
TP53,p.Glu286Ala,376593,urn:mavedb:00001234-c-1,Scores from arrayed yeast-based assay of TP53 BAX promoter,protein_hgvs_join_with_score_set,Fetch mapped-variants for the score set and reconcile VRS/genomic identity.
TP53,p.Glu286Lys,183752,urn:mavedb:00001234-c-1,Scores from arrayed yeast-based assay of TP53 BAX promoter,protein_hgvs_join_with_score_set,Fetch mapped-variants for the score set and reconcile VRS/genomic identity.
TP53,p.Glu287Gly,4757808,urn:mavedb:00001234-c-1,Scores from arrayed yeast-based assay of TP53 BAX promoter,protein_hgvs_join_with_score_set,Fetch mapped-variants for the score set and reconcile VRS/genomic identity.
TP53,p.Glu298Lys,141483,urn:mavedb:00001234-c-1,Scores from arrayed yeast-based assay of TP53 BAX promoter,protein_hgvs_join_with_score_set,Fetch mapped-variants for the score set and reconcile VRS/genomic identity.
TP53,p.Glu326Asp,3972458,urn:mavedb:00001234-c-1,Scores from arrayed yeast-based assay of TP53 BAX promoter,protein_hgvs_join_with_score_set,Fetch mapped-variants for the score set and reconcile VRS/genomic identity.
TP53,p.Glu326Val,2578514,urn:mavedb:00001234-c-1,Scores from arrayed yeast-based assay of TP53 BAX promoter,protein_hgvs_join_with_score_set,Fetch mapped-variants for the score set and reconcile VRS/genomic identity.
TP53,p.Glu336Gln,2450754,urn:mavedb:00001234-c-1,Scores from arrayed yeast-based assay of TP53 BAX promoter,protein_hgvs_join_with_score_set,Fetch mapped-variants for the score set and reconcile VRS/genomic identity.
TP53,p.Glu339Gln,141893,urn:mavedb:00001234-c-1,Scores from arrayed yeast-based assay of TP53 BAX promoter,protein_hgvs_join_with_score_set,Fetch mapped-variants for the score set and reconcile VRS/genomic identity.
TP53,p.Glu343Asp,3460327,urn:mavedb:00001234-c-1,Scores from arrayed yeast-based assay of TP53 BAX promoter,protein_hgvs_join_with_score_set,Fetch mapped-variants for the score set and reconcile VRS/genomic identity.
TP53,p.Glu349Gly,1775423,urn:mavedb:00001234-c-1,Scores from arrayed yeast-based assay of TP53 BAX promoter,protein_hgvs_join_with_score_set,Fetch mapped-variants for the score set and reconcile VRS/genomic identity.
TP53,p.Glu388Ala,141425,urn:mavedb:00001234-c-1,Scores from arrayed yeast-based assay of TP53 BAX promoter,protein_hgvs_join_with_score_set,Fetch mapped-variants for the score set and reconcile VRS/genomic identity.
TP53,p.Glu388Asp,4553123,urn:mavedb:00001234-c-1,Scores from arrayed yeast-based assay of TP53 BAX promoter,protein_hgvs_join_with_score_set,Fetch mapped-variants for the score set and reconcile VRS/genomic identity.
TP53,p.Glu388Gln,1737291,urn:mavedb:00001234-c-1,Scores from arrayed yeast-based assay of TP53 BAX promoter,protein_hgvs_join_with_score_set,Fetch mapped-variants for the score set and reconcile VRS/genomic identity.
TP53,p.Glu62Gly,3809683,urn:mavedb:00001234-c-1,Scores from arrayed yeast-based assay of TP53 BAX promoter,protein_hgvs_join_with_score_set,Fetch mapped-variants for the score set and reconcile VRS/genomic identity.
TP53,p.Gly105Arg,406574,urn:mavedb:00001234-c-1,Scores from arrayed yeast-based assay of TP53 BAX promoter,protein_hgvs_join_with_score_set,Fetch mapped-variants for the score set and reconcile VRS/genomic identity.
TP53,p.Gly105Ser,428884,urn:mavedb:00001234-c-1,Scores from arrayed yeast-based assay of TP53 BAX promoter,protein_hgvs_join_with_score_set,Fetch mapped-variants for the score set and reconcile VRS/genomic identity.
TP53,p.Gly108Ser,142431,urn:mavedb:00001234-c-1,Scores from arrayed yeast-based assay of TP53 BAX promoter,protein_hgvs_join_with_score_set,Fetch mapped-variants for the score set and reconcile VRS/genomic identity.
TP53,p.Gly199Val,451799,urn:mavedb:00001234-c-1,Scores from arrayed yeast-based assay of TP53 BAX promoter,protein_hgvs_join_with_score_set,Fetch mapped-variants for the score set and reconcile VRS/genomic identity.
TP53,p.Gly244Ala,458560,urn:mavedb:00001234-c-1,Scores from arrayed yeast-based assay of TP53 BAX promoter,protein_hgvs_join_with_score_set,Fetch mapped-variants for the score set and reconcile VRS/genomic identity.
TP53,p.Gly244Asp,372785,urn:mavedb:00001234-c-1,Scores from arrayed yeast-based assay of TP53 BAX promoter,protein_hgvs_join_with_score_set,Fetch mapped-variants for the score set and reconcile VRS/genomic identity.
TP53,p.Gly244Ser,376600,urn:mavedb:00001234-c-1,Scores from arrayed yeast-based assay of TP53 BAX promoter,protein_hgvs_join_with_score_set,Fetch mapped-variants for the score set and reconcile VRS/genomic identity.
TP53,p.Gly244Val,376601,urn:mavedb:00001234-c-1,Scores from arrayed yeast-based assay of TP53 BAX promoter,protein_hgvs_join_with_score_set,Fetch mapped-variants for the score set and reconcile VRS/genomic identity.
TP53,p.Gly245Asp,12355,urn:mavedb:00001234-c-1,Scores from arrayed yeast-based assay of TP53 BAX promoter,protein_hgvs_join_with_score_set,Fetch mapped-variants for the score set and reconcile VRS/genomic identity.
TP53,p.Gly245Cys,12349,urn:mavedb:00001234-c-1,Scores from arrayed yeast-based assay of TP53 BAX promoter,protein_hgvs_join_with_score_set,Fetch mapped-variants for the score set and reconcile VRS/genomic identity.
TP53,p.Gly245Ser,12365,urn:mavedb:00001234-c-1,Scores from arrayed yeast-based assay of TP53 BAX promoter,protein_hgvs_join_with_score_set,Fetch mapped-variants for the score set and reconcile VRS/genomic identity.
TP53,p.Gly245Val,376603,urn:mavedb:00001234-c-1,Scores from arrayed yeast-based assay of TP53 BAX promoter,protein_hgvs_join_with_score_set,Fetch mapped-variants for the score set and reconcile VRS/genomic identity.
TP53,p.Gly262Ser,141228,urn:mavedb:00001234-c-1,Scores from arrayed yeast-based assay of TP53 BAX promoter,protein_hgvs_join_with_score_set,Fetch mapped-variants for the score set and reconcile VRS/genomic identity.
TP53,p.Gly266Arg,458566,urn:mavedb:00001234-c-1,Scores from arrayed yeast-based assay of TP53 BAX promoter,protein_hgvs_join_with_score_set,Fetch mapped-variants for the score set and reconcile VRS/genomic identity.
TP53,p.Gly266Glu,161516,urn:mavedb:00001234-c-1,Scores from arrayed yeast-based assay of TP53 BAX promoter,protein_hgvs_join_with_score_set,Fetch mapped-variants for the score set and reconcile VRS/genomic identity.
TP53,p.Gly293Trp,127826,urn:mavedb:00001234-c-1,Scores from arrayed yeast-based assay of TP53 BAX promoter,protein_hgvs_join_with_score_set,Fetch mapped-variants for the score set and reconcile VRS/genomic identity.
TP53,p.Gly302Ala,3328162,urn:mavedb:00001234-c-1,Scores from arrayed yeast-based assay of TP53 BAX promoter,protein_hgvs_join_with_score_set,Fetch mapped-variants for the score set and reconcile VRS/genomic identity.
TP53,p.Gly334Trp,428876,urn:mavedb:00001234-c-1,Scores from arrayed yeast-based assay of TP53 BAX promoter,protein_hgvs_join_with_score_set,Fetch mapped-variants for the score set and reconcile VRS/genomic identity.
TP53,p.Gly356Arg,234059,urn:mavedb:00001234-c-1,Scores from arrayed yeast-based assay of TP53 BAX promoter,protein_hgvs_join_with_score_set,Fetch mapped-variants for the score set and reconcile VRS/genomic identity.
TP53,p.Gly356Glu,3460336,urn:mavedb:00001234-c-1,Scores from arrayed yeast-based assay of TP53 BAX promoter,protein_hgvs_join_with_score_set,Fetch mapped-variants for the score set and reconcile VRS/genomic identity.
TP53,p.Gly360Ala,142003,urn:mavedb:00001234-c-1,Scores from arrayed yeast-based assay of TP53 BAX promoter,protein_hgvs_join_with_score_set,Fetch mapped-variants for the score set and reconcile VRS/genomic identity.
TP53,p.Gly374Arg,230269,urn:mavedb:00001234-c-1,Scores from arrayed yeast-based assay of TP53 BAX promoter,protein_hgvs_join_with_score_set,Fetch mapped-variants for the score set and reconcile VRS/genomic identity.
TP53,p.Gly59Asp,820048,urn:mavedb:00001234-c-1,Scores from arrayed yeast-based assay of TP53 BAX promoter,protein_hgvs_join_with_score_set,Fetch mapped-variants for the score set and reconcile VRS/genomic identity.
TP53,p.His115Arg,182925,urn:mavedb:00001234-c-1,Scores from arrayed yeast-based assay of TP53 BAX promoter,protein_hgvs_join_with_score_set,Fetch mapped-variants for the score set and reconcile VRS/genomic identity.
TP53,p.His168Leu,1744933,urn:mavedb:00001234-c-1,Scores from arrayed yeast-based assay of TP53 BAX promoter,protein_hgvs_join_with_score_set,Fetch mapped-variants for the score set and reconcile VRS/genomic identity.
TP53,p.His168Pro,3328154,urn:mavedb:00001234-c-1,Scores from arrayed yeast-based assay of TP53 BAX promoter,protein_hgvs_join_with_score_set,Fetch mapped-variants for the score set and reconcile VRS/genomic identity.
TP53,p.His178Asp,482223,urn:mavedb:00001234-c-1,Scores from arrayed yeast-based assay of TP53 BAX promoter,protein_hgvs_join_with_score_set,Fetch mapped-variants for the score set and reconcile VRS/genomic identity.
TP53,p.His178Gln,947223,urn:mavedb:00001234-c-1,Scores from arrayed yeast-based assay of TP53 BAX promoter,protein_hgvs_join_with_score_set,Fetch mapped-variants for the score set and reconcile VRS/genomic identity.
TP53,p.His179Arg,376606,urn:mavedb:00001234-c-1,Scores from arrayed yeast-based assay of TP53 BAX promoter,protein_hgvs_join_with_score_set,Fetch mapped-variants for the score set and reconcile VRS/genomic identity.
TP53,p.His179Asp,376610,urn:mavedb:00001234-c-1,Scores from arrayed yeast-based assay of TP53 BAX promoter,protein_hgvs_join_with_score_set,Fetch mapped-variants for the score set and reconcile VRS/genomic identity.
TP53,p.His179Gln,406578,urn:mavedb:00001234-c-1,Scores from arrayed yeast-based assay of TP53 BAX promoter,protein_hgvs_join_with_score_set,Fetch mapped-variants for the score set and reconcile VRS/genomic identity.
TP53,p.His179Tyr,127815,urn:mavedb:00001234-c-1,Scores from arrayed yeast-based assay of TP53 BAX promoter,protein_hgvs_join_with_score_set,Fetch mapped-variants for the score set and reconcile VRS/genomic identity.
TP53,p.His193Arg,184979,urn:mavedb:00001234-c-1,Scores from arrayed yeast-based assay of TP53 BAX promoter,protein_hgvs_join_with_score_set,Fetch mapped-variants for the score set and reconcile VRS/genomic identity.
TP53,p.His193Asn,3460301,urn:mavedb:00001234-c-1,Scores from arrayed yeast-based assay of TP53 BAX promoter,protein_hgvs_join_with_score_set,Fetch mapped-variants for the score set and reconcile VRS/genomic identity.
TP53,p.His193Pro,376612,urn:mavedb:00001234-c-1,Scores from arrayed yeast-based assay of TP53 BAX promoter,protein_hgvs_join_with_score_set,Fetch mapped-variants for the score set and reconcile VRS/genomic identity.
TP53,p.His193Tyr,230256,urn:mavedb:00001234-c-1,Scores from arrayed yeast-based assay of TP53 BAX promoter,protein_hgvs_join_with_score_set,Fetch mapped-variants for the score set and reconcile VRS/genomic identity.
TP53,p.His214Arg,376615,urn:mavedb:00001234-c-1,Scores from arrayed yeast-based assay of TP53 BAX promoter,protein_hgvs_join_with_score_set,Fetch mapped-variants for the score set and reconcile VRS/genomic identity.
TP53,p.His214Leu,376616,urn:mavedb:00001234-c-1,Scores from arrayed yeast-based assay of TP53 BAX promoter,protein_hgvs_join_with_score_set,Fetch mapped-variants for the score set and reconcile VRS/genomic identity.
TP53,p.His296Arg,100816,urn:mavedb:00001234-c-1,Scores from arrayed yeast-based assay of TP53 BAX promoter,protein_hgvs_join_with_score_set,Fetch mapped-variants for the score set and reconcile VRS/genomic identity.
TP53,p.His296Tyr,132973,urn:mavedb:00001234-c-1,Scores from arrayed yeast-based assay of TP53 BAX promoter,protein_hgvs_join_with_score_set,Fetch mapped-variants for the score set and reconcile VRS/genomic identity.
TP53,p.His365Tyr,80708,urn:mavedb:00001234-c-1,Scores from arrayed yeast-based assay of TP53 BAX promoter,protein_hgvs_join_with_score_set,Fetch mapped-variants for the score set and reconcile VRS/genomic identity.
TP53,p.Ile195Thr,216077,urn:mavedb:00001234-c-1,Scores from arrayed yeast-based assay of TP53 BAX promoter,protein_hgvs_join_with_score_set,Fetch mapped-variants for the score set and reconcile VRS/genomic identity.
TP53,p.Ile232Asn,850008,urn:mavedb:00001234-c-1,Scores from arrayed yeast-based assay of TP53 BAX promoter,protein_hgvs_join_with_score_set,Fetch mapped-variants for the score set and reconcile VRS/genomic identity.
TP53,p.Ile232Ser,634756,urn:mavedb:00001234-c-1,Scores from arrayed yeast-based assay of TP53 BAX promoter,protein_hgvs_join_with_score_set,Fetch mapped-variants for the score set and reconcile VRS/genomic identity.
TP53,p.Ile232Thr,141224,urn:mavedb:00001234-c-1,Scores from arrayed yeast-based assay of TP53 BAX promoter,protein_hgvs_join_with_score_set,Fetch mapped-variants for the score set and reconcile VRS/genomic identity.
TP53,p.Ile251Leu,182937,urn:mavedb:00001234-c-1,Scores from arrayed yeast-based assay of TP53 BAX promoter,protein_hgvs_join_with_score_set,Fetch mapped-variants for the score set and reconcile VRS/genomic identity.
TP53,p.Ile251Phe,1518844,urn:mavedb:00001234-c-1,Scores from arrayed yeast-based assay of TP53 BAX promoter,protein_hgvs_join_with_score_set,Fetch mapped-variants for the score set and reconcile VRS/genomic identity.
TP53,p.Ile254Asn,856299,urn:mavedb:00001234-c-1,Scores from arrayed yeast-based assay of TP53 BAX promoter,protein_hgvs_join_with_score_set,Fetch mapped-variants for the score set and reconcile VRS/genomic identity.
TP53,p.Ile254Thr,1759844,urn:mavedb:00001234-c-1,Scores from arrayed yeast-based assay of TP53 BAX promoter,protein_hgvs_join_with_score_set,Fetch mapped-variants for the score set and reconcile VRS/genomic identity.
TP53,p.Ile254Val,406605,urn:mavedb:00001234-c-1,Scores from arrayed yeast-based assay of TP53 BAX promoter,protein_hgvs_join_with_score_set,Fetch mapped-variants for the score set and reconcile VRS/genomic identity.
TP53,p.Ile332Asn,1768732,urn:mavedb:00001234-c-1,Scores from arrayed yeast-based assay of TP53 BAX promoter,protein_hgvs_join_with_score_set,Fetch mapped-variants for the score set and reconcile VRS/genomic identity.
TP53,p.Ile332Leu,4189263,urn:mavedb:00001234-c-1,Scores from arrayed yeast-based assay of TP53 BAX promoter,protein_hgvs_join_with_score_set,Fetch mapped-variants for the score set and reconcile VRS/genomic identity.
TP53,p.Ile50Thr,216464,urn:mavedb:00001234-c-1,Scores from arrayed yeast-based assay of TP53 BAX promoter,protein_hgvs_join_with_score_set,Fetch mapped-variants for the score set and reconcile VRS/genomic identity.
TP53,p.Leu111Arg,376631,urn:mavedb:00001234-c-1,Scores from arrayed yeast-based assay of TP53 BAX promoter,protein_hgvs_join_with_score_set,Fetch mapped-variants for the score set and reconcile VRS/genomic identity.
TP53,p.Leu111Gln,376632,urn:mavedb:00001234-c-1,Scores from arrayed yeast-based assay of TP53 BAX promoter,protein_hgvs_join_with_score_set,Fetch mapped-variants for the score set and reconcile VRS/genomic identity.
TP53,p.Leu111Pro,376630,urn:mavedb:00001234-c-1,Scores from arrayed yeast-based assay of TP53 BAX promoter,protein_hgvs_join_with_score_set,Fetch mapped-variants for the score set and reconcile VRS/genomic identity.
TP53,p.Leu111Val,1730178,urn:mavedb:00001234-c-1,Scores from arrayed yeast-based assay of TP53 BAX promoter,protein_hgvs_join_with_score_set,Fetch mapped-variants for the score set and reconcile VRS/genomic identity.
TP53,p.Leu130His,824351,urn:mavedb:00001234-c-1,Scores from arrayed yeast-based assay of TP53 BAX promoter,protein_hgvs_join_with_score_set,Fetch mapped-variants for the score set and reconcile VRS/genomic identity.
TP53,p.Leu130Pro,428873,urn:mavedb:00001234-c-1,Scores from arrayed yeast-based assay of TP53 BAX promoter,protein_hgvs_join_with_score_set,Fetch mapped-variants for the score set and reconcile VRS/genomic identity.
TP53,p.Leu194Arg,376633,urn:mavedb:00001234-c-1,Scores from arrayed yeast-based assay of TP53 BAX promoter,protein_hgvs_join_with_score_set,Fetch mapped-variants for the score set and reconcile VRS/genomic identity.
TP53,p.Leu194Phe,127817,urn:mavedb:00001234-c-1,Scores from arrayed yeast-based assay of TP53 BAX promoter,protein_hgvs_join_with_score_set,Fetch mapped-variants for the score set and reconcile VRS/genomic identity.
TP53,p.Leu265Gln,953467,urn:mavedb:00001234-c-1,Scores from arrayed yeast-based assay of TP53 BAX promoter,protein_hgvs_join_with_score_set,Fetch mapped-variants for the score set and reconcile VRS/genomic identity.
TP53,p.Leu265Pro,245777,urn:mavedb:00001234-c-1,Scores from arrayed yeast-based assay of TP53 BAX promoter,protein_hgvs_join_with_score_set,Fetch mapped-variants for the score set and reconcile VRS/genomic identity.
TP53,p.Leu289Pro,1172923,urn:mavedb:00001234-c-1,Scores from arrayed yeast-based assay of TP53 BAX promoter,protein_hgvs_join_with_score_set,Fetch mapped-variants for the score set and reconcile VRS/genomic identity.
TP53,p.Leu32Val,1767161,urn:mavedb:00001234-c-1,Scores from arrayed yeast-based assay of TP53 BAX promoter,protein_hgvs_join_with_score_set,Fetch mapped-variants for the score set and reconcile VRS/genomic identity.
TP53,p.Leu344Arg,2758378,urn:mavedb:00001234-c-1,Scores from arrayed yeast-based assay of TP53 BAX promoter,protein_hgvs_join_with_score_set,Fetch mapped-variants for the score set and reconcile VRS/genomic identity.
TP53,p.Leu344Pro,12375,urn:mavedb:00001234-c-1,Scores from arrayed yeast-based assay of TP53 BAX promoter,protein_hgvs_join_with_score_set,Fetch mapped-variants for the score set and reconcile VRS/genomic identity.
TP53,p.Leu350Arg,4189250,urn:mavedb:00001234-c-1,Scores from arrayed yeast-based assay of TP53 BAX promoter,protein_hgvs_join_with_score_set,Fetch mapped-variants for the score set and reconcile VRS/genomic identity.
TP53,p.Leu35Phe,142562,urn:mavedb:00001234-c-1,Scores from arrayed yeast-based assay of TP53 BAX promoter,protein_hgvs_join_with_score_set,Fetch mapped-variants for the score set and reconcile VRS/genomic identity.
TP53,p.Lys132Arg,376625,urn:mavedb:00001234-c-1,Scores from arrayed yeast-based assay of TP53 BAX promoter,protein_hgvs_join_with_score_set,Fetch mapped-variants for the score set and reconcile VRS/genomic identity.
TP53,p.Lys132Asn,376624,urn:mavedb:00001234-c-1,Scores from arrayed yeast-based assay of TP53 BAX promoter,protein_hgvs_join_with_score_set,Fetch mapped-variants for the score set and reconcile VRS/genomic identity.
TP53,p.Lys164Glu,246416,urn:mavedb:00001234-c-1,Scores from arrayed yeast-based assay of TP53 BAX promoter,protein_hgvs_join_with_score_set,Fetch mapped-variants for the score set and reconcile VRS/genomic identity.
TP53,p.Lys292Arg,406577,urn:mavedb:00001234-c-1,Scores from arrayed yeast-based assay of TP53 BAX promoter,protein_hgvs_join_with_score_set,Fetch mapped-variants for the score set and reconcile VRS/genomic identity.
TP53,p.Lys319Thr,3328169,urn:mavedb:00001234-c-1,Scores from arrayed yeast-based assay of TP53 BAX promoter,protein_hgvs_join_with_score_set,Fetch mapped-variants for the score set and reconcile VRS/genomic identity.
TP53,p.Met133Thr,12357,urn:mavedb:00001234-c-1,Scores from arrayed yeast-based assay of TP53 BAX promoter,protein_hgvs_join_with_score_set,Fetch mapped-variants for the score set and reconcile VRS/genomic identity.
TP53,p.Met160Ile,230758,urn:mavedb:00001234-c-1,Scores from arrayed yeast-based assay of TP53 BAX promoter,protein_hgvs_join_with_score_set,Fetch mapped-variants for the score set and reconcile VRS/genomic identity.
TP53,p.Met237Ile,142714,urn:mavedb:00001234-c-1,Scores from arrayed yeast-based assay of TP53 BAX promoter,protein_hgvs_join_with_score_set,Fetch mapped-variants for the score set and reconcile VRS/genomic identity.
TP53,p.Met237Lys,376636,urn:mavedb:00001234-c-1,Scores from arrayed yeast-based assay of TP53 BAX promoter,protein_hgvs_join_with_score_set,Fetch mapped-variants for the score set and reconcile VRS/genomic identity.
TP53,p.Met246Ile,480961,urn:mavedb:00001234-c-1,Scores from arrayed yeast-based assay of TP53 BAX promoter,protein_hgvs_join_with_score_set,Fetch mapped-variants for the score set and reconcile VRS/genomic identity.
TP53,p.Met246Lys,480764,urn:mavedb:00001234-c-1,Scores from arrayed yeast-based assay of TP53 BAX promoter,protein_hgvs_join_with_score_set,Fetch mapped-variants for the score set and reconcile VRS/genomic identity.
TP53,p.Met246Val,100815,urn:mavedb:00001234-c-1,Scores from arrayed yeast-based assay of TP53 BAX promoter,protein_hgvs_join_with_score_set,Fetch mapped-variants for the score set and reconcile VRS/genomic identity.
TP53,p.Met340Ile,3256325,urn:mavedb:00001234-c-1,Scores from arrayed yeast-based assay of TP53 BAX promoter,protein_hgvs_join_with_score_set,Fetch mapped-variants for the score set and reconcile VRS/genomic identity.
TP53,p.Met384Thr,406575,urn:mavedb:00001234-c-1,Scores from arrayed yeast-based assay of TP53 BAX promoter,protein_hgvs_join_with_score_set,Fetch mapped-variants for the score set and reconcile VRS/genomic identity.
TP53,p.Met384Val,182939,urn:mavedb:00001234-c-1,Scores from arrayed yeast-based assay of TP53 BAX promoter,protein_hgvs_join_with_score_set,Fetch mapped-variants for the score set and reconcile VRS/genomic identity.
TP53,p.Met66Val,1783578,urn:mavedb:00001234-c-1,Scores from arrayed yeast-based assay of TP53 BAX promoter,protein_hgvs_join_with_score_set,Fetch mapped-variants for the score set and reconcile VRS/genomic identity.
TP53,p.Phe109Cys,634784,urn:mavedb:00001234-c-1,Scores from arrayed yeast-based assay of TP53 BAX promoter,protein_hgvs_join_with_score_set,Fetch mapped-variants for the score set and reconcile VRS/genomic identity.
TP53,p.Phe109Ile,2627017,urn:mavedb:00001234-c-1,Scores from arrayed yeast-based assay of TP53 BAX promoter,protein_hgvs_join_with_score_set,Fetch mapped-variants for the score set and reconcile VRS/genomic identity.
TP53,p.Phe113Cys,634690,urn:mavedb:00001234-c-1,Scores from arrayed yeast-based assay of TP53 BAX promoter,protein_hgvs_join_with_score_set,Fetch mapped-variants for the score set and reconcile VRS/genomic identity.
TP53,p.Phe113Ile,1469551,urn:mavedb:00001234-c-1,Scores from arrayed yeast-based assay of TP53 BAX promoter,protein_hgvs_join_with_score_set,Fetch mapped-variants for the score set and reconcile VRS/genomic identity.
TP53,p.Phe113Leu,3634432,urn:mavedb:00001234-c-1,Scores from arrayed yeast-based assay of TP53 BAX promoter,protein_hgvs_join_with_score_set,Fetch mapped-variants for the score set and reconcile VRS/genomic identity.
TP53,p.Phe134Cys,230477,urn:mavedb:00001234-c-1,Scores from arrayed yeast-based assay of TP53 BAX promoter,protein_hgvs_join_with_score_set,Fetch mapped-variants for the score set and reconcile VRS/genomic identity.
TP53,p.Phe212Ser,3460339,urn:mavedb:00001234-c-1,Scores from arrayed yeast-based assay of TP53 BAX promoter,protein_hgvs_join_with_score_set,Fetch mapped-variants for the score set and reconcile VRS/genomic identity.
TP53,p.Phe270Ser,376594,urn:mavedb:00001234-c-1,Scores from arrayed yeast-based assay of TP53 BAX promoter,protein_hgvs_join_with_score_set,Fetch mapped-variants for the score set and reconcile VRS/genomic identity.
TP53,p.Phe270Val,376598,urn:mavedb:00001234-c-1,Scores from arrayed yeast-based assay of TP53 BAX promoter,protein_hgvs_join_with_score_set,Fetch mapped-variants for the score set and reconcile VRS/genomic identity.
TP53,p.Phe341Leu,2585878,urn:mavedb:00001234-c-1,Scores from arrayed yeast-based assay of TP53 BAX promoter,protein_hgvs_join_with_score_set,Fetch mapped-variants for the score set and reconcile VRS/genomic identity.
TP53,p.Phe341Ser,2450748,urn:mavedb:00001234-c-1,Scores from arrayed yeast-based assay of TP53 BAX promoter,protein_hgvs_join_with_score_set,Fetch mapped-variants for the score set and reconcile VRS/genomic identity.
TP53,p.Phe385Leu,1735082,urn:mavedb:00001234-c-1,Scores from arrayed yeast-based assay of TP53 BAX promoter,protein_hgvs_join_with_score_set,Fetch mapped-variants for the score set and reconcile VRS/genomic identity.
TP53,p.Pro151Ala,376641,urn:mavedb:00001234-c-1,Scores from arrayed yeast-based assay of TP53 BAX promoter,protein_hgvs_join_with_score_set,Fetch mapped-variants for the score set and reconcile VRS/genomic identity.
TP53,p.Pro151Arg,376640,urn:mavedb:00001234-c-1,Scores from arrayed yeast-based assay of TP53 BAX promoter,protein_hgvs_join_with_score_set,Fetch mapped-variants for the score set and reconcile VRS/genomic identity.
TP53,p.Pro151Phe,824960,,,missing_mavedb_line,Search MaveDB for a matching score set or mark as no public MAVE evidence.
TP53,p.Pro151Ser,12370,urn:mavedb:00001234-c-1,Scores from arrayed yeast-based assay of TP53 BAX promoter,protein_hgvs_join_with_score_set,Fetch mapped-variants for the score set and reconcile VRS/genomic identity.
TP53,p.Pro151Thr,12369,urn:mavedb:00001234-c-1,Scores from arrayed yeast-based assay of TP53 BAX promoter,protein_hgvs_join_with_score_set,Fetch mapped-variants for the score set and reconcile VRS/genomic identity.
TP53,p.Pro152Arg,824998,urn:mavedb:00001234-c-1,Scores from arrayed yeast-based assay of TP53 BAX promoter,protein_hgvs_join_with_score_set,Fetch mapped-variants for the score set and reconcile VRS/genomic identity.
TP53,p.Pro152Leu,142766,urn:mavedb:00001234-c-1,Scores from arrayed yeast-based assay of TP53 BAX promoter,protein_hgvs_join_with_score_set,Fetch mapped-variants for the score set and reconcile VRS/genomic identity.
TP53,p.Pro177Arg,458547,urn:mavedb:00001234-c-1,Scores from arrayed yeast-based assay of TP53 BAX promoter,protein_hgvs_join_with_score_set,Fetch mapped-variants for the score set and reconcile VRS/genomic identity.
TP53,p.Pro190Leu,418517,urn:mavedb:00001234-c-1,Scores from arrayed yeast-based assay of TP53 BAX promoter,protein_hgvs_join_with_score_set,Fetch mapped-variants for the score set and reconcile VRS/genomic identity.
TP53,p.Pro191Arg,127816,urn:mavedb:00001234-c-1,Scores from arrayed yeast-based assay of TP53 BAX promoter,protein_hgvs_join_with_score_set,Fetch mapped-variants for the score set and reconcile VRS/genomic identity.
TP53,p.Pro250Leu,420136,urn:mavedb:00001234-c-1,Scores from arrayed yeast-based assay of TP53 BAX promoter,protein_hgvs_join_with_score_set,Fetch mapped-variants for the score set and reconcile VRS/genomic identity.
TP53,p.Pro278Leu,232497,urn:mavedb:00001234-c-1,Scores from arrayed yeast-based assay of TP53 BAX promoter,protein_hgvs_join_with_score_set,Fetch mapped-variants for the score set and reconcile VRS/genomic identity.
TP53,p.Pro278Ser,376642,urn:mavedb:00001234-c-1,Scores from arrayed yeast-based assay of TP53 BAX promoter,protein_hgvs_join_with_score_set,Fetch mapped-variants for the score set and reconcile VRS/genomic identity.
TP53,p.Pro278Thr,376643,urn:mavedb:00001234-c-1,Scores from arrayed yeast-based assay of TP53 BAX promoter,protein_hgvs_join_with_score_set,Fetch mapped-variants for the score set and reconcile VRS/genomic identity.
TP53,p.Pro295Ser,428862,urn:mavedb:00001234-c-1,Scores from arrayed yeast-based assay of TP53 BAX promoter,protein_hgvs_join_with_score_set,Fetch mapped-variants for the score set and reconcile VRS/genomic identity.
TP53,p.Pro300Leu,1765377,urn:mavedb:00001234-c-1,Scores from arrayed yeast-based assay of TP53 BAX promoter,protein_hgvs_join_with_score_set,Fetch mapped-variants for the score set and reconcile VRS/genomic identity.
TP53,p.Pro316Thr,230382,urn:mavedb:00001234-c-1,Scores from arrayed yeast-based assay of TP53 BAX promoter,protein_hgvs_join_with_score_set,Fetch mapped-variants for the score set and reconcile VRS/genomic identity.
TP53,p.Pro318Ser,2575170,urn:mavedb:00001234-c-1,Scores from arrayed yeast-based assay of TP53 BAX promoter,protein_hgvs_join_with_score_set,Fetch mapped-variants for the score set and reconcile VRS/genomic identity.
TP53,p.Pro36Gln,141597,urn:mavedb:00001234-c-1,Scores from arrayed yeast-based assay of TP53 BAX promoter,protein_hgvs_join_with_score_set,Fetch mapped-variants for the score set and reconcile VRS/genomic identity.
TP53,p.Pro47Ser,43588,urn:mavedb:00001234-c-1,Scores from arrayed yeast-based assay of TP53 BAX promoter,protein_hgvs_join_with_score_set,Fetch mapped-variants for the score set and reconcile VRS/genomic identity.
TP53,p.Pro4Gln,2450740,urn:mavedb:00001234-c-1,Scores from arrayed yeast-based assay of TP53 BAX promoter,protein_hgvs_join_with_score_set,Fetch mapped-variants for the score set and reconcile VRS/genomic identity.
TP53,p.Pro4Leu,237941,urn:mavedb:00001234-c-1,Scores from arrayed yeast-based assay of TP53 BAX promoter,protein_hgvs_join_with_score_set,Fetch mapped-variants for the score set and reconcile VRS/genomic identity.
TP53,p.Pro58Ala,1778944,urn:mavedb:00001234-c-1,Scores from arrayed yeast-based assay of TP53 BAX promoter,protein_hgvs_join_with_score_set,Fetch mapped-variants for the score set and reconcile VRS/genomic identity.
TP53,p.Pro72Ala,142854,urn:mavedb:00001234-c-1,Scores from arrayed yeast-based assay of TP53 BAX promoter,protein_hgvs_join_with_score_set,Fetch mapped-variants for the score set and reconcile VRS/genomic identity.
TP53,p.Pro72Arg,12351,urn:mavedb:00001234-c-1,Scores from arrayed yeast-based assay of TP53 BAX promoter,protein_hgvs_join_with_score_set,Fetch mapped-variants for the score set and reconcile VRS/genomic identity.
TP53,p.Pro72His,185120,urn:mavedb:00001234-c-1,Scores from arrayed yeast-based assay of TP53 BAX promoter,protein_hgvs_join_with_score_set,Fetch mapped-variants for the score set and reconcile VRS/genomic identity.
TP53,p.Pro75Ser,4758197,urn:mavedb:00001234-c-1,Scores from arrayed yeast-based assay of TP53 BAX promoter,protein_hgvs_join_with_score_set,Fetch mapped-variants for the score set and reconcile VRS/genomic identity.
TP53,p.Pro82Leu,182946,urn:mavedb:00001234-c-1,Scores from arrayed yeast-based assay of TP53 BAX promoter,protein_hgvs_join_with_score_set,Fetch mapped-variants for the score set and reconcile VRS/genomic identity.
TP53,p.Pro8Arg,1790705,urn:mavedb:00001234-c-1,Scores from arrayed yeast-based assay of TP53 BAX promoter,protein_hgvs_join_with_score_set,Fetch mapped-variants for the score set and reconcile VRS/genomic identity.
TP53,p.Pro8Leu,231868,urn:mavedb:00001234-c-1,Scores from arrayed yeast-based assay of TP53 BAX promoter,protein_hgvs_join_with_score_set,Fetch mapped-variants for the score set and reconcile VRS/genomic identity.
TP53,p.Ser106Arg,492752,urn:mavedb:00001234-c-1,Scores from arrayed yeast-based assay of TP53 BAX promoter,protein_hgvs_join_with_score_set,Fetch mapped-variants for the score set and reconcile VRS/genomic identity.
TP53,p.Ser127Cys,219532,urn:mavedb:00001234-c-1,Scores from arrayed yeast-based assay of TP53 BAX promoter,protein_hgvs_join_with_score_set,Fetch mapped-variants for the score set and reconcile VRS/genomic identity.
TP53,p.Ser127Phe,182928,urn:mavedb:00001234-c-1,Scores from arrayed yeast-based assay of TP53 BAX promoter,protein_hgvs_join_with_score_set,Fetch mapped-variants for the score set and reconcile VRS/genomic identity.
TP53,p.Ser127Pro,934410,urn:mavedb:00001234-c-1,Scores from arrayed yeast-based assay of TP53 BAX promoter,protein_hgvs_join_with_score_set,Fetch mapped-variants for the score set and reconcile VRS/genomic identity.
TP53,p.Ser127Thr,824232,urn:mavedb:00001234-c-1,Scores from arrayed yeast-based assay of TP53 BAX promoter,protein_hgvs_join_with_score_set,Fetch mapped-variants for the score set and reconcile VRS/genomic identity.
TP53,p.Ser127Tyr,656751,urn:mavedb:00001234-c-1,Scores from arrayed yeast-based assay of TP53 BAX promoter,protein_hgvs_join_with_score_set,Fetch mapped-variants for the score set and reconcile VRS/genomic identity.
TP53,p.Ser166Thr,3809673,urn:mavedb:00001234-c-1,Scores from arrayed yeast-based assay of TP53 BAX promoter,protein_hgvs_join_with_score_set,Fetch mapped-variants for the score set and reconcile VRS/genomic identity.
TP53,p.Ser183Pro,3328150,urn:mavedb:00001234-c-1,Scores from arrayed yeast-based assay of TP53 BAX promoter,protein_hgvs_join_with_score_set,Fetch mapped-variants for the score set and reconcile VRS/genomic identity.
TP53,p.Ser185Arg,1748280,urn:mavedb:00001234-c-1,Scores from arrayed yeast-based assay of TP53 BAX promoter,protein_hgvs_join_with_score_set,Fetch mapped-variants for the score set and reconcile VRS/genomic identity.
TP53,p.Ser185Asn,141359,urn:mavedb:00001234-c-1,Scores from arrayed yeast-based assay of TP53 BAX promoter,protein_hgvs_join_with_score_set,Fetch mapped-variants for the score set and reconcile VRS/genomic identity.
TP53,p.Ser240Asn,2502882,urn:mavedb:00001234-c-1,Scores from arrayed yeast-based assay of TP53 BAX promoter,protein_hgvs_join_with_score_set,Fetch mapped-variants for the score set and reconcile VRS/genomic identity.
TP53,p.Ser240Cys,3972460,urn:mavedb:00001234-c-1,Scores from arrayed yeast-based assay of TP53 BAX promoter,protein_hgvs_join_with_score_set,Fetch mapped-variants for the score set and reconcile VRS/genomic identity.
TP53,p.Ser240Gly,584921,urn:mavedb:00001234-c-1,Scores from arrayed yeast-based assay of TP53 BAX promoter,protein_hgvs_join_with_score_set,Fetch mapped-variants for the score set and reconcile VRS/genomic identity.
TP53,p.Ser241Ala,376665,urn:mavedb:00001234-c-1,Scores from arrayed yeast-based assay of TP53 BAX promoter,protein_hgvs_join_with_score_set,Fetch mapped-variants for the score set and reconcile VRS/genomic identity.
TP53,p.Ser241Cys,177791,urn:mavedb:00001234-c-1,Scores from arrayed yeast-based assay of TP53 BAX promoter,protein_hgvs_join_with_score_set,Fetch mapped-variants for the score set and reconcile VRS/genomic identity.
TP53,p.Ser241Phe,12359,urn:mavedb:00001234-c-1,Scores from arrayed yeast-based assay of TP53 BAX promoter,protein_hgvs_join_with_score_set,Fetch mapped-variants for the score set and reconcile VRS/genomic identity.
TP53,p.Ser241Thr,959232,urn:mavedb:00001234-c-1,Scores from arrayed yeast-based assay of TP53 BAX promoter,protein_hgvs_join_with_score_set,Fetch mapped-variants for the score set and reconcile VRS/genomic identity.
TP53,p.Ser241Tyr,376663,urn:mavedb:00001234-c-1,Scores from arrayed yeast-based assay of TP53 BAX promoter,protein_hgvs_join_with_score_set,Fetch mapped-variants for the score set and reconcile VRS/genomic identity.
TP53,p.Ser260Tyr,231033,urn:mavedb:00001234-c-1,Scores from arrayed yeast-based assay of TP53 BAX promoter,protein_hgvs_join_with_score_set,Fetch mapped-variants for the score set and reconcile VRS/genomic identity.
TP53,p.Ser269Cys,2575177,urn:mavedb:00001234-c-1,Scores from arrayed yeast-based assay of TP53 BAX promoter,protein_hgvs_join_with_score_set,Fetch mapped-variants for the score set and reconcile VRS/genomic identity.
TP53,p.Ser269Ile,2575169,urn:mavedb:00001234-c-1,Scores from arrayed yeast-based assay of TP53 BAX promoter,protein_hgvs_join_with_score_set,Fetch mapped-variants for the score set and reconcile VRS/genomic identity.
TP53,p.Ser303Gly,142332,urn:mavedb:00001234-c-1,Scores from arrayed yeast-based assay of TP53 BAX promoter,protein_hgvs_join_with_score_set,Fetch mapped-variants for the score set and reconcile VRS/genomic identity.
TP53,p.Ser313Asn,2450750,urn:mavedb:00001234-c-1,Scores from arrayed yeast-based assay of TP53 BAX promoter,protein_hgvs_join_with_score_set,Fetch mapped-variants for the score set and reconcile VRS/genomic identity.
TP53,p.Ser315Thr,185212,urn:mavedb:00001234-c-1,Scores from arrayed yeast-based assay of TP53 BAX promoter,protein_hgvs_join_with_score_set,Fetch mapped-variants for the score set and reconcile VRS/genomic identity.
TP53,p.Ser366Ala,135360,urn:mavedb:00001234-c-1,Scores from arrayed yeast-based assay of TP53 BAX promoter,protein_hgvs_join_with_score_set,Fetch mapped-variants for the score set and reconcile VRS/genomic identity.
TP53,p.Ser378Thr,3972449,urn:mavedb:00001234-c-1,Scores from arrayed yeast-based assay of TP53 BAX promoter,protein_hgvs_join_with_score_set,Fetch mapped-variants for the score set and reconcile VRS/genomic identity.
TP53,p.Ser94Ala,3460308,urn:mavedb:00001234-c-1,Scores from arrayed yeast-based assay of TP53 BAX promoter,protein_hgvs_join_with_score_set,Fetch mapped-variants for the score set and reconcile VRS/genomic identity.
TP53,p.Ser94Leu,1796426,urn:mavedb:00001234-c-1,Scores from arrayed yeast-based assay of TP53 BAX promoter,protein_hgvs_join_with_score_set,Fetch mapped-variants for the score set and reconcile VRS/genomic identity.
TP53,p.Ser95Thr,4189261,urn:mavedb:00001234-c-1,Scores from arrayed yeast-based assay of TP53 BAX promoter,protein_hgvs_join_with_score_set,Fetch mapped-variants for the score set and reconcile VRS/genomic identity.
TP53,p.Thr118Ile,419837,urn:mavedb:00001234-c-1,Scores from arrayed yeast-based assay of TP53 BAX promoter,protein_hgvs_join_with_score_set,Fetch mapped-variants for the score set and reconcile VRS/genomic identity.
TP53,p.Thr125Arg,376667,urn:mavedb:00001234-c-1,Scores from arrayed yeast-based assay of TP53 BAX promoter,protein_hgvs_join_with_score_set,Fetch mapped-variants for the score set and reconcile VRS/genomic identity.
TP53,p.Thr125Lys,216465,urn:mavedb:00001234-c-1,Scores from arrayed yeast-based assay of TP53 BAX promoter,protein_hgvs_join_with_score_set,Fetch mapped-variants for the score set and reconcile VRS/genomic identity.
TP53,p.Thr155Asn,406564,urn:mavedb:00001234-c-1,Scores from arrayed yeast-based assay of TP53 BAX promoter,protein_hgvs_join_with_score_set,Fetch mapped-variants for the score set and reconcile VRS/genomic identity.
TP53,p.Thr170Met,184014,urn:mavedb:00001234-c-1,Scores from arrayed yeast-based assay of TP53 BAX promoter,protein_hgvs_join_with_score_set,Fetch mapped-variants for the score set and reconcile VRS/genomic identity.
TP53,p.Thr253Ala,827132,urn:mavedb:00001234-c-1,Scores from arrayed yeast-based assay of TP53 BAX promoter,protein_hgvs_join_with_score_set,Fetch mapped-variants for the score set and reconcile VRS/genomic identity.
TP53,p.Thr284Ile,216471,urn:mavedb:00001234-c-1,Scores from arrayed yeast-based assay of TP53 BAX promoter,protein_hgvs_join_with_score_set,Fetch mapped-variants for the score set and reconcile VRS/genomic identity.
TP53,p.Thr312Asn,1766672,urn:mavedb:00001234-c-1,Scores from arrayed yeast-based assay of TP53 BAX promoter,protein_hgvs_join_with_score_set,Fetch mapped-variants for the score set and reconcile VRS/genomic identity.
TP53,p.Thr312Ser,141102,urn:mavedb:00001234-c-1,Scores from arrayed yeast-based assay of TP53 BAX promoter,protein_hgvs_join_with_score_set,Fetch mapped-variants for the score set and reconcile VRS/genomic identity.
TP53,p.Thr387Pro,2585882,urn:mavedb:00001234-c-1,Scores from arrayed yeast-based assay of TP53 BAX promoter,protein_hgvs_join_with_score_set,Fetch mapped-variants for the score set and reconcile VRS/genomic identity.
TP53,p.Tyr107His,140786,urn:mavedb:00001234-c-1,Scores from arrayed yeast-based assay of TP53 BAX promoter,protein_hgvs_join_with_score_set,Fetch mapped-variants for the score set and reconcile VRS/genomic identity.
TP53,p.Tyr163Cys,127814,urn:mavedb:00001234-c-1,Scores from arrayed yeast-based assay of TP53 BAX promoter,protein_hgvs_join_with_score_set,Fetch mapped-variants for the score set and reconcile VRS/genomic identity.
TP53,p.Tyr163His,376680,urn:mavedb:00001234-c-1,Scores from arrayed yeast-based assay of TP53 BAX promoter,protein_hgvs_join_with_score_set,Fetch mapped-variants for the score set and reconcile VRS/genomic identity.
TP53,p.Tyr205Asp,376686,urn:mavedb:00001234-c-1,Scores from arrayed yeast-based assay of TP53 BAX promoter,protein_hgvs_join_with_score_set,Fetch mapped-variants for the score set and reconcile VRS/genomic identity.
TP53,p.Tyr205Cys,376681,urn:mavedb:00001234-c-1,Scores from arrayed yeast-based assay of TP53 BAX promoter,protein_hgvs_join_with_score_set,Fetch mapped-variants for the score set and reconcile VRS/genomic identity.
TP53,p.Tyr205His,376685,urn:mavedb:00001234-c-1,Scores from arrayed yeast-based assay of TP53 BAX promoter,protein_hgvs_join_with_score_set,Fetch mapped-variants for the score set and reconcile VRS/genomic identity.
TP53,p.Tyr220Cys,127819,urn:mavedb:00001234-c-1,Scores from arrayed yeast-based assay of TP53 BAX promoter,protein_hgvs_join_with_score_set,Fetch mapped-variants for the score set and reconcile VRS/genomic identity.
TP53,p.Tyr220His,376687,urn:mavedb:00001234-c-1,Scores from arrayed yeast-based assay of TP53 BAX promoter,protein_hgvs_join_with_score_set,Fetch mapped-variants for the score set and reconcile VRS/genomic identity.
TP53,p.Tyr220Ser,12383,urn:mavedb:00001234-c-1,Scores from arrayed yeast-based assay of TP53 BAX promoter,protein_hgvs_join_with_score_set,Fetch mapped-variants for the score set and reconcile VRS/genomic identity.
TP53,p.Tyr234Asn,376692,urn:mavedb:00001234-c-1,Scores from arrayed yeast-based assay of TP53 BAX promoter,protein_hgvs_join_with_score_set,Fetch mapped-variants for the score set and reconcile VRS/genomic identity.
TP53,p.Tyr234Asp,219759,urn:mavedb:00001234-c-1,Scores from arrayed yeast-based assay of TP53 BAX promoter,protein_hgvs_join_with_score_set,Fetch mapped-variants for the score set and reconcile VRS/genomic identity.
TP53,p.Tyr234Cys,127820,urn:mavedb:00001234-c-1,Scores from arrayed yeast-based assay of TP53 BAX promoter,protein_hgvs_join_with_score_set,Fetch mapped-variants for the score set and reconcile VRS/genomic identity.
TP53,p.Tyr234His,376691,urn:mavedb:00001234-c-1,Scores from arrayed yeast-based assay of TP53 BAX promoter,protein_hgvs_join_with_score_set,Fetch mapped-variants for the score set and reconcile VRS/genomic identity.
TP53,p.Tyr236Cys,376693,urn:mavedb:00001234-c-1,Scores from arrayed yeast-based assay of TP53 BAX promoter,protein_hgvs_join_with_score_set,Fetch mapped-variants for the score set and reconcile VRS/genomic identity.
TP53,p.Tyr236His,216469,urn:mavedb:00001234-c-1,Scores from arrayed yeast-based assay of TP53 BAX promoter,protein_hgvs_join_with_score_set,Fetch mapped-variants for the score set and reconcile VRS/genomic identity.
TP53,p.Val10Ile,127806,urn:mavedb:00001234-c-1,Scores from arrayed yeast-based assay of TP53 BAX promoter,protein_hgvs_join_with_score_set,Fetch mapped-variants for the score set and reconcile VRS/genomic identity.
TP53,p.Val10Leu,231387,urn:mavedb:00001234-c-1,Scores from arrayed yeast-based assay of TP53 BAX promoter,protein_hgvs_join_with_score_set,Fetch mapped-variants for the score set and reconcile VRS/genomic identity.
TP53,p.Val122Met,141101,urn:mavedb:00001234-c-1,Scores from arrayed yeast-based assay of TP53 BAX promoter,protein_hgvs_join_with_score_set,Fetch mapped-variants for the score set and reconcile VRS/genomic identity.
TP53,p.Val143Ala,804214,urn:mavedb:00001234-c-1,Scores from arrayed yeast-based assay of TP53 BAX promoter,protein_hgvs_join_with_score_set,Fetch mapped-variants for the score set and reconcile VRS/genomic identity.
TP53,p.Val143Met,142657,urn:mavedb:00001234-c-1,Scores from arrayed yeast-based assay of TP53 BAX promoter,protein_hgvs_join_with_score_set,Fetch mapped-variants for the score set and reconcile VRS/genomic identity.
TP53,p.Val147Gly,3602769,urn:mavedb:00001234-c-1,Scores from arrayed yeast-based assay of TP53 BAX promoter,protein_hgvs_join_with_score_set,Fetch mapped-variants for the score set and reconcile VRS/genomic identity.
TP53,p.Val157Gly,915695,urn:mavedb:00001234-c-1,Scores from arrayed yeast-based assay of TP53 BAX promoter,protein_hgvs_join_with_score_set,Fetch mapped-variants for the score set and reconcile VRS/genomic identity.
TP53,p.Val157Ile,185404,urn:mavedb:00001234-c-1,Scores from arrayed yeast-based assay of TP53 BAX promoter,protein_hgvs_join_with_score_set,Fetch mapped-variants for the score set and reconcile VRS/genomic identity.
TP53,p.Val157Phe,12353,urn:mavedb:00001234-c-1,Scores from arrayed yeast-based assay of TP53 BAX promoter,protein_hgvs_join_with_score_set,Fetch mapped-variants for the score set and reconcile VRS/genomic identity.
TP53,p.Val173Ala,376017,urn:mavedb:00001234-c-1,Scores from arrayed yeast-based assay of TP53 BAX promoter,protein_hgvs_join_with_score_set,Fetch mapped-variants for the score set and reconcile VRS/genomic identity.
TP53,p.Val173Leu,376668,urn:mavedb:00001234-c-1,Scores from arrayed yeast-based assay of TP53 BAX promoter,protein_hgvs_join_with_score_set,Fetch mapped-variants for the score set and reconcile VRS/genomic identity.
TP53,p.Val173Met,233951,urn:mavedb:00001234-c-1,Scores from arrayed yeast-based assay of TP53 BAX promoter,protein_hgvs_join_with_score_set,Fetch mapped-variants for the score set and reconcile VRS/genomic identity.
TP53,p.Val197Met,188060,urn:mavedb:00001234-c-1,Scores from arrayed yeast-based assay of TP53 BAX promoter,protein_hgvs_join_with_score_set,Fetch mapped-variants for the score set and reconcile VRS/genomic identity.
TP53,p.Val216Met,182965,urn:mavedb:00001234-c-1,Scores from arrayed yeast-based assay of TP53 BAX promoter,protein_hgvs_join_with_score_set,Fetch mapped-variants for the score set and reconcile VRS/genomic identity.
TP53,p.Val218Glu,1754112,urn:mavedb:00001234-c-1,Scores from arrayed yeast-based assay of TP53 BAX promoter,protein_hgvs_join_with_score_set,Fetch mapped-variants for the score set and reconcile VRS/genomic identity.
TP53,p.Val272Leu,12358,urn:mavedb:00001234-c-1,Scores from arrayed yeast-based assay of TP53 BAX promoter,protein_hgvs_join_with_score_set,Fetch mapped-variants for the score set and reconcile VRS/genomic identity.
TP53,p.Val272Met,185814,urn:mavedb:00001234-c-1,Scores from arrayed yeast-based assay of TP53 BAX promoter,protein_hgvs_join_with_score_set,Fetch mapped-variants for the score set and reconcile VRS/genomic identity.
TP53,p.Val274Ile,3460325,urn:mavedb:00001234-c-1,Scores from arrayed yeast-based assay of TP53 BAX promoter,protein_hgvs_join_with_score_set,Fetch mapped-variants for the score set and reconcile VRS/genomic identity.
TP53,p.Val73Glu,3460312,urn:mavedb:00001234-c-1,Scores from arrayed yeast-based assay of TP53 BAX promoter,protein_hgvs_join_with_score_set,Fetch mapped-variants for the score set and reconcile VRS/genomic identity.
TP53,p.Val73Met,142386,urn:mavedb:00001234-c-1,Scores from arrayed yeast-based assay of TP53 BAX promoter,protein_hgvs_join_with_score_set,Fetch mapped-variants for the score set and reconcile VRS/genomic identity.
